iteration,vertex_id,degree_normalized,normalized_degree,dual_normalized,weighted_neighbor_dual_normalized,complement_degree_normalized,complement_dual_normalized,occurrence_rate,score_contribution
0,0,0.565217,0.510040,0.164356,0.252038,0.434783,0.753130,0.028000,0.032871
0,1,0.760870,0.546185,0.488728,0.255269,0.239130,0.728993,0.024000,0.106718
0,2,0.804348,0.554217,0.000000,0.620094,0.195652,0.397079,0.024000,0.000000
0,3,0.478261,0.493976,0.518448,0.576738,0.521739,0.406837,0.024000,0.103690
0,4,0.739130,0.542169,0.393129,0.699106,0.260870,0.293018,0.024000,0.078626
0,5,0.326087,0.465863,0.000000,0.414527,0.673913,0.601861,0.032000,0.000000
0,6,0.586957,0.514056,0.000000,0.526754,0.413043,0.490063,0.032000,0.000000
0,7,0.521739,0.502008,0.000000,0.409555,0.478261,0.606814,0.032000,0.000000
0,8,0.282609,0.457831,0.085788,0.331378,0.717391,0.679160,0.044000,0.017158
0,9,0.456522,0.489960,0.000000,0.248339,0.543478,0.767413,0.036000,0.000000
0,10,0.500000,0.497992,0.413356,0.408833,0.500000,0.580876,0.024000,0.082671
0,11,0.391304,0.477912,0.088610,0.354752,0.608696,0.655693,0.036000,0.017722
0,12,0.739130,0.542169,0.242347,0.660550,0.260870,0.341150,0.024000,0.048469
0,13,0.630435,0.522088,0.230521,0.628111,0.369565,0.374228,0.024000,0.046104
0,14,0.521739,0.502008,0.000000,0.462376,0.478261,0.554194,0.036000,0.000000
0,15,0.956522,0.582329,0.324698,0.849682,0.043478,0.147431,0.024000,0.064940
0,16,0.413043,0.481928,0.519729,0.474461,0.586957,0.508640,0.028000,0.103946
0,17,0.565217,0.510040,0.621329,0.510750,0.434783,0.465938,0.024000,0.135672
0,18,0.608696,0.518072,0.919032,0.808685,0.391304,0.149944,0.024000,0.183806
0,19,0.565217,0.510040,0.391253,0.380893,0.434783,0.610136,0.028000,0.078251
0,20,0.608696,0.518072,0.106448,0.662025,0.391304,0.348445,0.024000,0.021290
0,21,0.282609,0.457831,0.000000,0.534891,0.717391,0.481957,0.044000,0.000000
0,22,0.608696,0.518072,0.000000,0.460677,0.391304,0.555887,0.028000,0.000000
0,23,0.478261,0.493976,0.085317,0.466457,0.521739,0.544627,0.036000,0.017063
0,24,0.434783,0.485944,0.165427,0.607254,0.565217,0.399203,0.044000,0.033085
0,25,0.456522,0.489960,0.000000,0.522869,0.543478,0.493933,0.024000,0.000000
0,26,0.173913,0.437751,0.137763,0.450509,0.826087,0.557133,0.056000,0.027553
0,27,0.608696,0.518072,0.690425,0.457138,0.391304,0.514889,0.024000,0.138085
0,28,0.565217,0.510040,0.109798,0.374112,0.434783,0.635041,0.024000,0.021960
0,29,0.326087,0.465863,0.014787,0.357966,0.673913,0.657252,0.028000,0.002957
0,30,0.543478,0.506024,0.000000,0.410705,0.456522,0.605668,0.040000,0.000000
0,31,0.413043,0.481928,0.000000,0.179721,0.586957,0.835769,0.024000,0.000000
0,32,0.521739,0.502008,0.000000,0.335775,0.478261,0.680312,0.024000,0.000000
0,33,0.478261,0.493976,0.486637,0.539726,0.521739,0.445759,0.040000,0.097327
0,34,0.456522,0.489960,0.473403,0.399307,0.543478,0.586494,0.024000,0.094681
0,35,0.500000,0.497992,0.000000,0.727323,0.500000,0.290261,0.036000,0.000000
0,36,0.652174,0.526104,0.277251,0.652997,0.347826,0.346424,0.028000,0.055450
0,37,0.369565,0.473896,0.645042,0.378189,0.630435,0.596462,0.024000,0.129008
0,38,0.521739,0.502008,0.261654,0.486149,0.478261,0.513640,0.032000,0.052331
0,39,0.695652,0.534137,0.448734,0.508397,0.304348,0.479412,0.024000,0.089747
0,40,0.586957,0.514056,0.098801,0.399912,0.413043,0.610048,0.024000,0.019760
0,41,0.543478,0.506024,0.000000,0.808441,0.456522,0.209453,0.028000,0.000000
0,42,0.500000,0.497992,0.501690,0.474003,0.500000,0.510260,0.024000,0.100338
0,43,0.782609,0.550201,0.503126,0.695790,0.217391,0.289227,0.024000,0.100625
0,44,0.434783,0.485944,0.000000,0.239549,0.565217,0.776170,0.036000,0.000000
0,45,0.652174,0.526104,0.103245,0.541924,0.347826,0.468293,0.024000,0.020649
0,46,0.586957,0.514056,0.000000,0.463615,0.413043,0.552961,0.028000,0.000000
0,47,0.630435,0.522088,0.627730,0.679082,0.369565,0.297837,0.028000,0.125546
0,48,0.673913,0.530120,0.438063,0.580690,0.326087,0.408084,0.028000,0.087613
0,49,0.500000,0.497992,0.000000,0.556778,0.500000,0.460154,0.028000,0.000000
0,50,0.630435,0.522088,0.398685,0.531646,0.369565,0.459480,0.024000,0.079737
0,51,0.391304,0.477912,0.000000,0.499183,0.608696,0.517529,0.040000,0.000000
0,52,0.760870,0.546185,0.629722,0.625142,0.239130,0.351442,0.024000,0.125944
0,53,0.326087,0.465863,0.454016,0.385601,0.673913,0.601398,0.032000,0.090803
0,54,0.304348,0.461847,0.136279,0.218405,0.695652,0.788445,0.036000,0.027256
0,55,0.543478,0.506024,0.417568,0.573147,0.456522,0.416919,0.028000,0.083514
0,56,0.565217,0.510040,0.491879,0.576314,0.434783,0.408972,0.024000,0.098376
0,57,0.500000,0.497992,0.053872,0.822112,0.500000,0.192360,0.032000,0.010774
0,58,0.456522,0.489960,0.439343,0.380624,0.543478,0.607302,0.032000,0.087869
0,59,0.304348,0.461847,0.000000,0.433163,0.695652,0.583296,0.032000,0.000000
0,60,0.304348,0.461847,0.007543,0.379772,0.695652,0.635997,0.068000,0.001509
0,61,0.891304,0.570281,0.160597,0.835228,0.108696,0.172412,0.024000,0.032119
0,62,0.456522,0.489960,0.062105,0.812557,0.543478,0.201348,0.024000,0.012421
0,63,0.195652,0.441767,0.000000,0.206849,0.804348,0.808745,0.064000,0.000000
0,64,0.260870,0.453815,0.124765,0.508035,0.739130,0.500664,0.040000,0.024953
0,65,0.304348,0.461847,0.000000,0.381373,0.695652,0.634888,0.036000,0.000000
0,66,0.543478,0.506024,0.000000,0.504016,0.456522,0.512714,0.028000,0.000000
0,67,0.543478,0.506024,0.199636,0.534678,0.456522,0.469296,0.024000,0.039927
0,68,0.586957,0.514056,0.613705,0.585778,0.413043,0.391688,0.024000,0.122741
0,69,0.521739,0.502008,0.000000,0.337767,0.478261,0.678327,0.028000,0.000000
0,70,0.608696,0.518072,0.000000,0.524310,0.391304,0.492498,0.024000,0.000000
0,71,0.521739,0.502008,0.317595,0.433625,0.478261,0.562355,0.024000,0.063519
0,72,0.434783,0.485944,0.000000,0.469481,0.565217,0.547116,0.040000,0.000000
0,73,0.586957,0.514056,0.238745,0.560680,0.413043,0.440871,0.032000,0.047749
0,74,0.630435,0.522088,0.307934,0.624897,0.369565,0.372438,0.024000,0.061587
0,75,0.913043,0.574297,0.288835,1.000000,0.086957,0.000000,0.024000,0.057767
0,76,0.565217,0.510040,0.000000,0.746100,0.434783,0.271556,0.036000,0.000000
0,77,0.847826,0.562249,0.103948,0.712819,0.152174,0.298006,0.028000,0.020790
0,78,0.652174,0.526104,0.229499,0.454330,0.347826,0.547410,0.028000,0.045900
0,79,0.586957,0.514056,1.000000,0.763940,0.413043,0.189297,0.024000,0.200000
0,80,0.347826,0.469880,0.278977,0.482726,0.652174,0.515932,0.040000,0.055795
0,81,0.652174,0.526104,0.306471,0.545004,0.347826,0.452120,0.024000,0.061294
0,82,0.434783,0.485944,0.156939,0.515623,0.565217,0.491031,0.028000,0.031388
0,83,0.695652,0.534137,0.384591,0.809257,0.304348,0.183839,0.024000,0.076918
0,84,0.369565,0.473896,0.059614,0.272899,0.630435,0.739103,0.028000,0.011923
0,85,0.934783,0.578313,0.227552,0.709653,0.065217,0.293189,0.024000,0.045510
0,86,0.239130,0.449799,0.000000,0.339743,0.760870,0.676359,0.052000,0.000000
0,87,0.673913,0.530120,0.914173,0.625973,0.326087,0.332270,0.024000,0.182835
0,88,0.608696,0.518072,0.603523,0.837056,0.391304,0.142028,0.028000,0.120705
0,89,0.195652,0.441767,0.000000,0.381094,0.804348,0.635166,0.080000,0.000000
0,90,0.239130,0.449799,0.185592,0.464209,0.760870,0.540400,0.044000,0.037118
0,91,0.456522,0.489960,0.343668,0.511180,0.543478,0.483415,0.024000,0.068734
0,92,0.543478,0.506024,0.002312,0.598765,0.456522,0.418179,0.032000,0.000462
0,93,0.695652,0.534137,0.000000,0.634520,0.304348,0.382709,0.024000,0.000000
0,94,0.478261,0.493976,0.153068,0.220532,0.521739,0.785243,0.028000,0.030614
0,95,0.586957,0.514056,0.000000,0.460205,0.413043,0.556358,0.032000,0.000000
0,96,0.543478,0.506024,0.394395,0.519059,0.456522,0.472295,0.024000,0.078879
0,97,0.500000,0.497992,0.205477,0.493350,0.500000,0.510088,0.024000,0.041095
0,98,0.543478,0.506024,0.703792,0.531650,0.456522,0.439799,0.024000,0.140758
0,99,0.652174,0.526104,0.729912,0.768243,0.347826,0.202427,0.024000,0.145982
0,100,0.543478,0.506024,0.000000,0.615818,0.456522,0.401340,0.028000,0.000000
0,101,0.586957,0.514056,0.438686,0.526815,0.413043,0.461712,0.024000,0.087737
0,102,0.413043,0.481928,0.000000,0.395562,0.586957,0.620753,0.036000,0.000000
0,103,0.913043,0.574297,0.000000,0.896097,0.086957,0.122132,0.024000,0.000000
0,104,0.413043,0.481928,0.000000,0.286721,0.586957,0.729178,0.032000,0.000000
0,105,0.173913,0.437751,0.342941,0.128105,0.826087,0.865072,0.048000,0.068588
0,106,0.586957,0.514056,0.127487,0.226162,0.413043,0.781284,0.028000,0.025497
0,107,0.347826,0.469880,0.030792,0.310655,0.652174,0.703350,0.048000,0.006158
0,108,0.434783,0.485944,0.008093,0.411680,0.565217,0.604175,0.024000,0.001619
0,109,0.347826,0.469880,0.000000,0.581655,0.652174,0.435371,0.052000,0.000000
0,110,0.869565,0.566265,0.425413,0.625785,0.130435,0.363977,0.028000,0.085083
0,111,0.521739,0.502008,0.129841,0.442582,0.478261,0.565540,0.028000,0.025968
0,112,0.565217,0.510040,0.050469,0.371097,0.434783,0.641871,0.024000,0.010094
0,113,0.608696,0.518072,0.513504,0.435390,0.391304,0.547963,0.024000,0.102701
0,114,0.608696,0.518072,0.117812,0.643520,0.391304,0.366145,0.028000,0.023562
0,115,0.369565,0.473896,0.473938,0.595781,0.630435,0.390737,0.032000,0.094788
0,116,0.478261,0.493976,0.000000,0.488567,0.521739,0.528104,0.028000,0.000000
0,117,1.000000,0.590361,0.430680,0.891067,0.000000,0.099370,0.024000,0.086136
0,118,0.434783,0.485944,0.315144,0.368760,0.565217,0.627130,0.024000,0.063029
0,119,0.282609,0.457831,0.218810,0.558070,0.717391,0.444756,0.040000,0.043762
0,120,0.347826,0.469880,0.184125,0.249978,0.652174,0.753907,0.028000,0.036825
0,121,0.804348,0.554217,0.444441,0.843389,0.195652,0.145978,0.024000,0.088888
0,122,0.586957,0.514056,0.470461,0.294222,0.413043,0.691367,0.024000,0.094092
0,123,0.413043,0.481928,0.455345,0.298244,0.586957,0.688336,0.032000,0.091069
0,124,0.760870,0.546185,0.266703,0.545960,0.239130,0.453731,0.028000,0.053341
0,125,0.478261,0.493976,0.221168,0.470924,0.521739,0.531416,0.028000,0.044234
0,126,0.695652,0.534137,0.011382,0.624251,0.304348,0.392205,0.032000,0.002276
0,127,0.608696,0.518072,0.117534,0.569121,0.391304,0.440278,0.024000,0.023507
0,128,0.456522,0.489960,0.198303,0.503889,0.543478,0.500052,0.024000,0.039661
0,129,0.543478,0.506024,0.000000,0.302858,0.456522,0.713103,0.024000,0.000000
0,130,0.478261,0.493976,0.063436,0.452161,0.521739,0.560280,0.024000,0.012687
0,131,0.500000,0.497992,0.000000,0.391683,0.500000,0.624618,0.036000,0.000000
0,132,0.695652,0.534137,0.977229,0.711861,0.304348,0.242645,0.024000,0.213385
0,133,0.000000,0.405622,0.000000,0.275419,1.000000,0.740437,0.068000,0.000000
0,134,0.586957,0.514056,0.702244,0.658587,0.413043,0.313448,0.024000,0.140449
0,135,0.369565,0.473896,0.160168,0.242259,0.630435,0.763141,0.048000,0.032034
0,136,0.543478,0.506024,0.293486,0.454201,0.456522,0.543412,0.036000,0.058697
0,137,0.826087,0.558233,0.058086,0.749059,0.173913,0.264862,0.024000,0.011617
0,138,0.652174,0.526104,0.164335,0.477368,0.347826,0.528663,0.028000,0.032867
0,139,0.217391,0.445783,0.000000,0.303180,0.782609,0.712782,0.044000,0.000000
0,140,0.347826,0.469880,0.257038,0.548226,0.652174,0.452098,0.032000,0.051408
0,141,0.413043,0.481928,0.084036,0.275106,0.586957,0.735329,0.032000,0.016807
0,142,0.391304,0.477912,0.183043,0.625901,0.608696,0.379491,0.028000,0.036609
0,143,0.543478,0.506024,0.157066,0.739237,0.456522,0.268263,0.028000,0.031413
0,144,0.586957,0.514056,0.314760,0.659223,0.413043,0.337802,0.028000,0.062952
0,145,0.260870,0.453815,0.242557,0.432405,0.739130,0.568409,0.056000,0.048511
0,146,0.217391,0.445783,0.183136,0.264627,0.782609,0.739378,0.052000,0.036627
0,147,0.608696,0.518072,0.402278,0.502905,0.391304,0.487879,0.028000,0.080456
0,148,0.326087,0.465863,0.000000,0.123781,0.673913,0.891495,0.044000,0.000000
0,149,0.347826,0.469880,0.000000,0.363759,0.652174,0.652435,0.028000,0.000000
0,150,0.543478,0.506024,0.112988,0.237481,0.456522,0.770944,0.024000,0.022598
0,151,0.760870,0.546185,0.327329,0.692379,0.239130,0.303963,0.024000,0.065466
0,152,0.391304,0.477912,0.000000,0.424506,0.608696,0.591920,0.036000,0.000000
0,153,0.565217,0.510040,0.053795,0.601588,0.434783,0.412046,0.032000,0.010759
0,154,0.391304,0.477912,0.137791,0.290821,0.608696,0.716208,0.044000,0.027558
0,155,0.500000,0.497992,0.376603,0.556853,0.500000,0.435793,0.032000,0.075321
0,156,0.673913,0.530120,0.458540,0.602773,0.326087,0.384765,0.024000,0.091708
0,157,0.260870,0.453815,0.000000,0.446426,0.739130,0.570083,0.048000,0.000000
0,158,0.739130,0.542169,0.430550,0.764476,0.260870,0.225485,0.024000,0.086110
0,159,0.695652,0.534137,0.878123,0.641292,0.304348,0.319335,0.024000,0.175625
0,160,0.239130,0.449799,0.000000,0.317881,0.760870,0.698137,0.056000,0.000000
0,161,0.369565,0.473896,0.005011,0.616989,0.630435,0.399850,0.040000,0.001002
0,162,0.391304,0.477912,0.509396,0.755885,0.608696,0.228958,0.028000,0.101879
0,163,0.391304,0.477912,0.000000,0.345287,0.608696,0.670836,0.032000,0.000000
0,164,0.652174,0.526104,0.000000,0.641350,0.347826,0.375905,0.032000,0.000000
0,165,0.434783,0.485944,0.072530,0.351117,0.565217,0.660351,0.024000,0.014506
0,166,0.543478,0.506024,0.043771,0.603876,0.456522,0.410413,0.028000,0.008754
0,167,0.326087,0.465863,0.414369,0.707332,0.673913,0.283454,0.028000,0.082874
0,168,0.456522,0.489960,0.099833,0.510160,0.543478,0.500156,0.032000,0.019967
0,169,0.565217,0.510040,0.000000,0.547272,0.434783,0.469623,0.024000,0.000000
0,170,0.434783,0.485944,0.297531,0.478047,0.565217,0.519397,0.040000,0.059506
0,171,0.826087,0.558233,0.913568,0.827002,0.173913,0.132049,0.024000,0.182714
0,172,0.826087,0.558233,0.000000,0.418834,0.173913,0.597570,0.024000,0.000000
0,173,0.478261,0.493976,0.290168,0.507109,0.521739,0.490920,0.032000,0.063360
0,174,0.456522,0.489960,0.606487,0.528087,0.543478,0.449624,0.028000,0.121297
0,175,0.478261,0.493976,0.445626,0.493435,0.521739,0.494517,0.028000,0.089125
0,176,0.521739,0.502008,0.220137,0.337753,0.478261,0.664145,0.024000,0.044027
0,177,0.521739,0.502008,0.154005,0.367433,0.478261,0.638843,0.032000,0.030801
0,178,0.695652,0.534137,0.528206,0.774015,0.304348,0.209684,0.028000,0.105641
0,179,0.739130,0.542169,0.924882,0.900509,0.260870,0.058093,0.024000,0.184976
0,180,0.369565,0.473896,0.000000,0.458833,0.630435,0.557724,0.032000,0.000000
0,181,0.391304,0.477912,0.000000,0.260396,0.608696,0.755403,0.036000,0.000000
0,182,0.326087,0.465863,0.000000,0.356176,0.673913,0.659989,0.048000,0.000000
0,183,0.652174,0.526104,0.212110,0.685613,0.347826,0.318133,0.024000,0.042422
0,184,0.500000,0.497992,0.000000,0.279192,0.500000,0.736679,0.028000,0.000000
0,185,0.521739,0.502008,0.183186,0.455266,0.478261,0.549465,0.032000,0.036637
0,186,0.434783,0.485944,0.472394,0.605838,0.565217,0.380818,0.024000,0.094479
0,187,0.586957,0.514056,0.000000,0.612239,0.413043,0.404905,0.028000,0.000000
0,188,0.913043,0.574297,0.367406,0.669705,0.086957,0.323966,0.024000,0.073481
0,189,0.673913,0.530120,0.423061,0.671223,0.326087,0.318864,0.024000,0.084612
0,190,0.673913,0.530120,0.000000,0.349507,0.326087,0.666632,0.024000,0.000000
0,191,0.543478,0.506024,0.419176,0.760557,0.456522,0.230122,0.028000,0.083835
0,192,0.695652,0.534137,0.468081,0.494250,0.304348,0.492257,0.024000,0.093616
0,193,0.543478,0.506024,0.000000,0.436366,0.456522,0.580105,0.036000,0.000000
0,194,0.478261,0.493976,0.190715,0.288198,0.521739,0.715409,0.028000,0.038143
0,195,0.760870,0.546185,0.345114,0.662902,0.239130,0.332179,0.024000,0.069023
0,196,0.543478,0.506024,0.000000,0.278278,0.456522,0.737589,0.028000,0.000000
0,197,0.739130,0.542169,0.227927,0.799938,0.260870,0.203225,0.024000,0.045585
0,198,0.826087,0.558233,0.600406,0.524590,0.173913,0.453500,0.024000,0.120081
0,199,0.934783,0.578313,0.395311,0.716564,0.065217,0.275486,0.024000,0.079062
0,200,0.456522,0.489960,0.000000,0.366894,0.543478,0.649312,0.032000,0.000000
0,201,0.326087,0.465863,0.504055,0.327794,0.673913,0.655757,0.032000,0.110064
0,202,0.521739,0.502008,0.512148,0.720921,0.478261,0.263611,0.024000,0.102430
0,203,0.478261,0.493976,0.783259,0.642267,0.521739,0.324481,0.024000,0.156652
0,204,0.717391,0.538153,0.000000,0.498371,0.282609,0.518337,0.024000,0.000000
0,205,0.500000,0.497992,0.798288,0.489377,0.500000,0.475817,0.024000,0.159658
0,206,0.434783,0.485944,0.148949,0.267945,0.565217,0.738277,0.028000,0.029790
0,207,0.760870,0.546185,0.000000,0.714122,0.239130,0.303411,0.024000,0.000000
0,208,0.456522,0.489960,0.295946,0.606292,0.543478,0.391744,0.028000,0.059189
0,209,0.565217,0.510040,0.808476,0.635430,0.434783,0.329666,0.024000,0.161695
0,210,0.565217,0.510040,0.443300,0.497756,0.434783,0.490362,0.024000,0.088660
0,211,0.608696,0.518072,0.557725,0.566832,0.391304,0.414172,0.028000,0.111545
0,212,0.739130,0.542169,0.263958,0.794135,0.260870,0.206682,0.024000,0.052792
0,213,0.760870,0.546185,0.118207,0.843369,0.239130,0.167035,0.024000,0.023641
0,214,0.282609,0.457831,0.042916,0.391880,0.717391,0.621653,0.048000,0.008583
0,215,0.652174,0.526104,0.433325,0.661506,0.347826,0.327882,0.024000,0.086665
0,216,0.652174,0.526104,0.438590,0.533400,0.347826,0.455159,0.024000,0.087718
0,217,0.413043,0.481928,0.340167,0.355493,0.586957,0.638732,0.028000,0.068033
0,218,0.630435,0.522088,0.180882,0.693489,0.369565,0.312301,0.028000,0.036176
0,219,0.608696,0.518072,0.103136,0.549601,0.391304,0.460652,0.024000,0.020627
0,220,0.434783,0.485944,0.000000,0.531548,0.565217,0.485287,0.040000,0.000000
0,221,0.521739,0.502008,0.057843,0.263919,0.478261,0.748163,0.024000,0.011569
0,222,0.608696,0.518072,0.383275,0.486541,0.391304,0.505406,0.024000,0.076655
0,223,0.630435,0.522088,0.117771,0.617283,0.369565,0.392285,0.028000,0.023554
0,224,0.717391,0.538153,0.656206,0.534593,0.282609,0.439937,0.024000,0.131241
0,225,0.282609,0.457831,0.229548,0.000000,0.717391,1.000000,0.032000,0.045910
0,226,0.304348,0.461847,0.000000,0.298962,0.695652,0.716984,0.040000,0.000000
0,227,0.565217,0.510040,0.000000,0.521006,0.434783,0.495788,0.028000,0.000000
0,228,0.586957,0.514056,0.830014,0.738196,0.413043,0.225904,0.024000,0.166003
0,229,0.804348,0.554217,0.693772,0.760092,0.195652,0.212877,0.024000,0.138754
0,230,0.369565,0.473896,0.592340,0.592263,0.630435,0.386606,0.028000,0.118468
0,231,0.413043,0.481928,0.091124,0.383912,0.586957,0.626482,0.036000,0.018225
0,232,0.695652,0.534137,0.000000,0.673160,0.304348,0.344216,0.036000,0.000000
0,233,0.326087,0.465863,0.000000,0.399852,0.673913,0.616480,0.028000,0.000000
0,234,0.478261,0.493976,0.034300,0.387297,0.521739,0.626774,0.024000,0.006860
0,235,0.565217,0.510040,0.112656,0.570861,0.434783,0.438859,0.024000,0.022531
0,236,0.173913,0.437751,0.000000,0.460391,0.826087,0.556172,0.068000,0.000000
0,237,0.804348,0.554217,0.667218,0.582411,0.195652,0.391591,0.024000,0.145692
0,238,0.478261,0.493976,0.000000,0.455656,0.521739,0.560889,0.028000,0.000000
0,239,0.413043,0.481928,0.411658,0.550586,0.586957,0.439775,0.032000,0.082332
0,240,0.304348,0.461847,0.483091,0.317214,0.695652,0.667648,0.032000,0.105487
0,241,0.456522,0.489960,0.000000,0.583866,0.543478,0.433169,0.036000,0.000000
0,242,0.673913,0.530120,0.887103,0.926233,0.326087,0.034904,0.024000,0.177421
0,243,0.347826,0.469880,0.346335,0.614115,0.652174,0.380701,0.036000,0.069267
0,244,0.695652,0.534137,0.095066,0.621830,0.304348,0.389220,0.032000,0.019013
0,245,0.369565,0.473896,0.008780,0.455624,0.630435,0.560355,0.036000,0.001756
0,246,0.478261,0.493976,0.547821,0.351174,0.521739,0.629644,0.024000,0.119621
0,247,0.652174,0.526104,0.135607,0.577833,0.347826,0.430434,0.028000,0.027121
0,248,0.434783,0.485944,0.552146,0.416455,0.565217,0.564334,0.024000,0.110429
0,249,0.369565,0.473896,0.000000,0.347686,0.630435,0.668447,0.032000,0.000000
1,0,0.565217,0.510040,0.202715,0.363128,0.434783,0.646553,0.027888,0.040543
1,1,0.760870,0.546185,0.000000,0.321223,0.239130,0.702030,0.027888,0.000000
1,2,0.804348,0.554217,0.030450,0.549127,0.195652,0.476744,0.023904,0.006090
1,3,0.478261,0.493976,0.467459,0.561895,0.521739,0.433086,0.023904,0.093492
1,4,0.739130,0.542169,0.329538,0.677943,0.260870,0.329309,0.023904,0.065908
1,5,0.326087,0.465863,0.012223,0.372556,0.673913,0.650904,0.031873,0.002445
1,6,0.586957,0.514056,0.000000,0.662747,0.413043,0.367681,0.031873,0.000000
1,7,0.521739,0.502008,0.168194,0.407322,0.478261,0.605748,0.031873,0.033639
1,8,0.282609,0.457831,0.038180,0.254204,0.717391,0.764920,0.043825,0.007636
1,9,0.456522,0.489960,0.176398,0.308228,0.543478,0.702176,0.035857,0.035280
1,10,0.500000,0.497992,0.296326,0.322475,0.500000,0.679678,0.023904,0.059265
1,11,0.391304,0.477912,0.259403,0.433888,0.608696,0.573237,0.035857,0.051881
1,12,0.739130,0.542169,0.199907,0.717567,0.260870,0.299760,0.023904,0.039981
1,13,0.630435,0.522088,0.051682,0.572083,0.369565,0.452755,0.023904,0.010336
1,14,0.521739,0.502008,0.000000,0.538147,0.478261,0.489664,0.035857,0.000000
1,15,0.956522,0.582329,0.526139,1.000000,0.043478,0.000000,0.023904,0.105228
1,16,0.413043,0.481928,0.461254,0.459025,0.586957,0.534237,0.027888,0.092251
1,17,0.565217,0.510040,0.031617,0.354338,0.434783,0.667357,0.027888,0.006323
1,18,0.608696,0.518072,0.683290,0.598652,0.391304,0.381713,0.023904,0.136658
1,19,0.565217,0.510040,0.101154,0.360590,0.434783,0.656279,0.027888,0.020231
1,20,0.608696,0.518072,0.114864,0.545530,0.391304,0.474246,0.023904,0.022973
1,21,0.282609,0.457831,0.000000,0.351508,0.717391,0.672381,0.043825,0.000000
1,22,0.608696,0.518072,0.123462,0.565122,0.391304,0.454453,0.027888,0.024692
1,23,0.478261,0.493976,0.081071,0.406279,0.521739,0.612981,0.035857,0.016214
1,24,0.434783,0.485944,0.133134,0.615977,0.565217,0.403977,0.043825,0.026627
1,25,0.456522,0.489960,0.000000,0.469978,0.543478,0.556400,0.023904,0.000000
1,26,0.173913,0.437751,0.000000,0.319661,0.826087,0.703559,0.055777,0.000000
1,27,0.608696,0.518072,0.520310,0.462589,0.391304,0.526537,0.023904,0.104062
1,28,0.565217,0.510040,0.153632,0.401617,0.434783,0.612372,0.023904,0.030726
1,29,0.326087,0.465863,0.000000,0.188398,0.673913,0.832066,0.027888,0.000000
1,30,0.543478,0.506024,0.101326,0.397420,0.456522,0.620210,0.039841,0.020265
1,31,0.413043,0.481928,0.000000,0.273048,0.586957,0.749194,0.023904,0.000000
1,32,0.521739,0.502008,0.030875,0.433150,0.478261,0.590253,0.023904,0.006175
1,33,0.478261,0.493976,0.351410,0.424205,0.521739,0.576158,0.039841,0.070282
1,34,0.456522,0.489960,0.137455,0.276973,0.543478,0.735551,0.023904,0.027491
1,35,0.500000,0.497992,0.000000,0.572627,0.500000,0.455908,0.035857,0.000000
1,36,0.652174,0.526104,0.000000,0.601891,0.347826,0.427258,0.027888,0.000000
1,37,0.369565,0.473896,0.509491,0.445857,0.630435,0.543689,0.023904,0.101898
1,38,0.521739,0.502008,0.162172,0.426647,0.478261,0.587259,0.031873,0.032434
1,39,0.695652,0.534137,0.325661,0.730189,0.304348,0.278437,0.023904,0.065132
1,40,0.586957,0.514056,0.111523,0.407574,0.413043,0.609543,0.023904,0.022305
1,41,0.543478,0.506024,0.000000,0.653629,0.456522,0.376608,0.027888,0.000000
1,42,0.500000,0.497992,0.440933,0.462983,0.500000,0.531812,0.023904,0.088187
1,43,0.782609,0.550201,0.386032,0.825040,0.217391,0.181274,0.023904,0.077206
1,44,0.434783,0.485944,0.000000,0.141215,0.565217,0.878257,0.035857,0.000000
1,45,0.652174,0.526104,0.335762,0.574786,0.347826,0.429856,0.023904,0.067152
1,46,0.586957,0.514056,0.134467,0.446593,0.413043,0.569707,0.027888,0.026893
1,47,0.630435,0.522088,0.556307,0.580490,0.369565,0.408547,0.027888,0.111261
1,48,0.673913,0.530120,0.548550,0.727914,0.326087,0.264773,0.027888,0.109710
1,49,0.500000,0.497992,0.000000,0.475904,0.500000,0.550599,0.027888,0.000000
1,50,0.630435,0.522088,0.169919,0.602295,0.369565,0.414748,0.023904,0.033984
1,51,0.391304,0.477912,0.000000,0.432255,0.608696,0.593332,0.039841,0.000000
1,52,0.760870,0.546185,0.538760,0.591796,0.239130,0.398730,0.023904,0.107752
1,53,0.326087,0.465863,0.154486,0.298957,0.673913,0.712814,0.031873,0.030897
1,54,0.304348,0.461847,0.457071,0.383159,0.695652,0.608808,0.035857,0.091414
1,55,0.543478,0.506024,0.720741,0.623091,0.456522,0.355117,0.027888,0.144148
1,56,0.565217,0.510040,0.268923,0.560708,0.434783,0.448403,0.023904,0.053785
1,57,0.500000,0.497992,0.279195,0.835702,0.500000,0.178453,0.031873,0.055839
1,58,0.456522,0.489960,0.224613,0.409967,0.543478,0.599136,0.031873,0.044923
1,59,0.304348,0.461847,0.000000,0.248885,0.695652,0.772849,0.031873,0.000000
1,60,0.304348,0.461847,0.000000,0.316503,0.695652,0.706651,0.067729,0.000000
1,61,0.891304,0.570281,0.133128,0.883640,0.108696,0.141936,0.023904,0.026626
1,62,0.456522,0.489960,0.000000,0.474422,0.543478,0.552050,0.023904,0.000000
1,63,0.195652,0.441767,0.000000,0.160608,0.804348,0.859272,0.063745,0.000000
1,64,0.260870,0.453815,0.108084,0.447275,0.739130,0.570920,0.039841,0.021617
1,65,0.304348,0.461847,0.000000,0.331024,0.695652,0.692436,0.035857,0.000000
1,66,0.543478,0.506024,0.000000,0.411822,0.456522,0.613335,0.027888,0.000000
1,67,0.543478,0.506024,0.028251,0.364893,0.456522,0.657263,0.023904,0.005650
1,68,0.586957,0.514056,0.296348,0.599596,0.413043,0.408376,0.023904,0.059270
1,69,0.521739,0.502008,0.000000,0.342654,0.478261,0.681050,0.027888,0.000000
1,70,0.608696,0.518072,0.000000,0.543855,0.391304,0.484076,0.023904,0.000000
1,71,0.521739,0.502008,0.000000,0.444518,0.478261,0.581326,0.023904,0.000000
1,72,0.434783,0.485944,0.000000,0.363840,0.565217,0.660309,0.039841,0.000000
1,73,0.586957,0.514056,0.411299,0.583477,0.413043,0.415961,0.031873,0.082260
1,74,0.630435,0.522088,0.273149,0.540681,0.369565,0.467708,0.023904,0.054630
1,75,0.913043,0.574297,0.475872,0.821200,0.086957,0.178628,0.023904,0.095174
1,76,0.565217,0.510040,0.000000,0.572537,0.434783,0.455996,0.035857,0.000000
1,77,0.847826,0.562249,0.030568,0.636188,0.152174,0.391502,0.027888,0.006114
1,78,0.652174,0.526104,0.087017,0.365381,0.347826,0.652596,0.027888,0.017403
1,79,0.586957,0.514056,0.815198,0.613028,0.413043,0.358234,0.023904,0.196106
1,80,0.347826,0.469880,0.331797,0.552191,0.652174,0.452259,0.039841,0.066359
1,81,0.652174,0.526104,0.248190,0.505551,0.347826,0.503879,0.023904,0.049638
1,82,0.434783,0.485944,0.094666,0.447014,0.565217,0.572133,0.027888,0.018933
1,83,0.695652,0.534137,0.175160,0.636355,0.304348,0.381030,0.023904,0.035032
1,84,0.369565,0.473896,0.269078,0.298155,0.630435,0.705430,0.027888,0.053816
1,85,0.934783,0.578313,0.157489,0.699110,0.065217,0.320853,0.023904,0.031498
1,86,0.239130,0.449799,0.027655,0.188296,0.760870,0.830193,0.051793,0.005531
1,87,0.673913,0.530120,0.595367,0.495948,0.326087,0.488528,0.023904,0.119073
1,88,0.608696,0.518072,0.261350,0.687322,0.391304,0.324989,0.027888,0.052270
1,89,0.195652,0.441767,0.000000,0.296753,0.804348,0.725987,0.079681,0.000000
1,90,0.239130,0.449799,0.020007,0.253998,0.760870,0.766417,0.043825,0.004001
1,91,0.456522,0.489960,0.235960,0.394334,0.543478,0.613632,0.023904,0.047192
1,92,0.543478,0.506024,0.160606,0.532033,0.456522,0.484198,0.031873,0.032121
1,93,0.695652,0.534137,0.000581,0.731081,0.304348,0.300741,0.023904,0.000116
1,94,0.478261,0.493976,0.196628,0.273493,0.521739,0.734739,0.027888,0.039326
1,95,0.586957,0.514056,0.208976,0.603913,0.413043,0.410380,0.031873,0.041795
1,96,0.543478,0.506024,0.340515,0.478252,0.456522,0.524022,0.023904,0.068103
1,97,0.500000,0.497992,0.498931,0.522898,0.500000,0.469020,0.023904,0.099786
1,98,0.543478,0.506024,0.670051,0.434728,0.456522,0.543137,0.023904,0.134010
1,99,0.652174,0.526104,0.803299,0.638352,0.347826,0.334291,0.023904,0.160660
1,100,0.543478,0.506024,0.091874,0.554838,0.456522,0.466772,0.027888,0.018375
1,101,0.586957,0.514056,0.470975,0.448409,0.413043,0.543937,0.023904,0.094195
1,102,0.413043,0.481928,0.000000,0.340552,0.586957,0.683107,0.035857,0.000000
1,103,0.913043,0.574297,0.000000,0.783742,0.086957,0.249227,0.023904,0.000000
1,104,0.413043,0.481928,0.000000,0.279710,0.586957,0.742672,0.031873,0.000000
1,105,0.173913,0.437751,0.274056,0.179788,0.826087,0.820956,0.047809,0.054811
1,106,0.586957,0.514056,0.222090,0.243140,0.413043,0.762639,0.027888,0.044418
1,107,0.347826,0.469880,0.000000,0.240581,0.652174,0.780979,0.047809,0.000000
1,108,0.434783,0.485944,0.142312,0.421952,0.565217,0.593271,0.023904,0.028462
1,109,0.347826,0.469880,0.043725,0.497504,0.652174,0.526335,0.051793,0.008745
1,110,0.869565,0.566265,0.287548,0.563567,0.130435,0.444276,0.027888,0.057510
1,111,0.521739,0.502008,0.181330,0.584756,0.478261,0.431105,0.027888,0.036266
1,112,0.565217,0.510040,0.304484,0.382306,0.434783,0.620522,0.023904,0.060897
1,113,0.608696,0.518072,0.366978,0.482415,0.391304,0.518060,0.023904,0.073396
1,114,0.608696,0.518072,0.246717,0.528317,0.391304,0.481697,0.027888,0.049343
1,115,0.369565,0.473896,0.342155,0.396257,0.630435,0.604179,0.031873,0.068431
1,116,0.478261,0.493976,0.082219,0.461162,0.521739,0.559169,0.027888,0.016444
1,117,1.000000,0.590361,0.182663,0.798671,0.000000,0.221589,0.023904,0.036533
1,118,0.434783,0.485944,0.367625,0.460351,0.565217,0.539615,0.023904,0.073525
1,119,0.282609,0.457831,0.168101,0.464850,0.717391,0.549435,0.039841,0.033620
1,120,0.347826,0.469880,0.369219,0.249416,0.652174,0.746005,0.027888,0.073844
1,121,0.804348,0.554217,0.300012,0.838105,0.195652,0.174616,0.023904,0.060002
1,122,0.586957,0.514056,0.354483,0.383488,0.413043,0.615801,0.023904,0.070897
1,123,0.413043,0.481928,0.469815,0.321890,0.586957,0.667881,0.031873,0.093963
1,124,0.760870,0.546185,0.083795,0.585662,0.239130,0.437172,0.027888,0.016759
1,125,0.478261,0.493976,0.000000,0.358875,0.521739,0.665169,0.027888,0.000000
1,126,0.695652,0.534137,0.000000,0.558722,0.304348,0.469521,0.031873,0.000000
1,127,0.608696,0.518072,0.229442,0.513577,0.391304,0.497358,0.023904,0.045888
1,128,0.456522,0.489960,0.118284,0.509956,0.543478,0.508829,0.023904,0.023657
1,129,0.543478,0.506024,0.180045,0.535564,0.456522,0.479355,0.023904,0.036009
1,130,0.478261,0.493976,0.107866,0.549224,0.521739,0.471129,0.023904,0.021573
1,131,0.500000,0.497992,0.163549,0.544212,0.500000,0.472065,0.035857,0.032710
1,132,0.695652,0.534137,0.658698,0.884878,0.304348,0.103253,0.027888,0.131740
1,133,0.000000,0.405622,0.000000,0.283873,1.000000,0.738596,0.067729,0.000000
1,134,0.586957,0.514056,0.400466,0.483947,0.413043,0.514173,0.023904,0.080093
1,135,0.369565,0.473896,0.164738,0.242828,0.630435,0.767034,0.047809,0.032948
1,136,0.543478,0.506024,0.207540,0.367534,0.456522,0.641896,0.035857,0.041508
1,137,0.826087,0.558233,0.082938,0.749426,0.173913,0.276910,0.023904,0.016588
1,138,0.652174,0.526104,0.379886,0.530514,0.347826,0.470051,0.027888,0.091386
1,139,0.217391,0.445783,0.000000,0.198565,0.782609,0.822112,0.043825,0.000000
1,140,0.347826,0.469880,0.195227,0.427536,0.652174,0.584031,0.031873,0.039045
1,141,0.413043,0.481928,0.118899,0.411733,0.586957,0.604945,0.031873,0.023780
1,142,0.391304,0.477912,0.208553,0.557467,0.608696,0.455881,0.027888,0.041711
1,143,0.543478,0.506024,0.506808,0.724820,0.456522,0.270778,0.027888,0.101362
1,144,0.586957,0.514056,0.118124,0.617228,0.413043,0.403822,0.027888,0.023625
1,145,0.260870,0.453815,0.000000,0.272867,0.739130,0.749371,0.055777,0.000000
1,146,0.217391,0.445783,0.215528,0.368253,0.782609,0.640622,0.051793,0.043106
1,147,0.608696,0.518072,0.443525,0.484548,0.391304,0.510515,0.027888,0.088705
1,148,0.326087,0.465863,0.000000,0.196962,0.673913,0.823682,0.043825,0.000000
1,149,0.347826,0.469880,0.189002,0.352945,0.652174,0.657500,0.027888,0.037800
1,150,0.543478,0.506024,0.000000,0.132715,0.456522,0.886579,0.023904,0.000000
1,151,0.760870,0.546185,0.202966,0.673777,0.239130,0.342411,0.023904,0.040593
1,152,0.391304,0.477912,0.000000,0.460891,0.608696,0.565296,0.035857,0.000000
1,153,0.565217,0.510040,0.312230,0.634662,0.434783,0.372915,0.031873,0.062446
1,154,0.391304,0.477912,0.309330,0.406119,0.608696,0.596864,0.043825,0.061866
1,155,0.500000,0.497992,0.331492,0.377173,0.500000,0.623622,0.031873,0.066298
1,156,0.673913,0.530120,0.232553,0.549784,0.326087,0.461691,0.023904,0.046511
1,157,0.260870,0.453815,0.000000,0.404510,0.739130,0.620493,0.047809,0.000000
1,158,0.739130,0.542169,0.549876,0.606106,0.260870,0.383927,0.023904,0.109975
1,159,0.695652,0.534137,0.689566,0.563609,0.304348,0.415573,0.023904,0.137913
1,160,0.239130,0.449799,0.000000,0.288430,0.760870,0.734135,0.055777,0.000000
1,161,0.369565,0.473896,0.000000,0.560202,0.630435,0.468072,0.039841,0.000000
1,162,0.391304,0.477912,0.707177,0.770070,0.608696,0.212192,0.027888,0.141435
1,163,0.391304,0.477912,0.000000,0.378886,0.608696,0.645579,0.031873,0.000000
1,164,0.652174,0.526104,0.000000,0.563261,0.347826,0.465077,0.031873,0.000000
1,165,0.434783,0.485944,0.220925,0.351289,0.565217,0.656845,0.023904,0.044185
1,166,0.543478,0.506024,0.183870,0.637630,0.456522,0.379161,0.027888,0.036774
1,167,0.326087,0.465863,0.496276,0.718694,0.673913,0.277526,0.027888,0.099255
1,168,0.456522,0.489960,0.055968,0.365045,0.543478,0.655139,0.031873,0.011194
1,169,0.565217,0.510040,0.000000,0.572745,0.434783,0.455793,0.023904,0.000000
1,170,0.434783,0.485944,0.174776,0.265441,0.565217,0.744180,0.039841,0.034955
1,171,0.826087,0.558233,1.000000,0.800065,0.173913,0.161950,0.023904,0.240562
1,172,0.826087,0.558233,0.000000,0.484458,0.173913,0.542225,0.023904,0.000000
1,173,0.478261,0.493976,0.206724,0.531832,0.521739,0.481107,0.035857,0.041345
1,174,0.456522,0.489960,0.338595,0.604868,0.543478,0.400203,0.027888,0.067719
1,175,0.478261,0.493976,0.255870,0.424656,0.521739,0.582527,0.027888,0.051174
1,176,0.521739,0.502008,0.121042,0.373148,0.478261,0.642566,0.023904,0.024208
1,177,0.521739,0.502008,0.230884,0.402549,0.478261,0.605951,0.031873,0.046177
1,178,0.695652,0.534137,0.512255,0.779465,0.304348,0.216892,0.027888,0.102451
1,179,0.739130,0.542169,0.718901,0.801417,0.260870,0.180668,0.023904,0.143780
1,180,0.369565,0.473896,0.000000,0.484344,0.630435,0.542336,0.031873,0.000000
1,181,0.391304,0.477912,0.000000,0.073451,0.608696,0.944598,0.035857,0.000000
1,182,0.326087,0.465863,0.000000,0.265483,0.673913,0.756600,0.047809,0.000000
1,183,0.652174,0.526104,0.270246,0.641957,0.347826,0.368767,0.023904,0.054049
1,184,0.500000,0.497992,0.107606,0.338346,0.500000,0.677595,0.027888,0.021521
1,185,0.521739,0.502008,0.213952,0.528533,0.478261,0.483821,0.031873,0.042790
1,186,0.434783,0.485944,0.502880,0.663450,0.565217,0.331139,0.023904,0.100576
1,187,0.586957,0.514056,0.000000,0.578799,0.413043,0.449866,0.027888,0.000000
1,188,0.913043,0.574297,0.376125,0.605980,0.086957,0.396438,0.023904,0.075225
1,189,0.673913,0.530120,0.300509,0.523239,0.326087,0.482833,0.023904,0.060102
1,190,0.673913,0.530120,0.000000,0.336634,0.326087,0.686943,0.023904,0.000000
1,191,0.543478,0.506024,0.305867,0.606502,0.456522,0.400937,0.027888,0.061173
1,192,0.695652,0.534137,0.499436,0.509120,0.304348,0.482473,0.023904,0.099887
1,193,0.543478,0.506024,0.000000,0.378365,0.456522,0.646089,0.035857,0.000000
1,194,0.478261,0.493976,0.220568,0.196589,0.521739,0.808320,0.027888,0.044114
1,195,0.760870,0.546185,0.440098,0.668262,0.239130,0.330904,0.023904,0.088020
1,196,0.543478,0.506024,0.000000,0.258662,0.456522,0.763278,0.027888,0.000000
1,197,0.739130,0.542169,0.204020,0.718015,0.260870,0.299028,0.023904,0.040804
1,198,0.826087,0.558233,0.898681,0.667734,0.173913,0.298725,0.023904,0.179736
1,199,0.934783,0.578313,0.403901,0.807213,0.065217,0.197452,0.023904,0.080780
1,200,0.456522,0.489960,0.000000,0.388625,0.543478,0.636044,0.031873,0.000000
1,201,0.326087,0.465863,0.080185,0.339085,0.673913,0.678827,0.035857,0.016037
1,202,0.521739,0.502008,0.687402,0.571542,0.478261,0.407960,0.023904,0.165363
1,203,0.478261,0.493976,0.484544,0.606902,0.521739,0.387806,0.023904,0.096909
1,204,0.717391,0.538153,0.000000,0.473776,0.282609,0.552682,0.023904,0.000000
1,205,0.500000,0.497992,0.591034,0.585904,0.500000,0.400771,0.023904,0.118207
1,206,0.434783,0.485944,0.293194,0.344550,0.565217,0.658290,0.027888,0.058639
1,207,0.760870,0.546185,0.000000,0.726732,0.239130,0.305040,0.023904,0.000000
1,208,0.456522,0.489960,0.256168,0.463703,0.543478,0.544279,0.027888,0.051234
1,209,0.565217,0.510040,0.429230,0.631562,0.434783,0.367608,0.023904,0.085846
1,210,0.565217,0.510040,0.310921,0.473420,0.434783,0.530863,0.023904,0.062184
1,211,0.608696,0.518072,0.562288,0.609527,0.391304,0.379693,0.027888,0.135265
1,212,0.739130,0.542169,0.469095,0.851529,0.260870,0.149419,0.023904,0.093819
1,213,0.760870,0.546185,0.164659,0.832978,0.239130,0.189286,0.023904,0.032932
1,214,0.282609,0.457831,0.000000,0.342339,0.717391,0.681359,0.047809,0.000000
1,215,0.652174,0.526104,0.325281,0.655423,0.347826,0.351660,0.023904,0.065056
1,216,0.652174,0.526104,0.400803,0.557743,0.347826,0.441903,0.023904,0.080161
1,217,0.413043,0.481928,0.360180,0.346954,0.586957,0.651161,0.027888,0.086646
1,218,0.630435,0.522088,0.134380,0.642923,0.369565,0.377508,0.027888,0.026876
1,219,0.608696,0.518072,0.000000,0.513694,0.391304,0.513603,0.023904,0.000000
1,220,0.434783,0.485944,0.000000,0.368751,0.565217,0.655501,0.039841,0.000000
1,221,0.521739,0.502008,0.024044,0.287593,0.478261,0.733240,0.023904,0.004809
1,222,0.608696,0.518072,0.471485,0.579489,0.391304,0.415574,0.023904,0.094297
1,223,0.630435,0.522088,0.216976,0.551554,0.369565,0.461069,0.027888,0.043395
1,224,0.717391,0.538153,0.445223,0.556560,0.282609,0.439894,0.023904,0.089045
1,225,0.282609,0.457831,0.231511,0.000000,0.717391,1.000000,0.031873,0.046302
1,226,0.304348,0.461847,0.000000,0.247290,0.695652,0.774411,0.039841,0.000000
1,227,0.565217,0.510040,0.000000,0.490755,0.434783,0.536060,0.027888,0.000000
1,228,0.586957,0.514056,0.548181,0.709573,0.413043,0.282755,0.023904,0.109636
1,229,0.804348,0.554217,0.490793,0.681875,0.195652,0.313962,0.023904,0.098159
1,230,0.369565,0.473896,0.248403,0.482752,0.630435,0.526185,0.027888,0.049681
1,231,0.413043,0.481928,0.000000,0.292179,0.586957,0.730465,0.035857,0.000000
1,232,0.695652,0.534137,0.076282,0.736406,0.304348,0.290130,0.035857,0.015256
1,233,0.326087,0.465863,0.000000,0.319894,0.673913,0.703332,0.027888,0.000000
1,234,0.478261,0.493976,0.153941,0.271281,0.521739,0.739948,0.023904,0.030788
1,235,0.565217,0.510040,0.000000,0.402782,0.434783,0.622185,0.023904,0.000000
1,236,0.173913,0.437751,0.000000,0.349128,0.826087,0.674712,0.067729,0.000000
1,237,0.804348,0.554217,0.086551,0.640704,0.195652,0.383090,0.027888,0.017310
1,238,0.478261,0.493976,0.351977,0.305955,0.521739,0.691883,0.027888,0.084672
1,239,0.413043,0.481928,0.528883,0.634360,0.586957,0.357764,0.031873,0.105777
1,240,0.304348,0.461847,0.212653,0.185201,0.695652,0.820034,0.035857,0.042531
1,241,0.456522,0.489960,0.000000,0.541246,0.543478,0.486630,0.035857,0.000000
1,242,0.673913,0.530120,0.525832,0.767802,0.326087,0.227342,0.023904,0.105166
1,243,0.347826,0.469880,0.504628,0.521835,0.652174,0.469655,0.035857,0.100926
1,244,0.695652,0.534137,0.038124,0.573518,0.304348,0.452318,0.031873,0.007625
1,245,0.369565,0.473896,0.000000,0.462922,0.630435,0.563309,0.035857,0.000000
1,246,0.478261,0.493976,0.307796,0.366643,0.521739,0.635620,0.027888,0.061559
1,247,0.652174,0.526104,0.049612,0.541930,0.347826,0.482423,0.027888,0.009922
1,248,0.434783,0.485944,0.515410,0.364703,0.565217,0.622716,0.023904,0.103082
1,249,0.369565,0.473896,0.000000,0.309281,0.630435,0.713722,0.031873,0.000000
2,0,0.565217,0.510040,0.185879,0.270031,0.434783,0.726473,0.027778,0.037176
2,1,0.760870,0.546185,0.223000,0.313199,0.239130,0.681799,0.027778,0.044600
2,2,0.804348,0.554217,0.000000,0.641482,0.195652,0.377044,0.023810,0.000000
2,3,0.478261,0.493976,0.260449,0.543015,0.521739,0.455051,0.023810,0.052090
2,4,0.739130,0.542169,0.256838,0.664515,0.260870,0.336794,0.023810,0.051368
2,5,0.326087,0.465863,0.000000,0.468143,0.673913,0.546113,0.031746,0.000000
2,6,0.586957,0.514056,0.000000,0.612737,0.413043,0.405081,0.031746,0.000000
2,7,0.521739,0.502008,0.063872,0.391251,0.478261,0.616688,0.031746,0.012774
2,8,0.282609,0.457831,0.000000,0.383784,0.717391,0.628394,0.043651,0.000000
2,9,0.456522,0.489960,0.285702,0.292879,0.543478,0.697276,0.035714,0.057140
2,10,0.500000,0.497992,0.204722,0.340118,0.500000,0.656809,0.023810,0.040944
2,11,0.391304,0.477912,0.489618,0.440196,0.608696,0.539468,0.035714,0.097924
2,12,0.739130,0.542169,0.195916,0.659369,0.260870,0.346031,0.023810,0.039183
2,13,0.630435,0.522088,0.031176,0.532600,0.369565,0.481085,0.023810,0.006235
2,14,0.521739,0.502008,0.000000,0.550173,0.478261,0.466104,0.035714,0.000000
2,15,0.956522,0.582329,0.359391,0.890465,0.043478,0.109308,0.023810,0.071878
2,16,0.413043,0.481928,0.477972,0.456184,0.586957,0.524680,0.027778,0.095594
2,17,0.565217,0.510040,0.000000,0.425408,0.434783,0.587796,0.027778,0.000000
2,18,0.608696,0.518072,0.793493,0.654734,0.391304,0.309172,0.023810,0.158699
2,19,0.565217,0.510040,0.283347,0.457940,0.434783,0.536444,0.027778,0.056669
2,20,0.608696,0.518072,0.039552,0.513803,0.391304,0.498839,0.023810,0.007910
2,21,0.282609,0.457831,0.000000,0.407461,0.717391,0.605300,0.043651,0.000000
2,22,0.608696,0.518072,0.000000,0.507737,0.391304,0.507495,0.027778,0.000000
2,23,0.478261,0.493976,0.323191,0.600441,0.521739,0.394694,0.035714,0.064638
2,24,0.434783,0.485944,0.443828,0.687750,0.565217,0.301182,0.043651,0.088766
2,25,0.456522,0.489960,0.525391,0.570864,0.543478,0.409542,0.023810,0.105078
2,26,0.173913,0.437751,0.000000,0.323437,0.826087,0.687254,0.055556,0.000000
2,27,0.608696,0.518072,0.700479,0.532267,0.391304,0.435063,0.023810,0.140096
2,28,0.565217,0.510040,0.286235,0.553512,0.434783,0.443026,0.023810,0.057247
2,29,0.326087,0.465863,0.006501,0.235612,0.673913,0.772466,0.027778,0.001490
2,30,0.543478,0.506024,0.103877,0.393023,0.456522,0.612190,0.039683,0.020775
2,31,0.413043,0.481928,0.000000,0.196917,0.586957,0.810658,0.023810,0.000000
2,32,0.521739,0.502008,0.339057,0.573711,0.478261,0.419667,0.023810,0.067811
2,33,0.478261,0.493976,0.131910,0.397251,0.521739,0.606124,0.039683,0.026382
2,34,0.456522,0.489960,0.218620,0.334218,0.543478,0.661601,0.023810,0.043724
2,35,0.500000,0.497992,0.000000,0.697541,0.500000,0.322366,0.035714,0.000000
2,36,0.652174,0.526104,0.150064,0.608575,0.347826,0.398749,0.027778,0.030013
2,37,0.369565,0.473896,0.340748,0.398845,0.630435,0.590108,0.023810,0.068150
2,38,0.521739,0.502008,0.231301,0.395086,0.478261,0.601353,0.031746,0.046260
2,39,0.695652,0.534137,0.308262,0.614941,0.304348,0.381585,0.023810,0.061652
2,40,0.586957,0.514056,0.052764,0.395720,0.413043,0.613098,0.023810,0.010553
2,41,0.543478,0.506024,0.000000,0.718622,0.456522,0.301804,0.027778,0.000000
2,42,0.500000,0.497992,0.387575,0.377383,0.500000,0.607800,0.023810,0.077515
2,43,0.782609,0.550201,0.169172,0.662817,0.217391,0.344520,0.023810,0.033834
2,44,0.434783,0.485944,0.000000,0.275572,0.565217,0.733940,0.035714,0.000000
2,45,0.652174,0.526104,0.138382,0.587611,0.347826,0.420006,0.023810,0.027676
2,46,0.586957,0.514056,0.000000,0.442893,0.413043,0.570741,0.027778,0.000000
2,47,0.630435,0.522088,0.378120,0.546458,0.369565,0.443543,0.027778,0.075624
2,48,0.673913,0.530120,0.224150,0.717404,0.326087,0.287471,0.027778,0.044830
2,49,0.500000,0.497992,0.000081,0.580115,0.500000,0.436894,0.027778,0.000016
2,50,0.630435,0.522088,0.416100,0.583427,0.369565,0.404856,0.023810,0.083220
2,51,0.391304,0.477912,0.000000,0.428866,0.608696,0.584423,0.039683,0.000000
2,52,0.760870,0.546185,0.566242,0.481603,0.239130,0.493774,0.023810,0.113248
2,53,0.326087,0.465863,0.375439,0.270695,0.673913,0.712699,0.031746,0.075088
2,54,0.304348,0.461847,0.475420,0.457801,0.695652,0.523279,0.035714,0.095084
2,55,0.543478,0.506024,0.613052,0.683489,0.456522,0.293620,0.027778,0.122610
2,56,0.565217,0.510040,0.431888,0.369518,0.434783,0.612402,0.023810,0.098980
2,57,0.500000,0.497992,0.194450,0.780080,0.500000,0.228396,0.031746,0.038890
2,58,0.456522,0.489960,0.273101,0.462062,0.543478,0.533133,0.031746,0.054620
2,59,0.304348,0.461847,0.000000,0.197678,0.695652,0.809916,0.031746,0.000000
2,60,0.304348,0.461847,0.107438,0.290389,0.695652,0.712049,0.067460,0.021488
2,61,0.891304,0.570281,0.395080,1.000000,0.108696,0.000000,0.023810,0.079016
2,62,0.456522,0.489960,0.000000,0.455909,0.543478,0.558045,0.023810,0.000000
2,63,0.195652,0.441767,0.000000,0.218548,0.804348,0.789559,0.063492,0.000000
2,64,0.260870,0.453815,0.361469,0.383960,0.739130,0.603192,0.039683,0.072294
2,65,0.304348,0.461847,0.000000,0.364730,0.695652,0.646978,0.035714,0.000000
2,66,0.543478,0.506024,0.000000,0.454313,0.456522,0.559603,0.027778,0.000000
2,67,0.543478,0.506024,0.198730,0.426933,0.456522,0.572547,0.023810,0.039746
2,68,0.586957,0.514056,0.261784,0.608481,0.413043,0.391105,0.023810,0.052357
2,69,0.521739,0.502008,0.000000,0.328622,0.478261,0.682197,0.027778,0.000000
2,70,0.608696,0.518072,0.000000,0.574359,0.391304,0.442514,0.023810,0.000000
2,71,0.521739,0.502008,0.233066,0.447932,0.478261,0.549688,0.023810,0.046613
2,72,0.434783,0.485944,0.000000,0.385982,0.565217,0.626250,0.039683,0.000000
2,73,0.586957,0.514056,0.270553,0.507849,0.413043,0.488650,0.031746,0.054111
2,74,0.630435,0.522088,0.049808,0.433789,0.369565,0.576172,0.023810,0.009962
2,75,0.913043,0.574297,0.422451,0.995137,0.086957,0.002848,0.023810,0.084490
2,76,0.565217,0.510040,0.000000,0.626738,0.434783,0.391425,0.035714,0.000000
2,77,0.847826,0.562249,0.000000,0.720264,0.152174,0.300203,0.027778,0.000000
2,78,0.652174,0.526104,0.307527,0.509970,0.347826,0.484021,0.027778,0.061505
2,79,0.586957,0.514056,0.000000,0.663510,0.413043,0.355559,0.027778,0.000000
2,80,0.347826,0.469880,0.213390,0.456494,0.652174,0.542699,0.039683,0.042678
2,81,0.652174,0.526104,0.501889,0.505956,0.347826,0.474477,0.023810,0.100378
2,82,0.434783,0.485944,0.113852,0.621658,0.565217,0.388496,0.027778,0.022770
2,83,0.695652,0.534137,0.410378,0.766469,0.304348,0.226719,0.023810,0.082076
2,84,0.369565,0.473896,0.139243,0.240061,0.630435,0.758934,0.027778,0.027849
2,85,0.934783,0.578313,0.459434,0.741905,0.065217,0.247281,0.023810,0.091887
2,86,0.239130,0.449799,0.032543,0.199413,0.760870,0.805970,0.051587,0.006509
2,87,0.673913,0.530120,0.849878,0.490129,0.326087,0.465818,0.023810,0.194776
2,88,0.608696,0.518072,0.278550,0.555131,0.391304,0.441980,0.027778,0.055710
2,89,0.195652,0.441767,0.000000,0.296824,0.804348,0.713211,0.079365,0.000000
2,90,0.239130,0.449799,0.027071,0.335318,0.760870,0.673792,0.043651,0.005414
2,91,0.456522,0.489960,0.000000,0.337392,0.543478,0.673643,0.023810,0.000000
2,92,0.543478,0.506024,0.203066,0.536932,0.456522,0.464957,0.031746,0.040613
2,93,0.695652,0.534137,0.416650,0.754702,0.304348,0.237761,0.023810,0.083330
2,94,0.478261,0.493976,0.054899,0.273222,0.521739,0.732431,0.027778,0.012582
2,95,0.586957,0.514056,0.163600,0.441429,0.413043,0.560840,0.031746,0.032720
2,96,0.543478,0.506024,0.277333,0.382170,0.456522,0.610764,0.023810,0.055467
2,97,0.500000,0.497992,0.391616,0.593618,0.500000,0.396611,0.023810,0.078323
2,98,0.543478,0.506024,0.504700,0.344874,0.456522,0.631397,0.023810,0.100940
2,99,0.652174,0.526104,0.703429,0.710265,0.347826,0.261246,0.023810,0.140686
2,100,0.543478,0.506024,0.262185,0.692236,0.456522,0.309385,0.027778,0.052437
2,101,0.586957,0.514056,0.630509,0.536020,0.413043,0.436247,0.023810,0.126102
2,102,0.413043,0.481928,0.000000,0.407651,0.586957,0.605115,0.035714,0.000000
2,103,0.913043,0.574297,0.000000,0.884245,0.086957,0.140261,0.023810,0.000000
2,104,0.413043,0.481928,0.000000,0.361823,0.586957,0.649814,0.031746,0.000000
2,105,0.173913,0.437751,0.095416,0.219691,0.826087,0.781838,0.047619,0.019083
2,106,0.586957,0.514056,0.330644,0.209589,0.413043,0.775402,0.027778,0.075777
2,107,0.347826,0.469880,0.013285,0.354451,0.652174,0.656085,0.047619,0.002657
2,108,0.434783,0.485944,0.054854,0.300116,0.565217,0.706202,0.023810,0.010971
2,109,0.347826,0.469880,0.024990,0.524634,0.652174,0.489283,0.051587,0.004998
2,110,0.869565,0.566265,0.284733,0.514736,0.130435,0.480951,0.027778,0.056947
2,111,0.521739,0.502008,0.000000,0.554712,0.478261,0.461676,0.027778,0.000000
2,112,0.565217,0.510040,0.356520,0.510003,0.434783,0.480596,0.023810,0.071304
2,113,0.608696,0.518072,0.313513,0.548453,0.391304,0.446071,0.023810,0.062703
2,114,0.608696,0.518072,0.069433,0.560795,0.391304,0.450936,0.027778,0.013887
2,115,0.369565,0.473896,0.471339,0.374042,0.630435,0.605258,0.031746,0.094268
2,116,0.478261,0.493976,0.170205,0.601569,0.521739,0.404188,0.027778,0.034041
2,117,1.000000,0.590361,0.049029,0.806306,0.000000,0.212885,0.023810,0.009806
2,118,0.434783,0.485944,0.615779,0.563490,0.565217,0.410474,0.023810,0.123156
2,119,0.282609,0.457831,0.139625,0.590501,0.717391,0.417101,0.039683,0.027925
2,120,0.347826,0.469880,0.496410,0.312592,0.652174,0.663458,0.027778,0.099282
2,121,0.804348,0.554217,0.336040,0.814149,0.195652,0.185361,0.023810,0.067208
2,122,0.586957,0.514056,0.650926,0.462491,0.413043,0.506552,0.023810,0.130185
2,123,0.413043,0.481928,0.341594,0.410476,0.586957,0.578706,0.031746,0.068319
2,124,0.760870,0.546185,0.376057,0.675904,0.239130,0.317430,0.027778,0.075211
2,125,0.478261,0.493976,0.000000,0.266954,0.521739,0.742346,0.027778,0.000000
2,126,0.695652,0.534137,0.000000,0.648309,0.304348,0.370386,0.031746,0.000000
2,127,0.608696,0.518072,0.377919,0.524737,0.391304,0.464744,0.023810,0.075584
2,128,0.456522,0.489960,0.322694,0.526991,0.543478,0.466369,0.023810,0.064539
2,129,0.543478,0.506024,0.142879,0.493095,0.456522,0.511882,0.023810,0.028576
2,130,0.478261,0.493976,0.137651,0.580181,0.521739,0.427303,0.023810,0.027530
2,131,0.500000,0.497992,0.050143,0.423219,0.500000,0.586458,0.035714,0.010029
2,132,0.695652,0.534137,0.440824,0.786285,0.304348,0.205283,0.027778,0.088165
2,133,0.000000,0.405622,0.000000,0.226185,1.000000,0.782111,0.067460,0.000000
2,134,0.586957,0.514056,0.432306,0.399668,0.413043,0.582966,0.023810,0.086461
2,135,0.369565,0.473896,0.025894,0.322650,0.630435,0.686229,0.047619,0.005179
2,136,0.543478,0.506024,0.221319,0.498499,0.456522,0.501179,0.035714,0.044264
2,137,0.826087,0.558233,0.060097,0.792742,0.173913,0.225349,0.023810,0.012019
2,138,0.652174,0.526104,0.000000,0.581582,0.347826,0.435468,0.031746,0.000000
2,139,0.217391,0.445783,0.000000,0.295192,0.782609,0.714804,0.043651,0.000000
2,140,0.347826,0.469880,0.000000,0.293568,0.652174,0.716388,0.031746,0.000000
2,141,0.413043,0.481928,0.348352,0.426959,0.586957,0.562160,0.031746,0.069670
2,142,0.391304,0.477912,0.000000,0.353433,0.608696,0.657997,0.027778,0.000000
2,143,0.543478,0.506024,0.522689,0.758620,0.456522,0.226598,0.027778,0.104538
2,144,0.586957,0.514056,0.025137,0.549064,0.413043,0.465445,0.027778,0.005027
2,145,0.260870,0.453815,0.000000,0.235288,0.739130,0.773232,0.055556,0.000000
2,146,0.217391,0.445783,0.310446,0.293692,0.782609,0.694769,0.051587,0.062089
2,147,0.608696,0.518072,0.640686,0.509258,0.391304,0.461646,0.027778,0.128137
2,148,0.326087,0.465863,0.000000,0.192622,0.673913,0.814847,0.043651,0.000000
2,149,0.347826,0.469880,0.132737,0.482894,0.652174,0.522534,0.027778,0.026547
2,150,0.543478,0.506024,0.131435,0.314527,0.456522,0.686844,0.023810,0.026287
2,151,0.760870,0.546185,0.313077,0.557816,0.239130,0.436969,0.023810,0.062615
2,152,0.391304,0.477912,0.000000,0.474578,0.608696,0.539837,0.035714,0.000000
2,153,0.565217,0.510040,0.059686,0.573249,0.434783,0.439463,0.031746,0.011937
2,154,0.391304,0.477912,0.152014,0.351381,0.608696,0.649472,0.043651,0.030403
2,155,0.500000,0.497992,0.469267,0.519091,0.500000,0.463925,0.031746,0.093853
2,156,0.673913,0.530120,0.275387,0.508974,0.326087,0.487218,0.023810,0.055077
2,157,0.260870,0.453815,0.000000,0.400679,0.739130,0.611915,0.047619,0.000000
2,158,0.739130,0.542169,0.429335,0.630180,0.260870,0.358338,0.023810,0.085867
2,159,0.695652,0.534137,0.601970,0.582694,0.304348,0.392700,0.023810,0.120394
2,160,0.239130,0.449799,0.000000,0.329142,0.760870,0.681690,0.055556,0.000000
2,161,0.369565,0.473896,0.000000,0.444020,0.630435,0.569642,0.039683,0.000000
2,162,0.391304,0.477912,0.583398,0.582967,0.608696,0.393720,0.027778,0.116680
2,163,0.391304,0.477912,0.000000,0.348693,0.608696,0.662620,0.031746,0.000000
2,164,0.652174,0.526104,0.000000,0.536805,0.347826,0.479143,0.031746,0.000000
2,165,0.434783,0.485944,0.198140,0.425169,0.565217,0.574308,0.023810,0.039628
2,166,0.543478,0.506024,0.295009,0.612091,0.456522,0.385282,0.027778,0.059002
2,167,0.326087,0.465863,0.425148,0.782412,0.673913,0.210146,0.027778,0.085030
2,168,0.456522,0.489960,0.113075,0.350109,0.543478,0.653410,0.031746,0.022615
2,169,0.565217,0.510040,0.230764,0.555445,0.434783,0.444983,0.023810,0.046153
2,170,0.434783,0.485944,0.124560,0.410269,0.565217,0.593936,0.039683,0.024912
2,171,0.826087,0.558233,0.752381,0.808568,0.173913,0.161974,0.027778,0.150476
2,172,0.826087,0.558233,0.130685,0.481588,0.173913,0.523950,0.023810,0.026137
2,173,0.478261,0.493976,0.055245,0.493239,0.521739,0.517810,0.035714,0.011049
2,174,0.456522,0.489960,0.281962,0.657394,0.543478,0.341999,0.027778,0.056392
2,175,0.478261,0.493976,0.142983,0.469396,0.521739,0.534990,0.027778,0.028597
2,176,0.521739,0.502008,0.101185,0.403584,0.478261,0.602075,0.023810,0.020237
2,177,0.521739,0.502008,0.334208,0.425409,0.478261,0.564652,0.031746,0.066842
2,178,0.695652,0.534137,0.647363,0.730290,0.304348,0.245596,0.027778,0.129473
2,179,0.739130,0.542169,0.705510,0.879791,0.260870,0.095752,0.023810,0.141102
2,180,0.369565,0.473896,0.000000,0.588762,0.630435,0.428466,0.031746,0.000000
2,181,0.391304,0.477912,0.000000,0.116391,0.608696,0.889200,0.035714,0.000000
2,182,0.326087,0.465863,0.000000,0.180770,0.673913,0.826407,0.047619,0.000000
2,183,0.652174,0.526104,0.139905,0.666173,0.347826,0.343273,0.023810,0.027981
2,184,0.500000,0.497992,0.111284,0.393503,0.500000,0.611208,0.027778,0.022257
2,185,0.521739,0.502008,0.430498,0.539353,0.478261,0.446847,0.031746,0.086100
2,186,0.434783,0.485944,0.585718,0.618015,0.565217,0.359374,0.023810,0.117144
2,187,0.586957,0.514056,0.000000,0.678229,0.413043,0.341203,0.027778,0.000000
2,188,0.913043,0.574297,0.463920,0.633322,0.086957,0.352878,0.023810,0.092784
2,189,0.673913,0.530120,0.123250,0.688775,0.326087,0.322382,0.023810,0.024650
2,190,0.673913,0.530120,0.059380,0.492961,0.326087,0.517794,0.023810,0.011876
2,191,0.543478,0.506024,0.400073,0.823187,0.456522,0.172112,0.027778,0.080015
2,192,0.695652,0.534137,0.591477,0.387233,0.304348,0.584072,0.023810,0.135555
2,193,0.543478,0.506024,0.000000,0.483259,0.456522,0.531369,0.035714,0.000000
2,194,0.478261,0.493976,0.221936,0.495428,0.521739,0.504132,0.027778,0.044387
2,195,0.760870,0.546185,0.094583,0.574714,0.239130,0.435618,0.023810,0.018917
2,196,0.543478,0.506024,0.000000,0.309648,0.456522,0.700704,0.027778,0.000000
2,197,0.739130,0.542169,0.160057,0.741671,0.260870,0.268240,0.023810,0.032011
2,198,0.826087,0.558233,0.984370,0.715987,0.173913,0.236211,0.023810,0.225599
2,199,0.934783,0.578313,0.592367,0.804425,0.065217,0.177096,0.023810,0.118473
2,200,0.456522,0.489960,0.000000,0.461199,0.543478,0.552886,0.031746,0.000000
2,201,0.326087,0.465863,0.044966,0.329104,0.673913,0.678613,0.035714,0.010305
2,202,0.521739,0.502008,0.191504,0.656072,0.478261,0.349553,0.027778,0.038301
2,203,0.478261,0.493976,0.656281,0.515256,0.521739,0.454715,0.023810,0.131256
2,204,0.717391,0.538153,0.000000,0.405147,0.282609,0.607558,0.023810,0.000000
2,205,0.500000,0.497992,0.474240,0.479865,0.500000,0.501841,0.023810,0.094848
2,206,0.434783,0.485944,0.290640,0.333007,0.565217,0.657794,0.027778,0.058128
2,207,0.760870,0.546185,0.000000,0.654218,0.239130,0.364621,0.023810,0.000000
2,208,0.456522,0.489960,0.000000,0.631159,0.543478,0.387113,0.027778,0.000000
2,209,0.565217,0.510040,1.000000,0.743518,0.434783,0.208276,0.023810,0.200000
2,210,0.565217,0.510040,0.339645,0.367287,0.434783,0.620966,0.023810,0.067929
2,211,0.608696,0.518072,0.380439,0.663585,0.391304,0.329141,0.031746,0.076088
2,212,0.739130,0.542169,0.241092,0.775916,0.260870,0.229228,0.023810,0.048218
2,213,0.760870,0.546185,0.353438,0.813391,0.239130,0.184895,0.023810,0.070688
2,214,0.282609,0.457831,0.000000,0.224332,0.717391,0.783918,0.047619,0.000000
2,215,0.652174,0.526104,0.379542,0.675627,0.347826,0.317458,0.023810,0.075908
2,216,0.652174,0.526104,0.658297,0.502345,0.347826,0.467169,0.023810,0.150869
2,217,0.413043,0.481928,0.308077,0.420277,0.586957,0.571467,0.031746,0.061615
2,218,0.630435,0.522088,0.116473,0.585280,0.369565,0.423796,0.027778,0.023295
2,219,0.608696,0.518072,0.000000,0.431745,0.391304,0.581614,0.023810,0.000000
2,220,0.434783,0.485944,0.000000,0.473106,0.565217,0.541272,0.039683,0.000000
2,221,0.521739,0.502008,0.025643,0.427214,0.478261,0.584258,0.023810,0.005129
2,222,0.608696,0.518072,0.531076,0.594288,0.391304,0.386300,0.023810,0.106215
2,223,0.630435,0.522088,0.225828,0.603692,0.369565,0.398266,0.027778,0.045166
2,224,0.717391,0.538153,0.490067,0.610719,0.282609,0.373114,0.023810,0.098013
2,225,0.282609,0.457831,0.039337,0.000000,0.717391,1.000000,0.031746,0.007867
2,226,0.304348,0.461847,0.003091,0.226733,0.695652,0.781362,0.039683,0.000618
2,227,0.565217,0.510040,0.000000,0.478098,0.434783,0.536403,0.027778,0.000000
2,228,0.586957,0.514056,0.406253,0.650439,0.413043,0.340176,0.023810,0.081251
2,229,0.804348,0.554217,0.593335,0.613108,0.195652,0.363633,0.023810,0.118667
2,230,0.369565,0.473896,0.376494,0.480783,0.630435,0.507714,0.027778,0.075299
2,231,0.413043,0.481928,0.000000,0.461621,0.586957,0.552474,0.035714,0.000000
2,232,0.695652,0.534137,0.000000,0.677648,0.304348,0.341769,0.035714,0.000000
2,233,0.326087,0.465863,0.221522,0.412695,0.673913,0.584856,0.027778,0.044304
2,234,0.478261,0.493976,0.103909,0.321241,0.521739,0.682201,0.023810,0.020782
2,235,0.565217,0.510040,0.194071,0.484868,0.434783,0.516362,0.023810,0.038814
2,236,0.173913,0.437751,0.000000,0.361810,0.826087,0.649826,0.067460,0.000000
2,237,0.804348,0.554217,0.162639,0.604767,0.195652,0.401592,0.027778,0.032528
2,238,0.478261,0.493976,0.000000,0.499455,0.521739,0.515572,0.031746,0.000000
2,239,0.413043,0.481928,0.448142,0.568722,0.586957,0.416980,0.031746,0.089628
2,240,0.304348,0.461847,0.295279,0.327961,0.695652,0.662395,0.035714,0.059056
2,241,0.456522,0.489960,0.000000,0.620902,0.543478,0.397117,0.035714,0.000000
2,242,0.673913,0.530120,0.501334,0.646981,0.326087,0.336965,0.023810,0.100267
2,243,0.347826,0.469880,0.530775,0.622730,0.652174,0.358580,0.035714,0.106155
2,244,0.695652,0.534137,0.000000,0.618552,0.304348,0.399410,0.031746,0.000000
2,245,0.369565,0.473896,0.000000,0.476626,0.630435,0.537839,0.035714,0.000000
2,246,0.478261,0.493976,0.410448,0.369427,0.521739,0.613975,0.027778,0.094067
2,247,0.652174,0.526104,0.059153,0.531787,0.347826,0.479941,0.027778,0.011831
2,248,0.434783,0.485944,0.452799,0.506732,0.565217,0.477120,0.023810,0.090560
2,249,0.369565,0.473896,0.000000,0.241367,0.630435,0.767303,0.031746,0.000000
3,0,0.565217,0.510040,0.000000,0.388886,0.434783,0.620114,0.027668,0.000000
3,1,0.760870,0.546185,0.000000,0.312295,0.239130,0.694933,0.027668,0.000000
3,2,0.804348,0.554217,0.000000,0.680657,0.195652,0.335094,0.023715,0.000000
3,3,0.478261,0.493976,0.249842,0.581482,0.521739,0.419152,0.023715,0.049968
3,4,0.739130,0.542169,0.184224,0.544159,0.260870,0.458979,0.023715,0.036845
3,5,0.326087,0.465863,0.000000,0.509048,0.673913,0.502732,0.031621,0.000000
3,6,0.586957,0.514056,0.000000,0.688534,0.413043,0.327399,0.031621,0.000000
3,7,0.521739,0.502008,0.000000,0.388962,0.478261,0.620039,0.031621,0.000000
3,8,0.282609,0.457831,0.000000,0.242906,0.717391,0.762715,0.043478,0.000000
3,9,0.456522,0.489960,0.000000,0.273341,0.543478,0.732984,0.035573,0.000000
3,10,0.500000,0.497992,0.573529,0.485023,0.500000,0.496766,0.023715,0.114706
3,11,0.391304,0.477912,0.327046,0.444128,0.608696,0.549364,0.035573,0.065409
3,12,0.739130,0.542169,0.182910,0.620341,0.260870,0.384627,0.023715,0.036582
3,13,0.630435,0.522088,0.159056,0.531761,0.369565,0.472381,0.023715,0.031811
3,14,0.521739,0.502008,0.331705,0.584859,0.478261,0.411651,0.035573,0.066341
3,15,0.956522,0.582329,0.696934,0.956274,0.043478,0.030087,0.023715,0.139387
3,16,0.413043,0.481928,0.614950,0.526325,0.586957,0.454294,0.027668,0.122990
3,17,0.565217,0.510040,0.348827,0.548138,0.434783,0.446644,0.027668,0.069765
3,18,0.608696,0.518072,0.729000,0.624445,0.391304,0.352591,0.023715,0.145800
3,19,0.565217,0.510040,0.441275,0.502094,0.434783,0.486878,0.027668,0.088255
3,20,0.608696,0.518072,0.382141,0.597282,0.391304,0.396928,0.023715,0.076428
3,21,0.282609,0.457831,0.000000,0.489420,0.717391,0.521906,0.043478,0.000000
3,22,0.608696,0.518072,0.073698,0.617654,0.391304,0.392857,0.027668,0.014740
3,23,0.478261,0.493976,0.254293,0.477755,0.521739,0.520250,0.035573,0.050859
3,24,0.434783,0.485944,0.512972,0.683352,0.565217,0.306135,0.043478,0.102594
3,25,0.456522,0.489960,0.309823,0.570772,0.543478,0.426536,0.023715,0.061965
3,26,0.173913,0.437751,0.000000,0.294719,0.826087,0.712102,0.055336,0.000000
3,27,0.608696,0.518072,1.000000,0.552987,0.391304,0.408487,0.023715,0.200000
3,28,0.565217,0.510040,0.403764,0.565277,0.434783,0.427082,0.023715,0.080753
3,29,0.326087,0.465863,0.000000,0.323796,0.673913,0.683697,0.031621,0.000000
3,30,0.543478,0.506024,0.438446,0.485225,0.456522,0.503501,0.039526,0.087689
3,31,0.413043,0.481928,0.000000,0.297451,0.586957,0.709433,0.023715,0.000000
3,32,0.521739,0.502008,0.022754,0.430802,0.478261,0.578000,0.023715,0.004551
3,33,0.478261,0.493976,0.334105,0.370467,0.521739,0.620959,0.039526,0.066821
3,34,0.456522,0.489960,0.069983,0.416319,0.543478,0.589723,0.023715,0.013997
3,35,0.500000,0.497992,0.000000,0.617952,0.500000,0.396349,0.035573,0.000000
3,36,0.652174,0.526104,0.438545,0.588351,0.347826,0.402757,0.027668,0.087709
3,37,0.369565,0.473896,0.452005,0.408744,0.630435,0.577517,0.023715,0.090401
3,38,0.521739,0.502008,0.227066,0.432725,0.478261,0.565635,0.031621,0.045413
3,39,0.695652,0.534137,0.418426,0.647243,0.304348,0.346261,0.023715,0.083685
3,40,0.586957,0.514056,0.466721,0.444107,0.413043,0.542217,0.023715,0.093344
3,41,0.543478,0.506024,0.000000,0.645194,0.456522,0.369737,0.027668,0.000000
3,42,0.500000,0.497992,0.369927,0.427588,0.500000,0.563321,0.023715,0.073985
3,43,0.782609,0.550201,0.094347,0.765310,0.217391,0.247559,0.023715,0.018869
3,44,0.434783,0.485944,0.000000,0.287675,0.565217,0.718982,0.035573,0.000000
3,45,0.652174,0.526104,0.143324,0.560855,0.347826,0.444768,0.023715,0.028665
3,46,0.586957,0.514056,0.100199,0.405748,0.413043,0.598499,0.027668,0.020040
3,47,0.630435,0.522088,0.367616,0.617848,0.369565,0.377583,0.027668,0.073523
3,48,0.673913,0.530120,0.178999,0.520745,0.326087,0.482119,0.027668,0.035800
3,49,0.500000,0.497992,0.310880,0.472055,0.500000,0.522914,0.027668,0.062176
3,50,0.630435,0.522088,0.542985,0.635010,0.369565,0.351818,0.023715,0.108597
3,51,0.391304,0.477912,0.000000,0.333569,0.608696,0.674151,0.039526,0.000000
3,52,0.760870,0.546185,0.439961,0.559595,0.239130,0.430775,0.023715,0.086737
3,53,0.326087,0.465863,0.219046,0.317265,0.673913,0.678835,0.031621,0.043809
3,54,0.304348,0.461847,0.313647,0.455444,0.695652,0.538998,0.035573,0.062729
3,55,0.543478,0.506024,0.641007,0.647263,0.456522,0.334817,0.027668,0.128201
3,56,0.565217,0.510040,0.079532,0.506494,0.434783,0.501145,0.027668,0.015906
3,57,0.500000,0.497992,0.546379,0.840189,0.500000,0.151212,0.031621,0.109276
3,58,0.456522,0.489960,0.472932,0.370142,0.543478,0.614152,0.031621,0.094586
3,59,0.304348,0.461847,0.000000,0.367679,0.695652,0.640829,0.031621,0.000000
3,60,0.304348,0.461847,0.000000,0.379467,0.695652,0.629314,0.067194,0.000000
3,61,0.891304,0.570281,0.450901,1.000000,0.108696,0.000000,0.023715,0.090180
3,62,0.456522,0.489960,0.000000,0.479224,0.543478,0.531866,0.023715,0.000000
3,63,0.195652,0.441767,0.000000,0.132347,0.804348,0.870716,0.063241,0.000000
3,64,0.260870,0.453815,0.468712,0.546200,0.739130,0.442384,0.039526,0.093742
3,65,0.304348,0.461847,0.000000,0.354253,0.695652,0.653945,0.035573,0.000000
3,66,0.543478,0.506024,0.038521,0.572749,0.456522,0.438528,0.027668,0.007704
3,67,0.543478,0.506024,0.620073,0.503167,0.456522,0.476653,0.023715,0.124015
3,68,0.586957,0.514056,0.426257,0.579253,0.413043,0.412275,0.023715,0.085251
3,69,0.521739,0.502008,0.000000,0.343398,0.478261,0.664549,0.027668,0.000000
3,70,0.608696,0.518072,0.000000,0.572284,0.391304,0.440960,0.023715,0.000000
3,71,0.521739,0.502008,0.359730,0.413141,0.478261,0.577957,0.023715,0.071946
3,72,0.434783,0.485944,0.000000,0.477903,0.565217,0.533156,0.039526,0.000000
3,73,0.586957,0.514056,0.046072,0.591579,0.413043,0.419747,0.031621,0.009214
3,74,0.630435,0.522088,0.391017,0.658627,0.369565,0.336546,0.023715,0.078203
3,75,0.913043,0.574297,0.543425,0.988893,0.086957,0.006101,0.023715,0.108685
3,76,0.565217,0.510040,0.042253,0.675583,0.434783,0.337883,0.035573,0.008451
3,77,0.847826,0.562249,0.119333,0.815364,0.152174,0.197380,0.027668,0.023867
3,78,0.652174,0.526104,0.181789,0.517506,0.347826,0.485140,0.027668,0.036358
3,79,0.586957,0.514056,0.325358,0.692948,0.413043,0.306389,0.027668,0.065072
3,80,0.347826,0.469880,0.114883,0.356796,0.652174,0.645564,0.039526,0.022977
3,81,0.652174,0.526104,0.508405,0.556954,0.347826,0.429842,0.023715,0.101681
3,82,0.434783,0.485944,0.336434,0.641201,0.565217,0.356371,0.027668,0.067287
3,83,0.695652,0.534137,0.431843,0.686968,0.304348,0.306766,0.023715,0.086369
3,84,0.369565,0.473896,0.434047,0.369940,0.630435,0.616344,0.027668,0.086809
3,85,0.934783,0.578313,0.623575,0.805680,0.065217,0.180961,0.023715,0.124715
3,86,0.239130,0.449799,0.000000,0.270879,0.760870,0.735390,0.051383,0.000000
3,87,0.673913,0.530120,0.623029,0.624458,0.326087,0.358017,0.027668,0.124606
3,88,0.608696,0.518072,0.465457,0.641296,0.391304,0.349656,0.027668,0.093091
3,89,0.195652,0.441767,0.000000,0.355435,0.804348,0.652790,0.079051,0.000000
3,90,0.239130,0.449799,0.036118,0.301956,0.760870,0.703178,0.043478,0.007224
3,91,0.456522,0.489960,0.000000,0.368066,0.543478,0.640452,0.023715,0.000000
3,92,0.543478,0.506024,0.029490,0.501667,0.456522,0.508428,0.031621,0.005898
3,93,0.695652,0.534137,0.000000,0.607061,0.304348,0.406987,0.023715,0.000000
3,94,0.478261,0.493976,0.062728,0.352881,0.521739,0.652065,0.031621,0.012546
3,95,0.586957,0.514056,0.000000,0.424693,0.413043,0.585135,0.031621,0.000000
3,96,0.543478,0.506024,0.429447,0.576633,0.456522,0.414671,0.023715,0.084664
3,97,0.500000,0.497992,0.218184,0.529574,0.500000,0.471484,0.023715,0.043637
3,98,0.543478,0.506024,0.942647,0.406897,0.456522,0.554139,0.023715,0.185840
3,99,0.652174,0.526104,0.490128,0.681605,0.347826,0.309013,0.023715,0.098026
3,100,0.543478,0.506024,0.000000,0.525737,0.456522,0.486429,0.027668,0.000000
3,101,0.586957,0.514056,0.443099,0.487529,0.413043,0.501012,0.023715,0.088620
3,102,0.413043,0.481928,0.000000,0.393205,0.586957,0.615895,0.035573,0.000000
3,103,0.913043,0.574297,0.000000,0.867814,0.086957,0.152269,0.023715,0.000000
3,104,0.413043,0.481928,0.000000,0.217837,0.586957,0.787204,0.031621,0.000000
3,105,0.173913,0.437751,0.620041,0.354775,0.826087,0.621612,0.047431,0.124008
3,106,0.586957,0.514056,0.000000,0.427869,0.413043,0.582033,0.031621,0.000000
3,107,0.347826,0.469880,0.203385,0.440675,0.652174,0.559085,0.047431,0.040677
3,108,0.434783,0.485944,0.192810,0.306777,0.565217,0.690427,0.023715,0.038562
3,109,0.347826,0.469880,0.000000,0.477727,0.652174,0.533328,0.051383,0.000000
3,110,0.869565,0.566265,0.359113,0.646865,0.130435,0.349674,0.027668,0.071823
3,111,0.521739,0.502008,0.165064,0.704250,0.478261,0.303576,0.027668,0.033013
3,112,0.565217,0.510040,0.703989,0.484724,0.434783,0.490362,0.023715,0.138789
3,113,0.608696,0.518072,0.329598,0.527288,0.391304,0.467999,0.023715,0.065920
3,114,0.608696,0.518072,0.067858,0.550189,0.391304,0.459060,0.027668,0.013572
3,115,0.369565,0.473896,0.558709,0.547779,0.630435,0.436223,0.031621,0.111742
3,116,0.478261,0.493976,0.022408,0.625427,0.521739,0.387897,0.027668,0.004482
3,117,1.000000,0.590361,0.214280,0.748615,0.000000,0.257711,0.023715,0.042856
3,118,0.434783,0.485944,0.580953,0.450608,0.565217,0.530004,0.023715,0.116191
3,119,0.282609,0.457831,0.052380,0.556606,0.717391,0.453586,0.039526,0.010476
3,120,0.347826,0.469880,0.652862,0.444910,0.652174,0.531879,0.027668,0.130572
3,121,0.804348,0.554217,0.442302,0.795212,0.195652,0.200490,0.023715,0.088460
3,122,0.586957,0.514056,0.570664,0.494591,0.413043,0.487566,0.023715,0.114133
3,123,0.413043,0.481928,0.418635,0.367634,0.586957,0.619388,0.031621,0.083727
3,124,0.760870,0.546185,0.335778,0.686364,0.239130,0.312286,0.027668,0.067156
3,125,0.478261,0.493976,0.044705,0.382024,0.521739,0.624522,0.027668,0.008941
3,126,0.695652,0.534137,0.226515,0.699252,0.304348,0.305304,0.031621,0.045303
3,127,0.608696,0.518072,0.552468,0.491585,0.391304,0.491437,0.023715,0.108917
3,128,0.456522,0.489960,0.116990,0.376193,0.543478,0.626508,0.023715,0.023398
3,129,0.543478,0.506024,0.150074,0.486975,0.456522,0.516592,0.023715,0.030015
3,130,0.478261,0.493976,0.189662,0.525864,0.521739,0.476571,0.023715,0.037932
3,131,0.500000,0.497992,0.108810,0.485470,0.500000,0.520181,0.035573,0.021762
3,132,0.695652,0.534137,0.779914,0.744996,0.304348,0.232216,0.027668,0.155983
3,133,0.000000,0.405622,0.000000,0.165865,1.000000,0.837974,0.067194,0.000000
3,134,0.586957,0.514056,0.503408,0.493368,0.413043,0.492212,0.023715,0.100682
3,135,0.369565,0.473896,0.324624,0.323859,0.630435,0.666975,0.047431,0.064925
3,136,0.543478,0.506024,0.287082,0.408324,0.456522,0.586391,0.035573,0.057416
3,137,0.826087,0.558233,0.141132,0.733977,0.173913,0.275765,0.023715,0.028226
3,138,0.652174,0.526104,0.000000,0.533469,0.347826,0.478876,0.031621,0.000000
3,139,0.217391,0.445783,0.000000,0.345567,0.782609,0.662430,0.043478,0.000000
3,140,0.347826,0.469880,0.210731,0.425135,0.652174,0.573888,0.031621,0.042146
3,141,0.413043,0.481928,0.533643,0.512453,0.586957,0.472018,0.031621,0.106729
3,142,0.391304,0.477912,0.440195,0.441833,0.608696,0.545800,0.027668,0.088039
3,143,0.543478,0.506024,0.400919,0.715398,0.456522,0.280581,0.027668,0.080184
3,144,0.586957,0.514056,0.424926,0.581958,0.413043,0.409701,0.027668,0.084985
3,145,0.260870,0.453815,0.485182,0.494181,0.739130,0.492354,0.055336,0.097036
3,146,0.217391,0.445783,0.309808,0.088811,0.782609,0.897344,0.051383,0.061962
3,147,0.608696,0.518072,0.886411,0.561376,0.391304,0.406122,0.027668,0.177282
3,148,0.326087,0.465863,0.173286,0.221392,0.673913,0.774837,0.043478,0.034657
3,149,0.347826,0.469880,0.275912,0.510920,0.652174,0.486743,0.027668,0.055182
3,150,0.543478,0.506024,0.069587,0.476670,0.456522,0.530790,0.023715,0.013917
3,151,0.760870,0.546185,0.514029,0.663437,0.239130,0.325535,0.023715,0.102806
3,152,0.391304,0.477912,0.000000,0.481394,0.608696,0.529747,0.035573,0.000000
3,153,0.565217,0.510040,0.282351,0.683113,0.434783,0.318204,0.031621,0.056470
3,154,0.391304,0.477912,0.238777,0.314049,0.608696,0.680963,0.043478,0.047755
3,155,0.500000,0.497992,0.576881,0.635236,0.500000,0.349857,0.031621,0.115376
3,156,0.673913,0.530120,0.410207,0.569364,0.326087,0.422759,0.023715,0.082041
3,157,0.260870,0.453815,0.000000,0.468189,0.739130,0.542646,0.047431,0.000000
3,158,0.739130,0.542169,0.686744,0.658969,0.260870,0.321034,0.023715,0.135390
3,159,0.695652,0.534137,0.756962,0.700431,0.304348,0.276928,0.023715,0.151392
3,160,0.239130,0.449799,0.000000,0.276508,0.760870,0.729891,0.055336,0.000000
3,161,0.369565,0.473896,0.000000,0.495760,0.630435,0.515713,0.039526,0.000000
3,162,0.391304,0.477912,0.492286,0.538287,0.608696,0.448905,0.027668,0.098457
3,163,0.391304,0.477912,0.000000,0.317736,0.608696,0.689617,0.031621,0.000000
3,164,0.652174,0.526104,0.000000,0.587102,0.347826,0.426485,0.031621,0.000000
3,165,0.434783,0.485944,0.058119,0.270506,0.565217,0.732771,0.023715,0.011624
3,166,0.543478,0.506024,0.398631,0.614740,0.456522,0.379027,0.027668,0.079726
3,167,0.326087,0.465863,0.208043,0.577732,0.673913,0.424960,0.027668,0.041609
3,168,0.456522,0.489960,0.166526,0.532776,0.543478,0.471007,0.031621,0.033305
3,169,0.565217,0.510040,0.311378,0.502591,0.434783,0.493059,0.023715,0.062276
3,170,0.434783,0.485944,0.233838,0.335776,0.565217,0.659993,0.039526,0.046768
3,171,0.826087,0.558233,0.719437,0.832626,0.173913,0.149718,0.027668,0.143887
3,172,0.826087,0.558233,0.000000,0.475632,0.173913,0.535375,0.023715,0.000000
3,173,0.478261,0.493976,0.303047,0.521833,0.521739,0.474689,0.035573,0.060609
3,174,0.456522,0.489960,0.494429,0.593065,0.543478,0.395284,0.027668,0.098886
3,175,0.478261,0.493976,0.264990,0.505587,0.521739,0.492513,0.027668,0.052998
3,176,0.521739,0.502008,0.000000,0.406612,0.478261,0.602798,0.023715,0.000000
3,177,0.521739,0.502008,0.405158,0.333539,0.478261,0.653386,0.031621,0.081032
3,178,0.695652,0.534137,0.942647,0.733513,0.304348,0.235082,0.027668,0.188529
3,179,0.739130,0.542169,0.828373,0.809254,0.260870,0.166959,0.023715,0.165675
3,180,0.369565,0.473896,0.000000,0.468137,0.630435,0.542696,0.031621,0.000000
3,181,0.391304,0.477912,0.037324,0.313140,0.608696,0.692191,0.035573,0.007358
3,182,0.326087,0.465863,0.180701,0.389547,0.673913,0.610193,0.047431,0.036140
3,183,0.652174,0.526104,0.561733,0.782278,0.347826,0.206995,0.023715,0.112347
3,184,0.500000,0.497992,0.025006,0.482608,0.500000,0.527277,0.027668,0.005001
3,185,0.521739,0.502008,0.506966,0.571232,0.478261,0.415968,0.031621,0.101393
3,186,0.434783,0.485944,0.596894,0.521808,0.565217,0.459633,0.023715,0.119379
3,187,0.586957,0.514056,0.139312,0.689071,0.413043,0.319725,0.027668,0.027862
3,188,0.913043,0.574297,0.495470,0.763046,0.086957,0.229183,0.023715,0.099094
3,189,0.673913,0.530120,0.489124,0.635925,0.326087,0.353688,0.023715,0.097825
3,190,0.673913,0.530120,0.407536,0.432059,0.326087,0.557023,0.023715,0.081507
3,191,0.543478,0.506024,0.623698,0.759967,0.456522,0.225610,0.027668,0.124740
3,192,0.695652,0.534137,0.059549,0.497549,0.304348,0.510909,0.027668,0.011910
3,193,0.543478,0.506024,0.040721,0.451683,0.456522,0.556680,0.035573,0.008144
3,194,0.478261,0.493976,0.669816,0.543452,0.521739,0.434748,0.027668,0.133963
3,195,0.760870,0.546185,0.368211,0.614373,0.239130,0.380947,0.023715,0.073642
3,196,0.543478,0.506024,0.000000,0.314520,0.456522,0.692758,0.027668,0.000000
3,197,0.739130,0.542169,0.438359,0.727221,0.260870,0.267110,0.023715,0.087672
3,198,0.826087,0.558233,0.577065,0.639483,0.173913,0.345699,0.027668,0.115413
3,199,0.934783,0.578313,0.353044,0.839618,0.065217,0.161693,0.023715,0.070609
3,200,0.456522,0.489960,0.000000,0.588340,0.543478,0.425275,0.031621,0.000000
3,201,0.326087,0.465863,0.000000,0.478829,0.673913,0.532252,0.039526,0.000000
3,202,0.521739,0.502008,0.184438,0.607349,0.478261,0.397240,0.027668,0.036888
3,203,0.478261,0.493976,0.847077,0.661611,0.521739,0.310224,0.023715,0.169415
3,204,0.717391,0.538153,0.100420,0.624566,0.282609,0.384734,0.023715,0.020084
3,205,0.500000,0.497992,0.836315,0.610957,0.500000,0.360259,0.023715,0.167263
3,206,0.434783,0.485944,0.048112,0.388102,0.565217,0.618410,0.027668,0.009622
3,207,0.760870,0.546185,0.000000,0.729080,0.239130,0.287792,0.023715,0.000000
3,208,0.456522,0.489960,0.177970,0.558678,0.543478,0.445116,0.027668,0.035594
3,209,0.565217,0.510040,0.883053,0.708851,0.434783,0.262232,0.023715,0.174091
3,210,0.565217,0.510040,0.586756,0.513479,0.434783,0.468290,0.023715,0.117351
3,211,0.608696,0.518072,0.416401,0.787456,0.391304,0.209396,0.031621,0.083280
3,212,0.739130,0.542169,0.390861,0.742937,0.260870,0.254196,0.023715,0.078172
3,213,0.760870,0.546185,0.616944,0.786640,0.239130,0.199901,0.023715,0.123389
3,214,0.282609,0.457831,0.000000,0.348452,0.717391,0.659612,0.047431,0.000000
3,215,0.652174,0.526104,0.635804,0.634829,0.347826,0.347231,0.023715,0.127161
3,216,0.652174,0.526104,0.674903,0.610780,0.347826,0.368716,0.027668,0.134981
3,217,0.413043,0.481928,0.431172,0.445595,0.586957,0.542588,0.031621,0.086234
3,218,0.630435,0.522088,0.315354,0.691704,0.369565,0.308118,0.027668,0.063071
3,219,0.608696,0.518072,0.000000,0.509788,0.391304,0.502009,0.023715,0.000000
3,220,0.434783,0.485944,0.000000,0.465782,0.565217,0.544997,0.039526,0.000000
3,221,0.521739,0.502008,0.100846,0.419522,0.478261,0.585010,0.023715,0.020169
3,222,0.608696,0.518072,0.483669,0.662331,0.391304,0.328173,0.023715,0.096734
3,223,0.630435,0.522088,0.145118,0.602852,0.369565,0.403651,0.027668,0.029024
3,224,0.717391,0.538153,0.659963,0.675427,0.282609,0.306332,0.023715,0.131993
3,225,0.282609,0.457831,0.000000,0.000000,0.717391,1.000000,0.031621,0.000000
3,226,0.304348,0.461847,0.000000,0.235267,0.695652,0.770177,0.039526,0.000000
3,227,0.565217,0.510040,0.157431,0.632418,0.434783,0.374137,0.027668,0.031486
3,228,0.586957,0.514056,0.568411,0.651754,0.413043,0.334156,0.023715,0.113682
3,229,0.804348,0.554217,0.683078,0.780546,0.195652,0.202459,0.023715,0.136616
3,230,0.369565,0.473896,0.638075,0.414197,0.630435,0.562640,0.027668,0.127615
3,231,0.413043,0.481928,0.000000,0.283200,0.586957,0.723354,0.035573,0.000000
3,232,0.695652,0.534137,0.227007,0.756496,0.304348,0.249360,0.035573,0.045401
3,233,0.326087,0.465863,0.343632,0.374383,0.673913,0.616645,0.027668,0.068726
3,234,0.478261,0.493976,0.000000,0.266571,0.521739,0.739598,0.023715,0.000000
3,235,0.565217,0.510040,0.000000,0.443691,0.434783,0.566577,0.023715,0.000000
3,236,0.173913,0.437751,0.000000,0.251210,0.826087,0.754603,0.067194,0.000000
3,237,0.804348,0.554217,0.248295,0.682489,0.195652,0.320561,0.027668,0.049659
3,238,0.478261,0.493976,0.000000,0.438744,0.521739,0.571409,0.031621,0.000000
3,239,0.413043,0.481928,0.474246,0.527360,0.586957,0.460505,0.031621,0.094849
3,240,0.304348,0.461847,0.396722,0.313238,0.695652,0.673649,0.035573,0.078213
3,241,0.456522,0.489960,0.000000,0.632209,0.543478,0.382421,0.035573,0.000000
3,242,0.673913,0.530120,0.852016,0.810083,0.326087,0.164936,0.023715,0.170403
3,243,0.347826,0.469880,0.548638,0.536587,0.652174,0.447672,0.035573,0.109728
3,244,0.695652,0.534137,0.000000,0.606340,0.304348,0.407691,0.031621,0.000000
3,245,0.369565,0.473896,0.000000,0.514624,0.630435,0.497285,0.035573,0.000000
3,246,0.478261,0.493976,0.000000,0.512177,0.521739,0.499675,0.031621,0.000000
3,247,0.652174,0.526104,0.453351,0.692819,0.347826,0.299947,0.027668,0.090670
3,248,0.434783,0.485944,0.447415,0.453992,0.565217,0.533551,0.023715,0.089483
3,249,0.369565,0.473896,0.000000,0.312756,0.630435,0.694482,0.031621,0.000000
4,0,0.565217,0.510040,0.000000,0.259632,0.434783,0.758492,0.027559,0.000000
4,1,0.760870,0.546185,0.256828,0.401681,0.239130,0.604876,0.027559,0.051366
4,2,0.804348,0.554217,0.450312,0.661534,0.195652,0.340925,0.023622,0.090062
4,3,0.478261,0.493976,0.326298,0.473692,0.521739,0.530750,0.023622,0.065260
4,4,0.739130,0.542169,0.000000,0.539411,0.260870,0.487163,0.023622,0.000000
4,5,0.326087,0.465863,0.000000,0.451953,0.673913,0.571979,0.031496,0.000000
4,6,0.586957,0.514056,0.000000,0.661060,0.413043,0.369188,0.031496,0.000000
4,7,0.521739,0.502008,0.271585,0.406401,0.478261,0.599387,0.031496,0.054317
4,8,0.282609,0.457831,0.000000,0.208537,0.717391,0.808044,0.043307,0.000000
4,9,0.456522,0.489960,0.000000,0.195982,0.543478,0.820219,0.035433,0.000000
4,10,0.500000,0.497992,0.243923,0.469372,0.500000,0.540026,0.023622,0.048785
4,11,0.391304,0.477912,0.395017,0.296701,0.608696,0.698152,0.035433,0.077495
4,12,0.739130,0.542169,0.000000,0.561729,0.260870,0.465519,0.023622,0.000000
4,13,0.630435,0.522088,0.000000,0.550165,0.369565,0.476734,0.023622,0.000000
4,14,0.521739,0.502008,0.000000,0.647021,0.478261,0.382803,0.035433,0.000000
4,15,0.956522,0.582329,0.527914,0.915355,0.043478,0.089979,0.023622,0.105583
4,16,0.413043,0.481928,0.643071,0.344536,0.586957,0.636447,0.027559,0.128614
4,17,0.565217,0.510040,0.063620,0.574961,0.434783,0.448759,0.027559,0.012724
4,18,0.608696,0.518072,0.827748,0.765054,0.391304,0.217228,0.023622,0.165550
4,19,0.565217,0.510040,0.290621,0.227246,0.434783,0.771955,0.027559,0.058124
4,20,0.608696,0.518072,0.565358,0.374401,0.391304,0.612282,0.023622,0.113072
4,21,0.282609,0.457831,0.000000,0.461540,0.717391,0.562682,0.043307,0.000000
4,22,0.608696,0.518072,0.000000,0.449976,0.391304,0.573896,0.027559,0.000000
4,23,0.478261,0.493976,0.320863,0.525815,0.521739,0.480537,0.035433,0.064173
4,24,0.434783,0.485944,0.755853,0.673955,0.565217,0.310014,0.043307,0.151171
4,25,0.456522,0.489960,0.035811,0.305641,0.543478,0.711661,0.023622,0.007162
4,26,0.173913,0.437751,0.000000,0.233727,0.826087,0.783614,0.055118,0.000000
4,27,0.608696,0.518072,0.691064,0.288991,0.391304,0.687351,0.023622,0.138213
4,28,0.565217,0.510040,0.344453,0.296863,0.434783,0.701118,0.023622,0.068891
4,29,0.326087,0.465863,0.000000,0.165455,0.673913,0.849824,0.031496,0.000000
4,30,0.543478,0.506024,0.234581,0.355424,0.456522,0.651109,0.039370,0.046916
4,31,0.413043,0.481928,0.000000,0.240370,0.586957,0.777172,0.023622,0.000000
4,32,0.521739,0.502008,0.242945,0.361364,0.478261,0.644832,0.023622,0.048589
4,33,0.478261,0.493976,0.285307,0.435610,0.521739,0.570213,0.039370,0.057061
4,34,0.456522,0.489960,0.308044,0.424798,0.543478,0.579295,0.023622,0.061609
4,35,0.500000,0.497992,0.000000,0.479884,0.500000,0.544892,0.035433,0.000000
4,36,0.652174,0.526104,0.295848,0.563717,0.347826,0.445324,0.027559,0.059170
4,37,0.369565,0.473896,0.151226,0.416041,0.630435,0.597469,0.023622,0.030245
4,38,0.521739,0.502008,0.013908,0.418359,0.478261,0.603700,0.031496,0.002782
4,39,0.695652,0.534137,0.145992,0.567970,0.304348,0.450453,0.023622,0.029198
4,40,0.586957,0.514056,0.292946,0.505089,0.413043,0.502361,0.023622,0.058589
4,41,0.543478,0.506024,0.000000,0.647974,0.456522,0.381879,0.027559,0.000000
4,42,0.500000,0.497992,0.691338,0.433838,0.500000,0.546862,0.023622,0.138268
4,43,0.782609,0.550201,0.340036,0.777420,0.217391,0.235348,0.023622,0.068007
4,44,0.434783,0.485944,0.120754,0.303550,0.565217,0.708445,0.035433,0.024151
4,45,0.652174,0.526104,0.000000,0.397044,0.347826,0.625229,0.023622,0.000000
4,46,0.586957,0.514056,0.155530,0.368822,0.413043,0.642996,0.027559,0.031106
4,47,0.630435,0.522088,0.459321,0.692690,0.369565,0.310154,0.027559,0.091864
4,48,0.673913,0.530120,0.267164,0.471529,0.326087,0.536499,0.027559,0.053433
4,49,0.500000,0.497992,0.366223,0.525114,0.500000,0.478416,0.027559,0.073245
4,50,0.630435,0.522088,0.704443,0.588521,0.369565,0.396042,0.023622,0.140889
4,51,0.391304,0.477912,0.255972,0.277915,0.608696,0.724956,0.039370,0.051194
4,52,0.760870,0.546185,0.163984,0.410051,0.239130,0.602491,0.027559,0.032797
4,53,0.326087,0.465863,0.510586,0.339249,0.673913,0.649754,0.031496,0.102117
4,54,0.304348,0.461847,0.331356,0.372242,0.695652,0.628823,0.035433,0.066271
4,55,0.543478,0.506024,0.477623,0.555998,0.456522,0.441587,0.027559,0.095525
4,56,0.565217,0.510040,0.203503,0.493600,0.434783,0.519025,0.027559,0.040701
4,57,0.500000,0.497992,0.757437,0.760301,0.500000,0.226178,0.031496,0.151487
4,58,0.456522,0.489960,0.337111,0.312117,0.543478,0.686777,0.031496,0.067422
4,59,0.304348,0.461847,0.000000,0.407693,0.695652,0.614902,0.031496,0.000000
4,60,0.304348,0.461847,0.000000,0.192082,0.695652,0.824002,0.066929,0.000000
4,61,0.891304,0.570281,0.676960,0.947802,0.108696,0.049309,0.023622,0.135392
4,62,0.456522,0.489960,0.196036,0.409620,0.543478,0.600930,0.023622,0.039207
4,63,0.195652,0.441767,0.000000,0.119272,0.804348,0.894612,0.062992,0.000000
4,64,0.260870,0.453815,0.194011,0.401524,0.739130,0.608906,0.039370,0.038802
4,65,0.304348,0.461847,0.000000,0.268234,0.695652,0.750149,0.035433,0.000000
4,66,0.543478,0.506024,0.195257,0.496709,0.456522,0.516520,0.027559,0.039051
4,67,0.543478,0.506024,0.462996,0.328970,0.456522,0.662661,0.023622,0.092599
4,68,0.586957,0.514056,0.718336,0.455793,0.413043,0.523902,0.023622,0.143667
4,69,0.521739,0.502008,0.000000,0.271661,0.478261,0.746825,0.027559,0.000000
4,70,0.608696,0.518072,0.359619,0.671329,0.391304,0.337025,0.023622,0.071924
4,71,0.521739,0.502008,0.460417,0.419542,0.478261,0.574984,0.023622,0.090325
4,72,0.434783,0.485944,0.000000,0.491547,0.565217,0.533581,0.039370,0.000000
4,73,0.586957,0.514056,0.286697,0.548977,0.413043,0.460184,0.031496,0.057339
4,74,0.630435,0.522088,0.719890,0.696965,0.369565,0.289919,0.023622,0.143978
4,75,0.913043,0.574297,0.403148,0.846502,0.086957,0.164455,0.023622,0.080630
4,76,0.565217,0.510040,0.063377,0.509070,0.434783,0.512675,0.035433,0.012675
4,77,0.847826,0.562249,0.289342,0.601252,0.152174,0.409325,0.027559,0.057868
4,78,0.652174,0.526104,0.162962,0.504372,0.347826,0.511082,0.027559,0.032592
4,79,0.586957,0.514056,0.492402,0.808064,0.413043,0.196222,0.027559,0.098480
4,80,0.347826,0.469880,0.000000,0.137798,0.652174,0.876645,0.039370,0.000000
4,81,0.652174,0.526104,0.763693,0.597374,0.347826,0.383797,0.023622,0.152739
4,82,0.434783,0.485944,0.161250,0.590007,0.565217,0.428139,0.027559,0.032250
4,83,0.695652,0.534137,0.390814,0.616682,0.304348,0.388095,0.023622,0.078163
4,84,0.369565,0.473896,0.374378,0.149630,0.630435,0.842056,0.027559,0.074876
4,85,0.934783,0.578313,0.539122,0.796969,0.065217,0.204097,0.023622,0.107824
4,86,0.239130,0.449799,0.000000,0.217812,0.760870,0.799048,0.051181,0.000000
4,87,0.673913,0.530120,0.330438,0.597458,0.326087,0.410467,0.027559,0.066088
4,88,0.608696,0.518072,0.547129,0.555180,0.391304,0.438089,0.027559,0.109426
4,89,0.195652,0.441767,0.000000,0.287819,0.804348,0.731156,0.078740,0.000000
4,90,0.239130,0.449799,0.178733,0.275643,0.760870,0.731928,0.043307,0.035747
4,91,0.456522,0.489960,0.000000,0.289783,0.543478,0.729251,0.023622,0.000000
4,92,0.543478,0.506024,0.163474,0.446626,0.456522,0.567052,0.031496,0.032695
4,93,0.695652,0.534137,0.000000,0.534384,0.304348,0.492038,0.023622,0.000000
4,94,0.478261,0.493976,0.000000,0.335225,0.521739,0.685182,0.031496,0.000000
4,95,0.586957,0.514056,0.000000,0.361492,0.413043,0.659708,0.031496,0.000000
4,96,0.543478,0.506024,0.000000,0.458348,0.456522,0.565778,0.027559,0.000000
4,97,0.500000,0.497992,0.447419,0.469162,0.500000,0.527665,0.023622,0.089484
4,98,0.543478,0.506024,0.651753,0.595642,0.456522,0.392389,0.027559,0.130351
4,99,0.652174,0.526104,0.589557,0.628749,0.347826,0.364122,0.023622,0.117911
4,100,0.543478,0.506024,0.178244,0.546116,0.456522,0.469655,0.027559,0.035649
4,101,0.586957,0.514056,0.581784,0.476980,0.413043,0.511787,0.023622,0.116357
4,102,0.413043,0.481928,0.000000,0.244887,0.586957,0.772791,0.035433,0.000000
4,103,0.913043,0.574297,0.146298,1.000000,0.086957,0.031453,0.023622,0.029260
4,104,0.413043,0.481928,0.068331,0.122368,0.586957,0.887390,0.031496,0.013666
4,105,0.173913,0.437751,0.545435,0.221120,0.826087,0.762163,0.047244,0.109087
4,106,0.586957,0.514056,0.002720,0.410014,0.413043,0.612484,0.031496,0.000544
4,107,0.347826,0.469880,0.141433,0.300917,0.652174,0.709721,0.047244,0.028287
4,108,0.434783,0.485944,0.406447,0.291776,0.565217,0.702223,0.023622,0.081289
4,109,0.347826,0.469880,0.000000,0.319320,0.652174,0.700607,0.051181,0.000000
4,110,0.869565,0.566265,0.555490,0.677785,0.130435,0.318670,0.027559,0.111098
4,111,0.521739,0.502008,0.000000,0.410739,0.478261,0.611949,0.027559,0.000000
4,112,0.565217,0.510040,0.117647,0.554772,0.434783,0.465002,0.027559,0.023529
4,113,0.608696,0.518072,0.359691,0.351680,0.391304,0.647015,0.023622,0.071938
4,114,0.608696,0.518072,0.000000,0.427731,0.391304,0.595469,0.027559,0.000000
4,115,0.369565,0.473896,0.456673,0.342471,0.630435,0.649958,0.031496,0.091335
4,116,0.478261,0.493976,0.000000,0.551590,0.521739,0.475352,0.027559,0.000000
4,117,1.000000,0.590361,0.448059,0.926835,0.000000,0.083776,0.023622,0.089612
4,118,0.434783,0.485944,0.498396,0.250932,0.565217,0.736156,0.023622,0.097776
4,119,0.282609,0.457831,0.316698,0.585231,0.717391,0.423173,0.039370,0.063340
4,120,0.347826,0.469880,0.181079,0.238506,0.652174,0.767799,0.027559,0.036216
4,121,0.804348,0.554217,0.441903,0.794091,0.195652,0.212891,0.023622,0.088381
4,122,0.586957,0.514056,0.269124,0.400304,0.413043,0.605452,0.023622,0.053825
4,123,0.413043,0.481928,0.230244,0.352015,0.586957,0.654683,0.031496,0.046049
4,124,0.760870,0.546185,0.387771,0.614964,0.239130,0.389949,0.027559,0.077554
4,125,0.478261,0.493976,0.110244,0.235138,0.521739,0.775439,0.027559,0.022049
4,126,0.695652,0.534137,0.473415,0.767373,0.304348,0.236856,0.031496,0.094683
4,127,0.608696,0.518072,0.128921,0.536611,0.391304,0.481918,0.027559,0.025784
4,128,0.456522,0.489960,0.000875,0.271003,0.543478,0.747410,0.023622,0.000175
4,129,0.543478,0.506024,0.108619,0.389545,0.456522,0.625796,0.023622,0.021724
4,130,0.478261,0.493976,0.281805,0.436870,0.521739,0.569208,0.023622,0.056361
4,131,0.500000,0.497992,0.000000,0.294407,0.500000,0.724767,0.035433,0.000000
4,132,0.695652,0.534137,0.933836,0.751807,0.304348,0.223524,0.027559,0.186767
4,133,0.000000,0.405622,0.000000,0.124134,1.000000,0.889897,0.066929,0.000000
4,134,0.586957,0.514056,0.896428,0.575140,0.413043,0.397164,0.023622,0.175862
4,135,0.369565,0.473896,0.218042,0.238780,0.630435,0.765251,0.047244,0.043608
4,136,0.543478,0.506024,0.287912,0.221048,0.456522,0.778133,0.035433,0.057582
4,137,0.826087,0.558233,0.275089,0.739569,0.173913,0.276066,0.023622,0.055018
4,138,0.652174,0.526104,0.000000,0.428960,0.347826,0.594278,0.031496,0.000000
4,139,0.217391,0.445783,0.162359,0.337604,0.782609,0.672850,0.043307,0.032472
4,140,0.347826,0.469880,0.139978,0.401275,0.652174,0.612484,0.031496,0.027996
4,141,0.413043,0.481928,0.514617,0.336747,0.586957,0.651932,0.031496,0.102923
4,142,0.391304,0.477912,0.950568,0.556016,0.608696,0.412368,0.027559,0.186484
4,143,0.543478,0.506024,0.361922,0.658536,0.456522,0.349290,0.027559,0.071002
4,144,0.586957,0.514056,0.070405,0.459648,0.413043,0.560170,0.027559,0.014081
4,145,0.260870,0.453815,0.466462,0.497283,0.739130,0.499218,0.055118,0.093292
4,146,0.217391,0.445783,0.166523,0.000000,0.782609,1.000000,0.051181,0.033305
4,147,0.608696,0.518072,0.542108,0.547451,0.391304,0.445894,0.027559,0.108422
4,148,0.326087,0.465863,0.000000,0.163081,0.673913,0.852127,0.043307,0.000000
4,149,0.347826,0.469880,0.250272,0.391586,0.652174,0.615070,0.027559,0.050054
4,150,0.543478,0.506024,0.265856,0.346371,0.456522,0.657958,0.023622,0.053171
4,151,0.760870,0.546185,0.264171,0.648506,0.239130,0.365052,0.023622,0.052834
4,152,0.391304,0.477912,0.142860,0.314695,0.608696,0.696271,0.035433,0.028572
4,153,0.565217,0.510040,0.323772,0.530250,0.434783,0.476056,0.031496,0.064754
4,154,0.391304,0.477912,0.000000,0.187048,0.608696,0.828883,0.043307,0.000000
4,155,0.500000,0.497992,0.545127,0.700754,0.500000,0.297036,0.031496,0.109025
4,156,0.673913,0.530120,0.942965,0.531625,0.326087,0.436493,0.023622,0.188593
4,157,0.260870,0.453815,0.000000,0.304798,0.739130,0.714689,0.047244,0.000000
4,158,0.739130,0.542169,0.241366,0.682669,0.260870,0.333329,0.027559,0.048273
4,159,0.695652,0.534137,0.405240,0.750817,0.304348,0.257121,0.023622,0.081048
4,160,0.239130,0.449799,0.000000,0.230888,0.760870,0.786368,0.055118,0.000000
4,161,0.369565,0.473896,0.000000,0.329857,0.630435,0.690387,0.039370,0.000000
4,162,0.391304,0.477912,0.582439,0.295408,0.608696,0.687835,0.027559,0.116488
4,163,0.391304,0.477912,0.000000,0.181562,0.608696,0.834203,0.031496,0.000000
4,164,0.652174,0.526104,0.239834,0.622453,0.347826,0.391821,0.031496,0.047967
4,165,0.434783,0.485944,0.381665,0.363228,0.565217,0.634459,0.023622,0.076333
4,166,0.543478,0.506024,0.194086,0.410849,0.456522,0.599858,0.027559,0.038817
4,167,0.326087,0.465863,0.080649,0.422859,0.673913,0.595215,0.027559,0.016130
4,168,0.456522,0.489960,0.201179,0.423137,0.543478,0.587503,0.031496,0.040236
4,169,0.565217,0.510040,0.040928,0.421377,0.434783,0.599105,0.023622,0.008186
4,170,0.434783,0.485944,0.319751,0.320028,0.565217,0.680178,0.039370,0.063950
4,171,0.826087,0.558233,0.308949,0.735361,0.173913,0.278056,0.027559,0.061790
4,172,0.826087,0.558233,0.000000,0.469468,0.173913,0.554993,0.023622,0.000000
4,173,0.478261,0.493976,0.647311,0.643854,0.521739,0.345908,0.035433,0.129462
4,174,0.456522,0.489960,0.227692,0.520342,0.543478,0.491598,0.027559,0.045538
4,175,0.478261,0.493976,0.189375,0.322950,0.521739,0.685394,0.027559,0.037875
4,176,0.521739,0.502008,0.000000,0.312350,0.478261,0.707365,0.023622,0.000000
4,177,0.521739,0.502008,0.357746,0.312086,0.478261,0.685533,0.031496,0.071549
4,178,0.695652,0.534137,0.649064,0.673920,0.304348,0.316641,0.027559,0.129813
4,179,0.739130,0.542169,0.478664,0.818981,0.260870,0.186482,0.023622,0.095733
4,180,0.369565,0.473896,0.000000,0.305190,0.630435,0.714310,0.031496,0.000000
4,181,0.391304,0.477912,0.000000,0.172672,0.608696,0.842825,0.039370,0.000000
4,182,0.326087,0.465863,0.077135,0.269497,0.673913,0.744162,0.047244,0.015427
4,183,0.652174,0.526104,0.258580,0.659470,0.347826,0.354765,0.023622,0.051716
4,184,0.500000,0.497992,0.000000,0.464182,0.500000,0.560119,0.027559,0.000000
4,185,0.521739,0.502008,0.269486,0.557991,0.478261,0.452505,0.031496,0.053897
4,186,0.434783,0.485944,0.397827,0.527643,0.565217,0.474012,0.023622,0.079565
4,187,0.586957,0.514056,0.000000,0.779658,0.413043,0.254172,0.027559,0.000000
4,188,0.913043,0.574297,0.333037,0.750190,0.086957,0.262187,0.023622,0.066607
4,189,0.673913,0.530120,0.694457,0.722650,0.326087,0.266581,0.023622,0.138891
4,190,0.673913,0.530120,0.273108,0.475785,0.326087,0.532004,0.023622,0.054622
4,191,0.543478,0.506024,0.435852,0.630296,0.456522,0.372112,0.027559,0.087170
4,192,0.695652,0.534137,0.350563,0.525958,0.304348,0.478565,0.027559,0.070113
4,193,0.543478,0.506024,0.000000,0.354555,0.456522,0.666435,0.035433,0.000000
4,194,0.478261,0.493976,0.577714,0.400396,0.521739,0.586309,0.027559,0.115543
4,195,0.760870,0.546185,0.176552,0.607900,0.239130,0.409842,0.023622,0.035310
4,196,0.543478,0.506024,0.000000,0.209100,0.456522,0.807497,0.027559,0.000000
4,197,0.739130,0.542169,0.312772,0.704773,0.260870,0.307484,0.023622,0.062554
4,198,0.826087,0.558233,0.409009,0.590237,0.173913,0.412619,0.027559,0.081802
4,199,0.934783,0.578313,0.438418,0.870870,0.065217,0.138646,0.023622,0.087684
4,200,0.456522,0.489960,0.000000,0.437986,0.543478,0.585525,0.031496,0.000000
4,201,0.326087,0.465863,0.000000,0.344532,0.673913,0.676156,0.039370,0.000000
4,202,0.521739,0.502008,0.293627,0.640233,0.478261,0.371257,0.027559,0.058725
4,203,0.478261,0.493976,0.978237,0.558777,0.521739,0.407982,0.023622,0.195647
4,204,0.717391,0.538153,0.000000,0.600661,0.282609,0.427763,0.023622,0.000000
4,205,0.500000,0.497992,0.632627,0.352708,0.500000,0.629167,0.023622,0.126525
4,206,0.434783,0.485944,0.516478,0.302125,0.565217,0.685393,0.027559,0.103296
4,207,0.760870,0.546185,0.059498,0.562380,0.239130,0.461214,0.023622,0.011900
4,208,0.456522,0.489960,0.076484,0.543197,0.543478,0.478769,0.027559,0.015297
4,209,0.565217,0.510040,0.628137,0.691450,0.434783,0.300932,0.027559,0.125627
4,210,0.565217,0.510040,0.847264,0.503106,0.434783,0.470059,0.023622,0.166217
4,211,0.608696,0.518072,0.363967,0.725558,0.391304,0.284166,0.031496,0.072793
4,212,0.739130,0.542169,0.036006,0.661983,0.260870,0.366070,0.023622,0.007201
4,213,0.760870,0.546185,0.695465,0.763401,0.239130,0.226998,0.023622,0.139093
4,214,0.282609,0.457831,0.005409,0.260068,0.717391,0.757735,0.047244,0.001082
4,215,0.652174,0.526104,0.415841,0.586449,0.347826,0.415870,0.023622,0.083168
4,216,0.652174,0.526104,0.687312,0.501327,0.347826,0.481660,0.027559,0.134838
4,217,0.413043,0.481928,0.524599,0.270299,0.586957,0.715756,0.031496,0.104920
4,218,0.630435,0.522088,0.339057,0.648974,0.369565,0.359975,0.027559,0.067811
4,219,0.608696,0.518072,0.000000,0.522728,0.391304,0.503342,0.023622,0.000000
4,220,0.434783,0.485944,0.000000,0.374014,0.565217,0.647565,0.039370,0.000000
4,221,0.521739,0.502008,0.000000,0.230418,0.478261,0.786823,0.023622,0.000000
4,222,0.608696,0.518072,0.447047,0.630500,0.391304,0.371223,0.023622,0.089409
4,223,0.630435,0.522088,0.000000,0.611193,0.369565,0.417549,0.027559,0.000000
4,224,0.717391,0.538153,0.475142,0.474054,0.282609,0.521209,0.023622,0.095028
4,225,0.282609,0.457831,0.063037,0.087326,0.717391,0.921701,0.031496,0.012607
4,226,0.304348,0.461847,0.141013,0.161194,0.695652,0.845250,0.039370,0.028203
4,227,0.565217,0.510040,0.109940,0.387994,0.434783,0.627219,0.027559,0.021988
4,228,0.586957,0.514056,0.752367,0.518211,0.413043,0.461269,0.023622,0.150473
4,229,0.804348,0.554217,0.686013,0.775974,0.195652,0.215388,0.023622,0.137203
4,230,0.369565,0.473896,0.539952,0.314691,0.630435,0.671757,0.027559,0.107990
4,231,0.413043,0.481928,0.000000,0.140499,0.586957,0.874026,0.035433,0.000000
4,232,0.695652,0.534137,0.000000,0.727543,0.304348,0.304713,0.035433,0.000000
4,233,0.326087,0.465863,0.455630,0.434878,0.673913,0.560406,0.027559,0.091126
4,234,0.478261,0.493976,0.000000,0.294903,0.521739,0.724286,0.023622,0.000000
4,235,0.565217,0.510040,0.306834,0.495589,0.434783,0.510716,0.023622,0.061367
4,236,0.173913,0.437751,0.046088,0.250064,0.826087,0.764925,0.066929,0.009218
4,237,0.804348,0.554217,0.030213,0.596808,0.195652,0.429634,0.027559,0.006043
4,238,0.478261,0.493976,0.000000,0.227696,0.521739,0.789463,0.031496,0.000000
4,239,0.413043,0.481928,0.451790,0.571144,0.586957,0.428493,0.031496,0.090358
4,240,0.304348,0.461847,0.051736,0.309893,0.695652,0.706555,0.039370,0.010347
4,241,0.456522,0.489960,0.000000,0.499128,0.543478,0.526229,0.035433,0.000000
4,242,0.673913,0.530120,1.000000,0.978080,0.326087,0.000000,0.023622,0.200000
4,243,0.347826,0.469880,0.198292,0.547588,0.652174,0.466990,0.035433,0.039658
4,244,0.695652,0.534137,0.048228,0.610984,0.304348,0.414774,0.031496,0.009646
4,245,0.369565,0.473896,0.000000,0.466778,0.630435,0.557602,0.035433,0.000000
4,246,0.478261,0.493976,0.000000,0.363057,0.521739,0.658191,0.031496,0.000000
4,247,0.652174,0.526104,0.650542,0.570915,0.347826,0.416444,0.027559,0.130108
4,248,0.434783,0.485944,0.323772,0.411536,0.565217,0.591185,0.023622,0.064754
4,249,0.369565,0.473896,0.000000,0.289008,0.630435,0.730003,0.031496,0.000000
5,0,0.565217,0.510040,0.163404,0.386233,0.434783,0.615890,0.027451,0.032681
5,1,0.760870,0.546185,0.137043,0.474410,0.239130,0.531707,0.027451,0.027409
5,2,0.804348,0.554217,0.222854,0.608926,0.195652,0.396142,0.023529,0.044571
5,3,0.478261,0.493976,0.198360,0.491255,0.521739,0.511865,0.023529,0.039672
5,4,0.739130,0.542169,0.092406,0.649597,0.260870,0.364017,0.023529,0.018481
5,5,0.326087,0.465863,0.000000,0.447041,0.673913,0.566065,0.031373,0.000000
5,6,0.586957,0.514056,0.087163,0.475708,0.413043,0.533272,0.031373,0.017433
5,7,0.521739,0.502008,0.127792,0.451223,0.478261,0.554760,0.031373,0.025558
5,8,0.282609,0.457831,0.000000,0.300636,0.717391,0.708319,0.043137,0.000000
5,9,0.456522,0.489960,0.000000,0.193460,0.543478,0.812455,0.035294,0.000000
5,10,0.500000,0.497992,0.714778,0.476523,0.500000,0.496918,0.023529,0.135063
5,11,0.391304,0.477912,0.000000,0.314978,0.608696,0.694383,0.039216,0.000000
5,12,0.739130,0.542169,0.000000,0.412341,0.260870,0.599781,0.023529,0.000000
5,13,0.630435,0.522088,0.517648,0.609105,0.369565,0.379265,0.023529,0.103530
5,14,0.521739,0.502008,0.000000,0.451721,0.478261,0.561518,0.035294,0.000000
5,15,0.956522,0.582329,0.508020,1.000000,0.043478,0.000000,0.023529,0.101604
5,16,0.413043,0.481928,0.718660,0.437469,0.586957,0.534644,0.027451,0.143732
5,17,0.565217,0.510040,0.411323,0.554988,0.434783,0.437873,0.027451,0.082265
5,18,0.608696,0.518072,0.600559,0.580306,0.391304,0.402550,0.023529,0.120112
5,19,0.565217,0.510040,0.422199,0.409796,0.434783,0.578331,0.027451,0.084440
5,20,0.608696,0.518072,0.744243,0.553381,0.391304,0.420569,0.023529,0.148849
5,21,0.282609,0.457831,0.000000,0.469335,0.717391,0.544403,0.043137,0.000000
5,22,0.608696,0.518072,0.043303,0.521535,0.391304,0.491229,0.027451,0.008661
5,23,0.478261,0.493976,0.399441,0.528382,0.521739,0.464397,0.035294,0.079888
5,24,0.434783,0.485944,0.770205,0.655430,0.565217,0.319944,0.043137,0.154041
5,25,0.456522,0.489960,0.426968,0.569687,0.543478,0.422704,0.023529,0.085394
5,26,0.173913,0.437751,0.000000,0.373906,0.826087,0.637125,0.054902,0.000000
5,27,0.608696,0.518072,0.551270,0.291589,0.391304,0.685872,0.023529,0.104167
5,28,0.565217,0.510040,0.285221,0.199470,0.434783,0.790454,0.023529,0.057044
5,29,0.326087,0.465863,0.000000,0.312182,0.673913,0.697100,0.031373,0.000000
5,30,0.543478,0.506024,0.398011,0.358390,0.456522,0.629650,0.039216,0.079602
5,31,0.413043,0.481928,0.083047,0.133236,0.586957,0.866266,0.023529,0.016609
5,32,0.521739,0.502008,0.000000,0.402696,0.478261,0.609152,0.023529,0.000000
5,33,0.478261,0.493976,0.000000,0.435894,0.521739,0.576896,0.039216,0.000000
5,34,0.456522,0.489960,0.488745,0.548417,0.543478,0.439870,0.023529,0.097749
5,35,0.500000,0.497992,0.000000,0.642773,0.500000,0.375883,0.035294,0.000000
5,36,0.652174,0.526104,0.730572,0.765445,0.347826,0.215294,0.027451,0.146114
5,37,0.369565,0.473896,0.304188,0.363759,0.630435,0.629750,0.023529,0.060838
5,38,0.521739,0.502008,0.173082,0.400914,0.478261,0.601077,0.031373,0.034616
5,39,0.695652,0.534137,0.629715,0.671353,0.304348,0.312432,0.023529,0.125943
5,40,0.586957,0.514056,0.410170,0.723978,0.413043,0.273740,0.023529,0.082034
5,41,0.543478,0.506024,0.047639,0.805985,0.456522,0.214600,0.027451,0.009528
5,42,0.500000,0.497992,0.832433,0.515327,0.500000,0.452548,0.023529,0.166487
5,43,0.782609,0.550201,0.013529,0.702183,0.217391,0.317391,0.023529,0.002706
5,44,0.434783,0.485944,0.020594,0.215785,0.565217,0.789596,0.035294,0.004119
5,45,0.652174,0.526104,0.000000,0.419104,0.347826,0.593210,0.023529,0.000000
5,46,0.586957,0.514056,0.287465,0.482920,0.413043,0.514915,0.027451,0.057493
5,47,0.630435,0.522088,0.730572,0.650988,0.369565,0.326505,0.027451,0.146114
5,48,0.673913,0.530120,0.304363,0.416870,0.326087,0.578134,0.027451,0.060873
5,49,0.500000,0.497992,0.275681,0.576252,0.500000,0.424897,0.027451,0.055136
5,50,0.630435,0.522088,0.858004,0.597490,0.369565,0.371266,0.023529,0.171601
5,51,0.391304,0.477912,0.223006,0.266979,0.608696,0.728385,0.039216,0.044601
5,52,0.760870,0.546185,0.461203,0.573188,0.239130,0.417362,0.027451,0.092241
5,53,0.326087,0.465863,0.583640,0.461867,0.673913,0.518589,0.031373,0.116728
5,54,0.304348,0.461847,0.000000,0.337095,0.695652,0.672893,0.035294,0.000000
5,55,0.543478,0.506024,0.647950,0.508288,0.456522,0.469840,0.027451,0.129590
5,56,0.565217,0.510040,0.180820,0.434593,0.434783,0.567914,0.027451,0.036164
5,57,0.500000,0.497992,0.433673,0.663907,0.500000,0.330776,0.031373,0.086735
5,58,0.456522,0.489960,0.574147,0.480361,0.543478,0.501158,0.031373,0.114829
5,59,0.304348,0.461847,0.000000,0.344739,0.695652,0.665466,0.031373,0.000000
5,60,0.304348,0.461847,0.000000,0.324224,0.695652,0.685399,0.066667,0.000000
5,61,0.891304,0.570281,0.003486,0.919584,0.108696,0.106723,0.023529,0.000697
5,62,0.456522,0.489960,0.347812,0.606792,0.543478,0.391136,0.023529,0.069562
5,63,0.195652,0.441767,0.000000,0.111086,0.804348,0.892493,0.062745,0.000000
5,64,0.260870,0.453815,0.128816,0.407548,0.739130,0.597139,0.039216,0.025763
5,65,0.304348,0.461847,0.000000,0.143620,0.695652,0.860881,0.035294,0.000000
5,66,0.543478,0.506024,0.037170,0.576659,0.456522,0.438016,0.027451,0.007434
5,67,0.543478,0.506024,0.300116,0.566499,0.456522,0.432989,0.023529,0.060023
5,68,0.586957,0.514056,0.641158,0.575282,0.413043,0.405131,0.023529,0.128232
5,69,0.521739,0.502008,0.000000,0.126933,0.478261,0.877096,0.027451,0.000000
5,70,0.608696,0.518072,0.461189,0.679238,0.391304,0.314320,0.023529,0.092238
5,71,0.521739,0.502008,0.101967,0.454132,0.478261,0.553397,0.027451,0.020393
5,72,0.434783,0.485944,0.000000,0.478548,0.565217,0.535451,0.039216,0.000000
5,73,0.586957,0.514056,0.451255,0.629698,0.413043,0.363019,0.031373,0.090251
5,74,0.630435,0.522088,0.618120,0.631218,0.369565,0.352086,0.023529,0.123624
5,75,0.913043,0.574297,0.616366,0.933736,0.086957,0.058246,0.023529,0.123273
5,76,0.565217,0.510040,0.061041,0.431290,0.434783,0.577910,0.035294,0.012208
5,77,0.847826,0.562249,0.423296,0.773892,0.152174,0.224497,0.027451,0.084659
5,78,0.652174,0.526104,0.652577,0.618833,0.347826,0.362168,0.027451,0.130515
5,79,0.586957,0.514056,0.591800,0.792046,0.413043,0.197310,0.027451,0.118360
5,80,0.347826,0.469880,0.000000,0.253942,0.652174,0.753689,0.039216,0.000000
5,81,0.652174,0.526104,0.609977,0.634066,0.347826,0.349781,0.023529,0.121995
5,82,0.434783,0.485944,0.637316,0.437158,0.565217,0.539555,0.027451,0.127463
5,83,0.695652,0.534137,0.512384,0.538588,0.304348,0.448081,0.023529,0.102477
5,84,0.369565,0.473896,0.350755,0.288695,0.630435,0.700046,0.027451,0.070151
5,85,0.934783,0.578313,0.567353,0.771362,0.065217,0.218792,0.023529,0.113471
5,86,0.239130,0.449799,0.000000,0.248643,0.760870,0.758837,0.050980,0.000000
5,87,0.673913,0.530120,0.837543,0.638887,0.326087,0.332202,0.027451,0.158261
5,88,0.608696,0.518072,0.800307,0.605486,0.391304,0.366765,0.027451,0.160061
5,89,0.195652,0.441767,0.000000,0.414243,0.804348,0.597933,0.078431,0.000000
5,90,0.239130,0.449799,0.332161,0.388296,0.760870,0.604323,0.043137,0.066432
5,91,0.456522,0.489960,0.289370,0.441127,0.543478,0.555414,0.023529,0.057874
5,92,0.543478,0.506024,0.000000,0.459336,0.456522,0.554119,0.031373,0.000000
5,93,0.695652,0.534137,0.000000,0.536481,0.304348,0.479161,0.023529,0.000000
5,94,0.478261,0.493976,0.000000,0.317528,0.521739,0.691905,0.031373,0.000000
5,95,0.586957,0.514056,0.000000,0.360801,0.413043,0.649859,0.031373,0.000000
5,96,0.543478,0.506024,0.170344,0.535258,0.456522,0.470697,0.027451,0.034069
5,97,0.500000,0.497992,0.286479,0.489302,0.500000,0.508770,0.023529,0.057296
5,98,0.543478,0.506024,0.289891,0.534182,0.456522,0.464969,0.027451,0.057978
5,99,0.652174,0.526104,0.216963,0.568166,0.347826,0.436081,0.023529,0.043393
5,100,0.543478,0.506024,0.000000,0.429767,0.456522,0.582849,0.027451,0.000000
5,101,0.586957,0.514056,0.789047,0.500876,0.413043,0.469047,0.023529,0.157809
5,102,0.413043,0.481928,0.192875,0.278461,0.586957,0.718936,0.035294,0.038575
5,103,0.913043,0.574297,0.691542,0.922563,0.086957,0.064842,0.023529,0.138308
5,104,0.413043,0.481928,0.410027,0.413782,0.586957,0.575148,0.031373,0.082005
5,105,0.173913,0.437751,0.455293,0.118620,0.826087,0.859375,0.047059,0.091059
5,106,0.586957,0.514056,0.283509,0.260132,0.413043,0.731609,0.031373,0.053571
5,107,0.347826,0.469880,0.120389,0.361685,0.652174,0.642179,0.047059,0.024078
5,108,0.434783,0.485944,0.163677,0.198538,0.565217,0.798247,0.023529,0.032735
5,109,0.347826,0.469880,0.000000,0.297064,0.652174,0.711789,0.050980,0.000000
5,110,0.869565,0.566265,0.038745,0.479958,0.130435,0.531886,0.027451,0.007749
5,111,0.521739,0.502008,0.000000,0.620315,0.478261,0.397704,0.027451,0.000000
5,112,0.565217,0.510040,0.099290,0.520765,0.434783,0.488806,0.027451,0.019858
5,113,0.608696,0.518072,0.647685,0.444862,0.391304,0.531483,0.023529,0.129537
5,114,0.608696,0.518072,0.000000,0.577507,0.391304,0.439299,0.027451,0.000000
5,115,0.369565,0.473896,0.359605,0.598775,0.630435,0.398258,0.031373,0.071921
5,116,0.478261,0.493976,0.000000,0.479174,0.521739,0.534843,0.027451,0.000000
5,117,1.000000,0.590361,0.282199,0.892069,0.000000,0.117666,0.023529,0.056440
5,118,0.434783,0.485944,0.334411,0.377638,0.565217,0.614552,0.027451,0.066882
5,119,0.282609,0.457831,0.372458,0.410045,0.717391,0.580908,0.039216,0.074492
5,120,0.347826,0.469880,0.309719,0.199721,0.652174,0.788823,0.027451,0.061944
5,121,0.804348,0.554217,0.266123,0.739862,0.195652,0.266468,0.023529,0.053225
5,122,0.586957,0.514056,0.375376,0.461153,0.413043,0.531084,0.023529,0.075075
5,123,0.413043,0.481928,0.141931,0.358706,0.586957,0.643852,0.031373,0.028386
5,124,0.760870,0.546185,0.150693,0.360219,0.239130,0.641886,0.027451,0.030139
5,125,0.478261,0.493976,0.636568,0.572002,0.521739,0.408578,0.027451,0.127314
5,126,0.695652,0.534137,0.269667,0.691643,0.304348,0.313119,0.031373,0.053933
5,127,0.608696,0.518072,0.000000,0.447730,0.391304,0.565395,0.027451,0.000000
5,128,0.456522,0.489960,0.000000,0.334598,0.543478,0.675319,0.023529,0.000000
5,129,0.543478,0.506024,0.202028,0.384119,0.456522,0.615756,0.023529,0.038175
5,130,0.478261,0.493976,0.025035,0.260445,0.521739,0.745951,0.023529,0.005007
5,131,0.500000,0.497992,0.000000,0.356397,0.500000,0.654138,0.035294,0.000000
5,132,0.695652,0.534137,0.930993,0.775278,0.304348,0.194383,0.027451,0.186199
5,133,0.000000,0.405622,0.000000,0.151286,1.000000,0.853433,0.066667,0.000000
5,134,0.586957,0.514056,0.849019,0.612768,0.413043,0.356929,0.027451,0.169804
5,135,0.369565,0.473896,0.000000,0.224858,0.630435,0.781947,0.047059,0.000000
5,136,0.543478,0.506024,0.309957,0.464731,0.456522,0.531313,0.035294,0.061991
5,137,0.826087,0.558233,0.132712,0.659985,0.173913,0.351640,0.023529,0.026542
5,138,0.652174,0.526104,0.000000,0.404386,0.347826,0.607510,0.031373,0.000000
5,139,0.217391,0.445783,0.203857,0.394923,0.782609,0.605154,0.043137,0.040771
5,140,0.347826,0.469880,0.398092,0.432197,0.652174,0.557931,0.031373,0.079618
5,141,0.413043,0.481928,0.066659,0.336374,0.586957,0.669817,0.031373,0.013332
5,142,0.391304,0.477912,0.141557,0.614003,0.608696,0.395816,0.031373,0.028311
5,143,0.543478,0.506024,0.009483,0.723732,0.456522,0.296683,0.031373,0.001897
5,144,0.586957,0.514056,0.450278,0.554990,0.413043,0.435663,0.027451,0.090056
5,145,0.260870,0.453815,0.756187,0.492247,0.739130,0.479293,0.054902,0.142888
5,146,0.217391,0.445783,0.271055,0.104550,0.782609,0.883485,0.050980,0.054211
5,147,0.608696,0.518072,0.878849,0.521197,0.391304,0.444214,0.027451,0.175770
5,148,0.326087,0.465863,0.007578,0.000000,0.673913,1.000000,0.043137,0.001516
5,149,0.347826,0.469880,0.183410,0.336907,0.652174,0.662683,0.027451,0.036682
5,150,0.543478,0.506024,0.000000,0.491958,0.456522,0.522421,0.023529,0.000000
5,151,0.760870,0.546185,0.358762,0.647304,0.239130,0.351152,0.023529,0.071752
5,152,0.391304,0.477912,0.000000,0.449400,0.608696,0.563772,0.035294,0.000000
5,153,0.565217,0.510040,0.298657,0.578907,0.434783,0.421015,0.031373,0.059731
5,154,0.391304,0.477912,0.107949,0.265171,0.608696,0.736661,0.043137,0.021590
5,155,0.500000,0.497992,0.522918,0.651858,0.500000,0.337426,0.031373,0.104584
5,156,0.673913,0.530120,0.936293,0.626934,0.326087,0.338220,0.023529,0.187259
5,157,0.260870,0.453815,0.000000,0.427136,0.739130,0.585405,0.047059,0.000000
5,158,0.739130,0.542169,0.256140,0.713376,0.260870,0.292769,0.027451,0.051228
5,159,0.695652,0.534137,0.903482,0.819279,0.304348,0.153189,0.023529,0.180696
5,160,0.239130,0.449799,0.000000,0.089343,0.760870,0.913620,0.054902,0.000000
5,161,0.369565,0.473896,0.000000,0.422055,0.630435,0.590343,0.039216,0.000000
5,162,0.391304,0.477912,0.307798,0.488089,0.608696,0.508740,0.027451,0.061560
5,163,0.391304,0.477912,0.000000,0.356488,0.608696,0.654050,0.031373,0.000000
5,164,0.652174,0.526104,0.316488,0.531319,0.347826,0.466244,0.031373,0.063298
5,165,0.434783,0.485944,0.553451,0.446532,0.565217,0.535199,0.023529,0.110690
5,166,0.543478,0.506024,0.356993,0.596443,0.456522,0.400671,0.027451,0.071399
5,167,0.326087,0.465863,0.198393,0.452129,0.673913,0.549879,0.027451,0.039679
5,168,0.456522,0.489960,0.372027,0.526841,0.543478,0.467448,0.031373,0.074405
5,169,0.565217,0.510040,0.000000,0.388242,0.434783,0.623196,0.023529,0.000000
5,170,0.434783,0.485944,0.059827,0.389101,0.565217,0.618972,0.039216,0.011965
5,171,0.826087,0.558233,0.625220,0.847160,0.173913,0.141865,0.027451,0.125044
5,172,0.826087,0.558233,0.000000,0.480218,0.173913,0.533828,0.023529,0.000000
5,173,0.478261,0.493976,0.380235,0.335694,0.521739,0.652709,0.035294,0.076047
5,174,0.456522,0.489960,0.362290,0.439398,0.543478,0.552963,0.027451,0.072458
5,175,0.478261,0.493976,0.513618,0.536614,0.521739,0.449929,0.027451,0.102724
5,176,0.521739,0.502008,0.000000,0.133417,0.478261,0.870796,0.023529,0.000000
5,177,0.521739,0.502008,0.390645,0.280006,0.478261,0.706228,0.031373,0.078129
5,178,0.695652,0.534137,0.811040,0.774617,0.304348,0.201822,0.027451,0.162208
5,179,0.739130,0.542169,0.814620,0.627179,0.260870,0.344876,0.023529,0.153929
5,180,0.369565,0.473896,0.000000,0.446588,0.630435,0.566504,0.031373,0.000000
5,181,0.391304,0.477912,0.182338,0.357040,0.608696,0.643182,0.039216,0.036468
5,182,0.326087,0.465863,0.025960,0.210823,0.673913,0.794113,0.047059,0.005192
5,183,0.652174,0.526104,0.173402,0.634759,0.347826,0.373844,0.023529,0.034680
5,184,0.500000,0.497992,0.000000,0.260594,0.500000,0.747225,0.027451,0.000000
5,185,0.521739,0.502008,0.150980,0.519839,0.478261,0.486776,0.031373,0.030196
5,186,0.434783,0.485944,0.474994,0.570273,0.565217,0.419413,0.023529,0.094999
5,187,0.586957,0.514056,0.000000,0.628366,0.413043,0.389881,0.027451,0.000000
5,188,0.913043,0.574297,0.336674,0.484353,0.086957,0.510734,0.023529,0.067335
5,189,0.673913,0.530120,0.473057,0.597656,0.326087,0.392916,0.023529,0.094611
5,190,0.673913,0.530120,0.146331,0.491343,0.326087,0.514728,0.023529,0.029266
5,191,0.543478,0.506024,0.555904,0.639466,0.456522,0.347598,0.027451,0.111181
5,192,0.695652,0.534137,0.143012,0.530074,0.304348,0.477283,0.027451,0.028602
5,193,0.543478,0.506024,0.154468,0.451870,0.456522,0.552620,0.035294,0.030894
5,194,0.478261,0.493976,0.183363,0.308683,0.521739,0.690109,0.027451,0.036673
5,195,0.760870,0.546185,0.790067,0.811807,0.239130,0.166876,0.023529,0.158013
5,196,0.543478,0.506024,0.033880,0.249388,0.456522,0.756193,0.027451,0.006776
5,197,0.739130,0.542169,0.241790,0.732177,0.260870,0.275314,0.023529,0.048358
5,198,0.826087,0.558233,0.435203,0.619014,0.173913,0.374309,0.027451,0.087041
5,199,0.934783,0.578313,0.525565,0.723257,0.065217,0.267901,0.023529,0.105113
5,200,0.456522,0.489960,0.000000,0.389314,0.543478,0.622155,0.031373,0.000000
5,201,0.326087,0.465863,0.000000,0.393831,0.673913,0.617766,0.039216,0.000000
5,202,0.521739,0.502008,0.406502,0.498075,0.478261,0.493445,0.027451,0.076812
5,203,0.478261,0.493976,0.558540,0.498512,0.521739,0.484405,0.023529,0.111708
5,204,0.717391,0.538153,0.000000,0.670446,0.282609,0.348995,0.023529,0.000000
5,205,0.500000,0.497992,1.000000,0.546275,0.500000,0.412982,0.023529,0.200000
5,206,0.434783,0.485944,0.085564,0.296423,0.565217,0.707564,0.027451,0.017113
5,207,0.760870,0.546185,0.224005,0.571137,0.239130,0.432795,0.023529,0.044801
5,208,0.456522,0.489960,0.541973,0.597707,0.543478,0.388962,0.027451,0.108395
5,209,0.565217,0.510040,0.630359,0.777262,0.434783,0.209490,0.027451,0.126072
5,210,0.565217,0.510040,0.494220,0.438122,0.434783,0.546727,0.027451,0.098844
5,211,0.608696,0.518072,0.123996,0.563431,0.391304,0.445950,0.031373,0.024799
5,212,0.739130,0.542169,0.252564,0.843101,0.260870,0.166925,0.023529,0.050513
5,213,0.760870,0.546185,0.321823,0.608328,0.239130,0.391116,0.023529,0.064365
5,214,0.282609,0.457831,0.198362,0.345681,0.717391,0.653310,0.047059,0.039672
5,215,0.652174,0.526104,0.659210,0.579564,0.347826,0.399947,0.023529,0.131842
5,216,0.652174,0.526104,0.158908,0.537799,0.347826,0.468877,0.031373,0.031782
5,217,0.413043,0.481928,0.342047,0.262877,0.586957,0.725625,0.031373,0.068409
5,218,0.630435,0.522088,0.681727,0.682585,0.369565,0.298572,0.027451,0.136345
5,219,0.608696,0.518072,0.000000,0.433712,0.391304,0.579016,0.023529,0.000000
5,220,0.434783,0.485944,0.000000,0.414184,0.565217,0.597990,0.039216,0.000000
5,221,0.521739,0.502008,0.003068,0.302715,0.478261,0.706124,0.023529,0.000614
5,222,0.608696,0.518072,0.416201,0.363850,0.391304,0.623313,0.023529,0.078645
5,223,0.630435,0.522088,0.103909,0.449622,0.369565,0.557669,0.027451,0.020782
5,224,0.717391,0.538153,0.390998,0.440194,0.282609,0.550562,0.023529,0.078200
5,225,0.282609,0.457831,0.309537,0.067544,0.717391,0.917262,0.031373,0.058490
5,226,0.304348,0.461847,0.000000,0.136839,0.695652,0.867471,0.039216,0.000000
5,227,0.565217,0.510040,0.000000,0.331326,0.434783,0.678499,0.027451,0.000000
5,228,0.586957,0.514056,0.723215,0.497189,0.413043,0.476359,0.023529,0.144643
5,229,0.804348,0.554217,0.610241,0.619552,0.195652,0.363868,0.023529,0.122048
5,230,0.369565,0.473896,0.438658,0.376069,0.630435,0.610169,0.027451,0.087732
5,231,0.413043,0.481928,0.000000,0.403641,0.586957,0.608234,0.035294,0.000000
5,232,0.695652,0.534137,0.151318,0.615602,0.304348,0.393709,0.035294,0.030264
5,233,0.326087,0.465863,0.523134,0.347477,0.673913,0.633164,0.027451,0.104627
5,234,0.478261,0.493976,0.000000,0.213421,0.521739,0.793060,0.023529,0.000000
5,235,0.565217,0.510040,0.202558,0.550213,0.434783,0.454341,0.023529,0.040512
5,236,0.173913,0.437751,0.050461,0.288138,0.826087,0.717603,0.066667,0.010092
5,237,0.804348,0.554217,0.179401,0.768335,0.195652,0.243716,0.027451,0.035880
5,238,0.478261,0.493976,0.000000,0.318469,0.521739,0.690990,0.031373,0.000000
5,239,0.413043,0.481928,0.156264,0.504129,0.586957,0.501742,0.031373,0.031253
5,240,0.304348,0.461847,0.000000,0.153310,0.695652,0.851467,0.039216,0.000000
5,241,0.456522,0.489960,0.000000,0.539660,0.543478,0.476072,0.035294,0.000000
5,242,0.673913,0.530120,0.802601,0.772455,0.326087,0.204401,0.023529,0.160520
5,243,0.347826,0.469880,0.266652,0.402289,0.652174,0.594439,0.035294,0.053330
5,244,0.695652,0.534137,0.000000,0.557919,0.304348,0.458331,0.031373,0.000000
5,245,0.369565,0.473896,0.037768,0.467025,0.630435,0.544507,0.035294,0.007554
5,246,0.478261,0.493976,0.050571,0.463145,0.521739,0.547552,0.031373,0.010114
5,247,0.652174,0.526104,0.544372,0.644096,0.347826,0.343752,0.027451,0.108874
5,248,0.434783,0.485944,0.223263,0.513609,0.565217,0.488734,0.023529,0.044653
5,249,0.369565,0.473896,0.000000,0.302000,0.630435,0.706993,0.031373,0.000000
6,0,0.565217,0.510040,0.182388,0.462084,0.434783,0.547262,0.027344,0.036478
6,1,0.760870,0.546185,0.223179,0.491668,0.239130,0.516291,0.027344,0.044636
6,2,0.804348,0.554217,0.000000,0.663412,0.195652,0.367863,0.023438,0.000000
6,3,0.478261,0.493976,0.371141,0.492840,0.521739,0.505084,0.023438,0.074228
6,4,0.739130,0.542169,0.106777,0.653790,0.260870,0.369750,0.023438,0.021355
6,5,0.326087,0.465863,0.000000,0.269990,0.673913,0.742738,0.031250,0.000000
6,6,0.586957,0.514056,0.000000,0.520757,0.413043,0.503793,0.031250,0.000000
6,7,0.521739,0.502008,0.257541,0.471468,0.478261,0.533196,0.031250,0.051508
6,8,0.282609,0.457831,0.000000,0.210540,0.717391,0.799386,0.042969,0.000000
6,9,0.456522,0.489960,0.113712,0.215657,0.543478,0.786755,0.035156,0.022742
6,10,0.500000,0.497992,0.352339,0.557257,0.500000,0.444986,0.027344,0.070468
6,11,0.391304,0.477912,0.115043,0.498737,0.608696,0.516930,0.039062,0.023009
6,12,0.739130,0.542169,0.000000,0.463844,0.260870,0.558023,0.023438,0.000000
6,13,0.630435,0.522088,0.452861,0.584983,0.369565,0.411713,0.023438,0.090572
6,14,0.521739,0.502008,0.000000,0.460858,0.478261,0.560868,0.035156,0.000000
6,15,0.956522,0.582329,0.406075,0.981130,0.043478,0.037431,0.023438,0.081215
6,16,0.413043,0.481928,0.477078,0.417385,0.586957,0.569758,0.027344,0.095416
6,17,0.565217,0.510040,0.000000,0.541223,0.434783,0.484292,0.027344,0.000000
6,18,0.608696,0.518072,0.582551,0.655757,0.391304,0.335431,0.023438,0.116510
6,19,0.565217,0.510040,0.355822,0.165039,0.434783,0.818477,0.027344,0.071164
6,20,0.608696,0.518072,0.350533,0.567039,0.391304,0.435788,0.023438,0.070107
6,21,0.282609,0.457831,0.000000,0.323287,0.717391,0.691954,0.042969,0.000000
6,22,0.608696,0.518072,0.568603,0.607405,0.391304,0.382454,0.027344,0.113721
6,23,0.478261,0.493976,0.038637,0.321433,0.521739,0.691085,0.035156,0.007727
6,24,0.434783,0.485944,0.554529,0.569775,0.565217,0.419270,0.042969,0.110906
6,25,0.456522,0.489960,0.000000,0.316731,0.543478,0.698200,0.023438,0.000000
6,26,0.173913,0.437751,0.000000,0.245465,0.826087,0.766107,0.054688,0.000000
6,27,0.608696,0.518072,0.000000,0.331835,0.391304,0.683808,0.027344,0.000000
6,28,0.565217,0.510040,0.009990,0.191204,0.434783,0.817129,0.023438,0.001998
6,29,0.326087,0.465863,0.000000,0.296355,0.673913,0.717616,0.031250,0.000000
6,30,0.543478,0.506024,0.333700,0.363231,0.456522,0.631136,0.039062,0.066740
6,31,0.413043,0.481928,0.000000,0.169238,0.586957,0.838741,0.023438,0.000000
6,32,0.521739,0.502008,0.111316,0.368601,0.478261,0.641184,0.023438,0.022263
6,33,0.478261,0.493976,0.182309,0.413925,0.521739,0.593156,0.039062,0.036462
6,34,0.456522,0.489960,0.281972,0.520049,0.543478,0.485238,0.023438,0.056394
6,35,0.500000,0.497992,0.000000,0.409677,0.500000,0.609636,0.035156,0.000000
6,36,0.652174,0.526104,0.543414,0.589849,0.347826,0.400901,0.027344,0.108683
6,37,0.369565,0.473896,0.300950,0.389040,0.630435,0.608777,0.023438,0.060190
6,38,0.521739,0.502008,0.189601,0.522557,0.478261,0.489148,0.031250,0.037920
6,39,0.695652,0.534137,0.398091,0.586929,0.304348,0.413593,0.023438,0.079618
6,40,0.586957,0.514056,0.172204,0.510592,0.413043,0.501735,0.023438,0.034441
6,41,0.543478,0.506024,0.209442,0.571989,0.456522,0.440693,0.027344,0.041888
6,42,0.500000,0.497992,0.319102,0.355776,0.500000,0.639235,0.023438,0.063820
6,43,0.782609,0.550201,0.117884,0.616930,0.217391,0.404115,0.023438,0.023577
6,44,0.434783,0.485944,0.000000,0.150263,0.565217,0.856821,0.035156,0.000000
6,45,0.652174,0.526104,0.071404,0.427881,0.347826,0.587421,0.023438,0.014281
6,46,0.586957,0.514056,0.576975,0.439822,0.413043,0.541566,0.027344,0.115395
6,47,0.630435,0.522088,0.476241,0.613170,0.369565,0.383259,0.027344,0.095248
6,48,0.673913,0.530120,0.453568,0.595519,0.326087,0.401625,0.027344,0.090714
6,49,0.500000,0.497992,0.177426,0.532789,0.500000,0.480229,0.027344,0.035485
6,50,0.630435,0.522088,0.497816,0.508538,0.369565,0.481488,0.023438,0.099563
6,51,0.391304,0.477912,0.000000,0.208420,0.608696,0.801405,0.039062,0.000000
6,52,0.760870,0.546185,0.181440,0.602191,0.239130,0.413825,0.027344,0.036288
6,53,0.326087,0.465863,0.354129,0.230781,0.673913,0.755950,0.031250,0.070826
6,54,0.304348,0.461847,0.000000,0.204726,0.695652,0.804926,0.035156,0.000000
6,55,0.543478,0.506024,0.428140,0.322709,0.456522,0.663308,0.027344,0.102111
6,56,0.565217,0.510040,0.251659,0.381430,0.434783,0.619390,0.027344,0.050332
6,57,0.500000,0.497992,0.199128,0.630964,0.500000,0.385202,0.031250,0.039826
6,58,0.456522,0.489960,0.480052,0.555764,0.543478,0.437699,0.031250,0.096010
6,59,0.304348,0.461847,0.000000,0.371568,0.695652,0.645948,0.031250,0.000000
6,60,0.304348,0.461847,0.000000,0.318572,0.695652,0.696447,0.066406,0.000000
6,61,0.891304,0.570281,0.000000,0.658164,0.108696,0.372863,0.023438,0.000000
6,62,0.456522,0.489960,0.133494,0.480507,0.543478,0.533042,0.023438,0.026699
6,63,0.195652,0.441767,0.101113,0.125503,0.804348,0.873518,0.062500,0.020223
6,64,0.260870,0.453815,0.025592,0.145878,0.739130,0.859254,0.039062,0.005118
6,65,0.304348,0.461847,0.000000,0.190562,0.695652,0.818421,0.035156,0.000000
6,66,0.543478,0.506024,0.013460,0.674540,0.456522,0.356341,0.027344,0.002692
6,67,0.543478,0.506024,0.288909,0.424726,0.456522,0.575595,0.023438,0.057782
6,68,0.586957,0.514056,0.104212,0.496099,0.413043,0.520181,0.023438,0.020842
6,69,0.521739,0.502008,0.000000,0.306525,0.478261,0.707925,0.027344,0.000000
6,70,0.608696,0.518072,0.355788,0.723152,0.391304,0.286677,0.023438,0.071158
6,71,0.521739,0.502008,0.000000,0.489090,0.478261,0.533967,0.027344,0.000000
6,72,0.434783,0.485944,0.000000,0.337135,0.565217,0.678759,0.039062,0.000000
6,73,0.586957,0.514056,0.476128,0.617354,0.413043,0.379281,0.031250,0.095226
6,74,0.630435,0.522088,0.602460,0.763545,0.369565,0.231367,0.023438,0.120492
6,75,0.913043,0.574297,0.413305,0.881002,0.086957,0.132346,0.023438,0.082661
6,76,0.565217,0.510040,0.104729,0.425244,0.434783,0.587661,0.035156,0.020946
6,77,0.847826,0.562249,0.422049,0.604476,0.152174,0.395240,0.027344,0.084410
6,78,0.652174,0.526104,0.291586,0.607697,0.347826,0.401067,0.027344,0.058317
6,79,0.586957,0.514056,0.874436,0.833433,0.413043,0.146226,0.027344,0.174887
6,80,0.347826,0.469880,0.012217,0.210576,0.652174,0.798518,0.039062,0.002443
6,81,0.652174,0.526104,0.396181,0.541227,0.347826,0.457270,0.023438,0.079236
6,82,0.434783,0.485944,0.255818,0.396098,0.565217,0.605130,0.027344,0.051164
6,83,0.695652,0.534137,0.272458,0.646522,0.304348,0.365377,0.023438,0.054492
6,84,0.369565,0.473896,0.180603,0.290649,0.630435,0.710737,0.027344,0.036121
6,85,0.934783,0.578313,0.394917,0.810796,0.065217,0.200496,0.023438,0.078983
6,86,0.239130,0.449799,0.000000,0.000000,0.760870,1.000000,0.050781,0.000000
6,87,0.673913,0.530120,0.213938,0.582326,0.326087,0.430537,0.031250,0.042788
6,88,0.608696,0.518072,0.525046,0.645794,0.391304,0.348845,0.027344,0.105009
6,89,0.195652,0.441767,0.000000,0.250759,0.804348,0.761063,0.078125,0.000000
6,90,0.239130,0.449799,0.376594,0.435602,0.760870,0.559252,0.042969,0.075319
6,91,0.456522,0.489960,0.323027,0.416568,0.543478,0.581041,0.023438,0.064605
6,92,0.543478,0.506024,0.000000,0.493917,0.456522,0.529368,0.031250,0.000000
6,93,0.695652,0.534137,0.000000,0.600642,0.304348,0.427673,0.023438,0.000000
6,94,0.478261,0.493976,0.113384,0.323081,0.521739,0.684418,0.031250,0.022677
6,95,0.586957,0.514056,0.213331,0.279269,0.413043,0.719349,0.031250,0.042666
6,96,0.543478,0.506024,0.252231,0.596287,0.456522,0.414623,0.027344,0.050446
6,97,0.500000,0.497992,0.197844,0.544404,0.500000,0.467769,0.023438,0.039569
6,98,0.543478,0.506024,0.433441,0.565701,0.456522,0.431410,0.027344,0.086688
6,99,0.652174,0.526104,0.499108,0.665995,0.347826,0.331366,0.023438,0.099822
6,100,0.543478,0.506024,0.218538,0.416978,0.456522,0.587776,0.027344,0.043708
6,101,0.586957,0.514056,0.531579,0.451564,0.413043,0.533474,0.023438,0.106316
6,102,0.413043,0.481928,0.000000,0.327941,0.586957,0.687519,0.035156,0.000000
6,103,0.913043,0.574297,0.279183,0.915373,0.086957,0.108741,0.023438,0.055837
6,104,0.413043,0.481928,0.181955,0.228945,0.586957,0.769440,0.031250,0.036391
6,105,0.173913,0.437751,0.153936,0.101160,0.826087,0.893111,0.046875,0.030787
6,106,0.586957,0.514056,0.000000,0.496048,0.413043,0.527337,0.035156,0.000000
6,107,0.347826,0.469880,0.492590,0.476943,0.652174,0.511949,0.046875,0.098518
6,108,0.434783,0.485944,0.298561,0.278140,0.565217,0.714613,0.023438,0.059712
6,109,0.347826,0.469880,0.000000,0.293971,0.652174,0.719887,0.050781,0.000000
6,110,0.869565,0.566265,0.370388,0.642379,0.130435,0.362646,0.027344,0.074078
6,111,0.521739,0.502008,0.000000,0.424023,0.478261,0.595966,0.027344,0.000000
6,112,0.565217,0.510040,0.207317,0.535346,0.434783,0.475754,0.027344,0.041463
6,113,0.608696,0.518072,0.470326,0.459169,0.391304,0.530404,0.023438,0.094065
6,114,0.608696,0.518072,0.000000,0.420955,0.391304,0.598890,0.027344,0.000000
6,115,0.369565,0.473896,0.374062,0.458425,0.630435,0.537678,0.031250,0.074812
6,116,0.478261,0.493976,0.000000,0.454026,0.521739,0.567378,0.027344,0.000000
6,117,1.000000,0.590361,0.691305,1.000000,0.000000,0.000000,0.023438,0.138261
6,118,0.434783,0.485944,0.042034,0.245166,0.565217,0.763525,0.027344,0.008407
6,119,0.282609,0.457831,0.220170,0.390173,0.717391,0.613207,0.039062,0.044034
6,120,0.347826,0.469880,0.162367,0.160357,0.652174,0.836130,0.027344,0.032473
6,121,0.804348,0.554217,0.022276,0.674658,0.195652,0.355628,0.023438,0.004455
6,122,0.586957,0.514056,0.544604,0.470673,0.413043,0.514378,0.023438,0.108921
6,123,0.413043,0.481928,0.324101,0.483647,0.586957,0.517051,0.031250,0.064820
6,124,0.760870,0.546185,0.333351,0.530218,0.239130,0.472045,0.027344,0.066670
6,125,0.478261,0.493976,0.479582,0.505432,0.521739,0.485691,0.027344,0.095916
6,126,0.695652,0.534137,0.284869,0.654683,0.304348,0.356755,0.031250,0.056974
6,127,0.608696,0.518072,0.000000,0.432882,0.391304,0.587526,0.027344,0.000000
6,128,0.456522,0.489960,0.000000,0.314397,0.543478,0.700425,0.023438,0.000000
6,129,0.543478,0.506024,0.054841,0.501367,0.456522,0.518529,0.027344,0.010968
6,130,0.478261,0.493976,0.252392,0.298040,0.521739,0.698799,0.023438,0.050478
6,131,0.500000,0.497992,0.000000,0.332233,0.500000,0.683429,0.035156,0.000000
6,132,0.695652,0.534137,0.892533,0.780432,0.304348,0.195495,0.027344,0.178507
6,133,0.000000,0.405622,0.000000,0.123373,1.000000,0.882443,0.066406,0.000000
6,134,0.586957,0.514056,0.236081,0.556259,0.413043,0.453865,0.027344,0.047216
6,135,0.369565,0.473896,0.000000,0.281237,0.630435,0.732021,0.046875,0.000000
6,136,0.543478,0.506024,0.306768,0.547344,0.456522,0.457539,0.035156,0.061354
6,137,0.826087,0.558233,0.424140,0.635698,0.173913,0.365347,0.023438,0.084828
6,138,0.652174,0.526104,0.008818,0.543288,0.347826,0.481723,0.031250,0.001764
6,139,0.217391,0.445783,0.333135,0.411360,0.782609,0.585315,0.042969,0.066627
6,140,0.347826,0.469880,0.561456,0.636312,0.652174,0.355398,0.031250,0.112291
6,141,0.413043,0.481928,0.073339,0.171590,0.586957,0.831498,0.031250,0.014668
6,142,0.391304,0.477912,0.469472,0.560574,0.608696,0.433838,0.031250,0.093894
6,143,0.543478,0.506024,0.122596,0.537480,0.456522,0.479498,0.031250,0.024519
6,144,0.586957,0.514056,0.150496,0.376429,0.413043,0.631054,0.027344,0.030099
6,145,0.260870,0.453815,0.054741,0.370030,0.739130,0.643681,0.058594,0.010948
6,146,0.217391,0.445783,0.000000,0.153462,0.782609,0.853773,0.050781,0.000000
6,147,0.608696,0.518072,0.473349,0.476480,0.391304,0.513703,0.027344,0.094670
6,148,0.326087,0.465863,0.037593,0.205799,0.673913,0.801339,0.042969,0.007519
6,149,0.347826,0.469880,0.044215,0.274817,0.652174,0.735123,0.027344,0.008843
6,150,0.543478,0.506024,0.000000,0.388102,0.456522,0.630194,0.023438,0.000000
6,151,0.760870,0.546185,0.302117,0.629397,0.239130,0.379672,0.023438,0.060423
6,152,0.391304,0.477912,0.000000,0.365401,0.608696,0.651825,0.035156,0.000000
6,153,0.565217,0.510040,0.114551,0.438152,0.434783,0.574692,0.031250,0.022910
6,154,0.391304,0.477912,0.312481,0.381593,0.608696,0.615087,0.042969,0.062496
6,155,0.500000,0.497992,0.424904,0.521879,0.500000,0.473748,0.031250,0.084981
6,156,0.673913,0.530120,1.000000,0.760395,0.326087,0.207258,0.023438,0.238499
6,157,0.260870,0.453815,0.000000,0.270513,0.739130,0.742239,0.046875,0.000000
6,158,0.739130,0.542169,0.420811,0.678866,0.260870,0.324441,0.027344,0.084162
6,159,0.695652,0.534137,0.333532,0.610852,0.304348,0.395201,0.023438,0.066706
6,160,0.239130,0.449799,0.000000,0.127142,0.760870,0.878852,0.054688,0.000000
6,161,0.369565,0.473896,0.000000,0.459788,0.630435,0.561887,0.039062,0.000000
6,162,0.391304,0.477912,0.512541,0.579503,0.608696,0.412864,0.027344,0.102508
6,163,0.391304,0.477912,0.000000,0.288802,0.608696,0.724813,0.031250,0.000000
6,164,0.652174,0.526104,0.179607,0.563145,0.347826,0.451155,0.031250,0.035921
6,165,0.434783,0.485944,0.277460,0.393086,0.565217,0.606524,0.023438,0.055492
6,166,0.543478,0.506024,0.245293,0.547830,0.456522,0.461269,0.027344,0.049059
6,167,0.326087,0.465863,0.041750,0.486404,0.673913,0.533680,0.027344,0.008350
6,168,0.456522,0.489960,0.359195,0.528047,0.543478,0.472351,0.031250,0.071839
6,169,0.565217,0.510040,0.263124,0.604785,0.434783,0.405783,0.023438,0.052625
6,170,0.434783,0.485944,0.475616,0.512095,0.565217,0.479613,0.039062,0.095123
6,171,0.826087,0.558233,0.557592,0.719419,0.173913,0.276472,0.027344,0.132985
6,172,0.826087,0.558233,0.000000,0.506721,0.173913,0.517167,0.023438,0.000000
6,173,0.478261,0.493976,0.262498,0.512749,0.521739,0.493523,0.035156,0.052500
6,174,0.456522,0.489960,0.214692,0.461429,0.543478,0.545683,0.027344,0.042938
6,175,0.478261,0.493976,0.349953,0.401015,0.521739,0.594025,0.027344,0.069991
6,176,0.521739,0.502008,0.000000,0.281095,0.478261,0.732156,0.023438,0.000000
6,177,0.521739,0.502008,0.319250,0.317146,0.478261,0.676034,0.031250,0.063850
6,178,0.695652,0.534137,0.597040,0.698902,0.304348,0.293332,0.027344,0.119408
6,179,0.739130,0.542169,0.560001,0.752829,0.260870,0.244473,0.027344,0.112000
6,180,0.369565,0.473896,0.000000,0.409493,0.630435,0.609812,0.031250,0.000000
6,181,0.391304,0.477912,0.000000,0.312699,0.608696,0.702042,0.039062,0.000000
6,182,0.326087,0.465863,0.095381,0.233396,0.673913,0.771102,0.046875,0.019076
6,183,0.652174,0.526104,0.060926,0.463404,0.347826,0.554287,0.023438,0.012185
6,184,0.500000,0.497992,0.000000,0.433179,0.500000,0.587243,0.027344,0.000000
6,185,0.521739,0.502008,0.343127,0.467747,0.478261,0.530904,0.031250,0.068625
6,186,0.434783,0.485944,0.233666,0.555369,0.565217,0.454878,0.023438,0.046733
6,187,0.586957,0.514056,0.000000,0.550341,0.413043,0.475603,0.027344,0.000000
6,188,0.913043,0.574297,0.275016,0.617096,0.086957,0.393241,0.023438,0.055003
6,189,0.673913,0.530120,0.311993,0.625921,0.326087,0.382310,0.023438,0.062399
6,190,0.673913,0.530120,0.190702,0.461323,0.326087,0.547421,0.023438,0.038140
6,191,0.543478,0.506024,0.372027,0.466228,0.456522,0.530382,0.027344,0.074405
6,192,0.695652,0.534137,0.296985,0.655234,0.304348,0.355403,0.027344,0.059397
6,193,0.543478,0.506024,0.008584,0.423182,0.456522,0.596182,0.035156,0.001717
6,194,0.478261,0.493976,0.390501,0.155314,0.521739,0.825379,0.027344,0.078100
6,195,0.760870,0.546185,0.586631,0.794336,0.239130,0.203107,0.023438,0.117326
6,196,0.543478,0.506024,0.136151,0.134741,0.456522,0.862326,0.027344,0.027230
6,197,0.739130,0.542169,0.316529,0.602980,0.260870,0.403861,0.023438,0.063306
6,198,0.826087,0.558233,0.278275,0.519586,0.173913,0.485932,0.027344,0.055655
6,199,0.934783,0.578313,0.142413,0.729921,0.065217,0.294778,0.023438,0.028483
6,200,0.456522,0.489960,0.000000,0.408161,0.543478,0.611080,0.031250,0.000000
6,201,0.326087,0.465863,0.000000,0.404267,0.673913,0.614791,0.039062,0.000000
6,202,0.521739,0.502008,0.177123,0.518107,0.478261,0.494239,0.031250,0.035425
6,203,0.478261,0.493976,0.554882,0.301618,0.521739,0.674762,0.023438,0.132339
6,204,0.717391,0.538153,0.067173,0.558971,0.282609,0.462800,0.023438,0.013435
6,205,0.500000,0.497992,0.518125,0.449822,0.500000,0.536051,0.023438,0.103625
6,206,0.434783,0.485944,0.242463,0.470015,0.565217,0.535608,0.027344,0.048493
6,207,0.760870,0.546185,0.268250,0.606388,0.239130,0.403905,0.023438,0.053650
6,208,0.456522,0.489960,0.343195,0.432380,0.543478,0.564600,0.027344,0.068639
6,209,0.565217,0.510040,0.255338,0.538817,0.434783,0.469171,0.027344,0.051068
6,210,0.565217,0.510040,0.424091,0.462444,0.434783,0.530436,0.027344,0.084818
6,211,0.608696,0.518072,0.000000,0.440249,0.391304,0.580505,0.031250,0.000000
6,212,0.739130,0.542169,0.473653,0.780048,0.260870,0.224426,0.023438,0.094731
6,213,0.760870,0.546185,0.576717,0.783541,0.239130,0.214069,0.023438,0.115343
6,214,0.282609,0.457831,0.000000,0.251675,0.717391,0.760190,0.046875,0.000000
6,215,0.652174,0.526104,0.591039,0.625527,0.347826,0.363657,0.023438,0.118208
6,216,0.652174,0.526104,0.341260,0.554711,0.347826,0.448168,0.031250,0.068252
6,217,0.413043,0.481928,0.132608,0.296952,0.586957,0.708004,0.031250,0.026522
6,218,0.630435,0.522088,0.635963,0.685920,0.369565,0.303047,0.027344,0.127193
6,219,0.608696,0.518072,0.223107,0.544232,0.391304,0.466210,0.023438,0.044621
6,220,0.434783,0.485944,0.000000,0.337863,0.565217,0.678065,0.039062,0.000000
6,221,0.521739,0.502008,0.084976,0.235242,0.478261,0.770053,0.023438,0.016995
6,222,0.608696,0.518072,0.135787,0.478706,0.391304,0.534601,0.027344,0.027157
6,223,0.630435,0.522088,0.000000,0.442797,0.369565,0.578078,0.027344,0.000000
6,224,0.717391,0.538153,0.391607,0.456867,0.282609,0.537965,0.023438,0.093398
6,225,0.282609,0.457831,0.201806,0.039748,0.717391,0.948364,0.035156,0.048131
6,226,0.304348,0.461847,0.526748,0.219135,0.695652,0.755274,0.039062,0.125629
6,227,0.565217,0.510040,0.121114,0.391042,0.434783,0.619134,0.027344,0.024223
6,228,0.586957,0.514056,0.694621,0.499039,0.413043,0.477119,0.023438,0.138924
6,229,0.804348,0.554217,0.604923,0.801266,0.195652,0.195256,0.023438,0.120985
6,230,0.369565,0.473896,0.653234,0.379708,0.630435,0.593646,0.027344,0.130647
6,231,0.413043,0.481928,0.000000,0.133080,0.586957,0.873193,0.035156,0.000000
6,232,0.695652,0.534137,0.324200,0.752140,0.304348,0.261209,0.035156,0.064840
6,233,0.326087,0.465863,0.196278,0.293230,0.673913,0.707208,0.027344,0.039256
6,234,0.478261,0.493976,0.098860,0.237586,0.521739,0.766872,0.023438,0.019772
6,235,0.565217,0.510040,0.043946,0.528972,0.434783,0.492968,0.023438,0.008789
6,236,0.173913,0.437751,0.104151,0.309917,0.826087,0.697591,0.066406,0.020830
6,237,0.804348,0.554217,0.117290,0.716546,0.195652,0.309235,0.027344,0.023458
6,238,0.478261,0.493976,0.000000,0.276740,0.521739,0.736307,0.031250,0.000000
6,239,0.413043,0.481928,0.562992,0.442917,0.586957,0.539571,0.031250,0.112598
6,240,0.304348,0.461847,0.000000,0.215641,0.695652,0.794525,0.039062,0.000000
6,241,0.456522,0.489960,0.000000,0.459452,0.543478,0.562207,0.035156,0.000000
6,242,0.673913,0.530120,0.859060,0.793091,0.326087,0.185715,0.023438,0.171812
6,243,0.347826,0.469880,0.524343,0.439402,0.652174,0.545556,0.035156,0.104869
6,244,0.695652,0.534137,0.000000,0.528206,0.304348,0.496695,0.031250,0.000000
6,245,0.369565,0.473896,0.072282,0.465126,0.630435,0.551872,0.035156,0.014456
6,246,0.478261,0.493976,0.255077,0.429848,0.521739,0.573021,0.031250,0.051015
6,247,0.652174,0.526104,0.532118,0.503189,0.347826,0.484246,0.027344,0.126910
6,248,0.434783,0.485944,0.015658,0.424301,0.565217,0.594634,0.023438,0.003132
6,249,0.369565,0.473896,0.135284,0.347510,0.630435,0.659647,0.031250,0.027057
7,0,0.565217,0.510040,0.438876,0.443841,0.434783,0.539754,0.027237,0.087775
7,1,0.760870,0.546185,0.036034,0.231370,0.239130,0.772693,0.027237,0.007207
7,2,0.804348,0.554217,0.034209,0.606181,0.195652,0.408404,0.023346,0.006842
7,3,0.478261,0.493976,0.335370,0.488288,0.521739,0.503316,0.023346,0.067074
7,4,0.739130,0.542169,0.262421,0.718685,0.260870,0.284087,0.023346,0.052484
7,5,0.326087,0.465863,0.000000,0.291251,0.673913,0.716832,0.031128,0.000000
7,6,0.586957,0.514056,0.025992,0.442581,0.413043,0.568001,0.031128,0.005198
7,7,0.521739,0.502008,0.183011,0.458916,0.478261,0.541843,0.031128,0.036602
7,8,0.282609,0.457831,0.000000,0.167263,0.717391,0.837379,0.042802,0.000000
7,9,0.456522,0.489960,0.000000,0.151841,0.543478,0.852373,0.035019,0.000000
7,10,0.500000,0.497992,0.309580,0.615748,0.500000,0.381081,0.027237,0.061916
7,11,0.391304,0.477912,0.456756,0.441657,0.608696,0.540708,0.038911,0.091351
7,12,0.739130,0.542169,0.000000,0.494486,0.260870,0.519238,0.023346,0.000000
7,13,0.630435,0.522088,0.878557,0.666816,0.369565,0.294193,0.023346,0.175711
7,14,0.521739,0.502008,0.122443,0.356764,0.478261,0.645124,0.035019,0.024489
7,15,0.956522,0.582329,0.424067,1.000000,0.043478,0.000000,0.023346,0.084813
7,16,0.413043,0.481928,0.288230,0.343629,0.586957,0.647045,0.027237,0.057646
7,17,0.565217,0.510040,0.088809,0.592829,0.434783,0.417812,0.027237,0.017762
7,18,0.608696,0.518072,0.609808,0.533332,0.391304,0.441560,0.023346,0.121962
7,19,0.565217,0.510040,0.425976,0.369554,0.434783,0.612824,0.027237,0.085195
7,20,0.608696,0.518072,0.655525,0.625671,0.391304,0.348792,0.023346,0.131105
7,21,0.282609,0.457831,0.000000,0.404691,0.717391,0.606541,0.042802,0.000000
7,22,0.608696,0.518072,0.247967,0.607213,0.391304,0.393411,0.027237,0.049593
7,23,0.478261,0.493976,0.067099,0.456894,0.521739,0.551395,0.035019,0.013420
7,24,0.434783,0.485944,0.593302,0.582402,0.565217,0.394932,0.042802,0.118660
7,25,0.456522,0.489960,0.036380,0.339362,0.543478,0.667676,0.023346,0.007276
7,26,0.173913,0.437751,0.000000,0.350183,0.826087,0.659536,0.054475,0.000000
7,27,0.608696,0.518072,0.000000,0.343503,0.391304,0.666030,0.027237,0.000000
7,28,0.565217,0.510040,0.550336,0.187438,0.434783,0.781747,0.023346,0.110067
7,29,0.326087,0.465863,0.252440,0.304472,0.673913,0.687457,0.031128,0.050488
7,30,0.543478,0.506024,0.354244,0.472373,0.456522,0.517553,0.038911,0.070849
7,31,0.413043,0.481928,0.000000,0.393613,0.586957,0.617311,0.023346,0.000000
7,32,0.521739,0.502008,0.514165,0.365669,0.478261,0.610830,0.023346,0.102833
7,33,0.478261,0.493976,0.186655,0.542795,0.521739,0.460054,0.038911,0.037331
7,34,0.456522,0.489960,0.166701,0.276131,0.543478,0.720623,0.023346,0.033340
7,35,0.500000,0.497992,0.000000,0.310415,0.500000,0.698200,0.035019,0.000000
7,36,0.652174,0.526104,0.496195,0.894180,0.347826,0.098162,0.027237,0.099239
7,37,0.369565,0.473896,0.468995,0.419194,0.630435,0.561746,0.023346,0.093799
7,38,0.521739,0.502008,0.222269,0.537540,0.478261,0.462832,0.031128,0.044454
7,39,0.695652,0.534137,0.240594,0.587935,0.304348,0.412636,0.023346,0.048119
7,40,0.586957,0.514056,0.182298,0.624335,0.413043,0.381062,0.023346,0.036460
7,41,0.543478,0.506024,0.161809,0.644115,0.456522,0.363171,0.027237,0.032362
7,42,0.500000,0.497992,0.513363,0.474737,0.500000,0.504841,0.023346,0.102673
7,43,0.782609,0.550201,0.478634,0.755803,0.217391,0.233849,0.023346,0.095727
7,44,0.434783,0.485944,0.000000,0.256932,0.565217,0.750198,0.035019,0.000000
7,45,0.652174,0.526104,0.000000,0.165875,0.347826,0.838729,0.023346,0.000000
7,46,0.586957,0.514056,0.517640,0.516568,0.413043,0.463891,0.027237,0.103528
7,47,0.630435,0.522088,0.577155,0.468421,0.369565,0.506807,0.027237,0.115431
7,48,0.673913,0.530120,0.513909,0.518866,0.326087,0.461901,0.027237,0.102782
7,49,0.500000,0.497992,0.256601,0.450487,0.500000,0.545222,0.027237,0.051320
7,50,0.630435,0.522088,0.494722,0.679234,0.369565,0.307239,0.023346,0.098944
7,51,0.391304,0.477912,0.000000,0.162205,0.608696,0.842297,0.038911,0.000000
7,52,0.760870,0.546185,0.450997,0.940417,0.239130,0.056167,0.027237,0.090199
7,53,0.326087,0.465863,0.514672,0.031970,0.673913,0.935234,0.031128,0.102934
7,54,0.304348,0.461847,0.000000,0.142321,0.695652,0.861629,0.035019,0.000000
7,55,0.543478,0.506024,0.188435,0.413715,0.456522,0.585435,0.031128,0.037687
7,56,0.565217,0.510040,0.148064,0.413681,0.434783,0.588109,0.027237,0.029613
7,57,0.500000,0.497992,0.312330,0.584235,0.500000,0.411539,0.031128,0.062466
7,58,0.456522,0.489960,0.553309,0.540057,0.543478,0.438720,0.031128,0.110662
7,59,0.304348,0.461847,0.000000,0.302966,0.695652,0.705442,0.031128,0.000000
7,60,0.304348,0.461847,0.000000,0.317187,0.695652,0.691616,0.066148,0.000000
7,61,0.891304,0.570281,0.042748,0.760433,0.108696,0.257874,0.023346,0.008550
7,62,0.456522,0.489960,0.203833,0.492078,0.543478,0.508239,0.023346,0.040767
7,63,0.195652,0.441767,0.260597,0.195090,0.804348,0.793270,0.062257,0.052119
7,64,0.260870,0.453815,0.338918,0.376352,0.739130,0.611912,0.038911,0.067784
7,65,0.304348,0.461847,0.000000,0.113085,0.695652,0.890053,0.035019,0.000000
7,66,0.543478,0.506024,0.055751,0.705493,0.456522,0.310438,0.027237,0.011150
7,67,0.543478,0.506024,0.320802,0.527449,0.456522,0.466195,0.023346,0.064160
7,68,0.586957,0.514056,0.591145,0.697648,0.413043,0.283026,0.023346,0.118229
7,69,0.521739,0.502008,0.000000,0.258712,0.478261,0.748469,0.027237,0.000000
7,70,0.608696,0.518072,0.554716,0.666474,0.391304,0.315719,0.023346,0.110943
7,71,0.521739,0.502008,0.000000,0.511734,0.478261,0.502469,0.027237,0.000000
7,72,0.434783,0.485944,0.000000,0.273138,0.565217,0.734442,0.038911,0.000000
7,73,0.586957,0.514056,0.757752,0.573375,0.413043,0.392946,0.031128,0.144216
7,74,0.630435,0.522088,0.481593,0.648307,0.369565,0.338167,0.023346,0.096319
7,75,0.913043,0.574297,0.431839,0.729659,0.086957,0.262329,0.023346,0.086368
7,76,0.565217,0.510040,0.067891,0.557183,0.434783,0.453838,0.035019,0.013578
7,77,0.847826,0.562249,0.689264,0.668135,0.152174,0.305299,0.027237,0.137853
7,78,0.652174,0.526104,0.428371,0.565737,0.347826,0.421928,0.027237,0.085674
7,79,0.586957,0.514056,1.000000,0.876378,0.413043,0.082498,0.027237,0.200000
7,80,0.347826,0.469880,0.053692,0.154849,0.652174,0.845935,0.038911,0.010738
7,81,0.652174,0.526104,0.086175,0.432619,0.347826,0.573748,0.023346,0.017235
7,82,0.434783,0.485944,0.221246,0.488765,0.565217,0.510320,0.027237,0.044249
7,83,0.695652,0.534137,0.159201,0.545219,0.304348,0.459494,0.023346,0.031840
7,84,0.369565,0.473896,0.288722,0.305821,0.630435,0.683771,0.027237,0.057744
7,85,0.934783,0.578313,0.701485,0.946279,0.065217,0.034074,0.023346,0.140297
7,86,0.239130,0.449799,0.000000,0.131132,0.760870,0.872508,0.050584,0.000000
7,87,0.673913,0.530120,0.925374,0.683959,0.326087,0.274461,0.031128,0.176117
7,88,0.608696,0.518072,0.593446,0.643278,0.391304,0.335736,0.027237,0.118689
7,89,0.195652,0.441767,0.000000,0.230679,0.804348,0.775724,0.077821,0.000000
7,90,0.239130,0.449799,0.375587,0.222212,0.760870,0.759374,0.042802,0.075117
7,91,0.456522,0.489960,0.769230,0.521077,0.543478,0.443041,0.023346,0.153846
7,92,0.543478,0.506024,0.099385,0.607810,0.456522,0.402555,0.031128,0.019877
7,93,0.695652,0.534137,0.000000,0.546244,0.304348,0.468916,0.023346,0.000000
7,94,0.478261,0.493976,0.080975,0.390637,0.521739,0.614905,0.031128,0.016195
7,95,0.586957,0.514056,0.001279,0.281221,0.413043,0.726501,0.031128,0.000256
7,96,0.543478,0.506024,0.450390,0.668939,0.456522,0.320150,0.027237,0.090078
7,97,0.500000,0.497992,0.761930,0.636197,0.500000,0.331594,0.023346,0.152386
7,98,0.543478,0.506024,0.373645,0.507689,0.456522,0.481948,0.027237,0.074729
7,99,0.652174,0.526104,0.117425,0.613957,0.347826,0.395398,0.023346,0.023485
7,100,0.543478,0.506024,0.000000,0.532087,0.456522,0.482680,0.027237,0.000000
7,101,0.586957,0.514056,0.662020,0.479298,0.413043,0.490678,0.023346,0.125996
7,102,0.413043,0.481928,0.000000,0.353227,0.586957,0.656576,0.035019,0.000000
7,103,0.913043,0.574297,0.795613,0.934393,0.086957,0.039470,0.023346,0.159123
7,104,0.413043,0.481928,0.386315,0.434176,0.586957,0.552592,0.031128,0.077263
7,105,0.173913,0.437751,0.186510,0.010631,0.826087,0.977458,0.046693,0.037302
7,106,0.586957,0.514056,0.000000,0.437684,0.413043,0.574464,0.035019,0.000000
7,107,0.347826,0.469880,0.543328,0.434291,0.652174,0.542203,0.046693,0.108666
7,108,0.434783,0.485944,0.594464,0.385803,0.565217,0.585999,0.023346,0.118893
7,109,0.347826,0.469880,0.000000,0.329482,0.652174,0.679662,0.050584,0.000000
7,110,0.869565,0.566265,0.000000,0.720085,0.130435,0.299900,0.027237,0.000000
7,111,0.521739,0.502008,0.000000,0.540075,0.478261,0.474914,0.027237,0.000000
7,112,0.565217,0.510040,0.163697,0.541968,0.434783,0.462360,0.027237,0.032739
7,113,0.608696,0.518072,0.857587,0.614817,0.391304,0.346120,0.023346,0.171517
7,114,0.608696,0.518072,0.126283,0.605732,0.391304,0.402814,0.027237,0.025257
7,115,0.369565,0.473896,0.643823,0.616967,0.630435,0.358021,0.031128,0.122532
7,116,0.478261,0.493976,0.000000,0.484843,0.521739,0.528613,0.027237,0.000000
7,117,1.000000,0.590361,0.804506,0.957887,0.000000,0.016045,0.023346,0.160901
7,118,0.434783,0.485944,0.096441,0.421726,0.565217,0.583667,0.027237,0.019288
7,119,0.282609,0.457831,0.241349,0.226412,0.717391,0.764076,0.038911,0.048270
7,120,0.347826,0.469880,0.522936,0.309036,0.652174,0.665316,0.027237,0.104587
7,121,0.804348,0.554217,0.644733,0.739697,0.195652,0.238637,0.023346,0.128947
7,122,0.586957,0.514056,0.661780,0.456568,0.413043,0.512792,0.023346,0.132356
7,123,0.413043,0.481928,0.685999,0.503520,0.586957,0.465558,0.031128,0.137200
7,124,0.760870,0.546185,0.301059,0.350560,0.239130,0.639466,0.027237,0.060212
7,125,0.478261,0.493976,0.601072,0.694586,0.521739,0.285353,0.027237,0.120214
7,126,0.695652,0.534137,0.501186,0.602195,0.304348,0.381717,0.031128,0.100237
7,127,0.608696,0.518072,0.000000,0.653345,0.391304,0.364788,0.027237,0.000000
7,128,0.456522,0.489960,0.232999,0.421809,0.543478,0.574649,0.023346,0.046600
7,129,0.543478,0.506024,0.018918,0.632164,0.456522,0.384142,0.027237,0.003784
7,130,0.478261,0.493976,0.210526,0.600766,0.521739,0.402130,0.023346,0.042105
7,131,0.500000,0.497992,0.405779,0.414662,0.500000,0.570290,0.035019,0.081156
7,132,0.695652,0.534137,0.650279,0.870320,0.304348,0.111276,0.027237,0.130056
7,133,0.000000,0.405622,0.000000,0.189629,1.000000,0.815634,0.066148,0.000000
7,134,0.586957,0.514056,0.179151,0.549470,0.413043,0.454055,0.027237,0.035830
7,135,0.369565,0.473896,0.000000,0.145504,0.630435,0.858535,0.046693,0.000000
7,136,0.543478,0.506024,0.202692,0.453076,0.456522,0.546233,0.035019,0.040538
7,137,0.826087,0.558233,0.487096,0.694440,0.173913,0.292955,0.023346,0.097419
7,138,0.652174,0.526104,0.184845,0.349585,0.347826,0.648020,0.031128,0.036969
7,139,0.217391,0.445783,0.420551,0.293946,0.782609,0.686689,0.042802,0.084110
7,140,0.347826,0.469880,0.413868,0.488685,0.652174,0.497792,0.031128,0.082774
7,141,0.413043,0.481928,0.000000,0.313193,0.586957,0.695499,0.031128,0.000000
7,142,0.391304,0.477912,0.042764,0.561378,0.608696,0.451404,0.031128,0.008553
7,143,0.543478,0.506024,0.001427,0.531198,0.456522,0.483451,0.031128,0.000285
7,144,0.586957,0.514056,0.301535,0.581690,0.413043,0.414720,0.027237,0.060307
7,145,0.260870,0.453815,0.079377,0.238591,0.739130,0.762835,0.058366,0.015875
7,146,0.217391,0.445783,0.193144,0.359017,0.782609,0.638306,0.050584,0.038629
7,147,0.608696,0.518072,0.426437,0.550513,0.391304,0.436857,0.027237,0.085287
7,148,0.326087,0.465863,0.000000,0.039640,0.673913,0.961460,0.042802,0.000000
7,149,0.347826,0.469880,0.000000,0.221503,0.652174,0.784645,0.027237,0.000000
7,150,0.543478,0.506024,0.016314,0.285334,0.456522,0.721518,0.023346,0.003263
7,151,0.760870,0.546185,0.580476,0.824340,0.239130,0.160549,0.023346,0.116095
7,152,0.391304,0.477912,0.241495,0.461902,0.608696,0.535113,0.035019,0.048299
7,153,0.565217,0.510040,0.586188,0.563280,0.434783,0.413989,0.031128,0.117238
7,154,0.391304,0.477912,0.366275,0.449198,0.608696,0.539298,0.042802,0.069710
7,155,0.500000,0.497992,0.420276,0.603736,0.500000,0.385515,0.031128,0.084055
7,156,0.673913,0.530120,0.070487,0.646065,0.326087,0.367253,0.027237,0.014097
7,157,0.260870,0.453815,0.000000,0.183780,0.739130,0.821321,0.046693,0.000000
7,158,0.739130,0.542169,0.440425,0.630567,0.260870,0.358109,0.027237,0.083822
7,159,0.695652,0.534137,0.336527,0.630703,0.304348,0.364777,0.023346,0.067305
7,160,0.239130,0.449799,0.000000,0.302888,0.760870,0.705519,0.054475,0.000000
7,161,0.369565,0.473896,0.000000,0.437192,0.630435,0.574941,0.038911,0.000000
7,162,0.391304,0.477912,0.354678,0.587177,0.608696,0.405907,0.027237,0.070936
7,163,0.391304,0.477912,0.011337,0.281333,0.608696,0.725733,0.031128,0.002267
7,164,0.652174,0.526104,0.164024,0.535397,0.347826,0.468727,0.031128,0.032805
7,165,0.434783,0.485944,0.175203,0.475390,0.565217,0.526337,0.023346,0.035041
7,166,0.543478,0.506024,0.103338,0.548860,0.456522,0.459610,0.027237,0.020668
7,167,0.326087,0.465863,0.263441,0.464241,0.673913,0.531402,0.027237,0.052688
7,168,0.456522,0.489960,0.542430,0.486518,0.543478,0.491484,0.031128,0.108486
7,169,0.565217,0.510040,0.048748,0.385484,0.434783,0.622025,0.023346,0.009750
7,170,0.434783,0.485944,0.244787,0.490844,0.565217,0.506758,0.038911,0.048957
7,171,0.826087,0.558233,0.378539,0.827818,0.173913,0.170383,0.031128,0.075708
7,172,0.826087,0.558233,0.000000,0.545163,0.173913,0.469967,0.023346,0.000000
7,173,0.478261,0.493976,0.094154,0.455473,0.521739,0.551006,0.035019,0.018831
7,174,0.456522,0.489960,0.000000,0.191309,0.543478,0.814000,0.027237,0.000000
7,175,0.478261,0.493976,0.723317,0.576544,0.521739,0.392119,0.027237,0.144663
7,176,0.521739,0.502008,0.000000,0.175064,0.478261,0.829794,0.023346,0.000000
7,177,0.521739,0.502008,0.262824,0.223366,0.478261,0.765633,0.031128,0.052565
7,178,0.695652,0.534137,0.690784,0.823999,0.304348,0.153661,0.027237,0.138157
7,179,0.739130,0.542169,0.464925,0.670495,0.260870,0.317686,0.027237,0.092985
7,180,0.369565,0.473896,0.000000,0.360823,0.630435,0.649192,0.031128,0.000000
7,181,0.391304,0.477912,0.000000,0.272117,0.608696,0.735435,0.038911,0.000000
7,182,0.326087,0.465863,0.263004,0.349496,0.673913,0.642991,0.046693,0.052601
7,183,0.652174,0.526104,0.280191,0.463429,0.347826,0.531095,0.023346,0.056038
7,184,0.500000,0.497992,0.000000,0.362076,0.500000,0.647973,0.027237,0.000000
7,185,0.521739,0.502008,0.648314,0.429402,0.478261,0.540086,0.031128,0.129663
7,186,0.434783,0.485944,0.590981,0.489033,0.565217,0.485862,0.023346,0.118196
7,187,0.586957,0.514056,0.229652,0.590560,0.413043,0.410801,0.027237,0.045930
7,188,0.913043,0.574297,0.393025,0.611863,0.086957,0.379396,0.023346,0.078605
7,189,0.673913,0.530120,0.348505,0.452647,0.326087,0.537107,0.023346,0.069701
7,190,0.673913,0.530120,0.282188,0.432408,0.326087,0.561124,0.023346,0.056438
7,191,0.543478,0.506024,0.559847,0.625990,0.456522,0.354744,0.027237,0.111969
7,192,0.695652,0.534137,0.003810,0.712461,0.304348,0.307063,0.027237,0.000762
7,193,0.543478,0.506024,0.000000,0.287845,0.456522,0.720144,0.035019,0.000000
7,194,0.478261,0.493976,0.188227,0.087718,0.521739,0.902398,0.027237,0.037645
7,195,0.760870,0.546185,0.599037,0.815811,0.239130,0.167626,0.023346,0.119807
7,196,0.543478,0.506024,0.076986,0.190540,0.456522,0.809709,0.027237,0.015397
7,197,0.739130,0.542169,0.531527,0.535531,0.260870,0.444545,0.023346,0.106305
7,198,0.826087,0.558233,0.100684,0.518083,0.173913,0.489707,0.027237,0.020137
7,199,0.934783,0.578313,0.552814,0.821291,0.065217,0.165323,0.023346,0.110563
7,200,0.456522,0.489960,0.103092,0.390255,0.543478,0.613829,0.031128,0.020618
7,201,0.326087,0.465863,0.101374,0.237704,0.673913,0.762259,0.038911,0.020275
7,202,0.521739,0.502008,0.317874,0.649500,0.478261,0.347722,0.031128,0.063575
7,203,0.478261,0.493976,0.393643,0.396043,0.521739,0.589186,0.027237,0.078729
7,204,0.717391,0.538153,0.000000,0.619157,0.282609,0.398026,0.023346,0.000000
7,205,0.500000,0.497992,0.807780,0.454700,0.500000,0.505053,0.023346,0.153737
7,206,0.434783,0.485944,0.458640,0.417384,0.565217,0.564184,0.027237,0.091728
7,207,0.760870,0.546185,0.605241,0.820865,0.239130,0.162306,0.023346,0.121048
7,208,0.456522,0.489960,0.460639,0.515733,0.543478,0.468434,0.027237,0.092128
7,209,0.565217,0.510040,0.000000,0.598254,0.434783,0.418349,0.027237,0.000000
7,210,0.565217,0.510040,0.836181,0.600879,0.434783,0.361073,0.027237,0.167236
7,211,0.608696,0.518072,0.159885,0.311239,0.391304,0.686935,0.031128,0.031977
7,212,0.739130,0.542169,0.331967,0.892021,0.260870,0.111010,0.023346,0.066393
7,213,0.760870,0.546185,0.287945,0.698659,0.239130,0.301886,0.023346,0.057589
7,214,0.282609,0.457831,0.000000,0.243087,0.717391,0.763659,0.046693,0.000000
7,215,0.652174,0.526104,0.270542,0.508588,0.347826,0.487822,0.023346,0.054108
7,216,0.652174,0.526104,0.506155,0.580197,0.347826,0.402780,0.031128,0.101231
7,217,0.413043,0.481928,0.077732,0.305797,0.586957,0.697602,0.031128,0.015546
7,218,0.630435,0.522088,0.136901,0.732435,0.369565,0.278933,0.027237,0.027380
7,219,0.608696,0.518072,0.000000,0.582862,0.391304,0.433315,0.023346,0.000000
7,220,0.434783,0.485944,0.000000,0.280799,0.565217,0.726994,0.038911,0.000000
7,221,0.521739,0.502008,0.161509,0.267240,0.478261,0.729607,0.023346,0.032302
7,222,0.608696,0.518072,0.002828,0.703267,0.391304,0.316066,0.027237,0.000566
7,223,0.630435,0.522088,0.066737,0.454304,0.369565,0.553937,0.027237,0.013347
7,224,0.717391,0.538153,0.486157,0.511289,0.282609,0.471084,0.027237,0.097231
7,225,0.282609,0.457831,0.000000,0.000000,0.717391,1.000000,0.038911,0.000000
7,226,0.304348,0.461847,0.000000,0.191572,0.695652,0.813745,0.042802,0.000000
7,227,0.565217,0.510040,0.213490,0.339377,0.434783,0.656070,0.027237,0.042698
7,228,0.586957,0.514056,0.862223,0.620611,0.413043,0.340184,0.023346,0.172445
7,229,0.804348,0.554217,0.650853,0.613685,0.195652,0.360751,0.023346,0.123871
7,230,0.369565,0.473896,0.455957,0.349606,0.630435,0.630256,0.027237,0.091191
7,231,0.413043,0.481928,0.000000,0.181553,0.586957,0.823485,0.035019,0.000000
7,232,0.695652,0.534137,0.000000,0.707017,0.304348,0.312605,0.035019,0.000000
7,233,0.326087,0.465863,0.000000,0.295516,0.673913,0.712685,0.027237,0.000000
7,234,0.478261,0.493976,0.157245,0.186316,0.521739,0.808564,0.023346,0.031449
7,235,0.565217,0.510040,0.095894,0.375103,0.434783,0.629031,0.023346,0.019179
7,236,0.173913,0.437751,0.303802,0.170931,0.826087,0.813931,0.066148,0.060760
7,237,0.804348,0.554217,0.908503,0.732562,0.195652,0.228311,0.027237,0.181701
7,238,0.478261,0.493976,0.000000,0.215488,0.521739,0.790492,0.031128,0.000000
7,239,0.413043,0.481928,0.457796,0.322086,0.586957,0.656892,0.031128,0.091559
7,240,0.304348,0.461847,0.239722,0.241258,0.695652,0.749749,0.038911,0.047944
7,241,0.456522,0.489960,0.000000,0.670034,0.543478,0.348562,0.035019,0.000000
7,242,0.673913,0.530120,0.993511,0.841407,0.326087,0.116924,0.023346,0.198702
7,243,0.347826,0.469880,0.380524,0.400515,0.652174,0.585696,0.035019,0.076105
7,244,0.695652,0.534137,0.208799,0.562432,0.304348,0.439512,0.031128,0.041760
7,245,0.369565,0.473896,0.510933,0.518949,0.630435,0.462015,0.035019,0.102187
7,246,0.478261,0.493976,0.000000,0.410273,0.521739,0.601113,0.031128,0.000000
7,247,0.652174,0.526104,0.601615,0.584074,0.347826,0.392762,0.031128,0.120323
7,248,0.434783,0.485944,0.254555,0.532528,0.565217,0.465592,0.023346,0.050911
7,249,0.369565,0.473896,0.351402,0.385376,0.630435,0.602321,0.031128,0.070280
8,0,0.565217,0.510040,0.220495,0.510791,0.434783,0.480808,0.027132,0.044099
8,1,0.760870,0.546185,0.000000,0.311242,0.239130,0.693653,0.027132,0.000000
8,2,0.804348,0.554217,0.000000,0.633288,0.195652,0.376672,0.023256,0.000000
8,3,0.478261,0.493976,0.425614,0.452122,0.521739,0.523267,0.023256,0.085123
8,4,0.739130,0.542169,0.320314,0.627068,0.260870,0.358920,0.023256,0.064063
8,5,0.326087,0.465863,0.000000,0.276488,0.673913,0.727860,0.031008,0.000000
8,6,0.586957,0.514056,0.138632,0.257871,0.413043,0.735852,0.031008,0.027726
8,7,0.521739,0.502008,0.121272,0.292074,0.478261,0.703481,0.031008,0.024254
8,8,0.282609,0.457831,0.000000,0.034416,0.717391,0.966126,0.042636,0.000000
8,9,0.456522,0.489960,0.000000,0.126024,0.543478,0.875958,0.034884,0.000000
8,10,0.500000,0.497992,0.287236,0.525199,0.500000,0.461653,0.027132,0.057447
8,11,0.391304,0.477912,0.146513,0.244813,0.608696,0.748118,0.038760,0.029303
8,12,0.739130,0.542169,0.000000,0.457515,0.260870,0.549680,0.023256,0.000000
8,13,0.630435,0.522088,0.666780,0.513997,0.369565,0.444390,0.023256,0.133356
8,14,0.521739,0.502008,0.302101,0.283123,0.478261,0.698813,0.034884,0.060420
8,15,0.956522,0.582329,0.273479,0.854057,0.043478,0.138992,0.023256,0.054696
8,16,0.413043,0.481928,0.708008,0.615714,0.586957,0.341200,0.027132,0.141602
8,17,0.565217,0.510040,0.000000,0.413733,0.434783,0.592773,0.027132,0.000000
8,18,0.608696,0.518072,0.581106,0.463116,0.391304,0.500856,0.023256,0.116221
8,19,0.565217,0.510040,0.449844,0.291980,0.434783,0.679085,0.027132,0.089969
8,20,0.608696,0.518072,0.657955,0.601172,0.391304,0.359244,0.023256,0.125199
8,21,0.282609,0.457831,0.000000,0.331432,0.717391,0.673781,0.042636,0.000000
8,22,0.608696,0.518072,0.405623,0.582880,0.391304,0.396055,0.027132,0.081125
8,23,0.478261,0.493976,0.393750,0.364543,0.521739,0.611843,0.034884,0.078750
8,24,0.434783,0.485944,0.530493,0.716889,0.565217,0.254846,0.042636,0.106099
8,25,0.456522,0.489960,0.000000,0.199996,0.543478,0.803149,0.023256,0.000000
8,26,0.173913,0.437751,0.027287,0.341293,0.826087,0.662041,0.054264,0.005457
8,27,0.608696,0.518072,0.000000,0.209583,0.391304,0.793714,0.027132,0.000000
8,28,0.565217,0.510040,0.508990,0.199973,0.434783,0.765236,0.023256,0.096853
8,29,0.326087,0.465863,0.000000,0.305080,0.673913,0.699718,0.031008,0.000000
8,30,0.543478,0.506024,0.339779,0.411493,0.456522,0.569654,0.038760,0.067956
8,31,0.413043,0.481928,0.000000,0.250385,0.586957,0.753553,0.023256,0.000000
8,32,0.521739,0.502008,0.088678,0.332371,0.478261,0.666247,0.023256,0.017736
8,33,0.478261,0.493976,0.185396,0.464429,0.521739,0.529057,0.038760,0.037079
8,34,0.456522,0.489960,0.268066,0.413288,0.543478,0.573232,0.023256,0.053613
8,35,0.500000,0.497992,0.430223,0.498836,0.500000,0.476944,0.034884,0.086045
8,36,0.652174,0.526104,0.518283,0.836016,0.347826,0.138504,0.027132,0.103657
8,37,0.369565,0.473896,0.443022,0.379469,0.630435,0.593479,0.023256,0.088604
8,38,0.521739,0.502008,0.180579,0.533006,0.478261,0.461917,0.031008,0.036116
8,39,0.695652,0.534137,0.529305,0.624172,0.304348,0.346194,0.023256,0.105861
8,40,0.586957,0.514056,0.387035,0.537118,0.413043,0.442483,0.023256,0.077407
8,41,0.543478,0.506024,0.235034,0.478728,0.456522,0.511283,0.027132,0.047007
8,42,0.500000,0.497992,0.676784,0.444923,0.500000,0.511632,0.023256,0.128782
8,43,0.782609,0.550201,0.000000,0.751514,0.217391,0.260305,0.023256,0.000000
8,44,0.434783,0.485944,0.000000,0.060050,0.565217,0.940894,0.034884,0.000000
8,45,0.652174,0.526104,0.000000,0.434309,0.347826,0.572521,0.023256,0.000000
8,46,0.586957,0.514056,0.000000,0.262553,0.413043,0.741576,0.027132,0.000000
8,47,0.630435,0.522088,0.499222,0.509763,0.369565,0.461046,0.027132,0.099844
8,48,0.673913,0.530120,0.401192,0.515578,0.326087,0.462629,0.027132,0.080238
8,49,0.500000,0.497992,0.194382,0.165642,0.500000,0.822475,0.027132,0.038876
8,50,0.630435,0.522088,0.595751,0.413779,0.369565,0.548326,0.023256,0.119150
8,51,0.391304,0.477912,0.000000,0.055845,0.608696,0.945034,0.038760,0.000000
8,52,0.760870,0.546185,0.580883,0.669514,0.239130,0.297721,0.027132,0.116177
8,53,0.326087,0.465863,0.158402,0.201216,0.673913,0.790143,0.031008,0.031680
8,54,0.304348,0.461847,0.000000,0.187067,0.695652,0.815875,0.034884,0.000000
8,55,0.543478,0.506024,0.512128,0.326964,0.456522,0.640008,0.031008,0.102426
8,56,0.565217,0.510040,0.041121,0.275110,0.434783,0.726152,0.027132,0.008224
8,57,0.500000,0.497992,0.492641,0.679162,0.500000,0.294802,0.031008,0.098528
8,58,0.456522,0.489960,0.703427,0.415566,0.543478,0.538542,0.031008,0.140685
8,59,0.304348,0.461847,0.106446,0.181520,0.695652,0.813401,0.031008,0.021289
8,60,0.304348,0.461847,0.000000,0.259693,0.695652,0.744391,0.065891,0.000000
8,61,0.891304,0.570281,0.376630,0.893372,0.108696,0.092607,0.023256,0.075326
8,62,0.456522,0.489960,0.189288,0.354629,0.543478,0.636840,0.023256,0.037858
8,63,0.195652,0.441767,0.092489,0.090509,0.804348,0.904021,0.062016,0.018498
8,64,0.260870,0.453815,0.326790,0.339064,0.739130,0.641912,0.038760,0.065358
8,65,0.304348,0.461847,0.000000,0.000000,0.695652,1.000000,0.034884,0.000000
8,66,0.543478,0.506024,0.406661,0.585532,0.456522,0.393368,0.027132,0.081332
8,67,0.543478,0.506024,0.602744,0.615793,0.456522,0.348968,0.023256,0.120549
8,68,0.586957,0.514056,0.583606,0.425079,0.413043,0.538108,0.023256,0.116721
8,69,0.521739,0.502008,0.000000,0.129287,0.478261,0.872746,0.027132,0.000000
8,70,0.608696,0.518072,0.300920,0.505371,0.391304,0.480149,0.023256,0.060184
8,71,0.521739,0.502008,0.000000,0.174177,0.478261,0.828562,0.027132,0.000000
8,72,0.434783,0.485944,0.000000,0.149359,0.565217,0.852990,0.038760,0.000000
8,73,0.586957,0.514056,1.000000,0.895827,0.413043,0.043729,0.034884,0.200000
8,74,0.630435,0.522088,0.947152,0.512814,0.369565,0.424657,0.023256,0.180229
8,75,0.913043,0.574297,0.398394,0.655284,0.086957,0.325328,0.023256,0.079679
8,76,0.565217,0.510040,0.199345,0.426476,0.434783,0.565373,0.034884,0.039869
8,77,0.847826,0.562249,0.436341,0.871244,0.152174,0.109936,0.027132,0.087268
8,78,0.652174,0.526104,0.473807,0.565424,0.347826,0.408155,0.027132,0.094761
8,79,0.586957,0.514056,0.649202,0.653126,0.413043,0.308759,0.027132,0.129840
8,80,0.347826,0.469880,0.000000,0.043059,0.652174,0.957618,0.038760,0.000000
8,81,0.652174,0.526104,0.145464,0.334865,0.347826,0.659560,0.023256,0.029093
8,82,0.434783,0.485944,0.634355,0.252502,0.565217,0.704189,0.027132,0.126871
8,83,0.695652,0.534137,0.274682,0.687059,0.304348,0.303273,0.023256,0.054936
8,84,0.369565,0.473896,0.465314,0.373003,0.630435,0.598183,0.027132,0.093063
8,85,0.934783,0.578313,0.888485,0.809353,0.065217,0.137154,0.023256,0.177697
8,86,0.239130,0.449799,0.000000,0.227492,0.760870,0.776085,0.050388,0.000000
8,87,0.673913,0.530120,0.000000,0.618414,0.326087,0.391312,0.034884,0.000000
8,88,0.608696,0.518072,0.383129,0.534454,0.391304,0.445395,0.027132,0.076626
8,89,0.195652,0.441767,0.000000,0.212465,0.804348,0.790876,0.077519,0.000000
8,90,0.239130,0.449799,0.340028,0.448605,0.760870,0.533107,0.042636,0.068006
8,91,0.456522,0.489960,0.115687,0.447727,0.543478,0.550691,0.023256,0.023137
8,92,0.543478,0.506024,0.423413,0.682638,0.456522,0.296540,0.031008,0.084683
8,93,0.695652,0.534137,0.002046,0.557557,0.304348,0.451059,0.023256,0.000409
8,94,0.478261,0.493976,0.295556,0.301361,0.521739,0.681350,0.031008,0.059111
8,95,0.586957,0.514056,0.151114,0.507594,0.413043,0.489126,0.031008,0.030223
8,96,0.543478,0.506024,0.024357,0.579610,0.456522,0.427690,0.027132,0.004871
8,97,0.500000,0.497992,0.541275,0.702542,0.500000,0.268165,0.023256,0.108255
8,98,0.543478,0.506024,0.228280,0.475167,0.456522,0.515292,0.027132,0.045656
8,99,0.652174,0.526104,0.387499,0.455613,0.347826,0.522671,0.023256,0.077500
8,100,0.543478,0.506024,0.000000,0.533253,0.456522,0.475134,0.027132,0.000000
8,101,0.586957,0.514056,0.365965,0.501762,0.413043,0.478853,0.027132,0.073193
8,102,0.413043,0.481928,0.353714,0.318657,0.586957,0.659991,0.034884,0.070743
8,103,0.913043,0.574297,0.211007,1.000000,0.086957,0.000000,0.023256,0.042201
8,104,0.413043,0.481928,0.323463,0.082788,0.586957,0.894406,0.031008,0.064693
8,105,0.173913,0.437751,0.807572,0.092976,0.826087,0.848296,0.046512,0.161514
8,106,0.586957,0.514056,0.000000,0.287643,0.413043,0.716880,0.034884,0.000000
8,107,0.347826,0.469880,0.388646,0.487961,0.652174,0.490747,0.046512,0.077729
8,108,0.434783,0.485944,0.643017,0.300991,0.565217,0.655817,0.023256,0.128603
8,109,0.347826,0.469880,0.000000,0.260830,0.652174,0.743272,0.050388,0.000000
8,110,0.869565,0.566265,0.000000,0.489142,0.130435,0.518551,0.027132,0.000000
8,111,0.521739,0.502008,0.000000,0.633652,0.478261,0.376314,0.027132,0.000000
8,112,0.565217,0.510040,0.335067,0.588538,0.434783,0.395744,0.027132,0.067013
8,113,0.608696,0.518072,0.702536,0.452335,0.391304,0.502418,0.023256,0.133682
8,114,0.608696,0.518072,0.032356,0.489279,0.391304,0.516004,0.027132,0.006471
8,115,0.369565,0.473896,0.000000,0.462435,0.630435,0.544837,0.034884,0.000000
8,116,0.478261,0.493976,0.000000,0.480432,0.521739,0.527123,0.027132,0.000000
8,117,1.000000,0.590361,0.562626,0.907282,0.000000,0.065053,0.023256,0.112525
8,118,0.434783,0.485944,0.272811,0.359556,0.565217,0.625765,0.027132,0.054562
8,119,0.282609,0.457831,0.000000,0.136917,0.717391,0.865236,0.038760,0.000000
8,120,0.347826,0.469880,0.717310,0.437464,0.652174,0.515954,0.027132,0.143462
8,121,0.804348,0.554217,0.360641,0.769629,0.195652,0.215595,0.023256,0.072128
8,122,0.586957,0.514056,0.576475,0.460454,0.413043,0.503821,0.023256,0.115295
8,123,0.413043,0.481928,0.298753,0.274355,0.586957,0.707693,0.031008,0.059751
8,124,0.760870,0.546185,0.502929,0.565981,0.239130,0.405436,0.027132,0.100586
8,125,0.478261,0.493976,0.425783,0.479714,0.521739,0.496096,0.027132,0.085157
8,126,0.695652,0.534137,0.525139,0.785054,0.304348,0.188153,0.031008,0.105028
8,127,0.608696,0.518072,0.000000,0.613195,0.391304,0.396449,0.027132,0.000000
8,128,0.456522,0.489960,0.539764,0.297004,0.543478,0.667437,0.023256,0.107953
8,129,0.543478,0.506024,0.089771,0.503040,0.456522,0.498181,0.027132,0.017954
8,130,0.478261,0.493976,0.420655,0.389525,0.521739,0.585249,0.023256,0.084131
8,131,0.500000,0.497992,0.329864,0.352125,0.500000,0.628827,0.034884,0.065973
8,132,0.695652,0.534137,0.532821,0.589450,0.304348,0.380108,0.027132,0.106564
8,133,0.000000,0.405622,0.000000,0.054521,1.000000,0.946336,0.065891,0.000000
8,134,0.586957,0.514056,0.276022,0.319527,0.413043,0.664925,0.027132,0.055204
8,135,0.369565,0.473896,0.000000,0.058724,0.630435,0.942199,0.046512,0.000000
8,136,0.543478,0.506024,0.394514,0.318485,0.456522,0.657120,0.034884,0.078903
8,137,0.826087,0.558233,0.315412,0.501234,0.173913,0.483140,0.023256,0.063082
8,138,0.652174,0.526104,0.057831,0.499296,0.347826,0.504246,0.031008,0.011566
8,139,0.217391,0.445783,0.196236,0.074542,0.782609,0.912004,0.042636,0.039247
8,140,0.347826,0.469880,0.555307,0.323886,0.652174,0.639820,0.031008,0.111061
8,141,0.413043,0.481928,0.202375,0.294298,0.586957,0.695247,0.031008,0.040475
8,142,0.391304,0.477912,0.177049,0.438231,0.608696,0.555465,0.031008,0.035410
8,143,0.543478,0.506024,0.047952,0.520583,0.456522,0.484030,0.031008,0.009590
8,144,0.586957,0.514056,0.351974,0.463836,0.413043,0.517225,0.027132,0.070395
8,145,0.260870,0.453815,0.301673,0.383371,0.739130,0.600174,0.058140,0.060335
8,146,0.217391,0.445783,0.351504,0.033675,0.782609,0.940656,0.050388,0.070301
8,147,0.608696,0.518072,0.468733,0.376832,0.391304,0.594158,0.027132,0.093747
8,148,0.326087,0.465863,0.081622,0.125144,0.673913,0.870740,0.042636,0.016324
8,149,0.347826,0.469880,0.060766,0.253554,0.652174,0.745905,0.027132,0.012153
8,150,0.543478,0.506024,0.000000,0.344228,0.456522,0.661186,0.023256,0.000000
8,151,0.760870,0.546185,0.396413,0.663092,0.239130,0.317791,0.023256,0.079283
8,152,0.391304,0.477912,0.017640,0.506833,0.608696,0.499823,0.034884,0.003528
8,153,0.565217,0.510040,0.137114,0.435854,0.434783,0.560781,0.031008,0.027423
8,154,0.391304,0.477912,0.442899,0.537654,0.608696,0.437792,0.046512,0.088580
8,155,0.500000,0.497992,0.169015,0.561897,0.500000,0.434343,0.031008,0.033803
8,156,0.673913,0.530120,0.196049,0.489555,0.326087,0.503533,0.027132,0.039210
8,157,0.260870,0.453815,0.000000,0.193142,0.739130,0.809896,0.046512,0.000000
8,158,0.739130,0.542169,0.000000,0.862810,0.260870,0.150760,0.031008,0.000000
8,159,0.695652,0.534137,0.152527,0.720994,0.304348,0.278977,0.023256,0.030505
8,160,0.239130,0.449799,0.000000,0.215840,0.760870,0.787554,0.054264,0.000000
8,161,0.369565,0.473896,0.000000,0.251569,0.630435,0.752387,0.038760,0.000000
8,162,0.391304,0.477912,0.448467,0.353903,0.608696,0.618238,0.027132,0.085337
8,163,0.391304,0.477912,0.171830,0.223633,0.608696,0.767077,0.031008,0.034366
8,164,0.652174,0.526104,0.142017,0.753575,0.347826,0.247691,0.031008,0.028403
8,165,0.434783,0.485944,0.151553,0.254190,0.565217,0.738512,0.023256,0.030311
8,166,0.543478,0.506024,0.118893,0.460160,0.456522,0.538215,0.027132,0.023779
8,167,0.326087,0.465863,0.000000,0.463121,0.673913,0.544162,0.027132,0.000000
8,168,0.456522,0.489960,0.030905,0.297641,0.543478,0.704737,0.031008,0.006181
8,169,0.565217,0.510040,0.000000,0.349816,0.434783,0.655685,0.023256,0.000000
8,170,0.434783,0.485944,0.171202,0.471497,0.565217,0.523158,0.038760,0.034240
8,171,0.826087,0.558233,0.609810,0.910330,0.173913,0.058537,0.031008,0.121962
8,172,0.826087,0.558233,0.000000,0.398183,0.173913,0.608079,0.023256,0.000000
8,173,0.478261,0.493976,0.097336,0.258741,0.521739,0.738073,0.034884,0.019467
8,174,0.456522,0.489960,0.189605,0.139992,0.543478,0.848078,0.027132,0.037921
8,175,0.478261,0.493976,0.309465,0.334855,0.521739,0.647346,0.027132,0.061893
8,176,0.521739,0.502008,0.000000,0.252419,0.478261,0.751551,0.023256,0.000000
8,177,0.521739,0.502008,0.448609,0.274594,0.478261,0.696289,0.031008,0.089722
8,178,0.695652,0.534137,0.784872,0.637157,0.304348,0.314366,0.027132,0.156974
8,179,0.739130,0.542169,0.813289,0.660209,0.260870,0.289558,0.027132,0.162658
8,180,0.369565,0.473896,0.000000,0.332659,0.630435,0.672572,0.031008,0.000000
8,181,0.391304,0.477912,0.273641,0.140226,0.608696,0.841585,0.038760,0.054728
8,182,0.326087,0.465863,0.111620,0.283571,0.673913,0.712569,0.046512,0.022324
8,183,0.652174,0.526104,0.094632,0.425520,0.347826,0.574118,0.023256,0.018926
8,184,0.500000,0.497992,0.000000,0.190934,0.500000,0.812069,0.027132,0.000000
8,185,0.521739,0.502008,0.000000,0.356813,0.478261,0.648799,0.031008,0.000000
8,186,0.434783,0.485944,0.323179,0.349139,0.565217,0.632265,0.023256,0.064636
8,187,0.586957,0.514056,0.331700,0.806909,0.413043,0.181059,0.027132,0.066340
8,188,0.913043,0.574297,0.052639,0.615056,0.086957,0.390694,0.023256,0.010528
8,189,0.673913,0.530120,0.472008,0.543051,0.326087,0.430309,0.023256,0.094402
8,190,0.673913,0.530120,0.817585,0.532852,0.326087,0.414592,0.023256,0.163517
8,191,0.543478,0.506024,0.449297,0.554951,0.456522,0.420290,0.027132,0.089859
8,192,0.695652,0.534137,0.438387,0.711828,0.304348,0.266692,0.027132,0.087677
8,193,0.543478,0.506024,0.000000,0.327706,0.456522,0.677448,0.034884,0.000000
8,194,0.478261,0.493976,0.477008,0.149025,0.521739,0.817766,0.027132,0.095402
8,195,0.760870,0.546185,0.846489,0.724699,0.239130,0.223607,0.023256,0.169298
8,196,0.543478,0.506024,0.576592,0.199210,0.456522,0.760948,0.027132,0.115318
8,197,0.739130,0.542169,0.248611,0.675649,0.260870,0.316447,0.023256,0.049722
8,198,0.826087,0.558233,0.469471,0.673064,0.173913,0.302530,0.027132,0.093894
8,199,0.934783,0.578313,0.694151,0.770607,0.065217,0.189776,0.023256,0.138830
8,200,0.456522,0.489960,0.123571,0.437432,0.543478,0.560238,0.031008,0.024714
8,201,0.326087,0.465863,0.303630,0.157679,0.673913,0.822171,0.038760,0.060726
8,202,0.521739,0.502008,0.213258,0.417251,0.478261,0.573417,0.031008,0.042652
8,203,0.478261,0.493976,0.392426,0.368325,0.521739,0.608219,0.027132,0.078485
8,204,0.717391,0.538153,0.000000,0.564493,0.282609,0.444384,0.023256,0.000000
8,205,0.500000,0.497992,0.236731,0.556293,0.500000,0.434812,0.027132,0.047346
8,206,0.434783,0.485944,0.225767,0.237069,0.565217,0.749832,0.027132,0.045153
8,207,0.760870,0.546185,0.645873,0.853004,0.239130,0.112273,0.023256,0.129175
8,208,0.456522,0.489960,0.307962,0.421607,0.543478,0.562070,0.027132,0.061592
8,209,0.565217,0.510040,0.315019,0.657785,0.434783,0.329081,0.027132,0.063004
8,210,0.565217,0.510040,0.670152,0.648647,0.434783,0.311606,0.027132,0.134030
8,211,0.608696,0.518072,0.079889,0.513817,0.391304,0.488309,0.031008,0.015978
8,212,0.739130,0.542169,0.000000,0.605522,0.260870,0.404001,0.023256,0.000000
8,213,0.760870,0.546185,0.363216,0.863372,0.239130,0.123135,0.023256,0.072643
8,214,0.282609,0.457831,0.000000,0.228745,0.717391,0.774852,0.046512,0.000000
8,215,0.652174,0.526104,0.566444,0.401725,0.347826,0.562374,0.023256,0.107786
8,216,0.652174,0.526104,0.455096,0.680528,0.347826,0.296256,0.031008,0.091019
8,217,0.413043,0.481928,0.435605,0.318693,0.586957,0.653852,0.031008,0.087121
8,218,0.630435,0.522088,0.613904,0.760992,0.369565,0.205221,0.027132,0.122781
8,219,0.608696,0.518072,0.403867,0.583096,0.391304,0.395974,0.023256,0.080773
8,220,0.434783,0.485944,0.000000,0.366070,0.565217,0.639687,0.038760,0.000000
8,221,0.521739,0.502008,0.295978,0.330960,0.478261,0.652185,0.023256,0.059196
8,222,0.608696,0.518072,0.340368,0.414003,0.391304,0.567139,0.027132,0.068074
8,223,0.630435,0.522088,0.000000,0.352550,0.369565,0.652994,0.027132,0.000000
8,224,0.717391,0.538153,0.191084,0.409659,0.282609,0.582542,0.027132,0.038217
8,225,0.282609,0.457831,0.000000,0.028064,0.717391,0.972377,0.038760,0.000000
8,226,0.304348,0.461847,0.000000,0.189977,0.695652,0.813011,0.042636,0.000000
8,227,0.565217,0.510040,0.496193,0.515711,0.434783,0.455417,0.027132,0.099239
8,228,0.586957,0.514056,0.746934,0.354211,0.413043,0.595689,0.023256,0.142131
8,229,0.804348,0.554217,0.000000,0.717900,0.195652,0.293390,0.027132,0.000000
8,230,0.369565,0.473896,0.327466,0.298480,0.630435,0.681807,0.027132,0.065493
8,231,0.413043,0.481928,0.000000,0.319399,0.586957,0.685624,0.034884,0.000000
8,232,0.695652,0.534137,0.048164,0.528191,0.304348,0.476526,0.034884,0.009633
8,233,0.326087,0.465863,0.268030,0.185065,0.673913,0.797868,0.027132,0.053606
8,234,0.478261,0.493976,0.000000,0.032356,0.521739,0.968152,0.023256,0.000000
8,235,0.565217,0.510040,0.356448,0.536934,0.434783,0.444943,0.023256,0.071290
8,236,0.173913,0.437751,0.000000,0.098777,0.826087,0.902776,0.065891,0.000000
8,237,0.804348,0.554217,0.781127,0.575355,0.195652,0.375475,0.027132,0.156225
8,238,0.478261,0.493976,0.000000,0.100910,0.521739,0.900677,0.031008,0.000000
8,239,0.413043,0.481928,0.357202,0.281812,0.586957,0.695997,0.031008,0.071440
8,240,0.304348,0.461847,0.288347,0.094997,0.695652,0.885006,0.038760,0.057669
8,241,0.456522,0.489960,0.000000,0.634497,0.543478,0.375481,0.034884,0.000000
8,242,0.673913,0.530120,0.963277,0.558881,0.326087,0.378113,0.023256,0.192655
8,243,0.347826,0.469880,0.104251,0.374974,0.652174,0.623154,0.034884,0.020850
8,244,0.695652,0.534137,0.000000,0.505939,0.304348,0.502017,0.031008,0.000000
8,245,0.369565,0.473896,0.070733,0.316594,0.630435,0.683113,0.034884,0.014147
8,246,0.478261,0.493976,0.042334,0.258140,0.521739,0.742764,0.031008,0.008467
8,247,0.652174,0.526104,0.144097,0.419323,0.347826,0.576532,0.031008,0.028819
8,248,0.434783,0.485944,0.133142,0.522843,0.565217,0.475456,0.023256,0.026628
8,249,0.369565,0.473896,0.262255,0.170506,0.630435,0.812629,0.031008,0.052451
9,0,0.565217,0.510040,0.227812,0.443242,0.434783,0.549996,0.027027,0.045562
9,1,0.760870,0.546185,0.168812,0.208036,0.239130,0.784467,0.027027,0.033762
9,2,0.804348,0.554217,0.519363,0.620478,0.195652,0.356050,0.023166,0.105917
9,3,0.478261,0.493976,0.164229,0.335022,0.521739,0.660423,0.023166,0.032846
9,4,0.739130,0.542169,0.047961,0.638701,0.260870,0.371140,0.023166,0.009592
9,5,0.326087,0.465863,0.000000,0.307634,0.673913,0.698720,0.030888,0.000000
9,6,0.586957,0.514056,0.000000,0.505984,0.413043,0.504467,0.030888,0.000000
9,7,0.521739,0.502008,0.026352,0.256048,0.478261,0.747399,0.030888,0.005270
9,8,0.282609,0.457831,0.000000,0.224655,0.717391,0.779984,0.042471,0.000000
9,9,0.456522,0.489960,0.000000,0.241627,0.543478,0.763363,0.034749,0.000000
9,10,0.500000,0.497992,0.032554,0.681608,0.500000,0.330196,0.027027,0.006511
9,11,0.391304,0.477912,0.302932,0.316193,0.608696,0.669172,0.038610,0.060586
9,12,0.739130,0.542169,0.000000,0.563838,0.260870,0.447807,0.023166,0.000000
9,13,0.630435,0.522088,0.438396,0.355384,0.369565,0.621326,0.023166,0.087679
9,14,0.521739,0.502008,0.402898,0.557544,0.478261,0.425822,0.034749,0.080580
9,15,0.956522,0.582329,0.594103,0.977485,0.043478,0.001196,0.023166,0.118821
9,16,0.413043,0.481928,0.253922,0.392974,0.586957,0.597402,0.027027,0.050784
9,17,0.565217,0.510040,0.000000,0.254679,0.434783,0.750581,0.027027,0.000000
9,18,0.608696,0.518072,0.795665,0.665440,0.391304,0.292712,0.023166,0.159133
9,19,0.565217,0.510040,0.496800,0.341712,0.434783,0.630635,0.027027,0.099360
9,20,0.608696,0.518072,0.299986,0.563029,0.391304,0.427640,0.027027,0.059997
9,21,0.282609,0.457831,0.000000,0.237269,0.717391,0.767631,0.042471,0.000000
9,22,0.608696,0.518072,0.380856,0.669831,0.391304,0.317394,0.027027,0.076171
9,23,0.478261,0.493976,0.316215,0.475152,0.521739,0.512568,0.034749,0.063243
9,24,0.434783,0.485944,0.349557,0.688847,0.565217,0.300958,0.042471,0.069911
9,25,0.456522,0.489960,0.000000,0.412637,0.543478,0.595886,0.023166,0.000000
9,26,0.173913,0.437751,0.014039,0.279144,0.826087,0.725640,0.054054,0.002808
9,27,0.608696,0.518072,0.000000,0.106199,0.391304,0.895994,0.027027,0.000000
9,28,0.565217,0.510040,0.105638,0.290476,0.434783,0.708143,0.027027,0.021128
9,29,0.326087,0.465863,0.076409,0.384981,0.673913,0.617632,0.030888,0.015282
9,30,0.543478,0.506024,0.272291,0.545767,0.456522,0.446480,0.038610,0.054458
9,31,0.413043,0.481928,0.000000,0.359517,0.586957,0.647908,0.023166,0.000000
9,32,0.521739,0.502008,0.282759,0.507484,0.478261,0.483242,0.023166,0.056552
9,33,0.478261,0.493976,0.139860,0.429187,0.521739,0.569906,0.038610,0.027972
9,34,0.456522,0.489960,0.336492,0.214238,0.543478,0.766677,0.023166,0.067298
9,35,0.500000,0.497992,0.501582,0.570953,0.500000,0.405795,0.034749,0.100316
9,36,0.652174,0.526104,0.528964,0.788265,0.347826,0.191058,0.027027,0.105793
9,37,0.369565,0.473896,0.357589,0.231266,0.630435,0.748527,0.023166,0.071518
9,38,0.521739,0.502008,0.420101,0.620712,0.478261,0.362757,0.030888,0.084020
9,39,0.695652,0.534137,0.376138,0.731967,0.304348,0.256871,0.023166,0.075228
9,40,0.586957,0.514056,0.773056,0.677497,0.413043,0.282484,0.023166,0.157655
9,41,0.543478,0.506024,0.346192,0.437155,0.456522,0.547686,0.027027,0.069238
9,42,0.500000,0.497992,0.042391,0.533037,0.500000,0.475010,0.027027,0.008478
9,43,0.782609,0.550201,0.130820,0.801091,0.217391,0.206315,0.023166,0.026164
9,44,0.434783,0.485944,0.000000,0.153011,0.565217,0.850149,0.034749,0.000000
9,45,0.652174,0.526104,0.000000,0.400121,0.347826,0.608143,0.023166,0.000000
9,46,0.586957,0.514056,0.000000,0.413588,0.413043,0.594954,0.027027,0.000000
9,47,0.630435,0.522088,0.554226,0.639083,0.369565,0.335394,0.027027,0.110845
9,48,0.673913,0.530120,0.452200,0.441872,0.326087,0.535660,0.027027,0.090440
9,49,0.500000,0.497992,0.424153,0.241139,0.500000,0.734207,0.027027,0.084831
9,50,0.630435,0.522088,0.642271,0.747452,0.369565,0.223112,0.023166,0.128454
9,51,0.391304,0.477912,0.000000,0.064762,0.608696,0.936576,0.038610,0.000000
9,52,0.760870,0.546185,0.699889,0.786840,0.239130,0.180512,0.027027,0.139978
9,53,0.326087,0.465863,0.571211,0.155702,0.673913,0.807604,0.030888,0.114242
9,54,0.304348,0.461847,0.000000,0.217431,0.695652,0.787060,0.034749,0.000000
9,55,0.543478,0.506024,0.446457,0.564038,0.456522,0.416418,0.030888,0.089291
9,56,0.565217,0.510040,0.216531,0.219934,0.434783,0.769480,0.027027,0.043306
9,57,0.500000,0.497992,0.577957,0.847611,0.500000,0.129515,0.030888,0.115591
9,58,0.456522,0.489960,0.593158,0.577458,0.543478,0.393026,0.030888,0.118632
9,59,0.304348,0.461847,0.000000,0.074778,0.695652,0.926767,0.030888,0.000000
9,60,0.304348,0.461847,0.104043,0.365877,0.695652,0.634411,0.065637,0.020809
9,61,0.891304,0.570281,0.408475,0.867066,0.108696,0.122303,0.023166,0.081695
9,62,0.456522,0.489960,0.348163,0.422171,0.543478,0.562223,0.023166,0.069633
9,63,0.195652,0.441767,0.213518,0.039404,0.804348,0.946492,0.061776,0.042704
9,64,0.260870,0.453815,0.222587,0.178927,0.739130,0.809217,0.038610,0.044517
9,65,0.304348,0.461847,0.000000,0.412350,0.695652,0.596167,0.034749,0.000000
9,66,0.543478,0.506024,0.000000,0.539042,0.456522,0.472092,0.027027,0.000000
9,67,0.543478,0.506024,0.532351,0.401820,0.456522,0.569285,0.023166,0.106470
9,68,0.586957,0.514056,0.657458,0.665363,0.413043,0.302444,0.023166,0.131492
9,69,0.521739,0.502008,0.000000,0.227138,0.478261,0.777553,0.027027,0.000000
9,70,0.608696,0.518072,0.072099,0.472799,0.391304,0.531928,0.023166,0.014420
9,71,0.521739,0.502008,0.000000,0.275595,0.478261,0.730097,0.027027,0.000000
9,72,0.434783,0.485944,0.213768,0.265163,0.565217,0.725378,0.038610,0.042754
9,73,0.586957,0.514056,0.904445,0.601961,0.413043,0.347281,0.034749,0.180889
9,74,0.630435,0.522088,0.212609,0.541798,0.369565,0.454537,0.027027,0.042522
9,75,0.913043,0.574297,0.819933,0.904014,0.086957,0.057370,0.023166,0.163987
9,76,0.565217,0.510040,0.012297,0.607903,0.434783,0.403793,0.034749,0.002459
9,77,0.847826,0.562249,0.325083,0.961337,0.152174,0.035805,0.027027,0.065017
9,78,0.652174,0.526104,0.406029,0.368650,0.347826,0.610596,0.027027,0.081206
9,79,0.586957,0.514056,0.576180,0.697374,0.413043,0.276773,0.027027,0.115236
9,80,0.347826,0.469880,0.005059,0.101325,0.652174,0.900415,0.038610,0.001012
9,81,0.652174,0.526104,0.299503,0.499234,0.347826,0.490151,0.023166,0.059901
9,82,0.434783,0.485944,0.186257,0.326287,0.565217,0.667438,0.027027,0.037251
9,83,0.695652,0.534137,0.383270,0.719813,0.304348,0.268276,0.023166,0.076654
9,84,0.369565,0.473896,0.178423,0.302532,0.630435,0.691250,0.027027,0.035685
9,85,0.934783,0.578313,0.477590,0.955896,0.065217,0.030479,0.023166,0.095518
9,86,0.239130,0.449799,0.000000,0.151400,0.760870,0.851727,0.050193,0.000000
9,87,0.673913,0.530120,0.000000,0.711755,0.326087,0.302945,0.034749,0.000000
9,88,0.608696,0.518072,0.383254,0.456060,0.391304,0.526582,0.027027,0.076651
9,89,0.195652,0.441767,0.000000,0.131559,0.804348,0.871158,0.077220,0.000000
9,90,0.239130,0.449799,0.000000,0.379946,0.760870,0.627901,0.042471,0.000000
9,91,0.456522,0.489960,0.000000,0.509632,0.543478,0.500894,0.023166,0.000000
9,92,0.543478,0.506024,0.474769,0.762934,0.456522,0.219653,0.030888,0.094954
9,93,0.695652,0.534137,0.520503,0.673659,0.304348,0.303889,0.023166,0.104101
9,94,0.478261,0.493976,0.000000,0.325765,0.521739,0.680963,0.030888,0.000000
9,95,0.586957,0.514056,0.037599,0.505811,0.413043,0.502009,0.030888,0.007520
9,96,0.543478,0.506024,0.000000,0.427549,0.456522,0.581282,0.027027,0.000000
9,97,0.500000,0.497992,0.535573,0.640996,0.500000,0.334824,0.023166,0.107115
9,98,0.543478,0.506024,0.058884,0.369000,0.456522,0.634507,0.027027,0.011777
9,99,0.652174,0.526104,0.581743,0.602359,0.347826,0.369437,0.023166,0.116349
9,100,0.543478,0.506024,0.245231,0.700421,0.456522,0.296912,0.027027,0.049046
9,101,0.586957,0.514056,0.330116,0.595337,0.413043,0.393894,0.027027,0.066023
9,102,0.413043,0.481928,0.267833,0.183910,0.586957,0.801175,0.034749,0.053567
9,103,0.913043,0.574297,0.208363,0.828458,0.086957,0.174094,0.023166,0.041673
9,104,0.413043,0.481928,0.221717,0.061743,0.586957,0.924042,0.030888,0.044343
9,105,0.173913,0.437751,0.447425,0.093127,0.826087,0.877536,0.046332,0.089485
9,106,0.586957,0.514056,0.000000,0.481234,0.413043,0.528705,0.034749,0.000000
9,107,0.347826,0.469880,0.324830,0.472341,0.652174,0.514720,0.046332,0.064966
9,108,0.434783,0.485944,0.539295,0.377007,0.565217,0.593101,0.023166,0.107859
9,109,0.347826,0.469880,0.000000,0.132348,0.652174,0.870386,0.050193,0.000000
9,110,0.869565,0.566265,0.047379,0.590203,0.130435,0.418677,0.027027,0.009476
9,111,0.521739,0.502008,0.000000,0.824388,0.478261,0.192638,0.027027,0.000000
9,112,0.565217,0.510040,0.601454,0.624560,0.434783,0.346317,0.027027,0.120291
9,113,0.608696,0.518072,0.513567,0.530454,0.391304,0.444620,0.027027,0.102713
9,114,0.608696,0.518072,0.000000,0.371709,0.391304,0.635968,0.027027,0.000000
9,115,0.369565,0.473896,0.000000,0.559235,0.630435,0.452315,0.034749,0.000000
9,116,0.478261,0.493976,0.000000,0.497665,0.521739,0.512614,0.027027,0.000000
9,117,1.000000,0.590361,0.296385,0.857302,0.000000,0.139697,0.023166,0.059277
9,118,0.434783,0.485944,0.127156,0.571128,0.565217,0.431783,0.027027,0.025431
9,119,0.282609,0.457831,0.000000,0.442872,0.717391,0.566275,0.038610,0.000000
9,120,0.347826,0.469880,0.714209,0.268186,0.652174,0.687453,0.027027,0.142842
9,121,0.804348,0.554217,0.811499,0.882841,0.195652,0.078696,0.023166,0.162300
9,122,0.586957,0.514056,0.719794,0.611676,0.413043,0.350668,0.023166,0.143959
9,123,0.413043,0.481928,0.600444,0.253135,0.586957,0.710142,0.030888,0.122453
9,124,0.760870,0.546185,0.263843,0.542181,0.239130,0.450583,0.027027,0.052769
9,125,0.478261,0.493976,0.335044,0.501574,0.521739,0.485377,0.027027,0.067009
9,126,0.695652,0.534137,0.142879,0.460813,0.304348,0.538722,0.030888,0.028576
9,127,0.608696,0.518072,0.000000,0.571251,0.391304,0.440547,0.027027,0.000000
9,128,0.456522,0.489960,0.645831,0.368883,0.543478,0.593614,0.023166,0.129166
9,129,0.543478,0.506024,0.449205,0.512169,0.456522,0.467024,0.027027,0.089841
9,130,0.478261,0.493976,0.311159,0.519556,0.521739,0.469434,0.023166,0.062232
9,131,0.500000,0.497992,0.354993,0.445323,0.500000,0.539072,0.034749,0.070999
9,132,0.695652,0.534137,0.915172,0.710664,0.304348,0.240073,0.027027,0.183034
9,133,0.000000,0.405622,0.000000,0.000000,1.000000,1.000000,0.065637,0.000000
9,134,0.586957,0.514056,0.062110,0.282087,0.413043,0.719400,0.027027,0.012422
9,135,0.369565,0.473896,0.000000,0.087815,0.630435,0.913999,0.046332,0.000000
9,136,0.543478,0.506024,0.479372,0.564724,0.456522,0.413447,0.034749,0.095874
9,137,0.826087,0.558233,0.286948,0.502681,0.173913,0.487653,0.023166,0.057390
9,138,0.652174,0.526104,0.033047,0.452351,0.347826,0.554683,0.030888,0.006739
9,139,0.217391,0.445783,0.420174,0.140852,0.782609,0.832700,0.042471,0.084035
9,140,0.347826,0.469880,0.247102,0.214653,0.652174,0.772516,0.030888,0.049420
9,141,0.413043,0.481928,0.605803,0.186273,0.586957,0.775248,0.030888,0.121161
9,142,0.391304,0.477912,0.471673,0.374782,0.608696,0.600004,0.030888,0.094335
9,143,0.543478,0.506024,0.070036,0.496250,0.456522,0.509106,0.030888,0.014007
9,144,0.586957,0.514056,0.437021,0.458796,0.413043,0.520146,0.027027,0.087404
9,145,0.260870,0.453815,0.210668,0.243188,0.739130,0.747115,0.057915,0.042134
9,146,0.217391,0.445783,0.204157,0.196672,0.782609,0.793126,0.050193,0.040831
9,147,0.608696,0.518072,0.545508,0.483035,0.391304,0.488828,0.027027,0.109102
9,148,0.326087,0.465863,0.072946,0.110994,0.673913,0.886202,0.042471,0.014589
9,149,0.347826,0.469880,0.336453,0.185701,0.652174,0.794627,0.027027,0.067291
9,150,0.543478,0.506024,0.268395,0.285993,0.456522,0.701161,0.023166,0.053679
9,151,0.760870,0.546185,0.874753,0.878502,0.239130,0.078525,0.023166,0.174951
9,152,0.391304,0.477912,0.000000,0.394439,0.608696,0.613707,0.034749,0.000000
9,153,0.565217,0.510040,0.294862,0.561777,0.434783,0.429225,0.030888,0.058972
9,154,0.391304,0.477912,0.640808,0.560916,0.608696,0.405897,0.046332,0.128162
9,155,0.500000,0.497992,0.000000,0.532789,0.500000,0.478215,0.030888,0.000000
9,156,0.673913,0.530120,0.302019,0.624288,0.326087,0.367505,0.027027,0.060404
9,157,0.260870,0.453815,0.000000,0.211625,0.739130,0.792746,0.046332,0.000000
9,158,0.739130,0.542169,0.017737,0.671814,0.260870,0.340822,0.030888,0.003547
9,159,0.695652,0.534137,0.485508,0.647522,0.304348,0.331930,0.023166,0.097102
9,160,0.239130,0.449799,0.000000,0.243528,0.760870,0.761502,0.054054,0.000000
9,161,0.369565,0.473896,0.000000,0.274470,0.630435,0.731199,0.038610,0.000000
9,162,0.391304,0.477912,0.245357,0.435682,0.608696,0.556174,0.030888,0.049071
9,163,0.391304,0.477912,0.412785,0.319436,0.608696,0.658321,0.030888,0.082557
9,164,0.652174,0.526104,0.295612,1.000000,0.347826,0.000000,0.030888,0.059122
9,165,0.434783,0.485944,0.172460,0.385008,0.565217,0.610894,0.023166,0.034492
9,166,0.543478,0.506024,0.000000,0.474132,0.456522,0.535661,0.027027,0.000000
9,167,0.326087,0.465863,0.000000,0.520748,0.673913,0.490007,0.027027,0.000000
9,168,0.456522,0.489960,0.105059,0.384669,0.543478,0.615936,0.030888,0.021012
9,169,0.565217,0.510040,0.251885,0.322670,0.434783,0.666395,0.023166,0.050377
9,170,0.434783,0.485944,0.150697,0.554447,0.565217,0.446475,0.038610,0.030139
9,171,0.826087,0.558233,0.565154,0.931187,0.173913,0.048560,0.030888,0.113031
9,172,0.826087,0.558233,0.000000,0.546620,0.173913,0.464670,0.023166,0.000000
9,173,0.478261,0.493976,0.152383,0.478144,0.521739,0.521085,0.034749,0.030477
9,174,0.456522,0.489960,0.408778,0.332457,0.543478,0.645849,0.027027,0.081756
9,175,0.478261,0.493976,0.468445,0.288487,0.521739,0.684742,0.027027,0.093689
9,176,0.521739,0.502008,0.000000,0.327114,0.478261,0.679642,0.023166,0.000000
9,177,0.521739,0.502008,0.646733,0.339168,0.478261,0.622651,0.030888,0.129347
9,178,0.695652,0.534137,0.793932,0.472421,0.304348,0.481866,0.027027,0.161912
9,179,0.739130,0.542169,0.578556,0.652890,0.260870,0.320173,0.027027,0.115711
9,180,0.369565,0.473896,0.000000,0.406701,0.630435,0.601699,0.030888,0.000000
9,181,0.391304,0.477912,0.214856,0.330133,0.608696,0.661674,0.038610,0.042971
9,182,0.326087,0.465863,0.226890,0.254513,0.673913,0.734891,0.046332,0.045378
9,183,0.652174,0.526104,0.511700,0.587097,0.347826,0.389277,0.023166,0.102340
9,184,0.500000,0.497992,0.000000,0.407097,0.500000,0.601311,0.027027,0.000000
9,185,0.521739,0.502008,0.273591,0.377664,0.478261,0.611021,0.030888,0.054718
9,186,0.434783,0.485944,0.836871,0.429231,0.565217,0.521164,0.023166,0.167374
9,187,0.586957,0.514056,0.000000,0.859971,0.413043,0.157790,0.027027,0.000000
9,188,0.913043,0.574297,0.263266,0.710226,0.086957,0.286049,0.023166,0.052653
9,189,0.673913,0.530120,0.252625,0.517015,0.326087,0.476013,0.023166,0.050525
9,190,0.673913,0.530120,0.609965,0.530364,0.326087,0.437973,0.023166,0.121993
9,191,0.543478,0.506024,0.906224,0.779528,0.456522,0.173256,0.027027,0.184812
9,192,0.695652,0.534137,0.603452,0.569083,0.304348,0.400509,0.027027,0.120690
9,193,0.543478,0.506024,0.000000,0.478432,0.456522,0.531450,0.034749,0.000000
9,194,0.478261,0.493976,0.212394,0.183246,0.521739,0.805700,0.027027,0.042479
9,195,0.760870,0.546185,0.653018,0.554263,0.239130,0.411559,0.023166,0.130604
9,196,0.543478,0.506024,0.403684,0.138131,0.456522,0.836517,0.027027,0.080737
9,197,0.739130,0.542169,0.363246,0.752874,0.260870,0.237296,0.023166,0.072649
9,198,0.826087,0.558233,0.444575,0.802163,0.173913,0.183343,0.027027,0.088915
9,199,0.934783,0.578313,0.502976,0.862735,0.065217,0.119942,0.023166,0.100595
9,200,0.456522,0.489960,0.364706,0.486868,0.543478,0.497707,0.030888,0.072941
9,201,0.326087,0.465863,0.000000,0.090629,0.673913,0.911242,0.038610,0.000000
9,202,0.521739,0.502008,0.330394,0.635741,0.478261,0.354306,0.030888,0.066079
9,203,0.478261,0.493976,0.267699,0.429012,0.521739,0.561145,0.027027,0.053540
9,204,0.717391,0.538153,0.000000,0.761147,0.282609,0.254573,0.023166,0.000000
9,205,0.500000,0.497992,0.110178,0.529422,0.500000,0.473815,0.027027,0.022036
9,206,0.434783,0.485944,0.083797,0.171234,0.565217,0.826448,0.027027,0.016759
9,207,0.760870,0.546185,0.884741,0.785190,0.239130,0.169212,0.023166,0.176948
9,208,0.456522,0.489960,0.010856,0.425756,0.543478,0.582279,0.027027,0.002171
9,209,0.565217,0.510040,0.289897,0.579372,0.434783,0.412339,0.027027,0.057979
9,210,0.565217,0.510040,0.496729,0.513082,0.434783,0.462810,0.027027,0.099346
9,211,0.608696,0.518072,0.337149,0.478432,0.391304,0.507894,0.030888,0.067430
9,212,0.739130,0.542169,0.000464,0.701357,0.260870,0.313096,0.023166,0.000093
9,213,0.760870,0.546185,0.803094,0.795157,0.239130,0.165156,0.023166,0.160619
9,214,0.282609,0.457831,0.000000,0.232882,0.717391,0.771927,0.046332,0.000000
9,215,0.652174,0.526104,0.230269,0.501528,0.347826,0.492742,0.027027,0.046054
9,216,0.652174,0.526104,0.582693,0.742099,0.347826,0.232517,0.030888,0.116539
9,217,0.413043,0.481928,0.219329,0.211740,0.586957,0.777309,0.030888,0.043866
9,218,0.630435,0.522088,0.078309,0.602887,0.369565,0.404094,0.027027,0.015662
9,219,0.608696,0.518072,0.000000,0.454273,0.391304,0.555109,0.023166,0.000000
9,220,0.434783,0.485944,0.000000,0.327616,0.565217,0.679151,0.038610,0.000000
9,221,0.521739,0.502008,0.950991,0.416432,0.478261,0.525725,0.023166,0.190198
9,222,0.608696,0.518072,0.511951,0.698073,0.391304,0.280576,0.027027,0.102390
9,223,0.630435,0.522088,0.000000,0.531248,0.369565,0.479724,0.027027,0.000000
9,224,0.717391,0.538153,0.355966,0.451017,0.282609,0.533427,0.027027,0.071193
9,225,0.282609,0.457831,0.000000,0.027814,0.717391,0.972761,0.038610,0.000000
9,226,0.304348,0.461847,0.000000,0.063339,0.695652,0.937970,0.042471,0.000000
9,227,0.565217,0.510040,0.463260,0.583145,0.434783,0.396532,0.027027,0.094476
9,228,0.586957,0.514056,0.463511,0.504445,0.413043,0.473589,0.027027,0.092702
9,229,0.804348,0.554217,0.110044,0.718583,0.195652,0.288570,0.027027,0.022009
9,230,0.369565,0.473896,0.491772,0.391553,0.630435,0.582175,0.027027,0.098354
9,231,0.413043,0.481928,0.000000,0.155776,0.586957,0.847442,0.034749,0.000000
9,232,0.695652,0.534137,0.396584,0.697825,0.304348,0.288879,0.034749,0.079317
9,233,0.326087,0.465863,0.139410,0.238708,0.673913,0.756482,0.027027,0.028431
9,234,0.478261,0.493976,0.000000,0.257823,0.521739,0.747502,0.023166,0.000000
9,235,0.565217,0.510040,0.000000,0.413787,0.434783,0.594760,0.023166,0.000000
9,236,0.173913,0.437751,0.000000,0.098455,0.826087,0.903578,0.065637,0.000000
9,237,0.804348,0.554217,0.456681,0.573745,0.195652,0.406198,0.027027,0.091336
9,238,0.478261,0.493976,0.052075,0.365585,0.521739,0.638328,0.030888,0.010415
9,239,0.413043,0.481928,0.221374,0.405202,0.586957,0.587700,0.030888,0.044275
9,240,0.304348,0.461847,0.230611,0.239083,0.695652,0.749743,0.038610,0.046122
9,241,0.456522,0.489960,0.000000,0.377196,0.543478,0.630595,0.034749,0.000000
9,242,0.673913,0.530120,1.000000,0.677685,0.326087,0.266444,0.023166,0.200000
9,243,0.347826,0.469880,0.188306,0.297645,0.652174,0.695346,0.034749,0.037661
9,244,0.695652,0.534137,0.041227,0.681861,0.304348,0.329341,0.030888,0.008245
9,245,0.369565,0.473896,0.548107,0.466127,0.630435,0.505205,0.034749,0.109621
9,246,0.478261,0.493976,0.189668,0.446381,0.521739,0.549587,0.030888,0.037934
9,247,0.652174,0.526104,0.176033,0.439541,0.347826,0.557238,0.030888,0.035207
9,248,0.434783,0.485944,0.674743,0.510994,0.565217,0.452417,0.023166,0.137605
9,249,0.369565,0.473896,0.499759,0.397256,0.630435,0.576032,0.030888,0.099952
10,0,0.565217,0.510040,0.151799,0.496418,0.434783,0.503803,0.026923,0.030360
10,1,0.760870,0.546185,0.193683,0.484521,0.239130,0.512464,0.026923,0.038737
10,2,0.804348,0.554217,0.000000,0.639128,0.195652,0.375032,0.026923,0.000000
10,3,0.478261,0.493976,0.139760,0.398209,0.521739,0.600692,0.023077,0.027952
10,4,0.739130,0.542169,0.238850,0.743331,0.260870,0.256181,0.023077,0.047770
10,5,0.326087,0.465863,0.000000,0.377977,0.673913,0.630397,0.030769,0.000000
10,6,0.586957,0.514056,0.321591,0.459131,0.413043,0.528211,0.030769,0.064318
10,7,0.521739,0.502008,0.112223,0.276059,0.478261,0.722091,0.030769,0.022445
10,8,0.282609,0.457831,0.000000,0.247490,0.717391,0.757993,0.042308,0.000000
10,9,0.456522,0.489960,0.104539,0.400824,0.543478,0.600635,0.034615,0.020908
10,10,0.500000,0.497992,0.027235,0.508308,0.500000,0.501020,0.026923,0.005447
10,11,0.391304,0.477912,0.385472,0.396120,0.608696,0.585290,0.038462,0.077094
10,12,0.739130,0.542169,0.238575,0.556204,0.260870,0.439182,0.023077,0.047715
10,13,0.630435,0.522088,0.534999,0.475436,0.369565,0.497117,0.023077,0.107000
10,14,0.521739,0.502008,0.164123,0.332211,0.478261,0.663498,0.034615,0.032825
10,15,0.956522,0.582329,0.356382,0.962471,0.043478,0.033552,0.023077,0.071276
10,16,0.413043,0.481928,0.134746,0.313307,0.586957,0.684069,0.026923,0.026949
10,17,0.565217,0.510040,0.000000,0.476048,0.434783,0.534499,0.026923,0.000000
10,18,0.608696,0.518072,0.529664,0.677052,0.391304,0.300346,0.023077,0.105933
10,19,0.565217,0.510040,0.181037,0.388817,0.434783,0.606945,0.026923,0.036207
10,20,0.608696,0.518072,0.199744,0.667463,0.391304,0.333145,0.026923,0.039949
10,21,0.282609,0.457831,0.000000,0.177399,0.717391,0.826531,0.042308,0.000000
10,22,0.608696,0.518072,0.234984,0.643468,0.391304,0.354106,0.026923,0.046997
10,23,0.478261,0.493976,0.425375,0.523056,0.521739,0.458334,0.034615,0.085075
10,24,0.434783,0.485944,0.545243,0.685431,0.565217,0.291046,0.042308,0.109049
10,25,0.456522,0.489960,0.000000,0.241377,0.543478,0.763971,0.023077,0.000000
10,26,0.173913,0.437751,0.000000,0.387674,0.826087,0.620915,0.053846,0.000000
10,27,0.608696,0.518072,0.000000,0.330993,0.391304,0.676340,0.026923,0.000000
10,28,0.565217,0.510040,0.000000,0.280493,0.434783,0.725721,0.026923,0.000000
10,29,0.326087,0.465863,0.000000,0.305072,0.673913,0.701687,0.030769,0.000000
10,30,0.543478,0.506024,0.349578,0.582716,0.456522,0.405377,0.038462,0.069916
10,31,0.413043,0.481928,0.000000,0.331409,0.586957,0.675933,0.023077,0.000000
10,32,0.521739,0.502008,0.246300,0.729477,0.478261,0.269200,0.023077,0.049260
10,33,0.478261,0.493976,0.288918,0.364533,0.521739,0.623033,0.038462,0.057784
10,34,0.456522,0.489960,0.268745,0.272662,0.543478,0.714300,0.023077,0.053749
10,35,0.500000,0.497992,0.082571,0.495080,0.500000,0.510026,0.034615,0.016514
10,36,0.652174,0.526104,0.407861,0.723471,0.347826,0.263603,0.026923,0.081572
10,37,0.369565,0.473896,0.205087,0.340180,0.630435,0.652797,0.023077,0.041017
10,38,0.521739,0.502008,0.438513,0.641346,0.478261,0.341732,0.030769,0.087703
10,39,0.695652,0.534137,0.333715,0.567106,0.304348,0.421768,0.023077,0.066743
10,40,0.586957,0.514056,0.000000,0.651142,0.413043,0.363284,0.026923,0.000000
10,41,0.543478,0.506024,0.398587,0.600725,0.456522,0.384288,0.026923,0.079717
10,42,0.500000,0.497992,0.146477,0.595244,0.500000,0.407545,0.026923,0.029295
10,43,0.782609,0.550201,0.000000,0.791390,0.217391,0.226143,0.023077,0.000000
10,44,0.434783,0.485944,0.121557,0.296309,0.565217,0.701626,0.034615,0.024311
10,45,0.652174,0.526104,0.000000,0.390650,0.347826,0.618004,0.023077,0.000000
10,46,0.586957,0.514056,0.216558,0.438831,0.413043,0.555517,0.026923,0.043312
10,47,0.630435,0.522088,0.765043,0.738834,0.369565,0.223223,0.026923,0.153009
10,48,0.673913,0.530120,0.141410,0.449188,0.326087,0.550725,0.026923,0.028282
10,49,0.500000,0.497992,0.194502,0.375671,0.500000,0.618844,0.026923,0.038900
10,50,0.630435,0.522088,0.496197,0.600899,0.369565,0.377188,0.023077,0.099239
10,51,0.391304,0.477912,0.000000,0.171538,0.608696,0.832262,0.038462,0.000000
10,52,0.760870,0.546185,0.264942,0.648227,0.239130,0.347326,0.026923,0.052988
10,53,0.326087,0.465863,0.618203,0.256584,0.673913,0.705214,0.030769,0.137954
10,54,0.304348,0.461847,0.000000,0.222637,0.695652,0.782296,0.034615,0.000000
10,55,0.543478,0.506024,0.340769,0.481991,0.456522,0.504495,0.030769,0.068154
10,56,0.565217,0.510040,0.117815,0.346213,0.434783,0.653093,0.026923,0.023563
10,57,0.500000,0.497992,0.399906,0.701088,0.500000,0.286054,0.030769,0.079981
10,58,0.456522,0.489960,0.278955,0.700583,0.543478,0.295135,0.030769,0.055791
10,59,0.304348,0.461847,0.351698,0.245186,0.695652,0.735278,0.030769,0.078482
10,60,0.304348,0.461847,0.226179,0.411106,0.695652,0.581945,0.065385,0.045236
10,61,0.891304,0.570281,0.312077,1.000000,0.108696,0.000000,0.023077,0.062415
10,62,0.456522,0.489960,0.546763,0.408573,0.543478,0.561663,0.023077,0.109353
10,63,0.195652,0.441767,0.000417,0.115327,0.804348,0.887199,0.061538,0.000083
10,64,0.260870,0.453815,0.269960,0.060416,0.739130,0.921758,0.038462,0.053992
10,65,0.304348,0.461847,0.000000,0.348603,0.695652,0.659120,0.034615,0.000000
10,66,0.543478,0.506024,0.000000,0.468396,0.456522,0.541981,0.026923,0.000000
10,67,0.543478,0.506024,0.332180,0.439632,0.456522,0.546526,0.023077,0.066436
10,68,0.586957,0.514056,0.631576,0.547648,0.413043,0.419648,0.023077,0.126315
10,69,0.521739,0.502008,0.000000,0.367548,0.478261,0.640595,0.026923,0.000000
10,70,0.608696,0.518072,0.348270,0.609628,0.391304,0.379154,0.023077,0.069654
10,71,0.521739,0.502008,0.000000,0.411792,0.478261,0.597331,0.026923,0.000000
10,72,0.434783,0.485944,0.101844,0.372315,0.565217,0.628704,0.038462,0.020369
10,73,0.586957,0.514056,0.640781,0.458048,0.413043,0.506609,0.034615,0.128156
10,74,0.630435,0.522088,0.298474,0.658997,0.369565,0.334414,0.026923,0.059695
10,75,0.913043,0.574297,0.334757,0.697107,0.086957,0.294572,0.023077,0.066951
10,76,0.565217,0.510040,0.236367,0.596021,0.434783,0.400403,0.034615,0.047273
10,77,0.847826,0.562249,0.380998,0.824133,0.152174,0.167078,0.026923,0.076200
10,78,0.652174,0.526104,0.123187,0.444713,0.347826,0.556394,0.026923,0.024637
10,79,0.586957,0.514056,0.503303,0.689654,0.413043,0.289894,0.026923,0.100661
10,80,0.347826,0.469880,0.149102,0.066305,0.652174,0.924579,0.038462,0.033272
10,81,0.652174,0.526104,0.476968,0.584125,0.347826,0.394955,0.023077,0.106437
10,82,0.434783,0.485944,0.350324,0.333837,0.565217,0.648689,0.026923,0.070065
10,83,0.695652,0.534137,0.411809,0.824553,0.304348,0.164479,0.023077,0.082362
10,84,0.369565,0.473896,0.168071,0.300289,0.630435,0.694432,0.026923,0.033614
10,85,0.934783,0.578313,0.643328,0.948952,0.065217,0.026401,0.023077,0.128666
10,86,0.239130,0.449799,0.000000,0.181140,0.760870,0.822874,0.050000,0.000000
10,87,0.673913,0.530120,0.000000,0.658943,0.326087,0.355656,0.034615,0.000000
10,88,0.608696,0.518072,0.064398,0.493288,0.391304,0.513069,0.026923,0.012880
10,89,0.195652,0.441767,0.000000,0.060771,0.804348,0.940576,0.076923,0.000000
10,90,0.239130,0.449799,0.004534,0.269354,0.760870,0.736291,0.042308,0.000907
10,91,0.456522,0.489960,0.193226,0.561127,0.543478,0.437587,0.023077,0.038645
10,92,0.543478,0.506024,0.128597,0.639074,0.456522,0.365956,0.030769,0.025719
10,93,0.695652,0.534137,0.491906,0.656862,0.304348,0.322769,0.023077,0.098381
10,94,0.478261,0.493976,0.174873,0.404180,0.521739,0.592360,0.030769,0.034975
10,95,0.586957,0.514056,0.000000,0.459326,0.413043,0.550850,0.030769,0.000000
10,96,0.543478,0.506024,0.090083,0.557959,0.456522,0.448007,0.026923,0.018017
10,97,0.500000,0.497992,0.393894,0.678252,0.500000,0.308811,0.023077,0.078779
10,98,0.543478,0.506024,0.195646,0.480352,0.456522,0.516401,0.026923,0.039129
10,99,0.652174,0.526104,0.721698,0.679043,0.347826,0.284766,0.023077,0.144340
10,100,0.543478,0.506024,0.430661,0.667991,0.456522,0.316235,0.026923,0.086132
10,101,0.586957,0.514056,0.392781,0.518774,0.413043,0.464835,0.026923,0.078556
10,102,0.413043,0.481928,0.210530,0.294179,0.586957,0.697392,0.034615,0.042106
10,103,0.913043,0.574297,0.330055,0.892485,0.086957,0.103857,0.023077,0.066011
10,104,0.413043,0.481928,0.412643,0.355209,0.586957,0.623366,0.030769,0.082529
10,105,0.173913,0.437751,0.304194,0.201012,0.826087,0.781847,0.046154,0.060839
10,106,0.586957,0.514056,0.000000,0.566407,0.413043,0.446142,0.034615,0.000000
10,107,0.347826,0.469880,0.494432,0.419737,0.652174,0.554461,0.046154,0.098886
10,108,0.434783,0.485944,0.724433,0.358031,0.565217,0.598472,0.023077,0.161659
10,109,0.347826,0.469880,0.000000,0.169168,0.652174,0.834580,0.050000,0.000000
10,110,0.869565,0.566265,0.145197,0.636023,0.130435,0.367760,0.026923,0.029039
10,111,0.521739,0.502008,0.000000,0.736417,0.478261,0.279899,0.026923,0.000000
10,112,0.565217,0.510040,0.467220,0.589806,0.434783,0.390092,0.026923,0.093444
10,113,0.608696,0.518072,0.267556,0.473905,0.391304,0.517600,0.026923,0.053511
10,114,0.608696,0.518072,0.217331,0.371390,0.391304,0.621409,0.026923,0.043466
10,115,0.369565,0.473896,0.025831,0.340575,0.630435,0.665137,0.034615,0.005166
10,116,0.478261,0.493976,0.000000,0.440150,0.521739,0.569601,0.026923,0.000000
10,117,1.000000,0.590361,0.376527,0.856493,0.000000,0.135752,0.023077,0.075305
10,118,0.434783,0.485944,0.239093,0.494545,0.565217,0.499438,0.026923,0.047819
10,119,0.282609,0.457831,0.369468,0.379776,0.717391,0.602408,0.038462,0.073894
10,120,0.347826,0.469880,0.496774,0.364119,0.652174,0.608681,0.026923,0.099355
10,121,0.804348,0.554217,0.395788,0.772538,0.195652,0.216480,0.023077,0.079158
10,122,0.586957,0.514056,0.452341,0.513402,0.413043,0.465860,0.023077,0.090468
10,123,0.413043,0.481928,0.115198,0.346909,0.586957,0.652599,0.034615,0.023040
10,124,0.760870,0.546185,0.423655,0.595962,0.239130,0.387165,0.026923,0.084731
10,125,0.478261,0.493976,0.541819,0.496546,0.521739,0.475990,0.026923,0.108364
10,126,0.695652,0.534137,0.138123,0.552241,0.304348,0.450188,0.030769,0.027625
10,127,0.608696,0.518072,0.000000,0.644549,0.391304,0.369731,0.026923,0.000000
10,128,0.456522,0.489960,0.409760,0.273244,0.543478,0.703720,0.023077,0.081952
10,129,0.543478,0.506024,0.505227,0.538653,0.456522,0.437414,0.026923,0.101045
10,130,0.478261,0.493976,0.385890,0.447994,0.521739,0.534536,0.023077,0.077178
10,131,0.500000,0.497992,0.179443,0.325681,0.500000,0.668796,0.034615,0.035889
10,132,0.695652,0.534137,0.404578,0.735135,0.304348,0.252431,0.026923,0.080916
10,133,0.000000,0.405622,0.000000,0.000000,1.000000,1.000000,0.065385,0.000000
10,134,0.586957,0.514056,0.000000,0.326005,0.413043,0.681218,0.026923,0.000000
10,135,0.369565,0.473896,0.182193,0.268521,0.630435,0.724493,0.046154,0.036439
10,136,0.543478,0.506024,0.555041,0.693728,0.456522,0.282238,0.034615,0.111008
10,137,0.826087,0.558233,0.357492,0.579353,0.173913,0.408104,0.023077,0.071498
10,138,0.652174,0.526104,0.000000,0.634151,0.347826,0.379898,0.034615,0.000000
10,139,0.217391,0.445783,0.434010,0.322801,0.782609,0.653540,0.042308,0.086802
10,140,0.347826,0.469880,0.067265,0.268390,0.652174,0.732781,0.030769,0.013453
10,141,0.413043,0.481928,0.445411,0.259585,0.586957,0.714546,0.030769,0.089082
10,142,0.391304,0.477912,0.538870,0.488673,0.608696,0.483898,0.030769,0.107774
10,143,0.543478,0.506024,0.000000,0.490532,0.456522,0.520336,0.030769,0.000000
10,144,0.586957,0.514056,0.449613,0.458152,0.413043,0.520080,0.026923,0.089923
10,145,0.260870,0.453815,0.108061,0.295113,0.739130,0.703754,0.057692,0.021612
10,146,0.217391,0.445783,0.262537,0.237729,0.782609,0.748900,0.050000,0.052507
10,147,0.608696,0.518072,0.306431,0.442560,0.391304,0.545490,0.026923,0.061286
10,148,0.326087,0.465863,0.252996,0.332197,0.673913,0.657202,0.042308,0.050599
10,149,0.347826,0.469880,0.397435,0.186847,0.652174,0.789078,0.026923,0.079487
10,150,0.543478,0.506024,0.264894,0.374576,0.456522,0.614917,0.023077,0.052979
10,151,0.760870,0.546185,0.655197,0.820367,0.239130,0.151294,0.023077,0.131039
10,152,0.391304,0.477912,0.128546,0.462547,0.608696,0.538575,0.034615,0.025709
10,153,0.565217,0.510040,0.327176,0.485027,0.434783,0.502492,0.030769,0.065435
10,154,0.391304,0.477912,0.494631,0.603181,0.608696,0.375068,0.046154,0.098926
10,155,0.500000,0.497992,0.254284,0.553618,0.500000,0.440595,0.030769,0.050857
10,156,0.673913,0.530120,0.341718,0.614954,0.326087,0.374411,0.026923,0.068344
10,157,0.260870,0.453815,0.003388,0.192639,0.739130,0.811388,0.046154,0.000678
10,158,0.739130,0.542169,0.293323,0.775954,0.260870,0.220414,0.030769,0.058665
10,159,0.695652,0.534137,0.596502,0.666364,0.304348,0.306052,0.023077,0.119300
10,160,0.239130,0.449799,0.000000,0.384230,0.760870,0.624282,0.053846,0.000000
10,161,0.369565,0.473896,0.000000,0.260951,0.630435,0.744830,0.038462,0.000000
10,162,0.391304,0.477912,0.438164,0.489280,0.608696,0.490454,0.030769,0.087633
10,163,0.391304,0.477912,0.117208,0.226461,0.608696,0.770235,0.030769,0.023442
10,164,0.652174,0.526104,0.534022,0.912206,0.347826,0.070093,0.030769,0.106804
10,165,0.434783,0.485944,0.000000,0.353148,0.565217,0.654676,0.023077,0.000000
10,166,0.543478,0.506024,0.162215,0.414729,0.456522,0.582943,0.026923,0.032443
10,167,0.326087,0.465863,0.000000,0.487759,0.673913,0.523047,0.026923,0.000000
10,168,0.456522,0.489960,0.024163,0.445558,0.543478,0.562598,0.030769,0.004833
10,169,0.565217,0.510040,0.173102,0.499278,0.434783,0.499495,0.023077,0.034620
10,170,0.434783,0.485944,0.267076,0.487380,0.565217,0.504457,0.038462,0.053415
10,171,0.826087,0.558233,0.547861,0.863736,0.173913,0.116506,0.030769,0.109572
10,172,0.826087,0.558233,0.081844,0.569390,0.173913,0.437415,0.023077,0.016369
10,173,0.478261,0.493976,0.485599,0.630855,0.521739,0.348648,0.034615,0.097120
10,174,0.456522,0.489960,0.246762,0.322672,0.543478,0.666958,0.026923,0.049352
10,175,0.478261,0.493976,0.501554,0.534479,0.521739,0.441756,0.026923,0.100311
10,176,0.521739,0.502008,0.000000,0.358892,0.478261,0.649059,0.023077,0.000000
10,177,0.521739,0.502008,0.290624,0.335054,0.478261,0.651737,0.030769,0.058125
10,178,0.695652,0.534137,0.306694,0.658666,0.304348,0.334154,0.030769,0.061339
10,179,0.739130,0.542169,0.689407,0.722919,0.260870,0.244155,0.026923,0.137881
10,180,0.369565,0.473896,0.000000,0.406554,0.630435,0.602454,0.030769,0.000000
10,181,0.391304,0.477912,0.356861,0.379305,0.608696,0.603764,0.038462,0.071372
10,182,0.326087,0.465863,0.326452,0.309981,0.673913,0.673711,0.046154,0.065290
10,183,0.652174,0.526104,0.563500,0.595161,0.347826,0.378020,0.023077,0.112700
10,184,0.500000,0.497992,0.000000,0.453580,0.500000,0.556469,0.026923,0.000000
10,185,0.521739,0.502008,0.239279,0.376435,0.478261,0.614918,0.030769,0.047856
10,186,0.434783,0.485944,0.518256,0.315145,0.565217,0.655045,0.023077,0.115650
10,187,0.586957,0.514056,0.000000,0.681506,0.413043,0.333593,0.026923,0.000000
10,188,0.913043,0.574297,0.233942,0.693353,0.086957,0.305401,0.023077,0.046788
10,189,0.673913,0.530120,0.365833,0.563167,0.326087,0.423338,0.023077,0.073167
10,190,0.673913,0.530120,0.391878,0.508143,0.326087,0.475295,0.023077,0.078376
10,191,0.543478,0.506024,0.479711,0.716170,0.456522,0.265641,0.030769,0.095942
10,192,0.695652,0.534137,1.000000,0.746947,0.304348,0.198610,0.026923,0.200000
10,193,0.543478,0.506024,0.000000,0.574200,0.456522,0.438521,0.034615,0.000000
10,194,0.478261,0.493976,0.086278,0.287915,0.521739,0.712338,0.026923,0.017256
10,195,0.760870,0.546185,0.396922,0.535683,0.239130,0.448007,0.023077,0.088574
10,196,0.543478,0.506024,0.573116,0.227747,0.456522,0.736612,0.026923,0.127892
10,197,0.739130,0.542169,0.460824,0.758877,0.260870,0.225221,0.023077,0.092165
10,198,0.826087,0.558233,0.303660,0.782567,0.173913,0.213213,0.026923,0.060732
10,199,0.934783,0.578313,0.173844,0.803931,0.065217,0.201539,0.023077,0.034769
10,200,0.456522,0.489960,0.192934,0.504022,0.543478,0.493448,0.030769,0.038587
10,201,0.326087,0.465863,0.000000,0.292828,0.673913,0.713660,0.038462,0.000000
10,202,0.521739,0.502008,0.000000,0.423162,0.478261,0.586213,0.030769,0.000000
10,203,0.478261,0.493976,0.421518,0.428232,0.521739,0.551331,0.026923,0.084304
10,204,0.717391,0.538153,0.000000,0.707140,0.282609,0.308527,0.023077,0.000000
10,205,0.500000,0.497992,0.075146,0.458216,0.500000,0.546601,0.026923,0.015029
10,206,0.434783,0.485944,0.697331,0.419253,0.565217,0.540530,0.026923,0.139466
10,207,0.760870,0.546185,0.419081,0.688295,0.239130,0.297202,0.023077,0.083816
10,208,0.456522,0.489960,0.181908,0.518061,0.543478,0.480503,0.026923,0.036382
10,209,0.565217,0.510040,0.063600,0.485875,0.434783,0.520374,0.026923,0.012720
10,210,0.565217,0.510040,0.523499,0.575377,0.434783,0.400206,0.026923,0.104700
10,211,0.608696,0.518072,0.416490,0.581566,0.391304,0.401751,0.030769,0.083298
10,212,0.739130,0.542169,0.459380,0.706772,0.260870,0.276274,0.023077,0.091876
10,213,0.760870,0.546185,0.672544,0.780344,0.239130,0.189199,0.023077,0.150080
10,214,0.282609,0.457831,0.000000,0.142857,0.717391,0.860308,0.046154,0.000000
10,215,0.652174,0.526104,0.349151,0.419338,0.347826,0.565165,0.026923,0.069830
10,216,0.652174,0.526104,0.235559,0.590647,0.347826,0.405716,0.030769,0.047112
10,217,0.413043,0.481928,0.143683,0.339434,0.586957,0.657886,0.030769,0.028737
10,218,0.630435,0.522088,0.156676,0.585350,0.369565,0.416496,0.026923,0.031335
10,219,0.608696,0.518072,0.000000,0.506587,0.391304,0.504637,0.023077,0.000000
10,220,0.434783,0.485944,0.000000,0.273824,0.565217,0.732242,0.038462,0.000000
10,221,0.521739,0.502008,0.605690,0.409038,0.478261,0.557025,0.023077,0.121138
10,222,0.608696,0.518072,0.592563,0.692439,0.391304,0.280834,0.026923,0.118513
10,223,0.630435,0.522088,0.000000,0.459332,0.369565,0.550845,0.026923,0.000000
10,224,0.717391,0.538153,0.270627,0.592401,0.282609,0.401512,0.026923,0.054125
10,225,0.282609,0.457831,0.000000,0.265966,0.717391,0.739927,0.038462,0.000000
10,226,0.304348,0.461847,0.000000,0.084816,0.695652,0.917063,0.042308,0.000000
10,227,0.565217,0.510040,0.383982,0.660537,0.434783,0.326838,0.030769,0.076796
10,228,0.586957,0.514056,0.222926,0.374465,0.413043,0.618006,0.026923,0.044585
10,229,0.804348,0.554217,0.000000,0.705618,0.195652,0.310015,0.026923,0.000000
10,230,0.369565,0.473896,0.409160,0.487952,0.630435,0.493811,0.026923,0.081832
10,231,0.413043,0.481928,0.000000,0.329903,0.586957,0.677406,0.034615,0.000000
10,232,0.695652,0.534137,0.224424,0.732006,0.304348,0.268280,0.034615,0.044885
10,233,0.326087,0.465863,0.320107,0.372668,0.673913,0.612864,0.030769,0.064021
10,234,0.478261,0.493976,0.000000,0.326083,0.521739,0.681142,0.023077,0.000000
10,235,0.565217,0.510040,0.035069,0.388450,0.434783,0.617666,0.023077,0.007014
10,236,0.173913,0.437751,0.000000,0.191316,0.826087,0.812922,0.065385,0.000000
10,237,0.804348,0.554217,0.557229,0.745838,0.195652,0.231127,0.026923,0.111446
10,238,0.478261,0.493976,0.311156,0.476758,0.521739,0.511715,0.030769,0.062231
10,239,0.413043,0.481928,0.189905,0.459277,0.586957,0.537417,0.030769,0.037981
10,240,0.304348,0.461847,0.190818,0.165716,0.695652,0.824409,0.038462,0.038164
10,241,0.456522,0.489960,0.000000,0.427787,0.543478,0.581691,0.034615,0.000000
10,242,0.673913,0.530120,0.629176,0.716281,0.326087,0.254922,0.023077,0.125835
10,243,0.347826,0.469880,0.136721,0.415237,0.652174,0.584256,0.034615,0.027344
10,244,0.695652,0.534137,0.093374,0.690286,0.304348,0.318379,0.030769,0.018675
10,245,0.369565,0.473896,0.348016,0.546231,0.630435,0.441164,0.034615,0.069603
10,246,0.478261,0.493976,0.090586,0.436167,0.521739,0.567066,0.030769,0.018117
10,247,0.652174,0.526104,0.000000,0.441102,0.347826,0.568670,0.030769,0.000000
10,248,0.434783,0.485944,0.316802,0.546893,0.565217,0.442733,0.026923,0.063360
10,249,0.369565,0.473896,0.506371,0.457291,0.630435,0.516892,0.030769,0.101274
11,0,0.565217,0.510040,0.000000,0.526267,0.434783,0.498637,0.026820,0.000000
11,1,0.760870,0.546185,0.422962,0.258402,0.239130,0.728208,0.026820,0.084592
11,2,0.804348,0.554217,0.132354,0.533574,0.195652,0.483659,0.026820,0.026471
11,3,0.478261,0.493976,0.380019,0.352921,0.521739,0.640763,0.022989,0.076004
11,4,0.739130,0.542169,0.358044,0.591571,0.260870,0.414737,0.022989,0.071609
11,5,0.326087,0.465863,0.000000,0.354497,0.673913,0.662278,0.030651,0.000000
11,6,0.586957,0.514056,0.222087,0.420569,0.413043,0.585882,0.030651,0.044417
11,7,0.521739,0.502008,0.007505,0.380964,0.478261,0.636609,0.030651,0.001501
11,8,0.282609,0.457831,0.000000,0.166367,0.717391,0.841506,0.042146,0.000000
11,9,0.456522,0.489960,0.044506,0.465367,0.543478,0.553959,0.034483,0.008901
11,10,0.500000,0.497992,0.236025,0.321979,0.500000,0.678962,0.026820,0.047205
11,11,0.391304,0.477912,0.299165,0.312616,0.608696,0.684057,0.038314,0.059833
11,12,0.739130,0.542169,0.000000,0.539046,0.260870,0.486462,0.022989,0.000000
11,13,0.630435,0.522088,0.582989,0.372840,0.369565,0.609494,0.022989,0.116598
11,14,0.521739,0.502008,0.604326,0.353900,0.478261,0.626245,0.034483,0.120865
11,15,0.956522,0.582329,0.576640,0.923726,0.043478,0.085060,0.022989,0.115328
11,16,0.413043,0.481928,0.215383,0.381296,0.586957,0.623702,0.026820,0.043077
11,17,0.565217,0.510040,0.000000,0.551548,0.434783,0.474552,0.026820,0.000000
11,18,0.608696,0.518072,0.916121,0.591748,0.391304,0.380767,0.022989,0.183224
11,19,0.565217,0.510040,0.530112,0.352226,0.434783,0.632335,0.026820,0.106022
11,20,0.608696,0.518072,0.000000,0.524821,0.391304,0.500014,0.026820,0.000000
11,21,0.282609,0.457831,0.000000,0.127596,0.717391,0.878442,0.042146,0.000000
11,22,0.608696,0.518072,0.000000,0.493808,0.391304,0.529560,0.026820,0.000000
11,23,0.478261,0.493976,0.254362,0.325505,0.521739,0.674492,0.034483,0.050872
11,24,0.434783,0.485944,0.304886,0.537068,0.565217,0.469881,0.042146,0.060977
11,25,0.456522,0.489960,0.000000,0.198135,0.543478,0.811241,0.022989,0.000000
11,26,0.173913,0.437751,0.159733,0.340463,0.826087,0.665974,0.053640,0.031947
11,27,0.608696,0.518072,0.000000,0.353723,0.391304,0.663016,0.026820,0.000000
11,28,0.565217,0.510040,0.000000,0.293714,0.434783,0.720184,0.026820,0.000000
11,29,0.326087,0.465863,0.055758,0.371282,0.673913,0.642910,0.030651,0.011152
11,30,0.543478,0.506024,0.302214,0.482157,0.456522,0.522355,0.038314,0.060443
11,31,0.413043,0.481928,0.000000,0.290141,0.586957,0.723589,0.022989,0.000000
11,32,0.521739,0.502008,0.000000,0.516742,0.478261,0.507711,0.022989,0.000000
11,33,0.478261,0.493976,0.343094,0.286498,0.521739,0.706280,0.038314,0.068619
11,34,0.456522,0.489960,0.371623,0.310936,0.543478,0.681270,0.022989,0.074325
11,35,0.500000,0.497992,0.149852,0.390720,0.500000,0.618694,0.034483,0.029970
11,36,0.652174,0.526104,0.156119,0.534351,0.347826,0.481480,0.026820,0.031224
11,37,0.369565,0.473896,0.814002,0.243797,0.630435,0.718439,0.022989,0.160718
11,38,0.521739,0.502008,0.508547,0.513595,0.478261,0.479908,0.030651,0.101709
11,39,0.695652,0.534137,0.744561,0.577948,0.304348,0.404306,0.022989,0.148912
11,40,0.586957,0.514056,0.198517,0.526809,0.413043,0.486096,0.026820,0.039703
11,41,0.543478,0.506024,0.517842,0.532250,0.456522,0.461573,0.026820,0.103568
11,42,0.500000,0.497992,0.129173,0.446471,0.500000,0.566833,0.026820,0.025835
11,43,0.782609,0.550201,0.087201,0.756614,0.217391,0.273908,0.022989,0.017440
11,44,0.434783,0.485944,0.188508,0.115897,0.565217,0.878170,0.034483,0.037702
11,45,0.652174,0.526104,0.000000,0.351489,0.347826,0.665144,0.022989,0.000000
11,46,0.586957,0.514056,0.192602,0.448123,0.413043,0.561417,0.026820,0.038520
11,47,0.630435,0.522088,0.637215,0.645549,0.369565,0.346405,0.026820,0.127443
11,48,0.673913,0.530120,0.088071,0.402659,0.326087,0.611061,0.026820,0.017614
11,49,0.500000,0.497992,0.000000,0.298318,0.500000,0.715799,0.026820,0.000000
11,50,0.630435,0.522088,0.301158,0.453628,0.369565,0.549598,0.022989,0.060232
11,51,0.391304,0.477912,0.000000,0.184535,0.608696,0.824197,0.038314,0.000000
11,52,0.760870,0.546185,0.451525,0.664004,0.239130,0.340070,0.026820,0.090305
11,53,0.326087,0.465863,0.331542,0.332076,0.673913,0.663558,0.034483,0.066308
11,54,0.304348,0.461847,0.000000,0.292655,0.695652,0.721194,0.034483,0.000000
11,55,0.543478,0.506024,0.499048,0.488494,0.456522,0.504397,0.030651,0.099810
11,56,0.565217,0.510040,0.265406,0.396003,0.434783,0.606662,0.026820,0.053081
11,57,0.500000,0.497992,0.356611,0.661401,0.500000,0.348298,0.030651,0.071322
11,58,0.456522,0.489960,0.614726,0.544022,0.543478,0.444490,0.030651,0.121373
11,59,0.304348,0.461847,0.011995,0.264411,0.695652,0.747375,0.034483,0.002399
11,60,0.304348,0.461847,0.092406,0.322846,0.695652,0.686835,0.065134,0.018481
11,61,0.891304,0.570281,0.483037,0.972420,0.108696,0.044340,0.022989,0.096607
11,62,0.456522,0.489960,0.550787,0.280752,0.543478,0.699174,0.022989,0.110157
11,63,0.195652,0.441767,0.208949,0.088068,0.804348,0.903444,0.061303,0.041790
11,64,0.260870,0.453815,0.442309,0.151616,0.739130,0.828770,0.038314,0.088462
11,65,0.304348,0.461847,0.000000,0.139185,0.695652,0.867402,0.034483,0.000000
11,66,0.543478,0.506024,0.073460,0.433683,0.456522,0.582390,0.026820,0.014692
11,67,0.543478,0.506024,0.278448,0.383038,0.456522,0.618223,0.022989,0.055690
11,68,0.586957,0.514056,0.554930,0.599315,0.413043,0.395435,0.022989,0.110986
11,69,0.521739,0.502008,0.000000,0.243655,0.478261,0.767875,0.026820,0.000000
11,70,0.608696,0.518072,0.186233,0.562998,0.391304,0.452364,0.022989,0.037247
11,71,0.521739,0.502008,0.000000,0.343395,0.478261,0.672855,0.026820,0.000000
11,72,0.434783,0.485944,0.193942,0.370251,0.565217,0.635524,0.038314,0.038788
11,73,0.586957,0.514056,0.592692,0.438729,0.413043,0.546135,0.034483,0.118538
11,74,0.630435,0.522088,0.281268,0.545516,0.369565,0.463263,0.026820,0.056254
11,75,0.913043,0.574297,0.652017,0.857545,0.086957,0.143544,0.022989,0.130403
11,76,0.565217,0.510040,0.403066,0.524138,0.434783,0.476253,0.034483,0.080613
11,77,0.847826,0.562249,0.555967,0.896822,0.152174,0.111944,0.026820,0.111193
11,78,0.652174,0.526104,0.000000,0.471870,0.347826,0.550459,0.026820,0.000000
11,79,0.586957,0.514056,0.637746,0.345784,0.413043,0.631952,0.026820,0.127549
11,80,0.347826,0.469880,0.000000,0.168768,0.652174,0.839219,0.042146,0.000000
11,81,0.652174,0.526104,0.000000,0.610092,0.347826,0.418778,0.026820,0.000000
11,82,0.434783,0.485944,0.280469,0.131898,0.565217,0.857357,0.026820,0.055376
11,83,0.695652,0.534137,0.390377,0.735418,0.304348,0.275739,0.022989,0.078075
11,84,0.369565,0.473896,0.200182,0.301050,0.630435,0.701071,0.026820,0.040036
11,85,0.934783,0.578313,0.518872,0.820479,0.065217,0.186920,0.022989,0.103774
11,86,0.239130,0.449799,0.000000,0.152059,0.760870,0.855136,0.049808,0.000000
11,87,0.673913,0.530120,0.000000,0.520055,0.326087,0.504555,0.034483,0.000000
11,88,0.608696,0.518072,0.291000,0.580476,0.391304,0.429368,0.026820,0.058200
11,89,0.195652,0.441767,0.000000,0.038975,0.804348,0.962870,0.076628,0.000000
11,90,0.239130,0.449799,0.000000,0.215482,0.760870,0.794715,0.042146,0.000000
11,91,0.456522,0.489960,0.000000,0.385908,0.543478,0.632354,0.022989,0.000000
11,92,0.543478,0.506024,0.344489,0.619412,0.456522,0.389034,0.030651,0.068898
11,93,0.695652,0.534137,0.072453,0.478239,0.304348,0.540003,0.022989,0.014491
11,94,0.478261,0.493976,0.222757,0.275409,0.521739,0.724132,0.030651,0.043982
11,95,0.586957,0.514056,0.188780,0.468612,0.413043,0.542129,0.030651,0.037756
11,96,0.543478,0.506024,0.157673,0.666273,0.456522,0.355706,0.026820,0.031535
11,97,0.500000,0.497992,0.697872,0.588275,0.500000,0.397295,0.022989,0.139574
11,98,0.543478,0.506024,0.000000,0.307859,0.456522,0.706709,0.026820,0.000000
11,99,0.652174,0.526104,0.624076,0.466307,0.347826,0.517961,0.022989,0.124815
11,100,0.543478,0.506024,0.330573,0.567025,0.456522,0.439786,0.026820,0.066115
11,101,0.586957,0.514056,0.000000,0.520760,0.413043,0.503883,0.026820,0.000000
11,102,0.413043,0.481928,0.255467,0.340075,0.586957,0.660545,0.034483,0.051093
11,103,0.913043,0.574297,0.251659,0.700064,0.086957,0.317822,0.022989,0.050332
11,104,0.413043,0.481928,0.172568,0.132914,0.586957,0.862924,0.030651,0.034514
11,105,0.173913,0.437751,0.772131,0.307224,0.826087,0.660549,0.045977,0.154426
11,106,0.586957,0.514056,0.000000,0.402721,0.413043,0.616337,0.034483,0.000000
11,107,0.347826,0.469880,0.639830,0.541761,0.652174,0.445124,0.045977,0.127966
11,108,0.434783,0.485944,0.157656,0.331058,0.565217,0.675059,0.026820,0.031531
11,109,0.347826,0.469880,0.000000,0.244000,0.652174,0.767546,0.049808,0.000000
11,110,0.869565,0.566265,0.284436,0.562992,0.130435,0.446422,0.026820,0.056887
11,111,0.521739,0.502008,0.000000,0.641160,0.478261,0.389180,0.026820,0.000000
11,112,0.565217,0.510040,0.512857,0.706367,0.434783,0.295997,0.026820,0.102571
11,113,0.608696,0.518072,0.415873,0.470371,0.391304,0.526700,0.026820,0.083175
11,114,0.608696,0.518072,0.006105,0.469508,0.391304,0.552340,0.026820,0.001221
11,115,0.369565,0.473896,0.307509,0.461611,0.630435,0.541608,0.034483,0.061502
11,116,0.478261,0.493976,0.158055,0.351652,0.521739,0.655415,0.026820,0.031611
11,117,1.000000,0.590361,0.781304,1.000000,0.000000,0.000000,0.022989,0.156261
11,118,0.434783,0.485944,0.477002,0.369870,0.565217,0.618742,0.026820,0.095400
11,119,0.282609,0.457831,0.051585,0.292689,0.717391,0.718037,0.038314,0.010317
11,120,0.347826,0.469880,0.514444,0.262153,0.652174,0.719094,0.026820,0.102889
11,121,0.804348,0.554217,0.666544,0.798402,0.195652,0.199009,0.022989,0.133309
11,122,0.586957,0.514056,0.533679,0.514823,0.413043,0.477216,0.022989,0.106736
11,123,0.413043,0.481928,0.338920,0.206038,0.586957,0.783185,0.034483,0.067784
11,124,0.760870,0.546185,0.192447,0.515942,0.239130,0.496817,0.026820,0.038489
11,125,0.478261,0.493976,0.108673,0.461160,0.521739,0.554081,0.026820,0.021735
11,126,0.695652,0.534137,0.006392,0.469798,0.304348,0.552046,0.030651,0.001278
11,127,0.608696,0.518072,0.000000,0.631811,0.391304,0.398087,0.026820,0.000000
11,128,0.456522,0.489960,0.353000,0.354738,0.543478,0.640668,0.022989,0.070600
11,129,0.543478,0.506024,0.343938,0.357735,0.456522,0.638362,0.026820,0.068788
11,130,0.478261,0.493976,0.584127,0.368152,0.521739,0.613890,0.022989,0.116825
11,131,0.500000,0.497992,0.218261,0.280337,0.500000,0.719709,0.034483,0.043652
11,132,0.695652,0.534137,0.963220,0.633731,0.304348,0.337919,0.026820,0.190181
11,133,0.000000,0.405622,0.000000,0.000000,1.000000,1.000000,0.065134,0.000000
11,134,0.586957,0.514056,0.023074,0.402979,0.413043,0.614692,0.026820,0.004615
11,135,0.369565,0.473896,0.175787,0.330756,0.630435,0.674249,0.045977,0.035157
11,136,0.543478,0.506024,0.499506,0.578987,0.456522,0.418157,0.034483,0.099901
11,137,0.826087,0.558233,0.172137,0.469360,0.173913,0.542425,0.022989,0.033987
11,138,0.652174,0.526104,0.000000,0.499264,0.347826,0.524361,0.034483,0.000000
11,139,0.217391,0.445783,0.135334,0.192780,0.782609,0.808146,0.042146,0.027067
11,140,0.347826,0.469880,0.368373,0.371000,0.652174,0.624245,0.030651,0.073675
11,141,0.413043,0.481928,0.682428,0.233407,0.586957,0.736306,0.030651,0.136486
11,142,0.391304,0.477912,0.561369,0.370861,0.608696,0.612688,0.030651,0.112274
11,143,0.543478,0.506024,0.256292,0.498619,0.456522,0.509453,0.030651,0.051258
11,144,0.586957,0.514056,0.265162,0.413237,0.413043,0.590257,0.026820,0.053032
11,145,0.260870,0.453815,0.000000,0.169320,0.739130,0.838692,0.057471,0.000000
11,146,0.217391,0.445783,0.168437,0.075628,0.782609,0.917749,0.049808,0.033687
11,147,0.608696,0.518072,0.000000,0.317715,0.391304,0.697320,0.026820,0.000000
11,148,0.326087,0.465863,0.097834,0.243879,0.673913,0.761736,0.042146,0.019567
11,149,0.347826,0.469880,0.385152,0.249400,0.652174,0.739074,0.026820,0.077030
11,150,0.543478,0.506024,0.298786,0.370924,0.456522,0.628532,0.022989,0.059757
11,151,0.760870,0.546185,0.448511,0.693752,0.239130,0.311912,0.022989,0.089702
11,152,0.391304,0.477912,0.000000,0.341505,0.608696,0.674656,0.034483,0.000000
11,153,0.565217,0.510040,0.571012,0.596584,0.434783,0.397062,0.030651,0.114202
11,154,0.391304,0.477912,0.418338,0.384037,0.608696,0.608798,0.045977,0.083668
11,155,0.500000,0.497992,0.205944,0.621584,0.500000,0.395357,0.030651,0.041189
11,156,0.673913,0.530120,0.383597,0.489362,0.326087,0.510562,0.026820,0.076719
11,157,0.260870,0.453815,0.060782,0.215012,0.739130,0.791481,0.045977,0.012156
11,158,0.739130,0.542169,0.317587,0.690659,0.260870,0.322788,0.030651,0.063517
11,159,0.695652,0.534137,0.318088,0.490808,0.304348,0.513152,0.022989,0.063618
11,160,0.239130,0.449799,0.000000,0.299739,0.760870,0.714445,0.053640,0.000000
11,161,0.369565,0.473896,0.000000,0.360355,0.630435,0.656697,0.038314,0.000000
11,162,0.391304,0.477912,0.933909,0.516412,0.608696,0.451461,0.030651,0.186782
11,163,0.391304,0.477912,0.000000,0.194886,0.608696,0.814337,0.030651,0.000000
11,164,0.652174,0.526104,0.295214,0.792200,0.347826,0.227407,0.030651,0.059043
11,165,0.434783,0.485944,0.000000,0.193555,0.565217,0.815604,0.022989,0.000000
11,166,0.543478,0.506024,0.228841,0.584846,0.456522,0.428970,0.026820,0.045768
11,167,0.326087,0.465863,0.022444,0.506761,0.673913,0.515860,0.026820,0.004489
11,168,0.456522,0.489960,0.138310,0.492735,0.543478,0.522204,0.030651,0.027662
11,169,0.565217,0.510040,0.187802,0.539828,0.434783,0.474343,0.022989,0.037560
11,170,0.434783,0.485944,0.502635,0.490216,0.565217,0.502538,0.038314,0.100527
11,171,0.826087,0.558233,0.634496,0.872628,0.173913,0.130236,0.030651,0.126899
11,172,0.826087,0.558233,0.265393,0.439798,0.173913,0.564940,0.022989,0.053079
11,173,0.478261,0.493976,0.490479,0.413475,0.521739,0.576385,0.034483,0.096841
11,174,0.456522,0.489960,0.689463,0.423744,0.543478,0.554550,0.026820,0.137893
11,175,0.478261,0.493976,0.542101,0.326302,0.521739,0.656306,0.026820,0.108420
11,176,0.521739,0.502008,0.000000,0.322719,0.478261,0.692552,0.022989,0.000000
11,177,0.521739,0.502008,0.434407,0.318840,0.478261,0.669937,0.030651,0.086881
11,178,0.695652,0.534137,0.579167,0.635039,0.304348,0.359933,0.030651,0.115833
11,179,0.739130,0.542169,0.941776,0.762390,0.260870,0.216647,0.026820,0.185946
11,180,0.369565,0.473896,0.000000,0.195866,0.630435,0.813403,0.030651,0.000000
11,181,0.391304,0.477912,0.314092,0.352047,0.608696,0.645589,0.038314,0.062818
11,182,0.326087,0.465863,0.274413,0.308927,0.673913,0.689072,0.045977,0.054883
11,183,0.652174,0.526104,0.188797,0.452705,0.347826,0.557282,0.022989,0.037759
11,184,0.500000,0.497992,0.267943,0.340311,0.500000,0.659564,0.026820,0.053589
11,185,0.521739,0.502008,0.211854,0.222591,0.478261,0.775111,0.030651,0.042371
11,186,0.434783,0.485944,0.137002,0.572882,0.565217,0.445929,0.026820,0.027400
11,187,0.586957,0.514056,0.104436,0.663902,0.413043,0.361189,0.026820,0.020887
11,188,0.913043,0.574297,0.457978,0.619540,0.086957,0.382039,0.022989,0.091596
11,189,0.673913,0.530120,0.653259,0.486700,0.326087,0.496765,0.022989,0.130652
11,190,0.673913,0.530120,0.086037,0.380876,0.326087,0.631936,0.022989,0.017207
11,191,0.543478,0.506024,0.152123,0.628404,0.456522,0.392119,0.030651,0.030425
11,192,0.695652,0.534137,1.000000,0.651914,0.304348,0.318368,0.026820,0.200000
11,193,0.543478,0.506024,0.000000,0.541788,0.456522,0.483850,0.034483,0.000000
11,194,0.478261,0.493976,0.430580,0.158104,0.521739,0.823299,0.026820,0.086116
11,195,0.760870,0.546185,0.544498,0.681160,0.239130,0.318095,0.026820,0.108900
11,196,0.543478,0.506024,0.365038,0.227918,0.456522,0.760758,0.030651,0.073008
11,197,0.739130,0.542169,0.599536,0.756085,0.260870,0.243382,0.022989,0.119907
11,198,0.826087,0.558233,0.281364,0.583396,0.173913,0.427169,0.026820,0.056273
11,199,0.934783,0.578313,0.216786,0.796774,0.065217,0.227800,0.022989,0.043357
11,200,0.456522,0.489960,0.447957,0.410609,0.543478,0.581690,0.030651,0.089591
11,201,0.326087,0.465863,0.000000,0.201898,0.673913,0.807656,0.038314,0.000000
11,202,0.521739,0.502008,0.215836,0.579565,0.478261,0.434788,0.030651,0.043167
11,203,0.478261,0.493976,0.323199,0.593499,0.521739,0.415011,0.026820,0.064640
11,204,0.717391,0.538153,0.000000,0.571339,0.282609,0.455697,0.022989,0.000000
11,205,0.500000,0.497992,0.391881,0.435615,0.500000,0.561264,0.026820,0.078376
11,206,0.434783,0.485944,0.259066,0.311527,0.565217,0.687524,0.026820,0.051813
11,207,0.760870,0.546185,0.565203,0.541023,0.239130,0.450347,0.022989,0.111595
11,208,0.456522,0.489960,0.554989,0.526260,0.543478,0.465029,0.026820,0.110998
11,209,0.565217,0.510040,0.179307,0.524192,0.434783,0.489753,0.026820,0.035861
11,210,0.565217,0.510040,0.208383,0.466916,0.434783,0.542558,0.026820,0.041677
11,211,0.608696,0.518072,0.140393,0.333798,0.391304,0.673495,0.030651,0.028079
11,212,0.739130,0.542169,0.330052,0.656171,0.260870,0.354889,0.022989,0.066010
11,213,0.760870,0.546185,0.480277,0.731075,0.239130,0.274431,0.026820,0.096055
11,214,0.282609,0.457831,0.000000,0.140780,0.717391,0.865882,0.045977,0.000000
11,215,0.652174,0.526104,0.116433,0.487950,0.347826,0.528089,0.026820,0.023287
11,216,0.652174,0.526104,0.202723,0.444489,0.347826,0.564266,0.030651,0.040545
11,217,0.413043,0.481928,0.113079,0.357656,0.586957,0.652420,0.030651,0.022616
11,218,0.630435,0.522088,0.486295,0.562940,0.369565,0.434245,0.026820,0.097259
11,219,0.608696,0.518072,0.000000,0.382589,0.391304,0.635515,0.022989,0.000000
11,220,0.434783,0.485944,0.000000,0.327591,0.565217,0.687910,0.038314,0.000000
11,221,0.521739,0.502008,0.841891,0.518105,0.478261,0.455422,0.022989,0.168378
11,222,0.608696,0.518072,0.290433,0.523237,0.391304,0.483932,0.026820,0.058087
11,223,0.630435,0.522088,0.156184,0.454431,0.369565,0.557614,0.026820,0.031237
11,224,0.717391,0.538153,0.181886,0.499584,0.282609,0.513041,0.026820,0.036377
11,225,0.282609,0.457831,0.000000,0.147674,0.717391,0.859314,0.038314,0.000000
11,226,0.304348,0.461847,0.005782,0.115924,0.695652,0.889212,0.042146,0.001156
11,227,0.565217,0.510040,0.008565,0.690289,0.434783,0.341857,0.030651,0.001713
11,228,0.586957,0.514056,0.151351,0.600490,0.413043,0.418759,0.026820,0.030270
11,229,0.804348,0.554217,0.000000,0.672269,0.195652,0.359543,0.026820,0.000000
11,230,0.369565,0.473896,0.501186,0.411841,0.630435,0.577292,0.026820,0.100237
11,231,0.413043,0.481928,0.065587,0.140533,0.586957,0.862145,0.034483,0.013117
11,232,0.695652,0.534137,0.418356,0.592673,0.304348,0.410034,0.034483,0.083671
11,233,0.326087,0.465863,0.236131,0.356184,0.673913,0.646370,0.030651,0.047226
11,234,0.478261,0.493976,0.092175,0.221963,0.521739,0.782958,0.022989,0.018435
11,235,0.565217,0.510040,0.127168,0.433204,0.434783,0.579593,0.022989,0.025434
11,236,0.173913,0.437751,0.000000,0.162510,0.826087,0.845180,0.065134,0.000000
11,237,0.804348,0.554217,0.056381,0.632527,0.195652,0.393990,0.026820,0.011276
11,238,0.478261,0.493976,0.286459,0.419857,0.521739,0.582661,0.030651,0.057292
11,239,0.413043,0.481928,0.232394,0.405678,0.586957,0.599444,0.030651,0.046479
11,240,0.304348,0.461847,0.094966,0.006784,0.695652,0.987785,0.038314,0.018993
11,241,0.456522,0.489960,0.000000,0.339676,0.543478,0.676398,0.034483,0.000000
11,242,0.673913,0.530120,0.764788,0.766046,0.326087,0.223883,0.022989,0.152958
11,243,0.347826,0.469880,0.244099,0.261204,0.652174,0.736372,0.034483,0.048820
11,244,0.695652,0.534137,0.021555,0.452708,0.304348,0.567409,0.030651,0.004311
11,245,0.369565,0.473896,0.311163,0.532383,0.630435,0.473964,0.034483,0.062233
11,246,0.478261,0.493976,0.000000,0.630650,0.521739,0.399193,0.030651,0.000000
11,247,0.652174,0.526104,0.000000,0.474070,0.347826,0.548364,0.030651,0.000000
11,248,0.434783,0.485944,0.382232,0.417066,0.565217,0.579520,0.026820,0.076446
11,249,0.369565,0.473896,0.627984,0.438512,0.630435,0.544204,0.030651,0.125597
12,0,0.565217,0.510040,0.340468,0.559954,0.434783,0.428865,0.026718,0.068094
12,1,0.760870,0.546185,0.391587,0.483780,0.239130,0.501037,0.026718,0.078317
12,2,0.804348,0.554217,0.000000,0.772137,0.195652,0.239060,0.026718,0.000000
12,3,0.478261,0.493976,0.346080,0.483960,0.521739,0.503439,0.022901,0.069216
12,4,0.739130,0.542169,0.458910,0.655564,0.260870,0.327928,0.022901,0.091782
12,5,0.326087,0.465863,0.000000,0.545004,0.673913,0.462899,0.030534,0.000000
12,6,0.586957,0.514056,0.286320,0.467491,0.413043,0.523057,0.030534,0.057264
12,7,0.521739,0.502008,0.197276,0.480082,0.478261,0.515696,0.030534,0.039455
12,8,0.282609,0.457831,0.000000,0.124234,0.717391,0.877568,0.041985,0.000000
12,9,0.456522,0.489960,0.000000,0.398045,0.543478,0.607727,0.034351,0.000000
12,10,0.500000,0.497992,0.316383,0.405070,0.500000,0.582868,0.026718,0.063277
12,11,0.391304,0.477912,1.000000,0.581186,0.608696,0.370554,0.038168,0.202725
12,12,0.739130,0.542169,0.185757,0.535435,0.260870,0.461799,0.022901,0.037151
12,13,0.630435,0.522088,0.516947,0.353214,0.369565,0.622604,0.022901,0.103389
12,14,0.521739,0.502008,0.191694,0.253539,0.478261,0.739271,0.034351,0.038339
12,15,0.956522,0.582329,0.255804,1.000000,0.043478,0.000000,0.022901,0.051161
12,16,0.413043,0.481928,0.118939,0.366880,0.586957,0.631698,0.026718,0.023788
12,17,0.565217,0.510040,0.119691,0.586516,0.434783,0.415204,0.026718,0.023938
12,18,0.608696,0.518072,0.907804,0.774026,0.391304,0.185737,0.022901,0.181561
12,19,0.565217,0.510040,0.603418,0.600272,0.434783,0.374226,0.026718,0.120684
12,20,0.608696,0.518072,0.069984,0.636387,0.391304,0.368874,0.026718,0.013997
12,21,0.282609,0.457831,0.000000,0.294893,0.717391,0.709383,0.041985,0.000000
12,22,0.608696,0.518072,0.000000,0.482711,0.391304,0.524289,0.026718,0.000000
12,23,0.478261,0.493976,0.538759,0.553865,0.521739,0.423625,0.034351,0.107752
12,24,0.434783,0.485944,0.437982,0.494901,0.565217,0.487447,0.041985,0.087596
12,25,0.456522,0.489960,0.000000,0.343825,0.543478,0.661161,0.022901,0.000000
12,26,0.173913,0.437751,0.000000,0.332543,0.826087,0.672279,0.053435,0.000000
12,27,0.608696,0.518072,0.000000,0.354355,0.391304,0.650784,0.026718,0.000000
12,28,0.565217,0.510040,0.000000,0.355218,0.434783,0.649933,0.026718,0.000000
12,29,0.326087,0.465863,0.000000,0.372486,0.673913,0.632916,0.030534,0.000000
12,30,0.543478,0.506024,0.125876,0.625717,0.456522,0.376220,0.038168,0.025175
12,31,0.413043,0.481928,0.000000,0.480535,0.586957,0.526433,0.022901,0.000000
12,32,0.521739,0.502008,0.120349,0.643720,0.478261,0.358793,0.022901,0.024070
12,33,0.478261,0.493976,0.476341,0.506738,0.521739,0.473607,0.038168,0.095268
12,34,0.456522,0.489960,0.685746,0.481369,0.543478,0.486738,0.022901,0.137149
12,35,0.500000,0.497992,0.104896,0.541401,0.500000,0.460504,0.034351,0.020979
12,36,0.652174,0.526104,0.439938,0.721684,0.347826,0.263842,0.026718,0.087988
12,37,0.369565,0.473896,0.637992,0.342887,0.630435,0.625919,0.026718,0.127598
12,38,0.521739,0.502008,0.463413,0.667027,0.478261,0.316375,0.030534,0.092683
12,39,0.695652,0.534137,0.799140,0.629066,0.304348,0.334754,0.022901,0.159828
12,40,0.586957,0.514056,0.000000,0.467168,0.413043,0.539607,0.026718,0.000000
12,41,0.543478,0.506024,0.354155,0.710862,0.456522,0.279370,0.026718,0.070831
12,42,0.500000,0.497992,0.477725,0.610170,0.500000,0.371596,0.026718,0.095545
12,43,0.782609,0.550201,0.344585,0.877862,0.217391,0.115334,0.022901,0.068917
12,44,0.434783,0.485944,0.289994,0.248905,0.565217,0.738266,0.034351,0.057999
12,45,0.652174,0.526104,0.000000,0.491410,0.347826,0.515716,0.022901,0.000000
12,46,0.586957,0.514056,0.134719,0.373484,0.413043,0.624295,0.026718,0.026944
12,47,0.630435,0.522088,0.784935,0.721272,0.369565,0.244690,0.026718,0.156987
12,48,0.673913,0.530120,0.405116,0.512736,0.326087,0.471734,0.026718,0.081023
12,49,0.500000,0.497992,0.141180,0.415999,0.500000,0.582030,0.026718,0.028236
12,50,0.630435,0.522088,0.440035,0.520763,0.369565,0.461844,0.022901,0.088007
12,51,0.391304,0.477912,0.000000,0.381524,0.608696,0.624008,0.038168,0.000000
12,52,0.760870,0.546185,0.555953,0.695886,0.239130,0.282689,0.026718,0.111191
12,53,0.326087,0.465863,0.301170,0.386160,0.673913,0.602367,0.034351,0.060234
12,54,0.304348,0.461847,0.000000,0.153512,0.695652,0.848714,0.034351,0.000000
12,55,0.543478,0.506024,0.457506,0.595175,0.456522,0.387521,0.030534,0.091501
12,56,0.565217,0.510040,0.360412,0.375543,0.434783,0.609471,0.026718,0.072082
12,57,0.500000,0.497992,0.311934,0.789415,0.500000,0.204349,0.030534,0.062387
12,58,0.456522,0.489960,0.409105,0.677599,0.543478,0.309036,0.034351,0.081821
12,59,0.304348,0.461847,0.781319,0.513024,0.695652,0.450124,0.034351,0.156264
12,60,0.304348,0.461847,0.030634,0.317794,0.695652,0.685078,0.064885,0.006127
12,61,0.891304,0.570281,0.472297,0.777586,0.108696,0.206916,0.022901,0.094459
12,62,0.456522,0.489960,0.216713,0.315854,0.543478,0.676441,0.022901,0.043343
12,63,0.195652,0.441767,0.001856,0.158323,0.804348,0.843868,0.061069,0.000371
12,64,0.260870,0.453815,0.307249,0.327747,0.739130,0.659589,0.038168,0.061450
12,65,0.304348,0.461847,0.000000,0.209090,0.695652,0.793942,0.034351,0.000000
12,66,0.543478,0.506024,0.615271,0.562259,0.456522,0.411016,0.026718,0.123054
12,67,0.543478,0.506024,0.337102,0.593401,0.456522,0.396095,0.022901,0.067420
12,68,0.586957,0.514056,0.506603,0.561357,0.413043,0.418065,0.022901,0.101321
12,69,0.521739,0.502008,0.000000,0.214935,0.478261,0.788182,0.026718,0.000000
12,70,0.608696,0.518072,0.419273,0.530081,0.391304,0.453837,0.022901,0.083855
12,71,0.521739,0.502008,0.186292,0.482386,0.478261,0.514048,0.026718,0.037258
12,72,0.434783,0.485944,0.122529,0.454721,0.565217,0.544927,0.038168,0.024506
12,73,0.586957,0.514056,0.807004,0.407261,0.413043,0.552897,0.034351,0.161401
12,74,0.630435,0.522088,0.034218,0.393613,0.369565,0.610155,0.026718,0.006844
12,75,0.913043,0.574297,0.514110,0.765980,0.086957,0.215984,0.022901,0.102822
12,76,0.565217,0.510040,0.000000,0.592406,0.434783,0.416184,0.034351,0.000000
12,77,0.847826,0.562249,0.579632,0.917434,0.152174,0.063011,0.026718,0.115926
12,78,0.652174,0.526104,0.290868,0.548486,0.347826,0.442979,0.026718,0.058174
12,79,0.586957,0.514056,0.523445,0.547140,0.413043,0.431121,0.026718,0.104689
12,80,0.347826,0.469880,0.000000,0.234990,0.652174,0.768417,0.041985,0.000000
12,81,0.652174,0.526104,0.000000,0.570193,0.347826,0.438075,0.026718,0.000000
12,82,0.434783,0.485944,0.072285,0.204970,0.565217,0.793905,0.030534,0.014457
12,83,0.695652,0.534137,0.231405,0.614638,0.304348,0.381157,0.022901,0.046281
12,84,0.369565,0.473896,0.369945,0.457627,0.630435,0.528038,0.026718,0.073989
12,85,0.934783,0.578313,0.805651,0.830920,0.065217,0.135458,0.022901,0.161130
12,86,0.239130,0.449799,0.000000,0.151750,0.760870,0.850451,0.049618,0.000000
12,87,0.673913,0.530120,0.000000,0.506163,0.326087,0.501177,0.034351,0.000000
12,88,0.608696,0.518072,0.385530,0.663640,0.391304,0.324128,0.026718,0.077106
12,89,0.195652,0.441767,0.000000,0.118560,0.804348,0.883159,0.076336,0.000000
12,90,0.239130,0.449799,0.000000,0.402511,0.760870,0.603326,0.041985,0.000000
12,91,0.456522,0.489960,0.329831,0.471030,0.543478,0.517103,0.022901,0.065966
12,92,0.543478,0.506024,0.468184,0.575035,0.456522,0.406763,0.030534,0.093637
12,93,0.695652,0.534137,0.000000,0.518348,0.304348,0.489169,0.022901,0.000000
12,94,0.478261,0.493976,0.000000,0.370705,0.521739,0.634671,0.034351,0.000000
12,95,0.586957,0.514056,0.337984,0.508334,0.413043,0.479878,0.030534,0.067597
12,96,0.543478,0.506024,0.342121,0.653505,0.456522,0.336577,0.026718,0.068424
12,97,0.500000,0.497992,0.333737,0.620768,0.500000,0.369315,0.022901,0.066747
12,98,0.543478,0.506024,0.028234,0.612368,0.456522,0.394912,0.026718,0.005647
12,99,0.652174,0.526104,0.713192,0.637040,0.347826,0.331768,0.022901,0.142638
12,100,0.543478,0.506024,0.651351,0.677241,0.456522,0.295656,0.026718,0.130270
12,101,0.586957,0.514056,0.185000,0.444848,0.413043,0.551115,0.026718,0.037000
12,102,0.413043,0.481928,0.413054,0.476622,0.586957,0.506874,0.034351,0.082611
12,103,0.913043,0.574297,0.084098,0.922896,0.086957,0.085720,0.022901,0.016820
12,104,0.413043,0.481928,0.000000,0.440298,0.586957,0.566086,0.030534,0.000000
12,105,0.173913,0.437751,0.413717,0.353106,0.826087,0.628561,0.045802,0.083871
12,106,0.586957,0.514056,0.000000,0.474333,0.413043,0.532545,0.034351,0.000000
12,107,0.347826,0.469880,0.658837,0.529069,0.652174,0.441255,0.045802,0.131767
12,108,0.434783,0.485944,0.000000,0.265473,0.565217,0.738377,0.026718,0.000000
12,109,0.347826,0.469880,0.000000,0.290912,0.652174,0.713307,0.049618,0.000000
12,110,0.869565,0.566265,0.049988,0.510163,0.130435,0.494401,0.026718,0.009998
12,111,0.521739,0.502008,0.000000,0.528796,0.478261,0.478872,0.026718,0.000000
12,112,0.565217,0.510040,0.412332,0.527383,0.434783,0.456890,0.026718,0.082466
12,113,0.608696,0.518072,0.340290,0.533543,0.391304,0.454904,0.026718,0.068058
12,114,0.608696,0.518072,0.065305,0.449074,0.391304,0.553736,0.026718,0.013061
12,115,0.369565,0.473896,0.000000,0.337323,0.630435,0.667569,0.034351,0.000000
12,116,0.478261,0.493976,0.246544,0.495657,0.521739,0.497555,0.026718,0.049309
12,117,1.000000,0.590361,0.777990,0.890321,0.000000,0.078487,0.022901,0.157718
12,118,0.434783,0.485944,0.309106,0.550605,0.565217,0.439857,0.026718,0.061821
12,119,0.282609,0.457831,0.261918,0.319456,0.717391,0.670329,0.038168,0.052384
12,120,0.347826,0.469880,0.631446,0.431930,0.652174,0.538538,0.026718,0.126289
12,121,0.804348,0.554217,0.704192,0.754986,0.195652,0.216042,0.022901,0.140838
12,122,0.586957,0.514056,0.763171,0.484394,0.413043,0.479367,0.022901,0.152634
12,123,0.413043,0.481928,0.000000,0.147396,0.586957,0.854741,0.034351,0.000000
12,124,0.760870,0.546185,0.279437,0.702907,0.239130,0.291445,0.026718,0.055887
12,125,0.478261,0.493976,0.295662,0.590519,0.521739,0.401284,0.026718,0.059132
12,126,0.695652,0.534137,0.000000,0.584063,0.304348,0.424407,0.030534,0.000000
12,127,0.608696,0.518072,0.033156,0.627766,0.391304,0.379458,0.026718,0.006631
12,128,0.456522,0.489960,0.247680,0.392307,0.543478,0.599342,0.022901,0.049536
12,129,0.543478,0.506024,0.593965,0.565818,0.456522,0.408717,0.026718,0.118793
12,130,0.478261,0.493976,0.225275,0.548776,0.521739,0.446411,0.022901,0.045055
12,131,0.500000,0.497992,0.484905,0.644940,0.500000,0.336923,0.034351,0.096981
12,132,0.695652,0.534137,0.277104,0.630613,0.304348,0.362823,0.030534,0.055421
12,133,0.000000,0.405622,0.000000,0.000000,1.000000,1.000000,0.064885,0.000000
12,134,0.586957,0.514056,0.123549,0.468867,0.413043,0.530928,0.026718,0.024710
12,135,0.369565,0.473896,0.276533,0.561341,0.630435,0.431123,0.045802,0.055307
12,136,0.543478,0.506024,0.397071,0.406091,0.456522,0.577289,0.034351,0.079414
12,137,0.826087,0.558233,0.419276,0.774074,0.173913,0.213383,0.026718,0.083855
12,138,0.652174,0.526104,0.000000,0.631732,0.347826,0.377428,0.034351,0.000000
12,139,0.217391,0.445783,0.000000,0.380075,0.782609,0.625437,0.041985,0.000000
12,140,0.347826,0.469880,0.440741,0.418706,0.652174,0.562381,0.030534,0.088148
12,141,0.413043,0.481928,0.633720,0.403729,0.586957,0.566201,0.030534,0.126744
12,142,0.391304,0.477912,0.459245,0.482148,0.608696,0.498810,0.030534,0.091849
12,143,0.543478,0.506024,0.000000,0.560970,0.456522,0.447164,0.030534,0.000000
12,144,0.586957,0.514056,0.513570,0.403945,0.413043,0.572799,0.026718,0.102714
12,145,0.260870,0.453815,0.000000,0.250105,0.739130,0.753522,0.057252,0.000000
12,146,0.217391,0.445783,0.134370,0.278257,0.782609,0.718160,0.049618,0.026874
12,147,0.608696,0.518072,0.000000,0.439874,0.391304,0.566505,0.026718,0.000000
12,148,0.326087,0.465863,0.383812,0.306622,0.673913,0.676067,0.041985,0.076762
12,149,0.347826,0.469880,0.000000,0.260888,0.652174,0.742895,0.026718,0.000000
12,150,0.543478,0.506024,0.000000,0.357391,0.456522,0.647791,0.022901,0.000000
12,151,0.760870,0.546185,0.000000,0.620458,0.239130,0.388540,0.022901,0.000000
12,152,0.391304,0.477912,0.000000,0.479904,0.608696,0.527055,0.034351,0.000000
12,153,0.565217,0.510040,0.378452,0.544924,0.434783,0.441524,0.030534,0.075690
12,154,0.391304,0.477912,0.584618,0.481474,0.608696,0.492367,0.045802,0.116924
12,155,0.500000,0.497992,0.260578,0.582667,0.500000,0.411011,0.030534,0.052116
12,156,0.673913,0.530120,0.294400,0.434873,0.326087,0.554744,0.026718,0.058880
12,157,0.260870,0.453815,0.390333,0.313627,0.739130,0.668794,0.045802,0.078067
12,158,0.739130,0.542169,0.106922,0.807394,0.260870,0.198253,0.030534,0.021384
12,159,0.695652,0.534137,0.686621,0.647033,0.304348,0.323426,0.022901,0.139195
12,160,0.239130,0.449799,0.000000,0.613435,0.760870,0.395461,0.053435,0.000000
12,161,0.369565,0.473896,0.000000,0.452037,0.630435,0.554518,0.038168,0.000000
12,162,0.391304,0.477912,0.607319,0.466350,0.608696,0.505984,0.030534,0.121464
12,163,0.391304,0.477912,0.073095,0.319988,0.608696,0.680508,0.030534,0.014619
12,164,0.652174,0.526104,0.300553,0.793085,0.347826,0.201378,0.030534,0.060111
12,165,0.434783,0.485944,0.000000,0.385228,0.565217,0.620358,0.022901,0.000000
12,166,0.543478,0.506024,0.174601,0.570687,0.456522,0.427690,0.026718,0.034920
12,167,0.326087,0.465863,0.000000,0.487954,0.673913,0.519122,0.026718,0.000000
12,168,0.456522,0.489960,0.107487,0.604177,0.543478,0.398491,0.030534,0.021497
12,169,0.565217,0.510040,0.296499,0.561439,0.434783,0.429894,0.022901,0.059300
12,170,0.434783,0.485944,0.154685,0.547797,0.565217,0.451378,0.038168,0.030937
12,171,0.826087,0.558233,0.626845,0.750518,0.173913,0.224831,0.030534,0.125369
12,172,0.826087,0.558233,0.617722,0.655056,0.173913,0.319426,0.022901,0.123544
12,173,0.478261,0.493976,0.112065,0.527069,0.521739,0.474221,0.038168,0.022413
12,174,0.456522,0.489960,0.545446,0.509334,0.543478,0.467132,0.026718,0.109089
12,175,0.478261,0.493976,0.477007,0.345202,0.521739,0.632763,0.026718,0.096701
12,176,0.521739,0.502008,0.000000,0.356392,0.478261,0.648776,0.022901,0.000000
12,177,0.521739,0.502008,0.377642,0.459219,0.478261,0.526033,0.030534,0.075528
12,178,0.695652,0.534137,0.814187,0.691107,0.304348,0.272760,0.030534,0.162837
12,179,0.739130,0.542169,0.227373,0.829715,0.260870,0.169427,0.030534,0.045475
12,180,0.369565,0.473896,0.000000,0.261916,0.630435,0.741882,0.030534,0.000000
12,181,0.391304,0.477912,0.514192,0.432064,0.608696,0.545053,0.038168,0.102838
12,182,0.326087,0.465863,0.356580,0.401747,0.673913,0.583865,0.045802,0.071316
12,183,0.652174,0.526104,0.031850,0.365808,0.347826,0.637691,0.022901,0.006370
12,184,0.500000,0.497992,0.457262,0.392692,0.500000,0.587081,0.026718,0.091452
12,185,0.521739,0.502008,0.133281,0.430728,0.478261,0.567962,0.030534,0.026656
12,186,0.434783,0.485944,0.000000,0.479592,0.565217,0.527363,0.026718,0.000000
12,187,0.586957,0.514056,0.026478,0.712167,0.413043,0.296660,0.026718,0.005296
12,188,0.913043,0.574297,0.616158,0.613952,0.086957,0.360022,0.022901,0.123232
12,189,0.673913,0.530120,0.941489,0.625648,0.326087,0.330053,0.022901,0.188298
12,190,0.673913,0.530120,0.222358,0.561731,0.326087,0.433810,0.022901,0.044472
12,191,0.543478,0.506024,0.388653,0.567537,0.456522,0.418661,0.030534,0.077731
12,192,0.695652,0.534137,0.861833,0.651075,0.304348,0.309511,0.026718,0.172367
12,193,0.543478,0.506024,0.000000,0.533679,0.456522,0.474060,0.034351,0.000000
12,194,0.478261,0.493976,0.871842,0.425801,0.521739,0.530951,0.026718,0.176744
12,195,0.760870,0.546185,0.705621,0.759131,0.239130,0.211877,0.026718,0.143047
12,196,0.543478,0.506024,0.369960,0.379466,0.456522,0.605065,0.030534,0.073992
12,197,0.739130,0.542169,0.636733,0.910115,0.260870,0.066988,0.022901,0.127347
12,198,0.826087,0.558233,0.380198,0.673512,0.173913,0.314702,0.026718,0.076040
12,199,0.934783,0.578313,0.353447,0.616076,0.065217,0.372822,0.022901,0.070689
12,200,0.456522,0.489960,0.059242,0.327781,0.543478,0.673614,0.030534,0.011848
12,201,0.326087,0.465863,0.309075,0.302232,0.673913,0.684630,0.038168,0.061815
12,202,0.521739,0.502008,0.341688,0.598251,0.478261,0.391055,0.030534,0.068338
12,203,0.478261,0.493976,0.577469,0.449326,0.521739,0.524454,0.026718,0.115494
12,204,0.717391,0.538153,0.032689,0.537026,0.282609,0.468908,0.022901,0.006538
12,205,0.500000,0.497992,0.232446,0.571592,0.500000,0.423520,0.026718,0.046489
12,206,0.434783,0.485944,0.755090,0.460330,0.565217,0.503540,0.026718,0.151018
12,207,0.760870,0.546185,0.002869,0.641048,0.239130,0.368085,0.026718,0.000574
12,208,0.456522,0.489960,0.573020,0.518612,0.543478,0.456425,0.026718,0.114604
12,209,0.565217,0.510040,0.018856,0.409511,0.434783,0.595359,0.026718,0.003771
12,210,0.565217,0.510040,0.079877,0.699410,0.434783,0.306204,0.026718,0.015975
12,211,0.608696,0.518072,0.203183,0.484326,0.391304,0.511179,0.030534,0.040637
12,212,0.739130,0.542169,0.173396,0.629395,0.260870,0.369902,0.022901,0.034679
12,213,0.760870,0.546185,0.000000,0.880139,0.239130,0.132624,0.026718,0.000000
12,214,0.282609,0.457831,0.000000,0.278729,0.717391,0.725313,0.045802,0.000000
12,215,0.652174,0.526104,0.279159,0.624001,0.347826,0.369223,0.026718,0.055832
12,216,0.652174,0.526104,0.000000,0.513579,0.347826,0.493869,0.030534,0.000000
12,217,0.413043,0.481928,0.448510,0.447875,0.586957,0.533194,0.030534,0.089702
12,218,0.630435,0.522088,0.813918,0.707230,0.369565,0.256886,0.026718,0.162784
12,219,0.608696,0.518072,0.034464,0.576172,0.391304,0.430229,0.022901,0.006893
12,220,0.434783,0.485944,0.000000,0.414538,0.565217,0.591474,0.038168,0.000000
12,221,0.521739,0.502008,0.468226,0.382721,0.478261,0.596286,0.022901,0.093645
12,222,0.608696,0.518072,0.678660,0.595340,0.391304,0.374821,0.026718,0.135732
12,223,0.630435,0.522088,0.290612,0.535416,0.369565,0.455874,0.026718,0.058122
12,224,0.717391,0.538153,0.191676,0.566958,0.282609,0.430398,0.026718,0.038335
12,225,0.282609,0.457831,0.000000,0.237019,0.717391,0.766418,0.038168,0.000000
12,226,0.304348,0.461847,0.001997,0.295912,0.695652,0.708265,0.041985,0.000399
12,227,0.565217,0.510040,0.384160,0.569408,0.434783,0.417072,0.030534,0.076832
12,228,0.586957,0.514056,0.349376,0.411028,0.413043,0.575126,0.026718,0.069875
12,229,0.804348,0.554217,0.242079,0.650762,0.195652,0.344951,0.026718,0.048416
12,230,0.369565,0.473896,0.447946,0.460350,0.630435,0.520933,0.026718,0.089589
12,231,0.413043,0.481928,0.000000,0.365379,0.586957,0.639920,0.034351,0.000000
12,232,0.695652,0.534137,0.445460,0.740901,0.304348,0.244591,0.034351,0.089092
12,233,0.326087,0.465863,0.273412,0.392309,0.673913,0.597881,0.030534,0.054682
12,234,0.478261,0.493976,0.245048,0.387993,0.521739,0.603742,0.022901,0.049010
12,235,0.565217,0.510040,0.221914,0.536776,0.434783,0.458428,0.022901,0.044383
12,236,0.173913,0.437751,0.000000,0.259597,0.826087,0.744167,0.064885,0.000000
12,237,0.804348,0.554217,0.555691,0.485923,0.195652,0.489622,0.026718,0.111138
12,238,0.478261,0.493976,0.014398,0.346252,0.521739,0.657953,0.030534,0.002880
12,239,0.413043,0.481928,0.484948,0.389329,0.586957,0.588826,0.030534,0.096990
12,240,0.304348,0.461847,0.146304,0.223794,0.695652,0.771158,0.038168,0.029261
12,241,0.456522,0.489960,0.000000,0.427807,0.543478,0.578397,0.034351,0.000000
12,242,0.673913,0.530120,0.624431,0.595392,0.326087,0.377844,0.022901,0.124886
12,243,0.347826,0.469880,0.612274,0.649584,0.652174,0.325127,0.034351,0.122455
12,244,0.695652,0.534137,0.000000,0.533688,0.304348,0.474051,0.030534,0.000000
12,245,0.369565,0.473896,0.260840,0.505005,0.630435,0.487531,0.034351,0.052168
12,246,0.478261,0.493976,0.246553,0.664882,0.521739,0.330783,0.030534,0.049311
12,247,0.652174,0.526104,0.008177,0.643113,0.347826,0.365750,0.030534,0.001635
12,248,0.434783,0.485944,0.297658,0.298973,0.565217,0.688489,0.026718,0.059532
12,249,0.369565,0.473896,0.475032,0.429332,0.630435,0.549965,0.030534,0.095006
13,0,0.565217,0.510040,0.414216,0.533545,0.434783,0.459589,0.026616,0.082843
13,1,0.760870,0.546185,0.082279,0.512147,0.239130,0.502423,0.026616,0.016456
13,2,0.804348,0.554217,0.039226,0.654125,0.195652,0.368903,0.026616,0.007845
13,3,0.478261,0.493976,0.000000,0.324323,0.521739,0.688399,0.022814,0.000000
13,4,0.739130,0.542169,0.114166,0.561785,0.260870,0.452591,0.022814,0.022833
13,5,0.326087,0.465863,0.000000,0.361332,0.673913,0.652842,0.030418,0.000000
13,6,0.586957,0.514056,0.322682,0.457507,0.413043,0.538786,0.030418,0.064536
13,7,0.521739,0.502008,0.165771,0.494874,0.478261,0.513415,0.030418,0.033154
13,8,0.282609,0.457831,0.000000,0.156728,0.717391,0.849421,0.041825,0.000000
13,9,0.456522,0.489960,0.000000,0.363235,0.543478,0.651014,0.034221,0.000000
13,10,0.500000,0.497992,0.000000,0.288781,0.500000,0.722547,0.026616,0.000000
13,11,0.391304,0.477912,0.478733,0.467750,0.608696,0.518473,0.041825,0.095747
13,12,0.739130,0.542169,0.008279,0.434243,0.260870,0.582236,0.022814,0.001656
13,13,0.630435,0.522088,0.628868,0.312966,0.369565,0.657110,0.022814,0.138372
13,14,0.521739,0.502008,0.225901,0.266222,0.478261,0.729062,0.034221,0.045180
13,15,0.956522,0.582329,0.302184,0.931197,0.043478,0.085054,0.022814,0.060437
13,16,0.413043,0.481928,0.000000,0.211605,0.586957,0.796696,0.026616,0.000000
13,17,0.565217,0.510040,0.256935,0.477882,0.434783,0.523622,0.026616,0.051387
13,18,0.608696,0.518072,0.895218,0.711758,0.391304,0.256089,0.022814,0.179044
13,19,0.565217,0.510040,0.559574,0.511949,0.434783,0.470583,0.026616,0.111915
13,20,0.608696,0.518072,0.248616,0.577178,0.391304,0.428781,0.026616,0.049723
13,21,0.282609,0.457831,0.000000,0.156907,0.717391,0.849248,0.041825,0.000000
13,22,0.608696,0.518072,0.020134,0.475858,0.391304,0.541458,0.026616,0.004027
13,23,0.478261,0.493976,0.703881,0.651692,0.521739,0.326638,0.034221,0.140776
13,24,0.434783,0.485944,0.494881,0.478017,0.565217,0.507525,0.041825,0.098976
13,25,0.456522,0.489960,0.000000,0.266885,0.543478,0.743585,0.022814,0.000000
13,26,0.173913,0.437751,0.000000,0.402937,0.826087,0.612870,0.053232,0.000000
13,27,0.608696,0.518072,0.000000,0.516477,0.391304,0.503783,0.026616,0.000000
13,28,0.565217,0.510040,0.000000,0.277721,0.434783,0.733174,0.026616,0.000000
13,29,0.326087,0.465863,0.000000,0.293276,0.673913,0.718229,0.030418,0.000000
13,30,0.543478,0.506024,0.094429,0.651665,0.456522,0.367562,0.038023,0.018886
13,31,0.413043,0.481928,0.000000,0.411022,0.586957,0.605102,0.022814,0.000000
13,32,0.521739,0.502008,0.518311,0.899390,0.478261,0.101111,0.022814,0.103662
13,33,0.478261,0.493976,0.238622,0.409861,0.521739,0.590205,0.038023,0.047724
13,34,0.456522,0.489960,0.711435,0.425925,0.543478,0.543042,0.022814,0.142287
13,35,0.500000,0.497992,0.132523,0.432456,0.500000,0.575615,0.034221,0.026505
13,36,0.652174,0.526104,0.128483,0.694987,0.347826,0.323655,0.026616,0.025697
13,37,0.369565,0.473896,0.303562,0.340134,0.630435,0.652838,0.026616,0.060712
13,38,0.521739,0.502008,0.389008,0.532585,0.478261,0.462203,0.030418,0.077802
13,39,0.695652,0.534137,0.572202,0.599705,0.304348,0.385422,0.022814,0.114440
13,40,0.586957,0.514056,0.000000,0.442573,0.413043,0.574789,0.026616,0.000000
13,41,0.543478,0.506024,0.305736,0.733245,0.456522,0.275002,0.026616,0.061147
13,42,0.500000,0.497992,0.166911,0.517788,0.500000,0.491323,0.026616,0.033382
13,43,0.782609,0.550201,0.584579,1.000000,0.217391,0.000000,0.022814,0.116916
13,44,0.434783,0.485944,0.217821,0.250113,0.565217,0.745082,0.034221,0.043564
13,45,0.652174,0.526104,0.000000,0.317572,0.347826,0.694886,0.022814,0.000000
13,46,0.586957,0.514056,0.166897,0.311206,0.413043,0.689802,0.026616,0.033379
13,47,0.630435,0.522088,0.572398,0.720648,0.369565,0.269211,0.026616,0.114480
13,48,0.673913,0.530120,0.285937,0.457110,0.326087,0.541634,0.026616,0.057187
13,49,0.500000,0.497992,0.227653,0.461614,0.500000,0.541218,0.026616,0.045531
13,50,0.630435,0.522088,0.486187,0.657929,0.369565,0.335255,0.022814,0.097237
13,51,0.391304,0.477912,0.000000,0.247797,0.608696,0.761923,0.038023,0.000000
13,52,0.760870,0.546185,0.394186,0.722079,0.239130,0.279795,0.026616,0.078837
13,53,0.326087,0.465863,0.490681,0.296251,0.673913,0.682443,0.034221,0.107966
13,54,0.304348,0.461847,0.000000,0.212336,0.695652,0.795994,0.034221,0.000000
13,55,0.543478,0.506024,0.475210,0.497429,0.456522,0.490196,0.030418,0.095042
13,56,0.565217,0.510040,0.108819,0.327541,0.434783,0.678006,0.026616,0.021764
13,57,0.500000,0.497992,0.414136,0.599662,0.500000,0.396071,0.030418,0.082827
13,58,0.456522,0.489960,0.382551,0.802932,0.543478,0.202894,0.034221,0.076510
13,59,0.304348,0.461847,0.545735,0.337950,0.695652,0.638686,0.034221,0.109147
13,60,0.304348,0.461847,0.219144,0.178733,0.695652,0.813573,0.064639,0.043829
13,61,0.891304,0.570281,0.494519,0.906598,0.108696,0.095782,0.022814,0.098904
13,62,0.456522,0.489960,0.305088,0.300179,0.543478,0.691123,0.022814,0.061018
13,63,0.195652,0.441767,0.000000,0.178232,0.804348,0.828759,0.060837,0.000000
13,64,0.260870,0.453815,0.437825,0.304528,0.739130,0.678037,0.038023,0.087565
13,65,0.304348,0.461847,0.000000,0.298613,0.695652,0.713101,0.034221,0.000000
13,66,0.543478,0.506024,0.196964,0.404095,0.456522,0.598540,0.026616,0.039393
13,67,0.543478,0.506024,0.338043,0.445160,0.456522,0.549619,0.022814,0.074381
13,68,0.586957,0.514056,0.406928,0.549038,0.413043,0.445193,0.022814,0.081386
13,69,0.521739,0.502008,0.000000,0.390365,0.478261,0.624949,0.026616,0.000000
13,70,0.608696,0.518072,0.313602,0.659010,0.391304,0.345798,0.022814,0.062720
13,71,0.521739,0.502008,0.054793,0.398153,0.478261,0.613789,0.026616,0.010959
13,72,0.434783,0.485944,0.084821,0.417200,0.565217,0.593474,0.038023,0.016964
13,73,0.586957,0.514056,0.409764,0.354969,0.413043,0.631459,0.034221,0.081953
13,74,0.630435,0.522088,0.186212,0.262290,0.369565,0.735504,0.026616,0.037242
13,75,0.913043,0.574297,0.424793,0.829993,0.086957,0.174061,0.022814,0.084959
13,76,0.565217,0.510040,0.324631,0.470772,0.434783,0.525911,0.034221,0.064926
13,77,0.847826,0.562249,0.515165,0.944591,0.152174,0.057894,0.026616,0.103033
13,78,0.652174,0.526104,0.044454,0.373900,0.347826,0.637784,0.026616,0.008891
13,79,0.586957,0.514056,0.484321,0.674505,0.413043,0.319454,0.026616,0.096864
13,80,0.347826,0.469880,0.076909,0.139918,0.652174,0.860410,0.041825,0.015382
13,81,0.652174,0.526104,0.000000,0.451316,0.347826,0.566389,0.026616,0.000000
13,82,0.434783,0.485944,0.171245,0.278878,0.565217,0.720570,0.030418,0.034249
13,83,0.695652,0.534137,0.538888,0.786537,0.304348,0.208155,0.022814,0.107778
13,84,0.369565,0.473896,0.001696,0.294351,0.630435,0.717082,0.026616,0.000339
13,85,0.934783,0.578313,1.000000,0.963147,0.065217,0.007530,0.022814,0.200000
13,86,0.239130,0.449799,0.000000,0.000000,0.760870,1.000000,0.049430,0.000000
13,87,0.673913,0.530120,0.000000,0.502400,0.326087,0.517309,0.034221,0.000000
13,88,0.608696,0.518072,0.219243,0.473775,0.391304,0.530098,0.026616,0.043849
13,89,0.195652,0.441767,0.000000,0.194626,0.804348,0.813009,0.076046,0.000000
13,90,0.239130,0.449799,0.000000,0.235618,0.760870,0.773625,0.041825,0.000000
13,91,0.456522,0.489960,0.280303,0.466906,0.543478,0.532600,0.022814,0.056061
13,92,0.543478,0.506024,0.652863,0.736220,0.456522,0.248850,0.030418,0.130573
13,93,0.695652,0.534137,0.262033,0.601594,0.304348,0.404422,0.022814,0.052407
13,94,0.478261,0.493976,0.000000,0.401989,0.521739,0.613781,0.034221,0.000000
13,95,0.586957,0.514056,0.270320,0.466606,0.413043,0.533558,0.030418,0.054064
13,96,0.543478,0.506024,0.100786,0.609721,0.456522,0.407435,0.026616,0.020157
13,97,0.500000,0.497992,0.579151,0.775282,0.500000,0.216267,0.022814,0.115830
13,98,0.543478,0.506024,0.073482,0.490392,0.456522,0.523914,0.026616,0.014696
13,99,0.652174,0.526104,0.494087,0.626770,0.347826,0.364661,0.022814,0.098817
13,100,0.543478,0.506024,0.582459,0.658839,0.456522,0.327920,0.026616,0.116492
13,101,0.586957,0.514056,0.365157,0.484723,0.413043,0.509788,0.026616,0.073031
13,102,0.413043,0.481928,0.293636,0.600029,0.586957,0.403805,0.034221,0.058727
13,103,0.913043,0.574297,0.079267,0.958947,0.086957,0.073352,0.022814,0.015853
13,104,0.413043,0.481928,0.356836,0.445534,0.586957,0.547998,0.030418,0.071367
13,105,0.173913,0.437751,0.204719,0.354110,0.826087,0.646043,0.049430,0.045045
13,106,0.586957,0.514056,0.000000,0.445346,0.413043,0.572124,0.034221,0.000000
13,107,0.347826,0.469880,0.546013,0.459253,0.652174,0.522122,0.045627,0.109203
13,108,0.434783,0.485944,0.000000,0.350855,0.565217,0.662909,0.026616,0.000000
13,109,0.347826,0.469880,0.000000,0.176320,0.652174,0.830597,0.049430,0.000000
13,110,0.869565,0.566265,0.239999,0.604676,0.130435,0.402939,0.026616,0.048000
13,111,0.521739,0.502008,0.000000,0.625537,0.478261,0.399002,0.026616,0.000000
13,112,0.565217,0.510040,0.732663,0.677007,0.434783,0.300385,0.026616,0.161210
13,113,0.608696,0.518072,0.129309,0.494128,0.391304,0.516578,0.026616,0.025862
13,114,0.608696,0.518072,0.163562,0.554180,0.391304,0.456583,0.026616,0.032712
13,115,0.369565,0.473896,0.000000,0.294956,0.630435,0.716615,0.034221,0.000000
13,116,0.478261,0.493976,0.429675,0.551005,0.521739,0.441777,0.026616,0.085935
13,117,1.000000,0.590361,0.205290,0.785915,0.000000,0.231139,0.026616,0.041058
13,118,0.434783,0.485944,0.406925,0.612372,0.565217,0.384343,0.026616,0.081385
13,119,0.282609,0.457831,0.152605,0.506151,0.717391,0.503464,0.038023,0.030521
13,120,0.347826,0.469880,0.474919,0.486379,0.652174,0.500831,0.026616,0.094984
13,121,0.804348,0.554217,0.375366,0.860078,0.195652,0.148473,0.022814,0.075073
13,122,0.586957,0.514056,0.513983,0.471688,0.413043,0.512325,0.022814,0.102797
13,123,0.413043,0.481928,0.000000,0.152811,0.586957,0.853183,0.034221,0.000000
13,124,0.760870,0.546185,0.503835,0.631829,0.239130,0.359146,0.026616,0.100767
13,125,0.478261,0.493976,0.375619,0.453874,0.521739,0.538724,0.026616,0.075124
13,126,0.695652,0.534137,0.153367,0.581520,0.304348,0.431000,0.030418,0.030673
13,127,0.608696,0.518072,0.003071,0.563003,0.391304,0.458876,0.026616,0.000614
13,128,0.456522,0.489960,0.486390,0.396675,0.543478,0.586247,0.022814,0.107022
13,129,0.543478,0.506024,0.515267,0.575513,0.456522,0.412486,0.026616,0.103053
13,130,0.478261,0.493976,0.732119,0.619071,0.521739,0.356085,0.022814,0.146424
13,131,0.500000,0.497992,0.569518,0.539726,0.500000,0.443229,0.034221,0.113904
13,132,0.695652,0.534137,0.123958,0.823599,0.304348,0.200392,0.030418,0.024792
13,133,0.000000,0.405622,0.000000,0.125266,1.000000,0.879648,0.064639,0.000000
13,134,0.586957,0.514056,0.056535,0.346592,0.413043,0.663211,0.026616,0.011307
13,135,0.369565,0.473896,0.355403,0.369867,0.630435,0.620793,0.045627,0.071081
13,136,0.543478,0.506024,0.499442,0.616757,0.456522,0.373923,0.034221,0.099888
13,137,0.826087,0.558233,0.260835,0.719010,0.173913,0.291693,0.026616,0.052167
13,138,0.652174,0.526104,0.000000,0.554123,0.347826,0.467615,0.034221,0.000000
13,139,0.217391,0.445783,0.182086,0.413487,0.782609,0.590514,0.041825,0.036417
13,140,0.347826,0.469880,0.205994,0.396663,0.652174,0.605074,0.030418,0.041199
13,141,0.413043,0.481928,0.424515,0.342435,0.586957,0.642511,0.030418,0.084903
13,142,0.391304,0.477912,0.325961,0.377843,0.608696,0.615105,0.030418,0.065192
13,143,0.543478,0.506024,0.185734,0.528079,0.456522,0.480173,0.030418,0.037147
13,144,0.586957,0.514056,0.345463,0.319081,0.413043,0.670254,0.026616,0.069093
13,145,0.260870,0.453815,0.000000,0.248886,0.739130,0.760878,0.057034,0.000000
13,146,0.217391,0.445783,0.440928,0.351284,0.782609,0.632908,0.049430,0.088186
13,147,0.608696,0.518072,0.145351,0.480048,0.391304,0.529029,0.026616,0.029070
13,148,0.326087,0.465863,0.150518,0.365151,0.673913,0.639073,0.041825,0.030104
13,149,0.347826,0.469880,0.354532,0.248120,0.652174,0.737822,0.026616,0.070906
13,150,0.543478,0.506024,0.000000,0.240323,0.456522,0.769105,0.022814,0.000000
13,151,0.760870,0.546185,0.526654,0.729166,0.239130,0.264097,0.022814,0.105331
13,152,0.391304,0.477912,0.000000,0.373066,0.608696,0.641569,0.034221,0.000000
13,153,0.565217,0.510040,0.279795,0.619225,0.434783,0.386290,0.030418,0.055959
13,154,0.391304,0.477912,0.520809,0.430577,0.608696,0.551365,0.045627,0.104162
13,155,0.500000,0.497992,0.130704,0.557104,0.500000,0.455979,0.030418,0.026141
13,156,0.673913,0.530120,0.529324,0.446518,0.326087,0.535478,0.026616,0.105865
13,157,0.260870,0.453815,0.184127,0.226050,0.739130,0.770462,0.045627,0.036825
13,158,0.739130,0.542169,0.218703,0.781891,0.260870,0.234105,0.030418,0.043741
13,159,0.695652,0.534137,0.213662,0.656807,0.304348,0.354621,0.026616,0.042732
13,160,0.239130,0.449799,0.000000,0.537389,0.760870,0.483692,0.053232,0.000000
13,161,0.369565,0.473896,0.000000,0.384775,0.630435,0.630320,0.038023,0.000000
13,162,0.391304,0.477912,0.407588,0.363077,0.608696,0.623814,0.030418,0.081518
13,163,0.391304,0.477912,0.016868,0.140737,0.608696,0.863652,0.030418,0.003374
13,164,0.652174,0.526104,0.524492,0.841340,0.347826,0.156468,0.030418,0.104898
13,165,0.434783,0.485944,0.033147,0.284271,0.565217,0.724656,0.022814,0.007293
13,166,0.543478,0.506024,0.442208,0.448896,0.456522,0.539039,0.026616,0.088442
13,167,0.326087,0.465863,0.000000,0.499296,0.673913,0.520291,0.026616,0.000000
13,168,0.456522,0.489960,0.069898,0.385827,0.543478,0.624618,0.030418,0.013980
13,169,0.565217,0.510040,0.000000,0.537184,0.434783,0.483890,0.022814,0.000000
13,170,0.434783,0.485944,0.021012,0.420130,0.565217,0.594941,0.038023,0.004202
13,171,0.826087,0.558233,0.437500,0.659787,0.173913,0.336737,0.030418,0.087500
13,172,0.826087,0.558233,0.466109,0.505162,0.173913,0.483376,0.022814,0.093222
13,173,0.478261,0.493976,0.166355,0.520537,0.521739,0.488719,0.038023,0.033271
13,174,0.456522,0.489960,0.072553,0.404159,0.543478,0.606827,0.026616,0.014511
13,175,0.478261,0.493976,0.380516,0.424798,0.521739,0.566331,0.030418,0.076103
13,176,0.521739,0.502008,0.000000,0.435225,0.478261,0.581848,0.022814,0.000000
13,177,0.521739,0.502008,0.357812,0.447898,0.478261,0.545662,0.030418,0.071562
13,178,0.695652,0.534137,0.497196,0.654898,0.304348,0.337428,0.030418,0.099439
13,179,0.739130,0.542169,0.337247,0.781924,0.260870,0.226119,0.030418,0.067449
13,180,0.369565,0.473896,0.000000,0.356280,0.630435,0.657696,0.030418,0.000000
13,181,0.391304,0.477912,0.228082,0.360628,0.608696,0.638213,0.038023,0.045616
13,182,0.326087,0.465863,0.247119,0.387918,0.673913,0.610717,0.045627,0.049424
13,183,0.652174,0.526104,0.067663,0.345250,0.347826,0.663753,0.022814,0.013533
13,184,0.500000,0.497992,0.156990,0.336546,0.500000,0.666121,0.026616,0.031398
13,185,0.521739,0.502008,0.000000,0.521312,0.478261,0.499139,0.030418,0.000000
13,186,0.434783,0.485944,0.227551,0.346514,0.565217,0.651809,0.026616,0.045510
13,187,0.586957,0.514056,0.124647,0.621580,0.413043,0.394439,0.026616,0.024929
13,188,0.913043,0.574297,0.355951,0.631920,0.086957,0.368983,0.022814,0.071190
13,189,0.673913,0.530120,0.381445,0.582527,0.326087,0.414728,0.022814,0.076289
13,190,0.673913,0.530120,0.000000,0.492883,0.326087,0.526452,0.022814,0.000000
13,191,0.543478,0.506024,0.425950,0.730818,0.456522,0.269268,0.030418,0.085190
13,192,0.695652,0.534137,0.710702,0.576391,0.304348,0.398527,0.026616,0.142140
13,193,0.543478,0.506024,0.000000,0.644084,0.456522,0.381183,0.034221,0.000000
13,194,0.478261,0.493976,0.435498,0.368896,0.521739,0.616351,0.030418,0.095824
13,195,0.760870,0.546185,0.030866,0.834105,0.239130,0.196545,0.030418,0.006173
13,196,0.543478,0.506024,0.359379,0.286317,0.456522,0.700798,0.030418,0.071876
13,197,0.739130,0.542169,0.604103,0.930292,0.260870,0.065663,0.022814,0.120821
13,198,0.826087,0.558233,0.279618,0.799571,0.173913,0.213031,0.026616,0.055924
13,199,0.934783,0.578313,0.379997,0.870215,0.065217,0.138422,0.022814,0.075999
13,200,0.456522,0.489960,0.001389,0.320940,0.543478,0.691556,0.030418,0.000278
13,201,0.326087,0.465863,0.144498,0.414631,0.673913,0.591937,0.038023,0.028900
13,202,0.521739,0.502008,0.229016,0.548484,0.478261,0.457664,0.030418,0.045803
13,203,0.478261,0.493976,0.281119,0.451675,0.521739,0.547179,0.026616,0.056224
13,204,0.717391,0.538153,0.000000,0.534038,0.282609,0.486912,0.022814,0.000000
13,205,0.500000,0.497992,0.244537,0.428132,0.500000,0.572254,0.026616,0.048907
13,206,0.434783,0.485944,0.808569,0.491682,0.565217,0.473346,0.026616,0.177912
13,207,0.760870,0.546185,0.203531,0.656628,0.239130,0.355472,0.026616,0.040706
13,208,0.456522,0.489960,0.287587,0.490291,0.543478,0.509644,0.026616,0.057517
13,209,0.565217,0.510040,0.000000,0.407508,0.434783,0.608479,0.026616,0.000000
13,210,0.565217,0.510040,0.112602,0.584842,0.434783,0.430544,0.026616,0.022520
13,211,0.608696,0.518072,0.248386,0.564343,0.391304,0.441127,0.030418,0.049677
13,212,0.739130,0.542169,0.380499,0.624685,0.260870,0.374287,0.022814,0.076100
13,213,0.760870,0.546185,0.218163,0.896055,0.239130,0.124456,0.026616,0.043633
13,214,0.282609,0.457831,0.000000,0.029047,0.717391,0.972092,0.045627,0.000000
13,215,0.652174,0.526104,0.584388,0.664893,0.347826,0.321974,0.026616,0.116878
13,216,0.652174,0.526104,0.328002,0.665939,0.347826,0.338174,0.030418,0.065600
13,217,0.413043,0.481928,0.329797,0.264496,0.586957,0.723748,0.030418,0.065959
13,218,0.630435,0.522088,0.311886,0.604137,0.369565,0.398633,0.026616,0.062377
13,219,0.608696,0.518072,0.000000,0.524506,0.391304,0.496069,0.022814,0.000000
13,220,0.434783,0.485944,0.000000,0.326509,0.565217,0.686300,0.038023,0.000000
13,221,0.521739,0.502008,0.625416,0.558349,0.478261,0.421586,0.022814,0.125083
13,222,0.608696,0.518072,0.867755,0.798900,0.391304,0.174208,0.026616,0.173551
13,223,0.630435,0.522088,0.459067,0.692398,0.369565,0.303958,0.026616,0.091813
13,224,0.717391,0.538153,0.000000,0.615223,0.282609,0.408911,0.026616,0.000000
13,225,0.282609,0.457831,0.000000,0.301069,0.717391,0.710742,0.038023,0.000000
13,226,0.304348,0.461847,0.094435,0.208819,0.695652,0.793036,0.041825,0.018887
13,227,0.565217,0.510040,0.215076,0.533696,0.434783,0.472807,0.030418,0.043015
13,228,0.586957,0.514056,0.226260,0.265806,0.413043,0.729438,0.026616,0.045252
13,229,0.804348,0.554217,0.190313,0.813941,0.195652,0.205218,0.026616,0.038063
13,230,0.369565,0.473896,0.476643,0.401036,0.630435,0.582710,0.026616,0.095329
13,231,0.413043,0.481928,0.133872,0.519678,0.586957,0.491725,0.034221,0.026774
13,232,0.695652,0.534137,0.218748,0.759573,0.304348,0.255545,0.034221,0.043750
13,233,0.326087,0.465863,0.250804,0.502220,0.673913,0.500651,0.030418,0.050161
13,234,0.478261,0.493976,0.230832,0.354160,0.521739,0.644243,0.022814,0.046166
13,235,0.565217,0.510040,0.159602,0.443692,0.434783,0.563004,0.022814,0.031920
13,236,0.173913,0.437751,0.000000,0.137837,0.826087,0.867570,0.064639,0.000000
13,237,0.804348,0.554217,0.599302,0.643746,0.195652,0.341291,0.026616,0.119860
13,238,0.478261,0.493976,0.220264,0.381098,0.521739,0.619071,0.030418,0.044053
13,239,0.413043,0.481928,0.386183,0.552074,0.586957,0.443668,0.030418,0.084973
13,240,0.304348,0.461847,0.198312,0.262556,0.695652,0.734436,0.038023,0.039662
13,241,0.456522,0.489960,0.000000,0.420995,0.543478,0.595520,0.034221,0.000000
13,242,0.673913,0.530120,0.648771,0.541809,0.326087,0.435909,0.022814,0.129754
13,243,0.347826,0.469880,0.270801,0.617422,0.652174,0.388626,0.034221,0.054160
13,244,0.695652,0.534137,0.000000,0.561948,0.304348,0.460097,0.030418,0.000000
13,245,0.369565,0.473896,0.243373,0.522608,0.630435,0.481562,0.034221,0.048675
13,246,0.478261,0.493976,0.377645,0.628798,0.521739,0.370527,0.030418,0.075529
13,247,0.652174,0.526104,0.131696,0.535392,0.347826,0.476773,0.030418,0.026339
13,248,0.434783,0.485944,0.521033,0.558033,0.565217,0.428893,0.026616,0.104207
13,249,0.369565,0.473896,0.516280,0.460501,0.630435,0.522919,0.030418,0.103256
14,0,0.565217,0.510040,0.150946,0.332224,0.434783,0.665885,0.026515,0.030189
14,1,0.760870,0.546185,0.000000,0.379781,0.239130,0.628695,0.026515,0.000000
14,2,0.804348,0.554217,0.278763,0.602133,0.195652,0.394119,0.026515,0.055753
14,3,0.478261,0.493976,0.032122,0.145850,0.521739,0.855425,0.022727,0.006424
14,4,0.739130,0.542169,0.126706,0.411375,0.260870,0.589994,0.022727,0.025341
14,5,0.326087,0.465863,0.000000,0.300791,0.673913,0.705923,0.030303,0.000000
14,6,0.586957,0.514056,0.279841,0.396797,0.413043,0.594807,0.030303,0.055968
14,7,0.521739,0.502008,0.294313,0.404850,0.478261,0.586041,0.030303,0.058863
14,8,0.282609,0.457831,0.000000,0.058830,0.717391,0.942483,0.041667,0.000000
14,9,0.456522,0.489960,0.043129,0.131218,0.543478,0.869052,0.034091,0.008626
14,10,0.500000,0.497992,0.149468,0.272586,0.500000,0.724283,0.026515,0.029894
14,11,0.391304,0.477912,0.588909,0.345115,0.608696,0.626280,0.041667,0.117782
14,12,0.739130,0.542169,0.051558,0.331836,0.260870,0.672391,0.022727,0.010312
14,13,0.630435,0.522088,0.233412,0.350435,0.369565,0.642996,0.026515,0.046682
14,14,0.521739,0.502008,0.237654,0.203970,0.478261,0.785931,0.034091,0.047531
14,15,0.956522,0.582329,0.362018,1.000000,0.043478,0.000000,0.022727,0.072404
14,16,0.413043,0.481928,0.025350,0.254379,0.586957,0.749736,0.026515,0.005070
14,17,0.565217,0.510040,0.353420,0.381919,0.434783,0.604815,0.026515,0.070684
14,18,0.608696,0.518072,0.814131,0.678997,0.391304,0.285965,0.022727,0.162826
14,19,0.565217,0.510040,0.644809,0.415104,0.434783,0.554406,0.026515,0.128962
14,20,0.608696,0.518072,0.095736,0.406981,0.391304,0.596200,0.026515,0.019147
14,21,0.282609,0.457831,0.039150,0.176138,0.717391,0.825380,0.041667,0.007830
14,22,0.608696,0.518072,0.533319,0.500841,0.391304,0.477457,0.026515,0.106664
14,23,0.478261,0.493976,0.141617,0.415452,0.521739,0.585089,0.034091,0.028323
14,24,0.434783,0.485944,0.353520,0.320573,0.565217,0.664786,0.041667,0.070704
14,25,0.456522,0.489960,0.000000,0.247084,0.543478,0.758431,0.022727,0.000000
14,26,0.173913,0.437751,0.368254,0.295908,0.826087,0.687993,0.053030,0.073651
14,27,0.608696,0.518072,0.000000,0.294515,0.391304,0.712058,0.026515,0.000000
14,28,0.565217,0.510040,0.000000,0.330406,0.434783,0.676968,0.026515,0.000000
14,29,0.326087,0.465863,0.024727,0.250021,0.673913,0.754035,0.030303,0.004945
14,30,0.543478,0.506024,0.000000,0.347890,0.456522,0.659875,0.037879,0.000000
14,31,0.413043,0.481928,0.165366,0.381849,0.586957,0.616479,0.022727,0.033073
14,32,0.521739,0.502008,0.583254,0.391912,0.478261,0.580876,0.022727,0.116651
14,33,0.478261,0.493976,0.194876,0.250278,0.521739,0.743294,0.037879,0.038975
14,34,0.456522,0.489960,0.460726,0.201736,0.543478,0.774362,0.022727,0.092145
14,35,0.500000,0.497992,0.076998,0.333999,0.500000,0.668709,0.034091,0.015400
14,36,0.652174,0.526104,0.341692,0.660816,0.347826,0.332867,0.026515,0.068338
14,37,0.369565,0.473896,0.553780,0.171473,0.630435,0.798213,0.026515,0.123477
14,38,0.521739,0.502008,0.347198,0.349666,0.478261,0.636733,0.030303,0.069440
14,39,0.695652,0.534137,0.355754,0.418428,0.304348,0.568978,0.022727,0.071151
14,40,0.586957,0.514056,0.000000,0.379286,0.413043,0.629180,0.026515,0.000000
14,41,0.543478,0.506024,0.050017,0.490614,0.456522,0.517252,0.026515,0.010003
14,42,0.500000,0.497992,0.000000,0.353176,0.500000,0.654707,0.026515,0.000000
14,43,0.782609,0.550201,0.690514,0.739983,0.217391,0.233961,0.022727,0.138103
14,44,0.434783,0.485944,0.000000,0.173826,0.565217,0.830054,0.034091,0.000000
14,45,0.652174,0.526104,0.000000,0.199417,0.347826,0.805034,0.022727,0.000000
14,46,0.586957,0.514056,0.510437,0.373785,0.413043,0.603088,0.026515,0.102087
14,47,0.630435,0.522088,0.887269,0.611352,0.369565,0.347591,0.026515,0.197836
14,48,0.673913,0.530120,0.260758,0.443951,0.326087,0.549881,0.026515,0.052152
14,49,0.500000,0.497992,0.218350,0.478670,0.500000,0.518552,0.026515,0.043670
14,50,0.630435,0.522088,0.611728,0.596494,0.369565,0.379105,0.022727,0.122346
14,51,0.391304,0.477912,0.000000,0.137596,0.608696,0.865475,0.037879,0.000000
14,52,0.760870,0.546185,0.535382,0.584566,0.239130,0.395474,0.026515,0.107076
14,53,0.326087,0.465863,0.396371,0.270922,0.673913,0.710688,0.037879,0.079274
14,54,0.304348,0.461847,0.000000,0.114212,0.695652,0.888337,0.034091,0.000000
14,55,0.543478,0.506024,0.440260,0.467448,0.456522,0.515841,0.030303,0.088052
14,56,0.565217,0.510040,0.274412,0.297746,0.434783,0.691981,0.026515,0.054882
14,57,0.500000,0.497992,0.397850,0.590122,0.500000,0.398520,0.030303,0.079570
14,58,0.456522,0.489960,0.193504,0.503486,0.543478,0.495821,0.034091,0.038701
14,59,0.304348,0.461847,0.475460,0.270202,0.695652,0.706515,0.034091,0.095092
14,60,0.304348,0.461847,0.458405,0.197424,0.695652,0.778721,0.064394,0.091681
14,61,0.891304,0.570281,0.072242,0.683334,0.108696,0.327463,0.022727,0.014448
14,62,0.456522,0.489960,0.161886,0.081528,0.543478,0.910311,0.022727,0.032377
14,63,0.195652,0.441767,0.000000,0.080896,0.804348,0.920909,0.060606,0.000000
14,64,0.260870,0.453815,0.616213,0.318800,0.739130,0.650325,0.037879,0.137398
14,65,0.304348,0.461847,0.000000,0.215624,0.695652,0.789189,0.034091,0.000000
14,66,0.543478,0.506024,0.416928,0.421504,0.456522,0.562198,0.026515,0.083386
14,67,0.543478,0.506024,0.000000,0.364286,0.456522,0.643844,0.026515,0.000000
14,68,0.586957,0.514056,0.483113,0.341464,0.413043,0.636372,0.022727,0.096623
14,69,0.521739,0.502008,0.000000,0.126687,0.478261,0.876141,0.026515,0.000000
14,70,0.608696,0.518072,0.000000,0.497165,0.391304,0.513932,0.022727,0.000000
14,71,0.521739,0.502008,0.281029,0.300573,0.478261,0.688809,0.026515,0.056206
14,72,0.434783,0.485944,0.175143,0.351799,0.565217,0.645255,0.037879,0.035029
14,73,0.586957,0.514056,0.310188,0.319126,0.413043,0.668873,0.034091,0.062038
14,74,0.630435,0.522088,0.077731,0.181444,0.369565,0.817814,0.026515,0.015546
14,75,0.913043,0.574297,0.391084,0.689700,0.086957,0.301583,0.022727,0.078217
14,76,0.565217,0.510040,0.070382,0.323021,0.434783,0.679849,0.034091,0.014076
14,77,0.847826,0.562249,0.386926,0.702139,0.152174,0.289678,0.026515,0.077385
14,78,0.652174,0.526104,0.100520,0.341193,0.347826,0.660225,0.026515,0.020104
14,79,0.586957,0.514056,0.525811,0.543687,0.413043,0.436030,0.026515,0.105162
14,80,0.347826,0.469880,0.289323,0.143790,0.652174,0.841582,0.041667,0.064511
14,81,0.652174,0.526104,0.000000,0.446116,0.347826,0.563841,0.026515,0.000000
14,82,0.434783,0.485944,0.000000,0.306887,0.565217,0.699962,0.030303,0.000000
14,83,0.695652,0.534137,0.523485,0.577077,0.304348,0.403528,0.022727,0.104697
14,84,0.369565,0.473896,0.136233,0.119467,0.630435,0.874800,0.026515,0.027247
14,85,0.934783,0.578313,0.840311,0.838072,0.065217,0.128826,0.022727,0.168062
14,86,0.239130,0.449799,0.000000,0.225810,0.760870,0.779230,0.049242,0.000000
14,87,0.673913,0.530120,0.000000,0.520826,0.326087,0.490798,0.034091,0.000000
14,88,0.608696,0.518072,0.241572,0.487154,0.391304,0.508826,0.026515,0.048314
14,89,0.195652,0.441767,0.000000,0.131600,0.804348,0.871338,0.075758,0.000000
14,90,0.239130,0.449799,0.000000,0.160103,0.760870,0.843471,0.041667,0.000000
14,91,0.456522,0.489960,0.213789,0.436531,0.543478,0.560031,0.022727,0.042758
14,92,0.543478,0.506024,0.561006,0.624097,0.456522,0.355245,0.030303,0.112201
14,93,0.695652,0.534137,0.082761,0.555444,0.304348,0.451851,0.022727,0.016552
14,94,0.478261,0.493976,0.000000,0.301026,0.521739,0.705693,0.034091,0.000000
14,95,0.586957,0.514056,0.205845,0.195882,0.413043,0.795799,0.030303,0.041169
14,96,0.543478,0.506024,0.447066,0.629642,0.456522,0.356849,0.026515,0.089413
14,97,0.500000,0.497992,0.550625,0.605100,0.500000,0.374458,0.022727,0.110125
14,98,0.543478,0.506024,0.188044,0.457854,0.456522,0.540772,0.026515,0.037609
14,99,0.652174,0.526104,0.528902,0.518874,0.347826,0.460099,0.022727,0.105780
14,100,0.543478,0.506024,0.648631,0.647357,0.456522,0.327102,0.026515,0.129726
14,101,0.586957,0.514056,0.359897,0.345675,0.413043,0.639852,0.026515,0.071979
14,102,0.413043,0.481928,0.204381,0.429933,0.586957,0.567062,0.034091,0.040876
14,103,0.913043,0.574297,0.000000,0.782250,0.086957,0.235209,0.022727,0.000000
14,104,0.413043,0.481928,0.166173,0.240349,0.586957,0.754770,0.030303,0.033235
14,105,0.173913,0.437751,0.119942,0.236839,0.826087,0.761052,0.053030,0.023988
14,106,0.586957,0.514056,0.000000,0.363046,0.413043,0.645057,0.034091,0.000000
14,107,0.347826,0.469880,0.639215,0.451496,0.652174,0.519172,0.045455,0.127843
14,108,0.434783,0.485944,0.000000,0.264276,0.565217,0.741623,0.026515,0.000000
14,109,0.347826,0.469880,0.000000,0.142561,0.652174,0.860621,0.049242,0.000000
14,110,0.869565,0.566265,0.557739,0.425678,0.130435,0.549436,0.026515,0.111548
14,111,0.521739,0.502008,0.000000,0.381433,0.478261,0.627080,0.026515,0.000000
14,112,0.565217,0.510040,0.204595,0.470323,0.434783,0.527560,0.030303,0.040919
14,113,0.608696,0.518072,0.442645,0.447737,0.391304,0.534966,0.026515,0.088529
14,114,0.608696,0.518072,0.116493,0.491651,0.391304,0.512140,0.026515,0.023299
14,115,0.369565,0.473896,0.012196,0.218026,0.630435,0.786088,0.034091,0.002439
14,116,0.478261,0.493976,0.481808,0.481415,0.521739,0.499625,0.026515,0.096362
14,117,1.000000,0.590361,0.017224,0.693705,0.000000,0.320717,0.026515,0.003445
14,118,0.434783,0.485944,0.181783,0.411569,0.565217,0.586409,0.026515,0.036357
14,119,0.282609,0.457831,0.158621,0.287090,0.717391,0.709538,0.037879,0.031724
14,120,0.347826,0.469880,0.421995,0.384712,0.652174,0.597858,0.026515,0.084399
14,121,0.804348,0.554217,0.669441,0.794305,0.195652,0.182151,0.022727,0.133888
14,122,0.586957,0.514056,0.761219,0.447334,0.413043,0.515719,0.022727,0.152244
14,123,0.413043,0.481928,0.000000,0.112958,0.586957,0.889563,0.034091,0.000000
14,124,0.760870,0.546185,0.385342,0.555114,0.239130,0.433518,0.026515,0.085920
14,125,0.478261,0.493976,0.402202,0.131511,0.521739,0.846627,0.026515,0.080440
14,126,0.695652,0.534137,0.204906,0.405723,0.304348,0.590699,0.030303,0.040981
14,127,0.608696,0.518072,0.000000,0.576150,0.391304,0.436709,0.026515,0.000000
14,128,0.456522,0.489960,0.158517,0.427126,0.543478,0.572634,0.026515,0.031703
14,129,0.543478,0.506024,0.302226,0.425990,0.456522,0.564885,0.026515,0.060445
14,130,0.478261,0.493976,0.537026,0.443534,0.521739,0.533256,0.022727,0.107405
14,131,0.500000,0.497992,0.513751,0.429309,0.500000,0.548599,0.034091,0.102750
14,132,0.695652,0.534137,0.135268,0.565031,0.304348,0.439241,0.030303,0.027054
14,133,0.000000,0.405622,0.000000,0.000000,1.000000,1.000000,0.064394,0.000000
14,134,0.586957,0.514056,0.063908,0.276567,0.413043,0.725666,0.026515,0.012782
14,135,0.369565,0.473896,0.180247,0.317200,0.630435,0.678767,0.045455,0.036049
14,136,0.543478,0.506024,0.442589,0.480950,0.456522,0.502498,0.034091,0.088518
14,137,0.826087,0.558233,0.428273,0.629579,0.173913,0.358069,0.026515,0.085655
14,138,0.652174,0.526104,0.233082,0.560871,0.347826,0.437277,0.034091,0.046616
14,139,0.217391,0.445783,0.000000,0.215858,0.782609,0.788960,0.041667,0.000000
14,140,0.347826,0.469880,0.622290,0.306612,0.652174,0.661866,0.030303,0.138753
14,141,0.413043,0.481928,0.482398,0.259724,0.586957,0.716332,0.030303,0.096480
14,142,0.391304,0.477912,0.429345,0.252219,0.608696,0.726940,0.030303,0.085869
14,143,0.543478,0.506024,0.063300,0.381343,0.456522,0.623265,0.030303,0.012660
14,144,0.586957,0.514056,0.471374,0.288947,0.413043,0.688440,0.026515,0.094275
14,145,0.260870,0.453815,0.131049,0.056791,0.739130,0.936397,0.056818,0.026210
14,146,0.217391,0.445783,0.257211,0.289713,0.782609,0.700895,0.049242,0.051442
14,147,0.608696,0.518072,0.242436,0.354137,0.391304,0.638820,0.026515,0.048487
14,148,0.326087,0.465863,0.186504,0.229727,0.673913,0.763902,0.041667,0.037301
14,149,0.347826,0.469880,0.408130,0.313194,0.652174,0.668634,0.026515,0.081626
14,150,0.543478,0.506024,0.361935,0.274578,0.456522,0.709236,0.022727,0.072387
14,151,0.760870,0.546185,0.518813,0.601161,0.239130,0.380271,0.022727,0.103763
14,152,0.391304,0.477912,0.213596,0.273510,0.608696,0.719426,0.034091,0.042719
14,153,0.565217,0.510040,0.256071,0.481516,0.434783,0.513443,0.030303,0.051214
14,154,0.391304,0.477912,0.529162,0.262159,0.608696,0.711068,0.045455,0.105832
14,155,0.500000,0.497992,0.258177,0.430692,0.500000,0.563003,0.030303,0.051635
14,156,0.673913,0.530120,0.135878,0.318011,0.326087,0.680709,0.026515,0.027176
14,157,0.260870,0.453815,0.000000,0.144827,0.739130,0.858405,0.045455,0.000000
14,158,0.739130,0.542169,0.000000,0.660456,0.260870,0.354285,0.030303,0.000000
14,159,0.695652,0.534137,0.366643,0.536414,0.304348,0.452954,0.026515,0.073329
14,160,0.239130,0.449799,0.000000,0.389983,0.760870,0.618721,0.053030,0.000000
14,161,0.369565,0.473896,0.000000,0.407621,0.630435,0.601477,0.037879,0.000000
14,162,0.391304,0.477912,0.485383,0.229813,0.608696,0.745391,0.030303,0.097077
14,163,0.391304,0.477912,0.000000,0.172211,0.608696,0.831633,0.030303,0.000000
14,164,0.652174,0.526104,0.038545,0.644777,0.347826,0.367238,0.030303,0.007709
14,165,0.434783,0.485944,0.000000,0.288955,0.565217,0.717494,0.026515,0.000000
14,166,0.543478,0.506024,0.296654,0.358470,0.456522,0.631241,0.026515,0.059331
14,167,0.326087,0.465863,0.000000,0.410213,0.673913,0.598943,0.026515,0.000000
14,168,0.456522,0.489960,0.229181,0.430960,0.543478,0.564529,0.030303,0.045836
14,169,0.565217,0.510040,0.103231,0.452984,0.434783,0.550762,0.022727,0.020646
14,170,0.434783,0.485944,0.152584,0.471674,0.565217,0.529446,0.037879,0.030517
14,171,0.826087,0.558233,0.452506,0.594327,0.173913,0.391040,0.030303,0.090501
14,172,0.826087,0.558233,0.465686,0.439299,0.173913,0.541795,0.022727,0.093137
14,173,0.478261,0.493976,0.160473,0.493830,0.521739,0.507299,0.037879,0.032095
14,174,0.456522,0.489960,0.274670,0.357742,0.543478,0.633308,0.026515,0.054934
14,175,0.478261,0.493976,0.360267,0.357696,0.521739,0.628076,0.030303,0.080329
14,176,0.521739,0.502008,0.000000,0.331766,0.478261,0.675639,0.022727,0.000000
14,177,0.521739,0.502008,0.347024,0.257259,0.478261,0.727088,0.030303,0.077377
14,178,0.695652,0.534137,0.255459,0.392028,0.304348,0.600972,0.030303,0.051092
14,179,0.739130,0.542169,0.302373,0.615512,0.260870,0.379584,0.030303,0.060475
14,180,0.369565,0.473896,0.000000,0.233981,0.630435,0.771241,0.030303,0.000000
14,181,0.391304,0.477912,0.246899,0.338453,0.608696,0.653879,0.037879,0.049380
14,182,0.326087,0.465863,0.211351,0.259942,0.673913,0.732829,0.045455,0.042270
14,183,0.652174,0.526104,0.134867,0.278933,0.347826,0.718977,0.022727,0.026973
14,184,0.500000,0.497992,0.250579,0.330368,0.500000,0.661557,0.026515,0.050116
14,185,0.521739,0.502008,0.110712,0.292574,0.478261,0.707131,0.030303,0.022142
14,186,0.434783,0.485944,0.163423,0.378436,0.565217,0.619935,0.026515,0.032685
14,187,0.586957,0.514056,0.177555,0.507684,0.413043,0.492701,0.026515,0.035511
14,188,0.913043,0.574297,0.282131,0.485019,0.086957,0.508412,0.022727,0.056426
14,189,0.673913,0.530120,0.393888,0.563881,0.326087,0.424420,0.022727,0.078778
14,190,0.673913,0.530120,0.358853,0.398312,0.326087,0.588454,0.022727,0.071771
14,191,0.543478,0.506024,0.503347,0.522680,0.456522,0.457953,0.030303,0.100669
14,192,0.695652,0.534137,0.243755,0.407524,0.304348,0.586543,0.026515,0.048751
14,193,0.543478,0.506024,0.078912,0.558211,0.456522,0.449383,0.034091,0.015782
14,194,0.478261,0.493976,0.294959,0.411363,0.521739,0.579633,0.034091,0.058992
14,195,0.760870,0.546185,0.189988,0.646787,0.239130,0.355936,0.030303,0.037998
14,196,0.543478,0.506024,0.423366,0.242829,0.456522,0.736489,0.030303,0.094399
14,197,0.739130,0.542169,0.434433,0.781533,0.260870,0.209126,0.022727,0.086887
14,198,0.826087,0.558233,0.667884,0.532355,0.173913,0.438350,0.026515,0.133577
14,199,0.934783,0.578313,0.420468,0.647627,0.065217,0.340905,0.022727,0.084094
14,200,0.456522,0.489960,0.081266,0.274744,0.543478,0.726378,0.030303,0.016253
14,201,0.326087,0.465863,0.000000,0.432581,0.673913,0.577074,0.037879,0.000000
14,202,0.521739,0.502008,0.261196,0.525092,0.478261,0.470524,0.030303,0.052239
14,203,0.478261,0.493976,0.219644,0.266369,0.521739,0.726035,0.026515,0.043929
14,204,0.717391,0.538153,0.000000,0.422581,0.282609,0.586851,0.022727,0.000000
14,205,0.500000,0.497992,0.277230,0.404541,0.500000,0.587396,0.026515,0.055446
14,206,0.434783,0.485944,0.101875,0.327373,0.565217,0.673653,0.030303,0.020375
14,207,0.760870,0.546185,0.164259,0.625167,0.239130,0.378660,0.026515,0.032852
14,208,0.456522,0.489960,0.099945,0.261308,0.543478,0.738362,0.026515,0.019989
14,209,0.565217,0.510040,0.000000,0.287325,0.434783,0.719088,0.026515,0.000000
14,210,0.565217,0.510040,0.000000,0.507487,0.434783,0.503839,0.026515,0.000000
14,211,0.608696,0.518072,0.000000,0.328492,0.391304,0.678839,0.030303,0.000000
14,212,0.739130,0.542169,0.362032,0.502299,0.260870,0.486591,0.022727,0.072406
14,213,0.760870,0.546185,0.000000,0.625882,0.239130,0.388088,0.026515,0.000000
14,214,0.282609,0.457831,0.000000,0.036305,0.717391,0.964505,0.045455,0.000000
14,215,0.652174,0.526104,0.502340,0.491098,0.347826,0.488893,0.026515,0.100468
14,216,0.652174,0.526104,0.329656,0.396884,0.347826,0.591650,0.030303,0.065931
14,217,0.413043,0.481928,0.375160,0.342521,0.586957,0.641994,0.030303,0.075032
14,218,0.630435,0.522088,0.455777,0.474636,0.369565,0.507857,0.026515,0.091155
14,219,0.608696,0.518072,0.177492,0.440367,0.391304,0.558519,0.022727,0.035498
14,220,0.434783,0.485944,0.000000,0.260206,0.565217,0.745601,0.037879,0.000000
14,221,0.521739,0.502008,0.683658,0.458090,0.478261,0.509985,0.022727,0.136732
14,222,0.608696,0.518072,0.791618,0.528325,0.391304,0.434661,0.026515,0.158324
14,223,0.630435,0.522088,0.174689,0.520190,0.369565,0.480651,0.026515,0.034938
14,224,0.717391,0.538153,0.635869,0.441266,0.282609,0.529379,0.026515,0.127174
14,225,0.282609,0.457831,0.000000,0.127236,0.717391,0.875604,0.037879,0.000000
14,226,0.304348,0.461847,0.000000,0.294843,0.695652,0.711738,0.041667,0.000000
14,227,0.565217,0.510040,0.000000,0.515782,0.434783,0.495730,0.030303,0.000000
14,228,0.586957,0.514056,0.334096,0.286162,0.413043,0.699627,0.026515,0.066819
14,229,0.804348,0.554217,0.449257,0.759452,0.195652,0.229800,0.026515,0.089851
14,230,0.369565,0.473896,1.000000,0.466779,0.630435,0.481986,0.026515,0.200000
14,231,0.413043,0.481928,0.238414,0.418604,0.586957,0.576041,0.034091,0.047683
14,232,0.695652,0.534137,0.130354,0.600134,0.304348,0.405224,0.034091,0.026071
14,233,0.326087,0.465863,0.282401,0.392501,0.673913,0.598848,0.030303,0.056480
14,234,0.478261,0.493976,0.197986,0.278551,0.521739,0.715459,0.022727,0.039597
14,235,0.565217,0.510040,0.326868,0.235674,0.434783,0.749434,0.022727,0.065374
14,236,0.173913,0.437751,0.000000,0.167501,0.826087,0.836238,0.064394,0.000000
14,237,0.804348,0.554217,0.575329,0.380685,0.195652,0.592341,0.026515,0.115066
14,238,0.478261,0.493976,0.090176,0.448591,0.521739,0.555862,0.030303,0.018035
14,239,0.413043,0.481928,0.428261,0.377698,0.586957,0.604328,0.034091,0.085652
14,240,0.304348,0.461847,0.315945,0.280974,0.695652,0.705819,0.037879,0.063189
14,241,0.456522,0.489960,0.000000,0.302990,0.543478,0.703773,0.034091,0.000000
14,242,0.673913,0.530120,0.557455,0.562475,0.326087,0.415710,0.022727,0.111491
14,243,0.347826,0.469880,0.298592,0.500833,0.652174,0.491937,0.034091,0.059718
14,244,0.695652,0.534137,0.000000,0.417428,0.304348,0.591888,0.030303,0.000000
14,245,0.369565,0.473896,0.486891,0.393597,0.630435,0.585170,0.034091,0.097378
14,246,0.478261,0.493976,0.397496,0.418318,0.521739,0.566512,0.030303,0.079499
14,247,0.652174,0.526104,0.053774,0.356025,0.347826,0.648606,0.030303,0.010755
14,248,0.434783,0.485944,0.384879,0.381166,0.565217,0.603612,0.026515,0.076976
14,249,0.369565,0.473896,0.386660,0.357117,0.630435,0.627015,0.030303,0.077332
15,0,0.565217,0.510040,0.384604,0.327238,0.434783,0.664621,0.026415,0.076921
15,1,0.760870,0.546185,0.000000,0.397338,0.239130,0.616578,0.026415,0.000000
15,2,0.804348,0.554217,0.798463,0.688123,0.195652,0.295282,0.026415,0.159693
15,3,0.478261,0.493976,0.072670,0.222311,0.521739,0.781772,0.022642,0.014534
15,4,0.739130,0.542169,0.000000,0.435087,0.260870,0.580151,0.022642,0.000000
15,5,0.326087,0.465863,0.000000,0.367179,0.673913,0.645681,0.030189,0.000000
15,6,0.586957,0.514056,0.388467,0.591049,0.413043,0.409853,0.030189,0.077693
15,7,0.521739,0.502008,0.202150,0.558997,0.478261,0.450278,0.030189,0.040430
15,8,0.282609,0.457831,0.000000,0.170268,0.717391,0.835695,0.041509,0.000000
15,9,0.456522,0.489960,0.000000,0.311645,0.543478,0.699270,0.033962,0.000000
15,10,0.500000,0.497992,0.101594,0.370199,0.500000,0.637588,0.026415,0.020319
15,11,0.391304,0.477912,0.672732,0.478564,0.608696,0.503910,0.041509,0.134546
15,12,0.739130,0.542169,0.173260,0.461479,0.260870,0.545853,0.022642,0.034652
15,13,0.630435,0.522088,0.056619,0.328828,0.369565,0.679803,0.026415,0.011324
15,14,0.521739,0.502008,0.221966,0.381969,0.478261,0.620096,0.033962,0.044393
15,15,0.956522,0.582329,0.687175,1.000000,0.043478,0.000000,0.022642,0.137435
15,16,0.413043,0.481928,0.000000,0.308822,0.586957,0.701994,0.026415,0.000000
15,17,0.565217,0.510040,0.162433,0.479970,0.434783,0.528562,0.026415,0.032487
15,18,0.608696,0.518072,0.732591,0.592961,0.391304,0.390468,0.022642,0.146518
15,19,0.565217,0.510040,0.680888,0.424112,0.434783,0.556039,0.026415,0.136178
15,20,0.608696,0.518072,0.156843,0.375824,0.391304,0.629344,0.026415,0.031369
15,21,0.282609,0.457831,0.000000,0.187860,0.717391,0.818719,0.041509,0.000000
15,22,0.608696,0.518072,0.278219,0.532963,0.391304,0.471523,0.026415,0.055644
15,23,0.478261,0.493976,0.483481,0.407382,0.521739,0.582244,0.033962,0.096696
15,24,0.434783,0.485944,0.457391,0.374373,0.565217,0.615427,0.041509,0.091478
15,25,0.456522,0.489960,0.000000,0.389939,0.543478,0.623718,0.022642,0.000000
15,26,0.173913,0.437751,0.252423,0.296864,0.826087,0.700668,0.052830,0.050485
15,27,0.608696,0.518072,0.000000,0.359274,0.391304,0.653309,0.026415,0.000000
15,28,0.565217,0.510040,0.000000,0.322557,0.434783,0.688740,0.026415,0.000000
15,29,0.326087,0.465863,0.220881,0.271514,0.673913,0.726738,0.030189,0.044176
15,30,0.543478,0.506024,0.000000,0.453162,0.456522,0.562709,0.037736,0.000000
15,31,0.413043,0.481928,0.396312,0.534675,0.586957,0.463852,0.022642,0.079262
15,32,0.521739,0.502008,0.284578,0.529424,0.478261,0.474614,0.022642,0.056916
15,33,0.478261,0.493976,0.159458,0.325533,0.521739,0.677741,0.037736,0.031892
15,34,0.456522,0.489960,0.142508,0.232470,0.543478,0.768408,0.022642,0.028502
15,35,0.500000,0.497992,0.098044,0.423163,0.500000,0.586660,0.033962,0.019609
15,36,0.652174,0.526104,0.249928,0.568723,0.347826,0.438458,0.026415,0.049986
15,37,0.369565,0.473896,0.151709,0.290403,0.630435,0.712036,0.030189,0.030342
15,38,0.521739,0.502008,0.415300,0.441084,0.478261,0.553197,0.030189,0.083060
15,39,0.695652,0.534137,0.236116,0.455027,0.304348,0.548876,0.022642,0.047223
15,40,0.586957,0.514056,0.000000,0.534096,0.413043,0.484609,0.026415,0.000000
15,41,0.543478,0.506024,0.286989,0.597337,0.456522,0.408957,0.026415,0.057398
15,42,0.500000,0.497992,0.000000,0.392327,0.500000,0.621413,0.026415,0.000000
15,43,0.782609,0.550201,0.675817,0.707611,0.217391,0.282728,0.022642,0.135163
15,44,0.434783,0.485944,0.274052,0.349121,0.565217,0.649139,0.033962,0.054810
15,45,0.652174,0.526104,0.087666,0.331113,0.347826,0.676015,0.022642,0.017533
15,46,0.586957,0.514056,0.466359,0.374608,0.413043,0.614743,0.026415,0.093272
15,47,0.630435,0.522088,0.604362,0.656795,0.369565,0.335405,0.030189,0.120872
15,48,0.673913,0.530120,0.393853,0.474588,0.326087,0.521960,0.026415,0.078771
15,49,0.500000,0.497992,0.658791,0.573136,0.500000,0.413361,0.026415,0.131758
15,50,0.630435,0.522088,0.445718,0.617539,0.369565,0.381372,0.022642,0.089144
15,51,0.391304,0.477912,0.000000,0.235962,0.608696,0.772302,0.037736,0.000000
15,52,0.760870,0.546185,0.369101,0.610205,0.239130,0.392355,0.026415,0.073820
15,53,0.326087,0.465863,0.449655,0.300339,0.673913,0.687262,0.037736,0.089931
15,54,0.304348,0.461847,0.033689,0.373457,0.695652,0.637906,0.033962,0.006738
15,55,0.543478,0.506024,0.272729,0.550094,0.456522,0.455272,0.030189,0.054546
15,56,0.565217,0.510040,0.160919,0.387192,0.434783,0.618167,0.026415,0.032184
15,57,0.500000,0.497992,0.583552,0.540240,0.500000,0.448939,0.030189,0.116710
15,58,0.456522,0.489960,0.197660,0.527374,0.543478,0.481022,0.033962,0.039532
15,59,0.304348,0.461847,0.475484,0.481563,0.695652,0.511069,0.033962,0.095097
15,60,0.304348,0.461847,0.259714,0.330980,0.695652,0.667375,0.064151,0.051943
15,61,0.891304,0.570281,0.301879,0.718051,0.108696,0.291711,0.022642,0.060376
15,62,0.456522,0.489960,0.089376,0.218023,0.543478,0.785058,0.022642,0.017875
15,63,0.195652,0.441767,0.105081,0.254806,0.804348,0.748763,0.060377,0.021016
15,64,0.260870,0.453815,0.278946,0.348436,0.739130,0.649550,0.041509,0.055789
15,65,0.304348,0.461847,0.000000,0.316410,0.695652,0.694671,0.033962,0.000000
15,66,0.543478,0.506024,0.177501,0.574495,0.456522,0.436579,0.026415,0.038650
15,67,0.543478,0.506024,0.000000,0.429522,0.456522,0.585521,0.026415,0.000000
15,68,0.586957,0.514056,0.654824,0.515564,0.413043,0.469119,0.022642,0.142583
15,69,0.521739,0.502008,0.000000,0.377025,0.478261,0.636179,0.026415,0.000000
15,70,0.608696,0.518072,0.285670,0.635895,0.391304,0.371816,0.022642,0.057134
15,71,0.521739,0.502008,0.071822,0.376113,0.478261,0.633400,0.026415,0.014364
15,72,0.434783,0.485944,0.283173,0.387295,0.565217,0.611836,0.037736,0.056635
15,73,0.586957,0.514056,0.524722,0.416691,0.413043,0.571159,0.033962,0.104944
15,74,0.630435,0.522088,0.109817,0.354344,0.369565,0.652469,0.026415,0.021963
15,75,0.913043,0.574297,0.129694,0.683505,0.086957,0.333823,0.022642,0.025939
15,76,0.565217,0.510040,0.258287,0.402654,0.434783,0.598284,0.033962,0.051657
15,77,0.847826,0.562249,0.667865,0.765324,0.152174,0.227441,0.026415,0.133573
15,78,0.652174,0.526104,0.000000,0.407942,0.347826,0.606345,0.026415,0.000000
15,79,0.586957,0.514056,0.632356,0.649041,0.413043,0.341461,0.026415,0.126471
15,80,0.347826,0.469880,0.084638,0.253803,0.652174,0.750773,0.045283,0.016928
15,81,0.652174,0.526104,0.180035,0.581249,0.347826,0.429933,0.026415,0.036007
15,82,0.434783,0.485944,0.000000,0.329471,0.565217,0.682068,0.030189,0.000000
15,83,0.695652,0.534137,0.314561,0.586853,0.304348,0.417668,0.022642,0.062912
15,84,0.369565,0.473896,0.082363,0.242941,0.630435,0.761369,0.026415,0.016473
15,85,0.934783,0.578313,1.000000,0.768599,0.065217,0.207353,0.022642,0.200000
15,86,0.239130,0.449799,0.000000,0.354988,0.760870,0.657445,0.049057,0.000000
15,87,0.673913,0.530120,0.000000,0.444796,0.326087,0.570782,0.033962,0.000000
15,88,0.608696,0.518072,0.525575,0.512746,0.391304,0.478426,0.026415,0.105115
15,89,0.195652,0.441767,0.000000,0.171339,0.804348,0.834662,0.075472,0.000000
15,90,0.239130,0.449799,0.037006,0.160477,0.760870,0.843257,0.041509,0.007401
15,91,0.456522,0.489960,0.363139,0.507629,0.543478,0.491642,0.022642,0.072628
15,92,0.543478,0.506024,0.467736,0.600149,0.456522,0.397031,0.030189,0.093547
15,93,0.695652,0.534137,0.295391,0.629941,0.304348,0.377066,0.022642,0.059078
15,94,0.478261,0.493976,0.000000,0.405044,0.521739,0.609142,0.033962,0.000000
15,95,0.586957,0.514056,0.058197,0.364752,0.413043,0.645056,0.030189,0.011639
15,96,0.543478,0.506024,0.479945,0.670718,0.456522,0.328311,0.026415,0.095989
15,97,0.500000,0.497992,0.739888,0.639519,0.500000,0.345170,0.022642,0.147978
15,98,0.543478,0.506024,0.452134,0.601817,0.456522,0.396216,0.026415,0.090427
15,99,0.652174,0.526104,0.159500,0.454677,0.347826,0.553118,0.022642,0.031900
15,100,0.543478,0.506024,0.233986,0.539084,0.456522,0.467871,0.026415,0.046797
15,101,0.586957,0.514056,0.228576,0.467683,0.413043,0.537047,0.026415,0.045715
15,102,0.413043,0.481928,0.030718,0.499564,0.586957,0.516367,0.033962,0.006144
15,103,0.913043,0.574297,0.080626,0.762651,0.086957,0.259950,0.022642,0.016125
15,104,0.413043,0.481928,0.035012,0.334721,0.586957,0.675217,0.030189,0.007002
15,105,0.173913,0.437751,0.412317,0.343622,0.826087,0.647398,0.052830,0.082463
15,106,0.586957,0.514056,0.000000,0.450735,0.413043,0.565051,0.033962,0.000000
15,107,0.347826,0.469880,0.424232,0.401543,0.652174,0.590899,0.045283,0.084846
15,108,0.434783,0.485944,0.021324,0.429667,0.565217,0.584294,0.026415,0.004265
15,109,0.347826,0.469880,0.000000,0.207754,0.652174,0.799522,0.049057,0.000000
15,110,0.869565,0.566265,0.514630,0.506914,0.130435,0.484611,0.026415,0.102926
15,111,0.521739,0.502008,0.000000,0.435024,0.478261,0.580212,0.026415,0.000000
15,112,0.565217,0.510040,0.176298,0.612261,0.434783,0.400197,0.030189,0.035260
15,113,0.608696,0.518072,0.431187,0.462355,0.391304,0.531862,0.026415,0.086237
15,114,0.608696,0.518072,0.144880,0.516808,0.391304,0.493908,0.026415,0.028976
15,115,0.369565,0.473896,0.123095,0.384827,0.630435,0.622377,0.033962,0.024619
15,116,0.478261,0.493976,0.522618,0.454928,0.521739,0.534369,0.026415,0.104524
15,117,1.000000,0.590361,0.080110,0.711350,0.000000,0.309481,0.026415,0.016022
15,118,0.434783,0.485944,0.305845,0.487794,0.565217,0.513702,0.026415,0.061169
15,119,0.282609,0.457831,0.137737,0.345259,0.717391,0.659813,0.037736,0.027547
15,120,0.347826,0.469880,0.364509,0.403582,0.652174,0.591975,0.026415,0.072902
15,121,0.804348,0.554217,0.725051,0.690653,0.195652,0.296582,0.022642,0.145010
15,122,0.586957,0.514056,0.647680,0.573560,0.413043,0.413517,0.022642,0.129536
15,123,0.413043,0.481928,0.000000,0.218221,0.586957,0.789421,0.033962,0.000000
15,124,0.760870,0.546185,0.121297,0.735193,0.239130,0.284373,0.030189,0.024259
15,125,0.478261,0.493976,0.085371,0.316479,0.521739,0.690254,0.026415,0.018589
15,126,0.695652,0.534137,0.065730,0.559789,0.304348,0.456467,0.030189,0.013146
15,127,0.608696,0.518072,0.000000,0.585063,0.391304,0.435427,0.026415,0.000000
15,128,0.456522,0.489960,0.213346,0.365260,0.543478,0.636659,0.026415,0.042669
15,129,0.543478,0.506024,0.565401,0.518032,0.456522,0.471294,0.026415,0.123112
15,130,0.478261,0.493976,0.759946,0.548424,0.521739,0.432052,0.022642,0.165473
15,131,0.500000,0.497992,0.552044,0.539282,0.500000,0.451469,0.033962,0.110409
15,132,0.695652,0.534137,0.000000,0.523253,0.304348,0.495073,0.030189,0.000000
15,133,0.000000,0.405622,0.000000,0.000000,1.000000,1.000000,0.064151,0.000000
15,134,0.586957,0.514056,0.163051,0.464308,0.413043,0.543643,0.026415,0.032610
15,135,0.369565,0.473896,0.091055,0.409148,0.630435,0.600540,0.045283,0.018211
15,136,0.543478,0.506024,0.623061,0.450470,0.456522,0.533552,0.033962,0.124612
15,137,0.826087,0.558233,0.459256,0.630297,0.173913,0.368371,0.026415,0.091851
15,138,0.652174,0.526104,0.262196,0.559412,0.347826,0.446817,0.033962,0.052439
15,139,0.217391,0.445783,0.033646,0.244076,0.782609,0.762758,0.041509,0.006729
15,140,0.347826,0.469880,0.349887,0.518623,0.652174,0.481708,0.033962,0.069977
15,141,0.413043,0.481928,0.301918,0.268556,0.586957,0.725462,0.030189,0.060384
15,142,0.391304,0.477912,0.363954,0.447632,0.608696,0.549496,0.030189,0.072791
15,143,0.543478,0.506024,0.000000,0.376873,0.456522,0.636326,0.030189,0.000000
15,144,0.586957,0.514056,0.697097,0.517054,0.413043,0.465526,0.026415,0.139419
15,145,0.260870,0.453815,0.196219,0.274912,0.739130,0.724715,0.056604,0.039244
15,146,0.217391,0.445783,0.282580,0.291460,0.782609,0.704346,0.049057,0.056516
15,147,0.608696,0.518072,0.000000,0.516865,0.391304,0.501237,0.026415,0.000000
15,148,0.326087,0.465863,0.102726,0.262632,0.673913,0.741331,0.041509,0.020545
15,149,0.347826,0.469880,0.444353,0.443631,0.652174,0.549259,0.026415,0.088871
15,150,0.543478,0.506024,0.545330,0.376492,0.456522,0.608900,0.022642,0.118742
15,151,0.760870,0.546185,0.647188,0.727576,0.239130,0.264921,0.022642,0.129438
15,152,0.391304,0.477912,0.411602,0.412525,0.608696,0.580945,0.033962,0.082320
15,153,0.565217,0.510040,0.057148,0.660270,0.434783,0.359942,0.030189,0.011430
15,154,0.391304,0.477912,0.489566,0.406039,0.608696,0.583230,0.045283,0.097913
15,155,0.500000,0.497992,0.502593,0.570090,0.500000,0.424261,0.030189,0.100519
15,156,0.673913,0.530120,0.134817,0.435742,0.326087,0.572647,0.026415,0.026963
15,157,0.260870,0.453815,0.026057,0.227800,0.739130,0.778850,0.045283,0.005211
15,158,0.739130,0.542169,0.000000,0.555694,0.260870,0.463768,0.030189,0.000000
15,159,0.695652,0.534137,0.167591,0.531030,0.304348,0.479027,0.026415,0.033518
15,160,0.239130,0.449799,0.000000,0.431349,0.760870,0.583758,0.052830,0.000000
15,161,0.369565,0.473896,0.000000,0.462300,0.630435,0.553891,0.037736,0.000000
15,162,0.391304,0.477912,0.546662,0.213349,0.608696,0.766261,0.030189,0.119032
15,163,0.391304,0.477912,0.000000,0.165443,0.608696,0.840351,0.030189,0.000000
15,164,0.652174,0.526104,0.006939,0.587023,0.347826,0.433182,0.030189,0.001388
15,165,0.434783,0.485944,0.000000,0.311020,0.565217,0.699872,0.026415,0.000000
15,166,0.543478,0.506024,0.214193,0.434875,0.456522,0.569439,0.026415,0.042839
15,167,0.326087,0.465863,0.000000,0.332143,0.673913,0.679490,0.026415,0.000000
15,168,0.456522,0.489960,0.209517,0.472688,0.543478,0.533189,0.030189,0.041903
15,169,0.565217,0.510040,0.174906,0.492429,0.434783,0.515902,0.022642,0.034981
15,170,0.434783,0.485944,0.243072,0.553732,0.565217,0.453272,0.037736,0.048614
15,171,0.826087,0.558233,0.187878,0.621961,0.173913,0.390247,0.030189,0.037576
15,172,0.826087,0.558233,0.392063,0.597757,0.173913,0.403196,0.022642,0.078413
15,173,0.478261,0.493976,0.444182,0.642257,0.521739,0.357599,0.037736,0.088836
15,174,0.456522,0.489960,0.341738,0.389247,0.543478,0.606968,0.026415,0.068348
15,175,0.478261,0.493976,0.096881,0.468694,0.521739,0.542783,0.033962,0.019376
15,176,0.521739,0.502008,0.000000,0.445882,0.478261,0.569735,0.022642,0.000000
15,177,0.521739,0.502008,0.199266,0.378010,0.478261,0.625073,0.033962,0.039853
15,178,0.695652,0.534137,0.020085,0.505107,0.304348,0.511560,0.030189,0.004017
15,179,0.739130,0.542169,0.223678,0.626055,0.260870,0.384472,0.030189,0.044736
15,180,0.369565,0.473896,0.000000,0.229380,0.630435,0.778654,0.030189,0.000000
15,181,0.391304,0.477912,0.280656,0.378312,0.608696,0.620633,0.037736,0.056131
15,182,0.326087,0.465863,0.156381,0.364985,0.673913,0.639828,0.045283,0.031276
15,183,0.652174,0.526104,0.393293,0.404914,0.347826,0.589223,0.022642,0.078659
15,184,0.500000,0.497992,0.494670,0.414718,0.500000,0.574595,0.026415,0.098934
15,185,0.521739,0.502008,0.406502,0.514736,0.478261,0.482574,0.030189,0.081300
15,186,0.434783,0.485944,0.000000,0.429052,0.565217,0.585974,0.026415,0.000000
15,187,0.586957,0.514056,0.081854,0.437895,0.413043,0.573269,0.026415,0.016371
15,188,0.913043,0.574297,0.899660,0.727723,0.086957,0.251911,0.022642,0.179932
15,189,0.673913,0.530120,0.742660,0.588633,0.326087,0.394132,0.022642,0.148532
15,190,0.673913,0.530120,0.003767,0.510107,0.326087,0.507566,0.022642,0.000753
15,191,0.543478,0.506024,0.289136,0.552697,0.456522,0.451924,0.030189,0.057827
15,192,0.695652,0.534137,0.526513,0.520470,0.304348,0.470924,0.026415,0.105303
15,193,0.543478,0.506024,0.108630,0.510789,0.456522,0.501564,0.033962,0.021726
15,194,0.478261,0.493976,0.132265,0.556757,0.521739,0.456001,0.033962,0.026453
15,195,0.760870,0.546185,0.325090,0.681889,0.239130,0.325424,0.030189,0.065018
15,196,0.543478,0.506024,0.000000,0.377700,0.456522,0.635528,0.033962,0.000000
15,197,0.739130,0.542169,0.362780,0.683368,0.260870,0.322076,0.022642,0.072556
15,198,0.826087,0.558233,0.230162,0.646589,0.173913,0.364326,0.026415,0.046032
15,199,0.934783,0.578313,0.057744,0.523444,0.065217,0.491946,0.022642,0.011549
15,200,0.456522,0.489960,0.089844,0.429841,0.543478,0.580635,0.030189,0.017969
15,201,0.326087,0.465863,0.374967,0.450313,0.673913,0.546347,0.037736,0.074993
15,202,0.521739,0.502008,0.220243,0.545418,0.478261,0.462459,0.030189,0.044049
15,203,0.478261,0.493976,0.345790,0.404411,0.521739,0.592129,0.026415,0.069158
15,204,0.717391,0.538153,0.179094,0.627513,0.282609,0.385337,0.022642,0.035819
15,205,0.500000,0.497992,0.134927,0.334490,0.500000,0.670348,0.026415,0.026985
15,206,0.434783,0.485944,0.131631,0.421854,0.565217,0.586211,0.030189,0.026326
15,207,0.760870,0.546185,0.410501,0.579991,0.239130,0.419400,0.026415,0.082100
15,208,0.456522,0.489960,0.164500,0.406799,0.543478,0.599064,0.026415,0.032900
15,209,0.565217,0.510040,0.000000,0.459838,0.434783,0.556267,0.026415,0.000000
15,210,0.565217,0.510040,0.159538,0.564642,0.434783,0.447002,0.026415,0.031908
15,211,0.608696,0.518072,0.420477,0.523719,0.391304,0.473192,0.030189,0.084095
15,212,0.739130,0.542169,0.235322,0.555439,0.260870,0.452020,0.022642,0.047064
15,213,0.760870,0.546185,0.350760,0.590547,0.239130,0.412259,0.026415,0.070152
15,214,0.282609,0.457831,0.000000,0.109282,0.717391,0.894545,0.045283,0.000000
15,215,0.652174,0.526104,0.490572,0.530527,0.347826,0.463051,0.026415,0.098114
15,216,0.652174,0.526104,0.150045,0.492925,0.347826,0.516691,0.030189,0.030009
15,217,0.413043,0.481928,0.000000,0.348331,0.586957,0.663868,0.030189,0.000000
15,218,0.630435,0.522088,0.235538,0.583758,0.369565,0.424682,0.026415,0.047108
15,219,0.608696,0.518072,0.278153,0.514301,0.391304,0.489535,0.022642,0.055631
15,220,0.434783,0.485944,0.000000,0.420263,0.565217,0.594456,0.037736,0.000000
15,221,0.521739,0.502008,0.299201,0.521160,0.478261,0.481843,0.022642,0.059840
15,222,0.608696,0.518072,0.579850,0.648209,0.391304,0.344940,0.026415,0.126258
15,223,0.630435,0.522088,0.000000,0.574312,0.369565,0.445802,0.026415,0.000000
15,224,0.717391,0.538153,0.677682,0.548764,0.282609,0.435916,0.026415,0.147561
15,225,0.282609,0.457831,0.000000,0.334959,0.717391,0.676772,0.037736,0.000000
15,226,0.304348,0.461847,0.159014,0.313858,0.695652,0.689030,0.041509,0.031803
15,227,0.565217,0.510040,0.000000,0.532668,0.434783,0.485987,0.030189,0.000000
15,228,0.586957,0.514056,0.151906,0.425500,0.413043,0.581660,0.026415,0.030381
15,229,0.804348,0.554217,0.386098,0.769725,0.195652,0.237555,0.026415,0.077220
15,230,0.369565,0.473896,0.497146,0.481457,0.630435,0.510068,0.026415,0.099429
15,231,0.413043,0.481928,0.193444,0.368877,0.586957,0.634183,0.033962,0.038689
15,232,0.695652,0.534137,0.227827,0.651364,0.304348,0.359837,0.033962,0.045565
15,233,0.326087,0.465863,0.273192,0.363087,0.673913,0.635706,0.030189,0.054638
15,234,0.478261,0.493976,0.226996,0.421164,0.521739,0.582018,0.022642,0.045399
15,235,0.565217,0.510040,0.046451,0.373452,0.434783,0.637260,0.022642,0.009290
15,236,0.173913,0.437751,0.000000,0.312561,0.826087,0.698386,0.064151,0.000000
15,237,0.804348,0.554217,0.553053,0.563803,0.195652,0.427756,0.026415,0.110611
15,238,0.478261,0.493976,0.163835,0.467152,0.521739,0.540859,0.030189,0.032767
15,239,0.413043,0.481928,0.314854,0.523479,0.586957,0.478808,0.033962,0.062971
15,240,0.304348,0.461847,0.128852,0.327596,0.695652,0.677310,0.037736,0.025770
15,241,0.456522,0.489960,0.000000,0.295661,0.543478,0.714693,0.033962,0.000000
15,242,0.673913,0.530120,0.282301,0.659289,0.326087,0.349414,0.022642,0.056460
15,243,0.347826,0.469880,0.236678,0.513006,0.652174,0.492898,0.033962,0.047336
15,244,0.695652,0.534137,0.000000,0.419190,0.304348,0.595491,0.030189,0.000000
15,245,0.369565,0.473896,0.411502,0.491501,0.630435,0.504740,0.033962,0.082300
15,246,0.478261,0.493976,0.223498,0.557856,0.521739,0.450291,0.030189,0.044700
15,247,0.652174,0.526104,0.109076,0.582853,0.347826,0.432001,0.030189,0.021815
15,248,0.434783,0.485944,0.243914,0.403357,0.565217,0.598338,0.026415,0.048783
15,249,0.369565,0.473896,0.287999,0.440843,0.630435,0.559918,0.030189,0.057600
16,0,0.565217,0.510040,0.326938,0.383724,0.434783,0.605103,0.026316,0.065388
16,1,0.760870,0.546185,0.053460,0.592569,0.239130,0.420504,0.026316,0.010692
16,2,0.804348,0.554217,0.452731,0.749364,0.195652,0.241295,0.026316,0.090546
16,3,0.478261,0.493976,0.198408,0.288176,0.521739,0.706599,0.022556,0.039682
16,4,0.739130,0.542169,0.000000,0.427505,0.260870,0.584518,0.022556,0.000000
16,5,0.326087,0.465863,0.000000,0.341931,0.673913,0.667685,0.030075,0.000000
16,6,0.586957,0.514056,0.446235,0.613114,0.413043,0.374150,0.030075,0.089247
16,7,0.521739,0.502008,0.139434,0.564979,0.478261,0.441542,0.030075,0.027887
16,8,0.282609,0.457831,0.000000,0.172256,0.717391,0.832588,0.041353,0.000000
16,9,0.456522,0.489960,0.012973,0.239659,0.543478,0.766209,0.033835,0.002595
16,10,0.500000,0.497992,0.330948,0.338461,0.500000,0.648824,0.026316,0.066190
16,11,0.391304,0.477912,0.419406,0.509023,0.608696,0.477116,0.041353,0.083881
16,12,0.739130,0.542169,0.316787,0.525039,0.260870,0.468444,0.022556,0.063357
16,13,0.630435,0.522088,0.123510,0.300038,0.369565,0.700102,0.026316,0.024702
16,14,0.521739,0.502008,0.163547,0.325071,0.478261,0.673084,0.033835,0.032709
16,15,0.956522,0.582329,0.418612,1.000000,0.043478,0.000000,0.022556,0.083722
16,16,0.413043,0.481928,0.167770,0.355304,0.586957,0.643417,0.026316,0.039002
16,17,0.565217,0.510040,0.245287,0.467439,0.434783,0.529228,0.026316,0.049057
16,18,0.608696,0.518072,1.000000,0.745062,0.391304,0.208709,0.022556,0.232472
16,19,0.565217,0.510040,0.903733,0.478717,0.434783,0.474032,0.026316,0.210093
16,20,0.608696,0.518072,0.070484,0.345161,0.391304,0.659810,0.026316,0.014097
16,21,0.282609,0.457831,0.000000,0.099315,0.717391,0.903478,0.041353,0.000000
16,22,0.608696,0.518072,0.131655,0.523219,0.391304,0.482650,0.026316,0.026331
16,23,0.478261,0.493976,0.462400,0.473862,0.521739,0.508399,0.033835,0.092480
16,24,0.434783,0.485944,0.301376,0.315248,0.565217,0.673371,0.041353,0.060275
16,25,0.456522,0.489960,0.000000,0.458528,0.543478,0.554367,0.022556,0.000000
16,26,0.173913,0.437751,0.184818,0.219540,0.826087,0.774218,0.052632,0.036964
16,27,0.608696,0.518072,0.236937,0.410821,0.391304,0.584815,0.026316,0.047387
16,28,0.565217,0.510040,0.000000,0.303460,0.434783,0.705074,0.026316,0.000000
16,29,0.326087,0.465863,0.272868,0.248939,0.673913,0.739730,0.030075,0.054574
16,30,0.543478,0.506024,0.000000,0.330803,0.456522,0.678500,0.037594,0.000000
16,31,0.413043,0.481928,0.104981,0.511878,0.586957,0.495465,0.022556,0.020996
16,32,0.521739,0.502008,0.393194,0.482784,0.478261,0.504378,0.022556,0.078639
16,33,0.478261,0.493976,0.360128,0.470724,0.521739,0.518321,0.037594,0.072026
16,34,0.456522,0.489960,0.214292,0.326998,0.543478,0.667802,0.022556,0.042858
16,35,0.500000,0.497992,0.326723,0.504917,0.500000,0.487333,0.033835,0.065345
16,36,0.652174,0.526104,0.239578,0.560521,0.347826,0.439148,0.026316,0.047916
16,37,0.369565,0.473896,0.092744,0.140552,0.630435,0.857170,0.030075,0.018549
16,38,0.521739,0.502008,0.411227,0.531352,0.478261,0.455964,0.030075,0.082245
16,39,0.695652,0.534137,0.000000,0.524988,0.304348,0.489777,0.022556,0.000000
16,40,0.586957,0.514056,0.077202,0.526929,0.413043,0.482703,0.026316,0.015440
16,41,0.543478,0.506024,0.384456,0.712429,0.456522,0.281778,0.026316,0.076891
16,42,0.500000,0.497992,0.000000,0.373534,0.500000,0.636971,0.026316,0.000000
16,43,0.782609,0.550201,0.703690,0.763588,0.217391,0.210611,0.022556,0.140738
16,44,0.434783,0.485944,0.125469,0.367036,0.565217,0.634856,0.033835,0.025094
16,45,0.652174,0.526104,0.138523,0.285184,0.347826,0.713530,0.022556,0.027705
16,46,0.586957,0.514056,0.422026,0.278689,0.413043,0.700796,0.026316,0.084405
16,47,0.630435,0.522088,0.593303,0.785136,0.369565,0.197085,0.030075,0.118661
16,48,0.673913,0.530120,0.189658,0.564864,0.326087,0.438281,0.026316,0.037932
16,49,0.500000,0.497992,0.733909,0.660735,0.500000,0.308541,0.026316,0.146782
16,50,0.630435,0.522088,0.344515,0.665078,0.369565,0.330481,0.022556,0.068903
16,51,0.391304,0.477912,0.000000,0.200076,0.608696,0.805551,0.037594,0.000000
16,52,0.760870,0.546185,0.153452,0.646730,0.239130,0.361149,0.026316,0.030690
16,53,0.326087,0.465863,0.367839,0.313864,0.673913,0.670251,0.037594,0.073568
16,54,0.304348,0.461847,0.000000,0.368216,0.695652,0.642140,0.033835,0.000000
16,55,0.543478,0.506024,0.189812,0.506730,0.456522,0.494769,0.030075,0.037962
16,56,0.565217,0.510040,0.426157,0.461938,0.434783,0.522424,0.026316,0.085231
16,57,0.500000,0.497992,0.220644,0.425539,0.500000,0.571605,0.030075,0.044129
16,58,0.456522,0.489960,0.163107,0.617062,0.543478,0.389334,0.033835,0.032621
16,59,0.304348,0.461847,0.460328,0.440478,0.695652,0.540984,0.033835,0.092066
16,60,0.304348,0.461847,0.283317,0.351578,0.695652,0.639276,0.063910,0.056663
16,61,0.891304,0.570281,0.170536,0.691464,0.108696,0.316526,0.022556,0.034107
16,62,0.456522,0.489960,0.261170,0.243382,0.543478,0.745917,0.022556,0.052234
16,63,0.195652,0.441767,0.000000,0.171468,0.804348,0.833355,0.060150,0.000000
16,64,0.260870,0.453815,0.162286,0.330284,0.739130,0.668102,0.041353,0.032457
16,65,0.304348,0.461847,0.000000,0.376898,0.695652,0.633702,0.033835,0.000000
16,66,0.543478,0.506024,0.000000,0.639349,0.456522,0.378631,0.030075,0.000000
16,67,0.543478,0.506024,0.000000,0.428406,0.456522,0.583642,0.026316,0.000000
16,68,0.586957,0.514056,0.339950,0.586061,0.413043,0.407583,0.026316,0.067990
16,69,0.521739,0.502008,0.000000,0.280368,0.478261,0.727517,0.026316,0.000000
16,70,0.608696,0.518072,0.639230,0.505142,0.391304,0.466119,0.022556,0.127846
16,71,0.521739,0.502008,0.184527,0.363292,0.478261,0.634528,0.026316,0.036905
16,72,0.434783,0.485944,0.244005,0.234242,0.565217,0.755953,0.037594,0.048801
16,73,0.586957,0.514056,0.274083,0.337724,0.413043,0.653361,0.033835,0.054817
16,74,0.630435,0.522088,0.000000,0.348227,0.369565,0.661566,0.026316,0.000000
16,75,0.913043,0.574297,0.474073,0.817119,0.086957,0.174012,0.022556,0.094815
16,76,0.565217,0.510040,0.170584,0.315591,0.434783,0.681825,0.033835,0.034117
16,77,0.847826,0.562249,0.639142,0.729758,0.152174,0.247826,0.026316,0.127828
16,78,0.652174,0.526104,0.012002,0.509730,0.347826,0.503798,0.026316,0.002400
16,79,0.586957,0.514056,0.699370,0.767501,0.413043,0.207099,0.026316,0.139874
16,80,0.347826,0.469880,0.000000,0.269346,0.652174,0.738229,0.045113,0.000000
16,81,0.652174,0.526104,0.043394,0.596333,0.347826,0.417523,0.026316,0.008679
16,82,0.434783,0.485944,0.281248,0.370721,0.565217,0.620810,0.030075,0.056250
16,83,0.695652,0.534137,0.193433,0.629973,0.304348,0.374749,0.022556,0.038687
16,84,0.369565,0.473896,0.000000,0.180079,0.630435,0.824985,0.026316,0.000000
16,85,0.934783,0.578313,0.665600,0.783657,0.065217,0.193665,0.022556,0.133120
16,86,0.239130,0.449799,0.000000,0.170835,0.760870,0.833970,0.048872,0.000000
16,87,0.673913,0.530120,0.031585,0.514980,0.326087,0.497381,0.033835,0.006317
16,88,0.608696,0.518072,0.701659,0.639074,0.391304,0.331760,0.026316,0.140332
16,89,0.195652,0.441767,0.000000,0.205720,0.804348,0.800066,0.075188,0.000000
16,90,0.239130,0.449799,0.015288,0.000768,0.760870,0.998227,0.041353,0.003058
16,91,0.456522,0.489960,0.256958,0.474254,0.543478,0.521821,0.022556,0.051392
16,92,0.543478,0.506024,0.595906,0.681764,0.456522,0.297376,0.030075,0.119181
16,93,0.695652,0.534137,0.421910,0.572557,0.304348,0.415200,0.022556,0.084382
16,94,0.478261,0.493976,0.000000,0.274711,0.521739,0.733015,0.033835,0.000000
16,95,0.586957,0.514056,0.000000,0.327530,0.413043,0.681681,0.030075,0.000000
16,96,0.543478,0.506024,0.187182,0.657815,0.456522,0.348110,0.026316,0.037436
16,97,0.500000,0.497992,0.371056,0.630829,0.500000,0.361984,0.022556,0.074211
16,98,0.543478,0.506024,0.518661,0.525270,0.456522,0.454658,0.026316,0.103732
16,99,0.652174,0.526104,0.365822,0.476223,0.347826,0.512593,0.022556,0.073164
16,100,0.543478,0.506024,0.287259,0.536330,0.456522,0.459455,0.026316,0.057452
16,101,0.586957,0.514056,0.522641,0.467513,0.413043,0.510523,0.026316,0.104528
16,102,0.413043,0.481928,0.091408,0.447514,0.586957,0.558931,0.033835,0.018282
16,103,0.913043,0.574297,0.006262,0.769026,0.086957,0.252181,0.022556,0.001252
16,104,0.413043,0.481928,0.019657,0.384609,0.586957,0.624887,0.030075,0.003931
16,105,0.173913,0.437751,0.000000,0.193496,0.826087,0.811946,0.052632,0.000000
16,106,0.586957,0.514056,0.000000,0.479498,0.413043,0.533987,0.033835,0.000000
16,107,0.347826,0.469880,0.388993,0.349767,0.652174,0.633936,0.045113,0.077799
16,108,0.434783,0.485944,0.000000,0.380108,0.565217,0.630581,0.026316,0.000000
16,109,0.347826,0.469880,0.000000,0.114336,0.652174,0.888879,0.048872,0.000000
16,110,0.869565,0.566265,0.596602,0.719363,0.130435,0.260787,0.026316,0.119320
16,111,0.521739,0.502008,0.000000,0.472790,0.478261,0.540506,0.026316,0.000000
16,112,0.565217,0.510040,0.268199,0.490631,0.434783,0.505149,0.030075,0.053640
16,113,0.608696,0.518072,0.402355,0.517984,0.391304,0.469553,0.026316,0.080471
16,114,0.608696,0.518072,0.000000,0.497042,0.391304,0.516937,0.026316,0.000000
16,115,0.369565,0.473896,0.128618,0.391906,0.630435,0.610475,0.033835,0.025724
16,116,0.478261,0.493976,0.431931,0.572206,0.521739,0.414868,0.026316,0.086386
16,117,1.000000,0.590361,0.000000,0.811572,0.000000,0.211252,0.026316,0.000000
16,118,0.434783,0.485944,0.340494,0.501568,0.565217,0.489663,0.026316,0.068099
16,119,0.282609,0.457831,0.100770,0.438653,0.717391,0.566914,0.037594,0.020154
16,120,0.347826,0.469880,0.182818,0.230407,0.652174,0.763791,0.026316,0.036564
16,121,0.804348,0.554217,0.587804,0.725132,0.195652,0.255772,0.022556,0.117561
16,122,0.586957,0.514056,0.781860,0.575257,0.413043,0.388395,0.022556,0.181761
16,123,0.413043,0.481928,0.000000,0.075584,0.586957,0.926542,0.033835,0.000000
16,124,0.760870,0.546185,0.169234,0.804046,0.239130,0.207197,0.030075,0.033847
16,125,0.478261,0.493976,0.000000,0.358170,0.521739,0.651903,0.030075,0.000000
16,126,0.695652,0.534137,0.193515,0.578081,0.304348,0.425176,0.030075,0.038703
16,127,0.608696,0.518072,0.002819,0.552909,0.391304,0.462451,0.026316,0.000564
16,128,0.456522,0.489960,0.150829,0.298859,0.543478,0.699413,0.026316,0.030166
16,129,0.543478,0.506024,0.345644,0.627928,0.456522,0.366510,0.030075,0.069129
16,130,0.478261,0.493976,0.265855,0.483995,0.521739,0.511756,0.026316,0.053171
16,131,0.500000,0.497992,0.510310,0.465323,0.500000,0.513480,0.033835,0.102062
16,132,0.695652,0.534137,0.220004,0.665284,0.304348,0.338646,0.030075,0.044001
16,133,0.000000,0.405622,0.000000,0.000000,1.000000,1.000000,0.063910,0.000000
16,134,0.586957,0.514056,0.354789,0.579708,0.413043,0.412760,0.026316,0.070958
16,135,0.369565,0.473896,0.068508,0.388248,0.630435,0.618068,0.045113,0.013702
16,136,0.543478,0.506024,0.476107,0.420359,0.456522,0.559477,0.033835,0.095221
16,137,0.826087,0.558233,0.313425,0.646220,0.173913,0.350898,0.026316,0.062685
16,138,0.652174,0.526104,0.363472,0.616777,0.347826,0.376150,0.033835,0.072694
16,139,0.217391,0.445783,0.057893,0.270617,0.782609,0.733104,0.041353,0.011579
16,140,0.347826,0.469880,0.193187,0.421207,0.652174,0.577660,0.033835,0.038637
16,141,0.413043,0.481928,0.262174,0.221657,0.586957,0.766964,0.030075,0.060948
16,142,0.391304,0.477912,0.293638,0.456349,0.608696,0.536758,0.030075,0.058728
16,143,0.543478,0.506024,0.000000,0.388630,0.456522,0.622299,0.030075,0.000000
16,144,0.586957,0.514056,0.513684,0.439061,0.413043,0.538777,0.026316,0.102737
16,145,0.260870,0.453815,0.292183,0.248057,0.739130,0.739289,0.056391,0.067925
16,146,0.217391,0.445783,0.389341,0.207851,0.782609,0.771838,0.048872,0.077868
16,147,0.608696,0.518072,0.000000,0.590919,0.391304,0.425699,0.026316,0.000000
16,148,0.326087,0.465863,0.148802,0.331775,0.673913,0.667559,0.041353,0.029760
16,149,0.347826,0.469880,0.341590,0.372838,0.652174,0.614698,0.026316,0.068318
16,150,0.543478,0.506024,0.000000,0.356553,0.456522,0.653474,0.026316,0.000000
16,151,0.760870,0.546185,0.449613,0.733413,0.239130,0.257007,0.022556,0.089923
16,152,0.391304,0.477912,0.465558,0.320942,0.608696,0.656807,0.033835,0.093112
16,153,0.565217,0.510040,0.097245,0.620156,0.434783,0.390752,0.030075,0.019449
16,154,0.391304,0.477912,0.445913,0.382285,0.608696,0.598509,0.045113,0.103662
16,155,0.500000,0.497992,0.519456,0.530982,0.500000,0.449053,0.030075,0.103891
16,156,0.673913,0.530120,0.331177,0.665956,0.326087,0.330524,0.026316,0.066235
16,157,0.260870,0.453815,0.000000,0.254910,0.739130,0.752259,0.045113,0.000000
16,158,0.739130,0.542169,0.000000,0.590762,0.260870,0.425852,0.030075,0.000000
16,159,0.695652,0.534137,0.486318,0.468487,0.304348,0.512017,0.026316,0.097264
16,160,0.239130,0.449799,0.000000,0.431524,0.760870,0.580611,0.052632,0.000000
16,161,0.369565,0.473896,0.000000,0.521290,0.630435,0.493370,0.037594,0.000000
16,162,0.391304,0.477912,0.319963,0.227951,0.608696,0.756964,0.033835,0.063993
16,163,0.391304,0.477912,0.259543,0.186225,0.608696,0.801576,0.030075,0.051909
16,164,0.652174,0.526104,0.134398,0.523107,0.347826,0.482576,0.030075,0.026880
16,165,0.434783,0.485944,0.000000,0.433331,0.565217,0.578856,0.026316,0.000000
16,166,0.543478,0.506024,0.340775,0.456527,0.456522,0.533418,0.026316,0.068155
16,167,0.326087,0.465863,0.050200,0.300278,0.673913,0.704795,0.026316,0.010040
16,168,0.456522,0.489960,0.091555,0.448721,0.543478,0.557748,0.030075,0.018311
16,169,0.565217,0.510040,0.258977,0.497768,0.434783,0.498832,0.022556,0.051795
16,170,0.434783,0.485944,0.345578,0.529375,0.565217,0.462296,0.037594,0.069116
16,171,0.826087,0.558233,0.290348,0.694099,0.173913,0.305915,0.030075,0.058070
16,172,0.826087,0.558233,0.447956,0.587092,0.173913,0.399324,0.022556,0.104137
16,173,0.478261,0.493976,0.275487,0.679464,0.521739,0.321137,0.037594,0.055097
16,174,0.456522,0.489960,0.436167,0.460525,0.543478,0.523124,0.026316,0.087233
16,175,0.478261,0.493976,0.419150,0.436354,0.521739,0.547759,0.033835,0.083830
16,176,0.521739,0.502008,0.137482,0.342862,0.478261,0.657544,0.022556,0.027496
16,177,0.521739,0.502008,0.183732,0.422459,0.478261,0.577078,0.033835,0.036746
16,178,0.695652,0.534137,0.029236,0.517160,0.304348,0.495420,0.030075,0.005847
16,179,0.739130,0.542169,0.137387,0.621697,0.260870,0.386557,0.030075,0.027477
16,180,0.369565,0.473896,0.000000,0.235299,0.630435,0.771318,0.030075,0.000000
16,181,0.391304,0.477912,0.190777,0.374740,0.608696,0.622982,0.037594,0.038155
16,182,0.326087,0.465863,0.031948,0.279763,0.673913,0.725958,0.045113,0.006390
16,183,0.652174,0.526104,0.306696,0.387416,0.347826,0.602875,0.022556,0.061339
16,184,0.500000,0.497992,0.619480,0.390299,0.500000,0.579060,0.026316,0.123896
16,185,0.521739,0.502008,0.390208,0.547860,0.478261,0.441333,0.030075,0.078042
16,186,0.434783,0.485944,0.282380,0.498589,0.565217,0.496462,0.026316,0.056476
16,187,0.586957,0.514056,0.199803,0.468456,0.413043,0.531296,0.026316,0.039961
16,188,0.913043,0.574297,0.800928,0.795660,0.086957,0.172909,0.022556,0.160186
16,189,0.673913,0.530120,0.718948,0.524125,0.326087,0.442315,0.022556,0.143790
16,190,0.673913,0.530120,0.046089,0.417539,0.326087,0.591108,0.022556,0.009218
16,191,0.543478,0.506024,0.248067,0.766218,0.456522,0.238665,0.030075,0.049613
16,192,0.695652,0.534137,0.109925,0.471115,0.304348,0.534749,0.026316,0.021985
16,193,0.543478,0.506024,0.159955,0.653591,0.456522,0.354043,0.033835,0.031991
16,194,0.478261,0.493976,0.292634,0.419776,0.521739,0.572370,0.033835,0.058527
16,195,0.760870,0.546185,0.196128,0.665452,0.239130,0.340086,0.030075,0.039226
16,196,0.543478,0.506024,0.000000,0.428490,0.456522,0.583560,0.033835,0.000000
16,197,0.739130,0.542169,0.537643,0.677478,0.260870,0.305455,0.022556,0.107529
16,198,0.826087,0.558233,0.437403,0.606674,0.173913,0.381002,0.026316,0.087481
16,199,0.934783,0.578313,0.000000,0.633332,0.065217,0.384479,0.022556,0.000000
16,200,0.456522,0.489960,0.041496,0.282796,0.543478,0.722369,0.030075,0.008299
16,201,0.326087,0.465863,0.231130,0.419575,0.673913,0.576697,0.037594,0.046226
16,202,0.521739,0.502008,0.127376,0.442467,0.478261,0.561419,0.030075,0.025475
16,203,0.478261,0.493976,0.236051,0.452204,0.521739,0.544655,0.026316,0.047210
16,204,0.717391,0.538153,0.022235,0.536103,0.282609,0.477480,0.022556,0.004447
16,205,0.500000,0.497992,0.088160,0.297483,0.500000,0.704961,0.026316,0.017632
16,206,0.434783,0.485944,0.136313,0.497635,0.565217,0.507202,0.030075,0.027263
16,207,0.760870,0.546185,0.330234,0.547851,0.239130,0.445370,0.026316,0.066047
16,208,0.456522,0.489960,0.133459,0.212405,0.543478,0.784602,0.026316,0.026692
16,209,0.565217,0.510040,0.148955,0.586360,0.434783,0.420124,0.026316,0.029791
16,210,0.565217,0.510040,0.000000,0.549497,0.434783,0.465956,0.026316,0.000000
16,211,0.608696,0.518072,0.226292,0.665914,0.391304,0.337611,0.030075,0.045258
16,212,0.739130,0.542169,0.189336,0.613169,0.260870,0.391355,0.022556,0.037867
16,213,0.760870,0.546185,0.463566,0.707433,0.239130,0.281319,0.026316,0.092713
16,214,0.282609,0.457831,0.000000,0.114909,0.717391,0.888322,0.045113,0.000000
16,215,0.652174,0.526104,0.767466,0.514291,0.347826,0.448613,0.026316,0.153493
16,216,0.652174,0.526104,0.220781,0.595947,0.347826,0.405981,0.030075,0.044156
16,217,0.413043,0.481928,0.000000,0.304509,0.586957,0.704055,0.030075,0.000000
16,218,0.630435,0.522088,0.212465,0.537181,0.369565,0.463652,0.026316,0.042493
16,219,0.608696,0.518072,0.139435,0.596819,0.391304,0.410598,0.022556,0.027887
16,220,0.434783,0.485944,0.000000,0.356268,0.565217,0.653752,0.037594,0.000000
16,221,0.521739,0.502008,0.067314,0.473753,0.478261,0.535048,0.022556,0.013463
16,222,0.608696,0.518072,0.201067,0.718615,0.391304,0.288087,0.030075,0.040213
16,223,0.630435,0.522088,0.195542,0.616198,0.369565,0.387994,0.026316,0.039108
16,224,0.717391,0.538153,0.341157,0.544411,0.282609,0.447980,0.030075,0.068231
16,225,0.282609,0.457831,0.110509,0.332040,0.717391,0.669874,0.037594,0.022102
16,226,0.304348,0.461847,0.000000,0.211217,0.695652,0.794724,0.041353,0.000000
16,227,0.565217,0.510040,0.000000,0.501802,0.434783,0.512311,0.030075,0.000000
16,228,0.586957,0.514056,0.253367,0.419442,0.413043,0.575333,0.026316,0.050673
16,229,0.804348,0.554217,0.322636,0.819932,0.195652,0.181452,0.026316,0.064527
16,230,0.369565,0.473896,0.482094,0.483661,0.630435,0.497553,0.026316,0.096419
16,231,0.413043,0.481928,0.123144,0.476948,0.586957,0.528192,0.033835,0.024629
16,232,0.695652,0.534137,0.211086,0.715340,0.304348,0.290596,0.033835,0.042217
16,233,0.326087,0.465863,0.391914,0.441928,0.673913,0.544171,0.030075,0.078383
16,234,0.478261,0.493976,0.495543,0.499309,0.521739,0.481441,0.022556,0.099109
16,235,0.565217,0.510040,0.107705,0.478252,0.434783,0.527962,0.022556,0.021541
16,236,0.173913,0.437751,0.000000,0.245136,0.826087,0.761758,0.063910,0.000000
16,237,0.804348,0.554217,0.360889,0.586876,0.195652,0.405384,0.026316,0.072178
16,238,0.478261,0.493976,0.106777,0.414668,0.521739,0.589820,0.030075,0.021355
16,239,0.413043,0.481928,0.474313,0.571768,0.586957,0.412446,0.033835,0.094863
16,240,0.304348,0.461847,0.343591,0.329466,0.695652,0.656717,0.037594,0.068718
16,241,0.456522,0.489960,0.000000,0.378745,0.543478,0.631906,0.033835,0.000000
16,242,0.673913,0.530120,0.392855,0.608611,0.326087,0.382112,0.022556,0.078571
16,243,0.347826,0.469880,0.566743,0.571442,0.652174,0.406554,0.033835,0.113349
16,244,0.695652,0.534137,0.146244,0.450344,0.304348,0.552496,0.030075,0.029249
16,245,0.369565,0.473896,0.327403,0.397494,0.630435,0.591690,0.033835,0.065481
16,246,0.478261,0.493976,0.083788,0.551616,0.521739,0.458268,0.030075,0.016758
16,247,0.652174,0.526104,0.314582,0.632626,0.347826,0.364032,0.030075,0.062916
16,248,0.434783,0.485944,0.251014,0.282005,0.565217,0.709062,0.026316,0.050203
16,249,0.369565,0.473896,0.184330,0.387432,0.630435,0.611080,0.030075,0.036866
17,0,0.565217,0.510040,0.487407,0.427562,0.434783,0.559991,0.026217,0.097481
17,1,0.760870,0.546185,0.275302,0.642278,0.239130,0.363570,0.026217,0.055060
17,2,0.804348,0.554217,0.597713,0.644686,0.195652,0.343918,0.026217,0.119543
17,3,0.478261,0.493976,0.213349,0.212635,0.521739,0.782736,0.022472,0.042670
17,4,0.739130,0.542169,0.070976,0.508106,0.260870,0.504407,0.022472,0.014195
17,5,0.326087,0.465863,0.000000,0.335502,0.673913,0.675279,0.029963,0.000000
17,6,0.586957,0.514056,0.510131,0.520693,0.413043,0.468632,0.029963,0.102026
17,7,0.521739,0.502008,0.144389,0.412921,0.478261,0.592590,0.029963,0.028878
17,8,0.282609,0.457831,0.000000,0.237280,0.717391,0.770345,0.041199,0.000000
17,9,0.456522,0.489960,0.184492,0.204510,0.543478,0.792150,0.033708,0.036898
17,10,0.500000,0.497992,0.354702,0.378426,0.500000,0.614677,0.026217,0.070940
17,11,0.391304,0.477912,0.427636,0.370456,0.608696,0.618473,0.041199,0.085527
17,12,0.739130,0.542169,0.436914,0.427091,0.260870,0.563160,0.022472,0.087383
17,13,0.630435,0.522088,0.000000,0.410958,0.369565,0.602246,0.026217,0.000000
17,14,0.521739,0.502008,0.161189,0.248414,0.478261,0.750908,0.033708,0.032238
17,15,0.956522,0.582329,0.598103,1.000000,0.043478,0.000000,0.022472,0.119621
17,16,0.413043,0.481928,0.000000,0.360240,0.586957,0.651335,0.029963,0.000000
17,17,0.565217,0.510040,0.227130,0.384105,0.434783,0.616035,0.026217,0.045426
17,18,0.608696,0.518072,0.579128,0.697574,0.391304,0.293728,0.026217,0.115826
17,19,0.565217,0.510040,0.423823,0.471276,0.434783,0.521098,0.029963,0.084765
17,20,0.608696,0.518072,0.115544,0.350146,0.391304,0.654898,0.026217,0.023109
17,21,0.282609,0.457831,0.000000,0.193666,0.717391,0.812557,0.041199,0.000000
17,22,0.608696,0.518072,0.155081,0.513763,0.391304,0.494414,0.026217,0.031016
17,23,0.478261,0.493976,0.760239,0.593037,0.521739,0.385176,0.033708,0.152048
17,24,0.434783,0.485944,0.455263,0.259767,0.565217,0.724121,0.041199,0.091053
17,25,0.456522,0.489960,0.000000,0.400558,0.543478,0.612312,0.022472,0.000000
17,26,0.173913,0.437751,0.000000,0.199454,0.826087,0.806955,0.052434,0.000000
17,27,0.608696,0.518072,0.217740,0.253264,0.391304,0.743176,0.026217,0.043548
17,28,0.565217,0.510040,0.000000,0.277145,0.434783,0.731760,0.026217,0.000000
17,29,0.326087,0.465863,0.034834,0.192590,0.673913,0.811726,0.029963,0.006967
17,30,0.543478,0.506024,0.359007,0.325268,0.456522,0.665897,0.037453,0.071801
17,31,0.413043,0.481928,0.001736,0.473457,0.586957,0.541663,0.022472,0.000347
17,32,0.521739,0.502008,0.373539,0.494056,0.478261,0.501751,0.022472,0.074708
17,33,0.478261,0.493976,0.168207,0.333220,0.521739,0.668450,0.037453,0.033641
17,34,0.456522,0.489960,0.271145,0.322690,0.543478,0.673112,0.022472,0.054229
17,35,0.500000,0.497992,0.357991,0.443870,0.500000,0.551160,0.033708,0.071598
17,36,0.652174,0.526104,0.282114,0.488997,0.347826,0.511559,0.026217,0.056423
17,37,0.369565,0.473896,0.016753,0.227732,0.630435,0.778685,0.029963,0.003351
17,38,0.521739,0.502008,0.486181,0.596003,0.478261,0.397029,0.029963,0.097236
17,39,0.695652,0.534137,0.150730,0.510087,0.304348,0.498205,0.022472,0.030146
17,40,0.586957,0.514056,0.142098,0.519158,0.413043,0.489890,0.026217,0.028420
17,41,0.543478,0.506024,0.369145,0.581269,0.456522,0.417577,0.026217,0.073829
17,42,0.500000,0.497992,0.000000,0.445020,0.500000,0.569279,0.026217,0.000000
17,43,0.782609,0.550201,0.619840,0.655201,0.217391,0.332552,0.022472,0.123968
17,44,0.434783,0.485944,0.329755,0.349901,0.565217,0.643626,0.033708,0.065951
17,45,0.652174,0.526104,0.135361,0.367220,0.347826,0.637307,0.022472,0.027072
17,46,0.586957,0.514056,0.286713,0.405932,0.413043,0.591708,0.026217,0.057343
17,47,0.630435,0.522088,0.720618,0.626862,0.369565,0.354567,0.029963,0.144124
17,48,0.673913,0.530120,0.000000,0.463594,0.326087,0.551302,0.026217,0.000000
17,49,0.500000,0.497992,0.579829,0.558007,0.500000,0.428773,0.026217,0.115966
17,50,0.630435,0.522088,0.647011,0.662977,0.369565,0.323566,0.022472,0.129402
17,51,0.391304,0.477912,0.000000,0.338013,0.608696,0.672848,0.037453,0.000000
17,52,0.760870,0.546185,0.186910,0.620927,0.239130,0.388984,0.026217,0.037382
17,53,0.326087,0.465863,0.384782,0.430689,0.673913,0.562479,0.037453,0.076956
17,54,0.304348,0.461847,0.000000,0.124929,0.695652,0.879085,0.033708,0.000000
17,55,0.543478,0.506024,0.360590,0.467071,0.456522,0.528565,0.029963,0.072118
17,56,0.565217,0.510040,0.288461,0.414363,0.434783,0.583454,0.026217,0.057692
17,57,0.500000,0.497992,0.715658,0.526065,0.500000,0.452392,0.029963,0.143132
17,58,0.456522,0.489960,0.329632,0.534490,0.543478,0.464976,0.033708,0.065926
17,59,0.304348,0.461847,0.060310,0.395690,0.695652,0.613784,0.033708,0.012062
17,60,0.304348,0.461847,0.500214,0.283786,0.695652,0.698459,0.063670,0.100043
17,61,0.891304,0.570281,0.251377,0.669321,0.108696,0.338681,0.022472,0.050275
17,62,0.456522,0.489960,0.266083,0.237967,0.543478,0.755384,0.022472,0.053217
17,63,0.195652,0.441767,0.276378,0.228872,0.804348,0.763634,0.059925,0.055276
17,64,0.260870,0.453815,0.191418,0.244835,0.739130,0.752748,0.041199,0.038284
17,65,0.304348,0.461847,0.000000,0.455580,0.695652,0.559059,0.033708,0.000000
17,66,0.543478,0.506024,0.000000,0.429263,0.456522,0.584530,0.029963,0.000000
17,67,0.543478,0.506024,0.000000,0.323908,0.456522,0.686500,0.026217,0.000000
17,68,0.586957,0.514056,0.630262,0.604681,0.413043,0.380889,0.026217,0.126052
17,69,0.521739,0.502008,0.000000,0.383219,0.478261,0.629095,0.026217,0.000000
17,70,0.608696,0.518072,0.503863,0.388147,0.391304,0.597256,0.022472,0.100773
17,71,0.521739,0.502008,0.340112,0.335334,0.478261,0.657169,0.026217,0.068022
17,72,0.434783,0.485944,0.154278,0.191331,0.565217,0.806528,0.037453,0.030856
17,73,0.586957,0.514056,0.257493,0.310158,0.413043,0.685974,0.033708,0.051499
17,74,0.630435,0.522088,0.178709,0.418285,0.369565,0.585555,0.026217,0.035742
17,75,0.913043,0.574297,0.306530,0.613360,0.086957,0.389881,0.022472,0.061306
17,76,0.565217,0.510040,0.113067,0.318786,0.434783,0.685383,0.033708,0.022613
17,77,0.847826,0.562249,0.613655,0.641617,0.152174,0.346032,0.026217,0.133551
17,78,0.652174,0.526104,0.000000,0.534367,0.347826,0.482803,0.026217,0.000000
17,79,0.586957,0.514056,0.354733,0.531219,0.413043,0.466793,0.026217,0.070947
17,80,0.347826,0.469880,0.000000,0.162227,0.652174,0.842986,0.044944,0.000000
17,81,0.652174,0.526104,0.189553,0.504250,0.347826,0.501769,0.026217,0.037911
17,82,0.434783,0.485944,0.334339,0.333317,0.565217,0.659431,0.029963,0.066868
17,83,0.695652,0.534137,0.077794,0.525114,0.304348,0.487580,0.022472,0.015559
17,84,0.369565,0.473896,0.196780,0.169673,0.630435,0.825208,0.026217,0.039356
17,85,0.934783,0.578313,0.905892,0.729156,0.065217,0.245606,0.022472,0.181178
17,86,0.239130,0.449799,0.060112,0.302541,0.760870,0.703950,0.048689,0.012022
17,87,0.673913,0.530120,0.003709,0.469458,0.326087,0.545427,0.033708,0.000742
17,88,0.608696,0.518072,0.599742,0.573656,0.391304,0.412557,0.026217,0.119948
17,89,0.195652,0.441767,0.000000,0.068297,0.804348,0.933897,0.074906,0.000000
17,90,0.239130,0.449799,0.000000,0.013704,0.760870,0.986736,0.041199,0.000000
17,91,0.456522,0.489960,0.481404,0.386869,0.543478,0.599700,0.022472,0.096281
17,92,0.543478,0.506024,0.471591,0.528745,0.456522,0.462909,0.029963,0.094318
17,93,0.695652,0.534137,0.302739,0.531384,0.304348,0.469426,0.022472,0.065886
17,94,0.478261,0.493976,0.000000,0.202618,0.521739,0.803893,0.033708,0.000000
17,95,0.586957,0.514056,0.000000,0.351317,0.413043,0.659971,0.029963,0.000000
17,96,0.543478,0.506024,0.184281,0.521051,0.456522,0.485791,0.026217,0.036856
17,97,0.500000,0.497992,0.334215,0.558259,0.500000,0.441724,0.022472,0.066843
17,98,0.543478,0.506024,0.553580,0.455220,0.456522,0.529667,0.026217,0.110716
17,99,0.652174,0.526104,0.582512,0.590338,0.347826,0.397337,0.022472,0.116502
17,100,0.543478,0.506024,0.444138,0.568168,0.456522,0.426228,0.026217,0.088828
17,101,0.586957,0.514056,0.771738,0.521309,0.413043,0.453982,0.026217,0.154348
17,102,0.413043,0.481928,0.132097,0.350719,0.586957,0.653453,0.033708,0.026419
17,103,0.913043,0.574297,0.379029,0.805200,0.086957,0.200310,0.022472,0.075806
17,104,0.413043,0.481928,0.000000,0.352458,0.586957,0.658867,0.029963,0.000000
17,105,0.173913,0.437751,0.000000,0.170781,0.826087,0.834706,0.052434,0.000000
17,106,0.586957,0.514056,0.000000,0.299433,0.413043,0.710189,0.033708,0.000000
17,107,0.347826,0.469880,0.452738,0.258171,0.652174,0.725802,0.044944,0.090548
17,108,0.434783,0.485944,0.000000,0.210268,0.565217,0.796488,0.026217,0.000000
17,109,0.347826,0.469880,0.000000,0.198250,0.652174,0.808120,0.048689,0.000000
17,110,0.869565,0.566265,0.408168,0.585047,0.130435,0.411823,0.026217,0.081634
17,111,0.521739,0.502008,0.000000,0.597027,0.478261,0.422157,0.026217,0.000000
17,112,0.565217,0.510040,0.219466,0.378281,0.434783,0.622083,0.029963,0.043893
17,113,0.608696,0.518072,0.598545,0.519359,0.391304,0.465174,0.026217,0.119709
17,114,0.608696,0.518072,0.145837,0.308718,0.391304,0.693367,0.026217,0.029167
17,115,0.369565,0.473896,0.466436,0.308713,0.630435,0.676149,0.033708,0.093287
17,116,0.478261,0.493976,0.346684,0.331513,0.521739,0.660514,0.026217,0.069337
17,117,1.000000,0.590361,0.000000,0.782668,0.000000,0.242480,0.026217,0.000000
17,118,0.434783,0.485944,0.309942,0.548369,0.565217,0.452600,0.026217,0.061988
17,119,0.282609,0.457831,0.168089,0.385445,0.717391,0.617910,0.037453,0.033618
17,120,0.347826,0.469880,0.197022,0.227954,0.652174,0.768786,0.026217,0.039404
17,121,0.804348,0.554217,0.286691,0.613504,0.195652,0.390807,0.022472,0.057338
17,122,0.586957,0.514056,0.364296,0.522531,0.413043,0.474688,0.026217,0.072859
17,123,0.413043,0.481928,0.000000,0.214536,0.586957,0.792357,0.033708,0.000000
17,124,0.760870,0.546185,0.225383,0.598905,0.239130,0.408231,0.029963,0.045077
17,125,0.478261,0.493976,0.163131,0.299152,0.521739,0.701696,0.029963,0.032626
17,126,0.695652,0.534137,0.413977,0.532919,0.304348,0.461965,0.029963,0.090095
17,127,0.608696,0.518072,0.334543,0.449956,0.391304,0.546529,0.026217,0.066909
17,128,0.456522,0.489960,0.628201,0.291768,0.543478,0.683858,0.026217,0.125640
17,129,0.543478,0.506024,0.064436,0.489082,0.456522,0.523171,0.029963,0.012887
17,130,0.478261,0.493976,0.000000,0.413345,0.521739,0.599937,0.026217,0.000000
17,131,0.500000,0.497992,0.362628,0.384929,0.500000,0.607958,0.033708,0.072526
17,132,0.695652,0.534137,0.029950,0.577512,0.304348,0.439435,0.029963,0.005990
17,133,0.000000,0.405622,0.000000,0.000000,1.000000,1.000000,0.063670,0.000000
17,134,0.586957,0.514056,0.410075,0.547698,0.413043,0.447870,0.026217,0.082015
17,135,0.369565,0.473896,0.360650,0.380644,0.630435,0.612211,0.044944,0.072130
17,136,0.543478,0.506024,0.480726,0.398662,0.456522,0.588322,0.033708,0.096145
17,137,0.826087,0.558233,0.586305,0.645820,0.173913,0.343434,0.026217,0.117261
17,138,0.652174,0.526104,0.000000,0.458961,0.347826,0.555786,0.033708,0.000000
17,139,0.217391,0.445783,0.427288,0.171198,0.782609,0.811348,0.041199,0.085458
17,140,0.347826,0.469880,0.212577,0.407457,0.652174,0.594215,0.033708,0.042515
17,141,0.413043,0.481928,0.000000,0.250478,0.586957,0.757570,0.033708,0.000000
17,142,0.391304,0.477912,0.332396,0.361883,0.608696,0.631887,0.029963,0.066479
17,143,0.543478,0.506024,0.000000,0.389629,0.456522,0.622890,0.029963,0.000000
17,144,0.586957,0.514056,0.498054,0.562236,0.413043,0.429073,0.026217,0.099611
17,145,0.260870,0.453815,0.132524,0.289979,0.739130,0.712219,0.059925,0.026505
17,146,0.217391,0.445783,0.412150,0.194693,0.782609,0.789421,0.048689,0.082430
17,147,0.608696,0.518072,0.000000,0.561986,0.391304,0.456072,0.026217,0.000000
17,148,0.326087,0.465863,0.394543,0.209697,0.673913,0.775845,0.041199,0.078909
17,149,0.347826,0.469880,0.246179,0.280683,0.652174,0.715111,0.026217,0.049236
17,150,0.543478,0.506024,0.000000,0.350115,0.456522,0.661135,0.026217,0.000000
17,151,0.760870,0.546185,0.563130,0.587403,0.239130,0.401218,0.022472,0.112626
17,152,0.391304,0.477912,0.625732,0.258816,0.608696,0.715884,0.033708,0.125146
17,153,0.565217,0.510040,0.351217,0.618350,0.434783,0.382650,0.029963,0.070243
17,154,0.391304,0.477912,0.143248,0.325799,0.608696,0.676973,0.048689,0.028650
17,155,0.500000,0.497992,0.783375,0.669642,0.500000,0.309790,0.029963,0.156675
17,156,0.673913,0.530120,0.000000,0.547264,0.326087,0.470321,0.026217,0.000000
17,157,0.260870,0.453815,0.211961,0.239275,0.739130,0.757027,0.044944,0.042392
17,158,0.739130,0.542169,0.074255,0.514912,0.260870,0.497644,0.029963,0.014851
17,159,0.695652,0.534137,1.000000,0.557278,0.304348,0.406905,0.026217,0.217633
17,160,0.239130,0.449799,0.000000,0.285872,0.760870,0.723314,0.052434,0.000000
17,161,0.369565,0.473896,0.000000,0.280703,0.630435,0.728316,0.037453,0.000000
17,162,0.391304,0.477912,0.392333,0.303858,0.608696,0.684829,0.033708,0.078467
17,163,0.391304,0.477912,0.402828,0.194052,0.608696,0.790542,0.029963,0.080566
17,164,0.652174,0.526104,0.202283,0.443785,0.347826,0.559608,0.029963,0.040457
17,165,0.434783,0.485944,0.128652,0.452632,0.565217,0.555001,0.026217,0.025730
17,166,0.543478,0.506024,0.596671,0.608811,0.456522,0.378696,0.026217,0.119334
17,167,0.326087,0.465863,0.102636,0.249133,0.673913,0.753359,0.026217,0.020527
17,168,0.456522,0.489960,0.147594,0.484720,0.543478,0.522926,0.029963,0.029519
17,169,0.565217,0.510040,0.345247,0.624635,0.434783,0.376888,0.022472,0.069049
17,170,0.434783,0.485944,0.446615,0.341805,0.565217,0.645184,0.037453,0.089323
17,171,0.826087,0.558233,0.414007,0.593205,0.173913,0.403614,0.029963,0.082801
17,172,0.826087,0.558233,0.454304,0.565306,0.173913,0.428452,0.026217,0.090861
17,173,0.478261,0.493976,0.203083,0.431758,0.521739,0.571205,0.037453,0.040617
17,174,0.456522,0.489960,0.307149,0.295680,0.543478,0.697320,0.026217,0.061430
17,175,0.478261,0.493976,0.358684,0.465086,0.521739,0.530588,0.033708,0.071737
17,176,0.521739,0.502008,0.247673,0.269744,0.478261,0.725618,0.022472,0.049535
17,177,0.521739,0.502008,0.270176,0.442146,0.478261,0.557547,0.033708,0.054035
17,178,0.695652,0.534137,0.034569,0.474930,0.304348,0.538474,0.029963,0.006914
17,179,0.739130,0.542169,0.202492,0.634375,0.260870,0.375130,0.029963,0.040498
17,180,0.369565,0.473896,0.000000,0.221940,0.630435,0.785192,0.029963,0.000000
17,181,0.391304,0.477912,0.347373,0.240855,0.608696,0.748222,0.037453,0.069475
17,182,0.326087,0.465863,0.139405,0.378212,0.673913,0.626451,0.044944,0.027881
17,183,0.652174,0.526104,0.367183,0.453832,0.347826,0.541024,0.022472,0.073437
17,184,0.500000,0.497992,0.419484,0.289494,0.500000,0.697273,0.026217,0.083897
17,185,0.521739,0.502008,0.432266,0.478880,0.478261,0.513285,0.029963,0.086453
17,186,0.434783,0.485944,0.568520,0.333115,0.565217,0.647046,0.026217,0.123729
17,187,0.586957,0.514056,0.000000,0.415196,0.413043,0.598145,0.026217,0.000000
17,188,0.913043,0.574297,0.397967,0.492222,0.086957,0.502214,0.022472,0.079593
17,189,0.673913,0.530120,0.888723,0.474017,0.326087,0.493469,0.022472,0.193415
17,190,0.673913,0.530120,0.084618,0.338943,0.326087,0.667402,0.022472,0.016924
17,191,0.543478,0.506024,0.418453,0.549435,0.456522,0.445738,0.029963,0.083691
17,192,0.695652,0.534137,0.507399,0.584931,0.304348,0.406605,0.026217,0.101480
17,193,0.543478,0.506024,0.361979,0.622405,0.456522,0.378147,0.033708,0.072396
17,194,0.478261,0.493976,0.000000,0.402605,0.521739,0.610331,0.033708,0.000000
17,195,0.760870,0.546185,0.311002,0.623222,0.239130,0.380095,0.029963,0.062200
17,196,0.543478,0.506024,0.101714,0.494191,0.456522,0.516224,0.033708,0.020343
17,197,0.739130,0.542169,0.590356,0.582201,0.260870,0.404790,0.022472,0.118071
17,198,0.826087,0.558233,0.468271,0.636676,0.173913,0.358625,0.026217,0.093654
17,199,0.934783,0.578313,0.011904,0.488364,0.065217,0.526689,0.022472,0.002381
17,200,0.456522,0.489960,0.163169,0.349230,0.543478,0.653225,0.029963,0.035511
17,201,0.326087,0.465863,0.392998,0.375186,0.673913,0.615757,0.037453,0.078600
17,202,0.521739,0.502008,0.644117,0.387162,0.478261,0.590674,0.029963,0.140181
17,203,0.478261,0.493976,0.394887,0.405898,0.521739,0.585930,0.026217,0.078977
17,204,0.717391,0.538153,0.029725,0.527377,0.282609,0.487972,0.022472,0.005945
17,205,0.500000,0.497992,0.009081,0.329456,0.500000,0.680642,0.026217,0.001816
17,206,0.434783,0.485944,0.249611,0.350898,0.565217,0.646967,0.029963,0.049922
17,207,0.760870,0.546185,0.394769,0.541596,0.239130,0.454598,0.026217,0.078954
17,208,0.456522,0.489960,0.024939,0.426522,0.543478,0.585843,0.026217,0.004988
17,209,0.565217,0.510040,0.000000,0.461265,0.434783,0.553557,0.026217,0.000000
17,210,0.565217,0.510040,0.113297,0.450418,0.434783,0.557968,0.026217,0.022659
17,211,0.608696,0.518072,0.273245,0.486151,0.391304,0.514791,0.029963,0.054649
17,212,0.739130,0.542169,0.402431,0.684799,0.260870,0.315585,0.022472,0.080486
17,213,0.760870,0.546185,0.481441,0.587462,0.239130,0.405550,0.026217,0.096288
17,214,0.282609,0.457831,0.181966,0.192962,0.717391,0.803462,0.044944,0.036393
17,215,0.652174,0.526104,0.630361,0.453240,0.347826,0.527459,0.026217,0.126072
17,216,0.652174,0.526104,0.163865,0.471904,0.347826,0.534456,0.029963,0.032773
17,217,0.413043,0.481928,0.056592,0.312027,0.586957,0.694959,0.029963,0.011318
17,218,0.630435,0.522088,0.519486,0.499289,0.369565,0.488845,0.026217,0.103897
17,219,0.608696,0.518072,0.223192,0.417234,0.391304,0.584182,0.022472,0.044638
17,220,0.434783,0.485944,0.000000,0.350545,0.565217,0.660719,0.037453,0.000000
17,221,0.521739,0.502008,0.050985,0.426775,0.478261,0.584199,0.022472,0.010197
17,222,0.608696,0.518072,0.377893,0.627938,0.391304,0.371937,0.029963,0.075579
17,223,0.630435,0.522088,0.017338,0.557386,0.369565,0.459593,0.026217,0.003468
17,224,0.717391,0.538153,0.469269,0.548686,0.282609,0.443733,0.029963,0.093854
17,225,0.282609,0.457831,0.099710,0.300773,0.717391,0.703535,0.037453,0.019942
17,226,0.304348,0.461847,0.000000,0.144643,0.695652,0.860005,0.041199,0.000000
17,227,0.565217,0.510040,0.148836,0.520021,0.434783,0.488692,0.029963,0.029767
17,228,0.586957,0.514056,0.181831,0.362315,0.413043,0.639559,0.026217,0.036366
17,229,0.804348,0.554217,0.371363,0.632827,0.195652,0.367556,0.026217,0.074273
17,230,0.369565,0.473896,0.577516,0.410129,0.630435,0.572023,0.026217,0.115503
17,231,0.413043,0.481928,0.792507,0.495769,0.586957,0.477585,0.033708,0.158501
17,232,0.695652,0.534137,0.211824,0.592054,0.304348,0.415589,0.033708,0.042365
17,233,0.326087,0.465863,0.160648,0.213124,0.673913,0.785094,0.029963,0.032130
17,234,0.478261,0.493976,0.228258,0.451325,0.521739,0.550914,0.022472,0.045652
17,235,0.565217,0.510040,0.403226,0.414710,0.434783,0.576953,0.022472,0.080645
17,236,0.173913,0.437751,0.000000,0.219816,0.826087,0.787247,0.063670,0.000000
17,237,0.804348,0.554217,0.534160,0.627871,0.195652,0.363607,0.026217,0.106832
17,238,0.478261,0.493976,0.354629,0.341879,0.521739,0.650055,0.029963,0.070926
17,239,0.413043,0.481928,0.486610,0.520747,0.586957,0.469844,0.033708,0.097322
17,240,0.304348,0.461847,0.196915,0.160488,0.695652,0.834090,0.037453,0.039383
17,241,0.456522,0.489960,0.000000,0.276698,0.543478,0.732193,0.033708,0.000000
17,242,0.673913,0.530120,0.279975,0.582329,0.326087,0.421342,0.022472,0.055995
17,243,0.347826,0.469880,0.223122,0.293749,0.652174,0.703703,0.033708,0.044624
17,244,0.695652,0.534137,0.155934,0.471210,0.304348,0.535553,0.029963,0.031187
17,245,0.369565,0.473896,0.390303,0.430138,0.630435,0.562715,0.033708,0.078061
17,246,0.478261,0.493976,0.237786,0.397073,0.521739,0.602911,0.029963,0.047557
17,247,0.652174,0.526104,0.358860,0.391222,0.347826,0.602070,0.029963,0.071772
17,248,0.434783,0.485944,0.595006,0.502511,0.565217,0.481670,0.026217,0.119001
17,249,0.369565,0.473896,0.224362,0.363899,0.630435,0.635741,0.029963,0.044872
18,0,0.565217,0.510040,0.510861,0.410727,0.434783,0.576153,0.026119,0.102172
18,1,0.760870,0.546185,0.133095,0.556805,0.239130,0.456143,0.026119,0.026619
18,2,0.804348,0.554217,0.237509,0.653930,0.195652,0.356816,0.026119,0.047502
18,3,0.478261,0.493976,0.594158,0.231627,0.521739,0.744160,0.022388,0.129496
18,4,0.739130,0.542169,0.142787,0.675184,0.260870,0.341539,0.022388,0.028557
18,5,0.326087,0.465863,0.000000,0.245962,0.673913,0.762987,0.029851,0.000000
18,6,0.586957,0.514056,0.483439,0.460722,0.413043,0.529484,0.029851,0.096688
18,7,0.521739,0.502008,0.216617,0.454256,0.478261,0.550373,0.029851,0.043323
18,8,0.282609,0.457831,0.000000,0.064484,0.717391,0.937862,0.041045,0.000000
18,9,0.456522,0.489960,0.000000,0.093009,0.543478,0.910375,0.033582,0.000000
18,10,0.500000,0.497992,0.371578,0.419272,0.500000,0.575570,0.026119,0.074316
18,11,0.391304,0.477912,0.667929,0.493956,0.608696,0.487323,0.041045,0.133586
18,12,0.739130,0.542169,0.494427,0.456175,0.260870,0.533261,0.022388,0.098885
18,13,0.630435,0.522088,0.000000,0.381314,0.369565,0.632560,0.026119,0.000000
18,14,0.521739,0.502008,0.196946,0.264884,0.478261,0.733934,0.033582,0.039389
18,15,0.956522,0.582329,0.662325,1.000000,0.043478,0.000000,0.022388,0.132465
18,16,0.413043,0.481928,0.000000,0.397060,0.586957,0.617387,0.029851,0.000000
18,17,0.565217,0.510040,0.214808,0.395526,0.434783,0.607065,0.026119,0.042962
18,18,0.608696,0.518072,0.650092,0.650717,0.391304,0.337246,0.026119,0.130018
18,19,0.565217,0.510040,0.346132,0.475736,0.434783,0.522558,0.029851,0.069226
18,20,0.608696,0.518072,0.000000,0.385710,0.391304,0.628324,0.026119,0.000000
18,21,0.282609,0.457831,0.000000,0.231285,0.717391,0.777130,0.041045,0.000000
18,22,0.608696,0.518072,0.276061,0.664496,0.391304,0.344517,0.026119,0.055212
18,23,0.478261,0.493976,0.721815,0.486051,0.521739,0.491981,0.033582,0.144363
18,24,0.434783,0.485944,0.326430,0.278068,0.565217,0.714117,0.041045,0.065286
18,25,0.456522,0.489960,0.000000,0.265481,0.543478,0.744179,0.022388,0.000000
18,26,0.173913,0.437751,0.054926,0.091054,0.826087,0.909242,0.052239,0.010985
18,27,0.608696,0.518072,0.233434,0.212005,0.391304,0.782885,0.026119,0.046687
18,28,0.565217,0.510040,0.000000,0.276442,0.434783,0.733616,0.026119,0.000000
18,29,0.326087,0.465863,0.223890,0.292293,0.673913,0.706042,0.029851,0.044778
18,30,0.543478,0.506024,0.248951,0.295953,0.456522,0.701139,0.037313,0.049790
18,31,0.413043,0.481928,0.263671,0.370253,0.586957,0.628734,0.022388,0.052734
18,32,0.521739,0.502008,0.404279,0.406226,0.478261,0.586345,0.022388,0.080856
18,33,0.478261,0.493976,0.286342,0.395078,0.521739,0.603567,0.037313,0.057268
18,34,0.456522,0.489960,0.235147,0.336877,0.543478,0.662463,0.022388,0.047029
18,35,0.500000,0.497992,0.424797,0.604683,0.500000,0.393982,0.033582,0.084959
18,36,0.652174,0.526104,0.381544,0.374654,0.347826,0.618017,0.026119,0.076309
18,37,0.369565,0.473896,0.234914,0.149092,0.630435,0.843427,0.029851,0.046983
18,38,0.521739,0.502008,0.718275,0.603840,0.478261,0.378672,0.029851,0.143655
18,39,0.695652,0.534137,0.445719,0.443948,0.304348,0.547720,0.022388,0.089144
18,40,0.586957,0.514056,0.173251,0.472139,0.413043,0.535523,0.026119,0.034650
18,41,0.543478,0.506024,0.535496,0.645080,0.456522,0.348974,0.026119,0.107099
18,42,0.500000,0.497992,0.309677,0.349356,0.500000,0.646344,0.026119,0.061935
18,43,0.782609,0.550201,0.827945,0.691962,0.217391,0.287731,0.022388,0.165589
18,44,0.434783,0.485944,0.000000,0.349834,0.565217,0.662895,0.033582,0.000000
18,45,0.652174,0.526104,0.483601,0.351368,0.347826,0.634850,0.022388,0.096720
18,46,0.586957,0.514056,0.460203,0.378805,0.413043,0.609696,0.026119,0.092041
18,47,0.630435,0.522088,0.727072,0.622569,0.369565,0.360141,0.029851,0.158464
18,48,0.673913,0.530120,0.000000,0.506627,0.326087,0.511806,0.026119,0.000000
18,49,0.500000,0.497992,0.388606,0.503797,0.500000,0.493186,0.026119,0.077721
18,50,0.630435,0.522088,0.731399,0.677919,0.369565,0.306568,0.022388,0.146280
18,51,0.391304,0.477912,0.000000,0.297890,0.608696,0.712949,0.037313,0.000000
18,52,0.760870,0.546185,0.270717,0.523045,0.239130,0.481114,0.026119,0.054143
18,53,0.326087,0.465863,0.403757,0.339946,0.673913,0.650243,0.037313,0.080751
18,54,0.304348,0.461847,0.000000,0.069228,0.695652,0.933291,0.033582,0.000000
18,55,0.543478,0.506024,0.102421,0.419869,0.456522,0.589782,0.029851,0.020484
18,56,0.565217,0.510040,0.304176,0.411635,0.434783,0.586632,0.026119,0.060835
18,57,0.500000,0.497992,0.507872,0.463011,0.500000,0.525936,0.029851,0.101574
18,58,0.456522,0.489960,0.244613,0.450238,0.543478,0.552706,0.033582,0.048923
18,59,0.304348,0.461847,0.373334,0.469820,0.695652,0.526765,0.033582,0.074667
18,60,0.304348,0.461847,0.284730,0.131236,0.695652,0.857897,0.063433,0.056946
18,61,0.891304,0.570281,0.000000,0.688673,0.108696,0.336384,0.022388,0.000000
18,62,0.456522,0.489960,0.322748,0.239460,0.543478,0.751522,0.022388,0.064550
18,63,0.195652,0.441767,0.362407,0.160186,0.804348,0.825733,0.059701,0.072481
18,64,0.260870,0.453815,0.095939,0.171452,0.739130,0.829516,0.041045,0.019188
18,65,0.304348,0.461847,0.096696,0.435754,0.695652,0.574789,0.033582,0.019339
18,66,0.543478,0.506024,0.000000,0.420600,0.456522,0.594703,0.029851,0.000000
18,67,0.543478,0.506024,0.000000,0.388923,0.456522,0.625228,0.026119,0.000000
18,68,0.586957,0.514056,0.622190,0.652355,0.413043,0.337200,0.026119,0.124438
18,69,0.521739,0.502008,0.000000,0.245694,0.478261,0.763246,0.026119,0.000000
18,70,0.608696,0.518072,0.416499,0.394804,0.391304,0.596680,0.022388,0.083300
18,71,0.521739,0.502008,0.540581,0.362419,0.478261,0.621070,0.026119,0.108116
18,72,0.434783,0.485944,0.000000,0.183934,0.565217,0.822758,0.037313,0.000000
18,73,0.586957,0.514056,0.194907,0.355120,0.413043,0.647093,0.033582,0.038981
18,74,0.630435,0.522088,0.206538,0.412802,0.369565,0.590872,0.026119,0.041308
18,75,0.913043,0.574297,0.571000,0.606059,0.086957,0.384624,0.022388,0.114200
18,76,0.565217,0.510040,0.195002,0.367418,0.434783,0.635238,0.033582,0.039000
18,77,0.847826,0.562249,0.458492,0.668516,0.152174,0.330621,0.029851,0.091698
18,78,0.652174,0.526104,0.000000,0.445614,0.347826,0.570599,0.026119,0.000000
18,79,0.586957,0.514056,1.000000,0.697522,0.413043,0.272922,0.026119,0.200000
18,80,0.347826,0.469880,0.169438,0.213786,0.652174,0.784684,0.044776,0.033888
18,81,0.652174,0.526104,0.160093,0.492516,0.347826,0.516609,0.026119,0.032019
18,82,0.434783,0.485944,0.433333,0.337687,0.565217,0.650795,0.029851,0.094444
18,83,0.695652,0.534137,0.165183,0.452377,0.304348,0.555008,0.022388,0.033037
18,84,0.369565,0.473896,0.097750,0.242026,0.630435,0.761410,0.026119,0.019550
18,85,0.934783,0.578313,0.415231,0.755483,0.065217,0.249194,0.022388,0.083046
18,86,0.239130,0.449799,0.000000,0.182861,0.760870,0.823793,0.048507,0.000000
18,87,0.673913,0.530120,0.136152,0.605367,0.326087,0.409180,0.033582,0.027230
18,88,0.608696,0.518072,0.684289,0.525375,0.391304,0.456149,0.026119,0.136858
18,89,0.195652,0.441767,0.000000,0.029902,0.804348,0.971186,0.074627,0.000000
18,90,0.239130,0.449799,0.000000,0.015963,0.760870,0.984618,0.041045,0.000000
18,91,0.456522,0.489960,0.408891,0.316079,0.543478,0.672959,0.022388,0.081778
18,92,0.543478,0.506024,0.447013,0.471622,0.456522,0.520981,0.029851,0.089403
18,93,0.695652,0.534137,0.000000,0.535732,0.304348,0.483760,0.026119,0.000000
18,94,0.478261,0.493976,0.000000,0.101778,0.521739,0.901925,0.033582,0.000000
18,95,0.586957,0.514056,0.000000,0.323108,0.413043,0.688648,0.029851,0.000000
18,96,0.543478,0.506024,0.337903,0.498201,0.456522,0.501363,0.026119,0.067581
18,97,0.500000,0.497992,0.302702,0.502767,0.500000,0.498898,0.022388,0.060540
18,98,0.543478,0.506024,0.765043,0.609121,0.456522,0.371014,0.026119,0.153009
18,99,0.652174,0.526104,0.759105,0.491845,0.347826,0.484349,0.022388,0.151821
18,100,0.543478,0.506024,0.452609,0.577324,0.456522,0.418818,0.026119,0.090522
18,101,0.586957,0.514056,0.639744,0.465107,0.413043,0.516672,0.026119,0.127949
18,102,0.413043,0.481928,0.293512,0.472474,0.586957,0.528593,0.033582,0.058702
18,103,0.913043,0.574297,0.399338,0.746044,0.086957,0.259163,0.022388,0.079868
18,104,0.413043,0.481928,0.000000,0.274126,0.586957,0.735848,0.029851,0.000000
18,105,0.173913,0.437751,0.000000,0.069435,0.826087,0.933091,0.052239,0.000000
18,106,0.586957,0.514056,0.000000,0.405621,0.413043,0.609137,0.033582,0.000000
18,107,0.347826,0.469880,0.863334,0.335753,0.652174,0.629036,0.044776,0.172667
18,108,0.434783,0.485944,0.000000,0.180725,0.565217,0.825851,0.026119,0.000000
18,109,0.347826,0.469880,0.000000,0.237983,0.652174,0.770676,0.048507,0.000000
18,110,0.869565,0.566265,0.357721,0.626351,0.130435,0.376787,0.026119,0.071544
18,111,0.521739,0.502008,0.000000,0.382611,0.478261,0.631310,0.026119,0.000000
18,112,0.565217,0.510040,0.000000,0.308260,0.434783,0.702956,0.029851,0.000000
18,113,0.608696,0.518072,0.471611,0.540230,0.391304,0.453519,0.026119,0.102787
18,114,0.608696,0.518072,0.241277,0.323129,0.391304,0.675373,0.026119,0.048255
18,115,0.369565,0.473896,0.362521,0.292953,0.630435,0.697791,0.033582,0.072504
18,116,0.478261,0.493976,0.000000,0.285135,0.521739,0.725240,0.026119,0.000000
18,117,1.000000,0.590361,0.175954,0.747060,0.000000,0.270455,0.026119,0.035191
18,118,0.434783,0.485944,0.075634,0.395805,0.565217,0.614441,0.026119,0.015127
18,119,0.282609,0.457831,0.300651,0.346724,0.717391,0.649375,0.037313,0.060130
18,120,0.347826,0.469880,0.057955,0.192855,0.652174,0.810979,0.026119,0.011591
18,121,0.804348,0.554217,0.470179,0.544884,0.195652,0.449112,0.022388,0.094036
18,122,0.586957,0.514056,0.438291,0.466167,0.413043,0.526717,0.026119,0.087658
18,123,0.413043,0.481928,0.000000,0.157684,0.586957,0.848054,0.033582,0.000000
18,124,0.760870,0.546185,0.268872,0.569613,0.239130,0.436342,0.029851,0.053774
18,125,0.478261,0.493976,0.404566,0.363586,0.521739,0.627418,0.029851,0.080913
18,126,0.695652,0.534137,0.314850,0.530054,0.304348,0.471935,0.033582,0.062970
18,127,0.608696,0.518072,0.064855,0.420457,0.391304,0.591279,0.026119,0.012971
18,128,0.456522,0.489960,0.323777,0.315205,0.543478,0.678477,0.026119,0.070567
18,129,0.543478,0.506024,0.238326,0.528854,0.456522,0.477296,0.029851,0.047665
18,130,0.478261,0.493976,0.128369,0.363627,0.521739,0.642552,0.026119,0.027978
18,131,0.500000,0.497992,0.419090,0.443910,0.500000,0.549219,0.033582,0.083818
18,132,0.695652,0.534137,0.289262,0.605857,0.304348,0.400296,0.029851,0.057852
18,133,0.000000,0.405622,0.000000,0.000000,1.000000,1.000000,0.063433,0.000000
18,134,0.586957,0.514056,0.416127,0.451572,0.413043,0.541998,0.026119,0.083225
18,135,0.369565,0.473896,0.556489,0.368582,0.630435,0.614258,0.044776,0.111298
18,136,0.543478,0.506024,0.431906,0.265889,0.456522,0.720059,0.033582,0.086381
18,137,0.826087,0.558233,0.362841,0.645603,0.173913,0.357954,0.026119,0.072568
18,138,0.652174,0.526104,0.000000,0.437526,0.347826,0.578393,0.033582,0.000000
18,139,0.217391,0.445783,0.221193,0.201272,0.782609,0.793900,0.041045,0.044239
18,140,0.347826,0.469880,0.288939,0.421245,0.652174,0.578209,0.033582,0.057788
18,141,0.413043,0.481928,0.100728,0.182610,0.586957,0.818500,0.033582,0.020146
18,142,0.391304,0.477912,0.259018,0.410267,0.608696,0.590432,0.029851,0.051804
18,143,0.543478,0.506024,0.000000,0.401238,0.456522,0.613361,0.029851,0.000000
18,144,0.586957,0.514056,0.564563,0.550582,0.413043,0.438437,0.026119,0.112913
18,145,0.260870,0.453815,0.289645,0.310998,0.739130,0.684406,0.059701,0.057929
18,146,0.217391,0.445783,0.462367,0.217177,0.782609,0.765325,0.048507,0.092473
18,147,0.608696,0.518072,0.269672,0.543925,0.391304,0.461051,0.026119,0.053934
18,148,0.326087,0.465863,0.356387,0.278343,0.673913,0.712206,0.041045,0.071277
18,149,0.347826,0.469880,0.193239,0.389248,0.652174,0.614299,0.026119,0.038648
18,150,0.543478,0.506024,0.000000,0.236816,0.456522,0.771800,0.026119,0.000000
18,151,0.760870,0.546185,0.546199,0.650062,0.239130,0.343585,0.022388,0.109240
18,152,0.391304,0.477912,0.611885,0.248097,0.608696,0.727316,0.033582,0.122377
18,153,0.565217,0.510040,0.117192,0.556304,0.434783,0.457499,0.029851,0.023438
18,154,0.391304,0.477912,0.164705,0.424867,0.608696,0.581544,0.048507,0.032941
18,155,0.500000,0.497992,0.689582,0.533496,0.500000,0.448033,0.029851,0.137916
18,156,0.673913,0.530120,0.228973,0.709565,0.326087,0.303674,0.026119,0.045795
18,157,0.260870,0.453815,0.000000,0.167877,0.739130,0.838232,0.044776,0.000000
18,158,0.739130,0.542169,0.035798,0.562053,0.260870,0.456431,0.029851,0.007160
18,159,0.695652,0.534137,0.539235,0.541609,0.304348,0.448474,0.029851,0.107847
18,160,0.239130,0.449799,0.000000,0.194475,0.760870,0.812601,0.052239,0.000000
18,161,0.369565,0.473896,0.011968,0.392222,0.630435,0.621392,0.037313,0.002394
18,162,0.391304,0.477912,0.000000,0.262876,0.608696,0.746689,0.033582,0.000000
18,163,0.391304,0.477912,0.000000,0.193340,0.608696,0.813694,0.029851,0.000000
18,164,0.652174,0.526104,0.421390,0.432189,0.347826,0.560387,0.029851,0.084278
18,165,0.434783,0.485944,0.191840,0.421072,0.565217,0.583710,0.026119,0.038368
18,166,0.543478,0.506024,0.212601,0.430083,0.456522,0.573886,0.026119,0.042520
18,167,0.326087,0.465863,0.131893,0.328120,0.673913,0.676573,0.026119,0.026379
18,168,0.456522,0.489960,0.000000,0.384884,0.543478,0.629120,0.029851,0.000000
18,169,0.565217,0.510040,0.204406,0.577388,0.434783,0.432391,0.022388,0.040881
18,170,0.434783,0.485944,0.464859,0.394064,0.565217,0.594737,0.037313,0.101315
18,171,0.826087,0.558233,0.614435,0.669174,0.173913,0.321420,0.029851,0.122887
18,172,0.826087,0.558233,0.182536,0.565260,0.173913,0.445279,0.026119,0.036507
18,173,0.478261,0.493976,0.138537,0.477853,0.521739,0.531923,0.037313,0.027707
18,174,0.456522,0.489960,0.463374,0.305343,0.543478,0.680311,0.026119,0.092675
18,175,0.478261,0.493976,0.292971,0.410179,0.521739,0.588651,0.033582,0.058594
18,176,0.521739,0.502008,0.361499,0.296770,0.478261,0.694169,0.022388,0.072300
18,177,0.521739,0.502008,0.093984,0.410456,0.478261,0.599315,0.033582,0.018797
18,178,0.695652,0.534137,0.480313,0.635766,0.304348,0.360981,0.029851,0.096063
18,179,0.739130,0.542169,0.152517,0.571189,0.260870,0.441215,0.029851,0.030503
18,180,0.369565,0.473896,0.000000,0.283993,0.630435,0.726340,0.029851,0.000000
18,181,0.391304,0.477912,0.520789,0.230826,0.608696,0.748963,0.037313,0.113505
18,182,0.326087,0.465863,0.383661,0.274236,0.673913,0.714666,0.044776,0.076732
18,183,0.652174,0.526104,0.398625,0.350916,0.347826,0.639953,0.022388,0.079725
18,184,0.500000,0.497992,0.480698,0.410487,0.500000,0.578042,0.026119,0.096140
18,185,0.521739,0.502008,0.489608,0.546193,0.478261,0.446784,0.029851,0.097922
18,186,0.434783,0.485944,0.260759,0.387711,0.565217,0.612071,0.029851,0.052152
18,187,0.586957,0.514056,0.000000,0.357436,0.413043,0.655569,0.026119,0.000000
18,188,0.913043,0.574297,0.479645,0.493864,0.086957,0.497756,0.022388,0.095929
18,189,0.673913,0.530120,0.553661,0.545033,0.326087,0.444383,0.026119,0.110732
18,190,0.673913,0.530120,0.380070,0.338422,0.326087,0.653012,0.022388,0.076014
18,191,0.543478,0.506024,0.424110,0.497773,0.456522,0.497040,0.029851,0.084822
18,192,0.695652,0.534137,0.237137,0.475598,0.304348,0.528679,0.026119,0.047427
18,193,0.543478,0.506024,0.289633,0.494510,0.456522,0.507571,0.033582,0.057927
18,194,0.478261,0.493976,0.237873,0.289849,0.521739,0.707629,0.033582,0.047575
18,195,0.760870,0.546185,0.258165,0.538476,0.239130,0.466934,0.029851,0.051633
18,196,0.543478,0.506024,0.000000,0.308802,0.456522,0.702433,0.033582,0.000000
18,197,0.739130,0.542169,0.460107,0.585996,0.260870,0.410049,0.022388,0.092021
18,198,0.826087,0.558233,0.536570,0.468021,0.173913,0.519531,0.026119,0.107314
18,199,0.934783,0.578313,0.000000,0.458415,0.065217,0.558265,0.022388,0.000000
18,200,0.456522,0.489960,0.000000,0.363672,0.543478,0.649560,0.033582,0.000000
18,201,0.326087,0.465863,0.309972,0.354177,0.673913,0.641681,0.037313,0.061994
18,202,0.521739,0.502008,0.045130,0.382952,0.478261,0.628502,0.033582,0.009026
18,203,0.478261,0.493976,0.612772,0.381145,0.521739,0.599060,0.026119,0.122554
18,204,0.717391,0.538153,0.000000,0.524151,0.282609,0.494920,0.022388,0.000000
18,205,0.500000,0.497992,0.153725,0.374625,0.500000,0.630561,0.026119,0.030745
18,206,0.434783,0.485944,0.571643,0.570487,0.565217,0.418867,0.029851,0.114329
18,207,0.760870,0.546185,0.316111,0.547287,0.239130,0.455260,0.026119,0.063222
18,208,0.456522,0.489960,0.000000,0.256520,0.543478,0.752813,0.026119,0.000000
18,209,0.565217,0.510040,0.024512,0.407024,0.434783,0.606439,0.026119,0.004902
18,210,0.565217,0.510040,0.043523,0.432728,0.434783,0.580626,0.026119,0.008705
18,211,0.608696,0.518072,0.189252,0.547200,0.391304,0.462313,0.029851,0.037850
18,212,0.739130,0.542169,0.617938,0.639752,0.260870,0.349579,0.022388,0.123588
18,213,0.760870,0.546185,0.546581,0.631858,0.239130,0.361106,0.026119,0.109316
18,214,0.282609,0.457831,0.000000,0.169421,0.717391,0.836743,0.044776,0.000000
18,215,0.652174,0.526104,0.924267,0.495076,0.347826,0.472163,0.026119,0.201443
18,216,0.652174,0.526104,0.169315,0.499216,0.347826,0.509647,0.029851,0.033863
18,217,0.413043,0.481928,0.000000,0.233491,0.586957,0.775005,0.029851,0.000000
18,218,0.630435,0.522088,0.454084,0.460796,0.369565,0.531025,0.026119,0.090817
18,219,0.608696,0.518072,0.482052,0.403045,0.391304,0.585138,0.022388,0.096410
18,220,0.434783,0.485944,0.000000,0.279979,0.565217,0.730208,0.037313,0.000000
18,221,0.521739,0.502008,0.000000,0.362131,0.478261,0.651045,0.022388,0.000000
18,222,0.608696,0.518072,0.608329,0.657852,0.391304,0.332665,0.029851,0.121666
18,223,0.630435,0.522088,0.260919,0.539457,0.369565,0.465837,0.026119,0.052184
18,224,0.717391,0.538153,0.170348,0.361445,0.282609,0.642348,0.029851,0.034070
18,225,0.282609,0.457831,0.097017,0.225636,0.717391,0.777244,0.037313,0.019403
18,226,0.304348,0.461847,0.146349,0.081582,0.695652,0.913347,0.041045,0.029270
18,227,0.565217,0.510040,0.243766,0.444382,0.434783,0.558396,0.029851,0.048753
18,228,0.586957,0.514056,0.260035,0.293849,0.413043,0.702558,0.026119,0.052007
18,229,0.804348,0.554217,0.484577,0.707939,0.195652,0.291199,0.026119,0.096915
18,230,0.369565,0.473896,0.792775,0.445519,0.630435,0.527140,0.026119,0.158555
18,231,0.413043,0.481928,0.454439,0.431462,0.586957,0.559272,0.033582,0.090888
18,232,0.695652,0.534137,0.325506,0.637855,0.304348,0.367472,0.033582,0.065101
18,233,0.326087,0.465863,0.139101,0.182668,0.673913,0.816337,0.029851,0.027820
18,234,0.478261,0.493976,0.420973,0.426986,0.521739,0.565424,0.022388,0.084195
18,235,0.565217,0.510040,0.128915,0.309211,0.434783,0.694958,0.022388,0.025783
18,236,0.173913,0.437751,0.225413,0.200865,0.826087,0.794060,0.063433,0.045083
18,237,0.804348,0.554217,0.679024,0.586548,0.195652,0.397491,0.026119,0.135805
18,238,0.478261,0.493976,0.323311,0.287949,0.521739,0.704767,0.029851,0.064662
18,239,0.413043,0.481928,0.443238,0.454215,0.586957,0.537962,0.033582,0.088648
18,240,0.304348,0.461847,0.152512,0.132656,0.695652,0.863792,0.037313,0.030502
18,241,0.456522,0.489960,0.000000,0.220348,0.543478,0.787669,0.033582,0.000000
18,242,0.673913,0.530120,0.432324,0.672575,0.326087,0.328146,0.022388,0.086465
18,243,0.347826,0.469880,0.547966,0.400372,0.652174,0.584093,0.033582,0.109593
18,244,0.695652,0.534137,0.146792,0.487078,0.304348,0.522580,0.029851,0.029358
18,245,0.369565,0.473896,0.476107,0.371823,0.630435,0.615551,0.033582,0.095221
18,246,0.478261,0.493976,0.254917,0.533139,0.521739,0.472255,0.029851,0.050983
18,247,0.652174,0.526104,0.199813,0.452760,0.347826,0.552737,0.029851,0.039963
18,248,0.434783,0.485944,0.474078,0.387125,0.565217,0.600917,0.026119,0.094816
18,249,0.369565,0.473896,0.031799,0.252801,0.630435,0.754650,0.029851,0.006360
19,0,0.565217,0.510040,0.457411,0.381605,0.434783,0.598925,0.026022,0.091482
19,1,0.760870,0.546185,0.216293,0.602516,0.239130,0.401928,0.026022,0.043259
19,2,0.804348,0.554217,0.561528,0.732062,0.195652,0.252562,0.026022,0.112306
19,3,0.478261,0.493976,0.228965,0.304339,0.521739,0.689580,0.026022,0.045793
19,4,0.739130,0.542169,0.049760,0.707483,0.260870,0.311936,0.022305,0.009952
19,5,0.326087,0.465863,0.000000,0.210647,0.673913,0.796165,0.029740,0.000000
19,6,0.586957,0.514056,0.242741,0.589706,0.413043,0.412484,0.029740,0.048548
19,7,0.521739,0.502008,0.476689,0.525466,0.478261,0.458376,0.029740,0.095338
19,8,0.282609,0.457831,0.113639,0.190912,0.717391,0.807359,0.040892,0.022728
19,9,0.456522,0.489960,0.000000,0.146926,0.543478,0.857826,0.033457,0.000000
19,10,0.500000,0.497992,0.457296,0.563009,0.500000,0.423395,0.026022,0.091459
19,11,0.391304,0.477912,0.671888,0.513129,0.608696,0.456739,0.040892,0.134378
19,12,0.739130,0.542169,0.459691,0.557703,0.260870,0.428364,0.022305,0.091938
19,13,0.630435,0.522088,0.000000,0.518757,0.369565,0.498020,0.026022,0.000000
19,14,0.521739,0.502008,0.085945,0.335828,0.478261,0.669055,0.033457,0.017189
19,15,0.956522,0.582329,0.465020,1.000000,0.043478,0.000000,0.022305,0.093004
19,16,0.413043,0.481928,0.000000,0.342913,0.586957,0.668177,0.029740,0.000000
19,17,0.565217,0.510040,0.408125,0.494898,0.434783,0.492724,0.026022,0.081625
19,18,0.608696,0.518072,0.711331,0.727328,0.391304,0.246724,0.026022,0.142266
19,19,0.565217,0.510040,0.242547,0.549492,0.434783,0.451410,0.029740,0.048509
19,20,0.608696,0.518072,0.024831,0.332269,0.391304,0.676750,0.026022,0.004966
19,21,0.282609,0.457831,0.000000,0.118045,0.717391,0.885772,0.040892,0.000000
19,22,0.608696,0.518072,0.163838,0.689958,0.391304,0.320961,0.026022,0.032768
19,23,0.478261,0.493976,0.568504,0.538583,0.521739,0.439298,0.033457,0.113701
19,24,0.434783,0.485944,0.357189,0.288757,0.565217,0.695740,0.040892,0.071438
19,25,0.456522,0.489960,0.000000,0.367662,0.543478,0.644228,0.022305,0.000000
19,26,0.173913,0.437751,0.255775,0.057480,0.826087,0.926591,0.052045,0.051155
19,27,0.608696,0.518072,0.157210,0.401961,0.391304,0.600105,0.026022,0.031442
19,28,0.565217,0.510040,0.000000,0.304668,0.434783,0.705185,0.026022,0.000000
19,29,0.326087,0.465863,0.158735,0.143437,0.673913,0.850162,0.029740,0.031747
19,30,0.543478,0.506024,0.047898,0.318862,0.456522,0.688119,0.037175,0.009580
19,31,0.413043,0.481928,0.273686,0.345099,0.586957,0.647028,0.022305,0.054737
19,32,0.521739,0.502008,0.202861,0.455367,0.478261,0.545252,0.022305,0.040572
19,33,0.478261,0.493976,0.086525,0.378120,0.521739,0.628091,0.037175,0.017305
19,34,0.456522,0.489960,0.208934,0.360365,0.543478,0.636759,0.022305,0.041787
19,35,0.500000,0.497992,0.139064,0.644426,0.500000,0.366744,0.033457,0.027813
19,36,0.652174,0.526104,0.444097,0.368616,0.347826,0.612420,0.026022,0.103133
19,37,0.369565,0.473896,0.102786,0.126488,0.630435,0.870455,0.029740,0.020557
19,38,0.521739,0.502008,0.521821,0.556659,0.478261,0.425054,0.029740,0.104364
19,39,0.695652,0.534137,0.176126,0.551685,0.304348,0.453908,0.022305,0.035225
19,40,0.586957,0.514056,0.000000,0.456169,0.413043,0.558584,0.026022,0.000000
19,41,0.543478,0.506024,0.454479,0.591166,0.456522,0.396345,0.026022,0.090896
19,42,0.500000,0.497992,0.344471,0.358559,0.500000,0.629080,0.026022,0.068894
19,43,0.782609,0.550201,1.000000,0.684117,0.217391,0.268462,0.022305,0.232230
19,44,0.434783,0.485944,0.000000,0.364499,0.565217,0.647289,0.033457,0.000000
19,45,0.652174,0.526104,0.306031,0.343847,0.347826,0.645990,0.022305,0.061206
19,46,0.586957,0.514056,0.369309,0.386656,0.413043,0.600165,0.026022,0.073862
19,47,0.630435,0.522088,0.556919,0.731650,0.369565,0.253281,0.033457,0.111384
19,48,0.673913,0.530120,0.201940,0.603219,0.326087,0.402246,0.026022,0.040388
19,49,0.500000,0.497992,0.317543,0.510360,0.500000,0.484062,0.026022,0.063509
19,50,0.630435,0.522088,0.549423,0.598221,0.369565,0.382916,0.022305,0.109885
19,51,0.391304,0.477912,0.000000,0.255712,0.608696,0.752558,0.037175,0.000000
19,52,0.760870,0.546185,0.369624,0.624606,0.239130,0.369889,0.026022,0.073925
19,53,0.326087,0.465863,0.246305,0.349977,0.673913,0.644212,0.037175,0.049261
19,54,0.304348,0.461847,0.000000,0.157730,0.695652,0.847371,0.033457,0.000000
19,55,0.543478,0.506024,0.084889,0.540076,0.456522,0.471486,0.029740,0.016978
19,56,0.565217,0.510040,0.264936,0.402257,0.434783,0.592327,0.026022,0.052987
19,57,0.500000,0.497992,0.220083,0.442256,0.500000,0.556741,0.029740,0.044017
19,58,0.456522,0.489960,0.339199,0.475817,0.543478,0.515981,0.033457,0.067840
19,59,0.304348,0.461847,0.267757,0.460255,0.695652,0.536009,0.033457,0.053551
19,60,0.304348,0.461847,0.254396,0.163996,0.695652,0.823616,0.063197,0.050879
19,61,0.891304,0.570281,0.072043,0.758403,0.108696,0.261114,0.022305,0.014409
19,62,0.456522,0.489960,0.294580,0.263579,0.543478,0.724459,0.022305,0.058916
19,63,0.195652,0.441767,0.633933,0.224865,0.804348,0.738320,0.059480,0.147218
19,64,0.260870,0.453815,0.102069,0.141893,0.739130,0.855597,0.040892,0.020414
19,65,0.304348,0.461847,0.000000,0.409421,0.695652,0.603819,0.033457,0.000000
19,66,0.543478,0.506024,0.000000,0.515164,0.456522,0.501496,0.029740,0.000000
19,67,0.543478,0.506024,0.000000,0.354520,0.456522,0.656945,0.026022,0.000000
19,68,0.586957,0.514056,0.390942,0.677244,0.413043,0.317469,0.026022,0.078188
19,69,0.521739,0.502008,0.000000,0.239346,0.478261,0.768394,0.026022,0.000000
19,70,0.608696,0.518072,0.147583,0.499062,0.391304,0.506814,0.022305,0.029517
19,71,0.521739,0.502008,0.480064,0.395238,0.478261,0.584158,0.026022,0.096013
19,72,0.434783,0.485944,0.120985,0.260579,0.565217,0.739434,0.037175,0.024197
19,73,0.586957,0.514056,0.285307,0.228562,0.413043,0.758988,0.033457,0.057061
19,74,0.630435,0.522088,0.188102,0.411278,0.369565,0.588941,0.026022,0.037620
19,75,0.913043,0.574297,0.784472,0.821025,0.086957,0.150970,0.022305,0.156894
19,76,0.565217,0.510040,0.048774,0.348476,0.434783,0.659401,0.033457,0.009755
19,77,0.847826,0.562249,0.533798,0.772205,0.152174,0.215645,0.029740,0.106760
19,78,0.652174,0.526104,0.000000,0.441365,0.347826,0.572909,0.026022,0.000000
19,79,0.586957,0.514056,0.632672,0.726168,0.413043,0.253317,0.026022,0.126534
19,80,0.347826,0.469880,0.203384,0.270353,0.652174,0.724246,0.044610,0.040677
19,81,0.652174,0.526104,0.000000,0.444928,0.347826,0.569461,0.026022,0.000000
19,82,0.434783,0.485944,0.023440,0.458197,0.565217,0.554991,0.033457,0.004688
19,83,0.695652,0.534137,0.183477,0.449932,0.304348,0.551859,0.022305,0.036695
19,84,0.369565,0.473896,0.291181,0.261810,0.630435,0.726407,0.026022,0.058236
19,85,0.934783,0.578313,0.178644,0.902697,0.065217,0.114072,0.022305,0.035729
19,86,0.239130,0.449799,0.031390,0.142207,0.760870,0.860209,0.048327,0.006278
19,87,0.673913,0.530120,0.049535,0.669563,0.326087,0.348645,0.033457,0.009907
19,88,0.608696,0.518072,0.534123,0.501721,0.391304,0.477359,0.026022,0.106825
19,89,0.195652,0.441767,0.000000,0.000000,0.804348,1.000000,0.074349,0.000000
19,90,0.239130,0.449799,0.000000,0.078917,0.760870,0.923636,0.040892,0.000000
19,91,0.456522,0.489960,0.454643,0.295350,0.543478,0.682584,0.022305,0.090929
19,92,0.543478,0.506024,0.198938,0.437712,0.456522,0.562608,0.029740,0.039788
19,93,0.695652,0.534137,0.000000,0.620022,0.304348,0.400029,0.026022,0.000000
19,94,0.478261,0.493976,0.000000,0.235593,0.521739,0.772026,0.033457,0.000000
19,95,0.586957,0.514056,0.000000,0.366217,0.413043,0.645627,0.029740,0.000000
19,96,0.543478,0.506024,0.338653,0.489356,0.456522,0.502918,0.026022,0.067731
19,97,0.500000,0.497992,0.093361,0.545995,0.500000,0.465169,0.022305,0.018672
19,98,0.543478,0.506024,0.543745,0.673534,0.456522,0.310433,0.026022,0.108749
19,99,0.652174,0.526104,0.660516,0.570851,0.347826,0.401674,0.022305,0.132103
19,100,0.543478,0.506024,0.401780,0.460472,0.456522,0.526478,0.026022,0.080356
19,101,0.586957,0.514056,0.350127,0.449626,0.413043,0.540565,0.026022,0.070025
19,102,0.413043,0.481928,0.382670,0.448456,0.586957,0.539434,0.033457,0.076534
19,103,0.913043,0.574297,0.143637,0.669236,0.086957,0.342417,0.022305,0.028727
19,104,0.413043,0.481928,0.000000,0.251979,0.586957,0.756170,0.029740,0.000000
19,105,0.173913,0.437751,0.000000,0.140643,0.826087,0.863906,0.052045,0.000000
19,106,0.586957,0.514056,0.000000,0.470642,0.413043,0.544578,0.033457,0.000000
19,107,0.347826,0.469880,0.612864,0.448665,0.652174,0.523223,0.044610,0.122573
19,108,0.434783,0.485944,0.000000,0.237584,0.565217,0.770099,0.026022,0.000000
19,109,0.347826,0.469880,0.000000,0.160532,0.652174,0.844659,0.048327,0.000000
19,110,0.869565,0.566265,0.387489,0.733314,0.130435,0.263453,0.026022,0.077498
19,111,0.521739,0.502008,0.000000,0.427920,0.478261,0.585919,0.026022,0.000000
19,112,0.565217,0.510040,0.000000,0.357817,0.434783,0.653755,0.029740,0.000000
19,113,0.608696,0.518072,0.097621,0.524066,0.391304,0.486094,0.029740,0.019524
19,114,0.608696,0.518072,0.124393,0.411814,0.391304,0.592853,0.026022,0.024879
19,115,0.369565,0.473896,0.394358,0.291964,0.630435,0.690053,0.033457,0.078872
19,116,0.478261,0.493976,0.255485,0.365014,0.521739,0.629023,0.026022,0.051097
19,117,1.000000,0.590361,0.213449,0.911652,0.000000,0.102986,0.026022,0.042690
19,118,0.434783,0.485944,0.000000,0.355706,0.565217,0.655797,0.026022,0.000000
19,119,0.282609,0.457831,0.394157,0.511464,0.717391,0.477665,0.037175,0.078831
19,120,0.347826,0.469880,0.082890,0.249950,0.652174,0.752369,0.026022,0.016578
19,121,0.804348,0.554217,0.349812,0.665327,0.195652,0.331862,0.022305,0.069962
19,122,0.586957,0.514056,0.345957,0.486148,0.413043,0.505514,0.026022,0.069191
19,123,0.413043,0.481928,0.000000,0.155728,0.586957,0.849308,0.033457,0.000000
19,124,0.760870,0.546185,0.226281,0.608152,0.239130,0.395778,0.029740,0.045256
19,125,0.478261,0.493976,0.488064,0.350987,0.521739,0.626422,0.029740,0.113343
19,126,0.695652,0.534137,0.241234,0.583366,0.304348,0.418723,0.033457,0.048247
19,127,0.608696,0.518072,0.000000,0.312051,0.391304,0.698040,0.026022,0.000000
19,128,0.456522,0.489960,0.000000,0.411501,0.543478,0.601807,0.029740,0.000000
19,129,0.543478,0.506024,0.166304,0.615218,0.456522,0.393112,0.029740,0.033261
19,130,0.478261,0.493976,0.000000,0.460169,0.521739,0.554712,0.029740,0.000000
19,131,0.500000,0.497992,0.416612,0.465158,0.500000,0.520912,0.033457,0.083322
19,132,0.695652,0.534137,0.316591,0.606320,0.304348,0.391271,0.029740,0.063318
19,133,0.000000,0.405622,0.000000,0.072253,1.000000,0.930084,0.063197,0.000000
19,134,0.586957,0.514056,0.118094,0.466539,0.413043,0.540336,0.026022,0.023619
19,135,0.369565,0.473896,0.459024,0.513995,0.630435,0.470704,0.044610,0.091805
19,136,0.543478,0.506024,0.234755,0.282253,0.456522,0.710549,0.033457,0.046951
19,137,0.826087,0.558233,0.432355,0.915418,0.173913,0.084118,0.026022,0.086471
19,138,0.652174,0.526104,0.000000,0.643412,0.347826,0.377396,0.033457,0.000000
19,139,0.217391,0.445783,0.194489,0.217511,0.782609,0.775997,0.040892,0.038898
19,140,0.347826,0.469880,0.347825,0.434621,0.652174,0.555245,0.033457,0.069565
19,141,0.413043,0.481928,0.122592,0.228667,0.586957,0.770202,0.033457,0.028470
19,142,0.391304,0.477912,0.228107,0.360929,0.608696,0.634880,0.029740,0.045621
19,143,0.543478,0.506024,0.000000,0.498793,0.456522,0.517338,0.029740,0.000000
19,144,0.586957,0.514056,0.221238,0.364592,0.413043,0.631813,0.026022,0.044248
19,145,0.260870,0.453815,0.154844,0.305978,0.739130,0.693149,0.059480,0.030969
19,146,0.217391,0.445783,0.128974,0.185132,0.782609,0.811886,0.048327,0.025795
19,147,0.608696,0.518072,0.629184,0.649051,0.391304,0.328183,0.026022,0.125837
19,148,0.326087,0.465863,0.557365,0.428135,0.673913,0.546948,0.040892,0.129437
19,149,0.347826,0.469880,0.493864,0.466574,0.652174,0.514169,0.026022,0.098773
19,150,0.543478,0.506024,0.000000,0.305790,0.456522,0.704099,0.026022,0.000000
19,151,0.760870,0.546185,0.295842,0.601962,0.239130,0.396931,0.022305,0.059168
19,152,0.391304,0.477912,0.450039,0.193313,0.608696,0.781640,0.033457,0.104513
19,153,0.565217,0.510040,0.093735,0.526430,0.434783,0.484075,0.029740,0.018747
19,154,0.391304,0.477912,0.278876,0.447133,0.608696,0.547933,0.048327,0.055775
19,155,0.500000,0.497992,0.624784,0.472654,0.500000,0.499181,0.029740,0.124957
19,156,0.673913,0.530120,0.334069,0.770144,0.326087,0.231530,0.026022,0.066814
19,157,0.260870,0.453815,0.092477,0.179970,0.739130,0.819419,0.044610,0.018495
19,158,0.739130,0.542169,0.127177,0.632908,0.260870,0.378715,0.029740,0.025435
19,159,0.695652,0.534137,0.364537,0.646469,0.304348,0.349086,0.029740,0.072907
19,160,0.239130,0.449799,0.000000,0.320289,0.760870,0.690069,0.052045,0.000000
19,161,0.369565,0.473896,0.000000,0.386939,0.630435,0.625575,0.037175,0.000000
19,162,0.391304,0.477912,0.055262,0.253134,0.608696,0.751209,0.033457,0.011052
19,163,0.391304,0.477912,0.000000,0.283538,0.608696,0.725632,0.029740,0.000000
19,164,0.652174,0.526104,0.337870,0.394126,0.347826,0.595123,0.029740,0.067574
19,165,0.434783,0.485944,0.414595,0.557242,0.565217,0.431946,0.026022,0.082919
19,166,0.543478,0.506024,0.180486,0.500052,0.456522,0.503568,0.026022,0.036097
19,167,0.326087,0.465863,0.236632,0.282952,0.673913,0.709742,0.026022,0.054953
19,168,0.456522,0.489960,0.277983,0.428310,0.543478,0.566209,0.029740,0.055597
19,169,0.565217,0.510040,0.221994,0.573412,0.434783,0.429693,0.022305,0.044399
19,170,0.434783,0.485944,0.000000,0.475583,0.565217,0.539797,0.040892,0.000000
19,171,0.826087,0.558233,0.392268,0.634530,0.173913,0.358710,0.029740,0.078454
19,172,0.826087,0.558233,0.000000,0.674247,0.173913,0.347558,0.026022,0.000000
19,173,0.478261,0.493976,0.000000,0.567772,0.521739,0.450590,0.037175,0.000000
19,174,0.456522,0.489960,0.383698,0.407762,0.543478,0.578741,0.026022,0.076740
19,175,0.478261,0.493976,0.225611,0.406927,0.521739,0.590543,0.033457,0.045122
19,176,0.521739,0.502008,0.304435,0.290167,0.478261,0.698045,0.022305,0.060887
19,177,0.521739,0.502008,0.052323,0.406275,0.478261,0.603225,0.033457,0.010465
19,178,0.695652,0.534137,0.285272,0.754741,0.304348,0.249828,0.029740,0.057054
19,179,0.739130,0.542169,0.168582,0.586529,0.260870,0.420715,0.029740,0.033716
19,180,0.369565,0.473896,0.086309,0.370479,0.630435,0.635500,0.029740,0.017262
19,181,0.391304,0.477912,0.151641,0.340446,0.608696,0.660018,0.040892,0.030328
19,182,0.326087,0.465863,0.094025,0.122958,0.673913,0.874480,0.044610,0.018805
19,183,0.652174,0.526104,0.295102,0.310302,0.347826,0.679210,0.022305,0.059020
19,184,0.500000,0.497992,0.042604,0.379597,0.500000,0.629716,0.026022,0.008521
19,185,0.521739,0.502008,0.469319,0.536707,0.478261,0.448011,0.029740,0.093864
19,186,0.434783,0.485944,0.266498,0.489680,0.565217,0.507622,0.029740,0.053300
19,187,0.586957,0.514056,0.093586,0.451070,0.413043,0.557009,0.026022,0.018717
19,188,0.913043,0.574297,0.402679,0.547581,0.086957,0.442123,0.022305,0.080536
19,189,0.673913,0.530120,0.372308,0.669748,0.326087,0.326019,0.026022,0.074462
19,190,0.673913,0.530120,0.104388,0.360145,0.326087,0.644243,0.022305,0.020878
19,191,0.543478,0.506024,0.372175,0.512160,0.456522,0.478521,0.029740,0.074435
19,192,0.695652,0.534137,0.224681,0.486137,0.304348,0.513959,0.026022,0.044936
19,193,0.543478,0.506024,0.279196,0.512295,0.456522,0.484856,0.033457,0.055839
19,194,0.478261,0.493976,0.380662,0.506116,0.521739,0.483779,0.033457,0.076132
19,195,0.760870,0.546185,0.000000,0.518280,0.239130,0.498481,0.029740,0.000000
19,196,0.543478,0.506024,0.038948,0.295550,0.456522,0.711300,0.033457,0.007790
19,197,0.739130,0.542169,0.543921,0.745935,0.260870,0.240362,0.022305,0.108784
19,198,0.826087,0.558233,0.411151,0.435089,0.173913,0.550388,0.026022,0.082230
19,199,0.934783,0.578313,0.326668,0.598604,0.065217,0.398036,0.022305,0.065334
19,200,0.456522,0.489960,0.000000,0.304474,0.543478,0.705372,0.033457,0.000000
19,201,0.326087,0.465863,0.277281,0.394898,0.673913,0.598589,0.037175,0.055456
19,202,0.521739,0.502008,0.077772,0.539814,0.478261,0.472234,0.033457,0.015554
19,203,0.478261,0.493976,0.323682,0.225799,0.521739,0.758993,0.026022,0.064736
19,204,0.717391,0.538153,0.118680,0.588101,0.282609,0.422664,0.022305,0.023736
19,205,0.500000,0.497992,0.079831,0.320916,0.500000,0.683910,0.026022,0.015966
19,206,0.434783,0.485944,0.309090,0.637964,0.565217,0.361172,0.029740,0.061818
19,207,0.760870,0.546185,0.473195,0.675308,0.239130,0.313623,0.026022,0.094639
19,208,0.456522,0.489960,0.069149,0.241986,0.543478,0.761031,0.026022,0.013830
19,209,0.565217,0.510040,0.321517,0.567071,0.434783,0.428908,0.026022,0.064303
19,210,0.565217,0.510040,0.127664,0.535100,0.434783,0.473327,0.026022,0.025533
19,211,0.608696,0.518072,0.355075,0.572528,0.391304,0.421294,0.029740,0.071015
19,212,0.739130,0.542169,0.598145,0.677093,0.260870,0.303206,0.022305,0.119629
19,213,0.760870,0.546185,0.833255,0.749856,0.239130,0.216445,0.026022,0.166651
19,214,0.282609,0.457831,0.004077,0.221224,0.717391,0.785646,0.044610,0.000815
19,215,0.652174,0.526104,0.797561,0.717701,0.347826,0.250043,0.029740,0.159512
19,216,0.652174,0.526104,0.230331,0.584558,0.347826,0.418328,0.029740,0.046066
19,217,0.413043,0.481928,0.226731,0.309158,0.586957,0.685072,0.029740,0.045346
19,218,0.630435,0.522088,0.377793,0.560220,0.369565,0.431624,0.026022,0.075559
19,219,0.608696,0.518072,0.480886,0.434048,0.391304,0.546546,0.022305,0.096177
19,220,0.434783,0.485944,0.000000,0.292456,0.565217,0.717002,0.037175,0.000000
19,221,0.521739,0.502008,0.054961,0.338848,0.478261,0.668288,0.022305,0.010992
19,222,0.608696,0.518072,0.543018,0.691801,0.391304,0.292808,0.029740,0.108604
19,223,0.630435,0.522088,0.348507,0.665417,0.369565,0.331865,0.026022,0.069701
19,224,0.717391,0.538153,0.212557,0.365632,0.282609,0.631410,0.029740,0.042511
19,225,0.282609,0.457831,0.081585,0.211644,0.717391,0.789527,0.037175,0.016317
19,226,0.304348,0.461847,0.226084,0.226770,0.695652,0.764841,0.040892,0.045217
19,227,0.565217,0.510040,0.052977,0.373736,0.434783,0.634666,0.029740,0.010595
19,228,0.586957,0.514056,0.348299,0.387949,0.413043,0.600375,0.026022,0.069660
19,229,0.804348,0.554217,0.290936,0.771412,0.195652,0.233302,0.026022,0.058187
19,230,0.369565,0.473896,0.661167,0.457485,0.630435,0.511329,0.026022,0.132233
19,231,0.413043,0.481928,0.113668,0.386998,0.586957,0.617612,0.033457,0.022734
19,232,0.695652,0.534137,0.121519,0.660376,0.304348,0.352529,0.033457,0.024304
19,233,0.326087,0.465863,0.248194,0.199047,0.673913,0.790129,0.029740,0.049639
19,234,0.478261,0.493976,0.267462,0.532022,0.521739,0.466582,0.022305,0.053492
19,235,0.565217,0.510040,0.133850,0.356158,0.434783,0.646052,0.022305,0.031084
19,236,0.173913,0.437751,0.098588,0.175564,0.826087,0.823258,0.063197,0.019718
19,237,0.804348,0.554217,0.394569,0.679278,0.195652,0.315249,0.026022,0.078914
19,238,0.478261,0.493976,0.171628,0.197597,0.521739,0.796857,0.029740,0.034326
19,239,0.413043,0.481928,0.505495,0.500778,0.586957,0.480262,0.033457,0.101099
19,240,0.304348,0.461847,0.003790,0.133603,0.695652,0.870454,0.037175,0.000758
19,241,0.456522,0.489960,0.000000,0.191844,0.543478,0.814360,0.033457,0.000000
19,242,0.673913,0.530120,0.295057,0.775568,0.326087,0.228994,0.022305,0.059011
19,243,0.347826,0.469880,0.545381,0.401781,0.652174,0.573284,0.033457,0.109076
19,244,0.695652,0.534137,0.189224,0.544309,0.304348,0.460135,0.029740,0.037845
19,245,0.369565,0.473896,0.374126,0.376428,0.630435,0.609727,0.033457,0.074825
19,246,0.478261,0.493976,0.239498,0.446370,0.521739,0.551410,0.029740,0.055619
19,247,0.652174,0.526104,0.201014,0.544540,0.347826,0.459091,0.029740,0.040203
19,248,0.434783,0.485944,0.336002,0.454139,0.565217,0.537181,0.026022,0.067200
19,249,0.369565,0.473896,0.156904,0.298932,0.630435,0.699823,0.029740,0.031381
20,0,0.565217,0.510040,0.494086,0.388266,0.434783,0.597990,0.025926,0.098817
20,1,0.760870,0.546185,0.206739,0.461667,0.239130,0.543428,0.025926,0.041348
20,2,0.804348,0.554217,0.487365,0.636348,0.195652,0.359279,0.025926,0.097473
20,3,0.478261,0.493976,0.489831,0.338240,0.521739,0.646443,0.025926,0.098648
20,4,0.739130,0.542169,0.306720,0.700960,0.260870,0.307180,0.022222,0.061344
20,5,0.326087,0.465863,0.000000,0.316815,0.673913,0.694669,0.029630,0.000000
20,6,0.586957,0.514056,0.458434,0.599512,0.413043,0.396409,0.029630,0.091687
20,7,0.521739,0.502008,0.443201,0.483584,0.478261,0.508992,0.029630,0.088640
20,8,0.282609,0.457831,0.000000,0.092917,0.717391,0.910451,0.040741,0.000000
20,9,0.456522,0.489960,0.000000,0.209808,0.543478,0.797797,0.033333,0.000000
20,10,0.500000,0.497992,0.343923,0.427588,0.500000,0.568548,0.025926,0.068785
20,11,0.391304,0.477912,0.797046,0.548048,0.608696,0.426944,0.040741,0.159409
20,12,0.739130,0.542169,0.581637,0.667003,0.260870,0.324429,0.022222,0.116327
20,13,0.630435,0.522088,0.000000,0.439861,0.369565,0.576084,0.025926,0.000000
20,14,0.521739,0.502008,0.313987,0.332521,0.478261,0.661854,0.033333,0.062797
20,15,0.956522,0.582329,0.643836,1.000000,0.043478,0.000000,0.022222,0.128767
20,16,0.413043,0.481928,0.000000,0.287658,0.586957,0.722770,0.029630,0.000000
20,17,0.565217,0.510040,0.383808,0.532601,0.434783,0.465096,0.025926,0.076762
20,18,0.608696,0.518072,0.975065,0.699715,0.391304,0.270751,0.025926,0.195013
20,19,0.565217,0.510040,0.176587,0.436239,0.434783,0.569632,0.029630,0.035317
20,20,0.608696,0.518072,0.000000,0.503232,0.391304,0.515010,0.025926,0.000000
20,21,0.282609,0.457831,0.000000,0.089825,0.717391,0.913431,0.040741,0.000000
20,22,0.608696,0.518072,0.047231,0.525584,0.391304,0.490809,0.025926,0.009446
20,23,0.478261,0.493976,0.960810,0.530829,0.521739,0.434318,0.033333,0.192162
20,24,0.434783,0.485944,0.421843,0.333731,0.565217,0.654615,0.040741,0.084369
20,25,0.456522,0.489960,0.000000,0.245668,0.543478,0.763237,0.022222,0.000000
20,26,0.173913,0.437751,0.061050,0.101462,0.826087,0.898779,0.051852,0.012210
20,27,0.608696,0.518072,0.612501,0.433254,0.391304,0.547966,0.025926,0.122500
20,28,0.565217,0.510040,0.000000,0.235980,0.434783,0.772574,0.025926,0.000000
20,29,0.326087,0.465863,0.466189,0.338372,0.673913,0.647646,0.029630,0.093238
20,30,0.543478,0.506024,0.266829,0.238615,0.456522,0.755011,0.037037,0.053366
20,31,0.413043,0.481928,0.187819,0.390581,0.586957,0.613002,0.022222,0.037564
20,32,0.521739,0.502008,0.460673,0.531167,0.478261,0.462150,0.022222,0.092135
20,33,0.478261,0.493976,0.680277,0.500367,0.521739,0.479470,0.037037,0.136055
20,34,0.456522,0.489960,0.456228,0.239718,0.543478,0.743286,0.022222,0.091246
20,35,0.500000,0.497992,0.164338,0.586476,0.500000,0.425531,0.033333,0.032868
20,36,0.652174,0.526104,0.291915,0.348041,0.347826,0.648140,0.029630,0.058383
20,37,0.369565,0.473896,0.367275,0.077612,0.630435,0.904523,0.029630,0.073455
20,38,0.521739,0.502008,0.550053,0.579027,0.478261,0.410993,0.029630,0.110011
20,39,0.695652,0.534137,0.492007,0.477534,0.304348,0.512076,0.022222,0.098401
20,40,0.586957,0.514056,0.000000,0.449980,0.413043,0.566331,0.025926,0.000000
20,41,0.543478,0.506024,0.544685,0.750465,0.456522,0.246072,0.025926,0.108937
20,42,0.500000,0.497992,0.494840,0.398167,0.500000,0.588406,0.025926,0.098968
20,43,0.782609,0.550201,0.561709,0.786312,0.217391,0.210566,0.025926,0.112342
20,44,0.434783,0.485944,0.622219,0.449154,0.565217,0.532095,0.033333,0.124444
20,45,0.652174,0.526104,0.423069,0.367151,0.347826,0.622338,0.022222,0.084614
20,46,0.586957,0.514056,0.563069,0.341953,0.413043,0.638741,0.025926,0.112614
20,47,0.630435,0.522088,0.608600,0.695868,0.369565,0.295092,0.033333,0.121720
20,48,0.673913,0.530120,0.241299,0.440887,0.326087,0.561509,0.025926,0.048260
20,49,0.500000,0.497992,0.410509,0.450947,0.500000,0.542287,0.025926,0.082102
20,50,0.630435,0.522088,0.582519,0.573091,0.369565,0.414886,0.022222,0.116504
20,51,0.391304,0.477912,0.000000,0.355986,0.608696,0.656918,0.037037,0.000000
20,52,0.760870,0.546185,0.463313,0.576040,0.239130,0.418756,0.025926,0.092663
20,53,0.326087,0.465863,0.523605,0.359935,0.673913,0.623633,0.037037,0.104721
20,54,0.304348,0.461847,0.181171,0.167999,0.695652,0.827890,0.033333,0.036234
20,55,0.543478,0.506024,0.076986,0.494499,0.456522,0.519092,0.029630,0.015397
20,56,0.565217,0.510040,0.308858,0.467654,0.434783,0.531909,0.025926,0.061772
20,57,0.500000,0.497992,0.557637,0.487287,0.500000,0.498981,0.029630,0.112303
20,58,0.456522,0.489960,0.388570,0.540975,0.543478,0.456758,0.033333,0.077714
20,59,0.304348,0.461847,0.328377,0.395991,0.695652,0.599875,0.033333,0.065675
20,60,0.304348,0.461847,0.000000,0.182630,0.695652,0.823990,0.062963,0.000000
20,61,0.891304,0.570281,0.578607,0.798721,0.108696,0.197655,0.022222,0.115721
20,62,0.456522,0.489960,0.403091,0.385265,0.543478,0.606005,0.022222,0.080618
20,63,0.195652,0.441767,0.328930,0.263540,0.804348,0.727493,0.062963,0.065786
20,64,0.260870,0.453815,0.114809,0.082074,0.739130,0.914437,0.040741,0.022962
20,65,0.304348,0.461847,0.000000,0.407013,0.695652,0.607741,0.033333,0.000000
20,66,0.543478,0.506024,0.000000,0.486370,0.456522,0.531261,0.029630,0.000000
20,67,0.543478,0.506024,0.032120,0.288520,0.456522,0.720130,0.025926,0.006424
20,68,0.586957,0.514056,0.667037,0.700294,0.413043,0.287536,0.025926,0.133407
20,69,0.521739,0.502008,0.000000,0.290103,0.478261,0.720413,0.025926,0.000000
20,70,0.608696,0.518072,0.291910,0.444137,0.391304,0.555528,0.022222,0.058382
20,71,0.521739,0.502008,0.815618,0.445457,0.478261,0.524769,0.025926,0.164258
20,72,0.434783,0.485944,0.000000,0.317785,0.565217,0.693734,0.037037,0.000000
20,73,0.586957,0.514056,0.223921,0.166201,0.413043,0.827217,0.033333,0.045096
20,74,0.630435,0.522088,0.020373,0.482187,0.369565,0.534145,0.025926,0.004075
20,75,0.913043,0.574297,0.754110,0.775891,0.086957,0.209776,0.022222,0.150822
20,76,0.565217,0.510040,0.424722,0.437719,0.434783,0.554236,0.033333,0.084944
20,77,0.847826,0.562249,0.585261,0.644962,0.152174,0.345466,0.029630,0.117867
20,78,0.652174,0.526104,0.000000,0.424190,0.347826,0.591186,0.025926,0.000000
20,79,0.586957,0.514056,1.000000,0.664047,0.413043,0.303722,0.025926,0.200000
20,80,0.347826,0.469880,0.274540,0.216968,0.652174,0.775440,0.044444,0.054908
20,81,0.652174,0.526104,0.000000,0.545314,0.347826,0.474454,0.025926,0.000000
20,82,0.434783,0.485944,0.000000,0.402569,0.565217,0.612023,0.033333,0.000000
20,83,0.695652,0.534137,0.392696,0.464955,0.304348,0.529790,0.022222,0.078539
20,84,0.369565,0.473896,0.062941,0.295353,0.630435,0.711809,0.025926,0.012588
20,85,0.934783,0.578313,0.207100,0.756903,0.065217,0.258874,0.022222,0.041420
20,86,0.239130,0.449799,0.000000,0.134660,0.760870,0.870221,0.048148,0.000000
20,87,0.673913,0.530120,0.017279,0.627237,0.326087,0.394527,0.033333,0.003456
20,88,0.608696,0.518072,0.447629,0.525935,0.391304,0.467927,0.025926,0.089526
20,89,0.195652,0.441767,0.000000,0.000000,0.804348,1.000000,0.074074,0.000000
20,90,0.239130,0.449799,0.000000,0.143594,0.760870,0.861611,0.040741,0.000000
20,91,0.456522,0.489960,0.624150,0.350356,0.543478,0.627204,0.022222,0.125698
20,92,0.543478,0.506024,0.466223,0.544201,0.456522,0.449276,0.029630,0.093245
20,93,0.695652,0.534137,0.143032,0.616372,0.304348,0.397918,0.025926,0.028606
20,94,0.478261,0.493976,0.000000,0.176928,0.521739,0.829485,0.033333,0.000000
20,95,0.586957,0.514056,0.000000,0.342834,0.413043,0.669593,0.029630,0.000000
20,96,0.543478,0.506024,0.558836,0.481181,0.456522,0.504798,0.025926,0.111767
20,97,0.500000,0.497992,0.227828,0.537555,0.500000,0.469103,0.022222,0.045566
20,98,0.543478,0.506024,0.586984,0.630699,0.456522,0.359115,0.025926,0.117397
20,99,0.652174,0.526104,0.576481,0.576366,0.347826,0.412070,0.022222,0.115296
20,100,0.543478,0.506024,0.366410,0.616529,0.456522,0.385190,0.025926,0.073282
20,101,0.586957,0.514056,0.531316,0.500044,0.413043,0.488168,0.025926,0.106263
20,102,0.413043,0.481928,0.000000,0.412020,0.586957,0.602915,0.033333,0.000000
20,103,0.913043,0.574297,0.250129,0.759468,0.086957,0.253980,0.022222,0.050026
20,104,0.413043,0.481928,0.000000,0.293074,0.586957,0.717550,0.029630,0.000000
20,105,0.173913,0.437751,0.000000,0.224440,0.826087,0.783695,0.051852,0.000000
20,106,0.586957,0.514056,0.000000,0.508045,0.413043,0.510371,0.033333,0.000000
20,107,0.347826,0.469880,0.691709,0.325995,0.652174,0.646877,0.044444,0.138342
20,108,0.434783,0.485944,0.000000,0.282838,0.565217,0.727414,0.025926,0.000000
20,109,0.347826,0.469880,0.000000,0.245502,0.652174,0.763398,0.048148,0.000000
20,110,0.869565,0.566265,0.566002,0.730132,0.130435,0.264468,0.025926,0.113200
20,111,0.521739,0.502008,0.000000,0.370480,0.478261,0.642949,0.025926,0.000000
20,112,0.565217,0.510040,0.000000,0.443232,0.434783,0.572835,0.029630,0.000000
20,113,0.608696,0.518072,0.371032,0.599731,0.391304,0.401119,0.029630,0.074206
20,114,0.608696,0.518072,0.341887,0.337171,0.391304,0.655803,0.025926,0.068377
20,115,0.369565,0.473896,0.293254,0.318262,0.630435,0.676764,0.033333,0.058651
20,116,0.478261,0.493976,0.000000,0.316810,0.521739,0.694674,0.025926,0.000000
20,117,1.000000,0.590361,0.408453,0.875134,0.000000,0.133592,0.025926,0.081691
20,118,0.434783,0.485944,0.002542,0.349627,0.565217,0.662904,0.025926,0.000508
20,119,0.282609,0.457831,0.614811,0.434838,0.717391,0.546309,0.037037,0.122962
20,120,0.347826,0.469880,0.041029,0.302852,0.652174,0.705816,0.025926,0.008206
20,121,0.804348,0.554217,0.526343,0.595054,0.195652,0.396882,0.022222,0.105269
20,122,0.586957,0.514056,0.449737,0.338028,0.413043,0.648905,0.025926,0.090573
20,123,0.413043,0.481928,0.254314,0.230571,0.586957,0.763469,0.033333,0.050863
20,124,0.760870,0.546185,0.481710,0.599123,0.239130,0.395473,0.029630,0.096342
20,125,0.478261,0.493976,0.225017,0.487431,0.521739,0.517569,0.033333,0.045003
20,126,0.695652,0.534137,0.139981,0.404435,0.304348,0.602344,0.033333,0.027996
20,127,0.608696,0.518072,0.113499,0.498969,0.391304,0.512728,0.025926,0.022700
20,128,0.456522,0.489960,0.000000,0.368561,0.543478,0.644799,0.029630,0.000000
20,129,0.543478,0.506024,0.435053,0.724717,0.456522,0.277059,0.029630,0.087011
20,130,0.478261,0.493976,0.000000,0.525971,0.521739,0.493095,0.029630,0.000000
20,131,0.500000,0.497992,0.181941,0.437914,0.500000,0.567716,0.033333,0.036388
20,132,0.695652,0.534137,0.434600,0.686877,0.304348,0.313553,0.029630,0.086920
20,133,0.000000,0.405622,0.000000,0.042659,1.000000,0.958887,0.062963,0.000000
20,134,0.586957,0.514056,0.000000,0.453896,0.413043,0.562557,0.025926,0.000000
20,135,0.369565,0.473896,0.533515,0.375571,0.630435,0.608005,0.044444,0.106703
20,136,0.543478,0.506024,0.226105,0.319125,0.456522,0.679713,0.033333,0.045221
20,137,0.826087,0.558233,0.250470,0.857727,0.173913,0.159263,0.025926,0.050094
20,138,0.652174,0.526104,0.000000,0.523408,0.347826,0.495565,0.033333,0.000000
20,139,0.217391,0.445783,0.209433,0.276851,0.782609,0.721393,0.040741,0.041887
20,140,0.347826,0.469880,0.054124,0.404235,0.652174,0.607371,0.033333,0.010825
20,141,0.413043,0.481928,0.000000,0.228497,0.586957,0.779786,0.037037,0.000000
20,142,0.391304,0.477912,0.321435,0.503915,0.608696,0.496254,0.029630,0.064287
20,143,0.543478,0.506024,0.000000,0.513830,0.456522,0.504796,0.029630,0.000000
20,144,0.586957,0.514056,0.345457,0.570084,0.413043,0.431131,0.025926,0.069091
20,145,0.260870,0.453815,0.000000,0.241060,0.739130,0.767678,0.059259,0.000000
20,146,0.217391,0.445783,0.350880,0.174294,0.782609,0.812269,0.048148,0.070176
20,147,0.608696,0.518072,0.401660,0.471144,0.391304,0.523321,0.025926,0.080332
20,148,0.326087,0.465863,0.189576,0.286684,0.673913,0.713035,0.044444,0.037915
20,149,0.347826,0.469880,0.326466,0.359298,0.652174,0.635346,0.025926,0.065293
20,150,0.543478,0.506024,0.000000,0.257044,0.456522,0.752274,0.025926,0.000000
20,151,0.760870,0.546185,0.312434,0.643428,0.239130,0.362305,0.022222,0.062487
20,152,0.391304,0.477912,0.474271,0.195856,0.608696,0.784541,0.037037,0.094854
20,153,0.565217,0.510040,0.386424,0.631985,0.434783,0.369168,0.029630,0.077285
20,154,0.391304,0.477912,0.278426,0.333992,0.608696,0.662439,0.048148,0.055685
20,155,0.500000,0.497992,0.703263,0.460320,0.500000,0.516771,0.029630,0.140653
20,156,0.673913,0.530120,0.480862,0.698018,0.326087,0.300211,0.025926,0.096172
20,157,0.260870,0.453815,0.000000,0.287103,0.739130,0.723304,0.044444,0.000000
20,158,0.739130,0.542169,0.183925,0.562210,0.260870,0.447814,0.029630,0.036785
20,159,0.695652,0.534137,0.493533,0.486799,0.304348,0.503061,0.029630,0.098707
20,160,0.239130,0.449799,0.000000,0.374427,0.760870,0.639146,0.051852,0.000000
20,161,0.369565,0.473896,0.109731,0.401901,0.630435,0.606490,0.037037,0.021946
20,162,0.391304,0.477912,0.342060,0.314768,0.608696,0.677383,0.033333,0.068412
20,163,0.391304,0.477912,0.000000,0.306958,0.608696,0.704169,0.029630,0.000000
20,164,0.652174,0.526104,0.657383,0.488293,0.347826,0.492396,0.029630,0.132391
20,165,0.434783,0.485944,0.113869,0.446473,0.565217,0.563300,0.025926,0.022774
20,166,0.543478,0.506024,0.234761,0.411719,0.456522,0.589988,0.025926,0.046952
20,167,0.326087,0.465863,0.000000,0.358227,0.673913,0.654758,0.029630,0.000000
20,168,0.456522,0.489960,0.169830,0.418765,0.543478,0.586853,0.029630,0.033966
20,169,0.565217,0.510040,0.133901,0.636472,0.434783,0.379061,0.022222,0.026780
20,170,0.434783,0.485944,0.141889,0.493029,0.565217,0.516854,0.040741,0.028378
20,171,0.826087,0.558233,0.375545,0.720159,0.173913,0.284802,0.029630,0.075109
20,172,0.826087,0.558233,0.364325,0.617366,0.173913,0.384501,0.025926,0.072865
20,173,0.478261,0.493976,0.229495,0.551955,0.521739,0.455131,0.037037,0.045899
20,174,0.456522,0.489960,0.541462,0.517041,0.543478,0.471216,0.025926,0.108292
20,175,0.478261,0.493976,0.098938,0.351826,0.521739,0.655357,0.033333,0.019788
20,176,0.521739,0.502008,0.594410,0.295922,0.478261,0.681339,0.022222,0.118882
20,177,0.521739,0.502008,0.041108,0.330274,0.478261,0.679384,0.033333,0.008222
20,178,0.695652,0.534137,0.563069,0.701219,0.304348,0.292497,0.029630,0.112614
20,179,0.739130,0.542169,0.291003,0.716980,0.260870,0.292626,0.029630,0.058201
20,180,0.369565,0.473896,0.000000,0.281754,0.630435,0.728460,0.029630,0.000000
20,181,0.391304,0.477912,0.000000,0.258028,0.608696,0.751325,0.040741,0.000000
20,182,0.326087,0.465863,0.288148,0.299030,0.673913,0.695586,0.044444,0.057630
20,183,0.652174,0.526104,0.386616,0.395669,0.347826,0.596906,0.022222,0.077323
20,184,0.500000,0.497992,0.128320,0.482922,0.500000,0.527359,0.025926,0.025664
20,185,0.521739,0.502008,0.653710,0.579244,0.478261,0.404948,0.029630,0.130742
20,186,0.434783,0.485944,0.067972,0.443520,0.565217,0.568730,0.029630,0.013594
20,187,0.586957,0.514056,0.000000,0.493191,0.413043,0.524687,0.025926,0.000000
20,188,0.913043,0.574297,0.906970,0.621861,0.086957,0.349617,0.022222,0.181394
20,189,0.673913,0.530120,0.709236,0.520283,0.326087,0.458646,0.025926,0.141847
20,190,0.673913,0.530120,0.224906,0.428550,0.326087,0.574322,0.022222,0.044981
20,191,0.543478,0.506024,0.352322,0.547201,0.456522,0.452798,0.029630,0.070464
20,192,0.695652,0.534137,0.555015,0.576053,0.304348,0.413580,0.025926,0.111003
20,193,0.543478,0.506024,0.115496,0.409785,0.456522,0.598567,0.033333,0.023099
20,194,0.478261,0.493976,0.294983,0.336409,0.521739,0.659178,0.033333,0.058997
20,195,0.760870,0.546185,0.151187,0.653867,0.239130,0.361323,0.029630,0.030237
20,196,0.543478,0.506024,0.203036,0.266915,0.456522,0.731329,0.033333,0.040607
20,197,0.739130,0.542169,0.735547,0.774876,0.260870,0.211800,0.022222,0.147109
20,198,0.826087,0.558233,0.348266,0.434157,0.173913,0.561973,0.025926,0.069653
20,199,0.934783,0.578313,0.000000,0.703305,0.065217,0.322189,0.022222,0.000000
20,200,0.456522,0.489960,0.000000,0.295950,0.543478,0.714778,0.033333,0.000000
20,201,0.326087,0.465863,0.159152,0.279940,0.673913,0.721247,0.037037,0.031830
20,202,0.521739,0.502008,0.105124,0.551873,0.478261,0.462214,0.033333,0.021025
20,203,0.478261,0.493976,0.830645,0.489134,0.521739,0.481830,0.025926,0.166129
20,204,0.717391,0.538153,0.246770,0.579072,0.282609,0.428025,0.022222,0.049354
20,205,0.500000,0.497992,0.266441,0.337406,0.500000,0.659824,0.025926,0.053288
20,206,0.434783,0.485944,0.717644,0.623429,0.565217,0.358766,0.029630,0.143529
20,207,0.760870,0.546185,0.282726,0.537516,0.239130,0.466051,0.025926,0.056545
20,208,0.456522,0.489960,0.128665,0.355778,0.543478,0.649874,0.025926,0.025733
20,209,0.565217,0.510040,0.196122,0.544158,0.434783,0.464525,0.025926,0.039224
20,210,0.565217,0.510040,0.090841,0.530613,0.434783,0.483507,0.025926,0.018168
20,211,0.608696,0.518072,0.429841,0.628906,0.391304,0.369691,0.029630,0.085968
20,212,0.739130,0.542169,0.529251,0.618863,0.260870,0.373773,0.022222,0.105850
20,213,0.760870,0.546185,0.695423,0.754150,0.239130,0.234034,0.025926,0.139085
20,214,0.282609,0.457831,0.023915,0.266632,0.717391,0.741687,0.044444,0.004783
20,215,0.652174,0.526104,0.632788,0.599201,0.347826,0.386893,0.029630,0.126558
20,216,0.652174,0.526104,0.216658,0.639094,0.347826,0.371874,0.029630,0.043332
20,217,0.413043,0.481928,0.072059,0.245755,0.586957,0.759096,0.029630,0.014412
20,218,0.630435,0.522088,0.429488,0.490214,0.369565,0.503375,0.025926,0.085898
20,219,0.608696,0.518072,0.159477,0.495167,0.391304,0.513803,0.022222,0.031895
20,220,0.434783,0.485944,0.000000,0.306481,0.565217,0.704629,0.037037,0.000000
20,221,0.521739,0.502008,0.000000,0.284662,0.478261,0.725657,0.022222,0.000000
20,222,0.608696,0.518072,0.439256,0.677212,0.391304,0.322606,0.029630,0.087851
20,223,0.630435,0.522088,0.302298,0.672379,0.369565,0.334974,0.025926,0.060460
20,224,0.717391,0.538153,0.135716,0.478855,0.282609,0.530862,0.029630,0.027143
20,225,0.282609,0.457831,0.000000,0.260396,0.717391,0.749043,0.037037,0.000000
20,226,0.304348,0.461847,0.208003,0.262971,0.695652,0.734851,0.040741,0.041601
20,227,0.565217,0.510040,0.000000,0.432914,0.434783,0.582778,0.029630,0.000000
20,228,0.586957,0.514056,0.383046,0.380930,0.413043,0.611313,0.025926,0.076609
20,229,0.804348,0.554217,0.449576,0.742279,0.195652,0.259316,0.025926,0.089915
20,230,0.369565,0.473896,0.480081,0.371346,0.630435,0.615086,0.025926,0.096016
20,231,0.413043,0.481928,0.000000,0.269018,0.586957,0.740733,0.033333,0.000000
20,232,0.695652,0.534137,0.099045,0.710807,0.304348,0.309382,0.033333,0.019809
20,233,0.326087,0.465863,0.157988,0.371014,0.673913,0.633540,0.029630,0.031598
20,234,0.478261,0.493976,0.426905,0.519177,0.521739,0.475607,0.022222,0.085381
20,235,0.565217,0.510040,0.000000,0.446899,0.434783,0.569300,0.025926,0.000000
20,236,0.173913,0.437751,0.381853,0.256308,0.826087,0.731484,0.062963,0.076371
20,237,0.804348,0.554217,0.516163,0.533380,0.195652,0.456894,0.025926,0.103233
20,238,0.478261,0.493976,0.261570,0.191462,0.521739,0.800752,0.029630,0.052314
20,239,0.413043,0.481928,0.561918,0.463746,0.586957,0.521427,0.033333,0.113165
20,240,0.304348,0.461847,0.141461,0.165127,0.695652,0.832894,0.037037,0.028292
20,241,0.456522,0.489960,0.000000,0.284102,0.543478,0.726197,0.033333,0.000000
20,242,0.673913,0.530120,0.641510,0.900654,0.326087,0.095876,0.022222,0.128302
20,243,0.347826,0.469880,0.600704,0.413868,0.652174,0.567314,0.033333,0.120141
20,244,0.695652,0.534137,0.369207,0.496989,0.304348,0.500239,0.029630,0.073841
20,245,0.369565,0.473896,0.452284,0.483741,0.630435,0.508330,0.033333,0.090457
20,246,0.478261,0.493976,0.172722,0.734418,0.521739,0.282480,0.033333,0.034544
20,247,0.652174,0.526104,0.136383,0.657555,0.347826,0.358603,0.029630,0.027277
20,248,0.434783,0.485944,0.429081,0.399050,0.565217,0.591257,0.025926,0.085816
20,249,0.369565,0.473896,0.239124,0.263884,0.630435,0.732219,0.029630,0.047825
21,0,0.565217,0.510040,0.692856,0.443867,0.434783,0.542997,0.025830,0.138571
21,1,0.760870,0.546185,0.000000,0.615831,0.239130,0.407529,0.025830,0.000000
21,2,0.804348,0.554217,0.653740,0.731733,0.195652,0.267742,0.025830,0.130748
21,3,0.478261,0.493976,0.094546,0.325250,0.521739,0.682998,0.029520,0.018909
21,4,0.739130,0.542169,0.000000,0.548055,0.260870,0.472734,0.022140,0.000000
21,5,0.326087,0.465863,0.000000,0.337244,0.673913,0.675548,0.029520,0.000000
21,6,0.586957,0.514056,0.683368,0.658630,0.413043,0.336790,0.029520,0.136674
21,7,0.521739,0.502008,0.941213,0.656544,0.478261,0.327642,0.029520,0.188243
21,8,0.282609,0.457831,0.103713,0.274910,0.717391,0.731031,0.040590,0.020743
21,9,0.456522,0.489960,0.000000,0.201829,0.543478,0.805827,0.033210,0.000000
21,10,0.500000,0.497992,0.831082,0.585040,0.500000,0.401199,0.025830,0.166216
21,11,0.391304,0.477912,0.634510,0.385402,0.608696,0.601768,0.040590,0.126902
21,12,0.739130,0.542169,0.851508,0.514471,0.260870,0.468207,0.022140,0.156012
21,13,0.630435,0.522088,0.007862,0.297892,0.369565,0.713068,0.025830,0.001440
21,14,0.521739,0.502008,0.187946,0.455545,0.478261,0.553604,0.033210,0.037589
21,15,0.956522,0.582329,0.876821,1.000000,0.043478,0.000000,0.022140,0.175364
21,16,0.413043,0.481928,0.018264,0.347182,0.586957,0.665197,0.029520,0.003653
21,17,0.565217,0.510040,0.445638,0.396728,0.434783,0.599042,0.025830,0.089128
21,18,0.608696,0.518072,0.531133,0.415774,0.391304,0.577020,0.025830,0.106227
21,19,0.565217,0.510040,0.453704,0.382704,0.434783,0.612185,0.029520,0.090741
21,20,0.608696,0.518072,0.227165,0.400144,0.391304,0.605207,0.025830,0.045433
21,21,0.282609,0.457831,0.000000,0.173762,0.717391,0.832830,0.040590,0.000000
21,22,0.608696,0.518072,0.314443,0.500851,0.391304,0.504544,0.025830,0.062889
21,23,0.478261,0.493976,0.901709,0.548013,0.521739,0.433765,0.033210,0.165210
21,24,0.434783,0.485944,0.349472,0.341361,0.565217,0.656469,0.040590,0.064030
21,25,0.456522,0.489960,0.000000,0.344824,0.543478,0.668256,0.022140,0.000000
21,26,0.173913,0.437751,0.031077,0.111592,0.826087,0.891297,0.051661,0.006215
21,27,0.608696,0.518072,0.000000,0.311734,0.391304,0.700091,0.025830,0.000000
21,28,0.565217,0.510040,0.000000,0.216178,0.434783,0.792022,0.025830,0.000000
21,29,0.326087,0.465863,0.153583,0.225496,0.673913,0.776414,0.029520,0.030717
21,30,0.543478,0.506024,0.004590,0.323962,0.456522,0.688128,0.036900,0.000918
21,31,0.413043,0.481928,0.248690,0.389935,0.586957,0.614098,0.022140,0.049738
21,32,0.521739,0.502008,0.477800,0.458343,0.478261,0.538373,0.022140,0.095560
21,33,0.478261,0.493976,0.262716,0.587976,0.521739,0.422961,0.036900,0.052543
21,34,0.456522,0.489960,0.000000,0.303998,0.543478,0.707533,0.022140,0.000000
21,35,0.500000,0.497992,0.000000,0.472017,0.500000,0.545888,0.033210,0.000000
21,36,0.652174,0.526104,0.053036,0.344079,0.347826,0.666678,0.029520,0.010607
21,37,0.369565,0.473896,0.290641,0.249669,0.630435,0.747228,0.029520,0.053251
21,38,0.521739,0.502008,0.150475,0.442118,0.478261,0.568142,0.029520,0.030095
21,39,0.695652,0.534137,0.069407,0.606081,0.304348,0.413906,0.022140,0.013881
21,40,0.586957,0.514056,0.000000,0.385668,0.413043,0.628961,0.025830,0.000000
21,41,0.543478,0.506024,0.124113,0.644322,0.456522,0.374749,0.025830,0.024823
21,42,0.500000,0.497992,0.087934,0.474387,0.500000,0.539803,0.025830,0.017587
21,43,0.782609,0.550201,0.703804,0.701941,0.217391,0.294238,0.025830,0.140761
21,44,0.434783,0.485944,0.007913,0.380747,0.565217,0.633354,0.033210,0.001583
21,45,0.652174,0.526104,0.595020,0.305673,0.347826,0.680181,0.022140,0.119004
21,46,0.586957,0.514056,0.770442,0.546766,0.413043,0.440644,0.025830,0.154088
21,47,0.630435,0.522088,0.820093,0.565101,0.369565,0.420857,0.033210,0.164019
21,48,0.673913,0.530120,0.258701,0.423216,0.326087,0.581646,0.025830,0.051740
21,49,0.500000,0.497992,0.309588,0.466265,0.500000,0.538029,0.025830,0.061918
21,50,0.630435,0.522088,0.875690,0.736607,0.369565,0.253451,0.022140,0.175138
21,51,0.391304,0.477912,0.000000,0.135665,0.608696,0.869481,0.036900,0.000000
21,52,0.760870,0.546185,0.590730,0.631992,0.239130,0.366425,0.025830,0.118146
21,53,0.326087,0.465863,0.557825,0.429000,0.673913,0.563141,0.036900,0.111565
21,54,0.304348,0.461847,0.248250,0.206663,0.695652,0.790436,0.033210,0.049650
21,55,0.543478,0.506024,0.322734,0.468148,0.456522,0.535648,0.029520,0.064547
21,56,0.565217,0.510040,0.637346,0.485667,0.434783,0.505184,0.025830,0.127469
21,57,0.500000,0.497992,0.080403,0.407220,0.500000,0.604748,0.033210,0.016081
21,58,0.456522,0.489960,0.266823,0.507692,0.543478,0.500023,0.033210,0.053365
21,59,0.304348,0.461847,0.149853,0.281661,0.695652,0.722540,0.033210,0.029971
21,60,0.304348,0.461847,0.027414,0.245864,0.695652,0.762276,0.062731,0.005483
21,61,0.891304,0.570281,0.461260,0.760230,0.108696,0.248652,0.022140,0.092252
21,62,0.456522,0.489960,0.500700,0.360958,0.543478,0.631073,0.022140,0.100140
21,63,0.195652,0.441767,0.440501,0.216417,0.804348,0.772736,0.062731,0.088100
21,64,0.260870,0.453815,0.008315,0.301530,0.739130,0.709548,0.040590,0.001663
21,65,0.304348,0.461847,0.000000,0.467322,0.695652,0.550404,0.033210,0.000000
21,66,0.543478,0.506024,0.000000,0.377960,0.456522,0.636377,0.029520,0.000000
21,67,0.543478,0.506024,0.273043,0.220123,0.456522,0.776415,0.025830,0.054609
21,68,0.586957,0.514056,0.230597,0.608685,0.413043,0.404427,0.025830,0.046119
21,69,0.521739,0.502008,0.009974,0.402902,0.478261,0.611949,0.025830,0.001995
21,70,0.608696,0.518072,0.505289,0.511233,0.391304,0.486300,0.022140,0.101058
21,71,0.521739,0.502008,0.000000,0.339944,0.478261,0.672951,0.029520,0.000000
21,72,0.434783,0.485944,0.083871,0.347574,0.565217,0.661982,0.036900,0.016774
21,73,0.586957,0.514056,0.000000,0.342223,0.413043,0.670758,0.036900,0.000000
21,74,0.630435,0.522088,0.000000,0.426058,0.369565,0.590103,0.025830,0.000000
21,75,0.913043,0.574297,0.755650,0.727559,0.086957,0.267349,0.022140,0.151130
21,76,0.565217,0.510040,0.580556,0.464741,0.434783,0.527772,0.033210,0.116111
21,77,0.847826,0.562249,0.191493,0.661820,0.152174,0.355000,0.033210,0.038299
21,78,0.652174,0.526104,0.000000,0.568082,0.347826,0.453467,0.025830,0.000000
21,79,0.586957,0.514056,0.656365,0.634896,0.413043,0.360792,0.025830,0.131273
21,80,0.347826,0.469880,0.031940,0.258505,0.652174,0.749919,0.044280,0.006388
21,81,0.652174,0.526104,0.030424,0.487873,0.347826,0.529317,0.025830,0.006085
21,82,0.434783,0.485944,0.028507,0.314775,0.565217,0.695932,0.033210,0.005701
21,83,0.695652,0.534137,0.441432,0.499802,0.304348,0.500059,0.022140,0.088286
21,84,0.369565,0.473896,0.127126,0.319917,0.630435,0.686718,0.025830,0.025425
21,85,0.934783,0.578313,0.626286,0.793660,0.065217,0.209351,0.022140,0.125257
21,86,0.239130,0.449799,0.000000,0.298524,0.760870,0.712800,0.047970,0.000000
21,87,0.673913,0.530120,0.000000,0.643702,0.326087,0.380715,0.033210,0.000000
21,88,0.608696,0.518072,0.414134,0.443170,0.391304,0.555725,0.025830,0.082827
21,89,0.195652,0.441767,0.000000,0.233125,0.804348,0.775718,0.073801,0.000000
21,90,0.239130,0.449799,0.000000,0.095809,0.760870,0.907825,0.040590,0.000000
21,91,0.456522,0.489960,0.899957,0.439543,0.543478,0.538197,0.025830,0.179991
21,92,0.543478,0.506024,0.608613,0.453350,0.456522,0.537517,0.029520,0.121723
21,93,0.695652,0.534137,0.000000,0.700140,0.304348,0.326418,0.025830,0.000000
21,94,0.478261,0.493976,0.000000,0.183686,0.521739,0.823282,0.033210,0.000000
21,95,0.586957,0.514056,0.000000,0.327456,0.413043,0.684965,0.029520,0.000000
21,96,0.543478,0.506024,0.441334,0.542844,0.456522,0.458655,0.025830,0.088267
21,97,0.500000,0.497992,0.410712,0.636721,0.500000,0.369664,0.022140,0.082142
21,98,0.543478,0.506024,0.560026,0.587599,0.456522,0.410462,0.025830,0.112005
21,99,0.652174,0.526104,0.446457,0.582956,0.347826,0.419843,0.022140,0.089291
21,100,0.543478,0.506024,0.573312,0.558388,0.456522,0.437990,0.025830,0.114662
21,101,0.586957,0.514056,0.974913,0.323670,0.413043,0.646432,0.025830,0.194983
21,102,0.413043,0.481928,0.000000,0.393044,0.586957,0.621865,0.033210,0.000000
21,103,0.913043,0.574297,0.433063,0.731329,0.086957,0.277678,0.022140,0.086613
21,104,0.413043,0.481928,0.000000,0.371926,0.586957,0.642182,0.029520,0.000000
21,105,0.173913,0.437751,0.000000,0.104645,0.826087,0.899324,0.051661,0.000000
21,106,0.586957,0.514056,0.000000,0.438199,0.413043,0.578423,0.033210,0.000000
21,107,0.347826,0.469880,0.870514,0.459584,0.652174,0.520190,0.044280,0.174103
21,108,0.434783,0.485944,0.000000,0.340234,0.565217,0.672671,0.025830,0.000000
21,109,0.347826,0.469880,0.000000,0.270431,0.652174,0.739827,0.047970,0.000000
21,110,0.869565,0.566265,0.638332,0.645040,0.130435,0.351813,0.025830,0.127666
21,111,0.521739,0.502008,0.000000,0.490647,0.478261,0.527964,0.025830,0.000000
21,112,0.565217,0.510040,0.000000,0.347240,0.434783,0.665931,0.029520,0.000000
21,113,0.608696,0.518072,0.574214,0.578555,0.391304,0.418550,0.029520,0.114843
21,114,0.608696,0.518072,0.221676,0.482475,0.391304,0.526236,0.025830,0.044335
21,115,0.369565,0.473896,0.432034,0.264388,0.630435,0.726951,0.033210,0.086407
21,116,0.478261,0.493976,0.147233,0.295785,0.521739,0.709065,0.025830,0.029447
21,117,1.000000,0.590361,0.191792,0.779264,0.000000,0.241998,0.025830,0.038358
21,118,0.434783,0.485944,0.546183,0.420051,0.565217,0.572254,0.025830,0.109237
21,119,0.282609,0.457831,0.099983,0.357437,0.717391,0.651796,0.036900,0.019997
21,120,0.347826,0.469880,0.116680,0.278098,0.652174,0.727404,0.025830,0.023336
21,121,0.804348,0.554217,0.320157,0.617365,0.195652,0.392203,0.022140,0.064031
21,122,0.586957,0.514056,0.455091,0.643091,0.413043,0.361615,0.029520,0.091018
21,123,0.413043,0.481928,0.000000,0.212737,0.586957,0.795333,0.033210,0.000000
21,124,0.760870,0.546185,0.000000,0.458642,0.239130,0.558755,0.029520,0.000000
21,125,0.478261,0.493976,0.609575,0.523168,0.521739,0.470306,0.033210,0.121915
21,126,0.695652,0.534137,0.537629,0.561296,0.304348,0.436737,0.033210,0.107526
21,127,0.608696,0.518072,0.317774,0.534638,0.391304,0.471894,0.025830,0.063555
21,128,0.456522,0.489960,0.000000,0.492142,0.543478,0.526526,0.029520,0.000000
21,129,0.543478,0.506024,0.342376,0.508794,0.456522,0.495694,0.029520,0.068475
21,130,0.478261,0.493976,0.072602,0.524629,0.521739,0.492130,0.029520,0.014520
21,131,0.500000,0.497992,0.392536,0.406772,0.500000,0.591676,0.033210,0.078507
21,132,0.695652,0.534137,0.233131,0.626128,0.304348,0.387537,0.029520,0.046626
21,133,0.000000,0.405622,0.000000,0.000000,1.000000,1.000000,0.062731,0.000000
21,134,0.586957,0.514056,0.768240,0.534905,0.413043,0.452150,0.025830,0.153648
21,135,0.369565,0.473896,0.923348,0.486438,0.630435,0.492068,0.044280,0.184670
21,136,0.543478,0.506024,0.781755,0.370930,0.456522,0.609321,0.033210,0.143232
21,137,0.826087,0.558233,0.778464,0.668817,0.173913,0.322876,0.025830,0.155693
21,138,0.652174,0.526104,0.000000,0.575962,0.347826,0.445886,0.033210,0.000000
21,139,0.217391,0.445783,0.079586,0.194726,0.782609,0.809217,0.040590,0.015917
21,140,0.347826,0.469880,0.161663,0.433379,0.652174,0.576066,0.033210,0.032333
21,141,0.413043,0.481928,0.124316,0.359090,0.586957,0.649153,0.036900,0.024863
21,142,0.391304,0.477912,0.298738,0.300688,0.608696,0.697794,0.029520,0.059748
21,143,0.543478,0.506024,0.000000,0.411712,0.456522,0.603905,0.029520,0.000000
21,144,0.586957,0.514056,0.411661,0.383196,0.413043,0.613531,0.025830,0.082332
21,145,0.260870,0.453815,0.330688,0.397163,0.739130,0.603596,0.059041,0.066138
21,146,0.217391,0.445783,0.985381,0.370160,0.782609,0.601253,0.047970,0.180540
21,147,0.608696,0.518072,0.778599,0.535267,0.391304,0.451354,0.025830,0.155720
21,148,0.326087,0.465863,0.201417,0.367793,0.673913,0.637445,0.044280,0.040283
21,149,0.347826,0.469880,0.982260,0.470861,0.652174,0.504506,0.025830,0.196452
21,150,0.543478,0.506024,0.000000,0.484876,0.456522,0.533516,0.025830,0.000000
21,151,0.760870,0.546185,0.414193,0.609193,0.239130,0.395996,0.022140,0.082839
21,152,0.391304,0.477912,0.134458,0.194129,0.608696,0.807418,0.036900,0.026892
21,153,0.565217,0.510040,0.663621,0.633891,0.434783,0.361445,0.029520,0.132724
21,154,0.391304,0.477912,0.224210,0.343640,0.608696,0.659695,0.047970,0.044842
21,155,0.500000,0.497992,0.346264,0.385700,0.500000,0.613951,0.029520,0.069253
21,156,0.673913,0.530120,0.681997,0.600561,0.326087,0.392716,0.025830,0.136399
21,157,0.260870,0.453815,0.027207,0.131253,0.739130,0.872549,0.044280,0.005441
21,158,0.739130,0.542169,0.282312,0.548692,0.260870,0.459908,0.029520,0.056462
21,159,0.695652,0.534137,0.608405,0.573022,0.304348,0.422394,0.029520,0.121681
21,160,0.239130,0.449799,0.000000,0.317866,0.760870,0.694191,0.051661,0.000000
21,161,0.369565,0.473896,0.635871,0.568313,0.630435,0.425736,0.036900,0.127174
21,162,0.391304,0.477912,0.325154,0.212267,0.608696,0.781718,0.033210,0.065031
21,163,0.391304,0.477912,0.059946,0.232827,0.608696,0.773411,0.029520,0.011989
21,164,0.652174,0.526104,0.458768,0.460125,0.347826,0.537482,0.033210,0.091754
21,165,0.434783,0.485944,0.730732,0.513578,0.565217,0.474291,0.025830,0.146146
21,166,0.543478,0.506024,0.000000,0.386541,0.456522,0.628122,0.025830,0.000000
21,167,0.326087,0.465863,0.000000,0.256478,0.673913,0.753251,0.029520,0.000000
21,168,0.456522,0.489960,0.366892,0.483469,0.543478,0.518998,0.029520,0.073378
21,169,0.565217,0.510040,0.566295,0.531824,0.434783,0.463850,0.022140,0.113259
21,170,0.434783,0.485944,0.058282,0.444571,0.565217,0.569771,0.040590,0.011656
21,171,0.826087,0.558233,0.416243,0.566627,0.173913,0.436859,0.029520,0.083249
21,172,0.826087,0.558233,0.257062,0.507471,0.173913,0.500658,0.025830,0.051412
21,173,0.478261,0.493976,0.119938,0.421285,0.521739,0.589506,0.036900,0.023988
21,174,0.456522,0.489960,0.679679,0.325443,0.543478,0.657498,0.025830,0.124530
21,175,0.478261,0.493976,0.487467,0.516896,0.521739,0.481623,0.033210,0.097493
21,176,0.521739,0.502008,0.055835,0.353957,0.478261,0.657053,0.022140,0.011167
21,177,0.521739,0.502008,0.502449,0.549507,0.478261,0.449601,0.033210,0.100490
21,178,0.695652,0.534137,0.327788,0.516362,0.304348,0.489044,0.029520,0.065558
21,179,0.739130,0.542169,0.325523,0.583035,0.260870,0.424999,0.029520,0.065105
21,180,0.369565,0.473896,0.243692,0.448003,0.630435,0.558449,0.029520,0.048738
21,181,0.391304,0.477912,0.000000,0.189749,0.608696,0.817449,0.040590,0.000000
21,182,0.326087,0.465863,0.265685,0.238637,0.673913,0.758921,0.044280,0.053137
21,183,0.652174,0.526104,0.477837,0.484189,0.347826,0.513506,0.022140,0.095567
21,184,0.500000,0.497992,0.000000,0.408641,0.500000,0.606859,0.025830,0.000000
21,185,0.521739,0.502008,0.634823,0.603910,0.478261,0.391534,0.029520,0.126965
21,186,0.434783,0.485944,0.521805,0.483221,0.565217,0.512535,0.029520,0.104361
21,187,0.586957,0.514056,0.000000,0.462001,0.413043,0.555523,0.025830,0.000000
21,188,0.913043,0.574297,0.461194,0.587517,0.086957,0.414817,0.022140,0.092239
21,189,0.673913,0.530120,0.438968,0.471120,0.326087,0.527760,0.025830,0.087794
21,190,0.673913,0.530120,0.902148,0.367896,0.326087,0.607031,0.022140,0.180430
21,191,0.543478,0.506024,0.777387,0.506036,0.456522,0.479529,0.029520,0.155477
21,192,0.695652,0.534137,0.259657,0.404306,0.304348,0.599797,0.025830,0.051931
21,193,0.543478,0.506024,0.249095,0.582572,0.456522,0.428750,0.033210,0.049819
21,194,0.478261,0.493976,0.000000,0.384244,0.521739,0.630331,0.033210,0.000000
21,195,0.760870,0.546185,0.472296,0.575701,0.239130,0.425705,0.029520,0.094459
21,196,0.543478,0.506024,0.091902,0.369596,0.456522,0.640448,0.033210,0.018380
21,197,0.739130,0.542169,1.000000,0.674858,0.260870,0.307479,0.022140,0.200000
21,198,0.826087,0.558233,0.459767,0.551430,0.173913,0.449597,0.025830,0.091953
21,199,0.934783,0.578313,0.532497,0.603001,0.065217,0.396836,0.022140,0.106499
21,200,0.456522,0.489960,0.000000,0.359045,0.543478,0.654574,0.033210,0.000000
21,201,0.326087,0.465863,0.609955,0.406180,0.673913,0.582840,0.036900,0.111755
21,202,0.521739,0.502008,0.096168,0.586191,0.478261,0.431884,0.033210,0.019234
21,203,0.478261,0.493976,0.627963,0.384329,0.521739,0.603083,0.025830,0.125593
21,204,0.717391,0.538153,0.614345,0.643862,0.282609,0.353984,0.022140,0.122869
21,205,0.500000,0.497992,0.061101,0.262070,0.500000,0.745227,0.025830,0.012220
21,206,0.434783,0.485944,0.610797,0.530102,0.565217,0.463582,0.029520,0.122159
21,207,0.760870,0.546185,0.351443,0.634113,0.239130,0.374737,0.025830,0.070289
21,208,0.456522,0.489960,0.073589,0.236049,0.543478,0.769721,0.025830,0.014718
21,209,0.565217,0.510040,0.014017,0.443407,0.434783,0.572806,0.025830,0.002803
21,210,0.565217,0.510040,0.000000,0.290903,0.434783,0.720132,0.025830,0.000000
21,211,0.608696,0.518072,0.183387,0.427337,0.391304,0.580939,0.029520,0.036677
21,212,0.739130,0.542169,0.276582,0.714349,0.260870,0.300783,0.022140,0.055316
21,213,0.760870,0.546185,0.538424,0.538872,0.239130,0.458276,0.025830,0.107685
21,214,0.282609,0.457831,0.204825,0.322198,0.717391,0.681163,0.044280,0.040965
21,215,0.652174,0.526104,0.746225,0.571440,0.347826,0.417954,0.029520,0.149245
21,216,0.652174,0.526104,0.146799,0.616541,0.347826,0.400495,0.029520,0.029360
21,217,0.413043,0.481928,0.269517,0.281614,0.586957,0.717409,0.029520,0.053903
21,218,0.630435,0.522088,0.142310,0.509148,0.369565,0.504008,0.025830,0.028462
21,219,0.608696,0.518072,0.700750,0.558667,0.391304,0.432209,0.022140,0.140150
21,220,0.434783,0.485944,0.000000,0.423625,0.565217,0.592444,0.036900,0.000000
21,221,0.521739,0.502008,0.000000,0.302166,0.478261,0.709295,0.022140,0.000000
21,222,0.608696,0.518072,0.468633,0.479931,0.391304,0.518000,0.029520,0.093727
21,223,0.630435,0.522088,0.211652,0.654110,0.369565,0.361546,0.025830,0.042330
21,224,0.717391,0.538153,0.345533,0.452361,0.282609,0.549850,0.029520,0.069107
21,225,0.282609,0.457831,0.000000,0.277949,0.717391,0.732594,0.036900,0.000000
21,226,0.304348,0.461847,0.000000,0.278849,0.695652,0.731728,0.040590,0.000000
21,227,0.565217,0.510040,0.000000,0.299752,0.434783,0.711618,0.029520,0.000000
21,228,0.586957,0.514056,0.433778,0.338830,0.413043,0.655257,0.025830,0.086756
21,229,0.804348,0.554217,0.419899,0.735276,0.195652,0.274449,0.025830,0.083980
21,230,0.369565,0.473896,0.812701,0.414468,0.630435,0.566095,0.025830,0.162540
21,231,0.413043,0.481928,0.228506,0.390182,0.586957,0.614733,0.033210,0.045701
21,232,0.695652,0.534137,0.024782,0.765756,0.304348,0.262218,0.033210,0.004956
21,233,0.326087,0.465863,0.051674,0.274452,0.673913,0.733723,0.029520,0.010335
21,234,0.478261,0.493976,0.360507,0.524938,0.521739,0.479378,0.022140,0.072101
21,235,0.565217,0.510040,0.000000,0.337661,0.434783,0.675148,0.025830,0.000000
21,236,0.173913,0.437751,0.000000,0.013527,0.826087,0.986986,0.062731,0.000000
21,237,0.804348,0.554217,0.670169,0.541206,0.195652,0.450331,0.025830,0.134034
21,238,0.478261,0.493976,0.772789,0.345987,0.521739,0.633705,0.029520,0.154558
21,239,0.413043,0.481928,0.214211,0.422967,0.586957,0.583810,0.036900,0.042842
21,240,0.304348,0.461847,0.188276,0.255232,0.695652,0.746305,0.036900,0.037655
21,241,0.456522,0.489960,0.000000,0.364591,0.543478,0.649239,0.033210,0.000000
21,242,0.673913,0.530120,0.502013,0.752711,0.326087,0.254123,0.022140,0.100403
21,243,0.347826,0.469880,0.127220,0.328642,0.652174,0.678320,0.033210,0.025444
21,244,0.695652,0.534137,0.420372,0.561947,0.304348,0.441183,0.029520,0.084074
21,245,0.369565,0.473896,0.280859,0.380155,0.630435,0.622115,0.033210,0.056172
21,246,0.478261,0.493976,0.127362,0.504011,0.521739,0.509597,0.033210,0.025472
21,247,0.652174,0.526104,0.000000,0.530211,0.347826,0.489901,0.029520,0.000000
21,248,0.434783,0.485944,0.583882,0.412246,0.565217,0.578132,0.025830,0.116776
21,249,0.369565,0.473896,0.000000,0.370464,0.630435,0.643588,0.029520,0.000000
22,0,0.565217,0.510040,0.406124,0.759309,0.434783,0.254273,0.025735,0.081225
22,1,0.760870,0.546185,0.432728,0.640179,0.239130,0.366890,0.025735,0.086546
22,2,0.804348,0.554217,0.156279,0.668382,0.195652,0.353334,0.025735,0.031256
22,3,0.478261,0.493976,0.000000,0.344465,0.521739,0.670634,0.029412,0.000000
22,4,0.739130,0.542169,0.263795,0.606378,0.260870,0.407405,0.022059,0.052759
22,5,0.326087,0.465863,0.000000,0.416414,0.673913,0.601839,0.029412,0.000000
22,6,0.586957,0.514056,0.515068,0.764683,0.413043,0.243849,0.029412,0.103014
22,7,0.521739,0.502008,0.848906,0.641853,0.478261,0.345100,0.029412,0.169781
22,8,0.282609,0.457831,0.168061,0.286239,0.717391,0.718155,0.040441,0.033612
22,9,0.456522,0.489960,0.000000,0.107747,0.543478,0.896976,0.033088,0.000000
22,10,0.500000,0.497992,0.792624,0.451448,0.500000,0.529890,0.025735,0.129119
22,11,0.391304,0.477912,0.571458,0.488657,0.608696,0.505040,0.040441,0.114292
22,12,0.739130,0.542169,0.201407,0.593069,0.260870,0.423157,0.025735,0.040281
22,13,0.630435,0.522088,0.000000,0.404581,0.369565,0.613153,0.029412,0.000000
22,14,0.521739,0.502008,0.498676,0.432585,0.478261,0.562185,0.033088,0.099735
22,15,0.956522,0.582329,0.903574,1.000000,0.043478,0.000000,0.022059,0.180715
22,16,0.413043,0.481928,0.000000,0.371009,0.586957,0.645254,0.029412,0.000000
22,17,0.565217,0.510040,0.105447,0.553805,0.434783,0.465355,0.025735,0.021089
22,18,0.608696,0.518072,0.783076,0.615526,0.391304,0.373467,0.025735,0.156615
22,19,0.565217,0.510040,0.274924,0.319866,0.434783,0.680818,0.029412,0.054985
22,20,0.608696,0.518072,0.053315,0.548360,0.391304,0.473091,0.025735,0.010663
22,21,0.282609,0.457831,0.000000,0.243676,0.717391,0.767005,0.040441,0.000000
22,22,0.608696,0.518072,0.413651,0.566291,0.391304,0.438465,0.025735,0.082730
22,23,0.478261,0.493976,0.607033,0.578508,0.521739,0.417402,0.036765,0.121407
22,24,0.434783,0.485944,0.656711,0.441992,0.565217,0.545524,0.044118,0.131342
22,25,0.456522,0.489960,0.000000,0.529068,0.543478,0.494123,0.022059,0.000000
22,26,0.173913,0.437751,0.000000,0.059125,0.826087,0.943467,0.051471,0.000000
22,27,0.608696,0.518072,0.000000,0.395038,0.391304,0.622279,0.025735,0.000000
22,28,0.565217,0.510040,0.000000,0.321310,0.434783,0.692775,0.025735,0.000000
22,29,0.326087,0.465863,0.264798,0.308779,0.673913,0.691910,0.029412,0.052960
22,30,0.543478,0.506024,0.223310,0.388731,0.456522,0.617476,0.036765,0.044662
22,31,0.413043,0.481928,0.002446,0.436846,0.586957,0.582184,0.022059,0.000489
22,32,0.521739,0.502008,0.363580,0.500080,0.478261,0.504202,0.022059,0.072716
22,33,0.478261,0.493976,0.455523,0.603954,0.521739,0.400422,0.036765,0.091105
22,34,0.456522,0.489960,0.042627,0.382998,0.543478,0.631723,0.022059,0.008525
22,35,0.500000,0.497992,0.013887,0.508485,0.500000,0.513130,0.033088,0.002777
22,36,0.652174,0.526104,0.000000,0.355587,0.347826,0.660000,0.029412,0.000000
22,37,0.369565,0.473896,0.118537,0.321485,0.630435,0.686856,0.033088,0.023707
22,38,0.521739,0.502008,0.000000,0.403394,0.478261,0.614288,0.029412,0.000000
22,39,0.695652,0.534137,0.342190,0.718853,0.304348,0.296057,0.022059,0.068438
22,40,0.586957,0.514056,0.000000,0.529475,0.413043,0.493734,0.025735,0.000000
22,41,0.543478,0.506024,0.905411,0.690317,0.456522,0.296019,0.025735,0.181082
22,42,0.500000,0.497992,0.135742,0.493796,0.500000,0.521264,0.025735,0.027148
22,43,0.782609,0.550201,0.417408,0.795581,0.217391,0.219043,0.025735,0.083482
22,44,0.434783,0.485944,0.050143,0.386808,0.565217,0.627715,0.033088,0.010029
22,45,0.652174,0.526104,0.388282,0.433919,0.347826,0.566265,0.022059,0.077656
22,46,0.586957,0.514056,1.000000,0.640097,0.413043,0.339449,0.025735,0.162901
22,47,0.630435,0.522088,0.499782,0.474884,0.369565,0.521687,0.033088,0.099956
22,48,0.673913,0.530120,0.542081,0.717308,0.326087,0.287838,0.025735,0.108416
22,49,0.500000,0.497992,0.281359,0.509318,0.500000,0.499358,0.025735,0.056272
22,50,0.630435,0.522088,0.782290,0.827404,0.369565,0.170915,0.022059,0.156458
22,51,0.391304,0.477912,0.037998,0.345969,0.608696,0.667353,0.036765,0.007600
22,52,0.760870,0.546185,0.148635,0.582060,0.239130,0.436243,0.025735,0.029727
22,53,0.326087,0.465863,0.259259,0.359035,0.673913,0.644126,0.036765,0.051852
22,54,0.304348,0.461847,0.480528,0.357523,0.695652,0.634837,0.033088,0.096106
22,55,0.543478,0.506024,0.020398,0.482379,0.456522,0.537776,0.029412,0.004080
22,56,0.565217,0.510040,0.460085,0.512281,0.434783,0.487855,0.025735,0.092017
22,57,0.500000,0.497992,0.426365,0.595350,0.500000,0.410063,0.033088,0.085273
22,58,0.456522,0.489960,0.000000,0.363514,0.543478,0.652420,0.033088,0.000000
22,59,0.304348,0.461847,0.000000,0.258989,0.695652,0.752364,0.033088,0.000000
22,60,0.304348,0.461847,0.000000,0.377114,0.695652,0.639416,0.062500,0.000000
22,61,0.891304,0.570281,0.738871,0.758189,0.108696,0.239202,0.022059,0.147774
22,62,0.456522,0.489960,0.293879,0.384689,0.543478,0.617917,0.022059,0.058776
22,63,0.195652,0.441767,0.005478,0.113190,0.804348,0.891506,0.062500,0.001096
22,64,0.260870,0.453815,0.420357,0.380201,0.739130,0.616072,0.040441,0.084071
22,65,0.304348,0.461847,0.101804,0.521998,0.695652,0.495944,0.033088,0.020361
22,66,0.543478,0.506024,0.000000,0.550694,0.456522,0.473445,0.029412,0.000000
22,67,0.543478,0.506024,0.122478,0.266673,0.456522,0.739075,0.025735,0.024496
22,68,0.586957,0.514056,0.389300,0.721077,0.413043,0.291645,0.025735,0.077860
22,69,0.521739,0.502008,0.041991,0.431568,0.478261,0.585312,0.025735,0.008398
22,70,0.608696,0.518072,0.965226,0.695193,0.391304,0.288455,0.022059,0.193045
22,71,0.521739,0.502008,0.202854,0.494117,0.478261,0.517701,0.029412,0.040571
22,72,0.434783,0.485944,0.301192,0.468715,0.565217,0.537220,0.036765,0.060238
22,73,0.586957,0.514056,0.070738,0.313382,0.413043,0.696923,0.036765,0.014148
22,74,0.630435,0.522088,0.000000,0.585215,0.369565,0.440438,0.025735,0.000000
22,75,0.913043,0.574297,0.980093,0.848811,0.086957,0.140850,0.022059,0.196019
22,76,0.565217,0.510040,0.590340,0.505496,0.434783,0.488023,0.033088,0.118068
22,77,0.847826,0.562249,0.012362,0.633499,0.152174,0.393670,0.033088,0.002472
22,78,0.652174,0.526104,0.000000,0.651417,0.347826,0.377137,0.025735,0.000000
22,79,0.586957,0.514056,0.513465,0.578333,0.413043,0.422109,0.025735,0.102693
22,80,0.347826,0.469880,0.271865,0.313785,0.652174,0.686781,0.044118,0.054373
22,81,0.652174,0.526104,0.324354,0.532673,0.347826,0.474941,0.025735,0.064871
22,82,0.434783,0.485944,0.340540,0.388710,0.565217,0.611808,0.033088,0.068108
22,83,0.695652,0.534137,0.240752,0.592320,0.304348,0.421964,0.022059,0.048150
22,84,0.369565,0.473896,0.018860,0.395958,0.630435,0.620484,0.025735,0.003772
22,85,0.934783,0.578313,0.463911,0.739113,0.065217,0.270780,0.022059,0.092782
22,86,0.239130,0.449799,0.000000,0.110172,0.760870,0.894658,0.047794,0.000000
22,87,0.673913,0.530120,0.037658,0.628524,0.326087,0.397199,0.033088,0.007532
22,88,0.608696,0.518072,0.562807,0.598861,0.391304,0.400086,0.025735,0.112561
22,89,0.195652,0.441767,0.000000,0.210635,0.804348,0.798598,0.073529,0.000000
22,90,0.239130,0.449799,0.000000,0.077404,0.760870,0.925989,0.040441,0.000000
22,91,0.456522,0.489960,0.344791,0.500902,0.543478,0.504328,0.025735,0.068958
22,92,0.543478,0.506024,0.780489,0.454874,0.456522,0.527202,0.029412,0.127143
22,93,0.695652,0.534137,0.000000,0.647419,0.304348,0.380960,0.025735,0.000000
22,94,0.478261,0.493976,0.000000,0.231569,0.521739,0.778582,0.033088,0.000000
22,95,0.586957,0.514056,0.080942,0.227227,0.413043,0.778806,0.029412,0.016188
22,96,0.543478,0.506024,0.173846,0.590913,0.456522,0.426555,0.025735,0.034769
22,97,0.500000,0.497992,0.447652,0.638599,0.500000,0.367677,0.022059,0.089530
22,98,0.543478,0.506024,0.762518,0.589103,0.456522,0.399729,0.025735,0.152504
22,99,0.652174,0.526104,0.691034,0.684100,0.347826,0.312363,0.022059,0.138207
22,100,0.543478,0.506024,0.683835,0.577058,0.456522,0.415063,0.025735,0.111398
22,101,0.586957,0.514056,0.456937,0.432264,0.413043,0.564517,0.025735,0.091387
22,102,0.413043,0.481928,0.000000,0.409343,0.586957,0.608600,0.033088,0.000000
22,103,0.913043,0.574297,0.000000,0.731233,0.086957,0.300820,0.022059,0.000000
22,104,0.413043,0.481928,0.000000,0.452069,0.586957,0.567747,0.029412,0.000000
22,105,0.173913,0.437751,0.157372,0.369208,0.826087,0.639341,0.051471,0.031474
22,106,0.586957,0.514056,0.000000,0.515418,0.413043,0.507174,0.033088,0.000000
22,107,0.347826,0.469880,0.606281,0.437860,0.652174,0.551921,0.044118,0.121256
22,108,0.434783,0.485944,0.000000,0.291865,0.565217,0.720929,0.025735,0.000000
22,109,0.347826,0.469880,0.000000,0.401713,0.652174,0.615896,0.047794,0.000000
22,110,0.869565,0.566265,0.626384,0.642392,0.130435,0.355380,0.025735,0.102039
22,111,0.521739,0.502008,0.000000,0.493282,0.478261,0.528341,0.025735,0.000000
22,112,0.565217,0.510040,0.018418,0.394317,0.434783,0.622074,0.029412,0.003684
22,113,0.608696,0.518072,0.457187,0.590410,0.391304,0.413291,0.029412,0.091437
22,114,0.608696,0.518072,0.385718,0.540215,0.391304,0.464753,0.025735,0.077144
22,115,0.369565,0.473896,0.622351,0.353298,0.630435,0.631997,0.033088,0.124470
22,116,0.478261,0.493976,0.384620,0.532561,0.521739,0.472125,0.025735,0.076924
22,117,1.000000,0.590361,0.638027,0.848917,0.000000,0.157343,0.025735,0.127605
22,118,0.434783,0.485944,0.446556,0.507179,0.565217,0.493389,0.025735,0.089311
22,119,0.282609,0.457831,0.000000,0.360431,0.717391,0.655368,0.036765,0.000000
22,120,0.347826,0.469880,0.671482,0.334576,0.652174,0.647515,0.025735,0.109385
22,121,0.804348,0.554217,0.697604,0.684069,0.195652,0.312074,0.022059,0.139521
22,122,0.586957,0.514056,0.585752,0.736599,0.413043,0.267273,0.029412,0.117150
22,123,0.413043,0.481928,0.000000,0.341163,0.586957,0.673792,0.033088,0.000000
22,124,0.760870,0.546185,0.000000,0.651215,0.239130,0.377330,0.029412,0.000000
22,125,0.478261,0.493976,0.366107,0.542541,0.521739,0.463481,0.033088,0.073221
22,126,0.695652,0.534137,0.221711,0.679528,0.304348,0.339503,0.033088,0.044342
22,127,0.608696,0.518072,0.246759,0.557906,0.391304,0.454578,0.025735,0.049352
22,128,0.456522,0.489960,0.000000,0.383126,0.543478,0.633668,0.029412,0.000000
22,129,0.543478,0.506024,0.163910,0.602256,0.456522,0.416192,0.029412,0.032782
22,130,0.478261,0.493976,0.000000,0.444310,0.521739,0.575166,0.029412,0.000000
22,131,0.500000,0.497992,0.440434,0.512967,0.500000,0.488152,0.033088,0.088087
22,132,0.695652,0.534137,0.538543,0.774032,0.304348,0.233771,0.029412,0.107709
22,133,0.000000,0.405622,0.000000,0.000000,1.000000,1.000000,0.062500,0.000000
22,134,0.586957,0.514056,0.567360,0.554945,0.413043,0.441857,0.025735,0.113472
22,135,0.369565,0.473896,0.201771,0.525061,0.630435,0.488167,0.044118,0.040354
22,136,0.543478,0.506024,0.180423,0.590552,0.456522,0.426582,0.036765,0.036085
22,137,0.826087,0.558233,0.554915,0.710616,0.173913,0.293613,0.025735,0.110983
22,138,0.652174,0.526104,0.000000,0.552113,0.347826,0.472088,0.033088,0.000000
22,139,0.217391,0.445783,0.061717,0.092165,0.782609,0.908881,0.040441,0.012343
22,140,0.347826,0.469880,0.058203,0.367692,0.652174,0.645602,0.033088,0.011641
22,141,0.413043,0.481928,0.442530,0.439780,0.586957,0.558030,0.036765,0.088506
22,142,0.391304,0.477912,0.364833,0.416116,0.608696,0.584425,0.029412,0.072967
22,143,0.543478,0.506024,0.000000,0.419601,0.456522,0.598792,0.029412,0.000000
22,144,0.586957,0.514056,0.144068,0.354147,0.413043,0.654388,0.025735,0.028814
22,145,0.260870,0.453815,0.063149,0.439669,0.739130,0.576540,0.058824,0.012630
22,146,0.217391,0.445783,0.121594,0.357160,0.782609,0.652597,0.051471,0.024319
22,147,0.608696,0.518072,0.362496,0.609106,0.391304,0.400008,0.025735,0.072499
22,148,0.326087,0.465863,0.370989,0.401064,0.673913,0.598519,0.044118,0.074198
22,149,0.347826,0.469880,0.664825,0.474107,0.652174,0.514423,0.025735,0.132965
22,150,0.543478,0.506024,0.000000,0.562628,0.456522,0.462034,0.025735,0.000000
22,151,0.760870,0.546185,0.411110,0.533787,0.239130,0.469667,0.022059,0.082222
22,152,0.391304,0.477912,0.257603,0.274272,0.608696,0.725254,0.036765,0.041964
22,153,0.565217,0.510040,0.163517,0.637279,0.434783,0.382723,0.029412,0.032703
22,154,0.391304,0.477912,0.050434,0.263562,0.608696,0.745544,0.047794,0.010087
22,155,0.500000,0.497992,0.250186,0.269422,0.500000,0.730250,0.029412,0.050037
22,156,0.673913,0.530120,0.448146,0.701646,0.326087,0.307370,0.025735,0.089629
22,157,0.260870,0.453815,0.000000,0.046777,0.739130,0.955274,0.044118,0.000000
22,158,0.739130,0.542169,0.546159,0.730086,0.260870,0.275422,0.029412,0.109232
22,159,0.695652,0.534137,0.247166,0.498488,0.304348,0.511372,0.029412,0.049433
22,160,0.239130,0.449799,0.000000,0.418375,0.760870,0.599964,0.051471,0.000000
22,161,0.369565,0.473896,0.099727,0.544009,0.630435,0.474999,0.036765,0.019945
22,162,0.391304,0.477912,0.753554,0.343684,0.608696,0.634825,0.033088,0.150711
22,163,0.391304,0.477912,0.244723,0.255282,0.608696,0.744036,0.029412,0.048945
22,164,0.652174,0.526104,0.030023,0.503150,0.347826,0.517449,0.033088,0.006005
22,165,0.434783,0.485944,0.439883,0.632692,0.565217,0.373702,0.025735,0.087977
22,166,0.543478,0.506024,0.113812,0.497733,0.456522,0.518564,0.025735,0.022762
22,167,0.326087,0.465863,0.000000,0.292338,0.673913,0.720476,0.029412,0.000000
22,168,0.456522,0.489960,0.475993,0.597984,0.543478,0.405136,0.029412,0.095199
22,169,0.565217,0.510040,0.515692,0.753870,0.434783,0.254158,0.022059,0.103138
22,170,0.434783,0.485944,0.417137,0.536633,0.565217,0.466654,0.040441,0.083427
22,171,0.826087,0.558233,0.480093,0.642494,0.173913,0.362379,0.029412,0.096019
22,172,0.826087,0.558233,0.085916,0.531135,0.173913,0.487979,0.025735,0.017183
22,173,0.478261,0.493976,0.000000,0.418018,0.521739,0.600306,0.036765,0.000000
22,174,0.456522,0.489960,0.400075,0.494867,0.543478,0.507416,0.029412,0.080015
22,175,0.478261,0.493976,0.195986,0.483683,0.521739,0.528011,0.033088,0.039197
22,176,0.521739,0.502008,0.389166,0.371704,0.478261,0.625710,0.022059,0.077833
22,177,0.521739,0.502008,0.580611,0.561454,0.478261,0.434990,0.033088,0.116122
22,178,0.695652,0.534137,0.734181,0.732661,0.304348,0.263838,0.029412,0.146836
22,179,0.739130,0.542169,0.328027,0.789311,0.260870,0.229375,0.029412,0.065605
22,180,0.369565,0.473896,0.074067,0.320023,0.630435,0.690411,0.029412,0.014813
22,181,0.391304,0.477912,0.000000,0.244297,0.608696,0.766411,0.040441,0.000000
22,182,0.326087,0.465863,0.498924,0.334264,0.673913,0.656184,0.044118,0.099785
22,183,0.652174,0.526104,0.383889,0.527715,0.347826,0.476794,0.022059,0.076778
22,184,0.500000,0.497992,0.000000,0.565295,0.500000,0.459484,0.025735,0.000000
22,185,0.521739,0.502008,0.828173,0.609794,0.478261,0.376760,0.029412,0.165635
22,186,0.434783,0.485944,0.280290,0.556897,0.565217,0.453917,0.029412,0.056058
22,187,0.586957,0.514056,0.000000,0.546529,0.413043,0.477427,0.025735,0.000000
22,188,0.913043,0.574297,0.633627,0.742098,0.086957,0.259692,0.022059,0.103219
22,189,0.673913,0.530120,0.409918,0.558129,0.326087,0.446451,0.025735,0.081984
22,190,0.673913,0.530120,0.558310,0.487385,0.326087,0.506894,0.022059,0.111662
22,191,0.543478,0.506024,0.486362,0.421913,0.456522,0.572986,0.029412,0.097272
22,192,0.695652,0.534137,0.396415,0.678770,0.304348,0.331752,0.025735,0.079283
22,193,0.543478,0.506024,0.104006,0.492006,0.456522,0.524515,0.033088,0.020801
22,194,0.478261,0.493976,0.196596,0.313015,0.521739,0.691168,0.033088,0.039319
22,195,0.760870,0.546185,0.279177,0.623992,0.239130,0.389817,0.029412,0.055835
22,196,0.543478,0.506024,0.140440,0.301972,0.456522,0.704452,0.033088,0.028088
22,197,0.739130,0.542169,0.766168,0.653169,0.260870,0.338294,0.022059,0.153234
22,198,0.826087,0.558233,0.568438,0.621258,0.173913,0.378399,0.025735,0.113688
22,199,0.934783,0.578313,0.253226,0.711466,0.065217,0.307436,0.022059,0.050645
22,200,0.456522,0.489960,0.225128,0.424787,0.543478,0.582912,0.033088,0.045026
22,201,0.326087,0.465863,0.000000,0.319444,0.673913,0.694559,0.040441,0.000000
22,202,0.521739,0.502008,0.889207,0.767374,0.478261,0.223126,0.033088,0.177841
22,203,0.478261,0.493976,0.466198,0.416547,0.521739,0.579096,0.025735,0.093240
22,204,0.717391,0.538153,0.630290,0.553724,0.282609,0.439971,0.022059,0.126058
22,205,0.500000,0.497992,0.000000,0.383494,0.500000,0.633316,0.025735,0.000000
22,206,0.434783,0.485944,0.478877,0.480756,0.565217,0.517086,0.029412,0.095775
22,207,0.760870,0.546185,0.405219,0.597341,0.239130,0.409185,0.025735,0.081044
22,208,0.456522,0.489960,0.438024,0.403047,0.543478,0.593371,0.025735,0.087605
22,209,0.565217,0.510040,0.000000,0.501018,0.434783,0.520944,0.025735,0.000000
22,210,0.565217,0.510040,0.000000,0.504803,0.434783,0.517325,0.025735,0.000000
22,211,0.608696,0.518072,0.020798,0.409023,0.391304,0.607898,0.029412,0.004160
22,212,0.739130,0.542169,0.162992,0.673100,0.260870,0.348498,0.022059,0.032598
22,213,0.760870,0.546185,0.730396,0.679233,0.239130,0.315108,0.025735,0.146079
22,214,0.282609,0.457831,0.253464,0.481417,0.717391,0.527389,0.044118,0.050693
22,215,0.652174,0.526104,0.571136,0.665783,0.347826,0.335694,0.029412,0.114227
22,216,0.652174,0.526104,0.132721,0.614001,0.347826,0.406475,0.029412,0.026544
22,217,0.413043,0.481928,0.015392,0.446105,0.586957,0.572703,0.029412,0.003078
22,218,0.630435,0.522088,0.692646,0.493509,0.369565,0.494522,0.025735,0.112833
22,219,0.608696,0.518072,0.827101,0.577310,0.391304,0.407871,0.022059,0.165420
22,220,0.434783,0.485944,0.000000,0.530448,0.565217,0.492804,0.036765,0.000000
22,221,0.521739,0.502008,0.000000,0.446861,0.478261,0.572726,0.022059,0.000000
22,222,0.608696,0.518072,0.011207,0.474346,0.391304,0.545903,0.029412,0.002241
22,223,0.630435,0.522088,0.000000,0.714368,0.369565,0.316945,0.025735,0.000000
22,224,0.717391,0.538153,0.601704,0.707135,0.282609,0.294672,0.029412,0.120341
22,225,0.282609,0.457831,0.000000,0.298924,0.717391,0.714179,0.036765,0.000000
22,226,0.304348,0.461847,0.030262,0.288888,0.695652,0.722307,0.040441,0.006052
22,227,0.565217,0.510040,0.000000,0.399319,0.434783,0.618185,0.029412,0.000000
22,228,0.586957,0.514056,0.314848,0.517972,0.413043,0.489459,0.025735,0.062970
22,229,0.804348,0.554217,0.501504,0.807318,0.195652,0.203741,0.025735,0.100301
22,230,0.369565,0.473896,0.737888,0.534665,0.630435,0.452975,0.025735,0.147578
22,231,0.413043,0.481928,0.621127,0.335011,0.586957,0.649542,0.033088,0.124225
22,232,0.695652,0.534137,0.281554,0.729768,0.304348,0.288562,0.033088,0.056311
22,233,0.326087,0.465863,0.339384,0.373053,0.673913,0.626836,0.029412,0.067877
22,234,0.478261,0.493976,0.425313,0.583010,0.521739,0.421913,0.022059,0.085063
22,235,0.565217,0.510040,0.000000,0.414706,0.434783,0.603472,0.025735,0.000000
22,236,0.173913,0.437751,0.145506,0.179379,0.826087,0.821426,0.062500,0.029101
22,237,0.804348,0.554217,0.393950,0.671753,0.195652,0.338581,0.025735,0.078790
22,238,0.478261,0.493976,0.366827,0.404927,0.521739,0.595027,0.029412,0.073365
22,239,0.413043,0.481928,0.612897,0.551134,0.586957,0.443292,0.036765,0.122579
22,240,0.304348,0.461847,0.389446,0.304892,0.695652,0.689580,0.036765,0.077889
22,241,0.456522,0.489960,0.000000,0.323577,0.543478,0.690607,0.033088,0.000000
22,242,0.673913,0.530120,0.298837,0.855821,0.326087,0.167196,0.022059,0.059767
22,243,0.347826,0.469880,0.434970,0.387409,0.652174,0.608472,0.033088,0.086994
22,244,0.695652,0.534137,0.314782,0.604124,0.304348,0.407087,0.029412,0.062956
22,245,0.369565,0.473896,0.207520,0.375575,0.630435,0.630820,0.033088,0.041504
22,246,0.478261,0.493976,0.425667,0.749132,0.521739,0.263056,0.033088,0.085133
22,247,0.652174,0.526104,0.238981,0.493784,0.347826,0.516267,0.029412,0.047796
22,248,0.434783,0.485944,0.569576,0.523338,0.565217,0.471971,0.025735,0.113915
22,249,0.369565,0.473896,0.000000,0.374151,0.630435,0.642250,0.029412,0.000000
23,0,0.565217,0.510040,0.451145,0.601104,0.434783,0.399782,0.025641,0.090229
23,1,0.760870,0.546185,0.915862,0.536818,0.239130,0.435212,0.025641,0.167813
23,2,0.804348,0.554217,0.608254,0.702605,0.195652,0.293893,0.025641,0.121651
23,3,0.478261,0.493976,0.179976,0.444704,0.521739,0.564574,0.029304,0.035995
23,4,0.739130,0.542169,0.020651,0.631454,0.260870,0.394892,0.021978,0.004130
23,5,0.326087,0.465863,0.000000,0.316277,0.673913,0.697499,0.029304,0.000000
23,6,0.586957,0.514056,0.200854,0.734492,0.413043,0.286238,0.029304,0.040171
23,7,0.521739,0.502008,0.402602,0.634023,0.478261,0.371019,0.029304,0.080520
23,8,0.282609,0.457831,0.000000,0.246796,0.717391,0.763953,0.040293,0.000000
23,9,0.456522,0.489960,0.000000,0.201341,0.543478,0.807428,0.032967,0.000000
23,10,0.500000,0.497992,0.528856,0.558418,0.500000,0.436251,0.029304,0.105771
23,11,0.391304,0.477912,0.424885,0.368354,0.608696,0.623867,0.040293,0.084977
23,12,0.739130,0.542169,0.002063,0.498311,0.260870,0.523277,0.025641,0.000413
23,13,0.630435,0.522088,0.000000,0.361958,0.369565,0.653807,0.029304,0.000000
23,14,0.521739,0.502008,0.347950,0.359989,0.478261,0.636182,0.032967,0.069590
23,15,0.956522,0.582329,0.776824,1.000000,0.043478,0.000000,0.021978,0.155365
23,16,0.413043,0.481928,0.000000,0.196176,0.586957,0.812368,0.029304,0.000000
23,17,0.565217,0.510040,0.373711,0.498414,0.434783,0.502341,0.025641,0.074742
23,18,0.608696,0.518072,0.401643,0.509003,0.391304,0.490647,0.025641,0.080329
23,19,0.565217,0.510040,0.837757,0.414662,0.434783,0.556427,0.029304,0.167551
23,20,0.608696,0.518072,0.071295,0.329705,0.391304,0.680658,0.025641,0.014259
23,21,0.282609,0.457831,0.000000,0.157439,0.717391,0.849418,0.040293,0.000000
23,22,0.608696,0.518072,0.067509,0.459330,0.391304,0.556891,0.025641,0.013502
23,23,0.478261,0.493976,0.507653,0.609253,0.521739,0.388820,0.036630,0.101531
23,24,0.434783,0.485944,0.265371,0.226999,0.565217,0.768009,0.043956,0.053074
23,25,0.456522,0.489960,0.000000,0.360851,0.543478,0.654866,0.021978,0.000000
23,26,0.173913,0.437751,0.000000,0.068708,0.826087,0.934285,0.051282,0.000000
23,27,0.608696,0.518072,0.000000,0.314895,0.391304,0.698820,0.025641,0.000000
23,28,0.565217,0.510040,0.000000,0.222594,0.434783,0.787101,0.025641,0.000000
23,29,0.326087,0.465863,0.451346,0.253497,0.673913,0.732238,0.029304,0.090269
23,30,0.543478,0.506024,0.453534,0.372188,0.456522,0.618594,0.036630,0.090707
23,31,0.413043,0.481928,0.329320,0.299688,0.586957,0.694901,0.021978,0.065864
23,32,0.521739,0.502008,0.698230,0.518774,0.478261,0.464672,0.021978,0.139646
23,33,0.478261,0.493976,0.408371,0.434712,0.521739,0.561326,0.036630,0.081674
23,34,0.456522,0.489960,0.086702,0.352784,0.543478,0.657720,0.021978,0.017340
23,35,0.500000,0.497992,0.155743,0.479786,0.500000,0.532379,0.032967,0.031149
23,36,0.652174,0.526104,0.351018,0.427815,0.347826,0.571137,0.029304,0.070204
23,37,0.369565,0.473896,0.488087,0.280089,0.630435,0.704744,0.032967,0.089432
23,38,0.521739,0.502008,0.572399,0.299377,0.478261,0.681569,0.029304,0.114480
23,39,0.695652,0.534137,0.408047,0.616451,0.304348,0.387520,0.021978,0.081609
23,40,0.586957,0.514056,0.000000,0.557276,0.413043,0.466996,0.025641,0.000000
23,41,0.543478,0.506024,0.625867,0.817684,0.456522,0.182839,0.025641,0.125173
23,42,0.500000,0.497992,0.009126,0.379376,0.500000,0.636636,0.025641,0.001825
23,43,0.782609,0.550201,0.422742,0.799038,0.217391,0.212062,0.025641,0.084548
23,44,0.434783,0.485944,0.000000,0.254606,0.565217,0.756484,0.032967,0.000000
23,45,0.652174,0.526104,0.250879,0.404237,0.347826,0.599303,0.021978,0.050176
23,46,0.586957,0.514056,0.431360,0.642379,0.413043,0.361414,0.029304,0.086272
23,47,0.630435,0.522088,0.393910,0.528828,0.369565,0.472119,0.032967,0.078782
23,48,0.673913,0.530120,0.507187,0.628428,0.326087,0.370507,0.025641,0.101437
23,49,0.500000,0.497992,0.301963,0.571904,0.500000,0.436075,0.025641,0.060393
23,50,0.630435,0.522088,0.847329,0.786592,0.369565,0.200160,0.021978,0.169466
23,51,0.391304,0.477912,0.559450,0.259981,0.608696,0.719975,0.036630,0.111890
23,52,0.760870,0.546185,0.022548,0.640476,0.239130,0.386156,0.025641,0.004510
23,53,0.326087,0.465863,0.444602,0.213240,0.673913,0.771119,0.036630,0.088920
23,54,0.304348,0.461847,0.317349,0.314450,0.695652,0.681453,0.032967,0.063470
23,55,0.543478,0.506024,0.018650,0.464049,0.456522,0.555117,0.029304,0.003730
23,56,0.565217,0.510040,0.442788,0.528480,0.434783,0.469711,0.025641,0.088558
23,57,0.500000,0.497992,0.165531,0.432184,0.500000,0.577358,0.032967,0.033106
23,58,0.456522,0.489960,0.382885,0.546449,0.543478,0.455884,0.032967,0.076577
23,59,0.304348,0.461847,0.069852,0.272277,0.695652,0.735665,0.032967,0.013970
23,60,0.304348,0.461847,0.138725,0.118782,0.695652,0.878613,0.062271,0.027745
23,61,0.891304,0.570281,0.508127,0.839045,0.108696,0.169010,0.021978,0.101625
23,62,0.456522,0.489960,0.488170,0.365467,0.543478,0.623080,0.021978,0.097634
23,63,0.195652,0.441767,0.405651,0.249628,0.804348,0.738500,0.062271,0.081130
23,64,0.260870,0.453815,0.371213,0.099295,0.739130,0.884216,0.040293,0.068017
23,65,0.304348,0.461847,0.221098,0.385339,0.695652,0.619048,0.032967,0.044220
23,66,0.543478,0.506024,0.000000,0.509469,0.456522,0.512721,0.029304,0.000000
23,67,0.543478,0.506024,0.001060,0.360408,0.456522,0.655231,0.025641,0.000212
23,68,0.586957,0.514056,0.481069,0.849296,0.413043,0.160723,0.025641,0.096214
23,69,0.521739,0.502008,0.001725,0.344416,0.478261,0.670489,0.025641,0.000345
23,70,0.608696,0.518072,1.000000,0.739253,0.391304,0.236877,0.021978,0.200000
23,71,0.521739,0.502008,0.200069,0.319345,0.478261,0.683347,0.029304,0.040014
23,72,0.434783,0.485944,0.578082,0.392845,0.565217,0.591854,0.036630,0.115616
23,73,0.586957,0.514056,0.000000,0.171683,0.413043,0.835795,0.036630,0.000000
23,74,0.630435,0.522088,0.553208,0.723492,0.369565,0.277002,0.025641,0.110642
23,75,0.913043,0.574297,0.783310,0.771724,0.086957,0.217970,0.021978,0.156662
23,76,0.565217,0.510040,0.435928,0.401748,0.434783,0.591308,0.032967,0.087186
23,77,0.847826,0.562249,0.340053,0.810589,0.152174,0.205650,0.032967,0.068011
23,78,0.652174,0.526104,0.000000,0.537234,0.347826,0.486165,0.025641,0.000000
23,79,0.586957,0.514056,0.652038,0.570009,0.413043,0.418259,0.025641,0.119473
23,80,0.347826,0.469880,0.014293,0.174931,0.652174,0.831887,0.043956,0.002859
23,81,0.652174,0.526104,0.000000,0.632357,0.347826,0.395186,0.025641,0.000000
23,82,0.434783,0.485944,0.000000,0.303334,0.565217,0.709877,0.032967,0.000000
23,83,0.695652,0.534137,0.210223,0.471028,0.304348,0.537701,0.021978,0.042045
23,84,0.369565,0.473896,0.000000,0.323665,0.630435,0.690432,0.025641,0.000000
23,85,0.934783,0.578313,0.868250,0.884614,0.065217,0.105234,0.021978,0.173650
23,86,0.239130,0.449799,0.000000,0.157720,0.760870,0.849150,0.047619,0.000000
23,87,0.673913,0.530120,0.337608,0.631188,0.326087,0.377375,0.032967,0.067522
23,88,0.608696,0.518072,0.641774,0.660588,0.391304,0.332201,0.025641,0.128355
23,89,0.195652,0.441767,0.000000,0.156295,0.804348,0.850512,0.073260,0.000000
23,90,0.239130,0.449799,0.000000,0.008378,0.760870,0.991986,0.040293,0.000000
23,91,0.456522,0.489960,0.717216,0.315816,0.543478,0.657726,0.025641,0.143443
23,92,0.543478,0.506024,0.374238,0.602266,0.456522,0.402983,0.032967,0.074848
23,93,0.695652,0.534137,0.000000,0.677894,0.304348,0.351632,0.025641,0.000000
23,94,0.478261,0.493976,0.000000,0.214026,0.521739,0.795296,0.032967,0.000000
23,95,0.586957,0.514056,0.357769,0.256650,0.413043,0.734469,0.029304,0.071554
23,96,0.543478,0.506024,0.700035,0.610269,0.456522,0.377061,0.025641,0.140007
23,97,0.500000,0.497992,0.641649,0.621081,0.500000,0.369994,0.021978,0.128330
23,98,0.543478,0.506024,0.323260,0.423289,0.456522,0.577022,0.025641,0.064652
23,99,0.652174,0.526104,0.262091,0.538817,0.347826,0.469956,0.021978,0.052418
23,100,0.543478,0.506024,0.206411,0.458221,0.456522,0.550163,0.029304,0.041282
23,101,0.586957,0.514056,0.511692,0.414165,0.413043,0.575184,0.025641,0.102338
23,102,0.413043,0.481928,0.039706,0.507015,0.586957,0.512842,0.032967,0.007941
23,103,0.913043,0.574297,0.472566,0.684371,0.086957,0.318941,0.021978,0.094513
23,104,0.413043,0.481928,0.000000,0.377497,0.586957,0.638945,0.029304,0.000000
23,105,0.173913,0.437751,0.272210,0.254240,0.826087,0.741571,0.051282,0.054442
23,106,0.586957,0.514056,0.000000,0.480920,0.413043,0.540026,0.032967,0.000000
23,107,0.347826,0.469880,0.963459,0.599991,0.652174,0.372122,0.043956,0.192692
23,108,0.434783,0.485944,0.000000,0.260373,0.565217,0.750968,0.025641,0.000000
23,109,0.347826,0.469880,0.000000,0.246329,0.652174,0.764400,0.047619,0.000000
23,110,0.869565,0.566265,0.000000,0.809033,0.130435,0.226205,0.029304,0.000000
23,111,0.521739,0.502008,0.000000,0.491718,0.478261,0.529699,0.025641,0.000000
23,112,0.565217,0.510040,0.297474,0.591085,0.434783,0.417981,0.029304,0.059495
23,113,0.608696,0.518072,0.511040,0.585539,0.391304,0.411311,0.029304,0.102208
23,114,0.608696,0.518072,0.516722,0.595653,0.391304,0.401319,0.025641,0.103344
23,115,0.369565,0.473896,0.554796,0.425230,0.630435,0.562185,0.032967,0.110959
23,116,0.478261,0.493976,0.296718,0.424916,0.521739,0.576955,0.025641,0.059344
23,117,1.000000,0.590361,0.618342,0.912920,0.000000,0.092173,0.025641,0.123668
23,118,0.434783,0.485944,0.507417,0.430399,0.565217,0.559897,0.025641,0.101483
23,119,0.282609,0.457831,0.269236,0.404095,0.717391,0.598409,0.036630,0.049332
23,120,0.347826,0.469880,0.000000,0.144928,0.652174,0.861384,0.029304,0.000000
23,121,0.804348,0.554217,0.531537,0.628432,0.195652,0.369137,0.021978,0.106307
23,122,0.586957,0.514056,0.389702,0.640085,0.413043,0.365944,0.029304,0.077940
23,123,0.413043,0.481928,0.101991,0.292847,0.586957,0.714190,0.032967,0.020398
23,124,0.760870,0.546185,0.000000,0.449284,0.239130,0.570284,0.029304,0.000000
23,125,0.478261,0.493976,0.419478,0.481220,0.521739,0.516221,0.032967,0.083896
23,126,0.695652,0.534137,0.414410,0.614621,0.304348,0.388914,0.032967,0.082882
23,127,0.608696,0.518072,0.329677,0.518619,0.391304,0.485485,0.025641,0.065935
23,128,0.456522,0.489960,0.000000,0.253221,0.543478,0.757808,0.029304,0.000000
23,129,0.543478,0.506024,0.330347,0.510570,0.456522,0.493146,0.029304,0.066069
23,130,0.478261,0.493976,0.380875,0.447623,0.521739,0.550519,0.029304,0.076175
23,131,0.500000,0.497992,0.415388,0.388556,0.500000,0.605077,0.032967,0.083078
23,132,0.695652,0.534137,0.000000,0.605352,0.304348,0.421014,0.029304,0.000000
23,133,0.000000,0.405622,0.000000,0.000000,1.000000,1.000000,0.062271,0.000000
23,134,0.586957,0.514056,0.501444,0.575123,0.413043,0.421811,0.025641,0.100289
23,135,0.369565,0.473896,0.271653,0.293918,0.630435,0.703652,0.043956,0.054331
23,136,0.543478,0.506024,0.244516,0.502680,0.456522,0.505504,0.036630,0.048903
23,137,0.826087,0.558233,0.410910,0.712903,0.173913,0.295108,0.025641,0.082182
23,138,0.652174,0.526104,0.000000,0.449139,0.347826,0.570423,0.032967,0.000000
23,139,0.217391,0.445783,0.346919,0.276581,0.782609,0.716015,0.040293,0.069384
23,140,0.347826,0.469880,0.117380,0.314066,0.652174,0.693032,0.032967,0.023476
23,141,0.413043,0.481928,0.029711,0.202496,0.586957,0.804658,0.036630,0.005942
23,142,0.391304,0.477912,0.662334,0.387084,0.608696,0.592640,0.029304,0.132467
23,143,0.543478,0.506024,0.000000,0.444537,0.456522,0.574825,0.029304,0.000000
23,144,0.586957,0.514056,0.356729,0.401488,0.413043,0.595998,0.025641,0.071346
23,145,0.260870,0.453815,0.269658,0.241110,0.739130,0.754272,0.058608,0.053932
23,146,0.217391,0.445783,0.462941,0.367239,0.782609,0.622800,0.051282,0.092588
23,147,0.608696,0.518072,0.666354,0.634192,0.391304,0.356069,0.025641,0.133271
23,148,0.326087,0.465863,0.281071,0.316039,0.673913,0.681967,0.043956,0.056214
23,149,0.347826,0.469880,0.708834,0.465511,0.652174,0.515021,0.025641,0.141767
23,150,0.543478,0.506024,0.000000,0.519809,0.456522,0.502831,0.025641,0.000000
23,151,0.760870,0.546185,0.604514,0.673866,0.239130,0.321590,0.021978,0.120903
23,152,0.391304,0.477912,0.000000,0.224805,0.608696,0.784987,0.040293,0.000000
23,153,0.565217,0.510040,0.641869,0.726267,0.434783,0.269377,0.029304,0.128374
23,154,0.391304,0.477912,0.000000,0.237378,0.608696,0.772961,0.047619,0.000000
23,155,0.500000,0.497992,0.243237,0.386171,0.500000,0.617011,0.029304,0.048647
23,156,0.673913,0.530120,0.702965,0.646713,0.326087,0.342040,0.025641,0.140593
23,157,0.260870,0.453815,0.000000,0.031360,0.739130,0.970006,0.043956,0.000000
23,158,0.739130,0.542169,0.111560,0.602633,0.260870,0.417360,0.029304,0.022312
23,159,0.695652,0.534137,0.249153,0.622434,0.304348,0.390707,0.029304,0.049831
23,160,0.239130,0.449799,0.000000,0.232354,0.760870,0.777766,0.051282,0.000000
23,161,0.369565,0.473896,0.121188,0.411624,0.630435,0.599509,0.036630,0.024238
23,162,0.391304,0.477912,0.492263,0.174921,0.608696,0.805098,0.032967,0.098453
23,163,0.391304,0.477912,0.000000,0.013286,0.608696,0.987293,0.029304,0.000000
23,164,0.652174,0.526104,0.270770,0.574763,0.347826,0.435090,0.032967,0.054154
23,165,0.434783,0.485944,0.822474,0.571303,0.565217,0.407466,0.025641,0.164495
23,166,0.543478,0.506024,0.257139,0.593411,0.456522,0.418018,0.025641,0.051428
23,167,0.326087,0.465863,0.000000,0.244407,0.673913,0.766239,0.029304,0.000000
23,168,0.456522,0.489960,0.638345,0.411109,0.543478,0.571006,0.029304,0.116964
23,169,0.565217,0.510040,0.462966,0.540739,0.434783,0.456855,0.021978,0.092593
23,170,0.434783,0.485944,0.176570,0.453362,0.565217,0.556485,0.040293,0.035314
23,171,0.826087,0.558233,0.549050,0.640131,0.173913,0.356966,0.029304,0.109810
23,172,0.826087,0.558233,0.367678,0.630012,0.173913,0.376813,0.025641,0.073536
23,173,0.478261,0.493976,0.000000,0.332087,0.521739,0.682377,0.036630,0.000000
23,174,0.456522,0.489960,0.131253,0.466067,0.543478,0.546874,0.029304,0.026251
23,175,0.478261,0.493976,0.141906,0.481543,0.521739,0.531474,0.032967,0.028381
23,176,0.521739,0.502008,0.094032,0.394434,0.478261,0.617473,0.021978,0.018806
23,177,0.521739,0.502008,0.680384,0.420618,0.478261,0.559554,0.032967,0.124666
23,178,0.695652,0.534137,0.777135,0.834163,0.304348,0.158597,0.029304,0.155427
23,179,0.739130,0.542169,0.617115,0.758874,0.260870,0.239578,0.029304,0.123423
23,180,0.369565,0.473896,0.059805,0.263500,0.630435,0.744624,0.029304,0.011961
23,181,0.391304,0.477912,0.000000,0.378585,0.608696,0.637904,0.040293,0.000000
23,182,0.326087,0.465863,0.314331,0.170472,0.673913,0.819329,0.043956,0.062866
23,183,0.652174,0.526104,0.653952,0.435078,0.347826,0.547205,0.021978,0.130790
23,184,0.500000,0.497992,0.000000,0.525148,0.500000,0.497725,0.025641,0.000000
23,185,0.521739,0.502008,0.886979,0.443243,0.478261,0.526331,0.029304,0.162521
23,186,0.434783,0.485944,0.340326,0.476682,0.565217,0.524998,0.029304,0.068065
23,187,0.586957,0.514056,0.000000,0.196878,0.413043,0.811697,0.025641,0.000000
23,188,0.913043,0.574297,0.485361,0.712439,0.086957,0.291378,0.025641,0.097072
23,189,0.673913,0.530120,0.417463,0.444349,0.326087,0.551598,0.025641,0.083493
23,190,0.673913,0.530120,0.000000,0.423928,0.326087,0.594536,0.021978,0.000000
23,191,0.543478,0.506024,0.039774,0.550273,0.456522,0.471464,0.029304,0.007955
23,192,0.695652,0.534137,0.379300,0.488100,0.304348,0.511893,0.025641,0.075860
23,193,0.543478,0.506024,0.475716,0.500526,0.456522,0.494602,0.032967,0.095143
23,194,0.478261,0.493976,0.000000,0.328791,0.521739,0.685529,0.032967,0.000000
23,195,0.760870,0.546185,0.589654,0.658700,0.239130,0.336929,0.029304,0.117931
23,196,0.543478,0.506024,0.088976,0.324362,0.456522,0.684777,0.032967,0.017795
23,197,0.739130,0.542169,0.935803,0.619488,0.260870,0.355025,0.021978,0.187161
23,198,0.826087,0.558233,0.104363,0.422917,0.173913,0.589651,0.025641,0.020873
23,199,0.934783,0.578313,0.272742,0.659898,0.065217,0.353552,0.021978,0.054548
23,200,0.456522,0.489960,0.322180,0.409529,0.543478,0.590244,0.032967,0.064436
23,201,0.326087,0.465863,0.194266,0.280636,0.673913,0.720695,0.040293,0.038853
23,202,0.521739,0.502008,0.212564,0.588475,0.478261,0.425238,0.032967,0.042513
23,203,0.478261,0.493976,0.532725,0.259766,0.521739,0.721680,0.025641,0.106545
23,204,0.717391,0.538153,0.480500,0.555323,0.282609,0.441923,0.021978,0.096100
23,205,0.500000,0.497992,0.419818,0.426287,0.500000,0.568742,0.025641,0.083964
23,206,0.434783,0.485944,0.425496,0.619350,0.565217,0.383769,0.029304,0.085099
23,207,0.760870,0.546185,0.397152,0.604056,0.239130,0.399987,0.025641,0.079430
23,208,0.456522,0.489960,0.026479,0.431191,0.543478,0.586105,0.025641,0.005296
23,209,0.565217,0.510040,0.317212,0.376366,0.434783,0.622241,0.025641,0.063442
23,210,0.565217,0.510040,0.000000,0.353413,0.434783,0.661980,0.025641,0.000000
23,211,0.608696,0.518072,0.555489,0.402079,0.391304,0.584288,0.029304,0.101782
23,212,0.739130,0.542169,0.664223,0.778395,0.260870,0.218267,0.021978,0.132845
23,213,0.760870,0.546185,0.748446,0.573940,0.239130,0.409094,0.025641,0.149689
23,214,0.282609,0.457831,0.056380,0.404160,0.717391,0.610283,0.043956,0.011276
23,215,0.652174,0.526104,0.653777,0.589547,0.347826,0.399475,0.029304,0.130755
23,216,0.652174,0.526104,0.000000,0.388680,0.347826,0.628249,0.029304,0.000000
23,217,0.413043,0.481928,0.029298,0.310202,0.586957,0.701667,0.029304,0.005860
23,218,0.630435,0.522088,0.269923,0.736391,0.369565,0.280549,0.029304,0.053985
23,219,0.608696,0.518072,0.396859,0.616939,0.391304,0.387681,0.021978,0.079372
23,220,0.434783,0.485944,0.007186,0.479707,0.565217,0.540784,0.036630,0.001437
23,221,0.521739,0.502008,0.422271,0.326133,0.478261,0.664396,0.021978,0.084454
23,222,0.608696,0.518072,0.000000,0.473720,0.391304,0.546913,0.029304,0.000000
23,223,0.630435,0.522088,0.288361,0.668341,0.369565,0.344601,0.025641,0.057672
23,224,0.717391,0.538153,0.192117,0.665160,0.282609,0.353040,0.029304,0.038423
23,225,0.282609,0.457831,0.000000,0.254337,0.717391,0.756741,0.036630,0.000000
23,226,0.304348,0.461847,0.076646,0.112985,0.695652,0.887639,0.040293,0.015329
23,227,0.565217,0.510040,0.000000,0.460760,0.434783,0.559309,0.029304,0.000000
23,228,0.586957,0.514056,0.005440,0.388787,0.413043,0.627842,0.025641,0.001088
23,229,0.804348,0.554217,0.360675,0.721632,0.195652,0.289576,0.025641,0.072135
23,230,0.369565,0.473896,0.579943,0.423110,0.630435,0.562803,0.025641,0.115989
23,231,0.413043,0.481928,0.101713,0.265598,0.586957,0.740267,0.032967,0.020343
23,232,0.695652,0.534137,0.000000,0.523950,0.304348,0.498871,0.032967,0.000000
23,233,0.326087,0.465863,0.364488,0.308215,0.673913,0.684773,0.029304,0.072898
23,234,0.478261,0.493976,0.253476,0.391496,0.521739,0.611344,0.021978,0.050695
23,235,0.565217,0.510040,0.000000,0.432190,0.434783,0.586635,0.025641,0.000000
23,236,0.173913,0.437751,0.118273,0.065191,0.826087,0.931017,0.062271,0.023655
23,237,0.804348,0.554217,0.231449,0.591145,0.195652,0.421626,0.025641,0.046290
23,238,0.478261,0.493976,0.297710,0.459820,0.521739,0.543515,0.029304,0.059542
23,239,0.413043,0.481928,0.032832,0.365534,0.586957,0.648546,0.036630,0.006566
23,240,0.304348,0.461847,0.194383,0.110532,0.695652,0.883384,0.036630,0.038877
23,241,0.456522,0.489960,0.000000,0.228968,0.543478,0.781005,0.032967,0.000000
23,242,0.673913,0.530120,0.484512,0.812662,0.326087,0.195568,0.021978,0.096902
23,243,0.347826,0.469880,0.201777,0.410129,0.652174,0.596421,0.032967,0.040355
23,244,0.695652,0.534137,0.441186,0.535759,0.304348,0.462839,0.029304,0.088237
23,245,0.369565,0.473896,0.111863,0.352445,0.630435,0.656634,0.032967,0.022373
23,246,0.478261,0.493976,0.386478,0.661855,0.521739,0.345303,0.032967,0.077296
23,247,0.652174,0.526104,0.223996,0.665350,0.347826,0.351070,0.029304,0.044799
23,248,0.434783,0.485944,0.404507,0.547174,0.565217,0.453978,0.025641,0.080901
23,249,0.369565,0.473896,0.000000,0.292622,0.630435,0.720123,0.029304,0.000000
24,0,0.565217,0.510040,0.431236,0.447559,0.434783,0.555737,0.025547,0.086247
24,1,0.760870,0.546185,0.000000,0.601428,0.239130,0.431748,0.029197,0.000000
24,2,0.804348,0.554217,0.473862,0.665391,0.195652,0.340728,0.025547,0.094772
24,3,0.478261,0.493976,0.000000,0.346580,0.521739,0.680279,0.029197,0.000000
24,4,0.739130,0.542169,0.270163,0.595075,0.260870,0.421614,0.021898,0.054033
24,5,0.326087,0.465863,0.000000,0.264079,0.673913,0.760735,0.029197,0.000000
24,6,0.586957,0.514056,0.156658,0.651302,0.413043,0.373642,0.029197,0.031332
24,7,0.521739,0.502008,0.270061,0.493404,0.478261,0.520770,0.029197,0.054012
24,8,0.282609,0.457831,0.112055,0.330773,0.717391,0.688921,0.040146,0.022411
24,9,0.456522,0.489960,0.000000,0.163552,0.543478,0.858770,0.032847,0.000000
24,10,0.500000,0.497992,0.133900,0.533939,0.500000,0.489471,0.029197,0.026780
24,11,0.391304,0.477912,0.247968,0.280684,0.608696,0.729553,0.040146,0.049594
24,12,0.739130,0.542169,0.000000,0.525265,0.260870,0.506023,0.025547,0.000000
24,13,0.630435,0.522088,0.000000,0.348920,0.369565,0.677997,0.029197,0.000000
24,14,0.521739,0.502008,0.737966,0.481792,0.478261,0.503812,0.032847,0.147593
24,15,0.956522,0.582329,0.357021,0.967747,0.043478,0.052930,0.021898,0.071404
24,16,0.413043,0.481928,0.000000,0.360365,0.586957,0.666836,0.029197,0.000000
24,17,0.565217,0.510040,0.691754,0.491260,0.434783,0.497372,0.025547,0.138351
24,18,0.608696,0.518072,0.444055,0.540272,0.391304,0.464547,0.025547,0.088811
24,19,0.565217,0.510040,0.458528,0.396894,0.434783,0.603496,0.029197,0.091706
24,20,0.608696,0.518072,0.107248,0.392094,0.391304,0.629410,0.025547,0.021450
24,21,0.282609,0.457831,0.000000,0.198146,0.717391,0.825033,0.040146,0.000000
24,22,0.608696,0.518072,0.088645,0.535782,0.391304,0.490409,0.025547,0.017729
24,23,0.478261,0.493976,0.438515,0.727691,0.521739,0.282109,0.036496,0.087703
24,24,0.434783,0.485944,0.451946,0.433346,0.565217,0.568346,0.043796,0.090389
24,25,0.456522,0.489960,0.000000,0.455387,0.543478,0.574169,0.021898,0.000000
24,26,0.173913,0.437751,0.046063,0.200179,0.826087,0.820267,0.051095,0.009213
24,27,0.608696,0.518072,0.048423,0.370295,0.391304,0.654225,0.025547,0.009685
24,28,0.565217,0.510040,0.000000,0.252605,0.434783,0.771925,0.025547,0.000000
24,29,0.326087,0.465863,0.282088,0.410199,0.673913,0.601186,0.029197,0.056418
24,30,0.543478,0.506024,0.770765,0.610057,0.456522,0.376743,0.036496,0.154153
24,31,0.413043,0.481928,0.608983,0.376434,0.586957,0.614354,0.021898,0.121797
24,32,0.521739,0.502008,0.786148,0.576610,0.478261,0.408432,0.021898,0.144905
24,33,0.478261,0.493976,0.207688,0.467863,0.521739,0.549448,0.036496,0.041538
24,34,0.456522,0.489960,0.396702,0.580664,0.543478,0.428018,0.021898,0.079340
24,35,0.500000,0.497992,0.359076,0.558580,0.500000,0.451829,0.032847,0.071815
24,36,0.652174,0.526104,0.111229,0.588115,0.347826,0.438008,0.029197,0.022246
24,37,0.369565,0.473896,0.238136,0.172225,0.630435,0.835917,0.036496,0.047627
24,38,0.521739,0.502008,0.650088,0.362588,0.478261,0.625373,0.029197,0.130018
24,39,0.695652,0.534137,0.576135,0.691912,0.304348,0.308683,0.021898,0.115227
24,40,0.586957,0.514056,0.180685,0.537272,0.413043,0.483392,0.025547,0.036137
24,41,0.543478,0.506024,0.509209,0.870910,0.456522,0.138167,0.025547,0.101842
24,42,0.500000,0.497992,0.000000,0.364641,0.500000,0.662666,0.025547,0.000000
24,43,0.782609,0.550201,0.129383,0.843271,0.217391,0.188080,0.025547,0.025877
24,44,0.434783,0.485944,0.000000,0.264777,0.565217,0.760054,0.032847,0.000000
24,45,0.652174,0.526104,0.165226,0.365851,0.347826,0.651498,0.021898,0.033045
24,46,0.586957,0.514056,0.375841,0.664202,0.413043,0.347813,0.029197,0.075168
24,47,0.630435,0.522088,0.700531,0.616396,0.369565,0.374808,0.032847,0.140106
24,48,0.673913,0.530120,0.401735,0.503236,0.326087,0.503223,0.025547,0.080347
24,49,0.500000,0.497992,0.210934,0.468872,0.500000,0.548268,0.025547,0.042187
24,50,0.630435,0.522088,0.835894,0.893642,0.369565,0.096251,0.021898,0.167179
24,51,0.391304,0.477912,0.387541,0.378454,0.608696,0.625770,0.036496,0.077508
24,52,0.760870,0.546185,0.000000,0.660029,0.239130,0.374600,0.025547,0.000000
24,53,0.326087,0.465863,0.546564,0.364285,0.673913,0.629975,0.036496,0.109313
24,54,0.304348,0.461847,0.171956,0.172969,0.695652,0.839192,0.032847,0.034391
24,55,0.543478,0.506024,0.331928,0.496785,0.456522,0.513734,0.029197,0.066386
24,56,0.565217,0.510040,0.449955,0.638620,0.434783,0.368281,0.025547,0.089991
24,57,0.500000,0.497992,0.319871,0.446341,0.500000,0.563656,0.032847,0.063974
24,58,0.456522,0.489960,0.867538,0.814629,0.543478,0.171394,0.032847,0.173508
24,59,0.304348,0.461847,0.291082,0.272444,0.695652,0.734982,0.032847,0.058216
24,60,0.304348,0.461847,0.335058,0.194034,0.695652,0.808791,0.062044,0.067012
24,61,0.891304,0.570281,0.505736,0.876590,0.108696,0.132838,0.021898,0.101147
24,62,0.456522,0.489960,0.711110,0.544075,0.543478,0.444696,0.021898,0.142222
24,63,0.195652,0.441767,0.340254,0.161643,0.804348,0.840064,0.062044,0.062717
24,64,0.260870,0.453815,0.340593,0.254518,0.739130,0.749472,0.043796,0.068119
24,65,0.304348,0.461847,0.206742,0.461099,0.695652,0.556102,0.032847,0.041348
24,66,0.543478,0.506024,0.000000,0.478107,0.456522,0.552012,0.029197,0.000000
24,67,0.543478,0.506024,0.337060,0.438439,0.456522,0.570324,0.025547,0.067412
24,68,0.586957,0.514056,0.324569,0.755408,0.413043,0.261967,0.025547,0.064914
24,69,0.521739,0.502008,0.000000,0.441649,0.478261,0.587566,0.025547,0.000000
24,70,0.608696,0.518072,0.793179,0.701447,0.391304,0.286264,0.021898,0.146201
24,71,0.521739,0.502008,0.296034,0.359726,0.478261,0.649565,0.029197,0.059207
24,72,0.434783,0.485944,0.517355,0.456075,0.565217,0.542227,0.036496,0.103471
24,73,0.586957,0.514056,0.000000,0.509369,0.413043,0.521525,0.036496,0.000000
24,74,0.630435,0.522088,0.465044,0.612395,0.369565,0.392943,0.025547,0.093009
24,75,0.913043,0.574297,0.793162,0.825591,0.086957,0.165198,0.021898,0.146198
24,76,0.565217,0.510040,0.473784,0.522132,0.434783,0.480440,0.032847,0.094757
24,77,0.847826,0.562249,0.397697,0.876494,0.152174,0.139462,0.032847,0.079539
24,78,0.652174,0.526104,0.000000,0.512811,0.347826,0.518168,0.025547,0.000000
24,79,0.586957,0.514056,1.000000,0.800535,0.413043,0.177131,0.029197,0.200000
24,80,0.347826,0.469880,0.116280,0.251940,0.652174,0.765544,0.043796,0.023256
24,81,0.652174,0.526104,0.000000,0.576962,0.347826,0.455608,0.025547,0.000000
24,82,0.434783,0.485944,0.000000,0.187808,0.565217,0.835115,0.032847,0.000000
24,83,0.695652,0.534137,0.493940,0.729337,0.304348,0.277153,0.021898,0.098788
24,84,0.369565,0.473896,0.022902,0.355626,0.630435,0.670073,0.025547,0.004580
24,85,0.934783,0.578313,0.905552,0.983176,0.065217,0.004726,0.021898,0.181110
24,86,0.239130,0.449799,0.000000,0.131168,0.760870,0.890351,0.047445,0.000000
24,87,0.673913,0.530120,0.221832,0.811857,0.326087,0.213127,0.032847,0.044366
24,88,0.608696,0.518072,0.653757,0.677269,0.391304,0.318271,0.025547,0.130751
24,89,0.195652,0.441767,0.000000,0.260176,0.804348,0.764541,0.072993,0.000000
24,90,0.239130,0.449799,0.000000,0.160774,0.760870,0.861479,0.040146,0.000000
24,91,0.456522,0.489960,0.454948,0.311466,0.543478,0.687023,0.025547,0.090990
24,92,0.543478,0.506024,0.807447,0.831162,0.456522,0.158903,0.032847,0.161489
24,93,0.695652,0.534137,0.000000,0.759732,0.304348,0.277369,0.025547,0.000000
24,94,0.478261,0.493976,0.000000,0.259256,0.521739,0.765439,0.032847,0.000000
24,95,0.586957,0.514056,0.212242,0.226071,0.413043,0.784971,0.029197,0.042448
24,96,0.543478,0.506024,0.349596,0.600372,0.456522,0.411647,0.025547,0.069919
24,97,0.500000,0.497992,0.325264,0.567324,0.500000,0.445346,0.021898,0.065053
24,98,0.543478,0.506024,0.140062,0.302640,0.456522,0.714663,0.025547,0.028012
24,99,0.652174,0.526104,0.441103,0.489587,0.347826,0.514154,0.021898,0.088221
24,100,0.543478,0.506024,0.198801,0.540579,0.456522,0.479072,0.029197,0.039760
24,101,0.586957,0.514056,0.647156,0.248575,0.413043,0.736737,0.025547,0.129431
24,102,0.413043,0.481928,0.000000,0.506907,0.586957,0.523927,0.032847,0.000000
24,103,0.913043,0.574297,0.798493,0.866334,0.086957,0.125143,0.021898,0.159699
24,104,0.413043,0.481928,0.350949,0.466043,0.586957,0.542564,0.029197,0.070190
24,105,0.173913,0.437751,0.253886,0.256718,0.826087,0.752567,0.051095,0.050777
24,106,0.586957,0.514056,0.000000,0.580694,0.413043,0.451968,0.032847,0.000000
24,107,0.347826,0.469880,0.719950,0.481550,0.652174,0.505136,0.043796,0.143990
24,108,0.434783,0.485944,0.022455,0.345877,0.565217,0.679608,0.025547,0.004491
24,109,0.347826,0.469880,0.000000,0.157951,0.652174,0.864232,0.047445,0.000000
24,110,0.869565,0.566265,0.000000,0.848068,0.130435,0.191222,0.029197,0.000000
24,111,0.521739,0.502008,0.000000,0.650840,0.478261,0.383561,0.025547,0.000000
24,112,0.565217,0.510040,0.501436,0.584677,0.434783,0.417774,0.029197,0.100287
24,113,0.608696,0.518072,0.303650,0.685303,0.391304,0.331598,0.029197,0.060730
24,114,0.608696,0.518072,0.423626,0.556629,0.391304,0.449830,0.025547,0.084725
24,115,0.369565,0.473896,0.300011,0.396932,0.630435,0.613041,0.032847,0.060002
24,116,0.478261,0.493976,0.535348,0.605147,0.521739,0.395762,0.025547,0.107070
24,117,1.000000,0.590361,0.712318,1.000000,0.000000,0.000000,0.025547,0.142464
24,118,0.434783,0.485944,0.623030,0.628078,0.565217,0.368100,0.025547,0.124606
24,119,0.282609,0.457831,0.000000,0.400078,0.717391,0.628107,0.040146,0.000000
24,120,0.347826,0.469880,0.296908,0.307499,0.652174,0.700444,0.029197,0.059382
24,121,0.804348,0.554217,0.270235,0.731506,0.195652,0.288560,0.021898,0.054047
24,122,0.586957,0.514056,0.522467,0.632574,0.413043,0.369794,0.029197,0.104493
24,123,0.413043,0.481928,0.198380,0.336534,0.586957,0.678085,0.032847,0.039676
24,124,0.760870,0.546185,0.233706,0.485568,0.239130,0.530610,0.029197,0.046741
24,125,0.478261,0.493976,0.374458,0.501448,0.521739,0.506615,0.032847,0.074892
24,126,0.695652,0.534137,0.362746,0.560431,0.304348,0.449803,0.032847,0.072549
24,127,0.608696,0.518072,0.245318,0.597062,0.391304,0.421177,0.025547,0.049064
24,128,0.456522,0.489960,0.000000,0.430210,0.543478,0.598722,0.029197,0.000000
24,129,0.543478,0.506024,0.331083,0.535818,0.456522,0.475720,0.029197,0.066217
24,130,0.478261,0.493976,0.193893,0.542129,0.521739,0.477857,0.029197,0.038779
24,131,0.500000,0.497992,0.353309,0.374407,0.500000,0.631786,0.032847,0.070662
24,132,0.695652,0.534137,0.052386,0.838894,0.304348,0.197003,0.029197,0.010477
24,133,0.000000,0.405622,0.000000,0.114238,1.000000,0.906861,0.062044,0.000000
24,134,0.586957,0.514056,0.622529,0.554548,0.413043,0.439837,0.025547,0.124506
24,135,0.369565,0.473896,0.508870,0.240762,0.630435,0.752715,0.043796,0.101774
24,136,0.543478,0.506024,0.629127,0.786574,0.456522,0.213164,0.036496,0.125825
24,137,0.826087,0.558233,0.198117,0.606334,0.173913,0.414988,0.025547,0.039623
24,138,0.652174,0.526104,0.000000,0.416434,0.347826,0.612156,0.032847,0.000000
24,139,0.217391,0.445783,0.450400,0.459478,0.782609,0.542955,0.040146,0.090080
24,140,0.347826,0.469880,0.000000,0.292603,0.652174,0.732918,0.032847,0.000000
24,141,0.413043,0.481928,0.333045,0.373825,0.586957,0.633578,0.036496,0.066609
24,142,0.391304,0.477912,0.205660,0.272009,0.608696,0.740570,0.029197,0.041132
24,143,0.543478,0.506024,0.000000,0.407780,0.456522,0.620597,0.029197,0.000000
24,144,0.586957,0.514056,0.470154,0.423023,0.413043,0.577312,0.025547,0.094031
24,145,0.260870,0.453815,0.242323,0.336135,0.739130,0.675818,0.058394,0.048465
24,146,0.217391,0.445783,0.496142,0.434065,0.782609,0.564973,0.051095,0.099228
24,147,0.608696,0.518072,0.288263,0.562583,0.391304,0.452206,0.025547,0.057653
24,148,0.326087,0.465863,0.435953,0.391028,0.673913,0.610582,0.043796,0.087191
24,149,0.347826,0.469880,0.422143,0.544300,0.652174,0.461943,0.025547,0.084429
24,150,0.543478,0.506024,0.000000,0.443471,0.456522,0.585789,0.025547,0.000000
24,151,0.760870,0.546185,0.908809,0.687841,0.239130,0.292543,0.021898,0.181762
24,152,0.391304,0.477912,0.000000,0.292234,0.608696,0.733278,0.040146,0.000000
24,153,0.565217,0.510040,0.433862,0.670180,0.434783,0.338475,0.029197,0.086772
24,154,0.391304,0.477912,0.124925,0.314869,0.608696,0.703653,0.047445,0.024985
24,155,0.500000,0.497992,0.258070,0.439888,0.500000,0.573684,0.029197,0.051614
24,156,0.673913,0.530120,0.555939,0.714837,0.326087,0.287547,0.025547,0.111188
24,157,0.260870,0.453815,0.000000,0.196527,0.739130,0.826612,0.043796,0.000000
24,158,0.739130,0.542169,0.359488,0.900394,0.260870,0.118464,0.029197,0.071898
24,159,0.695652,0.534137,0.385847,0.684311,0.304348,0.327597,0.029197,0.077169
24,160,0.239130,0.449799,0.000000,0.295861,0.760870,0.729741,0.051095,0.000000
24,161,0.369565,0.473896,0.218085,0.384265,0.630435,0.630346,0.036496,0.043617
24,162,0.391304,0.477912,0.275789,0.272139,0.608696,0.736205,0.032847,0.055158
24,163,0.391304,0.477912,0.000000,0.076656,0.608696,0.943512,0.029197,0.000000
24,164,0.652174,0.526104,0.377769,0.606083,0.347826,0.404375,0.032847,0.075554
24,165,0.434783,0.485944,0.560283,0.411022,0.565217,0.583567,0.025547,0.112057
24,166,0.543478,0.506024,0.404117,0.563454,0.456522,0.444354,0.025547,0.080823
24,167,0.326087,0.465863,0.000000,0.353659,0.673913,0.673376,0.029197,0.000000
24,168,0.456522,0.489960,0.035833,0.309801,0.543478,0.713981,0.032847,0.007167
24,169,0.565217,0.510040,0.232870,0.579869,0.434783,0.438697,0.021898,0.046574
24,170,0.434783,0.485944,0.242406,0.507982,0.565217,0.508226,0.040146,0.048481
24,171,0.826087,0.558233,0.619001,0.709040,0.173913,0.289388,0.029197,0.114096
24,172,0.826087,0.558233,0.262426,0.569744,0.173913,0.446785,0.025547,0.052485
24,173,0.478261,0.493976,0.000000,0.428582,0.521739,0.600309,0.036496,0.000000
24,174,0.456522,0.489960,0.122850,0.378396,0.543478,0.641826,0.029197,0.024570
24,175,0.478261,0.493976,0.362345,0.507770,0.521739,0.501182,0.032847,0.072469
24,176,0.521739,0.502008,0.264944,0.370473,0.478261,0.640964,0.021898,0.052989
24,177,0.521739,0.502008,0.396176,0.548198,0.478261,0.459712,0.036496,0.079235
24,178,0.695652,0.534137,0.223584,0.683937,0.304348,0.337770,0.029197,0.044717
24,179,0.739130,0.542169,0.610426,0.798645,0.260870,0.202523,0.029197,0.122085
24,180,0.369565,0.473896,0.404999,0.377981,0.630435,0.625176,0.029197,0.081000
24,181,0.391304,0.477912,0.064813,0.428351,0.608696,0.596617,0.040146,0.012963
24,182,0.326087,0.465863,0.212109,0.325438,0.673913,0.688075,0.043796,0.042422
24,183,0.652174,0.526104,0.806716,0.556488,0.347826,0.426812,0.021898,0.161343
24,184,0.500000,0.497992,0.000000,0.564189,0.500000,0.468065,0.025547,0.000000
24,185,0.521739,0.502008,0.324980,0.576701,0.478261,0.436219,0.032847,0.064996
24,186,0.434783,0.485944,0.532552,0.472286,0.565217,0.525498,0.029197,0.106510
24,187,0.586957,0.514056,0.000000,0.262126,0.413043,0.762639,0.025547,0.000000
24,188,0.913043,0.574297,0.458073,0.772963,0.086957,0.236777,0.025547,0.091615
24,189,0.673913,0.530120,0.356660,0.456337,0.326087,0.551684,0.025547,0.071332
24,190,0.673913,0.530120,0.346670,0.422612,0.326087,0.585177,0.021898,0.069334
24,191,0.543478,0.506024,0.508738,0.746743,0.456522,0.259285,0.029197,0.101748
24,192,0.695652,0.534137,0.302226,0.665267,0.304348,0.351223,0.025547,0.060445
24,193,0.543478,0.506024,0.446744,0.728663,0.456522,0.280664,0.032847,0.089349
24,194,0.478261,0.493976,0.000000,0.372839,0.521739,0.654671,0.032847,0.000000
24,195,0.760870,0.546185,0.425403,0.690466,0.239130,0.319203,0.029197,0.085081
24,196,0.543478,0.506024,0.000000,0.242323,0.456522,0.781951,0.032847,0.000000
24,197,0.739130,0.542169,0.861311,0.718328,0.260870,0.265684,0.021898,0.172262
24,198,0.826087,0.558233,0.123458,0.644914,0.173913,0.381878,0.025547,0.024692
24,199,0.934783,0.578313,0.442767,0.830201,0.065217,0.181883,0.021898,0.088553
24,200,0.456522,0.489960,0.241232,0.504173,0.543478,0.512011,0.032847,0.048246
24,201,0.326087,0.465863,0.011051,0.301095,0.673913,0.723969,0.040146,0.002210
24,202,0.521739,0.502008,0.111034,0.488900,0.478261,0.534775,0.032847,0.022207
24,203,0.478261,0.493976,0.508796,0.357949,0.521739,0.638437,0.025547,0.093783
24,204,0.717391,0.538153,0.296893,0.520459,0.282609,0.492765,0.021898,0.059379
24,205,0.500000,0.497992,0.274876,0.303436,0.500000,0.705738,0.025547,0.054975
24,206,0.434783,0.485944,0.169557,0.501404,0.565217,0.519044,0.029197,0.033911
24,207,0.760870,0.546185,0.421165,0.657029,0.239130,0.352068,0.025547,0.084233
24,208,0.456522,0.489960,0.000000,0.401503,0.543478,0.626718,0.025547,0.000000
24,209,0.565217,0.510040,0.427208,0.371314,0.434783,0.630335,0.025547,0.085442
24,210,0.565217,0.510040,0.000000,0.421578,0.434783,0.607140,0.025547,0.000000
24,211,0.608696,0.518072,0.052050,0.397579,0.391304,0.627398,0.032847,0.010410
24,212,0.739130,0.542169,0.441640,0.764959,0.260870,0.245576,0.021898,0.088328
24,213,0.760870,0.546185,0.453432,0.747723,0.239130,0.261672,0.025547,0.090686
24,214,0.282609,0.457831,0.200111,0.324361,0.717391,0.689851,0.043796,0.040022
24,215,0.652174,0.526104,0.882475,0.608536,0.347826,0.371475,0.029197,0.176495
24,216,0.652174,0.526104,0.392547,0.688006,0.347826,0.323589,0.029197,0.078509
24,217,0.413043,0.481928,0.167859,0.239844,0.586957,0.774222,0.029197,0.030940
24,218,0.630435,0.522088,0.116798,0.558258,0.369565,0.466788,0.029197,0.023360
24,219,0.608696,0.518072,0.450230,0.510691,0.391304,0.493021,0.021898,0.090046
24,220,0.434783,0.485944,0.000000,0.451411,0.565217,0.578047,0.036496,0.000000
24,221,0.521739,0.502008,0.798070,0.401886,0.478261,0.578104,0.021898,0.159614
24,222,0.608696,0.518072,0.688747,0.726134,0.391304,0.268502,0.029197,0.126952
24,223,0.630435,0.522088,0.202744,0.721157,0.369565,0.302732,0.025547,0.040549
24,224,0.717391,0.538153,0.199230,0.708888,0.282609,0.314909,0.029197,0.039846
24,225,0.282609,0.457831,0.000000,0.272760,0.717391,0.752269,0.036496,0.000000
24,226,0.304348,0.461847,0.000000,0.155718,0.695652,0.866409,0.040146,0.000000
24,227,0.565217,0.510040,0.000000,0.536180,0.434783,0.495379,0.029197,0.000000
24,228,0.586957,0.514056,0.353563,0.432360,0.413043,0.575254,0.025547,0.070713
24,229,0.804348,0.554217,0.459481,0.872403,0.195652,0.139717,0.025547,0.091896
24,230,0.369565,0.473896,0.787873,0.456760,0.630435,0.525206,0.025547,0.157575
24,231,0.413043,0.481928,0.477865,0.389114,0.586957,0.609915,0.032847,0.095573
24,232,0.695652,0.534137,0.000000,0.541884,0.304348,0.489816,0.032847,0.000000
24,233,0.326087,0.465863,0.000000,0.397315,0.673913,0.630802,0.029197,0.000000
24,234,0.478261,0.493976,0.662037,0.500698,0.521739,0.489964,0.021898,0.132407
24,235,0.565217,0.510040,0.058833,0.515709,0.434783,0.511787,0.025547,0.011767
24,236,0.173913,0.437751,0.302211,0.000000,0.826087,1.000000,0.062044,0.060442
24,237,0.804348,0.554217,0.728118,0.693419,0.195652,0.298026,0.025547,0.134209
24,238,0.478261,0.493976,0.437824,0.473397,0.521739,0.530141,0.029197,0.087565
24,239,0.413043,0.481928,0.018983,0.478069,0.586957,0.550902,0.036496,0.003797
24,240,0.304348,0.461847,0.299847,0.235073,0.695652,0.770898,0.036496,0.059969
24,241,0.456522,0.489960,0.000000,0.384277,0.543478,0.643516,0.032847,0.000000
24,242,0.673913,0.530120,0.589293,0.856770,0.326087,0.147116,0.021898,0.117859
24,243,0.347826,0.469880,0.102236,0.357902,0.652174,0.663058,0.032847,0.020447
24,244,0.695652,0.534137,0.494637,0.729602,0.304348,0.276853,0.029197,0.098927
24,245,0.369565,0.473896,0.068204,0.388882,0.630435,0.634903,0.032847,0.013641
24,246,0.478261,0.493976,0.604613,0.787780,0.521739,0.213469,0.032847,0.120923
24,247,0.652174,0.526104,0.172874,0.595603,0.347826,0.426980,0.029197,0.034575
24,248,0.434783,0.485944,0.802520,0.644386,0.565217,0.341346,0.025547,0.160504
24,249,0.369565,0.473896,0.000000,0.364987,0.630435,0.662328,0.029197,0.000000
25,0,0.565217,0.510040,0.664258,0.643774,0.434783,0.343532,0.025455,0.132852
25,1,0.760870,0.546185,0.060798,0.749388,0.239130,0.277462,0.029091,0.012160
25,2,0.804348,0.554217,0.521305,0.664490,0.195652,0.332009,0.025455,0.104261
25,3,0.478261,0.493976,0.000000,0.500852,0.521739,0.519467,0.029091,0.000000
25,4,0.739130,0.542169,0.000000,0.506686,0.260870,0.513870,0.021818,0.000000
25,5,0.326087,0.465863,0.221316,0.279377,0.673913,0.719026,0.029091,0.041041
25,6,0.586957,0.514056,0.301489,0.785988,0.413043,0.228283,0.029091,0.060298
25,7,0.521739,0.502008,0.635772,0.557988,0.478261,0.427502,0.029091,0.127154
25,8,0.282609,0.457831,0.431007,0.349391,0.717391,0.639600,0.040000,0.086201
25,9,0.456522,0.489960,0.309820,0.202795,0.543478,0.787330,0.032727,0.061964
25,10,0.500000,0.497992,0.000000,0.604269,0.500000,0.420245,0.029091,0.000000
25,11,0.391304,0.477912,0.077252,0.130678,0.608696,0.870110,0.040000,0.015450
25,12,0.739130,0.542169,0.319896,0.515164,0.260870,0.487044,0.025455,0.063979
25,13,0.630435,0.522088,0.057963,0.349625,0.369565,0.661172,0.029091,0.011593
25,14,0.521739,0.502008,0.961332,0.592924,0.478261,0.374961,0.032727,0.192266
25,15,0.956522,0.582329,0.803723,0.827547,0.043478,0.159066,0.021818,0.160745
25,16,0.413043,0.481928,0.000000,0.279264,0.586957,0.732065,0.029091,0.000000
25,17,0.565217,0.510040,0.644878,0.431085,0.434783,0.548725,0.025455,0.128976
25,18,0.608696,0.518072,0.518631,0.469973,0.391304,0.518791,0.025455,0.103726
25,19,0.565217,0.510040,0.077047,0.384012,0.434783,0.627065,0.029091,0.015409
25,20,0.608696,0.518072,0.000000,0.662609,0.391304,0.364272,0.025455,0.000000
25,21,0.282609,0.457831,0.000000,0.251339,0.717391,0.758857,0.040000,0.000000
25,22,0.608696,0.518072,0.618245,0.466050,0.391304,0.516734,0.025455,0.123649
25,23,0.478261,0.493976,0.450513,0.627673,0.521739,0.371468,0.036364,0.090103
25,24,0.434783,0.485944,0.360517,0.289409,0.565217,0.701268,0.043636,0.072103
25,25,0.456522,0.489960,0.000000,0.511417,0.543478,0.509331,0.021818,0.000000
25,26,0.173913,0.437751,0.083498,0.014976,0.826087,0.980752,0.050909,0.016700
25,27,0.608696,0.518072,0.000000,0.424605,0.391304,0.592621,0.025455,0.000000
25,28,0.565217,0.510040,0.000000,0.297619,0.434783,0.714456,0.025455,0.000000
25,29,0.326087,0.465863,0.215703,0.339432,0.673913,0.661736,0.029091,0.043141
25,30,0.543478,0.506024,0.446730,0.502531,0.456522,0.491755,0.036364,0.089346
25,31,0.413043,0.481928,0.375105,0.354660,0.586957,0.637812,0.021818,0.075021
25,32,0.521739,0.502008,0.306181,0.585342,0.478261,0.420515,0.025455,0.061236
25,33,0.478261,0.493976,0.556018,0.513742,0.521739,0.474613,0.036364,0.111204
25,34,0.456522,0.489960,0.000000,0.377727,0.543478,0.637597,0.021818,0.000000
25,35,0.500000,0.497992,0.256124,0.283466,0.500000,0.713069,0.032727,0.051225
25,36,0.652174,0.526104,0.095583,0.471292,0.347826,0.542243,0.029091,0.019117
25,37,0.369565,0.473896,0.511661,0.278855,0.630435,0.702562,0.036364,0.102332
25,38,0.521739,0.502008,0.510537,0.295555,0.478261,0.686606,0.029091,0.102107
25,39,0.695652,0.534137,0.619624,0.575668,0.304348,0.411483,0.021818,0.123925
25,40,0.586957,0.514056,0.000000,0.599417,0.413043,0.424900,0.025455,0.000000
25,41,0.543478,0.506024,0.621837,0.690827,0.456522,0.300866,0.025455,0.124367
25,42,0.500000,0.497992,0.000000,0.337089,0.500000,0.676587,0.025455,0.000000
25,43,0.782609,0.550201,0.512781,0.779794,0.217391,0.221880,0.025455,0.102556
25,44,0.434783,0.485944,0.000000,0.363076,0.565217,0.651654,0.032727,0.000000
25,45,0.652174,0.526104,0.128750,0.385245,0.347826,0.622861,0.021818,0.025750
25,46,0.586957,0.514056,0.503179,0.736938,0.413043,0.263559,0.029091,0.100636
25,47,0.630435,0.522088,0.783547,0.450641,0.369565,0.521860,0.032727,0.145303
25,48,0.673913,0.530120,1.000000,0.703023,0.326087,0.267070,0.025455,0.200000
25,49,0.500000,0.497992,0.325378,0.546905,0.500000,0.456272,0.025455,0.065076
25,50,0.630435,0.522088,0.885951,0.754659,0.369565,0.224192,0.021818,0.177190
25,51,0.391304,0.477912,0.291380,0.438676,0.608696,0.562095,0.036364,0.058276
25,52,0.760870,0.546185,0.623789,0.827197,0.239130,0.169915,0.025455,0.124758
25,53,0.326087,0.465863,0.726637,0.300040,0.673913,0.669677,0.036364,0.145327
25,54,0.304348,0.461847,0.313713,0.403259,0.695652,0.594771,0.032727,0.062743
25,55,0.543478,0.506024,0.272090,0.463842,0.456522,0.539078,0.029091,0.054418
25,56,0.565217,0.510040,0.487637,0.808805,0.434783,0.195515,0.025455,0.097527
25,57,0.500000,0.497992,0.334129,0.464729,0.500000,0.534602,0.032727,0.066826
25,58,0.456522,0.489960,0.438186,0.371741,0.543478,0.617738,0.032727,0.087637
25,59,0.304348,0.461847,0.096551,0.359324,0.695652,0.649612,0.032727,0.019310
25,60,0.304348,0.461847,0.522245,0.328790,0.695652,0.654035,0.061818,0.104449
25,61,0.891304,0.570281,0.412286,0.701399,0.108696,0.302968,0.021818,0.082457
25,62,0.456522,0.489960,0.685243,0.549166,0.543478,0.433076,0.021818,0.137049
25,63,0.195652,0.441767,0.000000,0.164866,0.804348,0.841822,0.065455,0.000000
25,64,0.260870,0.453815,0.161183,0.220580,0.739130,0.778951,0.043636,0.032237
25,65,0.304348,0.461847,0.029497,0.237308,0.695652,0.770596,0.032727,0.005899
25,66,0.543478,0.506024,0.118581,0.539888,0.456522,0.475087,0.029091,0.023716
25,67,0.543478,0.506024,0.338537,0.347179,0.456522,0.647125,0.025455,0.067707
25,68,0.586957,0.514056,0.484006,0.751889,0.413043,0.250335,0.025455,0.096801
25,69,0.521739,0.502008,0.218544,0.507900,0.478261,0.499936,0.025455,0.043709
25,70,0.608696,0.518072,0.098416,0.775206,0.391304,0.250493,0.025455,0.019683
25,71,0.521739,0.502008,0.553563,0.527669,0.478261,0.461394,0.029091,0.110713
25,72,0.434783,0.485944,0.772708,0.444089,0.565217,0.528780,0.036364,0.154542
25,73,0.586957,0.514056,0.000000,0.516116,0.413043,0.504823,0.036364,0.000000
25,74,0.630435,0.522088,0.747078,0.687897,0.369565,0.296360,0.025455,0.138541
25,75,0.913043,0.574297,0.606458,1.000000,0.086957,0.005135,0.025455,0.121292
25,76,0.565217,0.510040,0.715563,0.668629,0.434783,0.316688,0.032727,0.143113
25,77,0.847826,0.562249,0.183799,0.681762,0.152174,0.335157,0.032727,0.036760
25,78,0.652174,0.526104,0.000000,0.324207,0.347826,0.688946,0.025455,0.000000
25,79,0.586957,0.514056,0.582253,0.689434,0.413043,0.304516,0.029091,0.116451
25,80,0.347826,0.469880,0.031028,0.195771,0.652174,0.810359,0.043636,0.006206
25,81,0.652174,0.526104,0.000000,0.347014,0.347826,0.667064,0.025455,0.000000
25,82,0.434783,0.485944,0.000000,0.339940,0.565217,0.673851,0.032727,0.000000
25,83,0.695652,0.534137,0.281245,0.709268,0.304348,0.303073,0.021818,0.056249
25,84,0.369565,0.473896,0.000000,0.434745,0.630435,0.582892,0.025455,0.000000
25,85,0.934783,0.578313,0.589237,0.890846,0.065217,0.110867,0.021818,0.117847
25,86,0.239130,0.449799,0.000000,0.170987,0.760870,0.835950,0.047273,0.000000
25,87,0.673913,0.530120,0.000000,0.570077,0.326087,0.453050,0.032727,0.000000
25,88,0.608696,0.518072,0.199709,0.661142,0.391304,0.354011,0.025455,0.039942
25,89,0.195652,0.441767,0.000000,0.086424,0.804348,0.917082,0.072727,0.000000
25,90,0.239130,0.449799,0.045220,0.182572,0.760870,0.822192,0.040000,0.009044
25,91,0.456522,0.489960,0.314164,0.606211,0.543478,0.400026,0.025455,0.062833
25,92,0.543478,0.506024,0.773974,0.750632,0.456522,0.234599,0.032727,0.154795
25,93,0.695652,0.534137,0.000000,0.651094,0.304348,0.375320,0.025455,0.000000
25,94,0.478261,0.493976,0.000000,0.359609,0.521739,0.654980,0.032727,0.000000
25,95,0.586957,0.514056,0.495985,0.527856,0.413043,0.464580,0.029091,0.099197
25,96,0.543478,0.506024,0.000000,0.640832,0.456522,0.385165,0.025455,0.000000
25,97,0.500000,0.497992,0.632473,0.520224,0.500000,0.463927,0.021818,0.126495
25,98,0.543478,0.506024,0.354524,0.317392,0.456522,0.674770,0.025455,0.070905
25,99,0.652174,0.526104,0.499737,0.487720,0.347826,0.502867,0.021818,0.099947
25,100,0.543478,0.506024,0.000000,0.525576,0.456522,0.495746,0.029091,0.000000
25,101,0.586957,0.514056,0.383110,0.321021,0.413043,0.669618,0.025455,0.076622
25,102,0.413043,0.481928,0.191289,0.395310,0.586957,0.609551,0.032727,0.038258
25,103,0.913043,0.574297,0.703962,0.917320,0.086957,0.078763,0.021818,0.140792
25,104,0.413043,0.481928,0.746832,0.473574,0.586957,0.502003,0.029091,0.149366
25,105,0.173913,0.437751,0.412605,0.348730,0.826087,0.641310,0.050909,0.082521
25,106,0.586957,0.514056,0.000000,0.433655,0.413043,0.583938,0.032727,0.000000
25,107,0.347826,0.469880,0.360663,0.314282,0.652174,0.677396,0.043636,0.072133
25,108,0.434783,0.485944,0.380087,0.487278,0.565217,0.510283,0.025455,0.076017
25,109,0.347826,0.469880,0.000000,0.230240,0.652174,0.779100,0.047273,0.000000
25,110,0.869565,0.566265,0.165970,0.945241,0.130435,0.083409,0.029091,0.033194
25,111,0.521739,0.502008,0.000000,0.471593,0.478261,0.547539,0.025455,0.000000
25,112,0.565217,0.510040,0.124615,0.479575,0.434783,0.532600,0.029091,0.024923
25,113,0.608696,0.518072,0.233553,0.437269,0.391304,0.566824,0.029091,0.046711
25,114,0.608696,0.518072,0.732347,0.595055,0.391304,0.386296,0.025455,0.146469
25,115,0.369565,0.473896,0.435288,0.566187,0.630435,0.431349,0.032727,0.087058
25,116,0.478261,0.493976,0.460404,0.550409,0.521739,0.445020,0.025455,0.092081
25,117,1.000000,0.590361,0.762758,0.995834,0.000000,0.000000,0.025455,0.152552
25,118,0.434783,0.485944,0.114954,0.448562,0.565217,0.562919,0.025455,0.022991
25,119,0.282609,0.457831,0.000000,0.313029,0.717391,0.699671,0.040000,0.000000
25,120,0.347826,0.469880,0.309102,0.185126,0.652174,0.804324,0.029091,0.061820
25,121,0.804348,0.554217,0.189734,0.677073,0.195652,0.339310,0.021818,0.037947
25,122,0.586957,0.514056,0.640627,0.498249,0.413043,0.484534,0.029091,0.128125
25,123,0.413043,0.481928,0.457390,0.272296,0.586957,0.712027,0.032727,0.084820
25,124,0.760870,0.546185,0.045304,0.596577,0.239130,0.424979,0.029091,0.009061
25,125,0.478261,0.493976,0.377326,0.434135,0.521739,0.561431,0.032727,0.075465
25,126,0.695652,0.534137,0.000000,0.604820,0.304348,0.419717,0.032727,0.000000
25,127,0.608696,0.518072,0.499448,0.680336,0.391304,0.318083,0.025455,0.099890
25,128,0.456522,0.489960,0.000000,0.396740,0.543478,0.619355,0.029091,0.000000
25,129,0.543478,0.506024,0.413681,0.559826,0.456522,0.438715,0.029091,0.082736
25,130,0.478261,0.493976,0.160929,0.428900,0.521739,0.579097,0.029091,0.032186
25,131,0.500000,0.497992,0.373162,0.361639,0.500000,0.631229,0.032727,0.074632
25,132,0.695652,0.534137,0.000000,0.833335,0.304348,0.200472,0.029091,0.000000
25,133,0.000000,0.405622,0.000000,0.131859,1.000000,0.873490,0.061818,0.000000
25,134,0.586957,0.514056,0.990343,0.736866,0.413043,0.235165,0.025455,0.198069
25,135,0.369565,0.473896,0.682136,0.506974,0.630435,0.473738,0.043636,0.136427
25,136,0.543478,0.506024,0.627655,0.706860,0.456522,0.285144,0.036364,0.125531
25,137,0.826087,0.558233,0.313385,0.735248,0.173913,0.276270,0.025455,0.062677
25,138,0.652174,0.526104,0.000000,0.541992,0.347826,0.479996,0.032727,0.000000
25,139,0.217391,0.445783,0.263869,0.447102,0.782609,0.555619,0.040000,0.052774
25,140,0.347826,0.469880,0.309432,0.472449,0.652174,0.528638,0.032727,0.061886
25,141,0.413043,0.481928,0.354122,0.410194,0.586957,0.585756,0.036364,0.070824
25,142,0.391304,0.477912,0.010320,0.282790,0.608696,0.728079,0.029091,0.002064
25,143,0.543478,0.506024,0.045785,0.257594,0.456522,0.750182,0.029091,0.009157
25,144,0.586957,0.514056,0.542127,0.494142,0.413043,0.494230,0.025455,0.108425
25,145,0.260870,0.453815,0.011619,0.270463,0.739130,0.739831,0.058182,0.002324
25,146,0.217391,0.445783,0.000000,0.180877,0.782609,0.826461,0.050909,0.000000
25,147,0.608696,0.518072,0.153229,0.653716,0.391304,0.363852,0.025455,0.030646
25,148,0.326087,0.465863,0.489713,0.289705,0.673913,0.693435,0.043636,0.097943
25,149,0.347826,0.469880,0.482880,0.466082,0.652174,0.524612,0.025455,0.096576
25,150,0.543478,0.506024,0.000000,0.375076,0.456522,0.640140,0.025455,0.000000
25,151,0.760870,0.546185,0.652876,0.581721,0.239130,0.403733,0.021818,0.130575
25,152,0.391304,0.477912,0.000000,0.237498,0.608696,0.772137,0.040000,0.000000
25,153,0.565217,0.510040,0.000000,0.486288,0.434783,0.533440,0.029091,0.000000
25,154,0.391304,0.477912,0.277956,0.228700,0.608696,0.764338,0.047273,0.055591
25,155,0.500000,0.497992,0.262887,0.446647,0.500000,0.556113,0.029091,0.052577
25,156,0.673913,0.530120,0.148778,0.685001,0.326087,0.334096,0.025455,0.029756
25,157,0.260870,0.453815,0.302420,0.100566,0.739130,0.885844,0.043636,0.060484
25,158,0.739130,0.542169,0.596199,0.883300,0.260870,0.117700,0.029091,0.119240
25,159,0.695652,0.534137,0.419411,0.625351,0.304348,0.375514,0.029091,0.083882
25,160,0.239130,0.449799,0.000000,0.173405,0.760870,0.833630,0.050909,0.000000
25,161,0.369565,0.473896,0.332594,0.411700,0.630435,0.585569,0.036364,0.066519
25,162,0.391304,0.477912,0.660578,0.431211,0.608696,0.547686,0.032727,0.132116
25,163,0.391304,0.477912,0.000000,0.111452,0.608696,0.893070,0.029091,0.000000
25,164,0.652174,0.526104,0.369855,0.505782,0.347826,0.493127,0.032727,0.073971
25,165,0.434783,0.485944,0.107081,0.401049,0.565217,0.608965,0.025455,0.021416
25,166,0.543478,0.506024,0.741436,0.622931,0.456522,0.359020,0.025455,0.148287
25,167,0.326087,0.465863,0.000000,0.326613,0.673913,0.686638,0.029091,0.000000
25,168,0.456522,0.489960,0.043879,0.377934,0.543478,0.634835,0.032727,0.008776
25,169,0.565217,0.510040,0.625814,0.727319,0.434783,0.265623,0.021818,0.125163
25,170,0.434783,0.485944,0.519073,0.433819,0.565217,0.553452,0.040000,0.103815
25,171,0.826087,0.558233,0.701498,0.788228,0.173913,0.202763,0.032727,0.140300
25,172,0.826087,0.558233,0.572460,0.567570,0.173913,0.422008,0.025455,0.114492
25,173,0.478261,0.493976,0.149404,0.408455,0.521739,0.599386,0.036364,0.029881
25,174,0.456522,0.489960,0.000695,0.510739,0.543478,0.509940,0.029091,0.000139
25,175,0.478261,0.493976,0.412487,0.492363,0.521739,0.503511,0.032727,0.082497
25,176,0.521739,0.502008,0.763792,0.351711,0.478261,0.617930,0.021818,0.152758
25,177,0.521739,0.502008,0.197819,0.379762,0.478261,0.624087,0.036364,0.039564
25,178,0.695652,0.534137,0.386026,0.660306,0.304348,0.343928,0.029091,0.077205
25,179,0.739130,0.542169,0.833262,0.799254,0.260870,0.184485,0.029091,0.166652
25,180,0.369565,0.473896,0.091877,0.287140,0.630435,0.719140,0.029091,0.018375
25,181,0.391304,0.477912,0.099215,0.315779,0.608696,0.691234,0.040000,0.019843
25,182,0.326087,0.465863,0.128473,0.356299,0.673913,0.650649,0.043636,0.025695
25,183,0.652174,0.526104,0.818662,0.502320,0.347826,0.470226,0.021818,0.163732
25,184,0.500000,0.497992,0.000000,0.487292,0.500000,0.532477,0.025455,0.000000
25,185,0.521739,0.502008,0.611807,0.736137,0.478261,0.257981,0.032727,0.122361
25,186,0.434783,0.485944,0.409413,0.283585,0.565217,0.703999,0.029091,0.081883
25,187,0.586957,0.514056,0.000000,0.167868,0.413043,0.838942,0.025455,0.000000
25,188,0.913043,0.574297,0.413229,0.826386,0.086957,0.182995,0.025455,0.082646
25,189,0.673913,0.530120,0.481311,0.625925,0.326087,0.371346,0.025455,0.096262
25,190,0.673913,0.530120,0.000000,0.305290,0.326087,0.707095,0.021818,0.000000
25,191,0.543478,0.506024,0.610696,0.600277,0.456522,0.388394,0.029091,0.113249
25,192,0.695652,0.534137,0.332186,0.981364,0.304348,0.039040,0.025455,0.066437
25,193,0.543478,0.506024,0.123403,0.488823,0.456522,0.523797,0.032727,0.024681
25,194,0.478261,0.493976,0.011306,0.270991,0.521739,0.739342,0.032727,0.002261
25,195,0.760870,0.546185,0.356641,0.795539,0.239130,0.215898,0.029091,0.071328
25,196,0.543478,0.506024,0.000000,0.000000,0.456522,1.000000,0.032727,0.000000
25,197,0.739130,0.542169,0.576402,0.594273,0.260870,0.396158,0.021818,0.115280
25,198,0.826087,0.558233,0.074945,0.724755,0.173913,0.300269,0.025455,0.014989
25,199,0.934783,0.578313,0.012672,0.740027,0.065217,0.289254,0.021818,0.002534
25,200,0.456522,0.489960,0.194036,0.523289,0.543478,0.486603,0.032727,0.038807
25,201,0.326087,0.465863,0.123561,0.338667,0.673913,0.667853,0.040000,0.024712
25,202,0.521739,0.502008,0.764491,0.546699,0.478261,0.430812,0.032727,0.152898
25,203,0.478261,0.493976,0.000000,0.378751,0.521739,0.636614,0.029091,0.000000
25,204,0.717391,0.538153,0.133203,0.549527,0.282609,0.464984,0.021818,0.026641
25,205,0.500000,0.497992,0.006762,0.299863,0.500000,0.711907,0.025455,0.001352
25,206,0.434783,0.485944,0.617393,0.578649,0.565217,0.408753,0.029091,0.123479
25,207,0.760870,0.546185,0.206562,0.776469,0.239130,0.242962,0.025455,0.041312
25,208,0.456522,0.489960,0.786700,0.501539,0.543478,0.472843,0.025455,0.145888
25,209,0.565217,0.510040,0.043693,0.475374,0.434783,0.541359,0.025455,0.008739
25,210,0.565217,0.510040,0.064750,0.381949,0.434783,0.629764,0.025455,0.012950
25,211,0.608696,0.518072,0.283061,0.349598,0.391304,0.648046,0.032727,0.056612
25,212,0.739130,0.542169,0.486456,0.634626,0.260870,0.362697,0.021818,0.097291
25,213,0.760870,0.546185,0.452102,0.579339,0.239130,0.417749,0.025455,0.090420
25,214,0.282609,0.457831,0.000000,0.390189,0.717391,0.625641,0.043636,0.000000
25,215,0.652174,0.526104,0.656144,0.516610,0.347826,0.466011,0.029091,0.131229
25,216,0.652174,0.526104,0.595494,0.713445,0.347826,0.280705,0.029091,0.119099
25,217,0.413043,0.481928,0.000000,0.404285,0.586957,0.612117,0.032727,0.000000
25,218,0.630435,0.522088,0.287006,0.446484,0.369565,0.554860,0.029091,0.057401
25,219,0.608696,0.518072,0.628454,0.558097,0.391304,0.427825,0.021818,0.125691
25,220,0.434783,0.485944,0.182160,0.384141,0.565217,0.620800,0.036364,0.036432
25,221,0.521739,0.502008,0.408310,0.392816,0.478261,0.599263,0.021818,0.081662
25,222,0.608696,0.518072,0.000000,0.608899,0.391304,0.415804,0.032727,0.000000
25,223,0.630435,0.522088,0.636878,0.812768,0.369565,0.182994,0.025455,0.127376
25,224,0.717391,0.538153,0.237360,0.749986,0.282609,0.266572,0.029091,0.047472
25,225,0.282609,0.457831,0.429407,0.197413,0.717391,0.785507,0.036364,0.085881
25,226,0.304348,0.461847,0.294256,0.376565,0.695652,0.621519,0.040000,0.058851
25,227,0.565217,0.510040,0.000000,0.630186,0.434783,0.395380,0.029091,0.000000
25,228,0.586957,0.514056,0.155108,0.320813,0.413043,0.683139,0.025455,0.031022
25,229,0.804348,0.554217,0.753145,0.859039,0.195652,0.131806,0.025455,0.150629
25,230,0.369565,0.473896,0.629301,0.580773,0.630435,0.406020,0.025455,0.125860
25,231,0.413043,0.481928,0.613989,0.291120,0.586957,0.684816,0.032727,0.122798
25,232,0.695652,0.534137,0.000000,0.604013,0.304348,0.420491,0.032727,0.000000
25,233,0.326087,0.465863,0.000000,0.307327,0.673913,0.705141,0.029091,0.000000
25,234,0.478261,0.493976,0.958266,0.653647,0.521739,0.316881,0.021818,0.177704
25,235,0.565217,0.510040,0.000000,0.377048,0.434783,0.638248,0.025455,0.000000
25,236,0.173913,0.437751,0.000000,0.013199,0.826087,0.987337,0.061818,0.000000
25,237,0.804348,0.554217,0.739908,0.809565,0.195652,0.180047,0.029091,0.147982
25,238,0.478261,0.493976,0.121157,0.285791,0.521739,0.718725,0.029091,0.024231
25,239,0.413043,0.481928,0.056324,0.495848,0.586957,0.520977,0.036364,0.011265
25,240,0.304348,0.461847,0.110977,0.262320,0.695652,0.741837,0.036364,0.022195
25,241,0.456522,0.489960,0.000000,0.307226,0.543478,0.705238,0.032727,0.000000
25,242,0.673913,0.530120,0.370357,0.684815,0.326087,0.321328,0.021818,0.074071
25,243,0.347826,0.469880,0.350448,0.209057,0.652174,0.778948,0.032727,0.064988
25,244,0.695652,0.534137,0.336188,0.707807,0.304348,0.301265,0.029091,0.067238
25,245,0.369565,0.473896,0.396351,0.497647,0.630435,0.499384,0.032727,0.079270
25,246,0.478261,0.493976,0.622935,0.784525,0.521739,0.210906,0.032727,0.124587
25,247,0.652174,0.526104,0.369073,0.645464,0.347826,0.359157,0.029091,0.073815
25,248,0.434783,0.485944,0.477044,0.563903,0.565217,0.431101,0.025455,0.088465
25,249,0.369565,0.473896,0.000000,0.536129,0.630435,0.485621,0.029091,0.000000
26,0,0.565217,0.510040,0.526765,0.612264,0.434783,0.374239,0.025362,0.105353
26,1,0.760870,0.546185,0.268980,0.751053,0.239130,0.257736,0.028986,0.053796
26,2,0.804348,0.554217,1.000000,0.751824,0.195652,0.207872,0.025362,0.200067
26,3,0.478261,0.493976,0.000000,0.312309,0.521739,0.698861,0.028986,0.000000
26,4,0.739130,0.542169,0.262612,0.535220,0.260870,0.466277,0.021739,0.052522
26,5,0.326087,0.465863,0.000000,0.280498,0.673913,0.729535,0.032609,0.000000
26,6,0.586957,0.514056,0.341787,0.753443,0.413043,0.250539,0.028986,0.068357
26,7,0.521739,0.502008,0.532920,0.626137,0.478261,0.360449,0.028986,0.106584
26,8,0.282609,0.457831,0.000000,0.372210,0.717391,0.641103,0.039855,0.000000
26,9,0.456522,0.489960,0.094516,0.317957,0.543478,0.687064,0.032609,0.018903
26,10,0.500000,0.497992,0.070982,0.435676,0.500000,0.575137,0.028986,0.014196
26,11,0.391304,0.477912,0.248645,0.273234,0.608696,0.719831,0.039855,0.049729
26,12,0.739130,0.542169,0.167725,0.541984,0.260870,0.466130,0.025362,0.033545
26,13,0.630435,0.522088,0.000000,0.433171,0.369565,0.582322,0.028986,0.000000
26,14,0.521739,0.502008,0.640648,0.497568,0.478261,0.477181,0.032609,0.128130
26,15,0.956522,0.582329,0.345080,0.968529,0.043478,0.042924,0.021739,0.069016
26,16,0.413043,0.481928,0.000000,0.352804,0.586957,0.659814,0.028986,0.000000
26,17,0.565217,0.510040,0.457776,0.409942,0.434783,0.573961,0.025362,0.091555
26,18,0.608696,0.518072,0.543220,0.498625,0.391304,0.482708,0.025362,0.108644
26,19,0.565217,0.510040,0.500175,0.399904,0.434783,0.580791,0.028986,0.100035
26,20,0.608696,0.518072,0.000000,0.509090,0.391304,0.509118,0.025362,0.000000
26,21,0.282609,0.457831,0.000000,0.174777,0.717391,0.831474,0.039855,0.000000
26,22,0.608696,0.518072,0.464805,0.620371,0.391304,0.370586,0.025362,0.092961
26,23,0.478261,0.493976,0.630720,0.694888,0.521739,0.287585,0.036232,0.126144
26,24,0.434783,0.485944,0.555516,0.228338,0.565217,0.742502,0.043478,0.111140
26,25,0.456522,0.489960,0.101331,0.444350,0.543478,0.564734,0.021739,0.020266
26,26,0.173913,0.437751,0.160382,0.157159,0.826087,0.837686,0.050725,0.032076
26,27,0.608696,0.518072,0.000000,0.460754,0.391304,0.555725,0.025362,0.000000
26,28,0.565217,0.510040,0.000000,0.215242,0.434783,0.792456,0.025362,0.000000
26,29,0.326087,0.465863,0.306163,0.186072,0.673913,0.800011,0.028986,0.061253
26,30,0.543478,0.506024,0.395414,0.277776,0.456522,0.705590,0.036232,0.079109
26,31,0.413043,0.481928,0.469045,0.435799,0.586957,0.548271,0.021739,0.093809
26,32,0.521739,0.502008,0.325120,0.583760,0.478261,0.415273,0.025362,0.065024
26,33,0.478261,0.493976,0.287171,0.544325,0.521739,0.455847,0.036232,0.057434
26,34,0.456522,0.489960,0.060454,0.308834,0.543478,0.698149,0.021739,0.012091
26,35,0.500000,0.497992,0.057370,0.407077,0.500000,0.603628,0.032609,0.011474
26,36,0.652174,0.526104,0.340364,0.393548,0.347826,0.597657,0.028986,0.068073
26,37,0.369565,0.473896,0.000000,0.235418,0.630435,0.773002,0.036232,0.000000
26,38,0.521739,0.502008,0.631505,0.308376,0.478261,0.660221,0.028986,0.126301
26,39,0.695652,0.534137,0.573465,0.661878,0.304348,0.323261,0.021739,0.114693
26,40,0.586957,0.514056,0.292091,0.506760,0.413043,0.491738,0.025362,0.058418
26,41,0.543478,0.506024,0.381658,0.722489,0.456522,0.277707,0.025362,0.076332
26,42,0.500000,0.497992,0.000000,0.207957,0.500000,0.799481,0.025362,0.000000
26,43,0.782609,0.550201,0.241885,0.786512,0.217391,0.225365,0.025362,0.048377
26,44,0.434783,0.485944,0.000000,0.321162,0.565217,0.690325,0.032609,0.000000
26,45,0.652174,0.526104,0.176649,0.397605,0.347826,0.604747,0.021739,0.035330
26,46,0.586957,0.514056,0.254108,0.728351,0.413043,0.280625,0.028986,0.050822
26,47,0.630435,0.522088,0.542723,0.489495,0.369565,0.491545,0.036232,0.108545
26,48,0.673913,0.530120,0.831402,0.626523,0.326087,0.340020,0.025362,0.166280
26,49,0.500000,0.497992,0.423848,0.480335,0.500000,0.508365,0.025362,0.084770
26,50,0.630435,0.522088,0.481663,0.688954,0.369565,0.303323,0.021739,0.096333
26,51,0.391304,0.477912,0.357472,0.266339,0.608696,0.719167,0.036232,0.071494
26,52,0.760870,0.546185,0.280514,0.695752,0.239130,0.310284,0.025362,0.056103
26,53,0.326087,0.465863,0.362881,0.229998,0.673913,0.753845,0.036232,0.072576
26,54,0.304348,0.461847,0.455870,0.386577,0.695652,0.596618,0.032609,0.091174
26,55,0.543478,0.506024,0.339870,0.500228,0.456522,0.494826,0.028986,0.067974
26,56,0.565217,0.510040,0.198417,0.529597,0.434783,0.476013,0.025362,0.039683
26,57,0.500000,0.497992,0.288127,0.378832,0.500000,0.615357,0.032609,0.057625
26,58,0.456522,0.489960,0.298316,0.429667,0.543478,0.565656,0.032609,0.059663
26,59,0.304348,0.461847,0.187495,0.459598,0.695652,0.544241,0.032609,0.037499
26,60,0.304348,0.461847,0.408303,0.154643,0.695652,0.823452,0.061594,0.081661
26,61,0.891304,0.570281,0.366886,0.617061,0.108696,0.380357,0.021739,0.073377
26,62,0.456522,0.489960,0.515662,0.409730,0.543478,0.570275,0.021739,0.103132
26,63,0.195652,0.441767,0.218928,0.086964,0.804348,0.901436,0.065217,0.043786
26,64,0.260870,0.453815,0.117174,0.179062,0.739130,0.819469,0.043478,0.023435
26,65,0.304348,0.461847,0.000000,0.177393,0.695652,0.828952,0.032609,0.000000
26,66,0.543478,0.506024,0.000000,0.575482,0.456522,0.445101,0.028986,0.000000
26,67,0.543478,0.506024,0.432283,0.352830,0.456522,0.630742,0.025362,0.086457
26,68,0.586957,0.514056,0.218494,0.761652,0.413043,0.250908,0.025362,0.043699
26,69,0.521739,0.502008,0.000000,0.373576,0.478261,0.639786,0.025362,0.000000
26,70,0.608696,0.518072,0.162649,0.709579,0.391304,0.304871,0.025362,0.032530
26,71,0.521739,0.502008,0.204900,0.437840,0.478261,0.564052,0.028986,0.040980
26,72,0.434783,0.485944,0.319274,0.317944,0.565217,0.671975,0.036232,0.063855
26,73,0.586957,0.514056,0.000000,0.414202,0.413043,0.600613,0.036232,0.000000
26,74,0.630435,0.522088,0.431511,0.750103,0.369565,0.247730,0.028986,0.086302
26,75,0.913043,0.574297,0.736763,0.948314,0.086957,0.036098,0.025362,0.147353
26,76,0.565217,0.510040,0.195659,0.415410,0.434783,0.586301,0.032609,0.039132
26,77,0.847826,0.562249,0.455438,0.978711,0.152174,0.025691,0.032609,0.091088
26,78,0.652174,0.526104,0.000000,0.428058,0.347826,0.587252,0.025362,0.000000
26,79,0.586957,0.514056,0.414474,0.561827,0.413043,0.430418,0.028986,0.082895
26,80,0.347826,0.469880,0.196512,0.171705,0.652174,0.821232,0.043478,0.039302
26,81,0.652174,0.526104,0.000000,0.437076,0.347826,0.578557,0.025362,0.000000
26,82,0.434783,0.485944,0.000000,0.452637,0.565217,0.563552,0.032609,0.000000
26,83,0.695652,0.534137,0.595974,0.760362,0.304348,0.226787,0.021739,0.119195
26,84,0.369565,0.473896,0.000000,0.392059,0.630435,0.621963,0.025362,0.000000
26,85,0.934783,0.578313,0.830481,0.934447,0.065217,0.043172,0.021739,0.166096
26,86,0.239130,0.449799,0.000000,0.311932,0.760870,0.699225,0.047101,0.000000
26,87,0.673913,0.530120,0.326249,0.603650,0.326087,0.396019,0.032609,0.065250
26,88,0.608696,0.518072,0.171296,0.717633,0.391304,0.296524,0.025362,0.034259
26,89,0.195652,0.441767,0.000000,0.130771,0.804348,0.873906,0.072464,0.000000
26,90,0.239130,0.449799,0.000000,0.012541,0.760870,0.987907,0.039855,0.000000
26,91,0.456522,0.489960,0.796244,0.532535,0.543478,0.433009,0.025362,0.159302
26,92,0.543478,0.506024,0.275311,0.560932,0.456522,0.440631,0.032609,0.055062
26,93,0.695652,0.534137,0.000000,0.710591,0.304348,0.314824,0.025362,0.000000
26,94,0.478261,0.493976,0.000000,0.296216,0.521739,0.714378,0.032609,0.000000
26,95,0.586957,0.514056,0.566980,0.383794,0.413043,0.591835,0.028986,0.113396
26,96,0.543478,0.506024,0.286154,0.610802,0.456522,0.391816,0.025362,0.057231
26,97,0.500000,0.497992,0.343853,0.525108,0.500000,0.470569,0.021739,0.068771
26,98,0.543478,0.506024,0.404832,0.312804,0.456522,0.671182,0.025362,0.080966
26,99,0.652174,0.526104,0.000000,0.570667,0.347826,0.449744,0.021739,0.000000
26,100,0.543478,0.506024,0.000000,0.537683,0.456522,0.481547,0.028986,0.000000
26,101,0.586957,0.514056,0.322955,0.281592,0.413043,0.706779,0.025362,0.064591
26,102,0.413043,0.481928,0.352962,0.349538,0.586957,0.639247,0.032609,0.070592
26,103,0.913043,0.574297,0.485949,0.788183,0.086957,0.207354,0.021739,0.097190
26,104,0.413043,0.481928,0.522388,0.502933,0.586957,0.479954,0.028986,0.104478
26,105,0.173913,0.437751,0.369445,0.224590,0.826087,0.758618,0.050725,0.073889
26,106,0.586957,0.514056,0.000000,0.571501,0.413043,0.448940,0.032609,0.000000
26,107,0.347826,0.469880,0.439327,0.407070,0.652174,0.577970,0.043478,0.087865
26,108,0.434783,0.485944,0.409248,0.355158,0.565217,0.630046,0.025362,0.081850
26,109,0.347826,0.469880,0.000000,0.115906,0.652174,0.888239,0.047101,0.000000
26,110,0.869565,0.566265,0.478845,0.840509,0.130435,0.157377,0.028986,0.095769
26,111,0.521739,0.502008,0.017245,0.639547,0.478261,0.382168,0.025362,0.003449
26,112,0.565217,0.510040,0.154635,0.563571,0.434783,0.446195,0.028986,0.030927
26,113,0.608696,0.518072,0.107164,0.436810,0.391304,0.571612,0.028986,0.021433
26,114,0.608696,0.518072,0.689818,0.734738,0.391304,0.245190,0.025362,0.137964
26,115,0.369565,0.473896,0.379273,0.447849,0.630435,0.542685,0.032609,0.075855
26,116,0.478261,0.493976,0.637176,0.588773,0.521739,0.389471,0.025362,0.127435
26,117,1.000000,0.590361,0.532286,1.000000,0.000000,0.000000,0.025362,0.106457
26,118,0.434783,0.485944,0.443184,0.381295,0.565217,0.602563,0.025362,0.088637
26,119,0.282609,0.457831,0.043607,0.329654,0.717391,0.679207,0.039855,0.008721
26,120,0.347826,0.469880,0.539690,0.246891,0.652174,0.725676,0.028986,0.107938
26,121,0.804348,0.554217,0.270550,0.638285,0.195652,0.366365,0.021739,0.054110
26,122,0.586957,0.514056,0.410691,0.593807,0.413043,0.399836,0.028986,0.082138
26,123,0.413043,0.481928,0.360067,0.451505,0.586957,0.540449,0.036232,0.072013
26,124,0.760870,0.546185,0.292652,0.441988,0.239130,0.554156,0.028986,0.058530
26,125,0.478261,0.493976,0.334509,0.539169,0.521739,0.457639,0.032609,0.066902
26,126,0.695652,0.534137,0.063464,0.616005,0.304348,0.401763,0.032609,0.012693
26,127,0.608696,0.518072,0.338480,0.530858,0.391304,0.465385,0.025362,0.067719
26,128,0.456522,0.489960,0.280536,0.424276,0.543478,0.572049,0.028986,0.056107
26,129,0.543478,0.506024,0.052262,0.561507,0.456522,0.455065,0.028986,0.010452
26,130,0.478261,0.493976,0.321151,0.454528,0.521739,0.540150,0.028986,0.064230
26,131,0.500000,0.497992,0.230148,0.421964,0.500000,0.577663,0.032609,0.046030
26,132,0.695652,0.534137,0.000000,0.789059,0.304348,0.239162,0.028986,0.000000
26,133,0.000000,0.405622,0.000000,0.096539,1.000000,0.906914,0.061594,0.000000
26,134,0.586957,0.514056,0.568295,0.660004,0.413043,0.325416,0.025362,0.113659
26,135,0.369565,0.473896,0.503050,0.442113,0.630435,0.539898,0.043478,0.100610
26,136,0.543478,0.506024,0.510995,0.543807,0.456522,0.441307,0.036232,0.102199
26,137,0.826087,0.558233,0.372353,0.787615,0.173913,0.215535,0.025362,0.074471
26,138,0.652174,0.526104,0.000000,0.635840,0.347826,0.386902,0.032609,0.000000
26,139,0.217391,0.445783,0.113731,0.261409,0.782609,0.740298,0.039855,0.022746
26,140,0.347826,0.469880,0.475346,0.496355,0.652174,0.489458,0.032609,0.095069
26,141,0.413043,0.481928,0.116559,0.237950,0.586957,0.762728,0.036232,0.023312
26,142,0.391304,0.477912,0.176843,0.204418,0.608696,0.791010,0.028986,0.035369
26,143,0.543478,0.506024,0.155763,0.408099,0.456522,0.596031,0.028986,0.031153
26,144,0.586957,0.514056,0.723605,0.484723,0.413043,0.483993,0.025362,0.144721
26,145,0.260870,0.453815,0.181062,0.140690,0.739130,0.852176,0.057971,0.036212
26,146,0.217391,0.445783,0.000000,0.096575,0.782609,0.906879,0.050725,0.000000
26,147,0.608696,0.518072,0.255917,0.610040,0.391304,0.394582,0.025362,0.051183
26,148,0.326087,0.465863,0.503111,0.258775,0.673913,0.716675,0.043478,0.100656
26,149,0.347826,0.469880,0.570067,0.402580,0.652174,0.573514,0.025362,0.114013
26,150,0.543478,0.506024,0.000000,0.452092,0.456522,0.564077,0.025362,0.000000
26,151,0.760870,0.546185,0.543888,0.602319,0.239130,0.382678,0.021739,0.108778
26,152,0.391304,0.477912,0.000000,0.300793,0.608696,0.709966,0.039855,0.000000
26,153,0.565217,0.510040,0.558764,0.589468,0.434783,0.394069,0.028986,0.111753
26,154,0.391304,0.477912,0.148238,0.179457,0.608696,0.817001,0.047101,0.029648
26,155,0.500000,0.497992,0.000000,0.492999,0.500000,0.524634,0.028986,0.000000
26,156,0.673913,0.530120,0.486046,0.591250,0.326087,0.397238,0.025362,0.097209
26,157,0.260870,0.453815,0.000000,0.119140,0.739130,0.885121,0.043478,0.000000
26,158,0.739130,0.542169,0.532705,0.866044,0.260870,0.129137,0.028986,0.106541
26,159,0.695652,0.534137,0.608174,0.662718,0.304348,0.320119,0.028986,0.121635
26,160,0.239130,0.449799,0.000000,0.329372,0.760870,0.682408,0.050725,0.000000
26,161,0.369565,0.473896,0.040639,0.367960,0.630435,0.642470,0.036232,0.008128
26,162,0.391304,0.477912,0.664711,0.247264,0.608696,0.716916,0.032609,0.132942
26,163,0.391304,0.477912,0.375482,0.051082,0.608696,0.925515,0.028986,0.075096
26,164,0.652174,0.526104,0.023884,0.633481,0.347826,0.387571,0.032609,0.004777
26,165,0.434783,0.485944,0.283915,0.529974,0.565217,0.469903,0.025362,0.056783
26,166,0.543478,0.506024,0.761166,0.639181,0.456522,0.332535,0.025362,0.152233
26,167,0.326087,0.465863,0.000000,0.267377,0.673913,0.742186,0.028986,0.000000
26,168,0.456522,0.489960,0.270749,0.549493,0.543478,0.451968,0.032609,0.054150
26,169,0.565217,0.510040,0.757430,0.700658,0.434783,0.273507,0.021739,0.151486
26,170,0.434783,0.485944,0.288850,0.352122,0.565217,0.641063,0.039855,0.057770
26,171,0.826087,0.558233,0.277092,0.746396,0.173913,0.261681,0.032609,0.055418
26,172,0.826087,0.558233,0.279340,0.483270,0.173913,0.515245,0.025362,0.055868
26,173,0.478261,0.493976,0.375649,0.326572,0.521739,0.659867,0.036232,0.075130
26,174,0.456522,0.489960,0.222080,0.533922,0.543478,0.470252,0.028986,0.044416
26,175,0.478261,0.493976,0.278641,0.523904,0.521739,0.476111,0.032609,0.055728
26,176,0.521739,0.502008,0.152348,0.416377,0.478261,0.588278,0.021739,0.030470
26,177,0.521739,0.502008,0.109536,0.252957,0.478261,0.748730,0.036232,0.021907
26,178,0.695652,0.534137,0.198373,0.855185,0.304348,0.162072,0.028986,0.039675
26,179,0.739130,0.542169,0.629154,0.836750,0.260870,0.150903,0.028986,0.125831
26,180,0.369565,0.473896,0.341328,0.223759,0.630435,0.761309,0.028986,0.068266
26,181,0.391304,0.477912,0.011617,0.443115,0.608696,0.571953,0.039855,0.002323
26,182,0.326087,0.465863,0.000000,0.237178,0.673913,0.771305,0.043478,0.000000
26,183,0.652174,0.526104,0.626783,0.601950,0.347826,0.377463,0.021739,0.125357
26,184,0.500000,0.497992,0.000000,0.579157,0.500000,0.441557,0.025362,0.000000
26,185,0.521739,0.502008,0.689363,0.547407,0.478261,0.425851,0.032609,0.137873
26,186,0.434783,0.485944,0.121257,0.426993,0.565217,0.580132,0.028986,0.024251
26,187,0.586957,0.514056,0.000000,0.246609,0.413043,0.762211,0.025362,0.000000
26,188,0.913043,0.574297,0.204662,0.841532,0.086957,0.174814,0.025362,0.040932
26,189,0.673913,0.530120,0.208050,0.718409,0.326087,0.293306,0.025362,0.041610
26,190,0.673913,0.530120,0.206085,0.504689,0.326087,0.499514,0.021739,0.041217
26,191,0.543478,0.506024,0.165276,0.411607,0.456522,0.592009,0.032609,0.033055
26,192,0.695652,0.534137,0.473091,0.710044,0.304348,0.283563,0.025362,0.094618
26,193,0.543478,0.506024,0.092010,0.516548,0.456522,0.495745,0.032609,0.018402
26,194,0.478261,0.493976,0.000000,0.505137,0.521739,0.512930,0.032609,0.000000
26,195,0.760870,0.546185,0.142093,0.722654,0.239130,0.293644,0.028986,0.028419
26,196,0.543478,0.506024,0.166701,0.313729,0.456522,0.686291,0.032609,0.033340
26,197,0.739130,0.542169,0.862007,0.633560,0.260870,0.331179,0.021739,0.172401
26,198,0.826087,0.558233,0.000000,0.775529,0.173913,0.252208,0.025362,0.000000
26,199,0.934783,0.578313,0.334219,0.835806,0.065217,0.171631,0.021739,0.066844
26,200,0.456522,0.489960,0.000000,0.405522,0.543478,0.608982,0.032609,0.000000
26,201,0.326087,0.465863,0.092249,0.395926,0.673913,0.612037,0.039855,0.018450
26,202,0.521739,0.502008,0.722901,0.518404,0.478261,0.451563,0.032609,0.144629
26,203,0.478261,0.493976,0.028802,0.348774,0.521739,0.661765,0.028986,0.005760
26,204,0.717391,0.538153,0.475425,0.716474,0.282609,0.277206,0.021739,0.095085
26,205,0.500000,0.497992,0.287502,0.392413,0.500000,0.602303,0.025362,0.057500
26,206,0.434783,0.485944,0.295590,0.353568,0.565217,0.639216,0.028986,0.059118
26,207,0.760870,0.546185,0.503813,0.837404,0.239130,0.158694,0.025362,0.100763
26,208,0.456522,0.489960,0.135728,0.416782,0.543478,0.589005,0.028986,0.027146
26,209,0.565217,0.510040,0.000000,0.606751,0.434783,0.414950,0.025362,0.000000
26,210,0.565217,0.510040,0.022467,0.527363,0.434783,0.489990,0.025362,0.004493
26,211,0.608696,0.518072,0.265402,0.365151,0.391304,0.630076,0.032609,0.053080
26,212,0.739130,0.542169,0.656912,0.632766,0.260870,0.345725,0.021739,0.131382
26,213,0.760870,0.546185,0.593098,0.645663,0.239130,0.337577,0.025362,0.118620
26,214,0.282609,0.457831,0.000000,0.384531,0.717391,0.629222,0.043478,0.000000
26,215,0.652174,0.526104,0.627242,0.640443,0.347826,0.340316,0.028986,0.125448
26,216,0.652174,0.526104,0.359187,0.702254,0.347826,0.298727,0.028986,0.071837
26,217,0.413043,0.481928,0.039574,0.426027,0.586957,0.586551,0.032609,0.007915
26,218,0.630435,0.522088,0.355685,0.578237,0.369565,0.418545,0.028986,0.071137
26,219,0.608696,0.518072,0.211389,0.552031,0.391304,0.453509,0.021739,0.042278
26,220,0.434783,0.485944,0.000000,0.445141,0.565217,0.570780,0.036232,0.000000
26,221,0.521739,0.502008,0.248798,0.411632,0.478261,0.586373,0.021739,0.049760
26,222,0.608696,0.518072,0.000000,0.651489,0.391304,0.371812,0.032609,0.000000
26,223,0.630435,0.522088,0.549697,0.775695,0.369565,0.215113,0.025362,0.109939
26,224,0.717391,0.538153,0.588156,0.799495,0.282609,0.189580,0.028986,0.117631
26,225,0.282609,0.457831,0.196674,0.290313,0.717391,0.706855,0.036232,0.039335
26,226,0.304348,0.461847,0.036677,0.159661,0.695652,0.843585,0.039855,0.007335
26,227,0.565217,0.510040,0.000000,0.623475,0.434783,0.398824,0.028986,0.000000
26,228,0.586957,0.514056,0.348655,0.112997,0.413043,0.867617,0.025362,0.069731
26,229,0.804348,0.554217,0.182362,0.878583,0.195652,0.140587,0.025362,0.036472
26,230,0.369565,0.473896,0.600613,0.394045,0.630435,0.579691,0.025362,0.120123
26,231,0.413043,0.481928,0.505428,0.299135,0.586957,0.677602,0.032609,0.101086
26,232,0.695652,0.534137,0.198990,0.662022,0.304348,0.348285,0.032609,0.039798
26,233,0.326087,0.465863,0.000000,0.297644,0.673913,0.713002,0.028986,0.000000
26,234,0.478261,0.493976,0.000000,0.497000,0.521739,0.520775,0.025362,0.000000
26,235,0.565217,0.510040,0.000000,0.477890,0.434783,0.539203,0.025362,0.000000
26,236,0.173913,0.437751,0.000000,0.000000,0.826087,1.000000,0.061594,0.000000
26,237,0.804348,0.554217,0.390357,0.802303,0.195652,0.200163,0.028986,0.078071
26,238,0.478261,0.493976,0.459842,0.466516,0.521739,0.519271,0.028986,0.091968
26,239,0.413043,0.481928,0.000000,0.424954,0.586957,0.590245,0.036232,0.000000
26,240,0.304348,0.461847,0.170347,0.200838,0.695652,0.794899,0.036232,0.034069
26,241,0.456522,0.489960,0.000000,0.345345,0.543478,0.667006,0.032609,0.000000
26,242,0.673913,0.530120,0.295196,0.824705,0.326087,0.184957,0.021739,0.059039
26,243,0.347826,0.469880,0.380502,0.353383,0.652174,0.633689,0.036232,0.076126
26,244,0.695652,0.534137,0.400228,0.664935,0.304348,0.331955,0.028986,0.080046
26,245,0.369565,0.473896,0.386565,0.490155,0.630435,0.501401,0.032609,0.077313
26,246,0.478261,0.493976,0.423928,0.693990,0.521739,0.302346,0.032609,0.084786
26,247,0.652174,0.526104,0.225968,0.607751,0.347826,0.398802,0.028986,0.045194
26,248,0.434783,0.485944,0.163478,0.646066,0.565217,0.366056,0.028986,0.032696
26,249,0.369565,0.473896,0.042074,0.474296,0.630435,0.539840,0.028986,0.008415
27,0,0.565217,0.510040,0.467610,0.711781,0.434783,0.297870,0.025271,0.093522
27,1,0.760870,0.546185,0.302330,0.818751,0.239130,0.206444,0.028881,0.060466
27,2,0.804348,0.554217,0.658647,0.779220,0.195652,0.222566,0.028881,0.131729
27,3,0.478261,0.493976,0.000000,0.473583,0.521739,0.551453,0.028881,0.000000
27,4,0.739130,0.542169,0.372667,0.678406,0.260870,0.335161,0.021661,0.074533
27,5,0.326087,0.465863,0.000000,0.413526,0.673913,0.608335,0.032491,0.000000
27,6,0.586957,0.514056,0.349023,0.642496,0.413043,0.370587,0.028881,0.069805
27,7,0.521739,0.502008,0.548653,0.574379,0.478261,0.423160,0.028881,0.109731
27,8,0.282609,0.457831,0.000000,0.417357,0.717391,0.604707,0.039711,0.000000
27,9,0.456522,0.489960,0.000000,0.291157,0.543478,0.724236,0.032491,0.000000
27,10,0.500000,0.497992,0.000000,0.452654,0.500000,0.571276,0.028881,0.000000
27,11,0.391304,0.477912,0.343691,0.417232,0.608696,0.584261,0.039711,0.068738
27,12,0.739130,0.542169,0.000000,0.509247,0.260870,0.517675,0.025271,0.000000
27,13,0.630435,0.522088,0.058784,0.428769,0.369565,0.590381,0.028881,0.011757
27,14,0.521739,0.502008,0.520102,0.561740,0.478261,0.436838,0.032491,0.104020
27,15,0.956522,0.582329,0.313675,0.867936,0.043478,0.159181,0.021661,0.062735
27,16,0.413043,0.481928,0.000000,0.317339,0.586957,0.699437,0.028881,0.000000
27,17,0.565217,0.510040,0.268142,0.357110,0.434783,0.645725,0.025271,0.053628
27,18,0.608696,0.518072,0.525927,0.487435,0.391304,0.506867,0.025271,0.105185
27,19,0.565217,0.510040,0.000000,0.429070,0.434783,0.593613,0.028881,0.000000
27,20,0.608696,0.518072,0.000000,0.639913,0.391304,0.393916,0.025271,0.000000
27,21,0.282609,0.457831,0.000000,0.224954,0.717391,0.786938,0.039711,0.000000
27,22,0.608696,0.518072,0.354114,0.553802,0.391304,0.454288,0.025271,0.070823
27,23,0.478261,0.493976,0.443231,0.668415,0.521739,0.340402,0.036101,0.088646
27,24,0.434783,0.485944,0.323427,0.460301,0.565217,0.544682,0.046931,0.064685
27,25,0.456522,0.489960,0.310056,0.379722,0.543478,0.621801,0.021661,0.062011
27,26,0.173913,0.437751,0.191540,0.299419,0.826087,0.704950,0.050542,0.038308
27,27,0.608696,0.518072,0.080021,0.430721,0.391304,0.587262,0.025271,0.016004
27,28,0.565217,0.510040,0.000000,0.315281,0.434783,0.701387,0.025271,0.000000
27,29,0.326087,0.465863,0.025320,0.197191,0.673913,0.811719,0.032491,0.005064
27,30,0.543478,0.506024,0.198412,0.456819,0.456522,0.555460,0.039711,0.039682
27,31,0.413043,0.481928,0.192704,0.324773,0.586957,0.680867,0.021661,0.038541
27,32,0.521739,0.502008,0.424169,0.789962,0.478261,0.226422,0.025271,0.084834
27,33,0.478261,0.493976,0.325291,0.548031,0.521739,0.461478,0.036101,0.065058
27,34,0.456522,0.489960,0.000000,0.459461,0.543478,0.564829,0.021661,0.000000
27,35,0.500000,0.497992,0.076280,0.435641,0.500000,0.582825,0.032491,0.015256
27,36,0.652174,0.526104,0.188732,0.459603,0.347826,0.553403,0.028881,0.037746
27,37,0.369565,0.473896,0.000000,0.425740,0.630435,0.596767,0.036101,0.000000
27,38,0.521739,0.502008,0.402677,0.454224,0.478261,0.545696,0.028881,0.080535
27,39,0.695652,0.534137,0.500728,0.713625,0.304348,0.294143,0.021661,0.100146
27,40,0.586957,0.514056,0.000000,0.501911,0.413043,0.524623,0.025271,0.000000
27,41,0.543478,0.506024,0.650361,0.679846,0.456522,0.317183,0.025271,0.130072
27,42,0.500000,0.497992,0.000000,0.311098,0.500000,0.705349,0.025271,0.000000
27,43,0.782609,0.550201,0.081384,0.816797,0.217391,0.221514,0.025271,0.016277
27,44,0.434783,0.485944,0.000000,0.389883,0.565217,0.630729,0.032491,0.000000
27,45,0.652174,0.526104,0.255515,0.424074,0.347826,0.583057,0.021661,0.056668
27,46,0.586957,0.514056,0.226054,0.647084,0.413043,0.373599,0.028881,0.045211
27,47,0.630435,0.522088,0.316561,0.580091,0.369565,0.431636,0.036101,0.063312
27,48,0.673913,0.530120,0.725005,0.730180,0.326087,0.265044,0.025271,0.145001
27,49,0.500000,0.497992,0.223796,0.469792,0.500000,0.541654,0.025271,0.044759
27,50,0.630435,0.522088,0.592713,0.542027,0.369565,0.451165,0.021661,0.118543
27,51,0.391304,0.477912,0.254937,0.384691,0.608696,0.620393,0.036101,0.050987
27,52,0.760870,0.546185,0.400796,0.690033,0.239130,0.322466,0.025271,0.080159
27,53,0.326087,0.465863,0.373537,0.397392,0.673913,0.601267,0.036101,0.074707
27,54,0.304348,0.461847,0.331665,0.505422,0.695652,0.501453,0.032491,0.066333
27,55,0.543478,0.506024,0.682766,0.641888,0.456522,0.351196,0.028881,0.136553
27,56,0.565217,0.510040,0.273748,0.591071,0.434783,0.423798,0.025271,0.054750
27,57,0.500000,0.497992,0.166849,0.523260,0.500000,0.494420,0.032491,0.033370
27,58,0.456522,0.489960,0.252767,0.518482,0.543478,0.493804,0.032491,0.050553
27,59,0.304348,0.461847,0.082192,0.468986,0.695652,0.550890,0.032491,0.016438
27,60,0.304348,0.461847,0.260465,0.240561,0.695652,0.756572,0.061372,0.057765
27,61,0.891304,0.570281,0.354781,0.811225,0.108696,0.210435,0.021661,0.070956
27,62,0.456522,0.489960,0.595437,0.532480,0.543478,0.460044,0.021661,0.119087
27,63,0.195652,0.441767,0.014311,0.250937,0.804348,0.761472,0.064982,0.002862
27,64,0.260870,0.453815,0.259784,0.275189,0.739130,0.723816,0.043321,0.051957
27,65,0.304348,0.461847,0.000000,0.347472,0.695652,0.670897,0.032491,0.000000
27,66,0.543478,0.506024,0.115157,0.546318,0.456522,0.475674,0.028881,0.023031
27,67,0.543478,0.506024,0.402185,0.516892,0.456522,0.486371,0.025271,0.080437
27,68,0.586957,0.514056,0.198420,0.620097,0.413043,0.400813,0.025271,0.039684
27,69,0.521739,0.502008,0.000000,0.394832,0.478261,0.626041,0.025271,0.000000
27,70,0.608696,0.518072,0.073012,0.743522,0.391304,0.291417,0.025271,0.014602
27,71,0.521739,0.502008,0.241098,0.539509,0.478261,0.474588,0.028881,0.048220
27,72,0.434783,0.485944,0.170409,0.548705,0.565217,0.470107,0.036101,0.034082
27,73,0.586957,0.514056,0.000000,0.378730,0.413043,0.641292,0.036101,0.000000
27,74,0.630435,0.522088,0.306744,0.737162,0.369565,0.283456,0.028881,0.061349
27,75,0.913043,0.574297,0.465049,0.868558,0.086957,0.149535,0.025271,0.093010
27,76,0.565217,0.510040,0.264622,0.547781,0.434783,0.465345,0.032491,0.052924
27,77,0.847826,0.562249,0.254647,0.898604,0.152174,0.133666,0.032491,0.050929
27,78,0.652174,0.526104,0.000000,0.527597,0.347826,0.500295,0.025271,0.000000
27,79,0.586957,0.514056,0.361449,0.653846,0.413043,0.359094,0.028881,0.072290
27,80,0.347826,0.469880,0.047161,0.245108,0.652174,0.765028,0.043321,0.009432
27,81,0.652174,0.526104,0.000000,0.413163,0.347826,0.608680,0.025271,0.000000
27,82,0.434783,0.485944,0.000000,0.413769,0.565217,0.608105,0.032491,0.000000
27,83,0.695652,0.534137,0.542166,0.804156,0.304348,0.205918,0.021661,0.108433
27,84,0.369565,0.473896,0.000000,0.533111,0.630435,0.495072,0.025271,0.000000
27,85,0.934783,0.578313,0.883585,1.000000,0.065217,0.000000,0.021661,0.176717
27,86,0.239130,0.449799,0.000000,0.320858,0.760870,0.696104,0.046931,0.000000
27,87,0.673913,0.530120,0.034347,0.575452,0.326087,0.452915,0.032491,0.006869
27,88,0.608696,0.518072,0.300505,0.679873,0.391304,0.338090,0.025271,0.060101
27,89,0.195652,0.441767,0.000000,0.203190,0.804348,0.807552,0.072202,0.000000
27,90,0.239130,0.449799,0.000000,0.267886,0.760870,0.746276,0.039711,0.000000
27,91,0.456522,0.489960,0.000000,0.514306,0.543478,0.512883,0.028881,0.000000
27,92,0.543478,0.506024,0.340420,0.631372,0.456522,0.381638,0.032491,0.068084
27,93,0.695652,0.534137,0.000000,0.668352,0.304348,0.366981,0.025271,0.000000
27,94,0.478261,0.493976,0.000000,0.432424,0.521739,0.590436,0.032491,0.000000
27,95,0.586957,0.514056,0.605537,0.463894,0.413043,0.524401,0.028881,0.121107
27,96,0.543478,0.506024,0.000000,0.583941,0.456522,0.446930,0.025271,0.000000
27,97,0.500000,0.497992,0.100724,0.554268,0.500000,0.469007,0.021661,0.020145
27,98,0.543478,0.506024,0.196297,0.495075,0.456522,0.519353,0.025271,0.039259
27,99,0.652174,0.526104,0.110099,0.652363,0.347826,0.375538,0.021661,0.022020
27,100,0.543478,0.506024,0.186959,0.638972,0.456522,0.383622,0.028881,0.037392
27,101,0.586957,0.514056,0.316439,0.402277,0.413043,0.600057,0.025271,0.063288
27,102,0.413043,0.481928,0.289534,0.381784,0.586957,0.621076,0.032491,0.057907
27,103,0.913043,0.574297,0.544380,0.808218,0.086957,0.201938,0.021661,0.108876
27,104,0.413043,0.481928,0.456026,0.403772,0.586957,0.590289,0.028881,0.101137
27,105,0.173913,0.437751,0.126702,0.363729,0.826087,0.647919,0.050542,0.025340
27,106,0.586957,0.514056,0.000000,0.512645,0.413043,0.514456,0.032491,0.000000
27,107,0.347826,0.469880,0.413742,0.481474,0.652174,0.519225,0.043321,0.082748
27,108,0.434783,0.485944,0.476714,0.468316,0.565217,0.527919,0.025271,0.095343
27,109,0.347826,0.469880,0.000000,0.334888,0.652174,0.682816,0.046931,0.000000
27,110,0.869565,0.566265,0.183662,0.816701,0.130435,0.215486,0.028881,0.036732
27,111,0.521739,0.502008,0.000000,0.606379,0.478261,0.425678,0.025271,0.000000
27,112,0.565217,0.510040,0.108574,0.581499,0.434783,0.442747,0.028881,0.021715
27,113,0.608696,0.518072,0.080442,0.479409,0.391304,0.541123,0.028881,0.016088
27,114,0.608696,0.518072,0.419475,0.573371,0.391304,0.431843,0.025271,0.083895
27,115,0.369565,0.473896,0.273254,0.424996,0.630435,0.581123,0.032491,0.054651
27,116,0.478261,0.493976,0.422463,0.538492,0.521739,0.464699,0.025271,0.084493
27,117,1.000000,0.590361,0.418019,0.975886,0.000000,0.050694,0.025271,0.083604
27,118,0.434783,0.485944,0.303869,0.398527,0.565217,0.604361,0.025271,0.060774
27,119,0.282609,0.457831,0.000000,0.487307,0.717391,0.538455,0.039711,0.000000
27,120,0.347826,0.469880,0.392139,0.440374,0.652174,0.559444,0.028881,0.078428
27,121,0.804348,0.554217,0.110382,0.740367,0.195652,0.292169,0.021661,0.022076
27,122,0.586957,0.514056,0.578729,0.712364,0.413043,0.290670,0.028881,0.115746
27,123,0.413043,0.481928,0.189723,0.423473,0.586957,0.587563,0.036101,0.037945
27,124,0.760870,0.546185,0.283945,0.580701,0.239130,0.433010,0.028881,0.056789
27,125,0.478261,0.493976,0.477025,0.683536,0.521739,0.324059,0.032491,0.095405
27,126,0.695652,0.534137,0.094245,0.595863,0.304348,0.429999,0.032491,0.018849
27,127,0.608696,0.518072,0.000000,0.508201,0.391304,0.518666,0.028881,0.000000
27,128,0.456522,0.489960,0.104242,0.359024,0.543478,0.653719,0.028881,0.020848
27,129,0.543478,0.506024,0.393195,0.703859,0.456522,0.309826,0.028881,0.078639
27,130,0.478261,0.493976,0.212703,0.538485,0.521739,0.477256,0.028881,0.042541
27,131,0.500000,0.497992,0.216898,0.350153,0.500000,0.655381,0.032491,0.043380
27,132,0.695652,0.534137,0.027826,0.865200,0.304348,0.178875,0.028881,0.005565
27,133,0.000000,0.405622,0.000000,0.145422,1.000000,0.862266,0.061372,0.000000
27,134,0.586957,0.514056,0.667442,0.669023,0.413043,0.326412,0.025271,0.133488
27,135,0.369565,0.473896,0.300099,0.383540,0.630435,0.618780,0.043321,0.066555
27,136,0.543478,0.506024,0.439016,0.609497,0.456522,0.396457,0.036101,0.087803
27,137,0.826087,0.558233,0.474399,0.832847,0.173913,0.182799,0.025271,0.094880
27,138,0.652174,0.526104,0.000000,0.730830,0.347826,0.307806,0.032491,0.000000
27,139,0.217391,0.445783,0.254695,0.360980,0.782609,0.642865,0.039711,0.050939
27,140,0.347826,0.469880,0.353343,0.546682,0.652174,0.461078,0.032491,0.070669
27,141,0.413043,0.481928,0.536058,0.399560,0.586957,0.589490,0.036101,0.118886
27,142,0.391304,0.477912,0.259967,0.279741,0.608696,0.719494,0.028881,0.051993
27,143,0.543478,0.506024,0.061595,0.411745,0.456522,0.606337,0.028881,0.012319
27,144,0.586957,0.514056,0.115953,0.300313,0.413043,0.708626,0.025271,0.023191
27,145,0.260870,0.453815,0.104398,0.482221,0.739130,0.537025,0.057762,0.020880
27,146,0.217391,0.445783,0.365277,0.225157,0.782609,0.764891,0.050542,0.073055
27,147,0.608696,0.518072,0.081392,0.439529,0.391304,0.578838,0.025271,0.016278
27,148,0.326087,0.465863,0.287350,0.445596,0.673913,0.560768,0.046931,0.057470
27,149,0.347826,0.469880,0.703781,0.451862,0.652174,0.529918,0.025271,0.140756
27,150,0.543478,0.506024,0.000000,0.602135,0.456522,0.429698,0.025271,0.000000
27,151,0.760870,0.546185,0.529560,0.616554,0.239130,0.384356,0.021661,0.105912
27,152,0.391304,0.477912,0.000000,0.386751,0.608696,0.633695,0.039711,0.000000
27,153,0.565217,0.510040,0.289696,0.498278,0.434783,0.510731,0.028881,0.057939
27,154,0.391304,0.477912,0.030624,0.354467,0.608696,0.662440,0.046931,0.006125
27,155,0.500000,0.497992,0.068855,0.491900,0.500000,0.529985,0.028881,0.013771
27,156,0.673913,0.530120,0.623079,0.662987,0.326087,0.334783,0.025271,0.124616
27,157,0.260870,0.453815,0.103083,0.143067,0.739130,0.858329,0.043321,0.020617
27,158,0.739130,0.542169,0.827183,0.920500,0.260870,0.078672,0.028881,0.165437
27,159,0.695652,0.534137,0.528108,0.824172,0.304348,0.187802,0.028881,0.105622
27,160,0.239130,0.449799,0.000000,0.305090,0.760870,0.711039,0.050542,0.000000
27,161,0.369565,0.473896,0.503782,0.494705,0.630435,0.501306,0.036101,0.100756
27,162,0.391304,0.477912,0.512788,0.260659,0.608696,0.722440,0.032491,0.113725
27,163,0.391304,0.477912,0.361457,0.285311,0.608696,0.708146,0.028881,0.080163
27,164,0.652174,0.526104,0.607582,0.771715,0.347826,0.232730,0.032491,0.121516
27,165,0.434783,0.485944,0.229612,0.623496,0.565217,0.395727,0.025271,0.045922
27,166,0.543478,0.506024,0.397744,0.652910,0.456522,0.357809,0.025271,0.079549
27,167,0.326087,0.465863,0.049386,0.441691,0.673913,0.578705,0.028881,0.009877
27,168,0.456522,0.489960,0.239389,0.556024,0.543478,0.459048,0.032491,0.047878
27,169,0.565217,0.510040,0.316592,0.661515,0.434783,0.354514,0.021661,0.063318
27,170,0.434783,0.485944,0.386505,0.503804,0.565217,0.499705,0.039711,0.077301
27,171,0.826087,0.558233,0.467763,0.879984,0.173913,0.138550,0.032491,0.093553
27,172,0.826087,0.558233,0.180480,0.484369,0.173913,0.530439,0.025271,0.036096
27,173,0.478261,0.493976,0.415273,0.423817,0.521739,0.573743,0.036101,0.083055
27,174,0.456522,0.489960,0.075907,0.596520,0.543478,0.430474,0.028881,0.015181
27,175,0.478261,0.493976,0.301596,0.519961,0.521739,0.489482,0.032491,0.060319
27,176,0.521739,0.502008,0.281865,0.536858,0.478261,0.474660,0.021661,0.056373
27,177,0.521739,0.502008,0.264782,0.432666,0.478261,0.574365,0.036101,0.052956
27,178,0.695652,0.534137,0.553450,0.853127,0.304348,0.158861,0.028881,0.110690
27,179,0.739130,0.542169,0.785951,0.924580,0.260870,0.077274,0.028881,0.157190
27,180,0.369565,0.473896,0.000000,0.535994,0.630435,0.492342,0.028881,0.000000
27,181,0.391304,0.477912,0.077511,0.464271,0.608696,0.555636,0.039711,0.015502
27,182,0.326087,0.465863,0.000000,0.401046,0.673913,0.620156,0.043321,0.000000
27,183,0.652174,0.526104,0.360916,0.464920,0.347826,0.538064,0.021661,0.072183
27,184,0.500000,0.497992,0.000000,0.603388,0.500000,0.428511,0.025271,0.000000
27,185,0.521739,0.502008,0.379896,0.650345,0.478261,0.361306,0.032491,0.075979
27,186,0.434783,0.485944,0.000000,0.390464,0.565217,0.630178,0.028881,0.000000
27,187,0.586957,0.514056,0.000000,0.609647,0.413043,0.422583,0.025271,0.000000
27,188,0.913043,0.574297,0.070683,0.807371,0.086957,0.231083,0.025271,0.014137
27,189,0.673913,0.530120,0.225202,0.564512,0.326087,0.451857,0.025271,0.045040
27,190,0.673913,0.530120,0.164616,0.503053,0.326087,0.513692,0.021661,0.032923
27,191,0.543478,0.506024,0.193128,0.652175,0.456522,0.370748,0.032491,0.038626
27,192,0.695652,0.534137,1.000000,0.754940,0.304348,0.225139,0.025271,0.200000
27,193,0.543478,0.506024,0.378710,0.731404,0.456522,0.284604,0.032491,0.075742
27,194,0.478261,0.493976,0.000000,0.357134,0.521739,0.661746,0.032491,0.000000
27,195,0.760870,0.546185,0.238099,0.698767,0.239130,0.323928,0.028881,0.047620
27,196,0.543478,0.506024,0.129042,0.263614,0.456522,0.742602,0.032491,0.025808
27,197,0.739130,0.542169,0.832686,0.730750,0.260870,0.258061,0.021661,0.166537
27,198,0.826087,0.558233,0.084177,0.825824,0.173913,0.212798,0.025271,0.016835
27,199,0.934783,0.578313,0.233038,0.918217,0.065217,0.116382,0.021661,0.046608
27,200,0.456522,0.489960,0.432777,0.606614,0.543478,0.399561,0.032491,0.086555
27,201,0.326087,0.465863,0.250573,0.501732,0.673913,0.509801,0.039711,0.050115
27,202,0.521739,0.502008,0.421236,0.637053,0.478261,0.371422,0.036101,0.084247
27,203,0.478261,0.493976,0.066306,0.457975,0.521739,0.562270,0.028881,0.013261
27,204,0.717391,0.538153,0.431531,0.675794,0.282609,0.334113,0.021661,0.086306
27,205,0.500000,0.497992,0.193401,0.442604,0.500000,0.569224,0.025271,0.038680
27,206,0.434783,0.485944,0.445270,0.506124,0.565217,0.493992,0.028881,0.089054
27,207,0.760870,0.546185,0.000000,0.684597,0.239130,0.351595,0.025271,0.000000
27,208,0.456522,0.489960,0.361116,0.504158,0.543478,0.500889,0.028881,0.072223
27,209,0.565217,0.510040,0.000000,0.480420,0.434783,0.544978,0.025271,0.000000
27,210,0.565217,0.510040,0.000000,0.491131,0.434783,0.534833,0.025271,0.000000
27,211,0.608696,0.518072,0.148586,0.475581,0.391304,0.540671,0.032491,0.029717
27,212,0.739130,0.542169,0.448085,0.761673,0.260870,0.251784,0.021661,0.089617
27,213,0.760870,0.546185,0.609469,0.739444,0.239130,0.263183,0.025271,0.121894
27,214,0.282609,0.457831,0.040254,0.354711,0.717391,0.661633,0.043321,0.008051
27,215,0.652174,0.526104,0.778251,0.743598,0.347826,0.249149,0.028881,0.172599
27,216,0.652174,0.526104,0.078553,0.572635,0.347826,0.452938,0.028881,0.015711
27,217,0.413043,0.481928,0.261959,0.573340,0.586957,0.441297,0.032491,0.052392
27,218,0.630435,0.522088,0.556299,0.632615,0.369565,0.367544,0.028881,0.111260
27,219,0.608696,0.518072,0.505203,0.631547,0.391304,0.371614,0.021661,0.101041
27,220,0.434783,0.485944,0.000000,0.464153,0.565217,0.560385,0.036101,0.000000
27,221,0.521739,0.502008,0.332840,0.363527,0.478261,0.635777,0.021661,0.066568
27,222,0.608696,0.518072,0.046927,0.658395,0.391304,0.373604,0.032491,0.009385
27,223,0.630435,0.522088,0.345663,0.713553,0.369565,0.303488,0.025271,0.069133
27,224,0.717391,0.538153,0.000000,0.750767,0.282609,0.288923,0.028881,0.000000
27,225,0.282609,0.457831,0.090140,0.351924,0.717391,0.661288,0.036101,0.018028
27,226,0.304348,0.461847,0.023961,0.348596,0.695652,0.668399,0.039711,0.004792
27,227,0.565217,0.510040,0.000000,0.637355,0.434783,0.396340,0.028881,0.000000
27,228,0.586957,0.514056,0.277990,0.305290,0.413043,0.694217,0.025271,0.061652
27,229,0.804348,0.554217,0.280968,0.926440,0.195652,0.105726,0.025271,0.056194
27,230,0.369565,0.473896,0.770362,0.487895,0.630435,0.491806,0.025271,0.170849
27,231,0.413043,0.481928,0.282148,0.439144,0.586957,0.567190,0.032491,0.056430
27,232,0.695652,0.534137,0.173618,0.643019,0.304348,0.380587,0.032491,0.034724
27,233,0.326087,0.465863,0.000000,0.415241,0.673913,0.606711,0.028881,0.000000
27,234,0.478261,0.493976,0.185853,0.566496,0.521739,0.452333,0.025271,0.037171
27,235,0.565217,0.510040,0.112471,0.496726,0.434783,0.522805,0.025271,0.022494
27,236,0.173913,0.437751,0.000000,0.000000,0.826087,1.000000,0.061372,0.000000
27,237,0.804348,0.554217,0.136719,0.850112,0.195652,0.186650,0.028881,0.027344
27,238,0.478261,0.493976,0.295222,0.427697,0.521739,0.577250,0.028881,0.059044
27,239,0.413043,0.481928,0.107310,0.360168,0.586957,0.652452,0.036101,0.021462
27,240,0.304348,0.461847,0.345855,0.227647,0.695652,0.763694,0.036101,0.069171
27,241,0.456522,0.489960,0.064673,0.443958,0.543478,0.575643,0.032491,0.012935
27,242,0.673913,0.530120,0.541798,0.827755,0.326087,0.183588,0.021661,0.108360
27,243,0.347826,0.469880,0.041823,0.458710,0.652174,0.563038,0.039711,0.008365
27,244,0.695652,0.534137,0.443189,0.825517,0.304348,0.191608,0.028881,0.088638
27,245,0.369565,0.473896,0.451135,0.599651,0.630435,0.405058,0.032491,0.090227
27,246,0.478261,0.493976,0.209498,0.673253,0.521739,0.349805,0.032491,0.041900
27,247,0.652174,0.526104,0.002201,0.628500,0.347826,0.404594,0.028881,0.000440
27,248,0.434783,0.485944,0.361266,0.602127,0.565217,0.408090,0.028881,0.072253
27,249,0.369565,0.473896,0.205929,0.364024,0.630435,0.642899,0.028881,0.041186
28,0,0.565217,0.510040,0.434611,0.368078,0.434783,0.617701,0.025180,0.086922
28,1,0.760870,0.546185,0.138628,0.681143,0.239130,0.328175,0.028777,0.027726
28,2,0.804348,0.554217,0.987440,0.683730,0.195652,0.280210,0.028777,0.197488
28,3,0.478261,0.493976,0.000000,0.297627,0.521739,0.709687,0.028777,0.000000
28,4,0.739130,0.542169,0.327615,0.635688,0.260870,0.362396,0.021583,0.065523
28,5,0.326087,0.465863,0.000000,0.427296,0.673913,0.583205,0.032374,0.000000
28,6,0.586957,0.514056,0.108596,0.659608,0.413043,0.350789,0.028777,0.021719
28,7,0.521739,0.502008,0.411364,0.434538,0.478261,0.554119,0.028777,0.082273
28,8,0.282609,0.457831,0.036305,0.185232,0.717391,0.817377,0.039568,0.007261
28,9,0.456522,0.489960,0.000000,0.228863,0.543478,0.776762,0.032374,0.000000
28,10,0.500000,0.497992,0.000000,0.407046,0.500000,0.602958,0.028777,0.000000
28,11,0.391304,0.477912,0.137915,0.146360,0.608696,0.849853,0.039568,0.027583
28,12,0.739130,0.542169,0.057667,0.565547,0.260870,0.445264,0.025180,0.011533
28,13,0.630435,0.522088,0.129321,0.396253,0.369565,0.606562,0.028777,0.025864
28,14,0.521739,0.502008,0.638730,0.506472,0.478261,0.471780,0.032374,0.127746
28,15,0.956522,0.582329,0.567883,0.975402,0.043478,0.018168,0.021583,0.113577
28,16,0.413043,0.481928,0.000000,0.186632,0.586957,0.817954,0.028777,0.000000
28,17,0.565217,0.510040,0.517271,0.452186,0.434783,0.531235,0.025180,0.100151
28,18,0.608696,0.518072,0.325872,0.471326,0.391304,0.522811,0.025180,0.065174
28,19,0.565217,0.510040,0.192319,0.300243,0.434783,0.696840,0.028777,0.038464
28,20,0.608696,0.518072,0.000000,0.388210,0.391304,0.621330,0.025180,0.000000
28,21,0.282609,0.457831,0.000000,0.166736,0.717391,0.837362,0.039568,0.000000
28,22,0.608696,0.518072,0.000000,0.481095,0.391304,0.530729,0.025180,0.000000
28,23,0.478261,0.493976,0.617162,0.517974,0.521739,0.461715,0.035971,0.123432
28,24,0.434783,0.485944,0.228374,0.323853,0.565217,0.671879,0.046763,0.045675
28,25,0.456522,0.489960,0.390274,0.283406,0.543478,0.702666,0.021583,0.075563
28,26,0.173913,0.437751,0.326263,0.203726,0.826087,0.783814,0.050360,0.065253
28,27,0.608696,0.518072,0.387904,0.315736,0.391304,0.671256,0.025180,0.077581
28,28,0.565217,0.510040,0.000000,0.134880,0.434783,0.868435,0.025180,0.000000
28,29,0.326087,0.465863,0.231129,0.255560,0.673913,0.738347,0.032374,0.046226
28,30,0.543478,0.506024,0.172829,0.323769,0.456522,0.674935,0.039568,0.034566
28,31,0.413043,0.481928,0.287011,0.374786,0.586957,0.619059,0.021583,0.057402
28,32,0.521739,0.502008,0.467633,0.554844,0.478261,0.433756,0.025180,0.093527
28,33,0.478261,0.493976,0.597448,0.463853,0.521739,0.515562,0.035971,0.119490
28,34,0.456522,0.489960,0.317079,0.347727,0.543478,0.643844,0.021583,0.063416
28,35,0.500000,0.497992,0.252614,0.505443,0.500000,0.493455,0.032374,0.050523
28,36,0.652174,0.526104,0.136809,0.322738,0.347826,0.677870,0.028777,0.027362
28,37,0.369565,0.473896,0.000000,0.134120,0.630435,0.869176,0.035971,0.000000
28,38,0.521739,0.502008,0.797272,0.460929,0.478261,0.507716,0.028777,0.159454
28,39,0.695652,0.534137,0.692957,0.703140,0.304348,0.277042,0.021583,0.138591
28,40,0.586957,0.514056,0.397714,0.472367,0.413043,0.517950,0.025180,0.079543
28,41,0.543478,0.506024,0.701418,0.784114,0.456522,0.197605,0.025180,0.140284
28,42,0.500000,0.497992,0.000000,0.339428,0.500000,0.668914,0.025180,0.000000
28,43,0.782609,0.550201,0.614245,0.744692,0.217391,0.240725,0.025180,0.122849
28,44,0.434783,0.485944,0.000000,0.284378,0.565217,0.722611,0.032374,0.000000
28,45,0.652174,0.526104,0.000000,0.355026,0.347826,0.653699,0.025180,0.000000
28,46,0.586957,0.514056,0.000000,0.522004,0.413043,0.490825,0.028777,0.000000
28,47,0.630435,0.522088,0.479457,0.605373,0.369565,0.383837,0.035971,0.095891
28,48,0.673913,0.530120,0.563808,0.465813,0.326087,0.515451,0.025180,0.112762
28,49,0.500000,0.497992,0.000000,0.405684,0.500000,0.604287,0.025180,0.000000
28,50,0.630435,0.522088,0.517338,0.514214,0.369565,0.470727,0.021583,0.103468
28,51,0.391304,0.477912,0.617616,0.475599,0.608696,0.503025,0.035971,0.123523
28,52,0.760870,0.546185,0.376124,0.615117,0.239130,0.379864,0.025180,0.075225
28,53,0.326087,0.465863,0.511292,0.317324,0.673913,0.663102,0.035971,0.102258
28,54,0.304348,0.461847,0.151741,0.319767,0.695652,0.679968,0.032374,0.030348
28,55,0.543478,0.506024,0.439366,0.490126,0.456522,0.498397,0.028777,0.087873
28,56,0.565217,0.510040,0.237852,0.543273,0.434783,0.457344,0.025180,0.047570
28,57,0.500000,0.497992,0.564832,0.505703,0.500000,0.476487,0.032374,0.112966
28,58,0.456522,0.489960,0.391304,0.477918,0.543478,0.512878,0.032374,0.078261
28,59,0.304348,0.461847,0.243329,0.355334,0.695652,0.640372,0.032374,0.048666
28,60,0.304348,0.461847,0.267468,0.154101,0.695652,0.835367,0.064748,0.053494
28,61,0.891304,0.570281,0.471337,0.859544,0.108696,0.136347,0.021583,0.094267
28,62,0.456522,0.489960,0.612188,0.412459,0.543478,0.564904,0.021583,0.122438
28,63,0.195652,0.441767,0.170740,0.317996,0.804348,0.680678,0.064748,0.034148
28,64,0.260870,0.453815,0.202391,0.246772,0.739130,0.748457,0.043165,0.040478
28,65,0.304348,0.461847,0.000000,0.314079,0.695652,0.693640,0.032374,0.000000
28,66,0.543478,0.506024,0.000000,0.524351,0.456522,0.488535,0.028777,0.000000
28,67,0.543478,0.506024,0.000000,0.357872,0.456522,0.650923,0.025180,0.000000
28,68,0.586957,0.514056,0.841003,0.589584,0.413043,0.379882,0.025180,0.168201
28,69,0.521739,0.502008,0.002537,0.242533,0.478261,0.763291,0.025180,0.000507
28,70,0.608696,0.518072,0.411989,0.561553,0.391304,0.430192,0.025180,0.082398
28,71,0.521739,0.502008,0.595962,0.387504,0.478261,0.590114,0.028777,0.119192
28,72,0.434783,0.485944,0.654756,0.386900,0.565217,0.587555,0.035971,0.130951
28,73,0.586957,0.514056,0.000000,0.287260,0.413043,0.719799,0.035971,0.000000
28,74,0.630435,0.522088,0.751167,0.706914,0.369565,0.270245,0.028777,0.150233
28,75,0.913043,0.574297,0.745177,0.899277,0.086957,0.082930,0.025180,0.149035
28,76,0.565217,0.510040,0.471726,0.398710,0.434783,0.585835,0.032374,0.094345
28,77,0.847826,0.562249,0.041951,0.739870,0.152174,0.276067,0.032374,0.008390
28,78,0.652174,0.526104,0.000000,0.362204,0.347826,0.646698,0.025180,0.000000
28,79,0.586957,0.514056,0.552638,0.529753,0.413043,0.453680,0.028777,0.110528
28,80,0.347826,0.469880,0.290972,0.153275,0.652174,0.834914,0.043165,0.058194
28,81,0.652174,0.526104,0.000000,0.535837,0.347826,0.477332,0.025180,0.000000
28,82,0.434783,0.485944,0.000000,0.330714,0.565217,0.677414,0.032374,0.000000
28,83,0.695652,0.534137,0.556049,0.578780,0.304348,0.405676,0.021583,0.111210
28,84,0.369565,0.473896,0.000000,0.353788,0.630435,0.654907,0.025180,0.000000
28,85,0.934783,0.578313,0.958297,0.795459,0.065217,0.172787,0.021583,0.191659
28,86,0.239130,0.449799,0.000000,0.255099,0.760870,0.751171,0.046763,0.000000
28,87,0.673913,0.530120,0.000000,0.602505,0.326087,0.412302,0.032374,0.000000
28,88,0.608696,0.518072,0.377517,0.615261,0.391304,0.379649,0.025180,0.075503
28,89,0.195652,0.441767,0.000000,0.079320,0.804348,0.922630,0.071942,0.000000
28,90,0.239130,0.449799,0.000000,0.152702,0.760870,0.851050,0.039568,0.000000
28,91,0.456522,0.489960,0.180407,0.430811,0.543478,0.570119,0.028777,0.036081
28,92,0.543478,0.506024,0.414450,0.666489,0.456522,0.327703,0.032374,0.082890
28,93,0.695652,0.534137,0.000000,0.594383,0.304348,0.420225,0.025180,0.000000
28,94,0.478261,0.493976,0.000000,0.204176,0.521739,0.800842,0.032374,0.000000
28,95,0.586957,0.514056,0.446048,0.350526,0.413043,0.634209,0.028777,0.089210
28,96,0.543478,0.506024,0.591700,0.552092,0.456522,0.429799,0.025180,0.118340
28,97,0.500000,0.497992,0.308031,0.444324,0.500000,0.550105,0.021583,0.059639
28,98,0.543478,0.506024,0.340501,0.400006,0.456522,0.591596,0.025180,0.068100
28,99,0.652174,0.526104,0.001982,0.584993,0.347826,0.429278,0.021583,0.000396
28,100,0.543478,0.506024,0.000000,0.484306,0.456522,0.527597,0.028777,0.000000
28,101,0.586957,0.514056,0.542248,0.453814,0.413043,0.528310,0.025180,0.108450
28,102,0.413043,0.481928,0.188854,0.220408,0.586957,0.774898,0.032374,0.037771
28,103,0.913043,0.574297,0.725766,0.756765,0.086957,0.222978,0.021583,0.145153
28,104,0.413043,0.481928,0.000000,0.245819,0.586957,0.760223,0.032374,0.000000
28,105,0.173913,0.437751,0.558181,0.359216,0.826087,0.619729,0.050360,0.111636
28,106,0.586957,0.514056,0.000000,0.361225,0.413043,0.647652,0.032374,0.000000
28,107,0.347826,0.469880,0.391829,0.327012,0.652174,0.660048,0.043165,0.078366
28,108,0.434783,0.485944,0.418737,0.372428,0.565217,0.614308,0.025180,0.083747
28,109,0.347826,0.469880,0.230812,0.264799,0.652174,0.729352,0.046763,0.046162
28,110,0.869565,0.566265,0.488751,0.667787,0.130435,0.322459,0.028777,0.097750
28,111,0.521739,0.502008,0.145460,0.617707,0.478261,0.389687,0.025180,0.029092
28,112,0.565217,0.510040,0.000000,0.574848,0.434783,0.439279,0.028777,0.000000
28,113,0.608696,0.518072,0.586939,0.444856,0.391304,0.534655,0.028777,0.117388
28,114,0.608696,0.518072,0.358726,0.571361,0.391304,0.423476,0.025180,0.071745
28,115,0.369565,0.473896,0.295435,0.396626,0.630435,0.597305,0.032374,0.059087
28,116,0.478261,0.493976,0.605143,0.427438,0.521739,0.550670,0.025180,0.121029
28,117,1.000000,0.590361,0.459060,1.000000,0.000000,0.000000,0.025180,0.091812
28,118,0.434783,0.485944,0.298487,0.316817,0.565217,0.674990,0.025180,0.059697
28,119,0.282609,0.457831,0.000000,0.384638,0.717391,0.624815,0.039568,0.000000
28,120,0.347826,0.469880,0.038667,0.127890,0.652174,0.873183,0.028777,0.007733
28,121,0.804348,0.554217,0.625752,0.738045,0.195652,0.246593,0.021583,0.125150
28,122,0.586957,0.514056,0.621084,0.602127,0.413043,0.379421,0.028777,0.124217
28,123,0.413043,0.481928,0.000000,0.227790,0.586957,0.777808,0.035971,0.000000
28,124,0.760870,0.546185,0.011839,0.506995,0.239130,0.504831,0.028777,0.002368
28,125,0.478261,0.493976,0.134652,0.489255,0.521739,0.515560,0.032374,0.026930
28,126,0.695652,0.534137,0.327589,0.494496,0.304348,0.500119,0.032374,0.065518
28,127,0.608696,0.518072,0.000000,0.521919,0.391304,0.490908,0.028777,0.000000
28,128,0.456522,0.489960,0.179371,0.251264,0.543478,0.745308,0.028777,0.035874
28,129,0.543478,0.506024,0.432864,0.645648,0.456522,0.347045,0.028777,0.086573
28,130,0.478261,0.493976,0.000000,0.409486,0.521739,0.600577,0.028777,0.000000
28,131,0.500000,0.497992,0.188546,0.343331,0.500000,0.655013,0.032374,0.037709
28,132,0.695652,0.534137,0.219809,0.642146,0.304348,0.361868,0.028777,0.043962
28,133,0.000000,0.405622,0.000000,0.116202,1.000000,0.886654,0.061151,0.000000
28,134,0.586957,0.514056,0.481959,0.594203,0.413043,0.394598,0.025180,0.093314
28,135,0.369565,0.473896,0.358748,0.351145,0.630435,0.638279,0.046763,0.071750
28,136,0.543478,0.506024,0.517479,0.484695,0.456522,0.499514,0.035971,0.103496
28,137,0.826087,0.558233,0.212249,0.808366,0.173913,0.200138,0.025180,0.042450
28,138,0.652174,0.526104,0.000000,0.599785,0.347826,0.414955,0.032374,0.000000
28,139,0.217391,0.445783,0.358621,0.220179,0.782609,0.766033,0.039568,0.071724
28,140,0.347826,0.469880,0.394810,0.370362,0.652174,0.617604,0.032374,0.078962
28,141,0.413043,0.481928,0.053188,0.226663,0.586957,0.776060,0.039568,0.010638
28,142,0.391304,0.477912,0.454282,0.330153,0.608696,0.653640,0.028777,0.087955
28,143,0.543478,0.506024,0.334173,0.347786,0.456522,0.642871,0.028777,0.066835
28,144,0.586957,0.514056,0.202170,0.387225,0.413043,0.611468,0.025180,0.040434
28,145,0.260870,0.453815,0.334856,0.239375,0.739130,0.748581,0.057554,0.066971
28,146,0.217391,0.445783,0.250623,0.117237,0.782609,0.872227,0.050360,0.050125
28,147,0.608696,0.518072,0.519240,0.510917,0.391304,0.473842,0.025180,0.103848
28,148,0.326087,0.465863,0.239030,0.300093,0.673913,0.694485,0.046763,0.047806
28,149,0.347826,0.469880,0.845340,0.379188,0.652174,0.584875,0.025180,0.169068
28,150,0.543478,0.506024,0.131203,0.509421,0.456522,0.496075,0.025180,0.026241
28,151,0.760870,0.546185,0.477664,0.746475,0.239130,0.246298,0.021583,0.095533
28,152,0.391304,0.477912,0.000000,0.224091,0.608696,0.781416,0.039568,0.000000
28,153,0.565217,0.510040,0.638093,0.538013,0.434783,0.441049,0.028777,0.127619
28,154,0.391304,0.477912,0.211929,0.260298,0.608696,0.734753,0.046763,0.042386
28,155,0.500000,0.497992,0.275589,0.583970,0.500000,0.415628,0.028777,0.055118
28,156,0.673913,0.530120,0.999642,0.664193,0.326087,0.298614,0.025180,0.193545
28,157,0.260870,0.453815,0.227765,0.159271,0.739130,0.832449,0.043165,0.045553
28,158,0.739130,0.542169,0.639502,0.737635,0.260870,0.246257,0.028777,0.127900
28,159,0.695652,0.534137,0.558246,0.726086,0.304348,0.261873,0.028777,0.111649
28,160,0.239130,0.449799,0.000000,0.204218,0.760870,0.800801,0.050360,0.000000
28,161,0.369565,0.473896,0.250867,0.349674,0.630435,0.645489,0.035971,0.050173
28,162,0.391304,0.477912,0.475935,0.115067,0.608696,0.862282,0.035971,0.095187
28,163,0.391304,0.477912,0.304876,0.253693,0.608696,0.736220,0.032374,0.060975
28,164,0.652174,0.526104,0.332705,0.633222,0.347826,0.364529,0.032374,0.066541
28,165,0.434783,0.485944,0.417571,0.435298,0.565217,0.553045,0.025180,0.083514
28,166,0.543478,0.506024,0.439231,0.547297,0.456522,0.442639,0.025180,0.087846
28,167,0.326087,0.465863,0.339178,0.422342,0.673913,0.569880,0.028777,0.067836
28,168,0.456522,0.489960,0.489622,0.414575,0.543478,0.569401,0.032374,0.097924
28,169,0.565217,0.510040,0.000000,0.517914,0.434783,0.494814,0.021583,0.000000
28,170,0.434783,0.485944,0.425460,0.451156,0.565217,0.537154,0.039568,0.085092
28,171,0.826087,0.558233,0.376114,0.655795,0.173913,0.340187,0.032374,0.075223
28,172,0.826087,0.558233,0.648074,0.486357,0.173913,0.490901,0.025180,0.129615
28,173,0.478261,0.493976,0.445411,0.412404,0.521739,0.573885,0.035971,0.089082
28,174,0.456522,0.489960,0.319594,0.510667,0.543478,0.484774,0.028777,0.063919
28,175,0.478261,0.493976,0.527446,0.444458,0.521739,0.538228,0.032374,0.105489
28,176,0.521739,0.502008,0.000000,0.373007,0.478261,0.636160,0.021583,0.000000
28,177,0.521739,0.502008,0.244286,0.239402,0.478261,0.753403,0.035971,0.048857
28,178,0.695652,0.534137,0.605812,0.857939,0.304348,0.130713,0.028777,0.117294
28,179,0.739130,0.542169,0.824144,0.803345,0.260870,0.172277,0.028777,0.164829
28,180,0.369565,0.473896,0.000000,0.239327,0.630435,0.766555,0.028777,0.000000
28,181,0.391304,0.477912,0.147829,0.298198,0.608696,0.701216,0.039568,0.029566
28,182,0.326087,0.465863,0.462455,0.311785,0.673913,0.671119,0.043165,0.092491
28,183,0.652174,0.526104,0.722357,0.341835,0.347826,0.627894,0.021583,0.144471
28,184,0.500000,0.497992,0.000000,0.526650,0.500000,0.486293,0.025180,0.000000
28,185,0.521739,0.502008,0.146122,0.503694,0.478261,0.500862,0.032374,0.029224
28,186,0.434783,0.485944,0.003823,0.390020,0.565217,0.619361,0.028777,0.000765
28,187,0.586957,0.514056,0.000000,0.389663,0.413043,0.619913,0.025180,0.000000
28,188,0.913043,0.574297,0.839107,0.742951,0.086957,0.230386,0.025180,0.167821
28,189,0.673913,0.530120,0.784903,0.545453,0.326087,0.425932,0.025180,0.156981
28,190,0.673913,0.530120,0.183148,0.423488,0.326087,0.577115,0.021583,0.036630
28,191,0.543478,0.506024,0.000000,0.578198,0.456522,0.436012,0.032374,0.000000
28,192,0.695652,0.534137,0.885604,0.566515,0.304348,0.399996,0.025180,0.171466
28,193,0.543478,0.506024,0.396038,0.445455,0.456522,0.544290,0.032374,0.079208
28,194,0.478261,0.493976,0.023967,0.408356,0.521739,0.600397,0.032374,0.004793
28,195,0.760870,0.546185,0.122509,0.641177,0.239130,0.368022,0.028777,0.024502
28,196,0.543478,0.506024,0.236122,0.349373,0.456522,0.646573,0.032374,0.047224
28,197,0.739130,0.542169,1.000000,0.700426,0.260870,0.263252,0.021583,0.200000
28,198,0.826087,0.558233,0.258199,0.521920,0.173913,0.477084,0.025180,0.051640
28,199,0.934783,0.578313,0.068291,0.696456,0.065217,0.317004,0.021583,0.013658
28,200,0.456522,0.489960,0.322698,0.436530,0.543478,0.556922,0.032374,0.064540
28,201,0.326087,0.465863,0.267102,0.316474,0.673913,0.677004,0.039568,0.053420
28,202,0.521739,0.502008,0.348113,0.572662,0.478261,0.422776,0.035971,0.069623
28,203,0.478261,0.493976,0.099149,0.455846,0.521739,0.550049,0.028777,0.019830
28,204,0.717391,0.538153,0.272220,0.630353,0.282609,0.370566,0.021583,0.054444
28,205,0.500000,0.497992,0.473963,0.467836,0.500000,0.518287,0.025180,0.094793
28,206,0.434783,0.485944,0.517239,0.440961,0.565217,0.542186,0.028777,0.103448
28,207,0.760870,0.546185,0.294405,0.587915,0.239130,0.410772,0.025180,0.058881
28,208,0.456522,0.489960,0.338568,0.453009,0.543478,0.539999,0.028777,0.067714
28,209,0.565217,0.510040,0.000000,0.557674,0.434783,0.456031,0.025180,0.000000
28,210,0.565217,0.510040,0.084546,0.482083,0.434783,0.525239,0.025180,0.016909
28,211,0.608696,0.518072,0.613636,0.410609,0.391304,0.566631,0.032374,0.122727
28,212,0.739130,0.542169,0.470262,0.588789,0.260870,0.400506,0.021583,0.094052
28,213,0.760870,0.546185,0.560538,0.587449,0.239130,0.396979,0.025180,0.112108
28,214,0.282609,0.457831,0.000000,0.236041,0.717391,0.769760,0.043165,0.000000
28,215,0.652174,0.526104,0.568266,0.666830,0.347826,0.319136,0.032374,0.113653
28,216,0.652174,0.526104,0.000000,0.526235,0.347826,0.486698,0.028777,0.000000
28,217,0.413043,0.481928,0.057157,0.371598,0.586957,0.634474,0.032374,0.011431
28,218,0.630435,0.522088,0.606348,0.613215,0.369565,0.369394,0.028777,0.121270
28,219,0.608696,0.518072,0.351279,0.525606,0.391304,0.468505,0.021583,0.070256
28,220,0.434783,0.485944,0.106298,0.536280,0.565217,0.471209,0.035971,0.021260
28,221,0.521739,0.502008,0.522035,0.319149,0.478261,0.660747,0.021583,0.101073
28,222,0.608696,0.518072,0.059363,0.526121,0.391304,0.483631,0.032374,0.011873
28,223,0.630435,0.522088,0.645294,0.636450,0.369565,0.344645,0.025180,0.129059
28,224,0.717391,0.538153,0.312302,0.686746,0.282609,0.313413,0.028777,0.062460
28,225,0.282609,0.457831,0.000078,0.168253,0.717391,0.835878,0.035971,0.000016
28,226,0.304348,0.461847,0.063441,0.185649,0.695652,0.815517,0.039568,0.012688
28,227,0.565217,0.510040,0.000000,0.471916,0.434783,0.539682,0.028777,0.000000
28,228,0.586957,0.514056,0.005016,0.378939,0.413043,0.630106,0.028777,0.001003
28,229,0.804348,0.554217,0.224245,0.751779,0.195652,0.254692,0.025180,0.044849
28,230,0.369565,0.473896,0.353826,0.413105,0.630435,0.578106,0.028777,0.070765
28,231,0.413043,0.481928,0.302069,0.383554,0.586957,0.609701,0.032374,0.060414
28,232,0.695652,0.534137,0.131619,0.546809,0.304348,0.459583,0.032374,0.026324
28,233,0.326087,0.465863,0.000000,0.428729,0.673913,0.581807,0.028777,0.000000
28,234,0.478261,0.493976,0.421774,0.386811,0.521739,0.600115,0.025180,0.084355
28,235,0.565217,0.510040,0.192045,0.406964,0.434783,0.592756,0.025180,0.038409
28,236,0.173913,0.437751,0.000000,0.000000,0.826087,1.000000,0.061151,0.000000
28,237,0.804348,0.554217,0.000000,0.647577,0.195652,0.368338,0.028777,0.000000
28,238,0.478261,0.493976,0.439665,0.400191,0.521739,0.586107,0.028777,0.087933
28,239,0.413043,0.481928,0.050381,0.323791,0.586957,0.681469,0.035971,0.010076
28,240,0.304348,0.461847,0.291666,0.028213,0.695652,0.956866,0.035971,0.058333
28,241,0.456522,0.489960,0.000000,0.192178,0.543478,0.812545,0.032374,0.000000
28,242,0.673913,0.530120,0.789745,0.759386,0.326087,0.216997,0.021583,0.157949
28,243,0.347826,0.469880,0.000000,0.289370,0.652174,0.717742,0.039568,0.000000
28,244,0.695652,0.534137,0.685283,0.588768,0.304348,0.389014,0.028777,0.137057
28,245,0.369565,0.473896,0.548316,0.457389,0.630435,0.524497,0.032374,0.109663
28,246,0.478261,0.493976,0.507436,0.610529,0.521739,0.377310,0.032374,0.101487
28,247,0.652174,0.526104,0.097230,0.658755,0.347826,0.352229,0.028777,0.019446
28,248,0.434783,0.485944,0.396356,0.420623,0.565217,0.568495,0.028777,0.079271
28,249,0.369565,0.473896,0.290869,0.334449,0.630435,0.658198,0.028777,0.058174
29,0,0.565217,0.510040,0.595438,0.421254,0.434783,0.554399,0.025090,0.119088
29,1,0.760870,0.546185,0.000000,0.728605,0.239130,0.291469,0.028674,0.000000
29,2,0.804348,0.554217,0.942799,0.789356,0.195652,0.175465,0.028674,0.188560
29,3,0.478261,0.493976,0.000000,0.205331,0.521739,0.800327,0.028674,0.000000
29,4,0.739130,0.542169,0.179368,0.556609,0.260870,0.447896,0.021505,0.035874
29,5,0.326087,0.465863,0.000000,0.420603,0.673913,0.590986,0.032258,0.000000
29,6,0.586957,0.514056,0.052017,0.700461,0.413043,0.315697,0.028674,0.010403
29,7,0.521739,0.502008,0.441320,0.455248,0.478261,0.530648,0.028674,0.088264
29,8,0.282609,0.457831,0.151814,0.115600,0.717391,0.878418,0.039427,0.030363
29,9,0.456522,0.489960,0.000000,0.209159,0.543478,0.796604,0.032258,0.000000
29,10,0.500000,0.497992,0.000000,0.453556,0.500000,0.558940,0.028674,0.000000
29,11,0.391304,0.477912,0.212146,0.145874,0.608696,0.845335,0.039427,0.042429
29,12,0.739130,0.542169,0.000000,0.550116,0.260870,0.465041,0.025090,0.000000
29,13,0.630435,0.522088,0.152102,0.406154,0.369565,0.595852,0.028674,0.030420
29,14,0.521739,0.502008,0.387522,0.542410,0.478261,0.449135,0.032258,0.077504
29,15,0.956522,0.582329,0.456293,1.000000,0.043478,0.000000,0.021505,0.091259
29,16,0.413043,0.481928,0.000000,0.161461,0.586957,0.842987,0.028674,0.000000
29,17,0.565217,0.510040,0.419231,0.491708,0.434783,0.496526,0.028674,0.083846
29,18,0.608696,0.518072,0.182076,0.514961,0.391304,0.488233,0.025090,0.036415
29,19,0.565217,0.510040,0.268856,0.358766,0.434783,0.634885,0.028674,0.053771
29,20,0.608696,0.518072,0.008977,0.394771,0.391304,0.615564,0.025090,0.001795
29,21,0.282609,0.457831,0.000000,0.196492,0.717391,0.808922,0.039427,0.000000
29,22,0.608696,0.518072,0.098011,0.444828,0.391304,0.561510,0.025090,0.019602
29,23,0.478261,0.493976,0.653766,0.577156,0.521739,0.399271,0.035842,0.130753
29,24,0.434783,0.485944,0.057827,0.235096,0.565217,0.767889,0.046595,0.011565
29,25,0.456522,0.489960,0.000000,0.277757,0.543478,0.729896,0.025090,0.000000
29,26,0.173913,0.437751,0.273964,0.196706,0.826087,0.792171,0.050179,0.054793
29,27,0.608696,0.518072,0.535954,0.371398,0.391304,0.606473,0.025090,0.107191
29,28,0.565217,0.510040,0.000000,0.135091,0.434783,0.868631,0.025090,0.000000
29,29,0.326087,0.465863,0.379874,0.223387,0.673913,0.759830,0.032258,0.075975
29,30,0.543478,0.506024,0.073322,0.365762,0.456522,0.639888,0.039427,0.014664
29,31,0.413043,0.481928,0.050630,0.390817,0.586957,0.616894,0.021505,0.010126
29,32,0.521739,0.502008,0.338107,0.458951,0.478261,0.533278,0.025090,0.067621
29,33,0.478261,0.493976,0.593921,0.485166,0.521739,0.492339,0.035842,0.118784
29,34,0.456522,0.489960,0.262993,0.292302,0.543478,0.699871,0.021505,0.052599
29,35,0.500000,0.497992,0.197141,0.470679,0.500000,0.530385,0.032258,0.039428
29,36,0.652174,0.526104,0.223109,0.296578,0.347826,0.698122,0.028674,0.044622
29,37,0.369565,0.473896,0.000000,0.021340,0.630435,0.979247,0.035842,0.000000
29,38,0.521739,0.502008,0.635165,0.318599,0.478261,0.651827,0.028674,0.127033
29,39,0.695652,0.534137,0.404249,0.561240,0.304348,0.429814,0.021505,0.080850
29,40,0.586957,0.514056,0.526564,0.439519,0.413043,0.540796,0.025090,0.105313
29,41,0.543478,0.506024,0.681707,0.754968,0.456522,0.224671,0.025090,0.136341
29,42,0.500000,0.497992,0.000000,0.282229,0.500000,0.725547,0.025090,0.000000
29,43,0.782609,0.550201,0.597150,0.708475,0.217391,0.274988,0.025090,0.119430
29,44,0.434783,0.485944,0.000000,0.335745,0.565217,0.673505,0.032258,0.000000
29,45,0.652174,0.526104,0.000000,0.351198,0.347826,0.658478,0.025090,0.000000
29,46,0.586957,0.514056,0.089627,0.539332,0.413043,0.470115,0.028674,0.017925
29,47,0.630435,0.522088,0.204090,0.573605,0.369565,0.429875,0.035842,0.040818
29,48,0.673913,0.530120,0.679857,0.450226,0.326087,0.521128,0.025090,0.135971
29,49,0.500000,0.497992,0.136683,0.456168,0.500000,0.548147,0.025090,0.027337
29,50,0.630435,0.522088,0.393957,0.640422,0.369565,0.353435,0.021505,0.078791
29,51,0.391304,0.477912,0.442436,0.341888,0.608696,0.640817,0.035842,0.083433
29,52,0.760870,0.546185,0.108000,0.619579,0.239130,0.390970,0.025090,0.021600
29,53,0.326087,0.465863,0.357739,0.179301,0.673913,0.804038,0.035842,0.071548
29,54,0.304348,0.461847,0.058187,0.300167,0.695652,0.704590,0.032258,0.011637
29,55,0.543478,0.506024,0.213484,0.452076,0.456522,0.547489,0.028674,0.042697
29,56,0.565217,0.510040,0.368489,0.517608,0.434783,0.474403,0.025090,0.073698
29,57,0.500000,0.497992,0.342088,0.441623,0.500000,0.549889,0.032258,0.068418
29,58,0.456522,0.489960,0.316153,0.377464,0.543478,0.613846,0.032258,0.063231
29,59,0.304348,0.461847,0.332861,0.270897,0.695652,0.716468,0.032258,0.066572
29,60,0.304348,0.461847,0.174812,0.193386,0.695652,0.801387,0.064516,0.034962
29,61,0.891304,0.570281,0.383209,0.630671,0.108696,0.363566,0.021505,0.076642
29,62,0.456522,0.489960,0.330229,0.353396,0.543478,0.636401,0.021505,0.066046
29,63,0.195652,0.441767,0.287927,0.247482,0.804348,0.741952,0.064516,0.057585
29,64,0.260870,0.453815,0.258234,0.193240,0.739130,0.796491,0.043011,0.048697
29,65,0.304348,0.461847,0.220749,0.391770,0.695652,0.605695,0.032258,0.044150
29,66,0.543478,0.506024,0.401348,0.634747,0.456522,0.358507,0.028674,0.080270
29,67,0.543478,0.506024,0.000000,0.344121,0.456522,0.665360,0.025090,0.000000
29,68,0.586957,0.514056,0.637715,0.485211,0.413043,0.489651,0.025090,0.127543
29,69,0.521739,0.502008,0.262866,0.168710,0.478261,0.820067,0.025090,0.049570
29,70,0.608696,0.518072,0.499332,0.482335,0.391304,0.500804,0.025090,0.099866
29,71,0.521739,0.502008,0.552713,0.369140,0.478261,0.607657,0.028674,0.110543
29,72,0.434783,0.485944,0.224417,0.278807,0.565217,0.715324,0.035842,0.044883
29,73,0.586957,0.514056,0.000000,0.351412,0.413043,0.658269,0.035842,0.000000
29,74,0.630435,0.522088,0.609499,0.684278,0.369565,0.297773,0.028674,0.121900
29,75,0.913043,0.574297,0.610381,0.928888,0.086957,0.059848,0.025090,0.122076
29,76,0.565217,0.510040,0.121774,0.297762,0.434783,0.703089,0.032258,0.024355
29,77,0.847826,0.562249,0.089374,0.625782,0.152174,0.386062,0.032258,0.017875
29,78,0.652174,0.526104,0.151402,0.364113,0.347826,0.636777,0.025090,0.030280
29,79,0.586957,0.514056,0.534220,0.550057,0.413043,0.432841,0.028674,0.106844
29,80,0.347826,0.469880,0.220560,0.081561,0.652174,0.907368,0.043011,0.044112
29,81,0.652174,0.526104,0.000000,0.409231,0.347826,0.602043,0.025090,0.000000
29,82,0.434783,0.485944,0.000000,0.472194,0.565217,0.540815,0.032258,0.000000
29,83,0.695652,0.534137,0.634614,0.485445,0.304348,0.489611,0.021505,0.126923
29,84,0.369565,0.473896,0.000000,0.319616,0.630435,0.689189,0.025090,0.000000
29,85,0.934783,0.578313,0.596812,0.831363,0.065217,0.155506,0.021505,0.119362
29,86,0.239130,0.449799,0.000000,0.248836,0.760870,0.758020,0.046595,0.000000
29,87,0.673913,0.530120,0.132814,0.482069,0.326087,0.523193,0.032258,0.026563
29,88,0.608696,0.518072,0.042768,0.627570,0.391304,0.387138,0.025090,0.008554
29,89,0.195652,0.441767,0.000000,0.097045,0.804348,0.905629,0.071685,0.000000
29,90,0.239130,0.449799,0.000000,0.205465,0.760870,0.800196,0.039427,0.000000
29,91,0.456522,0.489960,0.274565,0.484655,0.543478,0.512120,0.028674,0.054913
29,92,0.543478,0.506024,0.181918,0.556246,0.456522,0.448095,0.032258,0.036384
29,93,0.695652,0.534137,0.000000,0.531456,0.304348,0.483187,0.025090,0.000000
29,94,0.478261,0.493976,0.000000,0.223658,0.521739,0.782504,0.032258,0.000000
29,95,0.586957,0.514056,0.655253,0.417775,0.413043,0.554170,0.028674,0.131051
29,96,0.543478,0.506024,0.591623,0.517914,0.456522,0.460632,0.025090,0.118325
29,97,0.500000,0.497992,0.161796,0.420359,0.500000,0.581453,0.025090,0.032359
29,98,0.543478,0.506024,0.453709,0.377023,0.456522,0.605969,0.025090,0.090742
29,99,0.652174,0.526104,0.000000,0.440005,0.347826,0.572118,0.021505,0.000000
29,100,0.543478,0.506024,0.101654,0.480260,0.456522,0.526834,0.028674,0.020331
29,101,0.586957,0.514056,0.590117,0.463916,0.413043,0.513234,0.025090,0.118023
29,102,0.413043,0.481928,0.287875,0.279504,0.586957,0.710815,0.032258,0.057575
29,103,0.913043,0.574297,0.750051,0.792669,0.086957,0.183881,0.021505,0.150010
29,104,0.413043,0.481928,0.000000,0.277392,0.586957,0.730251,0.032258,0.000000
29,105,0.173913,0.437751,0.378238,0.291960,0.826087,0.693245,0.050179,0.075648
29,106,0.586957,0.514056,0.000000,0.404147,0.413043,0.606988,0.032258,0.000000
29,107,0.347826,0.469880,0.370261,0.387284,0.652174,0.601029,0.043011,0.074052
29,108,0.434783,0.485944,0.392990,0.281176,0.565217,0.702842,0.025090,0.074109
29,109,0.347826,0.469880,0.130326,0.189962,0.652174,0.807402,0.046595,0.026065
29,110,0.869565,0.566265,0.548286,0.755246,0.130435,0.232456,0.028674,0.109657
29,111,0.521739,0.502008,0.221883,0.596425,0.478261,0.406609,0.025090,0.044377
29,112,0.565217,0.510040,0.157035,0.485557,0.434783,0.518339,0.028674,0.031407
29,113,0.608696,0.518072,0.528539,0.362269,0.391304,0.615798,0.028674,0.105708
29,114,0.608696,0.518072,0.521388,0.454902,0.391304,0.526149,0.025090,0.104278
29,115,0.369565,0.473896,0.184059,0.443001,0.630435,0.558091,0.032258,0.036812
29,116,0.478261,0.493976,0.458867,0.415319,0.521739,0.568417,0.025090,0.091773
29,117,1.000000,0.590361,0.374791,0.939140,0.000000,0.064104,0.025090,0.074958
29,118,0.434783,0.485944,0.229606,0.338825,0.565217,0.656646,0.025090,0.045921
29,119,0.282609,0.457831,0.052150,0.482365,0.717391,0.527776,0.039427,0.010430
29,120,0.347826,0.469880,0.051188,0.070596,0.652174,0.928259,0.028674,0.010238
29,121,0.804348,0.554217,0.707972,0.554622,0.195652,0.417910,0.021505,0.141594
29,122,0.586957,0.514056,0.523286,0.542427,0.413043,0.440922,0.028674,0.104657
29,123,0.413043,0.481928,0.123045,0.237410,0.586957,0.761701,0.035842,0.024609
29,124,0.760870,0.546185,0.228625,0.556933,0.239130,0.444607,0.028674,0.045725
29,125,0.478261,0.493976,0.197685,0.401283,0.521739,0.597837,0.032258,0.039537
29,126,0.695652,0.534137,0.450496,0.425622,0.304348,0.558903,0.032258,0.090099
29,127,0.608696,0.518072,0.000000,0.556805,0.391304,0.458536,0.028674,0.000000
29,128,0.456522,0.489960,0.291457,0.256410,0.543478,0.733056,0.028674,0.058291
29,129,0.543478,0.506024,0.214263,0.539662,0.456522,0.462269,0.028674,0.042853
29,130,0.478261,0.493976,0.000000,0.380405,0.521739,0.630075,0.028674,0.000000
29,131,0.500000,0.497992,0.062193,0.442779,0.500000,0.565665,0.032258,0.012439
29,132,0.695652,0.534137,0.206049,0.594158,0.304348,0.409770,0.028674,0.041210
29,133,0.000000,0.405622,0.000000,0.229570,1.000000,0.776755,0.060932,0.000000
29,134,0.586957,0.514056,0.271681,0.650171,0.413043,0.351338,0.028674,0.054336
29,135,0.369565,0.473896,0.316210,0.398351,0.630435,0.593531,0.046595,0.063242
29,136,0.543478,0.506024,0.615353,0.459491,0.456522,0.516013,0.035842,0.123071
29,137,0.826087,0.558233,0.355674,0.726307,0.173913,0.272228,0.025090,0.071135
29,138,0.652174,0.526104,0.000000,0.581309,0.347826,0.434707,0.032258,0.000000
29,139,0.217391,0.445783,0.156582,0.257714,0.782609,0.739932,0.039427,0.031316
29,140,0.347826,0.469880,0.404557,0.345372,0.652174,0.639716,0.032258,0.080911
29,141,0.413043,0.481928,0.000000,0.224857,0.586957,0.781338,0.039427,0.000000
29,142,0.391304,0.477912,0.256737,0.244696,0.608696,0.746544,0.032258,0.051347
29,143,0.543478,0.506024,0.281643,0.343792,0.456522,0.648674,0.028674,0.056329
29,144,0.586957,0.514056,0.181881,0.402456,0.413043,0.597650,0.025090,0.036376
29,145,0.260870,0.453815,0.458545,0.071575,0.739130,0.902710,0.057348,0.091709
29,146,0.217391,0.445783,0.131419,0.124606,0.782609,0.870892,0.050179,0.026284
29,147,0.608696,0.518072,0.812406,0.575658,0.391304,0.391148,0.025090,0.153200
29,148,0.326087,0.465863,0.154475,0.208881,0.673913,0.787546,0.046595,0.030895
29,149,0.347826,0.469880,1.000000,0.420413,0.652174,0.530789,0.025090,0.200000
29,150,0.543478,0.506024,0.270430,0.531151,0.456522,0.467154,0.025090,0.054086
29,151,0.760870,0.546185,0.428596,0.657866,0.239130,0.334380,0.021505,0.085719
29,152,0.391304,0.477912,0.000000,0.243639,0.608696,0.763074,0.039427,0.000000
29,153,0.565217,0.510040,0.358881,0.540655,0.434783,0.452571,0.028674,0.071776
29,154,0.391304,0.477912,0.154220,0.196278,0.608696,0.799818,0.046595,0.030844
29,155,0.500000,0.497992,0.404191,0.484609,0.500000,0.504337,0.028674,0.080838
29,156,0.673913,0.530120,0.745869,0.780202,0.326087,0.196257,0.028674,0.149174
29,157,0.260870,0.453815,0.479563,0.048394,0.739130,0.923982,0.043011,0.095913
29,158,0.739130,0.542169,0.293060,0.651411,0.260870,0.348841,0.028674,0.058612
29,159,0.695652,0.534137,0.461838,0.655265,0.304348,0.334903,0.028674,0.092368
29,160,0.239130,0.449799,0.000000,0.274525,0.760870,0.733038,0.050179,0.000000
29,161,0.369565,0.473896,0.180870,0.239775,0.630435,0.755910,0.035842,0.036174
29,162,0.391304,0.477912,0.229608,0.160735,0.608696,0.829830,0.035842,0.045922
29,163,0.391304,0.477912,0.440348,0.171047,0.608696,0.807077,0.032258,0.088070
29,164,0.652174,0.526104,0.329175,0.551539,0.347826,0.443781,0.032258,0.065835
29,165,0.434783,0.485944,0.385188,0.432626,0.565217,0.556035,0.025090,0.077038
29,166,0.543478,0.506024,0.479655,0.456580,0.456522,0.527038,0.025090,0.095931
29,167,0.326087,0.465863,0.060738,0.338862,0.673913,0.666807,0.028674,0.012148
29,168,0.456522,0.489960,0.469338,0.344558,0.543478,0.636596,0.032258,0.093868
29,169,0.565217,0.510040,0.404223,0.508256,0.434783,0.481340,0.021505,0.080845
29,170,0.434783,0.485944,0.285922,0.459416,0.565217,0.535977,0.039427,0.057184
29,171,0.826087,0.558233,0.207665,0.567000,0.173913,0.436082,0.032258,0.041533
29,172,0.826087,0.558233,0.587529,0.590439,0.173913,0.390353,0.025090,0.117506
29,173,0.478261,0.493976,0.299121,0.394747,0.521739,0.598068,0.035842,0.059824
29,174,0.456522,0.489960,0.361923,0.515208,0.543478,0.477133,0.028674,0.072385
29,175,0.478261,0.493976,0.599963,0.416620,0.521739,0.558632,0.032258,0.119993
29,176,0.521739,0.502008,0.000000,0.300356,0.478261,0.707919,0.021505,0.000000
29,177,0.521739,0.502008,0.000000,0.313413,0.478261,0.695222,0.035842,0.000000
29,178,0.695652,0.534137,0.319198,0.822943,0.304348,0.180457,0.032258,0.063840
29,179,0.739130,0.542169,0.541285,0.722308,0.260870,0.264909,0.028674,0.102074
29,180,0.369565,0.473896,0.105981,0.227943,0.630435,0.771938,0.028674,0.021196
29,181,0.391304,0.477912,0.251766,0.281202,0.608696,0.711344,0.039427,0.050353
29,182,0.326087,0.465863,0.340677,0.252472,0.673913,0.733914,0.043011,0.068135
29,183,0.652174,0.526104,0.782017,0.389639,0.347826,0.573877,0.021505,0.156403
29,184,0.500000,0.497992,0.000000,0.529243,0.500000,0.485339,0.025090,0.000000
29,185,0.521739,0.502008,0.122653,0.576298,0.478261,0.432174,0.032258,0.024531
29,186,0.434783,0.485944,0.187521,0.298754,0.565217,0.698154,0.028674,0.037504
29,187,0.586957,0.514056,0.000000,0.419642,0.413043,0.591920,0.025090,0.000000
29,188,0.913043,0.574297,0.688302,0.776234,0.086957,0.203592,0.025090,0.137660
29,189,0.673913,0.530120,0.527856,0.550171,0.326087,0.433115,0.025090,0.105571
29,190,0.673913,0.530120,0.602255,0.456353,0.326087,0.519855,0.021505,0.113571
29,191,0.543478,0.506024,0.000000,0.564879,0.456522,0.450684,0.032258,0.000000
29,192,0.695652,0.534137,0.000000,0.511580,0.304348,0.502515,0.028674,0.000000
29,193,0.543478,0.506024,0.508562,0.356167,0.456522,0.622938,0.032258,0.095903
29,194,0.478261,0.493976,0.014581,0.394470,0.521739,0.615518,0.032258,0.002916
29,195,0.760870,0.546185,0.132956,0.527797,0.239130,0.478716,0.028674,0.026591
29,196,0.543478,0.506024,0.258484,0.344975,0.456522,0.648922,0.032258,0.051697
29,197,0.739130,0.542169,0.828260,0.440853,0.260870,0.521282,0.021505,0.156190
29,198,0.826087,0.558233,0.217334,0.443648,0.173913,0.555452,0.025090,0.043467
29,199,0.934783,0.578313,0.178627,0.684746,0.065217,0.323334,0.021505,0.035725
29,200,0.456522,0.489960,0.165776,0.388771,0.543478,0.611930,0.032258,0.033155
29,201,0.326087,0.465863,0.202124,0.240625,0.673913,0.753800,0.039427,0.040425
29,202,0.521739,0.502008,0.291651,0.447058,0.478261,0.547648,0.035842,0.058330
29,203,0.478261,0.493976,0.155861,0.467867,0.521739,0.535612,0.028674,0.031172
29,204,0.717391,0.538153,0.161874,0.719042,0.282609,0.290995,0.021505,0.032375
29,205,0.500000,0.497992,0.151353,0.554668,0.500000,0.451475,0.025090,0.030271
29,206,0.434783,0.485944,0.374861,0.453330,0.565217,0.536525,0.028674,0.074972
29,207,0.760870,0.546185,0.456230,0.705540,0.239130,0.286351,0.025090,0.091246
29,208,0.456522,0.489960,0.301983,0.287915,0.543478,0.701784,0.028674,0.060397
29,209,0.565217,0.510040,0.000000,0.536557,0.434783,0.478226,0.025090,0.000000
29,210,0.565217,0.510040,0.149537,0.547277,0.434783,0.458772,0.025090,0.029907
29,211,0.608696,0.518072,0.737917,0.437505,0.391304,0.529993,0.032258,0.147583
29,212,0.739130,0.542169,0.582638,0.587706,0.260870,0.393306,0.021505,0.116528
29,213,0.760870,0.546185,0.291400,0.617477,0.239130,0.381941,0.025090,0.058280
29,214,0.282609,0.457831,0.125474,0.273128,0.717391,0.726821,0.043011,0.025095
29,215,0.652174,0.526104,0.612738,0.647888,0.347826,0.332965,0.032258,0.122548
29,216,0.652174,0.526104,0.220449,0.535545,0.347826,0.465899,0.028674,0.044090
29,217,0.413043,0.481928,0.000000,0.286406,0.586957,0.721485,0.032258,0.000000
29,218,0.630435,0.522088,0.513536,0.538045,0.369565,0.445771,0.028674,0.102707
29,219,0.608696,0.518072,0.365228,0.572451,0.391304,0.421268,0.021505,0.073046
29,220,0.434783,0.485944,0.000000,0.472648,0.565217,0.540374,0.035842,0.000000
29,221,0.521739,0.502008,0.000000,0.266507,0.478261,0.740836,0.025090,0.000000
29,222,0.608696,0.518072,0.000000,0.536352,0.391304,0.478425,0.032258,0.000000
29,223,0.630435,0.522088,0.339573,0.588365,0.369565,0.407341,0.025090,0.067915
29,224,0.717391,0.538153,0.223465,0.630030,0.282609,0.373835,0.028674,0.044693
29,225,0.282609,0.457831,0.000000,0.085667,0.717391,0.916693,0.035842,0.000000
29,226,0.304348,0.461847,0.145501,0.231639,0.695652,0.765958,0.039427,0.029100
29,227,0.565217,0.510040,0.000000,0.334261,0.434783,0.674949,0.028674,0.000000
29,228,0.586957,0.514056,0.185151,0.377744,0.413043,0.621484,0.028674,0.037030
29,229,0.804348,0.554217,0.668889,0.775581,0.195652,0.205399,0.025090,0.133778
29,230,0.369565,0.473896,0.215644,0.366304,0.630435,0.630767,0.028674,0.043129
29,231,0.413043,0.481928,0.000000,0.331874,0.586957,0.677269,0.032258,0.000000
29,232,0.695652,0.534137,0.131252,0.569273,0.304348,0.438486,0.032258,0.026250
29,233,0.326087,0.465863,0.000000,0.361756,0.673913,0.648211,0.028674,0.000000
29,234,0.478261,0.493976,0.672991,0.481654,0.521739,0.490981,0.025090,0.134598
29,235,0.565217,0.510040,0.000000,0.349200,0.434783,0.660421,0.025090,0.000000
29,236,0.173913,0.437751,0.000000,0.000000,0.826087,1.000000,0.060932,0.000000
29,237,0.804348,0.554217,0.075240,0.521447,0.195652,0.488376,0.028674,0.015048
29,238,0.478261,0.493976,0.403059,0.304772,0.521739,0.679288,0.028674,0.080612
29,239,0.413043,0.481928,0.063312,0.267210,0.586957,0.736329,0.035842,0.012662
29,240,0.304348,0.461847,0.319319,0.223876,0.695652,0.763011,0.035842,0.063864
29,241,0.456522,0.489960,0.000000,0.218410,0.543478,0.787608,0.032258,0.000000
29,242,0.673913,0.530120,0.662620,0.652219,0.326087,0.325741,0.021505,0.132524
29,243,0.347826,0.469880,0.000000,0.225871,0.652174,0.780352,0.039427,0.000000
29,244,0.695652,0.534137,0.548889,0.618185,0.304348,0.365704,0.028674,0.109778
29,245,0.369565,0.473896,0.653601,0.421064,0.630435,0.551072,0.032258,0.123254
29,246,0.478261,0.493976,0.653428,0.527647,0.521739,0.447436,0.032258,0.130686
29,247,0.652174,0.526104,0.482668,0.610391,0.347826,0.377282,0.028674,0.096534
29,248,0.434783,0.485944,0.262905,0.316001,0.565217,0.676831,0.028674,0.052581
29,249,0.369565,0.473896,0.196160,0.377073,0.630435,0.621472,0.028674,0.039232
