iteration,vertex_id,degree_normalized,normalized_degree,dual_normalized,weighted_neighbor_dual_normalized,complement_degree_normalized,complement_dual_normalized,occurrence_rate,score_contribution
0,0,0.121212,0.054054,0.000000,0.758732,0.878788,0.400313,0.411765,0.000000
0,1,0.121212,0.054054,0.000000,0.348157,0.878788,0.724823,0.254902,0.000000
0,2,0.121212,0.054054,0.000000,0.638339,0.878788,0.495470,0.372549,0.000000
0,3,0.121212,0.054054,0.230902,0.265214,0.878788,0.707651,0.215686,0.032980
0,4,0.121212,0.054054,0.000000,0.244268,0.878788,0.806935,0.431373,0.000000
0,5,0.121212,0.054054,0.000000,0.204657,0.878788,0.838243,0.392157,0.000000
0,6,0.121212,0.054054,0.000000,0.539311,0.878788,0.573739,0.333333,0.000000
0,7,0.121212,0.054054,0.000000,0.453307,0.878788,0.641715,0.294118,0.000000
0,8,0.121212,0.054054,0.000000,0.159585,0.878788,0.873867,0.333333,0.000000
0,9,0.121212,0.054054,0.585066,1.000000,0.878788,0.000000,0.333333,0.117013
0,10,0.121212,0.054054,0.528797,0.426059,0.878788,0.473792,0.274510,0.105759
0,11,0.121212,0.054054,0.000000,0.459789,0.878788,0.636592,0.372549,0.000000
0,12,0.121212,0.054054,0.000000,0.225963,0.878788,0.821403,0.274510,0.000000
0,13,0.121212,0.054054,0.000000,0.578082,0.878788,0.543096,0.450980,0.000000
0,14,0.121212,0.054054,0.000000,0.820490,0.878788,0.351501,0.411765,0.000000
0,15,0.121212,0.054054,0.011519,0.455648,0.878788,0.635738,0.274510,0.002304
0,16,0.121212,0.054054,0.000000,0.595847,0.878788,0.529055,0.294118,0.000000
0,17,0.121212,0.054054,0.000000,0.518065,0.878788,0.590532,0.392157,0.000000
0,18,0.121212,0.054054,0.000000,0.275057,0.878788,0.782600,0.235294,0.000000
0,19,0.121212,0.054054,0.392692,0.459969,0.878788,0.495754,0.235294,0.056089
0,20,0.121212,0.054054,0.567721,0.430681,0.878788,0.456193,0.215686,0.081089
0,21,0.121212,0.054054,0.000000,0.459969,0.878788,0.636450,0.254902,0.000000
0,22,0.121212,0.054054,0.309281,0.216241,0.878788,0.718277,0.235294,0.061856
0,23,0.121212,0.054054,0.000000,0.121714,0.878788,0.903800,0.215686,0.000000
0,24,0.121212,0.054054,0.518999,0.160125,0.878788,0.687491,0.215686,0.074130
0,25,0.121212,0.054054,0.000000,0.000000,0.878788,1.000000,0.235294,0.000000
0,26,0.121212,0.054054,0.005164,0.333453,0.878788,0.734595,0.254902,0.001033
0,27,0.060606,0.040541,0.000000,0.516325,0.939394,0.591907,0.392157,0.000000
0,28,0.060606,0.040541,0.000000,0.343116,0.939394,0.728808,0.392157,0.000000
0,29,0.060606,0.040541,0.000000,0.178010,0.939394,0.859305,0.411765,0.000000
0,30,0.060606,0.040541,0.000000,0.225963,0.939394,0.821403,0.450980,0.000000
0,31,0.060606,0.040541,0.000000,0.338315,0.939394,0.732603,0.450980,0.000000
0,32,0.060606,0.040541,0.000000,0.737547,0.939394,0.417058,0.450980,0.000000
0,33,0.060606,0.040541,0.000000,0.002341,0.939394,0.998150,0.392157,0.000000
0,34,0.060606,0.040541,0.000000,0.142540,0.939394,0.887339,0.450980,0.000000
0,35,0.060606,0.040541,0.000000,0.480194,0.939394,0.620464,0.470588,0.000000
0,36,0.424242,0.121622,0.000000,0.480615,0.575758,0.620132,0.196078,0.000000
0,37,0.121212,0.054054,0.000000,0.418677,0.878788,0.669086,0.333333,0.000000
0,38,0.121212,0.054054,0.621607,0.265214,0.878788,0.567668,0.196078,0.088786
0,39,0.121212,0.054054,0.182974,0.281659,0.878788,0.711826,0.294118,0.026135
0,40,0.121212,0.054054,0.214484,0.714080,0.878788,0.358759,0.215686,0.042897
0,41,0.121212,0.054054,0.000000,0.547593,0.878788,0.567193,0.411765,0.000000
0,42,0.121212,0.054054,0.000000,0.005221,0.878788,0.995873,0.333333,0.000000
0,43,0.121212,0.054054,0.000000,0.000000,0.878788,1.000000,0.294118,0.000000
0,44,0.121212,0.054054,0.083543,0.448866,0.878788,0.615293,0.294118,0.016709
0,45,0.121212,0.054054,1.000000,0.415796,0.878788,0.313078,0.333333,0.142833
0,46,0.121212,0.054054,0.000000,0.416937,0.878788,0.670462,0.313725,0.000000
0,47,0.121212,0.054054,0.068052,0.257352,0.878788,0.772212,0.274510,0.013610
0,48,0.121212,0.054054,0.000000,0.312267,0.878788,0.753190,0.313725,0.000000
0,49,0.121212,0.054054,0.009930,0.589065,0.878788,0.530857,0.274510,0.001986
0,50,0.121212,0.054054,0.000000,0.104669,0.878788,0.917271,0.431373,0.000000
0,51,0.121212,0.054054,0.189726,0.492618,0.878788,0.542669,0.294118,0.037945
0,52,0.121212,0.054054,0.256984,0.002341,0.878788,0.906077,0.274510,0.036706
0,53,0.121212,0.054054,0.000000,0.591406,0.878788,0.532565,0.294118,0.000000
0,54,0.121212,0.054054,0.000000,0.235266,0.878788,0.814051,0.392157,0.000000
0,55,0.121212,0.054054,0.189196,0.314008,0.878788,0.684028,0.274510,0.027023
0,56,0.121212,0.054054,0.000000,0.265214,0.878788,0.790380,0.294118,0.000000
0,57,0.121212,0.054054,0.000000,0.281659,0.878788,0.777382,0.294118,0.000000
0,58,0.121212,0.054054,0.746326,0.265214,0.878788,0.522983,0.215686,0.106600
0,59,0.121212,0.054054,0.000000,0.442924,0.878788,0.649922,0.333333,0.000000
0,60,0.121212,0.054054,0.000000,0.005221,0.878788,0.995873,0.254902,0.000000
0,61,0.121212,0.054054,0.540315,0.000000,0.878788,0.806413,0.235294,0.077175
0,62,0.121212,0.054054,0.000000,0.000000,0.878788,1.000000,0.254902,0.000000
0,63,0.121212,0.054054,0.000000,0.415796,0.878788,0.671363,0.274510,0.000000
0,64,0.060606,0.040541,0.429631,0.312267,0.939394,0.599260,0.411765,0.085926
0,65,0.060606,0.040541,0.000000,0.257352,0.939394,0.796594,0.450980,0.000000
0,66,0.060606,0.040541,0.000000,0.312267,0.939394,0.753190,0.470588,0.000000
0,67,0.060606,0.040541,0.000000,0.140199,0.939394,0.889189,0.470588,0.000000
0,68,0.060606,0.040541,0.000000,0.000000,0.939394,1.000000,0.450980,0.000000
0,69,0.060606,0.040541,0.163511,0.492618,0.939394,0.552061,0.392157,0.032702
0,70,0.060606,0.040541,0.000000,0.002341,0.939394,0.998150,0.431373,0.000000
0,71,0.060606,0.040541,0.467099,0.142540,0.939394,0.719985,0.431373,0.066717
0,72,0.060606,0.040541,0.000000,0.235266,0.939394,0.814051,0.450980,0.000000
0,73,0.424242,0.121622,0.000000,0.000000,0.575758,1.000000,0.215686,0.000000
0,74,0.121212,0.054054,0.000000,0.414356,0.878788,0.672501,0.235294,0.000000
0,75,0.121212,0.054054,0.000000,0.082943,0.878788,0.934443,0.274510,0.000000
0,76,0.121212,0.054054,0.000000,0.398632,0.878788,0.684930,0.235294,0.000000
0,77,0.121212,0.054054,0.000000,0.000000,0.878788,1.000000,0.254902,0.000000
0,78,0.121212,0.054054,0.990203,0.139599,0.878788,0.534889,0.215686,0.141433
0,79,0.121212,0.054054,0.000000,0.199436,0.878788,0.842370,0.235294,0.000000
0,80,0.121212,0.054054,0.000000,0.539311,0.878788,0.573739,0.254902,0.000000
0,81,0.121212,0.054054,0.000000,0.453307,0.878788,0.641715,0.294118,0.000000
0,82,0.121212,0.054054,0.000000,0.154363,0.878788,0.877994,0.215686,0.000000
0,83,0.121212,0.054054,0.000000,0.717321,0.878788,0.433044,0.235294,0.000000
0,84,0.121212,0.054054,0.092546,0.168707,0.878788,0.833499,0.254902,0.018509
0,85,0.121212,0.054054,0.000000,0.281779,0.878788,0.777288,0.254902,0.000000
0,86,0.121212,0.054054,0.071362,0.085764,0.878788,0.906646,0.254902,0.014272
0,87,0.121212,0.054054,0.000000,0.473413,0.878788,0.625824,0.254902,0.000000
0,88,0.121212,0.054054,0.000000,0.327872,0.878788,0.740857,0.274510,0.000000
0,89,0.121212,0.054054,0.000000,0.453307,0.878788,0.641715,0.215686,0.000000
0,90,0.121212,0.054054,0.905733,0.453307,0.878788,0.317205,0.215686,0.181147
0,91,0.121212,0.054054,0.000000,0.282799,0.878788,0.776481,0.235294,0.000000
0,92,0.121212,0.054054,0.000000,0.035350,0.878788,0.972060,0.215686,0.000000
0,93,0.121212,0.054054,0.296174,0.194755,0.878788,0.739955,0.215686,0.042303
0,94,0.121212,0.054054,0.000000,0.190973,0.878788,0.849058,0.235294,0.000000
0,95,0.121212,0.054054,0.000000,0.194755,0.878788,0.846070,0.254902,0.000000
0,96,0.121212,0.054054,0.000000,0.216241,0.878788,0.829088,0.215686,0.000000
0,97,0.121212,0.054054,0.000000,0.116493,0.878788,0.907927,0.196078,0.000000
0,98,0.121212,0.054054,0.000000,0.160125,0.878788,0.873441,0.215686,0.000000
0,99,0.121212,0.054054,0.000000,0.000000,0.878788,1.000000,0.235294,0.000000
0,100,0.121212,0.054054,0.000000,0.328232,0.878788,0.740572,0.235294,0.000000
0,101,0.060606,0.040541,0.000000,0.338315,0.939394,0.732603,0.215686,0.000000
0,102,0.060606,0.040541,0.000000,0.085764,0.939394,0.932214,0.313725,0.000000
0,103,0.060606,0.040541,0.000000,0.000000,0.939394,1.000000,0.235294,0.000000
0,104,0.060606,0.040541,0.000000,0.085764,0.939394,0.932214,0.313725,0.000000
0,105,0.060606,0.040541,0.000000,0.338315,0.939394,0.732603,0.254902,0.000000
0,106,0.060606,0.040541,0.000000,0.244929,0.939394,0.806413,0.254902,0.000000
0,107,0.060606,0.040541,0.000000,0.000000,0.939394,1.000000,0.274510,0.000000
0,108,0.060606,0.040541,0.000000,0.000000,0.939394,1.000000,0.254902,0.000000
0,109,0.060606,0.040541,0.000000,0.244929,0.939394,0.806413,0.274510,0.000000
0,110,0.424242,0.121622,0.000000,0.480615,0.575758,0.620132,0.196078,0.000000
0,111,0.030303,0.033784,0.000000,0.074301,0.969697,0.941274,0.490196,0.000000
0,112,0.030303,0.033784,0.000000,0.000000,0.969697,1.000000,0.529412,0.000000
0,113,0.030303,0.033784,0.000000,0.041952,0.969697,0.966842,0.490196,0.000000
0,114,0.030303,0.033784,0.000000,0.448866,0.969697,0.645226,0.568627,0.000000
0,115,0.030303,0.033784,0.000000,0.442924,0.969697,0.649922,0.490196,0.000000
0,116,0.030303,0.033784,0.000000,0.000000,0.969697,1.000000,0.568627,0.000000
0,117,0.030303,0.033784,0.000000,0.000000,0.969697,1.000000,0.549020,0.000000
0,118,0.030303,0.033784,0.000000,0.448866,0.969697,0.645226,0.549020,0.000000
0,119,0.030303,0.033784,0.000000,0.410575,0.969697,0.675490,0.509804,0.000000
0,120,0.030303,0.033784,0.000000,0.134258,0.969697,0.893885,0.450980,0.000000
0,121,0.030303,0.033784,0.000000,0.000000,0.969697,1.000000,0.549020,0.000000
0,122,0.030303,0.033784,0.000000,0.134258,0.969697,0.893885,0.450980,0.000000
0,123,0.030303,0.033784,0.000000,0.448866,0.969697,0.645226,0.529412,0.000000
0,124,0.030303,0.033784,0.000000,0.000000,0.969697,1.000000,0.450980,0.000000
0,125,0.030303,0.033784,0.000000,0.000000,0.969697,1.000000,0.529412,0.000000
0,126,0.030303,0.033784,0.000000,0.000000,0.969697,1.000000,0.529412,0.000000
0,127,0.030303,0.033784,0.000000,0.448866,0.969697,0.645226,0.549020,0.000000
0,128,0.030303,0.033784,0.000000,0.000000,0.969697,1.000000,0.509804,0.000000
0,129,0.030303,0.033784,0.000000,0.074301,0.969697,0.941274,0.549020,0.000000
0,130,0.030303,0.033784,0.000000,0.000000,0.969697,1.000000,0.549020,0.000000
0,131,0.030303,0.033784,0.000000,0.041952,0.969697,0.966842,0.568627,0.000000
0,132,0.030303,0.033784,0.000000,0.000000,0.969697,1.000000,0.529412,0.000000
0,133,0.030303,0.033784,0.000000,0.442924,0.969697,0.649922,0.549020,0.000000
0,134,0.030303,0.033784,0.000000,0.000000,0.969697,1.000000,0.588235,0.000000
0,135,0.030303,0.033784,0.000000,0.000000,0.969697,1.000000,0.568627,0.000000
0,136,0.030303,0.033784,0.000000,0.000000,0.969697,1.000000,0.549020,0.000000
0,137,0.030303,0.033784,0.000000,0.410575,0.969697,0.675490,0.588235,0.000000
0,138,0.000000,0.027027,0.000000,0.134258,1.000000,0.893885,0.529412,0.000000
0,139,0.000000,0.027027,0.000000,0.000000,1.000000,1.000000,0.568627,0.000000
0,140,0.000000,0.027027,0.000000,0.134258,1.000000,0.893885,0.549020,0.000000
0,141,0.000000,0.027027,0.000000,0.000000,1.000000,1.000000,0.568627,0.000000
0,142,0.000000,0.027027,0.000000,0.000000,1.000000,1.000000,0.549020,0.000000
0,143,0.000000,0.027027,0.000000,0.000000,1.000000,1.000000,0.549020,0.000000
0,144,0.000000,0.027027,0.000000,0.000000,1.000000,1.000000,0.529412,0.000000
0,145,0.000000,0.027027,0.000000,0.000000,1.000000,1.000000,0.568627,0.000000
0,146,0.000000,0.027027,0.000000,0.000000,1.000000,1.000000,0.588235,0.000000
0,147,0.181818,0.067568,0.000000,0.000000,0.818182,1.000000,0.450980,0.000000
0,148,1.000000,0.250000,0.000000,0.000000,0.000000,1.000000,0.196078,0.000000
1,0,0.121212,0.054054,0.000000,0.604851,0.878788,0.461401,0.403846,0.000000
1,1,0.121212,0.054054,0.000000,0.411574,0.878788,0.633508,0.250000,0.000000
1,2,0.121212,0.054054,0.203133,0.604851,0.878788,0.376462,0.365385,0.040627
1,3,0.121212,0.054054,0.000000,0.429050,0.878788,0.617945,0.230769,0.000000
1,4,0.121212,0.054054,0.240351,0.154124,0.878788,0.762256,0.423077,0.029133
1,5,0.121212,0.054054,0.000000,0.168658,0.878788,0.849816,0.384615,0.000000
1,6,0.121212,0.054054,0.000000,0.403196,0.878788,0.640968,0.326923,0.000000
1,7,0.121212,0.054054,0.000000,0.516060,0.878788,0.540466,0.288462,0.000000
1,8,0.121212,0.054054,0.000000,0.227395,0.878788,0.797513,0.326923,0.000000
1,9,0.121212,0.054054,0.000000,0.631383,0.878788,0.437775,0.326923,0.000000
1,10,0.121212,0.054054,0.732385,0.653158,0.878788,0.112142,0.269231,0.088773
1,11,0.121212,0.054054,0.000000,0.802544,0.878788,0.285362,0.365385,0.000000
1,12,0.121212,0.054054,0.000000,0.204752,0.878788,0.817676,0.269231,0.000000
1,13,0.121212,0.054054,0.000000,0.539685,0.878788,0.519429,0.442308,0.000000
1,14,0.121212,0.054054,0.000000,1.000000,0.878788,0.109534,0.403846,0.000000
1,15,0.121212,0.054054,0.156035,0.898997,0.878788,0.134229,0.269231,0.031207
1,16,0.121212,0.054054,0.000000,0.562142,0.878788,0.499431,0.288462,0.000000
1,17,0.121212,0.054054,0.283665,0.516081,0.878788,0.421834,0.384615,0.034383
1,18,0.121212,0.054054,0.000000,0.539142,0.878788,0.519913,0.230769,0.000000
1,19,0.121212,0.054054,0.000000,0.402024,0.878788,0.642011,0.250000,0.000000
1,20,0.121212,0.054054,0.588977,0.846436,0.878788,0.000000,0.230769,0.117795
1,21,0.121212,0.054054,0.000000,0.402024,0.878788,0.642011,0.250000,0.000000
1,22,0.121212,0.054054,0.195680,0.002778,0.878788,0.915703,0.230769,0.023719
1,23,0.121212,0.054054,1.000000,0.388673,0.878788,0.235755,0.211538,0.121211
1,24,0.121212,0.054054,0.738621,0.528532,0.878788,0.220509,0.230769,0.147724
1,25,0.121212,0.054054,0.032188,0.218460,0.878788,0.792009,0.230769,0.006438
1,26,0.121212,0.054054,0.000000,0.388673,0.878788,0.653900,0.250000,0.000000
1,27,0.060606,0.040541,0.000000,0.430542,0.939394,0.616617,0.384615,0.000000
1,28,0.060606,0.040541,0.409835,0.617867,0.939394,0.278440,0.384615,0.049676
1,29,0.060606,0.040541,0.000000,0.601702,0.939394,0.464205,0.403846,0.000000
1,30,0.060606,0.040541,0.000000,0.151983,0.939394,0.864664,0.442308,0.000000
1,31,0.060606,0.040541,0.000000,0.445656,0.939394,0.603158,0.442308,0.000000
1,32,0.060606,0.040541,0.056618,0.964708,0.939394,0.117285,0.442308,0.006863
1,33,0.060606,0.040541,0.000000,0.766906,0.939394,0.317096,0.384615,0.000000
1,34,0.060606,0.040541,0.000000,0.317187,0.939394,0.717555,0.442308,0.000000
1,35,0.060606,0.040541,0.015869,0.422052,0.939394,0.617541,0.461538,0.001923
1,36,0.424242,0.121622,0.000000,0.913992,0.575758,0.186121,0.192308,0.000000
1,37,0.121212,0.054054,0.000000,0.703540,0.878788,0.373522,0.326923,0.000000
1,38,0.121212,0.054054,0.555683,0.139334,0.878788,0.643572,0.211538,0.067355
1,39,0.121212,0.054054,0.000000,0.349427,0.878788,0.688847,0.307692,0.000000
1,40,0.121212,0.054054,0.000000,0.456064,0.878788,0.593890,0.211538,0.000000
1,41,0.121212,0.054054,0.000000,0.403120,0.878788,0.641035,0.403846,0.000000
1,42,0.121212,0.054054,0.000000,0.168658,0.878788,0.849816,0.326923,0.000000
1,43,0.121212,0.054054,0.000000,0.133204,0.878788,0.881387,0.288462,0.000000
1,44,0.121212,0.054054,0.328217,0.545322,0.878788,0.377167,0.288462,0.065643
1,45,0.121212,0.054054,0.409273,0.122278,0.878788,0.719980,0.346154,0.049608
1,46,0.121212,0.054054,0.673338,0.226639,0.878788,0.516633,0.307692,0.081616
1,47,0.121212,0.054054,0.000000,0.413308,0.878788,0.631963,0.269231,0.000000
1,48,0.121212,0.054054,0.000000,0.469580,0.878788,0.581855,0.307692,0.000000
1,49,0.121212,0.054054,0.000000,0.684817,0.878788,0.390194,0.269231,0.000000
1,50,0.121212,0.054054,0.000000,0.241754,0.878788,0.784727,0.423077,0.000000
1,51,0.121212,0.054054,0.000000,0.718801,0.878788,0.359932,0.288462,0.000000
1,52,0.121212,0.054054,0.000000,0.469580,0.878788,0.581855,0.288462,0.000000
1,53,0.121212,0.054054,0.000000,0.643469,0.878788,0.427013,0.288462,0.000000
1,54,0.121212,0.054054,0.165691,0.361957,0.878788,0.608407,0.384615,0.020084
1,55,0.121212,0.054054,0.000000,0.669351,0.878788,0.403965,0.288462,0.000000
1,56,0.121212,0.054054,0.000000,0.002598,0.878788,0.997687,0.288462,0.000000
1,57,0.121212,0.054054,0.598830,0.668788,0.878788,0.154069,0.288462,0.119766
1,58,0.121212,0.054054,0.788887,0.002598,0.878788,0.667818,0.230769,0.095622
1,59,0.121212,0.054054,0.000000,0.176481,0.878788,0.842849,0.326923,0.000000
1,60,0.121212,0.054054,0.153384,0.073271,0.878788,0.870618,0.250000,0.018592
1,61,0.121212,0.054054,0.000000,0.267566,0.878788,0.761742,0.250000,0.000000
1,62,0.121212,0.054054,0.000000,0.140655,0.878788,0.874751,0.250000,0.000000
1,63,0.121212,0.054054,0.351812,0.122278,0.878788,0.744007,0.269231,0.042643
1,64,0.060606,0.040541,0.182797,0.126574,0.939394,0.810855,0.403846,0.022157
1,65,0.060606,0.040541,0.000000,0.403146,0.939394,0.641012,0.442308,0.000000
1,66,0.060606,0.040541,0.000000,0.596154,0.939394,0.469145,0.461538,0.000000
1,67,0.060606,0.040541,0.005916,0.357924,0.939394,0.678807,0.461538,0.001183
1,68,0.060606,0.040541,0.000000,0.141689,0.939394,0.873831,0.442308,0.000000
1,69,0.060606,0.040541,0.603699,0.749987,0.939394,0.079728,0.384615,0.073175
1,70,0.060606,0.040541,0.671668,0.596154,0.939394,0.188290,0.423077,0.134334
1,71,0.060606,0.040541,0.000000,0.357924,0.939394,0.681281,0.442308,0.000000
1,72,0.060606,0.040541,0.000000,0.488530,0.939394,0.564980,0.442308,0.000000
1,73,0.424242,0.121622,0.127978,0.326813,0.575758,0.655471,0.211538,0.025596
1,74,0.121212,0.054054,0.088055,0.260938,0.878788,0.730824,0.230769,0.017611
1,75,0.121212,0.054054,0.000000,0.316186,0.878788,0.718447,0.269231,0.000000
1,76,0.121212,0.054054,0.000000,0.260938,0.878788,0.767644,0.230769,0.000000
1,77,0.121212,0.054054,0.482641,0.316186,0.878788,0.516633,0.250000,0.096528
1,78,0.121212,0.054054,0.637279,0.154124,0.878788,0.596282,0.230769,0.077245
1,79,0.121212,0.054054,0.000000,0.000000,0.878788,1.000000,0.230769,0.000000
1,80,0.121212,0.054054,0.000000,0.269992,0.878788,0.759581,0.250000,0.000000
1,81,0.121212,0.054054,0.000000,0.269992,0.878788,0.759581,0.288462,0.000000
1,82,0.121212,0.054054,0.000000,0.154124,0.878788,0.862758,0.211538,0.000000
1,83,0.121212,0.054054,0.005532,0.631383,0.878788,0.435462,0.230769,0.001106
1,84,0.121212,0.054054,0.011742,0.281199,0.878788,0.744692,0.250000,0.001423
1,85,0.121212,0.054054,0.000000,0.332963,0.878788,0.703507,0.250000,0.000000
1,86,0.121212,0.054054,0.271464,0.000000,0.878788,0.886489,0.250000,0.032904
1,87,0.121212,0.054054,0.000000,0.524570,0.878788,0.532888,0.250000,0.000000
1,88,0.121212,0.054054,0.000000,0.281199,0.878788,0.749602,0.269231,0.000000
1,89,0.121212,0.054054,0.000000,0.429417,0.878788,0.617619,0.211538,0.000000
1,90,0.121212,0.054054,0.104364,0.357391,0.878788,0.638116,0.211538,0.020873
1,91,0.121212,0.054054,0.000000,0.154124,0.878788,0.862758,0.230769,0.000000
1,92,0.121212,0.054054,0.000000,0.002778,0.878788,0.997526,0.211538,0.000000
1,93,0.121212,0.054054,0.000000,0.402024,0.878788,0.642011,0.230769,0.000000
1,94,0.121212,0.054054,0.000000,0.283485,0.878788,0.747566,0.230769,0.000000
1,95,0.121212,0.054054,0.000000,0.402024,0.878788,0.642011,0.250000,0.000000
1,96,0.121212,0.054054,0.296995,0.002778,0.878788,0.873339,0.211538,0.035999
1,97,0.121212,0.054054,0.000000,0.315402,0.878788,0.719145,0.192308,0.000000
1,98,0.121212,0.054054,0.000000,0.361290,0.878788,0.678283,0.211538,0.000000
1,99,0.121212,0.054054,0.000000,0.077805,0.878788,0.930717,0.230769,0.000000
1,100,0.121212,0.054054,0.000000,0.315402,0.878788,0.719145,0.230769,0.000000
1,101,0.060606,0.040541,0.000000,0.430542,0.939394,0.616617,0.211538,0.000000
1,102,0.060606,0.040541,0.000000,0.341295,0.939394,0.696089,0.307692,0.000000
1,103,0.060606,0.040541,0.000000,0.132122,0.939394,0.882350,0.230769,0.000000
1,104,0.060606,0.040541,0.000000,0.060096,0.939394,0.946487,0.307692,0.000000
1,105,0.060606,0.040541,0.000000,0.430542,0.939394,0.616617,0.250000,0.000000
1,106,0.060606,0.040541,0.213646,0.341295,0.939394,0.606754,0.250000,0.025896
1,107,0.060606,0.040541,0.000000,0.297326,0.939394,0.735242,0.269231,0.000000
1,108,0.060606,0.040541,0.000000,0.225300,0.939394,0.799378,0.250000,0.000000
1,109,0.060606,0.040541,0.000000,0.060096,0.939394,0.946487,0.269231,0.000000
1,110,0.424242,0.121622,0.269547,0.687503,0.575758,0.275092,0.192308,0.053909
1,111,0.030303,0.033784,0.000000,0.359626,0.969697,0.679765,0.480769,0.000000
1,112,0.030303,0.033784,0.000000,0.043946,0.969697,0.960867,0.519231,0.000000
1,113,0.030303,0.033784,0.000000,0.005514,0.969697,0.995090,0.480769,0.000000
1,114,0.030303,0.033784,0.000000,0.343200,0.969697,0.694392,0.557692,0.000000
1,115,0.030303,0.033784,0.000000,0.403120,0.969697,0.641035,0.480769,0.000000
1,116,0.030303,0.033784,0.000000,0.000000,0.969697,1.000000,0.557692,0.000000
1,117,0.030303,0.033784,0.000000,0.000000,0.969697,1.000000,0.538462,0.000000
1,118,0.030303,0.033784,0.000000,0.299254,0.969697,0.733525,0.538462,0.000000
1,119,0.030303,0.033784,0.000000,0.049007,0.969697,0.956361,0.500000,0.000000
1,120,0.030303,0.033784,0.000000,0.226639,0.969697,0.798186,0.442308,0.000000
1,121,0.030303,0.033784,0.000000,0.041349,0.969697,0.963180,0.538462,0.000000
1,122,0.030303,0.033784,0.000000,0.000000,0.969697,1.000000,0.442308,0.000000
1,123,0.030303,0.033784,0.000000,0.480066,0.969697,0.572518,0.519231,0.000000
1,124,0.030303,0.033784,0.000000,0.226639,0.969697,0.798186,0.442308,0.000000
1,125,0.030303,0.033784,0.000000,0.000000,0.969697,1.000000,0.519231,0.000000
1,126,0.030303,0.033784,0.000000,0.000000,0.969697,1.000000,0.519231,0.000000
1,127,0.030303,0.033784,0.000000,0.438717,0.969697,0.609338,0.538462,0.000000
1,128,0.030303,0.033784,0.000000,0.000000,0.969697,1.000000,0.500000,0.000000
1,129,0.030303,0.033784,0.000000,0.132988,0.969697,0.881579,0.538462,0.000000
1,130,0.030303,0.033784,0.000000,0.002598,0.969697,0.997687,0.538462,0.000000
1,131,0.030303,0.033784,0.000000,0.105837,0.969697,0.905755,0.557692,0.000000
1,132,0.030303,0.033784,0.000000,0.002598,0.969697,0.997687,0.519231,0.000000
1,133,0.030303,0.033784,0.000000,0.176481,0.969697,0.842849,0.538462,0.000000
1,134,0.030303,0.033784,0.000000,0.000000,0.969697,1.000000,0.576923,0.000000
1,135,0.030303,0.033784,0.000000,0.100324,0.969697,0.910665,0.557692,0.000000
1,136,0.030303,0.033784,0.000000,0.000000,0.969697,1.000000,0.538462,0.000000
1,137,0.030303,0.033784,0.000000,0.049007,0.969697,0.956361,0.576923,0.000000
1,138,0.000000,0.027027,0.000000,0.126574,1.000000,0.887290,0.519231,0.000000
1,139,0.000000,0.027027,0.000000,0.126574,1.000000,0.887290,0.557692,0.000000
1,140,0.000000,0.027027,0.000000,0.126574,1.000000,0.887290,0.538462,0.000000
1,141,0.000000,0.027027,0.000000,0.266037,1.000000,0.763103,0.557692,0.000000
1,142,0.000000,0.027027,0.000000,0.126574,1.000000,0.887290,0.538462,0.000000
1,143,0.000000,0.027027,0.000000,0.126574,1.000000,0.887290,0.538462,0.000000
1,144,0.000000,0.027027,0.000000,0.126574,1.000000,0.887290,0.519231,0.000000
1,145,0.000000,0.027027,0.000000,0.266037,1.000000,0.763103,0.557692,0.000000
1,146,0.000000,0.027027,0.000000,0.126574,1.000000,0.887290,0.576923,0.000000
1,147,0.181818,0.067568,0.000000,0.100324,0.818182,0.910665,0.442308,0.000000
1,148,1.000000,0.250000,0.000000,0.000000,0.000000,1.000000,0.192308,0.000000
2,0,0.121212,0.054054,0.000000,0.345340,0.878788,0.686857,0.396226,0.000000
2,1,0.121212,0.054054,0.000000,0.091937,0.878788,0.916635,0.245283,0.000000
2,2,0.121212,0.054054,0.000000,0.471987,0.878788,0.572018,0.358491,0.000000
2,3,0.121212,0.054054,0.000000,0.118308,0.878788,0.892723,0.226415,0.000000
2,4,0.121212,0.054054,0.081703,0.099855,0.878788,0.885543,0.433962,0.008917
2,5,0.121212,0.054054,0.000000,0.178655,0.878788,0.838001,0.377358,0.000000
2,6,0.121212,0.054054,0.000000,0.479261,0.878788,0.565423,0.320755,0.000000
2,7,0.121212,0.054054,0.000000,0.352702,0.878788,0.680181,0.283019,0.000000
2,8,0.121212,0.054054,0.110702,0.252228,0.878788,0.738889,0.320755,0.012082
2,9,0.121212,0.054054,0.284844,0.268342,0.878788,0.673311,0.320755,0.031087
2,10,0.121212,0.054054,0.584333,0.517576,0.878788,0.359663,0.283019,0.116867
2,11,0.121212,0.054054,0.000000,0.400218,0.878788,0.637096,0.358491,0.000000
2,12,0.121212,0.054054,0.000000,0.182688,0.878788,0.834345,0.264151,0.000000
2,13,0.121212,0.054054,0.000000,0.260500,0.878788,0.763787,0.433962,0.000000
2,14,0.121212,0.054054,0.000000,0.668839,0.878788,0.393519,0.396226,0.000000
2,15,0.121212,0.054054,0.349744,0.591675,0.878788,0.361129,0.264151,0.069949
2,16,0.121212,0.054054,0.000000,0.459888,0.878788,0.582989,0.283019,0.000000
2,17,0.121212,0.054054,0.000000,0.541798,0.878788,0.508716,0.396226,0.000000
2,18,0.121212,0.054054,0.411825,0.386658,0.878788,0.528863,0.226415,0.044945
2,19,0.121212,0.054054,0.000000,0.091937,0.878788,0.916635,0.245283,0.000000
2,20,0.121212,0.054054,1.000000,0.588380,0.878788,0.173807,0.226415,0.109137
2,21,0.121212,0.054054,0.000000,0.262590,0.878788,0.761892,0.245283,0.000000
2,22,0.121212,0.054054,0.000000,0.084973,0.878788,0.922949,0.245283,0.000000
2,23,0.121212,0.054054,0.391403,0.460421,0.878788,0.467954,0.226415,0.042716
2,24,0.121212,0.054054,0.952961,0.286695,0.878788,0.461132,0.226415,0.104003
2,25,0.121212,0.054054,0.000000,0.170653,0.878788,0.845257,0.226415,0.000000
2,26,0.121212,0.054054,0.332087,0.460421,0.878788,0.485314,0.245283,0.036243
2,27,0.060606,0.040541,0.000000,0.442763,0.939394,0.598517,0.377358,0.000000
2,28,0.060606,0.040541,0.350363,0.848737,0.939394,0.127853,0.396226,0.070073
2,29,0.060606,0.040541,0.000000,0.600922,0.939394,0.455105,0.396226,0.000000
2,30,0.060606,0.040541,0.000000,0.487478,0.939394,0.557972,0.433962,0.000000
2,31,0.060606,0.040541,0.000000,0.491806,0.939394,0.554047,0.433962,0.000000
2,32,0.060606,0.040541,0.000000,1.000000,0.939394,0.093234,0.452830,0.000000
2,33,0.060606,0.040541,0.000000,0.596505,0.939394,0.459110,0.377358,0.000000
2,34,0.060606,0.040541,0.000000,0.438346,0.939394,0.602523,0.433962,0.000000
2,35,0.060606,0.040541,0.000000,0.799386,0.939394,0.275144,0.471698,0.000000
2,36,0.424242,0.121622,0.517334,0.784242,0.575758,0.137468,0.188679,0.056460
2,37,0.121212,0.054054,0.000000,0.429886,0.878788,0.610194,0.320755,0.000000
2,38,0.121212,0.054054,0.404189,0.343142,0.878788,0.570557,0.226415,0.080838
2,39,0.121212,0.054054,0.000000,0.188601,0.878788,0.828983,0.301887,0.000000
2,40,0.121212,0.054054,0.081430,0.610755,0.878788,0.422356,0.207547,0.016286
2,41,0.121212,0.054054,0.000000,0.243484,0.878788,0.779217,0.396226,0.000000
2,42,0.121212,0.054054,0.000000,0.112884,0.878788,0.897640,0.320755,0.000000
2,43,0.121212,0.054054,0.000000,0.035730,0.878788,0.967601,0.283019,0.000000
2,44,0.121212,0.054054,0.227947,0.303343,0.878788,0.658225,0.283019,0.045589
2,45,0.121212,0.054054,0.900356,0.115083,0.878788,0.632139,0.358491,0.098262
2,46,0.121212,0.054054,0.000000,0.141756,0.878788,0.871460,0.320755,0.000000
2,47,0.121212,0.054054,0.000000,0.545373,0.878788,0.505474,0.264151,0.000000
2,48,0.121212,0.054054,0.000000,0.174732,0.878788,0.841559,0.301887,0.000000
2,49,0.121212,0.054054,0.000000,0.490223,0.878788,0.555482,0.264151,0.000000
2,50,0.121212,0.054054,0.000000,0.141756,0.878788,0.871460,0.415094,0.000000
2,51,0.121212,0.054054,0.473813,0.630343,0.878788,0.289756,0.283019,0.094763
2,52,0.121212,0.054054,0.203776,0.317647,0.878788,0.652329,0.283019,0.040755
2,53,0.121212,0.054054,0.000000,0.410529,0.878788,0.627747,0.283019,0.000000
2,54,0.121212,0.054054,0.000000,0.307580,0.878788,0.721097,0.396226,0.000000
2,55,0.121212,0.054054,0.072485,0.401214,0.878788,0.614978,0.283019,0.014497
2,56,0.121212,0.054054,0.345773,0.253453,0.878788,0.668980,0.283019,0.069155
2,57,0.121212,0.054054,0.119272,0.301685,0.878788,0.691535,0.283019,0.013017
2,58,0.121212,0.054054,0.000000,0.253453,0.878788,0.770177,0.245283,0.000000
2,59,0.121212,0.054054,0.000000,0.101728,0.878788,0.907756,0.320755,0.000000
2,60,0.121212,0.054054,0.098611,0.112884,0.878788,0.868780,0.264151,0.010762
2,61,0.121212,0.054054,0.000000,0.000000,0.878788,1.000000,0.245283,0.000000
2,62,0.121212,0.054054,0.497719,0.000000,0.878788,0.854332,0.245283,0.054319
2,63,0.121212,0.054054,0.000000,0.115083,0.878788,0.895647,0.283019,0.000000
2,64,0.060606,0.040541,0.000000,0.338712,0.939394,0.692868,0.415094,0.000000
2,65,0.060606,0.040541,0.000000,0.794396,0.939394,0.279669,0.433962,0.000000
2,66,0.060606,0.040541,0.000000,0.513443,0.939394,0.534427,0.452830,0.000000
2,67,0.060606,0.040541,0.263269,0.471633,0.939394,0.495288,0.452830,0.052654
2,68,0.060606,0.040541,0.528727,0.338712,0.939394,0.538125,0.433962,0.105745
2,69,0.060606,0.040541,0.414440,0.969054,0.939394,0.000000,0.396226,0.082888
2,70,0.060606,0.040541,0.872980,0.620629,0.939394,0.181740,0.415094,0.174596
2,71,0.060606,0.040541,0.000000,0.445897,0.939394,0.595676,0.433962,0.000000
2,72,0.060606,0.040541,0.000000,0.646292,0.939394,0.413964,0.433962,0.000000
2,73,0.424242,0.121622,0.508686,0.113084,0.575758,0.748582,0.207547,0.055516
2,74,0.121212,0.054054,0.277878,0.156740,0.878788,0.776547,0.226415,0.030327
2,75,0.121212,0.054054,0.000000,0.000000,0.878788,1.000000,0.264151,0.000000
2,76,0.121212,0.054054,0.000000,0.283386,0.878788,0.743035,0.226415,0.000000
2,77,0.121212,0.054054,0.439196,0.000000,0.878788,0.871460,0.245283,0.047932
2,78,0.121212,0.054054,0.747430,0.099855,0.878788,0.690704,0.245283,0.081572
2,79,0.121212,0.054054,0.000000,0.065771,0.878788,0.940361,0.226415,0.000000
2,80,0.121212,0.054054,0.000000,0.443530,0.878788,0.597822,0.245283,0.000000
2,81,0.121212,0.054054,0.000000,0.290601,0.878788,0.736493,0.283019,0.000000
2,82,0.121212,0.054054,0.000000,0.139344,0.878788,0.873648,0.207547,0.000000
2,83,0.121212,0.054054,0.500417,0.268342,0.878788,0.610219,0.226415,0.054614
2,84,0.121212,0.054054,0.000000,0.061892,0.878788,0.943879,0.264151,0.000000
2,85,0.121212,0.054054,0.000000,0.273888,0.878788,0.751648,0.245283,0.000000
2,86,0.121212,0.054054,0.308368,0.023395,0.878788,0.888536,0.264151,0.033654
2,87,0.121212,0.054054,0.000000,0.260500,0.878788,0.763787,0.245283,0.000000
2,88,0.121212,0.054054,0.000000,0.038496,0.878788,0.965093,0.264151,0.000000
2,89,0.121212,0.054054,0.000000,0.322429,0.878788,0.707632,0.207547,0.000000
2,90,0.121212,0.054054,0.006812,0.290601,0.878788,0.734499,0.207547,0.001362
2,91,0.121212,0.054054,0.000000,0.234218,0.878788,0.787619,0.226415,0.000000
2,92,0.121212,0.054054,0.000000,0.084973,0.878788,0.922949,0.207547,0.000000
2,93,0.121212,0.054054,0.000000,0.000000,0.878788,1.000000,0.226415,0.000000
2,94,0.121212,0.054054,0.000000,0.286695,0.878788,0.740035,0.226415,0.000000
2,95,0.121212,0.054054,0.000000,0.170653,0.878788,0.845257,0.245283,0.000000
2,96,0.121212,0.054054,0.000000,0.084973,0.878788,0.922949,0.226415,0.000000
2,97,0.121212,0.054054,0.149959,0.347537,0.878788,0.640977,0.188679,0.016366
2,98,0.121212,0.054054,0.000000,0.286695,0.878788,0.740035,0.207547,0.000000
2,99,0.121212,0.054054,0.000000,0.170653,0.878788,0.845257,0.226415,0.000000
2,100,0.121212,0.054054,0.000000,0.347537,0.878788,0.684866,0.226415,0.000000
2,101,0.060606,0.040541,0.000000,0.275787,0.939394,0.749926,0.207547,0.000000
2,102,0.060606,0.040541,0.000000,0.226077,0.939394,0.795001,0.301887,0.000000
2,103,0.060606,0.040541,0.000000,0.307615,0.939394,0.721065,0.226415,0.000000
2,104,0.060606,0.040541,0.000000,0.187580,0.939394,0.829909,0.301887,0.000000
2,105,0.060606,0.040541,0.000000,0.324830,0.939394,0.705455,0.245283,0.000000
2,106,0.060606,0.040541,0.000000,0.202681,0.939394,0.816216,0.264151,0.000000
2,107,0.060606,0.040541,0.000000,0.196013,0.939394,0.822262,0.264151,0.000000
2,108,0.060606,0.040541,0.000000,0.164185,0.939394,0.851123,0.245283,0.000000
2,109,0.060606,0.040541,0.000000,0.324830,0.939394,0.705455,0.264151,0.000000
2,110,0.424242,0.121622,0.532080,0.671157,0.575758,0.235693,0.188679,0.058069
2,111,0.030303,0.033784,0.000000,0.241286,0.969697,0.781210,0.471698,0.000000
2,112,0.030303,0.033784,0.000000,0.251205,0.969697,0.772216,0.509434,0.000000
2,113,0.030303,0.033784,0.000000,0.000000,0.969697,1.000000,0.471698,0.000000
2,114,0.030303,0.033784,0.000000,0.492447,0.969697,0.553466,0.547170,0.000000
2,115,0.030303,0.033784,0.000000,0.243484,0.969697,0.779217,0.471698,0.000000
2,116,0.030303,0.033784,0.000000,0.000000,0.969697,1.000000,0.547170,0.000000
2,117,0.030303,0.033784,0.000000,0.000000,0.969697,1.000000,0.528302,0.000000
2,118,0.030303,0.033784,0.000000,0.241242,0.969697,0.781250,0.528302,0.000000
2,119,0.030303,0.033784,0.000000,0.002199,0.969697,0.998006,0.490566,0.000000
2,120,0.030303,0.033784,0.000000,0.141756,0.969697,0.871460,0.433962,0.000000
2,121,0.030303,0.033784,0.000000,0.089689,0.969697,0.918673,0.528302,0.000000
2,122,0.030303,0.033784,0.000000,0.048401,0.969697,0.956111,0.433962,0.000000
2,123,0.030303,0.033784,0.000000,0.330931,0.969697,0.699923,0.509434,0.000000
2,124,0.030303,0.033784,0.000000,0.141756,0.969697,0.871460,0.433962,0.000000
2,125,0.030303,0.033784,0.000000,0.000000,0.969697,1.000000,0.509434,0.000000
2,126,0.030303,0.033784,0.000000,0.048401,0.969697,0.956111,0.509434,0.000000
2,127,0.030303,0.033784,0.000000,0.241242,0.969697,0.781250,0.528302,0.000000
2,128,0.030303,0.033784,0.000000,0.000000,0.969697,1.000000,0.490566,0.000000
2,129,0.030303,0.033784,0.000000,0.099530,0.969697,0.909750,0.528302,0.000000
2,130,0.030303,0.033784,0.000000,0.161516,0.969697,0.853543,0.528302,0.000000
2,131,0.030303,0.033784,0.000000,0.000000,0.969697,1.000000,0.547170,0.000000
2,132,0.030303,0.033784,0.000000,0.161516,0.969697,0.853543,0.509434,0.000000
2,133,0.030303,0.033784,0.000000,0.101728,0.969697,0.907756,0.528302,0.000000
2,134,0.030303,0.033784,0.000000,0.000000,0.969697,1.000000,0.566038,0.000000
2,135,0.030303,0.033784,0.000000,0.000000,0.969697,1.000000,0.547170,0.000000
2,136,0.030303,0.033784,0.000000,0.000000,0.969697,1.000000,0.528302,0.000000
2,137,0.030303,0.033784,0.000000,0.002199,0.969697,0.998006,0.566038,0.000000
2,138,0.000000,0.027027,0.000000,0.171736,1.000000,0.844276,0.509434,0.000000
2,139,0.000000,0.027027,0.000000,0.171736,1.000000,0.844276,0.547170,0.000000
2,140,0.000000,0.027027,0.000000,0.220137,1.000000,0.800387,0.528302,0.000000
2,141,0.000000,0.027027,0.000000,0.171736,1.000000,0.844276,0.547170,0.000000
2,142,0.000000,0.027027,0.000000,0.171736,1.000000,0.844276,0.528302,0.000000
2,143,0.000000,0.027027,0.000000,0.171736,1.000000,0.844276,0.528302,0.000000
2,144,0.000000,0.027027,0.000000,0.220137,1.000000,0.800387,0.509434,0.000000
2,145,0.000000,0.027027,0.000000,0.171736,1.000000,0.844276,0.547170,0.000000
2,146,0.000000,0.027027,0.000000,0.171736,1.000000,0.844276,0.566038,0.000000
2,147,0.181818,0.067568,0.000000,0.000000,0.818182,1.000000,0.433962,0.000000
2,148,1.000000,0.250000,0.000000,0.000000,0.000000,1.000000,0.188679,0.000000
3,0,0.121212,0.054054,0.269442,0.504470,0.878788,0.488539,0.388889,0.053888
3,1,0.121212,0.054054,0.000000,0.424175,0.878788,0.665477,0.240741,0.000000
3,2,0.121212,0.054054,0.061574,0.683572,0.878788,0.434941,0.351852,0.012315
3,3,0.121212,0.054054,0.000000,0.460211,0.878788,0.637057,0.222222,0.000000
3,4,0.121212,0.054054,0.009889,0.114483,0.878788,0.905544,0.444444,0.001226
3,5,0.121212,0.054054,0.000000,0.248116,0.878788,0.804325,0.370370,0.000000
3,6,0.121212,0.054054,0.000000,0.337844,0.878788,0.733561,0.314815,0.000000
3,7,0.121212,0.054054,0.000000,0.191608,0.878788,0.848889,0.277778,0.000000
3,8,0.121212,0.054054,0.000000,0.293585,0.878788,0.768465,0.333333,0.000000
3,9,0.121212,0.054054,0.224443,0.827906,0.878788,0.252437,0.333333,0.044889
3,10,0.121212,0.054054,0.000000,0.844652,0.878788,0.333869,0.277778,0.000000
3,11,0.121212,0.054054,0.000000,0.597696,0.878788,0.528630,0.351852,0.000000
3,12,0.121212,0.054054,0.000000,0.627143,0.878788,0.505407,0.259259,0.000000
3,13,0.121212,0.054054,0.000000,0.805012,0.878788,0.365132,0.425926,0.000000
3,14,0.121212,0.054054,0.000000,0.923721,0.878788,0.271512,0.388889,0.000000
3,15,0.121212,0.054054,0.402480,0.181347,0.878788,0.687270,0.259259,0.049899
3,16,0.121212,0.054054,0.000000,0.497461,0.878788,0.607680,0.277778,0.000000
3,17,0.121212,0.054054,0.000000,0.847506,0.878788,0.331618,0.388889,0.000000
3,18,0.121212,0.054054,0.000000,0.345216,0.878788,0.727747,0.240741,0.000000
3,19,0.121212,0.054054,0.000000,0.247191,0.878788,0.805054,0.240741,0.000000
3,20,0.121212,0.054054,1.000000,0.694776,0.878788,0.030404,0.240741,0.200000
3,21,0.121212,0.054054,0.000000,0.517248,0.878788,0.592075,0.240741,0.000000
3,22,0.121212,0.054054,0.572042,0.036091,0.878788,0.730327,0.240741,0.070921
3,23,0.121212,0.054054,0.004765,0.609616,0.878788,0.517220,0.240741,0.000953
3,24,0.121212,0.054054,0.000000,0.385652,0.878788,0.695858,0.240741,0.000000
3,25,0.121212,0.054054,0.470096,0.270057,0.878788,0.588798,0.222222,0.094019
3,26,0.121212,0.054054,0.000000,0.609616,0.878788,0.519230,0.259259,0.000000
3,27,0.060606,0.040541,0.000000,0.503590,0.939394,0.602846,0.370370,0.000000
3,28,0.060606,0.040541,0.308719,0.667668,0.939394,0.343271,0.388889,0.038275
3,29,0.060606,0.040541,0.000000,0.273380,0.939394,0.784400,0.388889,0.000000
3,30,0.060606,0.040541,0.000000,0.414124,0.939394,0.673404,0.425926,0.000000
3,31,0.060606,0.040541,0.000000,0.726620,0.939394,0.426955,0.425926,0.000000
3,32,0.060606,0.040541,0.000000,0.890799,0.939394,0.297476,0.444444,0.000000
3,33,0.060606,0.040541,0.000000,0.058696,0.939394,0.953710,0.370370,0.000000
3,34,0.060606,0.040541,0.000000,0.305853,0.939394,0.758790,0.425926,0.000000
3,35,0.060606,0.040541,0.000000,0.769115,0.939394,0.393441,0.462963,0.000000
3,36,0.424242,0.121622,0.000000,1.000000,0.575758,0.211355,0.203704,0.000000
3,37,0.121212,0.054054,0.000000,0.367715,0.878788,0.710003,0.314815,0.000000
3,38,0.121212,0.054054,0.606573,0.372195,0.878788,0.450700,0.222222,0.075202
3,39,0.121212,0.054054,0.000000,0.215328,0.878788,0.830183,0.296296,0.000000
3,40,0.121212,0.054054,0.000000,0.669359,0.878788,0.472113,0.203704,0.000000
3,41,0.121212,0.054054,0.119083,0.397276,0.878788,0.636477,0.388889,0.023817
3,42,0.121212,0.054054,0.000000,0.248116,0.878788,0.804325,0.314815,0.000000
3,43,0.121212,0.054054,0.000000,0.146278,0.878788,0.884639,0.277778,0.000000
3,44,0.121212,0.054054,0.146617,0.476364,0.878788,0.562494,0.277778,0.029323
3,45,0.121212,0.054054,0.229395,0.460083,0.878788,0.540430,0.370370,0.045879
3,46,0.121212,0.054054,0.237882,0.225920,0.878788,0.721522,0.314815,0.029492
3,47,0.121212,0.054054,0.269442,0.768446,0.878788,0.280355,0.259259,0.033405
3,48,0.121212,0.054054,0.000000,0.076081,0.878788,0.939999,0.296296,0.000000
3,49,0.121212,0.054054,0.067502,0.836794,0.878788,0.311603,0.259259,0.013500
3,50,0.121212,0.054054,0.000000,0.403733,0.878788,0.681598,0.407407,0.000000
3,51,0.121212,0.054054,0.402480,0.567591,0.878788,0.382661,0.277778,0.049899
3,52,0.121212,0.054054,0.000000,0.002548,0.878788,0.997991,0.277778,0.000000
3,53,0.121212,0.054054,0.000000,0.635940,0.878788,0.498469,0.277778,0.000000
3,54,0.121212,0.054054,0.000000,0.251346,0.878788,0.801777,0.388889,0.000000
3,55,0.121212,0.054054,0.202499,0.309702,0.878788,0.670368,0.277778,0.040500
3,56,0.121212,0.054054,0.401526,0.138418,0.878788,0.721528,0.277778,0.049781
3,57,0.121212,0.054054,0.046251,0.309702,0.878788,0.736253,0.296296,0.009250
3,58,0.121212,0.054054,0.540345,0.138418,0.878788,0.662993,0.240741,0.066991
3,59,0.121212,0.054054,0.000000,0.244889,0.878788,0.806870,0.314815,0.000000
3,60,0.121212,0.054054,0.105016,0.215194,0.878788,0.786007,0.277778,0.021003
3,61,0.121212,0.054054,0.619824,0.146278,0.878788,0.623281,0.240741,0.076845
3,62,0.121212,0.054054,0.348566,0.146278,0.878788,0.737661,0.259259,0.043215
3,63,0.121212,0.054054,0.000000,0.460083,0.878788,0.637158,0.277778,0.000000
3,64,0.060606,0.040541,0.000000,0.435905,0.939394,0.656226,0.407407,0.000000
3,65,0.060606,0.040541,0.000000,0.967730,0.939394,0.236805,0.425926,0.000000
3,66,0.060606,0.040541,0.000000,0.438452,0.939394,0.654217,0.444444,0.000000
3,67,0.060606,0.040541,0.000000,0.738913,0.939394,0.417260,0.444444,0.000000
3,68,0.060606,0.040541,0.505092,0.684406,0.939394,0.247267,0.425926,0.062621
3,69,0.060606,0.040541,0.318810,0.967730,0.939394,0.102374,0.388889,0.039526
3,70,0.060606,0.040541,0.737693,0.435608,0.939394,0.345401,0.407407,0.091458
3,71,0.060606,0.040541,0.000000,0.738913,0.939394,0.417260,0.425926,0.000000
3,72,0.060606,0.040541,0.000000,0.684406,0.939394,0.460246,0.425926,0.000000
3,73,0.424242,0.121622,0.000000,0.165063,0.575758,0.869824,0.222222,0.000000
3,74,0.121212,0.054054,0.106219,0.504470,0.878788,0.557364,0.240741,0.021244
3,75,0.121212,0.054054,0.132210,0.366991,0.878788,0.654826,0.259259,0.026442
3,76,0.121212,0.054054,0.000000,0.683572,0.878788,0.460904,0.222222,0.000000
3,77,0.121212,0.054054,0.285012,0.430661,0.878788,0.540182,0.259259,0.057002
3,78,0.121212,0.054054,0.607477,0.114483,0.878788,0.653562,0.259259,0.075314
3,79,0.121212,0.054054,0.000000,0.000000,0.878788,1.000000,0.222222,0.000000
3,80,0.121212,0.054054,0.000000,0.337844,0.878788,0.733561,0.240741,0.000000
3,81,0.121212,0.054054,0.000000,0.186321,0.878788,0.853059,0.277778,0.000000
3,82,0.121212,0.054054,0.000000,0.078392,0.878788,0.938177,0.203704,0.000000
3,83,0.121212,0.054054,0.034443,0.827906,0.878788,0.332553,0.240741,0.006889
3,84,0.121212,0.054054,0.270521,0.132999,0.878788,0.781042,0.259259,0.033539
3,85,0.121212,0.054054,0.000000,0.595148,0.878788,0.530639,0.240741,0.000000
3,86,0.121212,0.054054,0.000000,0.171940,0.878788,0.864400,0.277778,0.000000
3,87,0.121212,0.054054,0.000000,0.553666,0.878788,0.563354,0.240741,0.000000
3,88,0.121212,0.054054,0.000000,0.356130,0.878788,0.719140,0.259259,0.000000
3,89,0.121212,0.054054,0.000000,0.178799,0.878788,0.858991,0.203704,0.000000
3,90,0.121212,0.054054,0.458019,0.186321,0.878788,0.659929,0.203704,0.056785
3,91,0.121212,0.054054,0.273586,0.596160,0.878788,0.414480,0.222222,0.054717
3,92,0.121212,0.054054,0.000000,0.180154,0.878788,0.857923,0.203704,0.000000
3,93,0.121212,0.054054,0.005321,0.366991,0.878788,0.708331,0.222222,0.001064
3,94,0.121212,0.054054,0.000000,0.529714,0.878788,0.582244,0.222222,0.000000
3,95,0.121212,0.054054,0.000000,0.637048,0.878788,0.497595,0.240741,0.000000
3,96,0.121212,0.054054,0.000000,0.036091,0.878788,0.971537,0.222222,0.000000
3,97,0.121212,0.054054,0.000000,0.394422,0.878788,0.688941,0.203704,0.000000
3,98,0.121212,0.054054,0.000000,0.385652,0.878788,0.695858,0.203704,0.000000
3,99,0.121212,0.054054,0.000000,0.270057,0.878788,0.787021,0.222222,0.000000
3,100,0.121212,0.054054,0.000000,0.394422,0.878788,0.688941,0.222222,0.000000
3,101,0.060606,0.040541,0.000000,0.503590,0.939394,0.602846,0.203704,0.000000
3,102,0.060606,0.040541,0.000000,0.132999,0.939394,0.895111,0.296296,0.000000
3,103,0.060606,0.040541,0.000000,0.270832,0.939394,0.786409,0.222222,0.000000
3,104,0.060606,0.040541,0.000000,0.108270,0.939394,0.914613,0.296296,0.000000
3,105,0.060606,0.040541,0.000000,0.475274,0.939394,0.625178,0.240741,0.000000
3,106,0.060606,0.040541,0.000000,0.356130,0.939394,0.719140,0.259259,0.000000
3,107,0.060606,0.040541,0.000000,0.056149,0.939394,0.955719,0.259259,0.000000
3,108,0.060606,0.040541,0.000000,0.000000,0.939394,1.000000,0.240741,0.000000
3,109,0.060606,0.040541,0.000000,0.517769,0.939394,0.591664,0.259259,0.000000
3,110,0.424242,0.121622,0.809959,0.834937,0.575758,0.000000,0.203704,0.161992
3,111,0.030303,0.033784,0.000000,0.367715,0.969697,0.710003,0.462963,0.000000
3,112,0.030303,0.033784,0.000000,0.075208,0.969697,0.940688,0.500000,0.000000
3,113,0.030303,0.033784,0.000000,0.215328,0.969697,0.830183,0.462963,0.000000
3,114,0.030303,0.033784,0.000000,0.400007,0.969697,0.684536,0.537037,0.000000
3,115,0.030303,0.033784,0.000000,0.397276,0.969697,0.686690,0.462963,0.000000
3,116,0.030303,0.033784,0.000000,0.000000,0.969697,1.000000,0.537037,0.000000
3,117,0.030303,0.033784,0.000000,0.146278,0.969697,0.884639,0.518519,0.000000
3,118,0.030303,0.033784,0.000000,0.471077,0.969697,0.628487,0.518519,0.000000
3,119,0.030303,0.033784,0.000000,0.244889,0.969697,0.806870,0.481481,0.000000
3,120,0.030303,0.033784,0.448505,0.225920,0.969697,0.632710,0.425926,0.055605
3,121,0.030303,0.033784,0.000000,0.056792,0.969697,0.955211,0.518519,0.000000
3,122,0.030303,0.033784,0.000000,0.073533,0.969697,0.942008,0.425926,0.000000
3,123,0.030303,0.033784,0.000000,0.381592,0.969697,0.699060,0.500000,0.000000
3,124,0.030303,0.033784,0.000000,0.152387,0.969697,0.879821,0.425926,0.000000
3,125,0.030303,0.033784,0.000000,0.000000,0.969697,1.000000,0.500000,0.000000
3,126,0.030303,0.033784,0.000000,0.000000,0.969697,1.000000,0.500000,0.000000
3,127,0.030303,0.033784,0.000000,0.324799,0.969697,0.743849,0.518519,0.000000
3,128,0.030303,0.033784,0.000000,0.000000,0.969697,1.000000,0.481481,0.000000
3,129,0.030303,0.033784,0.000000,0.144639,0.969697,0.885931,0.518519,0.000000
3,130,0.030303,0.033784,0.000000,0.018416,0.969697,0.985477,0.518519,0.000000
3,131,0.030303,0.033784,0.000000,0.144639,0.969697,0.885931,0.537037,0.000000
3,132,0.030303,0.033784,0.000000,0.018416,0.969697,0.985477,0.500000,0.000000
3,133,0.030303,0.033784,0.000000,0.244889,0.969697,0.806870,0.518519,0.000000
3,134,0.030303,0.033784,0.000000,0.000000,0.969697,1.000000,0.555556,0.000000
3,135,0.030303,0.033784,0.000000,0.146278,0.969697,0.884639,0.537037,0.000000
3,136,0.030303,0.033784,0.000000,0.146278,0.969697,0.884639,0.518519,0.000000
3,137,0.030303,0.033784,0.000000,0.244889,0.969697,0.806870,0.555556,0.000000
3,138,0.000000,0.027027,0.000000,0.435905,1.000000,0.656226,0.500000,0.000000
3,139,0.000000,0.027027,0.000000,0.433060,1.000000,0.658469,0.537037,0.000000
3,140,0.000000,0.027027,0.000000,0.435905,1.000000,0.656226,0.518519,0.000000
3,141,0.000000,0.027027,0.000000,0.433060,1.000000,0.658469,0.537037,0.000000
3,142,0.000000,0.027027,0.000000,0.433060,1.000000,0.658469,0.518519,0.000000
3,143,0.000000,0.027027,0.000000,0.433060,1.000000,0.658469,0.518519,0.000000
3,144,0.000000,0.027027,0.000000,0.433060,1.000000,0.658469,0.500000,0.000000
3,145,0.000000,0.027027,0.000000,0.433060,1.000000,0.658469,0.537037,0.000000
3,146,0.000000,0.027027,0.000000,0.433060,1.000000,0.658469,0.555556,0.000000
3,147,0.181818,0.067568,0.000000,0.000000,0.818182,1.000000,0.425926,0.000000
3,148,1.000000,0.250000,0.000000,0.239802,0.000000,0.810881,0.185185,0.000000
4,0,0.121212,0.054054,0.000000,0.637722,0.878788,0.432819,0.381818,0.000000
4,1,0.121212,0.054054,0.000000,0.619649,0.878788,0.448893,0.236364,0.000000
4,2,0.121212,0.054054,0.737488,0.854251,0.878788,0.049964,0.345455,0.147498
4,3,0.121212,0.054054,0.000000,0.641574,0.878788,0.429393,0.218182,0.000000
4,4,0.121212,0.054054,0.000000,0.249890,0.878788,0.777751,0.454545,0.000000
4,5,0.121212,0.054054,0.000000,0.411570,0.878788,0.633956,0.363636,0.000000
4,6,0.121212,0.054054,0.000000,0.462568,0.878788,0.588599,0.309091,0.000000
4,7,0.121212,0.054054,0.000000,0.402619,0.878788,0.641916,0.272727,0.000000
4,8,0.121212,0.054054,0.000000,0.368232,0.878788,0.672500,0.327273,0.000000
4,9,0.121212,0.054054,0.736656,0.607589,0.878788,0.269556,0.327273,0.147331
4,10,0.121212,0.054054,0.800808,0.892060,0.878788,0.000000,0.272727,0.066316
4,11,0.121212,0.054054,0.000000,0.613317,0.878788,0.454525,0.345455,0.000000
4,12,0.121212,0.054054,0.000000,0.395852,0.878788,0.647935,0.254545,0.000000
4,13,0.121212,0.054054,0.000000,0.615071,0.878788,0.452964,0.418182,0.000000
4,14,0.121212,0.054054,0.000000,1.000000,0.878788,0.110614,0.381818,0.000000
4,15,0.121212,0.054054,0.141446,0.506240,0.878788,0.513263,0.272727,0.028289
4,16,0.121212,0.054054,0.000000,0.420463,0.878788,0.626046,0.272727,0.000000
4,17,0.121212,0.054054,0.000000,0.531391,0.878788,0.527388,0.381818,0.000000
4,18,0.121212,0.054054,0.000000,0.561968,0.878788,0.500194,0.236364,0.000000
4,19,0.121212,0.054054,0.375252,0.411417,0.878788,0.537274,0.236364,0.031075
4,20,0.121212,0.054054,1.000000,0.688707,0.878788,0.129467,0.236364,0.200000
4,21,0.121212,0.054054,0.000000,0.586796,0.878788,0.478112,0.236364,0.000000
4,22,0.121212,0.054054,0.061510,0.000000,0.878788,0.984130,0.254545,0.005094
4,23,0.121212,0.054054,0.275670,0.448026,0.878788,0.530407,0.236364,0.055134
4,24,0.121212,0.054054,0.862062,0.142001,0.878788,0.651288,0.236364,0.071388
4,25,0.121212,0.054054,0.381622,0.190641,0.878788,0.731985,0.218182,0.076324
4,26,0.121212,0.054054,0.000000,0.448026,0.878788,0.601532,0.254545,0.000000
4,27,0.060606,0.040541,0.000000,0.434738,0.939394,0.613350,0.363636,0.000000
4,28,0.060606,0.040541,0.334707,0.633074,0.939394,0.350596,0.400000,0.027718
4,29,0.060606,0.040541,0.000000,0.287192,0.939394,0.744575,0.381818,0.000000
4,30,0.060606,0.040541,0.000000,0.114941,0.939394,0.897773,0.418182,0.000000
4,31,0.060606,0.040541,0.000000,0.365181,0.939394,0.675213,0.418182,0.000000
4,32,0.060606,0.040541,0.000000,0.786058,0.939394,0.300891,0.436364,0.000000
4,33,0.060606,0.040541,0.324525,0.106928,0.939394,0.821170,0.363636,0.026874
4,34,0.060606,0.040541,0.000000,0.017844,0.939394,0.984130,0.418182,0.000000
4,35,0.060606,0.040541,0.000000,0.360788,0.939394,0.679121,0.454545,0.000000
4,36,0.424242,0.121622,0.000000,0.652373,0.575758,0.419788,0.200000,0.000000
4,37,0.121212,0.054054,0.155271,0.584319,0.878788,0.440253,0.309091,0.031054
4,38,0.121212,0.054054,0.322532,0.452687,0.878788,0.514171,0.236364,0.026709
4,39,0.121212,0.054054,0.000000,0.232311,0.878788,0.793386,0.290909,0.000000
4,40,0.121212,0.054054,0.273310,0.466843,0.878788,0.514281,0.200000,0.054662
4,41,0.121212,0.054054,0.813066,0.565300,0.878788,0.287453,0.381818,0.162613
4,42,0.121212,0.054054,0.801665,0.254975,0.878788,0.566394,0.309091,0.066387
4,43,0.121212,0.054054,0.000000,0.329210,0.878788,0.707205,0.272727,0.000000
4,44,0.121212,0.054054,0.588095,0.557308,0.878788,0.352605,0.272727,0.117619
4,45,0.121212,0.054054,0.574818,0.254325,0.878788,0.625500,0.363636,0.114964
4,46,0.121212,0.054054,0.506599,0.404502,0.878788,0.509536,0.327273,0.101320
4,47,0.121212,0.054054,0.801665,0.504038,0.878788,0.344881,0.272727,0.066387
4,48,0.121212,0.054054,0.000000,0.421802,0.878788,0.624855,0.290909,0.000000
4,49,0.121212,0.054054,0.000000,0.376925,0.878788,0.664769,0.254545,0.000000
4,50,0.121212,0.054054,0.000000,0.315634,0.878788,0.719280,0.400000,0.000000
4,51,0.121212,0.054054,0.218053,0.754118,0.878788,0.273038,0.290909,0.043611
4,52,0.121212,0.054054,0.539804,0.237690,0.878788,0.649329,0.272727,0.107961
4,53,0.121212,0.054054,0.000000,0.534643,0.878788,0.524496,0.272727,0.000000
4,54,0.121212,0.054054,0.000000,0.503044,0.878788,0.552600,0.381818,0.000000
4,55,0.121212,0.054054,0.334707,0.618746,0.878788,0.363339,0.272727,0.066941
4,56,0.121212,0.054054,0.246143,0.238745,0.878788,0.724157,0.290909,0.020383
4,57,0.121212,0.054054,0.847588,0.329408,0.878788,0.488345,0.290909,0.169518
4,58,0.121212,0.054054,0.877207,0.238745,0.878788,0.561338,0.254545,0.072643
4,59,0.121212,0.054054,0.000000,0.404442,0.878788,0.640295,0.309091,0.000000
4,60,0.121212,0.054054,0.092925,0.135176,0.878788,0.855801,0.272727,0.018585
4,61,0.121212,0.054054,0.000000,0.171491,0.878788,0.847478,0.254545,0.000000
4,62,0.121212,0.054054,0.000000,0.171491,0.878788,0.847478,0.272727,0.000000
4,63,0.121212,0.054054,0.000000,0.250280,0.878788,0.777404,0.272727,0.000000
4,64,0.060606,0.040541,0.174957,0.341831,0.939394,0.650840,0.400000,0.034991
4,65,0.060606,0.040541,0.000000,0.290096,0.939394,0.741993,0.418182,0.000000
4,66,0.060606,0.040541,0.000000,0.421802,0.939394,0.624855,0.436364,0.000000
4,67,0.060606,0.040541,0.000000,0.148826,0.939394,0.867636,0.436364,0.000000
4,68,0.060606,0.040541,0.604556,0.154776,0.939394,0.706365,0.436364,0.050064
4,69,0.060606,0.040541,0.218834,0.540176,0.939394,0.463114,0.400000,0.043767
4,70,0.060606,0.040541,0.538631,0.079971,0.939394,0.789905,0.418182,0.044605
4,71,0.060606,0.040541,0.000000,0.148826,0.939394,0.867636,0.418182,0.000000
4,72,0.060606,0.040541,0.052611,0.404856,0.939394,0.626353,0.418182,0.010522
4,73,0.424242,0.121622,0.000000,0.191240,0.575758,0.829913,0.218182,0.000000
4,74,0.121212,0.054054,0.000000,0.405411,0.878788,0.639433,0.236364,0.000000
4,75,0.121212,0.054054,0.000000,0.314080,0.878788,0.720661,0.254545,0.000000
4,76,0.121212,0.054054,0.000000,0.621940,0.878788,0.446855,0.218182,0.000000
4,77,0.121212,0.054054,0.216034,0.549947,0.878788,0.455146,0.254545,0.017890
4,78,0.121212,0.054054,0.786286,0.249890,0.878788,0.574884,0.272727,0.065113
4,79,0.121212,0.054054,0.000000,0.156595,0.878788,0.860727,0.218182,0.000000
4,80,0.121212,0.054054,0.000000,0.462568,0.878788,0.588599,0.236364,0.000000
4,81,0.121212,0.054054,0.338467,0.402619,0.878788,0.554589,0.272727,0.028029
4,82,0.121212,0.054054,0.543679,0.327199,0.878788,0.568721,0.200000,0.045023
4,83,0.121212,0.054054,0.086330,0.498730,0.878788,0.534163,0.236364,0.017266
4,84,0.121212,0.054054,0.000000,0.388022,0.878788,0.654898,0.272727,0.000000
4,85,0.121212,0.054054,0.000000,0.424487,0.878788,0.622467,0.236364,0.000000
4,86,0.121212,0.054054,0.997387,0.378008,0.878788,0.406472,0.272727,0.082595
4,87,0.121212,0.054054,0.000000,0.504364,0.878788,0.551426,0.236364,0.000000
4,88,0.121212,0.054054,0.000000,0.245882,0.878788,0.781316,0.254545,0.000000
4,89,0.121212,0.054054,0.000000,0.426269,0.878788,0.620882,0.200000,0.000000
4,90,0.121212,0.054054,0.396779,0.402619,0.878788,0.539544,0.218182,0.032858
4,91,0.121212,0.054054,0.591154,0.170604,0.878788,0.695745,0.218182,0.048954
4,92,0.121212,0.054054,0.000000,0.232560,0.878788,0.793165,0.200000,0.000000
4,93,0.121212,0.054054,0.803087,0.319791,0.878788,0.508380,0.218182,0.066505
4,94,0.121212,0.054054,0.000000,0.359298,0.878788,0.680445,0.218182,0.000000
4,95,0.121212,0.054054,0.000000,0.495170,0.878788,0.559603,0.236364,0.000000
4,96,0.121212,0.054054,0.451515,0.000000,0.878788,0.883506,0.218182,0.037391
4,97,0.121212,0.054054,0.000000,0.312849,0.878788,0.721756,0.200000,0.000000
4,98,0.121212,0.054054,0.000000,0.142001,0.878788,0.873706,0.200000,0.000000
4,99,0.121212,0.054054,0.151911,0.190641,0.878788,0.791252,0.218182,0.030382
4,100,0.121212,0.054054,0.000000,0.312849,0.878788,0.721756,0.218182,0.000000
4,101,0.060606,0.040541,0.000000,0.325879,0.939394,0.710168,0.200000,0.000000
4,102,0.060606,0.040541,0.000000,0.342979,0.939394,0.694960,0.290909,0.000000
4,103,0.060606,0.040541,0.000000,0.098362,0.939394,0.912518,0.218182,0.000000
4,104,0.060606,0.040541,0.000000,0.097097,0.939394,0.913643,0.290909,0.000000
4,105,0.060606,0.040541,0.000000,0.254474,0.939394,0.773674,0.236364,0.000000
4,106,0.060606,0.040541,0.000000,0.245882,0.939394,0.781316,0.254545,0.000000
4,107,0.060606,0.040541,0.000000,0.026957,0.939394,0.976025,0.254545,0.000000
4,108,0.060606,0.040541,0.000000,0.000000,0.939394,1.000000,0.236364,0.000000
4,109,0.060606,0.040541,0.000000,0.000000,0.939394,1.000000,0.254545,0.000000
4,110,0.424242,0.121622,0.000000,0.461133,0.575758,0.589875,0.200000,0.000000
4,111,0.030303,0.033784,0.000000,0.352008,0.969697,0.686929,0.454545,0.000000
4,112,0.030303,0.033784,0.000000,0.025044,0.969697,0.977726,0.490909,0.000000
4,113,0.030303,0.033784,0.000000,0.000000,0.969697,1.000000,0.454545,0.000000
4,114,0.030303,0.033784,0.000000,0.253142,0.969697,0.774859,0.527273,0.000000
4,115,0.030303,0.033784,0.000000,0.565300,0.969697,0.497230,0.454545,0.000000
4,116,0.030303,0.033784,0.000000,0.000000,0.969697,1.000000,0.527273,0.000000
4,117,0.030303,0.033784,0.000000,0.329210,0.969697,0.707205,0.509091,0.000000
4,118,0.030303,0.033784,0.000000,0.557308,0.969697,0.504338,0.509091,0.000000
4,119,0.030303,0.033784,0.000000,0.213292,0.969697,0.810301,0.472727,0.000000
4,120,0.030303,0.033784,0.420808,0.295643,0.969697,0.628488,0.436364,0.084162
4,121,0.030303,0.033784,0.000000,0.000000,0.969697,1.000000,0.509091,0.000000
4,122,0.030303,0.033784,0.000000,0.232972,0.969697,0.792798,0.418182,0.000000
4,123,0.030303,0.033784,0.000000,0.359081,0.969697,0.680639,0.490909,0.000000
4,124,0.030303,0.033784,0.000000,0.204927,0.969697,0.817741,0.418182,0.000000
4,125,0.030303,0.033784,0.000000,0.000000,0.969697,1.000000,0.490909,0.000000
4,126,0.030303,0.033784,0.000000,0.157719,0.969697,0.859727,0.490909,0.000000
4,127,0.030303,0.033784,0.000000,0.516800,0.969697,0.540366,0.509091,0.000000
4,128,0.030303,0.033784,0.000000,0.142257,0.969697,0.873479,0.472727,0.000000
4,129,0.030303,0.033784,0.000000,0.289338,0.969697,0.742667,0.509091,0.000000
4,130,0.030303,0.033784,0.000000,0.025044,0.969697,0.977726,0.509091,0.000000
4,131,0.030303,0.033784,0.000000,0.000000,0.969697,1.000000,0.527273,0.000000
4,132,0.030303,0.033784,0.000000,0.025044,0.969697,0.977726,0.490909,0.000000
4,133,0.030303,0.033784,0.000000,0.404442,0.969697,0.640295,0.509091,0.000000
4,134,0.030303,0.033784,0.000000,0.000000,0.969697,1.000000,0.545455,0.000000
4,135,0.030303,0.033784,0.000000,0.171491,0.969697,0.847478,0.527273,0.000000
4,136,0.030303,0.033784,0.000000,0.171491,0.969697,0.847478,0.509091,0.000000
4,137,0.030303,0.033784,0.000000,0.115104,0.969697,0.897628,0.545455,0.000000
4,138,0.000000,0.027027,0.000000,0.232972,1.000000,0.792798,0.490909,0.000000
4,139,0.000000,0.027027,0.000000,0.000000,1.000000,1.000000,0.527273,0.000000
4,140,0.000000,0.027027,0.000000,0.232972,1.000000,0.792798,0.509091,0.000000
4,141,0.000000,0.027027,0.000000,0.130983,1.000000,0.883506,0.527273,0.000000
4,142,0.000000,0.027027,0.000000,0.044069,1.000000,0.960806,0.509091,0.000000
4,143,0.000000,0.027027,0.000000,0.000000,1.000000,1.000000,0.509091,0.000000
4,144,0.000000,0.027027,0.000000,0.000000,1.000000,1.000000,0.490909,0.000000
4,145,0.000000,0.027027,0.000000,0.130983,1.000000,0.883506,0.527273,0.000000
4,146,0.000000,0.027027,0.000000,0.044069,1.000000,0.960806,0.545455,0.000000
4,147,0.181818,0.067568,0.000000,0.000000,0.818182,1.000000,0.418182,0.000000
4,148,1.000000,0.250000,0.000000,0.122075,0.000000,0.891429,0.181818,0.000000
5,0,0.121212,0.054054,0.000000,0.548188,0.878788,0.503037,0.375000,0.000000
5,1,0.121212,0.054054,0.000000,0.383563,0.878788,0.652279,0.232143,0.000000
5,2,0.121212,0.054054,0.332882,0.722128,0.878788,0.206764,0.339286,0.066576
5,3,0.121212,0.054054,0.000000,0.636617,0.878788,0.422871,0.214286,0.000000
5,4,0.121212,0.054054,0.056403,0.339819,0.878788,0.668453,0.446429,0.011281
5,5,0.121212,0.054054,0.000000,0.338351,0.878788,0.693266,0.357143,0.000000
5,6,0.121212,0.054054,0.000000,0.397874,0.878788,0.639305,0.303571,0.000000
5,7,0.121212,0.054054,0.000000,0.558680,0.878788,0.493526,0.267857,0.000000
5,8,0.121212,0.054054,0.000000,0.454115,0.878788,0.588320,0.321429,0.000000
5,9,0.121212,0.054054,0.342035,0.731355,0.878788,0.194588,0.321429,0.068407
5,10,0.121212,0.054054,0.440537,0.568214,0.878788,0.301475,0.285714,0.056320
5,11,0.121212,0.054054,0.000000,0.613616,0.878788,0.443724,0.339286,0.000000
5,12,0.121212,0.054054,0.131615,0.513177,0.878788,0.479982,0.250000,0.016826
5,13,0.121212,0.054054,0.000000,0.588315,0.878788,0.466661,0.410714,0.000000
5,14,0.121212,0.054054,0.000000,1.000000,0.878788,0.093445,0.375000,0.000000
5,15,0.121212,0.054054,0.140150,0.287165,0.878788,0.681321,0.267857,0.028030
5,16,0.121212,0.054054,0.000000,0.638473,0.878788,0.421189,0.267857,0.000000
5,17,0.121212,0.054054,0.000000,0.795403,0.878788,0.278923,0.375000,0.000000
5,18,0.121212,0.054054,0.000000,0.296814,0.878788,0.730922,0.232143,0.000000
5,19,0.121212,0.054054,0.000000,0.408942,0.878788,0.629272,0.250000,0.000000
5,20,0.121212,0.054054,0.844624,0.715191,0.878788,0.000000,0.232143,0.168925
5,21,0.121212,0.054054,0.000000,0.408942,0.878788,0.629272,0.232143,0.000000
5,22,0.121212,0.054054,0.173750,0.292354,0.878788,0.662628,0.267857,0.034750
5,23,0.121212,0.054054,0.135374,0.185478,0.878788,0.775494,0.232143,0.027075
5,24,0.121212,0.054054,0.000000,0.614664,0.878788,0.442773,0.250000,0.000000
5,25,0.121212,0.054054,0.147036,0.129241,0.878788,0.821620,0.214286,0.018798
5,26,0.121212,0.054054,0.000000,0.410786,0.878788,0.627600,0.250000,0.000000
5,27,0.060606,0.040541,0.000000,0.571164,0.939394,0.482209,0.357143,0.000000
5,28,0.060606,0.040541,0.000000,0.506524,0.939394,0.540808,0.410714,0.000000
5,29,0.060606,0.040541,0.000000,0.457561,0.939394,0.585196,0.375000,0.000000
5,30,0.060606,0.040541,0.000000,0.198432,0.939394,0.820111,0.410714,0.000000
5,31,0.060606,0.040541,0.000000,0.406724,0.939394,0.631283,0.410714,0.000000
5,32,0.060606,0.040541,0.235085,0.938310,0.939394,0.051498,0.428571,0.047017
5,33,0.060606,0.040541,0.000000,0.225596,0.939394,0.795485,0.375000,0.000000
5,34,0.060606,0.040541,0.000000,0.170976,0.939394,0.845001,0.410714,0.000000
5,35,0.060606,0.040541,0.281424,0.617949,0.939394,0.322631,0.446429,0.056285
5,36,0.424242,0.121622,0.198551,0.773102,0.575758,0.216478,0.196429,0.039710
5,37,0.121212,0.054054,0.000000,0.809488,0.878788,0.266155,0.303571,0.000000
5,38,0.121212,0.054054,0.538360,0.558219,0.878788,0.269810,0.250000,0.068826
5,39,0.121212,0.054054,0.000000,0.282948,0.878788,0.743492,0.285714,0.000000
5,40,0.121212,0.054054,0.009008,0.431248,0.878788,0.605299,0.196429,0.001152
5,41,0.121212,0.054054,0.827508,0.605085,0.878788,0.106943,0.375000,0.165502
5,42,0.121212,0.054054,0.000000,0.217236,0.878788,0.803064,0.321429,0.000000
5,43,0.121212,0.054054,0.000000,0.306489,0.878788,0.722151,0.267857,0.000000
5,44,0.121212,0.054054,0.584958,0.313491,0.878788,0.472269,0.267857,0.074783
5,45,0.121212,0.054054,0.332618,0.124007,0.878788,0.749103,0.357143,0.042523
5,46,0.121212,0.054054,0.160293,0.389556,0.878788,0.580112,0.321429,0.032059
5,47,0.121212,0.054054,0.059785,0.540759,0.878788,0.484882,0.285714,0.007643
5,48,0.121212,0.054054,0.000000,0.173587,0.878788,0.842633,0.285714,0.000000
5,49,0.121212,0.054054,0.014378,0.105696,0.878788,0.898195,0.250000,0.001838
5,50,0.121212,0.054054,0.000000,0.500069,0.878788,0.546660,0.392857,0.000000
5,51,0.121212,0.054054,0.533755,0.540759,0.878788,0.287556,0.285714,0.068237
5,52,0.121212,0.054054,0.263729,0.269897,0.878788,0.645526,0.267857,0.033716
5,53,0.121212,0.054054,0.000000,0.313423,0.878788,0.715864,0.267857,0.000000
5,54,0.121212,0.054054,0.000000,0.221931,0.878788,0.798807,0.375000,0.000000
5,55,0.121212,0.054054,0.059785,0.469615,0.878788,0.549378,0.267857,0.011957
5,56,0.121212,0.054054,0.505106,0.405346,0.878788,0.422242,0.303571,0.064575
5,57,0.121212,0.054054,0.000000,0.329174,0.878788,0.701586,0.285714,0.000000
5,58,0.121212,0.054054,0.540056,0.405346,0.878788,0.407692,0.267857,0.069043
5,59,0.121212,0.054054,0.000000,0.267303,0.878788,0.757675,0.303571,0.000000
5,60,0.121212,0.054054,0.157310,0.064363,0.878788,0.876159,0.267857,0.020111
5,61,0.121212,0.054054,1.000000,0.335964,0.878788,0.279103,0.250000,0.127844
5,62,0.121212,0.054054,0.000000,0.209102,0.878788,0.810437,0.267857,0.000000
5,63,0.121212,0.054054,0.000000,0.064363,0.878788,0.941652,0.267857,0.000000
5,64,0.060606,0.040541,0.388145,0.377080,0.939394,0.496561,0.392857,0.049622
5,65,0.060606,0.040541,0.000000,0.715283,0.939394,0.351557,0.410714,0.000000
5,66,0.060606,0.040541,0.000000,0.439249,0.939394,0.601797,0.428571,0.000000
5,67,0.060606,0.040541,0.000000,0.407190,0.939394,0.630860,0.428571,0.000000
5,68,0.060606,0.040541,0.000000,0.489684,0.939394,0.556075,0.446429,0.000000
5,69,0.060606,0.040541,0.288172,0.715283,0.939394,0.231583,0.392857,0.036841
5,70,0.060606,0.040541,0.000000,0.389566,0.939394,0.646837,0.428571,0.000000
5,71,0.060606,0.040541,0.490609,0.407190,0.939394,0.426606,0.410714,0.062721
5,72,0.060606,0.040541,0.000000,0.489684,0.939394,0.556075,0.410714,0.000000
5,73,0.424242,0.121622,0.000000,0.237202,0.575758,0.784963,0.214286,0.000000
5,74,0.121212,0.054054,0.000000,0.285432,0.878788,0.741240,0.232143,0.000000
5,75,0.121212,0.054054,0.134429,0.157257,0.878788,0.801471,0.250000,0.017186
5,76,0.121212,0.054054,0.000000,0.519815,0.878788,0.528759,0.214286,0.000000
5,77,0.121212,0.054054,0.605646,0.537283,0.878788,0.260776,0.267857,0.077428
5,78,0.121212,0.054054,0.000000,0.279376,0.878788,0.746730,0.285714,0.000000
5,79,0.121212,0.054054,0.000000,0.121115,0.878788,0.890202,0.214286,0.000000
5,80,0.121212,0.054054,0.000000,0.397874,0.878788,0.639305,0.232143,0.000000
5,81,0.121212,0.054054,0.129876,0.532777,0.878788,0.462937,0.285714,0.025975
5,82,0.121212,0.054054,0.452328,0.389752,0.878788,0.458352,0.214286,0.090466
5,83,0.121212,0.054054,0.540608,0.731355,0.878788,0.111916,0.232143,0.108122
5,84,0.121212,0.054054,0.000000,0.027456,0.878788,0.975110,0.267857,0.000000
5,85,0.121212,0.054054,0.000000,0.551446,0.878788,0.500084,0.232143,0.000000
5,86,0.121212,0.054054,0.450438,0.407481,0.878788,0.443066,0.285714,0.057586
5,87,0.121212,0.054054,0.000000,0.520789,0.878788,0.527876,0.232143,0.000000
5,88,0.121212,0.054054,0.041156,0.459241,0.878788,0.566538,0.250000,0.008231
5,89,0.121212,0.054054,0.000000,0.224995,0.878788,0.796029,0.196429,0.000000
5,90,0.121212,0.054054,0.000000,0.532777,0.878788,0.517008,0.232143,0.000000
5,91,0.121212,0.054054,0.173898,0.727878,0.878788,0.267740,0.232143,0.034780
5,92,0.121212,0.054054,0.000000,0.034058,0.878788,0.969124,0.196429,0.000000
5,93,0.121212,0.054054,0.108185,0.335509,0.878788,0.650802,0.232143,0.021637
5,94,0.121212,0.054054,0.000000,0.404918,0.878788,0.632920,0.214286,0.000000
5,95,0.121212,0.054054,0.000000,0.335509,0.878788,0.695842,0.232143,0.000000
5,96,0.121212,0.054054,0.000000,0.231911,0.878788,0.789760,0.232143,0.000000
5,97,0.121212,0.054054,0.000000,0.121115,0.878788,0.890202,0.196429,0.000000
5,98,0.121212,0.054054,0.000000,0.377462,0.878788,0.657810,0.196429,0.000000
5,99,0.121212,0.054054,0.206345,0.000000,0.878788,0.914093,0.214286,0.026380
5,100,0.121212,0.054054,0.000000,0.346423,0.878788,0.685949,0.214286,0.000000
5,101,0.060606,0.040541,0.000000,0.479981,0.939394,0.564871,0.196429,0.000000
5,102,0.060606,0.040541,0.000000,0.027456,0.939394,0.975110,0.285714,0.000000
5,103,0.060606,0.040541,0.000000,0.304209,0.939394,0.724218,0.214286,0.000000
5,104,0.060606,0.040541,0.000000,0.027456,0.939394,0.975110,0.285714,0.000000
5,105,0.060606,0.040541,0.000000,0.248016,0.939394,0.775160,0.232143,0.000000
5,106,0.060606,0.040541,0.000000,0.459241,0.939394,0.583673,0.250000,0.000000
5,107,0.060606,0.040541,0.000000,0.072243,0.939394,0.934507,0.250000,0.000000
5,108,0.060606,0.040541,0.000000,0.000000,0.939394,1.000000,0.232143,0.000000
5,109,0.060606,0.040541,0.000000,0.459241,0.939394,0.583673,0.250000,0.000000
5,110,0.424242,0.121622,0.514357,0.535900,0.575758,0.300036,0.196429,0.102871
5,111,0.030303,0.033784,0.000000,0.546733,0.969697,0.504357,0.446429,0.000000
5,112,0.030303,0.033784,0.000000,0.248270,0.969697,0.774930,0.482143,0.000000
5,113,0.030303,0.033784,0.000000,0.080636,0.969697,0.926899,0.446429,0.000000
5,114,0.030303,0.033784,0.000000,0.248270,0.969697,0.774930,0.517857,0.000000
5,115,0.030303,0.033784,0.000000,0.544642,0.969697,0.506252,0.446429,0.000000
5,116,0.030303,0.033784,0.000000,0.000000,0.969697,1.000000,0.517857,0.000000
5,117,0.030303,0.033784,0.000000,0.306489,0.969697,0.722151,0.500000,0.000000
5,118,0.030303,0.033784,0.000000,0.287589,0.969697,0.739285,0.500000,0.000000
5,119,0.030303,0.033784,0.000000,0.059644,0.969697,0.945929,0.464286,0.000000
5,120,0.030303,0.033784,0.182136,0.389556,0.969697,0.571018,0.428571,0.036427
5,121,0.030303,0.033784,0.000000,0.000000,0.969697,1.000000,0.500000,0.000000
5,122,0.030303,0.033784,0.000000,0.111418,0.969697,0.898993,0.410714,0.000000
5,123,0.030303,0.033784,0.000000,0.000000,0.969697,1.000000,0.482143,0.000000
5,124,0.030303,0.033784,0.000000,0.432544,0.969697,0.607875,0.410714,0.000000
5,125,0.030303,0.033784,0.000000,0.000000,0.969697,1.000000,0.482143,0.000000
5,126,0.030303,0.033784,0.000000,0.207728,0.969697,0.811683,0.482143,0.000000
5,127,0.030303,0.033784,0.000000,0.207728,0.969697,0.811683,0.500000,0.000000
5,128,0.030303,0.033784,0.000000,0.154406,0.969697,0.860022,0.464286,0.000000
5,129,0.030303,0.033784,0.000000,0.206860,0.969697,0.812470,0.500000,0.000000
5,130,0.030303,0.033784,0.000000,0.248270,0.969697,0.774930,0.500000,0.000000
5,131,0.030303,0.033784,0.000000,0.018901,0.969697,0.982866,0.517857,0.000000
5,132,0.030303,0.033784,0.000000,0.248270,0.969697,0.774930,0.482143,0.000000
5,133,0.030303,0.033784,0.000000,0.206860,0.969697,0.812470,0.500000,0.000000
5,134,0.030303,0.033784,0.000000,0.000000,0.969697,1.000000,0.535714,0.000000
5,135,0.030303,0.033784,0.000000,0.098762,0.969697,0.910467,0.517857,0.000000
5,136,0.030303,0.033784,0.000000,0.079861,0.969697,0.927602,0.500000,0.000000
5,137,0.030303,0.033784,0.000000,0.000000,0.969697,1.000000,0.535714,0.000000
5,138,0.000000,0.027027,0.000000,0.285897,1.000000,0.740819,0.482143,0.000000
5,139,0.000000,0.027027,0.000000,0.236214,1.000000,0.785859,0.517857,0.000000
5,140,0.000000,0.027027,0.000000,0.285897,1.000000,0.740819,0.500000,0.000000
5,141,0.000000,0.027027,0.000000,0.236214,1.000000,0.785859,0.517857,0.000000
5,142,0.000000,0.027027,0.000000,0.330976,1.000000,0.699952,0.500000,0.000000
5,143,0.000000,0.027027,0.000000,0.236214,1.000000,0.785859,0.500000,0.000000
5,144,0.000000,0.027027,0.000000,0.236214,1.000000,0.785859,0.482143,0.000000
5,145,0.000000,0.027027,0.000000,0.236214,1.000000,0.785859,0.517857,0.000000
5,146,0.000000,0.027027,0.000000,0.330976,1.000000,0.699952,0.535714,0.000000
5,147,0.181818,0.067568,0.000000,0.000000,0.818182,1.000000,0.410714,0.000000
5,148,1.000000,0.250000,0.000000,0.083644,0.000000,0.924172,0.178571,0.000000
6,0,0.121212,0.054054,0.000000,0.496158,0.878788,0.546591,0.368421,0.000000
6,1,0.121212,0.054054,0.000000,0.458747,0.878788,0.580778,0.228070,0.000000
6,2,0.121212,0.054054,0.502109,0.702233,0.878788,0.156777,0.333333,0.100422
6,3,0.121212,0.054054,0.000000,0.327805,0.878788,0.700438,0.210526,0.000000
6,4,0.121212,0.054054,0.000000,0.125950,0.878788,0.884901,0.438596,0.000000
6,5,0.121212,0.054054,0.000000,0.468162,0.878788,0.572174,0.350877,0.000000
6,6,0.121212,0.054054,0.000000,0.485201,0.878788,0.556603,0.298246,0.000000
6,7,0.121212,0.054054,0.000000,0.242724,0.878788,0.778189,0.263158,0.000000
6,8,0.121212,0.054054,0.000000,0.247672,0.878788,0.773667,0.315789,0.000000
6,9,0.121212,0.054054,0.226279,0.331132,0.878788,0.606594,0.315789,0.045256
6,10,0.121212,0.054054,0.103353,0.767530,0.878788,0.257125,0.298246,0.017272
6,11,0.121212,0.054054,0.000000,0.611113,0.878788,0.441540,0.333333,0.000000
6,12,0.121212,0.054054,0.000000,0.133198,0.878788,0.878278,0.263158,0.000000
6,13,0.121212,0.054054,0.000000,0.279579,0.878788,0.744509,0.403509,0.000000
6,14,0.121212,0.054054,0.000000,1.000000,0.878788,0.086159,0.368421,0.000000
6,15,0.121212,0.054054,0.384679,0.477912,0.878788,0.408895,0.263158,0.076936
6,16,0.121212,0.054054,0.000000,0.116612,0.878788,0.893435,0.263158,0.000000
6,17,0.121212,0.054054,0.000000,0.384834,0.878788,0.648323,0.368421,0.000000
6,18,0.121212,0.054054,0.000000,0.460441,0.878788,0.579230,0.228070,0.000000
6,19,0.121212,0.054054,0.201069,0.418929,0.878788,0.536478,0.245614,0.040214
6,20,0.121212,0.054054,1.000000,0.620163,0.878788,0.031976,0.228070,0.200000
6,21,0.121212,0.054054,0.000000,0.418929,0.878788,0.617165,0.228070,0.000000
6,22,0.121212,0.054054,0.000000,0.150939,0.878788,0.862066,0.263158,0.000000
6,23,0.121212,0.054054,0.211361,0.289667,0.878788,0.650473,0.228070,0.035322
6,24,0.121212,0.054054,0.097565,0.565501,0.878788,0.444070,0.245614,0.019513
6,25,0.121212,0.054054,0.000000,0.254840,0.878788,0.767117,0.228070,0.000000
6,26,0.121212,0.054054,0.000000,0.289667,0.878788,0.735291,0.245614,0.000000
6,27,0.060606,0.040541,0.000000,0.319847,0.939394,0.707710,0.350877,0.000000
6,28,0.060606,0.040541,0.025652,0.645502,0.939394,0.399820,0.403509,0.004287
6,29,0.060606,0.040541,0.000000,0.399930,0.939394,0.634528,0.368421,0.000000
6,30,0.060606,0.040541,0.039188,0.142112,0.939394,0.854406,0.403509,0.006549
6,31,0.060606,0.040541,0.000000,0.340266,0.939394,0.689051,0.403509,0.000000
6,32,0.060606,0.040541,0.492590,0.877972,0.939394,0.000000,0.421053,0.082319
6,33,0.060606,0.040541,0.095631,0.311635,0.939394,0.676839,0.368421,0.019126
6,34,0.060606,0.040541,0.000000,0.098462,0.939394,0.910022,0.403509,0.000000
6,35,0.060606,0.040541,0.000000,0.483296,0.939394,0.558344,0.438596,0.000000
6,36,0.424242,0.121622,0.224221,0.641734,0.575758,0.323579,0.192982,0.044844
6,37,0.121212,0.054054,0.000000,0.212848,0.878788,0.805491,0.298246,0.000000
6,38,0.121212,0.054054,0.163894,0.357266,0.878788,0.607746,0.263158,0.027389
6,39,0.121212,0.054054,0.000000,0.342610,0.878788,0.686909,0.280702,0.000000
6,40,0.121212,0.054054,0.086024,0.324842,0.878788,0.668625,0.210526,0.017205
6,41,0.121212,0.054054,0.203922,0.183298,0.878788,0.750662,0.368421,0.034078
6,42,0.121212,0.054054,0.541242,0.389413,0.878788,0.426941,0.315789,0.090450
6,43,0.121212,0.054054,0.000000,0.228707,0.878788,0.790998,0.263158,0.000000
6,44,0.121212,0.054054,0.000000,0.188066,0.878788,0.828137,0.280702,0.000000
6,45,0.121212,0.054054,0.061632,0.253276,0.878788,0.743813,0.368421,0.010300
6,46,0.121212,0.054054,0.316289,0.311022,0.878788,0.588850,0.315789,0.052857
6,47,0.121212,0.054054,0.575805,0.659618,0.878788,0.166147,0.298246,0.096226
6,48,0.121212,0.054054,0.000000,0.346393,0.878788,0.683452,0.280702,0.000000
6,49,0.121212,0.054054,0.200795,0.237466,0.878788,0.702416,0.263158,0.040159
6,50,0.121212,0.054054,0.000000,0.190550,0.878788,0.825868,0.385965,0.000000
6,51,0.121212,0.054054,0.214860,0.702462,0.878788,0.271840,0.298246,0.035906
6,52,0.121212,0.054054,0.179331,0.134315,0.878788,0.805293,0.280702,0.035866
6,53,0.121212,0.054054,0.000000,0.237466,0.878788,0.782993,0.263158,0.000000
6,54,0.121212,0.054054,0.287185,0.134449,0.878788,0.761890,0.368421,0.047993
6,55,0.121212,0.054054,0.099403,0.142376,0.878788,0.830001,0.263158,0.019881
6,56,0.121212,0.054054,0.000000,0.136776,0.878788,0.875008,0.315789,0.000000
6,57,0.121212,0.054054,0.146339,0.528684,0.878788,0.458142,0.280702,0.029268
6,58,0.121212,0.054054,0.303079,0.136776,0.878788,0.753384,0.280702,0.050649
6,59,0.121212,0.054054,0.000000,0.017209,0.878788,0.984274,0.298246,0.000000
6,60,0.121212,0.054054,0.274085,0.210917,0.878788,0.697266,0.280702,0.045804
6,61,0.121212,0.054054,0.531228,0.403517,0.878788,0.418072,0.263158,0.106246
6,62,0.121212,0.054054,0.247566,0.000000,0.878788,0.900653,0.263158,0.041372
6,63,0.121212,0.054054,0.000000,0.210917,0.878788,0.807255,0.263158,0.000000
6,64,0.060606,0.040541,0.411434,0.363024,0.939394,0.503148,0.403509,0.068757
6,65,0.060606,0.040541,0.000000,0.590074,0.939394,0.460766,0.403509,0.000000
6,66,0.060606,0.040541,0.000000,0.455838,0.939394,0.583436,0.421053,0.000000
6,67,0.060606,0.040541,0.103741,0.200347,0.939394,0.775284,0.421053,0.020748
6,68,0.060606,0.040541,0.000000,0.158198,0.939394,0.855432,0.438596,0.000000
6,69,0.060606,0.040541,0.000000,0.632918,0.939394,0.421613,0.403509,0.000000
6,70,0.060606,0.040541,0.000000,0.243761,0.939394,0.777241,0.421053,0.000000
6,71,0.060606,0.040541,0.000000,0.200347,0.939394,0.816915,0.421053,0.000000
6,72,0.060606,0.040541,0.293146,0.201042,0.939394,0.698642,0.403509,0.048989
6,73,0.424242,0.121622,0.000000,0.286777,0.575758,0.737931,0.210526,0.000000
6,74,0.121212,0.054054,0.000000,0.450773,0.878788,0.588065,0.228070,0.000000
6,75,0.121212,0.054054,0.000000,0.138891,0.878788,0.873075,0.263158,0.000000
6,76,0.121212,0.054054,0.000000,0.656848,0.878788,0.399745,0.210526,0.000000
6,77,0.121212,0.054054,0.225321,0.228440,0.878788,0.700823,0.280702,0.045064
6,78,0.121212,0.054054,0.428271,0.125950,0.878788,0.713039,0.280702,0.071571
6,79,0.121212,0.054054,0.094507,0.078749,0.878788,0.890111,0.210526,0.015794
6,80,0.121212,0.054054,0.000000,0.485201,0.878788,0.556603,0.228070,0.000000
6,81,0.121212,0.054054,0.192092,0.242724,0.878788,0.701104,0.280702,0.038418
6,82,0.121212,0.054054,0.000000,0.078749,0.878788,0.928036,0.210526,0.000000
6,83,0.121212,0.054054,0.085194,0.242836,0.878788,0.743898,0.228070,0.017039
6,84,0.121212,0.054054,0.156031,0.107912,0.878788,0.838771,0.263158,0.026075
6,85,0.121212,0.054054,0.000000,0.430003,0.878788,0.607045,0.228070,0.000000
6,86,0.121212,0.054054,0.000000,0.133198,0.878788,0.878278,0.298246,0.000000
6,87,0.121212,0.054054,0.000000,0.279579,0.878788,0.744509,0.228070,0.000000
6,88,0.121212,0.054054,0.426314,0.297538,0.878788,0.557020,0.245614,0.071243
6,89,0.121212,0.054054,0.000000,0.385098,0.878788,0.648082,0.192982,0.000000
6,90,0.121212,0.054054,0.000000,0.116612,0.878788,0.893435,0.228070,0.000000
6,91,0.121212,0.054054,0.000000,0.341990,0.878788,0.687475,0.228070,0.000000
6,92,0.121212,0.054054,0.000000,0.386582,0.878788,0.646725,0.192982,0.000000
6,93,0.121212,0.054054,0.281882,0.319564,0.878788,0.594852,0.228070,0.056376
6,94,0.121212,0.054054,0.000000,0.347203,0.878788,0.682712,0.210526,0.000000
6,95,0.121212,0.054054,0.000000,0.319564,0.878788,0.707969,0.228070,0.000000
6,96,0.121212,0.054054,0.112497,0.133730,0.878788,0.832648,0.228070,0.018800
6,97,0.121212,0.054054,0.000000,0.078749,0.878788,0.928036,0.192982,0.000000
6,98,0.121212,0.054054,0.000000,0.349191,0.878788,0.680895,0.192982,0.000000
6,99,0.121212,0.054054,0.016514,0.254840,0.878788,0.760490,0.228070,0.003303
6,100,0.121212,0.054054,0.000000,0.078749,0.878788,0.928036,0.210526,0.000000
6,101,0.060606,0.040541,0.000000,0.133091,0.939394,0.878376,0.192982,0.000000
6,102,0.060606,0.040541,0.000000,0.107912,0.939394,0.901386,0.280702,0.000000
6,103,0.060606,0.040541,0.000000,0.120358,0.939394,0.890011,0.210526,0.000000
6,104,0.060606,0.040541,0.000000,0.043650,0.939394,0.960110,0.280702,0.000000
6,105,0.060606,0.040541,0.000000,0.241804,0.939394,0.779030,0.228070,0.000000
6,106,0.060606,0.040541,0.000000,0.297538,0.939394,0.728097,0.245614,0.000000
6,107,0.060606,0.040541,0.000000,0.120358,0.939394,0.890011,0.245614,0.000000
6,108,0.060606,0.040541,0.000000,0.000000,0.939394,1.000000,0.228070,0.000000
6,109,0.060606,0.040541,0.000000,0.341990,0.939394,0.687475,0.245614,0.000000
6,110,0.424242,0.121622,0.119520,0.354956,0.575758,0.627664,0.192982,0.023904
6,111,0.030303,0.033784,0.000000,0.167462,0.969697,0.846966,0.438596,0.000000
6,112,0.030303,0.033784,0.000000,0.037411,0.969697,0.965812,0.473684,0.000000
6,113,0.030303,0.033784,0.000000,0.297225,0.969697,0.728384,0.438596,0.000000
6,114,0.030303,0.033784,0.000000,0.225477,0.969697,0.793950,0.508772,0.000000
6,115,0.030303,0.033784,0.000000,0.183298,0.969697,0.832495,0.438596,0.000000
6,116,0.030303,0.033784,0.000000,0.000000,0.969697,1.000000,0.508772,0.000000
6,117,0.030303,0.033784,0.000000,0.228707,0.969697,0.790998,0.491228,0.000000
6,118,0.030303,0.033784,0.000000,0.188066,0.969697,0.828137,0.491228,0.000000
6,119,0.030303,0.033784,0.000000,0.084353,0.969697,0.922915,0.456140,0.000000
6,120,0.030303,0.033784,0.000000,0.222727,0.969697,0.796463,0.421053,0.000000
6,121,0.030303,0.033784,0.000000,0.000000,0.969697,1.000000,0.491228,0.000000
6,122,0.030303,0.033784,0.000000,0.165283,0.969697,0.848957,0.403509,0.000000
6,123,0.030303,0.033784,0.000000,0.237466,0.969697,0.782993,0.473684,0.000000
6,124,0.030303,0.033784,0.000000,0.190550,0.969697,0.825868,0.403509,0.000000
6,125,0.030303,0.033784,0.000000,0.000000,0.969697,1.000000,0.473684,0.000000
6,126,0.030303,0.033784,0.000000,0.041501,0.969697,0.962075,0.473684,0.000000
6,127,0.030303,0.033784,0.000000,0.237466,0.969697,0.782993,0.491228,0.000000
6,128,0.030303,0.033784,0.000000,0.091605,0.969697,0.916288,0.456140,0.000000
6,129,0.030303,0.033784,0.000000,0.068518,0.969697,0.937386,0.491228,0.000000
6,130,0.030303,0.033784,0.000000,0.037411,0.969697,0.965812,0.491228,0.000000
6,131,0.030303,0.033784,0.000000,0.255724,0.969697,0.766309,0.508772,0.000000
6,132,0.030303,0.033784,0.000000,0.037411,0.969697,0.965812,0.473684,0.000000
6,133,0.030303,0.033784,0.000000,0.000000,0.969697,1.000000,0.491228,0.000000
6,134,0.030303,0.033784,0.000000,0.000000,0.969697,1.000000,0.526316,0.000000
6,135,0.030303,0.033784,0.000000,0.187207,0.969697,0.828923,0.508772,0.000000
6,136,0.030303,0.033784,0.000000,0.000000,0.969697,1.000000,0.491228,0.000000
6,137,0.030303,0.033784,0.000000,0.000000,0.969697,1.000000,0.526316,0.000000
6,138,0.000000,0.027027,0.000000,0.176267,1.000000,0.838920,0.473684,0.000000
6,139,0.000000,0.027027,0.000000,0.052485,1.000000,0.952037,0.508772,0.000000
6,140,0.000000,0.027027,0.000000,0.176267,1.000000,0.838920,0.491228,0.000000
6,141,0.000000,0.027027,0.000000,0.101885,1.000000,0.906893,0.508772,0.000000
6,142,0.000000,0.027027,0.000000,0.059736,1.000000,0.945410,0.491228,0.000000
6,143,0.000000,0.027027,0.000000,0.052485,1.000000,0.952037,0.491228,0.000000
6,144,0.000000,0.027027,0.000000,0.052485,1.000000,0.952037,0.473684,0.000000
6,145,0.000000,0.027027,0.000000,0.101885,1.000000,0.906893,0.508772,0.000000
6,146,0.000000,0.027027,0.000000,0.059736,1.000000,0.945410,0.526316,0.000000
6,147,0.181818,0.067568,0.000000,0.000000,0.818182,1.000000,0.403509,0.000000
6,148,1.000000,0.250000,0.000000,0.000000,0.000000,1.000000,0.175439,0.000000
7,0,0.121212,0.054054,0.000000,0.516680,0.878788,0.536893,0.362069,0.000000
7,1,0.121212,0.054054,0.000000,0.407328,0.878788,0.634907,0.224138,0.000000
7,2,0.121212,0.054054,0.599443,0.513468,0.878788,0.356777,0.327586,0.068238
7,3,0.121212,0.054054,0.000000,0.272090,0.878788,0.756123,0.206897,0.000000
7,4,0.121212,0.054054,0.190734,0.356310,0.878788,0.622409,0.431034,0.038147
7,5,0.121212,0.054054,0.000000,0.402523,0.878788,0.639214,0.344828,0.000000
7,6,0.121212,0.054054,0.000000,0.728695,0.878788,0.346862,0.293103,0.000000
7,7,0.121212,0.054054,0.000000,0.530449,0.878788,0.524552,0.258621,0.000000
7,8,0.121212,0.054054,0.304188,0.284281,0.878788,0.652334,0.310345,0.060838
7,9,0.121212,0.054054,0.596499,0.912521,0.878788,0.000000,0.310345,0.119300
7,10,0.121212,0.054054,0.247486,0.608585,0.878788,0.378966,0.310345,0.049497
7,11,0.121212,0.054054,0.000000,0.443696,0.878788,0.602310,0.327586,0.000000
7,12,0.121212,0.054054,0.000000,0.311716,0.878788,0.720606,0.258621,0.000000
7,13,0.121212,0.054054,0.000000,0.719211,0.878788,0.355362,0.396552,0.000000
7,14,0.121212,0.054054,0.024522,1.000000,0.878788,0.096202,0.362069,0.004904
7,15,0.121212,0.054054,0.582391,0.426410,0.878788,0.440014,0.258621,0.066297
7,16,0.121212,0.054054,0.000000,0.681071,0.878788,0.389548,0.258621,0.000000
7,17,0.121212,0.054054,0.062521,0.584747,0.878788,0.456798,0.362069,0.012504
7,18,0.121212,0.054054,0.000000,0.523640,0.878788,0.530655,0.224138,0.000000
7,19,0.121212,0.054054,0.743562,0.203162,0.878788,0.590911,0.241379,0.084644
7,20,0.121212,0.054054,0.973852,0.563767,0.878788,0.197395,0.224138,0.110859
7,21,0.121212,0.054054,0.000000,0.203162,0.878788,0.817903,0.224138,0.000000
7,22,0.121212,0.054054,0.712843,0.406645,0.878788,0.417906,0.258621,0.142569
7,23,0.121212,0.054054,0.000000,0.285240,0.878788,0.744336,0.241379,0.000000
7,24,0.121212,0.054054,0.523000,0.621918,0.878788,0.282908,0.241379,0.059536
7,25,0.121212,0.054054,0.020009,0.175147,0.878788,0.836905,0.224138,0.002278
7,26,0.121212,0.054054,0.000000,0.285240,0.878788,0.744336,0.241379,0.000000
7,27,0.060606,0.040541,0.000000,0.688442,0.939394,0.382941,0.344828,0.000000
7,28,0.060606,0.040541,0.000000,0.513973,0.939394,0.539320,0.413793,0.000000
7,29,0.060606,0.040541,0.000000,0.399598,0.939394,0.641835,0.362069,0.000000
7,30,0.060606,0.040541,0.000000,0.352341,0.939394,0.684193,0.413793,0.000000
7,31,0.060606,0.040541,0.000000,0.538508,0.939394,0.517329,0.396552,0.000000
7,32,0.060606,0.040541,0.598811,0.905388,0.939394,0.005688,0.431034,0.119762
7,33,0.060606,0.040541,0.255095,0.187635,0.939394,0.753946,0.362069,0.029039
7,34,0.060606,0.040541,0.000000,0.397721,0.939394,0.643518,0.396552,0.000000
7,35,0.060606,0.040541,0.000000,0.608376,0.939394,0.454705,0.431034,0.000000
7,36,0.424242,0.121622,0.321655,0.669025,0.575758,0.302151,0.189655,0.064331
7,37,0.121212,0.054054,0.000000,0.252206,0.878788,0.773945,0.293103,0.000000
7,38,0.121212,0.054054,0.379628,0.545200,0.878788,0.395439,0.275862,0.075926
7,39,0.121212,0.054054,0.000000,0.201297,0.878788,0.819575,0.275862,0.000000
7,40,0.121212,0.054054,0.599936,0.780608,0.878788,0.117185,0.206897,0.068294
7,41,0.121212,0.054054,0.011642,0.259085,0.878788,0.764225,0.379310,0.002328
7,42,0.121212,0.054054,0.071500,0.402523,0.878788,0.617387,0.327586,0.014300
7,43,0.121212,0.054054,0.000000,0.164397,0.878788,0.852649,0.258621,0.000000
7,44,0.121212,0.054054,0.252277,0.595618,0.878788,0.389126,0.275862,0.028718
7,45,0.121212,0.054054,0.647027,0.398182,0.878788,0.445583,0.379310,0.129405
7,46,0.121212,0.054054,0.000000,0.256434,0.878788,0.770155,0.327586,0.000000
7,47,0.121212,0.054054,0.096022,0.535851,0.878788,0.490397,0.310345,0.019204
7,48,0.121212,0.054054,0.000000,0.256434,0.878788,0.770155,0.275862,0.000000
7,49,0.121212,0.054054,0.193937,0.358513,0.878788,0.619456,0.258621,0.022077
7,50,0.121212,0.054054,0.000000,0.206639,0.878788,0.814787,0.379310,0.000000
7,51,0.121212,0.054054,0.688418,0.713980,0.878788,0.149893,0.310345,0.137684
7,52,0.121212,0.054054,0.000000,0.134751,0.878788,0.879221,0.275862,0.000000
7,53,0.121212,0.054054,0.000000,0.493264,0.878788,0.557882,0.258621,0.000000
7,54,0.121212,0.054054,0.341325,0.384769,0.878788,0.550929,0.379310,0.068265
7,55,0.121212,0.054054,0.000000,0.249023,0.878788,0.776798,0.258621,0.000000
7,56,0.121212,0.054054,0.012015,0.341035,0.878788,0.690659,0.310345,0.001368
7,57,0.121212,0.054054,0.213552,0.402064,0.878788,0.574433,0.275862,0.042710
7,58,0.121212,0.054054,0.944082,0.664884,0.878788,0.115851,0.293103,0.107470
7,59,0.121212,0.054054,0.000000,0.059261,0.878788,0.946884,0.293103,0.000000
7,60,0.121212,0.054054,0.096016,0.285240,0.878788,0.715024,0.293103,0.019203
7,61,0.121212,0.054054,0.626221,0.233596,0.878788,0.599455,0.258621,0.071286
7,62,0.121212,0.054054,0.295350,0.345143,0.878788,0.600481,0.275862,0.033621
7,63,0.121212,0.054054,0.133238,0.285240,0.878788,0.703661,0.258621,0.026648
7,64,0.060606,0.040541,0.000000,0.395740,0.939394,0.645294,0.413793,0.000000
7,65,0.060606,0.040541,0.000000,0.474175,0.939394,0.574991,0.396552,0.000000
7,66,0.060606,0.040541,0.000000,0.395740,0.939394,0.645294,0.413793,0.000000
7,67,0.060606,0.040541,1.000000,0.385277,0.939394,0.349395,0.413793,0.113835
7,68,0.060606,0.040541,0.000000,0.149304,0.939394,0.866177,0.431034,0.000000
7,69,0.060606,0.040541,0.000000,0.652304,0.939394,0.415332,0.396552,0.000000
7,70,0.060606,0.040541,0.000000,0.142489,0.939394,0.872285,0.413793,0.000000
7,71,0.060606,0.040541,0.000000,0.385277,0.939394,0.654671,0.413793,0.000000
7,72,0.060606,0.040541,0.110399,0.327433,0.939394,0.672815,0.413793,0.022080
7,73,0.424242,0.121622,0.000000,0.290833,0.575758,0.739323,0.206897,0.000000
7,74,0.121212,0.054054,0.000000,0.432389,0.878788,0.612445,0.224138,0.000000
7,75,0.121212,0.054054,0.009346,0.000000,0.878788,0.997147,0.258621,0.001064
7,76,0.121212,0.054054,0.000000,0.420824,0.878788,0.622811,0.206897,0.000000
7,77,0.121212,0.054054,0.000000,0.003965,0.878788,0.996446,0.275862,0.000000
7,78,0.121212,0.054054,0.149042,0.356310,0.878788,0.635136,0.293103,0.029808
7,79,0.121212,0.054054,0.000000,0.028520,0.878788,0.974437,0.224138,0.000000
7,80,0.121212,0.054054,0.000000,0.595446,0.878788,0.466295,0.224138,0.000000
7,81,0.121212,0.054054,0.586698,0.340589,0.878788,0.515621,0.275862,0.066787
7,82,0.121212,0.054054,0.091449,0.114443,0.878788,0.869506,0.206897,0.018290
7,83,0.121212,0.054054,0.404803,0.659270,0.878788,0.285512,0.224138,0.080961
7,84,0.121212,0.054054,0.309669,0.072734,0.878788,0.840273,0.275862,0.035251
7,85,0.121212,0.054054,0.000000,0.190445,0.878788,0.829302,0.224138,0.000000
7,86,0.121212,0.054054,0.173994,0.003965,0.878788,0.943330,0.293103,0.019807
7,87,0.121212,0.054054,0.950843,0.712396,0.878788,0.071201,0.224138,0.190169
7,88,0.121212,0.054054,0.000000,0.286020,0.878788,0.743637,0.258621,0.000000
7,89,0.121212,0.054054,0.000000,0.322806,0.878788,0.710665,0.189655,0.000000
7,90,0.121212,0.054054,0.000000,0.269717,0.878788,0.758250,0.224138,0.000000
7,91,0.121212,0.054054,0.000000,0.399803,0.878788,0.641652,0.224138,0.000000
7,92,0.121212,0.054054,0.000000,0.439349,0.878788,0.606206,0.189655,0.000000
7,93,0.121212,0.054054,0.000000,0.000000,0.878788,1.000000,0.224138,0.000000
7,94,0.121212,0.054054,0.000000,0.267174,0.878788,0.760529,0.206897,0.000000
7,95,0.121212,0.054054,0.000000,0.000000,0.878788,1.000000,0.224138,0.000000
7,96,0.121212,0.054054,0.000000,0.406645,0.878788,0.635520,0.241379,0.000000
7,97,0.121212,0.054054,0.000000,0.028520,0.878788,0.974437,0.189655,0.000000
7,98,0.121212,0.054054,0.000000,0.388322,0.878788,0.651942,0.189655,0.000000
7,99,0.121212,0.054054,0.000000,0.153853,0.878788,0.862100,0.224138,0.000000
7,100,0.121212,0.054054,0.000000,0.028520,0.878788,0.974437,0.206897,0.000000
7,101,0.060606,0.040541,0.000000,0.325638,0.939394,0.708126,0.189655,0.000000
7,102,0.060606,0.040541,0.000000,0.072734,0.939394,0.934808,0.275862,0.000000
7,103,0.060606,0.040541,0.000000,0.036795,0.939394,0.967021,0.206897,0.000000
7,104,0.060606,0.040541,0.000000,0.000000,0.939394,1.000000,0.275862,0.000000
7,105,0.060606,0.040541,0.000000,0.422140,0.939394,0.621631,0.224138,0.000000
7,106,0.060606,0.040541,0.000000,0.286020,0.939394,0.743637,0.241379,0.000000
7,107,0.060606,0.040541,0.000000,0.078082,0.939394,0.930014,0.241379,0.000000
7,108,0.060606,0.040541,0.000000,0.045380,0.939394,0.959326,0.224138,0.000000
7,109,0.060606,0.040541,0.000000,0.313879,0.939394,0.718666,0.241379,0.000000
7,110,0.424242,0.121622,0.096703,0.378192,0.575758,0.631501,0.189655,0.019341
7,111,0.030303,0.033784,0.000000,0.167914,0.969697,0.849496,0.431034,0.000000
7,112,0.030303,0.033784,0.000000,0.137872,0.969697,0.876423,0.465517,0.000000
7,113,0.030303,0.033784,0.000000,0.108654,0.969697,0.902612,0.431034,0.000000
7,114,0.030303,0.033784,0.000000,0.512484,0.969697,0.540655,0.500000,0.000000
7,115,0.030303,0.033784,0.000000,0.259085,0.969697,0.767779,0.431034,0.000000
7,116,0.030303,0.033784,0.000000,0.000000,0.969697,1.000000,0.500000,0.000000
7,117,0.030303,0.033784,0.000000,0.031147,0.969697,0.972083,0.482759,0.000000
7,118,0.030303,0.033784,0.000000,0.405758,0.969697,0.636314,0.482759,0.000000
7,119,0.030303,0.033784,0.000000,0.199824,0.969697,0.820895,0.448276,0.000000
7,120,0.030303,0.033784,0.000000,0.003183,0.969697,0.997147,0.413793,0.000000
7,121,0.030303,0.033784,0.000000,0.000000,0.969697,1.000000,0.482759,0.000000
7,122,0.030303,0.033784,0.000000,0.003183,0.969697,0.997147,0.396552,0.000000
7,123,0.030303,0.033784,0.000000,0.050762,0.969697,0.954501,0.465517,0.000000
7,124,0.030303,0.033784,0.000000,0.199824,0.969697,0.820895,0.396552,0.000000
7,125,0.030303,0.033784,0.000000,0.000000,0.969697,1.000000,0.465517,0.000000
7,126,0.030303,0.033784,0.083736,0.031147,0.969697,0.946520,0.465517,0.009532
7,127,0.030303,0.033784,0.000000,0.081909,0.969697,0.926584,0.482759,0.000000
7,128,0.030303,0.033784,0.000000,0.199824,0.969697,0.820895,0.448276,0.000000
7,129,0.030303,0.033784,0.000000,0.164731,0.969697,0.852349,0.482759,0.000000
7,130,0.030303,0.033784,0.000000,0.137872,0.969697,0.876423,0.482759,0.000000
7,131,0.030303,0.033784,0.000000,0.105471,0.969697,0.905465,0.500000,0.000000
7,132,0.030303,0.033784,0.000000,0.461721,0.969697,0.586154,0.465517,0.000000
7,133,0.030303,0.033784,0.000000,0.059261,0.969697,0.946884,0.482759,0.000000
7,134,0.030303,0.033784,0.000000,0.000000,0.969697,1.000000,0.517241,0.000000
7,135,0.030303,0.033784,0.000000,0.000000,0.969697,1.000000,0.500000,0.000000
7,136,0.030303,0.033784,0.000000,0.323849,0.969697,0.709730,0.482759,0.000000
7,137,0.030303,0.033784,0.000000,0.000000,0.969697,1.000000,0.517241,0.000000
7,138,0.000000,0.027027,0.000000,0.032936,1.000000,0.970479,0.465517,0.000000
7,139,0.000000,0.027027,0.000000,0.032936,1.000000,0.970479,0.500000,0.000000
7,140,0.000000,0.027027,0.000000,0.032936,1.000000,0.970479,0.482759,0.000000
7,141,0.000000,0.027027,0.000000,0.032936,1.000000,0.970479,0.500000,0.000000
7,142,0.000000,0.027027,0.000000,0.032936,1.000000,0.970479,0.482759,0.000000
7,143,0.000000,0.027027,0.000000,0.032936,1.000000,0.970479,0.482759,0.000000
7,144,0.000000,0.027027,0.000000,0.032936,1.000000,0.970479,0.465517,0.000000
7,145,0.000000,0.027027,0.000000,0.032936,1.000000,0.970479,0.500000,0.000000
7,146,0.000000,0.027027,0.000000,0.032936,1.000000,0.970479,0.517241,0.000000
7,147,0.181818,0.067568,0.000000,0.000000,0.818182,1.000000,0.396552,0.000000
7,148,1.000000,0.250000,0.000000,0.028520,0.000000,0.974437,0.172414,0.000000
8,0,0.121212,0.054054,0.000000,0.509167,0.878788,0.634201,0.355932,0.000000
8,1,0.121212,0.054054,0.000000,0.447471,0.878788,0.678525,0.220339,0.000000
8,2,0.121212,0.054054,0.711867,0.536413,0.878788,0.414184,0.338983,0.082601
8,3,0.121212,0.054054,0.000000,0.325908,0.878788,0.765859,0.203390,0.000000
8,4,0.121212,0.054054,0.401702,0.303799,0.878788,0.668634,0.423729,0.046611
8,5,0.121212,0.054054,0.000000,0.472686,0.878788,0.660410,0.338983,0.000000
8,6,0.121212,0.054054,0.000000,0.514304,0.878788,0.630510,0.288136,0.000000
8,7,0.121212,0.054054,0.000000,0.435210,0.878788,0.687333,0.254237,0.000000
8,8,0.121212,0.054054,0.154932,0.288196,0.878788,0.749328,0.305085,0.017977
8,9,0.121212,0.054054,0.058827,0.658872,0.878788,0.510085,0.305085,0.011765
8,10,0.121212,0.054054,0.314261,0.568798,0.878788,0.502873,0.305085,0.062852
8,11,0.121212,0.054054,0.000000,0.451654,0.878788,0.675519,0.322034,0.000000
8,12,0.121212,0.054054,0.137923,0.268701,0.878788,0.768122,0.254237,0.027585
8,13,0.121212,0.054054,0.000000,0.485203,0.878788,0.651417,0.389831,0.000000
8,14,0.121212,0.054054,0.056891,0.796218,0.878788,0.411957,0.355932,0.011378
8,15,0.121212,0.054054,0.494180,0.404637,0.878788,0.570150,0.271186,0.098836
8,16,0.121212,0.054054,0.000000,0.673338,0.878788,0.516256,0.254237,0.000000
8,17,0.121212,0.054054,0.000000,0.505405,0.878788,0.636903,0.355932,0.000000
8,18,0.121212,0.054054,0.000000,0.274892,0.878788,0.802510,0.220339,0.000000
8,19,0.121212,0.054054,0.758399,0.221114,0.878788,0.627601,0.254237,0.088000
8,20,0.121212,0.054054,0.610938,0.657692,0.878788,0.355473,0.237288,0.070890
8,21,0.121212,0.054054,0.000000,0.168469,0.878788,0.878967,0.220339,0.000000
8,22,0.121212,0.054054,0.283884,0.491123,0.878788,0.567230,0.254237,0.032940
8,23,0.121212,0.054054,0.000000,0.398506,0.878788,0.713702,0.237288,0.000000
8,24,0.121212,0.054054,0.576080,0.758042,0.878788,0.293194,0.254237,0.066845
8,25,0.121212,0.054054,0.034973,0.245816,0.878788,0.813552,0.237288,0.004058
8,26,0.121212,0.054054,0.000000,0.707558,0.878788,0.491671,0.237288,0.000000
8,27,0.060606,0.040541,0.000000,0.816527,0.939394,0.413385,0.338983,0.000000
8,28,0.060606,0.040541,0.000000,0.681726,0.939394,0.510230,0.406780,0.000000
8,29,0.060606,0.040541,0.134322,0.689169,0.939394,0.467061,0.355932,0.026864
8,30,0.060606,0.040541,0.000000,0.503192,0.939394,0.638493,0.406780,0.000000
8,31,0.060606,0.040541,0.000000,0.702761,0.939394,0.495118,0.389831,0.000000
8,32,0.060606,0.040541,0.136354,0.909146,0.939394,0.308451,0.423729,0.027271
8,33,0.060606,0.040541,0.000000,0.606823,0.939394,0.564042,0.372881,0.000000
8,34,0.060606,0.040541,0.000000,0.718086,0.939394,0.484108,0.389831,0.000000
8,35,0.060606,0.040541,0.000000,0.802823,0.939394,0.423230,0.423729,0.000000
8,36,0.424242,0.121622,1.000000,1.000000,0.575758,0.000000,0.186441,0.116034
8,37,0.121212,0.054054,0.000000,0.312023,0.878788,0.775834,0.288136,0.000000
8,38,0.121212,0.054054,0.393986,0.363754,0.878788,0.627734,0.271186,0.078797
8,39,0.121212,0.054054,0.000000,0.287226,0.878788,0.793649,0.271186,0.000000
8,40,0.121212,0.054054,0.203762,0.768875,0.878788,0.390245,0.220339,0.040752
8,41,0.121212,0.054054,0.000000,0.231704,0.878788,0.833538,0.372881,0.000000
8,42,0.121212,0.054054,0.000000,0.472686,0.878788,0.660410,0.322034,0.000000
8,43,0.121212,0.054054,0.000000,0.224780,0.878788,0.838512,0.254237,0.000000
8,44,0.121212,0.054054,0.241146,0.744846,0.878788,0.396983,0.288136,0.048229
8,45,0.121212,0.054054,0.329194,0.236533,0.878788,0.737377,0.372881,0.038198
8,46,0.121212,0.054054,0.371019,0.567381,0.878788,0.487909,0.322034,0.074204
8,47,0.121212,0.054054,0.056891,0.518447,0.878788,0.611515,0.305085,0.011378
8,48,0.121212,0.054054,0.000000,0.574343,0.878788,0.587376,0.271186,0.000000
8,49,0.121212,0.054054,0.192305,0.582222,0.878788,0.527568,0.271186,0.038461
8,50,0.121212,0.054054,0.000000,0.223182,0.878788,0.839660,0.372881,0.000000
8,51,0.121212,0.054054,0.546616,0.744230,0.878788,0.311413,0.305085,0.109323
8,52,0.121212,0.054054,0.000000,0.202483,0.878788,0.854531,0.271186,0.000000
8,53,0.121212,0.054054,0.000000,0.642945,0.878788,0.538091,0.254237,0.000000
8,54,0.121212,0.054054,0.224601,0.314167,0.878788,0.711053,0.372881,0.044920
8,55,0.121212,0.054054,0.000000,0.177224,0.878788,0.872677,0.254237,0.000000
8,56,0.121212,0.054054,0.000000,0.137396,0.878788,0.901291,0.322034,0.000000
8,57,0.121212,0.054054,0.128471,0.198907,0.878788,0.820926,0.271186,0.014907
8,58,0.121212,0.054054,0.324949,0.443160,0.878788,0.590125,0.305085,0.064990
8,59,0.121212,0.054054,0.000000,0.054056,0.878788,0.961165,0.288136,0.000000
8,60,0.121212,0.054054,0.000000,0.246329,0.878788,0.823031,0.288136,0.000000
8,61,0.121212,0.054054,0.004176,0.075739,0.878788,0.944411,0.271186,0.000485
8,62,0.121212,0.054054,0.433155,0.358409,0.878788,0.620545,0.288136,0.086631
8,63,0.121212,0.054054,0.548295,0.193684,0.878788,0.706467,0.254237,0.063621
8,64,0.060606,0.040541,0.000000,0.852440,0.939394,0.387584,0.406780,0.000000
8,65,0.060606,0.040541,0.000000,0.659303,0.939394,0.526339,0.389831,0.000000
8,66,0.060606,0.040541,0.000000,0.852440,0.939394,0.387584,0.406780,0.000000
8,67,0.060606,0.040541,0.000000,0.676366,0.939394,0.514081,0.423729,0.000000
8,68,0.060606,0.040541,0.000000,0.465393,0.939394,0.665649,0.423729,0.000000
8,69,0.060606,0.040541,0.567071,0.885086,0.939394,0.204459,0.389831,0.113414
8,70,0.060606,0.040541,0.388277,0.419858,0.939394,0.589034,0.406780,0.077655
8,71,0.060606,0.040541,0.922860,0.676366,0.939394,0.254228,0.406780,0.184572
8,72,0.060606,0.040541,0.402591,0.691176,0.939394,0.390082,0.406780,0.080518
8,73,0.424242,0.121622,0.000000,0.106086,0.575758,0.923785,0.203390,0.000000
8,74,0.121212,0.054054,0.000000,0.331943,0.878788,0.761523,0.220339,0.000000
8,75,0.121212,0.054054,0.000000,0.145413,0.878788,0.895531,0.271186,0.000000
8,76,0.121212,0.054054,0.000000,0.390947,0.878788,0.719133,0.203390,0.000000
8,77,0.121212,0.054054,0.343936,0.145413,0.878788,0.798688,0.271186,0.039908
8,78,0.121212,0.054054,0.429351,0.249743,0.878788,0.699684,0.288136,0.049819
8,79,0.121212,0.054054,0.361699,0.000000,0.878788,0.898155,0.220339,0.041969
8,80,0.121212,0.054054,0.000000,0.431284,0.878788,0.690154,0.220339,0.000000
8,81,0.121212,0.054054,0.109328,0.217049,0.878788,0.813283,0.288136,0.021866
8,82,0.121212,0.054054,0.000000,0.094512,0.878788,0.932100,0.203390,0.000000
8,83,0.121212,0.054054,0.157416,0.361633,0.878788,0.695869,0.220339,0.018266
8,84,0.121212,0.054054,0.000000,0.050351,0.878788,0.963826,0.288136,0.000000
8,85,0.121212,0.054054,0.000000,0.154415,0.878788,0.889064,0.220339,0.000000
8,86,0.121212,0.054054,0.000000,0.000000,0.878788,1.000000,0.305085,0.000000
8,87,0.121212,0.054054,0.914471,0.471496,0.878788,0.403774,0.220339,0.106110
8,88,0.121212,0.054054,0.000000,0.051988,0.878788,0.962650,0.254237,0.000000
8,89,0.121212,0.054054,0.000000,0.343914,0.878788,0.752923,0.186441,0.000000
8,90,0.121212,0.054054,0.000000,0.343914,0.878788,0.752923,0.220339,0.000000
8,91,0.121212,0.054054,0.000000,0.265915,0.878788,0.808959,0.220339,0.000000
8,92,0.121212,0.054054,0.000000,0.097667,0.878788,0.929833,0.186441,0.000000
8,93,0.121212,0.054054,0.345325,0.145413,0.878788,0.798297,0.220339,0.040069
8,94,0.121212,0.054054,0.000000,0.458785,0.878788,0.670397,0.203390,0.000000
8,95,0.121212,0.054054,0.000000,0.145413,0.878788,0.895531,0.220339,0.000000
8,96,0.121212,0.054054,0.370590,0.437067,0.878788,0.581651,0.237288,0.043001
8,97,0.121212,0.054054,0.000000,0.152178,0.878788,0.890672,0.186441,0.000000
8,98,0.121212,0.054054,0.000000,0.682303,0.878788,0.509815,0.186441,0.000000
8,99,0.121212,0.054054,0.081208,0.245816,0.878788,0.800533,0.220339,0.009423
8,100,0.121212,0.054054,0.000000,0.513874,0.878788,0.630819,0.203390,0.000000
8,101,0.060606,0.040541,0.000000,0.127357,0.939394,0.908503,0.186441,0.000000
8,102,0.060606,0.040541,0.000000,0.050351,0.939394,0.963826,0.271186,0.000000
8,103,0.060606,0.040541,0.000000,0.000000,0.939394,1.000000,0.203390,0.000000
8,104,0.060606,0.040541,0.000000,0.000000,0.939394,1.000000,0.271186,0.000000
8,105,0.060606,0.040541,0.000000,0.297124,0.939394,0.786538,0.220339,0.000000
8,106,0.060606,0.040541,0.000000,0.051988,0.939394,0.962650,0.237288,0.000000
8,107,0.060606,0.040541,0.000000,0.214893,0.939394,0.845615,0.237288,0.000000
8,108,0.060606,0.040541,0.000000,0.214893,0.939394,0.845615,0.220339,0.000000
8,109,0.060606,0.040541,0.000000,0.171403,0.939394,0.876859,0.237288,0.000000
8,110,0.424242,0.121622,0.071258,0.893914,0.575758,0.337724,0.186441,0.008268
8,111,0.030303,0.033784,0.000000,0.134799,0.969697,0.903157,0.423729,0.000000
8,112,0.030303,0.033784,0.000000,0.061696,0.969697,0.955676,0.457627,0.000000
8,113,0.030303,0.033784,0.000000,0.141761,0.969697,0.898155,0.423729,0.000000
8,114,0.030303,0.033784,0.000000,0.588380,0.969697,0.577292,0.491525,0.000000
8,115,0.030303,0.033784,0.000000,0.177648,0.969697,0.872373,0.423729,0.000000
8,116,0.030303,0.033784,0.000000,0.000000,0.969697,1.000000,0.491525,0.000000
8,117,0.030303,0.033784,0.000000,0.141761,0.969697,0.898155,0.474576,0.000000
8,118,0.030303,0.033784,0.000000,0.526684,0.969697,0.621616,0.474576,0.000000
8,119,0.030303,0.033784,0.000000,0.042849,0.969697,0.969216,0.440678,0.000000
8,120,0.030303,0.033784,0.000000,0.270142,0.969697,0.805923,0.406780,0.000000
8,121,0.030303,0.033784,0.000000,0.000000,0.969697,1.000000,0.474576,0.000000
8,122,0.030303,0.033784,0.000000,0.277104,0.969697,0.800921,0.389831,0.000000
8,123,0.030303,0.033784,0.000000,0.313521,0.969697,0.774758,0.457627,0.000000
8,124,0.030303,0.033784,0.000000,0.209476,0.969697,0.849507,0.389831,0.000000
8,125,0.030303,0.033784,0.000000,0.000000,0.969697,1.000000,0.457627,0.000000
8,126,0.030303,0.033784,0.000000,0.141761,0.969697,0.898155,0.474576,0.000000
8,127,0.030303,0.033784,0.000000,0.313521,0.969697,0.774758,0.474576,0.000000
8,128,0.030303,0.033784,0.000000,0.074677,0.969697,0.946350,0.440678,0.000000
8,129,0.030303,0.033784,0.000000,0.000000,0.969697,1.000000,0.474576,0.000000
8,130,0.030303,0.033784,0.000000,0.061696,0.969697,0.955676,0.474576,0.000000
8,131,0.030303,0.033784,0.000000,0.000000,0.969697,1.000000,0.491525,0.000000
8,132,0.030303,0.033784,0.000000,0.420105,0.969697,0.698186,0.457627,0.000000
8,133,0.030303,0.033784,0.000000,0.000000,0.969697,1.000000,0.474576,0.000000
8,134,0.030303,0.033784,0.000000,0.000000,0.969697,1.000000,0.508475,0.000000
8,135,0.030303,0.033784,0.000000,0.000000,0.969697,1.000000,0.491525,0.000000
8,136,0.030303,0.033784,0.000000,0.358409,0.969697,0.742510,0.474576,0.000000
8,137,0.030303,0.033784,0.000000,0.000000,0.969697,1.000000,0.508475,0.000000
8,138,0.000000,0.027027,0.000000,0.163271,1.000000,0.882702,0.457627,0.000000
8,139,0.000000,0.027027,0.000000,0.027928,1.000000,0.979936,0.491525,0.000000
8,140,0.000000,0.027027,0.000000,0.163271,1.000000,0.882702,0.474576,0.000000
8,141,0.000000,0.027027,0.000000,0.173173,1.000000,0.875588,0.491525,0.000000
8,142,0.000000,0.027027,0.000000,0.059756,1.000000,0.957070,0.474576,0.000000
8,143,0.000000,0.027027,0.000000,0.027928,1.000000,0.979936,0.474576,0.000000
8,144,0.000000,0.027027,0.000000,0.027928,1.000000,0.979936,0.457627,0.000000
8,145,0.000000,0.027027,0.000000,0.173173,1.000000,0.875588,0.491525,0.000000
8,146,0.000000,0.027027,0.000000,0.059756,1.000000,0.957070,0.508475,0.000000
8,147,0.181818,0.067568,0.000000,0.000000,0.818182,1.000000,0.389831,0.000000
8,148,1.000000,0.250000,0.000000,0.000000,0.000000,1.000000,0.169492,0.000000
9,0,0.121212,0.054054,0.000000,0.589681,0.878788,0.509394,0.350000,0.000000
9,1,0.121212,0.054054,0.000000,0.452546,0.878788,0.623488,0.216667,0.000000
9,2,0.121212,0.054054,0.074717,0.549254,0.878788,0.513236,0.350000,0.014943
9,3,0.121212,0.054054,0.000000,0.570308,0.878788,0.525512,0.200000,0.000000
9,4,0.121212,0.054054,0.001757,0.255347,0.878788,0.786854,0.433333,0.000351
9,5,0.121212,0.054054,0.000000,0.330810,0.878788,0.724771,0.333333,0.000000
9,6,0.121212,0.054054,0.105479,0.411428,0.878788,0.615639,0.283333,0.021096
9,7,0.121212,0.054054,0.000000,0.447133,0.878788,0.627992,0.250000,0.000000
9,8,0.121212,0.054054,0.000000,0.392055,0.878788,0.673816,0.316667,0.000000
9,9,0.121212,0.054054,0.869536,0.785207,0.878788,0.000000,0.300000,0.173907
9,10,0.121212,0.054054,0.085860,0.685349,0.878788,0.395563,0.300000,0.017172
9,11,0.121212,0.054054,0.000000,0.795665,0.878788,0.338018,0.316667,0.000000
9,12,0.121212,0.054054,0.156993,0.178049,0.878788,0.789266,0.250000,0.031399
9,13,0.121212,0.054054,0.000000,0.536855,0.878788,0.553345,0.383333,0.000000
9,14,0.121212,0.054054,0.065677,1.000000,0.878788,0.141827,0.350000,0.013135
9,15,0.121212,0.054054,0.270123,0.340079,0.878788,0.609351,0.266667,0.054025
9,16,0.121212,0.054054,0.000000,0.201878,0.878788,0.832041,0.250000,0.000000
9,17,0.121212,0.054054,0.308267,0.587911,0.878788,0.387948,0.350000,0.061653
9,18,0.121212,0.054054,0.000000,0.338407,0.878788,0.718450,0.216667,0.000000
9,19,0.121212,0.054054,0.476025,0.416737,0.878788,0.463471,0.266667,0.070868
9,20,0.121212,0.054054,1.000000,0.661495,0.878788,0.050905,0.250000,0.148875
9,21,0.121212,0.054054,0.000000,0.416737,0.878788,0.653281,0.216667,0.000000
9,22,0.121212,0.054054,0.007053,0.203422,0.878788,0.827944,0.266667,0.001411
9,23,0.121212,0.054054,0.000000,0.309347,0.878788,0.742628,0.233333,0.000000
9,24,0.121212,0.054054,0.068799,0.799593,0.878788,0.307318,0.266667,0.013760
9,25,0.121212,0.054054,0.000000,0.297113,0.878788,0.752806,0.250000,0.000000
9,26,0.121212,0.054054,0.000000,0.333377,0.878788,0.722635,0.233333,0.000000
9,27,0.060606,0.040541,0.000000,0.512835,0.939394,0.573329,0.333333,0.000000
9,28,0.060606,0.040541,0.000000,0.649540,0.939394,0.459592,0.400000,0.000000
9,29,0.060606,0.040541,0.000000,0.436904,0.939394,0.636502,0.350000,0.000000
9,30,0.060606,0.040541,0.044023,0.024479,0.939394,0.962080,0.400000,0.006554
9,31,0.060606,0.040541,0.000000,0.439801,0.939394,0.634092,0.383333,0.000000
9,32,0.060606,0.040541,0.273656,0.798650,0.939394,0.226417,0.416667,0.054731
9,33,0.060606,0.040541,0.000000,0.253690,0.939394,0.788934,0.366667,0.000000
9,34,0.060606,0.040541,0.000000,0.048307,0.939394,0.959809,0.383333,0.000000
9,35,0.060606,0.040541,0.000000,0.325316,0.939394,0.729342,0.416667,0.000000
9,36,0.424242,0.121622,0.000000,0.699569,0.575758,0.417969,0.200000,0.000000
9,37,0.121212,0.054054,0.000000,0.134907,0.878788,0.887759,0.283333,0.000000
9,38,0.121212,0.054054,0.568314,0.452546,0.878788,0.396878,0.266667,0.084608
9,39,0.121212,0.054054,0.000000,0.091143,0.878788,0.924171,0.266667,0.000000
9,40,0.121212,0.054054,0.000000,0.631388,0.878788,0.474694,0.216667,0.000000
9,41,0.121212,0.054054,0.318673,0.075241,0.878788,0.810333,0.366667,0.047443
9,42,0.121212,0.054054,0.180254,0.215821,0.878788,0.748565,0.316667,0.026835
9,43,0.121212,0.054054,0.239928,0.412174,0.878788,0.561408,0.250000,0.047986
9,44,0.121212,0.054054,0.202506,0.595348,0.878788,0.423932,0.283333,0.040501
9,45,0.121212,0.054054,0.000000,0.180012,0.878788,0.850233,0.383333,0.000000
9,46,0.121212,0.054054,0.000000,0.424376,0.878788,0.646925,0.316667,0.000000
9,47,0.121212,0.054054,0.245931,0.556665,0.878788,0.438801,0.300000,0.049186
9,48,0.121212,0.054054,0.000000,0.387543,0.878788,0.677570,0.266667,0.000000
9,49,0.121212,0.054054,0.173291,0.046318,0.878788,0.892366,0.266667,0.025799
9,50,0.121212,0.054054,0.000000,0.036833,0.878788,0.969355,0.366667,0.000000
9,51,0.121212,0.054054,0.000000,0.640190,0.878788,0.467372,0.300000,0.000000
9,52,0.121212,0.054054,0.000000,0.232956,0.878788,0.806184,0.266667,0.000000
9,53,0.121212,0.054054,0.000000,0.279275,0.878788,0.767648,0.250000,0.000000
9,54,0.121212,0.054054,0.304262,0.083525,0.878788,0.809187,0.366667,0.045297
9,55,0.121212,0.054054,0.044023,0.156006,0.878788,0.852652,0.250000,0.008805
9,56,0.121212,0.054054,0.000000,0.416737,0.878788,0.653281,0.316667,0.000000
9,57,0.121212,0.054054,0.311265,0.222296,0.878788,0.690939,0.283333,0.046340
9,58,0.121212,0.054054,0.594022,0.588450,0.878788,0.273558,0.300000,0.088435
9,59,0.121212,0.054054,0.000000,0.233475,0.878788,0.805753,0.283333,0.000000
9,60,0.121212,0.054054,0.435590,0.129460,0.878788,0.718604,0.283333,0.064849
9,61,0.121212,0.054054,0.286346,0.310371,0.878788,0.627598,0.283333,0.042630
9,62,0.121212,0.054054,0.323638,0.319454,0.878788,0.605172,0.283333,0.048182
9,63,0.121212,0.054054,0.093742,0.266595,0.878788,0.740818,0.266667,0.018748
9,64,0.060606,0.040541,0.000000,0.620722,0.939394,0.483569,0.400000,0.000000
9,65,0.060606,0.040541,0.000000,0.717201,0.939394,0.403299,0.383333,0.000000
9,66,0.060606,0.040541,0.000000,0.583888,0.939394,0.514213,0.400000,0.000000
9,67,0.060606,0.040541,0.000000,0.199726,0.939394,0.833831,0.416667,0.000000
9,68,0.060606,0.040541,0.000000,0.233179,0.939394,0.805999,0.416667,0.000000
9,69,0.060606,0.040541,0.709107,0.750174,0.939394,0.093117,0.383333,0.141821
9,70,0.060606,0.040541,0.375340,0.196345,0.939394,0.686980,0.400000,0.055879
9,71,0.060606,0.040541,0.050140,0.199726,0.939394,0.813838,0.400000,0.007465
9,72,0.060606,0.040541,0.007408,0.229318,0.939394,0.806257,0.400000,0.001103
9,73,0.424242,0.121622,0.000000,0.289387,0.575758,0.759234,0.200000,0.000000
9,74,0.121212,0.054054,0.000000,0.473290,0.878788,0.606230,0.216667,0.000000
9,75,0.121212,0.054054,0.000000,0.000000,0.878788,1.000000,0.266667,0.000000
9,76,0.121212,0.054054,0.000000,0.476627,0.878788,0.603453,0.200000,0.000000
9,77,0.121212,0.054054,0.000000,0.152728,0.878788,0.872932,0.283333,0.000000
9,78,0.121212,0.054054,0.087835,0.180106,0.878788,0.815131,0.300000,0.017567
9,79,0.121212,0.054054,0.000000,0.114989,0.878788,0.904331,0.233333,0.000000
9,80,0.121212,0.054054,0.000000,0.232211,0.878788,0.806804,0.216667,0.000000
9,81,0.121212,0.054054,0.000000,0.298550,0.878788,0.751611,0.283333,0.000000
9,82,0.121212,0.054054,0.486071,0.212043,0.878788,0.629767,0.200000,0.072364
9,83,0.121212,0.054054,0.000000,0.557066,0.878788,0.536529,0.233333,0.000000
9,84,0.121212,0.054054,0.038635,0.170276,0.878788,0.842927,0.283333,0.007727
9,85,0.121212,0.054054,0.000000,0.567524,0.878788,0.527828,0.216667,0.000000
9,86,0.121212,0.054054,0.000000,0.173827,0.878788,0.855379,0.300000,0.000000
9,87,0.121212,0.054054,0.358284,0.536855,0.878788,0.410482,0.233333,0.071657
9,88,0.121212,0.054054,0.000000,0.401402,0.878788,0.666039,0.250000,0.000000
9,89,0.121212,0.054054,0.000000,0.340079,0.878788,0.717060,0.183333,0.000000
9,90,0.121212,0.054054,0.000000,0.197655,0.878788,0.835554,0.216667,0.000000
9,91,0.121212,0.054054,0.000000,0.504386,0.878788,0.580358,0.216667,0.000000
9,92,0.121212,0.054054,0.000000,0.200918,0.878788,0.832839,0.183333,0.000000
9,93,0.121212,0.054054,0.332597,0.000000,0.878788,0.867380,0.233333,0.049515
9,94,0.121212,0.054054,0.086783,0.457715,0.878788,0.584584,0.200000,0.012920
9,95,0.121212,0.054054,0.076854,0.000000,0.878788,0.969355,0.216667,0.011442
9,96,0.121212,0.054054,0.000000,0.107082,0.878788,0.910909,0.250000,0.000000
9,97,0.121212,0.054054,0.000000,0.179887,0.878788,0.850337,0.183333,0.000000
9,98,0.121212,0.054054,0.000000,0.489221,0.878788,0.592975,0.183333,0.000000
9,99,0.121212,0.054054,0.000000,0.149372,0.878788,0.875725,0.233333,0.000000
9,100,0.121212,0.054054,0.000000,0.203917,0.878788,0.830344,0.200000,0.000000
9,101,0.060606,0.040541,0.000000,0.284693,0.939394,0.763139,0.183333,0.000000
9,102,0.060606,0.040541,0.000000,0.170276,0.939394,0.858332,0.266667,0.000000
9,103,0.060606,0.040541,0.000000,0.208762,0.939394,0.826313,0.200000,0.000000
9,104,0.060606,0.040541,0.000000,0.021099,0.939394,0.982446,0.266667,0.000000
9,105,0.060606,0.040541,0.000000,0.439801,0.939394,0.634092,0.216667,0.000000
9,106,0.060606,0.040541,0.000000,0.286413,0.939394,0.761709,0.233333,0.000000
9,107,0.060606,0.040541,0.000000,0.253690,0.939394,0.788934,0.233333,0.000000
9,108,0.060606,0.040541,0.286136,0.044927,0.939394,0.848527,0.216667,0.042599
9,109,0.060606,0.040541,0.000000,0.292343,0.939394,0.756775,0.233333,0.000000
9,110,0.424242,0.121622,0.409681,0.547317,0.575758,0.381284,0.200000,0.081936
9,111,0.030303,0.033784,0.000000,0.018516,0.969697,0.984595,0.416667,0.000000
9,112,0.030303,0.033784,0.000000,0.000000,0.969697,1.000000,0.450000,0.000000
9,113,0.030303,0.033784,0.000000,0.018516,0.969697,0.984595,0.416667,0.000000
9,114,0.030303,0.033784,0.000000,0.213809,0.969697,0.822114,0.483333,0.000000
9,115,0.030303,0.033784,0.000000,0.000000,0.969697,1.000000,0.416667,0.000000
9,116,0.030303,0.033784,0.000000,0.000000,0.969697,1.000000,0.483333,0.000000
9,117,0.030303,0.033784,0.000000,0.232956,0.969697,0.806184,0.466667,0.000000
9,118,0.030303,0.033784,0.000000,0.446765,0.969697,0.628298,0.466667,0.000000
9,119,0.030303,0.033784,0.000000,0.000000,0.969697,1.000000,0.433333,0.000000
9,120,0.030303,0.033784,0.000000,0.196235,0.969697,0.836736,0.400000,0.000000
9,121,0.030303,0.033784,0.000000,0.041592,0.969697,0.965396,0.466667,0.000000
9,122,0.030303,0.033784,0.000000,0.159402,0.969697,0.867380,0.383333,0.000000
9,123,0.030303,0.033784,0.000000,0.042096,0.969697,0.964977,0.450000,0.000000
9,124,0.030303,0.033784,0.000000,0.036833,0.969697,0.969355,0.383333,0.000000
9,125,0.030303,0.033784,0.000000,0.041592,0.969697,0.965396,0.450000,0.000000
9,126,0.030303,0.033784,0.000000,0.232956,0.969697,0.806184,0.466667,0.000000
9,127,0.030303,0.033784,0.000000,0.275052,0.969697,0.771161,0.466667,0.000000
9,128,0.030303,0.033784,0.000000,0.000000,0.969697,1.000000,0.433333,0.000000
9,129,0.030303,0.033784,0.000000,0.018516,0.969697,0.984595,0.466667,0.000000
9,130,0.030303,0.033784,0.000000,0.000000,0.969697,1.000000,0.466667,0.000000
9,131,0.030303,0.033784,0.000000,0.018516,0.969697,0.984595,0.483333,0.000000
9,132,0.030303,0.033784,0.000000,0.171713,0.969697,0.857138,0.450000,0.000000
9,133,0.030303,0.033784,0.000000,0.137135,0.969697,0.885906,0.466667,0.000000
9,134,0.030303,0.033784,0.000000,0.000000,0.969697,1.000000,0.500000,0.000000
9,135,0.030303,0.033784,0.000000,0.000000,0.969697,1.000000,0.483333,0.000000
9,136,0.030303,0.033784,0.000000,0.171713,0.969697,0.857138,0.466667,0.000000
9,137,0.030303,0.033784,0.000000,0.137135,0.969697,0.885906,0.500000,0.000000
9,138,0.000000,0.027027,0.000000,0.392580,1.000000,0.673379,0.450000,0.000000
9,139,0.000000,0.027027,0.000000,0.237937,1.000000,0.802040,0.483333,0.000000
9,140,0.000000,0.027027,0.000000,0.355747,1.000000,0.704024,0.466667,0.000000
9,141,0.000000,0.027027,0.000000,0.196345,1.000000,0.836644,0.483333,0.000000
9,142,0.000000,0.027027,0.000000,0.233179,1.000000,0.805999,0.466667,0.000000
9,143,0.000000,0.027027,0.000000,0.237937,1.000000,0.802040,0.466667,0.000000
9,144,0.000000,0.027027,0.000000,0.196345,1.000000,0.836644,0.450000,0.000000
9,145,0.000000,0.027027,0.000000,0.196345,1.000000,0.836644,0.483333,0.000000
9,146,0.000000,0.027027,0.000000,0.196345,1.000000,0.836644,0.500000,0.000000
9,147,0.181818,0.067568,0.000000,0.137135,0.818182,0.885906,0.383333,0.000000
9,148,1.000000,0.250000,0.000000,0.000000,0.000000,1.000000,0.166667,0.000000
10,0,0.121212,0.054054,0.000000,0.663645,0.878788,0.484344,0.344262,0.000000
10,1,0.121212,0.054054,0.000000,0.431611,0.878788,0.664636,0.213115,0.000000
10,2,0.121212,0.054054,0.361945,0.554683,0.878788,0.437875,0.344262,0.072389
10,3,0.121212,0.054054,0.281169,0.475179,0.878788,0.528916,0.196721,0.031575
10,4,0.121212,0.054054,0.000000,0.674112,0.878788,0.476212,0.426230,0.000000
10,5,0.121212,0.054054,0.000000,0.553782,0.878788,0.569709,0.327869,0.000000
10,6,0.121212,0.054054,0.000000,0.755499,0.878788,0.412974,0.278689,0.000000
10,7,0.121212,0.054054,0.000000,0.784831,0.878788,0.390182,0.245902,0.000000
10,8,0.121212,0.054054,0.000000,0.767160,0.878788,0.403913,0.311475,0.000000
10,9,0.121212,0.054054,0.563698,0.571346,0.878788,0.351832,0.295082,0.112740
10,10,0.121212,0.054054,0.000000,0.880185,0.878788,0.316092,0.295082,0.000000
10,11,0.121212,0.054054,0.000000,0.673069,0.878788,0.477022,0.311475,0.000000
10,12,0.121212,0.054054,0.344989,0.840051,0.878788,0.222285,0.245902,0.038742
10,13,0.121212,0.054054,0.000000,0.906141,0.878788,0.295924,0.377049,0.000000
10,14,0.121212,0.054054,0.000000,0.715166,0.878788,0.444313,0.344262,0.000000
10,15,0.121212,0.054054,0.440601,0.535468,0.878788,0.424308,0.262295,0.088120
10,16,0.121212,0.054054,0.000000,0.709773,0.878788,0.448503,0.245902,0.000000
10,17,0.121212,0.054054,0.647357,0.948215,0.878788,0.028692,0.344262,0.072698
10,18,0.121212,0.054054,0.000000,0.685227,0.878788,0.467575,0.213115,0.000000
10,19,0.121212,0.054054,0.769056,0.262843,0.878788,0.517138,0.278689,0.086365
10,20,0.121212,0.054054,0.660323,0.939067,0.878788,0.031103,0.262295,0.132065
10,21,0.121212,0.054054,0.000000,0.262843,0.878788,0.795770,0.213115,0.000000
10,22,0.121212,0.054054,0.519336,0.473344,0.878788,0.444052,0.262295,0.103867
10,23,0.121212,0.054054,0.000000,0.497579,0.878788,0.613379,0.229508,0.000000
10,24,0.121212,0.054054,0.472971,0.961560,0.878788,0.081504,0.262295,0.094594
10,25,0.121212,0.054054,0.000000,0.449542,0.878788,0.650704,0.245902,0.000000
10,26,0.121212,0.054054,0.000000,0.712744,0.878788,0.446194,0.229508,0.000000
10,27,0.060606,0.040541,0.000000,0.694541,0.939394,0.460339,0.327869,0.000000
10,28,0.060606,0.040541,0.192274,1.000000,0.939394,0.153334,0.393443,0.038455
10,29,0.060606,0.040541,0.000000,0.790101,0.939394,0.386088,0.344262,0.000000
10,30,0.060606,0.040541,0.205406,0.916298,0.939394,0.213613,0.409836,0.041081
10,31,0.060606,0.040541,0.000000,0.681475,0.939394,0.470491,0.377049,0.000000
10,32,0.060606,0.040541,0.000000,0.834980,0.939394,0.351217,0.409836,0.000000
10,33,0.060606,0.040541,0.211068,0.563829,0.939394,0.485431,0.360656,0.042214
10,34,0.060606,0.040541,0.000000,0.663066,0.939394,0.484794,0.377049,0.000000
10,35,0.060606,0.040541,0.000000,0.854653,0.939394,0.335931,0.409836,0.000000
10,36,0.424242,0.121622,0.110045,0.980982,0.575758,0.197902,0.196721,0.022009
10,37,0.121212,0.054054,0.000000,0.674112,0.878788,0.476212,0.278689,0.000000
10,38,0.121212,0.054054,0.073527,0.431611,0.878788,0.637997,0.278689,0.008257
10,39,0.121212,0.054054,0.000000,0.244122,0.878788,0.810316,0.262295,0.000000
10,40,0.121212,0.054054,0.000000,0.789745,0.878788,0.386364,0.213115,0.000000
10,41,0.121212,0.054054,0.455381,0.639081,0.878788,0.338445,0.377049,0.091076
10,42,0.121212,0.054054,0.294387,0.374213,0.878788,0.602577,0.327869,0.033060
10,43,0.121212,0.054054,0.000000,0.517034,0.878788,0.598262,0.245902,0.000000
10,44,0.121212,0.054054,0.819559,0.904848,0.878788,0.000000,0.278689,0.163912
10,45,0.121212,0.054054,0.263690,0.275447,0.878788,0.690441,0.377049,0.029612
10,46,0.121212,0.054054,0.000000,0.596299,0.878788,0.536673,0.311475,0.000000
10,47,0.121212,0.054054,0.723585,0.649484,0.878788,0.233190,0.295082,0.081259
10,48,0.121212,0.054054,0.000000,0.497686,0.878788,0.613296,0.262295,0.000000
10,49,0.121212,0.054054,0.000000,0.650917,0.878788,0.494235,0.278689,0.000000
10,50,0.121212,0.054054,0.000000,0.237701,0.878788,0.815305,0.360656,0.000000
10,51,0.121212,0.054054,0.098087,0.870022,0.878788,0.288451,0.295082,0.011015
10,52,0.121212,0.054054,0.385109,0.139089,0.878788,0.752401,0.262295,0.043248
10,53,0.121212,0.054054,0.000000,0.650917,0.878788,0.494235,0.245902,0.000000
10,54,0.121212,0.054054,0.316740,0.220538,0.878788,0.713885,0.377049,0.035570
10,55,0.121212,0.054054,0.826877,0.621842,0.878788,0.217246,0.245902,0.165375
10,56,0.121212,0.054054,0.000000,0.262843,0.878788,0.795770,0.311475,0.000000
10,57,0.121212,0.054054,0.038521,0.194687,0.878788,0.834771,0.295082,0.007704
10,58,0.121212,0.054054,0.101570,0.380985,0.878788,0.667173,0.311475,0.020314
10,59,0.121212,0.054054,0.000000,0.659189,0.878788,0.487807,0.278689,0.000000
10,60,0.121212,0.054054,0.306510,0.303862,0.878788,0.652848,0.295082,0.034421
10,61,0.121212,0.054054,0.000000,0.377945,0.878788,0.706335,0.295082,0.000000
10,62,0.121212,0.054054,0.741035,0.496088,0.878788,0.346057,0.295082,0.148207
10,63,0.121212,0.054054,0.283789,0.535896,0.878788,0.480788,0.262295,0.031870
10,64,0.060606,0.040541,0.000000,0.426596,0.939394,0.668533,0.393443,0.000000
10,65,0.060606,0.040541,0.000000,0.548714,0.939394,0.573646,0.377049,0.000000
10,66,0.060606,0.040541,0.000000,0.426596,0.939394,0.668533,0.393443,0.000000
10,67,0.060606,0.040541,0.003300,0.310156,0.939394,0.757812,0.409836,0.000371
10,68,0.060606,0.040541,0.000000,0.067999,0.939394,0.947165,0.409836,0.000000
10,69,0.060606,0.040541,1.000000,0.769253,0.939394,0.039984,0.377049,0.112300
10,70,0.060606,0.040541,0.030341,0.067999,0.939394,0.936172,0.409836,0.003407
10,71,0.060606,0.040541,0.461449,0.310156,0.939394,0.591823,0.409836,0.051821
10,72,0.060606,0.040541,0.000000,0.288537,0.939394,0.775806,0.409836,0.000000
10,73,0.424242,0.121622,0.508857,0.445880,0.575758,0.469188,0.196721,0.057145
10,74,0.121212,0.054054,0.000000,0.371679,0.878788,0.711204,0.213115,0.000000
10,75,0.121212,0.054054,0.000000,0.000000,0.878788,1.000000,0.262295,0.000000
10,76,0.121212,0.054054,0.000000,0.554683,0.878788,0.569009,0.196721,0.000000
10,77,0.121212,0.054054,0.228612,0.212336,0.878788,0.752187,0.278689,0.025673
10,78,0.121212,0.054054,0.876635,0.382146,0.878788,0.385463,0.295082,0.098446
10,79,0.121212,0.054054,0.298293,0.179570,0.878788,0.752401,0.229508,0.059659
10,80,0.121212,0.054054,0.000000,0.453648,0.878788,0.647513,0.213115,0.000000
10,81,0.121212,0.054054,0.000000,0.482980,0.878788,0.624722,0.278689,0.000000
10,82,0.121212,0.054054,0.000000,0.561715,0.878788,0.563545,0.213115,0.000000
10,83,0.121212,0.054054,0.000000,0.081644,0.878788,0.936562,0.229508,0.000000
10,84,0.121212,0.054054,0.225257,0.403520,0.878788,0.604852,0.278689,0.025296
10,85,0.121212,0.054054,0.000000,0.314472,0.878788,0.755654,0.213115,0.000000
10,86,0.121212,0.054054,0.365690,0.597894,0.878788,0.402943,0.295082,0.041067
10,87,0.121212,0.054054,0.253372,0.775037,0.878788,0.305995,0.229508,0.028454
10,88,0.121212,0.054054,0.000000,0.017962,0.878788,0.986044,0.245902,0.000000
10,89,0.121212,0.054054,0.000000,0.535468,0.878788,0.583939,0.180328,0.000000
10,90,0.121212,0.054054,0.150128,0.467616,0.878788,0.582268,0.213115,0.030026
10,91,0.121212,0.054054,0.163194,0.727677,0.878788,0.375466,0.213115,0.018327
10,92,0.121212,0.054054,0.000000,0.338934,0.878788,0.736647,0.180328,0.000000
10,93,0.121212,0.054054,0.000000,0.000000,0.878788,1.000000,0.245902,0.000000
10,94,0.121212,0.054054,0.370631,0.849413,0.878788,0.205721,0.213115,0.074126
10,95,0.121212,0.054054,0.000000,0.000000,0.878788,1.000000,0.229508,0.000000
10,96,0.121212,0.054054,0.000000,0.216704,0.878788,0.831620,0.245902,0.000000
10,97,0.121212,0.054054,0.000000,0.193717,0.878788,0.849481,0.180328,0.000000
10,98,0.121212,0.054054,0.000000,0.659709,0.878788,0.487403,0.180328,0.000000
10,99,0.121212,0.054054,0.000000,0.147690,0.878788,0.885244,0.229508,0.000000
10,100,0.121212,0.054054,0.000000,0.408882,0.878788,0.682296,0.196721,0.000000
10,101,0.060606,0.040541,0.000000,0.284631,0.939394,0.778840,0.180328,0.000000
10,102,0.060606,0.040541,0.000000,0.640791,0.939394,0.502103,0.262295,0.000000
10,103,0.060606,0.040541,0.000000,0.380191,0.939394,0.704590,0.196721,0.000000
10,104,0.060606,0.040541,0.000000,0.622829,0.939394,0.516059,0.262295,0.000000
10,105,0.060606,0.040541,0.000000,0.630163,0.939394,0.510361,0.213115,0.000000
10,106,0.060606,0.040541,0.000000,0.255233,0.939394,0.801683,0.229508,0.000000
10,107,0.060606,0.040541,0.000000,0.512517,0.939394,0.601772,0.229508,0.000000
10,108,0.060606,0.040541,0.347498,0.369597,0.939394,0.586922,0.229508,0.069500
10,109,0.060606,0.040541,0.000000,0.582803,0.939394,0.547160,0.229508,0.000000
10,110,0.424242,0.121622,0.035786,0.697134,0.575758,0.445358,0.196721,0.007157
10,111,0.030303,0.033784,0.000000,0.382146,0.969697,0.703071,0.409836,0.000000
10,112,0.030303,0.033784,0.000000,0.000000,0.969697,1.000000,0.442623,0.000000
10,113,0.030303,0.033784,0.000000,0.244122,0.969697,0.810316,0.409836,0.000000
10,114,0.030303,0.033784,0.000000,0.526902,0.969697,0.590594,0.475410,0.000000
10,115,0.030303,0.033784,0.000000,0.347115,0.969697,0.730290,0.409836,0.000000
10,116,0.030303,0.033784,0.000000,0.000000,0.969697,1.000000,0.475410,0.000000
10,117,0.030303,0.033784,0.000000,0.215183,0.969697,0.832802,0.459016,0.000000
10,118,0.030303,0.033784,0.000000,0.602997,0.969697,0.531469,0.459016,0.000000
10,119,0.030303,0.033784,0.000000,0.070002,0.969697,0.945608,0.426230,0.000000
10,120,0.030303,0.033784,0.000000,0.106598,0.969697,0.917173,0.393443,0.000000
10,121,0.030303,0.033784,0.000000,0.172819,0.969697,0.865719,0.459016,0.000000
10,122,0.030303,0.033784,0.000000,0.139089,0.969697,0.891927,0.377049,0.000000
10,123,0.030303,0.033784,0.000000,0.408760,0.969697,0.682392,0.442623,0.000000
10,124,0.030303,0.033784,0.000000,0.106598,0.969697,0.917173,0.377049,0.000000
10,125,0.030303,0.033784,0.000000,0.172819,0.969697,0.865719,0.442623,0.000000
10,126,0.030303,0.033784,0.000000,0.139089,0.969697,0.891927,0.459016,0.000000
10,127,0.030303,0.033784,0.000000,0.408760,0.969697,0.682392,0.459016,0.000000
10,128,0.030303,0.033784,0.000000,0.000000,0.969697,1.000000,0.426230,0.000000
10,129,0.030303,0.033784,0.000000,0.275548,0.969697,0.785898,0.459016,0.000000
10,130,0.030303,0.033784,0.000000,0.000000,0.969697,1.000000,0.459016,0.000000
10,131,0.030303,0.033784,0.000000,0.105033,0.969697,0.918389,0.475410,0.000000
10,132,0.030303,0.033784,0.000000,0.118143,0.969697,0.908202,0.442623,0.000000
10,133,0.030303,0.033784,0.000000,0.402549,0.969697,0.687217,0.459016,0.000000
10,134,0.030303,0.033784,0.000000,0.000000,0.969697,1.000000,0.491803,0.000000
10,135,0.030303,0.033784,0.000000,0.076094,0.969697,0.940874,0.475410,0.000000
10,136,0.030303,0.033784,0.000000,0.194237,0.969697,0.849077,0.459016,0.000000
10,137,0.030303,0.033784,0.000000,0.232034,0.969697,0.819708,0.491803,0.000000
10,138,0.000000,0.027027,0.000000,0.016687,1.000000,0.987034,0.442623,0.000000
10,139,0.000000,0.027027,0.000000,0.189505,1.000000,0.852753,0.475410,0.000000
10,140,0.000000,0.027027,0.000000,0.016687,1.000000,0.987034,0.459016,0.000000
10,141,0.000000,0.027027,0.000000,0.016687,1.000000,0.987034,0.475410,0.000000
10,142,0.000000,0.027027,0.000000,0.016687,1.000000,0.987034,0.459016,0.000000
10,143,0.000000,0.027027,0.000000,0.189505,1.000000,0.852753,0.459016,0.000000
10,144,0.000000,0.027027,0.000000,0.016687,1.000000,0.987034,0.442623,0.000000
10,145,0.000000,0.027027,0.000000,0.016687,1.000000,0.987034,0.475410,0.000000
10,146,0.000000,0.027027,0.000000,0.016687,1.000000,0.987034,0.491803,0.000000
10,147,0.181818,0.067568,0.000000,0.162032,0.818182,0.874100,0.377049,0.000000
10,148,1.000000,0.250000,0.000000,0.000000,0.000000,1.000000,0.163934,0.000000
11,0,0.121212,0.054054,0.000000,0.841540,0.878788,0.375515,0.338710,0.000000
11,1,0.121212,0.054054,0.000000,0.459293,0.878788,0.659171,0.209677,0.000000
11,2,0.121212,0.054054,0.068916,0.546543,0.878788,0.572451,0.338710,0.013783
11,3,0.121212,0.054054,0.683026,0.632205,0.878788,0.313071,0.209677,0.072449
11,4,0.121212,0.054054,0.000000,0.585117,0.878788,0.565800,0.419355,0.000000
11,5,0.121212,0.054054,0.000000,0.249727,0.878788,0.814684,0.322581,0.000000
11,6,0.121212,0.054054,0.000000,0.632260,0.878788,0.530817,0.274194,0.000000
11,7,0.121212,0.054054,0.000000,0.761856,0.878788,0.434647,0.241935,0.000000
11,8,0.121212,0.054054,0.201992,0.437306,0.878788,0.611080,0.306452,0.021425
11,9,0.121212,0.054054,1.000000,0.917894,0.878788,0.000000,0.290323,0.200000
11,10,0.121212,0.054054,0.828458,0.746733,0.878788,0.181712,0.290323,0.087875
11,11,0.121212,0.054054,0.000000,0.474395,0.878788,0.647964,0.306452,0.000000
11,12,0.121212,0.054054,0.173251,0.684292,0.878788,0.436963,0.258065,0.018377
11,13,0.121212,0.054054,0.000000,1.000000,0.878788,0.257926,0.370968,0.000000
11,14,0.121212,0.054054,0.169726,0.910645,0.878788,0.270117,0.338710,0.033945
11,15,0.121212,0.054054,0.414687,0.433674,0.878788,0.545957,0.258065,0.082937
11,16,0.121212,0.054054,0.000000,0.757322,0.878788,0.438011,0.241935,0.000000
11,17,0.121212,0.054054,0.184345,0.807333,0.878788,0.342120,0.354839,0.036869
11,18,0.121212,0.054054,0.000000,0.991964,0.878788,0.263889,0.209677,0.000000
11,19,0.121212,0.054054,0.210432,0.429681,0.878788,0.614048,0.290323,0.022321
11,20,0.121212,0.054054,0.625624,0.936519,0.878788,0.105551,0.258065,0.125125
11,21,0.121212,0.054054,0.000000,0.429681,0.878788,0.681145,0.209677,0.000000
11,22,0.121212,0.054054,0.600411,0.553350,0.878788,0.397929,0.258065,0.120082
11,23,0.121212,0.054054,0.318520,0.220115,0.878788,0.735097,0.225806,0.033786
11,24,0.121212,0.054054,0.671943,0.632905,0.878788,0.316086,0.258065,0.134389
11,25,0.121212,0.054054,0.000000,0.262520,0.878788,0.805191,0.241935,0.000000
11,26,0.121212,0.054054,0.000000,0.347635,0.878788,0.742029,0.225806,0.000000
11,27,0.060606,0.040541,0.000000,0.707095,0.939394,0.475284,0.322581,0.000000
11,28,0.060606,0.040541,0.285915,0.830137,0.939394,0.292812,0.387097,0.030327
11,29,0.060606,0.040541,0.000000,0.557079,0.939394,0.586607,0.338710,0.000000
11,30,0.060606,0.040541,0.201424,0.594784,0.939394,0.494402,0.403226,0.021365
11,31,0.060606,0.040541,0.000000,0.602342,0.939394,0.553018,0.370968,0.000000
11,32,0.060606,0.040541,0.000000,0.994050,0.939394,0.262342,0.403226,0.000000
11,33,0.060606,0.040541,0.000000,0.249878,0.939394,0.814572,0.354839,0.000000
11,34,0.060606,0.040541,0.000000,0.371002,0.939394,0.724690,0.370968,0.000000
11,35,0.060606,0.040541,0.000000,0.703159,0.939394,0.478205,0.403226,0.000000
11,36,0.424242,0.121622,0.263024,0.899217,0.575758,0.248848,0.193548,0.052605
11,37,0.121212,0.054054,0.000000,0.810460,0.878788,0.398579,0.274194,0.000000
11,38,0.121212,0.054054,0.070594,0.459293,0.878788,0.636662,0.290323,0.007488
11,39,0.121212,0.054054,0.000000,0.571284,0.878788,0.576065,0.258065,0.000000
11,40,0.121212,0.054054,0.000000,0.836355,0.878788,0.379363,0.209677,0.000000
11,41,0.121212,0.054054,0.471337,0.498240,0.878788,0.479981,0.370968,0.094267
11,42,0.121212,0.054054,0.000000,0.270271,0.878788,0.799439,0.338710,0.000000
11,43,0.121212,0.054054,0.000000,0.388064,0.878788,0.712028,0.241935,0.000000
11,44,0.121212,0.054054,0.505471,0.665988,0.878788,0.344616,0.274194,0.101094
11,45,0.121212,0.054054,0.488782,0.370974,0.878788,0.568860,0.387097,0.051846
11,46,0.121212,0.054054,0.000000,0.565515,0.878788,0.580347,0.306452,0.000000
11,47,0.121212,0.054054,0.203196,0.338860,0.878788,0.683751,0.306452,0.021553
11,48,0.121212,0.054054,0.000000,0.369664,0.878788,0.725682,0.258065,0.000000
11,49,0.121212,0.054054,0.000000,0.526533,0.878788,0.609274,0.274194,0.000000
11,50,0.121212,0.054054,0.000000,0.486588,0.878788,0.638916,0.354839,0.000000
11,51,0.121212,0.054054,0.000000,0.627581,0.878788,0.534288,0.306452,0.000000
11,52,0.121212,0.054054,0.097589,0.330310,0.878788,0.723768,0.274194,0.019518
11,53,0.121212,0.054054,0.000000,0.664160,0.878788,0.507144,0.241935,0.000000
11,54,0.121212,0.054054,0.426619,0.386775,0.878788,0.576955,0.387097,0.045252
11,55,0.121212,0.054054,0.520810,0.639815,0.878788,0.359147,0.241935,0.104162
11,56,0.121212,0.054054,0.504519,0.429681,0.878788,0.520277,0.306452,0.053515
11,57,0.121212,0.054054,0.522528,0.551753,0.878788,0.423948,0.290323,0.104506
11,58,0.121212,0.054054,0.667653,0.567807,0.878788,0.365761,0.306452,0.070819
11,59,0.121212,0.054054,0.000000,0.532125,0.878788,0.605124,0.274194,0.000000
11,60,0.121212,0.054054,0.000000,0.240659,0.878788,0.821413,0.306452,0.000000
11,61,0.121212,0.054054,0.230341,0.194615,0.878788,0.782136,0.290323,0.024432
11,62,0.121212,0.054054,0.471159,0.259813,0.878788,0.656968,0.290323,0.049976
11,63,0.121212,0.054054,0.000000,0.611794,0.878788,0.546004,0.274194,0.000000
11,64,0.060606,0.040541,0.000000,0.298486,0.939394,0.778502,0.387097,0.000000
11,65,0.060606,0.040541,0.000000,0.422265,0.939394,0.686648,0.370968,0.000000
11,66,0.060606,0.040541,0.000000,0.340297,0.939394,0.747475,0.387097,0.000000
11,67,0.060606,0.040541,0.616364,0.371002,0.939394,0.528159,0.419355,0.065378
11,68,0.060606,0.040541,0.000000,0.306121,0.939394,0.772836,0.403226,0.000000
11,69,0.060606,0.040541,0.692275,0.710986,0.939394,0.251661,0.387097,0.073430
11,70,0.060606,0.040541,0.000000,0.249878,0.939394,0.814572,0.419355,0.000000
11,71,0.060606,0.040541,0.296778,0.371002,0.939394,0.630060,0.419355,0.031480
11,72,0.060606,0.040541,0.000000,0.499792,0.939394,0.629118,0.403226,0.000000
11,73,0.424242,0.121622,0.000000,0.450220,0.575758,0.665903,0.209677,0.000000
11,74,0.121212,0.054054,0.000000,0.117642,0.878788,0.912701,0.209677,0.000000
11,75,0.121212,0.054054,0.201457,0.051363,0.878788,0.897649,0.258065,0.021369
11,76,0.121212,0.054054,0.000000,0.117642,0.878788,0.912701,0.193548,0.000000
11,77,0.121212,0.054054,0.000000,0.253888,0.878788,0.811596,0.290323,0.000000
11,78,0.121212,0.054054,0.624994,0.217191,0.878788,0.639546,0.306452,0.066294
11,79,0.121212,0.054054,0.129914,0.041932,0.878788,0.927459,0.225806,0.013780
11,80,0.121212,0.054054,0.000000,0.393330,0.878788,0.708120,0.209677,0.000000
11,81,0.121212,0.054054,0.000000,0.595855,0.878788,0.557832,0.274194,0.000000
11,82,0.121212,0.054054,0.118309,0.259123,0.878788,0.769988,0.209677,0.012549
11,83,0.121212,0.054054,0.000000,0.533993,0.878788,0.603738,0.225806,0.000000
11,84,0.121212,0.054054,0.000000,0.448302,0.878788,0.667327,0.290323,0.000000
11,85,0.121212,0.054054,0.000000,0.247115,0.878788,0.816622,0.209677,0.000000
11,86,0.121212,0.054054,0.000000,0.426307,0.878788,0.683649,0.306452,0.000000
11,87,0.121212,0.054054,0.321462,0.706517,0.878788,0.373213,0.241935,0.064292
11,88,0.121212,0.054054,0.000000,0.323493,0.878788,0.759944,0.241935,0.000000
11,89,0.121212,0.054054,0.145401,0.210020,0.878788,0.797788,0.177419,0.029080
11,90,0.121212,0.054054,0.303283,0.412545,0.878788,0.597158,0.209677,0.060657
11,91,0.121212,0.054054,0.098859,0.518612,0.878788,0.583630,0.225806,0.019772
11,92,0.121212,0.054054,0.000000,0.352149,0.878788,0.738679,0.177419,0.000000
11,93,0.121212,0.054054,0.000000,0.051363,0.878788,0.961885,0.241935,0.000000
11,94,0.121212,0.054054,0.094093,0.384767,0.878788,0.684473,0.209677,0.018819
11,95,0.121212,0.054054,0.221212,0.051363,0.878788,0.891350,0.225806,0.023464
11,96,0.121212,0.054054,0.000000,0.392360,0.878788,0.708840,0.241935,0.000000
11,97,0.121212,0.054054,0.000000,0.041932,0.878788,0.968883,0.177419,0.000000
11,98,0.121212,0.054054,0.000000,0.480767,0.878788,0.643235,0.177419,0.000000
11,99,0.121212,0.054054,0.228202,0.183310,0.878788,0.791207,0.225806,0.045640
11,100,0.121212,0.054054,0.000000,0.169452,0.878788,0.874254,0.193548,0.000000
11,101,0.060606,0.040541,0.000000,0.503660,0.939394,0.626247,0.177419,0.000000
11,102,0.060606,0.040541,0.000000,0.448302,0.939394,0.667327,0.258065,0.000000
11,103,0.060606,0.040541,0.000000,0.216782,0.939394,0.839132,0.193548,0.000000
11,104,0.060606,0.040541,0.000000,0.223782,0.939394,0.833937,0.258065,0.000000
11,105,0.060606,0.040541,0.000000,0.489326,0.939394,0.636884,0.209677,0.000000
11,106,0.060606,0.040541,0.000000,0.323493,0.939394,0.759944,0.225806,0.000000
11,107,0.060606,0.040541,0.000000,0.000000,0.939394,1.000000,0.225806,0.000000
11,108,0.060606,0.040541,0.560463,0.000000,0.939394,0.821294,0.225806,0.059449
11,109,0.060606,0.040541,0.000000,0.301421,0.939394,0.776323,0.225806,0.000000
11,110,0.424242,0.121622,0.000000,0.689817,0.575758,0.488105,0.193548,0.000000
11,111,0.030303,0.033784,0.000000,0.086562,0.969697,0.935764,0.403226,0.000000
11,112,0.030303,0.033784,0.000000,0.000000,0.969697,1.000000,0.435484,0.000000
11,113,0.030303,0.033784,0.000000,0.142384,0.969697,0.894341,0.403226,0.000000
11,114,0.030303,0.033784,0.000000,0.406674,0.969697,0.698218,0.467742,0.000000
11,115,0.030303,0.033784,0.000000,0.130315,0.969697,0.903297,0.403226,0.000000
11,116,0.030303,0.033784,0.000000,0.062476,0.969697,0.953638,0.467742,0.000000
11,117,0.030303,0.033784,0.000000,0.149134,0.969697,0.889331,0.451613,0.000000
11,118,0.030303,0.033784,0.000000,0.499987,0.969697,0.628973,0.451613,0.000000
11,119,0.030303,0.033784,0.000000,0.192791,0.969697,0.856935,0.419355,0.000000
11,120,0.030303,0.033784,0.119539,0.181613,0.969697,0.827114,0.387097,0.023908
11,121,0.030303,0.033784,0.000000,0.040430,0.969697,0.969998,0.451613,0.000000
11,122,0.030303,0.033784,0.000000,0.142384,0.969697,0.894341,0.370968,0.000000
11,123,0.030303,0.033784,0.000000,0.268548,0.969697,0.800718,0.435484,0.000000
11,124,0.030303,0.033784,0.000000,0.193105,0.969697,0.856702,0.370968,0.000000
11,125,0.030303,0.033784,0.000000,0.040430,0.969697,0.969998,0.435484,0.000000
11,126,0.030303,0.033784,0.000000,0.106657,0.969697,0.920853,0.451613,0.000000
11,127,0.030303,0.033784,0.000000,0.319383,0.969697,0.762994,0.451613,0.000000
11,128,0.030303,0.033784,0.000000,0.098054,0.969697,0.927237,0.419355,0.000000
11,129,0.030303,0.033784,0.000000,0.000000,0.969697,1.000000,0.451613,0.000000
11,130,0.030303,0.033784,0.000000,0.000000,0.969697,1.000000,0.451613,0.000000
11,131,0.030303,0.033784,0.000000,0.000000,0.969697,1.000000,0.467742,0.000000
11,132,0.030303,0.033784,0.000000,0.138126,0.969697,0.897500,0.435484,0.000000
11,133,0.030303,0.033784,0.000000,0.371135,0.969697,0.724591,0.451613,0.000000
11,134,0.030303,0.033784,0.000000,0.062476,0.969697,0.953638,0.483871,0.000000
11,135,0.030303,0.033784,0.000000,0.042478,0.969697,0.968478,0.467742,0.000000
11,136,0.030303,0.033784,0.000000,0.180604,0.969697,0.865979,0.451613,0.000000
11,137,0.030303,0.033784,0.000000,0.433611,0.969697,0.678229,0.483871,0.000000
11,138,0.000000,0.027027,0.000000,0.095051,1.000000,0.929465,0.435484,0.000000
11,139,0.000000,0.027027,0.000000,0.040430,1.000000,0.969998,0.467742,0.000000
11,140,0.000000,0.027027,0.000000,0.000000,1.000000,1.000000,0.451613,0.000000
11,141,0.000000,0.027027,0.000000,0.000000,1.000000,1.000000,0.467742,0.000000
11,142,0.000000,0.027027,0.000000,0.193105,1.000000,0.856702,0.451613,0.000000
11,143,0.000000,0.027027,0.000000,0.040430,1.000000,0.969998,0.451613,0.000000
11,144,0.000000,0.027027,0.000000,0.000000,1.000000,1.000000,0.435484,0.000000
11,145,0.000000,0.027027,0.000000,0.000000,1.000000,1.000000,0.467742,0.000000
11,146,0.000000,0.027027,0.000000,0.098054,1.000000,0.927237,0.483871,0.000000
11,147,0.181818,0.067568,0.000000,0.240820,0.818182,0.821294,0.370968,0.000000
11,148,1.000000,0.250000,0.000000,0.051363,0.000000,0.961885,0.161290,0.000000
12,0,0.121212,0.054054,0.000000,0.742085,0.878788,0.501585,0.333333,0.000000
12,1,0.121212,0.054054,0.000000,0.585210,0.878788,0.606949,0.206349,0.000000
12,2,0.121212,0.054054,0.197020,0.628885,0.878788,0.512921,0.333333,0.039404
12,3,0.121212,0.054054,0.463912,0.649228,0.878788,0.411622,0.222222,0.050461
12,4,0.121212,0.054054,0.000000,0.526446,0.878788,0.646417,0.412698,0.000000
12,5,0.121212,0.054054,0.000000,0.549926,0.878788,0.630647,0.317460,0.000000
12,6,0.121212,0.054054,0.000000,0.664056,0.878788,0.553992,0.269841,0.000000
12,7,0.121212,0.054054,0.000000,0.678506,0.878788,0.544287,0.238095,0.000000
12,8,0.121212,0.054054,0.000000,0.720962,0.878788,0.515772,0.317460,0.000000
12,9,0.121212,0.054054,1.000000,1.000000,0.878788,0.000000,0.285714,0.200000
12,10,0.121212,0.054054,0.356775,0.810001,0.878788,0.338820,0.301587,0.038807
12,11,0.121212,0.054054,0.000000,0.668286,0.878788,0.551151,0.301587,0.000000
12,12,0.121212,0.054054,0.000000,0.621021,0.878788,0.582896,0.269841,0.000000
12,13,0.121212,0.054054,0.000000,0.960227,0.878788,0.355072,0.365079,0.000000
12,14,0.121212,0.054054,0.172264,0.923886,0.878788,0.322915,0.333333,0.018738
12,15,0.121212,0.054054,0.556713,0.437113,0.878788,0.523615,0.253968,0.060555
12,16,0.121212,0.054054,0.000000,0.716443,0.878788,0.518807,0.238095,0.000000
12,17,0.121212,0.054054,0.537781,0.783438,0.878788,0.297226,0.349206,0.107556
12,18,0.121212,0.054054,0.000000,0.482294,0.878788,0.676071,0.206349,0.000000
12,19,0.121212,0.054054,0.124876,0.488889,0.878788,0.630638,0.301587,0.013583
12,20,0.121212,0.054054,0.632858,0.716216,0.878788,0.311155,0.253968,0.126572
12,21,0.121212,0.054054,0.000000,0.488889,0.878788,0.671642,0.206349,0.000000
12,22,0.121212,0.054054,0.550876,0.106052,0.878788,0.747887,0.253968,0.059920
12,23,0.121212,0.054054,0.000000,0.528548,0.878788,0.645005,0.238095,0.000000
12,24,0.121212,0.054054,0.624375,0.907347,0.878788,0.185569,0.253968,0.124875
12,25,0.121212,0.054054,0.000000,0.641137,0.878788,0.569385,0.238095,0.000000
12,26,0.121212,0.054054,0.000000,0.602312,0.878788,0.595462,0.222222,0.000000
12,27,0.060606,0.040541,0.000000,0.635412,0.939394,0.573231,0.317460,0.000000
12,28,0.060606,0.040541,0.391429,0.800248,0.939394,0.333991,0.396825,0.042577
12,29,0.060606,0.040541,0.000000,0.530499,0.939394,0.643694,0.333333,0.000000
12,30,0.060606,0.040541,0.000000,0.547251,0.939394,0.632444,0.412698,0.000000
12,31,0.060606,0.040541,0.000000,0.552637,0.939394,0.628826,0.365079,0.000000
12,32,0.060606,0.040541,0.000000,0.914133,0.939394,0.386030,0.396825,0.000000
12,33,0.060606,0.040541,0.131452,0.268429,0.939394,0.776549,0.349206,0.014298
12,34,0.060606,0.040541,0.000000,0.387420,0.939394,0.739792,0.365079,0.000000
12,35,0.060606,0.040541,0.000000,0.602649,0.939394,0.595236,0.396825,0.000000
12,36,0.424242,0.121622,0.177071,0.838615,0.575758,0.378608,0.190476,0.035414
12,37,0.121212,0.054054,0.000000,0.809683,0.878788,0.456183,0.269841,0.000000
12,38,0.121212,0.054054,0.458908,0.675745,0.878788,0.395455,0.301587,0.049917
12,39,0.121212,0.054054,0.000000,0.455907,0.878788,0.693794,0.253968,0.000000
12,40,0.121212,0.054054,0.000000,0.960879,0.878788,0.354634,0.206349,0.000000
12,41,0.121212,0.054054,0.327965,0.437994,0.878788,0.598135,0.365079,0.065593
12,42,0.121212,0.054054,0.000000,0.648353,0.878788,0.564539,0.333333,0.000000
12,43,0.121212,0.054054,0.000000,0.347133,0.878788,0.766851,0.238095,0.000000
12,44,0.121212,0.054054,0.546866,0.644370,0.878788,0.387646,0.269841,0.059484
12,45,0.121212,0.054054,0.522107,0.552031,0.878788,0.457795,0.396825,0.104421
12,46,0.121212,0.054054,0.000000,0.742680,0.878788,0.501185,0.301587,0.000000
12,47,0.121212,0.054054,0.172264,0.405719,0.878788,0.670938,0.317460,0.018738
12,48,0.121212,0.054054,0.000000,0.320648,0.878788,0.784639,0.253968,0.000000
12,49,0.121212,0.054054,0.066043,0.460045,0.878788,0.669329,0.269841,0.013209
12,50,0.121212,0.054054,0.000000,0.593770,0.878788,0.601199,0.349206,0.000000
12,51,0.121212,0.054054,0.126145,0.710969,0.878788,0.481063,0.301587,0.013721
12,52,0.121212,0.054054,0.371115,0.000000,0.878788,0.878141,0.269841,0.040367
12,53,0.121212,0.054054,0.000000,0.460045,0.878788,0.691015,0.238095,0.000000
12,54,0.121212,0.054054,0.000000,0.476989,0.878788,0.679635,0.396825,0.000000
12,55,0.121212,0.054054,0.391429,0.755196,0.878788,0.364250,0.238095,0.078286
12,56,0.121212,0.054054,0.475681,0.579424,0.878788,0.454641,0.317460,0.051741
12,57,0.121212,0.054054,0.435512,0.628222,0.878788,0.435056,0.285714,0.087102
12,58,0.121212,0.054054,0.522077,0.770152,0.878788,0.311306,0.317460,0.056788
12,59,0.121212,0.054054,0.000000,0.211192,0.878788,0.858155,0.269841,0.000000
12,60,0.121212,0.054054,0.307484,0.616297,0.878788,0.485104,0.301587,0.061497
12,61,0.121212,0.054054,0.000000,0.347133,0.878788,0.766851,0.301587,0.000000
12,62,0.121212,0.054054,0.431245,0.453643,0.878788,0.553712,0.301587,0.046908
12,63,0.121212,0.054054,0.064503,0.616297,0.878788,0.564889,0.269841,0.012901
12,64,0.060606,0.040541,0.000000,0.586694,0.939394,0.605952,0.380952,0.000000
12,65,0.060606,0.040541,0.000000,0.399263,0.939394,0.731838,0.365079,0.000000
12,66,0.060606,0.040541,0.000000,0.391464,0.939394,0.737077,0.380952,0.000000
12,67,0.060606,0.040541,0.000000,0.359183,0.939394,0.758758,0.428571,0.000000
12,68,0.060606,0.040541,0.000000,0.456834,0.939394,0.693171,0.396825,0.000000
12,69,0.060606,0.040541,0.246111,0.704513,0.939394,0.446007,0.396825,0.026770
12,70,0.060606,0.040541,0.021840,0.089866,0.939394,0.932471,0.412698,0.002376
12,71,0.060606,0.040541,0.150881,0.359183,0.939394,0.709215,0.428571,0.030176
12,72,0.060606,0.040541,0.773636,0.566854,0.939394,0.365247,0.396825,0.084151
12,73,0.424242,0.121622,0.000000,0.255631,0.575758,0.828308,0.206349,0.000000
12,74,0.121212,0.054054,0.000000,0.340861,0.878788,0.771064,0.206349,0.000000
12,75,0.121212,0.054054,0.038967,0.213520,0.878788,0.843796,0.269841,0.004238
12,76,0.121212,0.054054,0.000000,0.370244,0.878788,0.751329,0.190476,0.000000
12,77,0.121212,0.054054,0.000000,0.523622,0.878788,0.648314,0.285714,0.000000
12,78,0.121212,0.054054,0.390124,0.299645,0.878788,0.670646,0.317460,0.078025
12,79,0.121212,0.054054,0.000000,0.181434,0.878788,0.878141,0.238095,0.000000
12,80,0.121212,0.054054,0.000000,0.316923,0.878788,0.787141,0.206349,0.000000
12,81,0.121212,0.054054,0.000000,0.565354,0.878788,0.620284,0.269841,0.000000
12,82,0.121212,0.054054,0.000000,0.448791,0.878788,0.698573,0.222222,0.000000
12,83,0.121212,0.054054,0.185185,0.712148,0.878788,0.460885,0.222222,0.037037
12,84,0.121212,0.054054,0.364532,0.404282,0.878788,0.608770,0.285714,0.039651
12,85,0.121212,0.054054,0.000000,0.607236,0.878788,0.592155,0.206349,0.000000
12,86,0.121212,0.054054,0.431984,0.351704,0.878788,0.621936,0.301587,0.046988
12,87,0.121212,0.054054,0.390125,0.733426,0.878788,0.379300,0.238095,0.078025
12,88,0.121212,0.054054,0.000000,0.212917,0.878788,0.856996,0.238095,0.000000
12,89,0.121212,0.054054,0.572442,0.437113,0.878788,0.518451,0.174603,0.062266
12,90,0.121212,0.054054,0.000000,0.447126,0.878788,0.699692,0.206349,0.000000
12,91,0.121212,0.054054,0.000000,0.478188,0.878788,0.678829,0.222222,0.000000
12,92,0.121212,0.054054,0.000000,0.116506,0.878788,0.921750,0.174603,0.000000
12,93,0.121212,0.054054,0.492029,0.213520,0.878788,0.695029,0.238095,0.053519
12,94,0.121212,0.054054,0.000000,0.266210,0.878788,0.821202,0.206349,0.000000
12,95,0.121212,0.054054,0.399335,0.363283,0.878788,0.624879,0.238095,0.043437
12,96,0.121212,0.054054,0.000000,0.106052,0.878788,0.928771,0.238095,0.000000
12,97,0.121212,0.054054,0.000000,0.192111,0.878788,0.870970,0.174603,0.000000
12,98,0.121212,0.054054,0.000000,0.560214,0.878788,0.623737,0.174603,0.000000
12,99,0.121212,0.054054,0.351283,0.527986,0.878788,0.530036,0.222222,0.070257
12,100,0.121212,0.054054,0.000000,0.265875,0.878788,0.821427,0.190476,0.000000
12,101,0.060606,0.040541,0.000000,0.487793,0.939394,0.672378,0.174603,0.000000
12,102,0.060606,0.040541,0.000000,0.404282,0.939394,0.728467,0.253968,0.000000
12,103,0.060606,0.040541,0.000000,0.382881,0.939394,0.742841,0.190476,0.000000
12,104,0.060606,0.040541,0.000000,0.191365,0.939394,0.871471,0.253968,0.000000
12,105,0.060606,0.040541,0.000000,0.466069,0.939394,0.686969,0.206349,0.000000
12,106,0.060606,0.040541,0.000000,0.212917,0.939394,0.856996,0.222222,0.000000
12,107,0.060606,0.040541,0.000000,0.181861,0.939394,0.877855,0.222222,0.000000
12,108,0.060606,0.040541,0.000000,0.031535,0.939394,0.978820,0.238095,0.000000
12,109,0.060606,0.040541,0.000000,0.210831,0.939394,0.858397,0.222222,0.000000
12,110,0.424242,0.121622,0.006745,0.582985,0.575758,0.606228,0.190476,0.001349
12,111,0.030303,0.033784,0.000000,0.408458,0.969697,0.725663,0.396825,0.000000
12,112,0.030303,0.033784,0.000000,0.090535,0.969697,0.939193,0.428571,0.000000
12,113,0.030303,0.033784,0.000000,0.197266,0.969697,0.867508,0.396825,0.000000
12,114,0.030303,0.033784,0.000000,0.471990,0.969697,0.682992,0.460317,0.000000
12,115,0.030303,0.033784,0.000000,0.211192,0.969697,0.858155,0.396825,0.000000
12,116,0.030303,0.033784,0.000000,0.279860,0.969697,0.812034,0.460317,0.000000
12,117,0.030303,0.033784,0.000000,0.000000,0.969697,1.000000,0.444444,0.000000
12,118,0.030303,0.033784,0.000000,0.381455,0.969697,0.743799,0.444444,0.000000
12,119,0.030303,0.033784,0.000000,0.279860,0.969697,0.812034,0.412698,0.000000
12,120,0.030303,0.033784,0.436745,0.454829,0.969697,0.551109,0.380952,0.087349
12,121,0.030303,0.033784,0.000000,0.000000,0.969697,1.000000,0.444444,0.000000
12,122,0.030303,0.033784,0.000000,0.259598,0.969697,0.825643,0.365079,0.000000
12,123,0.030303,0.033784,0.000000,0.190727,0.969697,0.871900,0.428571,0.000000
12,124,0.030303,0.033784,0.306334,0.366969,0.969697,0.652941,0.365079,0.061267
12,125,0.030303,0.033784,0.000000,0.000000,0.969697,1.000000,0.428571,0.000000
12,126,0.030303,0.033784,0.000000,0.000000,0.969697,1.000000,0.444444,0.000000
12,127,0.030303,0.033784,0.000000,0.190727,0.969697,0.871900,0.444444,0.000000
12,128,0.030303,0.033784,0.000000,0.171738,0.969697,0.884653,0.412698,0.000000
12,129,0.030303,0.033784,0.000000,0.389408,0.969697,0.738458,0.444444,0.000000
12,130,0.030303,0.033784,0.000000,0.090535,0.969697,0.939193,0.444444,0.000000
12,131,0.030303,0.033784,0.000000,0.178216,0.969697,0.880303,0.460317,0.000000
12,132,0.030303,0.033784,0.000000,0.281263,0.969697,0.811092,0.428571,0.000000
12,133,0.030303,0.033784,0.000000,0.211192,0.969697,0.858155,0.444444,0.000000
12,134,0.030303,0.033784,0.000000,0.279860,0.969697,0.812034,0.476190,0.000000
12,135,0.030303,0.033784,0.000000,0.000000,0.969697,1.000000,0.460317,0.000000
12,136,0.030303,0.033784,0.000000,0.190728,0.969697,0.871899,0.444444,0.000000
12,137,0.030303,0.033784,0.000000,0.279860,0.969697,0.812034,0.476190,0.000000
12,138,0.000000,0.027027,0.000000,0.439076,1.000000,0.705098,0.428571,0.000000
12,139,0.000000,0.027027,0.000000,0.003298,1.000000,0.997785,0.460317,0.000000
12,140,0.000000,0.027027,0.000000,0.243845,1.000000,0.836223,0.444444,0.000000
12,141,0.000000,0.027027,0.000000,0.003298,1.000000,0.997785,0.460317,0.000000
12,142,0.000000,0.027027,0.000000,0.370267,1.000000,0.751314,0.444444,0.000000
12,143,0.000000,0.027027,0.000000,0.003298,1.000000,0.997785,0.444444,0.000000
12,144,0.000000,0.027027,0.000000,0.003298,1.000000,0.997785,0.428571,0.000000
12,145,0.000000,0.027027,0.000000,0.003298,1.000000,0.997785,0.460317,0.000000
12,146,0.000000,0.027027,0.000000,0.175036,1.000000,0.882438,0.476190,0.000000
12,147,0.181818,0.067568,0.000000,0.000000,0.818182,1.000000,0.365079,0.000000
12,148,1.000000,0.250000,0.000000,0.363283,0.000000,0.756004,0.158730,0.000000
13,0,0.121212,0.054054,0.000000,0.695067,0.878788,0.433239,0.328125,0.000000
13,1,0.121212,0.054054,0.000000,0.562957,0.878788,0.540962,0.203125,0.000000
13,2,0.121212,0.054054,0.374606,0.489414,0.878788,0.483827,0.328125,0.074921
13,3,0.121212,0.054054,0.000000,0.411815,0.878788,0.664204,0.234375,0.000000
13,4,0.121212,0.054054,0.000000,0.457337,0.878788,0.627085,0.406250,0.000000
13,5,0.121212,0.054054,0.000000,0.535051,0.878788,0.563717,0.312500,0.000000
13,6,0.121212,0.054054,0.192454,0.562418,0.878788,0.481240,0.265625,0.020416
13,7,0.121212,0.054054,0.000000,0.464459,0.878788,0.621278,0.234375,0.000000
13,8,0.121212,0.054054,0.000000,0.480743,0.878788,0.608000,0.312500,0.000000
13,9,0.121212,0.054054,1.000000,0.843015,0.878788,0.000000,0.281250,0.200000
13,10,0.121212,0.054054,0.179982,0.705549,0.878788,0.368429,0.312500,0.035996
13,11,0.121212,0.054054,0.000000,0.746819,0.878788,0.391040,0.296875,0.000000
13,12,0.121212,0.054054,0.121387,0.283185,0.878788,0.731144,0.265625,0.012877
13,13,0.121212,0.054054,0.000000,0.580532,0.878788,0.526631,0.359375,0.000000
13,14,0.121212,0.054054,0.093841,0.990001,0.878788,0.163414,0.343750,0.018768
13,15,0.121212,0.054054,0.712744,0.536625,0.878788,0.339629,0.265625,0.075609
13,16,0.121212,0.054054,0.000000,0.352800,0.878788,0.712325,0.234375,0.000000
13,17,0.121212,0.054054,0.304639,0.566130,0.878788,0.443145,0.343750,0.060928
13,18,0.121212,0.054054,0.000000,0.377116,0.878788,0.692498,0.203125,0.000000
13,19,0.121212,0.054054,0.000000,0.383369,0.878788,0.687399,0.312500,0.000000
13,20,0.121212,0.054054,0.702781,0.373427,0.878788,0.475816,0.250000,0.074553
13,21,0.121212,0.054054,0.000000,0.665084,0.878788,0.457687,0.203125,0.000000
13,22,0.121212,0.054054,0.319701,0.462999,0.878788,0.522530,0.265625,0.063940
13,23,0.121212,0.054054,0.416515,0.351121,0.878788,0.583491,0.234375,0.083303
13,24,0.121212,0.054054,0.625418,0.571996,0.878788,0.338085,0.250000,0.066346
13,25,0.121212,0.054054,0.063182,0.603253,0.878788,0.488354,0.234375,0.012636
13,26,0.121212,0.054054,0.000000,0.559974,0.878788,0.543395,0.218750,0.000000
13,27,0.060606,0.040541,0.000000,0.614116,0.939394,0.499246,0.312500,0.000000
13,28,0.060606,0.040541,0.030860,0.789330,0.939394,0.346730,0.406250,0.006172
13,29,0.060606,0.040541,0.000000,0.716176,0.939394,0.416027,0.328125,0.000000
13,30,0.060606,0.040541,0.313914,0.518108,0.939394,0.479403,0.406250,0.033301
13,31,0.060606,0.040541,0.000000,0.520364,0.939394,0.575693,0.359375,0.000000
13,32,0.060606,0.040541,0.214418,1.000000,0.939394,0.117568,0.390625,0.042884
13,33,0.060606,0.040541,0.181127,0.598202,0.939394,0.455603,0.359375,0.019214
13,34,0.060606,0.040541,0.000000,0.385932,0.939394,0.685309,0.359375,0.000000
13,35,0.060606,0.040541,0.000000,0.630436,0.939394,0.485939,0.390625,0.000000
13,36,0.424242,0.121622,0.686983,0.945691,0.575758,0.014127,0.187500,0.137397
13,37,0.121212,0.054054,0.000000,0.352700,0.878788,0.712407,0.265625,0.000000
13,38,0.121212,0.054054,0.766913,0.526982,0.878788,0.330559,0.312500,0.081356
13,39,0.121212,0.054054,0.093841,0.296809,0.878788,0.728646,0.250000,0.018768
13,40,0.121212,0.054054,0.517141,0.825470,0.878788,0.165249,0.203125,0.054859
13,41,0.121212,0.054054,0.074198,0.192803,0.878788,0.819593,0.359375,0.014840
13,42,0.121212,0.054054,0.000000,0.521810,0.878788,0.574513,0.328125,0.000000
13,43,0.121212,0.054054,0.000000,0.293715,0.878788,0.760504,0.234375,0.000000
13,44,0.121212,0.054054,0.326788,0.699840,0.878788,0.327193,0.281250,0.034666
13,45,0.121212,0.054054,0.526362,0.479135,0.878788,0.444770,0.390625,0.105272
13,46,0.121212,0.054054,0.000000,0.273038,0.878788,0.777363,0.296875,0.000000
13,47,0.121212,0.054054,0.000000,0.413037,0.878788,0.663208,0.328125,0.000000
13,48,0.121212,0.054054,0.000000,0.295633,0.878788,0.758939,0.250000,0.000000
13,49,0.121212,0.054054,0.227625,0.381821,0.878788,0.617505,0.265625,0.024147
13,50,0.121212,0.054054,0.000000,0.212563,0.878788,0.826675,0.343750,0.000000
13,51,0.121212,0.054054,0.235878,0.883485,0.878788,0.205866,0.312500,0.047176
13,52,0.121212,0.054054,0.022009,0.159679,0.878788,0.862917,0.281250,0.002335
13,53,0.121212,0.054054,0.000000,0.381821,0.878788,0.688661,0.234375,0.000000
13,54,0.121212,0.054054,0.306320,0.545927,0.878788,0.459092,0.390625,0.061264
13,55,0.121212,0.054054,0.344774,0.484876,0.878788,0.496853,0.234375,0.068955
13,56,0.121212,0.054054,0.307730,0.383369,0.878788,0.591202,0.328125,0.032645
13,57,0.121212,0.054054,0.324389,0.390841,0.878788,0.579901,0.281250,0.064878
13,58,0.121212,0.054054,0.607180,0.566213,0.878788,0.348502,0.328125,0.064411
13,59,0.121212,0.054054,0.000000,0.313148,0.878788,0.744658,0.265625,0.000000
13,60,0.121212,0.054054,0.456882,0.373856,0.878788,0.552335,0.296875,0.091376
13,61,0.121212,0.054054,0.268879,0.375916,0.878788,0.609424,0.296875,0.028523
13,62,0.121212,0.054054,0.000000,0.440583,0.878788,0.640747,0.312500,0.000000
13,63,0.121212,0.054054,0.000000,0.474793,0.878788,0.612852,0.265625,0.000000
13,64,0.060606,0.040541,0.000000,0.536406,0.939394,0.562612,0.375000,0.000000
13,65,0.060606,0.040541,0.109919,0.532793,0.939394,0.531197,0.359375,0.021984
13,66,0.060606,0.040541,0.000000,0.559002,0.939394,0.544187,0.375000,0.000000
13,67,0.060606,0.040541,0.000000,0.385932,0.939394,0.685309,0.421875,0.000000
13,68,0.060606,0.040541,0.734838,0.475931,0.939394,0.382212,0.390625,0.077953
13,69,0.060606,0.040541,0.109168,0.929460,0.939394,0.207988,0.406250,0.021834
13,70,0.060606,0.040541,0.000000,0.423047,0.939394,0.655045,0.421875,0.000000
13,71,0.060606,0.040541,0.544783,0.385932,0.939394,0.515009,0.421875,0.057792
13,72,0.060606,0.040541,0.227759,0.735514,0.939394,0.329060,0.406250,0.045552
13,73,0.424242,0.121622,0.000000,0.283816,0.575758,0.768575,0.203125,0.000000
13,74,0.121212,0.054054,0.000000,0.579531,0.878788,0.527447,0.203125,0.000000
13,75,0.121212,0.054054,0.000000,0.035976,0.878788,0.970665,0.281250,0.000000
13,76,0.121212,0.054054,0.000000,0.384439,0.878788,0.686526,0.187500,0.000000
13,77,0.121212,0.054054,0.000000,0.230023,0.878788,0.812438,0.281250,0.000000
13,78,0.121212,0.054054,0.676260,0.410801,0.878788,0.453631,0.312500,0.135252
13,79,0.121212,0.054054,0.000000,0.044413,0.878788,0.963785,0.234375,0.000000
13,80,0.121212,0.054054,0.000000,0.409653,0.878788,0.665967,0.203125,0.000000
13,81,0.121212,0.054054,0.000000,0.549248,0.878788,0.552140,0.265625,0.000000
13,82,0.121212,0.054054,0.000000,0.133718,0.878788,0.890966,0.218750,0.000000
13,83,0.121212,0.054054,0.000000,0.843015,0.878788,0.312601,0.218750,0.000000
13,84,0.121212,0.054054,0.500390,0.292512,0.878788,0.605061,0.296875,0.053082
13,85,0.121212,0.054054,0.000000,0.587140,0.878788,0.521243,0.203125,0.000000
13,86,0.121212,0.054054,0.118241,0.160621,0.878788,0.832066,0.312500,0.012543
13,87,0.121212,0.054054,0.476938,0.556310,0.878788,0.397290,0.234375,0.095388
13,88,0.121212,0.054054,0.000000,0.263417,0.878788,0.785209,0.234375,0.000000
13,89,0.121212,0.054054,0.081313,0.376945,0.878788,0.667218,0.187500,0.008626
13,90,0.121212,0.054054,0.263289,0.230236,0.878788,0.729960,0.203125,0.027930
13,91,0.121212,0.054054,0.367661,0.228360,0.878788,0.698862,0.218750,0.073532
13,92,0.121212,0.054054,0.000000,0.129404,0.878788,0.894483,0.171875,0.000000
13,93,0.121212,0.054054,0.354630,0.000000,0.878788,0.889142,0.250000,0.037620
13,94,0.121212,0.054054,0.000000,0.174420,0.878788,0.857777,0.203125,0.000000
13,95,0.121212,0.054054,0.357577,0.483292,0.878788,0.494142,0.250000,0.071515
13,96,0.121212,0.054054,0.000000,0.296118,0.878788,0.758544,0.234375,0.000000
13,97,0.121212,0.054054,0.000000,0.008438,0.878788,0.993120,0.171875,0.000000
13,98,0.121212,0.054054,0.409269,0.337030,0.878788,0.597247,0.171875,0.043416
13,99,0.121212,0.054054,0.133702,0.688042,0.878788,0.397172,0.218750,0.026740
13,100,0.121212,0.054054,0.000000,0.217291,0.878788,0.822820,0.187500,0.000000
13,101,0.060606,0.040541,0.000000,0.350748,0.939394,0.713998,0.171875,0.000000
13,102,0.060606,0.040541,0.000000,0.256537,0.939394,0.790819,0.250000,0.000000
13,103,0.060606,0.040541,0.000000,0.293129,0.939394,0.760981,0.187500,0.000000
13,104,0.060606,0.040541,0.000000,0.132176,0.939394,0.892223,0.250000,0.000000
13,105,0.060606,0.040541,0.000000,0.232774,0.939394,0.810195,0.203125,0.000000
13,106,0.060606,0.040541,0.000000,0.227441,0.939394,0.814543,0.218750,0.000000
13,107,0.060606,0.040541,0.000000,0.175154,0.939394,0.857178,0.218750,0.000000
13,108,0.060606,0.040541,0.000000,0.000000,0.939394,1.000000,0.234375,0.000000
13,109,0.060606,0.040541,0.000000,0.103080,0.939394,0.915948,0.218750,0.000000
13,110,0.424242,0.121622,0.000000,0.661875,0.575758,0.460304,0.187500,0.000000
13,111,0.030303,0.033784,0.000000,0.237164,0.969697,0.806615,0.390625,0.000000
13,112,0.030303,0.033784,0.000000,0.000000,0.969697,1.000000,0.421875,0.000000
13,113,0.030303,0.033784,0.000000,0.191834,0.969697,0.843578,0.390625,0.000000
13,114,0.030303,0.033784,0.000000,0.442101,0.969697,0.639509,0.453125,0.000000
13,115,0.030303,0.033784,0.000000,0.146267,0.969697,0.880733,0.390625,0.000000
13,116,0.030303,0.033784,0.000000,0.031173,0.969697,0.974581,0.453125,0.000000
13,117,0.030303,0.033784,0.000000,0.140950,0.969697,0.885069,0.437500,0.000000
13,118,0.030303,0.033784,0.000000,0.583051,0.969697,0.524578,0.437500,0.000000
13,119,0.030303,0.033784,0.000000,0.132110,0.969697,0.892277,0.406250,0.000000
13,120,0.030303,0.033784,0.000000,0.273038,0.969697,0.777363,0.375000,0.000000
13,121,0.030303,0.033784,0.000000,0.000000,0.969697,1.000000,0.437500,0.000000
13,122,0.030303,0.033784,0.000000,0.135954,0.969697,0.889142,0.359375,0.000000
13,123,0.030303,0.033784,0.000000,0.259257,0.969697,0.788600,0.421875,0.000000
13,124,0.030303,0.033784,0.525806,0.188341,0.969697,0.682058,0.359375,0.055779
13,125,0.030303,0.033784,0.000000,0.156901,0.969697,0.872062,0.421875,0.000000
13,126,0.030303,0.033784,0.000000,0.000000,0.969697,1.000000,0.437500,0.000000
13,127,0.030303,0.033784,0.000000,0.259257,0.969697,0.788600,0.437500,0.000000
13,128,0.030303,0.033784,0.000000,0.208158,0.969697,0.830267,0.406250,0.000000
13,129,0.030303,0.033784,0.000000,0.237164,0.969697,0.806615,0.437500,0.000000
13,130,0.030303,0.033784,0.000000,0.000000,0.969697,1.000000,0.437500,0.000000
13,131,0.030303,0.033784,0.000000,0.191834,0.969697,0.843578,0.453125,0.000000
13,132,0.030303,0.033784,0.000000,0.182843,0.969697,0.850909,0.421875,0.000000
13,133,0.030303,0.033784,0.000000,0.146267,0.969697,0.880733,0.437500,0.000000
13,134,0.030303,0.033784,0.000000,0.031173,0.969697,0.974581,0.468750,0.000000
13,135,0.030303,0.033784,0.000000,0.140950,0.969697,0.885069,0.453125,0.000000
13,136,0.030303,0.033784,0.000000,0.323793,0.969697,0.735977,0.437500,0.000000
13,137,0.030303,0.033784,0.000000,0.132110,0.969697,0.892277,0.468750,0.000000
13,138,0.000000,0.027027,0.000000,0.273038,1.000000,0.777363,0.421875,0.000000
13,139,0.000000,0.027027,0.000000,0.000000,1.000000,1.000000,0.453125,0.000000
13,140,0.000000,0.027027,0.000000,0.135954,1.000000,0.889142,0.437500,0.000000
13,141,0.000000,0.027027,0.000000,0.000000,1.000000,1.000000,0.453125,0.000000
13,142,0.000000,0.027027,0.000000,0.188341,1.000000,0.846426,0.437500,0.000000
13,143,0.000000,0.027027,0.000000,0.156901,1.000000,0.872062,0.437500,0.000000
13,144,0.000000,0.027027,0.000000,0.000000,1.000000,1.000000,0.421875,0.000000
13,145,0.000000,0.027027,0.000000,0.000000,1.000000,1.000000,0.453125,0.000000
13,146,0.000000,0.027027,0.000000,0.208158,1.000000,0.830267,0.468750,0.000000
13,147,0.181818,0.067568,0.000000,0.000000,0.818182,1.000000,0.359375,0.000000
13,148,1.000000,0.250000,0.000000,0.201578,0.000000,0.835632,0.156250,0.000000
14,0,0.121212,0.054054,0.000000,0.972994,0.878788,0.234637,0.323077,0.000000
14,1,0.121212,0.054054,0.000000,0.893363,0.878788,0.297275,0.200000,0.000000
14,2,0.121212,0.054054,0.465423,0.609370,0.878788,0.325028,0.323077,0.053786
14,3,0.121212,0.054054,0.306544,0.640178,0.878788,0.367578,0.230769,0.061309
14,4,0.121212,0.054054,0.000000,0.565635,0.878788,0.555068,0.400000,0.000000
14,5,0.121212,0.054054,0.000000,0.781483,0.878788,0.385281,0.307692,0.000000
14,6,0.121212,0.054054,0.000000,0.665773,0.878788,0.476299,0.276923,0.000000
14,7,0.121212,0.054054,0.000000,0.704881,0.878788,0.445536,0.230769,0.000000
14,8,0.121212,0.054054,0.000000,0.420307,0.878788,0.669384,0.307692,0.000000
14,9,0.121212,0.054054,0.871337,0.805661,0.878788,0.000000,0.276923,0.100695
14,10,0.121212,0.054054,0.296609,0.975637,0.878788,0.107880,0.307692,0.059322
14,11,0.121212,0.054054,0.000000,0.856802,0.878788,0.326034,0.292308,0.000000
14,12,0.121212,0.054054,0.000000,0.488509,0.878788,0.615736,0.276923,0.000000
14,13,0.121212,0.054054,0.000000,0.943650,0.878788,0.257719,0.353846,0.000000
14,14,0.121212,0.054054,0.118490,0.869737,0.878788,0.266053,0.338462,0.023698
14,15,0.121212,0.054054,0.573095,0.652079,0.878788,0.246173,0.276923,0.114619
14,16,0.121212,0.054054,0.000000,0.516532,0.878788,0.593693,0.230769,0.000000
14,17,0.121212,0.054054,0.430496,0.684565,0.878788,0.280560,0.338462,0.086099
14,18,0.121212,0.054054,0.000000,0.555131,0.878788,0.563330,0.200000,0.000000
14,19,0.121212,0.054054,0.000000,0.465623,0.878788,0.633738,0.307692,0.000000
14,20,0.121212,0.054054,0.632571,0.666081,0.878788,0.210159,0.261538,0.073102
14,21,0.121212,0.054054,0.000000,0.634725,0.878788,0.500721,0.200000,0.000000
14,22,0.121212,0.054054,0.194785,0.342530,0.878788,0.648687,0.261538,0.022510
14,23,0.121212,0.054054,0.147213,0.353743,0.878788,0.659864,0.230769,0.017012
14,24,0.121212,0.054054,0.194554,0.896790,0.878788,0.212799,0.261538,0.022483
14,25,0.121212,0.054054,0.731642,0.652468,0.878788,0.179222,0.230769,0.084551
14,26,0.121212,0.054054,0.000000,0.393798,0.878788,0.690236,0.215385,0.000000
14,27,0.060606,0.040541,0.000000,0.406997,0.939394,0.679854,0.307692,0.000000
14,28,0.060606,0.040541,0.176196,0.741572,0.939394,0.342612,0.400000,0.035239
14,29,0.060606,0.040541,0.000000,0.735055,0.939394,0.421801,0.323077,0.000000
14,30,0.060606,0.040541,0.000000,0.507629,0.939394,0.600696,0.415385,0.000000
14,31,0.060606,0.040541,0.000000,0.793844,0.939394,0.375557,0.353846,0.000000
14,32,0.060606,0.040541,0.037916,0.635672,0.939394,0.484038,0.384615,0.007583
14,33,0.060606,0.040541,0.000000,0.607867,0.939394,0.521848,0.369231,0.000000
14,34,0.060606,0.040541,0.000000,0.297764,0.939394,0.765777,0.353846,0.000000
14,35,0.060606,0.040541,0.000000,0.811676,0.939394,0.361530,0.384615,0.000000
14,36,0.424242,0.121622,0.362432,0.852540,0.575758,0.177041,0.184615,0.041884
14,37,0.121212,0.054054,0.000000,0.366637,0.878788,0.711601,0.261538,0.000000
14,38,0.121212,0.054054,0.590261,0.714334,0.878788,0.189987,0.323077,0.118052
14,39,0.121212,0.054054,0.335023,0.297325,0.878788,0.625297,0.246154,0.038716
14,40,0.121212,0.054054,0.211661,1.000000,0.878788,0.124423,0.215385,0.042332
14,41,0.121212,0.054054,0.326651,0.512775,0.878788,0.459342,0.353846,0.037749
14,42,0.121212,0.054054,0.000000,0.554960,0.878788,0.563465,0.323077,0.000000
14,43,0.121212,0.054054,0.000000,0.538717,0.878788,0.576242,0.230769,0.000000
14,44,0.121212,0.054054,0.124564,0.978596,0.878788,0.177870,0.292308,0.024913
14,45,0.121212,0.054054,0.445168,0.655213,0.878788,0.297481,0.384615,0.051445
14,46,0.121212,0.054054,0.000000,0.502225,0.878788,0.604947,0.292308,0.000000
14,47,0.121212,0.054054,0.000000,0.843399,0.878788,0.336577,0.323077,0.000000
14,48,0.121212,0.054054,0.000000,0.382096,0.878788,0.699441,0.246154,0.000000
14,49,0.121212,0.054054,0.415723,0.638466,0.878788,0.323031,0.276923,0.083145
14,50,0.121212,0.054054,0.000000,0.618128,0.878788,0.513776,0.338462,0.000000
14,51,0.121212,0.054054,0.134975,0.947365,0.878788,0.198061,0.307692,0.026995
14,52,0.121212,0.054054,0.088877,0.154840,0.878788,0.840843,0.292308,0.017775
14,53,0.121212,0.054054,0.000000,0.714639,0.878788,0.437860,0.230769,0.000000
14,54,0.121212,0.054054,0.116755,0.523298,0.878788,0.539293,0.384615,0.023351
14,55,0.121212,0.054054,0.392728,0.252656,0.878788,0.636177,0.230769,0.045385
14,56,0.121212,0.054054,0.238013,0.465623,0.878788,0.533691,0.338462,0.047603
14,57,0.121212,0.054054,0.000000,0.367416,0.878788,0.710988,0.276923,0.000000
14,58,0.121212,0.054054,0.161184,0.465623,0.878788,0.565985,0.338462,0.032237
14,59,0.121212,0.054054,0.000000,0.320605,0.878788,0.747810,0.261538,0.000000
14,60,0.121212,0.054054,0.627879,0.306249,0.878788,0.495177,0.292308,0.072560
14,61,0.121212,0.054054,0.000000,0.482806,0.878788,0.620222,0.307692,0.000000
14,62,0.121212,0.054054,0.230292,0.368046,0.878788,0.613691,0.307692,0.046058
14,63,0.121212,0.054054,0.000000,0.626854,0.878788,0.506913,0.261538,0.000000
14,64,0.060606,0.040541,0.000000,0.592124,0.939394,0.534232,0.369231,0.000000
14,65,0.060606,0.040541,0.000000,0.892722,0.939394,0.297779,0.353846,0.000000
14,66,0.060606,0.040541,0.000000,0.635805,0.939394,0.499872,0.369231,0.000000
14,67,0.060606,0.040541,0.150308,0.402124,0.939394,0.620506,0.415385,0.030062
14,68,0.060606,0.040541,0.316448,0.723993,0.939394,0.297485,0.400000,0.063290
14,69,0.060606,0.040541,0.482274,0.996688,0.939394,0.013278,0.400000,0.096455
14,70,0.060606,0.040541,0.000000,0.376702,0.939394,0.703684,0.415385,0.000000
14,71,0.060606,0.040541,0.074957,0.402124,0.939394,0.652179,0.430769,0.014991
14,72,0.060606,0.040541,0.357290,0.792973,0.939394,0.226058,0.400000,0.071458
14,73,0.424242,0.121622,0.000000,0.114417,0.575758,0.909999,0.200000,0.000000
14,74,0.121212,0.054054,0.000000,0.650682,0.878788,0.488169,0.200000,0.000000
14,75,0.121212,0.054054,0.082948,0.183974,0.878788,0.820418,0.276923,0.016590
14,76,0.121212,0.054054,0.000000,0.387550,0.878788,0.695151,0.184615,0.000000
14,77,0.121212,0.054054,0.000000,0.179501,0.878788,0.858804,0.276923,0.000000
14,78,0.121212,0.054054,1.000000,0.401824,0.878788,0.263578,0.307692,0.115563
14,79,0.121212,0.054054,0.000000,0.462550,0.878788,0.636155,0.230769,0.000000
14,80,0.121212,0.054054,0.000000,0.372407,0.878788,0.707062,0.200000,0.000000
14,81,0.121212,0.054054,0.053071,0.474834,0.878788,0.604184,0.261538,0.010614
14,82,0.121212,0.054054,0.142545,0.350086,0.878788,0.664702,0.215385,0.028509
14,83,0.121212,0.054054,0.000000,0.641851,0.878788,0.495116,0.215385,0.000000
14,84,0.121212,0.054054,0.000000,0.388894,0.878788,0.694094,0.307692,0.000000
14,85,0.121212,0.054054,0.000000,0.778135,0.878788,0.387914,0.200000,0.000000
14,86,0.121212,0.054054,0.000000,0.384420,0.878788,0.697613,0.323077,0.000000
14,87,0.121212,0.054054,0.000000,0.388867,0.878788,0.694115,0.230769,0.000000
14,88,0.121212,0.054054,0.058348,0.179028,0.878788,0.834649,0.230769,0.011670
14,89,0.121212,0.054054,0.000000,0.573412,0.878788,0.548950,0.200000,0.000000
14,90,0.121212,0.054054,0.599960,0.412443,0.878788,0.423380,0.215385,0.119992
14,91,0.121212,0.054054,0.258242,0.189627,0.878788,0.742288,0.215385,0.029843
14,92,0.121212,0.054054,0.000000,0.302474,0.878788,0.762072,0.169231,0.000000
14,93,0.121212,0.054054,0.484870,0.004946,0.878788,0.792297,0.261538,0.056033
14,94,0.121212,0.054054,0.480290,0.329844,0.878788,0.538655,0.200000,0.055504
14,95,0.121212,0.054054,0.065470,0.174048,0.878788,0.835573,0.246154,0.007566
14,96,0.121212,0.054054,0.000000,0.342530,0.878788,0.730564,0.230769,0.000000
14,97,0.121212,0.054054,0.000000,0.283522,0.878788,0.776980,0.169231,0.000000
14,98,0.121212,0.054054,0.000000,0.583163,0.878788,0.541280,0.184615,0.000000
14,99,0.121212,0.054054,0.000000,0.422421,0.878788,0.667721,0.215385,0.000000
14,100,0.121212,0.054054,0.000000,0.323577,0.878788,0.745472,0.184615,0.000000
14,101,0.060606,0.040541,0.000000,0.213322,0.939394,0.832200,0.169231,0.000000
14,102,0.060606,0.040541,0.000000,0.209865,0.939394,0.834919,0.246154,0.000000
14,103,0.060606,0.040541,0.000000,0.462713,0.939394,0.636027,0.184615,0.000000
14,104,0.060606,0.040541,0.000000,0.209865,0.939394,0.834919,0.246154,0.000000
14,105,0.060606,0.040541,0.000000,0.209196,0.939394,0.835445,0.200000,0.000000
14,106,0.060606,0.040541,0.000000,0.000000,0.939394,1.000000,0.215385,0.000000
14,107,0.060606,0.040541,0.000000,0.335524,0.939394,0.736074,0.215385,0.000000
14,108,0.060606,0.040541,0.000000,0.000000,0.939394,1.000000,0.230769,0.000000
14,109,0.060606,0.040541,0.000000,0.123063,0.939394,0.903198,0.215385,0.000000
14,110,0.424242,0.121622,0.195292,0.738123,0.575758,0.337298,0.184615,0.022569
14,111,0.030303,0.033784,0.000000,0.044326,0.969697,0.965133,0.384615,0.000000
14,112,0.030303,0.033784,0.000000,0.000000,0.969697,1.000000,0.415385,0.000000
14,113,0.030303,0.033784,0.000000,0.075505,0.969697,0.940607,0.384615,0.000000
14,114,0.030303,0.033784,0.000000,0.534377,0.969697,0.579655,0.446154,0.000000
14,115,0.030303,0.033784,0.000000,0.348965,0.969697,0.725502,0.384615,0.000000
14,116,0.030303,0.033784,0.000000,0.000000,0.969697,1.000000,0.446154,0.000000
14,117,0.030303,0.033784,0.000000,0.245351,0.969697,0.807005,0.430769,0.000000
14,118,0.030303,0.033784,0.000000,0.748549,0.969697,0.411187,0.430769,0.000000
14,119,0.030303,0.033784,0.000000,0.348965,0.969697,0.725502,0.400000,0.000000
14,120,0.030303,0.033784,0.009255,0.338415,0.969697,0.729910,0.369231,0.001851
14,121,0.030303,0.033784,0.000000,0.256656,0.969697,0.798113,0.430769,0.000000
14,122,0.030303,0.033784,0.000000,0.303429,0.969697,0.761321,0.353846,0.000000
14,123,0.030303,0.033784,0.000000,0.534377,0.969697,0.579655,0.415385,0.000000
14,124,0.030303,0.033784,0.000000,0.063345,0.969697,0.950172,0.369231,0.000000
14,125,0.030303,0.033784,0.000000,0.256656,0.969697,0.798113,0.415385,0.000000
14,126,0.030303,0.033784,0.441688,0.076173,0.969697,0.754421,0.430769,0.051043
14,127,0.030303,0.033784,0.000000,0.610550,0.969697,0.519737,0.430769,0.000000
14,128,0.030303,0.033784,0.000000,0.028360,0.969697,0.977692,0.400000,0.000000
14,129,0.030303,0.033784,0.000000,0.000000,0.969697,1.000000,0.430769,0.000000
14,130,0.030303,0.033784,0.000000,0.000000,0.969697,1.000000,0.430769,0.000000
14,131,0.030303,0.033784,0.000000,0.031180,0.969697,0.975474,0.446154,0.000000
14,132,0.030303,0.033784,0.000000,0.000000,0.969697,1.000000,0.415385,0.000000
14,133,0.030303,0.033784,0.000000,0.320605,0.969697,0.747810,0.430769,0.000000
14,134,0.030303,0.033784,0.000000,0.000000,0.969697,1.000000,0.461538,0.000000
14,135,0.030303,0.033784,0.000000,0.169178,0.969697,0.866923,0.446154,0.000000
14,136,0.030303,0.033784,0.000000,0.137999,0.969697,0.891449,0.430769,0.000000
14,137,0.030303,0.033784,0.000000,0.320605,0.969697,0.747810,0.461538,0.000000
14,138,0.000000,0.027027,0.000000,0.398449,1.000000,0.686578,0.415385,0.000000
14,139,0.000000,0.027027,0.000000,0.361015,1.000000,0.716023,0.446154,0.000000
14,140,0.000000,0.027027,0.000000,0.363463,1.000000,0.714098,0.430769,0.000000
14,141,0.000000,0.027027,0.000000,0.104360,1.000000,0.917910,0.446154,0.000000
14,142,0.000000,0.027027,0.000000,0.139345,1.000000,0.890390,0.430769,0.000000
14,143,0.000000,0.027027,0.000000,0.361015,1.000000,0.716023,0.430769,0.000000
14,144,0.000000,0.027027,0.000000,0.104360,1.000000,0.917910,0.415385,0.000000
14,145,0.000000,0.027027,0.000000,0.104360,1.000000,0.917910,0.446154,0.000000
14,146,0.000000,0.027027,0.000000,0.104360,1.000000,0.917910,0.461538,0.000000
14,147,0.181818,0.067568,0.000000,0.000000,0.818182,1.000000,0.353846,0.000000
14,148,1.000000,0.250000,0.000000,0.240974,0.000000,0.810449,0.153846,0.000000
15,0,0.121212,0.054054,0.000000,0.572314,0.878788,0.477637,0.318182,0.000000
15,1,0.121212,0.054054,0.000000,0.319200,0.878788,0.708659,0.196970,0.000000
15,2,0.121212,0.054054,0.000000,0.529075,0.878788,0.517102,0.333333,0.000000
15,3,0.121212,0.054054,0.000000,0.385842,0.878788,0.647834,0.227273,0.000000
15,4,0.121212,0.054054,0.104428,0.262170,0.878788,0.731655,0.393939,0.011085
15,5,0.121212,0.054054,0.249559,0.517865,0.878788,0.457894,0.303030,0.049912
15,6,0.121212,0.054054,0.331080,0.581248,0.878788,0.377360,0.272727,0.066216
15,7,0.121212,0.054054,0.000000,0.492658,0.878788,0.550341,0.227273,0.000000
15,8,0.121212,0.054054,0.000000,0.454166,0.878788,0.585473,0.303030,0.000000
15,9,0.121212,0.054054,0.604298,0.660662,0.878788,0.228855,0.287879,0.120860
15,10,0.121212,0.054054,0.255129,0.663602,0.878788,0.323327,0.303030,0.051026
15,11,0.121212,0.054054,0.000000,0.628888,0.878788,0.426000,0.287879,0.000000
15,12,0.121212,0.054054,0.000000,0.366945,0.878788,0.665081,0.272727,0.000000
15,13,0.121212,0.054054,0.000000,0.491522,0.878788,0.551378,0.348485,0.000000
15,14,0.121212,0.054054,0.313672,1.000000,0.878788,0.000000,0.333333,0.062734
15,15,0.121212,0.054054,0.325752,0.392369,0.878788,0.551236,0.272727,0.065150
15,16,0.121212,0.054054,0.000000,0.393075,0.878788,0.641232,0.227273,0.000000
15,17,0.121212,0.054054,0.290278,0.671577,0.878788,0.306268,0.333333,0.058056
15,18,0.121212,0.054054,0.000000,0.538799,0.878788,0.508226,0.196970,0.000000
15,19,0.121212,0.054054,0.876858,0.479918,0.878788,0.317984,0.303030,0.093079
15,20,0.121212,0.054054,1.000000,0.665458,0.878788,0.114374,0.272727,0.200000
15,21,0.121212,0.054054,0.000000,0.350876,0.878788,0.679748,0.196970,0.000000
15,22,0.121212,0.054054,0.379751,0.114013,0.878788,0.790273,0.272727,0.040311
15,23,0.121212,0.054054,0.000000,0.449692,0.878788,0.589557,0.242424,0.000000
15,24,0.121212,0.054054,0.501812,0.456023,0.878788,0.444149,0.272727,0.100362
15,25,0.121212,0.054054,0.168495,0.310726,0.878788,0.669510,0.242424,0.033699
15,26,0.121212,0.054054,0.000000,0.225275,0.878788,0.794387,0.212121,0.000000
15,27,0.060606,0.040541,0.000000,0.448791,0.939394,0.590379,0.303030,0.000000
15,28,0.060606,0.040541,0.201557,0.601162,0.939394,0.395224,0.393939,0.040311
15,29,0.060606,0.040541,0.736142,0.489096,0.939394,0.348762,0.318182,0.147228
15,30,0.060606,0.040541,0.000000,0.237863,0.939394,0.782897,0.409091,0.000000
15,31,0.060606,0.040541,0.000000,0.344624,0.939394,0.685455,0.348485,0.000000
15,32,0.060606,0.040541,0.023826,0.708669,0.939394,0.346553,0.378788,0.004765
15,33,0.060606,0.040541,0.000000,0.170584,0.939394,0.844304,0.363636,0.000000
15,34,0.060606,0.040541,0.000000,0.117028,0.939394,0.893186,0.348485,0.000000
15,35,0.060606,0.040541,0.000000,0.443945,0.939394,0.594802,0.378788,0.000000
15,36,0.424242,0.121622,0.000000,0.597226,0.575758,0.454899,0.196970,0.000000
15,37,0.121212,0.054054,0.000000,0.208644,0.878788,0.809566,0.257576,0.000000
15,38,0.121212,0.054054,0.213124,0.206827,0.878788,0.751923,0.318182,0.022623
15,39,0.121212,0.054054,0.208948,0.400574,0.878788,0.576248,0.257576,0.022180
15,40,0.121212,0.054054,0.485992,0.485564,0.878788,0.421589,0.212121,0.097198
15,41,0.121212,0.054054,0.323122,0.225279,0.878788,0.704474,0.363636,0.034300
15,42,0.121212,0.054054,0.000000,0.200239,0.878788,0.817238,0.318182,0.000000
15,43,0.121212,0.054054,0.419737,0.424606,0.878788,0.495662,0.227273,0.044555
15,44,0.121212,0.054054,0.000000,0.410677,0.878788,0.625166,0.287879,0.000000
15,45,0.121212,0.054054,0.482080,0.324783,0.878788,0.569426,0.393939,0.051173
15,46,0.121212,0.054054,0.233807,0.297446,0.878788,0.663458,0.287879,0.046761
15,47,0.121212,0.054054,0.549093,0.304856,0.878788,0.568968,0.318182,0.058287
15,48,0.121212,0.054054,0.000000,0.373526,0.878788,0.659075,0.242424,0.000000
15,49,0.121212,0.054054,0.373989,0.383050,0.878788,0.546320,0.272727,0.074798
15,50,0.121212,0.054054,0.000000,0.148617,0.878788,0.864354,0.333333,0.000000
15,51,0.121212,0.054054,0.154918,0.558767,0.878788,0.446896,0.303030,0.016445
15,52,0.121212,0.054054,0.413204,0.076079,0.878788,0.815587,0.287879,0.043862
15,53,0.121212,0.054054,0.000000,0.383050,0.878788,0.650382,0.227273,0.000000
15,54,0.121212,0.054054,0.416128,0.402529,0.878788,0.516816,0.378788,0.044172
15,55,0.121212,0.054054,0.396367,0.239958,0.878788,0.670696,0.242424,0.042075
15,56,0.121212,0.054054,0.167937,0.431244,0.878788,0.559666,0.333333,0.017827
15,57,0.121212,0.054054,0.571458,0.532751,0.878788,0.354740,0.272727,0.060661
15,58,0.121212,0.054054,0.423218,0.218284,0.878788,0.683008,0.333333,0.044925
15,59,0.121212,0.054054,0.000000,0.225279,0.878788,0.794383,0.257576,0.000000
15,60,0.121212,0.054054,0.555427,0.323724,0.878788,0.549983,0.303030,0.058959
15,61,0.121212,0.054054,0.247206,0.525468,0.878788,0.451610,0.303030,0.026241
15,62,0.121212,0.054054,0.534605,0.143396,0.878788,0.720366,0.303030,0.056749
15,63,0.121212,0.054054,0.000000,0.223852,0.878788,0.795686,0.257576,0.000000
15,64,0.060606,0.040541,0.000000,0.267315,0.939394,0.756016,0.363636,0.000000
15,65,0.060606,0.040541,0.387623,0.304856,0.939394,0.613896,0.348485,0.041146
15,66,0.060606,0.040541,0.000000,0.267315,0.939394,0.756016,0.363636,0.000000
15,67,0.060606,0.040541,0.000000,0.115769,0.939394,0.894335,0.409091,0.000000
15,68,0.060606,0.040541,0.312851,0.148617,0.939394,0.777303,0.393939,0.033209
15,69,0.060606,0.040541,0.297046,0.457836,0.939394,0.499471,0.393939,0.031532
15,70,0.060606,0.040541,0.000000,0.000000,0.939394,1.000000,0.409091,0.000000
15,71,0.060606,0.040541,0.000000,0.115769,0.939394,0.894335,0.424242,0.000000
15,72,0.060606,0.040541,0.000000,0.301597,0.939394,0.724726,0.393939,0.000000
15,73,0.424242,0.121622,0.004130,0.462804,0.575758,0.576440,0.196970,0.000438
15,74,0.121212,0.054054,0.000000,0.494536,0.878788,0.548626,0.196970,0.000000
15,75,0.121212,0.054054,0.098837,0.198689,0.878788,0.791151,0.272727,0.019767
15,76,0.121212,0.054054,0.000000,0.279594,0.878788,0.744809,0.181818,0.000000
15,77,0.121212,0.054054,0.000000,0.233495,0.878788,0.786884,0.272727,0.000000
15,78,0.121212,0.054054,0.772318,0.262170,0.878788,0.545816,0.318182,0.081982
15,79,0.121212,0.054054,0.000000,0.317626,0.878788,0.710096,0.227273,0.000000
15,80,0.121212,0.054054,0.000000,0.321051,0.878788,0.706969,0.196970,0.000000
15,81,0.121212,0.054054,0.000000,0.372330,0.878788,0.660167,0.257576,0.000000
15,82,0.121212,0.054054,0.000000,0.253927,0.878788,0.768236,0.212121,0.000000
15,83,0.121212,0.054054,0.074145,0.393346,0.878788,0.620354,0.212121,0.014829
15,84,0.121212,0.054054,0.000000,0.358746,0.878788,0.672565,0.303030,0.000000
15,85,0.121212,0.054054,0.000000,0.285494,0.878788,0.739424,0.196970,0.000000
15,86,0.121212,0.054054,0.330436,0.219340,0.878788,0.707860,0.318182,0.066087
15,87,0.121212,0.054054,0.037580,0.440155,0.878788,0.587805,0.227273,0.007516
15,88,0.121212,0.054054,0.396784,0.441233,0.878788,0.486873,0.227273,0.079357
15,89,0.121212,0.054054,0.000000,0.316290,0.878788,0.711315,0.196970,0.000000
15,90,0.121212,0.054054,0.408535,0.245471,0.878788,0.662280,0.212121,0.081707
15,91,0.121212,0.054054,0.142518,0.366299,0.878788,0.626016,0.227273,0.028504
15,92,0.121212,0.054054,0.000000,0.399576,0.878788,0.635298,0.166667,0.000000
15,93,0.121212,0.054054,0.000000,0.134990,0.878788,0.876792,0.272727,0.000000
15,94,0.121212,0.054054,0.000000,0.423347,0.878788,0.613602,0.212121,0.000000
15,95,0.121212,0.054054,0.000000,0.230364,0.878788,0.789742,0.257576,0.000000
15,96,0.121212,0.054054,0.000000,0.114013,0.878788,0.895938,0.227273,0.000000
15,97,0.121212,0.054054,0.000000,0.125968,0.878788,0.885027,0.166667,0.000000
15,98,0.121212,0.054054,0.000000,0.264643,0.878788,0.758455,0.181818,0.000000
15,99,0.121212,0.054054,0.319006,0.222234,0.878788,0.708400,0.212121,0.063801
15,100,0.121212,0.054054,0.000000,0.125968,0.878788,0.885027,0.181818,0.000000
15,101,0.060606,0.040541,0.000000,0.181476,0.939394,0.834363,0.166667,0.000000
15,102,0.060606,0.040541,0.000000,0.296306,0.939394,0.729555,0.242424,0.000000
15,103,0.060606,0.040541,0.000000,0.221781,0.939394,0.797576,0.181818,0.000000
15,104,0.060606,0.040541,0.000000,0.122094,0.939394,0.888562,0.242424,0.000000
15,105,0.060606,0.040541,0.000000,0.293257,0.939394,0.732338,0.196970,0.000000
15,106,0.060606,0.040541,0.556584,0.250833,0.939394,0.616190,0.212121,0.111317
15,107,0.060606,0.040541,0.000000,0.170584,0.939394,0.844304,0.212121,0.000000
15,108,0.060606,0.040541,0.000000,0.001259,0.939394,0.998851,0.227273,0.000000
15,109,0.060606,0.040541,0.000000,0.239599,0.939394,0.781313,0.212121,0.000000
15,110,0.424242,0.121622,0.000000,0.304100,0.575758,0.722442,0.196970,0.000000
15,111,0.030303,0.033784,0.000000,0.130866,0.969697,0.880556,0.378788,0.000000
15,112,0.030303,0.033784,0.000000,0.022604,0.969697,0.979369,0.409091,0.000000
15,113,0.030303,0.033784,0.000000,0.151093,0.969697,0.862094,0.378788,0.000000
15,114,0.030303,0.033784,0.000000,0.269505,0.969697,0.754017,0.439394,0.000000
15,115,0.030303,0.033784,0.000000,0.225279,0.969697,0.794383,0.378788,0.000000
15,116,0.030303,0.033784,0.000000,0.000000,0.969697,1.000000,0.439394,0.000000
15,117,0.030303,0.033784,0.000000,0.164409,0.969697,0.849940,0.424242,0.000000
15,118,0.030303,0.033784,0.000000,0.290349,0.969697,0.734992,0.424242,0.000000
15,119,0.030303,0.033784,0.000000,0.124544,0.969697,0.886326,0.393939,0.000000
15,120,0.030303,0.033784,0.208991,0.030131,0.969697,0.914347,0.363636,0.022185
15,121,0.030303,0.033784,0.000000,0.000000,0.969697,1.000000,0.424242,0.000000
15,122,0.030303,0.033784,0.000000,0.030131,0.969697,0.972499,0.348485,0.000000
15,123,0.030303,0.033784,0.000000,0.235445,0.969697,0.785104,0.409091,0.000000
15,124,0.030303,0.033784,0.000000,0.097251,0.969697,0.911237,0.363636,0.000000
15,125,0.030303,0.033784,0.000000,0.000000,0.969697,1.000000,0.409091,0.000000
15,126,0.030303,0.033784,0.000000,0.000000,0.969697,1.000000,0.439394,0.000000
15,127,0.030303,0.033784,0.000000,0.235445,0.969697,0.785104,0.424242,0.000000
15,128,0.030303,0.033784,0.000000,0.097251,0.969697,0.911237,0.393939,0.000000
15,129,0.030303,0.033784,0.000000,0.100735,0.969697,0.908057,0.424242,0.000000
15,130,0.030303,0.033784,0.000000,0.022604,0.969697,0.979369,0.424242,0.000000
15,131,0.030303,0.033784,0.000000,0.290639,0.969697,0.734727,0.439394,0.000000
15,132,0.030303,0.033784,0.000000,0.034060,0.969697,0.968913,0.409091,0.000000
15,133,0.030303,0.033784,0.000000,0.225279,0.969697,0.794383,0.424242,0.000000
15,134,0.030303,0.033784,0.000000,0.000000,0.969697,1.000000,0.454545,0.000000
15,135,0.030303,0.033784,0.000000,0.334087,0.969697,0.695072,0.439394,0.000000
15,136,0.030303,0.033784,0.000000,0.054904,0.969697,0.949888,0.424242,0.000000
15,137,0.030303,0.033784,0.000000,0.124544,0.969697,0.886326,0.454545,0.000000
15,138,0.000000,0.027027,0.000000,0.000000,1.000000,1.000000,0.409091,0.000000
15,139,0.000000,0.027027,0.000000,0.000000,1.000000,1.000000,0.439394,0.000000
15,140,0.000000,0.027027,0.000000,0.000000,1.000000,1.000000,0.424242,0.000000
15,141,0.000000,0.027027,0.000000,0.000000,1.000000,1.000000,0.439394,0.000000
15,142,0.000000,0.027027,0.000000,0.097251,1.000000,0.911237,0.424242,0.000000
15,143,0.000000,0.027027,0.000000,0.000000,1.000000,1.000000,0.424242,0.000000
15,144,0.000000,0.027027,0.000000,0.000000,1.000000,1.000000,0.409091,0.000000
15,145,0.000000,0.027027,0.000000,0.000000,1.000000,1.000000,0.439394,0.000000
15,146,0.000000,0.027027,0.000000,0.097251,1.000000,0.911237,0.454545,0.000000
15,147,0.181818,0.067568,0.000000,0.169678,0.818182,0.845132,0.348485,0.000000
15,148,1.000000,0.250000,0.000000,0.063712,0.000000,0.941849,0.151515,0.000000
16,0,0.121212,0.054054,0.000000,0.554235,0.878788,0.577050,0.313433,0.000000
16,1,0.121212,0.054054,0.000000,0.540798,0.878788,0.587304,0.194030,0.000000
16,2,0.121212,0.054054,0.102799,0.552132,0.878788,0.545539,0.328358,0.010773
16,3,0.121212,0.054054,0.000000,0.526525,0.878788,0.598195,0.223881,0.000000
16,4,0.121212,0.054054,0.000000,0.321751,0.878788,0.754463,0.402985,0.000000
16,5,0.121212,0.054054,0.159099,0.394851,0.878788,0.647427,0.298507,0.031820
16,6,0.121212,0.054054,0.000000,0.514338,0.878788,0.607495,0.268657,0.000000
16,7,0.121212,0.054054,0.000000,0.358984,0.878788,0.726050,0.223881,0.000000
16,8,0.121212,0.054054,0.119438,0.486629,0.878788,0.590166,0.298507,0.023888
16,9,0.121212,0.054054,0.418279,0.910924,0.878788,0.170107,0.283582,0.043835
16,10,0.121212,0.054054,0.552743,0.937973,0.878788,0.106149,0.298507,0.110549
16,11,0.121212,0.054054,0.000000,0.819303,0.878788,0.374769,0.283582,0.000000
16,12,0.121212,0.054054,0.000000,0.296545,0.878788,0.773699,0.268657,0.000000
16,13,0.121212,0.054054,0.000000,0.768537,0.878788,0.413510,0.343284,0.000000
16,14,0.121212,0.054054,0.057183,0.903990,0.878788,0.291722,0.328358,0.011437
16,15,0.121212,0.054054,0.738445,0.962201,0.878788,0.027839,0.268657,0.077387
16,16,0.121212,0.054054,0.000000,0.580247,0.878788,0.557199,0.223881,0.000000
16,17,0.121212,0.054054,0.361557,0.499279,0.878788,0.502516,0.328358,0.072311
16,18,0.121212,0.054054,0.000000,0.649081,0.878788,0.504670,0.194030,0.000000
16,19,0.121212,0.054054,0.738508,0.652311,0.878788,0.264304,0.313433,0.147702
16,20,0.121212,0.054054,1.000000,0.888271,0.878788,0.000000,0.268657,0.104798
16,21,0.121212,0.054054,0.000000,0.497403,0.878788,0.620419,0.194030,0.000000
16,22,0.121212,0.054054,0.000000,0.326363,0.878788,0.750944,0.283582,0.000000
16,23,0.121212,0.054054,0.155389,0.624306,0.878788,0.473520,0.238806,0.031078
16,24,0.121212,0.054054,0.553005,0.460333,0.878788,0.470564,0.268657,0.057954
16,25,0.121212,0.054054,0.150156,0.164114,0.878788,0.826389,0.238806,0.015736
16,26,0.121212,0.054054,0.804255,0.738733,0.878788,0.177173,0.208955,0.160851
16,27,0.060606,0.040541,0.000000,0.772257,0.939394,0.410671,0.298507,0.000000
16,28,0.060606,0.040541,0.633509,0.928489,0.939394,0.087369,0.388060,0.126702
16,29,0.060606,0.040541,0.366966,0.743026,0.939394,0.314765,0.313433,0.038457
16,30,0.060606,0.040541,0.000000,0.301333,0.939394,0.770045,0.402985,0.000000
16,31,0.060606,0.040541,0.000000,0.537724,0.939394,0.589649,0.343284,0.000000
16,32,0.060606,0.040541,0.169801,0.894505,0.939394,0.262681,0.373134,0.033960
16,33,0.060606,0.040541,0.000000,0.751712,0.939394,0.426349,0.358209,0.000000
16,34,0.060606,0.040541,0.000000,0.407797,0.939394,0.688800,0.343284,0.000000
16,35,0.060606,0.040541,0.000000,0.398017,0.939394,0.696263,0.373134,0.000000
16,36,0.424242,0.121622,0.080331,1.000000,0.575758,0.210997,0.194030,0.016066
16,37,0.121212,0.054054,0.000000,0.272428,0.878788,0.792104,0.253731,0.000000
16,38,0.121212,0.054054,0.101928,0.272669,0.878788,0.759084,0.328358,0.020386
16,39,0.121212,0.054054,0.000000,0.365593,0.878788,0.721007,0.268657,0.000000
16,40,0.121212,0.054054,0.306897,0.762320,0.878788,0.319391,0.208955,0.061379
16,41,0.121212,0.054054,0.068988,0.252667,0.878788,0.784960,0.373134,0.013798
16,42,0.121212,0.054054,0.000000,0.355114,0.878788,0.729003,0.313433,0.000000
16,43,0.121212,0.054054,0.000000,0.417931,0.878788,0.681066,0.238806,0.000000
16,44,0.121212,0.054054,0.320215,0.845418,0.878788,0.251687,0.283582,0.064043
16,45,0.121212,0.054054,0.300428,0.551994,0.878788,0.481981,0.402985,0.060086
16,46,0.121212,0.054054,0.760038,0.338451,0.878788,0.496882,0.283582,0.079650
16,47,0.121212,0.054054,0.216281,0.600337,0.878788,0.472195,0.328358,0.043256
16,48,0.121212,0.054054,0.000000,0.471206,0.878788,0.640411,0.238806,0.000000
16,49,0.121212,0.054054,0.135098,0.233603,0.878788,0.778212,0.268657,0.027020
16,50,0.121212,0.054054,0.000000,0.250688,0.878788,0.808693,0.328358,0.000000
16,51,0.121212,0.054054,0.220731,0.833777,0.878788,0.292618,0.313433,0.044146
16,52,0.121212,0.054054,0.094134,0.522674,0.878788,0.570810,0.298507,0.009865
16,53,0.121212,0.054054,0.000000,0.623522,0.878788,0.524175,0.223881,0.000000
16,54,0.121212,0.054054,0.000000,0.484128,0.878788,0.630550,0.388060,0.000000
16,55,0.121212,0.054054,0.633509,0.513146,0.878788,0.404328,0.253731,0.066390
16,56,0.121212,0.054054,0.126629,0.384182,0.878788,0.666029,0.343284,0.025326
16,57,0.121212,0.054054,0.485692,0.610830,0.878788,0.377401,0.283582,0.050899
16,58,0.121212,0.054054,0.883961,0.528718,0.878788,0.311765,0.343284,0.176792
16,59,0.121212,0.054054,0.000000,0.252667,0.878788,0.807183,0.253731,0.000000
16,60,0.121212,0.054054,0.659324,0.466628,0.878788,0.431511,0.313433,0.131865
16,61,0.121212,0.054054,0.000000,0.372031,0.878788,0.716094,0.313433,0.000000
16,62,0.121212,0.054054,0.159386,0.561397,0.878788,0.520240,0.313433,0.031877
16,63,0.121212,0.054054,0.081460,0.551994,0.878788,0.552518,0.253731,0.016292
16,64,0.060606,0.040541,0.000000,0.368352,0.939394,0.718901,0.358209,0.000000
16,65,0.060606,0.040541,0.000000,0.613548,0.939394,0.531786,0.358209,0.000000
16,66,0.060606,0.040541,0.000000,0.433946,0.939394,0.668845,0.358209,0.000000
16,67,0.060606,0.040541,0.000000,0.056605,0.939394,0.956803,0.402985,0.000000
16,68,0.060606,0.040541,0.000000,0.307294,0.939394,0.765496,0.402985,0.000000
16,69,0.060606,0.040541,0.254010,0.846988,0.939394,0.271816,0.402985,0.050802
16,70,0.060606,0.040541,0.279397,0.461700,0.939394,0.557660,0.402985,0.029280
16,71,0.060606,0.040541,0.638036,0.396106,0.939394,0.492186,0.417910,0.066865
16,72,0.060606,0.040541,0.027219,0.540734,0.939394,0.578584,0.388060,0.005444
16,73,0.424242,0.121622,0.000000,0.494009,0.575758,0.623009,0.208955,0.000000
16,74,0.121212,0.054054,0.000000,0.320905,0.878788,0.755109,0.194030,0.000000
16,75,0.121212,0.054054,0.063261,0.320835,0.878788,0.734784,0.268657,0.012652
16,76,0.121212,0.054054,0.000000,0.427187,0.878788,0.674002,0.179104,0.000000
16,77,0.121212,0.054054,0.000000,0.349957,0.878788,0.732939,0.268657,0.000000
16,78,0.121212,0.054054,0.553390,0.321751,0.878788,0.576195,0.328358,0.057994
16,79,0.121212,0.054054,0.000000,0.119595,0.878788,0.908734,0.223881,0.000000
16,80,0.121212,0.054054,0.000000,0.419681,0.878788,0.679731,0.194030,0.000000
16,81,0.121212,0.054054,0.000000,0.155942,0.878788,0.880997,0.253731,0.000000
16,82,0.121212,0.054054,0.000000,0.254768,0.878788,0.805580,0.208955,0.000000
16,83,0.121212,0.054054,0.124859,0.599178,0.878788,0.502530,0.208955,0.013085
16,84,0.121212,0.054054,0.000000,0.472448,0.878788,0.639463,0.298507,0.000000
16,85,0.121212,0.054054,0.000000,0.374801,0.878788,0.713980,0.194030,0.000000
16,86,0.121212,0.054054,0.029359,0.296545,0.878788,0.764241,0.313433,0.005872
16,87,0.121212,0.054054,0.709361,0.705151,0.878788,0.233369,0.223881,0.074340
16,88,0.121212,0.054054,0.033781,0.205025,0.878788,0.832658,0.223881,0.006756
16,89,0.121212,0.054054,0.000000,0.439527,0.878788,0.664586,0.194030,0.000000
16,90,0.121212,0.054054,0.569193,0.190328,0.878788,0.671397,0.208955,0.059650
16,91,0.121212,0.054054,0.258995,0.202454,0.878788,0.762070,0.223881,0.027142
16,92,0.121212,0.054054,0.000000,0.148328,0.878788,0.886807,0.164179,0.000000
16,93,0.121212,0.054054,0.000000,0.320835,0.878788,0.755163,0.268657,0.000000
16,94,0.121212,0.054054,0.319362,0.491386,0.878788,0.522133,0.208955,0.063872
16,95,0.121212,0.054054,0.000000,0.320835,0.878788,0.755163,0.253731,0.000000
16,96,0.121212,0.054054,0.000000,0.326363,0.878788,0.750944,0.223881,0.000000
16,97,0.121212,0.054054,0.000000,0.237537,0.878788,0.818729,0.164179,0.000000
16,98,0.121212,0.054054,0.000000,0.411576,0.878788,0.685916,0.179104,0.000000
16,99,0.121212,0.054054,0.443709,0.011490,0.878788,0.848296,0.208955,0.046500
16,100,0.121212,0.054054,0.000000,0.506871,0.878788,0.613194,0.179104,0.000000
16,101,0.060606,0.040541,0.000000,0.426601,0.939394,0.674450,0.164179,0.000000
16,102,0.060606,0.040541,0.000000,0.472448,0.939394,0.639463,0.238806,0.000000
16,103,0.060606,0.040541,0.000000,0.331774,0.939394,0.746815,0.179104,0.000000
16,104,0.060606,0.040541,0.000000,0.267423,0.939394,0.795923,0.238806,0.000000
16,105,0.060606,0.040541,0.000000,0.440428,0.939394,0.663898,0.194030,0.000000
16,106,0.060606,0.040541,0.000000,0.205025,0.939394,0.843540,0.208955,0.000000
16,107,0.060606,0.040541,0.000000,0.312707,0.939394,0.761365,0.208955,0.000000
16,108,0.060606,0.040541,0.000000,0.034387,0.939394,0.973759,0.223881,0.000000
16,109,0.060606,0.040541,0.000000,0.067282,0.939394,0.948656,0.208955,0.000000
16,110,0.424242,0.121622,0.053764,0.505991,0.575758,0.596546,0.194030,0.010753
16,111,0.030303,0.033784,0.000000,0.039098,0.969697,0.970163,0.373134,0.000000
16,112,0.030303,0.033784,0.000000,0.052707,0.969697,0.959778,0.402985,0.000000
16,113,0.030303,0.033784,0.000000,0.040965,0.969697,0.968739,0.373134,0.000000
16,114,0.030303,0.033784,0.000000,0.585752,0.969697,0.552998,0.432836,0.000000
16,115,0.030303,0.033784,0.000000,0.252667,0.969697,0.807183,0.373134,0.000000
16,116,0.030303,0.033784,0.000000,0.000000,0.969697,1.000000,0.432836,0.000000
16,117,0.030303,0.033784,0.000000,0.123590,0.969697,0.905686,0.417910,0.000000
16,118,0.030303,0.033784,0.000000,0.642375,0.969697,0.509787,0.417910,0.000000
16,119,0.030303,0.033784,0.000000,0.240274,0.969697,0.816641,0.388060,0.000000
16,120,0.030303,0.033784,0.000000,0.026705,0.969697,0.979621,0.373134,0.000000
16,121,0.030303,0.033784,0.000000,0.134812,0.969697,0.897121,0.417910,0.000000
16,122,0.030303,0.033784,0.000000,0.026705,0.969697,0.979621,0.343284,0.000000
16,123,0.030303,0.033784,0.000000,0.233603,0.969697,0.821732,0.402985,0.000000
16,124,0.030303,0.033784,0.000000,0.187303,0.969697,0.857064,0.358209,0.000000
16,125,0.030303,0.033784,0.473040,0.134812,0.969697,0.744737,0.402985,0.049574
16,126,0.030303,0.033784,0.189181,0.000000,0.969697,0.939058,0.432836,0.019826
16,127,0.030303,0.033784,0.000000,0.233603,0.969697,0.821732,0.417910,0.000000
16,128,0.030303,0.033784,0.000000,0.187303,0.969697,0.857064,0.388060,0.000000
16,129,0.030303,0.033784,0.000000,0.012393,0.969697,0.990542,0.417910,0.000000
16,130,0.030303,0.033784,0.000000,0.052707,0.969697,0.959778,0.417910,0.000000
16,131,0.030303,0.033784,0.000000,0.014260,0.969697,0.989118,0.432836,0.000000
16,132,0.030303,0.033784,0.000000,0.352150,0.969697,0.731266,0.402985,0.000000
16,133,0.030303,0.033784,0.000000,0.252667,0.969697,0.807183,0.417910,0.000000
16,134,0.030303,0.033784,0.000000,0.000000,0.969697,1.000000,0.447761,0.000000
16,135,0.030303,0.033784,0.000000,0.123590,0.969697,0.905686,0.432836,0.000000
16,136,0.030303,0.033784,0.000000,0.408772,0.969697,0.688055,0.417910,0.000000
16,137,0.030303,0.033784,0.000000,0.240274,0.969697,0.816641,0.447761,0.000000
16,138,0.000000,0.027027,0.000000,0.022695,1.000000,0.982681,0.402985,0.000000
16,139,0.000000,0.027027,0.000000,0.157508,1.000000,0.879802,0.432836,0.000000
16,140,0.000000,0.027027,0.000000,0.022695,1.000000,0.982681,0.417910,0.000000
16,141,0.000000,0.027027,0.000000,0.022695,1.000000,0.982681,0.432836,0.000000
16,142,0.000000,0.027027,0.000000,0.209998,1.000000,0.839745,0.417910,0.000000
16,143,0.000000,0.027027,0.000000,0.157508,1.000000,0.879802,0.417910,0.000000
16,144,0.000000,0.027027,0.000000,0.022695,1.000000,0.982681,0.402985,0.000000
16,145,0.000000,0.027027,0.000000,0.022695,1.000000,0.982681,0.432836,0.000000
16,146,0.000000,0.027027,0.000000,0.209998,1.000000,0.839745,0.447761,0.000000
16,147,0.181818,0.067568,0.000000,0.000000,0.818182,1.000000,0.343284,0.000000
16,148,1.000000,0.250000,0.000000,0.279543,0.000000,0.786674,0.149254,0.000000
17,0,0.121212,0.054054,0.000000,0.491638,0.878788,0.533198,0.308824,0.000000
17,1,0.121212,0.054054,0.000000,0.355013,0.878788,0.662921,0.191176,0.000000
17,2,0.121212,0.054054,0.418938,0.571479,0.878788,0.336733,0.338235,0.083788
17,3,0.121212,0.054054,0.024351,0.196991,0.878788,0.805947,0.220588,0.002519
17,4,0.121212,0.054054,0.387931,0.295912,0.878788,0.607309,0.397059,0.077586
17,5,0.121212,0.054054,0.298703,0.670401,0.878788,0.277437,0.294118,0.030899
17,6,0.121212,0.054054,0.765338,0.670401,0.878788,0.143042,0.264706,0.153068
17,7,0.121212,0.054054,0.000000,0.412320,0.878788,0.608510,0.220588,0.000000
17,8,0.121212,0.054054,0.000000,0.394707,0.878788,0.625233,0.294118,0.000000
17,9,0.121212,0.054054,0.000000,0.533103,0.878788,0.493828,0.294118,0.000000
17,10,0.121212,0.054054,0.360662,0.833137,0.878788,0.105077,0.294118,0.037308
17,11,0.121212,0.054054,0.000000,0.571710,0.878788,0.457171,0.279412,0.000000
17,12,0.121212,0.054054,0.000000,0.371783,0.878788,0.646998,0.264706,0.000000
17,13,0.121212,0.054054,0.000000,0.422358,0.878788,0.598979,0.338235,0.000000
17,14,0.121212,0.054054,0.038341,1.000000,0.878788,0.039475,0.323529,0.003966
17,15,0.121212,0.054054,0.535899,0.657403,0.878788,0.221464,0.279412,0.107180
17,16,0.121212,0.054054,0.000000,0.411040,0.878788,0.609725,0.220588,0.000000
17,17,0.121212,0.054054,0.172052,0.517905,0.878788,0.458705,0.323529,0.017798
17,18,0.121212,0.054054,0.240057,0.528655,0.878788,0.428913,0.191176,0.048011
17,19,0.121212,0.054054,0.175629,0.079319,0.878788,0.874106,0.308824,0.018168
17,20,0.121212,0.054054,1.000000,0.610765,0.878788,0.132081,0.279412,0.200000
17,21,0.121212,0.054054,0.000000,0.079319,0.878788,0.924688,0.191176,0.000000
17,22,0.121212,0.054054,0.000000,0.238881,0.878788,0.773187,0.279412,0.000000
17,23,0.121212,0.054054,0.546331,0.431634,0.878788,0.432823,0.235294,0.109266
17,24,0.121212,0.054054,0.358481,0.488708,0.878788,0.432734,0.279412,0.071696
17,25,0.121212,0.054054,0.195831,0.168638,0.878788,0.783481,0.250000,0.039166
17,26,0.121212,0.054054,0.000000,0.432554,0.878788,0.589297,0.205882,0.000000
17,27,0.060606,0.040541,0.000000,0.404683,0.939394,0.615760,0.294118,0.000000
17,28,0.060606,0.040541,0.597676,0.652917,0.939394,0.207931,0.382353,0.061826
17,29,0.060606,0.040541,0.000000,0.443871,0.939394,0.578552,0.323529,0.000000
17,30,0.060606,0.040541,0.000000,0.349585,0.939394,0.668075,0.397059,0.000000
17,31,0.060606,0.040541,0.000000,0.380265,0.939394,0.638945,0.338235,0.000000
17,32,0.060606,0.040541,0.142518,0.587628,0.939394,0.401010,0.367647,0.014743
17,33,0.060606,0.040541,0.000000,0.373430,0.939394,0.645434,0.352941,0.000000
17,34,0.060606,0.040541,0.000000,0.146383,0.939394,0.861012,0.338235,0.000000
17,35,0.060606,0.040541,0.000000,0.381228,0.939394,0.638031,0.367647,0.000000
17,36,0.424242,0.121622,0.141276,0.728662,0.575758,0.267459,0.191176,0.028255
17,37,0.121212,0.054054,0.000000,0.354630,0.878788,0.663285,0.250000,0.000000
17,38,0.121212,0.054054,0.284592,0.208554,0.878788,0.720016,0.323529,0.029439
17,39,0.121212,0.054054,0.489949,0.254580,0.878788,0.617171,0.264706,0.097990
17,40,0.121212,0.054054,0.429169,0.409843,0.878788,0.487257,0.205882,0.044395
17,41,0.121212,0.054054,0.000000,0.263776,0.878788,0.749549,0.367647,0.000000
17,42,0.121212,0.054054,0.152906,0.521784,0.878788,0.460537,0.308824,0.015817
17,43,0.121212,0.054054,0.000000,0.400327,0.878788,0.619896,0.235294,0.000000
17,44,0.121212,0.054054,0.000000,0.612312,0.878788,0.418621,0.279412,0.000000
17,45,0.121212,0.054054,0.799320,0.442052,0.878788,0.350068,0.397059,0.082685
17,46,0.121212,0.054054,0.261492,0.195938,0.878788,0.738649,0.294118,0.052298
17,47,0.121212,0.054054,0.000000,0.557996,0.878788,0.470193,0.323529,0.000000
17,48,0.121212,0.054054,0.000000,0.338399,0.878788,0.678696,0.235294,0.000000
17,49,0.121212,0.054054,0.522020,0.279348,0.878788,0.584418,0.264706,0.054000
17,50,0.121212,0.054054,0.000000,0.173266,0.878788,0.835487,0.323529,0.000000
17,51,0.121212,0.054054,0.748804,0.826069,0.878788,0.000000,0.308824,0.077459
17,52,0.121212,0.054054,0.000000,0.488083,0.878788,0.536573,0.308824,0.000000
17,53,0.121212,0.054054,0.000000,0.438289,0.878788,0.583853,0.220588,0.000000
17,54,0.121212,0.054054,0.000000,0.400292,0.878788,0.619930,0.382353,0.000000
17,55,0.121212,0.054054,0.597676,0.393260,0.878788,0.454470,0.264706,0.119535
17,56,0.121212,0.054054,0.224428,0.081477,0.878788,0.858002,0.338235,0.023216
17,57,0.121212,0.054054,0.000000,0.439929,0.878788,0.582295,0.294118,0.000000
17,58,0.121212,0.054054,0.619320,0.203312,0.878788,0.628590,0.338235,0.064065
17,59,0.121212,0.054054,0.000000,0.149912,0.878788,0.857661,0.250000,0.000000
17,60,0.121212,0.054054,0.202181,0.162555,0.878788,0.787427,0.308824,0.020914
17,61,0.121212,0.054054,0.264015,0.201424,0.878788,0.732713,0.308824,0.052803
17,62,0.121212,0.054054,0.123724,0.174023,0.878788,0.799134,0.308824,0.024745
17,63,0.121212,0.054054,0.167833,0.209901,0.878788,0.752365,0.250000,0.017361
17,64,0.060606,0.040541,0.000000,0.199112,0.939394,0.810946,0.352941,0.000000
17,65,0.060606,0.040541,0.000000,0.576757,0.939394,0.452379,0.352941,0.000000
17,66,0.060606,0.040541,0.000000,0.364832,0.939394,0.653598,0.352941,0.000000
17,67,0.060606,0.040541,0.262469,0.218655,0.939394,0.716797,0.397059,0.027151
17,68,0.060606,0.040541,0.000000,0.205240,0.939394,0.805128,0.397059,0.000000
17,69,0.060606,0.040541,0.125520,0.612679,0.939394,0.382121,0.397059,0.012984
17,70,0.060606,0.040541,0.887077,0.311558,0.939394,0.448695,0.411765,0.091763
17,71,0.060606,0.040541,0.003034,0.145839,0.939394,0.860655,0.426471,0.000314
17,72,0.060606,0.040541,0.383900,0.313979,0.939394,0.591316,0.382353,0.039712
17,73,0.424242,0.121622,0.173475,0.304755,0.575758,0.660679,0.205882,0.034695
17,74,0.121212,0.054054,0.000000,0.374852,0.878788,0.644085,0.191176,0.000000
17,75,0.121212,0.054054,0.094945,0.244161,0.878788,0.740828,0.264706,0.009821
17,76,0.121212,0.054054,0.000000,0.416045,0.878788,0.604973,0.176471,0.000000
17,77,0.121212,0.054054,0.351027,0.114498,0.878788,0.790187,0.264706,0.036312
17,78,0.121212,0.054054,0.292943,0.288526,0.878788,0.641680,0.338235,0.058589
17,79,0.121212,0.054054,0.000000,0.148617,0.878788,0.858891,0.220588,0.000000
17,80,0.121212,0.054054,0.000000,0.572178,0.878788,0.456727,0.191176,0.000000
17,81,0.121212,0.054054,0.000000,0.261413,0.878788,0.751793,0.250000,0.000000
17,82,0.121212,0.054054,0.764040,0.000000,0.878788,0.779950,0.205882,0.079035
17,83,0.121212,0.054054,0.268608,0.472442,0.878788,0.474063,0.220588,0.053722
17,84,0.121212,0.054054,0.000000,0.329911,0.878788,0.686755,0.294118,0.000000
17,85,0.121212,0.054054,0.000000,0.262111,0.878788,0.751130,0.191176,0.000000
17,86,0.121212,0.054054,0.338132,0.181294,0.878788,0.730480,0.308824,0.034978
17,87,0.121212,0.054054,0.401654,0.355570,0.878788,0.546713,0.235294,0.080331
17,88,0.121212,0.054054,0.046631,0.228701,0.878788,0.769422,0.220588,0.004824
17,89,0.121212,0.054054,0.000000,0.401077,0.878788,0.619184,0.191176,0.000000
17,90,0.121212,0.054054,0.156085,0.293368,0.878788,0.676498,0.220588,0.031217
17,91,0.121212,0.054054,0.000000,0.117614,0.878788,0.888328,0.235294,0.000000
17,92,0.121212,0.054054,0.000000,0.237960,0.878788,0.774061,0.161765,0.000000
17,93,0.121212,0.054054,0.000000,0.095544,0.878788,0.909282,0.264706,0.000000
17,94,0.121212,0.054054,0.180562,0.321412,0.878788,0.642822,0.205882,0.036112
17,95,0.121212,0.054054,0.000000,0.114498,0.878788,0.891286,0.250000,0.000000
17,96,0.121212,0.054054,0.000000,0.238881,0.878788,0.773187,0.220588,0.000000
17,97,0.121212,0.054054,0.000000,0.269079,0.878788,0.744514,0.161765,0.000000
17,98,0.121212,0.054054,0.000000,0.437861,0.878788,0.584259,0.176471,0.000000
17,99,0.121212,0.054054,0.000000,0.135403,0.878788,0.871438,0.220588,0.000000
17,100,0.121212,0.054054,0.000000,0.269999,0.878788,0.743641,0.176471,0.000000
17,101,0.060606,0.040541,0.000000,0.308556,0.939394,0.707031,0.161765,0.000000
17,102,0.060606,0.040541,0.000000,0.233915,0.939394,0.777902,0.235294,0.000000
17,103,0.060606,0.040541,0.000000,0.182024,0.939394,0.827171,0.176471,0.000000
17,104,0.060606,0.040541,0.000000,0.233915,0.939394,0.777902,0.235294,0.000000
17,105,0.060606,0.040541,0.000000,0.278009,0.939394,0.736035,0.191176,0.000000
17,106,0.060606,0.040541,0.264496,0.132705,0.939394,0.797822,0.205882,0.027361
17,107,0.060606,0.040541,0.000000,0.164857,0.939394,0.843471,0.205882,0.000000
17,108,0.060606,0.040541,0.000000,0.103530,0.939394,0.901700,0.220588,0.000000
17,109,0.060606,0.040541,0.000000,0.170234,0.939394,0.838366,0.205882,0.000000
17,110,0.424242,0.121622,0.339513,0.504137,0.575758,0.423548,0.191176,0.067903
17,111,0.030303,0.033784,0.000000,0.237844,0.969697,0.774172,0.367647,0.000000
17,112,0.030303,0.033784,0.000000,0.081477,0.969697,0.922639,0.397059,0.000000
17,113,0.030303,0.033784,0.000000,0.042945,0.969697,0.959225,0.367647,0.000000
17,114,0.030303,0.033784,0.000000,0.292171,0.969697,0.722589,0.426471,0.000000
17,115,0.030303,0.033784,0.000000,0.256390,0.969697,0.756563,0.367647,0.000000
17,116,0.030303,0.033784,0.000000,0.000000,0.969697,1.000000,0.426471,0.000000
17,117,0.030303,0.033784,0.000000,0.245902,0.969697,0.766520,0.411765,0.000000
17,118,0.030303,0.033784,0.000000,0.442451,0.969697,0.579900,0.411765,0.000000
17,119,0.030303,0.033784,0.000000,0.047346,0.969697,0.955046,0.382353,0.000000
17,120,0.030303,0.033784,0.053492,0.135277,0.969697,0.856150,0.367647,0.010698
17,121,0.030303,0.033784,0.000000,0.054770,0.969697,0.947997,0.411765,0.000000
17,122,0.030303,0.033784,0.000000,0.028800,0.969697,0.972655,0.338235,0.000000
17,123,0.030303,0.033784,0.000000,0.088859,0.969697,0.915630,0.397059,0.000000
17,124,0.030303,0.033784,0.062485,0.106478,0.969697,0.880905,0.352941,0.012497
17,125,0.030303,0.033784,0.185281,0.054770,0.969697,0.894634,0.411765,0.019166
17,126,0.030303,0.033784,0.000000,0.231758,0.969697,0.779950,0.441176,0.000000
17,127,0.030303,0.033784,0.000000,0.320617,0.969697,0.695580,0.411765,0.000000
17,128,0.030303,0.033784,0.000000,0.000000,0.969697,1.000000,0.382353,0.000000
17,129,0.030303,0.033784,0.000000,0.102566,0.969697,0.902615,0.411765,0.000000
17,130,0.030303,0.033784,0.000000,0.081477,0.969697,0.922639,0.411765,0.000000
17,131,0.030303,0.033784,0.000000,0.094375,0.969697,0.910393,0.426471,0.000000
17,132,0.030303,0.033784,0.000000,0.203312,0.969697,0.806959,0.397059,0.000000
17,133,0.030303,0.033784,0.000000,0.149912,0.969697,0.857661,0.411765,0.000000
17,134,0.030303,0.033784,0.000000,0.000000,0.969697,1.000000,0.441176,0.000000
17,135,0.030303,0.033784,0.000000,0.094375,0.969697,0.910393,0.426471,0.000000
17,136,0.030303,0.033784,0.000000,0.121834,0.969697,0.884320,0.411765,0.000000
17,137,0.030303,0.033784,0.000000,0.047346,0.969697,0.955046,0.441176,0.000000
17,138,0.000000,0.027027,0.000000,0.102985,1.000000,0.902217,0.397059,0.000000
17,139,0.000000,0.027027,0.000000,0.157755,1.000000,0.850214,0.426471,0.000000
17,140,0.000000,0.027027,0.000000,0.102985,1.000000,0.902217,0.411765,0.000000
17,141,0.000000,0.027027,0.000000,0.102985,1.000000,0.902217,0.426471,0.000000
17,142,0.000000,0.027027,0.000000,0.102985,1.000000,0.902217,0.411765,0.000000
17,143,0.000000,0.027027,0.000000,0.157755,1.000000,0.850214,0.411765,0.000000
17,144,0.000000,0.027027,0.000000,0.102985,1.000000,0.902217,0.397059,0.000000
17,145,0.000000,0.027027,0.000000,0.102985,1.000000,0.902217,0.426471,0.000000
17,146,0.000000,0.027027,0.000000,0.102985,1.000000,0.902217,0.441176,0.000000
17,147,0.181818,0.067568,0.000000,0.080230,0.818182,0.923823,0.338235,0.000000
17,148,1.000000,0.250000,0.000000,0.091381,0.000000,0.913235,0.147059,0.000000
18,0,0.121212,0.054054,0.000000,0.508361,0.878788,0.594607,0.304348,0.000000
18,1,0.121212,0.054054,0.000000,0.461607,0.878788,0.631892,0.188406,0.000000
18,2,0.121212,0.054054,0.683636,0.611938,0.878788,0.324685,0.333333,0.061147
18,3,0.121212,0.054054,0.000000,0.402213,0.878788,0.679255,0.231884,0.000000
18,4,0.121212,0.054054,0.628672,0.376747,0.878788,0.527299,0.391304,0.056231
18,5,0.121212,0.054054,0.000000,0.538963,0.878788,0.570203,0.304348,0.000000
18,6,0.121212,0.054054,0.000000,0.641293,0.878788,0.488601,0.260870,0.000000
18,7,0.121212,0.054054,0.000000,0.630984,0.878788,0.496821,0.217391,0.000000
18,8,0.121212,0.054054,0.370796,0.517548,0.878788,0.485678,0.289855,0.033165
18,9,0.121212,0.054054,0.000000,0.262034,0.878788,0.791041,0.289855,0.000000
18,10,0.121212,0.054054,0.581445,0.961384,0.878788,0.074021,0.304348,0.116289
18,11,0.121212,0.054054,0.000000,0.559838,0.878788,0.553557,0.275362,0.000000
18,12,0.121212,0.054054,0.000000,0.558380,0.878788,0.554720,0.260870,0.000000
18,13,0.121212,0.054054,0.000000,0.715958,0.878788,0.429059,0.333333,0.000000
18,14,0.121212,0.054054,0.000000,0.858266,0.878788,0.315575,0.333333,0.000000
18,15,0.121212,0.054054,0.713149,0.806748,0.878788,0.161247,0.275362,0.142630
18,16,0.121212,0.054054,0.000000,0.462928,0.878788,0.630838,0.217391,0.000000
18,17,0.121212,0.054054,0.182761,0.693168,0.878788,0.397154,0.333333,0.036552
18,18,0.121212,0.054054,0.559631,0.658427,0.878788,0.321591,0.188406,0.050056
18,19,0.121212,0.054054,0.000000,0.357652,0.878788,0.714790,0.318841,0.000000
18,20,0.121212,0.054054,1.000000,0.688784,0.878788,0.176716,0.275362,0.089444
18,21,0.121212,0.054054,0.000000,0.380599,0.878788,0.696491,0.188406,0.000000
18,22,0.121212,0.054054,0.000000,0.278886,0.878788,0.777602,0.275362,0.000000
18,23,0.121212,0.054054,0.401978,0.333129,0.878788,0.624199,0.231884,0.035954
18,24,0.121212,0.054054,0.250661,0.484183,0.878788,0.545204,0.275362,0.022420
18,25,0.121212,0.054054,0.491447,0.354022,0.878788,0.583023,0.246377,0.043957
18,26,0.121212,0.054054,0.000000,0.489265,0.878788,0.609835,0.202899,0.000000
18,27,0.060606,0.040541,0.498988,0.425061,0.939394,0.524306,0.289855,0.099798
18,28,0.060606,0.040541,0.436733,0.848999,0.939394,0.203295,0.391304,0.087347
18,29,0.060606,0.040541,0.000000,0.496538,0.939394,0.604035,0.318841,0.000000
18,30,0.060606,0.040541,0.000000,0.505388,0.939394,0.596978,0.391304,0.000000
18,31,0.060606,0.040541,0.000000,0.624989,0.939394,0.501602,0.333333,0.000000
18,32,0.060606,0.040541,0.000000,0.745881,0.939394,0.405197,0.376812,0.000000
18,33,0.060606,0.040541,0.000000,0.496538,0.939394,0.604035,0.347826,0.000000
18,34,0.060606,0.040541,0.000000,0.163027,0.939394,0.869994,0.333333,0.000000
18,35,0.060606,0.040541,0.000000,0.602199,0.939394,0.519776,0.362319,0.000000
18,36,0.424242,0.121622,0.000000,0.886311,0.575758,0.293211,0.188406,0.000000
18,37,0.121212,0.054054,0.000000,0.496446,0.878788,0.604109,0.246377,0.000000
18,38,0.121212,0.054054,0.000000,0.381011,0.878788,0.696163,0.333333,0.000000
18,39,0.121212,0.054054,0.117887,0.248094,0.878788,0.769854,0.260870,0.023577
18,40,0.121212,0.054054,0.000000,0.618030,0.878788,0.507151,0.217391,0.000000
18,41,0.121212,0.054054,0.000000,0.454657,0.878788,0.637434,0.362319,0.000000
18,42,0.121212,0.054054,0.658674,0.626056,0.878788,0.320266,0.318841,0.131735
18,43,0.121212,0.054054,0.000000,0.381970,0.878788,0.695398,0.231884,0.000000
18,44,0.121212,0.054054,0.739198,1.000000,0.878788,0.000000,0.275362,0.147840
18,45,0.121212,0.054054,0.347779,0.451350,0.878788,0.544775,0.405797,0.031107
18,46,0.121212,0.054054,0.541877,0.356776,0.878788,0.567007,0.289855,0.048468
18,47,0.121212,0.054054,0.540787,0.934760,0.878788,0.106393,0.318841,0.108157
18,48,0.121212,0.054054,0.000000,0.299900,0.878788,0.760844,0.231884,0.000000
18,49,0.121212,0.054054,0.357237,0.634788,0.878788,0.395900,0.275362,0.071447
18,50,0.121212,0.054054,0.000000,0.477107,0.878788,0.619531,0.318841,0.000000
18,51,0.121212,0.054054,0.000000,0.828594,0.878788,0.339237,0.318841,0.000000
18,52,0.121212,0.054054,0.053858,0.436314,0.878788,0.637303,0.304348,0.010772
18,53,0.121212,0.054054,0.000000,0.740683,0.878788,0.409342,0.217391,0.000000
18,54,0.121212,0.054054,0.306328,0.368237,0.878788,0.622412,0.376812,0.061266
18,55,0.121212,0.054054,0.436733,0.591949,0.878788,0.408280,0.260870,0.087347
18,56,0.121212,0.054054,0.000000,0.171458,0.878788,0.863271,0.347826,0.000000
18,57,0.121212,0.054054,0.000000,0.398160,0.878788,0.682487,0.289855,0.000000
18,58,0.121212,0.054054,0.762590,0.346995,0.878788,0.514329,0.347826,0.068209
18,59,0.121212,0.054054,0.000000,0.286853,0.878788,0.771249,0.246377,0.000000
18,60,0.121212,0.054054,0.568630,0.245045,0.878788,0.648777,0.318841,0.050860
18,61,0.121212,0.054054,0.445602,0.146046,0.878788,0.761435,0.304348,0.039856
18,62,0.121212,0.054054,0.090398,0.321584,0.878788,0.718783,0.304348,0.008086
18,63,0.121212,0.054054,0.000000,0.338110,0.878788,0.730374,0.260870,0.000000
18,64,0.060606,0.040541,0.000000,0.432700,0.939394,0.654943,0.347826,0.000000
18,65,0.060606,0.040541,0.000000,0.703720,0.939394,0.438818,0.347826,0.000000
18,66,0.060606,0.040541,0.000000,0.449872,0.939394,0.641250,0.347826,0.000000
18,67,0.060606,0.040541,0.000000,0.342266,0.939394,0.727059,0.405797,0.000000
18,68,0.060606,0.040541,0.066780,0.439789,0.939394,0.630991,0.391304,0.013356
18,69,0.060606,0.040541,0.445586,0.597555,0.939394,0.401384,0.405797,0.089117
18,70,0.060606,0.040541,0.202489,0.350362,0.939394,0.665119,0.420290,0.040498
18,71,0.060606,0.040541,0.454398,0.212238,0.939394,0.706240,0.434783,0.090880
18,72,0.060606,0.040541,0.474431,0.404967,0.939394,0.547059,0.391304,0.094886
18,73,0.424242,0.121622,0.474453,0.341008,0.575758,0.598057,0.202899,0.042437
18,74,0.121212,0.054054,0.000000,0.308571,0.878788,0.753930,0.188406,0.000000
18,75,0.121212,0.054054,0.000000,0.421235,0.878788,0.664086,0.275362,0.000000
18,76,0.121212,0.054054,0.425209,0.412147,0.878788,0.554820,0.173913,0.038032
18,77,0.121212,0.054054,0.215500,0.476371,0.878788,0.561068,0.275362,0.043100
18,78,0.121212,0.054054,0.659102,0.376747,0.878788,0.518961,0.333333,0.058953
18,79,0.121212,0.054054,0.000000,0.059014,0.878788,0.952940,0.217391,0.000000
18,80,0.121212,0.054054,0.000000,0.451085,0.878788,0.640282,0.188406,0.000000
18,81,0.121212,0.054054,0.329561,0.320401,0.878788,0.654192,0.246377,0.065912
18,82,0.121212,0.054054,0.315805,0.272502,0.878788,0.696158,0.217391,0.028247
18,83,0.121212,0.054054,0.000000,0.262034,0.878788,0.791041,0.217391,0.000000
18,84,0.121212,0.054054,0.140577,0.190573,0.878788,0.809507,0.289855,0.012574
18,85,0.121212,0.054054,0.000000,0.421715,0.878788,0.663703,0.188406,0.000000
18,86,0.121212,0.054054,0.507271,0.150066,0.878788,0.741331,0.318841,0.045372
18,87,0.121212,0.054054,0.510862,0.547092,0.878788,0.423739,0.231884,0.102172
18,88,0.121212,0.054054,0.000000,0.193621,0.878788,0.845597,0.231884,0.000000
18,89,0.121212,0.054054,0.000000,0.541215,0.878788,0.568408,0.188406,0.000000
18,90,0.121212,0.054054,0.270843,0.119500,0.878788,0.830490,0.217391,0.054169
18,91,0.121212,0.054054,0.242274,0.438172,0.878788,0.584194,0.231884,0.048455
18,92,0.121212,0.054054,0.000000,0.308571,0.878788,0.753930,0.159420,0.000000
18,93,0.121212,0.054054,0.470814,0.380727,0.878788,0.567380,0.260870,0.094163
18,94,0.121212,0.054054,0.051929,0.338928,0.878788,0.715493,0.202899,0.004645
18,95,0.121212,0.054054,0.352002,0.499317,0.878788,0.505366,0.246377,0.070400
18,96,0.121212,0.054054,0.000000,0.278886,0.878788,0.777602,0.217391,0.000000
18,97,0.121212,0.054054,0.000000,0.105452,0.878788,0.915908,0.159420,0.000000
18,98,0.121212,0.054054,0.000000,0.421385,0.878788,0.663966,0.173913,0.000000
18,99,0.121212,0.054054,0.000000,0.386867,0.878788,0.691493,0.217391,0.000000
18,100,0.121212,0.054054,0.181215,0.261588,0.878788,0.741742,0.173913,0.016209
18,101,0.060606,0.040541,0.000000,0.425061,0.939394,0.661035,0.159420,0.000000
18,102,0.060606,0.040541,0.000000,0.313093,0.939394,0.750324,0.231884,0.000000
18,103,0.060606,0.040541,0.000000,0.358414,0.939394,0.714182,0.173913,0.000000
18,104,0.060606,0.040541,0.056705,0.313093,0.939394,0.734786,0.231884,0.011341
18,105,0.060606,0.040541,0.000000,0.456123,0.939394,0.636265,0.188406,0.000000
18,106,0.060606,0.040541,0.000000,0.316141,0.939394,0.747893,0.217391,0.000000
18,107,0.060606,0.040541,0.000000,0.358414,0.939394,0.714182,0.202899,0.000000
18,108,0.060606,0.040541,0.000000,0.163027,0.939394,0.869994,0.217391,0.000000
18,109,0.060606,0.040541,0.000000,0.347202,0.939394,0.723123,0.202899,0.000000
18,110,0.424242,0.121622,0.436457,0.582155,0.575758,0.416165,0.188406,0.039038
18,111,0.030303,0.033784,0.000000,0.296656,0.969697,0.763432,0.362319,0.000000
18,112,0.030303,0.033784,0.000000,0.146106,0.969697,0.883487,0.391304,0.000000
18,113,0.030303,0.033784,0.000000,0.048304,0.969697,0.961480,0.362319,0.000000
18,114,0.030303,0.033784,0.000000,0.402012,0.969697,0.679415,0.420290,0.000000
18,115,0.030303,0.033784,0.000000,0.454657,0.969697,0.637434,0.362319,0.000000
18,116,0.030303,0.033784,0.000000,0.146106,0.969697,0.883487,0.420290,0.000000
18,117,0.030303,0.033784,0.000000,0.191762,0.969697,0.847079,0.405797,0.000000
18,118,0.030303,0.033784,0.000000,0.593774,0.969697,0.526495,0.405797,0.000000
18,119,0.030303,0.033784,0.000000,0.206305,0.969697,0.835482,0.376812,0.000000
18,120,0.030303,0.033784,0.566143,0.356776,0.969697,0.560358,0.362319,0.050638
18,121,0.030303,0.033784,0.000000,0.163950,0.969697,0.869258,0.405797,0.000000
18,122,0.030303,0.033784,0.000000,0.161777,0.969697,0.870991,0.333333,0.000000
18,123,0.030303,0.033784,0.000000,0.226474,0.969697,0.819398,0.391304,0.000000
18,124,0.030303,0.033784,0.278348,0.308240,0.969697,0.677923,0.347826,0.024897
18,125,0.030303,0.033784,0.000000,0.163950,0.969697,0.869258,0.420290,0.000000
18,126,0.030303,0.033784,0.000000,0.170781,0.969697,0.863810,0.434783,0.000000
18,127,0.030303,0.033784,0.000000,0.397256,0.969697,0.683208,0.405797,0.000000
18,128,0.030303,0.033784,0.000000,0.113241,0.969697,0.909696,0.376812,0.000000
18,129,0.030303,0.033784,0.000000,0.242092,0.969697,0.806943,0.405797,0.000000
18,130,0.030303,0.033784,0.000000,0.000000,0.969697,1.000000,0.405797,0.000000
18,131,0.030303,0.033784,0.000000,0.048304,0.969697,0.961480,0.420290,0.000000
18,132,0.030303,0.033784,0.000000,0.175538,0.969697,0.860017,0.391304,0.000000
18,133,0.030303,0.033784,0.000000,0.286853,0.969697,0.771249,0.405797,0.000000
18,134,0.030303,0.033784,0.000000,0.000000,0.969697,1.000000,0.434783,0.000000
18,135,0.030303,0.033784,0.000000,0.083248,0.969697,0.933614,0.420290,0.000000
18,136,0.030303,0.033784,0.000000,0.258785,0.969697,0.793631,0.405797,0.000000
18,137,0.030303,0.033784,0.000000,0.093064,0.969697,0.925786,0.434783,0.000000
18,138,0.000000,0.027027,0.000000,0.432700,1.000000,0.654943,0.391304,0.000000
18,139,0.000000,0.027027,0.000000,0.167814,1.000000,0.866176,0.420290,0.000000
18,140,0.000000,0.027027,0.000000,0.311748,1.000000,0.751397,0.405797,0.000000
18,141,0.000000,0.027027,0.000000,0.149971,1.000000,0.880405,0.420290,0.000000
18,142,0.000000,0.027027,0.000000,0.270923,1.000000,0.783952,0.405797,0.000000
18,143,0.000000,0.027027,0.000000,0.167814,1.000000,0.866176,0.405797,0.000000
18,144,0.000000,0.027027,0.050546,0.212238,1.000000,0.816900,0.391304,0.010109
18,145,0.000000,0.027027,0.000000,0.212238,1.000000,0.830750,0.420290,0.000000
18,146,0.000000,0.027027,0.000000,0.149971,1.000000,0.880405,0.434783,0.000000
18,147,0.181818,0.067568,0.000000,0.019485,0.818182,0.984462,0.333333,0.000000
18,148,1.000000,0.250000,0.000000,0.307544,0.000000,0.754749,0.144928,0.000000
19,0,0.121212,0.054054,0.000000,0.549440,0.878788,0.516408,0.300000,0.000000
19,1,0.121212,0.054054,0.000000,0.628859,0.878788,0.446507,0.185714,0.000000
19,2,0.121212,0.054054,0.398266,0.672337,0.878788,0.253873,0.342857,0.079653
19,3,0.121212,0.054054,0.000000,0.457224,0.878788,0.597572,0.228571,0.000000
19,4,0.121212,0.054054,0.125874,0.356856,0.878788,0.637123,0.400000,0.013980
19,5,0.121212,0.054054,0.000000,0.645700,0.878788,0.431684,0.300000,0.000000
19,6,0.121212,0.054054,0.000000,0.645700,0.878788,0.431684,0.257143,0.000000
19,7,0.121212,0.054054,0.000000,0.561327,0.878788,0.505946,0.214286,0.000000
19,8,0.121212,0.054054,0.000000,0.530312,0.878788,0.533244,0.300000,0.000000
19,9,0.121212,0.054054,0.168921,0.696724,0.878788,0.321302,0.285714,0.033784
19,10,0.121212,0.054054,0.283398,0.793157,0.878788,0.192055,0.300000,0.056680
19,11,0.121212,0.054054,0.000000,0.898129,0.878788,0.209508,0.271429,0.000000
19,12,0.121212,0.054054,0.127719,0.186977,0.878788,0.785928,0.257143,0.025544
19,13,0.121212,0.054054,0.000000,0.823781,0.878788,0.274945,0.328571,0.000000
19,14,0.121212,0.054054,0.000000,1.000000,0.878788,0.119846,0.328571,0.000000
19,15,0.121212,0.054054,0.691455,0.831666,0.878788,0.000000,0.271429,0.138291
19,16,0.121212,0.054054,0.000000,0.463902,0.878788,0.591695,0.214286,0.000000
19,17,0.121212,0.054054,0.450765,0.677288,0.878788,0.229167,0.328571,0.090153
19,18,0.121212,0.054054,0.000000,0.381766,0.878788,0.663987,0.200000,0.000000
19,19,0.121212,0.054054,0.000000,0.553626,0.878788,0.512724,0.314286,0.000000
19,20,0.121212,0.054054,1.000000,0.582695,0.878788,0.099541,0.285714,0.111067
19,21,0.121212,0.054054,0.222512,0.632175,0.878788,0.357344,0.185714,0.024714
19,22,0.121212,0.054054,0.039535,0.212651,0.878788,0.797511,0.271429,0.004391
19,23,0.121212,0.054054,0.455075,0.381160,0.878788,0.488135,0.242857,0.050544
19,24,0.121212,0.054054,0.321141,0.742748,0.878788,0.221794,0.285714,0.035668
19,25,0.121212,0.054054,0.242626,0.470309,0.878788,0.492014,0.257143,0.026948
19,26,0.121212,0.054054,0.628840,0.443752,0.878788,0.365694,0.200000,0.069843
19,27,0.060606,0.040541,0.520405,0.640583,0.939394,0.234480,0.285714,0.104081
19,28,0.060606,0.040541,0.000000,0.601285,0.939394,0.470777,0.385714,0.000000
19,29,0.060606,0.040541,0.000000,0.588047,0.939394,0.482428,0.314286,0.000000
19,30,0.060606,0.040541,0.000000,0.166739,0.939394,0.853244,0.385714,0.000000
19,31,0.060606,0.040541,0.000000,0.747297,0.939394,0.342263,0.328571,0.000000
19,32,0.060606,0.040541,0.067523,0.808128,0.939394,0.262552,0.371429,0.013505
19,33,0.060606,0.040541,0.000000,0.727054,0.939394,0.360080,0.342857,0.000000
19,34,0.060606,0.040541,0.000000,0.443664,0.939394,0.609508,0.328571,0.000000
19,35,0.060606,0.040541,0.000000,0.600803,0.939394,0.471201,0.357143,0.000000
19,36,0.424242,0.121622,0.320100,0.872554,0.575758,0.107948,0.185714,0.035552
19,37,0.121212,0.054054,0.000000,0.598289,0.878788,0.473413,0.242857,0.000000
19,38,0.121212,0.054054,0.466580,0.454656,0.878788,0.418988,0.328571,0.051822
19,39,0.121212,0.054054,0.376532,0.296067,0.878788,0.593473,0.257143,0.075306
19,40,0.121212,0.054054,0.000000,0.709918,0.878788,0.375163,0.214286,0.000000
19,41,0.121212,0.054054,0.259178,0.343296,0.878788,0.597390,0.357143,0.051836
19,42,0.121212,0.054054,0.576647,0.479886,0.878788,0.354120,0.314286,0.064046
19,43,0.121212,0.054054,0.000000,0.272553,0.878788,0.760111,0.228571,0.000000
19,44,0.121212,0.054054,0.512775,0.703202,0.878788,0.182324,0.271429,0.102555
19,45,0.121212,0.054054,0.000000,0.345572,0.878788,0.695843,0.414286,0.000000
19,46,0.121212,0.054054,0.484290,0.727949,0.878788,0.171583,0.300000,0.096858
19,47,0.121212,0.054054,0.200115,0.690352,0.878788,0.314820,0.314286,0.040023
19,48,0.121212,0.054054,0.000000,0.584386,0.878788,0.485651,0.228571,0.000000
19,49,0.121212,0.054054,0.169853,0.398447,0.878788,0.583471,0.271429,0.033971
19,50,0.121212,0.054054,0.000000,0.473986,0.878788,0.582820,0.314286,0.000000
19,51,0.121212,0.054054,0.000000,0.831774,0.878788,0.267911,0.314286,0.000000
19,52,0.121212,0.054054,0.000000,0.477328,0.878788,0.579878,0.300000,0.000000
19,53,0.121212,0.054054,0.000000,0.675372,0.878788,0.405569,0.214286,0.000000
19,54,0.121212,0.054054,0.438841,0.271441,0.878788,0.590996,0.371429,0.087768
19,55,0.121212,0.054054,0.000000,0.181046,0.878788,0.840652,0.257143,0.000000
19,56,0.121212,0.054054,0.313184,0.508443,0.878788,0.431103,0.342857,0.034784
19,57,0.121212,0.054054,0.026300,0.155924,0.878788,0.852569,0.285714,0.002921
19,58,0.121212,0.054054,0.579843,0.643491,0.878788,0.208883,0.357143,0.064401
19,59,0.121212,0.054054,0.000000,0.074145,0.878788,0.934741,0.242857,0.000000
19,60,0.121212,0.054054,0.227981,0.304499,0.878788,0.643629,0.328571,0.025321
19,61,0.121212,0.054054,0.148557,0.303676,0.878788,0.675138,0.314286,0.016500
19,62,0.121212,0.054054,0.312883,0.407602,0.878788,0.519975,0.314286,0.034751
19,63,0.121212,0.054054,0.000000,0.322400,0.878788,0.716239,0.257143,0.000000
19,64,0.060606,0.040541,0.083554,0.451669,0.939394,0.570076,0.342857,0.016711
19,65,0.060606,0.040541,0.042646,0.655929,0.939394,0.406152,0.342857,0.008529
19,66,0.060606,0.040541,0.000000,0.554084,0.939394,0.512321,0.342857,0.000000
19,67,0.060606,0.040541,0.043181,0.243810,0.939394,0.768673,0.400000,0.008636
19,68,0.060606,0.040541,0.178369,0.345798,0.939394,0.626509,0.385714,0.035674
19,69,0.060606,0.040541,0.729499,0.797351,0.939394,0.015456,0.400000,0.145900
19,70,0.060606,0.040541,0.174080,0.618292,0.939394,0.388335,0.414286,0.034816
19,71,0.060606,0.040541,0.142134,0.520735,0.939394,0.486582,0.428571,0.028427
19,72,0.060606,0.040541,0.000000,0.389232,0.939394,0.657416,0.385714,0.000000
19,73,0.424242,0.121622,0.018995,0.260296,0.575758,0.763537,0.214286,0.002110
19,74,0.121212,0.054054,0.000000,0.368394,0.878788,0.675756,0.185714,0.000000
19,75,0.121212,0.054054,0.388909,0.442941,0.878788,0.459403,0.271429,0.043195
19,76,0.121212,0.054054,0.000000,0.547536,0.878788,0.518084,0.185714,0.000000
19,77,0.121212,0.054054,0.558566,0.391262,0.878788,0.439131,0.271429,0.062038
19,78,0.121212,0.054054,0.545375,0.300612,0.878788,0.524030,0.342857,0.060573
19,79,0.121212,0.054054,0.000000,0.165815,0.878788,0.854057,0.214286,0.000000
19,80,0.121212,0.054054,0.000000,0.447195,0.878788,0.606400,0.185714,0.000000
19,81,0.121212,0.054054,0.052621,0.307390,0.878788,0.709054,0.242857,0.005844
19,82,0.121212,0.054054,0.000000,0.225813,0.878788,0.801250,0.228571,0.000000
19,83,0.121212,0.054054,0.465243,0.598736,0.878788,0.292693,0.214286,0.093049
19,84,0.121212,0.054054,0.000000,0.177397,0.878788,0.843864,0.300000,0.000000
19,85,0.121212,0.054054,0.000000,0.697725,0.878788,0.385894,0.185714,0.000000
19,86,0.121212,0.054054,0.000000,0.114135,0.878788,0.899543,0.328571,0.000000
19,87,0.121212,0.054054,0.306667,0.618947,0.878788,0.336368,0.228571,0.061333
19,88,0.121212,0.054054,0.000000,0.242817,0.878788,0.786284,0.228571,0.000000
19,89,0.121212,0.054054,0.000000,0.354338,0.878788,0.688128,0.185714,0.000000
19,90,0.121212,0.054054,0.040648,0.114135,0.878788,0.883788,0.214286,0.004515
19,91,0.121212,0.054054,0.168148,0.429019,0.878788,0.557223,0.228571,0.033630
19,92,0.121212,0.054054,0.000000,0.200720,0.878788,0.823335,0.157143,0.000000
19,93,0.121212,0.054054,0.483036,0.313921,0.878788,0.536477,0.257143,0.053649
19,94,0.121212,0.054054,0.169380,0.428159,0.878788,0.557503,0.214286,0.018813
19,95,0.121212,0.054054,0.000000,0.392470,0.878788,0.654566,0.242857,0.000000
19,96,0.121212,0.054054,0.194009,0.156406,0.878788,0.787141,0.214286,0.021548
19,97,0.121212,0.054054,0.000000,0.316391,0.878788,0.721527,0.157143,0.000000
19,98,0.121212,0.054054,0.000000,0.514507,0.878788,0.547154,0.171429,0.000000
19,99,0.121212,0.054054,0.000000,0.271804,0.878788,0.760771,0.214286,0.000000
19,100,0.121212,0.054054,0.000000,0.378983,0.878788,0.666437,0.185714,0.000000
19,101,0.060606,0.040541,0.000000,0.401631,0.939394,0.646503,0.157143,0.000000
19,102,0.060606,0.040541,0.000000,0.019947,0.939394,0.982444,0.228571,0.000000
19,103,0.060606,0.040541,0.000000,0.246680,0.939394,0.782883,0.171429,0.000000
19,104,0.060606,0.040541,0.000000,0.008365,0.939394,0.992637,0.228571,0.000000
19,105,0.060606,0.040541,0.000000,0.401499,0.939394,0.646619,0.185714,0.000000
19,106,0.060606,0.040541,0.003150,0.085367,0.939394,0.923643,0.214286,0.000630
19,107,0.060606,0.040541,0.000000,0.108762,0.939394,0.904273,0.200000,0.000000
19,108,0.060606,0.040541,0.000000,0.008365,0.939394,0.992637,0.214286,0.000000
19,109,0.060606,0.040541,0.000000,0.211571,0.939394,0.813785,0.200000,0.000000
19,110,0.424242,0.121622,0.000000,0.853376,0.575758,0.248898,0.200000,0.000000
19,111,0.030303,0.033784,0.000000,0.417244,0.969697,0.632761,0.357143,0.000000
19,112,0.030303,0.033784,0.000000,0.204881,0.969697,0.819673,0.385714,0.000000
19,113,0.030303,0.033784,0.000000,0.171266,0.969697,0.849260,0.357143,0.000000
19,114,0.030303,0.033784,0.000000,0.580098,0.969697,0.489424,0.414286,0.000000
19,115,0.030303,0.033784,0.000000,0.287051,0.969697,0.747351,0.357143,0.000000
19,116,0.030303,0.033784,0.000000,0.000000,0.969697,1.000000,0.414286,0.000000
19,117,0.030303,0.033784,0.000000,0.074048,0.969697,0.934826,0.400000,0.000000
19,118,0.030303,0.033784,0.000000,0.449265,0.969697,0.604578,0.400000,0.000000
19,119,0.030303,0.033784,0.000000,0.041073,0.969697,0.963849,0.371429,0.000000
19,120,0.030303,0.033784,0.145007,0.629960,0.969697,0.389334,0.371429,0.029001
19,121,0.030303,0.033784,0.000000,0.074591,0.969697,0.934349,0.400000,0.000000
19,122,0.030303,0.033784,0.000000,0.383982,0.969697,0.662036,0.328571,0.000000
19,123,0.030303,0.033784,0.000000,0.325606,0.969697,0.713417,0.385714,0.000000
19,124,0.030303,0.033784,0.000000,0.269151,0.969697,0.763106,0.357143,0.000000
19,125,0.030303,0.033784,0.000000,0.074591,0.969697,0.934349,0.414286,0.000000
19,126,0.030303,0.033784,0.000000,0.000000,0.969697,1.000000,0.428571,0.000000
19,127,0.030303,0.033784,0.000000,0.325606,0.969697,0.713417,0.400000,0.000000
19,128,0.030303,0.033784,0.000000,0.023173,0.969697,0.979604,0.371429,0.000000
19,129,0.030303,0.033784,0.000000,0.000000,0.969697,1.000000,0.400000,0.000000
19,130,0.030303,0.033784,0.000000,0.204881,0.969697,0.819673,0.400000,0.000000
19,131,0.030303,0.033784,0.000000,0.001387,0.969697,0.998779,0.414286,0.000000
19,132,0.030303,0.033784,0.000000,0.339929,0.969697,0.700810,0.385714,0.000000
19,133,0.030303,0.033784,0.000000,0.017900,0.969697,0.984245,0.400000,0.000000
19,134,0.030303,0.033784,0.000000,0.000000,0.969697,1.000000,0.428571,0.000000
19,135,0.030303,0.033784,0.000000,0.075435,0.969697,0.933606,0.414286,0.000000
19,136,0.030303,0.033784,0.000000,0.209096,0.969697,0.815963,0.400000,0.000000
19,137,0.030303,0.033784,0.000000,0.017900,0.969697,0.984245,0.428571,0.000000
19,138,0.000000,0.027027,0.000000,0.212717,1.000000,0.812777,0.385714,0.000000
19,139,0.000000,0.027027,0.000000,0.074591,1.000000,0.934349,0.414286,0.000000
19,140,0.000000,0.027027,0.000000,0.212717,1.000000,0.812777,0.400000,0.000000
19,141,0.000000,0.027027,0.000000,0.085437,1.000000,0.924803,0.414286,0.000000
19,142,0.000000,0.027027,0.000000,0.000000,1.000000,1.000000,0.400000,0.000000
19,143,0.000000,0.027027,0.000000,0.074591,1.000000,0.934349,0.400000,0.000000
19,144,0.000000,0.027027,0.544378,0.000000,1.000000,0.789000,0.385714,0.060462
19,145,0.000000,0.027027,0.000000,0.085437,1.000000,0.924803,0.414286,0.000000
19,146,0.000000,0.027027,0.000000,0.000000,1.000000,1.000000,0.428571,0.000000
19,147,0.181818,0.067568,0.000000,0.001387,0.818182,0.998779,0.328571,0.000000
19,148,1.000000,0.250000,0.000000,0.303588,0.000000,0.732796,0.142857,0.000000
20,0,0.121212,0.054054,0.000000,1.000000,0.878788,0.188046,0.295775,0.000000
20,1,0.121212,0.054054,0.000000,0.864734,0.878788,0.297876,0.183099,0.000000
20,2,0.121212,0.054054,0.818673,0.774875,0.878788,0.115068,0.338028,0.163735
20,3,0.121212,0.054054,0.000000,0.914165,0.878788,0.257741,0.225352,0.000000
20,4,0.121212,0.054054,0.517080,0.639217,0.878788,0.319440,0.408451,0.103416
20,5,0.121212,0.054054,0.000000,0.499927,0.878788,0.594082,0.295775,0.000000
20,6,0.121212,0.054054,0.028626,0.499927,0.878788,0.585139,0.253521,0.005725
20,7,0.121212,0.054054,0.000000,0.679441,0.878788,0.448326,0.211268,0.000000
20,8,0.121212,0.054054,0.000000,0.414092,0.878788,0.663776,0.295775,0.000000
20,9,0.121212,0.054054,0.669981,0.973806,0.878788,0.000000,0.281690,0.133996
20,10,0.121212,0.054054,0.590821,0.984591,0.878788,0.015974,0.295775,0.053463
20,11,0.121212,0.054054,0.000000,0.938913,0.878788,0.237646,0.267606,0.000000
20,12,0.121212,0.054054,0.379888,0.738176,0.878788,0.281951,0.253521,0.034376
20,13,0.121212,0.054054,0.000000,0.743068,0.878788,0.396664,0.323944,0.000000
20,14,0.121212,0.054054,0.000000,0.875593,0.878788,0.289059,0.323944,0.000000
20,15,0.121212,0.054054,0.451972,0.420477,0.878788,0.517387,0.267606,0.090394
20,16,0.121212,0.054054,0.000000,0.405482,0.878788,0.670767,0.211268,0.000000
20,17,0.121212,0.054054,0.193758,0.511394,0.878788,0.524238,0.323944,0.017533
20,18,0.121212,0.054054,0.476082,0.771309,0.878788,0.224995,0.197183,0.095216
20,19,0.121212,0.054054,0.385081,0.462915,0.878788,0.503828,0.309859,0.034846
20,20,0.121212,0.054054,0.326718,0.493516,0.878788,0.497215,0.295775,0.065344
20,21,0.121212,0.054054,0.000000,0.697616,0.878788,0.433568,0.197183,0.000000
20,22,0.121212,0.054054,0.106677,0.529571,0.878788,0.536685,0.281690,0.021335
20,23,0.121212,0.054054,0.382053,0.287287,0.878788,0.647375,0.253521,0.034572
20,24,0.121212,0.054054,0.141440,0.542666,0.878788,0.515192,0.295775,0.028288
20,25,0.121212,0.054054,0.152111,0.701133,0.878788,0.383191,0.267606,0.030422
20,26,0.121212,0.054054,0.000000,0.462829,0.878788,0.624204,0.211268,0.000000
20,27,0.060606,0.040541,0.000000,0.776139,0.939394,0.369811,0.281690,0.000000
20,28,0.060606,0.040541,0.162938,0.784756,0.939394,0.311909,0.380282,0.014744
20,29,0.060606,0.040541,0.000000,0.778279,0.939394,0.368074,0.309859,0.000000
20,30,0.060606,0.040541,0.000000,0.488911,0.939394,0.603027,0.380282,0.000000
20,31,0.060606,0.040541,0.000000,0.551598,0.939394,0.552128,0.323944,0.000000
20,32,0.060606,0.040541,0.020992,0.751559,0.939394,0.383211,0.366197,0.001900
20,33,0.060606,0.040541,0.000000,0.495210,0.939394,0.597913,0.338028,0.000000
20,34,0.060606,0.040541,0.100532,0.243032,0.939394,0.771261,0.323944,0.009097
20,35,0.060606,0.040541,0.254844,0.473195,0.939394,0.536169,0.352113,0.023061
20,36,0.424242,0.121622,0.524944,0.864576,0.575758,0.134001,0.197183,0.104989
20,37,0.121212,0.054054,0.225624,0.934925,0.878788,0.170394,0.239437,0.045125
20,38,0.121212,0.054054,0.611699,0.957572,0.878788,0.031389,0.338028,0.055352
20,39,0.121212,0.054054,0.000000,0.479763,0.878788,0.610455,0.253521,0.000000
20,40,0.121212,0.054054,0.426965,0.919593,0.878788,0.119941,0.211268,0.038636
20,41,0.121212,0.054054,0.430059,0.464977,0.878788,0.488102,0.352113,0.086012
20,42,0.121212,0.054054,0.330720,0.499927,0.878788,0.490759,0.323944,0.029927
20,43,0.121212,0.054054,0.000000,0.314762,0.878788,0.744428,0.225352,0.000000
20,44,0.121212,0.054054,0.595594,0.581973,0.878788,0.341389,0.267606,0.119119
20,45,0.121212,0.054054,0.000000,0.184922,0.878788,0.849852,0.408451,0.000000
20,46,0.121212,0.054054,0.533097,0.652667,0.878788,0.303515,0.295775,0.106619
20,47,0.121212,0.054054,0.330720,0.623902,0.878788,0.390097,0.309859,0.029927
20,48,0.121212,0.054054,0.000000,0.295174,0.878788,0.760332,0.225352,0.000000
20,49,0.121212,0.054054,0.258827,0.618371,0.878788,0.417049,0.267606,0.023421
20,50,0.121212,0.054054,0.000000,0.563025,0.878788,0.542849,0.309859,0.000000
20,51,0.121212,0.054054,0.149878,0.506155,0.878788,0.542201,0.309859,0.013562
20,52,0.121212,0.054054,0.000000,0.147005,0.878788,0.880639,0.295775,0.000000
20,53,0.121212,0.054054,0.000000,0.435187,0.878788,0.646649,0.211268,0.000000
20,54,0.121212,0.054054,0.624914,0.123966,0.878788,0.704110,0.366197,0.056548
20,55,0.121212,0.054054,0.162938,0.782738,0.878788,0.313548,0.253521,0.032588
20,56,0.121212,0.054054,0.350594,0.642567,0.878788,0.368733,0.352113,0.031725
20,57,0.121212,0.054054,0.548837,0.564340,0.878788,0.370315,0.295775,0.109767
20,58,0.121212,0.054054,0.756503,0.642567,0.878788,0.241919,0.366197,0.068455
20,59,0.121212,0.054054,0.000000,0.288777,0.878788,0.765527,0.239437,0.000000
20,60,0.121212,0.054054,0.380012,0.173908,0.878788,0.740072,0.338028,0.034387
20,61,0.121212,0.054054,0.411302,0.434702,0.878788,0.518544,0.323944,0.082260
20,62,0.121212,0.054054,0.000000,0.403006,0.878788,0.672778,0.323944,0.000000
20,63,0.121212,0.054054,0.000000,0.212590,0.878788,0.827387,0.253521,0.000000
20,64,0.060606,0.040541,0.000000,0.873647,0.939394,0.290639,0.338028,0.000000
20,65,0.060606,0.040541,0.000000,0.744760,0.939394,0.395289,0.338028,0.000000
20,66,0.060606,0.040541,0.000000,0.731037,0.939394,0.406432,0.338028,0.000000
20,67,0.060606,0.040541,0.281377,0.777208,0.939394,0.281035,0.394366,0.025462
20,68,0.060606,0.040541,0.609970,0.784006,0.939394,0.172857,0.380282,0.121994
20,69,0.060606,0.040541,0.027259,0.615998,0.939394,0.491322,0.394366,0.002467
20,70,0.060606,0.040541,0.294663,0.582867,0.939394,0.434680,0.408451,0.058933
20,71,0.060606,0.040541,0.355689,0.594024,0.939394,0.406556,0.422535,0.032186
20,72,0.060606,0.040541,0.138701,0.548814,0.939394,0.511056,0.380282,0.012551
20,73,0.424242,0.121622,0.000000,0.221317,0.575758,0.820301,0.225352,0.000000
20,74,0.121212,0.054054,0.000000,0.626495,0.878788,0.491315,0.183099,0.000000
20,75,0.121212,0.054054,0.000000,0.421108,0.878788,0.658080,0.281690,0.000000
20,76,0.121212,0.054054,0.000000,0.547542,0.878788,0.555421,0.183099,0.000000
20,77,0.121212,0.054054,0.558462,0.457413,0.878788,0.454127,0.281690,0.050535
20,78,0.121212,0.054054,0.202887,0.493046,0.878788,0.536284,0.352113,0.040577
20,79,0.121212,0.054054,0.000000,0.263315,0.878788,0.786200,0.211268,0.000000
20,80,0.121212,0.054054,0.000000,0.425374,0.878788,0.654616,0.183099,0.000000
20,81,0.121212,0.054054,0.000000,0.405928,0.878788,0.670406,0.253521,0.000000
20,82,0.121212,0.054054,0.000000,0.363314,0.878788,0.705006,0.225352,0.000000
20,83,0.121212,0.054054,1.000000,0.825636,0.878788,0.017202,0.211268,0.200000
20,84,0.121212,0.054054,0.630538,0.360688,0.878788,0.510145,0.295775,0.057057
20,85,0.121212,0.054054,0.000000,0.643739,0.878788,0.477314,0.183099,0.000000
20,86,0.121212,0.054054,0.270087,0.314985,0.878788,0.659866,0.323944,0.024440
20,87,0.121212,0.054054,0.000000,0.684539,0.878788,0.444186,0.225352,0.000000
20,88,0.121212,0.054054,0.025505,0.369438,0.878788,0.692065,0.225352,0.002308
20,89,0.121212,0.054054,0.000000,0.273472,0.878788,0.777953,0.183099,0.000000
20,90,0.121212,0.054054,0.000000,0.165476,0.878788,0.865641,0.225352,0.000000
20,91,0.121212,0.054054,0.598777,0.387429,0.878788,0.498356,0.225352,0.054183
20,92,0.121212,0.054054,0.000000,0.335110,0.878788,0.727906,0.154930,0.000000
20,93,0.121212,0.054054,0.000000,0.334294,0.878788,0.728569,0.267606,0.000000
20,94,0.121212,0.054054,0.000000,0.195411,0.878788,0.841335,0.225352,0.000000
20,95,0.121212,0.054054,0.752685,0.439824,0.878788,0.407730,0.239437,0.068110
20,96,0.121212,0.054054,0.304372,0.344717,0.878788,0.625014,0.225352,0.060874
20,97,0.121212,0.054054,0.000000,0.376694,0.878788,0.694142,0.154930,0.000000
20,98,0.121212,0.054054,0.000000,0.361978,0.878788,0.706091,0.169014,0.000000
20,99,0.121212,0.054054,0.000000,0.528522,0.878788,0.570865,0.211268,0.000000
20,100,0.121212,0.054054,0.000000,0.384383,0.878788,0.687899,0.183099,0.000000
20,101,0.060606,0.040541,0.000000,0.425984,0.939394,0.654121,0.154930,0.000000
20,102,0.060606,0.040541,0.000000,0.273874,0.939394,0.777627,0.225352,0.000000
20,103,0.060606,0.040541,0.000000,0.281119,0.939394,0.771744,0.169014,0.000000
20,104,0.060606,0.040541,0.000000,0.062695,0.939394,0.949095,0.225352,0.000000
20,105,0.060606,0.040541,0.000000,0.291084,0.939394,0.763654,0.183099,0.000000
20,106,0.060606,0.040541,0.035879,0.369438,0.939394,0.688824,0.211268,0.003247
20,107,0.060606,0.040541,0.000000,0.146219,0.939394,0.881277,0.197183,0.000000
20,108,0.060606,0.040541,0.000000,0.000000,0.939394,1.000000,0.211268,0.000000
20,109,0.060606,0.040541,0.000000,0.158259,0.939394,0.871501,0.197183,0.000000
20,110,0.424242,0.121622,0.607828,0.657065,0.575758,0.276596,0.197183,0.121566
20,111,0.030303,0.033784,0.000000,0.561421,0.969697,0.544152,0.352113,0.000000
20,112,0.030303,0.033784,0.000000,0.384775,0.969697,0.687580,0.380282,0.000000
20,113,0.030303,0.033784,0.000000,0.252429,0.969697,0.795039,0.352113,0.000000
20,114,0.030303,0.033784,0.000000,0.462841,0.969697,0.624194,0.408451,0.000000
20,115,0.030303,0.033784,0.000000,0.318805,0.969697,0.741145,0.352113,0.000000
20,116,0.030303,0.033784,0.000000,0.000000,0.969697,1.000000,0.408451,0.000000
20,117,0.030303,0.033784,0.000000,0.240208,0.969697,0.804962,0.394366,0.000000
20,118,0.030303,0.033784,0.000000,0.308460,0.969697,0.749544,0.394366,0.000000
20,119,0.030303,0.033784,0.000000,0.000000,0.969697,1.000000,0.366197,0.000000
20,120,0.030303,0.033784,0.000000,0.504497,0.969697,0.590372,0.366197,0.000000
20,121,0.030303,0.033784,0.000000,0.000000,0.969697,1.000000,0.394366,0.000000
20,122,0.030303,0.033784,0.335705,0.000000,0.969697,0.895119,0.323944,0.030378
20,123,0.030303,0.033784,0.000000,0.195181,0.969697,0.841522,0.380282,0.000000
20,124,0.030303,0.033784,0.000000,0.504497,0.969697,0.590372,0.352113,0.000000
20,125,0.030303,0.033784,0.000000,0.000000,0.969697,1.000000,0.408451,0.000000
20,126,0.030303,0.033784,0.348629,0.000000,0.969697,0.891081,0.422535,0.031547
20,127,0.030303,0.033784,0.000000,0.195181,0.969697,0.841522,0.394366,0.000000
20,128,0.030303,0.033784,0.000000,0.000000,0.969697,1.000000,0.366197,0.000000
20,129,0.030303,0.033784,0.000000,0.346538,0.969697,0.718627,0.394366,0.000000
20,130,0.030303,0.033784,0.000000,0.384775,0.969697,0.687580,0.394366,0.000000
20,131,0.030303,0.033784,0.000000,0.266235,0.969697,0.783830,0.408451,0.000000
20,132,0.030303,0.033784,0.000000,0.384775,0.969697,0.687580,0.380282,0.000000
20,133,0.030303,0.033784,0.000000,0.103923,0.969697,0.915619,0.394366,0.000000
20,134,0.030303,0.033784,0.000000,0.000000,0.969697,1.000000,0.422535,0.000000
20,135,0.030303,0.033784,0.000000,0.254014,0.969697,0.793753,0.408451,0.000000
20,136,0.030303,0.033784,0.000000,0.230395,0.969697,0.812930,0.394366,0.000000
20,137,0.030303,0.033784,0.000000,0.000000,0.969697,1.000000,0.422535,0.000000
20,138,0.000000,0.027027,0.000000,0.523492,1.000000,0.574949,0.380282,0.000000
20,139,0.000000,0.027027,0.000000,0.233877,1.000000,0.810102,0.408451,0.000000
20,140,0.000000,0.027027,0.000000,0.233877,1.000000,0.810102,0.394366,0.000000
20,141,0.000000,0.027027,0.000000,0.350992,1.000000,0.715011,0.408451,0.000000
20,142,0.000000,0.027027,0.000000,0.523492,1.000000,0.574949,0.394366,0.000000
20,143,0.000000,0.027027,0.000000,0.233877,1.000000,0.810102,0.394366,0.000000
20,144,0.000000,0.027027,0.000000,0.233877,1.000000,0.810102,0.394366,0.000000
20,145,0.000000,0.027027,0.000000,0.350992,1.000000,0.715011,0.408451,0.000000
20,146,0.000000,0.027027,0.000000,0.233877,1.000000,0.810102,0.422535,0.000000
20,147,0.181818,0.067568,0.000000,0.013805,0.818182,0.988791,0.323944,0.000000
20,148,1.000000,0.250000,0.000000,0.263315,0.000000,0.786200,0.140845,0.000000
21,0,0.121212,0.054054,0.000000,0.807691,0.878788,0.292830,0.291667,0.000000
21,1,0.121212,0.054054,0.000000,0.446245,0.878788,0.609292,0.180556,0.000000
21,2,0.121212,0.054054,0.141509,0.837030,0.878788,0.217926,0.333333,0.028302
21,3,0.121212,0.054054,0.000000,0.596245,0.878788,0.477960,0.222222,0.000000
21,4,0.121212,0.054054,0.069581,0.610376,0.878788,0.441388,0.402778,0.013916
21,5,0.121212,0.054054,0.000000,0.323875,0.878788,0.716433,0.291667,0.000000
21,6,0.121212,0.054054,0.131172,0.851161,0.878788,0.209148,0.250000,0.026234
21,7,0.121212,0.054054,0.000000,0.814891,0.878788,0.286525,0.208333,0.000000
21,8,0.121212,0.054054,0.336028,0.664897,0.878788,0.300983,0.291667,0.067206
21,9,0.121212,0.054054,0.737940,0.782746,0.878788,0.058018,0.277778,0.147588
21,10,0.121212,0.054054,0.774010,0.697312,0.878788,0.120274,0.305556,0.074966
21,11,0.121212,0.054054,0.000000,0.534897,0.878788,0.531673,0.263889,0.000000
21,12,0.121212,0.054054,0.000000,0.670019,0.878788,0.413367,0.263889,0.000000
21,13,0.121212,0.054054,0.000000,0.928705,0.878788,0.186877,0.319444,0.000000
21,14,0.121212,0.054054,0.000000,0.877227,0.878788,0.231948,0.319444,0.000000
21,15,0.121212,0.054054,0.492635,0.869013,0.878788,0.067803,0.263889,0.098527
21,16,0.121212,0.054054,0.000000,1.000000,0.878788,0.124454,0.208333,0.000000
21,17,0.121212,0.054054,0.227189,0.832559,0.878788,0.192041,0.333333,0.045438
21,18,0.121212,0.054054,0.188526,0.816745,0.878788,0.219334,0.194444,0.037705
21,19,0.121212,0.054054,0.320990,0.471096,0.878788,0.475895,0.319444,0.031089
21,20,0.121212,0.054054,0.669877,0.610589,0.878788,0.232421,0.291667,0.133975
21,21,0.121212,0.054054,0.675538,0.567504,0.878788,0.268175,0.194444,0.065428
21,22,0.121212,0.054054,0.524624,0.333491,0.878788,0.525552,0.277778,0.104925
21,23,0.121212,0.054054,0.021447,0.409610,0.878788,0.633909,0.263889,0.004289
21,24,0.121212,0.054054,0.825472,0.300910,0.878788,0.449444,0.291667,0.079950
21,25,0.121212,0.054054,0.000000,0.269984,0.878788,0.763617,0.263889,0.000000
21,26,0.121212,0.054054,0.276750,0.409610,0.878788,0.545115,0.208333,0.055350
21,27,0.060606,0.040541,0.000000,0.730387,0.939394,0.360513,0.277778,0.000000
21,28,0.060606,0.040541,0.000000,0.666024,0.939394,0.416865,0.388889,0.000000
21,29,0.060606,0.040541,0.000000,0.348864,0.939394,0.694554,0.305556,0.000000
21,30,0.060606,0.040541,0.262800,0.488733,0.939394,0.480691,0.375000,0.025453
21,31,0.060606,0.040541,0.000000,0.590407,0.939394,0.483071,0.319444,0.000000
21,32,0.060606,0.040541,0.000000,0.869961,0.939394,0.238309,0.375000,0.000000
21,33,0.060606,0.040541,0.000000,0.359170,0.939394,0.685531,0.333333,0.000000
21,34,0.060606,0.040541,0.000000,0.459736,0.939394,0.597480,0.333333,0.000000
21,35,0.060606,0.040541,0.000000,0.484271,0.939394,0.575998,0.361111,0.000000
21,36,0.424242,0.121622,0.254390,0.670761,0.575758,0.324243,0.194444,0.050878
21,37,0.121212,0.054054,0.191644,0.562978,0.878788,0.440434,0.236111,0.038329
21,38,0.121212,0.054054,0.280174,0.449935,0.878788,0.508618,0.347222,0.027136
21,39,0.121212,0.054054,0.000000,0.408393,0.878788,0.642433,0.250000,0.000000
21,40,0.121212,0.054054,0.106024,0.909228,0.878788,0.167054,0.222222,0.010269
21,41,0.121212,0.054054,0.449539,0.154585,0.878788,0.708306,0.347222,0.043540
21,42,0.121212,0.054054,0.442538,0.309686,0.878788,0.574943,0.333333,0.042861
21,43,0.121212,0.054054,0.000000,0.223729,0.878788,0.804115,0.222222,0.000000
21,44,0.121212,0.054054,1.000000,0.744911,0.878788,0.000000,0.263889,0.096854
21,45,0.121212,0.054054,0.759308,0.247797,0.878788,0.518958,0.402778,0.073542
21,46,0.121212,0.054054,0.052290,0.395854,0.878788,0.635225,0.291667,0.010458
21,47,0.121212,0.054054,0.442538,0.402875,0.878788,0.493351,0.319444,0.042861
21,48,0.121212,0.054054,0.000000,0.136027,0.878788,0.880902,0.222222,0.000000
21,49,0.121212,0.054054,0.430543,0.551878,0.878788,0.367064,0.277778,0.041700
21,50,0.121212,0.054054,0.000000,0.268346,0.878788,0.765051,0.305556,0.000000
21,51,0.121212,0.054054,0.167887,0.707997,0.878788,0.321726,0.319444,0.033577
21,52,0.121212,0.054054,0.050010,0.442644,0.878788,0.595051,0.291667,0.004844
21,53,0.121212,0.054054,0.000000,0.911114,0.878788,0.202278,0.208333,0.000000
21,54,0.121212,0.054054,0.209771,0.380011,0.878788,0.594325,0.375000,0.041954
21,55,0.121212,0.054054,0.262800,0.667371,0.878788,0.324285,0.250000,0.052560
21,56,0.121212,0.054054,0.031397,0.388046,0.878788,0.649328,0.361111,0.003041
21,57,0.121212,0.054054,0.301063,0.527765,0.878788,0.433209,0.291667,0.060213
21,58,0.121212,0.054054,0.556370,0.640638,0.878788,0.245589,0.375000,0.053886
21,59,0.121212,0.054054,0.000000,0.610744,0.878788,0.465266,0.236111,0.000000
21,60,0.121212,0.054054,0.250010,0.195691,0.878788,0.741711,0.347222,0.024214
21,61,0.121212,0.054054,0.139247,0.209619,0.878788,0.768039,0.319444,0.027849
21,62,0.121212,0.054054,0.000000,0.342839,0.878788,0.699829,0.319444,0.000000
21,63,0.121212,0.054054,0.101580,0.547458,0.878788,0.485347,0.250000,0.020316
21,64,0.060606,0.040541,0.395711,0.496907,0.939394,0.427309,0.333333,0.079142
21,65,0.060606,0.040541,0.000000,0.442039,0.939394,0.612975,0.333333,0.000000
21,66,0.060606,0.040541,0.000000,0.237080,0.939394,0.792426,0.333333,0.000000
21,67,0.060606,0.040541,0.146189,0.384339,0.939394,0.612649,0.402778,0.014159
21,68,0.060606,0.040541,0.242699,0.369399,0.939394,0.592165,0.375000,0.048540
21,69,0.060606,0.040541,0.152667,0.695055,0.939394,0.338350,0.402778,0.030533
21,70,0.060606,0.040541,0.488512,0.410215,0.939394,0.470936,0.402778,0.047314
21,71,0.060606,0.040541,0.000000,0.610094,0.939394,0.465835,0.430556,0.000000
21,72,0.060606,0.040541,0.000000,0.428958,0.939394,0.624428,0.388889,0.000000
21,73,0.424242,0.121622,0.000000,0.575532,0.575758,0.496096,0.222222,0.000000
21,74,0.121212,0.054054,0.000000,0.500228,0.878788,0.562027,0.180556,0.000000
21,75,0.121212,0.054054,0.000000,0.139721,0.878788,0.877668,0.277778,0.000000
21,76,0.121212,0.054054,0.014289,0.529567,0.878788,0.531370,0.180556,0.002858
21,77,0.121212,0.054054,0.000000,0.343475,0.878788,0.699272,0.291667,0.000000
21,78,0.121212,0.054054,0.606573,0.610376,0.878788,0.254624,0.347222,0.121315
21,79,0.121212,0.054054,0.000000,0.187324,0.878788,0.835989,0.208333,0.000000
21,80,0.121212,0.054054,0.000000,0.627432,0.878788,0.450655,0.180556,0.000000
21,81,0.121212,0.054054,0.000000,0.588704,0.878788,0.484563,0.250000,0.000000
21,82,0.121212,0.054054,0.000000,0.584558,0.878788,0.488193,0.222222,0.000000
21,83,0.121212,0.054054,0.238932,0.386891,0.878788,0.578159,0.208333,0.047786
21,84,0.121212,0.054054,0.254084,0.300113,0.878788,0.648868,0.305556,0.024609
21,85,0.121212,0.054054,0.000000,0.398870,0.878788,0.650771,0.180556,0.000000
21,86,0.121212,0.054054,0.389153,0.359093,0.878788,0.550252,0.333333,0.077831
21,87,0.121212,0.054054,0.635876,0.660359,0.878788,0.200671,0.222222,0.127175
21,88,0.121212,0.054054,0.000000,0.174906,0.878788,0.846862,0.236111,0.000000
21,89,0.121212,0.054054,0.000000,0.617077,0.878788,0.459721,0.180556,0.000000
21,90,0.121212,0.054054,0.000000,0.520546,0.878788,0.544238,0.222222,0.000000
21,91,0.121212,0.054054,0.000000,0.452547,0.878788,0.603774,0.236111,0.000000
21,92,0.121212,0.054054,0.000000,0.404889,0.878788,0.645502,0.152778,0.000000
21,93,0.121212,0.054054,0.000000,0.220784,0.878788,0.806694,0.263889,0.000000
21,94,0.121212,0.054054,0.000000,0.303126,0.878788,0.734599,0.222222,0.000000
21,95,0.121212,0.054054,0.000000,0.342374,0.878788,0.700236,0.250000,0.000000
21,96,0.121212,0.054054,0.000000,0.229097,0.878788,0.799415,0.222222,0.000000
21,97,0.121212,0.054054,0.000000,0.381377,0.878788,0.666087,0.152778,0.000000
21,98,0.121212,0.054054,0.000000,0.210663,0.878788,0.815555,0.166667,0.000000
21,99,0.121212,0.054054,0.000000,0.204918,0.878788,0.820585,0.208333,0.000000
21,100,0.121212,0.054054,0.480092,0.381377,0.878788,0.499113,0.180556,0.096018
21,101,0.060606,0.040541,0.000000,0.233480,0.939394,0.795577,0.152778,0.000000
21,102,0.060606,0.040541,0.000000,0.223986,0.939394,0.803890,0.222222,0.000000
21,103,0.060606,0.040541,0.000000,0.111784,0.939394,0.902128,0.166667,0.000000
21,104,0.060606,0.040541,0.000000,0.104393,0.939394,0.908599,0.222222,0.000000
21,105,0.060606,0.040541,0.000000,0.221009,0.939394,0.806497,0.180556,0.000000
21,106,0.060606,0.040541,0.300508,0.174906,0.939394,0.742346,0.222222,0.029105
21,107,0.060606,0.040541,0.000000,0.139663,0.939394,0.877718,0.194444,0.000000
21,108,0.060606,0.040541,0.885540,0.040351,0.939394,0.656683,0.208333,0.085768
21,109,0.060606,0.040541,0.000000,0.055314,0.939394,0.951570,0.194444,0.000000
21,110,0.424242,0.121622,0.000000,0.566367,0.575758,0.504120,0.194444,0.000000
21,111,0.030303,0.033784,0.000000,0.255515,0.969697,0.776285,0.347222,0.000000
21,112,0.030303,0.033784,0.000000,0.100588,0.969697,0.911931,0.375000,0.000000
21,113,0.030303,0.033784,0.000000,0.100931,0.969697,0.911631,0.347222,0.000000
21,114,0.030303,0.033784,0.000000,0.588454,0.969697,0.484782,0.402778,0.000000
21,115,0.030303,0.033784,0.000000,0.154585,0.969697,0.864654,0.347222,0.000000
21,116,0.030303,0.033784,0.000000,0.005676,0.969697,0.995030,0.402778,0.000000
21,117,0.030303,0.033784,0.000000,0.000000,0.969697,1.000000,0.388889,0.000000
21,118,0.030303,0.033784,0.000000,0.493542,0.969697,0.567881,0.388889,0.000000
21,119,0.030303,0.033784,0.000000,0.000000,0.969697,1.000000,0.361111,0.000000
21,120,0.030303,0.033784,0.107802,0.000000,0.969697,0.962507,0.361111,0.010441
21,121,0.030303,0.033784,0.000000,0.005676,0.969697,0.995030,0.388889,0.000000
21,122,0.030303,0.033784,0.000000,0.000000,0.969697,1.000000,0.333333,0.000000
21,123,0.030303,0.033784,0.000000,0.240951,0.969697,0.789036,0.375000,0.000000
21,124,0.030303,0.033784,0.063392,0.000000,0.969697,0.977952,0.347222,0.006140
21,125,0.030303,0.033784,0.000000,0.005676,0.969697,0.995030,0.402778,0.000000
21,126,0.030303,0.033784,0.421561,0.190709,0.969697,0.686409,0.430556,0.040830
21,127,0.030303,0.033784,0.000000,0.431660,0.969697,0.622062,0.388889,0.000000
21,128,0.030303,0.033784,0.000000,0.000000,0.969697,1.000000,0.361111,0.000000
21,129,0.030303,0.033784,0.000000,0.255515,0.969697,0.776285,0.388889,0.000000
21,130,0.030303,0.033784,0.000000,0.094912,0.969697,0.916901,0.388889,0.000000
21,131,0.030303,0.033784,0.000000,0.220303,0.969697,0.807115,0.402778,0.000000
21,132,0.030303,0.033784,0.000000,0.347503,0.969697,0.695745,0.375000,0.000000
21,133,0.030303,0.033784,0.000000,0.506351,0.969697,0.556667,0.388889,0.000000
21,134,0.030303,0.033784,0.000000,0.000000,0.969697,1.000000,0.416667,0.000000
21,135,0.030303,0.033784,0.000000,0.119372,0.969697,0.895484,0.402778,0.000000
21,136,0.030303,0.033784,0.000000,0.252591,0.969697,0.778845,0.388889,0.000000
21,137,0.030303,0.033784,0.000000,0.351766,0.969697,0.692012,0.416667,0.000000
21,138,0.000000,0.027027,0.000000,0.000000,1.000000,1.000000,0.375000,0.000000
21,139,0.000000,0.027027,0.000000,0.000000,1.000000,1.000000,0.402778,0.000000
21,140,0.000000,0.027027,0.000000,0.000000,1.000000,1.000000,0.388889,0.000000
21,141,0.000000,0.027027,0.000000,0.000000,1.000000,1.000000,0.402778,0.000000
21,142,0.000000,0.027027,0.000000,0.000000,1.000000,1.000000,0.388889,0.000000
21,143,0.000000,0.027027,0.000000,0.000000,1.000000,1.000000,0.388889,0.000000
21,144,0.000000,0.027027,0.000000,0.190709,1.000000,0.833026,0.388889,0.000000
21,145,0.000000,0.027027,0.000000,0.190709,1.000000,0.833026,0.402778,0.000000
21,146,0.000000,0.027027,0.000000,0.000000,1.000000,1.000000,0.416667,0.000000
21,147,0.181818,0.067568,0.000000,0.471139,0.818182,0.587497,0.319444,0.000000
21,148,1.000000,0.250000,0.000000,0.235462,0.000000,0.793842,0.138889,0.000000
22,0,0.121212,0.054054,0.000000,0.678031,0.878788,0.395117,0.287671,0.000000
22,1,0.121212,0.054054,0.000000,0.498316,0.878788,0.555443,0.178082,0.000000
22,2,0.121212,0.054054,0.211032,0.640617,0.878788,0.364212,0.328767,0.042206
22,3,0.121212,0.054054,0.000000,0.456692,0.878788,0.592577,0.219178,0.000000
22,4,0.121212,0.054054,0.000000,0.449538,0.878788,0.598960,0.397260,0.000000
22,5,0.121212,0.054054,0.350430,0.364538,0.878788,0.568045,0.287671,0.034347
22,6,0.121212,0.054054,0.255348,0.633463,0.878788,0.357096,0.246575,0.051070
22,7,0.121212,0.054054,0.000000,0.410677,0.878788,0.633628,0.205479,0.000000
22,8,0.121212,0.054054,0.000000,0.412124,0.878788,0.632338,0.287671,0.000000
22,9,0.121212,0.054054,0.621564,0.606674,0.878788,0.269441,0.273973,0.124313
22,10,0.121212,0.054054,0.448506,0.949260,0.878788,0.016530,0.315068,0.089701
22,11,0.121212,0.054054,0.000000,0.592731,0.878788,0.471214,0.260274,0.000000
22,12,0.121212,0.054054,0.000000,0.738421,0.878788,0.341242,0.260274,0.000000
22,13,0.121212,0.054054,0.000000,0.632983,0.878788,0.435305,0.315068,0.000000
22,14,0.121212,0.054054,0.000000,0.724462,0.878788,0.353695,0.315068,0.000000
22,15,0.121212,0.054054,0.543754,0.551618,0.878788,0.342260,0.260274,0.108751
22,16,0.121212,0.054054,0.081647,0.534017,0.878788,0.498724,0.205479,0.016329
22,17,0.121212,0.054054,0.046046,0.578871,0.878788,0.469553,0.328767,0.009209
22,18,0.121212,0.054054,0.397558,0.733375,0.878788,0.224644,0.191781,0.038967
22,19,0.121212,0.054054,0.152260,0.556167,0.878788,0.457454,0.328767,0.014924
22,20,0.121212,0.054054,1.000000,0.515148,0.878788,0.235818,0.287671,0.098015
22,21,0.121212,0.054054,0.343815,0.591691,0.878788,0.367413,0.205479,0.033699
22,22,0.121212,0.054054,0.638557,0.460745,0.878788,0.394452,0.273973,0.062588
22,23,0.121212,0.054054,0.150646,0.489968,0.878788,0.517003,0.260274,0.014766
22,24,0.121212,0.054054,0.209173,0.340558,0.878788,0.632466,0.301370,0.041835
22,25,0.121212,0.054054,0.270068,0.314805,0.878788,0.636892,0.260274,0.054014
22,26,0.121212,0.054054,0.083273,0.671208,0.878788,0.375838,0.205479,0.008162
22,27,0.060606,0.040541,0.000000,0.623072,0.939394,0.444147,0.273973,0.000000
22,28,0.060606,0.040541,0.252172,0.803795,0.939394,0.206107,0.383562,0.050434
22,29,0.060606,0.040541,0.000000,0.479401,0.939394,0.572318,0.301370,0.000000
22,30,0.060606,0.040541,0.216059,0.634581,0.939394,0.368066,0.383562,0.043212
22,31,0.060606,0.040541,0.000000,0.537985,0.939394,0.520055,0.315068,0.000000
22,32,0.060606,0.040541,0.000000,0.666516,0.939394,0.405390,0.369863,0.000000
22,33,0.060606,0.040541,0.173710,0.356955,0.939394,0.628641,0.328767,0.034742
22,34,0.060606,0.040541,0.000000,0.523550,0.939394,0.532932,0.328767,0.000000
22,35,0.060606,0.040541,0.000000,0.501217,0.939394,0.552856,0.356164,0.000000
22,36,0.424242,0.121622,0.354168,1.000000,0.575758,0.000000,0.191781,0.034714
22,37,0.121212,0.054054,0.511666,0.394268,0.878788,0.492409,0.232877,0.050151
22,38,0.121212,0.054054,0.000000,0.374117,0.878788,0.666243,0.356164,0.000000
22,39,0.121212,0.054054,0.057498,0.345304,0.878788,0.674434,0.246575,0.011500
22,40,0.121212,0.054054,0.306144,0.703633,0.878788,0.279023,0.232877,0.061229
22,41,0.121212,0.054054,0.146623,0.196495,0.878788,0.780041,0.356164,0.014371
22,42,0.121212,0.054054,0.335653,0.434737,0.878788,0.509921,0.342466,0.032899
22,43,0.121212,0.054054,0.000000,0.135375,0.878788,0.879230,0.219178,0.000000
22,44,0.121212,0.054054,0.326249,0.507125,0.878788,0.448207,0.273973,0.065250
22,45,0.121212,0.054054,0.238201,0.300727,0.878788,0.659158,0.410959,0.023347
22,46,0.121212,0.054054,0.057673,0.169382,0.878788,0.831324,0.287671,0.011535
22,47,0.121212,0.054054,0.628585,0.639077,0.878788,0.238396,0.328767,0.125717
22,48,0.121212,0.054054,0.000000,0.326622,0.878788,0.708615,0.219178,0.000000
22,49,0.121212,0.054054,0.602534,0.692804,0.878788,0.198400,0.287671,0.120507
22,50,0.121212,0.054054,0.000000,0.209607,0.878788,0.813006,0.301370,0.000000
22,51,0.121212,0.054054,0.113019,0.661941,0.878788,0.375045,0.315068,0.022604
22,52,0.121212,0.054054,0.000000,0.303067,0.878788,0.729629,0.301370,0.000000
22,53,0.121212,0.054054,0.000000,0.585493,0.878788,0.477672,0.205479,0.000000
22,54,0.121212,0.054054,0.771891,0.250822,0.878788,0.541112,0.369863,0.075657
22,55,0.121212,0.054054,0.468231,0.554143,0.878788,0.363012,0.246575,0.045894
22,56,0.121212,0.054054,0.746961,0.212230,0.878788,0.583135,0.369863,0.073213
22,57,0.121212,0.054054,0.134139,0.351933,0.878788,0.645175,0.287671,0.013148
22,58,0.121212,0.054054,0.227605,0.364605,0.878788,0.605399,0.383562,0.022309
22,59,0.121212,0.054054,0.000000,0.319972,0.878788,0.714548,0.232877,0.000000
22,60,0.121212,0.054054,0.000000,0.244975,0.878788,0.781454,0.356164,0.000000
22,61,0.121212,0.054054,0.254562,0.055901,0.878788,0.872587,0.315068,0.024951
22,62,0.121212,0.054054,0.379954,0.168097,0.878788,0.734300,0.315068,0.037241
22,63,0.121212,0.054054,0.457336,0.322557,0.878788,0.572933,0.246575,0.044826
22,64,0.060606,0.040541,0.949624,0.550770,0.939394,0.219385,0.328767,0.189925
22,65,0.060606,0.040541,0.000000,0.858577,0.939394,0.234049,0.328767,0.000000
22,66,0.060606,0.040541,0.000000,0.588357,0.939394,0.475117,0.328767,0.000000
22,67,0.060606,0.040541,0.000000,0.735164,0.939394,0.344147,0.410959,0.000000
22,68,0.060606,0.040541,0.104042,0.590995,0.939394,0.441071,0.369863,0.020808
22,69,0.060606,0.040541,0.066447,0.794254,0.939394,0.271192,0.397260,0.013289
22,70,0.060606,0.040541,0.717518,0.564802,0.939394,0.277568,0.410959,0.143504
22,71,0.060606,0.040541,0.449156,0.627853,0.939394,0.303065,0.424658,0.089831
22,72,0.060606,0.040541,0.000000,0.545022,0.939394,0.513776,0.383562,0.000000
22,73,0.424242,0.121622,0.000000,0.309071,0.575758,0.724272,0.219178,0.000000
22,74,0.121212,0.054054,0.000000,0.524891,0.878788,0.531736,0.178082,0.000000
22,75,0.121212,0.054054,0.000000,0.214030,0.878788,0.809060,0.273973,0.000000
22,76,0.121212,0.054054,0.263092,0.367824,0.878788,0.591718,0.178082,0.052618
22,77,0.121212,0.054054,0.000000,0.244462,0.878788,0.781911,0.287671,0.000000
22,78,0.121212,0.054054,0.992920,0.421660,0.878788,0.321378,0.342466,0.097321
22,79,0.121212,0.054054,0.000000,0.019632,0.878788,0.982486,0.205479,0.000000
22,80,0.121212,0.054054,0.000000,0.498088,0.878788,0.555647,0.178082,0.000000
22,81,0.121212,0.054054,0.000000,0.394955,0.878788,0.647654,0.246575,0.000000
22,82,0.121212,0.054054,0.000000,0.111396,0.878788,0.900622,0.219178,0.000000
22,83,0.121212,0.054054,0.000000,0.437292,0.878788,0.609884,0.205479,0.000000
22,84,0.121212,0.054054,0.212364,0.400014,0.878788,0.578452,0.315068,0.042473
22,85,0.121212,0.054054,0.000000,0.369653,0.878788,0.670226,0.178082,0.000000
22,86,0.121212,0.054054,0.493834,0.384645,0.878788,0.506426,0.328767,0.098767
22,87,0.121212,0.054054,0.446266,0.423376,0.878788,0.486363,0.219178,0.089253
22,88,0.121212,0.054054,0.000000,0.152353,0.878788,0.864084,0.232877,0.000000
22,89,0.121212,0.054054,0.000000,0.352095,0.878788,0.685890,0.178082,0.000000
22,90,0.121212,0.054054,0.000000,0.287552,0.878788,0.743470,0.219178,0.000000
22,91,0.121212,0.054054,0.000000,0.328049,0.878788,0.707342,0.232877,0.000000
22,92,0.121212,0.054054,0.000000,0.420360,0.878788,0.624990,0.150685,0.000000
22,93,0.121212,0.054054,0.000000,0.343937,0.878788,0.693168,0.260274,0.000000
22,94,0.121212,0.054054,0.000000,0.275905,0.878788,0.753860,0.219178,0.000000
22,95,0.121212,0.054054,0.000000,0.379461,0.878788,0.661476,0.246575,0.000000
22,96,0.121212,0.054054,0.000000,0.359094,0.878788,0.679646,0.219178,0.000000
22,97,0.121212,0.054054,0.303251,0.244993,0.878788,0.689064,0.150685,0.029723
22,98,0.121212,0.054054,0.000000,0.324836,0.878788,0.710208,0.164384,0.000000
22,99,0.121212,0.054054,0.000000,0.299083,0.878788,0.733183,0.205479,0.000000
22,100,0.121212,0.054054,0.000000,0.398355,0.878788,0.644620,0.178082,0.000000
22,101,0.060606,0.040541,0.000000,0.332761,0.939394,0.703139,0.150685,0.000000
22,102,0.060606,0.040541,0.000000,0.205676,0.939394,0.816513,0.219178,0.000000
22,103,0.060606,0.040541,0.000000,0.255046,0.939394,0.772469,0.164384,0.000000
22,104,0.060606,0.040541,0.000000,0.159875,0.939394,0.857373,0.219178,0.000000
22,105,0.060606,0.040541,0.000000,0.207448,0.939394,0.814932,0.178082,0.000000
22,106,0.060606,0.040541,0.117674,0.132720,0.939394,0.845754,0.232877,0.023535
22,107,0.060606,0.040541,0.000000,0.156155,0.939394,0.860691,0.191781,0.000000
22,108,0.060606,0.040541,0.145570,0.156155,0.939394,0.816349,0.219178,0.029114
22,109,0.060606,0.040541,0.000000,0.216653,0.939394,0.806720,0.191781,0.000000
22,110,0.424242,0.121622,0.762812,0.780812,0.575758,0.071065,0.191781,0.074767
22,111,0.030303,0.033784,0.000000,0.241128,0.969697,0.784886,0.342466,0.000000
22,112,0.030303,0.033784,0.000000,0.089831,0.969697,0.919860,0.369863,0.000000
22,113,0.030303,0.033784,0.000000,0.072511,0.969697,0.935312,0.342466,0.000000
22,114,0.030303,0.033784,0.000000,0.491403,0.969697,0.561611,0.397260,0.000000
22,115,0.030303,0.033784,0.000000,0.168617,0.969697,0.849574,0.342466,0.000000
22,116,0.030303,0.033784,0.000000,0.089831,0.969697,0.919860,0.397260,0.000000
22,117,0.030303,0.033784,0.000000,0.000000,0.969697,1.000000,0.383562,0.000000
22,118,0.030303,0.033784,0.000000,0.491403,0.969697,0.561611,0.383562,0.000000
22,119,0.030303,0.033784,0.000000,0.000000,0.969697,1.000000,0.356164,0.000000
22,120,0.030303,0.033784,0.000000,0.000000,0.969697,1.000000,0.369863,0.000000
22,121,0.030303,0.033784,0.000000,0.089831,0.969697,0.919860,0.383562,0.000000
22,122,0.030303,0.033784,0.000000,0.103544,0.969697,0.907627,0.328767,0.000000
22,123,0.030303,0.033784,0.000000,0.339028,0.969697,0.697548,0.369863,0.000000
22,124,0.030303,0.033784,0.000000,0.000000,0.969697,1.000000,0.356164,0.000000
22,125,0.030303,0.033784,0.000000,0.089831,0.969697,0.919860,0.397260,0.000000
22,126,0.030303,0.033784,0.000000,0.103544,0.969697,0.907627,0.438356,0.000000
22,127,0.030303,0.033784,0.000000,0.339028,0.969697,0.697548,0.383562,0.000000
22,128,0.030303,0.033784,0.000000,0.000000,0.969697,1.000000,0.356164,0.000000
22,129,0.030303,0.033784,0.000000,0.241128,0.969697,0.784886,0.383562,0.000000
22,130,0.030303,0.033784,0.000000,0.000000,0.969697,1.000000,0.383562,0.000000
22,131,0.030303,0.033784,0.000000,0.112690,0.969697,0.899467,0.397260,0.000000
22,132,0.030303,0.033784,0.000000,0.152375,0.969697,0.864063,0.369863,0.000000
22,133,0.030303,0.033784,0.000000,0.218321,0.969697,0.805232,0.383562,0.000000
22,134,0.030303,0.033784,0.000000,0.000000,0.969697,1.000000,0.410959,0.000000
22,135,0.030303,0.033784,0.000000,0.040179,0.969697,0.964155,0.397260,0.000000
22,136,0.030303,0.033784,0.000000,0.152375,0.969697,0.864063,0.383562,0.000000
22,137,0.030303,0.033784,0.000000,0.049704,0.969697,0.955658,0.410959,0.000000
22,138,0.000000,0.027027,0.000000,0.260458,1.000000,0.767641,0.369863,0.000000
22,139,0.000000,0.027027,0.000000,0.260458,1.000000,0.767641,0.397260,0.000000
22,140,0.000000,0.027027,0.000000,0.364002,1.000000,0.675268,0.383562,0.000000
22,141,0.000000,0.027027,0.000000,0.260458,1.000000,0.767641,0.397260,0.000000
22,142,0.000000,0.027027,0.000000,0.260458,1.000000,0.767641,0.383562,0.000000
22,143,0.000000,0.027027,0.000000,0.260458,1.000000,0.767641,0.383562,0.000000
22,144,0.000000,0.027027,0.000000,0.364002,1.000000,0.675268,0.383562,0.000000
22,145,0.000000,0.027027,0.000000,0.260458,1.000000,0.767641,0.397260,0.000000
22,146,0.000000,0.027027,0.000000,0.260458,1.000000,0.767641,0.410959,0.000000
22,147,0.181818,0.067568,0.000000,0.089884,0.818182,0.919813,0.315068,0.000000
22,148,1.000000,0.250000,0.000000,0.000000,0.000000,1.000000,0.136986,0.000000
23,0,0.121212,0.054054,0.000000,0.997841,0.878788,0.254467,0.283784,0.000000
23,1,0.121212,0.054054,0.000000,0.682366,0.878788,0.490173,0.175676,0.000000
23,2,0.121212,0.054054,0.507574,0.851022,0.878788,0.181562,0.324324,0.101515
23,3,0.121212,0.054054,0.148303,0.669872,0.878788,0.446155,0.216216,0.029661
23,4,0.121212,0.054054,0.212550,0.437601,0.878788,0.596583,0.391892,0.042510
23,5,0.121212,0.054054,0.000000,0.573333,0.878788,0.571636,0.297297,0.000000
23,6,0.121212,0.054054,0.295267,0.690255,0.878788,0.378055,0.243243,0.059053
23,7,0.121212,0.054054,0.000000,0.770277,0.878788,0.424490,0.202703,0.000000
23,8,0.121212,0.054054,0.000000,0.467837,0.878788,0.650457,0.283784,0.000000
23,9,0.121212,0.054054,0.765408,0.563043,0.878788,0.303968,0.270270,0.087885
23,10,0.121212,0.054054,0.868147,0.920413,0.878788,0.000000,0.310811,0.099682
23,11,0.121212,0.054054,0.000000,0.429157,0.878788,0.679357,0.256757,0.000000
23,12,0.121212,0.054054,0.000000,0.811282,0.878788,0.393854,0.256757,0.000000
23,13,0.121212,0.054054,0.000000,0.952317,0.878788,0.288480,0.310811,0.000000
23,14,0.121212,0.054054,0.000000,0.711641,0.878788,0.468300,0.310811,0.000000
23,15,0.121212,0.054054,0.288500,0.663751,0.878788,0.400292,0.256757,0.057700
23,16,0.121212,0.054054,0.000000,0.695855,0.878788,0.480094,0.202703,0.000000
23,17,0.121212,0.054054,0.201812,0.744949,0.878788,0.370812,0.324324,0.023172
23,18,0.121212,0.054054,0.467286,0.912143,0.878788,0.150389,0.202703,0.093457
23,19,0.121212,0.054054,0.000000,0.440751,0.878788,0.670695,0.337838,0.000000
23,20,0.121212,0.054054,0.115733,0.715424,0.878788,0.423838,0.297297,0.023147
23,21,0.121212,0.054054,0.336627,0.818134,0.878788,0.267632,0.216216,0.067325
23,22,0.121212,0.054054,0.314584,0.609547,0.878788,0.431407,0.283784,0.062917
23,23,0.121212,0.054054,0.449922,0.301207,0.878788,0.613095,0.270270,0.051661
23,24,0.121212,0.054054,0.220749,0.298492,0.878788,0.697569,0.297297,0.044150
23,25,0.121212,0.054054,0.237288,0.573951,0.878788,0.485810,0.256757,0.047458
23,26,0.121212,0.054054,0.000000,0.612110,0.878788,0.542664,0.216216,0.000000
23,27,0.060606,0.040541,0.000000,0.589137,0.939394,0.559829,0.270270,0.000000
23,28,0.060606,0.040541,0.000000,0.964639,0.939394,0.279273,0.378378,0.000000
23,29,0.060606,0.040541,0.000000,0.513627,0.939394,0.616246,0.297297,0.000000
23,30,0.060606,0.040541,0.322452,0.897329,0.939394,0.213561,0.378378,0.037024
23,31,0.060606,0.040541,0.000000,0.946722,0.939394,0.292660,0.310811,0.000000
23,32,0.060606,0.040541,0.000000,0.613696,0.939394,0.541479,0.364865,0.000000
23,33,0.060606,0.040541,0.000000,0.513627,0.939394,0.616246,0.324324,0.000000
23,34,0.060606,0.040541,0.000000,0.440095,0.939394,0.671184,0.324324,0.000000
23,35,0.060606,0.040541,0.000000,0.752500,0.939394,0.437773,0.351351,0.000000
23,36,0.424242,0.121622,0.460518,1.000000,0.575758,0.087182,0.202703,0.092104
23,37,0.121212,0.054054,0.000000,0.846147,0.878788,0.367804,0.243243,0.000000
23,38,0.121212,0.054054,0.222666,0.799777,0.878788,0.322345,0.351351,0.044533
23,39,0.121212,0.054054,0.000000,0.446377,0.878788,0.666491,0.243243,0.000000
23,40,0.121212,0.054054,0.174265,0.993225,0.878788,0.195224,0.229730,0.034853
23,41,0.121212,0.054054,0.208168,0.399770,0.878788,0.626424,0.364865,0.041634
23,42,0.121212,0.054054,0.201330,0.712317,0.878788,0.395366,0.351351,0.023117
23,43,0.121212,0.054054,0.000000,0.097172,0.878788,0.927398,0.216216,0.000000
23,44,0.121212,0.054054,0.288476,0.721853,0.878788,0.356890,0.270270,0.057695
23,45,0.121212,0.054054,0.709881,0.281084,0.878788,0.534609,0.418919,0.081510
23,46,0.121212,0.054054,0.144186,0.548243,0.878788,0.538511,0.283784,0.028837
23,47,0.121212,0.054054,0.361195,0.711957,0.878788,0.338124,0.324324,0.041473
23,48,0.121212,0.054054,0.000000,0.488558,0.878788,0.634976,0.216216,0.000000
23,49,0.121212,0.054054,0.297784,0.741049,0.878788,0.339200,0.283784,0.034192
23,50,0.121212,0.054054,0.060907,0.391124,0.878788,0.685862,0.297297,0.006993
23,51,0.121212,0.054054,0.114103,0.735420,0.878788,0.409485,0.310811,0.013101
23,52,0.121212,0.054054,0.099381,0.216637,0.878788,0.802388,0.297297,0.019876
23,53,0.121212,0.054054,0.000000,0.516051,0.878788,0.614434,0.202703,0.000000
23,54,0.121212,0.054054,0.206427,0.363263,0.878788,0.654327,0.378378,0.023702
23,55,0.121212,0.054054,0.482317,0.901635,0.878788,0.152832,0.256757,0.096463
23,56,0.121212,0.054054,0.000000,0.368544,0.878788,0.724644,0.378378,0.000000
23,57,0.121212,0.054054,0.338644,0.516301,0.878788,0.492420,0.297297,0.067729
23,58,0.121212,0.054054,0.287492,0.850043,0.878788,0.261468,0.391892,0.057498
23,59,0.121212,0.054054,0.000000,0.537219,0.878788,0.598619,0.229730,0.000000
23,60,0.121212,0.054054,0.017375,0.138913,0.878788,0.889961,0.351351,0.001995
23,61,0.121212,0.054054,0.000000,0.195461,0.878788,0.853962,0.324324,0.000000
23,62,0.121212,0.054054,0.505363,0.578672,0.878788,0.385842,0.324324,0.101073
23,63,0.121212,0.054054,0.000000,0.192509,0.878788,0.856167,0.256757,0.000000
23,64,0.060606,0.040541,0.005777,0.670210,0.939394,0.497177,0.324324,0.001155
23,65,0.060606,0.040541,0.044801,0.502463,0.939394,0.608469,0.324324,0.005144
23,66,0.060606,0.040541,0.000000,0.681933,0.939394,0.490496,0.324324,0.000000
23,67,0.060606,0.040541,0.000000,0.819607,0.939394,0.387633,0.405405,0.000000
23,68,0.060606,0.040541,0.722859,0.541455,0.939394,0.335405,0.364865,0.083000
23,69,0.060606,0.040541,0.097579,0.383755,0.939394,0.678175,0.391892,0.011204
23,70,0.060606,0.040541,0.237678,0.438376,0.939394,0.586964,0.405405,0.047536
23,71,0.060606,0.040541,0.645698,0.594609,0.939394,0.323450,0.418919,0.074140
23,72,0.060606,0.040541,0.000000,0.442831,0.939394,0.669141,0.378378,0.000000
23,73,0.424242,0.121622,0.138908,0.307146,0.575758,0.720545,0.216216,0.027782
23,74,0.121212,0.054054,0.000000,0.508420,0.878788,0.620136,0.175676,0.000000
23,75,0.121212,0.054054,0.058909,0.092672,0.878788,0.909568,0.270270,0.006764
23,76,0.121212,0.054054,0.388030,0.433009,0.878788,0.536884,0.175676,0.077606
23,77,0.121212,0.054054,0.000000,0.198986,0.878788,0.851329,0.283784,0.000000
23,78,0.121212,0.054054,0.084815,0.366193,0.878788,0.695888,0.351351,0.016963
23,79,0.121212,0.054054,0.000000,0.071098,0.878788,0.946879,0.202703,0.000000
23,80,0.121212,0.054054,0.000000,0.621659,0.878788,0.535530,0.175676,0.000000
23,81,0.121212,0.054054,0.000000,0.599338,0.878788,0.552207,0.243243,0.000000
23,82,0.121212,0.054054,0.000000,0.186753,0.878788,0.860468,0.216216,0.000000
23,83,0.121212,0.054054,0.000000,0.329549,0.878788,0.753778,0.202703,0.000000
23,84,0.121212,0.054054,0.000000,0.395293,0.878788,0.704658,0.310811,0.000000
23,85,0.121212,0.054054,0.000000,0.212520,0.878788,0.841216,0.175676,0.000000
23,86,0.121212,0.054054,0.681957,0.332469,0.878788,0.506263,0.324324,0.078303
23,87,0.121212,0.054054,1.000000,0.604569,0.878788,0.188548,0.216216,0.114822
23,88,0.121212,0.054054,0.000000,0.163057,0.878788,0.878173,0.229730,0.000000
23,89,0.121212,0.054054,0.000000,0.447114,0.878788,0.665940,0.175676,0.000000
23,90,0.121212,0.054054,0.000000,0.442041,0.878788,0.669731,0.216216,0.000000
23,91,0.121212,0.054054,0.000000,0.382233,0.878788,0.714416,0.229730,0.000000
23,92,0.121212,0.054054,0.000000,0.338870,0.878788,0.746814,0.148649,0.000000
23,93,0.121212,0.054054,0.505828,0.095454,0.878788,0.746710,0.256757,0.058080
23,94,0.121212,0.054054,0.000000,0.297411,0.878788,0.777790,0.216216,0.000000
23,95,0.121212,0.054054,0.088948,0.449591,0.878788,0.632091,0.243243,0.017790
23,96,0.121212,0.054054,0.459808,0.454286,0.878788,0.495165,0.216216,0.091962
23,97,0.121212,0.054054,0.000000,0.185540,0.878788,0.861374,0.162162,0.000000
23,98,0.121212,0.054054,0.000000,0.229895,0.878788,0.828235,0.162162,0.000000
23,99,0.121212,0.054054,0.001137,0.505354,0.878788,0.622018,0.202703,0.000227
23,100,0.121212,0.054054,0.000000,0.473197,0.878788,0.646452,0.175676,0.000000
23,101,0.060606,0.040541,0.000000,0.205311,0.939394,0.846602,0.148649,0.000000
23,102,0.060606,0.040541,0.000000,0.462177,0.939394,0.654686,0.216216,0.000000
23,103,0.060606,0.040541,0.000000,0.075250,0.939394,0.943777,0.162162,0.000000
23,104,0.060606,0.040541,0.000000,0.299120,0.939394,0.776514,0.216216,0.000000
23,105,0.060606,0.040541,0.000000,0.448643,0.939394,0.664798,0.175676,0.000000
23,106,0.060606,0.040541,0.204130,0.229941,0.939394,0.754764,0.229730,0.023439
23,107,0.060606,0.040541,0.000000,0.075250,0.939394,0.943777,0.189189,0.000000
23,108,0.060606,0.040541,0.111311,0.066884,0.939394,0.909983,0.216216,0.012781
23,109,0.060606,0.040541,0.000000,0.310216,0.939394,0.768223,0.189189,0.000000
23,110,0.424242,0.121622,0.000000,0.844739,0.575758,0.368856,0.202703,0.000000
23,111,0.030303,0.033784,0.000000,0.356727,0.969697,0.733473,0.337838,0.000000
23,112,0.030303,0.033784,0.000000,0.186836,0.969697,0.860406,0.364865,0.000000
23,113,0.030303,0.033784,0.000000,0.028365,0.969697,0.978808,0.337838,0.000000
23,114,0.030303,0.033784,0.000000,0.522338,0.969697,0.609737,0.391892,0.000000
23,115,0.030303,0.033784,0.000000,0.328362,0.969697,0.754665,0.337838,0.000000
23,116,0.030303,0.033784,0.000000,0.186836,0.969697,0.860406,0.391892,0.000000
23,117,0.030303,0.033784,0.000000,0.000000,0.969697,1.000000,0.378378,0.000000
23,118,0.030303,0.033784,0.000000,0.522338,0.969697,0.609737,0.378378,0.000000
23,119,0.030303,0.033784,0.000000,0.000000,0.969697,1.000000,0.351351,0.000000
23,120,0.030303,0.033784,0.000000,0.314749,0.969697,0.764836,0.364865,0.000000
23,121,0.030303,0.033784,0.000000,0.186836,0.969697,0.860406,0.378378,0.000000
23,122,0.030303,0.033784,0.048279,0.271921,0.969697,0.779467,0.324324,0.009656
23,123,0.030303,0.033784,0.000000,0.262236,0.969697,0.804071,0.364865,0.000000
23,124,0.030303,0.033784,0.000000,0.043376,0.969697,0.967592,0.351351,0.000000
23,125,0.030303,0.033784,0.000000,0.186836,0.969697,0.860406,0.391892,0.000000
23,126,0.030303,0.033784,0.000000,0.000000,0.969697,1.000000,0.432432,0.000000
23,127,0.030303,0.033784,0.000000,0.262236,0.969697,0.804071,0.378378,0.000000
23,128,0.030303,0.033784,0.059347,0.000547,0.969697,0.978241,0.351351,0.006814
23,129,0.030303,0.033784,0.000000,0.328362,0.969697,0.754665,0.378378,0.000000
23,130,0.030303,0.033784,0.000000,0.000000,0.969697,1.000000,0.378378,0.000000
23,131,0.030303,0.033784,0.000000,0.098288,0.969697,0.926564,0.391892,0.000000
23,132,0.030303,0.033784,0.000000,0.481500,0.969697,0.640249,0.364865,0.000000
23,133,0.030303,0.033784,0.000000,0.381959,0.969697,0.714621,0.378378,0.000000
23,134,0.030303,0.033784,0.000000,0.000000,0.969697,1.000000,0.405405,0.000000
23,135,0.030303,0.033784,0.000000,0.098288,0.969697,0.926564,0.391892,0.000000
23,136,0.030303,0.033784,0.000000,0.481500,0.969697,0.640249,0.378378,0.000000
23,137,0.030303,0.033784,0.000000,0.053596,0.969697,0.959956,0.405405,0.000000
23,138,0.000000,0.027027,0.000000,0.286385,1.000000,0.786029,0.364865,0.000000
23,139,0.000000,0.027027,0.000000,0.000000,1.000000,1.000000,0.391892,0.000000
23,140,0.000000,0.027027,0.000000,0.243556,1.000000,0.818028,0.378378,0.000000
23,141,0.000000,0.027027,0.000000,0.221398,1.000000,0.834584,0.391892,0.000000
23,142,0.000000,0.027027,0.000000,0.043376,1.000000,0.967592,0.378378,0.000000
23,143,0.000000,0.027027,0.000000,0.000000,1.000000,1.000000,0.378378,0.000000
23,144,0.000000,0.027027,0.000000,0.000000,1.000000,1.000000,0.378378,0.000000
23,145,0.000000,0.027027,0.000000,0.221398,1.000000,0.834584,0.391892,0.000000
23,146,0.000000,0.027027,0.000000,0.000547,1.000000,0.999591,0.405405,0.000000
23,147,0.181818,0.067568,0.000000,0.151885,0.818182,0.886520,0.310811,0.000000
23,148,1.000000,0.250000,0.000000,0.051822,0.000000,0.961281,0.135135,0.000000
24,0,0.121212,0.054054,0.000000,0.609983,0.878788,0.517576,0.280000,0.000000
24,1,0.121212,0.054054,0.000000,0.572172,0.878788,0.547480,0.173333,0.000000
24,2,0.121212,0.054054,0.772160,0.832626,0.878788,0.120034,0.320000,0.154432
24,3,0.121212,0.054054,0.000000,0.514765,0.878788,0.592882,0.213333,0.000000
24,4,0.121212,0.054054,0.135807,0.570799,0.878788,0.509616,0.386667,0.011997
24,5,0.121212,0.054054,0.402057,0.745641,0.878788,0.294975,0.293333,0.035518
24,6,0.121212,0.054054,0.317706,0.888660,0.878788,0.206057,0.240000,0.063541
24,7,0.121212,0.054054,0.000000,0.782070,0.878788,0.381476,0.200000,0.000000
24,8,0.121212,0.054054,0.298397,0.814617,0.878788,0.270153,0.280000,0.026361
24,9,0.121212,0.054054,0.476645,0.887091,0.878788,0.161713,0.280000,0.095329
24,10,0.121212,0.054054,0.317354,0.731488,0.878788,0.330462,0.320000,0.028035
24,11,0.121212,0.054054,0.000000,0.693518,0.878788,0.451509,0.253333,0.000000
24,12,0.121212,0.054054,0.000000,0.792011,0.878788,0.373613,0.253333,0.000000
24,13,0.121212,0.054054,0.000000,1.000000,0.878788,0.209119,0.306667,0.000000
24,14,0.121212,0.054054,0.000000,0.706022,0.878788,0.441621,0.306667,0.000000
24,15,0.121212,0.054054,0.807386,0.971624,0.878788,0.000000,0.253333,0.161477
24,16,0.121212,0.054054,0.121277,0.925998,0.878788,0.232863,0.200000,0.024255
24,17,0.121212,0.054054,0.285921,0.731018,0.878788,0.339848,0.333333,0.025258
24,18,0.121212,0.054054,0.382369,0.501780,0.878788,0.493487,0.200000,0.076474
24,19,0.121212,0.054054,0.000000,0.296376,0.878788,0.765602,0.333333,0.000000
24,20,0.121212,0.054054,0.000000,0.559927,0.878788,0.557164,0.293333,0.000000
24,21,0.121212,0.054054,0.712076,0.639527,0.878788,0.289985,0.213333,0.062905
24,22,0.121212,0.054054,0.750065,0.407889,0.878788,0.462287,0.280000,0.066261
24,23,0.121212,0.054054,0.814416,0.443981,0.878788,0.415287,0.280000,0.071946
24,24,0.121212,0.054054,0.698132,0.344709,0.878788,0.527150,0.293333,0.139626
24,25,0.121212,0.054054,0.000000,0.446837,0.878788,0.646605,0.253333,0.000000
24,26,0.121212,0.054054,0.149628,0.668994,0.878788,0.427991,0.213333,0.013218
24,27,0.060606,0.040541,0.000000,0.749142,0.939394,0.407518,0.266667,0.000000
24,28,0.060606,0.040541,0.318899,0.619287,0.939394,0.418756,0.373333,0.063780
24,29,0.060606,0.040541,0.000000,0.530615,0.939394,0.580347,0.293333,0.000000
24,30,0.060606,0.040541,0.384795,0.891289,0.939394,0.184736,0.386667,0.076959
24,31,0.060606,0.040541,0.000000,0.741956,0.939394,0.413201,0.306667,0.000000
24,32,0.060606,0.040541,0.000000,0.478609,0.939394,0.621477,0.360000,0.000000
24,33,0.060606,0.040541,0.000000,0.653114,0.939394,0.483465,0.320000,0.000000
24,34,0.060606,0.040541,0.000000,0.627127,0.939394,0.504017,0.320000,0.000000
24,35,0.060606,0.040541,0.000000,0.478609,0.939394,0.621477,0.346667,0.000000
24,36,0.424242,0.121622,0.168333,0.838336,0.575758,0.288697,0.200000,0.014871
24,37,0.121212,0.054054,0.000000,0.519723,0.878788,0.588961,0.240000,0.000000
24,38,0.121212,0.054054,0.668828,0.658645,0.878788,0.287268,0.346667,0.059085
24,39,0.121212,0.054054,0.158910,0.478390,0.878788,0.576074,0.240000,0.031782
24,40,0.121212,0.054054,0.333244,0.904845,0.878788,0.188800,0.226667,0.066649
24,41,0.121212,0.054054,0.212094,0.457305,0.878788,0.577497,0.360000,0.042419
24,42,0.121212,0.054054,0.000000,0.688015,0.878788,0.455862,0.360000,0.000000
24,43,0.121212,0.054054,0.000000,0.651854,0.878788,0.484461,0.213333,0.000000
24,44,0.121212,0.054054,1.000000,0.826678,0.878788,0.059393,0.266667,0.200000
24,45,0.121212,0.054054,0.799531,0.472582,0.878788,0.396936,0.426667,0.070631
24,46,0.121212,0.054054,0.170090,0.500940,0.878788,0.555034,0.280000,0.034018
24,47,0.121212,0.054054,0.243147,0.418676,0.878788,0.599142,0.333333,0.021480
24,48,0.121212,0.054054,0.000000,0.664630,0.878788,0.474356,0.213333,0.000000
24,49,0.121212,0.054054,0.119501,0.763974,0.878788,0.361515,0.293333,0.023900
24,50,0.121212,0.054054,0.424866,0.588718,0.878788,0.412541,0.306667,0.084973
24,51,0.121212,0.054054,0.664640,0.648395,0.878788,0.296576,0.320000,0.058715
24,52,0.121212,0.054054,0.000000,0.815186,0.878788,0.355285,0.293333,0.000000
24,53,0.121212,0.054054,0.000000,0.787783,0.878788,0.376957,0.200000,0.000000
24,54,0.121212,0.054054,0.000000,0.468074,0.878788,0.629809,0.386667,0.000000
24,55,0.121212,0.054054,0.703694,0.621152,0.878788,0.306921,0.253333,0.140739
24,56,0.121212,0.054054,0.019817,0.378630,0.878788,0.694865,0.373333,0.001751
24,57,0.121212,0.054054,0.000000,0.230729,0.878788,0.817521,0.293333,0.000000
24,58,0.121212,0.054054,0.712255,0.551534,0.878788,0.359525,0.386667,0.062921
24,59,0.121212,0.054054,0.000000,0.481215,0.878788,0.619416,0.226667,0.000000
24,60,0.121212,0.054054,0.007311,0.292788,0.878788,0.766343,0.360000,0.000646
24,61,0.121212,0.054054,0.000000,0.192254,0.878788,0.847950,0.320000,0.000000
24,62,0.121212,0.054054,0.000000,0.365158,0.878788,0.711203,0.320000,0.000000
24,63,0.121212,0.054054,0.207987,0.383580,0.878788,0.636982,0.253333,0.018374
24,64,0.060606,0.040541,0.170543,0.408226,0.939394,0.628229,0.320000,0.034109
24,65,0.060606,0.040541,0.000000,0.199705,0.939394,0.842057,0.333333,0.000000
24,66,0.060606,0.040541,0.000000,0.362369,0.939394,0.713410,0.320000,0.000000
24,67,0.060606,0.040541,0.000000,0.471707,0.939394,0.626936,0.400000,0.000000
24,68,0.060606,0.040541,0.521398,0.487318,0.939394,0.465051,0.373333,0.104280
24,69,0.060606,0.040541,0.000000,0.314213,0.939394,0.751495,0.400000,0.000000
24,70,0.060606,0.040541,0.416926,0.416629,0.939394,0.550920,0.400000,0.083385
24,71,0.060606,0.040541,0.499213,0.387307,0.939394,0.550511,0.426667,0.099843
24,72,0.060606,0.040541,0.000000,0.393304,0.939394,0.688943,0.373333,0.000000
24,73,0.424242,0.121622,0.453334,0.301998,0.575758,0.631138,0.213333,0.040048
24,74,0.121212,0.054054,0.000000,0.494899,0.878788,0.608594,0.173333,0.000000
24,75,0.121212,0.054054,0.032857,0.232543,0.878788,0.806662,0.280000,0.002903
24,76,0.121212,0.054054,0.000000,0.571740,0.878788,0.547822,0.173333,0.000000
24,77,0.121212,0.054054,0.391140,0.334445,0.878788,0.623314,0.280000,0.034554
24,78,0.121212,0.054054,0.838473,0.526820,0.878788,0.342872,0.346667,0.074071
24,79,0.121212,0.054054,0.566928,0.170862,0.878788,0.702272,0.200000,0.050083
24,80,0.121212,0.054054,0.000000,0.530963,0.878788,0.580071,0.173333,0.000000
24,81,0.121212,0.054054,0.056812,0.562704,0.878788,0.538675,0.240000,0.011362
24,82,0.121212,0.054054,0.000000,0.362637,0.878788,0.713197,0.213333,0.000000
24,83,0.121212,0.054054,0.567456,0.628866,0.878788,0.339894,0.200000,0.113491
24,84,0.121212,0.054054,0.000000,0.312813,0.878788,0.752602,0.306667,0.000000
24,85,0.121212,0.054054,0.000000,0.252380,0.878788,0.800398,0.173333,0.000000
24,86,0.121212,0.054054,0.691825,0.332099,0.878788,0.538932,0.333333,0.061116
24,87,0.121212,0.054054,0.476796,0.741775,0.878788,0.276598,0.226667,0.095359
24,88,0.121212,0.054054,0.000000,0.057627,0.878788,0.954424,0.226667,0.000000
24,89,0.121212,0.054054,0.000000,0.368015,0.878788,0.708944,0.173333,0.000000
24,90,0.121212,0.054054,0.000000,0.442277,0.878788,0.650211,0.213333,0.000000
24,91,0.121212,0.054054,0.244234,0.362637,0.878788,0.643150,0.226667,0.021576
24,92,0.121212,0.054054,0.000000,0.131510,0.878788,0.895991,0.146667,0.000000
24,93,0.121212,0.054054,0.000000,0.236762,0.878788,0.812750,0.266667,0.000000
24,94,0.121212,0.054054,0.000000,0.329198,0.878788,0.739644,0.213333,0.000000
24,95,0.121212,0.054054,0.245306,0.508456,0.878788,0.527518,0.240000,0.021671
24,96,0.121212,0.054054,0.000000,0.224369,0.878788,0.822551,0.213333,0.000000
24,97,0.121212,0.054054,0.016509,0.365975,0.878788,0.705823,0.160000,0.003302
24,98,0.121212,0.054054,0.000000,0.241023,0.878788,0.809379,0.160000,0.000000
24,99,0.121212,0.054054,0.218100,0.384929,0.878788,0.633015,0.200000,0.019267
24,100,0.121212,0.054054,0.000000,0.433773,0.878788,0.656938,0.173333,0.000000
24,101,0.060606,0.040541,0.000000,0.429873,0.939394,0.660022,0.146667,0.000000
24,102,0.060606,0.040541,0.000000,0.419582,0.939394,0.668161,0.213333,0.000000
24,103,0.060606,0.040541,0.000000,0.174233,0.939394,0.862202,0.160000,0.000000
24,104,0.060606,0.040541,0.000000,0.419582,0.939394,0.668161,0.213333,0.000000
24,105,0.060606,0.040541,0.000000,0.422686,0.939394,0.665705,0.173333,0.000000
24,106,0.060606,0.040541,0.000000,0.164396,0.939394,0.869982,0.240000,0.000000
24,107,0.060606,0.040541,0.000000,0.242471,0.939394,0.808234,0.186667,0.000000
24,108,0.060606,0.040541,0.129089,0.239820,0.939394,0.773308,0.226667,0.025818
24,109,0.060606,0.040541,0.000000,0.164396,0.939394,0.869982,0.186667,0.000000
24,110,0.424242,0.121622,0.000000,0.684696,0.575758,0.458487,0.200000,0.000000
24,111,0.030303,0.033784,0.000000,0.404639,0.969697,0.679979,0.333333,0.000000
24,112,0.030303,0.033784,0.000000,0.205781,0.969697,0.837252,0.360000,0.000000
24,113,0.030303,0.033784,0.000000,0.217505,0.969697,0.827980,0.333333,0.000000
24,114,0.030303,0.033784,0.000000,0.682747,0.969697,0.460029,0.386667,0.000000
24,115,0.030303,0.033784,0.000000,0.413325,0.969697,0.673109,0.333333,0.000000
24,116,0.030303,0.033784,0.000000,0.000000,0.969697,1.000000,0.386667,0.000000
24,117,0.030303,0.033784,0.000000,0.294158,0.969697,0.767356,0.373333,0.000000
24,118,0.030303,0.033784,0.000000,0.565534,0.969697,0.552730,0.373333,0.000000
24,119,0.030303,0.033784,0.000000,0.020602,0.969697,0.983706,0.346667,0.000000
24,120,0.030303,0.033784,0.000000,0.242714,0.969697,0.808042,0.360000,0.000000
24,121,0.030303,0.033784,0.000000,0.000000,0.969697,1.000000,0.373333,0.000000
24,122,0.030303,0.033784,0.312255,0.223492,0.969697,0.733689,0.320000,0.062451
24,123,0.030303,0.033784,0.000000,0.304062,0.969697,0.759523,0.360000,0.000000
24,124,0.030303,0.033784,0.115206,0.330492,0.969697,0.705578,0.346667,0.023041
24,125,0.030303,0.033784,0.000000,0.000000,0.969697,1.000000,0.386667,0.000000
24,126,0.030303,0.033784,0.000000,0.211576,0.969697,0.832668,0.426667,0.000000
24,127,0.030303,0.033784,0.000000,0.304062,0.969697,0.759523,0.373333,0.000000
24,128,0.030303,0.033784,0.000000,0.099693,0.969697,0.921155,0.360000,0.000000
24,129,0.030303,0.033784,0.000000,0.250882,0.969697,0.801583,0.373333,0.000000
24,130,0.030303,0.033784,0.000000,0.205781,0.969697,0.837252,0.373333,0.000000
24,131,0.030303,0.033784,0.000000,0.000000,0.969697,1.000000,0.386667,0.000000
24,132,0.030303,0.033784,0.000000,0.378685,0.969697,0.700505,0.360000,0.000000
24,133,0.030303,0.033784,0.000000,0.297694,0.969697,0.764559,0.373333,0.000000
24,134,0.030303,0.033784,0.000000,0.000000,0.969697,1.000000,0.400000,0.000000
24,135,0.030303,0.033784,0.000000,0.088568,0.969697,0.929953,0.386667,0.000000
24,136,0.030303,0.033784,0.000000,0.261473,0.969697,0.793206,0.373333,0.000000
24,137,0.030303,0.033784,0.000000,0.046812,0.969697,0.962977,0.400000,0.000000
24,138,0.000000,0.027027,0.000000,0.088957,1.000000,0.929645,0.360000,0.000000
24,139,0.000000,0.027027,0.000000,0.000000,1.000000,1.000000,0.386667,0.000000
24,140,0.000000,0.027027,0.000000,0.005987,1.000000,0.995265,0.373333,0.000000
24,141,0.000000,0.027027,0.000000,0.000000,1.000000,1.000000,0.386667,0.000000
24,142,0.000000,0.027027,0.000000,0.168048,1.000000,0.867094,0.373333,0.000000
24,143,0.000000,0.027027,0.000000,0.000000,1.000000,1.000000,0.373333,0.000000
24,144,0.000000,0.027027,0.280021,0.005987,1.000000,0.914954,0.373333,0.024737
24,145,0.000000,0.027027,0.000000,0.000000,1.000000,1.000000,0.386667,0.000000
24,146,0.000000,0.027027,0.000000,0.079091,1.000000,0.937448,0.400000,0.000000
24,147,0.181818,0.067568,0.000000,0.046812,0.818182,0.962977,0.306667,0.000000
24,148,1.000000,0.250000,0.000000,0.256560,0.000000,0.797092,0.133333,0.000000
25,0,0.121212,0.054054,0.000000,0.884140,0.878788,0.349967,0.276316,0.000000
25,1,0.121212,0.054054,0.000000,0.635565,0.878788,0.532723,0.171053,0.000000
25,2,0.121212,0.054054,0.292209,0.822469,0.878788,0.304875,0.315789,0.031824
25,3,0.121212,0.054054,0.509065,0.700719,0.878788,0.327273,0.210526,0.101813
25,4,0.121212,0.054054,0.236993,0.725072,0.878788,0.393571,0.394737,0.025811
25,5,0.121212,0.054054,0.371465,0.560973,0.878788,0.472602,0.302632,0.074293
25,6,0.121212,0.054054,0.065133,0.846822,0.878788,0.357246,0.236842,0.013027
25,7,0.121212,0.054054,0.000000,1.000000,0.878788,0.264785,0.197368,0.000000
25,8,0.121212,0.054054,0.401292,0.651431,0.878788,0.396865,0.289474,0.043704
25,9,0.121212,0.054054,0.488382,0.684504,0.878788,0.345596,0.276316,0.053189
25,10,0.121212,0.054054,0.885677,0.987328,0.878788,0.000000,0.328947,0.177135
25,11,0.121212,0.054054,0.000000,0.614671,0.878788,0.548085,0.250000,0.000000
25,12,0.121212,0.054054,0.086236,0.850972,0.878788,0.347664,0.250000,0.017247
25,13,0.121212,0.054054,0.000000,0.968794,0.878788,0.287728,0.302632,0.000000
25,14,0.121212,0.054054,0.000000,0.922513,0.878788,0.321755,0.302632,0.000000
25,15,0.121212,0.054054,0.482423,0.543728,0.878788,0.450941,0.250000,0.096485
25,16,0.121212,0.054054,0.000000,0.654770,0.878788,0.518603,0.197368,0.000000
25,17,0.121212,0.054054,0.146593,0.824460,0.878788,0.348476,0.342105,0.015965
25,18,0.121212,0.054054,0.723099,0.523401,0.878788,0.391400,0.197368,0.078752
25,19,0.121212,0.054054,0.077617,0.442277,0.878788,0.650810,0.328947,0.015523
25,20,0.121212,0.054054,0.548755,0.566649,0.878788,0.413560,0.289474,0.059764
25,21,0.121212,0.054054,0.000000,0.572861,0.878788,0.578824,0.223684,0.000000
25,22,0.121212,0.054054,0.214309,0.297112,0.878788,0.715234,0.289474,0.042862
25,23,0.121212,0.054054,0.000000,0.295014,0.878788,0.783101,0.289474,0.000000
25,24,0.121212,0.054054,0.648285,0.568533,0.878788,0.381373,0.289474,0.129657
25,25,0.121212,0.054054,0.198396,0.566026,0.878788,0.522449,0.250000,0.039679
25,26,0.121212,0.054054,0.000000,0.502282,0.878788,0.630714,0.223684,0.000000
25,27,0.060606,0.040541,0.000000,0.384877,0.939394,0.717033,0.263158,0.000000
25,28,0.060606,0.040541,0.144294,0.778695,0.939394,0.382835,0.368421,0.028859
25,29,0.060606,0.040541,0.000000,0.321851,0.939394,0.763371,0.289474,0.000000
25,30,0.060606,0.040541,0.000000,0.577185,0.939394,0.575645,0.381579,0.000000
25,31,0.060606,0.040541,0.000000,0.455416,0.939394,0.665171,0.302632,0.000000
25,32,0.060606,0.040541,0.097669,0.686463,0.939394,0.465075,0.355263,0.019534
25,33,0.060606,0.040541,0.000000,0.289178,0.939394,0.787392,0.315789,0.000000
25,34,0.060606,0.040541,0.000000,0.212063,0.939394,0.844088,0.315789,0.000000
25,35,0.060606,0.040541,0.000000,0.497952,0.939394,0.633898,0.342105,0.000000
25,36,0.424242,0.121622,0.234101,0.725841,0.575758,0.393901,0.210526,0.046820
25,37,0.121212,0.054054,0.000000,0.877788,0.878788,0.354637,0.236842,0.000000
25,38,0.121212,0.054054,0.492208,0.500449,0.878788,0.479733,0.355263,0.098442
25,39,0.121212,0.054054,0.492896,0.529184,0.878788,0.458393,0.236842,0.053681
25,40,0.121212,0.054054,0.000000,0.911587,0.878788,0.329788,0.223684,0.000000
25,41,0.121212,0.054054,0.702893,0.565649,0.878788,0.366593,0.355263,0.076551
25,42,0.121212,0.054054,0.121431,0.426457,0.878788,0.648881,0.355263,0.024286
25,43,0.121212,0.054054,0.000000,0.418268,0.878788,0.692483,0.210526,0.000000
25,44,0.121212,0.054054,1.000000,0.869008,0.878788,0.051609,0.263158,0.200000
25,45,0.121212,0.054054,0.000000,0.291169,0.878788,0.785929,0.434211,0.000000
25,46,0.121212,0.054054,0.236378,0.675650,0.878788,0.430097,0.276316,0.025744
25,47,0.121212,0.054054,0.000000,0.731345,0.878788,0.462304,0.342105,0.000000
25,48,0.121212,0.054054,0.000000,0.480056,0.878788,0.647056,0.210526,0.000000
25,49,0.121212,0.054054,0.127198,0.740605,0.878788,0.416130,0.289474,0.025440
25,50,0.121212,0.054054,0.000000,0.657463,0.878788,0.516623,0.302632,0.000000
25,51,0.121212,0.054054,0.083097,0.727269,0.878788,0.439583,0.328947,0.016619
25,52,0.121212,0.054054,0.000000,0.493992,0.878788,0.636810,0.289474,0.000000
25,53,0.121212,0.054054,0.000000,0.687620,0.878788,0.494451,0.197368,0.000000
25,54,0.121212,0.054054,0.887853,0.519582,0.878788,0.343220,0.381579,0.096695
25,55,0.121212,0.054054,0.144294,0.533699,0.878788,0.562960,0.250000,0.015715
25,56,0.121212,0.054054,0.000000,0.304481,0.878788,0.776141,0.381579,0.000000
25,57,0.121212,0.054054,0.144266,0.503823,0.878788,0.584934,0.289474,0.015712
25,58,0.121212,0.054054,0.547234,0.565576,0.878788,0.414820,0.394737,0.109447
25,59,0.121212,0.054054,0.000000,0.163502,0.878788,0.879791,0.223684,0.000000
25,60,0.121212,0.054054,0.397507,0.203072,0.878788,0.727677,0.368421,0.043292
25,61,0.121212,0.054054,0.000000,0.149306,0.878788,0.890228,0.315789,0.000000
25,62,0.121212,0.054054,0.046795,0.340137,0.878788,0.735444,0.315789,0.009359
25,63,0.121212,0.054054,0.000000,0.266434,0.878788,0.804114,0.263158,0.000000
25,64,0.060606,0.040541,0.325923,0.369364,0.939394,0.627570,0.315789,0.035496
25,65,0.060606,0.040541,0.000000,0.633920,0.939394,0.533933,0.328947,0.000000
25,66,0.060606,0.040541,0.000000,0.422233,0.939394,0.689568,0.315789,0.000000
25,67,0.060606,0.040541,0.000000,0.493137,0.939394,0.637438,0.394737,0.000000
25,68,0.060606,0.040541,0.310218,0.290497,0.939394,0.690415,0.368421,0.033786
25,69,0.060606,0.040541,0.135409,0.602427,0.939394,0.515180,0.394737,0.027082
25,70,0.060606,0.040541,0.218419,0.253309,0.939394,0.746166,0.394737,0.023788
25,71,0.060606,0.040541,0.492392,0.257292,0.939394,0.658448,0.421053,0.053626
25,72,0.060606,0.040541,0.000000,0.530028,0.939394,0.610315,0.368421,0.000000
25,73,0.424242,0.121622,0.055372,0.194366,0.575758,0.839963,0.223684,0.011074
25,74,0.121212,0.054054,0.000000,0.260734,0.878788,0.808304,0.171053,0.000000
25,75,0.121212,0.054054,0.000000,0.322786,0.878788,0.762683,0.289474,0.000000
25,76,0.121212,0.054054,0.173337,0.293286,0.878788,0.730727,0.171053,0.018878
25,77,0.121212,0.054054,0.452656,0.444088,0.878788,0.533411,0.289474,0.090531
25,78,0.121212,0.054054,0.584999,0.474485,0.878788,0.470104,0.355263,0.063712
25,79,0.121212,0.054054,0.000000,0.223284,0.878788,0.835838,0.210526,0.000000
25,80,0.121212,0.054054,0.000000,0.459829,0.878788,0.661926,0.171053,0.000000
25,81,0.121212,0.054054,0.144151,0.718321,0.878788,0.427267,0.236842,0.028830
25,82,0.121212,0.054054,0.033116,0.420942,0.878788,0.680268,0.210526,0.003607
25,83,0.121212,0.054054,0.234950,0.437545,0.878788,0.605597,0.197368,0.025588
25,84,0.121212,0.054054,0.000000,0.328948,0.878788,0.758153,0.302632,0.000000
25,85,0.121212,0.054054,0.000000,0.425634,0.878788,0.687067,0.171053,0.000000
25,86,0.121212,0.054054,0.151660,0.356617,0.878788,0.690874,0.342105,0.030332
25,87,0.121212,0.054054,0.620264,0.670994,0.878788,0.314714,0.223684,0.067552
25,88,0.121212,0.054054,0.000000,0.268208,0.878788,0.802809,0.223684,0.000000
25,89,0.121212,0.054054,0.000000,0.218443,0.878788,0.839398,0.171053,0.000000
25,90,0.121212,0.054054,0.000000,0.295877,0.878788,0.782466,0.210526,0.000000
25,91,0.121212,0.054054,0.041181,0.440640,0.878788,0.663290,0.236842,0.004485
25,92,0.121212,0.054054,0.000000,0.053543,0.878788,0.960634,0.144737,0.000000
25,93,0.121212,0.054054,0.486502,0.252500,0.878788,0.663794,0.263158,0.097300
25,94,0.121212,0.054054,0.000000,0.091978,0.878788,0.932376,0.210526,0.000000
25,95,0.121212,0.054054,0.079250,0.415989,0.878788,0.669632,0.250000,0.015850
25,96,0.121212,0.054054,0.000000,0.260811,0.878788,0.808248,0.210526,0.000000
25,97,0.121212,0.054054,0.204848,0.107746,0.878788,0.857387,0.157895,0.040970
25,98,0.121212,0.054054,0.000000,0.465713,0.878788,0.657601,0.157895,0.000000
25,99,0.121212,0.054054,0.178366,0.553028,0.878788,0.538204,0.210526,0.035673
25,100,0.121212,0.054054,0.162819,0.299210,0.878788,0.729627,0.171053,0.032564
25,101,0.060606,0.040541,0.000000,0.253662,0.939394,0.813504,0.144737,0.000000
25,102,0.060606,0.040541,0.000000,0.144775,0.939394,0.893559,0.210526,0.000000
25,103,0.060606,0.040541,0.000000,0.190636,0.939394,0.859842,0.157895,0.000000
25,104,0.060606,0.040541,0.000000,0.084048,0.939394,0.938207,0.210526,0.000000
25,105,0.060606,0.040541,0.000000,0.273360,0.939394,0.799022,0.171053,0.000000
25,106,0.060606,0.040541,0.069253,0.084036,0.939394,0.916783,0.236842,0.013851
25,107,0.060606,0.040541,0.000000,0.190636,0.939394,0.859842,0.184211,0.000000
25,108,0.060606,0.040541,0.150523,0.023308,0.939394,0.936279,0.223684,0.016393
25,109,0.060606,0.040541,0.000000,0.043006,0.939394,0.968381,0.184211,0.000000
25,110,0.424242,0.121622,0.000000,0.623988,0.575758,0.541235,0.197368,0.000000
25,111,0.030303,0.033784,0.000000,0.254382,0.969697,0.812974,0.328947,0.000000
25,112,0.030303,0.033784,0.000000,0.171865,0.969697,0.873642,0.355263,0.000000
25,113,0.030303,0.033784,0.000000,0.000000,0.969697,1.000000,0.328947,0.000000
25,114,0.030303,0.033784,0.000000,0.606246,0.969697,0.554279,0.381579,0.000000
25,115,0.030303,0.033784,0.000000,0.315062,0.969697,0.768362,0.328947,0.000000
25,116,0.030303,0.033784,0.000000,0.072965,0.969697,0.946355,0.381579,0.000000
25,117,0.030303,0.033784,0.000000,0.031275,0.969697,0.977006,0.368421,0.000000
25,118,0.030303,0.033784,0.000000,0.538621,0.969697,0.603998,0.368421,0.000000
25,119,0.030303,0.033784,0.000000,0.060679,0.969697,0.955388,0.342105,0.000000
25,120,0.030303,0.033784,0.000000,0.428691,0.969697,0.684820,0.355263,0.000000
25,121,0.030303,0.033784,0.000000,0.072965,0.969697,0.946355,0.368421,0.000000
25,122,0.030303,0.033784,0.037544,0.291018,0.969697,0.774420,0.315789,0.004089
25,123,0.030303,0.033784,0.000000,0.246251,0.969697,0.818953,0.355263,0.000000
25,124,0.030303,0.033784,0.115714,0.359663,0.969697,0.699759,0.342105,0.012602
25,125,0.030303,0.033784,0.000000,0.072965,0.969697,0.946355,0.381579,0.000000
25,126,0.030303,0.033784,0.000000,0.168706,0.969697,0.875964,0.421053,0.000000
25,127,0.030303,0.033784,0.000000,0.328728,0.969697,0.758314,0.368421,0.000000
25,128,0.030303,0.033784,0.000000,0.135761,0.969697,0.900186,0.355263,0.000000
25,129,0.030303,0.033784,0.000000,0.063840,0.969697,0.953064,0.368421,0.000000
25,130,0.030303,0.033784,0.000000,0.098900,0.969697,0.927287,0.368421,0.000000
25,131,0.030303,0.033784,0.000000,0.029151,0.969697,0.978567,0.381579,0.000000
25,132,0.030303,0.033784,0.000000,0.359995,0.969697,0.735326,0.355263,0.000000
25,133,0.030303,0.033784,0.000000,0.127202,0.969697,0.906479,0.368421,0.000000
25,134,0.030303,0.033784,0.000000,0.000000,0.969697,1.000000,0.394737,0.000000
25,135,0.030303,0.033784,0.000000,0.046486,0.969697,0.965823,0.381579,0.000000
25,136,0.030303,0.033784,0.000000,0.278430,0.969697,0.795294,0.368421,0.000000
25,137,0.030303,0.033784,0.000000,0.063362,0.969697,0.953416,0.394737,0.000000
25,138,0.000000,0.027027,0.000000,0.238149,1.000000,0.824909,0.355263,0.000000
25,139,0.000000,0.027027,0.000000,0.000000,1.000000,1.000000,0.381579,0.000000
25,140,0.000000,0.027027,0.000000,0.291018,1.000000,0.786039,0.368421,0.000000
25,141,0.000000,0.027027,0.000000,0.000000,1.000000,1.000000,0.381579,0.000000
25,142,0.000000,0.027027,0.000000,0.108442,1.000000,0.920272,0.368421,0.000000
25,143,0.000000,0.027027,0.000000,0.000000,1.000000,1.000000,0.368421,0.000000
25,144,0.000000,0.027027,0.000000,0.154767,1.000000,0.886213,0.381579,0.000000
25,145,0.000000,0.027027,0.000000,0.068537,1.000000,0.949610,0.381579,0.000000
25,146,0.000000,0.027027,0.000000,0.075082,1.000000,0.944799,0.394737,0.000000
25,147,0.181818,0.067568,0.000000,0.092513,0.818182,0.931983,0.302632,0.000000
25,148,1.000000,0.250000,0.000000,0.064513,0.000000,0.952569,0.131579,0.000000
26,0,0.121212,0.054054,0.003329,0.722967,0.878788,0.392385,0.272727,0.000378
26,1,0.121212,0.054054,0.000000,0.492750,0.878788,0.586678,0.168831,0.000000
26,2,0.121212,0.054054,0.085219,0.865667,0.878788,0.243509,0.324675,0.017044
26,3,0.121212,0.054054,0.224560,0.585890,0.878788,0.428537,0.207792,0.044912
26,4,0.121212,0.054054,0.204884,0.562034,0.878788,0.455559,0.402597,0.023265
26,5,0.121212,0.054054,0.049005,0.584825,0.878788,0.491984,0.298701,0.009801
26,6,0.121212,0.054054,0.000000,0.841811,0.878788,0.293884,0.233766,0.000000
26,7,0.121212,0.054054,0.000000,0.711156,0.878788,0.403479,0.194805,0.000000
26,8,0.121212,0.054054,0.106490,0.671672,0.878788,0.398654,0.298701,0.012092
26,9,0.121212,0.054054,0.603134,0.562693,0.878788,0.313102,0.285714,0.068487
26,10,0.121212,0.054054,0.435400,0.781476,0.878788,0.189352,0.324675,0.087080
26,11,0.121212,0.054054,0.000000,0.685255,0.878788,0.425204,0.246753,0.000000
26,12,0.121212,0.054054,0.149160,0.283791,0.878788,0.708806,0.246753,0.029832
26,13,0.121212,0.054054,0.000000,0.630533,0.878788,0.471106,0.298701,0.000000
26,14,0.121212,0.054054,0.003542,1.000000,0.878788,0.159932,0.298701,0.000708
26,15,0.121212,0.054054,0.912866,0.804392,0.878788,0.000000,0.246753,0.182573
26,16,0.121212,0.054054,0.000000,0.548022,0.878788,0.540316,0.194805,0.000000
26,17,0.121212,0.054054,0.000000,0.750731,0.878788,0.370282,0.350649,0.000000
26,18,0.121212,0.054054,0.186610,0.468123,0.878788,0.540844,0.207792,0.021190
26,19,0.121212,0.054054,0.281231,0.528731,0.878788,0.456290,0.324675,0.056246
26,20,0.121212,0.054054,1.000000,0.710742,0.878788,0.047507,0.298701,0.113552
26,21,0.121212,0.054054,0.000000,0.881866,0.878788,0.260286,0.220779,0.000000
26,22,0.121212,0.054054,0.087385,0.063362,0.878788,0.915715,0.285714,0.009923
26,23,0.121212,0.054054,0.166478,0.387779,0.878788,0.615409,0.285714,0.018904
26,24,0.121212,0.054054,0.890223,0.463916,0.878788,0.293661,0.285714,0.101087
26,25,0.121212,0.054054,0.143333,0.511070,0.878788,0.520239,0.246753,0.028667
26,26,0.121212,0.054054,0.000000,0.387779,0.878788,0.674729,0.220779,0.000000
26,27,0.060606,0.040541,0.000000,0.376244,0.939394,0.684405,0.259740,0.000000
26,28,0.060606,0.040541,0.185860,0.730363,0.939394,0.321142,0.363636,0.037172
26,29,0.060606,0.040541,0.000000,0.414805,0.939394,0.652060,0.285714,0.000000
26,30,0.060606,0.040541,0.000000,0.342691,0.939394,0.712549,0.376623,0.000000
26,31,0.060606,0.040541,0.000000,0.279209,0.939394,0.765798,0.298701,0.000000
26,32,0.060606,0.040541,0.000000,0.950301,0.939394,0.202882,0.350649,0.000000
26,33,0.060606,0.040541,0.000000,0.389924,0.939394,0.672929,0.311688,0.000000
26,34,0.060606,0.040541,0.000000,0.345301,0.939394,0.710360,0.311688,0.000000
26,35,0.060606,0.040541,0.000000,0.614187,0.939394,0.484817,0.337662,0.000000
26,36,0.424242,0.121622,0.000000,0.647297,0.575758,0.457044,0.207792,0.000000
26,37,0.121212,0.054054,0.000000,0.411761,0.878788,0.654613,0.233766,0.000000
26,38,0.121212,0.054054,0.280178,0.293822,0.878788,0.653708,0.350649,0.056036
26,39,0.121212,0.054054,0.378645,0.273991,0.878788,0.635257,0.246753,0.042996
26,40,0.121212,0.054054,0.281049,0.570628,0.878788,0.421211,0.220779,0.056210
26,41,0.121212,0.054054,0.000000,0.234959,0.878788,0.802915,0.363636,0.000000
26,42,0.121212,0.054054,0.654350,0.423980,0.878788,0.411206,0.350649,0.074303
26,43,0.121212,0.054054,0.000000,0.221608,0.878788,0.814114,0.207792,0.000000
26,44,0.121212,0.054054,0.668308,0.476123,0.878788,0.362495,0.259740,0.133662
26,45,0.121212,0.054054,0.512718,0.426477,0.878788,0.459578,0.428571,0.058220
26,46,0.121212,0.054054,0.089650,0.365668,0.878788,0.661331,0.285714,0.010180
26,47,0.121212,0.054054,0.331581,0.541678,0.878788,0.427489,0.337662,0.066316
26,48,0.121212,0.054054,0.000000,0.311632,0.878788,0.738601,0.207792,0.000000
26,49,0.121212,0.054054,0.000000,0.524346,0.878788,0.560176,0.285714,0.000000
26,50,0.121212,0.054054,0.478239,0.568247,0.878788,0.352946,0.298701,0.054305
26,51,0.121212,0.054054,0.283799,0.839154,0.878788,0.194990,0.324675,0.056760
26,52,0.121212,0.054054,0.000000,0.365264,0.878788,0.693615,0.285714,0.000000
26,53,0.121212,0.054054,0.000000,0.616758,0.878788,0.482660,0.194805,0.000000
26,54,0.121212,0.054054,0.371792,0.700205,0.878788,0.280188,0.389610,0.074358
26,55,0.121212,0.054054,0.185860,0.557480,0.878788,0.466157,0.259740,0.037172
26,56,0.121212,0.054054,0.155955,0.256207,0.878788,0.729522,0.376623,0.031191
26,57,0.121212,0.054054,0.000000,0.429044,0.878788,0.640115,0.298701,0.000000
26,58,0.121212,0.054054,0.101656,0.256207,0.878788,0.748870,0.389610,0.020331
26,59,0.121212,0.054054,0.000000,0.263028,0.878788,0.779370,0.220779,0.000000
26,60,0.121212,0.054054,0.025953,0.387779,0.878788,0.665481,0.376623,0.002947
26,61,0.121212,0.054054,0.000000,0.134593,0.878788,0.887103,0.311688,0.000000
26,62,0.121212,0.054054,0.065424,0.000000,0.878788,0.976688,0.311688,0.007429
26,63,0.121212,0.054054,0.378615,0.387779,0.878788,0.539821,0.259740,0.042993
26,64,0.060606,0.040541,0.551895,0.270277,0.939394,0.576640,0.324675,0.062669
26,65,0.060606,0.040541,0.000000,0.504064,0.939394,0.577189,0.324675,0.000000
26,66,0.060606,0.040541,0.000000,0.290815,0.939394,0.756063,0.311688,0.000000
26,67,0.060606,0.040541,0.000000,0.209926,0.939394,0.823913,0.389610,0.000000
26,68,0.060606,0.040541,0.353073,0.434158,0.939394,0.510020,0.376623,0.040092
26,69,0.060606,0.040541,0.432966,0.802954,0.939394,0.172204,0.389610,0.086593
26,70,0.060606,0.040541,0.000000,0.181330,0.939394,0.847899,0.402597,0.000000
26,71,0.060606,0.040541,0.000000,0.140635,0.939394,0.882035,0.428571,0.000000
26,72,0.060606,0.040541,0.000000,0.661507,0.939394,0.445124,0.363636,0.000000
26,73,0.424242,0.121622,0.346869,0.338030,0.575758,0.592863,0.220779,0.069374
26,74,0.121212,0.054054,0.000000,0.379259,0.878788,0.681876,0.168831,0.000000
26,75,0.121212,0.054054,0.000000,0.213374,0.878788,0.821021,0.285714,0.000000
26,76,0.121212,0.054054,0.000000,0.658390,0.878788,0.447738,0.181818,0.000000
26,77,0.121212,0.054054,0.000000,0.261316,0.878788,0.780807,0.285714,0.000000
26,78,0.121212,0.054054,0.531960,0.403280,0.878788,0.472179,0.363636,0.060405
26,79,0.121212,0.054054,0.000000,0.160846,0.878788,0.865082,0.207792,0.000000
26,80,0.121212,0.054054,0.000000,0.774253,0.878788,0.350552,0.168831,0.000000
26,81,0.121212,0.054054,0.091098,0.584522,0.878788,0.477240,0.233766,0.018220
26,82,0.121212,0.054054,0.277501,0.283892,0.878788,0.662990,0.220779,0.031511
26,83,0.121212,0.054054,0.000000,0.347836,0.878788,0.708233,0.207792,0.000000
26,84,0.121212,0.054054,0.071905,0.239798,0.878788,0.773235,0.298701,0.014381
26,85,0.121212,0.054054,0.000000,0.474254,0.878788,0.602193,0.168831,0.000000
26,86,0.121212,0.054054,0.088295,0.078952,0.878788,0.902313,0.337662,0.010026
26,87,0.121212,0.054054,0.000000,0.474254,0.878788,0.602193,0.233766,0.000000
26,88,0.121212,0.054054,0.085145,0.160846,0.878788,0.834743,0.220779,0.017029
26,89,0.121212,0.054054,0.000000,0.667620,0.878788,0.439996,0.168831,0.000000
26,90,0.121212,0.054054,0.000000,0.378632,0.878788,0.682401,0.207792,0.000000
26,91,0.121212,0.054054,0.000000,0.311684,0.878788,0.738558,0.246753,0.000000
26,92,0.121212,0.054054,0.000000,0.140853,0.878788,0.881851,0.142857,0.000000
26,93,0.121212,0.054054,0.000000,0.286969,0.878788,0.759289,0.259740,0.000000
26,94,0.121212,0.054054,0.000000,0.459746,0.878788,0.614363,0.207792,0.000000
26,95,0.121212,0.054054,0.355024,0.645740,0.878788,0.331848,0.246753,0.071005
26,96,0.121212,0.054054,0.220188,0.000000,0.878788,0.921543,0.207792,0.025003
26,97,0.121212,0.054054,0.236895,0.000000,0.878788,0.915590,0.155844,0.026900
26,98,0.121212,0.054054,0.000000,0.476827,0.878788,0.600035,0.155844,0.000000
26,99,0.121212,0.054054,0.523688,0.516706,0.878788,0.379984,0.207792,0.104738
26,100,0.121212,0.054054,0.023493,0.000000,0.878788,0.991629,0.168831,0.002668
26,101,0.060606,0.040541,0.000000,0.256779,0.939394,0.784613,0.142857,0.000000
26,102,0.060606,0.040541,0.000000,0.226300,0.939394,0.810178,0.207792,0.000000
26,103,0.060606,0.040541,0.000000,0.224621,0.939394,0.811587,0.155844,0.000000
26,104,0.060606,0.040541,0.381736,0.226300,0.939394,0.674159,0.207792,0.043347
26,105,0.060606,0.040541,0.000000,0.218322,0.939394,0.816871,0.168831,0.000000
26,106,0.060606,0.040541,0.228156,0.147348,0.939394,0.795108,0.233766,0.025908
26,107,0.060606,0.040541,0.000000,0.319205,0.939394,0.732249,0.181818,0.000000
26,108,0.060606,0.040541,0.000000,0.308181,0.939394,0.741496,0.233766,0.000000
26,109,0.060606,0.040541,0.000000,0.175139,0.939394,0.853092,0.181818,0.000000
26,110,0.424242,0.121622,0.000000,0.582760,0.575758,0.511177,0.194805,0.000000
26,111,0.030303,0.033784,0.000000,0.068052,0.969697,0.942918,0.324675,0.000000
26,112,0.030303,0.033784,0.000000,0.000000,0.969697,1.000000,0.350649,0.000000
26,113,0.030303,0.033784,0.000000,0.066714,0.969697,0.944040,0.324675,0.000000
26,114,0.030303,0.033784,0.000000,0.225973,0.969697,0.810453,0.376623,0.000000
26,115,0.030303,0.033784,0.000000,0.076205,0.969697,0.936079,0.324675,0.000000
26,116,0.030303,0.033784,0.000000,0.000000,0.969697,1.000000,0.376623,0.000000
26,117,0.030303,0.033784,0.000000,0.154050,0.969697,0.870782,0.363636,0.000000
26,118,0.030303,0.033784,0.000000,0.343854,0.969697,0.711574,0.363636,0.000000
26,119,0.030303,0.033784,0.000000,0.038698,0.969697,0.967540,0.337662,0.000000
26,120,0.030303,0.033784,0.034005,0.150812,0.969697,0.861381,0.350649,0.003861
26,121,0.030303,0.033784,0.000000,0.000000,0.969697,1.000000,0.363636,0.000000
26,122,0.030303,0.033784,0.000000,0.100631,0.969697,0.915590,0.324675,0.000000
26,123,0.030303,0.033784,0.000000,0.319508,0.969697,0.731995,0.350649,0.000000
26,124,0.030303,0.033784,0.013267,0.411969,0.969697,0.649711,0.350649,0.001506
26,125,0.030303,0.033784,0.000000,0.000000,0.969697,1.000000,0.376623,0.000000
26,126,0.030303,0.033784,0.000000,0.228492,0.969697,0.808340,0.415584,0.000000
26,127,0.030303,0.033784,0.000000,0.447368,0.969697,0.624745,0.363636,0.000000
26,128,0.030303,0.033784,0.000000,0.261157,0.969697,0.780940,0.350649,0.000000
26,129,0.030303,0.033784,0.000000,0.230211,0.969697,0.806898,0.363636,0.000000
26,130,0.030303,0.033784,0.000000,0.000000,0.969697,1.000000,0.363636,0.000000
26,131,0.030303,0.033784,0.000000,0.163633,0.969697,0.862744,0.376623,0.000000
26,132,0.030303,0.033784,0.000000,0.000000,0.969697,1.000000,0.350649,0.000000
26,133,0.030303,0.033784,0.000000,0.199666,0.969697,0.832519,0.363636,0.000000
26,134,0.030303,0.033784,0.000000,0.000000,0.969697,1.000000,0.389610,0.000000
26,135,0.030303,0.033784,0.000000,0.133088,0.969697,0.888365,0.376623,0.000000
26,136,0.030303,0.033784,0.000000,0.000000,0.969697,1.000000,0.363636,0.000000
26,137,0.030303,0.033784,0.000000,0.000000,0.969697,1.000000,0.389610,0.000000
26,138,0.000000,0.027027,0.000000,0.150812,1.000000,0.873498,0.350649,0.000000
26,139,0.000000,0.027027,0.000000,0.000000,1.000000,1.000000,0.376623,0.000000
26,140,0.000000,0.027027,0.000000,0.100631,1.000000,0.915590,0.363636,0.000000
26,141,0.000000,0.027027,0.000000,0.093534,1.000000,0.921543,0.376623,0.000000
26,142,0.000000,0.027027,0.000000,0.373271,1.000000,0.686898,0.363636,0.000000
26,143,0.000000,0.027027,0.033936,0.000000,1.000000,0.987908,0.363636,0.003853
26,144,0.000000,0.027027,0.000000,0.110611,1.000000,0.907219,0.376623,0.000000
26,145,0.000000,0.027027,0.000000,0.103514,1.000000,0.913172,0.376623,0.000000
26,146,0.000000,0.027027,0.000000,0.222459,1.000000,0.813400,0.389610,0.000000
26,147,0.181818,0.067568,0.000000,0.259078,0.818182,0.782684,0.298701,0.000000
26,148,1.000000,0.250000,0.000000,0.034496,0.000000,0.971064,0.129870,0.000000
27,0,0.121212,0.054054,0.000000,0.781080,0.878788,0.343929,0.282051,0.000000
27,1,0.121212,0.054054,0.000000,0.497126,0.878788,0.582437,0.166667,0.000000
27,2,0.121212,0.054054,0.507518,0.751107,0.878788,0.195078,0.320513,0.101504
27,3,0.121212,0.054054,0.617647,0.536848,0.878788,0.337283,0.205128,0.067461
27,4,0.121212,0.054054,0.146998,0.494216,0.878788,0.534476,0.410256,0.029400
27,5,0.121212,0.054054,0.198334,0.578852,0.878788,0.445782,0.294872,0.021662
27,6,0.121212,0.054054,0.162842,0.708475,0.878788,0.349076,0.230769,0.032568
27,7,0.121212,0.054054,0.000000,0.710165,0.878788,0.403494,0.192308,0.000000
27,8,0.121212,0.054054,0.011361,0.513778,0.878788,0.564554,0.307692,0.001241
27,9,0.121212,0.054054,0.616028,0.668595,0.878788,0.227176,0.294872,0.123206
27,10,0.121212,0.054054,0.872172,0.768693,0.878788,0.055267,0.320513,0.095260
27,11,0.121212,0.054054,0.000000,0.487696,0.878788,0.590358,0.243590,0.000000
27,12,0.121212,0.054054,0.150654,0.608806,0.878788,0.436972,0.243590,0.016455
27,13,0.121212,0.054054,0.000000,0.684888,0.878788,0.424726,0.294872,0.000000
27,14,0.121212,0.054054,0.058529,0.971617,0.878788,0.163817,0.294872,0.006393
27,15,0.121212,0.054054,0.405194,0.716562,0.878788,0.259181,0.243590,0.081039
27,16,0.121212,0.054054,0.000000,0.768873,0.878788,0.354182,0.192308,0.000000
27,17,0.121212,0.054054,0.000000,0.797303,0.878788,0.330303,0.346154,0.000000
27,18,0.121212,0.054054,0.472759,0.779288,0.878788,0.183325,0.217949,0.094552
27,19,0.121212,0.054054,0.296706,0.361750,0.878788,0.594406,0.320513,0.032407
27,20,0.121212,0.054054,0.488956,0.990933,0.878788,0.000000,0.307692,0.097791
27,21,0.121212,0.054054,0.000000,0.450961,0.878788,0.621214,0.217949,0.000000
27,22,0.121212,0.054054,0.000000,0.231440,0.878788,0.805601,0.294872,0.000000
27,23,0.121212,0.054054,0.130498,0.266732,0.878788,0.731210,0.294872,0.014253
27,24,0.121212,0.054054,1.000000,0.590648,0.878788,0.160985,0.294872,0.200000
27,25,0.121212,0.054054,0.221362,0.406711,0.878788,0.582477,0.243590,0.044272
27,26,0.121212,0.054054,0.333032,0.436670,0.878788,0.519021,0.217949,0.036374
27,27,0.060606,0.040541,0.000000,0.644647,0.939394,0.458526,0.256410,0.000000
27,28,0.060606,0.040541,0.319537,0.777835,0.939394,0.237086,0.358974,0.034900
27,29,0.060606,0.040541,0.000000,0.616535,0.939394,0.482139,0.282051,0.000000
27,30,0.060606,0.040541,0.000000,0.578227,0.939394,0.514316,0.371795,0.000000
27,31,0.060606,0.040541,0.000000,0.506959,0.939394,0.574178,0.294872,0.000000
27,32,0.060606,0.040541,0.000000,0.914282,0.939394,0.232046,0.346154,0.000000
27,33,0.060606,0.040541,0.000000,0.612754,0.939394,0.485315,0.307692,0.000000
27,34,0.060606,0.040541,0.000000,0.479059,0.939394,0.597612,0.307692,0.000000
27,35,0.060606,0.040541,0.372174,0.805041,0.939394,0.196186,0.333333,0.040650
27,36,0.424242,0.121622,0.420602,0.887122,0.575758,0.110635,0.205128,0.084120
27,37,0.121212,0.054054,0.000000,1.000000,0.878788,0.160046,0.230769,0.000000
27,38,0.121212,0.054054,0.065129,0.575850,0.878788,0.493980,0.346154,0.007114
27,39,0.121212,0.054054,0.094202,0.645698,0.878788,0.425341,0.256410,0.018840
27,40,0.121212,0.054054,0.000000,0.652297,0.878788,0.452100,0.217949,0.000000
27,41,0.121212,0.054054,0.552023,0.754922,0.878788,0.176613,0.358974,0.110405
27,42,0.121212,0.054054,0.045049,0.439077,0.878788,0.615748,0.358974,0.004920
27,43,0.121212,0.054054,0.000000,0.154078,0.878788,0.870582,0.205128,0.000000
27,44,0.121212,0.054054,0.442317,0.332851,0.878788,0.568751,0.256410,0.088463
27,45,0.121212,0.054054,0.623653,0.527651,0.878788,0.342948,0.435897,0.068117
27,46,0.121212,0.054054,0.000000,0.484895,0.878788,0.592711,0.294872,0.000000
27,47,0.121212,0.054054,0.207711,0.652625,0.878788,0.380601,0.333333,0.022687
27,48,0.121212,0.054054,0.000000,0.297114,0.878788,0.750438,0.205128,0.000000
27,49,0.121212,0.054054,0.000000,0.604041,0.878788,0.492634,0.282051,0.000000
27,50,0.121212,0.054054,0.000000,0.639182,0.878788,0.463117,0.307692,0.000000
27,51,0.121212,0.054054,0.392967,0.928457,0.878788,0.085391,0.320513,0.042921
27,52,0.121212,0.054054,0.248186,0.337826,0.878788,0.631139,0.282051,0.049637
27,53,0.121212,0.054054,0.000000,0.543383,0.878788,0.543584,0.192308,0.000000
27,54,0.121212,0.054054,0.405569,0.820410,0.878788,0.171825,0.384615,0.044297
27,55,0.121212,0.054054,0.319537,0.832654,0.878788,0.191041,0.256410,0.063907
27,56,0.121212,0.054054,0.261933,0.368664,0.878788,0.600523,0.371795,0.028609
27,57,0.121212,0.054054,0.000000,0.695177,0.878788,0.416083,0.294872,0.000000
27,58,0.121212,0.054054,0.396359,0.458430,0.878788,0.479030,0.384615,0.043291
27,59,0.121212,0.054054,0.000000,0.328144,0.878788,0.724374,0.217949,0.000000
27,60,0.121212,0.054054,0.196998,0.165414,0.878788,0.793510,0.384615,0.021516
27,61,0.121212,0.054054,0.126533,0.175828,0.878788,0.808925,0.307692,0.025307
27,62,0.121212,0.054054,0.000000,0.241700,0.878788,0.796983,0.320513,0.000000
27,63,0.121212,0.054054,0.216346,0.332187,0.878788,0.646793,0.269231,0.023630
27,64,0.060606,0.040541,0.270107,0.358807,0.939394,0.606000,0.333333,0.054021
27,65,0.060606,0.040541,0.358852,0.617143,0.939394,0.358579,0.320513,0.039195
27,66,0.060606,0.040541,0.000000,0.387851,0.939394,0.674223,0.307692,0.000000
27,67,0.060606,0.040541,0.000000,0.581877,0.939394,0.511250,0.384615,0.000000
27,68,0.060606,0.040541,0.218528,0.384108,0.939394,0.602435,0.384615,0.023868
27,69,0.060606,0.040541,0.217597,0.826498,0.939394,0.231167,0.384615,0.023766
27,70,0.060606,0.040541,0.000000,0.379346,0.939394,0.681367,0.397436,0.000000
27,71,0.060606,0.040541,0.416277,0.472002,0.939394,0.460800,0.423077,0.083255
27,72,0.060606,0.040541,0.000000,0.796650,0.939394,0.330850,0.358974,0.000000
27,73,0.424242,0.121622,0.203511,0.282380,0.575758,0.693031,0.217949,0.040702
27,74,0.121212,0.054054,0.000000,0.111383,0.878788,0.906444,0.166667,0.000000
27,75,0.121212,0.054054,0.000000,0.038457,0.878788,0.967698,0.282051,0.000000
27,76,0.121212,0.054054,0.000000,0.290196,0.878788,0.756249,0.179487,0.000000
27,77,0.121212,0.054054,0.111816,0.225355,0.878788,0.772371,0.282051,0.012213
27,78,0.121212,0.054054,0.327895,0.180569,0.878788,0.735896,0.371795,0.035813
27,79,0.121212,0.054054,0.000000,0.139775,0.878788,0.882596,0.205128,0.000000
27,80,0.121212,0.054054,0.000000,0.777499,0.878788,0.346937,0.166667,0.000000
27,81,0.121212,0.054054,0.315962,0.824040,0.878788,0.199501,0.230769,0.063192
27,82,0.121212,0.054054,0.109202,0.281887,0.878788,0.725783,0.230769,0.011927
27,83,0.121212,0.054054,0.287042,0.295325,0.878788,0.653515,0.205128,0.057408
27,84,0.121212,0.054054,0.452651,0.168902,0.878788,0.702917,0.294872,0.049439
27,85,0.121212,0.054054,0.000000,0.232330,0.878788,0.804854,0.166667,0.000000
27,86,0.121212,0.054054,0.244635,0.355800,0.878788,0.617259,0.346154,0.026719
27,87,0.121212,0.054054,0.219889,0.342376,0.878788,0.637021,0.230769,0.043978
27,88,0.121212,0.054054,0.000000,0.090112,0.878788,0.924310,0.217949,0.000000
27,89,0.121212,0.054054,0.000000,0.441728,0.878788,0.628969,0.166667,0.000000
27,90,0.121212,0.054054,0.408524,0.568271,0.878788,0.382597,0.205128,0.081705
27,91,0.121212,0.054054,0.000000,0.232224,0.878788,0.804943,0.243590,0.000000
27,92,0.121212,0.054054,0.129422,0.231290,0.878788,0.761349,0.141026,0.025884
27,93,0.121212,0.054054,0.057161,0.110267,0.878788,0.887781,0.256410,0.006243
27,94,0.121212,0.054054,0.000000,0.480543,0.878788,0.596366,0.205128,0.000000
27,95,0.121212,0.054054,0.104455,0.199478,0.878788,0.796631,0.243590,0.020891
27,96,0.121212,0.054054,0.402569,0.169938,0.878788,0.719220,0.217949,0.043969
27,97,0.121212,0.054054,0.045103,0.101318,0.878788,0.899432,0.166667,0.004926
27,98,0.121212,0.054054,0.115010,0.593343,0.878788,0.462183,0.153846,0.023002
27,99,0.121212,0.054054,0.194481,0.433300,0.878788,0.569361,0.205128,0.038896
27,100,0.121212,0.054054,0.000000,0.271256,0.878788,0.772157,0.179487,0.000000
27,101,0.060606,0.040541,0.000000,0.351817,0.939394,0.704490,0.141026,0.000000
27,102,0.060606,0.040541,0.000000,0.213526,0.939394,0.820648,0.205128,0.000000
27,103,0.060606,0.040541,0.000000,0.270431,0.939394,0.772850,0.153846,0.000000
27,104,0.060606,0.040541,0.000000,0.213526,0.939394,0.820648,0.217949,0.000000
27,105,0.060606,0.040541,0.000000,0.244887,0.939394,0.794306,0.166667,0.000000
27,106,0.060606,0.040541,0.000000,0.134735,0.939394,0.886829,0.243590,0.000000
27,107,0.060606,0.040541,0.000000,0.251821,0.939394,0.788482,0.179487,0.000000
27,108,0.060606,0.040541,0.000000,0.171400,0.939394,0.856032,0.230769,0.000000
27,109,0.060606,0.040541,0.000000,0.134735,0.939394,0.886829,0.179487,0.000000
27,110,0.424242,0.121622,0.000000,0.604742,0.575758,0.492045,0.192308,0.000000
27,111,0.030303,0.033784,0.000000,0.330303,0.969697,0.722561,0.320513,0.000000
27,112,0.030303,0.033784,0.000000,0.117180,0.969697,0.901574,0.346154,0.000000
27,113,0.030303,0.033784,0.000000,0.184787,0.969697,0.844787,0.320513,0.000000
27,114,0.030303,0.033784,0.000000,0.340804,0.969697,0.713740,0.371795,0.000000
27,115,0.030303,0.033784,0.000000,0.441275,0.969697,0.629349,0.320513,0.000000
27,116,0.030303,0.033784,0.000000,0.000000,0.969697,1.000000,0.371795,0.000000
27,117,0.030303,0.033784,0.000000,0.044580,0.969697,0.962555,0.358974,0.000000
27,118,0.030303,0.033784,0.000000,0.268204,0.969697,0.774721,0.358974,0.000000
27,119,0.030303,0.033784,0.000000,0.295760,0.969697,0.751575,0.333333,0.000000
27,120,0.030303,0.033784,0.000000,0.111624,0.969697,0.906241,0.358974,0.000000
27,121,0.030303,0.033784,0.000000,0.052834,0.969697,0.955622,0.358974,0.000000
27,122,0.030303,0.033784,0.000000,0.041747,0.969697,0.964934,0.320513,0.000000
27,123,0.030303,0.033784,0.000000,0.351035,0.969697,0.705147,0.346154,0.000000
27,124,0.030303,0.033784,0.000000,0.296670,0.969697,0.750811,0.358974,0.000000
27,125,0.030303,0.033784,0.000000,0.046951,0.969697,0.960563,0.371795,0.000000
27,126,0.030303,0.033784,0.000000,0.062992,0.969697,0.947089,0.410256,0.000000
27,127,0.030303,0.033784,0.000000,0.342780,0.969697,0.712081,0.358974,0.000000
27,128,0.030303,0.033784,0.437304,0.255332,0.969697,0.635583,0.346154,0.047763
27,129,0.030303,0.033784,0.000000,0.284656,0.969697,0.760902,0.358974,0.000000
27,130,0.030303,0.033784,0.000000,0.117180,0.969697,0.901574,0.358974,0.000000
27,131,0.030303,0.033784,0.000000,0.184787,0.969697,0.844787,0.371795,0.000000
27,132,0.030303,0.033784,0.000000,0.206946,0.969697,0.826175,0.346154,0.000000
27,133,0.030303,0.033784,0.000000,0.266641,0.969697,0.776033,0.358974,0.000000
27,134,0.030303,0.033784,0.000000,0.000000,0.969697,1.000000,0.384615,0.000000
27,135,0.030303,0.033784,0.000000,0.000000,0.969697,1.000000,0.371795,0.000000
27,136,0.030303,0.033784,0.000000,0.089766,0.969697,0.924601,0.358974,0.000000
27,137,0.030303,0.033784,0.000000,0.166773,0.969697,0.859918,0.384615,0.000000
27,138,0.000000,0.027027,0.000000,0.065977,1.000000,0.944582,0.346154,0.000000
27,139,0.000000,0.027027,0.000000,0.052834,1.000000,0.955622,0.371795,0.000000
27,140,0.000000,0.027027,0.000000,0.041747,1.000000,0.964934,0.358974,0.000000
27,141,0.000000,0.027027,0.000000,0.217177,1.000000,0.817582,0.371795,0.000000
27,142,0.000000,0.027027,0.000000,0.122036,1.000000,0.897495,0.358974,0.000000
27,143,0.000000,0.027027,0.000000,0.046951,1.000000,0.960563,0.371795,0.000000
27,144,0.000000,0.027027,0.000000,0.018412,1.000000,0.984534,0.371795,0.000000
27,145,0.000000,0.027027,0.000000,0.164342,1.000000,0.861960,0.371795,0.000000
27,146,0.000000,0.027027,0.000000,0.126345,1.000000,0.893876,0.384615,0.000000
27,147,0.181818,0.067568,0.000000,0.000000,0.818182,1.000000,0.294872,0.000000
27,148,1.000000,0.250000,0.000000,0.178522,0.000000,0.850049,0.128205,0.000000
28,0,0.121212,0.054054,0.000000,0.816645,0.878788,0.346193,0.278481,0.000000
28,1,0.121212,0.054054,0.000000,0.467232,0.878788,0.625933,0.164557,0.000000
28,2,0.121212,0.054054,0.510551,0.863564,0.878788,0.136977,0.316456,0.054444
28,3,0.121212,0.054054,0.201262,0.419691,0.878788,0.596329,0.215190,0.040252
28,4,0.121212,0.054054,0.106923,0.401849,0.878788,0.642331,0.405063,0.011402
28,5,0.121212,0.054054,0.000000,0.398077,0.878788,0.681299,0.303797,0.000000
28,6,0.121212,0.054054,0.218803,0.849244,0.878788,0.246530,0.227848,0.023333
28,7,0.121212,0.054054,0.000000,0.732979,0.878788,0.413176,0.189873,0.000000
28,8,0.121212,0.054054,0.000000,0.349311,0.878788,0.720341,0.316456,0.000000
28,9,0.121212,0.054054,0.602043,0.558613,0.878788,0.350360,0.291139,0.064200
28,10,0.121212,0.054054,0.950778,0.849784,0.878788,0.000000,0.329114,0.190156
28,11,0.121212,0.054054,0.000000,0.430750,0.878788,0.655141,0.240506,0.000000
28,12,0.121212,0.054054,0.070111,0.775726,0.878788,0.355380,0.253165,0.014022
28,13,0.121212,0.054054,0.000000,0.548011,0.878788,0.561262,0.291139,0.000000
28,14,0.121212,0.054054,0.000000,0.929579,0.878788,0.255778,0.303797,0.000000
28,15,0.121212,0.054054,0.034849,0.634171,0.878788,0.480565,0.240506,0.006970
28,16,0.121212,0.054054,0.000000,0.819748,0.878788,0.343709,0.189873,0.000000
28,17,0.121212,0.054054,0.165979,0.725041,0.878788,0.363727,0.341772,0.033196
28,18,0.121212,0.054054,0.556035,0.741394,0.878788,0.219494,0.215190,0.059294
28,19,0.121212,0.054054,0.268094,0.434454,0.878788,0.562040,0.329114,0.053619
28,20,0.121212,0.054054,0.330755,0.947007,0.878788,0.130621,0.303797,0.035271
28,21,0.121212,0.054054,0.000000,0.434454,0.878788,0.652176,0.215190,0.000000
28,22,0.121212,0.054054,0.479198,0.345220,0.878788,0.562505,0.291139,0.051100
28,23,0.121212,0.054054,0.223369,0.205983,0.878788,0.759991,0.303797,0.023819
28,24,0.121212,0.054054,0.793156,0.491703,0.878788,0.339674,0.291139,0.084580
28,25,0.121212,0.054054,0.000000,0.189852,0.878788,0.848005,0.240506,0.000000
28,26,0.121212,0.054054,0.000000,0.454965,0.878788,0.635755,0.227848,0.000000
28,27,0.060606,0.040541,0.000000,0.673866,0.939394,0.460503,0.253165,0.000000
28,28,0.060606,0.040541,0.414618,1.000000,0.939394,0.060000,0.367089,0.082924
28,29,0.060606,0.040541,0.000000,0.614213,0.939394,0.508260,0.278481,0.000000
28,30,0.060606,0.040541,0.000000,0.973484,0.939394,0.220628,0.367089,0.000000
28,31,0.060606,0.040541,0.000000,0.607022,0.939394,0.514018,0.291139,0.000000
28,32,0.060606,0.040541,0.000000,0.987909,0.939394,0.209079,0.341772,0.000000
28,33,0.060606,0.040541,0.271932,0.507084,0.939394,0.502602,0.303797,0.054386
28,34,0.060606,0.040541,0.000000,0.597557,0.939394,0.521595,0.303797,0.000000
28,35,0.060606,0.040541,0.000000,0.832137,0.939394,0.333790,0.341772,0.000000
28,36,0.424242,0.121622,0.338982,0.853092,0.575758,0.203044,0.202532,0.036148
28,37,0.121212,0.054054,0.000000,0.659792,0.878788,0.471770,0.227848,0.000000
28,38,0.121212,0.054054,0.260503,0.635587,0.878788,0.403564,0.354430,0.052101
28,39,0.121212,0.054054,0.000000,0.535295,0.878788,0.571443,0.253165,0.000000
28,40,0.121212,0.054054,0.132044,0.788968,0.878788,0.323957,0.215190,0.026409
28,41,0.121212,0.054054,0.290420,0.700434,0.878788,0.341589,0.354430,0.058084
28,42,0.121212,0.054054,0.170879,0.320926,0.878788,0.685615,0.367089,0.034176
28,43,0.121212,0.054054,0.000000,0.069703,0.878788,0.944196,0.202532,0.000000
28,44,0.121212,0.054054,0.394428,0.437489,0.878788,0.517135,0.253165,0.078886
28,45,0.121212,0.054054,1.000000,0.682457,0.878788,0.117413,0.443038,0.200000
28,46,0.121212,0.054054,0.000000,0.325783,0.878788,0.739178,0.291139,0.000000
28,47,0.121212,0.054054,0.170879,0.752116,0.878788,0.340404,0.341772,0.034176
28,48,0.121212,0.054054,0.000000,0.206389,0.878788,0.834765,0.202532,0.000000
28,49,0.121212,0.054054,0.159055,0.688328,0.878788,0.395448,0.278481,0.031811
28,50,0.121212,0.054054,0.000000,0.409403,0.878788,0.672232,0.303797,0.000000
28,51,0.121212,0.054054,0.503319,0.901775,0.878788,0.108816,0.329114,0.100664
28,52,0.121212,0.054054,0.183715,0.103430,0.878788,0.855426,0.278481,0.036743
28,53,0.121212,0.054054,0.000000,0.299144,0.878788,0.760505,0.189873,0.000000
28,54,0.121212,0.054054,0.182079,0.744676,0.878788,0.342595,0.392405,0.036416
28,55,0.121212,0.054054,0.414618,0.749391,0.878788,0.260638,0.253165,0.044214
28,56,0.121212,0.054054,0.062486,0.421182,0.878788,0.641793,0.379747,0.012497
28,57,0.121212,0.054054,0.211584,0.709413,0.878788,0.360907,0.291139,0.022563
28,58,0.121212,0.054054,0.405806,0.700689,0.878788,0.302591,0.392405,0.081161
28,59,0.121212,0.054054,0.000000,0.419709,0.878788,0.663981,0.215190,0.000000
28,60,0.121212,0.054054,0.040390,0.128832,0.878788,0.883277,0.392405,0.004307
28,61,0.121212,0.054054,0.148704,0.069703,0.878788,0.894200,0.303797,0.015857
28,62,0.121212,0.054054,0.171408,0.349210,0.878788,0.662792,0.316456,0.034282
28,63,0.121212,0.054054,0.075479,0.508563,0.878788,0.567467,0.278481,0.015096
28,64,0.060606,0.040541,0.432498,0.515887,0.939394,0.441570,0.329114,0.086500
28,65,0.060606,0.040541,0.000000,0.812334,0.939394,0.349645,0.329114,0.000000
28,66,0.060606,0.040541,0.000000,0.481013,0.939394,0.614901,0.303797,0.000000
28,67,0.060606,0.040541,0.000000,0.874672,0.939394,0.299736,0.379747,0.000000
28,68,0.060606,0.040541,0.000000,0.403301,0.939394,0.677117,0.392405,0.000000
28,69,0.060606,0.040541,0.215462,0.870107,0.939394,0.230950,0.392405,0.043092
28,70,0.060606,0.040541,0.000000,0.378054,0.939394,0.697330,0.392405,0.000000
28,71,0.060606,0.040541,0.592886,0.485489,0.939394,0.411982,0.417722,0.118577
28,72,0.060606,0.040541,0.104024,0.731207,0.939394,0.379621,0.354430,0.020805
28,73,0.424242,0.121622,0.529270,0.288316,0.575758,0.591228,0.215190,0.056440
28,74,0.121212,0.054054,0.000000,0.303404,0.878788,0.757094,0.164557,0.000000
28,75,0.121212,0.054054,0.000000,0.000000,0.878788,1.000000,0.278481,0.000000
28,76,0.121212,0.054054,0.000000,0.464286,0.878788,0.628292,0.177215,0.000000
28,77,0.121212,0.054054,0.000000,0.181438,0.878788,0.854741,0.291139,0.000000
28,78,0.121212,0.054054,0.103290,0.287886,0.878788,0.734791,0.379747,0.011015
28,79,0.121212,0.054054,0.000000,0.077151,0.878788,0.938233,0.202532,0.000000
28,80,0.121212,0.054054,0.000000,0.813292,0.878788,0.348877,0.164557,0.000000
28,81,0.121212,0.054054,0.467214,0.711602,0.878788,0.273209,0.227848,0.049822
28,82,0.121212,0.054054,0.000000,0.242790,0.878788,0.805622,0.240506,0.000000
28,83,0.121212,0.054054,0.400894,0.361508,0.878788,0.575791,0.202532,0.042750
28,84,0.121212,0.054054,0.323889,0.262973,0.878788,0.680569,0.303797,0.064778
28,85,0.121212,0.054054,0.000000,0.224361,0.878788,0.820376,0.164557,0.000000
28,86,0.121212,0.054054,0.025086,0.296080,0.878788,0.754524,0.354430,0.005017
28,87,0.121212,0.054054,0.665576,0.463491,0.878788,0.405154,0.227848,0.070975
28,88,0.121212,0.054054,0.000000,0.151302,0.878788,0.878867,0.215190,0.000000
28,89,0.121212,0.054054,0.000000,0.540368,0.878788,0.567381,0.164557,0.000000
28,90,0.121212,0.054054,0.904232,0.573607,0.878788,0.236757,0.202532,0.096425
28,91,0.121212,0.054054,0.000000,0.300070,0.878788,0.759763,0.240506,0.000000
28,92,0.121212,0.054054,0.393630,0.138555,0.878788,0.756730,0.139241,0.041976
28,93,0.121212,0.054054,0.000000,0.181627,0.878788,0.854589,0.265823,0.000000
28,94,0.121212,0.054054,0.000000,0.572284,0.878788,0.541829,0.202532,0.000000
28,95,0.121212,0.054054,0.306413,0.241103,0.878788,0.703953,0.240506,0.032675
28,96,0.121212,0.054054,0.000000,0.315777,0.878788,0.747189,0.227848,0.000000
28,97,0.121212,0.054054,0.000000,0.077151,0.878788,0.938233,0.177215,0.000000
28,98,0.121212,0.054054,0.294081,0.654424,0.878788,0.377194,0.151899,0.031360
28,99,0.121212,0.054054,0.000000,0.213377,0.878788,0.829171,0.202532,0.000000
28,100,0.121212,0.054054,0.022924,0.326133,0.878788,0.731190,0.177215,0.002445
28,101,0.060606,0.040541,0.000000,0.418925,0.939394,0.664608,0.139241,0.000000
28,102,0.060606,0.040541,0.000000,0.485239,0.939394,0.611517,0.202532,0.000000
28,103,0.060606,0.040541,0.000000,0.265469,0.939394,0.787465,0.151899,0.000000
28,104,0.060606,0.040541,0.000000,0.396385,0.939394,0.682654,0.215190,0.000000
28,105,0.060606,0.040541,0.000000,0.464667,0.939394,0.627987,0.164557,0.000000
28,106,0.060606,0.040541,0.000000,0.373569,0.939394,0.700921,0.240506,0.000000
28,107,0.060606,0.040541,0.000000,0.270925,0.939394,0.783097,0.177215,0.000000
28,108,0.060606,0.040541,0.000000,0.253963,0.939394,0.796677,0.227848,0.000000
28,109,0.060606,0.040541,0.000000,0.356697,0.939394,0.714428,0.177215,0.000000
28,110,0.424242,0.121622,0.314964,0.763449,0.575758,0.282887,0.189873,0.033587
28,111,0.030303,0.033784,0.000000,0.146552,0.969697,0.882671,0.316456,0.000000
28,112,0.030303,0.033784,0.000000,0.168355,0.969697,0.865215,0.341772,0.000000
28,113,0.030303,0.033784,0.000000,0.136017,0.969697,0.891105,0.316456,0.000000
28,114,0.030303,0.033784,0.000000,0.491239,0.969697,0.606714,0.367089,0.000000
28,115,0.030303,0.033784,0.000000,0.586471,0.969697,0.530471,0.316456,0.000000
28,116,0.030303,0.033784,0.000000,0.000000,0.969697,1.000000,0.367089,0.000000
28,117,0.030303,0.033784,0.000000,0.000000,0.969697,1.000000,0.354430,0.000000
28,118,0.030303,0.033784,0.000000,0.322884,0.969697,0.741499,0.354430,0.000000
28,119,0.030303,0.033784,0.000000,0.575936,0.969697,0.538905,0.329114,0.000000
28,120,0.030303,0.033784,0.000000,0.128678,0.969697,0.896981,0.354430,0.000000
28,121,0.030303,0.033784,0.000000,0.165304,0.969697,0.867657,0.354430,0.000000
28,122,0.030303,0.033784,0.000000,0.000000,0.969697,1.000000,0.316456,0.000000
28,123,0.030303,0.033784,0.000000,0.208681,0.969697,0.832930,0.341772,0.000000
28,124,0.030303,0.033784,0.141628,0.324883,0.969697,0.692281,0.354430,0.028326
28,125,0.030303,0.033784,0.000000,0.123499,0.969697,0.901127,0.367089,0.000000
28,126,0.030303,0.033784,0.000000,0.009627,0.969697,0.992293,0.405063,0.000000
28,127,0.030303,0.033784,0.000000,0.053003,0.969697,0.957565,0.354430,0.000000
28,128,0.030303,0.033784,0.080370,0.319705,0.969697,0.717023,0.354430,0.016074
28,129,0.030303,0.033784,0.000000,0.146552,0.969697,0.882671,0.354430,0.000000
28,130,0.030303,0.033784,0.000000,0.168355,0.969697,0.865215,0.354430,0.000000
28,131,0.030303,0.033784,0.000000,0.136017,0.969697,0.891105,0.367089,0.000000
28,132,0.030303,0.033784,0.000000,0.447862,0.969697,0.641441,0.341772,0.000000
28,133,0.030303,0.033784,0.000000,0.390265,0.969697,0.687553,0.354430,0.000000
28,134,0.030303,0.033784,0.000000,0.000000,0.969697,1.000000,0.379747,0.000000
28,135,0.030303,0.033784,0.000000,0.000000,0.969697,1.000000,0.367089,0.000000
28,136,0.030303,0.033784,0.000000,0.279507,0.969697,0.776226,0.354430,0.000000
28,137,0.030303,0.033784,0.000000,0.379731,0.969697,0.695987,0.379747,0.000000
28,138,0.000000,0.027027,0.000000,0.260946,1.000000,0.791086,0.341772,0.000000
28,139,0.000000,0.027027,0.000000,0.297573,1.000000,0.761763,0.367089,0.000000
28,140,0.000000,0.027027,0.000000,0.132269,1.000000,0.894106,0.354430,0.000000
28,141,0.000000,0.027027,0.000000,0.297573,1.000000,0.761763,0.367089,0.000000
28,142,0.000000,0.027027,0.000000,0.260946,1.000000,0.791086,0.354430,0.000000
28,143,0.000000,0.027027,0.473089,0.255767,1.000000,0.636175,0.367089,0.094618
28,144,0.000000,0.027027,0.000000,0.141895,1.000000,0.886398,0.367089,0.000000
28,145,0.000000,0.027027,0.000000,0.141895,1.000000,0.886398,0.367089,0.000000
28,146,0.000000,0.027027,0.000000,0.255767,1.000000,0.795232,0.379747,0.000000
28,147,0.181818,0.067568,0.000000,0.000000,0.818182,1.000000,0.291139,0.000000
28,148,1.000000,0.250000,0.000000,0.291901,0.000000,0.766304,0.126582,0.000000
29,0,0.121212,0.054054,0.107708,0.611062,0.878788,0.396237,0.275000,0.021542
29,1,0.121212,0.054054,0.000000,0.386327,0.878788,0.638547,0.162500,0.000000
29,2,0.121212,0.054054,0.527175,0.524662,0.878788,0.352280,0.325000,0.105435
29,3,0.121212,0.054054,0.403855,0.410854,0.878788,0.495449,0.212500,0.043854
29,4,0.121212,0.054054,0.000000,0.265451,0.878788,0.751640,0.412500,0.000000
29,5,0.121212,0.054054,0.000000,0.411974,0.878788,0.614550,0.300000,0.000000
29,6,0.121212,0.054054,0.000000,0.411974,0.878788,0.614550,0.237500,0.000000
29,7,0.121212,0.054054,0.000000,0.531572,0.878788,0.502653,0.187500,0.000000
29,8,0.121212,0.054054,0.000000,0.292225,0.878788,0.726589,0.312500,0.000000
29,9,0.121212,0.054054,0.487903,0.377073,0.878788,0.502050,0.300000,0.097581
29,10,0.121212,0.054054,1.000000,0.585000,0.878788,0.155158,0.325000,0.108588
29,11,0.121212,0.054054,0.000000,0.387535,0.878788,0.637416,0.237500,0.000000
29,12,0.121212,0.054054,0.094926,0.582075,0.878788,0.427160,0.250000,0.010308
29,13,0.121212,0.054054,0.000000,0.601502,0.878788,0.437225,0.287500,0.000000
29,14,0.121212,0.054054,0.000000,0.641283,0.878788,0.400005,0.300000,0.000000
29,15,0.121212,0.054054,0.506971,0.412216,0.878788,0.463497,0.237500,0.055051
29,16,0.121212,0.054054,0.000000,0.545791,0.878788,0.489349,0.187500,0.000000
29,17,0.121212,0.054054,0.331666,0.779663,0.878788,0.171862,0.337500,0.066333
29,18,0.121212,0.054054,0.471942,0.619112,0.878788,0.280343,0.225000,0.094388
29,19,0.121212,0.054054,0.513647,0.189455,0.878788,0.669929,0.325000,0.055776
29,20,0.121212,0.054054,0.339980,0.462208,0.878788,0.466405,0.312500,0.067996
29,21,0.121212,0.054054,0.000000,0.341859,0.878788,0.680151,0.212500,0.000000
29,22,0.121212,0.054054,0.253646,0.388891,0.878788,0.560686,0.300000,0.050729
29,23,0.121212,0.054054,0.000000,0.388820,0.878788,0.636214,0.312500,0.000000
29,24,0.121212,0.054054,0.653273,0.345331,0.878788,0.482550,0.300000,0.070938
29,25,0.121212,0.054054,0.537787,0.448593,0.878788,0.420294,0.237500,0.058397
29,26,0.121212,0.054054,0.264409,0.571663,0.878788,0.386480,0.225000,0.052882
29,27,0.060606,0.040541,0.000000,0.506783,0.939394,0.525845,0.250000,0.000000
29,28,0.060606,0.040541,0.000000,0.651339,0.939394,0.390597,0.362500,0.000000
29,29,0.060606,0.040541,0.000000,0.585184,0.939394,0.452493,0.275000,0.000000
29,30,0.060606,0.040541,0.553064,0.623886,0.939394,0.251742,0.362500,0.060056
29,31,0.060606,0.040541,0.000000,0.663758,0.939394,0.378977,0.287500,0.000000
29,32,0.060606,0.040541,0.000000,0.741871,0.939394,0.305894,0.337500,0.000000
29,33,0.060606,0.040541,0.546514,0.459999,0.939394,0.407026,0.300000,0.059345
29,34,0.060606,0.040541,0.000000,0.462253,0.939394,0.567509,0.300000,0.000000
29,35,0.060606,0.040541,0.000000,1.000000,0.939394,0.064384,0.337500,0.000000
29,36,0.424242,0.121622,0.523671,0.902298,0.575758,0.000000,0.212500,0.104734
29,37,0.121212,0.054054,0.000000,0.728977,0.878788,0.317958,0.225000,0.000000
29,38,0.121212,0.054054,0.030606,0.437243,0.878788,0.581803,0.350000,0.003323
29,39,0.121212,0.054054,0.092157,0.472044,0.878788,0.530931,0.250000,0.018431
29,40,0.121212,0.054054,0.093286,0.453168,0.878788,0.548256,0.212500,0.010130
29,41,0.121212,0.054054,0.696468,0.488248,0.878788,0.335984,0.350000,0.139294
29,42,0.121212,0.054054,0.283482,0.328837,0.878788,0.607997,0.362500,0.056696
29,43,0.121212,0.054054,0.000000,0.292482,0.878788,0.726349,0.200000,0.000000
29,44,0.121212,0.054054,0.242739,0.356141,0.878788,0.594573,0.250000,0.026359
29,45,0.121212,0.054054,0.501913,0.272624,0.878788,0.595606,0.437500,0.100383
29,46,0.121212,0.054054,0.000000,0.417605,0.878788,0.609282,0.287500,0.000000
29,47,0.121212,0.054054,0.299033,0.540274,0.878788,0.405547,0.337500,0.032471
29,48,0.121212,0.054054,0.000000,0.183260,0.878788,0.828539,0.200000,0.000000
29,49,0.121212,0.054054,0.000000,0.436170,0.878788,0.591913,0.275000,0.000000
29,50,0.121212,0.054054,0.000000,0.568153,0.878788,0.468427,0.300000,0.000000
29,51,0.121212,0.054054,0.036870,0.483464,0.878788,0.536694,0.325000,0.007374
29,52,0.121212,0.054054,0.169299,0.164136,0.878788,0.796064,0.275000,0.018384
29,53,0.121212,0.054054,0.000000,0.316625,0.878788,0.703761,0.187500,0.000000
29,54,0.121212,0.054054,0.141672,0.522391,0.878788,0.469094,0.387500,0.028334
29,55,0.121212,0.054054,0.300782,0.704161,0.878788,0.251692,0.262500,0.060156
29,56,0.121212,0.054054,0.144450,0.155143,0.878788,0.811871,0.375000,0.015686
29,57,0.121212,0.054054,0.000000,0.452900,0.878788,0.576259,0.300000,0.000000
29,58,0.121212,0.054054,0.000000,0.247720,0.878788,0.768229,0.387500,0.000000
29,59,0.121212,0.054054,0.000000,0.463431,0.878788,0.566406,0.212500,0.000000
29,60,0.121212,0.054054,0.246559,0.334986,0.878788,0.613229,0.400000,0.049312
29,61,0.121212,0.054054,0.404161,0.273338,0.878788,0.624020,0.312500,0.043887
29,62,0.121212,0.054054,0.613974,0.265162,0.878788,0.569249,0.312500,0.066670
29,63,0.121212,0.054054,0.000000,0.446404,0.878788,0.582337,0.275000,0.000000
29,64,0.060606,0.040541,0.107907,0.330633,0.939394,0.658552,0.325000,0.021581
29,65,0.060606,0.040541,0.000000,0.424691,0.939394,0.602653,0.325000,0.000000
29,66,0.060606,0.040541,0.000000,0.330633,0.939394,0.690655,0.300000,0.000000
29,67,0.060606,0.040541,0.000000,0.397238,0.939394,0.628338,0.375000,0.000000
29,68,0.060606,0.040541,0.479289,0.481181,0.939394,0.407208,0.387500,0.095858
29,69,0.060606,0.040541,0.117676,0.482350,0.939394,0.513696,0.387500,0.023535
29,70,0.060606,0.040541,0.000000,0.311509,0.939394,0.708548,0.387500,0.000000
29,71,0.060606,0.040541,0.575017,0.392163,0.939394,0.462015,0.412500,0.062440
29,72,0.060606,0.040541,0.458136,0.688908,0.939394,0.219149,0.350000,0.091627
29,73,0.424242,0.121622,0.411996,0.402452,0.575758,0.500888,0.225000,0.082399
29,74,0.121212,0.054054,0.252282,0.134481,0.878788,0.799122,0.162500,0.050456
29,75,0.121212,0.054054,0.000000,0.029304,0.878788,0.972583,0.275000,0.000000
29,76,0.121212,0.054054,0.000000,0.206683,0.878788,0.806624,0.175000,0.000000
29,77,0.121212,0.054054,0.393331,0.270255,0.878788,0.630127,0.287500,0.042711
29,78,0.121212,0.054054,0.286115,0.106849,0.878788,0.814910,0.387500,0.057223
29,79,0.121212,0.054054,0.060205,0.099543,0.878788,0.888955,0.200000,0.012041
29,80,0.121212,0.054054,0.000000,0.338177,0.878788,0.683596,0.162500,0.000000
29,81,0.121212,0.054054,0.000000,0.506567,0.878788,0.526048,0.237500,0.000000
29,82,0.121212,0.054054,0.000000,0.147425,0.878788,0.862067,0.237500,0.000000
29,83,0.121212,0.054054,0.000000,0.085327,0.878788,0.920167,0.212500,0.000000
29,84,0.121212,0.054054,0.107455,0.124946,0.878788,0.851130,0.300000,0.011668
29,85,0.121212,0.054054,0.000000,0.224206,0.878788,0.790229,0.162500,0.000000
29,86,0.121212,0.054054,0.292964,0.317105,0.878788,0.616153,0.350000,0.031813
29,87,0.121212,0.054054,0.291142,0.302080,0.878788,0.630753,0.237500,0.058228
29,88,0.121212,0.054054,0.316854,0.157819,0.878788,0.758076,0.212500,0.063371
29,89,0.121212,0.054054,0.000000,0.328140,0.878788,0.692987,0.162500,0.000000
29,90,0.121212,0.054054,0.350395,0.381060,0.878788,0.539230,0.212500,0.038049
29,91,0.121212,0.054054,0.211090,0.400931,0.878788,0.562082,0.237500,0.042218
29,92,0.121212,0.054054,0.000000,0.095086,0.878788,0.911036,0.150000,0.000000
29,93,0.121212,0.054054,0.002477,0.034312,0.878788,0.967160,0.262500,0.000269
29,94,0.121212,0.054054,0.000000,0.147536,0.878788,0.861963,0.200000,0.000000
29,95,0.121212,0.054054,0.000000,0.235509,0.878788,0.779654,0.250000,0.000000
29,96,0.121212,0.054054,0.000000,0.182843,0.878788,0.828929,0.225000,0.000000
29,97,0.121212,0.054054,0.000000,0.070239,0.878788,0.934283,0.175000,0.000000
29,98,0.121212,0.054054,0.000000,0.274842,0.878788,0.742854,0.162500,0.000000
29,99,0.121212,0.054054,0.451789,0.423589,0.878788,0.469274,0.200000,0.049059
29,100,0.121212,0.054054,0.191572,0.253083,0.878788,0.706218,0.187500,0.038314
29,101,0.060606,0.040541,0.000000,0.176938,0.939394,0.834454,0.137500,0.000000
29,102,0.060606,0.040541,0.000000,0.226648,0.939394,0.787944,0.200000,0.000000
29,103,0.060606,0.040541,0.000000,0.255339,0.939394,0.761101,0.150000,0.000000
29,104,0.060606,0.040541,0.166079,0.226648,0.939394,0.738535,0.212500,0.018034
29,105,0.060606,0.040541,0.000000,0.326237,0.939394,0.694768,0.162500,0.000000
29,106,0.060606,0.040541,0.000000,0.259521,0.939394,0.757188,0.237500,0.000000
29,107,0.060606,0.040541,0.000000,0.209407,0.939394,0.804076,0.175000,0.000000
29,108,0.060606,0.040541,0.000000,0.131006,0.939394,0.877429,0.225000,0.000000
29,109,0.060606,0.040541,0.000000,0.454752,0.939394,0.574527,0.175000,0.000000
29,110,0.424242,0.121622,0.000000,0.555963,0.575758,0.479832,0.200000,0.000000
29,111,0.030303,0.033784,0.000000,0.252396,0.969697,0.763854,0.312500,0.000000
29,112,0.030303,0.033784,0.000000,0.080220,0.969697,0.924944,0.337500,0.000000
29,113,0.030303,0.033784,0.000000,0.154065,0.969697,0.855854,0.312500,0.000000
29,114,0.030303,0.033784,0.000000,0.263776,0.969697,0.753207,0.362500,0.000000
29,115,0.030303,0.033784,0.000000,0.329646,0.969697,0.691578,0.312500,0.000000
29,116,0.030303,0.033784,0.000000,0.000000,0.969697,1.000000,0.362500,0.000000
29,117,0.030303,0.033784,0.000000,0.187019,0.969697,0.825022,0.350000,0.000000
29,118,0.030303,0.033784,0.000000,0.250678,0.969697,0.765462,0.350000,0.000000
29,119,0.030303,0.033784,0.000000,0.111418,0.969697,0.895755,0.325000,0.000000
29,120,0.030303,0.033784,0.000000,0.125859,0.969697,0.882245,0.350000,0.000000
29,121,0.030303,0.033784,0.000000,0.080220,0.969697,0.924944,0.350000,0.000000
29,122,0.030303,0.033784,0.000000,0.019931,0.969697,0.981352,0.312500,0.000000
29,123,0.030303,0.033784,0.000000,0.171199,0.969697,0.839824,0.337500,0.000000
29,124,0.030303,0.033784,0.153446,0.268730,0.969697,0.702920,0.350000,0.030689
29,125,0.030303,0.033784,0.000000,0.000000,0.969697,1.000000,0.362500,0.000000
29,126,0.030303,0.033784,0.051593,0.080060,0.969697,0.909746,0.400000,0.005602
29,127,0.030303,0.033784,0.000000,0.151894,0.969697,0.857885,0.350000,0.000000
29,128,0.030303,0.033784,0.099584,0.143659,0.969697,0.835963,0.350000,0.019917
29,129,0.030303,0.033784,0.000000,0.180134,0.969697,0.831463,0.350000,0.000000
29,130,0.030303,0.033784,0.000000,0.000000,0.969697,1.000000,0.350000,0.000000
29,131,0.030303,0.033784,0.000000,0.134921,0.969697,0.873765,0.362500,0.000000
29,132,0.030303,0.033784,0.000000,0.092577,0.969697,0.913383,0.337500,0.000000
29,133,0.030303,0.033784,0.000000,0.257384,0.969697,0.759187,0.350000,0.000000
29,134,0.030303,0.033784,0.000000,0.000000,0.969697,1.000000,0.375000,0.000000
29,135,0.030303,0.033784,0.000000,0.167875,0.969697,0.842933,0.362500,0.000000
29,136,0.030303,0.033784,0.000000,0.159699,0.969697,0.850583,0.350000,0.000000
29,137,0.030303,0.033784,0.000000,0.111418,0.969697,0.895755,0.375000,0.000000
29,138,0.000000,0.027027,0.000000,0.000788,1.000000,0.999263,0.337500,0.000000
29,139,0.000000,0.027027,0.000000,0.000000,1.000000,1.000000,0.362500,0.000000
29,140,0.000000,0.027027,0.000000,0.000788,1.000000,0.999263,0.350000,0.000000
29,141,0.000000,0.027027,0.000000,0.000000,1.000000,1.000000,0.362500,0.000000
29,142,0.000000,0.027027,0.000000,0.143659,1.000000,0.865590,0.350000,0.000000
29,143,0.000000,0.027027,0.010402,0.000000,1.000000,0.996905,0.362500,0.001129
29,144,0.000000,0.027027,0.000000,0.060916,1.000000,0.943006,0.362500,0.000000
29,145,0.000000,0.027027,0.000000,0.060916,1.000000,0.943006,0.362500,0.000000
29,146,0.000000,0.027027,0.000000,0.143659,1.000000,0.865590,0.375000,0.000000
29,147,0.181818,0.067568,0.000000,0.052810,0.818182,0.950591,0.287500,0.000000
29,148,1.000000,0.250000,0.000000,0.100172,0.000000,0.906278,0.125000,0.000000
