iteration,vertex_id,degree,normalized_degree,dual,weighted_neighbor_dual,complement_degree,stable_set_occurrences,score_contribution
0,0,8,0.037915,0.000000,0.066962,203,212,0.000000
0,1,8,0.037915,0.019139,0.058202,203,116,0.016518
0,2,12,0.056872,0.000000,0.798872,199,147,0.000000
0,3,12,0.056872,0.034707,0.779733,199,89,0.579953
0,4,12,0.056872,0.000000,0.729374,199,183,0.000000
0,5,12,0.056872,0.000000,0.758374,199,148,0.000000
0,6,12,0.056872,0.000000,1.614856,199,128,0.000000
0,7,12,0.056872,0.000000,1.614856,199,110,0.000000
0,8,20,0.094787,0.416398,2.267965,191,61,0.909362
0,9,20,0.094787,0.462060,2.402431,191,66,0.398770
0,10,20,0.094787,0.521421,2.394589,191,69,0.450000
0,11,20,0.094787,0.481199,2.306702,191,56,0.415287
0,12,10,0.047393,0.000000,0.356869,201,167,0.000000
0,13,10,0.047393,0.000000,0.337730,201,100,0.000000
0,14,14,0.066351,0.000000,0.877773,197,114,0.000000
0,15,14,0.066351,0.000000,0.858634,197,79,0.000000
0,16,14,0.066351,0.000000,0.903345,197,144,0.000000
0,17,14,0.066351,0.000000,0.903345,197,114,0.000000
0,18,14,0.066351,0.000000,1.595074,197,122,0.000000
0,19,14,0.066351,0.000000,1.595074,197,105,0.000000
0,20,22,0.104265,0.199493,1.985158,189,78,0.722167
0,21,22,0.104265,0.142551,2.256335,189,69,0.123025
0,22,22,0.104265,0.048482,2.163801,189,77,0.041841
0,23,22,0.104265,0.183666,2.168506,189,75,0.158508
0,24,10,0.047393,0.000000,0.106242,201,125,0.000000
0,25,10,0.047393,0.000000,0.146305,201,103,0.000000
0,26,14,0.066351,0.005273,0.326091,197,100,0.554551
0,27,14,0.066351,0.000000,0.326091,197,84,0.000000
0,28,14,0.066351,0.000000,0.222178,197,116,0.000000
0,29,14,0.066351,0.000000,0.280863,197,105,0.000000
0,30,14,0.066351,0.000000,0.532884,197,125,0.000000
0,31,14,0.066351,0.000000,0.532884,197,115,0.000000
0,32,22,0.104265,0.085559,0.687800,189,84,0.623840
0,33,22,0.104265,0.000000,0.688884,189,81,0.000000
0,34,22,0.104265,0.000000,0.752734,189,84,0.000000
0,35,22,0.104265,0.000000,0.660142,189,90,0.000000
0,36,8,0.037915,0.000000,0.404742,203,193,0.000000
0,37,8,0.037915,0.000000,0.434427,203,189,0.000000
0,38,10,0.047393,0.000000,0.413586,201,180,0.000000
0,39,10,0.047393,0.000000,0.413586,201,184,0.000000
0,40,10,0.047393,0.000000,0.404742,201,188,0.000000
0,41,10,0.047393,0.000000,0.434427,201,176,0.000000
0,42,10,0.047393,0.000000,0.521696,201,185,0.000000
0,43,10,0.047393,0.000000,0.521696,201,189,0.000000
0,44,14,0.066351,0.000000,0.413586,197,170,0.000000
0,45,14,0.066351,0.000000,0.551381,197,166,0.000000
0,46,14,0.066351,0.000000,0.530540,197,172,0.000000
0,47,14,0.066351,0.000000,0.530540,197,170,0.000000
0,48,30,0.142180,0.021442,0.588950,181,64,0.568505
0,49,30,0.142180,0.289907,1.332099,181,54,0.250198
0,50,30,0.142180,0.106242,0.850132,181,102,0.091689
0,51,30,0.142180,0.171877,0.608090,181,63,0.148334
0,52,9,0.042654,0.000000,0.313885,202,176,0.000000
0,53,9,0.042654,0.000000,0.228894,202,114,0.000000
0,54,13,0.061611,0.018138,0.882645,198,134,0.565654
0,55,13,0.061611,0.013115,0.863506,198,91,0.561319
0,56,13,0.061611,0.000000,0.864649,198,151,0.000000
0,57,13,0.061611,0.000000,0.823943,198,132,0.000000
0,58,13,0.061611,0.000000,1.552182,198,135,0.000000
0,59,13,0.061611,0.000000,1.552182,198,126,0.000000
0,60,21,0.099526,0.210906,2.157802,190,79,0.732018
0,61,21,0.099526,0.097823,2.187937,190,77,0.084424
0,62,21,0.099526,0.044194,2.186794,190,89,0.038140
0,63,21,0.099526,0.079710,2.082597,190,86,0.068792
0,64,11,0.052133,0.000000,0.603793,200,147,0.000000
0,65,11,0.052133,0.000000,0.530465,200,96,0.000000
0,66,15,0.071090,0.040064,1.030002,196,105,0.584576
0,67,15,0.071090,0.000000,1.010863,196,85,0.000000
0,68,15,0.071090,0.000000,1.106075,196,135,0.000000
0,69,15,0.071090,0.000000,1.051886,196,119,0.000000
0,70,15,0.071090,0.018622,1.514671,196,118,0.016071
0,71,15,0.071090,-0.000000,1.514671,196,117,0.000000
0,72,23,0.109005,0.000000,2.018046,188,92,0.000000
0,73,23,0.109005,0.077299,2.113608,188,85,0.066711
0,74,23,0.109005,0.067454,2.006733,188,83,0.058215
0,75,23,0.109005,0.043484,2.042391,188,93,0.037528
0,76,11,0.052133,0.000000,0.335135,200,116,0.000000
0,77,11,0.052133,0.000000,0.335135,200,103,0.000000
0,78,15,0.071090,0.024412,0.477686,196,97,0.571068
0,79,15,0.071090,0.000000,0.477686,196,93,0.000000
0,80,15,0.071090,0.000000,0.383617,196,103,0.000000
0,81,15,0.071090,0.000000,0.408764,196,103,0.000000
0,82,15,0.071090,0.000000,0.752676,196,118,0.000000
0,83,15,0.071090,0.000000,0.752676,196,110,0.000000
0,84,23,0.109005,0.031395,0.769362,188,89,0.577095
0,85,23,0.109005,0.008844,0.801158,188,85,0.007632
0,86,23,0.109005,0.000000,0.895227,188,87,0.000000
0,87,23,0.109005,0.000000,0.750807,188,90,0.000000
0,88,9,0.042654,0.000000,0.427486,202,185,0.000000
0,89,9,0.042654,0.000000,0.439149,202,197,0.000000
0,90,11,0.052133,0.000000,0.427486,200,175,0.000000
0,91,11,0.052133,0.000000,0.427486,200,181,0.000000
0,92,11,0.052133,0.000000,0.427486,200,189,0.000000
0,93,11,0.052133,0.000000,0.439149,200,192,0.000000
0,94,11,0.052133,0.000000,0.517608,200,186,0.000000
0,95,11,0.052133,0.000000,0.517608,200,190,0.000000
0,96,15,0.071090,0.000000,0.432049,196,172,0.000000
0,97,15,0.071090,0.000000,0.529272,196,174,0.000000
0,98,15,0.071090,0.000000,0.517608,196,171,0.000000
0,99,15,0.071090,0.000000,0.513044,196,171,0.000000
0,100,31,0.146919,0.190499,0.796920,180,79,0.714405
0,101,31,0.146919,0.000000,1.167447,180,70,0.000000
0,102,31,0.146919,0.000000,0.819179,180,111,0.000000
0,103,31,0.146919,0.020925,0.651757,180,79,0.018058
0,104,9,0.042654,0.000000,0.013115,202,132,0.000000
0,105,9,0.042654,0.000000,0.058202,202,102,0.000000
0,106,13,0.061611,0.000000,0.175122,198,110,0.000000
0,107,13,0.061611,0.031145,0.175122,198,92,0.576879
0,108,13,0.061611,0.000000,0.124763,198,123,0.000000
0,109,13,0.061611,0.000000,0.188471,198,124,0.000000
0,110,13,0.061611,0.000000,0.334101,198,125,0.000000
0,111,13,0.061611,0.000000,0.334101,198,124,0.000000
0,112,21,0.099526,0.008151,0.428587,190,91,0.557035
0,113,21,0.099526,0.030002,0.517066,190,85,0.025892
0,114,21,0.099526,0.000000,0.509223,190,99,0.000000
0,115,21,0.099526,0.000000,0.516298,190,99,0.000000
0,116,11,0.052133,0.000000,0.013115,200,122,0.000000
0,117,11,0.052133,0.000000,0.042550,200,98,0.000000
0,118,15,0.071090,0.000000,0.106667,196,104,0.000000
0,119,15,0.071090,0.000000,0.106667,196,90,0.000000
0,120,15,0.071090,0.000000,0.057309,196,118,0.000000
0,121,15,0.071090,0.000000,0.086744,196,106,0.000000
0,122,15,0.071090,0.025146,0.322012,196,113,0.021702
0,123,15,0.071090,0.000000,0.322012,196,114,0.000000
0,124,23,0.109005,0.000000,0.230571,188,93,0.000000
0,125,23,0.109005,0.000000,0.421871,188,89,0.000000
0,126,23,0.109005,0.000000,0.428679,188,90,0.000000
0,127,23,0.109005,0.034382,0.393162,188,97,0.029673
0,128,11,0.052133,0.000000,0.000000,200,105,0.000000
0,129,11,0.052133,0.000000,0.040064,200,106,0.000000
0,130,15,0.071090,0.006391,0.077299,196,95,0.555515
0,131,15,0.071090,0.000000,0.077299,196,96,0.000000
0,132,15,0.071090,0.000000,0.067454,196,102,0.000000
0,133,15,0.071090,0.000000,0.126140,196,103,0.000000
0,134,15,0.071090,0.000000,0.043484,196,104,0.000000
0,135,15,0.071090,0.000000,0.043484,196,108,0.000000
0,136,23,0.109005,0.000000,0.206860,188,89,0.000000
0,137,23,0.109005,0.000000,0.151002,188,88,0.000000
0,138,23,0.109005,0.000000,0.120784,188,91,0.000000
0,139,23,0.109005,0.004564,0.163375,188,91,0.553939
0,140,9,0.042654,0.000000,0.211423,202,164,0.000000
0,141,9,0.042654,0.000000,0.235835,202,164,0.000000
0,142,11,0.052133,0.000000,0.220267,200,150,0.000000
0,143,11,0.052133,0.000000,0.220267,200,158,0.000000
0,144,11,0.052133,0.000000,0.211423,200,161,0.000000
0,145,11,0.052133,0.000000,0.235835,200,163,0.000000
0,146,11,0.052133,0.000000,0.242819,200,161,0.000000
0,147,11,0.052133,0.000000,0.242819,200,167,0.000000
0,148,15,0.071090,0.000000,0.220267,196,160,0.000000
0,149,15,0.071090,0.000000,0.267231,196,161,0.000000
0,150,15,0.071090,0.000000,0.251662,196,146,0.000000
0,151,15,0.071090,0.000000,0.251662,196,158,0.000000
0,152,31,0.146919,0.005273,0.020925,180,88,0.554551
0,153,31,0.146919,0.000000,0.458347,180,79,0.000000
0,154,31,0.146919,0.000000,0.276074,180,111,0.000000
0,155,31,0.146919,0.000000,0.190499,180,89,0.000000
0,156,6,0.028436,0.000000,0.071926,205,221,0.000000
0,157,6,0.028436,0.000000,0.040781,205,229,0.000000
0,158,8,0.037915,0.000000,0.070783,203,213,0.000000
0,159,8,0.037915,0.000000,0.070783,203,208,0.000000
0,160,8,0.037915,0.000000,0.071926,203,215,0.000000
0,161,8,0.037915,0.000000,0.065927,203,220,0.000000
0,162,8,0.037915,0.000000,0.083315,203,211,0.000000
0,163,8,0.037915,0.000000,0.083315,203,215,0.000000
0,164,12,0.056872,0.000000,0.130311,199,193,0.000000
0,165,12,0.056872,0.000000,0.114459,199,186,0.000000
0,166,12,0.056872,0.000000,0.113316,199,190,0.000000
0,167,12,0.056872,0.000000,0.104081,199,197,0.000000
0,168,7,0.033175,0.000000,0.071926,204,208,0.000000
0,169,7,0.033175,0.000000,0.047172,204,211,0.000000
0,170,9,0.042654,0.000000,0.070783,202,197,0.000000
0,171,9,0.042654,0.000000,0.070783,202,198,0.000000
0,172,9,0.042654,0.000000,0.071926,202,208,0.000000
0,173,9,0.042654,0.000000,0.047172,202,209,0.000000
0,174,9,0.042654,0.000000,0.053496,202,207,0.000000
0,175,9,0.042654,0.000000,0.053496,202,209,0.000000
0,176,13,0.061611,0.000000,0.075347,198,190,0.000000
0,177,13,0.061611,0.000000,0.091032,198,187,0.000000
0,178,13,0.061611,0.000000,0.083498,198,189,0.000000
0,179,13,0.061611,0.000000,0.078934,198,194,0.000000
0,180,7,0.033175,0.000000,0.040781,204,218,0.000000
0,181,7,0.033175,0.000000,0.040781,204,227,0.000000
0,182,9,0.042654,0.000000,0.040781,202,205,0.000000
0,183,9,0.042654,0.000000,0.040781,202,206,0.000000
0,184,9,0.042654,0.000000,0.040781,202,212,0.000000
0,185,9,0.042654,0.000000,0.065927,202,222,0.000000
0,186,9,0.042654,0.000000,0.075163,202,215,0.000000
0,187,9,0.042654,0.000000,0.075163,202,215,0.000000
0,188,13,0.061611,0.000000,0.100310,198,197,0.000000
0,189,13,0.061611,0.000000,0.075163,198,197,0.000000
0,190,13,0.061611,0.000000,0.075163,198,194,0.000000
0,191,13,0.061611,0.000000,0.065927,198,196,0.000000
0,192,6,0.028436,0.000000,0.046054,205,226,0.000000
0,193,6,0.028436,0.000000,0.052445,205,237,0.000000
0,194,7,0.033175,0.000000,0.046054,204,220,0.000000
0,195,7,0.033175,0.000000,0.046054,204,223,0.000000
0,196,7,0.033175,0.000000,0.046054,204,230,0.000000
0,197,7,0.033175,0.000000,0.052445,204,235,0.000000
0,198,7,0.033175,0.000000,0.050618,204,229,0.000000
0,199,7,0.033175,0.000000,0.050618,204,231,0.000000
0,200,9,0.042654,0.000000,0.050618,202,219,0.000000
0,201,9,0.042654,0.000000,0.057009,202,221,0.000000
0,202,9,0.042654,0.000000,0.050618,202,217,0.000000
0,203,9,0.042654,0.000000,0.046054,202,222,0.000000
0,204,17,0.080569,0.000000,0.040781,194,174,0.000000
0,205,17,0.080569,0.000000,0.105582,194,170,0.000000
0,206,17,0.080569,0.000000,0.057009,194,182,0.000000
0,207,17,0.080569,0.000000,0.046054,194,173,0.000000
0,208,55,0.260664,0.027666,0.242009,156,64,0.573876
0,209,55,0.260664,0.228894,1.027666,156,61,0.197541
0,210,55,0.260664,-0.000000,0.414729,156,100,0.000000
0,211,55,0.260664,0.013115,0.256560,156,61,0.011319
1,0,8,0.037915,0.000000,0.000000,203,212,0.000000
1,1,8,0.037915,0.000000,0.000000,203,116,0.000000
1,2,12,0.056872,0.000000,0.733749,199,147,0.000000
1,3,12,0.056872,0.000000,0.733749,199,90,0.000000
1,4,12,0.056872,0.000000,0.791630,199,183,0.000000
1,5,12,0.056872,0.000000,0.791630,199,148,0.000000
1,6,12,0.056872,0.000000,1.680321,199,128,0.000000
1,7,12,0.056872,0.000000,1.680321,199,110,0.000000
1,8,20,0.094787,0.445236,2.334817,191,62,0.959836
1,9,20,0.094787,0.488869,2.471950,191,66,0.450000
1,10,20,0.094787,0.477293,2.414069,191,69,0.439344
1,11,20,0.094787,0.488869,2.396260,191,56,0.450000
1,12,10,0.047393,0.000000,0.316118,201,167,0.000000
1,13,10,0.047393,0.000000,0.294746,201,100,0.000000
1,14,14,0.066351,0.000000,0.924310,197,114,0.000000
1,15,14,0.066351,0.000000,0.924310,197,79,0.000000
1,16,14,0.066351,0.000000,0.942119,197,144,0.000000
1,17,14,0.066351,0.000000,0.920748,197,114,0.000000
1,18,14,0.066351,0.000000,1.551202,197,122,0.000000
1,19,14,0.066351,0.000000,1.551202,197,105,0.000000
1,20,22,0.104265,0.164737,2.158504,189,79,0.701639
1,21,22,0.104265,0.125557,2.198575,189,69,0.115574
1,22,22,0.104265,0.137133,2.180766,189,77,0.126230
1,23,22,0.104265,0.165628,2.198575,189,75,0.152459
1,24,10,0.047393,0.000000,0.129118,201,125,0.000000
1,25,10,0.047393,0.000000,0.129118,201,103,0.000000
1,26,14,0.066351,0.000000,0.312556,197,101,0.000000
1,27,14,0.066351,0.000000,0.312556,197,84,0.000000
1,28,14,0.066351,0.000000,0.294746,197,116,0.000000
1,29,14,0.066351,0.000000,0.294746,197,105,0.000000
1,30,14,0.066351,0.000000,0.607302,197,125,0.000000
1,31,14,0.066351,0.000000,0.607302,197,115,0.000000
1,32,22,0.104265,0.050757,0.682992,189,85,0.596721
1,33,22,0.104265,0.000000,0.772930,189,81,0.000000
1,34,22,0.104265,0.000000,0.790739,189,84,0.000000
1,35,22,0.104265,0.003562,0.751558,189,90,0.003279
1,36,8,0.037915,0.000000,0.395370,203,193,0.000000
1,37,8,0.037915,0.000000,0.373998,203,189,0.000000
1,38,10,0.047393,0.000000,0.453250,201,180,0.000000
1,39,10,0.047393,0.000000,0.453250,201,184,0.000000
1,40,10,0.047393,0.000000,0.395370,201,188,0.000000
1,41,10,0.047393,0.000000,0.373998,201,176,0.000000
1,42,10,0.047393,0.000000,0.428317,201,185,0.000000
1,43,10,0.047393,0.000000,0.428317,201,189,0.000000
1,44,14,0.066351,0.000000,0.456812,197,170,0.000000
1,45,14,0.066351,0.000000,0.449688,197,166,0.000000
1,46,14,0.066351,0.000000,0.507569,197,172,0.000000
1,47,14,0.066351,0.000000,0.504007,197,170,0.000000
1,48,30,0.142180,0.000000,0.610864,181,65,0.000000
1,49,30,0.142180,0.294746,1.330365,181,54,0.271311
1,50,30,0.142180,0.129118,0.823687,181,102,0.118852
1,51,30,0.142180,0.186999,0.610864,181,63,0.722131
1,52,9,0.042654,0.000000,0.216385,202,176,0.000000
1,53,9,0.042654,0.000000,0.216385,202,114,0.000000
1,54,13,0.061611,0.000000,0.910062,198,135,0.000000
1,55,13,0.061611,0.000000,0.910062,198,92,0.000000
1,56,13,0.061611,0.000000,0.830810,198,151,0.000000
1,57,13,0.061611,0.000000,0.830810,198,132,0.000000
1,58,13,0.061611,0.000000,1.542297,198,135,0.000000
1,59,13,0.061611,0.000000,1.542297,198,126,0.000000
1,60,21,0.099526,0.152271,2.240427,190,80,0.140164
1,61,21,0.099526,0.061443,2.156723,190,77,0.056557
1,62,21,0.099526,0.148709,2.235975,190,89,0.136885
1,63,21,0.099526,0.115761,2.134461,190,86,0.106557
1,64,11,0.052133,0.000000,0.511131,200,147,0.000000
1,65,11,0.052133,0.000000,0.511131,200,96,0.000000
1,66,15,0.071090,0.000000,1.079252,196,106,0.000000
1,67,15,0.071090,0.000000,1.079252,196,85,0.000000
1,68,15,0.071090,0.000000,0.988424,196,135,0.000000
1,69,15,0.071090,0.000000,0.988424,196,119,0.000000
1,70,15,0.071090,0.000000,1.545859,196,118,0.000000
1,71,15,0.071090,0.000000,1.545859,196,117,0.000000
1,72,23,0.109005,0.108638,2.066785,188,92,0.100000
1,73,23,0.109005,0.057881,2.023152,188,85,0.053279
1,74,23,0.109005,0.028495,2.113980,188,83,0.026230
1,75,23,0.109005,0.039181,2.081033,188,93,0.036066
1,76,11,0.052133,0.000000,0.345503,200,116,0.000000
1,77,11,0.052133,0.000000,0.345503,200,103,0.000000
1,78,15,0.071090,0.000000,0.471060,196,98,0.000000
1,79,15,0.071090,0.021371,0.471060,196,93,0.019672
1,80,15,0.071090,0.000000,0.482636,196,103,0.000000
1,81,15,0.071090,0.000000,0.482636,196,103,0.000000
1,82,15,0.071090,0.000000,0.719501,196,118,0.000000
1,83,15,0.071090,0.000000,0.719501,196,110,0.000000
1,84,23,0.109005,0.000000,0.817453,188,90,0.000000
1,85,23,0.109005,0.079252,0.856634,188,85,0.072951
1,86,23,0.109005,0.000000,0.845058,188,87,0.000000
1,87,23,0.109005,0.000000,0.772930,188,90,0.000000
1,88,9,0.042654,0.000000,0.403384,202,185,0.000000
1,89,9,0.042654,0.000000,0.403384,202,197,0.000000
1,90,11,0.052133,0.000000,0.403384,200,175,0.000000
1,91,11,0.052133,0.000000,0.403384,200,181,0.000000
1,92,11,0.052133,0.000000,0.403384,200,189,0.000000
1,93,11,0.052133,0.000000,0.403384,200,192,0.000000
1,94,11,0.052133,0.000000,0.486198,200,186,0.000000
1,95,11,0.052133,0.000000,0.486198,200,190,0.000000
1,96,15,0.071090,0.000000,0.406946,196,172,0.000000
1,97,15,0.071090,0.000000,0.486198,196,174,0.000000
1,98,15,0.071090,0.000000,0.486198,196,171,0.000000
1,99,15,0.071090,0.000000,0.482636,196,171,0.000000
1,100,31,0.146919,0.186999,0.827248,180,80,0.172131
1,101,31,0.146919,0.000000,1.169190,180,70,0.000000
1,102,31,0.146919,0.000000,0.780944,180,111,0.000000
1,103,31,0.146919,0.000000,0.640249,180,79,0.000000
1,104,9,0.042654,0.000000,0.000000,202,132,0.000000
1,105,9,0.042654,0.000000,0.000000,202,102,0.000000
1,106,13,0.061611,0.000000,0.119323,198,110,0.000000
1,107,13,0.061611,0.000000,0.119323,198,93,0.000000
1,108,13,0.061611,0.000000,0.177204,198,123,0.000000
1,109,13,0.061611,0.000000,0.177204,198,124,0.000000
1,110,13,0.061611,0.000000,0.415850,198,125,0.000000
1,111,13,0.061611,0.000000,0.415850,198,124,0.000000
1,112,21,0.099526,0.000000,0.451469,190,92,0.000000
1,113,21,0.099526,0.079252,0.593054,190,85,0.622951
1,114,21,0.099526,0.000000,0.535174,190,99,0.000000
1,115,21,0.099526,0.017809,0.557435,190,99,0.566393
1,116,11,0.052133,0.000000,0.021371,200,122,0.000000
1,117,11,0.052133,0.000000,0.000000,200,98,0.000000
1,118,15,0.071090,0.000000,0.140695,196,104,0.000000
1,119,15,0.071090,0.000000,0.140695,196,90,0.000000
1,120,15,0.071090,0.000000,0.170080,196,118,0.000000
1,121,15,0.071090,0.000000,0.148709,196,106,0.000000
1,122,15,0.071090,0.000000,0.268032,196,113,0.000000
1,123,15,0.071090,0.000000,0.268032,196,114,0.000000
1,124,23,0.109005,0.000000,0.405165,188,93,0.000000
1,125,23,0.109005,0.000000,0.438112,188,89,0.000000
1,126,23,0.109005,0.000000,0.408727,188,90,0.000000
1,127,23,0.109005,0.043633,0.441674,188,97,0.590164
1,128,11,0.052133,0.000000,0.000000,200,105,0.000000
1,129,11,0.052133,0.000000,0.000000,200,106,0.000000
1,130,15,0.071090,0.000000,0.057881,196,96,0.000000
1,131,15,0.071090,0.000000,0.057881,196,96,0.000000
1,132,15,0.071090,0.000000,0.028495,196,102,0.000000
1,133,15,0.071090,0.000000,0.028495,196,103,0.000000
1,134,15,0.071090,0.000000,0.147818,196,104,0.000000
1,135,15,0.071090,0.000000,0.147818,196,108,0.000000
1,136,23,0.109005,0.028495,0.125557,188,89,0.576230
1,137,23,0.109005,0.000000,0.176313,188,88,0.000000
1,138,23,0.109005,0.000000,0.205699,188,91,0.000000
1,139,23,0.109005,0.000000,0.195013,188,92,0.000000
1,140,9,0.042654,0.000000,0.208370,202,164,0.000000
1,141,9,0.042654,0.000000,0.186999,202,164,0.000000
1,142,11,0.052133,0.000000,0.266251,200,150,0.000000
1,143,11,0.052133,0.000000,0.266251,200,158,0.000000
1,144,11,0.052133,0.000000,0.208370,200,161,0.000000
1,145,11,0.052133,0.000000,0.186999,200,163,0.000000
1,146,11,0.052133,0.000000,0.186999,200,161,0.000000
1,147,11,0.052133,0.000000,0.186999,200,167,0.000000
1,148,15,0.071090,0.000000,0.266251,196,160,0.000000
1,149,15,0.071090,0.000000,0.208370,196,161,0.000000
1,150,15,0.071090,0.000000,0.266251,196,146,0.000000
1,151,15,0.071090,0.000000,0.266251,196,158,0.000000
1,152,31,0.146919,0.000000,0.000000,180,89,0.000000
1,153,31,0.146919,0.000000,0.421193,180,79,0.000000
1,154,31,0.146919,0.000000,0.287622,180,111,0.000000
1,155,31,0.146919,0.000000,0.186999,180,89,0.000000
1,156,6,0.028436,0.000000,0.000000,205,221,0.000000
1,157,6,0.028436,0.000000,0.000000,205,229,0.000000
1,158,8,0.037915,0.000000,0.079252,203,213,0.000000
1,159,8,0.037915,0.000000,0.079252,203,208,0.000000
1,160,8,0.037915,0.000000,0.000000,203,215,0.000000
1,161,8,0.037915,0.000000,0.000000,203,220,0.000000
1,162,8,0.037915,0.000000,0.061443,203,211,0.000000
1,163,8,0.037915,0.000000,0.061443,203,215,0.000000
1,164,12,0.056872,0.000000,0.140695,199,193,0.000000
1,165,12,0.056872,0.000000,0.061443,199,186,0.000000
1,166,12,0.056872,0.000000,0.140695,199,190,0.000000
1,167,12,0.056872,0.000000,0.079252,199,197,0.000000
1,168,7,0.033175,0.000000,0.000000,204,208,0.000000
1,169,7,0.033175,0.000000,0.000000,204,211,0.000000
1,170,9,0.042654,0.000000,0.079252,202,197,0.000000
1,171,9,0.042654,0.000000,0.079252,202,198,0.000000
1,172,9,0.042654,0.000000,0.000000,202,208,0.000000
1,173,9,0.042654,0.000000,0.000000,202,209,0.000000
1,174,9,0.042654,0.000000,0.046305,202,207,0.000000
1,175,9,0.042654,0.000000,0.046305,202,209,0.000000
1,176,13,0.061611,0.000000,0.097061,198,190,0.000000
1,177,13,0.061611,0.000000,0.046305,198,187,0.000000
1,178,13,0.061611,0.000000,0.125557,198,189,0.000000
1,179,13,0.061611,0.000000,0.107747,198,194,0.000000
1,180,7,0.033175,0.000000,0.000000,204,218,0.000000
1,181,7,0.033175,0.000000,0.000000,204,227,0.000000
1,182,9,0.042654,0.000000,0.000000,202,205,0.000000
1,183,9,0.042654,0.000000,0.000000,202,206,0.000000
1,184,9,0.042654,0.000000,0.000000,202,212,0.000000
1,185,9,0.042654,0.000000,0.000000,202,222,0.000000
1,186,9,0.042654,0.000000,0.043633,202,215,0.000000
1,187,9,0.042654,0.000000,0.043633,202,215,0.000000
1,188,13,0.061611,0.000000,0.043633,198,197,0.000000
1,189,13,0.061611,0.000000,0.043633,198,197,0.000000
1,190,13,0.061611,0.000000,0.043633,198,194,0.000000
1,191,13,0.061611,0.000000,0.000000,198,196,0.000000
1,192,6,0.028436,0.000000,0.000000,205,226,0.000000
1,193,6,0.028436,0.000000,0.000000,205,237,0.000000
1,194,7,0.033175,0.000000,0.000000,204,220,0.000000
1,195,7,0.033175,0.000000,0.000000,204,223,0.000000
1,196,7,0.033175,0.000000,0.000000,204,230,0.000000
1,197,7,0.033175,0.000000,0.000000,204,235,0.000000
1,198,7,0.033175,0.000000,0.028495,204,229,0.000000
1,199,7,0.033175,0.000000,0.028495,204,231,0.000000
1,200,9,0.042654,0.000000,0.000000,202,219,0.000000
1,201,9,0.042654,0.000000,0.028495,202,221,0.000000
1,202,9,0.042654,0.000000,0.028495,202,217,0.000000
1,203,9,0.042654,0.000000,0.028495,202,222,0.000000
1,204,17,0.080569,0.000000,0.000000,194,174,0.000000
1,205,17,0.080569,0.000000,0.043633,194,170,0.000000
1,206,17,0.080569,0.000000,0.028495,194,182,0.000000
1,207,17,0.080569,0.000000,0.000000,194,173,0.000000
1,208,55,0.260664,0.000000,0.216385,156,65,0.000000
1,209,55,0.260664,0.216385,1.000000,156,61,0.749180
1,210,55,0.260664,0.000000,0.385574,156,100,0.000000
1,211,55,0.260664,0.000000,0.216385,156,61,0.000000
2,0,8,0.037915,0.000000,0.024571,203,212,0.000000
2,1,8,0.037915,0.008938,0.024571,203,116,0.557508
2,2,12,0.056872,0.000000,0.780767,199,147,0.000000
2,3,12,0.056872,0.000000,0.771829,199,90,0.000000
2,4,12,0.056872,0.000000,0.772284,199,183,0.000000
2,5,12,0.056872,0.000000,0.801824,199,148,0.000000
2,6,12,0.056872,0.000000,1.685996,199,128,0.000000
2,7,12,0.056872,0.000000,1.685996,199,110,0.000000
2,8,20,0.094787,0.469157,2.373053,191,63,0.394109
2,9,20,0.094787,0.496152,2.482852,191,66,0.416786
2,10,20,0.094787,0.535690,2.457826,191,69,1.000000
2,11,20,0.094787,0.505090,2.411107,191,56,0.424294
2,12,10,0.047393,0.000000,0.318306,201,167,0.000000
2,13,10,0.047393,0.000000,0.325002,201,100,0.000000
2,14,14,0.066351,0.000000,0.910259,197,114,0.000000
2,15,14,0.066351,0.000000,0.901321,197,79,0.000000
2,16,14,0.066351,0.000000,0.929892,197,144,0.000000
2,17,14,0.066351,0.000000,0.945525,197,114,0.000000
2,18,14,0.066351,0.000000,1.634612,197,122,0.000000
2,19,14,0.066351,0.000000,1.634612,197,105,0.000000
2,20,22,0.104265,0.037781,2.138399,189,80,0.031737
2,21,22,0.104265,0.171696,2.283797,189,69,0.144231
2,22,22,0.104265,0.136127,2.233079,189,77,0.114352
2,23,22,0.104265,0.189450,2.237048,189,75,0.159145
2,24,10,0.047393,0.000000,0.129037,201,125,0.000000
2,25,10,0.047393,0.000000,0.137975,201,103,0.000000
2,26,14,0.066351,0.006605,0.327244,197,101,0.555548
2,27,14,0.066351,0.000000,0.327244,197,84,0.000000
2,28,14,0.066351,0.000000,0.265164,197,116,0.000000
2,29,14,0.066351,0.000000,0.294704,197,105,0.000000
2,30,14,0.066351,0.000000,0.544265,197,125,0.000000
2,31,14,0.066351,0.000000,0.544265,197,115,0.000000
2,32,22,0.104265,0.076622,0.691389,189,86,0.614366
2,33,22,0.104265,0.003969,0.720596,189,81,0.553334
2,34,22,0.104265,0.000000,0.758105,189,84,0.000000
2,35,22,0.104265,0.000000,0.707417,189,90,0.000000
2,36,8,0.037915,0.000000,0.349633,203,193,0.000000
2,37,8,0.037915,0.000000,0.365267,203,189,0.000000
2,38,10,0.047393,0.000000,0.383597,201,180,0.000000
2,39,10,0.047393,0.000000,0.383597,201,184,0.000000
2,40,10,0.047393,0.000000,0.349633,201,188,0.000000
2,41,10,0.047393,0.000000,0.365267,201,176,0.000000
2,42,10,0.047393,0.000000,0.419742,201,185,0.000000
2,43,10,0.047393,0.000000,0.419742,201,189,0.000000
2,44,14,0.066351,0.000000,0.383597,197,170,0.000000
2,45,14,0.066351,0.000000,0.448403,197,166,0.000000
2,46,14,0.066351,0.000000,0.460219,197,172,0.000000
2,47,14,0.066351,0.000000,0.460219,197,170,0.000000
2,48,30,0.142180,0.002515,0.583348,181,65,0.002112
2,49,30,0.142180,0.302854,1.298158,181,54,0.804409
2,50,30,0.142180,0.113404,0.791735,181,102,0.095263
2,51,30,0.142180,0.148943,0.592286,181,64,0.125117
2,52,9,0.042654,0.000000,0.200994,202,176,0.000000
2,53,9,0.042654,0.000000,0.192056,202,114,0.000000
2,54,13,0.061611,0.000000,0.921863,198,135,0.000000
2,55,13,0.061611,0.000000,0.912925,198,92,0.000000
2,56,13,0.061611,0.000000,0.863873,198,151,0.000000
2,57,13,0.061611,0.000000,0.863873,198,132,0.000000
2,58,13,0.061611,0.000000,1.440526,198,135,0.000000
2,59,13,0.061611,0.000000,1.440526,198,126,0.000000
2,60,21,0.099526,0.169424,2.301703,190,80,0.142322
2,61,21,0.099526,0.061837,2.112343,190,77,0.051946
2,62,21,0.099526,0.084833,2.161395,190,89,0.071263
2,63,21,0.099526,0.111465,2.116252,190,86,0.093634
2,64,11,0.052133,0.000000,0.503848,200,147,0.000000
2,65,11,0.052133,0.000000,0.501515,200,96,0.000000
2,66,15,0.071090,0.024571,1.056990,196,106,0.020641
2,67,15,0.071090,0.015634,1.048052,196,85,0.013133
2,68,15,0.071090,0.000000,1.030600,196,135,0.000000
2,69,15,0.071090,0.000000,1.064200,196,119,0.000000
2,70,15,0.071090,0.020602,1.563443,196,118,0.017307
2,71,15,0.071090,0.000000,1.563443,196,117,0.000000
2,72,23,0.109005,0.185663,2.115827,188,92,0.155964
2,73,23,0.109005,0.042144,2.105738,188,85,0.035402
2,74,23,0.109005,0.000000,2.116585,188,83,0.000000
2,75,23,0.109005,0.017966,2.174180,188,93,0.015092
2,76,11,0.052133,0.000000,0.305460,200,116,0.000000
2,77,11,0.052133,0.000000,0.305460,200,103,0.000000
2,78,15,0.071090,0.015543,0.477156,196,98,0.013056
2,79,15,0.071090,0.006514,0.477156,196,93,0.005472
2,80,15,0.071090,0.000000,0.441586,196,103,0.000000
2,81,15,0.071090,0.000000,0.441586,196,103,0.000000
2,82,15,0.071090,0.000000,0.562019,196,118,0.000000
2,83,15,0.071090,0.000000,0.562019,196,110,0.000000
2,84,23,0.109005,0.000000,0.825153,188,90,0.000000
2,85,23,0.109005,0.036509,0.698146,188,85,0.030669
2,86,23,0.109005,0.000000,0.733715,188,87,0.000000
2,87,23,0.109005,0.000000,0.657971,188,90,0.000000
2,88,9,0.042654,0.000000,0.350118,202,185,0.000000
2,89,9,0.042654,0.000000,0.356723,202,197,0.000000
2,90,11,0.052133,0.000000,0.354087,200,175,0.000000
2,91,11,0.052133,0.000000,0.354087,200,181,0.000000
2,92,11,0.052133,0.000000,0.350118,200,189,0.000000
2,93,11,0.052133,0.000000,0.383718,200,192,0.000000
2,94,11,0.052133,0.000000,0.426741,200,186,0.000000
2,95,11,0.052133,0.000000,0.426741,200,190,0.000000
2,96,15,0.071090,0.000000,0.381082,196,172,0.000000
2,97,15,0.071090,0.000000,0.433345,196,174,0.000000
2,98,15,0.071090,0.000000,0.430710,196,171,0.000000
2,99,15,0.071090,0.000000,0.457705,196,171,0.000000
2,100,31,0.146919,0.173514,0.757256,180,80,0.145758
2,101,31,0.146919,0.000000,1.027904,180,70,0.000000
2,102,31,0.146919,0.000000,0.767164,180,111,0.000000
2,103,31,0.146919,0.018148,0.617433,180,79,0.015245
2,104,9,0.042654,0.000000,0.015634,202,132,0.000000
2,105,9,0.042654,0.000000,0.024571,202,102,0.000000
2,106,13,0.061611,0.000000,0.103981,198,110,0.000000
2,107,13,0.061611,0.000000,0.103981,198,93,0.000000
2,108,13,0.061611,0.000000,0.100467,198,123,0.000000
2,109,13,0.061611,0.000000,0.130007,198,124,0.000000
2,110,13,0.061611,0.000000,0.484518,198,125,0.000000
2,111,13,0.061611,0.000000,0.484518,198,124,0.000000
2,112,21,0.099526,0.017663,0.338847,190,92,0.564838
2,113,21,0.099526,0.053021,0.609556,190,86,0.594539
2,114,21,0.099526,0.000000,0.588499,190,99,0.000000
2,115,21,0.099526,0.000000,0.564503,190,100,0.000000
2,116,11,0.052133,0.000000,0.006514,200,122,0.000000
2,117,11,0.052133,0.000000,0.015543,200,98,0.000000
2,118,15,0.071090,0.000000,0.098346,196,104,0.000000
2,119,15,0.071090,0.000000,0.098346,196,90,0.000000
2,120,15,0.071090,0.000000,0.091347,196,118,0.000000
2,121,15,0.071090,0.000000,0.100376,196,106,0.000000
2,122,15,0.071090,0.000000,0.280888,196,113,0.000000
2,123,15,0.071090,0.000000,0.280888,196,114,0.000000
2,124,23,0.109005,0.006908,0.294643,188,93,0.555803
2,125,23,0.109005,0.000000,0.387778,188,89,0.000000
2,126,23,0.109005,0.000000,0.379234,188,90,0.000000
2,127,23,0.109005,0.022420,0.352603,188,98,0.568834
2,128,11,0.052133,0.000000,0.015634,200,105,0.000000
2,129,11,0.052133,0.000000,0.024571,200,106,0.000000
2,130,15,0.071090,0.000000,0.042144,196,96,0.000000
2,131,15,0.071090,0.000000,0.042144,196,96,0.000000
2,132,15,0.071090,0.000000,0.015634,196,102,0.000000
2,133,15,0.071090,0.000000,0.045174,196,103,0.000000
2,134,15,0.071090,0.026995,0.203630,196,104,0.572677
2,135,15,0.071090,0.000000,0.203630,196,108,0.000000
2,136,23,0.109005,0.000000,0.080713,188,90,0.000000
2,137,23,0.109005,0.000000,0.243834,188,88,0.000000
2,138,23,0.109005,0.000000,0.245773,188,91,0.000000
2,139,23,0.109005,0.000000,0.248409,188,92,0.000000
2,140,9,0.042654,0.000000,0.198176,202,164,0.000000
2,141,9,0.042654,0.000000,0.207205,202,164,0.000000
2,142,11,0.052133,0.000000,0.228171,200,150,0.000000
2,143,11,0.052133,0.000000,0.228171,200,158,0.000000
2,144,11,0.052133,0.000000,0.198176,200,161,0.000000
2,145,11,0.052133,0.000000,0.207205,200,163,0.000000
2,146,11,0.052133,0.000000,0.191662,200,161,0.000000
2,147,11,0.052133,0.000000,0.191662,200,167,0.000000
2,148,15,0.071090,0.000000,0.228171,196,160,0.000000
2,149,15,0.071090,0.000000,0.213719,196,161,0.000000
2,150,15,0.071090,0.000000,0.228171,196,146,0.000000
2,151,15,0.071090,0.000000,0.228171,196,158,0.000000
2,152,31,0.146919,0.006605,0.018148,180,89,0.555548
2,153,31,0.146919,0.000000,0.498243,180,79,0.000000
2,154,31,0.146919,0.000000,0.250227,180,111,0.000000
2,155,31,0.146919,0.000000,0.173514,180,89,0.000000
2,156,6,0.028436,0.000000,0.015634,205,221,0.000000
2,157,6,0.028436,0.000000,0.015634,205,229,0.000000
2,158,8,0.037915,0.000000,0.068654,203,213,0.000000
2,159,8,0.037915,0.000000,0.068654,203,208,0.000000
2,160,8,0.037915,0.000000,0.015634,203,215,0.000000
2,161,8,0.037915,0.000000,0.015634,203,220,0.000000
2,162,8,0.037915,0.000000,0.062625,203,211,0.000000
2,163,8,0.037915,0.000000,0.062625,203,215,0.000000
2,164,12,0.056872,0.000000,0.091074,199,193,0.000000
2,165,12,0.056872,0.000000,0.062625,199,186,0.000000
2,166,12,0.056872,0.000000,0.115646,199,190,0.000000
2,167,12,0.056872,0.000000,0.093225,199,197,0.000000
2,168,7,0.033175,0.000000,0.015634,204,208,0.000000
2,169,7,0.033175,0.000000,0.015634,204,211,0.000000
2,170,9,0.042654,0.000000,0.068654,202,197,0.000000
2,171,9,0.042654,0.000000,0.068654,202,198,0.000000
2,172,9,0.042654,0.000000,0.015634,202,208,0.000000
2,173,9,0.042654,0.000000,0.042629,202,209,0.000000
2,174,9,0.042654,0.000000,0.033297,202,207,0.000000
2,175,9,0.042654,0.000000,0.033297,202,209,0.000000
2,176,13,0.061611,0.000000,0.095649,198,190,0.000000
2,177,13,0.061611,0.000000,0.033297,198,187,0.000000
2,178,13,0.061611,0.000000,0.086318,198,189,0.000000
2,179,13,0.061611,0.000000,0.113313,198,194,0.000000
2,180,7,0.033175,0.000000,0.015634,204,218,0.000000
2,181,7,0.033175,0.000000,0.015634,204,227,0.000000
2,182,9,0.042654,0.000000,0.015634,202,205,0.000000
2,183,9,0.042654,0.000000,0.015634,202,206,0.000000
2,184,9,0.042654,0.000000,0.015634,202,212,0.000000
2,185,9,0.042654,0.000000,0.015634,202,222,0.000000
2,186,9,0.042654,0.000000,0.044962,202,215,0.000000
2,187,9,0.042654,0.000000,0.044962,202,215,0.000000
2,188,13,0.061611,0.000000,0.038054,198,197,0.000000
2,189,13,0.061611,0.000000,0.044962,198,197,0.000000
2,190,13,0.061611,0.000000,0.044962,198,194,0.000000
2,191,13,0.061611,0.000000,0.022541,198,196,0.000000
2,192,6,0.028436,0.000000,0.022238,205,226,0.000000
2,193,6,0.028436,0.000000,0.022238,205,237,0.000000
2,194,7,0.033175,0.000000,0.022238,204,220,0.000000
2,195,7,0.033175,0.000000,0.022238,204,223,0.000000
2,196,7,0.033175,0.000000,0.022238,204,230,0.000000
2,197,7,0.033175,0.000000,0.049233,204,235,0.000000
2,198,7,0.033175,0.000000,0.022238,204,229,0.000000
2,199,7,0.033175,0.000000,0.022238,204,231,0.000000
2,200,9,0.042654,0.000000,0.049233,202,219,0.000000
2,201,9,0.042654,0.000000,0.022238,202,221,0.000000
2,202,9,0.042654,0.000000,0.022238,202,217,0.000000
2,203,9,0.042654,0.000000,0.049233,202,222,0.000000
2,204,17,0.080569,0.000000,0.015634,194,174,0.000000
2,205,17,0.080569,0.000000,0.051566,194,170,0.000000
2,206,17,0.080569,0.000000,0.049233,194,182,0.000000
2,207,17,0.080569,0.000000,0.022238,194,173,0.000000
2,208,55,0.260664,0.000000,0.207690,156,65,0.000000
2,209,55,0.260664,0.192056,1.000000,156,62,0.711334
2,210,55,0.260664,0.000000,0.341302,156,100,0.000000
2,211,55,0.260664,0.015634,0.192056,156,61,0.013133
3,0,8,0.037915,0.000000,0.030551,203,212,0.000000
3,1,8,0.037915,0.005984,0.005984,203,117,0.554435
3,2,12,0.056872,0.000000,0.927874,199,147,0.000000
3,3,12,0.056872,0.000000,0.921890,199,90,0.000000
3,4,12,0.056872,0.000000,0.939213,199,183,0.000000
3,5,12,0.056872,0.000000,0.920630,199,148,0.000000
3,6,12,0.056872,0.000000,1.908661,199,128,0.000000
3,7,12,0.056872,0.000000,1.908661,199,110,0.000000
3,8,20,0.094787,0.595276,2.788346,191,63,0.991131
3,9,20,0.094787,0.533543,2.853858,191,66,0.395384
3,10,20,0.094787,0.485984,2.830551,191,70,0.360140
3,11,20,0.094787,0.607244,2.793386,191,56,0.450000
3,12,10,0.047393,0.000000,0.200315,201,167,0.000000
3,13,10,0.047393,0.000000,0.218898,201,100,0.000000
3,14,14,0.066351,0.000000,0.890709,197,114,0.000000
3,15,14,0.066351,0.024567,0.884724,197,79,0.568205
3,16,14,0.066351,0.000000,0.909921,197,144,0.000000
3,17,14,0.066351,0.000000,0.934488,197,114,0.000000
3,18,14,0.066351,0.000000,1.751181,197,122,0.000000
3,19,14,0.066351,0.000000,1.751181,197,105,0.000000
3,20,22,0.104265,0.048819,2.309291,189,80,0.586177
3,21,22,0.104265,0.201260,2.491339,189,69,0.149144
3,22,22,0.104265,0.211654,2.441575,189,77,0.156846
3,23,22,0.104265,0.181732,2.448189,189,75,0.134673
3,24,10,0.047393,0.000000,0.037165,201,125,0.000000
3,25,10,0.047393,0.000000,0.012598,201,103,0.000000
3,26,14,0.066351,0.000000,0.274016,197,102,0.000000
3,27,14,0.066351,0.000000,0.274016,197,84,0.000000
3,28,14,0.066351,0.000000,0.248819,197,116,0.000000
3,29,14,0.066351,0.000000,0.224252,197,105,0.000000
3,30,14,0.066351,0.000000,0.461102,197,125,0.000000
3,31,14,0.066351,0.000000,0.461102,197,115,0.000000
3,32,22,0.104265,0.096693,0.728504,189,87,0.621655
3,33,22,0.104265,0.000000,0.697323,189,82,0.000000
3,34,22,0.104265,0.012598,0.722520,189,84,0.009336
3,35,22,0.104265,0.000000,0.691339,189,90,0.000000
3,36,8,0.037915,0.000000,0.090394,203,193,0.000000
3,37,8,0.037915,0.000000,0.108976,203,189,0.000000
3,38,10,0.047393,0.000000,0.120315,201,180,0.000000
3,39,10,0.047393,0.000000,0.120315,201,184,0.000000
3,40,10,0.047393,0.000000,0.102992,201,188,0.000000
3,41,10,0.047393,0.000000,0.121575,201,176,0.000000
3,42,10,0.047393,0.000000,0.187087,201,185,0.000000
3,43,10,0.047393,0.000000,0.187087,201,189,0.000000
3,44,14,0.066351,0.000000,0.132913,197,170,0.000000
3,45,14,0.066351,0.000000,0.218268,197,166,0.000000
3,46,14,0.066351,0.000000,0.217008,197,172,0.000000
3,47,14,0.066351,0.000000,0.229606,197,170,0.000000
3,48,30,0.142180,0.000000,0.249134,181,65,0.000000
3,49,30,0.142180,0.194331,1.049134,181,55,0.144009
3,50,30,0.142180,0.012598,0.442520,181,102,0.009336
3,51,30,0.142180,0.042205,0.255118,181,64,0.031276
3,52,9,0.042654,0.000000,0.259528,202,176,0.000000
3,53,9,0.042654,0.000000,0.198425,202,114,0.000000
3,54,13,0.061611,0.005984,0.957480,198,135,0.004435
3,55,13,0.061611,0.000000,0.951496,198,92,0.000000
3,56,13,0.061611,0.000000,0.951181,198,151,0.000000
3,57,13,0.061611,0.000000,0.896063,198,132,0.000000
3,58,13,0.061611,0.000000,1.643465,198,135,0.000000
3,59,13,0.061611,0.000000,1.643465,198,126,0.000000
3,60,21,0.099526,0.155906,2.450079,190,80,0.665534
3,61,21,0.099526,0.126929,2.396220,190,77,0.094061
3,62,21,0.099526,0.217008,2.396535,190,89,0.160814
3,63,21,0.099526,0.101732,2.293228,190,86,0.075389
3,64,11,0.052133,0.000000,0.429291,200,147,0.000000
3,65,11,0.052133,0.000000,0.392756,200,96,0.000000
3,66,15,0.071090,0.000000,0.938898,196,106,0.000000
3,67,15,0.071090,0.000000,0.932913,196,85,0.000000
3,68,15,0.071090,0.000000,0.927874,196,135,0.000000
3,69,15,0.071090,0.000000,0.897323,196,119,0.000000
3,70,15,0.071090,0.000000,1.691969,196,118,0.000000
3,71,15,0.071090,0.000000,1.691969,196,117,0.000000
3,72,23,0.109005,0.156850,2.044724,188,92,0.666234
3,73,23,0.109005,0.060157,2.227087,188,85,0.044580
3,74,23,0.109005,0.000000,2.232126,188,83,0.000000
3,75,23,0.109005,0.061102,2.129449,188,93,0.045280
3,76,11,0.052133,0.000000,0.235591,200,116,0.000000
3,77,11,0.052133,0.000000,0.211024,200,103,0.000000
3,78,15,0.071090,0.018583,0.423937,196,98,0.563771
3,79,15,0.071090,0.000000,0.423937,196,93,0.000000
3,80,15,0.071090,0.000000,0.447244,196,103,0.000000
3,81,15,0.071090,0.000000,0.422677,196,103,0.000000
3,82,15,0.071090,0.000000,0.453543,196,118,0.000000
3,83,15,0.071090,0.000000,0.453543,196,110,0.000000
3,84,23,0.109005,0.000000,0.829291,188,90,0.000000
3,85,23,0.109005,0.029921,0.689764,188,85,0.022173
3,86,23,0.109005,0.000000,0.666457,188,87,0.000000
3,87,23,0.109005,0.000000,0.684409,188,90,0.000000
3,88,9,0.042654,0.000000,0.240630,202,185,0.000000
3,89,9,0.042654,0.000000,0.240630,202,197,0.000000
3,90,11,0.052133,0.000000,0.240630,200,175,0.000000
3,91,11,0.052133,0.000000,0.240630,200,181,0.000000
3,92,11,0.052133,0.000000,0.259213,200,189,0.000000
3,93,11,0.052133,0.000000,0.259213,200,192,0.000000
3,94,11,0.052133,0.000000,0.337323,200,186,0.000000
3,95,11,0.052133,0.000000,0.337323,200,190,0.000000
3,96,15,0.071090,0.000000,0.259213,196,172,0.000000
3,97,15,0.071090,0.000000,0.355906,196,174,0.000000
3,98,15,0.071090,0.000000,0.337323,196,171,0.000000
3,99,15,0.071090,0.000000,0.355906,196,171,0.000000
3,100,31,0.146919,0.048189,0.447559,180,80,0.585711
3,101,31,0.146919,0.000000,0.944882,180,70,0.000000
3,102,31,0.146919,0.000000,0.550236,180,111,0.000000
3,103,31,0.146919,0.000000,0.405354,180,79,0.000000
3,104,9,0.042654,0.000000,0.000000,202,132,0.000000
3,105,9,0.042654,0.000000,0.005984,202,102,0.000000
3,106,13,0.061611,0.000000,0.187087,198,110,0.000000
3,107,13,0.061611,0.030551,0.187087,198,93,0.572640
3,108,13,0.061611,0.000000,0.217008,198,123,0.000000
3,109,13,0.061611,0.000000,0.222992,198,124,0.000000
3,110,13,0.061611,0.000000,0.475591,198,125,0.000000
3,111,13,0.061611,0.000000,0.475591,198,124,0.000000
3,112,21,0.099526,0.000000,0.566929,190,93,0.000000
3,113,21,0.099526,0.006614,0.698583,190,87,0.004901
3,114,21,0.099526,0.000000,0.662677,190,99,0.000000
3,115,21,0.099526,0.000000,0.716850,190,100,0.000000
3,116,11,0.052133,0.000000,0.000000,200,122,0.000000
3,117,11,0.052133,0.000000,0.024567,200,98,0.000000
3,118,15,0.071090,0.000000,0.156850,196,104,0.000000
3,119,15,0.071090,0.000000,0.156850,196,90,0.000000
3,120,15,0.071090,0.000000,0.217008,196,118,0.000000
3,121,15,0.071090,0.000000,0.241575,196,106,0.000000
3,122,15,0.071090,0.000000,0.257638,196,113,0.000000
3,123,15,0.071090,0.000000,0.257638,196,114,0.000000
3,124,23,0.109005,0.000000,0.475591,188,94,0.000000
3,125,23,0.109005,0.011654,0.499213,188,89,0.008636
3,126,23,0.109005,0.000000,0.414488,188,90,0.000000
3,127,23,0.109005,0.011969,0.529764,188,99,0.008869
3,128,11,0.052133,0.000000,0.000000,200,105,0.000000
3,129,11,0.052133,0.000000,0.000000,200,106,0.000000
3,130,15,0.071090,0.000000,0.060157,196,96,0.000000
3,131,15,0.071090,0.000000,0.060157,196,96,0.000000
3,132,15,0.071090,0.000000,0.000000,196,102,0.000000
3,133,15,0.071090,0.000000,0.000000,196,103,0.000000
3,134,15,0.071090,0.000000,0.217953,196,105,0.000000
3,135,15,0.071090,0.000000,0.217953,196,108,0.000000
3,136,23,0.109005,0.000000,0.121260,188,90,0.000000
3,137,23,0.109005,0.000000,0.217953,188,88,0.000000
3,138,23,0.109005,0.005984,0.278110,188,91,0.004435
3,139,23,0.109005,0.000000,0.217008,188,92,0.000000
3,140,9,0.042654,0.000000,0.048189,202,164,0.000000
3,141,9,0.042654,0.000000,0.066772,202,164,0.000000
3,142,11,0.052133,0.000000,0.078110,200,150,0.000000
3,143,11,0.052133,0.000000,0.078110,200,158,0.000000
3,144,11,0.052133,0.000000,0.048189,200,161,0.000000
3,145,11,0.052133,0.000000,0.066772,200,163,0.000000
3,146,11,0.052133,0.000000,0.048189,200,161,0.000000
3,147,11,0.052133,0.000000,0.048189,200,167,0.000000
3,148,15,0.071090,0.000000,0.078110,196,160,0.000000
3,149,15,0.071090,0.000000,0.066772,196,161,0.000000
3,150,15,0.071090,0.000000,0.078110,196,146,0.000000
3,151,15,0.071090,0.000000,0.078110,196,158,0.000000
3,152,31,0.146919,0.000000,0.000000,180,90,0.000000
3,153,31,0.146919,0.000000,0.326299,180,79,0.000000
3,154,31,0.146919,0.000000,0.096693,180,111,0.000000
3,155,31,0.146919,0.000000,0.048189,180,89,0.000000
3,156,6,0.028436,0.000000,0.048189,205,221,0.000000
3,157,6,0.028436,0.000000,0.017638,205,229,0.000000
3,158,8,0.037915,0.000000,0.035906,203,213,0.000000
3,159,8,0.037915,0.000000,0.035906,203,208,0.000000
3,160,8,0.037915,0.000000,0.048189,203,215,0.000000
3,161,8,0.037915,0.000000,0.017638,203,220,0.000000
3,162,8,0.037915,0.000000,0.029606,203,211,0.000000
3,163,8,0.037915,0.000000,0.029606,203,215,0.000000
3,164,12,0.056872,0.000000,0.047874,199,193,0.000000
3,165,12,0.056872,0.000000,0.060157,199,186,0.000000
3,166,12,0.056872,0.000000,0.047874,199,190,0.000000
3,167,12,0.056872,0.000000,0.035906,199,197,0.000000
3,168,7,0.033175,0.000000,0.048189,204,208,0.000000
3,169,7,0.033175,0.000000,0.017638,204,211,0.000000
3,170,9,0.042654,0.000000,0.024252,202,197,0.000000
3,171,9,0.042654,0.000000,0.024252,202,198,0.000000
3,172,9,0.042654,0.000000,0.054173,202,208,0.000000
3,173,9,0.042654,0.000000,0.023622,202,209,0.000000
3,174,9,0.042654,0.000000,0.017638,202,207,0.000000
3,175,9,0.042654,0.000000,0.017638,202,209,0.000000
3,176,13,0.061611,0.000000,0.030236,198,190,0.000000
3,177,13,0.061611,0.000000,0.054173,198,187,0.000000
3,178,13,0.061611,0.000000,0.024252,198,189,0.000000
3,179,13,0.061611,0.000000,0.030236,198,194,0.000000
3,180,7,0.033175,0.000000,0.017638,204,218,0.000000
3,181,7,0.033175,0.000000,0.017638,204,227,0.000000
3,182,9,0.042654,0.000000,0.029291,202,205,0.000000
3,183,9,0.042654,0.000000,0.029291,202,206,0.000000
3,184,9,0.042654,0.000000,0.017638,202,212,0.000000
3,185,9,0.042654,0.000000,0.017638,202,222,0.000000
3,186,9,0.042654,0.000000,0.029606,202,215,0.000000
3,187,9,0.042654,0.000000,0.029606,202,215,0.000000
3,188,13,0.061611,0.000000,0.041260,198,197,0.000000
3,189,13,0.061611,0.000000,0.029606,198,197,0.000000
3,190,13,0.061611,0.000000,0.041260,198,194,0.000000
3,191,13,0.061611,0.000000,0.029291,198,196,0.000000
3,192,6,0.028436,0.000000,0.017638,205,226,0.000000
3,193,6,0.028436,0.000000,0.017638,205,237,0.000000
3,194,7,0.033175,0.000000,0.017638,204,220,0.000000
3,195,7,0.033175,0.000000,0.017638,204,223,0.000000
3,196,7,0.033175,0.000000,0.023622,204,230,0.000000
3,197,7,0.033175,0.000000,0.023622,204,235,0.000000
3,198,7,0.033175,0.000000,0.017638,204,229,0.000000
3,199,7,0.033175,0.000000,0.017638,204,231,0.000000
3,200,9,0.042654,0.000000,0.023622,202,219,0.000000
3,201,9,0.042654,0.000000,0.023622,202,221,0.000000
3,202,9,0.042654,0.000000,0.017638,202,217,0.000000
3,203,9,0.042654,0.000000,0.023622,202,222,0.000000
3,204,17,0.080569,0.000000,0.017638,194,174,0.000000
3,205,17,0.080569,0.000000,0.041260,194,170,0.000000
3,206,17,0.080569,0.000000,0.023622,194,182,0.000000
3,207,17,0.080569,0.000000,0.017638,194,173,0.000000
3,208,55,0.260664,0.000000,0.216063,156,65,0.000000
3,209,55,0.260664,0.198425,1.000000,156,63,0.147044
3,210,55,0.260664,0.000000,0.282835,156,100,0.000000
3,211,55,0.260664,0.017638,0.198425,156,61,0.563071
4,0,8,0.037915,0.000000,0.057971,203,212,0.000000
4,1,8,0.037915,0.000000,0.028986,203,118,0.000000
4,2,12,0.056872,0.012077,0.840580,199,147,0.560090
4,3,12,0.056872,0.028986,0.840580,199,90,0.574215
4,4,12,0.056872,0.000000,0.893720,199,183,0.000000
4,5,12,0.056872,0.000000,0.864734,199,148,0.000000
4,6,12,0.056872,0.000000,1.700483,199,128,0.000000
4,7,12,0.056872,0.000000,1.700483,199,110,0.000000
4,8,20,0.094787,0.504831,2.536232,191,64,0.421749
4,9,20,0.094787,0.526570,2.623188,191,66,0.439910
4,10,20,0.094787,0.437198,2.541063,191,70,0.365247
4,11,20,0.094787,0.538647,2.516908,191,56,1.000000
4,12,10,0.047393,0.000000,0.280193,201,167,0.000000
4,13,10,0.047393,0.000000,0.280193,201,100,0.000000
4,14,14,0.066351,0.000000,0.908213,197,114,0.000000
4,15,14,0.066351,0.012077,0.908213,197,80,0.010090
4,16,14,0.066351,0.000000,0.946860,197,144,0.000000
4,17,14,0.066351,0.000000,0.946860,197,114,0.000000
4,18,14,0.066351,0.000000,1.666667,197,122,0.000000
4,19,14,0.066351,0.000000,1.666667,197,105,0.000000
4,20,22,0.104265,0.123188,2.265700,189,81,0.102915
4,21,22,0.104265,0.120773,2.391304,189,69,0.100897
4,22,22,0.104265,0.169082,2.323671,189,77,0.141256
4,23,22,0.104265,0.149758,2.299517,189,75,0.125112
4,24,10,0.047393,0.000000,0.130435,201,125,0.000000
4,25,10,0.047393,0.000000,0.101449,201,103,0.000000
4,26,14,0.066351,0.000000,0.338164,197,102,0.000000
4,27,14,0.066351,0.000000,0.338164,197,84,0.000000
4,28,14,0.066351,0.000000,0.299517,197,116,0.000000
4,29,14,0.066351,0.000000,0.270531,197,105,0.000000
4,30,14,0.066351,0.000000,0.478261,197,125,0.000000
4,31,14,0.066351,0.000000,0.478261,197,115,0.000000
4,32,22,0.104265,0.057971,0.710145,189,88,0.598430
4,33,22,0.104265,0.000000,0.676329,189,82,0.000000
4,34,22,0.104265,0.000000,0.714976,189,84,0.000000
4,35,22,0.104265,0.033816,0.681159,189,90,0.578251
4,36,8,0.037915,0.000000,0.212560,203,193,0.000000
4,37,8,0.037915,0.000000,0.212560,203,189,0.000000
4,38,10,0.047393,0.000000,0.265700,201,180,0.000000
4,39,10,0.047393,0.000000,0.265700,201,184,0.000000
4,40,10,0.047393,0.000000,0.212560,201,188,0.000000
4,41,10,0.047393,0.000000,0.212560,201,176,0.000000
4,42,10,0.047393,0.000000,0.304348,201,185,0.000000
4,43,10,0.047393,0.000000,0.304348,201,189,0.000000
4,44,14,0.066351,0.000000,0.299517,197,170,0.000000
4,45,14,0.066351,0.000000,0.304348,197,166,0.000000
4,46,14,0.066351,0.000000,0.357488,197,172,0.000000
4,47,14,0.066351,0.000000,0.323671,197,170,0.000000
4,48,30,0.142180,0.016908,0.458937,181,65,0.014126
4,49,30,0.142180,0.251208,1.125604,181,55,0.759865
4,50,30,0.142180,0.101449,0.608696,181,102,0.084753
4,51,30,0.142180,0.089372,0.458937,181,64,0.074664
4,52,9,0.042654,0.000000,0.256039,202,176,0.000000
4,53,9,0.042654,0.000000,0.210145,202,114,0.000000
4,54,13,0.061611,0.016908,0.920290,198,135,0.014126
4,55,13,0.061611,0.000000,0.903382,198,92,0.000000
4,56,13,0.061611,0.000000,0.845411,198,151,0.000000
4,57,13,0.061611,0.000000,0.816425,198,132,0.000000
4,58,13,0.061611,0.000000,1.548309,198,135,0.000000
4,59,13,0.061611,0.000000,1.548309,198,126,0.000000
4,60,21,0.099526,0.161836,2.202899,190,81,0.135202
4,61,21,0.099526,0.077295,2.207729,190,77,0.064574
4,62,21,0.099526,0.229469,2.253623,190,89,0.191704
4,63,21,0.099526,0.118357,2.166667,190,86,0.098879
4,64,11,0.052133,0.000000,0.478261,200,147,0.000000
4,65,11,0.052133,0.000000,0.461353,200,96,0.000000
4,66,15,0.071090,0.000000,0.997585,196,106,0.000000
4,67,15,0.071090,0.016908,0.997585,196,85,0.014126
4,68,15,0.071090,0.000000,0.932367,196,135,0.000000
4,69,15,0.071090,0.000000,0.915459,196,119,0.000000
4,70,15,0.071090,0.000000,1.584541,196,118,0.000000
4,71,15,0.071090,0.000000,1.584541,196,117,0.000000
4,72,23,0.109005,0.050725,2.024155,188,93,0.042377
4,73,23,0.109005,0.115942,2.079710,188,85,0.096861
4,74,23,0.109005,0.000000,2.132850,188,83,0.000000
4,75,23,0.109005,0.053140,2.014493,188,93,0.044395
4,76,11,0.052133,0.000000,0.328502,200,116,0.000000
4,77,11,0.052133,0.000000,0.299517,200,103,0.000000
4,78,15,0.071090,0.000000,0.473430,196,99,0.000000
4,79,15,0.071090,0.000000,0.456522,196,93,0.000000
4,80,15,0.071090,0.000000,0.480676,196,103,0.000000
4,81,15,0.071090,0.000000,0.468599,196,103,0.000000
4,82,15,0.071090,0.000000,0.606280,196,118,0.000000
4,83,15,0.071090,0.000000,0.606280,196,110,0.000000
4,84,23,0.109005,0.000000,0.780193,188,90,0.000000
4,85,23,0.109005,0.053140,0.787440,188,85,0.044395
4,86,23,0.109005,0.000000,0.763285,188,87,0.000000
4,87,23,0.109005,0.000000,0.777778,188,90,0.000000
4,88,9,0.042654,0.000000,0.316425,202,185,0.000000
4,89,9,0.042654,0.000000,0.316425,202,197,0.000000
4,90,11,0.052133,0.000000,0.316425,200,175,0.000000
4,91,11,0.052133,0.000000,0.316425,200,181,0.000000
4,92,11,0.052133,0.000000,0.333333,200,189,0.000000
4,93,11,0.052133,0.000000,0.333333,200,192,0.000000
4,94,11,0.052133,0.000000,0.408213,200,186,0.000000
4,95,11,0.052133,0.000000,0.408213,200,190,0.000000
4,96,15,0.071090,0.000000,0.367150,196,172,0.000000
4,97,15,0.071090,0.000000,0.425121,196,174,0.000000
4,98,15,0.071090,0.000000,0.408213,196,171,0.000000
4,99,15,0.071090,0.000000,0.391304,196,171,0.000000
4,100,31,0.146919,0.089372,0.652174,180,81,0.074664
4,101,31,0.146919,0.000000,1.079710,180,70,0.000000
4,102,31,0.146919,0.000000,0.676329,180,111,0.000000
4,103,31,0.146919,0.016908,0.567633,180,79,0.014126
4,104,9,0.042654,0.000000,0.016908,202,132,0.000000
4,105,9,0.042654,0.000000,0.016908,202,102,0.000000
4,106,13,0.061611,0.000000,0.193237,198,110,0.000000
4,107,13,0.061611,0.000000,0.193237,198,94,0.000000
4,108,13,0.061611,0.000000,0.246377,198,123,0.000000
4,109,13,0.061611,0.000000,0.246377,198,124,0.000000
4,110,13,0.061611,0.000000,0.384058,198,125,0.000000
4,111,13,0.061611,0.000000,0.384058,198,124,0.000000
4,112,21,0.099526,0.000000,0.594203,190,93,0.000000
4,113,21,0.099526,0.021739,0.647343,190,87,0.568161
4,114,21,0.099526,0.000000,0.577295,190,99,0.000000
4,115,21,0.099526,0.000000,0.635266,190,100,0.000000
4,116,11,0.052133,0.000000,0.000000,200,122,0.000000
4,117,11,0.052133,0.016908,0.016908,200,98,0.564126
4,118,15,0.071090,0.000000,0.130435,196,104,0.000000
4,119,15,0.071090,0.000000,0.130435,196,90,0.000000
4,120,15,0.071090,0.000000,0.229469,196,118,0.000000
4,121,15,0.071090,0.000000,0.246377,196,106,0.000000
4,122,15,0.071090,0.000000,0.280193,196,113,0.000000
4,123,15,0.071090,0.000000,0.280193,196,114,0.000000
4,124,23,0.109005,0.028986,0.478261,188,94,0.574215
4,125,23,0.109005,0.036232,0.526570,188,89,0.580269
4,126,23,0.109005,0.000000,0.410628,188,90,0.000000
4,127,23,0.109005,0.004831,0.521739,188,99,0.554036
4,128,11,0.052133,0.000000,0.016908,200,105,0.000000
4,129,11,0.052133,0.000000,0.000000,200,106,0.000000
4,130,15,0.071090,0.000000,0.115942,196,96,0.000000
4,131,15,0.071090,0.000000,0.115942,196,96,0.000000
4,132,15,0.071090,0.000000,0.016908,196,102,0.000000
4,133,15,0.071090,0.000000,0.000000,196,103,0.000000
4,134,15,0.071090,0.000000,0.103865,196,105,0.000000
4,135,15,0.071090,0.000000,0.103865,196,108,0.000000
4,136,23,0.109005,0.000000,0.169082,188,90,0.000000
4,137,23,0.109005,0.000000,0.120773,188,88,0.000000
4,138,23,0.109005,0.016908,0.219807,188,91,0.564126
4,139,23,0.109005,0.000000,0.166667,188,92,0.000000
4,140,9,0.042654,0.000000,0.106280,202,164,0.000000
4,141,9,0.042654,0.000000,0.106280,202,164,0.000000
4,142,11,0.052133,0.000000,0.159420,200,150,0.000000
4,143,11,0.052133,0.000000,0.159420,200,158,0.000000
4,144,11,0.052133,0.000000,0.106280,200,161,0.000000
4,145,11,0.052133,0.000000,0.106280,200,163,0.000000
4,146,11,0.052133,0.000000,0.106280,200,161,0.000000
4,147,11,0.052133,0.000000,0.106280,200,167,0.000000
4,148,15,0.071090,0.000000,0.159420,196,160,0.000000
4,149,15,0.071090,0.000000,0.106280,196,161,0.000000
4,150,15,0.071090,0.000000,0.159420,196,146,0.000000
4,151,15,0.071090,0.000000,0.159420,196,158,0.000000
4,152,31,0.146919,0.000000,0.016908,180,90,0.000000
4,153,31,0.146919,0.000000,0.342995,180,79,0.000000
4,154,31,0.146919,0.000000,0.159420,180,111,0.000000
4,155,31,0.146919,0.012077,0.089372,180,89,0.560090
4,156,6,0.028436,0.000000,0.016908,205,221,0.000000
4,157,6,0.028436,0.000000,0.000000,205,229,0.000000
4,158,8,0.037915,0.000000,0.074879,203,213,0.000000
4,159,8,0.037915,0.000000,0.057971,203,208,0.000000
4,160,8,0.037915,0.000000,0.000000,203,215,0.000000
4,161,8,0.037915,0.000000,0.000000,203,220,0.000000
4,162,8,0.037915,0.000000,0.033816,203,211,0.000000
4,163,8,0.037915,0.000000,0.033816,203,215,0.000000
4,164,12,0.056872,0.000000,0.062802,199,193,0.000000
4,165,12,0.056872,0.000000,0.033816,199,186,0.000000
4,166,12,0.056872,0.000000,0.091787,199,190,0.000000
4,167,12,0.056872,0.000000,0.086957,199,197,0.000000
4,168,7,0.033175,0.000000,0.000000,204,208,0.000000
4,169,7,0.033175,0.000000,0.000000,204,211,0.000000
4,170,9,0.042654,0.000000,0.021739,202,197,0.000000
4,171,9,0.042654,0.000000,0.021739,202,198,0.000000
4,172,9,0.042654,0.000000,0.016908,202,208,0.000000
4,173,9,0.042654,0.000000,0.016908,202,209,0.000000
4,174,9,0.042654,0.000000,0.000000,202,207,0.000000
4,175,9,0.042654,0.000000,0.000000,202,209,0.000000
4,176,13,0.061611,0.000000,0.038647,198,190,0.000000
4,177,13,0.061611,0.000000,0.016908,198,187,0.000000
4,178,13,0.061611,0.000000,0.021739,198,189,0.000000
4,179,13,0.061611,0.000000,0.038647,198,194,0.000000
4,180,7,0.033175,0.000000,0.016908,204,218,0.000000
4,181,7,0.033175,0.000000,0.000000,204,227,0.000000
4,182,9,0.042654,0.000000,0.053140,202,205,0.000000
4,183,9,0.042654,0.000000,0.036232,202,206,0.000000
4,184,9,0.042654,0.000000,0.000000,202,212,0.000000
4,185,9,0.042654,0.000000,0.000000,202,222,0.000000
4,186,9,0.042654,0.000000,0.033816,202,215,0.000000
4,187,9,0.042654,0.000000,0.033816,202,215,0.000000
4,188,13,0.061611,0.000000,0.041063,198,197,0.000000
4,189,13,0.061611,0.000000,0.033816,198,197,0.000000
4,190,13,0.061611,0.000000,0.070048,198,194,0.000000
4,191,13,0.061611,0.000000,0.065217,198,196,0.000000
4,192,6,0.028436,0.000000,0.012077,205,226,0.000000
4,193,6,0.028436,0.000000,0.012077,205,237,0.000000
4,194,7,0.033175,0.000000,0.012077,204,220,0.000000
4,195,7,0.033175,0.000000,0.012077,204,223,0.000000
4,196,7,0.033175,0.000000,0.028986,204,230,0.000000
4,197,7,0.033175,0.000000,0.028986,204,235,0.000000
4,198,7,0.033175,0.000000,0.012077,204,229,0.000000
4,199,7,0.033175,0.000000,0.012077,204,231,0.000000
4,200,9,0.042654,0.000000,0.028986,202,219,0.000000
4,201,9,0.042654,0.000000,0.028986,202,221,0.000000
4,202,9,0.042654,0.000000,0.012077,202,217,0.000000
4,203,9,0.042654,0.000000,0.028986,202,222,0.000000
4,204,17,0.080569,0.000000,0.012077,194,174,0.000000
4,205,17,0.080569,0.000000,0.099034,194,170,0.000000
4,206,17,0.080569,0.000000,0.028986,194,182,0.000000
4,207,17,0.080569,0.000000,0.000000,194,173,0.000000
4,208,55,0.260664,0.000000,0.198068,156,65,0.000000
4,209,55,0.260664,0.198068,1.000000,156,63,0.715471
4,210,55,0.260664,0.000000,0.335749,156,100,0.000000
4,211,55,0.260664,0.000000,0.198068,156,62,0.000000
5,0,8,0.037915,0.000000,0.043675,203,212,0.000000
5,1,8,0.037915,0.000000,0.000000,203,118,0.000000
5,2,12,0.056872,0.000000,0.846762,199,148,0.000000
5,3,12,0.056872,0.018261,0.846762,199,91,0.564486
5,4,12,0.056872,0.000000,0.869541,199,183,0.000000
5,5,12,0.056872,0.000000,0.825866,199,148,0.000000
5,6,12,0.056872,0.000000,1.701431,199,128,0.000000
5,7,12,0.056872,0.000000,1.701431,199,110,0.000000
5,8,20,0.094787,0.567253,2.542169,191,64,1.000000
5,9,20,0.094787,0.467291,2.570971,191,66,0.370700
5,10,20,0.094787,0.474821,2.548193,191,70,0.376674
5,11,20,0.094787,0.507389,2.504518,191,57,0.402510
5,12,10,0.047393,0.000000,0.307041,201,167,0.000000
5,13,10,0.047393,0.000000,0.314194,201,100,0.000000
5,14,14,0.066351,0.000000,0.922628,197,114,0.000000
5,15,14,0.066351,0.006024,0.922628,197,80,0.004779
5,16,14,0.066351,0.000000,0.949548,197,144,0.000000
5,17,14,0.066351,0.000000,0.956702,197,114,0.000000
5,18,14,0.066351,0.000000,1.634224,197,122,0.000000
5,19,14,0.066351,0.000000,1.634224,197,105,0.000000
5,20,22,0.104265,0.057417,2.177334,189,81,0.045549
5,21,22,0.104265,0.215173,2.320407,189,69,0.170696
5,22,22,0.104265,0.183358,2.268072,189,77,0.145458
5,23,22,0.104265,0.175075,2.298381,189,75,0.138887
5,24,10,0.047393,0.000000,0.136483,201,125,0.000000
5,25,10,0.047393,0.000000,0.111069,201,103,0.000000
5,26,14,0.066351,0.025414,0.346762,197,102,0.570161
5,27,14,0.066351,0.000000,0.346762,197,84,0.000000
5,28,14,0.066351,0.000000,0.319842,197,116,0.000000
5,29,14,0.066351,0.000000,0.294428,197,105,0.000000
5,30,14,0.066351,0.000000,0.519014,197,125,0.000000
5,31,14,0.066351,0.000000,0.519014,197,115,0.000000
5,32,22,0.104265,0.044804,0.787462,189,89,0.585543
5,33,22,0.104265,0.000000,0.727786,189,82,0.000000
5,34,22,0.104265,0.000000,0.754706,189,84,0.000000
5,35,22,0.104265,0.000000,0.680723,189,91,0.000000
5,36,8,0.037915,0.000000,0.234187,203,193,0.000000
5,37,8,0.037915,0.000000,0.259601,203,189,0.000000
5,38,10,0.047393,0.000000,0.256965,201,180,0.000000
5,39,10,0.047393,0.000000,0.256965,201,184,0.000000
5,40,10,0.047393,0.000000,0.234187,201,188,0.000000
5,41,10,0.047393,0.000000,0.259601,201,176,0.000000
5,42,10,0.047393,0.000000,0.286145,201,185,0.000000
5,43,10,0.047393,0.000000,0.286145,201,189,0.000000
5,44,14,0.066351,0.000000,0.256965,197,170,0.000000
5,45,14,0.066351,0.000000,0.311559,197,166,0.000000
5,46,14,0.066351,0.000000,0.308923,197,172,0.000000
5,47,14,0.066351,0.000000,0.308923,197,170,0.000000
5,48,30,0.142180,0.019202,0.516943,181,65,0.015233
5,49,30,0.142180,0.200866,1.197666,181,56,0.159346
5,50,30,0.142180,0.111069,0.623117,181,102,0.088111
5,51,30,0.142180,0.097892,0.516943,181,64,0.077657
5,52,9,0.042654,0.000000,0.256165,202,176,0.000000
5,53,9,0.042654,0.000000,0.206466,202,114,0.000000
5,54,13,0.061611,0.000000,0.919428,198,135,0.000000
5,55,13,0.061611,0.000000,0.911145,198,92,0.000000
5,56,13,0.061611,0.000000,0.906062,198,151,0.000000
5,57,13,0.061611,0.000000,0.864646,198,132,0.000000
5,58,13,0.061611,0.000000,1.525273,198,135,0.000000
5,59,13,0.061611,0.000000,1.525273,198,126,0.000000
5,60,21,0.099526,0.114034,2.251788,190,81,0.640463
5,61,21,0.099526,0.143778,2.224868,190,77,0.114059
5,62,21,0.099526,0.167686,2.229951,190,89,0.133025
5,63,21,0.099526,0.104810,2.205666,190,86,0.083145
5,64,11,0.052133,0.000000,0.445548,200,147,0.000000
5,65,11,0.052133,0.000000,0.432747,200,96,0.000000
5,66,15,0.071090,0.000000,0.916792,196,106,0.000000
5,67,15,0.071090,0.019390,0.896837,196,85,0.565382
5,68,15,0.071090,0.000000,0.900414,196,135,0.000000
5,69,15,0.071090,0.000000,0.907568,196,119,0.000000
5,70,15,0.071090,0.000000,1.545604,196,118,0.000000
5,71,15,0.071090,0.000000,1.545604,196,117,0.000000
5,72,23,0.109005,0.093185,1.882248,188,93,0.623924
5,73,23,0.109005,0.020520,2.064100,188,85,0.016278
5,74,23,0.109005,0.000000,2.035109,188,83,0.000000
5,75,23,0.109005,0.082267,1.999341,188,93,0.065262
5,76,11,0.052133,0.000000,0.340691,200,116,0.000000
5,77,11,0.052133,0.000000,0.317536,200,103,0.000000
5,78,15,0.071090,0.000000,0.532709,196,99,0.000000
5,79,15,0.071090,0.000000,0.532709,196,93,0.000000
5,80,15,0.071090,0.000000,0.524049,196,103,0.000000
5,81,15,0.071090,0.000000,0.500894,196,103,0.000000
5,82,15,0.071090,0.000000,0.550028,196,118,0.000000
5,83,15,0.071090,0.000000,0.550028,196,110,0.000000
5,84,23,0.109005,0.007154,0.891143,188,90,0.555675
5,85,23,0.109005,0.022779,0.756542,188,85,0.568070
5,86,23,0.109005,0.000000,0.765201,188,87,0.000000
5,87,23,0.109005,0.000000,0.773485,188,90,0.000000
5,88,9,0.042654,0.000000,0.348974,202,185,0.000000
5,89,9,0.042654,0.000000,0.362716,202,197,0.000000
5,90,11,0.052133,0.000000,0.348974,200,175,0.000000
5,91,11,0.052133,0.000000,0.337302,200,181,0.000000
5,92,11,0.052133,0.000000,0.337302,200,189,0.000000
5,93,11,0.052133,0.000000,0.362716,200,192,0.000000
5,94,11,0.052133,0.000000,0.389260,200,186,0.000000
5,95,11,0.052133,0.000000,0.389260,200,190,0.000000
5,96,15,0.071090,0.000000,0.340503,196,172,0.000000
5,97,15,0.071090,0.000000,0.414674,196,174,0.000000
5,98,15,0.071090,0.000000,0.389260,196,171,0.000000
5,99,15,0.071090,0.000000,0.386060,196,171,0.000000
5,100,31,0.146919,0.097892,0.616293,180,81,0.627657
5,101,31,0.146919,0.087914,1.102551,180,70,0.619742
5,102,31,0.146919,0.000000,0.627212,180,111,0.000000
5,103,31,0.146919,0.019202,0.551346,180,79,0.565233
5,104,9,0.042654,0.000000,0.032756,202,132,0.000000
5,105,9,0.042654,0.008283,0.013366,202,102,0.556571
5,106,13,0.061611,0.000000,0.177664,198,110,0.000000
5,107,13,0.061611,0.000000,0.177664,198,94,0.000000
5,108,13,0.061611,0.000000,0.200442,198,123,0.000000
5,109,13,0.061611,0.000000,0.181052,198,124,0.000000
5,110,13,0.061611,0.000000,0.407662,198,125,0.000000
5,111,13,0.061611,0.000000,0.407662,198,124,0.000000
5,112,21,0.099526,0.011672,0.532427,190,93,0.559259
5,113,21,0.099526,0.022214,0.594738,190,88,0.017622
5,114,21,0.099526,0.000000,0.571960,190,99,0.000000
5,115,21,0.099526,0.000000,0.552570,190,100,0.000000
5,116,11,0.052133,0.000000,0.101280,200,122,0.000000
5,117,11,0.052133,0.000000,0.101280,200,99,0.000000
5,118,15,0.071090,0.000000,0.267837,196,104,0.000000
5,119,15,0.071090,0.017131,0.267837,196,90,0.013590
5,120,15,0.071090,0.000000,0.268966,196,118,0.000000
5,121,15,0.071090,0.000000,0.268966,196,106,0.000000
5,122,15,0.071090,0.000000,0.327278,196,113,0.000000
5,123,15,0.071090,0.000000,0.327278,196,114,0.000000
5,124,23,0.109005,0.000000,0.540333,188,95,0.000000
5,125,23,0.109005,0.000000,0.494964,188,90,0.000000
5,126,23,0.109005,0.000000,0.493835,188,90,0.000000
5,127,23,0.109005,0.000000,0.556711,188,100,0.000000
5,128,11,0.052133,0.000000,0.032756,200,105,0.000000
5,129,11,0.052133,0.011672,0.013366,200,106,0.559259
5,130,15,0.071090,0.000000,0.033886,196,96,0.000000
5,131,15,0.071090,0.000000,0.033886,196,96,0.000000
5,132,15,0.071090,0.000000,0.032756,196,102,0.000000
5,133,15,0.071090,0.000000,0.013366,196,103,0.000000
5,134,15,0.071090,0.000000,0.188818,196,105,0.000000
5,135,15,0.071090,0.000000,0.188818,196,108,0.000000
5,136,23,0.109005,0.003953,0.116152,188,90,0.553136
5,137,23,0.109005,0.000000,0.208208,188,88,0.000000
5,138,23,0.109005,0.000000,0.209337,188,92,0.000000
5,139,23,0.109005,0.003200,0.127071,188,92,0.002539
5,140,9,0.042654,0.000000,0.130459,202,164,0.000000
5,141,9,0.042654,0.000000,0.130459,202,164,0.000000
5,142,11,0.052133,0.000000,0.153238,200,150,0.000000
5,143,11,0.052133,0.000000,0.153238,200,158,0.000000
5,144,11,0.052133,0.000000,0.130459,200,161,0.000000
5,145,11,0.052133,0.000000,0.130459,200,163,0.000000
5,146,11,0.052133,0.000000,0.137613,200,161,0.000000
5,147,11,0.052133,0.000000,0.137613,200,167,0.000000
5,148,15,0.071090,0.000000,0.153238,196,160,0.000000
5,149,15,0.071090,0.000000,0.137613,196,161,0.000000
5,150,15,0.071090,0.000000,0.160392,196,146,0.000000
5,151,15,0.071090,0.000000,0.160392,196,158,0.000000
5,152,31,0.146919,0.013742,0.120482,180,90,0.010902
5,153,31,0.146919,0.000000,0.345821,180,79,0.000000
5,154,31,0.146919,0.000000,0.248306,180,111,0.000000
5,155,31,0.146919,0.000000,0.199172,180,90,0.000000
5,156,6,0.028436,0.000000,0.064759,205,221,0.000000
5,157,6,0.028436,0.000000,0.039345,205,229,0.000000
5,158,8,0.037915,0.000000,0.069842,203,213,0.000000
5,159,8,0.037915,0.000000,0.061559,203,208,0.000000
5,160,8,0.037915,0.000000,0.056476,203,215,0.000000
5,161,8,0.037915,0.000000,0.039345,203,220,0.000000
5,162,8,0.037915,0.000000,0.051017,203,211,0.000000
5,163,8,0.037915,0.000000,0.051017,203,215,0.000000
5,164,12,0.056872,0.000000,0.061559,199,193,0.000000
5,165,12,0.056872,0.000000,0.068148,199,186,0.000000
5,166,12,0.056872,0.000000,0.073230,199,190,0.000000
5,167,12,0.056872,0.000000,0.073230,199,197,0.000000
5,168,7,0.033175,0.000000,0.059300,204,208,0.000000
5,169,7,0.033175,0.000000,0.039345,204,211,0.000000
5,170,9,0.042654,0.000000,0.081514,202,197,0.000000
5,171,9,0.042654,0.000000,0.061559,202,198,0.000000
5,172,9,0.042654,0.000000,0.039345,202,208,0.000000
5,173,9,0.042654,0.000000,0.039345,202,209,0.000000
5,174,9,0.042654,0.000000,0.058170,202,207,0.000000
5,175,9,0.042654,0.000000,0.058170,202,209,0.000000
5,176,13,0.061611,0.000000,0.064759,198,190,0.000000
5,177,13,0.061611,0.000000,0.058170,198,187,0.000000
5,178,13,0.061611,0.000000,0.080384,198,189,0.000000
5,179,13,0.061611,0.000000,0.077184,198,194,0.000000
5,180,7,0.033175,0.000000,0.056476,204,218,0.000000
5,181,7,0.033175,0.000000,0.039345,204,227,0.000000
5,182,9,0.042654,0.000000,0.039345,202,205,0.000000
5,183,9,0.042654,0.000000,0.039345,202,206,0.000000
5,184,9,0.042654,0.000000,0.056476,202,212,0.000000
5,185,9,0.042654,0.000000,0.039345,202,222,0.000000
5,186,9,0.042654,0.000000,0.039345,202,215,0.000000
5,187,9,0.042654,0.000000,0.039345,202,215,0.000000
5,188,13,0.061611,0.000000,0.039345,198,197,0.000000
5,189,13,0.061611,0.000000,0.056476,198,197,0.000000
5,190,13,0.061611,0.000000,0.039345,198,194,0.000000
5,191,13,0.061611,0.000000,0.039345,198,196,0.000000
5,192,6,0.028436,0.000000,0.064759,205,226,0.000000
5,193,6,0.028436,0.000000,0.053087,205,237,0.000000
5,194,7,0.033175,0.000000,0.064759,204,220,0.000000
5,195,7,0.033175,0.000000,0.053087,204,223,0.000000
5,196,7,0.033175,0.000000,0.053087,204,230,0.000000
5,197,7,0.033175,0.000000,0.053087,204,235,0.000000
5,198,7,0.033175,0.000000,0.060241,204,229,0.000000
5,199,7,0.033175,0.000000,0.060241,204,231,0.000000
5,200,9,0.042654,0.000000,0.056288,202,219,0.000000
5,201,9,0.042654,0.000000,0.060241,202,221,0.000000
5,202,9,0.042654,0.000000,0.060241,202,217,0.000000
5,203,9,0.042654,0.000000,0.057041,202,222,0.000000
5,204,17,0.080569,0.000000,0.039345,194,174,0.000000
5,205,17,0.080569,0.000000,0.070218,194,170,0.000000
5,206,17,0.080569,0.000000,0.071913,194,182,0.000000
5,207,17,0.080569,0.000000,0.053087,194,173,0.000000
5,208,55,0.260664,0.019955,0.239223,156,65,0.565830
5,209,55,0.260664,0.206466,1.033321,156,64,0.163789
5,210,55,0.260664,0.013366,0.337679,156,100,0.010603
5,211,55,0.260664,0.019390,0.239787,156,62,0.015382
6,0,8,0.037915,0.000000,0.029304,203,212,0.000000
6,1,8,0.037915,0.000000,0.003663,203,118,0.000000
6,2,12,0.056872,0.000000,0.904762,199,148,0.000000
6,3,12,0.056872,0.010989,0.904762,199,92,0.559060
6,4,12,0.056872,0.000000,0.908425,199,183,0.000000
6,5,12,0.056872,0.000000,0.882784,199,148,0.000000
6,6,12,0.056872,0.000000,1.813187,199,128,0.000000
6,7,12,0.056872,0.000000,1.813187,199,110,0.000000
6,8,20,0.094787,0.534799,2.703297,191,65,0.990940
6,9,20,0.094787,0.545788,2.725275,191,66,0.450000
6,10,20,0.094787,0.476190,2.717949,191,70,0.392617
6,11,20,0.094787,0.498168,2.677656,191,57,0.410738
6,12,10,0.047393,0.000000,0.285714,201,167,0.000000
6,13,10,0.047393,0.000000,0.293040,201,100,0.000000
6,14,14,0.066351,0.000000,0.945055,197,114,0.000000
6,15,14,0.066351,0.007326,0.945055,197,80,0.006040
6,16,14,0.066351,0.000000,0.974359,197,144,0.000000
6,17,14,0.066351,0.000000,0.981685,197,114,0.000000
6,18,14,0.066351,0.000000,1.670330,197,122,0.000000
6,19,14,0.066351,0.000000,1.670330,197,105,0.000000
6,20,22,0.104265,0.135531,2.296703,189,81,0.111745
6,21,22,0.104265,0.161172,2.388278,189,69,0.132886
6,22,22,0.104265,0.201465,2.340659,189,77,0.166107
6,23,22,0.104265,0.208791,2.366300,189,75,0.172148
6,24,10,0.047393,0.000000,0.084249,201,125,0.000000
6,25,10,0.047393,0.000000,0.065934,201,103,0.000000
6,26,14,0.066351,0.014652,0.315018,197,103,0.562081
6,27,14,0.066351,0.000000,0.315018,197,84,0.000000
6,28,14,0.066351,0.000000,0.285714,197,116,0.000000
6,29,14,0.066351,0.000000,0.267399,197,105,0.000000
6,30,14,0.066351,0.000000,0.512821,197,125,0.000000
6,31,14,0.066351,0.000000,0.512821,197,115,0.000000
6,32,22,0.104265,0.025641,0.772894,189,90,0.571141
6,33,22,0.104265,0.000000,0.732601,189,82,0.000000
6,34,22,0.104265,0.010989,0.761905,189,84,0.559060
6,35,22,0.104265,0.000000,0.706960,189,91,0.000000
6,36,8,0.037915,0.000000,0.139194,203,193,0.000000
6,37,8,0.037915,0.000000,0.153846,203,189,0.000000
6,38,10,0.047393,0.000000,0.153846,201,180,0.000000
6,39,10,0.047393,0.000000,0.153846,201,184,0.000000
6,40,10,0.047393,0.000000,0.150183,201,188,0.000000
6,41,10,0.047393,0.000000,0.164835,201,176,0.000000
6,42,10,0.047393,0.000000,0.168498,201,185,0.000000
6,43,10,0.047393,0.000000,0.168498,201,189,0.000000
6,44,14,0.066351,0.000000,0.164835,197,170,0.000000
6,45,14,0.066351,0.000000,0.194139,197,166,0.000000
6,46,14,0.066351,0.000000,0.183150,197,172,0.000000
6,47,14,0.066351,0.000000,0.194139,197,170,0.000000
6,48,30,0.142180,0.007326,0.410256,181,65,0.006040
6,49,30,0.142180,0.223443,1.120879,181,56,0.734228
6,50,30,0.142180,0.065934,0.483516,181,102,0.054362
6,51,30,0.142180,0.062271,0.410256,181,64,0.051342
6,52,9,0.042654,0.000000,0.260073,202,176,0.000000
6,53,9,0.042654,0.000000,0.227106,202,114,0.000000
6,54,13,0.061611,0.003663,0.956044,198,135,0.003020
6,55,13,0.061611,0.000000,0.948718,198,92,0.000000
6,56,13,0.061611,0.000000,0.930403,198,151,0.000000
6,57,13,0.061611,0.000000,0.904762,198,132,0.000000
6,58,13,0.061611,0.000000,1.615385,198,135,0.000000
6,59,13,0.061611,0.000000,1.615385,198,126,0.000000
6,60,21,0.099526,0.168498,2.333333,190,82,0.138926
6,61,21,0.099526,0.109890,2.318681,190,77,0.090604
6,62,21,0.099526,0.201465,2.336996,190,89,0.166107
6,63,21,0.099526,0.164835,2.307692,190,86,0.135906
6,64,11,0.052133,0.000000,0.479853,200,147,0.000000
6,65,11,0.052133,0.000000,0.468864,200,96,0.000000
6,66,15,0.071090,0.000000,1.029304,196,106,0.000000
6,67,15,0.071090,0.010989,1.014652,196,86,0.009060
6,68,15,0.071090,0.000000,0.952381,196,135,0.000000
6,69,15,0.071090,0.000000,0.956044,196,119,0.000000
6,70,15,0.071090,0.000000,1.523810,196,118,0.000000
6,71,15,0.071090,0.000000,1.523810,196,117,0.000000
6,72,23,0.109005,0.054945,2.000000,188,94,0.045302
6,73,23,0.109005,0.087912,2.036630,188,85,0.072483
6,74,23,0.109005,0.000000,2.084249,188,83,0.000000
6,75,23,0.109005,0.047619,2.073260,188,93,0.039262
6,76,11,0.052133,0.000000,0.307692,200,116,0.000000
6,77,11,0.052133,0.000000,0.293040,200,103,0.000000
6,78,15,0.071090,0.000000,0.454212,196,99,0.000000
6,79,15,0.071090,0.000000,0.454212,196,93,0.000000
6,80,15,0.071090,0.000000,0.509158,196,103,0.000000
6,81,15,0.071090,0.000000,0.494505,196,103,0.000000
6,82,15,0.071090,0.000000,0.637363,196,118,0.000000
6,83,15,0.071090,0.000000,0.637363,196,110,0.000000
6,84,23,0.109005,0.003663,0.864469,188,91,0.003020
6,85,23,0.109005,0.014652,0.853480,188,86,0.012081
6,86,23,0.109005,0.000000,0.798535,188,87,0.000000
6,87,23,0.109005,0.000000,0.791209,188,90,0.000000
6,88,9,0.042654,0.000000,0.311355,202,185,0.000000
6,89,9,0.042654,0.000000,0.318681,202,197,0.000000
6,90,11,0.052133,0.000000,0.311355,200,175,0.000000
6,91,11,0.052133,0.000000,0.304029,200,181,0.000000
6,92,11,0.052133,0.000000,0.315018,200,189,0.000000
6,93,11,0.052133,0.000000,0.329670,200,192,0.000000
6,94,11,0.052133,0.000000,0.329670,200,186,0.000000
6,95,11,0.052133,0.000000,0.329670,200,190,0.000000
6,96,15,0.071090,0.000000,0.315018,196,172,0.000000
6,97,15,0.071090,0.000000,0.355311,196,174,0.000000
6,98,15,0.071090,0.000000,0.329670,196,171,0.000000
6,99,15,0.071090,0.000000,0.340659,196,171,0.000000
6,100,31,0.146919,0.062271,0.582418,180,82,0.051342
6,101,31,0.146919,0.051282,1.091575,180,71,0.042282
6,102,31,0.146919,0.000000,0.589744,180,111,0.000000
6,103,31,0.146919,0.007326,0.534799,180,80,0.006040
6,104,9,0.042654,0.000000,0.021978,202,132,0.000000
6,105,9,0.042654,0.007326,0.014652,202,103,0.556040
6,106,13,0.061611,0.000000,0.208791,198,110,0.000000
6,107,13,0.061611,0.000000,0.208791,198,94,0.000000
6,108,13,0.061611,0.000000,0.223443,198,123,0.000000
6,109,13,0.061611,0.000000,0.216117,198,124,0.000000
6,110,13,0.061611,0.000000,0.446886,198,125,0.000000
6,111,13,0.061611,0.000000,0.446886,198,124,0.000000
6,112,21,0.099526,0.010989,0.622711,190,94,0.559060
6,113,21,0.099526,0.014652,0.663004,190,88,0.562081
6,114,21,0.099526,0.000000,0.644689,190,99,0.000000
6,115,21,0.099526,0.000000,0.633700,190,100,0.000000
6,116,11,0.052133,0.000000,0.062271,200,122,0.000000
6,117,11,0.052133,0.000000,0.065934,200,99,0.000000
6,118,15,0.071090,0.000000,0.186813,196,104,0.000000
6,119,15,0.071090,0.007326,0.186813,196,90,0.556040
6,120,15,0.071090,0.000000,0.263736,196,118,0.000000
6,121,15,0.071090,0.000000,0.267399,196,106,0.000000
6,122,15,0.071090,0.000000,0.399267,196,113,0.000000
6,123,15,0.071090,0.000000,0.399267,196,114,0.000000
6,124,23,0.109005,0.000000,0.553114,188,95,0.000000
6,125,23,0.109005,0.000000,0.604396,188,90,0.000000
6,126,23,0.109005,0.000000,0.523810,188,90,0.000000
6,127,23,0.109005,0.000000,0.560440,188,100,0.000000
6,128,11,0.052133,0.000000,0.021978,200,105,0.000000
6,129,11,0.052133,0.007326,0.010989,200,107,0.556040
6,130,15,0.071090,0.000000,0.098901,196,96,0.000000
6,131,15,0.071090,0.000000,0.098901,196,96,0.000000
6,132,15,0.071090,0.000000,0.021978,196,102,0.000000
6,133,15,0.071090,0.000000,0.010989,196,103,0.000000
6,134,15,0.071090,0.000000,0.113553,196,105,0.000000
6,135,15,0.071090,0.000000,0.113553,196,108,0.000000
6,136,23,0.109005,0.000000,0.146520,188,91,0.000000
6,137,23,0.109005,0.000000,0.124542,188,88,0.000000
6,138,23,0.109005,0.000000,0.201465,188,92,0.000000
6,139,23,0.109005,0.000000,0.153846,188,92,0.000000
6,140,9,0.042654,0.000000,0.080586,202,164,0.000000
6,141,9,0.042654,0.000000,0.080586,202,164,0.000000
6,142,11,0.052133,0.000000,0.095238,200,150,0.000000
6,143,11,0.052133,0.000000,0.095238,200,158,0.000000
6,144,11,0.052133,0.000000,0.080586,200,161,0.000000
6,145,11,0.052133,0.000000,0.080586,200,163,0.000000
6,146,11,0.052133,0.000000,0.084249,200,161,0.000000
6,147,11,0.052133,0.000000,0.084249,200,167,0.000000
6,148,15,0.071090,0.000000,0.095238,196,160,0.000000
6,149,15,0.071090,0.000000,0.084249,196,161,0.000000
6,150,15,0.071090,0.000000,0.098901,196,146,0.000000
6,151,15,0.071090,0.000000,0.098901,196,158,0.000000
6,152,31,0.146919,0.007326,0.069597,180,90,0.556040
6,153,31,0.146919,0.003663,0.282051,180,79,0.553020
6,154,31,0.146919,0.000000,0.150183,180,111,0.000000
6,155,31,0.146919,0.000000,0.124542,180,90,0.000000
6,156,6,0.028436,0.000000,0.040293,205,221,0.000000
6,157,6,0.028436,0.000000,0.025641,205,229,0.000000
6,158,8,0.037915,0.000000,0.047619,203,213,0.000000
6,159,8,0.037915,0.000000,0.040293,203,208,0.000000
6,160,8,0.037915,0.000000,0.032967,203,215,0.000000
6,161,8,0.037915,0.000000,0.025641,203,220,0.000000
6,162,8,0.037915,0.000000,0.036630,203,211,0.000000
6,163,8,0.037915,0.000000,0.036630,203,215,0.000000
6,164,12,0.056872,0.000000,0.040293,199,193,0.000000
6,165,12,0.056872,0.000000,0.043956,199,186,0.000000
6,166,12,0.056872,0.000000,0.051282,199,190,0.000000
6,167,12,0.056872,0.000000,0.051282,199,197,0.000000
6,168,7,0.033175,0.000000,0.043956,204,208,0.000000
6,169,7,0.033175,0.000000,0.029304,204,211,0.000000
6,170,9,0.042654,0.000000,0.058608,202,197,0.000000
6,171,9,0.042654,0.000000,0.043956,202,198,0.000000
6,172,9,0.042654,0.000000,0.029304,202,208,0.000000
6,173,9,0.042654,0.000000,0.029304,202,209,0.000000
6,174,9,0.042654,0.000000,0.040293,202,207,0.000000
6,175,9,0.042654,0.000000,0.040293,202,209,0.000000
6,176,13,0.061611,0.000000,0.043956,198,190,0.000000
6,177,13,0.061611,0.000000,0.040293,198,187,0.000000
6,178,13,0.061611,0.000000,0.054945,198,189,0.000000
6,179,13,0.061611,0.000000,0.054945,198,194,0.000000
6,180,7,0.033175,0.000000,0.032967,204,218,0.000000
6,181,7,0.033175,0.000000,0.025641,204,227,0.000000
6,182,9,0.042654,0.000000,0.025641,202,205,0.000000
6,183,9,0.042654,0.000000,0.025641,202,206,0.000000
6,184,9,0.042654,0.000000,0.032967,202,212,0.000000
6,185,9,0.042654,0.000000,0.025641,202,222,0.000000
6,186,9,0.042654,0.000000,0.025641,202,215,0.000000
6,187,9,0.042654,0.000000,0.025641,202,215,0.000000
6,188,13,0.061611,0.000000,0.025641,198,197,0.000000
6,189,13,0.061611,0.000000,0.032967,198,197,0.000000
6,190,13,0.061611,0.000000,0.025641,198,194,0.000000
6,191,13,0.061611,0.000000,0.025641,198,196,0.000000
6,192,6,0.028436,0.000000,0.040293,205,226,0.000000
6,193,6,0.028436,0.000000,0.032967,205,237,0.000000
6,194,7,0.033175,0.000000,0.040293,204,220,0.000000
6,195,7,0.033175,0.000000,0.032967,204,223,0.000000
6,196,7,0.033175,0.000000,0.032967,204,230,0.000000
6,197,7,0.033175,0.000000,0.032967,204,235,0.000000
6,198,7,0.033175,0.000000,0.032967,204,229,0.000000
6,199,7,0.033175,0.000000,0.032967,204,231,0.000000
6,200,9,0.042654,0.000000,0.032967,202,219,0.000000
6,201,9,0.042654,0.000000,0.032967,202,221,0.000000
6,202,9,0.042654,0.000000,0.032967,202,217,0.000000
6,203,9,0.042654,0.000000,0.032967,202,222,0.000000
6,204,17,0.080569,0.000000,0.029304,194,174,0.000000
6,205,17,0.080569,0.000000,0.040293,194,170,0.000000
6,206,17,0.080569,0.000000,0.043956,194,182,0.000000
6,207,17,0.080569,0.000000,0.036630,194,173,0.000000
6,208,55,0.260664,0.014652,0.249084,156,66,0.012081
6,209,55,0.260664,0.227106,1.025641,156,64,0.737248
6,210,55,0.260664,0.010989,0.311355,156,100,0.009060
6,211,55,0.260664,0.010989,0.252747,156,62,0.009060
7,0,8,0.037915,0.000000,0.025734,203,212,0.000000
7,1,8,0.037915,0.007945,0.000000,203,118,0.556416
7,2,12,0.056872,0.000000,0.913939,199,148,0.000000
7,3,12,0.056872,0.002777,0.905994,199,93,0.552243
7,4,12,0.056872,0.000000,0.913095,199,183,0.000000
7,5,12,0.056872,0.000000,0.895307,199,148,0.000000
7,6,12,0.056872,0.000000,1.798945,199,128,0.000000
7,7,12,0.056872,0.000000,1.798945,199,110,0.000000
7,8,20,0.094787,0.533697,2.700018,191,66,0.980952
7,9,20,0.094787,0.557286,2.712041,191,66,0.450000
7,10,20,0.094787,0.503428,2.704939,191,70,0.406510
7,11,20,0.094787,0.508806,2.701529,191,57,0.410854
7,12,10,0.047393,0.000000,0.272104,201,167,0.000000
7,13,10,0.047393,0.000000,0.269960,201,100,0.000000
7,14,14,0.066351,0.000000,0.948532,197,114,0.000000
7,15,14,0.066351,0.000000,0.940587,197,80,0.000000
7,16,14,0.066351,0.000000,0.961997,197,144,0.000000
7,17,14,0.066351,0.000000,0.967798,197,114,0.000000
7,18,14,0.066351,0.000000,1.672737,197,122,0.000000
7,19,14,0.066351,0.000000,1.672737,197,105,0.000000
7,20,22,0.104265,0.141993,2.314853,189,81,0.664657
7,21,22,0.104265,0.146388,2.381930,189,69,0.118206
7,22,22,0.104265,0.197469,2.351942,189,77,0.159453
7,23,22,0.104265,0.198066,2.373352,189,75,0.159936
7,24,10,0.047393,0.000000,0.089049,201,125,0.000000
7,25,10,0.047393,0.000000,0.074038,201,103,0.000000
7,26,14,0.066351,0.008578,0.315873,197,104,0.556927
7,27,14,0.066351,0.000000,0.315873,197,84,0.000000
7,28,14,0.066351,0.000000,0.286518,197,116,0.000000
7,29,14,0.066351,0.000000,0.271506,197,105,0.000000
7,30,14,0.066351,0.000000,0.504517,197,125,0.000000
7,31,14,0.066351,0.000000,0.504517,197,115,0.000000
7,32,22,0.104265,0.011355,0.750009,189,91,0.559169
7,33,22,0.104265,0.000000,0.716998,189,82,0.000000
7,34,22,0.104265,0.000000,0.746353,189,85,0.000000
7,35,22,0.104265,0.014379,0.707154,189,91,0.011611
7,36,8,0.037915,0.000000,0.165864,203,193,0.000000
7,37,8,0.037915,0.000000,0.174442,203,189,0.000000
7,38,10,0.047393,0.000000,0.180911,201,180,0.000000
7,39,10,0.047393,0.000000,0.180911,201,184,0.000000
7,40,10,0.047393,0.000000,0.165864,201,188,0.000000
7,41,10,0.047393,0.000000,0.174442,201,176,0.000000
7,42,10,0.047393,0.000000,0.208754,201,185,0.000000
7,43,10,0.047393,0.000000,0.208754,201,189,0.000000
7,44,14,0.066351,0.000000,0.195289,197,170,0.000000
7,45,14,0.066351,0.000000,0.217332,197,166,0.000000
7,46,14,0.066351,0.000000,0.223800,197,172,0.000000
7,47,14,0.066351,0.000000,0.209422,197,170,0.000000
7,48,30,0.142180,0.021445,0.414379,181,65,0.567316
7,49,30,0.142180,0.215679,1.124697,181,57,0.174158
7,50,30,0.142180,0.074038,0.493760,181,102,0.059784
7,51,30,0.142180,0.065460,0.422324,181,64,0.052858
7,52,9,0.042654,0.000000,0.229812,202,176,0.000000
7,53,9,0.042654,0.000000,0.219089,202,114,0.000000
7,54,13,0.061611,0.000000,0.935665,198,135,0.000000
7,55,13,0.061611,0.000000,0.927720,198,92,0.000000
7,56,13,0.061611,0.000000,0.922763,198,151,0.000000
7,57,13,0.061611,0.000000,0.919986,198,132,0.000000
7,58,13,0.061611,0.000000,1.624609,198,135,0.000000
7,59,13,0.061611,0.000000,1.624609,198,126,0.000000
7,60,21,0.099526,0.172719,2.347724,190,82,0.689468
7,61,21,0.099526,0.106873,2.328283,190,77,0.086298
7,62,21,0.099526,0.194410,2.333240,190,89,0.156983
7,63,21,0.099526,0.153243,2.315029,190,86,0.123741
7,64,11,0.052133,0.000000,0.445491,200,147,0.000000
7,65,11,0.052133,0.000000,0.443347,200,96,0.000000
7,66,15,0.071090,0.000000,1.003269,196,106,0.000000
7,67,15,0.071090,0.015011,0.995324,196,86,0.562121
7,68,15,0.071090,0.000000,0.940974,196,135,0.000000
7,69,15,0.071090,0.000000,0.948919,196,119,0.000000
7,70,15,0.071090,0.000000,1.520162,196,118,0.000000
7,71,15,0.071090,0.000000,1.520162,196,117,0.000000
7,72,23,0.109005,0.051819,2.026824,188,94,0.591843
7,73,23,0.109005,0.095447,2.034945,188,85,0.077072
7,74,23,0.109005,0.000000,2.080717,188,83,0.000000
7,75,23,0.109005,0.038601,2.060362,188,93,0.031170
7,76,11,0.052133,0.000000,0.293127,200,116,0.000000
7,77,11,0.052133,0.000000,0.293127,200,103,0.000000
7,78,15,0.071090,0.000000,0.442714,196,99,0.000000
7,79,15,0.071090,0.000000,0.442714,196,93,0.000000
7,80,15,0.071090,0.000000,0.490596,196,103,0.000000
7,81,15,0.071090,0.000000,0.490596,196,103,0.000000
7,82,15,0.071090,0.000000,0.656143,196,118,0.000000
7,83,15,0.071090,0.000000,0.656143,196,110,0.000000
7,84,23,0.109005,0.017156,0.850483,188,91,0.563853
7,85,23,0.109005,0.015047,0.853612,188,86,0.012150
7,86,23,0.109005,0.000000,0.805730,188,87,0.000000
7,87,23,0.109005,0.000000,0.792899,188,90,0.000000
7,88,9,0.042654,0.000000,0.313060,202,185,0.000000
7,89,9,0.042654,0.000000,0.321638,202,197,0.000000
7,90,11,0.052133,0.000000,0.314572,200,175,0.000000
7,91,11,0.052133,0.000000,0.314572,200,181,0.000000
7,92,11,0.052133,0.000000,0.313060,200,189,0.000000
7,93,11,0.052133,0.000000,0.323783,200,192,0.000000
7,94,11,0.052133,0.000000,0.355950,200,186,0.000000
7,95,11,0.052133,0.000000,0.355950,200,190,0.000000
7,96,15,0.071090,0.000000,0.333837,196,172,0.000000
7,97,15,0.071090,0.000000,0.364528,196,174,0.000000
7,98,15,0.071090,0.000000,0.357462,196,171,0.000000
7,99,15,0.071090,0.000000,0.342485,196,171,0.000000
7,100,31,0.146919,0.065460,0.574266,180,82,0.602858
7,101,31,0.146919,0.045702,1.097170,180,71,0.036904
7,102,31,0.146919,0.000000,0.583864,180,111,0.000000
7,103,31,0.146919,0.013500,0.537318,180,80,0.010901
7,104,9,0.042654,0.000000,0.015011,202,132,0.000000
7,105,9,0.042654,0.000000,0.000000,202,104,0.000000
7,106,13,0.061611,0.000000,0.202320,198,110,0.000000
7,107,13,0.061611,0.000000,0.202320,198,94,0.000000
7,108,13,0.061611,0.000000,0.209422,198,123,0.000000
7,109,13,0.061611,0.000000,0.194410,198,124,0.000000
7,110,13,0.061611,0.000000,0.416382,198,125,0.000000
7,111,13,0.061611,0.000000,0.416382,198,124,0.000000
7,112,21,0.099526,0.000000,0.588574,190,95,0.000000
7,113,21,0.099526,0.001758,0.625804,190,89,0.001419
7,114,21,0.099526,0.000000,0.618703,190,99,0.000000
7,115,21,0.099526,0.000000,0.621269,190,100,0.000000
7,116,11,0.052133,0.000000,0.045702,200,122,0.000000
7,117,11,0.052133,0.000000,0.045702,200,99,0.000000
7,118,15,0.071090,0.000000,0.167622,196,104,0.000000
7,119,15,0.071090,0.000000,0.167622,196,91,0.000000
7,120,15,0.071090,0.000000,0.240112,196,118,0.000000
7,121,15,0.071090,0.000000,0.240112,196,106,0.000000
7,122,15,0.071090,0.000000,0.388821,196,113,0.000000
7,123,15,0.071090,0.000000,0.388821,196,114,0.000000
7,124,23,0.109005,0.010722,0.515275,188,95,0.558658
7,125,23,0.109005,0.003199,0.583231,188,90,0.002583
7,126,23,0.109005,0.000000,0.510740,188,90,0.000000
7,127,23,0.109005,0.012234,0.551907,188,100,0.009879
7,128,11,0.052133,0.000000,0.015011,200,105,0.000000
7,129,11,0.052133,0.000000,0.000000,200,108,0.000000
7,130,15,0.071090,0.000000,0.095447,196,96,0.000000
7,131,15,0.071090,0.000000,0.095447,196,96,0.000000
7,132,15,0.071090,0.000000,0.015011,196,102,0.000000
7,133,15,0.071090,0.000000,0.000000,196,103,0.000000
7,134,15,0.071090,0.002144,0.090420,196,105,0.001732
7,135,15,0.071090,0.000000,0.090420,196,108,0.000000
7,136,23,0.109005,0.014414,0.134048,188,91,0.561639
7,137,23,0.109005,0.001512,0.105432,188,88,0.001221
7,138,23,0.109005,0.000000,0.185867,188,92,0.000000
7,139,23,0.109005,0.002742,0.147267,188,92,0.002214
7,140,9,0.042654,0.000000,0.078959,202,164,0.000000
7,141,9,0.042654,0.000000,0.078959,202,164,0.000000
7,142,11,0.052133,0.000000,0.094006,200,150,0.000000
7,143,11,0.052133,0.000000,0.094006,200,158,0.000000
7,144,11,0.052133,0.000000,0.078959,200,161,0.000000
7,145,11,0.052133,0.000000,0.078959,200,163,0.000000
7,146,11,0.052133,0.000000,0.096115,200,161,0.000000
7,147,11,0.052133,0.000000,0.096115,200,167,0.000000
7,148,15,0.071090,0.000000,0.094006,196,160,0.000000
7,149,15,0.071090,0.000000,0.096115,196,161,0.000000
7,150,15,0.071090,0.000000,0.111162,196,146,0.000000
7,151,15,0.071090,0.000000,0.111162,196,158,0.000000
7,152,31,0.146919,0.007066,0.059202,180,91,0.555706
7,153,31,0.146919,0.000000,0.279838,180,80,0.000000
7,154,31,0.146919,0.000000,0.156864,180,111,0.000000
7,155,31,0.146919,0.000000,0.111162,180,90,0.000000
7,156,6,0.028436,0.000000,0.030023,205,221,0.000000
7,157,6,0.028436,0.000000,0.030023,205,229,0.000000
7,158,8,0.037915,0.000000,0.034980,203,213,0.000000
7,159,8,0.037915,0.000000,0.034980,203,208,0.000000
7,160,8,0.037915,0.000000,0.030023,203,215,0.000000
7,161,8,0.037915,0.000000,0.030023,203,220,0.000000
7,162,8,0.037915,0.000000,0.052979,203,211,0.000000
7,163,8,0.037915,0.000000,0.052979,203,215,0.000000
7,164,12,0.056872,0.000000,0.047214,199,193,0.000000
7,165,12,0.056872,0.000000,0.052979,199,186,0.000000
7,166,12,0.056872,0.000000,0.057936,199,190,0.000000
7,167,12,0.056872,0.000000,0.045702,199,197,0.000000
7,168,7,0.033175,0.000000,0.030023,204,208,0.000000
7,169,7,0.033175,0.000000,0.030023,204,211,0.000000
7,170,9,0.042654,0.000000,0.033292,202,197,0.000000
7,171,9,0.042654,0.000000,0.033292,202,198,0.000000
7,172,9,0.042654,0.000000,0.030023,202,208,0.000000
7,173,9,0.042654,0.000000,0.032167,202,209,0.000000
7,174,9,0.042654,0.000000,0.047179,202,207,0.000000
7,175,9,0.042654,0.000000,0.047179,202,209,0.000000
7,176,13,0.061611,0.000000,0.038179,198,190,0.000000
7,177,13,0.061611,0.000000,0.047179,198,187,0.000000
7,178,13,0.061611,0.000000,0.050448,198,189,0.000000
7,179,13,0.061611,0.000000,0.049851,198,194,0.000000
7,180,7,0.033175,0.000000,0.030023,204,218,0.000000
7,181,7,0.033175,0.000000,0.030023,204,227,0.000000
7,182,9,0.042654,0.000000,0.033222,202,205,0.000000
7,183,9,0.042654,0.000000,0.033222,202,206,0.000000
7,184,9,0.042654,0.000000,0.030023,202,212,0.000000
7,185,9,0.042654,0.000000,0.030023,202,222,0.000000
7,186,9,0.042654,0.000000,0.052979,202,215,0.000000
7,187,9,0.042654,0.000000,0.052979,202,215,0.000000
7,188,13,0.061611,0.000000,0.045456,198,197,0.000000
7,189,13,0.061611,0.000000,0.052979,198,197,0.000000
7,190,13,0.061611,0.000000,0.056179,198,194,0.000000
7,191,13,0.061611,0.000000,0.043944,198,196,0.000000
7,192,6,0.028436,0.000000,0.037089,205,226,0.000000
7,193,6,0.028436,0.000000,0.037089,205,237,0.000000
7,194,7,0.033175,0.000000,0.038601,204,220,0.000000
7,195,7,0.033175,0.000000,0.038601,204,223,0.000000
7,196,7,0.033175,0.000000,0.037089,204,230,0.000000
7,197,7,0.033175,0.000000,0.039234,204,235,0.000000
7,198,7,0.033175,0.000000,0.054245,204,229,0.000000
7,199,7,0.033175,0.000000,0.054245,204,231,0.000000
7,200,9,0.042654,0.000000,0.043487,202,219,0.000000
7,201,9,0.042654,0.000000,0.054245,202,221,0.000000
7,202,9,0.042654,0.000000,0.055757,202,217,0.000000
7,203,9,0.042654,0.000000,0.055159,202,222,0.000000
7,204,17,0.080569,0.000000,0.030023,194,174,0.000000
7,205,17,0.080569,0.000000,0.063245,194,170,0.000000
7,206,17,0.080569,0.000000,0.057901,194,182,0.000000
7,207,17,0.080569,0.000000,0.037089,194,173,0.000000
7,208,55,0.260664,0.015011,0.234101,156,66,0.012121
7,209,55,0.260664,0.219089,1.015011,156,65,0.176911
7,210,55,0.260664,0.000000,0.304904,156,100,0.000000
7,211,55,0.260664,0.015011,0.234101,156,62,0.562121
8,0,8,0.037915,0.000000,0.034881,203,212,0.000000
8,1,8,0.037915,0.005130,0.007289,203,119,0.554270
8,2,12,0.056872,0.000648,0.909773,199,148,0.000539
8,3,12,0.056872,0.001728,0.904644,199,94,0.551438
8,4,12,0.056872,0.000000,0.894600,199,183,0.000000
8,5,12,0.056872,0.000000,0.872138,199,148,0.000000
8,6,12,0.056872,0.000000,1.761447,199,128,0.000000
8,7,12,0.056872,0.000000,1.761447,199,110,0.000000
8,8,20,0.094787,0.513553,2.654536,191,67,0.427525
8,9,20,0.094787,0.540551,2.663337,191,66,0.450000
8,10,20,0.094787,0.481749,2.666091,191,70,0.401049
8,11,20,0.094787,0.511555,2.645896,191,57,0.975862
8,12,10,0.047393,0.000000,0.318089,201,167,0.000000
8,13,10,0.047393,0.000000,0.314687,201,100,0.000000
8,14,14,0.066351,0.000000,0.974622,197,114,0.000000
8,15,14,0.066351,0.022894,0.969492,197,80,0.569059
8,16,14,0.066351,0.000000,0.993575,197,144,0.000000
8,17,14,0.066351,0.000000,0.995302,197,114,0.000000
8,18,14,0.066351,0.000000,1.651782,197,122,0.000000
8,19,14,0.066351,0.000000,1.651782,197,105,0.000000
8,20,22,0.104265,0.163445,2.313877,189,82,0.136065
8,21,22,0.104265,0.150054,2.347408,189,69,0.124918
8,22,22,0.104265,0.184233,2.314957,189,77,0.153371
8,23,22,0.104265,0.179914,2.331803,189,75,0.699775
8,24,10,0.047393,0.000000,0.116739,201,125,0.000000
8,25,10,0.047393,0.000000,0.088715,201,103,0.000000
8,26,14,0.066351,0.000000,0.330184,197,105,0.000000
8,27,14,0.066351,0.000000,0.330184,197,84,0.000000
8,28,14,0.066351,0.000000,0.300972,197,116,0.000000
8,29,14,0.066351,0.000000,0.272948,197,105,0.000000
8,30,14,0.066351,0.000000,0.525162,197,125,0.000000
8,31,14,0.066351,0.000000,0.525162,197,115,0.000000
8,32,22,0.104265,0.001296,0.750162,189,92,0.001079
8,33,22,0.104265,0.000000,0.737419,189,82,0.000000
8,34,22,0.104265,0.000000,0.766631,189,85,0.000000
8,35,22,0.104265,0.014471,0.715119,189,91,0.562047
8,36,8,0.037915,0.000000,0.200756,203,193,0.000000
8,37,8,0.037915,0.000000,0.196922,203,189,0.000000
8,38,10,0.047393,0.000000,0.195842,201,180,0.000000
8,39,10,0.047393,0.000000,0.195842,201,184,0.000000
8,40,10,0.047393,0.000000,0.200756,201,188,0.000000
8,41,10,0.047393,0.000000,0.196922,201,176,0.000000
8,42,10,0.047393,0.000000,0.216307,201,185,0.000000
8,43,10,0.047393,0.000000,0.216307,201,189,0.000000
8,44,14,0.066351,0.000000,0.210313,197,170,0.000000
8,45,14,0.066351,0.000000,0.222300,197,166,0.000000
8,46,14,0.066351,0.000000,0.216307,197,172,0.000000
8,47,14,0.066351,0.000000,0.201836,197,170,0.000000
8,48,30,0.142180,0.012419,0.490389,181,66,0.010339
8,49,30,0.142180,0.235151,1.174730,181,57,0.195760
8,50,30,0.142180,0.088715,0.528618,181,102,0.073854
8,51,30,0.142180,0.088067,0.495518,181,64,0.623314
8,52,9,0.042654,0.000000,0.248920,202,176,0.000000
8,53,9,0.042654,0.000000,0.219816,202,114,0.000000
8,54,13,0.061611,0.006641,0.916415,198,135,0.005529
8,55,13,0.061611,0.000000,0.911285,198,92,0.000000
8,56,13,0.061611,0.000000,0.909773,198,151,0.000000
8,57,13,0.061611,0.000000,0.885799,198,132,0.000000
8,58,13,0.061611,0.000000,1.631210,198,135,0.000000
8,59,13,0.061611,0.000000,1.631210,198,126,0.000000
8,60,21,0.099526,0.162149,2.283207,190,83,0.134987
8,61,21,0.099526,0.122624,2.322462,190,77,0.102083
8,62,21,0.099526,0.198866,2.323326,190,89,0.165553
8,63,21,0.099526,0.137743,2.283369,190,86,0.114669
8,64,11,0.052133,0.000000,0.468629,200,147,0.000000
8,65,11,0.052133,0.000000,0.454968,200,96,0.000000
8,66,15,0.071090,0.000000,1.000648,196,106,0.000000
8,67,15,0.071090,0.005130,0.995518,196,87,0.004270
8,68,15,0.071090,0.000000,0.945248,196,135,0.000000
8,69,15,0.071090,0.000000,0.950648,196,119,0.000000
8,70,15,0.071090,0.000000,1.534989,196,118,0.000000
8,71,15,0.071090,0.000000,1.534989,196,117,0.000000
8,72,23,0.109005,0.037257,2.027916,188,95,0.031016
8,73,23,0.109005,0.091415,2.026566,188,85,0.076101
8,74,23,0.109005,0.000000,2.076188,188,83,0.000000
8,75,23,0.109005,0.055832,2.035151,188,93,0.046479
8,76,11,0.052133,0.000000,0.330778,200,116,0.000000
8,77,11,0.052133,0.000000,0.307883,200,103,0.000000
8,78,15,0.071090,0.001080,0.459449,196,99,0.000899
8,79,15,0.071090,0.004914,0.459449,196,93,0.004091
8,80,15,0.071090,0.000000,0.515011,196,103,0.000000
8,81,15,0.071090,0.000000,0.492117,196,103,0.000000
8,82,15,0.071090,0.000000,0.665713,196,118,0.000000
8,83,15,0.071090,0.000000,0.665713,196,110,0.000000
8,84,23,0.109005,0.004698,0.838067,188,92,0.003911
8,85,23,0.109005,0.000000,0.872840,188,86,0.000000
8,86,23,0.109005,0.000000,0.817279,188,87,0.000000
8,87,23,0.109005,0.000000,0.807127,188,90,0.000000
8,88,9,0.042654,0.000000,0.327106,202,185,0.000000
8,89,9,0.042654,0.000000,0.319654,202,197,0.000000
8,90,11,0.052133,0.000000,0.320302,200,175,0.000000
8,91,11,0.052133,0.000000,0.320302,200,181,0.000000
8,92,11,0.052133,0.000000,0.327106,200,189,0.000000
8,93,11,0.052133,0.000000,0.333585,200,192,0.000000
8,94,11,0.052133,0.000000,0.346112,200,186,0.000000
8,95,11,0.052133,0.000000,0.346112,200,190,0.000000
8,96,15,0.071090,0.000000,0.359395,196,172,0.000000
8,97,15,0.071090,0.000000,0.353564,196,174,0.000000
8,98,15,0.071090,0.000000,0.346760,196,171,0.000000
8,99,15,0.071090,0.000000,0.335529,196,171,0.000000
8,100,31,0.146919,0.088067,0.631102,180,83,0.073314
8,101,31,0.146919,0.071166,1.124892,180,71,0.059245
8,102,31,0.146919,0.000000,0.603294,180,111,0.000000
8,103,31,0.146919,0.007289,0.555454,180,80,0.006068
8,104,9,0.042654,0.000000,0.005130,202,132,0.000000
8,105,9,0.042654,0.000000,0.006641,202,104,0.000000
8,106,13,0.061611,0.000000,0.214039,198,110,0.000000
8,107,13,0.061611,0.000000,0.214039,198,94,0.000000
8,108,13,0.061611,0.000000,0.203996,198,123,0.000000
8,109,13,0.061611,0.000000,0.205508,198,124,0.000000
8,110,13,0.061611,0.000000,0.392981,198,125,0.000000
8,111,13,0.061611,0.000000,0.392981,198,124,0.000000
8,112,21,0.099526,0.029104,0.606479,190,95,0.574228
8,113,21,0.099526,0.000000,0.603618,190,89,0.000000
8,114,21,0.099526,0.000000,0.607019,190,99,0.000000
8,115,21,0.099526,0.000000,0.612311,190,100,0.000000
8,116,11,0.052133,0.000000,0.076080,200,122,0.000000
8,117,11,0.052133,0.000000,0.078888,200,99,0.000000
8,118,15,0.071090,0.000000,0.193790,196,104,0.000000
8,119,15,0.071090,0.000000,0.193790,196,91,0.000000
8,120,15,0.071090,0.000000,0.274946,196,118,0.000000
8,121,15,0.071090,0.000000,0.277754,196,106,0.000000
8,122,15,0.071090,0.000000,0.375756,196,113,0.000000
8,123,15,0.071090,0.000000,0.375756,196,114,0.000000
8,124,23,0.109005,0.000000,0.530400,188,96,0.000000
8,125,23,0.109005,0.001512,0.587257,188,90,0.551259
8,126,23,0.109005,0.000000,0.498380,188,90,0.000000
8,127,23,0.109005,0.014471,0.559503,188,100,0.562047
8,128,11,0.052133,0.000000,0.005130,200,105,0.000000
8,129,11,0.052133,0.000000,0.000000,200,108,0.000000
8,130,15,0.071090,0.000000,0.091415,196,96,0.000000
8,131,15,0.071090,0.007451,0.091415,196,96,0.556203
8,132,15,0.071090,0.000000,0.005130,196,102,0.000000
8,133,15,0.071090,0.000000,0.000000,196,103,0.000000
8,134,15,0.071090,0.013931,0.093089,196,105,0.561597
8,135,15,0.071090,0.000000,0.093089,196,108,0.000000
8,136,23,0.109005,0.000000,0.147246,188,92,0.000000
8,137,23,0.109005,0.000648,0.098218,188,88,0.550539
8,138,23,0.109005,0.000000,0.184503,188,92,0.000000
8,139,23,0.109005,0.010691,0.128672,188,92,0.558900
8,140,9,0.042654,0.000000,0.100270,202,164,0.000000
8,141,9,0.042654,0.000000,0.096436,202,164,0.000000
8,142,11,0.052133,0.000000,0.095356,200,150,0.000000
8,143,11,0.052133,0.000000,0.095356,200,158,0.000000
8,144,11,0.052133,0.000000,0.100270,200,161,0.000000
8,145,11,0.052133,0.000000,0.096436,200,163,0.000000
8,146,11,0.052133,0.000000,0.100054,200,161,0.000000
8,147,11,0.052133,0.000000,0.100054,200,167,0.000000
8,148,15,0.071090,0.000000,0.095356,196,160,0.000000
8,149,15,0.071090,0.000000,0.106048,196,161,0.000000
8,150,15,0.071090,0.000000,0.100054,196,146,0.000000
8,151,15,0.071090,0.000000,0.100054,196,158,0.000000
8,152,31,0.146919,0.000000,0.078456,180,92,0.000000
8,153,31,0.146919,0.000000,0.284989,180,80,0.000000
8,154,31,0.146919,0.000000,0.177214,180,111,0.000000
8,155,31,0.146919,0.000000,0.159233,180,90,0.000000
8,156,6,0.028436,0.000000,0.010259,205,221,0.000000
8,157,6,0.028436,0.000000,0.010259,205,229,0.000000
8,158,8,0.037915,0.000000,0.011771,203,213,0.000000
8,159,8,0.037915,0.000000,0.011771,203,208,0.000000
8,160,8,0.037915,0.000000,0.010259,203,215,0.000000
8,161,8,0.037915,0.000000,0.010259,203,220,0.000000
8,162,8,0.037915,0.000000,0.053834,203,211,0.000000
8,163,8,0.037915,0.000000,0.053834,203,215,0.000000
8,164,12,0.056872,0.000000,0.026242,199,193,0.000000
8,165,12,0.056872,0.000000,0.053834,199,186,0.000000
8,166,12,0.056872,0.000000,0.055346,199,190,0.000000
8,167,12,0.056872,0.000000,0.040875,199,197,0.000000
8,168,7,0.033175,0.000000,0.017711,204,208,0.000000
8,169,7,0.033175,0.000000,0.010259,204,211,0.000000
8,170,9,0.042654,0.000000,0.010907,202,197,0.000000
8,171,9,0.042654,0.000000,0.010907,202,198,0.000000
8,172,9,0.042654,0.000000,0.017711,202,208,0.000000
8,173,9,0.042654,0.000000,0.024190,202,209,0.000000
8,174,9,0.042654,0.000000,0.050054,202,207,0.000000
8,175,9,0.042654,0.000000,0.050054,202,209,0.000000
8,176,13,0.061611,0.000000,0.035529,198,190,0.000000
8,177,13,0.061611,0.000000,0.057505,198,187,0.000000
8,178,13,0.061611,0.000000,0.050702,198,189,0.000000
8,179,13,0.061611,0.000000,0.053942,198,194,0.000000
8,180,7,0.033175,0.000000,0.010259,204,218,0.000000
8,181,7,0.033175,0.000000,0.010259,204,227,0.000000
8,182,9,0.042654,0.000000,0.011771,202,205,0.000000
8,183,9,0.042654,0.000000,0.011771,202,206,0.000000
8,184,9,0.042654,0.000000,0.010259,202,212,0.000000
8,185,9,0.042654,0.000000,0.010259,202,222,0.000000
8,186,9,0.042654,0.000000,0.024730,202,215,0.000000
8,187,9,0.042654,0.000000,0.024730,202,215,0.000000
8,188,13,0.061611,0.000000,0.026242,198,197,0.000000
8,189,13,0.061611,0.000000,0.024730,198,197,0.000000
8,190,13,0.061611,0.000000,0.026242,198,194,0.000000
8,191,13,0.061611,0.000000,0.011771,198,196,0.000000
8,192,6,0.028436,0.000000,0.017711,205,226,0.000000
8,193,6,0.028436,0.000000,0.010259,205,237,0.000000
8,194,7,0.033175,0.000000,0.010907,204,220,0.000000
8,195,7,0.033175,0.000000,0.010907,204,223,0.000000
8,196,7,0.033175,0.000000,0.017711,204,230,0.000000
8,197,7,0.033175,0.000000,0.024190,204,235,0.000000
8,198,7,0.033175,0.000000,0.020950,204,229,0.000000
8,199,7,0.033175,0.000000,0.020950,204,231,0.000000
8,200,9,0.042654,0.000000,0.035529,202,219,0.000000
8,201,9,0.042654,0.000000,0.028402,202,221,0.000000
8,202,9,0.042654,0.000000,0.021598,202,217,0.000000
8,203,9,0.042654,0.000000,0.024838,202,222,0.000000
8,204,17,0.080569,0.000000,0.010259,194,174,0.000000
8,205,17,0.080569,0.000000,0.026242,194,170,0.000000
8,206,17,0.080569,0.000000,0.042981,194,182,0.000000
8,207,17,0.080569,0.000000,0.010259,194,173,0.000000
8,208,55,0.260664,0.005130,0.224298,156,66,0.004270
8,209,55,0.260664,0.219168,1.005130,156,65,0.732454
8,210,55,0.260664,0.000000,0.307235,156,100,0.000000
8,211,55,0.260664,0.005130,0.224298,156,63,0.004270
9,0,8,0.037915,0.000000,0.013698,203,212,0.000000
9,1,8,0.037915,0.000537,0.013698,203,120,0.550431
9,2,12,0.056872,0.003441,0.934856,199,148,0.002766
9,3,12,0.056872,0.000000,0.934319,199,95,0.000000
9,4,12,0.056872,0.000000,0.935769,199,183,0.000000
9,5,12,0.056872,0.000000,0.936306,199,148,0.000000
9,6,12,0.056872,0.000000,1.850270,199,128,0.000000
9,7,12,0.056872,0.000000,1.850270,199,110,0.000000
9,8,20,0.094787,0.528298,2.782062,191,67,0.424706
9,9,20,0.094787,0.559762,2.799738,191,66,1.000000
9,10,20,0.094787,0.526942,2.784590,191,70,0.423616
9,11,20,0.094787,0.505923,2.782062,191,58,0.406719
9,12,10,0.047393,0.000000,0.259753,201,167,0.000000
9,13,10,0.047393,0.000000,0.257074,201,100,0.000000
9,14,14,0.066351,0.000000,0.967405,197,114,0.000000
9,15,14,0.066351,0.013162,0.942602,197,81,0.010581
9,16,14,0.066351,0.000000,0.982390,197,144,0.000000
9,17,14,0.066351,0.000000,0.980247,197,114,0.000000
9,18,14,0.066351,0.000000,1.703199,197,122,0.000000
9,19,14,0.066351,0.000000,1.678932,197,105,0.000000
9,20,22,0.104265,0.182328,2.348681,189,82,0.146576
9,21,22,0.104265,0.150864,2.411130,189,69,0.121282
9,22,22,0.104265,0.170523,2.392168,189,77,0.137086
9,23,22,0.104265,0.204703,2.408168,189,76,0.164563
9,24,10,0.047393,0.000000,0.074328,201,125,0.000000
9,25,10,0.047393,0.000000,0.071424,201,103,0.000000
9,26,14,0.066351,0.000000,0.324345,197,105,0.000000
9,27,14,0.066351,0.000000,0.324345,197,84,0.000000
9,28,14,0.066351,0.000000,0.273763,197,116,0.000000
9,29,14,0.066351,0.024267,0.270859,197,105,0.569508
9,30,14,0.066351,0.000000,0.513149,197,125,0.000000
9,31,14,0.066351,0.000000,0.513149,197,115,0.000000
9,32,22,0.104265,0.022878,0.768216,189,92,0.568392
9,33,22,0.104265,0.000000,0.736003,189,82,0.000000
9,34,22,0.104265,0.000000,0.776327,189,85,0.000000
9,35,22,0.104265,0.002208,0.731325,189,92,0.551775
9,36,8,0.037915,0.000000,0.101827,203,193,0.000000
9,37,8,0.037915,0.000000,0.096244,203,189,0.000000
9,38,10,0.047393,0.000000,0.138338,201,180,0.000000
9,39,10,0.047393,0.000000,0.114071,201,184,0.000000
9,40,10,0.047393,0.000000,0.101827,201,188,0.000000
9,41,10,0.047393,0.000000,0.096244,201,176,0.000000
9,42,10,0.047393,0.000000,0.147522,201,185,0.000000
9,43,10,0.047393,0.000000,0.123255,201,189,0.000000
9,44,14,0.066351,0.000000,0.116279,197,170,0.000000
9,45,14,0.066351,0.000000,0.128838,197,166,0.000000
9,46,14,0.066351,0.000000,0.165349,197,172,0.000000
9,47,14,0.066351,0.000000,0.138874,197,170,0.000000
9,48,30,0.142180,0.014931,0.362654,181,66,0.012003
9,49,30,0.142180,0.214935,1.095424,181,57,0.722789
9,50,30,0.142180,0.061167,0.424566,181,102,0.049173
9,51,30,0.142180,0.033459,0.363190,181,65,0.026898
9,52,9,0.042654,0.000000,0.243294,202,176,0.000000
9,53,9,0.042654,0.000000,0.228207,202,114,0.000000
9,54,13,0.061611,0.000000,0.940443,198,135,0.000000
9,55,13,0.061611,0.000000,0.939907,198,92,0.000000
9,56,13,0.061611,0.000000,0.940222,198,151,0.000000
9,57,13,0.061611,0.000000,0.925672,198,132,0.000000
9,58,13,0.061611,0.000000,1.654887,198,135,0.000000
9,59,13,0.061611,0.000000,1.654887,198,126,0.000000
9,60,21,0.099526,0.189292,2.351438,190,83,0.152175
9,61,21,0.099526,0.111380,2.373783,190,77,0.089540
9,62,21,0.099526,0.196231,2.370027,190,89,0.157753
9,63,21,0.099526,0.174775,2.353425,190,86,0.140504
9,64,11,0.052133,0.000000,0.445068,200,147,0.000000
9,65,11,0.052133,0.000000,0.443143,200,96,0.000000
9,66,15,0.071090,0.010257,1.032222,196,106,0.008246
9,67,15,0.071090,0.000000,1.007418,196,87,0.000000
9,68,15,0.071090,0.000000,0.991988,196,135,0.000000
9,69,15,0.071090,0.000000,0.990599,196,119,0.000000
9,70,15,0.071090,0.000000,1.538833,196,118,0.000000
9,71,15,0.071090,0.000000,1.514567,196,117,0.000000
9,72,23,0.109005,0.025217,2.073640,188,95,0.020272
9,73,23,0.109005,0.112314,2.070293,188,85,0.090290
9,74,23,0.109005,0.028912,2.106550,188,83,0.023243
9,75,23,0.109005,0.039735,2.110974,188,93,0.031943
9,76,11,0.052133,0.000000,0.299095,200,116,0.000000
9,77,11,0.052133,0.000000,0.285933,200,103,0.000000
9,78,15,0.071090,0.000000,0.436797,196,99,0.000000
9,79,15,0.071090,0.005583,0.436797,196,93,0.004489
9,80,15,0.071090,0.000000,0.469617,196,103,0.000000
9,81,15,0.071090,0.000000,0.456456,196,103,0.000000
9,82,15,0.071090,0.000000,0.673783,196,118,0.000000
9,83,15,0.071090,0.000000,0.673783,196,110,0.000000
9,84,23,0.109005,0.001925,0.812023,188,92,0.001548
9,85,23,0.109005,0.017827,0.857468,188,86,0.014332
9,86,23,0.109005,0.000000,0.824648,188,87,0.000000
9,87,23,0.109005,0.000000,0.790468,188,90,0.000000
9,88,9,0.042654,0.000000,0.273157,202,185,0.000000
9,89,9,0.042654,0.000000,0.273157,202,197,0.000000
9,90,11,0.052133,0.000000,0.300864,200,175,0.000000
9,91,11,0.052133,0.000000,0.276598,200,181,0.000000
9,92,11,0.052133,0.000000,0.293671,200,189,0.000000
9,93,11,0.052133,0.000000,0.293671,200,192,0.000000
9,94,11,0.052133,0.000000,0.330018,200,186,0.000000
9,95,11,0.052133,0.000000,0.305751,200,190,0.000000
9,96,15,0.071090,0.000000,0.306513,196,172,0.000000
9,97,15,0.071090,0.000000,0.326266,196,174,0.000000
9,98,15,0.071090,0.000000,0.333459,196,171,0.000000
9,99,15,0.071090,0.000000,0.320306,196,171,0.000000
9,100,31,0.146919,0.033459,0.534327,180,83,0.026898
9,101,31,0.146919,0.038698,1.056722,180,71,0.031110
9,102,31,0.146919,0.000000,0.568909,180,111,0.000000
9,103,31,0.146919,0.014395,0.515800,180,80,0.011572
9,104,9,0.042654,0.000000,0.000000,202,132,0.000000
9,105,9,0.042654,0.000000,0.010257,202,104,0.000000
9,106,13,0.061611,0.000000,0.223693,198,110,0.000000
9,107,13,0.061611,0.004830,0.223693,198,94,0.553883
9,108,13,0.061611,0.000000,0.225143,198,123,0.000000
9,109,13,0.061611,0.000000,0.235401,198,124,0.000000
9,110,13,0.061611,0.000000,0.429019,198,125,0.000000
9,111,13,0.061611,0.000000,0.429019,198,124,0.000000
9,112,21,0.099526,0.004608,0.663346,190,96,0.553705
9,113,21,0.099526,0.004514,0.664419,190,89,0.553629
9,114,21,0.099526,0.000000,0.652712,190,99,0.000000
9,115,21,0.099526,0.003441,0.663346,190,100,0.552766
9,116,11,0.052133,0.000000,0.044282,200,122,0.000000
9,117,11,0.052133,0.000000,0.038698,200,99,0.000000
9,118,15,0.071090,0.000000,0.167905,196,104,0.000000
9,119,15,0.071090,0.000000,0.167905,196,91,0.000000
9,120,15,0.071090,0.000000,0.240513,196,118,0.000000
9,121,15,0.071090,0.000000,0.234930,196,106,0.000000
9,122,15,0.071090,0.000000,0.404690,196,113,0.000000
9,123,15,0.071090,0.000000,0.404690,196,114,0.000000
9,124,23,0.109005,0.000819,0.538911,188,96,0.550659
9,125,23,0.109005,0.000000,0.606505,188,91,0.000000
9,126,23,0.109005,0.000000,0.533897,188,90,0.000000
9,127,23,0.109005,0.000000,0.555354,188,101,0.000000
9,128,11,0.052133,0.000000,0.000000,200,105,0.000000
9,129,11,0.052133,0.000000,0.010257,200,108,0.000000
9,130,15,0.071090,0.000000,0.112314,196,96,0.000000
9,131,15,0.071090,0.000000,0.112314,196,97,0.000000
9,132,15,0.071090,0.000000,0.028912,196,102,0.000000
9,133,15,0.071090,0.000000,0.039169,196,103,0.000000
9,134,15,0.071090,0.000000,0.064952,196,106,0.000000
9,135,15,0.071090,0.000000,0.064952,196,108,0.000000
9,136,23,0.109005,0.000315,0.180960,188,92,0.550254
9,137,23,0.109005,0.003441,0.104121,188,89,0.552766
9,138,23,0.109005,0.020515,0.177265,188,92,0.566492
9,139,23,0.109005,0.007193,0.166443,188,93,0.555783
9,140,9,0.042654,0.000000,0.053437,202,164,0.000000
9,141,9,0.042654,0.000000,0.047854,202,164,0.000000
9,142,11,0.052133,0.000000,0.065681,200,150,0.000000
9,143,11,0.052133,0.000000,0.065681,200,158,0.000000
9,144,11,0.052133,0.000000,0.053437,200,161,0.000000
9,145,11,0.052133,0.000000,0.047854,200,163,0.000000
9,146,11,0.052133,0.000000,0.049779,200,161,0.000000
9,147,11,0.052133,0.000000,0.049779,200,167,0.000000
9,148,15,0.071090,0.000000,0.065681,196,160,0.000000
9,149,15,0.071090,0.000000,0.055362,196,161,0.000000
9,150,15,0.071090,0.000000,0.067606,196,146,0.000000
9,151,15,0.071090,0.000000,0.067606,196,158,0.000000
9,152,31,0.146919,0.000000,0.053093,180,92,0.000000
9,153,31,0.146919,0.000000,0.264288,180,80,0.000000
9,154,31,0.146919,0.000000,0.111888,180,111,0.000000
9,155,31,0.146919,0.000000,0.072157,180,90,0.000000
9,156,6,0.028436,0.000000,0.004830,205,221,0.000000
9,157,6,0.028436,0.000000,0.000000,205,229,0.000000
9,158,8,0.037915,0.000000,0.004514,203,213,0.000000
9,159,8,0.037915,0.000000,0.004514,203,208,0.000000
9,160,8,0.037915,0.000000,0.004830,203,215,0.000000
9,161,8,0.037915,0.000000,0.000000,203,220,0.000000
9,162,8,0.037915,0.000000,0.008869,203,211,0.000000
9,163,8,0.037915,0.000000,0.008869,203,215,0.000000
9,164,12,0.056872,0.000000,0.007955,199,193,0.000000
9,165,12,0.056872,0.000000,0.013698,199,186,0.000000
9,166,12,0.056872,0.000000,0.013383,199,190,0.000000
9,167,12,0.056872,0.000000,0.009942,199,197,0.000000
9,168,7,0.033175,0.000000,0.004830,204,208,0.000000
9,169,7,0.033175,0.000000,0.000000,204,211,0.000000
9,170,9,0.042654,0.000000,0.007955,202,197,0.000000
9,171,9,0.042654,0.000000,0.007955,202,198,0.000000
9,172,9,0.042654,0.000000,0.025344,202,208,0.000000
9,173,9,0.042654,0.000000,0.020515,202,209,0.000000
9,174,9,0.042654,0.000000,0.015558,202,207,0.000000
9,175,9,0.042654,0.000000,0.015558,202,209,0.000000
9,176,13,0.061611,0.000000,0.039104,198,190,0.000000
9,177,13,0.061611,0.000000,0.040902,198,187,0.000000
9,178,13,0.061611,0.000000,0.023513,198,189,0.000000
9,179,13,0.061611,0.000000,0.033393,198,194,0.000000
9,180,7,0.033175,0.000000,0.000000,204,218,0.000000
9,181,7,0.033175,0.000000,0.000000,204,227,0.000000
9,182,9,0.042654,0.000000,0.000000,202,205,0.000000
9,183,9,0.042654,0.000000,0.000000,202,206,0.000000
9,184,9,0.042654,0.000000,0.000000,202,212,0.000000
9,185,9,0.042654,0.000000,0.000000,202,222,0.000000
9,186,9,0.042654,0.000000,0.000819,202,215,0.000000
9,187,9,0.042654,0.000000,0.000819,202,215,0.000000
9,188,13,0.061611,0.000000,0.000000,198,197,0.000000
9,189,13,0.061611,0.000000,0.000819,198,197,0.000000
9,190,13,0.061611,0.000000,0.000819,198,194,0.000000
9,191,13,0.061611,0.000000,0.000819,198,196,0.000000
9,192,6,0.028436,0.000000,0.000000,205,226,0.000000
9,193,6,0.028436,0.000000,0.000000,205,237,0.000000
9,194,7,0.033175,0.000000,0.003441,204,220,0.000000
9,195,7,0.033175,0.000000,0.003441,204,223,0.000000
9,196,7,0.033175,0.000000,0.020515,204,230,0.000000
9,197,7,0.033175,0.000000,0.020515,204,235,0.000000
9,198,7,0.033175,0.000000,0.007509,204,229,0.000000
9,199,7,0.033175,0.000000,0.007509,204,231,0.000000
9,200,9,0.042654,0.000000,0.031149,202,219,0.000000
9,201,9,0.042654,0.000000,0.028023,202,221,0.000000
9,202,9,0.042654,0.000000,0.010950,202,217,0.000000
9,203,9,0.042654,0.000000,0.024271,202,222,0.000000
9,204,17,0.080569,0.000000,0.000000,194,174,0.000000
9,205,17,0.080569,0.000000,0.000819,194,170,0.000000
9,206,17,0.080569,0.000000,0.031464,194,182,0.000000
9,207,17,0.080569,0.000000,0.000000,194,173,0.000000
9,208,55,0.260664,0.000000,0.224767,156,66,0.000000
9,209,55,0.260664,0.224767,1.000000,156,66,0.730693
9,210,55,0.260664,0.000000,0.274443,156,100,0.000000
9,211,55,0.260664,0.000000,0.224767,156,63,0.000000
10,0,8,0.037915,0.000000,0.020145,203,212,0.000000
10,1,8,0.037915,0.000000,0.019741,203,121,0.000000
10,2,12,0.056872,0.006386,0.922625,199,148,0.555374
10,3,12,0.056872,0.000000,0.922267,199,95,0.000000
10,4,12,0.056872,0.000000,0.915074,199,183,0.000000
10,5,12,0.056872,0.000000,0.915029,199,148,0.000000
10,6,12,0.056872,0.000000,1.819885,199,128,0.000000
10,7,12,0.056872,0.000000,1.819885,199,110,0.000000
10,8,20,0.094787,0.534363,2.727564,191,67,0.999661
10,9,20,0.094787,0.503843,2.754700,191,67,0.423979
10,10,20,0.094787,0.534766,2.742152,191,70,0.450000
10,11,20,0.094787,0.518386,2.727430,191,58,0.436216
10,12,10,0.047393,0.000000,0.286979,201,167,0.000000
10,13,10,0.047393,0.000359,0.294172,201,100,0.000302
10,14,14,0.066351,0.000000,0.982410,197,114,0.000000
10,15,14,0.066351,0.019786,0.968741,197,81,0.566650
10,16,14,0.066351,0.000000,0.985928,197,144,0.000000
10,17,14,0.066351,0.000000,0.993121,197,114,0.000000
10,18,14,0.066351,0.000000,1.690703,197,122,0.000000
10,19,14,0.066351,0.000000,1.677034,197,105,0.000000
10,20,22,0.104265,0.169651,2.346315,189,82,0.692759
10,21,22,0.104265,0.199901,2.383176,189,69,0.168215
10,22,22,0.104265,0.148834,2.372465,189,77,0.125242
10,23,22,0.104265,0.185628,2.379120,189,76,0.156204
10,24,10,0.047393,0.000000,0.090125,201,125,0.000000
10,25,10,0.047393,0.000000,0.083335,201,103,0.000000
10,26,14,0.066351,0.000403,0.317722,197,105,0.550339
10,27,14,0.066351,0.000000,0.317364,197,84,0.000000
10,28,14,0.066351,0.000000,0.286105,197,116,0.000000
10,29,14,0.066351,0.013669,0.279674,197,106,0.561502
10,30,14,0.066351,0.000000,0.516996,197,125,0.000000
10,31,14,0.066351,0.000000,0.516996,197,115,0.000000
10,32,22,0.104265,0.012078,0.750196,189,93,0.560163
10,33,22,0.104265,0.000000,0.746476,189,82,0.000000
10,34,22,0.104265,0.000000,0.764380,189,85,0.000000
10,35,22,0.104265,0.005109,0.724225,189,93,0.004299
10,36,8,0.037915,0.000000,0.142066,203,193,0.000000
10,37,8,0.037915,0.000000,0.142873,203,189,0.000000
10,38,10,0.047393,0.000000,0.162615,201,180,0.000000
10,39,10,0.047393,0.000000,0.148946,201,184,0.000000
10,40,10,0.047393,0.000000,0.142066,201,188,0.000000
10,41,10,0.047393,0.000000,0.142873,201,176,0.000000
10,42,10,0.047393,0.000000,0.172922,201,185,0.000000
10,43,10,0.047393,0.000000,0.159253,201,189,0.000000
10,44,14,0.066351,0.000000,0.154055,197,170,0.000000
10,45,14,0.066351,0.000000,0.160060,197,166,0.000000
10,46,14,0.066351,0.000000,0.179801,197,172,0.000000
10,47,14,0.066351,0.000000,0.161024,197,170,0.000000
10,48,30,0.142180,0.019741,0.427813,181,66,0.016612
10,49,30,0.142180,0.220539,1.136285,181,58,0.185581
10,50,30,0.142180,0.069980,0.467587,181,102,0.058887
10,51,30,0.142180,0.051471,0.428171,181,65,0.593312
10,52,9,0.042654,0.000000,0.251933,202,176,0.000000
10,53,9,0.042654,0.000000,0.226007,202,114,0.000000
10,54,13,0.061611,0.000000,0.935667,198,135,0.000000
10,55,13,0.061611,0.000000,0.929527,198,92,0.000000
10,56,13,0.061611,0.000000,0.929393,198,151,0.000000
10,57,13,0.061611,0.000000,0.909606,198,132,0.000000
10,58,13,0.061611,0.000000,1.634302,198,135,0.000000
10,59,13,0.061611,0.000000,1.634302,198,126,0.000000
10,60,21,0.099526,0.164990,2.323795,190,83,0.138837
10,61,21,0.099526,0.171040,2.350460,190,77,0.143928
10,62,21,0.099526,0.164183,2.344209,190,89,0.138158
10,63,21,0.099526,0.155130,2.317140,190,86,0.130541
10,64,11,0.052133,0.000000,0.446949,200,147,0.000000
10,65,11,0.052133,0.000000,0.466489,200,96,0.000000
10,66,15,0.071090,0.013355,0.964237,196,106,0.011238
10,67,15,0.071090,0.000000,0.950568,196,87,0.000000
10,68,15,0.071090,0.000000,0.987653,196,135,0.000000
10,69,15,0.071090,0.000000,1.007193,196,119,0.000000
10,70,15,0.071090,0.000000,1.530822,196,118,0.000000
10,71,15,0.071090,0.000000,1.517153,196,117,0.000000
10,72,23,0.109005,0.040872,2.021422,188,95,0.034393
10,73,23,0.109005,0.047482,2.090170,188,85,0.039956
10,74,23,0.109005,0.047505,2.040827,188,83,0.039975
10,75,23,0.109005,0.050866,2.037713,188,93,0.042803
10,76,11,0.052133,0.000000,0.315526,200,116,0.000000
10,77,11,0.052133,0.000000,0.289600,200,103,0.000000
10,78,15,0.071090,0.000403,0.495642,196,99,0.000339
10,79,15,0.071090,0.000000,0.489502,196,93,0.000000
10,80,15,0.071090,0.000000,0.458220,196,103,0.000000
10,81,15,0.071090,0.000000,0.438434,196,103,0.000000
10,82,15,0.071090,0.000000,0.644879,196,118,0.000000
10,83,15,0.071090,0.000000,0.644879,196,110,0.000000
10,84,23,0.109005,0.000000,0.823963,188,92,0.000000
10,85,23,0.109005,0.006879,0.813499,188,86,0.005789
10,86,23,0.109005,0.000000,0.844780,188,87,0.000000
10,87,23,0.109005,0.000000,0.807986,188,90,0.000000
10,88,9,0.042654,0.000000,0.297264,202,185,0.000000
10,89,9,0.042654,0.000000,0.316804,202,197,0.000000
10,90,11,0.052133,0.000000,0.310933,200,175,0.000000
10,91,11,0.052133,0.000000,0.297264,200,181,0.000000
10,92,11,0.052133,0.000000,0.303202,200,189,0.000000
10,93,11,0.052133,0.000000,0.322742,200,192,0.000000
10,94,11,0.052133,0.000000,0.328120,200,186,0.000000
10,95,11,0.052133,0.000000,0.314451,200,190,0.000000
10,96,15,0.071090,0.000000,0.308311,196,172,0.000000
10,97,15,0.071090,0.000000,0.339929,196,174,0.000000
10,98,15,0.071090,0.000000,0.328120,196,171,0.000000
10,99,15,0.071090,0.000000,0.315280,196,171,0.000000
10,100,31,0.146919,0.051471,0.562014,180,83,0.043312
10,101,31,0.146919,0.066440,1.097183,180,71,0.055908
10,102,31,0.146919,0.000000,0.574540,180,111,0.000000
10,103,31,0.146919,0.019383,0.536715,180,80,0.016310
10,104,9,0.042654,0.000000,0.000000,202,132,0.000000
10,105,9,0.042654,0.000000,0.013355,202,104,0.000000
10,106,13,0.061611,0.000000,0.218522,198,110,0.000000
10,107,13,0.061611,0.006386,0.218522,198,95,0.555374
10,108,13,0.061611,0.000000,0.211688,198,123,0.000000
10,109,13,0.061611,0.000000,0.225043,198,124,0.000000
10,110,13,0.061611,0.000000,0.411858,198,125,0.000000
10,111,13,0.061611,0.000000,0.411858,198,124,0.000000
10,112,21,0.099526,0.000000,0.636207,190,97,0.000000
10,113,21,0.099526,0.006162,0.636901,190,90,0.555185
10,114,21,0.099526,0.000000,0.630381,190,99,0.000000
10,115,21,0.099526,0.006655,0.636072,190,101,0.555600
10,116,11,0.052133,0.000000,0.066440,200,122,0.000000
10,117,11,0.052133,0.005781,0.066843,200,99,0.554865
10,118,15,0.071090,0.000000,0.244359,196,104,0.000000
10,119,15,0.071090,0.000000,0.244359,196,91,0.000000
10,120,15,0.071090,0.000000,0.230623,196,118,0.000000
10,121,15,0.071090,0.000000,0.231026,196,106,0.000000
10,122,15,0.071090,0.000000,0.386560,196,113,0.000000
10,123,15,0.071090,0.000000,0.386560,196,114,0.000000
10,124,23,0.109005,0.000000,0.563672,188,97,0.000000
10,125,23,0.109005,0.000000,0.551146,188,91,0.000000
10,126,23,0.109005,0.000000,0.564479,188,90,0.000000
10,127,23,0.109005,0.000000,0.573532,188,101,0.000000
10,128,11,0.052133,0.000000,0.000000,200,105,0.000000
10,129,11,0.052133,0.000000,0.013355,200,108,0.000000
10,130,15,0.071090,0.019136,0.047482,196,96,0.566103
10,131,15,0.071090,0.000000,0.047482,196,97,0.000000
10,132,15,0.071090,0.000000,0.047505,196,102,0.000000
10,133,15,0.071090,0.000000,0.060860,196,103,0.000000
10,134,15,0.071090,0.000000,0.091738,196,106,0.000000
10,135,15,0.071090,0.000000,0.091738,196,108,0.000000
10,136,23,0.109005,0.000000,0.145853,188,93,0.000000
10,137,23,0.109005,0.000000,0.152598,188,90,0.000000
10,138,23,0.109005,0.005938,0.139221,188,93,0.554997
10,139,23,0.109005,0.000000,0.135859,188,94,0.000000
10,140,9,0.042654,0.000000,0.070854,202,164,0.000000
10,141,9,0.042654,0.000000,0.071257,202,164,0.000000
10,142,11,0.052133,0.000000,0.077733,200,150,0.000000
10,143,11,0.052133,0.000000,0.077733,200,158,0.000000
10,144,11,0.052133,0.000000,0.070854,200,161,0.000000
10,145,11,0.052133,0.000000,0.071257,200,163,0.000000
10,146,11,0.052133,0.000000,0.070854,200,161,0.000000
10,147,11,0.052133,0.000000,0.070854,200,167,0.000000
10,148,15,0.071090,0.000000,0.077733,196,160,0.000000
10,149,15,0.071090,0.000000,0.071257,196,161,0.000000
10,150,15,0.071090,0.000000,0.077733,196,146,0.000000
10,151,15,0.071090,0.000000,0.077733,196,158,0.000000
10,152,31,0.146919,0.006431,0.085822,180,92,0.555412
10,153,31,0.146919,0.000403,0.270935,180,80,0.550339
10,154,31,0.146919,0.000000,0.144576,180,111,0.000000
10,155,31,0.146919,0.000000,0.117911,180,90,0.000000
10,156,6,0.028436,0.000000,0.013758,205,221,0.000000
10,157,6,0.028436,0.000000,0.001591,205,229,0.000000
10,158,8,0.037915,0.000000,0.013534,203,213,0.000000
10,159,8,0.037915,0.000000,0.007753,203,208,0.000000
10,160,8,0.037915,0.000000,0.007977,203,215,0.000000
10,161,8,0.037915,0.000000,0.001591,203,220,0.000000
10,162,8,0.037915,0.000000,0.008246,203,211,0.000000
10,163,8,0.037915,0.000000,0.008246,203,215,0.000000
10,164,12,0.056872,0.000000,0.014408,199,193,0.000000
10,165,12,0.056872,0.000000,0.014632,199,186,0.000000
10,166,12,0.056872,0.000000,0.014408,199,190,0.000000
10,167,12,0.056872,0.000000,0.007753,199,197,0.000000
10,168,7,0.033175,0.000000,0.008381,204,208,0.000000
10,169,7,0.033175,0.000000,0.021131,204,211,0.000000
10,170,9,0.042654,0.000000,0.008156,202,197,0.000000
10,171,9,0.042654,0.000000,0.008156,202,198,0.000000
10,172,9,0.042654,0.000000,0.014319,202,208,0.000000
10,173,9,0.042654,0.000000,0.027069,202,209,0.000000
10,174,9,0.042654,0.000000,0.008649,202,207,0.000000
10,175,9,0.042654,0.000000,0.008649,202,209,0.000000
10,176,13,0.061611,0.000000,0.020750,198,190,0.000000
10,177,13,0.061611,0.000000,0.040110,198,187,0.000000
10,178,13,0.061611,0.000000,0.014812,198,189,0.000000
10,179,13,0.061611,0.000000,0.014095,198,194,0.000000
10,180,7,0.033175,0.000000,0.007372,204,218,0.000000
10,181,7,0.033175,0.000000,0.001591,204,227,0.000000
10,182,9,0.042654,0.000000,0.007372,202,205,0.000000
10,183,9,0.042654,0.000000,0.001591,202,206,0.000000
10,184,9,0.042654,0.000000,0.001591,202,212,0.000000
10,185,9,0.042654,0.000000,0.001591,202,222,0.000000
10,186,9,0.042654,0.000000,0.001591,202,215,0.000000
10,187,9,0.042654,0.000000,0.001591,202,215,0.000000
10,188,13,0.061611,0.000000,0.001591,198,197,0.000000
10,189,13,0.061611,0.000000,0.001591,198,197,0.000000
10,190,13,0.061611,0.000000,0.001591,198,194,0.000000
10,191,13,0.061611,0.000000,0.001591,198,196,0.000000
10,192,6,0.028436,0.000000,0.008022,205,226,0.000000
10,193,6,0.028436,0.000000,0.027158,205,237,0.000000
10,194,7,0.033175,0.000000,0.008022,204,220,0.000000
10,195,7,0.033175,0.000000,0.008022,204,223,0.000000
10,196,7,0.033175,0.000000,0.013960,204,230,0.000000
10,197,7,0.033175,0.000000,0.033097,204,235,0.000000
10,198,7,0.033175,0.000000,0.008022,204,229,0.000000
10,199,7,0.033175,0.000000,0.008022,204,231,0.000000
10,200,9,0.042654,0.000000,0.013960,202,219,0.000000
10,201,9,0.042654,0.000000,0.033097,202,221,0.000000
10,202,9,0.042654,0.000000,0.008022,202,217,0.000000
10,203,9,0.042654,0.000000,0.013960,202,222,0.000000
10,204,17,0.080569,0.000000,0.001994,194,174,0.000000
10,205,17,0.080569,0.000000,0.013803,194,170,0.000000
10,206,17,0.080569,0.000000,0.033500,194,182,0.000000
10,207,17,0.080569,0.000000,0.008425,194,173,0.000000
10,208,55,0.260664,0.001591,0.219620,156,66,0.001339
10,209,55,0.260664,0.219620,1.001591,156,67,0.734808
10,210,55,0.260664,0.000000,0.278105,156,100,0.000000
10,211,55,0.260664,0.000000,0.221211,156,63,0.000000
11,0,8,0.037915,0.000000,0.013986,203,212,0.000000
11,1,8,0.037915,0.000000,0.000000,203,121,0.000000
11,2,12,0.056872,0.000000,0.979021,199,149,0.000000
11,3,12,0.056872,0.000000,0.972028,199,95,0.000000
11,4,12,0.056872,0.000000,0.958042,199,183,0.000000
11,5,12,0.056872,0.000000,0.951049,199,148,0.000000
11,6,12,0.056872,0.000000,1.937063,199,128,0.000000
11,7,12,0.056872,0.000000,1.937063,199,110,0.000000
11,8,20,0.094787,0.545455,2.895105,191,68,0.988750
11,9,20,0.094787,0.552448,2.895105,191,67,0.444375
11,10,20,0.094787,0.552448,2.909091,191,70,0.444375
11,11,20,0.094787,0.559441,2.888112,191,58,0.450000
11,12,10,0.047393,0.000000,0.265734,201,167,0.000000
11,13,10,0.047393,0.006993,0.265734,201,100,0.005625
11,14,14,0.066351,0.000000,0.993007,197,114,0.000000
11,15,14,0.066351,0.000000,0.993007,197,82,0.000000
11,16,14,0.066351,0.000000,0.993007,197,144,0.000000
11,17,14,0.066351,0.000000,0.993007,197,114,0.000000
11,18,14,0.066351,0.000000,1.713287,197,122,0.000000
11,19,14,0.066351,0.000000,1.713287,197,105,0.000000
11,20,22,0.104265,0.202797,2.440559,189,83,0.163125
11,21,22,0.104265,0.181818,2.454545,189,69,0.146250
11,22,22,0.104265,0.174825,2.447552,189,77,0.140625
11,23,22,0.104265,0.188811,2.454545,189,76,0.151875
11,24,10,0.047393,0.000000,0.027972,201,125,0.000000
11,25,10,0.047393,0.000000,0.020979,201,103,0.000000
11,26,14,0.066351,0.000000,0.272727,197,106,0.000000
11,27,14,0.066351,0.000000,0.265734,197,84,0.000000
11,28,14,0.066351,0.000000,0.251748,197,116,0.000000
11,29,14,0.066351,0.000000,0.251748,197,107,0.000000
11,30,14,0.066351,0.000000,0.503497,197,125,0.000000
11,31,14,0.066351,0.000000,0.503497,197,115,0.000000
11,32,22,0.104265,0.000000,0.748252,189,94,0.000000
11,33,22,0.104265,0.006993,0.734266,189,82,0.555625
11,34,22,0.104265,0.006993,0.748252,189,85,0.555625
11,35,22,0.104265,0.000000,0.727273,189,93,0.000000
11,36,8,0.037915,0.000000,0.048951,203,193,0.000000
11,37,8,0.037915,0.000000,0.055944,203,189,0.000000
11,38,10,0.047393,0.000000,0.055944,201,180,0.000000
11,39,10,0.047393,0.000000,0.055944,201,184,0.000000
11,40,10,0.047393,0.000000,0.055944,201,188,0.000000
11,41,10,0.047393,0.000000,0.062937,201,176,0.000000
11,42,10,0.047393,0.000000,0.048951,201,185,0.000000
11,43,10,0.047393,0.000000,0.048951,201,189,0.000000
11,44,14,0.066351,0.000000,0.062937,197,170,0.000000
11,45,14,0.066351,0.000000,0.062937,197,166,0.000000
11,46,14,0.066351,0.000000,0.055944,197,172,0.000000
11,47,14,0.066351,0.000000,0.062937,197,170,0.000000
11,48,30,0.142180,0.006993,0.300699,181,66,0.005625
11,49,30,0.142180,0.209790,1.034965,181,58,0.718750
11,50,30,0.142180,0.020979,0.328671,181,102,0.016875
11,51,30,0.142180,0.013986,0.307692,181,66,0.011250
11,52,9,0.042654,0.000000,0.244755,202,176,0.000000
11,53,9,0.042654,0.000000,0.230769,202,114,0.000000
11,54,13,0.061611,0.000000,0.972028,198,135,0.000000
11,55,13,0.061611,0.006993,0.965035,198,92,0.555625
11,56,13,0.061611,0.000000,0.965035,198,151,0.000000
11,57,13,0.061611,0.000000,0.958042,198,132,0.000000
11,58,13,0.061611,0.000000,1.727273,198,135,0.000000
11,59,13,0.061611,0.000000,1.727273,198,126,0.000000
11,60,21,0.099526,0.188811,2.440559,190,83,0.701875
11,61,21,0.099526,0.174825,2.461538,190,77,0.140625
11,62,21,0.099526,0.167832,2.461538,190,89,0.135000
11,63,21,0.099526,0.160839,2.440559,190,86,0.129375
11,64,11,0.052133,0.000000,0.440559,200,147,0.000000
11,65,11,0.052133,0.000000,0.447552,200,96,0.000000
11,66,15,0.071090,0.000000,1.000000,196,106,0.000000
11,67,15,0.071090,0.000000,1.000000,196,87,0.000000
11,68,15,0.071090,0.000000,1.000000,196,135,0.000000
11,69,15,0.071090,0.000000,1.006993,196,119,0.000000
11,70,15,0.071090,0.000000,1.552448,196,118,0.000000
11,71,15,0.071090,0.000000,1.552448,196,117,0.000000
11,72,23,0.109005,0.027972,2.125874,188,95,0.022500
11,73,23,0.109005,0.062937,2.118881,188,85,0.050625
11,74,23,0.109005,0.055944,2.111888,188,83,0.045000
11,75,23,0.109005,0.062937,2.104895,188,93,0.050625
11,76,11,0.052133,0.000000,0.265734,200,116,0.000000
11,77,11,0.052133,0.000000,0.251748,200,103,0.000000
11,78,15,0.071090,0.006993,0.440559,196,99,0.555625
11,79,15,0.071090,0.000000,0.433566,196,93,0.000000
11,80,15,0.071090,0.000000,0.433566,196,103,0.000000
11,81,15,0.071090,0.000000,0.426573,196,103,0.000000
11,82,15,0.071090,0.000000,0.643357,196,118,0.000000
11,83,15,0.071090,0.000000,0.643357,196,110,0.000000
11,84,23,0.109005,0.000000,0.797203,188,92,0.000000
11,85,23,0.109005,0.000000,0.825175,188,86,0.000000
11,86,23,0.109005,0.000000,0.825175,188,87,0.000000
11,87,23,0.109005,0.000000,0.811189,188,90,0.000000
11,88,9,0.042654,0.000000,0.251748,202,185,0.000000
11,89,9,0.042654,0.000000,0.258741,202,197,0.000000
11,90,11,0.052133,0.000000,0.258741,200,175,0.000000
11,91,11,0.052133,0.000000,0.258741,200,181,0.000000
11,92,11,0.052133,0.000000,0.258741,200,189,0.000000
11,93,11,0.052133,0.000000,0.265734,200,192,0.000000
11,94,11,0.052133,0.000000,0.258741,200,186,0.000000
11,95,11,0.052133,0.000000,0.258741,200,190,0.000000
11,96,15,0.071090,0.000000,0.272727,196,172,0.000000
11,97,15,0.071090,0.000000,0.272727,196,174,0.000000
11,98,15,0.071090,0.000000,0.265734,196,171,0.000000
11,99,15,0.071090,0.000000,0.265734,196,171,0.000000
11,100,31,0.146919,0.020979,0.475524,180,83,0.016875
11,101,31,0.146919,0.048951,1.034965,180,71,0.589375
11,102,31,0.146919,0.000000,0.489510,180,111,0.000000
11,103,31,0.146919,0.006993,0.468531,180,80,0.005625
11,104,9,0.042654,0.000000,0.006993,202,132,0.000000
11,105,9,0.042654,0.000000,0.000000,202,104,0.000000
11,106,13,0.061611,0.000000,0.237762,198,110,0.000000
11,107,13,0.061611,0.000000,0.237762,198,96,0.000000
11,108,13,0.061611,0.000000,0.230769,198,123,0.000000
11,109,13,0.061611,0.000000,0.223776,198,124,0.000000
11,110,13,0.061611,0.000000,0.440559,198,125,0.000000
11,111,13,0.061611,0.000000,0.440559,198,124,0.000000
11,112,21,0.099526,0.000000,0.685315,190,97,0.000000
11,113,21,0.099526,0.000000,0.671329,190,91,0.000000
11,114,21,0.099526,0.000000,0.678322,190,99,0.000000
11,115,21,0.099526,0.000000,0.678322,190,102,0.000000
11,116,11,0.052133,0.000000,0.055944,200,122,0.000000
11,117,11,0.052133,0.000000,0.055944,200,100,0.000000
11,118,15,0.071090,0.000000,0.223776,196,104,0.000000
11,119,15,0.071090,0.006993,0.223776,196,91,0.005625
11,120,15,0.071090,0.000000,0.223776,196,118,0.000000
11,121,15,0.071090,0.000000,0.223776,196,106,0.000000
11,122,15,0.071090,0.000000,0.398601,196,113,0.000000
11,123,15,0.071090,0.000000,0.398601,196,114,0.000000
11,124,23,0.109005,0.000000,0.552448,188,97,0.000000
11,125,23,0.109005,0.000000,0.580420,188,91,0.000000
11,126,23,0.109005,0.000000,0.573427,188,90,0.000000
11,127,23,0.109005,0.000000,0.580420,188,101,0.000000
11,128,11,0.052133,0.000000,0.000000,200,105,0.000000
11,129,11,0.052133,0.000000,0.000000,200,108,0.000000
11,130,15,0.071090,0.006993,0.062937,196,97,0.555625
11,131,15,0.071090,0.000000,0.062937,196,97,0.000000
11,132,15,0.071090,0.000000,0.055944,196,102,0.000000
11,133,15,0.071090,0.000000,0.055944,196,103,0.000000
11,134,15,0.071090,0.000000,0.090909,196,106,0.000000
11,135,15,0.071090,0.000000,0.090909,196,108,0.000000
11,136,23,0.109005,0.000000,0.181818,188,93,0.000000
11,137,23,0.109005,0.000000,0.146853,188,90,0.000000
11,138,23,0.109005,0.000000,0.153846,188,94,0.000000
11,139,23,0.109005,0.006993,0.146853,188,94,0.555625
11,140,9,0.042654,0.000000,0.027972,202,164,0.000000
11,141,9,0.042654,0.000000,0.034965,202,164,0.000000
11,142,11,0.052133,0.000000,0.027972,200,150,0.000000
11,143,11,0.052133,0.000000,0.027972,200,158,0.000000
11,144,11,0.052133,0.000000,0.027972,200,161,0.000000
11,145,11,0.052133,0.000000,0.034965,200,163,0.000000
11,146,11,0.052133,0.000000,0.027972,200,161,0.000000
11,147,11,0.052133,0.000000,0.027972,200,167,0.000000
11,148,15,0.071090,0.000000,0.027972,196,160,0.000000
11,149,15,0.071090,0.000000,0.034965,196,161,0.000000
11,150,15,0.071090,0.000000,0.027972,196,146,0.000000
11,151,15,0.071090,0.000000,0.027972,196,158,0.000000
11,152,31,0.146919,0.000000,0.055944,180,93,0.000000
11,153,31,0.146919,0.000000,0.237762,180,81,0.000000
11,154,31,0.146919,0.000000,0.083916,180,111,0.000000
11,155,31,0.146919,0.000000,0.069930,180,90,0.000000
11,156,6,0.028436,0.000000,0.020979,205,221,0.000000
11,157,6,0.028436,0.000000,0.013986,205,229,0.000000
11,158,8,0.037915,0.000000,0.013986,203,213,0.000000
11,159,8,0.037915,0.000000,0.013986,203,208,0.000000
11,160,8,0.037915,0.000000,0.020979,203,215,0.000000
11,161,8,0.037915,0.000000,0.013986,203,220,0.000000
11,162,8,0.037915,0.000000,0.013986,203,211,0.000000
11,163,8,0.037915,0.000000,0.013986,203,215,0.000000
11,164,12,0.056872,0.000000,0.013986,199,193,0.000000
11,165,12,0.056872,0.000000,0.020979,199,186,0.000000
11,166,12,0.056872,0.000000,0.013986,199,190,0.000000
11,167,12,0.056872,0.000000,0.013986,199,197,0.000000
11,168,7,0.033175,0.000000,0.013986,204,208,0.000000
11,169,7,0.033175,0.000000,0.020979,204,211,0.000000
11,170,9,0.042654,0.000000,0.013986,202,197,0.000000
11,171,9,0.042654,0.000000,0.013986,202,198,0.000000
11,172,9,0.042654,0.000000,0.013986,202,208,0.000000
11,173,9,0.042654,0.000000,0.020979,202,209,0.000000
11,174,9,0.042654,0.000000,0.020979,202,207,0.000000
11,175,9,0.042654,0.000000,0.020979,202,209,0.000000
11,176,13,0.061611,0.000000,0.020979,198,190,0.000000
11,177,13,0.061611,0.000000,0.027972,198,187,0.000000
11,178,13,0.061611,0.000000,0.020979,198,189,0.000000
11,179,13,0.061611,0.000000,0.013986,198,194,0.000000
11,180,7,0.033175,0.000000,0.020979,204,218,0.000000
11,181,7,0.033175,0.000000,0.013986,204,227,0.000000
11,182,9,0.042654,0.000000,0.013986,202,205,0.000000
11,183,9,0.042654,0.000000,0.013986,202,206,0.000000
11,184,9,0.042654,0.000000,0.020979,202,212,0.000000
11,185,9,0.042654,0.000000,0.013986,202,222,0.000000
11,186,9,0.042654,0.000000,0.013986,202,215,0.000000
11,187,9,0.042654,0.000000,0.013986,202,215,0.000000
11,188,13,0.061611,0.000000,0.013986,198,197,0.000000
11,189,13,0.061611,0.000000,0.020979,198,197,0.000000
11,190,13,0.061611,0.000000,0.013986,198,194,0.000000
11,191,13,0.061611,0.000000,0.013986,198,196,0.000000
11,192,6,0.028436,0.000000,0.013986,205,226,0.000000
11,193,6,0.028436,0.000000,0.020979,205,237,0.000000
11,194,7,0.033175,0.000000,0.013986,204,220,0.000000
11,195,7,0.033175,0.000000,0.013986,204,223,0.000000
11,196,7,0.033175,0.000000,0.013986,204,230,0.000000
11,197,7,0.033175,0.000000,0.020979,204,235,0.000000
11,198,7,0.033175,0.000000,0.020979,204,229,0.000000
11,199,7,0.033175,0.000000,0.020979,204,231,0.000000
11,200,9,0.042654,0.000000,0.020979,202,219,0.000000
11,201,9,0.042654,0.000000,0.027972,202,221,0.000000
11,202,9,0.042654,0.000000,0.020979,202,217,0.000000
11,203,9,0.042654,0.000000,0.013986,202,222,0.000000
11,204,17,0.080569,0.000000,0.013986,194,174,0.000000
11,205,17,0.080569,0.000000,0.020979,194,170,0.000000
11,206,17,0.080569,0.000000,0.027972,194,182,0.000000
11,207,17,0.080569,0.000000,0.013986,194,173,0.000000
11,208,55,0.260664,0.006993,0.237762,156,66,0.005625
11,209,55,0.260664,0.230769,1.006993,156,68,0.185625
11,210,55,0.260664,0.000000,0.265734,156,100,0.000000
11,211,55,0.260664,0.006993,0.237762,156,63,0.555625
12,0,8,0.037915,0.000000,0.016269,203,212,0.000000
12,1,8,0.037915,0.000000,0.001769,203,121,0.000000
12,2,12,0.056872,0.000000,0.965208,199,149,0.000000
12,3,12,0.056872,0.003888,0.959470,199,95,0.553186
12,4,12,0.056872,0.000000,0.958087,199,183,0.000000
12,5,12,0.056872,0.000000,0.949324,199,148,0.000000
12,6,12,0.056872,0.000000,1.912378,199,128,0.000000
12,7,12,0.056872,0.000000,1.912378,199,110,0.000000
12,8,20,0.094787,0.536623,2.870464,191,69,0.439823
12,9,20,0.094787,0.543312,2.872233,191,67,0.445306
12,10,20,0.094787,0.549040,2.871848,191,70,0.450000
12,11,20,0.094787,0.543617,2.855964,191,58,0.995555
12,12,10,0.047393,0.000000,0.261859,201,167,0.000000
12,13,10,0.047393,0.005738,0.262729,201,100,0.004703
12,14,14,0.066351,0.000000,0.983596,197,114,0.000000
12,15,14,0.066351,0.006644,0.977455,197,82,0.555445
12,16,14,0.066351,0.000000,0.983281,197,144,0.000000
12,17,14,0.066351,0.000000,0.989907,197,114,0.000000
12,18,14,0.066351,0.000000,1.695160,197,122,0.000000
12,19,14,0.066351,0.000000,1.694774,197,105,0.000000
12,20,22,0.104265,0.201441,2.408018,189,83,0.165103
12,21,22,0.104265,0.179918,2.436354,189,69,0.147463
12,22,22,0.104265,0.162258,2.420399,189,77,0.132989
12,23,22,0.104265,0.194599,2.443807,189,76,0.709496
12,24,10,0.047393,0.000000,0.047174,201,125,0.000000
12,25,10,0.047393,0.005756,0.034792,201,103,0.554717
12,26,14,0.066351,0.000000,0.284853,197,106,0.000000
12,27,14,0.066351,0.000000,0.279115,197,84,0.000000
12,28,14,0.066351,0.000000,0.261813,197,116,0.000000
12,29,14,0.066351,0.000386,0.255169,197,107,0.550316
12,30,14,0.066351,0.000000,0.512270,197,125,0.000000
12,31,14,0.066351,0.000000,0.512270,197,115,0.000000
12,32,22,0.104265,0.007659,0.759547,189,94,0.006277
12,33,22,0.104265,0.004337,0.739291,189,83,0.003555
12,34,22,0.104265,0.000000,0.756593,189,86,0.000000
12,35,22,0.104265,0.000000,0.716916,189,93,0.000000
12,36,8,0.037915,0.000000,0.066613,203,193,0.000000
12,37,8,0.037915,0.000000,0.069602,203,189,0.000000
12,38,10,0.047393,0.000000,0.077091,201,180,0.000000
12,39,10,0.047393,0.000000,0.070950,201,184,0.000000
12,40,10,0.047393,0.000000,0.060857,201,188,0.000000
12,41,10,0.047393,0.000000,0.069602,201,176,0.000000
12,42,10,0.047393,0.000000,0.068901,201,185,0.000000
12,43,10,0.047393,0.000000,0.068516,201,189,0.000000
12,44,14,0.066351,0.000000,0.070950,197,170,0.000000
12,45,14,0.066351,0.000000,0.077261,197,166,0.000000
12,46,14,0.066351,0.000000,0.078994,197,172,0.000000
12,47,14,0.066351,0.000000,0.078609,197,170,0.000000
12,48,30,0.142180,0.008161,0.311689,181,66,0.556689
12,49,30,0.142180,0.211855,1.050209,181,59,0.173639
12,50,30,0.142180,0.034792,0.345710,181,102,0.028516
12,51,30,0.142180,0.017921,0.323183,181,66,0.014689
12,52,9,0.042654,0.000000,0.253910,202,176,0.000000
12,53,9,0.042654,0.000000,0.226992,202,114,0.000000
12,54,13,0.061611,0.001769,0.956077,198,135,0.551450
12,55,13,0.061611,0.000000,0.950339,198,93,0.000000
12,56,13,0.061611,0.000000,0.959470,198,151,0.000000
12,57,13,0.061611,0.000000,0.938290,198,132,0.000000
12,58,13,0.061611,0.000000,1.703271,198,135,0.000000
12,59,13,0.061611,0.000000,1.703271,198,126,0.000000
12,60,21,0.099526,0.194892,2.399853,190,84,0.159736
12,61,21,0.099526,0.171834,2.435749,190,77,0.140838
12,62,21,0.099526,0.178138,2.426618,190,89,0.146005
12,63,21,0.099526,0.159768,2.399701,190,86,0.680948
12,64,11,0.052133,0.000000,0.450709,200,147,0.000000
12,65,11,0.052133,0.000000,0.441066,200,96,0.000000
12,66,15,0.071090,0.000000,1.006870,196,106,0.000000
12,67,15,0.071090,0.000000,0.991984,196,87,0.000000
12,68,15,0.071090,0.000000,0.993993,196,135,0.000000
12,69,15,0.071090,0.000000,0.990105,196,119,0.000000
12,70,15,0.071090,0.000000,1.544621,196,118,0.000000
12,71,15,0.071090,0.000000,1.535491,196,117,0.000000
12,72,23,0.109005,0.015983,2.087828,188,95,0.013100
12,73,23,0.109005,0.064405,2.088418,188,85,0.052787
12,74,23,0.109005,0.058119,2.095539,188,83,0.047635
12,75,23,0.109005,0.065456,2.088645,188,93,0.603648
12,76,11,0.052133,0.000000,0.284814,200,116,0.000000
12,77,11,0.052133,0.000000,0.261785,200,103,0.000000
12,78,15,0.071090,0.008745,0.447440,196,100,0.557167
12,79,15,0.071090,0.000000,0.441702,196,93,0.000000
12,80,15,0.071090,0.000000,0.441335,196,103,0.000000
12,81,15,0.071090,0.000000,0.424043,196,103,0.000000
12,82,15,0.071090,0.000000,0.657824,196,118,0.000000
12,83,15,0.071090,0.000000,0.657824,196,110,0.000000
12,84,23,0.109005,0.000000,0.798559,188,92,0.000000
12,85,23,0.109005,0.005756,0.837374,188,86,0.004717
12,86,23,0.109005,0.000000,0.837742,188,87,0.000000
12,87,23,0.109005,0.000000,0.805401,188,90,0.000000
12,88,9,0.042654,0.000000,0.264703,202,185,0.000000
12,89,9,0.042654,0.000000,0.258947,202,197,0.000000
12,90,11,0.052133,0.000000,0.281323,200,175,0.000000
12,91,11,0.052133,0.000000,0.266436,200,181,0.000000
12,92,11,0.052133,0.000000,0.258947,200,189,0.000000
12,93,11,0.052133,0.000000,0.258947,200,192,0.000000
12,94,11,0.052133,0.000000,0.282264,200,186,0.000000
12,95,11,0.052133,0.000000,0.273133,200,190,0.000000
12,96,15,0.071090,0.000000,0.269624,196,172,0.000000
12,97,15,0.071090,0.000000,0.273133,196,174,0.000000
12,98,15,0.071090,0.000000,0.289753,196,171,0.000000
12,99,15,0.071090,0.000000,0.277435,196,171,0.000000
12,100,31,0.146919,0.028014,0.499652,180,83,0.572961
12,101,31,0.146919,0.040360,1.054985,180,72,0.033080
12,102,31,0.146919,0.000000,0.509582,180,111,0.000000
12,103,31,0.146919,0.006760,0.484019,180,80,0.005541
12,104,9,0.042654,0.000000,0.000000,202,132,0.000000
12,105,9,0.042654,0.000000,0.001769,202,104,0.000000
12,106,13,0.061611,0.000000,0.236240,198,110,0.000000
12,107,13,0.061611,0.000000,0.236240,198,96,0.000000
12,108,13,0.061611,0.000000,0.236257,198,123,0.000000
12,109,13,0.061611,0.000000,0.238026,198,124,0.000000
12,110,13,0.061611,0.000000,0.436099,198,125,0.000000
12,111,13,0.061611,0.000000,0.436099,198,124,0.000000
12,112,21,0.099526,0.000000,0.697721,190,97,0.000000
12,113,21,0.099526,0.000117,0.674125,190,91,0.000096
12,114,21,0.099526,0.000000,0.672339,190,99,0.000000
12,115,21,0.099526,0.000000,0.683372,190,102,0.000000
12,116,11,0.052133,0.000000,0.040360,200,122,0.000000
12,117,11,0.052133,0.000000,0.050874,200,100,0.000000
12,118,15,0.071090,0.000000,0.217950,196,104,0.000000
12,119,15,0.071090,0.010648,0.217950,196,91,0.558727
12,120,15,0.071090,0.000000,0.218499,196,118,0.000000
12,121,15,0.071090,0.000000,0.229012,196,106,0.000000
12,122,15,0.071090,0.000000,0.395021,196,113,0.000000
12,123,15,0.071090,0.000000,0.395021,196,114,0.000000
12,124,23,0.109005,0.000000,0.555857,188,97,0.000000
12,125,23,0.109005,0.000000,0.583673,188,91,0.000000
12,126,23,0.109005,0.000000,0.572611,188,90,0.000000
12,127,23,0.109005,0.000000,0.590981,188,101,0.000000
12,128,11,0.052133,0.000000,0.000000,200,105,0.000000
12,129,11,0.052133,0.000000,0.000000,200,108,0.000000
12,130,15,0.071090,0.000000,0.064405,196,98,0.000000
12,131,15,0.071090,0.000000,0.064405,196,97,0.000000
12,132,15,0.071090,0.000000,0.058119,196,102,0.000000
12,133,15,0.071090,0.008745,0.058119,196,103,0.557167
12,134,15,0.071090,0.000000,0.081439,196,106,0.000000
12,135,15,0.071090,0.000000,0.081439,196,108,0.000000
12,136,23,0.109005,0.003339,0.187980,188,93,0.002737
12,137,23,0.109005,0.003152,0.139558,188,90,0.002583
12,138,23,0.109005,0.000000,0.145844,188,94,0.000000
12,139,23,0.109005,0.003187,0.138507,188,95,0.552612
12,140,9,0.042654,0.000000,0.034774,202,164,0.000000
12,141,9,0.042654,0.000000,0.043519,202,164,0.000000
12,142,11,0.052133,0.000000,0.040530,200,150,0.000000
12,143,11,0.052133,0.000000,0.040530,200,158,0.000000
12,144,11,0.052133,0.000000,0.034774,200,161,0.000000
12,145,11,0.052133,0.000000,0.043519,200,163,0.000000
12,146,11,0.052133,0.000000,0.034774,200,161,0.000000
12,147,11,0.052133,0.000000,0.034774,200,167,0.000000
12,148,15,0.071090,0.000000,0.040530,196,160,0.000000
12,149,15,0.071090,0.000000,0.043519,196,161,0.000000
12,150,15,0.071090,0.000000,0.040530,196,146,0.000000
12,151,15,0.071090,0.000000,0.040530,196,158,0.000000
12,152,31,0.146919,0.000000,0.047121,180,93,0.000000
12,153,31,0.146919,0.002218,0.238737,180,81,0.001818
12,154,31,0.146919,0.000000,0.089635,180,111,0.000000
12,155,31,0.146919,0.005872,0.068374,180,90,0.004813
12,156,6,0.028436,0.000000,0.016269,205,221,0.000000
12,157,6,0.028436,0.000000,0.005621,205,229,0.000000
12,158,8,0.037915,0.000000,0.005738,203,213,0.000000
12,159,8,0.037915,0.000000,0.005738,203,208,0.000000
12,160,8,0.037915,0.000000,0.016269,203,215,0.000000
12,161,8,0.037915,0.000000,0.005621,203,220,0.000000
12,162,8,0.037915,0.000000,0.005621,203,211,0.000000
12,163,8,0.037915,0.000000,0.005621,203,215,0.000000
12,164,12,0.056872,0.000000,0.005738,199,193,0.000000
12,165,12,0.056872,0.000000,0.016269,199,186,0.000000
12,166,12,0.056872,0.000000,0.005738,199,190,0.000000
12,167,12,0.056872,0.000000,0.005738,199,197,0.000000
12,168,7,0.033175,0.000000,0.007839,204,208,0.000000
12,169,7,0.033175,0.000000,0.007839,204,211,0.000000
12,170,9,0.042654,0.000000,0.019853,202,197,0.000000
12,171,9,0.042654,0.000000,0.011108,202,198,0.000000
12,172,9,0.042654,0.000000,0.007839,202,208,0.000000
12,173,9,0.042654,0.000000,0.007839,202,209,0.000000
12,174,9,0.042654,0.000000,0.023111,202,207,0.000000
12,175,9,0.042654,0.000000,0.014366,202,209,0.000000
12,176,13,0.061611,0.000000,0.014295,198,190,0.000000
12,177,13,0.061611,0.000000,0.014366,198,187,0.000000
12,178,13,0.061611,0.000000,0.026380,198,189,0.000000
12,179,13,0.061611,0.000000,0.014447,198,194,0.000000
12,180,7,0.033175,0.000000,0.016269,204,218,0.000000
12,181,7,0.033175,0.000000,0.005621,204,227,0.000000
12,182,9,0.042654,0.000000,0.005621,202,205,0.000000
12,183,9,0.042654,0.000000,0.005621,202,206,0.000000
12,184,9,0.042654,0.000000,0.016269,202,212,0.000000
12,185,9,0.042654,0.000000,0.005621,202,222,0.000000
12,186,9,0.042654,0.000000,0.005621,202,215,0.000000
12,187,9,0.042654,0.000000,0.005621,202,215,0.000000
12,188,13,0.061611,0.000000,0.005621,198,197,0.000000
12,189,13,0.061611,0.000000,0.016269,198,197,0.000000
12,190,13,0.061611,0.000000,0.005621,198,194,0.000000
12,191,13,0.061611,0.000000,0.005621,198,196,0.000000
12,192,6,0.028436,0.000000,0.011494,205,226,0.000000
12,193,6,0.028436,0.000000,0.011494,205,237,0.000000
12,194,7,0.033175,0.000000,0.023390,204,220,0.000000
12,195,7,0.033175,0.000000,0.014646,204,223,0.000000
12,196,7,0.033175,0.000000,0.011494,204,230,0.000000
12,197,7,0.033175,0.000000,0.011494,204,235,0.000000
12,198,7,0.033175,0.000000,0.026765,204,229,0.000000
12,199,7,0.033175,0.000000,0.018020,204,231,0.000000
12,200,9,0.042654,0.000000,0.017833,202,219,0.000000
12,201,9,0.042654,0.000000,0.018020,202,221,0.000000
12,202,9,0.042654,0.000000,0.029917,202,217,0.000000
12,203,9,0.042654,0.000000,0.017985,202,222,0.000000
12,204,17,0.080569,0.000000,0.013712,194,174,0.000000
12,205,17,0.080569,0.000000,0.022142,194,170,0.000000
12,206,17,0.080569,0.000000,0.032135,194,182,0.000000
12,207,17,0.080569,0.000000,0.007839,194,173,0.000000
12,208,55,0.260664,0.005621,0.226992,156,66,0.554607
12,209,55,0.260664,0.226992,1.005621,156,68,0.186046
12,210,55,0.260664,0.000000,0.269893,156,100,0.000000
12,211,55,0.260664,0.000000,0.232614,156,64,0.000000
13,0,8,0.037915,0.000000,0.008582,203,212,0.000000
13,1,8,0.037915,0.000000,0.008945,203,121,0.000000
13,2,12,0.056872,0.000000,0.968262,199,149,0.000000
13,3,12,0.056872,0.002913,0.962593,199,96,0.552345
13,4,12,0.056872,0.000000,0.954108,199,183,0.000000
13,5,12,0.056872,0.000000,0.960140,199,148,0.000000
13,6,12,0.056872,0.000000,1.918634,199,128,0.000000
13,7,12,0.056872,0.000000,1.918634,199,110,0.000000
13,8,20,0.094787,0.557210,2.873105,191,69,0.998510
13,9,20,0.094787,0.529225,2.881687,191,67,0.425984
13,10,20,0.094787,0.559061,2.881227,191,70,0.450000
13,11,20,0.094787,0.540970,2.873105,191,59,0.435438
13,12,10,0.047393,0.000000,0.241089,201,167,0.000000
13,13,10,0.047393,0.005669,0.238034,201,100,0.004563
13,14,14,0.066351,0.000000,0.954122,197,114,0.000000
13,15,14,0.066351,0.000000,0.954181,197,83,0.000000
13,16,14,0.066351,0.000000,0.985758,197,144,0.000000
13,17,14,0.066351,0.000000,0.982644,197,114,0.000000
13,18,14,0.066351,0.000000,1.707633,197,122,0.000000
13,19,14,0.066351,0.000000,1.707633,197,105,0.000000
13,20,22,0.104265,0.188977,2.417364,189,83,0.152112
13,21,22,0.104265,0.205027,2.466247,189,69,0.165030
13,22,22,0.104265,0.169093,2.429196,189,77,0.136106
13,23,22,0.104265,0.180637,2.455291,189,77,0.145398
13,24,10,0.047393,0.000059,0.037407,201,125,0.550047
13,25,10,0.047393,0.000000,0.040683,201,104,0.000000
13,26,14,0.066351,0.000109,0.300874,197,106,0.550088
13,27,14,0.066351,0.000000,0.295205,197,84,0.000000
13,28,14,0.066351,0.000000,0.243403,197,116,0.000000
13,29,14,0.066351,0.000000,0.252348,197,108,0.000000
13,30,14,0.066351,0.000000,0.510254,197,125,0.000000
13,31,14,0.066351,0.000000,0.510254,197,115,0.000000
13,32,22,0.104265,0.014853,0.767716,189,94,0.561956
13,33,22,0.104265,0.007566,0.730864,189,83,0.556090
13,34,22,0.104265,0.005139,0.773721,189,86,0.554137
13,35,22,0.104265,0.020102,0.724540,189,93,0.566180
13,36,8,0.037915,0.000000,0.041051,203,193,0.000000
13,37,8,0.037915,0.000000,0.040909,203,189,0.000000
13,38,10,0.047393,0.000000,0.057871,201,180,0.000000
13,39,10,0.047393,0.000000,0.057930,201,184,0.000000
13,40,10,0.047393,0.000000,0.046190,201,188,0.000000
13,41,10,0.047393,0.000000,0.045990,201,176,0.000000
13,42,10,0.047393,0.000000,0.070390,201,185,0.000000
13,43,10,0.047393,0.000000,0.070390,201,189,0.000000
13,44,14,0.066351,0.000000,0.083112,197,170,0.000000
13,45,14,0.066351,0.000000,0.086561,197,166,0.000000
13,46,14,0.066351,0.000000,0.092827,197,172,0.000000
13,47,14,0.066351,0.000000,0.077864,197,170,0.000000
13,48,30,0.142180,0.000000,0.279210,181,67,0.000000
13,49,30,0.142180,0.192057,1.035435,181,59,0.704591
13,50,30,0.142180,0.031738,0.341616,181,102,0.025547
13,51,30,0.142180,0.012898,0.284820,181,66,0.010382
13,52,9,0.042654,0.000000,0.230658,202,176,0.000000
13,53,9,0.042654,0.000000,0.222075,202,114,0.000000
13,54,13,0.061611,0.000000,0.961996,198,136,0.000000
13,55,13,0.061611,0.000000,0.956327,198,93,0.000000
13,56,13,0.061611,0.000000,0.953143,198,151,0.000000
13,57,13,0.061611,0.000000,0.952683,198,132,0.000000
13,58,13,0.061611,0.000000,1.693144,198,135,0.000000
13,59,13,0.061611,0.000000,1.693144,198,126,0.000000
13,60,21,0.099526,0.184437,2.408541,190,84,0.698457
13,61,21,0.099526,0.169901,2.424212,190,77,0.136757
13,62,21,0.099526,0.180468,2.427396,190,89,0.145263
13,63,21,0.099526,0.157502,2.436396,190,87,0.126777
13,64,11,0.052133,0.000000,0.419413,200,147,0.000000
13,65,11,0.052133,0.000000,0.418178,200,96,0.000000
13,66,15,0.071090,0.008945,0.963146,196,106,0.007200
13,67,15,0.071090,0.000000,0.963205,196,87,0.000000
13,68,15,0.071090,0.000000,0.983613,196,135,0.000000
13,69,15,0.071090,0.000000,0.985775,196,119,0.000000
13,70,15,0.071090,0.000000,1.561466,196,118,0.000000
13,71,15,0.071090,0.000000,1.561466,196,117,0.000000
13,72,23,0.109005,0.028693,2.098145,188,95,0.023096
13,73,23,0.109005,0.058440,2.130199,188,85,0.047040
13,74,23,0.109005,0.042572,2.108112,188,83,0.034267
13,75,23,0.109005,0.080209,2.108425,188,94,0.064562
13,76,11,0.052133,0.000000,0.259483,200,116,0.000000
13,77,11,0.052133,0.000000,0.253813,200,103,0.000000
13,78,15,0.071090,0.005307,0.464509,196,101,0.554272
13,79,15,0.071090,0.005616,0.458840,196,93,0.554520
13,80,15,0.071090,0.000000,0.422906,196,103,0.000000
13,81,15,0.071090,0.000000,0.422906,196,103,0.000000
13,82,15,0.071090,0.000000,0.623427,196,118,0.000000
13,83,15,0.071090,0.000000,0.623427,196,110,0.000000
13,84,23,0.109005,0.000000,0.808570,188,92,0.000000
13,85,23,0.109005,0.014871,0.792520,188,86,0.561970
13,86,23,0.109005,0.000000,0.828454,188,87,0.000000
13,87,23,0.109005,0.000000,0.816910,188,90,0.000000
13,88,9,0.042654,0.000000,0.242003,202,185,0.000000
13,89,9,0.042654,0.000000,0.243680,202,197,0.000000
13,90,11,0.052133,0.000000,0.259424,200,175,0.000000
13,91,11,0.052133,0.000000,0.259483,200,181,0.000000
13,92,11,0.052133,0.000000,0.247142,200,189,0.000000
13,93,11,0.052133,0.000000,0.249764,200,192,0.000000
13,94,11,0.052133,0.000000,0.285513,200,186,0.000000
13,95,11,0.052133,0.000000,0.285513,200,190,0.000000
13,96,15,0.071090,0.000000,0.291938,196,172,0.000000
13,97,15,0.071090,0.000000,0.292272,196,174,0.000000
13,98,15,0.071090,0.000000,0.302935,196,171,0.000000
13,99,15,0.071090,0.000000,0.282704,196,171,0.000000
13,100,31,0.146919,0.020523,0.468165,180,84,0.016519
13,101,31,0.146919,0.040502,1.023143,180,72,0.582601
13,102,31,0.146919,0.000000,0.505179,180,111,0.000000
13,103,31,0.146919,0.002014,0.448238,180,80,0.001621
13,104,9,0.042654,0.000000,0.000000,202,132,0.000000
13,105,9,0.042654,0.000000,0.008945,202,104,0.000000
13,106,13,0.061611,0.000000,0.228341,198,110,0.000000
13,107,13,0.061611,0.000000,0.228341,198,96,0.000000
13,108,13,0.061611,0.000000,0.223041,198,123,0.000000
13,109,13,0.061611,0.000000,0.231986,198,124,0.000000
13,110,13,0.061611,0.002453,0.450841,198,125,0.001975
13,111,13,0.061611,0.000000,0.450841,198,124,0.000000
13,112,21,0.099526,0.003276,0.689092,190,97,0.552637
13,113,21,0.099526,0.000000,0.682827,190,91,0.000000
13,114,21,0.099526,0.000000,0.679182,190,99,0.000000
13,115,21,0.099526,0.000000,0.664513,190,102,0.000000
13,116,11,0.052133,0.000000,0.046118,200,122,0.000000
13,117,11,0.052133,0.000000,0.045809,200,100,0.000000
13,118,15,0.071090,0.000000,0.225274,196,104,0.000000
13,119,15,0.071090,0.000000,0.225274,196,92,0.000000
13,120,15,0.071090,0.000000,0.226586,196,118,0.000000
13,121,15,0.071090,0.000000,0.226277,196,106,0.000000
13,122,15,0.071090,0.000000,0.382441,196,113,0.000000
13,123,15,0.071090,0.000000,0.382441,196,114,0.000000
13,124,23,0.109005,0.000000,0.563244,188,97,0.000000
13,125,23,0.109005,0.000000,0.573832,188,91,0.000000
13,126,23,0.109005,0.000000,0.567213,188,90,0.000000
13,127,23,0.109005,0.000000,0.590180,188,101,0.000000
13,128,11,0.052133,0.000000,0.000000,200,105,0.000000
13,129,11,0.052133,0.000000,0.008945,200,108,0.000000
13,130,15,0.071090,0.001511,0.058440,196,98,0.551216
13,131,15,0.071090,0.000000,0.058440,196,97,0.000000
13,132,15,0.071090,0.000000,0.042572,196,102,0.000000
13,133,15,0.071090,0.000000,0.051517,196,104,0.000000
13,134,15,0.071090,0.001002,0.108902,196,106,0.550807
13,135,15,0.071090,0.000000,0.108902,196,108,0.000000
13,136,23,0.109005,0.002285,0.181221,188,93,0.551839
13,137,23,0.109005,0.009856,0.160419,188,90,0.557933
13,138,23,0.109005,0.000000,0.167342,188,94,0.000000
13,139,23,0.109005,0.006271,0.129706,188,96,0.555048
13,140,9,0.042654,0.000000,0.028152,202,164,0.000000
13,141,9,0.042654,0.000000,0.027843,202,164,0.000000
13,142,11,0.052133,0.000000,0.037407,200,150,0.000000
13,143,11,0.052133,0.000000,0.037407,200,158,0.000000
13,144,11,0.052133,0.000000,0.028152,200,161,0.000000
13,145,11,0.052133,0.000000,0.027843,200,163,0.000000
13,146,11,0.052133,0.000000,0.022536,200,161,0.000000
13,147,11,0.052133,0.000000,0.022536,200,167,0.000000
13,148,15,0.071090,0.000000,0.037407,196,160,0.000000
13,149,15,0.071090,0.000000,0.033459,196,161,0.000000
13,150,15,0.071090,0.000000,0.037407,196,146,0.000000
13,151,15,0.071090,0.000000,0.037407,196,158,0.000000
13,152,31,0.146919,0.000000,0.042516,180,93,0.000000
13,153,31,0.146919,0.002367,0.241396,180,81,0.551905
13,154,31,0.146919,0.000000,0.088832,180,111,0.000000
13,155,31,0.146919,0.007029,0.061025,180,90,0.005658
13,156,6,0.028436,0.000000,0.005669,205,221,0.000000
13,157,6,0.028436,0.000000,0.005669,205,229,0.000000
13,158,8,0.037915,0.000000,0.005669,203,213,0.000000
13,159,8,0.037915,0.000000,0.005669,203,208,0.000000
13,160,8,0.037915,0.000000,0.005669,203,215,0.000000
13,161,8,0.037915,0.000000,0.008122,203,220,0.000000
13,162,8,0.037915,0.000000,0.008945,203,211,0.000000
13,163,8,0.037915,0.000000,0.008945,203,215,0.000000
13,164,12,0.056872,0.000000,0.008122,199,193,0.000000
13,165,12,0.056872,0.000000,0.008945,199,186,0.000000
13,166,12,0.056872,0.000000,0.008945,199,190,0.000000
13,167,12,0.056872,0.000000,0.011398,199,197,0.000000
13,168,7,0.033175,0.000000,0.008036,204,208,0.000000
13,169,7,0.033175,0.000000,0.009547,204,211,0.000000
13,170,9,0.042654,0.000000,0.017892,202,197,0.000000
13,171,9,0.042654,0.000000,0.017892,202,198,0.000000
13,172,9,0.042654,0.000000,0.008036,202,208,0.000000
13,173,9,0.042654,0.000000,0.013002,202,209,0.000000
13,174,9,0.042654,0.000000,0.019868,202,207,0.000000
13,175,9,0.042654,0.000000,0.019868,202,209,0.000000
13,176,13,0.061611,0.000000,0.027618,198,190,0.000000
13,177,13,0.061611,0.000000,0.021378,198,187,0.000000
13,178,13,0.061611,0.000000,0.029723,198,189,0.000000
13,179,13,0.061611,0.000000,0.026908,198,194,0.000000
13,180,7,0.033175,0.000000,0.005669,204,218,0.000000
13,181,7,0.033175,0.000000,0.005669,204,227,0.000000
13,182,9,0.042654,0.000000,0.005669,202,205,0.000000
13,183,9,0.042654,0.000000,0.005669,202,206,0.000000
13,184,9,0.042654,0.000000,0.005669,202,212,0.000000
13,185,9,0.042654,0.000000,0.005669,202,222,0.000000
13,186,9,0.042654,0.000000,0.005669,202,215,0.000000
13,187,9,0.042654,0.000000,0.005669,202,215,0.000000
13,188,13,0.061611,0.000000,0.005669,198,197,0.000000
13,189,13,0.061611,0.000000,0.005669,198,197,0.000000
13,190,13,0.061611,0.000000,0.005669,198,194,0.000000
13,191,13,0.061611,0.000000,0.005669,198,196,0.000000
13,192,6,0.028436,0.000000,0.012698,205,226,0.000000
13,193,6,0.028436,0.000000,0.014209,205,237,0.000000
13,194,7,0.033175,0.000000,0.022554,204,220,0.000000
13,195,7,0.033175,0.000000,0.022554,204,223,0.000000
13,196,7,0.033175,0.000000,0.012698,204,230,0.000000
13,197,7,0.033175,0.000000,0.015211,204,235,0.000000
13,198,7,0.033175,0.000000,0.021254,204,229,0.000000
13,199,7,0.033175,0.000000,0.021254,204,231,0.000000
13,200,9,0.042654,0.000000,0.029827,202,219,0.000000
13,201,9,0.042654,0.000000,0.022764,202,221,0.000000
13,202,9,0.042654,0.000000,0.031110,202,217,0.000000
13,203,9,0.042654,0.000000,0.025841,202,222,0.000000
13,204,17,0.080569,0.000000,0.015065,194,174,0.000000
13,205,17,0.080569,0.000000,0.012698,194,170,0.000000
13,206,17,0.080569,0.000000,0.035989,194,182,0.000000
13,207,17,0.080569,0.000000,0.008036,194,173,0.000000
13,208,55,0.260664,0.005669,0.222075,156,67,0.554563
13,209,55,0.260664,0.222075,1.005669,156,68,0.178753
13,210,55,0.260664,0.000000,0.263793,156,100,0.000000
13,211,55,0.260664,0.000000,0.227745,156,64,0.000000
14,0,8,0.037915,0.000000,0.000000,203,212,0.000000
14,1,8,0.037915,0.000000,0.000000,203,121,0.000000
14,2,12,0.056872,0.000000,1.000000,199,149,0.000000
14,3,12,0.056872,0.000000,1.000000,199,97,0.000000
14,4,12,0.056872,0.000000,1.000000,199,183,0.000000
14,5,12,0.056872,0.000000,1.000000,199,148,0.000000
14,6,12,0.056872,0.000000,2.000000,199,128,0.000000
14,7,12,0.056872,0.000000,2.000000,199,110,0.000000
14,8,20,0.094787,0.573529,3.000000,191,70,1.000000
14,9,20,0.094787,0.573529,3.000000,191,67,0.450000
14,10,20,0.094787,0.573529,3.000000,191,70,0.450000
14,11,20,0.094787,0.573529,3.000000,191,59,0.450000
14,12,10,0.047393,0.000000,0.250000,201,167,0.000000
14,13,10,0.047393,0.000000,0.250000,201,100,0.000000
14,14,14,0.066351,0.000000,1.000000,197,114,0.000000
14,15,14,0.066351,0.000000,1.000000,197,83,0.000000
14,16,14,0.066351,0.000000,1.000000,197,144,0.000000
14,17,14,0.066351,0.000000,1.000000,197,114,0.000000
14,18,14,0.066351,0.000000,1.750000,197,122,0.000000
14,19,14,0.066351,0.000000,1.750000,197,105,0.000000
14,20,22,0.104265,0.191176,2.500000,189,83,0.700000
14,21,22,0.104265,0.191176,2.500000,189,69,0.150000
14,22,22,0.104265,0.191176,2.500000,189,77,0.150000
14,23,22,0.104265,0.191176,2.500000,189,77,0.150000
14,24,10,0.047393,0.000000,0.000000,201,126,0.000000
14,25,10,0.047393,0.000000,0.000000,201,104,0.000000
14,26,14,0.066351,0.000000,0.250000,197,107,0.000000
14,27,14,0.066351,0.000000,0.250000,197,84,0.000000
14,28,14,0.066351,0.000000,0.250000,197,116,0.000000
14,29,14,0.066351,0.000000,0.250000,197,108,0.000000
14,30,14,0.066351,0.000000,0.500000,197,125,0.000000
14,31,14,0.066351,0.000000,0.500000,197,115,0.000000
14,32,22,0.104265,0.000000,0.750000,189,95,0.000000
14,33,22,0.104265,0.000000,0.750000,189,84,0.000000
14,34,22,0.104265,0.000000,0.750000,189,87,0.000000
14,35,22,0.104265,0.000000,0.750000,189,94,0.000000
14,36,8,0.037915,0.000000,0.000000,203,193,0.000000
14,37,8,0.037915,0.000000,0.000000,203,189,0.000000
14,38,10,0.047393,0.000000,0.000000,201,180,0.000000
14,39,10,0.047393,0.000000,0.000000,201,184,0.000000
14,40,10,0.047393,0.000000,0.000000,201,188,0.000000
14,41,10,0.047393,0.000000,0.000000,201,176,0.000000
14,42,10,0.047393,0.000000,0.000000,201,185,0.000000
14,43,10,0.047393,0.000000,0.000000,201,189,0.000000
14,44,14,0.066351,0.000000,0.000000,197,170,0.000000
14,45,14,0.066351,0.000000,0.000000,197,166,0.000000
14,46,14,0.066351,0.000000,0.000000,197,172,0.000000
14,47,14,0.066351,0.000000,0.000000,197,170,0.000000
14,48,30,0.142180,0.000000,0.250000,181,67,0.000000
14,49,30,0.142180,0.191176,1.000000,181,60,0.150000
14,50,30,0.142180,0.000000,0.250000,181,102,0.000000
14,51,30,0.142180,0.000000,0.250000,181,66,0.000000
14,52,9,0.042654,0.000000,0.235294,202,176,0.000000
14,53,9,0.042654,0.000000,0.235294,202,114,0.000000
14,54,13,0.061611,0.000000,1.000000,198,136,0.000000
14,55,13,0.061611,0.000000,1.000000,198,93,0.000000
14,56,13,0.061611,0.000000,1.000000,198,151,0.000000
14,57,13,0.061611,0.000000,1.000000,198,132,0.000000
14,58,13,0.061611,0.000000,1.764706,198,135,0.000000
14,59,13,0.061611,0.000000,1.764706,198,126,0.000000
14,60,21,0.099526,0.176471,2.529412,190,85,0.688462
14,61,21,0.099526,0.176471,2.529412,190,77,0.138462
14,62,21,0.099526,0.176471,2.529412,190,89,0.138462
14,63,21,0.099526,0.176471,2.529412,190,87,0.138462
14,64,11,0.052133,0.000000,0.426471,200,147,0.000000
14,65,11,0.052133,0.000000,0.426471,200,96,0.000000
14,66,15,0.071090,0.000000,1.000000,196,106,0.000000
14,67,15,0.071090,0.000000,1.000000,196,87,0.000000
14,68,15,0.071090,0.000000,1.000000,196,135,0.000000
14,69,15,0.071090,0.000000,1.000000,196,119,0.000000
14,70,15,0.071090,0.000000,1.573529,196,118,0.000000
14,71,15,0.071090,0.000000,1.573529,196,117,0.000000
14,72,23,0.109005,0.058824,2.147059,188,95,0.596154
14,73,23,0.109005,0.058824,2.147059,188,85,0.046154
14,74,23,0.109005,0.058824,2.147059,188,83,0.046154
14,75,23,0.109005,0.058824,2.147059,188,94,0.046154
14,76,11,0.052133,0.000000,0.235294,200,116,0.000000
14,77,11,0.052133,0.000000,0.235294,200,103,0.000000
14,78,15,0.071090,0.000000,0.426471,196,102,0.000000
14,79,15,0.071090,0.000000,0.426471,196,94,0.000000
14,80,15,0.071090,0.000000,0.426471,196,103,0.000000
14,81,15,0.071090,0.000000,0.426471,196,103,0.000000
14,82,15,0.071090,0.000000,0.617647,196,118,0.000000
14,83,15,0.071090,0.000000,0.617647,196,110,0.000000
14,84,23,0.109005,0.000000,0.808824,188,92,0.000000
14,85,23,0.109005,0.000000,0.808824,188,87,0.000000
14,86,23,0.109005,0.000000,0.808824,188,87,0.000000
14,87,23,0.109005,0.000000,0.808824,188,90,0.000000
14,88,9,0.042654,0.000000,0.235294,202,185,0.000000
14,89,9,0.042654,0.000000,0.235294,202,197,0.000000
14,90,11,0.052133,0.000000,0.235294,200,175,0.000000
14,91,11,0.052133,0.000000,0.235294,200,181,0.000000
14,92,11,0.052133,0.000000,0.235294,200,189,0.000000
14,93,11,0.052133,0.000000,0.235294,200,192,0.000000
14,94,11,0.052133,0.000000,0.235294,200,186,0.000000
14,95,11,0.052133,0.000000,0.235294,200,190,0.000000
14,96,15,0.071090,0.000000,0.235294,196,172,0.000000
14,97,15,0.071090,0.000000,0.235294,196,174,0.000000
14,98,15,0.071090,0.000000,0.235294,196,171,0.000000
14,99,15,0.071090,0.000000,0.235294,196,171,0.000000
14,100,31,0.146919,0.000000,0.426471,180,84,0.000000
14,101,31,0.146919,0.058824,1.000000,180,73,0.046154
14,102,31,0.146919,0.000000,0.426471,180,111,0.000000
14,103,31,0.146919,0.000000,0.426471,180,80,0.000000
14,104,9,0.042654,0.000000,0.000000,202,132,0.000000
14,105,9,0.042654,0.000000,0.000000,202,104,0.000000
14,106,13,0.061611,0.000000,0.235294,198,110,0.000000
14,107,13,0.061611,0.000000,0.235294,198,96,0.000000
14,108,13,0.061611,0.000000,0.235294,198,123,0.000000
14,109,13,0.061611,0.000000,0.235294,198,124,0.000000
14,110,13,0.061611,0.000000,0.470588,198,125,0.000000
14,111,13,0.061611,0.000000,0.470588,198,124,0.000000
14,112,21,0.099526,0.000000,0.705882,190,98,0.000000
14,113,21,0.099526,0.000000,0.705882,190,91,0.000000
14,114,21,0.099526,0.000000,0.705882,190,99,0.000000
14,115,21,0.099526,0.000000,0.705882,190,102,0.000000
14,116,11,0.052133,0.000000,0.058824,200,122,0.000000
14,117,11,0.052133,0.000000,0.058824,200,100,0.000000
14,118,15,0.071090,0.000000,0.235294,196,104,0.000000
14,119,15,0.071090,0.000000,0.235294,196,92,0.000000
14,120,15,0.071090,0.000000,0.235294,196,118,0.000000
14,121,15,0.071090,0.000000,0.235294,196,106,0.000000
14,122,15,0.071090,0.000000,0.411765,196,113,0.000000
14,123,15,0.071090,0.000000,0.411765,196,114,0.000000
14,124,23,0.109005,0.000000,0.588235,188,97,0.000000
14,125,23,0.109005,0.000000,0.588235,188,91,0.000000
14,126,23,0.109005,0.000000,0.588235,188,90,0.000000
14,127,23,0.109005,0.000000,0.588235,188,101,0.000000
14,128,11,0.052133,0.000000,0.000000,200,105,0.000000
14,129,11,0.052133,0.000000,0.000000,200,108,0.000000
14,130,15,0.071090,0.000000,0.058824,196,99,0.000000
14,131,15,0.071090,0.000000,0.058824,196,97,0.000000
14,132,15,0.071090,0.000000,0.058824,196,102,0.000000
14,133,15,0.071090,0.000000,0.058824,196,104,0.000000
14,134,15,0.071090,0.000000,0.117647,196,107,0.000000
14,135,15,0.071090,0.000000,0.117647,196,108,0.000000
14,136,23,0.109005,0.000000,0.176471,188,94,0.000000
14,137,23,0.109005,0.000000,0.176471,188,91,0.000000
14,138,23,0.109005,0.000000,0.176471,188,94,0.000000
14,139,23,0.109005,0.000000,0.176471,188,97,0.000000
14,140,9,0.042654,0.000000,0.000000,202,164,0.000000
14,141,9,0.042654,0.000000,0.000000,202,164,0.000000
14,142,11,0.052133,0.000000,0.000000,200,150,0.000000
14,143,11,0.052133,0.000000,0.000000,200,158,0.000000
14,144,11,0.052133,0.000000,0.000000,200,161,0.000000
14,145,11,0.052133,0.000000,0.000000,200,163,0.000000
14,146,11,0.052133,0.000000,0.000000,200,161,0.000000
14,147,11,0.052133,0.000000,0.000000,200,167,0.000000
14,148,15,0.071090,0.000000,0.000000,196,160,0.000000
14,149,15,0.071090,0.000000,0.000000,196,161,0.000000
14,150,15,0.071090,0.000000,0.000000,196,146,0.000000
14,151,15,0.071090,0.000000,0.000000,196,158,0.000000
14,152,31,0.146919,0.000000,0.058824,180,93,0.000000
14,153,31,0.146919,0.000000,0.235294,180,82,0.000000
14,154,31,0.146919,0.000000,0.058824,180,111,0.000000
14,155,31,0.146919,0.000000,0.058824,180,90,0.000000
14,156,6,0.028436,0.000000,0.000000,205,221,0.000000
14,157,6,0.028436,0.000000,0.000000,205,229,0.000000
14,158,8,0.037915,0.000000,0.000000,203,213,0.000000
14,159,8,0.037915,0.000000,0.000000,203,208,0.000000
14,160,8,0.037915,0.000000,0.000000,203,215,0.000000
14,161,8,0.037915,0.000000,0.000000,203,220,0.000000
14,162,8,0.037915,0.000000,0.000000,203,211,0.000000
14,163,8,0.037915,0.000000,0.000000,203,215,0.000000
14,164,12,0.056872,0.000000,0.000000,199,193,0.000000
14,165,12,0.056872,0.000000,0.000000,199,186,0.000000
14,166,12,0.056872,0.000000,0.000000,199,190,0.000000
14,167,12,0.056872,0.000000,0.000000,199,197,0.000000
14,168,7,0.033175,0.000000,0.000000,204,208,0.000000
14,169,7,0.033175,0.000000,0.000000,204,211,0.000000
14,170,9,0.042654,0.000000,0.000000,202,197,0.000000
14,171,9,0.042654,0.000000,0.000000,202,198,0.000000
14,172,9,0.042654,0.000000,0.000000,202,208,0.000000
14,173,9,0.042654,0.000000,0.000000,202,209,0.000000
14,174,9,0.042654,0.000000,0.000000,202,207,0.000000
14,175,9,0.042654,0.000000,0.000000,202,209,0.000000
14,176,13,0.061611,0.000000,0.000000,198,190,0.000000
14,177,13,0.061611,0.000000,0.000000,198,187,0.000000
14,178,13,0.061611,0.000000,0.000000,198,189,0.000000
14,179,13,0.061611,0.000000,0.000000,198,194,0.000000
14,180,7,0.033175,0.000000,0.000000,204,218,0.000000
14,181,7,0.033175,0.000000,0.000000,204,227,0.000000
14,182,9,0.042654,0.000000,0.000000,202,205,0.000000
14,183,9,0.042654,0.000000,0.000000,202,206,0.000000
14,184,9,0.042654,0.000000,0.000000,202,212,0.000000
14,185,9,0.042654,0.000000,0.000000,202,222,0.000000
14,186,9,0.042654,0.000000,0.000000,202,215,0.000000
14,187,9,0.042654,0.000000,0.000000,202,215,0.000000
14,188,13,0.061611,0.000000,0.000000,198,197,0.000000
14,189,13,0.061611,0.000000,0.000000,198,197,0.000000
14,190,13,0.061611,0.000000,0.000000,198,194,0.000000
14,191,13,0.061611,0.000000,0.000000,198,196,0.000000
14,192,6,0.028436,0.000000,0.000000,205,226,0.000000
14,193,6,0.028436,0.000000,0.000000,205,237,0.000000
14,194,7,0.033175,0.000000,0.000000,204,220,0.000000
14,195,7,0.033175,0.000000,0.000000,204,223,0.000000
14,196,7,0.033175,0.000000,0.000000,204,230,0.000000
14,197,7,0.033175,0.000000,0.000000,204,235,0.000000
14,198,7,0.033175,0.000000,0.000000,204,229,0.000000
14,199,7,0.033175,0.000000,0.000000,204,231,0.000000
14,200,9,0.042654,0.000000,0.000000,202,219,0.000000
14,201,9,0.042654,0.000000,0.000000,202,221,0.000000
14,202,9,0.042654,0.000000,0.000000,202,217,0.000000
14,203,9,0.042654,0.000000,0.000000,202,222,0.000000
14,204,17,0.080569,0.000000,0.000000,194,174,0.000000
14,205,17,0.080569,0.000000,0.000000,194,170,0.000000
14,206,17,0.080569,0.000000,0.000000,194,182,0.000000
14,207,17,0.080569,0.000000,0.000000,194,173,0.000000
14,208,55,0.260664,0.000000,0.235294,156,68,0.000000
14,209,55,0.260664,0.235294,1.000000,156,68,0.184615
14,210,55,0.260664,0.000000,0.235294,156,100,0.000000
14,211,55,0.260664,0.000000,0.235294,156,64,0.000000
