iteration,vertex_id,degree,normalized_degree,dual,weighted_neighbor_dual,complement_degree,stable_set_occurrences,is_selected
0,0,4,0.072727,0.072678,0.188012,51,205,1
0,1,4,0.072727,0.034890,0.207185,51,146,0
0,2,4,0.072727,0.071682,0.207201,51,187,1
0,3,4,0.072727,0.040824,0.214862,51,142,0
0,4,4,0.072727,0.040824,0.187627,51,186,0
0,5,4,0.072727,0.048978,0.191663,51,163,0
0,6,4,0.072727,0.051055,0.193891,51,190,1
0,7,4,0.072727,0.060330,0.193292,51,158,1
0,8,4,0.072727,0.062120,0.201383,51,178,0
0,9,4,0.072727,0.062407,0.202672,51,157,0
0,10,4,0.072727,0.062120,0.185845,51,152,1
0,11,4,0.072727,0.045897,0.170751,51,193,0
0,12,4,0.072727,0.067259,0.220223,51,144,0
0,13,4,0.072727,0.016928,0.157102,51,173,0
0,14,4,0.072727,0.045039,0.202165,51,149,0
0,15,4,0.072727,0.055463,0.205756,51,173,0
0,16,4,0.072727,0.056074,0.193891,51,156,0
0,17,4,0.072727,0.051998,0.191663,51,179,0
0,18,4,0.072727,0.041434,0.190031,51,153,0
0,19,4,0.072727,0.034885,0.212799,51,167,0
0,20,4,0.072727,0.026433,0.200100,51,156,0
0,21,4,0.072727,0.037498,0.209937,51,153,0
0,22,4,0.072727,0.045396,0.193027,51,181,1
0,23,4,0.072727,0.034545,0.126681,51,154,1
0,24,4,0.072727,0.030467,0.185827,51,184,1
0,25,4,0.072727,0.060492,0.174305,51,157,1
0,26,4,0.072727,0.043267,0.157134,51,172,1
0,27,4,0.072727,0.038689,0.135459,51,162,1
0,28,4,0.072727,0.040688,0.151040,51,175,1
0,29,4,0.072727,0.044111,0.170399,51,166,1
0,30,4,0.072727,0.043820,0.157929,51,178,1
0,31,4,0.072727,0.041589,0.171289,51,162,1
0,32,4,0.072727,0.046237,0.161452,51,158,1
0,33,4,0.072727,0.038520,0.132946,51,133,0
0,34,4,0.072727,0.048469,0.138358,51,137,0
0,35,4,0.072727,0.025336,0.104588,51,138,0
0,36,4,0.072727,0.032260,0.120249,51,135,0
0,37,4,0.072727,0.034425,0.150379,51,136,0
0,38,4,0.072727,0.014025,0.112411,51,140,0
0,39,4,0.072727,0.041197,0.136070,51,141,0
0,40,4,0.072727,0.038400,0.132713,51,140,0
0,41,4,0.072727,0.045626,0.159658,51,137,0
0,42,4,0.072727,0.054508,0.131547,51,136,0
0,43,4,0.072727,0.040596,0.182641,51,136,0
0,44,3,0.054545,0.031587,0.188458,52,209,1
0,45,3,0.054545,0.027168,0.171584,52,224,1
0,46,3,0.054545,0.030908,0.170223,52,216,1
0,47,3,0.054545,0.010741,0.180673,52,224,1
0,48,3,0.054545,0.000000,0.178389,52,210,0
0,49,3,0.054545,0.004186,0.174261,52,221,1
0,50,3,0.054545,0.010348,0.176262,52,208,1
0,51,3,0.054545,0.035035,0.187779,52,222,1
0,52,3,0.054545,0.045626,0.186725,52,206,1
0,53,3,0.054545,0.051605,0.189521,52,217,1
0,54,3,0.054545,0.034274,0.207863,52,218,1
0,55,11,0.200000,0.107728,0.281480,44,109,0
1,0,4,0.072727,0.075054,0.193922,51,206,1
1,1,4,0.072727,0.041675,0.197463,51,146,0
1,2,4,0.072727,0.053373,0.205199,51,188,1
1,3,4,0.072727,0.077193,0.232857,51,142,0
1,4,4,0.072727,0.077193,0.212961,51,186,1
1,5,4,0.072727,0.035747,0.171110,51,163,0
1,6,4,0.072727,0.046852,0.193776,51,191,0
1,7,4,0.072727,0.041656,0.205817,51,159,0
1,8,4,0.072727,0.053571,0.220641,51,178,1
1,9,4,0.072727,0.060742,0.194769,51,157,1
1,10,4,0.072727,0.061552,0.186552,51,153,0
1,11,4,0.072727,0.047214,0.203197,51,193,1
1,12,4,0.072727,0.061073,0.209214,51,144,0
1,13,4,0.072727,0.021822,0.148385,51,173,1
1,14,4,0.072727,0.013981,0.220560,51,149,0
1,15,4,0.072727,0.033396,0.201565,51,173,1
1,16,4,0.072727,0.066704,0.187845,51,156,0
1,17,4,0.072727,0.049063,0.171110,51,179,0
1,18,4,0.072727,0.080131,0.216905,51,153,0
1,19,4,0.072727,0.041656,0.184191,51,167,1
1,20,4,0.072727,0.030583,0.189991,51,156,1
1,21,4,0.072727,0.037302,0.206466,51,153,0
1,22,4,0.072727,0.031413,0.164102,51,182,1
1,23,4,0.072727,0.039254,0.143746,51,155,0
1,24,4,0.072727,0.049375,0.205291,51,185,1
1,25,4,0.072727,0.045074,0.152563,51,158,0
1,26,4,0.072727,0.036900,0.160733,51,173,1
1,27,4,0.072727,0.031709,0.148385,51,163,0
1,28,4,0.072727,0.038246,0.158366,51,176,0
1,29,4,0.072727,0.037641,0.148872,51,167,0
1,30,4,0.072727,0.049241,0.188749,51,179,1
1,31,4,0.072727,0.042912,0.163749,51,163,1
1,32,4,0.072727,0.043342,0.153895,51,159,0
1,33,4,0.072727,0.038538,0.128283,51,133,1
1,34,4,0.072727,0.057687,0.150331,51,137,0
1,35,4,0.072727,0.036172,0.105299,51,138,1
1,36,4,0.072727,0.031361,0.115460,51,135,0
1,37,4,0.072727,0.033415,0.140688,51,136,1
1,38,4,0.072727,0.019827,0.127546,51,140,0
1,39,4,0.072727,0.041328,0.142969,51,141,0
1,40,4,0.072727,0.035260,0.123552,51,140,0
1,41,4,0.072727,0.040404,0.139720,51,137,1
1,42,4,0.072727,0.041252,0.114880,51,136,1
1,43,4,0.072727,0.036056,0.173416,51,136,0
1,44,3,0.054545,0.037589,0.194822,52,210,1
1,45,3,0.054545,0.019397,0.180484,52,225,0
1,46,3,0.054545,0.031955,0.183288,52,217,1
1,47,3,0.054545,0.024557,0.177727,52,225,0
1,48,3,0.054545,0.009559,0.172395,52,210,1
1,49,3,0.054545,0.014938,0.183274,52,222,0
1,50,3,0.054545,0.007971,0.166853,52,209,0
1,51,3,0.054545,0.033415,0.179594,52,223,0
1,52,3,0.054545,0.027853,0.177090,52,207,1
1,53,3,0.054545,0.053410,0.183158,52,218,1
1,54,3,0.054545,0.025322,0.187430,52,219,0
1,55,11,0.200000,0.105774,0.285965,44,109,0
2,0,4,0.072727,0.084850,0.201712,51,207,1
2,1,4,0.072727,0.048818,0.207485,51,146,0
2,2,4,0.072727,0.053268,0.209028,51,189,1
2,3,4,0.072727,0.068045,0.220939,51,142,0
2,4,4,0.072727,0.068045,0.205999,51,187,1
2,5,4,0.072727,0.037397,0.175688,51,163,0
2,6,4,0.072727,0.047266,0.185979,51,191,0
2,7,4,0.072727,0.045669,0.197052,51,159,0
2,8,4,0.072727,0.058205,0.216565,51,179,1
2,9,4,0.072727,0.049482,0.188920,51,158,1
2,10,4,0.072727,0.052149,0.183225,51,153,0
2,11,4,0.072727,0.034450,0.200999,51,194,0
2,12,4,0.072727,0.062044,0.216481,51,144,0
2,13,4,0.072727,0.034917,0.153365,51,174,0
2,14,4,0.072727,0.022806,0.221925,51,149,0
2,15,4,0.072727,0.033594,0.193156,51,174,0
2,16,4,0.072727,0.060770,0.183762,51,156,0
2,17,4,0.072727,0.040237,0.175688,51,179,0
2,18,4,0.072727,0.069479,0.202911,51,153,0
2,19,4,0.072727,0.037208,0.170838,51,168,0
2,20,4,0.072727,0.038330,0.189647,51,157,0
2,21,4,0.072727,0.049268,0.213529,51,153,0
2,22,4,0.072727,0.042103,0.163213,51,183,1
2,23,4,0.072727,0.034450,0.127617,51,155,1
2,24,4,0.072727,0.036260,0.204316,51,186,1
2,25,4,0.072727,0.049686,0.152689,51,158,1
2,26,4,0.072727,0.026928,0.160508,51,174,1
2,27,4,0.072727,0.032701,0.152969,51,163,1
2,28,4,0.072727,0.046968,0.174517,51,176,1
2,29,4,0.072727,0.029755,0.146180,51,167,1
2,30,4,0.072727,0.049734,0.175896,51,180,1
2,31,4,0.072727,0.056108,0.178314,51,164,1
2,32,4,0.072727,0.043264,0.136276,51,159,1
2,33,4,0.072727,0.039022,0.126049,51,134,0
2,34,4,0.072727,0.037068,0.139878,51,137,0
2,35,4,0.072727,0.019227,0.130948,51,139,0
2,36,4,0.072727,0.041296,0.111488,51,135,0
2,37,4,0.072727,0.045622,0.142849,51,137,0
2,38,4,0.072727,0.044435,0.143530,51,140,0
2,39,4,0.072727,0.058588,0.162632,51,141,0
2,40,4,0.072727,0.026928,0.112902,51,140,0
2,41,4,0.072727,0.029755,0.129636,51,138,0
2,42,4,0.072727,0.030982,0.121215,51,137,0
2,43,4,0.072727,0.030221,0.154981,51,136,0
2,44,3,0.054545,0.021201,0.192116,52,211,1
2,45,3,0.054545,0.024127,0.172001,52,225,1
2,46,3,0.054545,0.040313,0.195255,52,218,1
2,47,3,0.054545,0.017785,0.198397,52,225,1
2,48,3,0.054545,0.021255,0.181976,52,211,1
2,49,3,0.054545,0.039670,0.191567,52,222,1
2,50,3,0.054545,0.019988,0.189170,52,209,1
2,51,3,0.054545,0.045622,0.189130,52,223,1
2,52,3,0.054545,0.014985,0.170901,52,208,1
2,53,3,0.054545,0.034154,0.202561,52,219,1
2,54,3,0.054545,0.010994,0.174490,52,219,1
2,55,11,0.200000,0.113752,0.290096,44,109,0
3,0,4,0.072727,0.080576,0.193707,51,208,0
3,1,4,0.072727,0.038432,0.196980,51,146,1
3,2,4,0.072727,0.029867,0.205838,51,190,0
3,3,4,0.072727,0.072010,0.231173,51,142,1
3,4,4,0.072727,0.072010,0.203142,51,188,0
3,5,4,0.072727,0.072010,0.177054,51,163,1
3,6,4,0.072727,0.071911,0.207070,51,191,0
3,7,4,0.072727,0.036625,0.197291,51,159,1
3,8,4,0.072727,0.057200,0.217872,51,180,0
3,9,4,0.072727,0.037391,0.209006,51,159,1
3,10,4,0.072727,0.058065,0.189088,51,153,0
3,11,4,0.072727,0.040540,0.197100,51,194,0
3,12,4,0.072727,0.062189,0.193828,51,144,1
3,13,4,0.072727,0.045997,0.189356,51,174,0
3,14,4,0.072727,0.021076,0.210927,51,149,1
3,15,4,0.072727,0.038046,0.189691,51,174,0
3,16,4,0.072727,0.033206,0.199446,51,156,1
3,17,4,0.072727,0.029279,0.182906,51,179,0
3,18,4,0.072727,0.073432,0.208046,51,153,1
3,19,4,0.072727,0.030035,0.158798,51,168,0
3,20,4,0.072727,0.064462,0.201545,51,157,1
3,21,4,0.072727,0.049750,0.178334,51,153,0
3,22,4,0.072727,0.028116,0.159085,51,184,0
3,23,4,0.072727,0.040540,0.166094,51,156,1
3,24,4,0.072727,0.055269,0.193063,51,187,0
3,25,4,0.072727,0.046117,0.156369,51,159,1
3,26,4,0.072727,0.030224,0.152848,51,175,0
3,27,4,0.072727,0.038373,0.158215,51,164,1
3,28,4,0.072727,0.042399,0.175662,51,177,0
3,29,4,0.072727,0.034938,0.132942,51,168,1
3,30,4,0.072727,0.048611,0.181437,51,181,0
3,31,4,0.072727,0.035132,0.152534,51,165,1
3,32,4,0.072727,0.029169,0.151697,51,160,0
3,33,4,0.072727,0.042091,0.150811,51,134,0
3,34,4,0.072727,0.047704,0.165381,51,137,1
3,35,4,0.072727,0.037466,0.151178,51,139,0
3,36,4,0.072727,0.028116,0.093279,51,135,1
3,37,4,0.072727,0.035692,0.140752,51,137,0
3,38,4,0.072727,0.049964,0.165650,51,140,1
3,39,4,0.072727,0.045474,0.124556,51,141,0
3,40,4,0.072727,0.030224,0.111979,51,140,0
3,41,4,0.072727,0.029169,0.106906,51,138,0
3,42,4,0.072727,0.028030,0.099599,51,137,1
3,43,4,0.072727,0.028030,0.135822,51,136,0
3,44,3,0.054545,0.034938,0.185847,52,212,0
3,45,3,0.054545,0.040149,0.189583,52,226,1
3,46,3,0.054545,0.047058,0.207695,52,219,0
3,47,3,0.054545,0.024004,0.187810,52,226,1
3,48,3,0.054545,0.000000,0.168368,52,212,0
3,49,3,0.054545,0.032115,0.192967,52,223,1
3,50,3,0.054545,0.020924,0.188021,52,210,0
3,51,3,0.054545,0.035692,0.174888,52,224,1
3,52,3,0.054545,0.033143,0.168282,52,209,1
3,53,3,0.054545,0.018936,0.183531,52,220,1
3,54,3,0.054545,0.007107,0.167226,52,220,0
3,55,11,0.200000,0.110027,0.294066,44,109,0
4,0,4,0.072727,0.073299,0.194454,51,208,0
4,1,4,0.072727,0.050756,0.208934,51,147,1
4,2,4,0.072727,0.042244,0.207618,51,190,0
4,3,4,0.072727,0.053031,0.216363,51,143,1
4,4,4,0.072727,0.053031,0.184484,51,188,0
4,5,4,0.072727,0.064787,0.177435,51,164,1
4,6,4,0.072727,0.054245,0.192323,51,191,0
4,7,4,0.072727,0.047932,0.206951,51,160,1
4,8,4,0.072727,0.065236,0.237044,51,180,0
4,9,4,0.072727,0.049218,0.223611,51,160,0
4,10,4,0.072727,0.077063,0.206861,51,153,1
4,11,4,0.072727,0.046533,0.192828,51,194,0
4,12,4,0.072727,0.060980,0.190103,51,145,1
4,13,4,0.072727,0.046858,0.191419,51,174,0
4,14,4,0.072727,0.029686,0.196997,51,150,1
4,15,4,0.072727,0.043499,0.178833,51,174,0
4,16,4,0.072727,0.031095,0.175800,51,157,1
4,17,4,0.072727,0.034089,0.190967,51,179,0
4,18,4,0.072727,0.053834,0.203549,51,154,1
4,19,4,0.072727,0.045184,0.192722,51,168,0
4,20,4,0.072727,0.047224,0.206861,51,158,0
4,21,4,0.072727,0.058215,0.213141,51,153,1
4,22,4,0.072727,0.037445,0.165226,51,184,0
4,23,4,0.072727,0.045541,0.151251,51,157,1
4,24,4,0.072727,0.037115,0.167488,51,187,0
4,25,4,0.072727,0.043499,0.154759,51,160,1
4,26,4,0.072727,0.033222,0.160707,51,175,0
4,27,4,0.072727,0.030335,0.164370,51,165,0
4,28,4,0.072727,0.042196,0.157630,51,177,0
4,29,4,0.072727,0.034370,0.145580,51,169,1
4,30,4,0.072727,0.052060,0.167237,51,181,0
4,31,4,0.072727,0.046627,0.169265,51,166,0
4,32,4,0.072727,0.033357,0.161542,51,160,0
4,33,4,0.072727,0.035951,0.131011,51,134,0
4,34,4,0.072727,0.037115,0.145366,51,138,1
4,35,4,0.072727,0.021909,0.131873,51,139,0
4,36,4,0.072727,0.037445,0.116792,51,136,1
4,37,4,0.072727,0.028776,0.136212,51,137,0
4,38,4,0.072727,0.038298,0.134083,51,141,1
4,39,4,0.072727,0.061515,0.135443,51,141,1
4,40,4,0.072727,0.039741,0.125023,51,140,1
4,41,4,0.072727,0.028121,0.119596,51,138,0
4,42,4,0.072727,0.041013,0.116983,51,138,1
4,43,4,0.072727,0.015447,0.141561,51,136,1
4,44,3,0.054545,0.034370,0.192032,52,212,0
4,45,3,0.054545,0.012404,0.175332,52,227,0
4,46,3,0.054545,0.036436,0.192885,52,219,0
4,47,3,0.054545,0.029566,0.182198,52,227,0
4,48,3,0.054545,0.011756,0.194658,52,212,0
4,49,3,0.054545,0.043593,0.200896,52,224,0
4,50,3,0.054545,0.018336,0.196783,52,210,0
4,51,3,0.054545,0.028776,0.174369,52,225,0
4,52,3,0.054545,0.027986,0.172660,52,210,0
4,53,3,0.054545,0.014888,0.194434,52,221,0
4,54,3,0.054545,0.023094,0.186606,52,220,0
4,55,11,0.200000,0.117472,0.281205,44,109,1
5,0,4,0.072727,0.071413,0.190858,51,208,1
5,1,4,0.072727,0.039547,0.203555,51,148,0
5,2,4,0.072727,0.038974,0.192081,51,190,1
5,3,4,0.072727,0.061395,0.219303,51,144,0
5,4,4,0.072727,0.061395,0.195534,51,188,0
5,5,4,0.072727,0.070840,0.184479,51,165,0
5,6,4,0.072727,0.067821,0.210879,51,191,1
5,7,4,0.072727,0.042009,0.193227,51,161,1
5,8,4,0.072727,0.053405,0.220154,51,180,0
5,9,4,0.072727,0.051361,0.219550,51,160,0
5,10,4,0.072727,0.065777,0.212551,51,154,1
5,11,4,0.072727,0.050076,0.187436,51,194,1
5,12,4,0.072727,0.058793,0.184184,51,146,0
5,13,4,0.072727,0.043093,0.195658,51,174,1
5,14,4,0.072727,0.031123,0.197191,51,151,0
5,15,4,0.072727,0.036419,0.176551,51,174,0
5,16,4,0.072727,0.022901,0.190688,51,158,0
5,17,4,0.072727,0.034592,0.193506,51,179,1
5,18,4,0.072727,0.061008,0.206575,51,155,1
5,19,4,0.072727,0.042009,0.186445,51,168,0
5,20,4,0.072727,0.065777,0.212551,51,158,0
5,21,4,0.072727,0.051361,0.195194,51,154,1
5,22,4,0.072727,0.026927,0.160168,51,184,1
5,23,4,0.072727,0.050076,0.158032,51,158,0
5,24,4,0.072727,0.046871,0.165588,51,187,1
5,25,4,0.072727,0.036419,0.152148,51,161,0
5,26,4,0.072727,0.037456,0.160757,51,175,0
5,27,4,0.072727,0.035196,0.154284,51,165,0
5,28,4,0.072727,0.037023,0.158217,51,177,1
5,29,4,0.072727,0.036729,0.144390,51,170,1
5,30,4,0.072727,0.054319,0.177217,51,181,0
5,31,4,0.072727,0.036109,0.157257,51,166,0
5,32,4,0.072727,0.041931,0.173485,51,160,1
5,33,4,0.072727,0.036419,0.146883,51,134,1
5,34,4,0.072727,0.043325,0.144653,51,139,0
5,35,4,0.072727,0.028444,0.143430,51,139,1
5,36,4,0.072727,0.026927,0.110820,51,137,0
5,37,4,0.072727,0.029234,0.131616,51,137,0
5,38,4,0.072727,0.040569,0.152953,51,142,0
5,39,4,0.072727,0.048156,0.110356,51,142,1
5,40,4,0.072727,0.041699,0.133474,51,141,1
5,41,4,0.072727,0.036729,0.115868,51,138,0
5,42,4,0.072727,0.028971,0.122124,51,139,0
5,43,4,0.072727,0.023149,0.134728,51,137,1
5,44,3,0.054545,0.036992,0.189480,52,212,1
5,45,3,0.054545,0.031154,0.184092,52,227,0
5,46,3,0.054545,0.033864,0.203122,52,219,1
5,47,3,0.054545,0.029234,0.184881,52,227,0
5,48,3,0.054545,0.009445,0.187854,52,212,0
5,49,3,0.054545,0.027004,0.195829,52,224,0
5,50,3,0.054545,0.035196,0.188768,52,210,1
5,51,3,0.054545,0.029234,0.185191,52,225,1
5,52,3,0.054545,0.032254,0.184076,52,210,0
5,53,3,0.054545,0.012047,0.190533,52,221,0
5,54,3,0.054545,0.007974,0.184928,52,220,1
5,55,11,0.200000,0.119228,0.284398,44,110,0
6,0,4,0.072727,0.061559,0.179269,51,209,1
6,1,4,0.072727,0.040367,0.194633,51,148,0
6,2,4,0.072727,0.060803,0.201719,51,191,1
6,3,4,0.072727,0.038470,0.200460,51,144,0
6,4,4,0.072727,0.038470,0.182426,51,188,0
6,5,4,0.072727,0.081994,0.195826,51,165,0
6,6,4,0.072727,0.072373,0.208419,51,192,1
6,7,4,0.072727,0.053885,0.194701,51,162,1
6,8,4,0.072727,0.058318,0.213843,51,180,0
6,9,4,0.072727,0.044918,0.214901,51,160,0
6,10,4,0.072727,0.058973,0.207949,51,155,1
6,11,4,0.072727,0.043457,0.173560,51,195,0
6,12,4,0.072727,0.061626,0.201719,51,146,0
6,13,4,0.072727,0.028815,0.194633,51,175,0
6,14,4,0.072727,0.038806,0.183987,51,151,0
6,15,4,0.072727,0.056974,0.177439,51,174,0
6,16,4,0.072727,0.017732,0.205179,51,158,0
6,17,4,0.072727,0.033835,0.195826,51,180,0
6,18,4,0.072727,0.051265,0.183769,51,156,0
6,19,4,0.072727,0.040938,0.190200,51,168,0
6,20,4,0.072727,0.063775,0.207949,51,158,0
6,21,4,0.072727,0.049720,0.186792,51,155,0
6,22,4,0.072727,0.040435,0.176700,51,185,1
6,23,4,0.072727,0.043457,0.132235,51,158,1
6,24,4,0.072727,0.038923,0.151361,51,188,1
6,25,4,0.072727,0.051265,0.179857,51,161,1
6,26,4,0.072727,0.043524,0.174030,51,175,1
6,27,4,0.072727,0.028815,0.128440,51,165,1
6,28,4,0.072727,0.033080,0.145417,51,178,1
6,29,4,0.072727,0.033819,0.172384,51,171,1
6,30,4,0.072727,0.043457,0.168824,51,181,1
6,31,4,0.072727,0.040099,0.152469,51,166,1
6,32,4,0.072727,0.043524,0.166272,51,161,1
6,33,4,0.072727,0.038772,0.154686,51,135,0
6,34,4,0.072727,0.035834,0.134099,51,139,0
6,35,4,0.072727,0.021191,0.127282,51,140,0
6,36,4,0.072727,0.040435,0.151008,51,137,0
6,37,4,0.072727,0.040653,0.164509,51,137,0
6,38,4,0.072727,0.036169,0.127836,51,142,0
6,39,4,0.072727,0.044599,0.121321,51,143,0
6,40,4,0.072727,0.043524,0.147012,51,142,0
6,41,4,0.072727,0.033819,0.121119,51,138,0
6,42,4,0.072727,0.027740,0.104344,51,139,0
6,43,4,0.072727,0.024314,0.118651,51,138,0
6,44,3,0.054545,0.023525,0.202274,52,213,1
6,45,3,0.054545,0.021191,0.185969,52,227,1
6,46,3,0.054545,0.031216,0.198008,52,220,1
6,47,3,0.054545,0.038772,0.205430,52,227,1
6,48,3,0.054545,0.043524,0.209964,52,212,1
6,49,3,0.054545,0.033819,0.191796,52,224,1
6,50,3,0.054545,0.024617,0.189915,52,211,1
6,51,3,0.054545,0.040653,0.200477,52,226,1
6,52,3,0.054545,0.016506,0.193844,52,210,1
6,53,3,0.054545,0.018588,0.194919,52,221,1
6,54,3,0.054545,0.003123,0.187564,52,221,1
6,55,11,0.200000,0.126005,0.295535,44,110,0
7,0,4,0.072727,0.075391,0.197896,51,210,0
7,1,4,0.072727,0.037050,0.197259,51,148,0
7,2,4,0.072727,0.031185,0.194063,51,192,0
7,3,4,0.072727,0.069526,0.223499,51,144,1
7,4,4,0.072727,0.069526,0.208498,51,188,0
7,5,4,0.072727,0.069526,0.174034,51,165,0
7,6,4,0.072727,0.065357,0.197209,51,193,1
7,7,4,0.072727,0.047929,0.194894,51,163,1
7,8,4,0.072727,0.054559,0.220835,51,180,0
7,9,4,0.072727,0.043760,0.206187,51,160,0
7,10,4,0.072727,0.054559,0.200807,51,156,1
7,11,4,0.072727,0.047330,0.185157,51,195,0
7,12,4,0.072727,0.066494,0.185795,51,146,1
7,13,4,0.072727,0.043353,0.188991,51,175,1
7,14,4,0.072727,0.024826,0.216303,51,151,1
7,15,4,0.072727,0.031251,0.178572,51,174,0
7,16,4,0.072727,0.020993,0.180465,51,158,0
7,17,4,0.072727,0.034139,0.182510,51,180,1
7,18,4,0.072727,0.066217,0.219449,51,156,1
7,19,4,0.072727,0.039558,0.180387,51,168,0
7,20,4,0.072727,0.062929,0.200807,51,158,0
7,21,4,0.072727,0.052131,0.184589,51,155,1
7,22,4,0.072727,0.028153,0.162121,51,186,0
7,23,4,0.072727,0.047330,0.146910,51,159,0
7,24,4,0.072727,0.051066,0.164494,51,189,0
7,25,4,0.072727,0.031251,0.151589,51,162,0
7,26,4,0.072727,0.043234,0.167230,51,176,0
7,27,4,0.072727,0.035085,0.150929,51,166,0
7,28,4,0.072727,0.032856,0.158366,51,179,0
7,29,4,0.072727,0.029865,0.143057,51,172,0
7,30,4,0.072727,0.052131,0.182970,51,182,0
7,31,4,0.072727,0.034139,0.155494,51,167,0
7,32,4,0.072727,0.048034,0.167637,51,162,0
7,33,4,0.072727,0.030625,0.146522,51,135,1
7,34,4,0.072727,0.037848,0.139903,51,139,1
7,35,4,0.072727,0.025603,0.140726,51,140,1
7,36,4,0.072727,0.032953,0.119459,51,137,1
7,37,4,0.072727,0.042383,0.131280,51,137,1
7,38,4,0.072727,0.039159,0.153299,51,142,1
7,39,4,0.072727,0.047835,0.115673,51,143,1
7,40,4,0.072727,0.043234,0.149660,51,142,1
7,41,4,0.072727,0.029865,0.112832,51,138,1
7,42,4,0.072727,0.035284,0.116174,51,139,1
7,43,4,0.072727,0.021389,0.125629,51,138,1
7,44,3,0.054545,0.019441,0.195402,52,214,0
7,45,3,0.054545,0.025558,0.180828,52,228,0
7,46,3,0.054545,0.041243,0.201608,52,221,0
7,47,3,0.054545,0.042383,0.197608,52,228,0
7,48,3,0.054545,0.028632,0.200787,52,213,0
7,49,3,0.054545,0.032754,0.198038,52,225,0
7,50,3,0.054545,0.028133,0.199044,52,212,0
7,51,3,0.054545,0.027781,0.196849,52,227,0
7,52,3,0.054545,0.025663,0.189223,52,211,0
7,53,3,0.054545,0.013695,0.193825,52,222,0
7,54,3,0.054545,0.007151,0.189750,52,222,0
7,55,11,0.200000,0.124601,0.292435,44,110,1
8,0,4,0.072727,0.066452,0.192652,51,210,0
8,1,4,0.072727,0.054106,0.188000,51,148,1
8,2,4,0.072727,0.048509,0.192791,51,192,0
8,3,4,0.072727,0.060855,0.219486,51,145,1
8,4,4,0.072727,0.060855,0.207463,51,188,0
8,5,4,0.072727,0.060855,0.176828,51,165,0
8,6,4,0.072727,0.060647,0.202534,51,194,1
8,7,4,0.072727,0.047495,0.213244,51,164,1
8,8,4,0.072727,0.053968,0.229782,51,180,0
8,9,4,0.072727,0.052839,0.208891,51,160,0
8,10,4,0.072727,0.059519,0.213820,51,157,1
8,11,4,0.072727,0.041253,0.191247,51,195,0
8,12,4,0.072727,0.048509,0.195900,51,147,1
8,13,4,0.072727,0.031786,0.191109,51,176,0
8,14,4,0.072727,0.029183,0.198365,51,152,1
8,15,4,0.072727,0.050927,0.172636,51,174,0
8,16,4,0.072727,0.029322,0.197996,51,158,0
8,17,4,0.072727,0.035886,0.181366,51,181,1
8,18,4,0.072727,0.069930,0.202557,51,157,1
8,19,4,0.072727,0.047495,0.182748,51,168,0
8,20,4,0.072727,0.059519,0.210711,51,158,0
8,21,4,0.072727,0.052839,0.192422,51,156,1
8,22,4,0.072727,0.036163,0.158632,51,186,0
8,23,4,0.072727,0.041253,0.141265,51,159,1
8,24,4,0.072727,0.044777,0.145917,51,189,0
8,25,4,0.072727,0.035034,0.157595,51,162,1
8,26,4,0.072727,0.034896,0.181757,51,176,0
8,27,4,0.072727,0.034896,0.137464,51,166,0
8,28,4,0.072727,0.044063,0.162156,51,179,1
8,29,4,0.072727,0.029253,0.151699,51,172,1
8,30,4,0.072727,0.052839,0.182379,51,182,0
8,31,4,0.072727,0.032777,0.156398,51,167,0
8,32,4,0.072727,0.046482,0.174686,51,162,1
8,33,4,0.072727,0.041391,0.144512,51,136,0
8,34,4,0.072727,0.033191,0.132650,51,140,0
8,35,4,0.072727,0.026834,0.149603,51,141,0
8,36,4,0.072727,0.047748,0.117540,51,138,1
8,37,4,0.072727,0.024024,0.112334,51,138,0
8,38,4,0.072727,0.034896,0.162156,51,143,0
8,39,4,0.072727,0.042958,0.107106,51,144,1
8,40,4,0.072727,0.034896,0.150870,51,143,1
8,41,4,0.072727,0.029253,0.104987,51,139,0
8,42,4,0.072727,0.038420,0.128965,51,140,0
8,43,4,0.072727,0.024715,0.124035,51,139,1
8,44,3,0.054545,0.011586,0.205966,52,214,0
8,45,3,0.054545,0.044201,0.193251,52,228,1
8,46,3,0.054545,0.040124,0.193113,52,221,1
8,47,3,0.054545,0.024024,0.190441,52,228,1
8,48,3,0.054545,0.034896,0.207670,52,213,0
8,49,3,0.054545,0.029253,0.194817,52,225,0
8,50,3,0.054545,0.033191,0.198342,52,212,1
8,51,3,0.054545,0.024024,0.178302,52,227,1
8,52,3,0.054545,0.028239,0.184637,52,211,0
8,53,3,0.054545,0.010181,0.192698,52,222,0
8,54,3,0.054545,0.005229,0.192698,52,222,1
8,55,11,0.200000,0.125026,0.284948,44,111,0
9,0,4,0.072727,0.064414,0.189790,51,210,1
9,1,4,0.072727,0.049327,0.189591,51,149,0
9,2,4,0.072727,0.048641,0.190878,51,192,0
9,3,4,0.072727,0.063728,0.223343,51,146,0
9,4,4,0.072727,0.063728,0.209555,51,188,1
9,5,4,0.072727,0.063728,0.171064,51,165,1
9,6,4,0.072727,0.060655,0.203836,51,195,0
9,7,4,0.072727,0.046085,0.210535,51,165,0
9,8,4,0.072727,0.051834,0.228659,51,180,1
9,9,4,0.072727,0.051052,0.203127,51,160,1
9,10,4,0.072727,0.059874,0.208845,51,158,0
9,11,4,0.072727,0.046314,0.190679,51,195,1
9,12,4,0.072727,0.048641,0.190878,51,148,0
9,13,4,0.072727,0.030222,0.189591,51,176,0
9,14,4,0.072727,0.028094,0.191918,51,153,0
9,15,4,0.072727,0.048888,0.176344,51,174,1
9,16,4,0.072727,0.029182,0.201864,51,158,0
9,17,4,0.072727,0.031545,0.181606,51,182,0
9,18,4,0.072727,0.071648,0.201894,51,158,0
9,19,4,0.072727,0.046085,0.181197,51,168,1
9,20,4,0.072727,0.059874,0.208845,51,158,1
9,21,4,0.072727,0.051052,0.185484,51,157,0
9,22,4,0.072727,0.028497,0.154558,51,186,1
9,23,4,0.072727,0.041257,0.145749,51,160,0
9,24,4,0.072727,0.049327,0.152634,51,189,1
9,25,4,0.072727,0.036368,0.159086,51,163,0
9,26,4,0.072727,0.035280,0.173313,51,176,1
9,27,4,0.072727,0.035280,0.139014,51,166,1
9,28,4,0.072727,0.043241,0.160998,51,180,0
9,29,4,0.072727,0.030162,0.153361,51,173,0
9,30,4,0.072727,0.051052,0.181112,51,182,1
9,31,4,0.072727,0.031545,0.149423,51,167,1
9,32,4,0.072727,0.045075,0.172784,51,163,0
9,33,4,0.072727,0.035658,0.133428,51,136,1
9,34,4,0.072727,0.039531,0.139922,51,140,0
9,35,4,0.072727,0.033554,0.147685,51,141,0
9,36,4,0.072727,0.038292,0.123939,51,139,0
9,37,4,0.072727,0.028226,0.128040,51,138,1
9,38,4,0.072727,0.035280,0.147859,51,143,0
9,39,4,0.072727,0.043692,0.127601,51,145,0
9,40,4,0.072727,0.035280,0.141070,51,144,0
9,41,4,0.072727,0.030162,0.116993,51,139,1
9,42,4,0.072727,0.036663,0.119922,51,140,1
9,43,4,0.072727,0.023133,0.114203,51,140,0
9,44,3,0.054545,0.024883,0.206807,52,214,1
9,45,3,0.054545,0.022520,0.198196,52,229,0
9,46,3,0.054545,0.037216,0.203794,52,222,1
9,47,3,0.054545,0.033283,0.192868,52,229,0
9,48,3,0.054545,0.035280,0.202556,52,213,1
9,49,3,0.054545,0.048629,0.206230,52,225,1
9,50,3,0.054545,0.018076,0.200926,52,213,0
9,51,3,0.054545,0.028226,0.187372,52,228,0
9,52,3,0.054545,0.019459,0.187396,52,211,1
9,53,3,0.054545,0.012147,0.195809,52,222,1
9,54,3,0.054545,0.013530,0.195809,52,223,0
9,55,11,0.200000,0.128984,0.293247,44,111,0
10,0,4,0.072727,0.066618,0.193382,51,211,0
10,1,4,0.072727,0.049297,0.190202,51,149,1
10,2,4,0.072727,0.047691,0.194739,51,192,0
10,3,4,0.072727,0.065011,0.223753,51,146,1
10,4,4,0.072727,0.065011,0.201759,51,189,0
10,5,4,0.072727,0.065011,0.178339,51,166,0
10,6,4,0.072727,0.059853,0.211928,51,195,1
10,7,4,0.072727,0.041078,0.203148,51,165,1
10,8,4,0.072727,0.047887,0.219542,51,181,0
10,9,4,0.072727,0.051106,0.211885,51,161,0
10,10,4,0.072727,0.063072,0.203143,51,158,1
10,11,4,0.072727,0.042952,0.190131,51,196,0
10,12,4,0.072727,0.047691,0.193312,51,148,1
10,13,4,0.072727,0.032941,0.188775,51,176,0
10,14,4,0.072727,0.031383,0.193513,51,153,1
10,15,4,0.072727,0.049172,0.180621,51,175,0
10,16,4,0.072727,0.032740,0.196062,51,158,0
10,17,4,0.072727,0.037854,0.186149,51,182,1
10,18,4,0.072727,0.064286,0.196182,51,158,1
10,19,4,0.072727,0.041078,0.186144,51,169,0
10,20,4,0.072727,0.063072,0.203143,51,159,0
10,21,4,0.072727,0.051106,0.187952,51,157,1
10,22,4,0.072727,0.029706,0.158077,51,187,0
10,23,4,0.072727,0.042288,0.139755,51,160,1
10,24,4,0.072727,0.049297,0.153088,51,190,0
10,25,4,0.072727,0.033535,0.153976,51,163,1
10,26,4,0.072727,0.032179,0.166373,51,177,0
10,27,4,0.072727,0.032179,0.145305,51,167,0
10,28,4,0.072727,0.039221,0.157026,51,180,1
10,29,4,0.072727,0.040997,0.159608,51,173,1
10,30,4,0.072727,0.051106,0.173464,51,183,0
10,31,4,0.072727,0.037854,0.158992,51,168,0
10,32,4,0.072727,0.040997,0.174183,51,163,1
10,33,4,0.072727,0.033491,0.125871,51,137,0
10,34,4,0.072727,0.040479,0.106868,51,140,1
10,35,4,0.072727,0.030370,0.109303,51,141,0
10,36,4,0.072727,0.038524,0.118775,51,139,1
10,37,4,0.072727,0.028361,0.131917,51,139,0
10,38,4,0.072727,0.032179,0.144559,51,143,0
10,39,4,0.072727,0.044139,0.108415,51,145,1
10,40,4,0.072727,0.032179,0.160926,51,144,1
10,41,4,0.072727,0.040997,0.127500,51,140,0
10,42,4,0.072727,0.029036,0.150251,51,141,0
10,43,4,0.072727,0.025893,0.158992,51,140,1
10,44,3,0.054545,0.024711,0.209080,52,215,0
10,45,3,0.054545,0.021024,0.193938,52,229,1
10,46,3,0.054545,0.003154,0.202734,52,223,0
10,47,3,0.054545,0.029025,0.191928,52,229,1
10,48,3,0.054545,0.032179,0.200779,52,214,0
10,49,3,0.054545,0.013813,0.204586,52,226,0
10,50,3,0.054545,0.052887,0.191291,52,213,1
10,51,3,0.054545,0.028361,0.199434,52,228,1
10,52,3,0.054545,0.045463,0.188148,52,212,0
10,53,3,0.054545,0.024570,0.200109,52,223,0
10,54,3,0.054545,0.017146,0.200109,52,223,1
10,55,11,0.200000,0.130076,0.292331,44,111,0
11,0,4,0.072727,0.059063,0.183355,51,211,1
11,1,4,0.072727,0.051168,0.201536,51,150,0
11,2,4,0.072727,0.048919,0.202299,51,192,0
11,3,4,0.072727,0.056814,0.220135,51,147,0
11,4,4,0.072727,0.056814,0.193946,51,189,1
11,5,4,0.072727,0.056814,0.190863,51,166,1
11,6,4,0.072727,0.067396,0.208445,51,196,0
11,7,4,0.072727,0.047454,0.209310,51,166,0
11,8,4,0.072727,0.062716,0.216910,51,181,1
11,9,4,0.072727,0.058035,0.205626,51,161,1
11,10,4,0.072727,0.062716,0.205474,51,159,0
11,11,4,0.072727,0.051005,0.198016,51,196,1
11,12,4,0.072727,0.048919,0.179834,51,149,0
11,13,4,0.072727,0.042550,0.179071,51,176,0
11,14,4,0.072727,0.026454,0.175113,51,154,0
11,15,4,0.072727,0.053253,0.189347,51,175,1
11,16,4,0.072727,0.045399,0.198494,51,158,1
11,17,4,0.072727,0.031999,0.181157,51,183,0
11,18,4,0.072727,0.063224,0.195483,51,159,0
11,19,4,0.072727,0.036526,0.180231,51,169,1
11,20,4,0.072727,0.048197,0.205474,51,159,1
11,21,4,0.072727,0.043516,0.196266,51,158,0
11,22,4,0.072727,0.026800,0.147225,51,187,0
11,23,4,0.072727,0.036781,0.162171,51,161,0
11,24,4,0.072727,0.045053,0.167879,51,190,0
11,25,4,0.072727,0.053253,0.168947,51,164,0
11,26,4,0.072727,0.032436,0.155649,51,177,0
11,27,4,0.072727,0.034308,0.148456,51,167,0
11,28,4,0.072727,0.037127,0.163321,51,181,0
11,29,4,0.072727,0.031826,0.154459,51,174,0
11,30,4,0.072727,0.043516,0.169293,51,183,0
11,31,4,0.072727,0.031999,0.141822,51,168,0
11,32,4,0.072727,0.038236,0.151966,51,164,0
11,33,4,0.072727,0.031836,0.130071,51,137,1
11,34,4,0.072727,0.039253,0.115124,51,141,1
11,35,4,0.072727,0.036781,0.116417,51,141,1
11,36,4,0.072727,0.032599,0.124861,51,140,1
11,37,4,0.072727,0.032853,0.149769,51,139,1
11,38,4,0.072727,0.034308,0.129979,51,143,1
11,39,4,0.072727,0.037127,0.130305,51,146,1
11,40,4,0.072727,0.033372,0.140215,51,145,1
11,41,4,0.072727,0.031826,0.124831,51,140,1
11,42,4,0.072727,0.035417,0.134059,51,141,1
11,43,4,0.072727,0.029180,0.133276,51,141,1
11,44,3,0.054545,0.032253,0.206257,52,215,0
11,45,3,0.054545,0.008201,0.203022,52,230,0
11,46,3,0.054545,0.011019,0.207967,52,223,0
11,47,3,0.054545,0.031836,0.199094,52,230,0
11,48,3,0.054545,0.033372,0.200376,52,214,0
11,49,3,0.054545,0.037127,0.208313,52,226,0
11,50,3,0.054545,0.036781,0.204131,52,214,0
11,51,3,0.054545,0.032853,0.199084,52,229,0
11,52,3,0.054545,0.030890,0.196958,52,212,0
11,53,3,0.054545,0.026871,0.200712,52,223,0
11,54,3,0.054545,0.021916,0.201648,52,224,0
11,55,11,0.200000,0.134405,0.303118,44,111,1
12,0,4,0.072727,0.061164,0.210012,51,212,1
12,1,4,0.072727,0.063811,0.213763,51,150,0
12,2,4,0.072727,0.060023,0.222525,51,192,0
12,3,4,0.072727,0.057376,0.210012,51,147,0
12,4,4,0.072727,0.057376,0.187291,51,190,1
12,5,4,0.072727,0.057376,0.202834,51,167,1
12,6,4,0.072727,0.054556,0.202554,51,196,0
12,7,4,0.072727,0.052408,0.193114,51,166,0
12,8,4,0.072727,0.055415,0.211663,51,182,1
12,9,4,0.072727,0.049588,0.204626,51,162,1
12,10,4,0.072727,0.055415,0.191972,51,159,0
12,11,4,0.072727,0.043842,0.195544,51,197,1
12,12,4,0.072727,0.060023,0.191793,51,149,0
12,13,4,0.072727,0.048734,0.183031,51,176,0
12,14,4,0.072727,0.028801,0.195904,51,154,0
12,15,4,0.072727,0.047630,0.193114,51,176,1
12,16,4,0.072727,0.041314,0.183601,51,159,1
12,17,4,0.072727,0.039521,0.181601,51,183,0
12,18,4,0.072727,0.048705,0.199734,51,159,0
12,19,4,0.072727,0.032694,0.181552,51,170,1
12,20,4,0.072727,0.054276,0.191972,51,160,1
12,21,4,0.072727,0.055134,0.199658,51,158,0
12,22,4,0.072727,0.045556,0.159430,51,187,1
12,23,4,0.072727,0.026727,0.162809,51,161,0
12,24,4,0.072727,0.025050,0.155282,51,190,0
12,25,4,0.072727,0.047630,0.158302,51,164,0
12,26,4,0.072727,0.031808,0.162746,51,177,1
12,27,4,0.072727,0.035116,0.154713,51,167,1
12,28,4,0.072727,0.043972,0.164612,51,181,0
12,29,4,0.072727,0.035700,0.139839,51,174,0
12,30,4,0.072727,0.055134,0.166013,51,183,1
12,31,4,0.072727,0.039521,0.162607,51,168,1
12,32,4,0.072727,0.038029,0.156575,51,164,0
12,33,4,0.072727,0.043016,0.117467,51,138,1
12,34,4,0.072727,0.018828,0.114087,51,142,0
12,35,4,0.072727,0.027217,0.109634,51,142,0
12,36,4,0.072727,0.051777,0.141540,51,141,0
12,37,4,0.072727,0.023815,0.145852,51,140,1
12,38,4,0.072727,0.035116,0.104671,51,144,1
12,39,4,0.072727,0.039241,0.131451,51,147,0
12,40,4,0.072727,0.033462,0.158665,51,146,0
12,41,4,0.072727,0.035700,0.127815,51,141,1
12,42,4,0.072727,0.033905,0.135342,51,142,1
12,43,4,0.072727,0.028711,0.146342,51,142,0
12,44,3,0.054545,0.030808,0.199142,52,215,1
12,45,3,0.054545,0.004308,0.198770,52,230,0
12,46,3,0.054545,0.012674,0.182482,52,223,0
12,47,3,0.054545,0.038801,0.195367,52,230,0
12,48,3,0.054545,0.033368,0.213776,52,214,1
12,49,3,0.054545,0.043482,0.194995,52,226,1
12,50,3,0.054545,0.022976,0.197558,52,214,0
12,51,3,0.054545,0.023721,0.188052,52,229,0
12,52,3,0.054545,0.038355,0.190710,52,212,1
12,53,3,0.054545,0.013332,0.196488,52,223,1
12,54,3,0.054545,0.030365,0.198142,52,224,0
12,55,11,0.200000,0.128537,0.292190,44,112,0
13,0,4,0.072727,0.062351,0.212718,51,213,0
13,1,4,0.072727,0.058372,0.205385,51,150,1
13,2,4,0.072727,0.060877,0.218577,51,192,0
13,3,4,0.072727,0.064856,0.212718,51,147,1
13,4,4,0.072727,0.064856,0.195767,51,191,0
13,5,4,0.072727,0.064856,0.187016,51,168,1
13,6,4,0.072727,0.048415,0.200094,51,196,0
13,7,4,0.072727,0.051254,0.190288,51,166,1
13,8,4,0.072727,0.048210,0.216255,51,183,0
13,9,4,0.072727,0.039273,0.201947,51,163,0
13,10,4,0.072727,0.052670,0.184694,51,159,0
13,11,4,0.072727,0.044008,0.192172,51,198,0
13,12,4,0.072727,0.060877,0.199505,51,149,1
13,13,4,0.072727,0.038149,0.186313,51,176,0
13,14,4,0.072727,0.028613,0.196151,51,154,1
13,15,4,0.072727,0.041503,0.190288,51,177,0
13,16,4,0.072727,0.034472,0.197589,51,160,1
13,17,4,0.072727,0.039575,0.180027,51,183,0
13,18,4,0.072727,0.051044,0.202288,51,159,1
13,19,4,0.072727,0.035719,0.167857,51,171,0
13,20,4,0.072727,0.061493,0.184694,51,161,1
13,21,4,0.072727,0.061288,0.188345,51,158,1
13,22,4,0.072727,0.040331,0.165767,51,188,0
13,23,4,0.072727,0.027441,0.151706,51,161,0
13,24,4,0.072727,0.035946,0.163424,51,190,0
13,25,4,0.072727,0.041503,0.145383,51,164,0
13,26,4,0.072727,0.028613,0.154327,51,178,0
13,27,4,0.072727,0.035644,0.152148,51,168,0
13,28,4,0.072727,0.052351,0.163851,51,181,0
13,29,4,0.072727,0.032675,0.140853,51,174,0
13,30,4,0.072727,0.060609,0.172940,51,184,0
13,31,4,0.072727,0.040254,0.163568,51,169,0
13,32,4,0.072727,0.031259,0.162998,51,164,0
13,33,4,0.072727,0.028915,0.126473,51,139,1
13,34,4,0.072727,0.033300,0.140534,51,142,1
13,35,4,0.072727,0.040633,0.131160,51,142,1
13,36,4,0.072727,0.042977,0.102981,51,141,1
13,37,4,0.072727,0.030957,0.105134,51,141,1
13,38,4,0.072727,0.034774,0.156862,51,145,1
13,39,4,0.072727,0.033791,0.120727,51,147,1
13,40,4,0.072727,0.031694,0.150812,51,146,1
13,41,4,0.072727,0.032675,0.098273,51,142,1
13,42,4,0.072727,0.033112,0.150870,51,143,1
13,43,4,0.072727,0.028915,0.165042,51,142,1
13,44,3,0.054545,0.030957,0.207794,52,216,0
13,45,3,0.054545,0.028915,0.201065,52,230,0
13,46,3,0.054545,0.033300,0.199592,52,223,0
13,47,3,0.054545,0.028613,0.191389,52,230,0
13,48,3,0.054545,0.003080,0.206187,52,215,0
13,49,3,0.054545,0.039159,0.205941,52,227,0
13,50,3,0.054545,0.035265,0.199403,52,214,0
13,51,3,0.054545,0.002344,0.195149,52,229,0
13,52,3,0.054545,0.058509,0.192126,52,213,0
13,53,3,0.054545,0.005670,0.194223,52,224,0
13,54,3,0.054545,0.031996,0.197304,52,224,0
13,55,11,0.200000,0.131517,0.297809,44,112,1
14,0,4,0.072727,0.059498,0.212406,51,213,0
14,1,4,0.072727,0.061688,0.211712,51,151,1
14,2,4,0.072727,0.060552,0.214153,51,192,0
14,3,4,0.072727,0.058362,0.212406,51,148,1
14,4,4,0.072727,0.058362,0.190903,51,191,0
14,5,4,0.072727,0.058362,0.192702,51,169,1
14,6,4,0.072727,0.048284,0.190387,51,196,0
14,7,4,0.072727,0.045917,0.201992,51,167,0
14,8,4,0.072727,0.050753,0.216594,51,183,1
14,9,4,0.072727,0.052505,0.203931,51,163,1
14,10,4,0.072727,0.067420,0.195144,51,159,0
14,11,4,0.072727,0.047585,0.193638,51,198,0
14,12,4,0.072727,0.060552,0.194331,51,150,1
14,13,4,0.072727,0.044077,0.191891,51,176,0
14,14,4,0.072727,0.031804,0.187325,51,155,1
14,15,4,0.072727,0.046960,0.183507,51,177,0
14,16,4,0.072727,0.033551,0.190387,51,161,1
14,17,4,0.072727,0.039789,0.195869,51,183,0
14,18,4,0.072727,0.054820,0.185235,51,160,0
14,19,4,0.072727,0.045917,0.175990,51,171,1
14,20,4,0.072727,0.045969,0.195144,51,162,1
14,21,4,0.072727,0.048438,0.191485,51,159,0
14,22,4,0.072727,0.041784,0.166637,51,188,0
14,23,4,0.072727,0.026628,0.154550,51,161,1
14,24,4,0.072727,0.032498,0.158044,51,190,0
14,25,4,0.072727,0.046960,0.152270,51,164,1
14,26,4,0.072727,0.027681,0.157970,51,178,0
14,27,4,0.072727,0.045213,0.159548,51,168,1
14,28,4,0.072727,0.049054,0.148196,51,181,0
14,29,4,0.072727,0.032267,0.157295,51,174,0
14,30,4,0.072727,0.048438,0.162071,51,184,1
14,31,4,0.072727,0.039789,0.155845,51,169,1
14,32,4,0.072727,0.030386,0.161385,51,164,0
14,33,4,0.072727,0.025574,0.126136,51,140,0
14,34,4,0.072727,0.032498,0.138223,51,143,1
14,35,4,0.072727,0.037314,0.135782,51,143,0
14,36,4,0.072727,0.041784,0.103497,51,142,1
14,37,4,0.072727,0.032151,0.111379,51,142,0
14,38,4,0.072727,0.031444,0.148196,51,146,1
14,39,4,0.072727,0.038368,0.133974,51,148,0
14,40,4,0.072727,0.029563,0.134668,51,147,0
14,41,4,0.072727,0.032267,0.102129,51,143,1
14,42,4,0.072727,0.037232,0.147886,51,144,1
14,43,4,0.072727,0.029250,0.154791,51,143,0
14,44,3,0.054545,0.031444,0.207375,52,216,0
14,45,3,0.054545,0.025574,0.195982,52,230,1
14,46,3,0.054545,0.032498,0.197035,52,223,0
14,47,3,0.054545,0.026974,0.190819,52,230,1
14,48,3,0.054545,0.002588,0.204440,52,215,0
14,49,3,0.054545,0.038368,0.208775,52,227,1
14,50,3,0.054545,0.034147,0.201770,52,214,0
14,51,3,0.054545,0.005177,0.197512,52,229,0
14,52,3,0.054545,0.055960,0.191907,52,213,1
14,53,3,0.054545,0.010604,0.200712,52,224,1
14,54,3,0.054545,0.034299,0.202593,52,224,0
14,55,11,0.200000,0.133094,0.297632,44,113,0
15,0,4,0.072727,0.057075,0.212222,51,213,0
15,1,4,0.072727,0.055646,0.210212,51,152,1
15,2,4,0.072727,0.062687,0.218088,51,192,0
15,3,4,0.072727,0.064116,0.212222,51,149,1
15,4,4,0.072727,0.064116,0.199386,51,191,0
15,5,4,0.072727,0.064116,0.189187,51,170,1
15,6,4,0.072727,0.033652,0.194236,51,196,0
15,7,4,0.072727,0.054766,0.196389,51,167,1
15,8,4,0.072727,0.037727,0.214275,51,184,0
15,9,4,0.072727,0.054179,0.197681,51,164,0
15,10,4,0.072727,0.067603,0.185373,51,159,1
15,11,4,0.072727,0.051252,0.189278,51,198,0
15,12,4,0.072727,0.061087,0.191288,51,151,0
15,13,4,0.072727,0.039198,0.183412,51,176,0
15,14,4,0.072727,0.031374,0.191090,51,156,0
15,15,4,0.072727,0.039779,0.194812,51,177,0
15,16,4,0.072727,0.037239,0.177691,51,162,0
15,17,4,0.072727,0.053649,0.205858,51,183,0
15,18,4,0.072727,0.049129,0.180770,51,160,0
15,19,4,0.072727,0.054766,0.194670,51,172,0
15,20,4,0.072727,0.038702,0.185373,51,163,0
15,21,4,0.072727,0.042776,0.192725,51,159,0
15,22,4,0.072727,0.038142,0.163987,51,188,1
15,23,4,0.072727,0.029736,0.153099,51,162,1
15,24,4,0.072727,0.033384,0.165223,51,190,1
15,25,4,0.072727,0.039779,0.152523,51,165,1
15,26,4,0.072727,0.031756,0.148409,51,178,1
15,27,4,0.072727,0.033914,0.170552,51,169,1
15,28,4,0.072727,0.047968,0.136746,51,181,1
15,29,4,0.072727,0.036150,0.166463,51,174,1
15,30,4,0.072727,0.047170,0.152946,51,185,1
15,31,4,0.072727,0.053649,0.166489,51,170,1
15,32,4,0.072727,0.036150,0.158902,51,164,1
15,33,4,0.072727,0.025725,0.116571,51,140,0
15,34,4,0.072727,0.035376,0.127459,51,144,0
15,35,4,0.072727,0.036924,0.130155,51,143,0
15,36,4,0.072727,0.036150,0.126605,51,143,0
15,37,4,0.072727,0.035768,0.133028,51,142,0
15,38,4,0.072727,0.031521,0.136746,51,147,0
15,39,4,0.072727,0.040780,0.128342,51,148,0
15,40,4,0.072727,0.031756,0.155560,51,147,0
15,41,4,0.072727,0.036150,0.128298,51,144,0
15,42,4,0.072727,0.029284,0.124366,51,145,0
15,43,4,0.072727,0.029284,0.141303,51,143,0
15,44,3,0.054545,0.020557,0.203857,52,216,1
15,45,3,0.054545,0.025725,0.194980,52,231,1
15,46,3,0.054545,0.035376,0.199227,52,223,1
15,47,3,0.054545,0.021331,0.193823,52,231,1
15,48,3,0.054545,0.036150,0.200237,52,215,1
15,49,3,0.054545,0.040780,0.210035,52,228,1
15,50,3,0.054545,0.020018,0.193135,52,214,1
15,51,3,0.054545,0.035768,0.204248,52,229,1
15,52,3,0.054545,0.040484,0.193371,52,214,1
15,53,3,0.054545,0.000000,0.202394,52,225,0
15,54,3,0.054545,0.020230,0.197765,52,224,1
15,55,11,0.200000,0.132331,0.296417,44,113,0
16,0,4,0.072727,0.053748,0.211419,51,213,0
16,1,4,0.072727,0.058806,0.213240,51,153,1
16,2,4,0.072727,0.066330,0.215636,51,192,0
16,3,4,0.072727,0.061273,0.211419,51,150,1
16,4,4,0.072727,0.061273,0.196670,51,191,0
16,5,4,0.072727,0.061273,0.194148,51,171,1
16,6,4,0.072727,0.042865,0.195000,51,196,0
16,7,4,0.072727,0.050457,0.197318,51,168,1
16,8,4,0.072727,0.042043,0.212920,51,184,0
16,9,4,0.072727,0.055213,0.195612,51,164,0
16,10,4,0.072727,0.065207,0.191431,51,160,1
16,11,4,0.072727,0.052853,0.192801,51,198,0
16,12,4,0.072727,0.060761,0.190980,51,151,1
16,13,4,0.072727,0.040309,0.188584,51,176,0
16,14,4,0.072727,0.030580,0.186684,51,156,1
16,15,4,0.072727,0.043545,0.190746,51,177,0
16,16,4,0.072727,0.034797,0.185841,51,162,1
16,17,4,0.072727,0.044644,0.200457,51,183,0
16,18,4,0.072727,0.054360,0.181684,51,160,1
16,19,4,0.072727,0.050457,0.186608,51,172,0
16,20,4,0.072727,0.043718,0.191431,51,163,0
16,21,4,0.072727,0.042896,0.190749,51,159,1
16,22,4,0.072727,0.042143,0.162242,51,189,0
16,23,4,0.072727,0.029178,0.150842,51,163,0
16,24,4,0.072727,0.028759,0.160379,51,191,0
16,25,4,0.072727,0.043545,0.155096,51,166,0
16,26,4,0.072727,0.029520,0.149931,51,179,0
16,27,4,0.072727,0.039327,0.162019,51,170,0
16,28,4,0.072727,0.047888,0.141152,51,182,0
16,29,4,0.072727,0.035472,0.166006,51,175,0
16,30,4,0.072727,0.048849,0.160022,51,186,0
16,31,4,0.072727,0.044644,0.162339,51,171,0
16,32,4,0.072727,0.035472,0.162893,51,165,0
16,33,4,0.072727,0.022166,0.111103,51,140,1
16,34,4,0.072727,0.035430,0.122503,51,144,1
16,35,4,0.072727,0.035514,0.132224,51,143,1
16,36,4,0.072727,0.035472,0.123306,51,143,1
16,37,4,0.072727,0.036532,0.131762,51,142,1
16,38,4,0.072727,0.029391,0.141152,51,147,1
16,39,4,0.072727,0.041553,0.143932,51,148,1
16,40,4,0.072727,0.029520,0.142026,51,147,1
16,41,4,0.072727,0.035472,0.124865,51,144,1
16,42,4,0.072727,0.033246,0.129825,51,145,1
16,43,4,0.072727,0.033246,0.140087,51,143,1
16,44,3,0.054545,0.016172,0.204441,52,217,0
16,45,3,0.054545,0.022166,0.191219,52,232,0
16,46,3,0.054545,0.035430,0.198360,52,224,0
16,47,3,0.054545,0.016214,0.192237,52,232,0
16,48,3,0.054545,0.035472,0.198530,52,216,0
16,49,3,0.054545,0.041553,0.210605,52,229,0
16,50,3,0.054545,0.029076,0.196176,52,215,0
16,51,3,0.054545,0.036532,0.205543,52,230,0
16,52,3,0.054545,0.028186,0.196305,52,215,0
16,53,3,0.054545,0.018408,0.208338,52,225,0
16,54,3,0.054545,0.017389,0.202257,52,225,0
16,55,11,0.200000,0.133539,0.296597,44,113,1
17,0,4,0.072727,0.045607,0.209126,51,213,1
17,1,4,0.072727,0.059072,0.219417,51,154,0
17,2,4,0.072727,0.070207,0.208660,51,192,1
17,3,4,0.072727,0.056741,0.209126,51,151,0
17,4,4,0.072727,0.056741,0.187856,51,191,1
17,5,4,0.072727,0.056741,0.208660,51,172,0
17,6,4,0.072727,0.065549,0.200065,51,196,0
17,7,4,0.072727,0.042811,0.196630,51,169,0
17,8,4,0.072727,0.054842,0.204296,51,184,1
17,9,4,0.072727,0.055274,0.198549,51,164,1
17,10,4,0.072727,0.058496,0.204296,51,161,0
17,11,4,0.072727,0.058956,0.195670,51,198,1
17,12,4,0.072727,0.061751,0.185379,51,152,0
17,13,4,0.072727,0.044648,0.196136,51,176,1
17,14,4,0.072727,0.031562,0.182190,51,157,0
17,15,4,0.072727,0.047822,0.184585,51,177,1
17,16,4,0.072727,0.031096,0.200065,51,163,0
17,17,4,0.072727,0.028256,0.188559,51,183,0
17,18,4,0.072727,0.056741,0.190031,51,161,0
17,19,4,0.072727,0.037226,0.175730,51,172,1
17,20,4,0.072727,0.056955,0.204296,51,163,1
17,21,4,0.072727,0.046247,0.185272,51,160,0
17,22,4,0.072727,0.048295,0.163415,51,189,0
17,23,4,0.072727,0.032035,0.152119,51,163,0
17,24,4,0.072727,0.021270,0.159901,51,191,0
17,25,4,0.072727,0.047822,0.162084,51,166,0
17,26,4,0.072727,0.031547,0.150976,51,179,0
17,27,4,0.072727,0.048288,0.147258,51,170,0
17,28,4,0.072727,0.043039,0.152360,51,182,0
17,29,4,0.072727,0.037211,0.161674,51,175,0
17,30,4,0.072727,0.046901,0.168223,51,186,0
17,31,4,0.072727,0.028256,0.150458,51,171,0
17,32,4,0.072727,0.037211,0.167087,51,165,0
17,33,4,0.072727,0.015891,0.110985,51,141,1
17,34,4,0.072727,0.038440,0.122281,51,145,1
17,35,4,0.072727,0.032624,0.138664,51,144,1
17,36,4,0.072727,0.031663,0.125782,51,144,1
17,37,4,0.072727,0.039416,0.139686,51,143,1
17,38,4,0.072727,0.028615,0.132259,51,148,1
17,39,4,0.072727,0.041730,0.132467,51,149,1
17,40,4,0.072727,0.031010,0.146876,51,148,1
17,41,4,0.072727,0.037211,0.132172,51,145,1
17,42,4,0.072727,0.035695,0.128094,51,146,1
17,43,4,0.072727,0.034225,0.125395,51,144,1
17,44,3,0.054545,0.014276,0.202326,52,217,0
17,45,3,0.054545,0.015891,0.180738,52,232,0
17,46,3,0.054545,0.038440,0.199277,52,224,0
17,47,3,0.054545,0.015238,0.187529,52,232,0
17,48,3,0.054545,0.031663,0.194895,52,216,0
17,49,3,0.054545,0.042450,0.206577,52,229,0
17,50,3,0.054545,0.029510,0.196532,52,215,0
17,51,3,0.054545,0.039416,0.208849,52,230,0
17,52,3,0.054545,0.036765,0.197457,52,215,0
17,53,3,0.054545,0.013473,0.208177,52,225,0
17,54,3,0.054545,0.018334,0.205129,52,225,0
17,55,11,0.200000,0.132223,0.295455,44,114,1
18,0,4,0.072727,0.045022,0.205170,51,214,0
18,1,4,0.072727,0.052619,0.209630,51,154,1
18,2,4,0.072727,0.069204,0.216680,51,193,0
18,3,4,0.072727,0.061607,0.205170,51,151,1
18,4,4,0.072727,0.061607,0.194918,51,192,0
18,5,4,0.072727,0.061607,0.216680,51,172,1
18,6,4,0.072727,0.059608,0.208702,51,196,0
18,7,4,0.072727,0.051956,0.195519,51,169,1
18,8,4,0.072727,0.051558,0.194591,51,185,0
18,9,4,0.072727,0.050028,0.204844,51,165,1
18,10,4,0.072727,0.051629,0.194591,51,161,0
18,11,4,0.072727,0.057564,0.189812,51,199,0
18,12,4,0.072727,0.057017,0.185353,51,152,1
18,13,4,0.072727,0.037841,0.178302,51,177,0
18,14,4,0.072727,0.033928,0.186064,51,157,1
18,15,4,0.072727,0.040978,0.195519,51,178,0
18,16,4,0.072727,0.045438,0.200329,51,163,1
18,17,4,0.072727,0.050028,0.191131,51,183,0
18,18,4,0.072727,0.047428,0.194520,51,161,1
18,19,4,0.072727,0.041376,0.185868,51,173,0
18,20,4,0.072727,0.051629,0.194591,51,164,1
18,21,4,0.072727,0.043579,0.195193,51,160,0
18,22,4,0.072727,0.041659,0.167018,51,189,0
18,23,4,0.072727,0.034609,0.148362,51,163,1
18,24,4,0.072727,0.029468,0.172968,51,191,0
18,25,4,0.072727,0.040978,0.158060,51,166,1
18,26,4,0.072727,0.037777,0.147019,51,179,0
18,27,4,0.072727,0.029468,0.149355,51,170,1
18,28,4,0.072727,0.042049,0.149920,51,182,0
18,29,4,0.072727,0.040978,0.160014,51,175,1
18,30,4,0.072727,0.043579,0.164592,51,186,0
18,31,4,0.072727,0.050028,0.165502,51,171,1
18,32,4,0.072727,0.041305,0.159341,51,165,0
18,33,4,0.072727,0.022613,0.113372,51,142,0
18,34,4,0.072727,0.043241,0.132028,51,146,1
18,35,4,0.072727,0.030344,0.133004,51,145,0
18,36,4,0.072727,0.032832,0.129927,51,145,1
18,37,4,0.072727,0.036905,0.134034,51,144,0
18,38,4,0.072727,0.027272,0.124371,51,149,1
18,39,4,0.072727,0.031142,0.163503,51,150,0
18,40,4,0.072727,0.032832,0.117248,51,149,1
18,41,4,0.072727,0.040754,0.144770,51,146,0
18,42,4,0.072727,0.025582,0.118548,51,147,1
18,43,4,0.072727,0.040754,0.134361,51,145,0
18,44,3,0.054545,0.017659,0.204998,52,217,0
18,45,3,0.054545,0.022613,0.181883,52,232,1
18,46,3,0.054545,0.043241,0.199438,52,224,0
18,47,3,0.054545,0.015172,0.188444,52,232,1
18,48,3,0.054545,0.032832,0.194589,52,216,0
18,49,3,0.054545,0.046314,0.190412,52,229,1
18,50,3,0.054545,0.009612,0.181779,52,215,0
18,51,3,0.054545,0.036905,0.206585,52,230,1
18,52,3,0.054545,0.003061,0.202511,52,215,0
18,53,3,0.054545,0.037693,0.200821,52,225,1
18,54,3,0.054545,0.025582,0.195261,52,225,0
18,55,11,0.200000,0.128926,0.290683,44,115,0
19,0,4,0.072727,0.045022,0.205170,51,214,0
19,1,4,0.072727,0.052619,0.209630,51,155,1
19,2,4,0.072727,0.069204,0.216680,51,193,0
19,3,4,0.072727,0.061607,0.205170,51,152,0
19,4,4,0.072727,0.061607,0.194918,51,192,1
19,5,4,0.072727,0.061607,0.216680,51,173,1
19,6,4,0.072727,0.059608,0.208702,51,196,0
19,7,4,0.072727,0.051956,0.195519,51,170,0
19,8,4,0.072727,0.051558,0.194591,51,185,1
19,9,4,0.072727,0.050028,0.204844,51,166,1
19,10,4,0.072727,0.051629,0.194591,51,161,0
19,11,4,0.072727,0.057564,0.189812,51,199,0
19,12,4,0.072727,0.057017,0.185353,51,153,1
19,13,4,0.072727,0.037841,0.178302,51,177,0
19,14,4,0.072727,0.033928,0.186064,51,158,0
19,15,4,0.072727,0.040978,0.195519,51,178,1
19,16,4,0.072727,0.045438,0.200329,51,164,1
19,17,4,0.072727,0.050028,0.191131,51,183,0
19,18,4,0.072727,0.047428,0.194520,51,162,0
19,19,4,0.072727,0.041376,0.185868,51,173,1
19,20,4,0.072727,0.051629,0.194591,51,165,1
19,21,4,0.072727,0.043579,0.195193,51,160,0
19,22,4,0.072727,0.041659,0.167018,51,189,0
19,23,4,0.072727,0.034609,0.148362,51,164,1
19,24,4,0.072727,0.029468,0.172968,51,191,0
19,25,4,0.072727,0.040978,0.158060,51,167,0
19,26,4,0.072727,0.037777,0.147019,51,179,1
19,27,4,0.072727,0.029468,0.149355,51,171,1
19,28,4,0.072727,0.042049,0.149920,51,182,0
19,29,4,0.072727,0.040978,0.160014,51,176,0
19,30,4,0.072727,0.043579,0.164592,51,186,1
19,31,4,0.072727,0.050028,0.165502,51,172,1
19,32,4,0.072727,0.041305,0.159341,51,165,0
19,33,4,0.072727,0.022613,0.113372,51,142,0
19,34,4,0.072727,0.043241,0.132028,51,147,1
19,35,4,0.072727,0.030344,0.133004,51,145,0
19,36,4,0.072727,0.032832,0.129927,51,146,0
19,37,4,0.072727,0.036905,0.134034,51,144,1
19,38,4,0.072727,0.027272,0.124371,51,150,1
19,39,4,0.072727,0.031142,0.133732,51,150,0
19,40,4,0.072727,0.032832,0.147019,51,150,0
19,41,4,0.072727,0.040754,0.144770,51,146,1
19,42,4,0.072727,0.025582,0.118548,51,148,1
19,43,4,0.072727,0.040754,0.134361,51,145,0
19,44,3,0.054545,0.017659,0.204998,52,217,0
19,45,3,0.054545,0.022613,0.181883,52,233,1
19,46,3,0.054545,0.043241,0.199438,52,224,0
19,47,3,0.054545,0.015172,0.188444,52,233,0
19,48,3,0.054545,0.032832,0.194589,52,216,1
19,49,3,0.054545,0.046314,0.190412,52,230,1
19,50,3,0.054545,0.009612,0.181779,52,215,0
19,51,3,0.054545,0.036905,0.206585,52,231,0
19,52,3,0.054545,0.032832,0.202511,52,215,1
19,53,3,0.054545,0.007922,0.200821,52,226,1
19,54,3,0.054545,0.025582,0.195261,52,225,0
19,55,11,0.200000,0.128926,0.290683,44,115,0
20,0,4,0.072727,0.055428,0.207866,51,214,0
20,1,4,0.072727,0.050551,0.206587,51,156,1
20,2,4,0.072727,0.057986,0.211191,51,193,0
20,3,4,0.072727,0.062863,0.207866,51,152,1
20,4,4,0.072727,0.062863,0.196926,51,193,0
20,5,4,0.072727,0.062863,0.211191,51,174,1
20,6,4,0.072727,0.062863,0.201302,51,196,0
20,7,4,0.072727,0.045674,0.200478,51,170,1
20,8,4,0.072727,0.053743,0.195194,51,186,0
20,9,4,0.072727,0.045674,0.206134,51,167,0
20,10,4,0.072727,0.053743,0.195194,51,161,1
20,11,4,0.072727,0.048505,0.187709,51,199,0
20,12,4,0.072727,0.057986,0.188988,51,154,1
20,13,4,0.072727,0.044668,0.184384,51,177,0
20,14,4,0.072727,0.036466,0.189175,51,158,1
20,15,4,0.072727,0.041070,0.188999,51,179,0
20,16,4,0.072727,0.039791,0.191822,51,165,1
20,17,4,0.072727,0.045674,0.191957,51,183,0
20,18,4,0.072727,0.051923,0.193515,51,162,1
20,19,4,0.072727,0.042802,0.184170,51,174,0
20,20,4,0.072727,0.052974,0.195194,51,166,0
20,21,4,0.072727,0.043854,0.188945,51,160,1
20,22,4,0.072727,0.037829,0.163291,51,189,0
20,23,4,0.072727,0.033225,0.156214,51,165,1
20,24,4,0.072727,0.037745,0.163205,51,191,0
20,25,4,0.072727,0.041070,0.156708,51,167,1
20,26,4,0.072727,0.033055,0.156545,51,180,0
20,27,4,0.072727,0.037745,0.155429,51,172,1
20,28,4,0.072727,0.033227,0.154780,51,182,0
20,29,4,0.072727,0.039392,0.154415,51,176,1
20,30,4,0.072727,0.043854,0.160522,51,187,0
20,31,4,0.072727,0.045674,0.154102,51,173,0
20,32,4,0.072727,0.045361,0.160350,51,165,1
20,33,4,0.072727,0.030838,0.135971,51,142,0
20,34,4,0.072727,0.033738,0.143048,51,148,1
20,35,4,0.072727,0.032203,0.136057,51,145,0
20,36,4,0.072727,0.035101,0.137677,51,146,1
20,37,4,0.072727,0.036294,0.147594,51,145,0
20,38,4,0.072727,0.031690,0.104708,51,151,1
20,39,4,0.072727,0.032884,0.117668,51,150,0
20,40,4,0.072727,0.033055,0.141655,51,150,1
20,41,4,0.072727,0.034249,0.152737,51,147,0
20,42,4,0.072727,0.030325,0.110278,51,149,0
20,43,4,0.072727,0.031690,0.121218,51,145,1
20,44,3,0.054545,0.033738,0.201058,52,217,0
20,45,3,0.054545,0.030838,0.195260,52,234,1
20,46,3,0.054545,0.033736,0.197647,52,224,0
20,47,3,0.054545,0.030838,0.199351,52,233,1
20,48,3,0.054545,0.033055,0.200375,52,217,0
20,49,3,0.054545,0.034249,0.197306,52,231,1
20,50,3,0.054545,0.000000,0.194234,52,215,0
20,51,3,0.054545,0.036294,0.202762,52,231,1
20,52,3,0.054545,0.031690,0.196964,52,216,0
20,53,3,0.054545,0.000000,0.196793,52,227,0
20,54,3,0.054545,0.031690,0.196793,52,225,1
20,55,11,0.200000,0.132219,0.296128,44,115,0
21,0,4,0.072727,0.054684,0.207998,51,214,1
21,1,4,0.072727,0.049668,0.206538,51,157,0
21,2,4,0.072727,0.058441,0.210649,51,193,1
21,3,4,0.072727,0.063458,0.207998,51,153,0
21,4,4,0.072727,0.063458,0.197383,51,193,1
21,5,4,0.072727,0.063458,0.210649,51,175,0
21,6,4,0.072727,0.063153,0.201045,51,196,1
21,7,4,0.072727,0.045262,0.200483,51,171,0
21,8,4,0.072727,0.053549,0.194989,51,186,1
21,9,4,0.072727,0.044956,0.205604,51,167,0
21,10,4,0.072727,0.053549,0.194989,51,162,0
21,11,4,0.072727,0.049315,0.186893,51,199,1
21,12,4,0.072727,0.058441,0.188352,51,155,0
21,13,4,0.072727,0.044098,0.184241,51,177,1
21,14,4,0.072727,0.036431,0.189468,51,159,0
21,15,4,0.072727,0.040541,0.189754,51,179,1
21,16,4,0.072727,0.039082,0.192701,51,166,0
21,17,4,0.072727,0.044956,0.191260,51,183,1
21,18,4,0.072727,0.052233,0.194942,51,163,0
21,19,4,0.072727,0.042935,0.184375,51,174,1
21,20,4,0.072727,0.053549,0.194989,51,166,0
21,21,4,0.072727,0.043946,0.187408,51,161,0
21,22,4,0.072727,0.037337,0.162650,51,189,1
21,23,4,0.072727,0.033226,0.157414,51,166,0
21,24,4,0.072727,0.037890,0.163203,51,191,1
21,25,4,0.072727,0.040541,0.156585,51,168,0
21,26,4,0.072727,0.033989,0.156156,51,180,1
21,27,4,0.072727,0.037890,0.154601,51,173,0
21,28,4,0.072727,0.033217,0.155831,51,182,1
21,29,4,0.072727,0.040493,0.152646,51,177,0
21,30,4,0.072727,0.043946,0.161181,51,187,1
21,31,4,0.072727,0.044956,0.153848,51,173,0
21,32,4,0.072727,0.045071,0.161429,51,166,0
21,33,4,0.072727,0.031548,0.136863,51,142,1
21,34,4,0.072727,0.033436,0.142098,51,149,0
21,35,4,0.072727,0.032454,0.136309,51,145,1
21,36,4,0.072727,0.034342,0.137912,51,147,0
21,37,4,0.072727,0.035181,0.147763,51,145,1
21,38,4,0.072727,0.032244,0.136443,51,152,0
21,39,4,0.072727,0.033093,0.116797,51,150,1
21,40,4,0.072727,0.033150,0.142985,51,151,0
21,41,4,0.072727,0.033989,0.121051,51,147,1
21,42,4,0.072727,0.030956,0.110493,51,149,0
21,43,4,0.072727,0.031853,0.121108,51,146,0
21,44,3,0.054545,0.033436,0.200006,52,217,1
21,45,3,0.054545,0.031548,0.196229,52,235,0
21,46,3,0.054545,0.033436,0.197908,52,224,1
21,47,3,0.054545,0.031548,0.198957,52,234,0
21,48,3,0.054545,0.033150,0.199720,52,217,1
21,49,3,0.054545,0.033646,0.197774,52,232,0
21,50,3,0.054545,0.031901,0.195428,52,215,1
21,51,3,0.054545,0.035181,0.201398,52,232,0
21,52,3,0.054545,0.031901,0.197231,52,216,1
21,53,3,0.054545,0.000305,0.197173,52,227,0
21,54,3,0.054545,0.000305,0.197173,52,226,0
21,55,11,0.200000,0.132228,0.296356,44,115,0
22,0,4,0.072727,0.052953,0.207899,51,215,1
22,1,4,0.072727,0.051440,0.206510,51,157,0
22,2,4,0.072727,0.059068,0.213069,51,194,1
22,3,4,0.072727,0.060581,0.207899,51,153,0
22,4,4,0.072727,0.060581,0.194448,51,194,1
22,5,4,0.072727,0.060581,0.213069,51,175,0
22,6,4,0.072727,0.063011,0.195823,51,197,1
22,7,4,0.072727,0.045067,0.204803,51,171,0
22,8,4,0.072727,0.057152,0.194115,51,187,1
22,9,4,0.072727,0.047497,0.207566,51,167,0
22,10,4,0.072727,0.057152,0.194115,51,162,0
22,11,4,0.072727,0.050997,0.188791,51,200,1
22,12,4,0.072727,0.059068,0.190180,51,155,0
22,13,4,0.072727,0.043492,0.183621,51,178,1
22,14,4,0.072727,0.036810,0.185006,51,159,0
22,15,4,0.072727,0.043369,0.187419,51,180,1
22,16,4,0.072727,0.041980,0.190529,51,166,0
22,17,4,0.072727,0.047497,0.193774,51,184,1
22,18,4,0.072727,0.051991,0.189150,51,163,0
22,19,4,0.072727,0.043701,0.184323,51,175,1
22,20,4,0.072727,0.045765,0.194115,51,166,0
22,21,4,0.072727,0.039906,0.192052,51,161,0
22,22,4,0.072727,0.039961,0.159974,51,190,0
22,23,4,0.072727,0.033402,0.148875,51,166,0
22,24,4,0.072727,0.038198,0.161549,51,192,0
22,25,4,0.072727,0.043369,0.154680,51,168,0
22,26,4,0.072727,0.031511,0.152266,51,181,0
22,27,4,0.072727,0.038198,0.154642,51,173,0
22,28,4,0.072727,0.030251,0.152657,51,183,0
22,29,4,0.072727,0.038403,0.156651,51,177,0
22,30,4,0.072727,0.039906,0.159961,51,188,0
22,31,4,0.072727,0.047497,0.160509,51,173,0
22,32,4,0.072727,0.043701,0.162572,51,166,0
22,33,4,0.072727,0.027286,0.128005,51,143,1
22,34,4,0.072727,0.032141,0.139104,51,149,1
22,35,4,0.072727,0.027100,0.126430,51,146,1
22,36,4,0.072727,0.031955,0.131787,51,147,1
22,37,4,0.072727,0.033028,0.142086,51,146,1
22,38,4,0.072727,0.028360,0.123278,51,152,1
22,39,4,0.072727,0.036553,0.139264,51,151,1
22,40,4,0.072727,0.031511,0.125616,51,151,1
22,41,4,0.072727,0.036553,0.137821,51,148,1
22,42,4,0.072727,0.036553,0.119328,51,149,1
22,43,4,0.072727,0.036553,0.132779,51,146,1
22,44,3,0.054545,0.028803,0.201928,52,218,0
22,45,3,0.054545,0.023948,0.192218,52,235,0
22,46,3,0.054545,0.032141,0.198333,52,225,0
22,47,3,0.054545,0.027286,0.198147,52,234,0
22,48,3,0.054545,0.031511,0.201298,52,218,0
22,49,3,0.054545,0.030881,0.201485,52,232,0
22,50,3,0.054545,0.022688,0.202745,52,216,0
22,51,3,0.054545,0.033028,0.207413,52,232,0
22,52,3,0.054545,0.022688,0.205896,52,217,0
22,53,3,0.054545,0.022688,0.210938,52,227,0
22,54,3,0.054545,0.022688,0.210938,52,226,0
22,55,11,0.200000,0.137832,0.298352,44,115,1
23,0,4,0.072727,0.052000,0.206766,51,216,1
23,1,4,0.072727,0.047808,0.203202,51,157,0
23,2,4,0.072727,0.058587,0.206214,51,195,1
23,3,4,0.072727,0.062779,0.206766,51,153,0
23,4,4,0.072727,0.062779,0.197243,51,195,1
23,5,4,0.072727,0.062779,0.206214,51,175,0
23,6,4,0.072727,0.061917,0.206214,51,198,1
23,7,4,0.072727,0.048435,0.195923,51,171,0
23,8,4,0.072727,0.048435,0.198935,51,188,0
23,9,4,0.072727,0.052766,0.208458,51,167,0
23,10,4,0.072727,0.053628,0.198935,51,162,1
23,11,4,0.072727,0.051383,0.186286,51,201,0
23,12,4,0.072727,0.058587,0.189850,51,155,0
23,13,4,0.072727,0.041232,0.186839,51,179,0
23,14,4,0.072727,0.037592,0.186978,51,159,0
23,15,4,0.072727,0.040604,0.192423,51,181,0
23,16,4,0.072727,0.037040,0.196241,51,166,0
23,17,4,0.072727,0.044477,0.191283,51,185,0
23,18,4,0.072727,0.048435,0.193742,51,163,0
23,19,4,0.072727,0.044105,0.181579,51,176,0
23,20,4,0.072727,0.053628,0.189038,51,166,0
23,21,4,0.072727,0.048435,0.184218,51,161,0
23,22,4,0.072727,0.038107,0.156697,51,190,1
23,23,4,0.072727,0.035096,0.150147,51,166,1
23,24,4,0.072727,0.041156,0.159746,51,192,1
23,25,4,0.072727,0.040604,0.152505,51,168,1
23,26,4,0.072727,0.034092,0.147060,51,181,1
23,27,4,0.072727,0.041156,0.150343,51,173,1
23,28,4,0.072727,0.034581,0.160396,51,183,1
23,29,4,0.072727,0.040604,0.152328,51,177,1
23,30,4,0.072727,0.048435,0.162997,51,188,1
23,31,4,0.072727,0.034581,0.164133,51,173,1
23,32,4,0.072727,0.038912,0.168953,51,166,1
23,33,4,0.072727,0.028508,0.132716,51,144,0
23,34,4,0.072727,0.030001,0.139266,51,150,0
23,35,4,0.072727,0.029023,0.129667,51,147,0
23,36,4,0.072727,0.030516,0.132716,51,148,0
23,37,4,0.072727,0.032009,0.141725,51,147,0
23,38,4,0.072727,0.034117,0.129153,51,153,0
23,39,4,0.072727,0.035610,0.124058,51,152,0
23,40,4,0.072727,0.030516,0.136457,51,152,0
23,41,4,0.072727,0.035610,0.134939,51,149,0
23,42,4,0.072727,0.035610,0.120321,51,150,0
23,43,4,0.072727,0.035610,0.129845,51,147,0
23,44,3,0.054545,0.030001,0.197864,52,218,1
23,45,3,0.054545,0.028508,0.194879,52,235,1
23,46,3,0.054545,0.030001,0.201466,52,225,1
23,47,3,0.054545,0.028508,0.197864,52,234,1
23,48,3,0.054545,0.030516,0.198379,52,218,1
23,49,3,0.054545,0.024907,0.201980,52,232,1
23,50,3,0.054545,0.023414,0.207075,52,216,1
23,51,3,0.054545,0.032009,0.204966,52,232,1
23,52,3,0.054545,0.023414,0.203473,52,217,1
23,53,3,0.054545,0.023414,0.208568,52,227,1
23,54,3,0.054545,0.023414,0.208568,52,226,1
23,55,11,0.200000,0.137347,0.298108,44,116,0
24,0,4,0.072727,0.051590,0.205211,51,217,0
24,1,4,0.072727,0.048060,0.200303,51,157,1
24,2,4,0.072727,0.058144,0.203902,51,196,0
24,3,4,0.072727,0.061674,0.205211,51,153,1
24,4,4,0.072727,0.061674,0.203750,51,196,0
24,5,4,0.072727,0.061674,0.203902,51,175,1
24,6,4,0.072727,0.053505,0.203902,51,199,0
24,7,4,0.072727,0.061674,0.199475,51,171,1
24,8,4,0.072727,0.047987,0.203074,51,188,0
24,9,4,0.072727,0.055861,0.204535,51,167,1
24,10,4,0.072727,0.050343,0.203074,51,163,0
24,11,4,0.072727,0.051016,0.185981,51,201,0
24,12,4,0.072727,0.058144,0.190889,51,155,0
24,13,4,0.072727,0.039553,0.187290,51,179,0
24,14,4,0.072727,0.037333,0.186293,51,159,0
24,15,4,0.072727,0.040932,0.196257,51,181,0
24,16,4,0.072727,0.036024,0.187624,51,166,0
24,17,4,0.072727,0.052699,0.193510,51,185,0
24,18,4,0.072727,0.043069,0.191764,51,163,0
24,19,4,0.072727,0.048882,0.190521,51,176,0
24,20,4,0.072727,0.050343,0.184109,51,166,0
24,21,4,0.072727,0.047987,0.185570,51,161,0
24,22,4,0.072727,0.038914,0.156357,51,191,1
24,23,4,0.072727,0.035315,0.149672,51,167,1
24,24,4,0.072727,0.042241,0.159825,51,193,1
24,25,4,0.072727,0.040932,0.152827,51,169,1
24,26,4,0.072727,0.034116,0.142863,51,182,1
24,27,4,0.072727,0.042241,0.159490,51,174,1
24,28,4,0.072727,0.033734,0.159200,51,184,1
24,29,4,0.072727,0.031978,0.153911,51,178,1
24,30,4,0.072727,0.047987,0.154335,51,189,1
24,31,4,0.072727,0.033734,0.169561,51,174,1
24,32,4,0.072727,0.046526,0.168099,51,167,1
24,33,4,0.072727,0.028761,0.133909,51,144,0
24,34,4,0.072727,0.029720,0.140594,51,150,0
24,35,4,0.072727,0.030342,0.130441,51,147,0
24,36,4,0.072727,0.031160,0.133909,51,148,0
24,37,4,0.072727,0.032119,0.133789,51,147,0
24,38,4,0.072727,0.035937,0.128860,51,153,0
24,39,4,0.072727,0.036896,0.123265,51,152,0
24,40,4,0.072727,0.031301,0.136428,51,152,0
24,41,4,0.072727,0.031978,0.133648,51,149,0
24,42,4,0.072727,0.036896,0.126591,51,150,0
24,43,4,0.072727,0.031978,0.128052,51,147,0
24,44,3,0.054545,0.029720,0.197810,52,219,1
24,45,3,0.054545,0.028761,0.196033,52,236,1
24,46,3,0.054545,0.029720,0.202587,52,226,1
24,47,3,0.054545,0.028902,0.197810,52,235,1
24,48,3,0.054545,0.031160,0.199391,52,219,1
24,49,3,0.054545,0.024124,0.204168,52,233,1
24,50,3,0.054545,0.023165,0.209763,52,217,1
24,51,3,0.054545,0.031978,0.201027,52,233,1
24,52,3,0.054545,0.023165,0.200209,52,218,1
24,53,3,0.054545,0.023165,0.205804,52,228,1
24,54,3,0.054545,0.023165,0.205804,52,227,1
24,55,11,0.200000,0.136930,0.297026,44,116,0
25,0,4,0.072727,0.046833,0.204426,51,217,0
25,1,4,0.072727,0.055380,0.200184,51,158,1
25,2,4,0.072727,0.065021,0.207160,51,196,0
25,3,4,0.072727,0.056475,0.204426,51,154,1
25,4,4,0.072727,0.056475,0.196275,51,196,0
25,5,4,0.072727,0.056475,0.207160,51,176,1
25,6,4,0.072727,0.058390,0.207160,51,199,0
25,7,4,0.072727,0.056475,0.198625,51,172,0
25,8,4,0.072727,0.056475,0.205601,51,188,1
25,9,4,0.072727,0.055552,0.213752,51,168,1
25,10,4,0.072727,0.053637,0.205601,51,163,0
25,11,4,0.072727,0.055380,0.191755,51,201,0
25,12,4,0.072727,0.053809,0.195997,51,155,1
25,13,4,0.072727,0.032950,0.189021,51,179,0
25,14,4,0.072727,0.038762,0.176284,51,159,1
25,15,4,0.072727,0.045738,0.191701,51,181,0
25,16,4,0.072727,0.041496,0.198201,51,166,1
25,17,4,0.072727,0.050799,0.186817,51,185,0
25,18,4,0.072727,0.044563,0.192876,51,163,0
25,19,4,0.072727,0.039938,0.183062,51,176,1
25,20,4,0.072727,0.053637,0.183751,51,166,1
25,21,4,0.072727,0.050927,0.191902,51,161,0
25,22,4,0.072727,0.041139,0.154969,51,192,0
25,23,4,0.072727,0.034163,0.143982,51,168,1
25,24,4,0.072727,0.043004,0.157933,51,194,0
25,25,4,0.072727,0.045738,0.162417,51,170,1
25,26,4,0.072727,0.031838,0.147000,51,183,0
25,27,4,0.072727,0.043004,0.148753,51,175,1
25,28,4,0.072727,0.031787,0.163740,51,185,0
25,29,4,0.072727,0.033013,0.152800,51,179,0
25,30,4,0.072727,0.048089,0.160340,51,190,1
25,31,4,0.072727,0.031787,0.171278,51,175,1
25,32,4,0.072727,0.039938,0.163127,51,168,0
25,33,4,0.072727,0.027187,0.133177,51,144,0
25,34,4,0.072727,0.030560,0.144164,51,150,1
25,35,4,0.072727,0.028465,0.130213,51,147,0
25,36,4,0.072727,0.031838,0.134275,51,148,1
25,37,4,0.072727,0.034112,0.140050,51,147,0
25,38,4,0.072727,0.032068,0.127836,51,153,1
25,39,4,0.072727,0.036539,0.124233,51,152,0
25,40,4,0.072727,0.031838,0.134250,51,152,0
25,41,4,0.072727,0.033013,0.129548,51,149,1
25,42,4,0.072727,0.036539,0.116696,51,150,1
25,43,4,0.072727,0.033013,0.124847,51,147,0
25,44,3,0.054545,0.029461,0.199228,52,220,0
25,45,3,0.054545,0.026089,0.192483,52,237,0
25,46,3,0.054545,0.030560,0.199458,52,227,0
25,47,3,0.054545,0.027187,0.198130,52,236,0
25,48,3,0.054545,0.031838,0.200506,52,220,0
25,49,3,0.054545,0.026957,0.201835,52,234,0
25,50,3,0.054545,0.022486,0.205437,52,218,0
25,51,3,0.054545,0.034112,0.203955,52,234,0
25,52,3,0.054545,0.022486,0.201681,52,219,0
25,53,3,0.054545,0.022486,0.206383,52,229,0
25,54,3,0.054545,0.022486,0.206383,52,228,0
25,55,11,0.200000,0.136831,0.296147,44,116,1
26,0,4,0.072727,0.042226,0.203993,51,217,0
26,1,4,0.072727,0.053660,0.200181,51,159,0
26,2,4,0.072727,0.068603,0.207804,51,196,0
26,3,4,0.072727,0.057169,0.203993,51,155,0
26,4,4,0.072727,0.057169,0.196370,51,196,1
26,5,4,0.072727,0.057169,0.207804,51,177,1
26,6,4,0.072727,0.055838,0.207804,51,199,0
26,7,4,0.072727,0.057169,0.196370,51,172,0
26,8,4,0.072727,0.057169,0.203993,51,189,1
26,9,4,0.072727,0.054144,0.211615,51,169,1
26,10,4,0.072727,0.055475,0.203993,51,163,0
26,11,4,0.072727,0.059770,0.189050,51,201,1
26,12,4,0.072727,0.055959,0.192861,51,156,1
26,13,4,0.072727,0.029583,0.185239,51,179,0
26,14,4,0.072727,0.037205,0.177616,51,160,0
26,15,4,0.072727,0.044828,0.196370,51,181,1
26,16,4,0.072727,0.041016,0.198669,51,167,1
26,17,4,0.072727,0.053781,0.185541,51,185,0
26,18,4,0.072727,0.044828,0.196370,51,163,0
26,19,4,0.072727,0.037205,0.187054,51,177,1
26,20,4,0.072727,0.055475,0.181730,51,167,1
26,21,4,0.072727,0.046521,0.189353,51,161,0
26,22,4,0.072727,0.041016,0.151059,51,192,0
26,23,4,0.072727,0.033394,0.144344,51,169,0
26,24,4,0.072727,0.041016,0.159770,51,194,0
26,25,4,0.072727,0.044828,0.164489,51,171,0
26,26,4,0.072727,0.037205,0.145735,51,183,0
26,27,4,0.072727,0.041016,0.146340,51,176,0
26,28,4,0.072727,0.033212,0.161464,51,185,0
26,29,4,0.072727,0.037205,0.153539,51,179,0
26,30,4,0.072727,0.044828,0.165759,51,191,0
26,31,4,0.072727,0.033212,0.171083,51,176,0
26,32,4,0.072727,0.037205,0.163460,51,168,0
26,33,4,0.072727,0.025590,0.138113,51,144,1
26,34,4,0.072727,0.031397,0.144828,51,151,1
26,35,4,0.072727,0.029401,0.129401,51,147,1
26,36,4,0.072727,0.026497,0.136116,51,149,1
26,37,4,0.072727,0.034301,0.139927,51,147,1
26,38,4,0.072727,0.031397,0.129220,51,154,1
26,39,4,0.072727,0.033575,0.127223,51,152,1
26,40,4,0.072727,0.037205,0.132123,51,152,1
26,41,4,0.072727,0.037205,0.121597,51,150,1
26,42,4,0.072727,0.033575,0.117604,51,151,1
26,43,4,0.072727,0.037205,0.125227,51,147,1
26,44,3,0.054545,0.031397,0.194374,52,220,0
26,45,3,0.054545,0.025590,0.191470,52,237,0
26,46,3,0.054545,0.031397,0.199274,52,227,0
26,47,3,0.054545,0.034301,0.196370,52,236,0
26,48,3,0.054545,0.026497,0.200181,52,220,0
26,49,3,0.054545,0.029401,0.199456,52,234,0
26,50,3,0.054545,0.023593,0.201452,52,218,0
26,51,3,0.054545,0.023593,0.207985,52,234,0
26,52,3,0.054545,0.023593,0.210889,52,219,0
26,53,3,0.054545,0.023593,0.207260,52,229,0
26,54,3,0.054545,0.023593,0.207260,52,228,0
26,55,11,0.200000,0.136479,0.296552,44,117,1
27,0,4,0.072727,0.055506,0.204078,51,217,0
27,1,4,0.072727,0.054075,0.200307,51,159,1
27,2,4,0.072727,0.055506,0.207849,51,196,0
27,3,4,0.072727,0.056937,0.204078,51,155,1
27,4,4,0.072727,0.056937,0.196535,51,197,0
27,5,4,0.072727,0.056937,0.207849,51,178,0
27,6,4,0.072727,0.056651,0.207849,51,199,1
27,7,4,0.072727,0.056937,0.196535,51,172,1
27,8,4,0.072727,0.056937,0.204078,51,190,0
27,9,4,0.072727,0.054648,0.211620,51,170,0
27,10,4,0.072727,0.054934,0.204078,51,163,1
27,11,4,0.072727,0.046533,0.189442,51,202,0
27,12,4,0.072727,0.055506,0.193214,51,157,1
27,13,4,0.072727,0.042762,0.185671,51,179,0
27,14,4,0.072727,0.037559,0.190413,51,160,1
27,15,4,0.072727,0.045102,0.196075,51,182,0
27,16,4,0.072727,0.041331,0.185957,51,168,0
27,17,4,0.072727,0.052931,0.185385,51,185,1
27,18,4,0.072727,0.045102,0.196075,51,163,1
27,19,4,0.072727,0.037559,0.186530,51,178,0
27,20,4,0.072727,0.054934,0.181614,51,168,0
27,21,4,0.072727,0.047105,0.189156,51,161,1
27,22,4,0.072727,0.040871,0.150769,51,192,0
27,23,4,0.072727,0.033328,0.144300,51,169,0
27,24,4,0.072727,0.041331,0.159323,51,194,0
27,25,4,0.072727,0.045102,0.151883,51,171,0
27,26,4,0.072727,0.037099,0.146221,51,183,0
27,27,4,0.072727,0.041331,0.159037,51,176,0
27,28,4,0.072727,0.032470,0.161695,51,185,0
27,29,4,0.072727,0.037099,0.153702,51,179,0
27,30,4,0.072727,0.045102,0.165946,51,191,0
27,31,4,0.072727,0.032470,0.170862,51,176,0
27,32,4,0.072727,0.037559,0.163320,51,168,0
27,33,4,0.072727,0.025847,0.138219,51,145,1
27,34,4,0.072727,0.031243,0.144688,51,152,1
27,35,4,0.072727,0.029158,0.129664,51,148,1
27,36,4,0.072727,0.026460,0.135674,51,150,1
27,37,4,0.072727,0.034401,0.139905,51,148,1
27,38,4,0.072727,0.031243,0.128806,51,155,1
27,39,4,0.072727,0.034187,0.126721,51,153,1
27,40,4,0.072727,0.037099,0.132424,51,153,1
27,41,4,0.072727,0.036640,0.122183,51,151,1
27,42,4,0.072727,0.034187,0.117553,51,152,1
27,43,4,0.072727,0.036640,0.125096,51,148,1
27,44,3,0.054545,0.031243,0.194174,52,220,0
27,45,3,0.054545,0.025847,0.191476,52,237,0
27,46,3,0.054545,0.031243,0.198958,52,227,0
27,47,3,0.054545,0.033941,0.196719,52,236,0
27,48,3,0.054545,0.026460,0.200031,52,220,0
27,49,3,0.054545,0.029158,0.199816,52,234,0
27,50,3,0.054545,0.023762,0.201901,52,218,0
27,51,3,0.054545,0.023762,0.207512,52,234,0
27,52,3,0.054545,0.023762,0.210210,52,219,0
27,53,3,0.054545,0.023762,0.207297,52,229,0
27,54,3,0.054545,0.023762,0.207297,52,228,0
27,55,11,0.200000,0.136471,0.296704,44,118,1
28,0,4,0.072727,0.054416,0.202413,51,217,0
28,1,4,0.072727,0.049634,0.205256,51,160,1
28,2,4,0.072727,0.054416,0.208100,51,196,0
28,3,4,0.072727,0.059199,0.202413,51,156,0
28,4,4,0.072727,0.059199,0.199569,51,197,1
28,5,4,0.072727,0.059199,0.208100,51,178,1
28,6,4,0.072727,0.054416,0.208100,51,200,0
28,7,4,0.072727,0.059199,0.199569,51,173,0
28,8,4,0.072727,0.059199,0.202413,51,190,1
28,9,4,0.072727,0.049634,0.205256,51,170,1
28,10,4,0.072727,0.054416,0.202413,51,164,0
28,11,4,0.072727,0.046790,0.187161,51,202,0
28,12,4,0.072727,0.054416,0.184317,51,158,1
28,13,4,0.072727,0.049634,0.181474,51,179,0
28,14,4,0.072727,0.039164,0.190521,51,161,0
28,15,4,0.072727,0.042008,0.198147,51,182,1
28,16,4,0.072727,0.044851,0.181474,51,168,1
28,17,4,0.072727,0.049634,0.185610,51,186,0
28,18,4,0.072727,0.042008,0.198147,51,164,0
28,19,4,0.072727,0.039164,0.194657,51,178,1
28,20,4,0.072727,0.054416,0.188453,51,168,1
28,21,4,0.072727,0.046790,0.191297,51,162,0
28,22,4,0.072727,0.039164,0.153210,51,192,0
28,23,4,0.072727,0.036321,0.149548,51,169,1
28,24,4,0.072727,0.036321,0.165403,51,194,0
28,25,4,0.072727,0.042008,0.149849,51,171,0
28,26,4,0.072727,0.037742,0.142223,51,183,1
28,27,4,0.072727,0.036321,0.165403,51,176,1
28,28,4,0.072727,0.036321,0.161267,51,185,0
28,29,4,0.072727,0.037742,0.155235,51,179,0
28,30,4,0.072727,0.042008,0.158725,51,191,1
28,31,4,0.072727,0.040457,0.164929,51,176,1
28,32,4,0.072727,0.043300,0.162085,51,168,0
28,33,4,0.072727,0.023309,0.137958,51,146,0
28,34,4,0.072727,0.036321,0.141620,51,153,1
28,35,4,0.072727,0.029815,0.125765,51,149,0
28,36,4,0.072727,0.023309,0.136536,51,151,0
28,37,4,0.072727,0.037742,0.139380,51,149,1
28,38,4,0.072727,0.029815,0.125765,51,156,1
28,39,4,0.072727,0.036321,0.129901,51,154,0
28,40,4,0.072727,0.037742,0.126368,51,154,0
28,41,4,0.072727,0.036321,0.127660,51,152,1
28,42,4,0.072727,0.032184,0.126239,51,153,1
28,43,4,0.072727,0.032184,0.129082,51,149,0
28,44,3,0.054545,0.036321,0.195692,52,220,0
28,45,3,0.054545,0.023309,0.189186,52,237,0
28,46,3,0.054545,0.029815,0.202197,52,227,0
28,47,3,0.054545,0.036321,0.197113,52,236,0
28,48,3,0.054545,0.023309,0.197113,52,220,0
28,49,3,0.054545,0.029815,0.202197,52,234,0
28,50,3,0.054545,0.023309,0.198061,52,218,0
28,51,3,0.054545,0.023309,0.210125,52,234,0
28,52,3,0.054545,0.023309,0.205989,52,219,0
28,53,3,0.054545,0.023309,0.204567,52,229,0
28,54,3,0.054545,0.023309,0.204567,52,228,0
28,55,11,0.200000,0.136062,0.295433,44,119,1
29,0,4,0.072727,0.054412,0.202283,51,217,0
29,1,4,0.072727,0.049675,0.205228,51,161,1
29,2,4,0.072727,0.054412,0.208173,51,196,0
29,3,4,0.072727,0.059148,0.202283,51,156,1
29,4,4,0.072727,0.059148,0.199338,51,198,0
29,5,4,0.072727,0.059148,0.208173,51,179,0
29,6,4,0.072727,0.054412,0.208173,51,200,1
29,7,4,0.072727,0.059148,0.199338,51,173,1
29,8,4,0.072727,0.059148,0.202283,51,191,0
29,9,4,0.072727,0.049675,0.205228,51,171,0
29,10,4,0.072727,0.054412,0.202283,51,164,1
29,11,4,0.072727,0.046730,0.186919,51,202,0
29,12,4,0.072727,0.054412,0.183974,51,159,1
29,13,4,0.072727,0.049675,0.181030,51,179,0
29,14,4,0.072727,0.039048,0.190184,51,161,1
29,15,4,0.072727,0.041993,0.197866,51,183,0
29,16,4,0.072727,0.044938,0.181030,51,169,0
29,17,4,0.072727,0.049675,0.185961,51,186,1
29,18,4,0.072727,0.041993,0.197866,51,164,1
29,19,4,0.072727,0.039048,0.195115,51,179,0
29,20,4,0.072727,0.054412,0.188905,51,169,0
29,21,4,0.072727,0.046730,0.191850,51,162,1
29,22,4,0.072727,0.039048,0.158281,51,192,0
29,23,4,0.072727,0.036103,0.157402,51,170,1
29,24,4,0.072727,0.036103,0.160347,51,194,0
29,25,4,0.072727,0.041993,0.156204,51,171,1
29,26,4,0.072727,0.037576,0.148522,51,184,0
29,27,4,0.072727,0.036103,0.160347,51,177,0
29,28,4,0.072727,0.036103,0.156603,51,185,1
29,29,4,0.072727,0.037576,0.148522,51,179,1
29,30,4,0.072727,0.041993,0.157471,51,192,0
29,31,4,0.072727,0.041034,0.163680,51,177,0
29,32,4,0.072727,0.043979,0.160735,51,168,1
29,33,4,0.072727,0.036103,0.132896,51,146,0
29,34,4,0.072727,0.034916,0.133775,51,154,1
29,35,4,0.072727,0.024894,0.130830,51,149,0
29,36,4,0.072727,0.029905,0.130236,51,151,1
29,37,4,0.072727,0.031378,0.133181,51,150,0
29,38,4,0.072727,0.026081,0.130830,51,157,0
29,39,4,0.072727,0.036103,0.134574,51,154,1
29,40,4,0.072727,0.037576,0.133181,51,154,1
29,41,4,0.072727,0.036103,0.128969,51,153,0
29,42,4,0.072727,0.031172,0.127497,51,154,0
29,43,4,0.072727,0.031172,0.130442,51,149,1
29,44,3,0.054545,0.023707,0.200765,52,220,0
29,45,3,0.054545,0.024894,0.196941,52,237,0
29,46,3,0.054545,0.034916,0.196941,52,227,0
29,47,3,0.054545,0.029905,0.203424,52,236,0
29,48,3,0.054545,0.029905,0.203424,52,220,0
29,49,3,0.054545,0.033729,0.196941,52,234,0
29,50,3,0.054545,0.023707,0.193197,52,218,0
29,51,3,0.054545,0.023707,0.203424,52,234,0
29,52,3,0.054545,0.023707,0.204691,52,219,0
29,53,3,0.054545,0.023707,0.203219,52,229,0
29,54,3,0.054545,0.023707,0.203219,52,228,0
29,55,11,0.200000,0.135943,0.295594,44,120,1
30,0,4,0.072727,0.054231,0.202658,51,217,0
30,1,4,0.072727,0.049092,0.204652,51,162,0
30,2,4,0.072727,0.054231,0.206646,51,196,1
30,3,4,0.072727,0.059371,0.202658,51,157,1
30,4,4,0.072727,0.059371,0.200665,51,198,0
30,5,4,0.072727,0.059371,0.206646,51,179,0
30,6,4,0.072727,0.054231,0.206646,51,201,1
30,7,4,0.072727,0.059371,0.200665,51,174,1
30,8,4,0.072727,0.059371,0.202658,51,191,0
30,9,4,0.072727,0.049092,0.204652,51,171,0
30,10,4,0.072727,0.054231,0.202658,51,165,1
30,11,4,0.072727,0.047098,0.188392,51,202,0
30,12,4,0.072727,0.054231,0.186398,51,160,0
30,13,4,0.072727,0.049092,0.184404,51,179,0
30,14,4,0.072727,0.039965,0.190075,51,162,0
30,15,4,0.072727,0.041958,0.197209,51,183,0
30,16,4,0.072727,0.043952,0.184404,51,169,0
30,17,4,0.072727,0.049092,0.184404,51,187,0
30,18,4,0.072727,0.041958,0.197209,51,165,0
30,19,4,0.072727,0.039965,0.190075,51,179,0
30,20,4,0.072727,0.054231,0.186398,51,169,0
30,21,4,0.072727,0.047098,0.188392,51,163,0
30,22,4,0.072727,0.039965,0.152902,51,192,1
30,23,4,0.072727,0.037971,0.158595,51,171,1
30,24,4,0.072727,0.037971,0.160589,51,194,1
30,25,4,0.072727,0.041958,0.154918,51,172,1
30,26,4,0.072727,0.036509,0.147785,51,184,1
30,27,4,0.072727,0.037971,0.160589,51,177,1
30,28,4,0.072727,0.037971,0.164289,51,186,1
30,29,4,0.072727,0.036509,0.147785,51,180,1
30,30,4,0.072727,0.041958,0.158618,51,192,1
30,31,4,0.072727,0.037971,0.162295,51,177,1
30,32,4,0.072727,0.039965,0.160301,51,169,1
30,33,4,0.072727,0.033053,0.138635,51,146,0
30,34,4,0.072727,0.029353,0.132942,51,155,0
30,35,4,0.072727,0.029353,0.130948,51,149,0
30,36,4,0.072727,0.029353,0.131480,51,152,0
30,37,4,0.072727,0.032809,0.133474,51,150,0
30,38,4,0.072727,0.033053,0.130948,51,157,0
30,39,4,0.072727,0.033053,0.127249,51,155,0
30,40,4,0.072727,0.036509,0.133474,51,155,0
30,41,4,0.072727,0.033053,0.127780,51,153,0
30,42,4,0.072727,0.033053,0.129242,51,154,0
30,43,4,0.072727,0.033053,0.131236,51,150,0
30,44,3,0.054545,0.025654,0.194373,52,220,1
30,45,3,0.054545,0.029353,0.198073,52,237,1
30,46,3,0.054545,0.029353,0.198073,52,227,1
30,47,3,0.054545,0.029353,0.201529,52,236,1
30,48,3,0.054545,0.029353,0.201529,52,220,1
30,49,3,0.054545,0.025654,0.198073,52,234,1
30,50,3,0.054545,0.025654,0.201772,52,218,1
30,51,3,0.054545,0.025654,0.201529,52,234,1
30,52,3,0.054545,0.025654,0.205228,52,219,1
30,53,3,0.054545,0.025654,0.201772,52,229,1
30,54,3,0.054545,0.025654,0.201772,52,228,1
30,55,11,0.200000,0.135667,0.296987,44,121,0
31,0,4,0.072727,0.058470,0.202472,51,217,1
31,1,4,0.072727,0.051952,0.205141,51,162,0
31,2,4,0.072727,0.051952,0.207810,51,197,0
31,3,4,0.072727,0.058470,0.202472,51,158,0
31,4,4,0.072727,0.058470,0.199803,51,198,1
31,5,4,0.072727,0.058470,0.207810,51,179,1
31,6,4,0.072727,0.054125,0.207810,51,202,0
31,7,4,0.072727,0.058470,0.199803,51,175,0
31,8,4,0.072727,0.058470,0.202472,51,191,1
31,9,4,0.072727,0.049780,0.205141,51,171,1
31,10,4,0.072727,0.054125,0.202472,51,166,0
31,11,4,0.072727,0.042766,0.190617,51,202,0
31,12,4,0.072727,0.051952,0.187948,51,160,0
31,13,4,0.072727,0.051952,0.185280,51,179,0
31,14,4,0.072727,0.040097,0.193595,51,162,0
31,15,4,0.072727,0.042766,0.196264,51,183,0
31,16,4,0.072727,0.045435,0.180935,51,169,0
31,17,4,0.072727,0.049780,0.183107,51,187,0
31,18,4,0.072727,0.042766,0.196264,51,165,0
31,19,4,0.072727,0.040097,0.189250,51,179,0
31,20,4,0.072727,0.054125,0.185776,51,169,0
31,21,4,0.072727,0.047111,0.188445,51,163,0
31,22,4,0.072727,0.040097,0.150716,51,193,1
31,23,4,0.072727,0.037429,0.157070,51,172,1
31,24,4,0.072727,0.037429,0.159739,51,195,1
31,25,4,0.072727,0.042766,0.151423,51,173,1
31,26,4,0.072727,0.036558,0.148755,51,185,1
31,27,4,0.072727,0.037429,0.164084,51,178,1
31,28,4,0.072727,0.037429,0.165596,51,187,1
31,29,4,0.072727,0.036558,0.148755,51,181,1
31,30,4,0.072727,0.042766,0.159453,51,193,1
31,31,4,0.072727,0.037429,0.162927,51,178,1
31,32,4,0.072727,0.040097,0.160258,51,170,1
31,33,4,0.072727,0.033018,0.138861,51,146,0
31,34,4,0.072727,0.029333,0.132508,51,155,0
31,35,4,0.072727,0.029333,0.129839,51,149,0
31,36,4,0.072727,0.029333,0.131637,51,152,0
31,37,4,0.072727,0.032873,0.134306,51,150,0
31,38,4,0.072727,0.033018,0.129839,51,157,0
31,39,4,0.072727,0.033018,0.126154,51,155,0
31,40,4,0.072727,0.036558,0.134306,51,155,0
31,41,4,0.072727,0.033018,0.127952,51,153,0
31,42,4,0.072727,0.033018,0.128823,51,154,0
31,43,4,0.072727,0.033018,0.131492,51,150,0
31,44,3,0.054545,0.025648,0.194278,52,221,1
31,45,3,0.054545,0.029333,0.197963,52,238,1
31,46,3,0.054545,0.029333,0.197963,52,228,1
31,47,3,0.054545,0.029333,0.201503,52,237,1
31,48,3,0.054545,0.029333,0.201503,52,221,1
31,49,3,0.054545,0.025648,0.197963,52,235,1
31,50,3,0.054545,0.025648,0.201648,52,219,1
31,51,3,0.054545,0.025648,0.201503,52,235,1
31,52,3,0.054545,0.025648,0.205188,52,220,1
31,53,3,0.054545,0.025648,0.201648,52,230,1
31,54,3,0.054545,0.025648,0.201648,52,229,1
31,55,11,0.200000,0.135612,0.296872,44,121,0
32,0,4,0.072727,0.056909,0.202149,51,218,1
32,1,4,0.072727,0.056909,0.205988,51,162,0
32,2,4,0.072727,0.056909,0.209826,51,197,1
32,3,4,0.072727,0.056909,0.202149,51,158,0
32,4,4,0.072727,0.056909,0.198311,51,199,1
32,5,4,0.072727,0.056909,0.209826,51,180,0
32,6,4,0.072727,0.053941,0.209826,51,202,1
32,7,4,0.072727,0.056909,0.198311,51,175,0
32,8,4,0.072727,0.056909,0.202149,51,192,0
32,9,4,0.072727,0.050972,0.205988,51,172,0
32,10,4,0.072727,0.053941,0.202149,51,166,1
32,11,4,0.072727,0.044166,0.194473,51,202,1
32,12,4,0.072727,0.048004,0.190635,51,160,0
32,13,4,0.072727,0.048004,0.186796,51,179,1
32,14,4,0.072727,0.040328,0.190788,51,162,0
32,15,4,0.072727,0.044166,0.194626,51,183,1
32,16,4,0.072727,0.048004,0.183828,51,169,0
32,17,4,0.072727,0.050972,0.180860,51,187,1
32,18,4,0.072727,0.044166,0.194626,51,165,0
32,19,4,0.072727,0.040328,0.187820,51,179,0
32,20,4,0.072727,0.053941,0.184698,51,169,0
32,21,4,0.072727,0.047134,0.188536,51,163,1
32,22,4,0.072727,0.040328,0.146929,51,194,0
32,23,4,0.072727,0.036489,0.154427,51,173,0
32,24,4,0.072727,0.036489,0.158265,51,196,0
32,25,4,0.072727,0.044166,0.154273,51,174,0
32,26,4,0.072727,0.036643,0.150435,51,186,0
32,27,4,0.072727,0.036489,0.161233,51,179,0
32,28,4,0.072727,0.036489,0.167861,51,188,0
32,29,4,0.072727,0.036643,0.150435,51,182,0
32,30,4,0.072727,0.044166,0.160901,51,194,0
32,31,4,0.072727,0.036489,0.164023,51,179,0
32,32,4,0.072727,0.040328,0.160184,51,171,0
32,33,4,0.072727,0.032958,0.139253,51,146,1
32,34,4,0.072727,0.029299,0.131755,51,155,1
32,35,4,0.072727,0.029299,0.127917,51,149,1
32,36,4,0.072727,0.029299,0.131909,51,152,1
32,37,4,0.072727,0.032984,0.135747,51,150,1
32,38,4,0.072727,0.032958,0.127917,51,157,1
32,39,4,0.072727,0.032958,0.124258,51,155,1
32,40,4,0.072727,0.036643,0.135747,51,155,1
32,41,4,0.072727,0.032958,0.128250,51,153,1
32,42,4,0.072727,0.032958,0.128096,51,154,1
32,43,4,0.072727,0.032958,0.131934,51,150,1
32,44,3,0.054545,0.025640,0.194115,52,222,0
32,45,3,0.054545,0.029299,0.197774,52,239,0
32,46,3,0.054545,0.029299,0.197774,52,229,0
32,47,3,0.054545,0.029299,0.201459,52,238,0
32,48,3,0.054545,0.029299,0.201459,52,222,0
32,49,3,0.054545,0.025640,0.197774,52,236,0
32,50,3,0.054545,0.025640,0.201433,52,220,0
32,51,3,0.054545,0.025640,0.201459,52,236,0
32,52,3,0.054545,0.025640,0.205118,52,221,0
32,53,3,0.054545,0.025640,0.201433,52,231,0
32,54,3,0.054545,0.025640,0.201433,52,230,0
32,55,11,0.200000,0.135517,0.296673,44,121,1
33,0,4,0.072727,0.056979,0.201816,51,219,0
33,1,4,0.072727,0.056979,0.205180,51,162,1
33,2,4,0.072727,0.056979,0.208544,51,198,0
33,3,4,0.072727,0.056979,0.201816,51,158,1
33,4,4,0.072727,0.056979,0.201816,51,200,0
33,5,4,0.072727,0.056979,0.208544,51,180,1
33,6,4,0.072727,0.053750,0.208544,51,203,0
33,7,4,0.072727,0.056979,0.200135,51,175,1
33,8,4,0.072727,0.056979,0.203498,51,192,0
33,9,4,0.072727,0.050521,0.203498,51,172,1
33,10,4,0.072727,0.053750,0.203498,51,167,0
33,11,4,0.072727,0.043929,0.195089,51,203,0
33,12,4,0.072727,0.047292,0.191726,51,160,1
33,13,4,0.072727,0.047292,0.188362,51,180,0
33,14,4,0.072727,0.040565,0.191255,51,162,1
33,15,4,0.072727,0.043929,0.191255,51,184,0
33,16,4,0.072727,0.047292,0.185133,51,169,1
33,17,4,0.072727,0.050521,0.181904,51,188,0
33,18,4,0.072727,0.047292,0.192936,51,165,1
33,19,4,0.072727,0.042247,0.186344,51,179,0
33,20,4,0.072727,0.053750,0.186949,51,169,1
33,21,4,0.072727,0.045476,0.186949,51,164,0
33,22,4,0.072727,0.040565,0.146384,51,194,0
33,23,4,0.072727,0.037201,0.153380,51,173,0
33,24,4,0.072727,0.037201,0.156744,51,196,0
33,25,4,0.072727,0.043929,0.153851,51,174,0
33,26,4,0.072727,0.036731,0.153851,51,186,0
33,27,4,0.072727,0.037201,0.159973,51,179,0
33,28,4,0.072727,0.037201,0.166835,51,188,0
33,29,4,0.072727,0.033367,0.152170,51,182,0
33,30,4,0.072727,0.042247,0.162395,51,194,0
33,31,4,0.072727,0.037201,0.161789,51,179,0
33,32,4,0.072727,0.042247,0.161789,51,171,0
33,33,4,0.072727,0.032896,0.139657,51,147,1
33,34,4,0.072727,0.029263,0.132661,51,156,1
33,35,4,0.072727,0.029263,0.129297,51,150,1
33,36,4,0.072727,0.029263,0.132190,51,153,1
33,37,4,0.072727,0.033098,0.132190,51,151,1
33,38,4,0.072727,0.032896,0.129297,51,158,1
33,39,4,0.072727,0.032896,0.125664,51,156,1
33,40,4,0.072727,0.036731,0.133872,51,156,1
33,41,4,0.072727,0.032896,0.126875,51,154,1
33,42,4,0.072727,0.032896,0.130710,51,155,1
33,43,4,0.072727,0.032896,0.130710,51,151,1
33,44,3,0.054545,0.025631,0.193946,52,222,0
33,45,3,0.054545,0.029263,0.197578,52,239,0
33,46,3,0.054545,0.029263,0.197578,52,229,0
33,47,3,0.054545,0.029263,0.201413,52,238,0
33,48,3,0.054545,0.029263,0.201413,52,222,0
33,49,3,0.054545,0.025631,0.197578,52,236,0
33,50,3,0.054545,0.025631,0.201211,52,220,0
33,51,3,0.054545,0.025631,0.201413,52,236,0
33,52,3,0.054545,0.025631,0.205045,52,221,0
33,53,3,0.054545,0.025631,0.201211,52,231,0
33,54,3,0.054545,0.025631,0.201211,52,230,0
33,55,11,0.200000,0.135419,0.296468,44,122,1
34,0,4,0.072727,0.057115,0.201178,51,219,1
34,1,4,0.072727,0.057115,0.203631,51,163,0
34,2,4,0.072727,0.057115,0.206084,51,198,1
34,3,4,0.072727,0.057115,0.201178,51,159,0
34,4,4,0.072727,0.057115,0.201178,51,200,1
34,5,4,0.072727,0.057115,0.206084,51,181,0
34,6,4,0.072727,0.053386,0.206084,51,203,1
34,7,4,0.072727,0.057115,0.203631,51,176,0
34,8,4,0.072727,0.057115,0.206084,51,192,1
34,9,4,0.072727,0.049657,0.206084,51,173,0
34,10,4,0.072727,0.053386,0.206084,51,167,0
34,11,4,0.072727,0.043474,0.196271,51,203,0
34,12,4,0.072727,0.045927,0.193817,51,161,0
34,13,4,0.072727,0.045927,0.191364,51,180,0
34,14,4,0.072727,0.041021,0.192149,51,163,0
34,15,4,0.072727,0.043474,0.192149,51,184,0
34,16,4,0.072727,0.045927,0.187635,51,170,0
34,17,4,0.072727,0.049657,0.183906,51,188,0
34,18,4,0.072727,0.045927,0.189696,51,166,0
34,19,4,0.072727,0.045927,0.183513,51,179,0
34,20,4,0.072727,0.053386,0.183906,51,170,0
34,21,4,0.072727,0.049657,0.183906,51,164,0
34,22,4,0.072727,0.041021,0.145339,51,194,1
34,23,4,0.072727,0.038567,0.151374,51,173,1
34,24,4,0.072727,0.038567,0.153827,51,196,1
34,25,4,0.072727,0.043474,0.153042,51,174,1
34,26,4,0.072727,0.036899,0.153042,51,186,1
34,27,4,0.072727,0.038567,0.157556,51,179,1
34,28,4,0.072727,0.038567,0.164868,51,188,1
34,29,4,0.072727,0.034446,0.155496,51,182,1
34,30,4,0.072727,0.038567,0.165260,51,194,1
34,31,4,0.072727,0.038567,0.164868,51,179,1
34,32,4,0.072727,0.038567,0.164868,51,171,1
34,33,4,0.072727,0.032777,0.140432,51,148,0
34,34,4,0.072727,0.029195,0.134396,51,157,0
34,35,4,0.072727,0.029195,0.131943,51,151,0
34,36,4,0.072727,0.029195,0.132728,51,154,0
34,37,4,0.072727,0.033317,0.132728,51,152,0
34,38,4,0.072727,0.032777,0.131943,51,159,0
34,39,4,0.072727,0.032777,0.128361,51,157,0
34,40,4,0.072727,0.036899,0.130275,51,157,0
34,41,4,0.072727,0.032777,0.124239,51,155,0
34,42,4,0.072727,0.032777,0.128361,51,156,0
34,43,4,0.072727,0.032777,0.128361,51,152,0
34,44,3,0.054545,0.025613,0.193621,52,222,1
34,45,3,0.054545,0.029195,0.197203,52,239,1
34,46,3,0.054545,0.029195,0.197203,52,229,1
34,47,3,0.054545,0.029195,0.201325,52,238,1
34,48,3,0.054545,0.029195,0.201325,52,222,1
34,49,3,0.054545,0.025613,0.197203,52,236,1
34,50,3,0.054545,0.025613,0.200785,52,220,1
34,51,3,0.054545,0.025613,0.201325,52,236,1
34,52,3,0.054545,0.025613,0.204907,52,221,1
34,53,3,0.054545,0.025613,0.200785,52,231,1
34,54,3,0.054545,0.025613,0.200785,52,230,1
34,55,11,0.200000,0.135231,0.296075,44,123,0
35,0,4,0.072727,0.056721,0.201015,51,220,0
35,1,4,0.072727,0.056721,0.203665,51,163,1
35,2,4,0.072727,0.056721,0.206315,51,199,0
35,3,4,0.072727,0.056721,0.201015,51,159,1
35,4,4,0.072727,0.056721,0.201015,51,201,0
35,5,4,0.072727,0.056721,0.206315,51,181,1
35,6,4,0.072727,0.051579,0.206315,51,204,0
35,7,4,0.072727,0.056721,0.203665,51,176,1
35,8,4,0.072727,0.056721,0.206315,51,193,0
35,9,4,0.072727,0.051579,0.206315,51,173,0
35,10,4,0.072727,0.056721,0.206315,51,167,1
35,11,4,0.072727,0.043787,0.195715,51,203,0
35,12,4,0.072727,0.046437,0.193065,51,161,0
35,13,4,0.072727,0.046437,0.190415,51,180,0
35,14,4,0.072727,0.041137,0.191520,51,163,0
35,15,4,0.072727,0.043787,0.191520,51,184,0
35,16,4,0.072727,0.046437,0.185273,51,170,0
35,17,4,0.072727,0.051579,0.185273,51,188,0
35,18,4,0.072727,0.046437,0.188870,51,166,0
35,19,4,0.072727,0.046437,0.186220,51,179,0
35,20,4,0.072727,0.051579,0.185273,51,170,0
35,21,4,0.072727,0.046437,0.185273,51,164,0
35,22,4,0.072727,0.041137,0.145929,51,195,1
35,23,4,0.072727,0.038487,0.152148,51,174,1
35,24,4,0.072727,0.038487,0.154798,51,197,1
35,25,4,0.072727,0.043787,0.153693,51,175,1
35,26,4,0.072727,0.036942,0.153693,51,187,1
35,27,4,0.072727,0.038487,0.159940,51,180,1
35,28,4,0.072727,0.038487,0.163509,51,189,1
35,29,4,0.072727,0.034292,0.156343,51,183,1
35,30,4,0.072727,0.038487,0.162562,51,195,1
35,31,4,0.072727,0.038487,0.163509,51,180,1
35,32,4,0.072727,0.038487,0.163509,51,172,1
35,33,4,0.072727,0.032747,0.140629,51,148,0
35,34,4,0.072727,0.029178,0.134410,51,157,0
35,35,4,0.072727,0.029178,0.131760,51,151,0
35,36,4,0.072727,0.029178,0.132865,51,154,0
35,37,4,0.072727,0.033373,0.132865,51,152,0
35,38,4,0.072727,0.032747,0.131760,51,159,0
35,39,4,0.072727,0.032747,0.128191,51,157,0
35,40,4,0.072727,0.036942,0.130215,51,157,0
35,41,4,0.072727,0.032747,0.123996,51,155,0
35,42,4,0.072727,0.032747,0.128191,51,156,0
35,43,4,0.072727,0.032747,0.128191,51,152,0
35,44,3,0.054545,0.025609,0.193539,52,223,1
35,45,3,0.054545,0.029178,0.197108,52,240,1
35,46,3,0.054545,0.029178,0.197108,52,230,1
35,47,3,0.054545,0.029178,0.201302,52,239,1
35,48,3,0.054545,0.029178,0.201302,52,223,1
35,49,3,0.054545,0.025609,0.197108,52,237,1
35,50,3,0.054545,0.025609,0.200677,52,221,1
35,51,3,0.054545,0.025609,0.201302,52,237,1
35,52,3,0.054545,0.025609,0.204871,52,222,1
35,53,3,0.054545,0.025609,0.200677,52,232,1
35,54,3,0.054545,0.025609,0.200677,52,231,1
35,55,11,0.200000,0.135183,0.295974,44,123,0
36,0,4,0.072727,0.055846,0.200654,51,220,0
36,1,4,0.072727,0.055846,0.203740,51,164,1
36,2,4,0.072727,0.055846,0.206826,51,199,0
36,3,4,0.072727,0.055846,0.200654,51,160,1
36,4,4,0.072727,0.055846,0.200654,51,201,0
36,5,4,0.072727,0.055846,0.206826,51,182,1
36,6,4,0.072727,0.055846,0.206826,51,204,0
36,7,4,0.072727,0.055846,0.203740,51,177,0
36,8,4,0.072727,0.055846,0.206826,51,193,1
36,9,4,0.072727,0.055846,0.206826,51,173,1
36,10,4,0.072727,0.055846,0.206826,51,168,0
36,11,4,0.072727,0.044481,0.194481,51,203,0
36,12,4,0.072727,0.047567,0.191394,51,161,1
36,13,4,0.072727,0.047567,0.188308,51,180,0
36,14,4,0.072727,0.041394,0.190123,51,163,1
36,15,4,0.072727,0.044481,0.190123,51,184,0
36,16,4,0.072727,0.047567,0.188308,51,170,1
36,17,4,0.072727,0.047567,0.188308,51,188,0
36,18,4,0.072727,0.047567,0.187037,51,166,0
36,19,4,0.072727,0.047567,0.183951,51,179,1
36,20,4,0.072727,0.047567,0.188308,51,170,1
36,21,4,0.072727,0.047567,0.188308,51,164,0
36,22,4,0.072727,0.041394,0.147240,51,196,0
36,23,4,0.072727,0.038308,0.153867,51,175,1
36,24,4,0.072727,0.038308,0.156954,51,198,0
36,25,4,0.072727,0.044481,0.155138,51,176,1
36,26,4,0.072727,0.037037,0.155138,51,188,0
36,27,4,0.072727,0.038308,0.156954,51,181,1
36,28,4,0.072727,0.038308,0.160494,51,190,0
36,29,4,0.072727,0.033951,0.158224,51,184,0
36,30,4,0.072727,0.038308,0.164851,51,196,1
36,31,4,0.072727,0.038308,0.160494,51,181,1
36,32,4,0.072727,0.038308,0.160494,51,173,0
36,33,4,0.072727,0.032680,0.141068,51,148,0
36,34,4,0.072727,0.029139,0.134441,51,157,0
36,35,4,0.072727,0.029139,0.131354,51,151,0
36,36,4,0.072727,0.029139,0.133170,51,154,0
36,37,4,0.072727,0.033497,0.133170,51,152,0
36,38,4,0.072727,0.032680,0.131354,51,159,0
36,39,4,0.072727,0.032680,0.127814,51,157,0
36,40,4,0.072727,0.037037,0.130084,51,157,0
36,41,4,0.072727,0.032680,0.123457,51,155,0
36,42,4,0.072727,0.032680,0.127814,51,156,0
36,43,4,0.072727,0.032680,0.127814,51,152,0
36,44,3,0.054545,0.025599,0.193355,52,224,1
36,45,3,0.054545,0.029139,0.196895,52,241,1
36,46,3,0.054545,0.029139,0.196895,52,231,1
36,47,3,0.054545,0.029139,0.201253,52,240,1
36,48,3,0.054545,0.029139,0.201253,52,224,1
36,49,3,0.054545,0.025599,0.196895,52,238,1
36,50,3,0.054545,0.025599,0.200436,52,222,1
36,51,3,0.054545,0.025599,0.201253,52,238,1
36,52,3,0.054545,0.025599,0.204793,52,223,1
36,53,3,0.054545,0.025599,0.200436,52,233,1
36,54,3,0.054545,0.025599,0.200436,52,232,1
36,55,11,0.200000,0.135076,0.295752,44,123,0
37,0,4,0.072727,0.055832,0.200178,51,220,1
37,1,4,0.072727,0.055832,0.203582,51,165,0
37,2,4,0.072727,0.055832,0.206986,51,199,1
37,3,4,0.072727,0.055832,0.200178,51,161,0
37,4,4,0.072727,0.055832,0.200178,51,201,0
37,5,4,0.072727,0.055832,0.206986,51,183,0
37,6,4,0.072727,0.055832,0.206986,51,204,1
37,7,4,0.072727,0.055832,0.203582,51,177,1
37,8,4,0.072727,0.055832,0.206986,51,194,0
37,9,4,0.072727,0.055832,0.206986,51,174,0
37,10,4,0.072727,0.055832,0.206986,51,168,1
37,11,4,0.072727,0.044257,0.193369,51,203,1
37,12,4,0.072727,0.047661,0.189964,51,162,0
37,13,4,0.072727,0.047661,0.186560,51,180,1
37,14,4,0.072727,0.040853,0.193369,51,164,0
37,15,4,0.072727,0.044257,0.193369,51,184,0
37,16,4,0.072727,0.047661,0.186560,51,171,0
37,17,4,0.072727,0.047661,0.186560,51,188,1
37,18,4,0.072727,0.047661,0.189964,51,166,1
37,19,4,0.072727,0.047661,0.186560,51,180,0
37,20,4,0.072727,0.047661,0.186560,51,171,0
37,21,4,0.072727,0.047661,0.186560,51,164,1
37,22,4,0.072727,0.040853,0.147573,51,196,1
37,23,4,0.072727,0.037448,0.155195,51,176,0
37,24,4,0.072727,0.037448,0.158600,51,198,1
37,25,4,0.072727,0.044257,0.151791,51,177,0
37,26,4,0.072727,0.040853,0.151791,51,188,0
37,27,4,0.072727,0.037448,0.158600,51,182,0
37,28,4,0.072727,0.037448,0.162818,51,190,1
37,29,4,0.072727,0.037448,0.155195,51,184,1
37,30,4,0.072727,0.037448,0.162818,51,197,0
37,31,4,0.072727,0.037448,0.162818,51,182,0
37,32,4,0.072727,0.037448,0.162818,51,173,1
37,33,4,0.072727,0.033748,0.140764,51,148,1
37,34,4,0.072727,0.029529,0.133141,51,157,0
37,35,4,0.072727,0.029529,0.129737,51,151,1
37,36,4,0.072727,0.029529,0.136545,51,154,0
37,37,4,0.072727,0.029529,0.136545,51,152,0
37,38,4,0.072727,0.033748,0.129737,51,159,0
37,39,4,0.072727,0.033748,0.125518,51,157,1
37,40,4,0.072727,0.033748,0.133141,51,157,1
37,41,4,0.072727,0.033748,0.125518,51,155,0
37,42,4,0.072727,0.033748,0.125518,51,156,0
37,43,4,0.072727,0.033748,0.125518,51,152,1
37,44,3,0.054545,0.025311,0.194050,52,225,0
37,45,3,0.054545,0.029529,0.198268,52,242,0
37,46,3,0.054545,0.029529,0.198268,52,232,0
37,47,3,0.054545,0.029529,0.198268,52,241,0
37,48,3,0.054545,0.029529,0.198268,52,225,0
37,49,3,0.054545,0.025311,0.198268,52,239,0
37,50,3,0.054545,0.025311,0.202487,52,223,0
37,51,3,0.054545,0.025311,0.198268,52,239,0
37,52,3,0.054545,0.025311,0.202487,52,224,0
37,53,3,0.054545,0.025311,0.202487,52,234,0
37,54,3,0.054545,0.025311,0.202487,52,233,0
37,55,11,0.200000,0.134991,0.295293,44,123,1
38,0,4,0.072727,0.055792,0.200035,51,221,1
38,1,4,0.072727,0.055792,0.203437,51,165,0
38,2,4,0.072727,0.055792,0.206838,51,200,1
38,3,4,0.072727,0.055792,0.200035,51,161,0
38,4,4,0.072727,0.055792,0.200035,51,201,0
38,5,4,0.072727,0.055792,0.206838,51,183,0
38,6,4,0.072727,0.055792,0.206838,51,205,1
38,7,4,0.072727,0.055792,0.203437,51,178,1
38,8,4,0.072727,0.055792,0.206838,51,194,0
38,9,4,0.072727,0.055792,0.206838,51,174,0
38,10,4,0.072727,0.055792,0.206838,51,169,1
38,11,4,0.072727,0.044225,0.193231,51,204,1
38,12,4,0.072727,0.047627,0.189829,51,162,0
38,13,4,0.072727,0.047627,0.186427,51,181,1
38,14,4,0.072727,0.040823,0.193231,51,164,0
38,15,4,0.072727,0.044225,0.193231,51,184,0
38,16,4,0.072727,0.047627,0.186427,51,171,0
38,17,4,0.072727,0.047627,0.186427,51,189,1
38,18,4,0.072727,0.047627,0.189829,51,167,1
38,19,4,0.072727,0.047627,0.186427,51,180,0
38,20,4,0.072727,0.047627,0.186427,51,171,0
38,21,4,0.072727,0.047627,0.186427,51,165,1
38,22,4,0.072727,0.040823,0.150897,51,197,0
38,23,4,0.072727,0.037421,0.154299,51,176,0
38,24,4,0.072727,0.037421,0.157701,51,199,0
38,25,4,0.072727,0.044225,0.154183,51,177,0
38,26,4,0.072727,0.040823,0.154183,51,188,0
38,27,4,0.072727,0.037421,0.157701,51,182,0
38,28,4,0.072727,0.037421,0.160987,51,191,0
38,29,4,0.072727,0.037421,0.157585,51,185,0
38,30,4,0.072727,0.037421,0.160987,51,197,0
38,31,4,0.072727,0.037421,0.160987,51,182,0
38,32,4,0.072727,0.037421,0.160987,51,174,0
38,33,4,0.072727,0.032866,0.137519,51,149,1
38,34,4,0.072727,0.029580,0.134118,51,157,1
38,35,4,0.072727,0.029580,0.130716,51,152,1
38,36,4,0.072727,0.032866,0.134233,51,154,1
38,37,4,0.072727,0.032866,0.134233,51,152,1
38,38,4,0.072727,0.032866,0.130716,51,159,1
38,39,4,0.072727,0.032866,0.127429,51,158,1
38,40,4,0.072727,0.032866,0.130831,51,158,1
38,41,4,0.072727,0.032866,0.127429,51,155,1
38,42,4,0.072727,0.032866,0.127429,51,156,1
38,43,4,0.072727,0.032866,0.127429,51,153,1
38,44,3,0.054545,0.026293,0.197198,52,225,0
38,45,3,0.054545,0.029580,0.197198,52,242,0
38,46,3,0.054545,0.029580,0.197198,52,232,0
38,47,3,0.054545,0.026293,0.200484,52,241,0
38,48,3,0.054545,0.026293,0.200484,52,225,0
38,49,3,0.054545,0.026293,0.197198,52,239,0
38,50,3,0.054545,0.026293,0.200484,52,223,0
38,51,3,0.054545,0.026293,0.200484,52,239,0
38,52,3,0.054545,0.026293,0.200484,52,224,0
38,53,3,0.054545,0.026293,0.200484,52,234,0
38,54,3,0.054545,0.026293,0.200484,52,233,0
38,55,11,0.200000,0.134752,0.295797,44,124,1
39,0,4,0.072727,0.055781,0.201378,51,222,0
39,1,4,0.072727,0.055781,0.201378,51,165,1
39,2,4,0.072727,0.055781,0.206105,51,201,0
39,3,4,0.072727,0.055781,0.201378,51,161,0
39,4,4,0.072727,0.055781,0.201378,51,201,1
39,5,4,0.072727,0.055781,0.206105,51,183,1
39,6,4,0.072727,0.055781,0.206105,51,206,0
39,7,4,0.072727,0.055781,0.206105,51,179,0
39,8,4,0.072727,0.055781,0.206105,51,194,1
39,9,4,0.072727,0.055781,0.206105,51,174,1
39,10,4,0.072727,0.055781,0.206105,51,170,0
39,11,4,0.072727,0.042545,0.191924,51,205,0
39,12,4,0.072727,0.047272,0.191924,51,162,1
39,13,4,0.072727,0.047272,0.187197,51,182,0
39,14,4,0.072727,0.042545,0.191924,51,164,0
39,15,4,0.072727,0.047272,0.191924,51,184,1
39,16,4,0.072727,0.047272,0.187197,51,171,1
39,17,4,0.072727,0.047272,0.187197,51,190,0
39,18,4,0.072727,0.047272,0.187197,51,168,0
39,19,4,0.072727,0.047272,0.187197,51,180,1
39,20,4,0.072727,0.047272,0.187197,51,171,1
39,21,4,0.072727,0.047272,0.187197,51,166,0
39,22,4,0.072727,0.042545,0.152231,51,197,0
39,23,4,0.072727,0.037817,0.152231,51,176,0
39,24,4,0.072727,0.037817,0.156959,51,199,0
39,25,4,0.072727,0.042545,0.155516,51,177,0
39,26,4,0.072727,0.037817,0.155516,51,188,0
39,27,4,0.072727,0.037817,0.156959,51,182,0
39,28,4,0.072727,0.037817,0.160244,51,191,0
39,29,4,0.072727,0.037817,0.160244,51,185,0
39,30,4,0.072727,0.037817,0.160244,51,197,0
39,31,4,0.072727,0.037817,0.160244,51,182,0
39,32,4,0.072727,0.037817,0.160244,51,174,0
39,33,4,0.072727,0.032850,0.136207,51,150,1
39,34,4,0.072727,0.029565,0.136207,51,158,1
39,35,4,0.072727,0.029565,0.131480,51,153,1
39,36,4,0.072727,0.032850,0.132922,51,155,1
39,37,4,0.072727,0.032850,0.132922,51,153,1
39,38,4,0.072727,0.032850,0.131480,51,160,1
39,39,4,0.072727,0.032850,0.128195,51,159,1
39,40,4,0.072727,0.032850,0.128195,51,159,1
39,41,4,0.072727,0.032850,0.128195,51,156,1
39,42,4,0.072727,0.032850,0.128195,51,157,1
39,43,4,0.072727,0.032850,0.128195,51,154,1
39,44,3,0.054545,0.026280,0.197100,52,225,0
39,45,3,0.054545,0.029565,0.197100,52,242,0
39,46,3,0.054545,0.029565,0.197100,52,232,0
39,47,3,0.054545,0.026280,0.200385,52,241,0
39,48,3,0.054545,0.026280,0.200385,52,225,0
39,49,3,0.054545,0.026280,0.197100,52,239,0
39,50,3,0.054545,0.026280,0.200385,52,223,0
39,51,3,0.054545,0.026280,0.200385,52,239,0
39,52,3,0.054545,0.026280,0.200385,52,224,0
39,53,3,0.054545,0.026280,0.200385,52,234,0
39,54,3,0.054545,0.026280,0.200385,52,233,0
39,55,11,0.200000,0.134685,0.295649,44,125,1
40,0,4,0.072727,0.055755,0.204436,51,222,1
40,1,4,0.072727,0.055755,0.204436,51,166,0
40,2,4,0.072727,0.055755,0.204436,51,201,0
40,3,4,0.072727,0.055755,0.204436,51,161,0
40,4,4,0.072727,0.055755,0.204436,51,202,1
40,5,4,0.072727,0.055755,0.204436,51,184,1
40,6,4,0.072727,0.055755,0.204436,51,206,0
40,7,4,0.072727,0.055755,0.204436,51,179,0
40,8,4,0.072727,0.055755,0.204436,51,195,1
40,9,4,0.072727,0.055755,0.204436,51,175,1
40,10,4,0.072727,0.055755,0.204436,51,170,0
40,11,4,0.072727,0.046463,0.188949,51,205,1
40,12,4,0.072727,0.046463,0.188949,51,163,0
40,13,4,0.072727,0.046463,0.188949,51,182,0
40,14,4,0.072727,0.046463,0.188949,51,164,0
40,15,4,0.072727,0.046463,0.188949,51,185,1
40,16,4,0.072727,0.046463,0.188949,51,172,1
40,17,4,0.072727,0.046463,0.188949,51,190,0
40,18,4,0.072727,0.046463,0.188949,51,168,0
40,19,4,0.072727,0.046463,0.188949,51,181,1
40,20,4,0.072727,0.046463,0.188949,51,172,1
40,21,4,0.072727,0.046463,0.188949,51,166,0
40,22,4,0.072727,0.038719,0.155270,51,197,1
40,23,4,0.072727,0.038719,0.155270,51,176,0
40,24,4,0.072727,0.038719,0.155270,51,199,0
40,25,4,0.072727,0.038719,0.158551,51,177,0
40,26,4,0.072727,0.038719,0.158551,51,188,1
40,27,4,0.072727,0.038719,0.155270,51,182,1
40,28,4,0.072727,0.038719,0.158551,51,191,0
40,29,4,0.072727,0.038719,0.158551,51,185,0
40,30,4,0.072727,0.038719,0.158551,51,197,1
40,31,4,0.072727,0.038719,0.158551,51,182,1
40,32,4,0.072727,0.038719,0.158551,51,174,0
40,33,4,0.072727,0.032813,0.133220,51,151,1
40,34,4,0.072727,0.029531,0.133220,51,159,0
40,35,4,0.072727,0.029531,0.133220,51,154,0
40,36,4,0.072727,0.032813,0.129938,51,156,0
40,37,4,0.072727,0.032813,0.129938,51,154,1
40,38,4,0.072727,0.032813,0.133220,51,161,1
40,39,4,0.072727,0.032813,0.129938,51,160,0
40,40,4,0.072727,0.032813,0.129938,51,160,0
40,41,4,0.072727,0.032813,0.129938,51,157,1
40,42,4,0.072727,0.032813,0.129938,51,158,1
40,43,4,0.072727,0.032813,0.129938,51,155,0
40,44,3,0.054545,0.026250,0.196876,52,225,0
40,45,3,0.054545,0.029531,0.196876,52,242,0
40,46,3,0.054545,0.029531,0.196876,52,232,0
40,47,3,0.054545,0.026250,0.200158,52,241,0
40,48,3,0.054545,0.026250,0.200158,52,225,0
40,49,3,0.054545,0.026250,0.196876,52,239,0
40,50,3,0.054545,0.026250,0.200158,52,223,0
40,51,3,0.054545,0.026250,0.200158,52,239,0
40,52,3,0.054545,0.026250,0.200158,52,224,0
40,53,3,0.054545,0.026250,0.200158,52,234,0
40,54,3,0.054545,0.026250,0.200158,52,233,0
40,55,11,0.200000,0.134532,0.295314,44,126,1
41,0,4,0.072727,0.055730,0.204343,51,223,1
41,1,4,0.072727,0.055730,0.204343,51,166,0
41,2,4,0.072727,0.055730,0.204343,51,201,1
41,3,4,0.072727,0.055730,0.204343,51,161,0
41,4,4,0.072727,0.055730,0.204343,51,203,1
41,5,4,0.072727,0.055730,0.204343,51,185,0
41,6,4,0.072727,0.055730,0.204343,51,206,1
41,7,4,0.072727,0.055730,0.204343,51,179,0
41,8,4,0.072727,0.055730,0.204343,51,196,1
41,9,4,0.072727,0.055730,0.204343,51,176,0
41,10,4,0.072727,0.055730,0.204343,51,170,0
41,11,4,0.072727,0.046442,0.188863,51,206,1
41,12,4,0.072727,0.046442,0.188863,51,163,0
41,13,4,0.072727,0.046442,0.188863,51,182,1
41,14,4,0.072727,0.046442,0.188863,51,164,0
41,15,4,0.072727,0.046442,0.188863,51,186,1
41,16,4,0.072727,0.046442,0.188863,51,173,0
41,17,4,0.072727,0.046442,0.188863,51,190,1
41,18,4,0.072727,0.046442,0.188863,51,168,0
41,19,4,0.072727,0.046442,0.188863,51,182,1
41,20,4,0.072727,0.046442,0.188863,51,173,0
41,21,4,0.072727,0.046442,0.188863,51,166,0
41,22,4,0.072727,0.038701,0.157386,51,198,1
41,23,4,0.072727,0.038701,0.157386,51,176,0
41,24,4,0.072727,0.038701,0.157386,51,199,1
41,25,4,0.072727,0.038701,0.157386,51,177,0
41,26,4,0.072727,0.038701,0.157386,51,189,1
41,27,4,0.072727,0.038701,0.157386,51,183,0
41,28,4,0.072727,0.038701,0.157386,51,191,1
41,29,4,0.072727,0.038701,0.157386,51,185,0
41,30,4,0.072727,0.038701,0.157386,51,198,1
41,31,4,0.072727,0.038701,0.157386,51,183,0
41,32,4,0.072727,0.038701,0.157386,51,174,0
41,33,4,0.072727,0.032251,0.131155,51,152,1
41,34,4,0.072727,0.032251,0.131155,51,159,0
41,35,4,0.072727,0.032251,0.131155,51,154,1
41,36,4,0.072727,0.032251,0.131155,51,156,0
41,37,4,0.072727,0.032251,0.131155,51,155,1
41,38,4,0.072727,0.032251,0.131155,51,162,0
41,39,4,0.072727,0.032251,0.131155,51,160,1
41,40,4,0.072727,0.032251,0.131155,51,160,0
41,41,4,0.072727,0.032251,0.131155,51,158,1
41,42,4,0.072727,0.032251,0.131155,51,159,0
41,43,4,0.072727,0.032251,0.131155,51,155,0
41,44,3,0.054545,0.026876,0.198882,52,225,1
41,45,3,0.054545,0.026876,0.198882,52,242,0
41,46,3,0.054545,0.026876,0.198882,52,232,1
41,47,3,0.054545,0.026876,0.198882,52,241,0
41,48,3,0.054545,0.026876,0.198882,52,225,1
41,49,3,0.054545,0.026876,0.198882,52,239,0
41,50,3,0.054545,0.026876,0.198882,52,223,1
41,51,3,0.054545,0.026876,0.198882,52,239,0
41,52,3,0.054545,0.026876,0.198882,52,224,1
41,53,3,0.054545,0.026876,0.198882,52,234,0
41,54,3,0.054545,0.026876,0.198882,52,233,0
41,55,11,0.200000,0.134380,0.295635,44,127,0
