iteration,vertex_id,degree_normalized,normalized_degree,dual_normalized,weighted_neighbor_dual_normalized,complement_degree_normalized,complement_dual_normalized,occurrence_rate,score_contribution
0,0,0.076923,0.028571,0.000000,0.000000,0.923077,1.000000,0.490196,0.000000
0,1,0.076923,0.028571,0.000000,0.000000,0.923077,1.000000,0.294118,0.000000
0,2,0.076923,0.028571,0.000000,0.000000,0.923077,1.000000,0.588235,0.000000
0,3,0.076923,0.028571,0.000000,0.130580,0.923077,0.893896,0.235294,0.000000
0,4,0.076923,0.028571,0.000000,0.000000,0.923077,1.000000,0.490196,0.000000
0,5,0.076923,0.028571,0.000000,0.000000,0.923077,1.000000,0.274510,0.000000
0,6,0.076923,0.028571,0.000000,0.478253,0.923077,0.611391,0.607843,0.000000
0,7,0.076923,0.028571,0.000000,0.130580,0.923077,0.893896,0.333333,0.000000
0,8,0.076923,0.028571,0.000000,0.231227,0.923077,0.812115,0.450980,0.000000
0,9,0.076923,0.028571,0.850400,0.231227,0.923077,0.440423,0.235294,0.108785
0,10,0.076923,0.028571,0.000000,0.478253,0.923077,0.611391,0.372549,0.000000
0,11,0.076923,0.028571,0.000000,0.000000,0.923077,1.000000,0.470588,0.000000
0,12,0.076923,0.028571,0.000000,0.000000,0.923077,1.000000,0.235294,0.000000
0,13,0.076923,0.028571,0.000000,0.000000,0.923077,1.000000,0.470588,0.000000
0,14,0.076923,0.028571,0.000000,0.148044,0.923077,0.879705,0.274510,0.000000
0,15,0.076923,0.028571,0.000000,0.000000,0.923077,1.000000,0.509804,0.000000
0,16,0.076923,0.028571,0.000000,0.000000,0.923077,1.000000,0.235294,0.000000
0,17,0.076923,0.028571,0.000000,0.457433,0.923077,0.628308,0.490196,0.000000
0,18,0.076923,0.028571,0.000000,0.148044,0.923077,0.879705,0.254902,0.000000
0,19,0.076923,0.028571,0.000000,0.121514,0.923077,0.901262,0.431373,0.000000
0,20,0.076923,0.028571,0.038705,0.121514,0.923077,0.884345,0.215686,0.007741
0,21,0.076923,0.028571,0.000000,0.457433,0.923077,0.628308,0.313725,0.000000
0,22,0.076923,0.028571,0.000000,0.032716,0.923077,0.973416,0.450980,0.000000
0,23,0.076923,0.028571,0.000000,0.000000,0.923077,1.000000,0.254902,0.000000
0,24,0.076923,0.028571,0.000000,0.000000,0.923077,1.000000,0.529412,0.000000
0,25,0.076923,0.028571,0.000000,0.208290,0.923077,0.830752,0.235294,0.000000
0,26,0.076923,0.028571,0.032468,0.032716,0.923077,0.959225,0.411765,0.006494
0,27,0.076923,0.028571,0.000000,0.000000,0.923077,1.000000,0.254902,0.000000
0,28,0.076923,0.028571,0.000000,0.072023,0.923077,0.941477,0.529412,0.000000
0,29,0.076923,0.028571,0.000000,0.208290,0.923077,0.830752,0.254902,0.000000
0,30,0.076923,0.028571,0.000000,0.387789,0.923077,0.684898,0.470588,0.000000
0,31,0.076923,0.028571,0.000000,0.387789,0.923077,0.684898,0.254902,0.000000
0,32,0.076923,0.028571,0.000000,0.072023,0.923077,0.941477,0.333333,0.000000
0,33,0.076923,0.028571,0.000000,0.350552,0.923077,0.715156,0.235294,0.000000
0,34,0.076923,0.028571,0.000000,0.000000,0.923077,1.000000,0.235294,0.000000
0,35,0.076923,0.028571,0.000000,0.350552,0.923077,0.715156,0.215686,0.000000
0,36,0.076923,0.028571,0.000000,0.197130,0.923077,0.839820,0.235294,0.000000
0,37,0.076923,0.028571,0.229000,0.000000,0.923077,0.899909,0.235294,0.029294
0,38,0.076923,0.028571,0.000000,0.000000,0.923077,1.000000,0.215686,0.000000
0,39,0.076923,0.028571,0.000000,0.000000,0.923077,1.000000,0.254902,0.000000
0,40,0.076923,0.028571,0.000000,0.197130,0.923077,0.839820,0.254902,0.000000
0,41,0.076923,0.028571,0.000000,0.121514,0.923077,0.901262,0.254902,0.000000
0,42,0.076923,0.028571,0.000000,0.121514,0.923077,0.901262,0.215686,0.000000
0,43,0.076923,0.028571,0.000000,0.000000,0.923077,1.000000,0.235294,0.000000
0,44,0.038462,0.021429,0.000000,0.824427,0.961538,0.330105,0.411765,0.000000
0,45,0.038462,0.021429,0.571637,0.791710,0.961538,0.106838,0.450980,0.114327
0,46,0.038462,0.021429,0.000000,0.791710,0.961538,0.356689,0.450980,0.000000
0,47,0.038462,0.021429,0.000000,1.000000,0.961538,0.187441,0.490196,0.000000
0,48,0.038462,0.021429,0.334012,0.824427,0.961538,0.184115,0.411765,0.066802
0,49,0.038462,0.021429,0.000000,0.791710,0.961538,0.356689,0.509804,0.000000
0,50,0.038462,0.021429,0.000000,0.842914,0.961538,0.315082,0.431373,0.000000
0,51,0.038462,0.021429,0.000000,1.000000,0.961538,0.187441,0.450980,0.000000
0,52,0.038462,0.021429,0.000000,0.948273,0.961538,0.229472,0.431373,0.000000
0,53,0.038462,0.021429,0.000000,0.948273,0.961538,0.229472,0.411765,0.000000
0,54,0.038462,0.021429,0.000000,0.842914,0.961538,0.315082,0.470588,0.000000
0,55,0.346154,0.078571,0.471845,0.530218,0.653846,0.362933,0.176471,0.060359
0,56,0.076923,0.028571,0.000000,0.000000,0.923077,1.000000,0.509804,0.000000
0,57,0.076923,0.028571,0.000000,0.000000,0.923077,1.000000,0.313725,0.000000
0,58,0.076923,0.028571,0.000000,0.000000,0.923077,1.000000,0.509804,0.000000
0,59,0.076923,0.028571,0.000000,0.000000,0.923077,1.000000,0.254902,0.000000
0,60,0.076923,0.028571,0.242757,0.000000,0.923077,0.893896,0.411765,0.031054
0,61,0.076923,0.028571,0.000000,0.000000,0.923077,1.000000,0.254902,0.000000
0,62,0.076923,0.028571,0.000000,0.478253,0.923077,0.611391,0.470588,0.000000
0,63,0.076923,0.028571,0.000000,0.000000,0.923077,1.000000,0.313725,0.000000
0,64,0.076923,0.028571,0.000000,0.267821,0.923077,0.782379,0.372549,0.000000
0,65,0.076923,0.028571,0.000000,0.267821,0.923077,0.782379,0.215686,0.000000
0,66,0.076923,0.028571,0.000000,0.478253,0.923077,0.611391,0.254902,0.000000
0,67,0.076923,0.028571,0.000000,0.000000,0.923077,1.000000,0.490196,0.000000
0,68,0.076923,0.028571,0.000000,0.000000,0.923077,1.000000,0.254902,0.000000
0,69,0.076923,0.028571,0.000000,0.000000,0.923077,1.000000,0.470588,0.000000
0,70,0.076923,0.028571,0.000000,0.017465,0.923077,0.985809,0.235294,0.000000
0,71,0.076923,0.028571,0.000000,0.026863,0.923077,0.978172,0.509804,0.000000
0,72,0.076923,0.028571,0.000000,0.000000,0.923077,1.000000,0.274510,0.000000
0,73,0.076923,0.028571,0.000000,0.457433,0.923077,0.628308,0.450980,0.000000
0,74,0.076923,0.028571,0.000000,0.227896,0.923077,0.814821,0.254902,0.000000
0,75,0.076923,0.028571,0.000000,0.310412,0.923077,0.747772,0.411765,0.000000
0,76,0.076923,0.028571,0.000000,0.283549,0.923077,0.769600,0.254902,0.000000
0,77,0.076923,0.028571,0.429867,0.667864,0.923077,0.269435,0.254902,0.085973
0,78,0.076923,0.028571,0.000000,0.393928,0.923077,0.679910,0.509804,0.000000
0,79,0.076923,0.028571,0.000000,0.000000,0.923077,1.000000,0.294118,0.000000
0,80,0.076923,0.028571,0.000000,0.140121,0.923077,0.886143,0.509804,0.000000
0,81,0.076923,0.028571,0.000000,0.123180,0.923077,0.899909,0.274510,0.000000
0,82,0.076923,0.028571,0.000000,0.531979,0.923077,0.567736,0.411765,0.000000
0,83,0.076923,0.028571,0.000000,0.000000,0.923077,1.000000,0.254902,0.000000
0,84,0.076923,0.028571,0.000000,0.020819,0.923077,0.983083,0.450980,0.000000
0,85,0.076923,0.028571,0.000000,0.123180,0.923077,0.899909,0.294118,0.000000
0,86,0.076923,0.028571,0.000000,0.545993,0.923077,0.556348,0.411765,0.000000
0,87,0.076923,0.028571,0.000000,0.267821,0.923077,0.782379,0.254902,0.000000
0,88,0.076923,0.028571,0.225903,0.020819,0.923077,0.884345,0.294118,0.028898
0,89,0.076923,0.028571,0.000000,0.307485,0.923077,0.750150,0.235294,0.000000
0,90,0.076923,0.028571,0.000000,0.000000,0.923077,1.000000,0.215686,0.000000
0,91,0.076923,0.028571,0.000000,0.307485,0.923077,0.750150,0.215686,0.000000
0,92,0.076923,0.028571,0.060822,0.197130,0.923077,0.813236,0.215686,0.007780
0,93,0.076923,0.028571,0.158225,0.026863,0.923077,0.909015,0.215686,0.020240
0,94,0.076923,0.028571,0.000000,0.000000,0.923077,1.000000,0.196078,0.000000
0,95,0.076923,0.028571,0.000000,0.000000,0.923077,1.000000,0.215686,0.000000
0,96,0.076923,0.028571,0.000000,0.613186,0.923077,0.501750,0.235294,0.000000
0,97,0.076923,0.028571,0.000000,0.310412,0.923077,0.747772,0.196078,0.000000
0,98,0.076923,0.028571,0.095192,0.283549,0.923077,0.727993,0.196078,0.019038
0,99,0.076923,0.028571,0.291060,0.416056,0.923077,0.534714,0.196078,0.037233
0,100,0.038462,0.021429,0.000000,0.647735,0.961538,0.473677,0.529412,0.000000
0,101,0.038462,0.021429,0.080064,0.253807,0.961538,0.758773,0.450980,0.016013
0,102,0.038462,0.021429,0.000000,0.393928,0.961538,0.679910,0.450980,0.000000
0,103,0.038462,0.021429,0.000000,0.376987,0.961538,0.693676,0.509804,0.000000
0,104,0.038462,0.021429,0.000000,0.785786,0.961538,0.361503,0.450980,0.000000
0,105,0.038462,0.021429,0.000000,0.253807,0.961538,0.793767,0.529412,0.000000
0,106,0.038462,0.021429,0.000000,0.253807,0.961538,0.793767,0.431373,0.000000
0,107,0.038462,0.021429,0.000000,0.376987,0.961538,0.693676,0.509804,0.000000
0,108,0.038462,0.021429,0.000000,0.531979,0.961538,0.567736,0.450980,0.000000
0,109,0.038462,0.021429,0.000000,0.253807,0.961538,0.793767,0.529412,0.000000
0,110,0.038462,0.021429,0.000000,0.253807,0.961538,0.793767,0.529412,0.000000
0,111,0.346154,0.078571,1.000000,0.692776,0.653846,0.000000,0.176471,0.127922
0,112,0.076923,0.028571,0.000000,0.000000,0.923077,1.000000,0.470588,0.000000
0,113,0.076923,0.028571,0.000000,0.000000,0.923077,1.000000,0.294118,0.000000
0,114,0.076923,0.028571,0.000000,0.000000,0.923077,1.000000,0.549020,0.000000
0,115,0.076923,0.028571,0.000000,0.130580,0.923077,0.893896,0.196078,0.000000
0,116,0.076923,0.028571,0.000000,0.000000,0.923077,1.000000,0.490196,0.000000
0,117,0.076923,0.028571,0.000000,0.000000,0.923077,1.000000,0.294118,0.000000
0,118,0.076923,0.028571,0.000000,0.000000,0.923077,1.000000,0.509804,0.000000
0,119,0.076923,0.028571,0.000000,0.130580,0.923077,0.893896,0.294118,0.000000
0,120,0.076923,0.028571,0.000000,0.604430,0.923077,0.508865,0.372549,0.000000
0,121,0.076923,0.028571,0.000000,0.604430,0.923077,0.508865,0.254902,0.000000
0,122,0.076923,0.028571,0.000000,0.000000,0.923077,1.000000,0.294118,0.000000
0,123,0.076923,0.028571,0.000000,0.034953,0.923077,0.971599,0.450980,0.000000
0,124,0.076923,0.028571,0.000000,0.013777,0.923077,0.988806,0.215686,0.000000
0,125,0.076923,0.028571,0.000000,0.309556,0.923077,0.748468,0.450980,0.000000
0,126,0.076923,0.028571,0.000000,0.130580,0.923077,0.893896,0.274510,0.000000
0,127,0.076923,0.028571,0.000000,0.000000,0.923077,1.000000,0.509804,0.000000
0,128,0.076923,0.028571,0.000000,0.202770,0.923077,0.835238,0.235294,0.000000
0,129,0.076923,0.028571,0.000000,0.274603,0.923077,0.776869,0.431373,0.000000
0,130,0.076923,0.028571,0.000000,0.198677,0.923077,0.838563,0.274510,0.000000
0,131,0.076923,0.028571,0.000000,0.121514,0.923077,0.901262,0.470588,0.000000
0,132,0.076923,0.028571,0.000000,0.310507,0.923077,0.747694,0.235294,0.000000
0,133,0.076923,0.028571,0.497899,0.068097,0.923077,0.727046,0.235294,0.063692
0,134,0.076923,0.028571,0.000000,0.064814,0.923077,0.947335,0.431373,0.000000
0,135,0.076923,0.028571,0.000000,0.124274,0.923077,0.899020,0.274510,0.000000
0,136,0.076923,0.028571,0.000000,0.000000,0.923077,1.000000,0.529412,0.000000
0,137,0.076923,0.028571,0.000000,0.209384,0.923077,0.829863,0.215686,0.000000
0,138,0.076923,0.028571,0.000000,0.064814,0.923077,0.947335,0.392157,0.000000
0,139,0.076923,0.028571,0.000000,0.000000,0.923077,1.000000,0.294118,0.000000
0,140,0.076923,0.028571,0.000000,0.051204,0.923077,0.958394,0.450980,0.000000
0,141,0.076923,0.028571,0.049940,0.300823,0.923077,0.733735,0.274510,0.009988
0,142,0.076923,0.028571,0.391206,0.760993,0.923077,0.210661,0.333333,0.078241
0,143,0.076923,0.028571,0.000000,0.760993,0.923077,0.381648,0.254902,0.000000
0,144,0.076923,0.028571,0.527138,0.266917,0.923077,0.552713,0.294118,0.067432
0,145,0.076923,0.028571,0.000000,0.078019,0.923077,0.936605,0.274510,0.000000
0,146,0.076923,0.028571,0.260495,0.013777,0.923077,0.874949,0.215686,0.033323
0,147,0.076923,0.028571,0.000000,0.352622,0.923077,0.713474,0.274510,0.000000
0,148,0.076923,0.028571,0.471845,0.000000,0.923077,0.793767,0.196078,0.060359
0,149,0.076923,0.028571,0.000000,0.000000,0.923077,1.000000,0.235294,0.000000
0,150,0.076923,0.028571,0.000000,0.202770,0.923077,0.835238,0.215686,0.000000
0,151,0.076923,0.028571,0.000000,0.274603,0.923077,0.776869,0.274510,0.000000
0,152,0.076923,0.028571,0.517141,0.220900,0.923077,0.594474,0.254902,0.066154
0,153,0.076923,0.028571,0.000000,0.121514,0.923077,0.901262,0.274510,0.000000
0,154,0.076923,0.028571,0.000000,0.310507,0.923077,0.747694,0.235294,0.000000
0,155,0.076923,0.028571,0.000000,0.220900,0.923077,0.820505,0.235294,0.000000
0,156,0.038462,0.021429,0.000000,0.602717,0.961538,0.510257,0.470588,0.000000
0,157,0.038462,0.021429,0.000000,0.662178,0.961538,0.461941,0.470588,0.000000
0,158,0.038462,0.021429,0.000000,0.537903,0.961538,0.562922,0.490196,0.000000
0,159,0.038462,0.021429,0.000000,0.747288,0.961538,0.392785,0.490196,0.000000
0,160,0.038462,0.021429,0.000000,0.602717,0.961538,0.510257,0.431373,0.000000
0,161,0.038462,0.021429,0.000000,0.537903,0.961538,0.562922,0.529412,0.000000
0,162,0.038462,0.021429,0.000000,0.589107,0.961538,0.521315,0.470588,0.000000
0,163,0.038462,0.021429,0.000000,0.838727,0.961538,0.318485,0.568627,0.000000
0,164,0.038462,0.021429,0.382271,0.694466,0.961538,0.268623,0.411765,0.076454
0,165,0.038462,0.021429,0.000000,0.694466,0.961538,0.435706,0.470588,0.000000
0,166,0.038462,0.021429,0.000000,0.804821,0.961538,0.346036,0.549020,0.000000
0,167,0.346154,0.078571,0.000000,0.195869,0.653846,0.840844,0.196078,0.000000
0,168,0.076923,0.028571,0.000000,0.000000,0.923077,1.000000,0.235294,0.000000
0,169,0.076923,0.028571,0.000000,0.000000,0.923077,1.000000,0.254902,0.000000
0,170,0.076923,0.028571,0.000000,0.000000,0.923077,1.000000,0.235294,0.000000
0,171,0.076923,0.028571,0.000000,0.000000,0.923077,1.000000,0.294118,0.000000
0,172,0.076923,0.028571,0.000000,0.000000,0.923077,1.000000,0.196078,0.000000
0,173,0.076923,0.028571,0.000000,0.000000,0.923077,1.000000,0.215686,0.000000
0,174,0.076923,0.028571,0.000000,0.000000,0.923077,1.000000,0.215686,0.000000
0,175,0.076923,0.028571,0.000000,0.000000,0.923077,1.000000,0.254902,0.000000
0,176,0.076923,0.028571,0.000000,0.267821,0.923077,0.782379,0.196078,0.000000
0,177,0.076923,0.028571,0.000000,0.267821,0.923077,0.782379,0.196078,0.000000
0,178,0.076923,0.028571,0.000000,0.000000,0.923077,1.000000,0.215686,0.000000
0,179,0.076923,0.028571,0.000000,0.000000,0.923077,1.000000,0.215686,0.000000
0,180,0.076923,0.028571,0.000000,0.000000,0.923077,1.000000,0.215686,0.000000
0,181,0.076923,0.028571,0.000000,0.000000,0.923077,1.000000,0.176471,0.000000
0,182,0.076923,0.028571,0.000000,0.000000,0.923077,1.000000,0.215686,0.000000
0,183,0.076923,0.028571,0.000000,0.026863,0.923077,0.978172,0.215686,0.000000
0,184,0.076923,0.028571,0.000000,0.000000,0.923077,1.000000,0.254902,0.000000
0,185,0.076923,0.028571,0.000000,0.000000,0.923077,1.000000,0.196078,0.000000
0,186,0.076923,0.028571,0.000000,0.210431,0.923077,0.829012,0.274510,0.000000
0,187,0.076923,0.028571,0.000000,0.364947,0.923077,0.703459,0.196078,0.000000
0,188,0.076923,0.028571,0.000000,0.338084,0.923077,0.725287,0.254902,0.000000
0,189,0.076923,0.028571,0.693812,0.210431,0.923077,0.525762,0.196078,0.088754
0,190,0.076923,0.028571,0.000000,0.393928,0.923077,0.679910,0.215686,0.000000
0,191,0.076923,0.028571,0.064980,0.000000,0.923077,0.971599,0.235294,0.008312
0,192,0.076923,0.028571,0.025612,0.140121,0.923077,0.874949,0.235294,0.005122
0,193,0.076923,0.028571,0.000000,0.000000,0.923077,1.000000,0.235294,0.000000
0,194,0.076923,0.028571,0.000000,0.531979,0.923077,0.567736,0.215686,0.000000
0,195,0.076923,0.028571,0.510506,0.000000,0.923077,0.776869,0.196078,0.065305
0,196,0.076923,0.028571,0.351351,0.000000,0.923077,0.846432,0.235294,0.044946
0,197,0.076923,0.028571,0.000000,0.000000,0.923077,1.000000,0.294118,0.000000
0,198,0.076923,0.028571,0.126598,0.545993,0.923077,0.501015,0.215686,0.025320
0,199,0.076923,0.028571,0.000000,0.267821,0.923077,0.782379,0.196078,0.000000
0,200,0.076923,0.028571,0.000000,0.000000,0.923077,1.000000,0.274510,0.000000
0,201,0.076923,0.028571,0.231035,0.000000,0.923077,0.899020,0.196078,0.029554
0,202,0.076923,0.028571,0.000000,0.000000,0.923077,1.000000,0.215686,0.000000
0,203,0.076923,0.028571,0.000000,0.000000,0.923077,1.000000,0.196078,0.000000
0,204,0.076923,0.028571,0.059672,0.000000,0.923077,0.973919,0.215686,0.007633
0,205,0.076923,0.028571,0.000000,0.026863,0.923077,0.978172,0.176471,0.000000
0,206,0.076923,0.028571,0.000000,0.000000,0.923077,1.000000,0.215686,0.000000
0,207,0.076923,0.028571,0.000000,0.000000,0.923077,1.000000,0.235294,0.000000
0,208,0.076923,0.028571,0.000000,0.416056,0.923077,0.661930,0.235294,0.000000
0,209,0.076923,0.028571,0.401026,0.364947,0.923077,0.528179,0.176471,0.080205
0,210,0.076923,0.028571,0.000000,0.338084,0.923077,0.725287,0.196078,0.000000
0,211,0.076923,0.028571,0.000000,0.416056,0.923077,0.661930,0.215686,0.000000
0,212,0.038462,0.021429,0.000000,0.393928,0.961538,0.679910,0.235294,0.000000
0,213,0.038462,0.021429,0.000000,0.000000,0.961538,1.000000,0.254902,0.000000
0,214,0.038462,0.021429,0.000000,0.140121,0.961538,0.886143,0.274510,0.000000
0,215,0.038462,0.021429,0.000000,0.000000,0.961538,1.000000,0.294118,0.000000
0,216,0.038462,0.021429,0.000000,0.531979,0.961538,0.567736,0.235294,0.000000
0,217,0.038462,0.021429,0.000000,0.000000,0.961538,1.000000,0.254902,0.000000
0,218,0.038462,0.021429,0.000000,0.000000,0.961538,1.000000,0.274510,0.000000
0,219,0.038462,0.021429,0.000000,0.000000,0.961538,1.000000,0.294118,0.000000
0,220,0.038462,0.021429,0.284071,0.278172,0.961538,0.649808,0.235294,0.056814
0,221,0.038462,0.021429,0.000000,0.000000,0.961538,1.000000,0.254902,0.000000
0,222,0.038462,0.021429,0.000000,0.000000,0.961538,1.000000,0.274510,0.000000
0,223,0.346154,0.078571,0.000000,0.205625,0.653846,0.832918,0.196078,0.000000
0,224,0.019231,0.017857,0.000000,0.000000,0.980769,1.000000,0.549020,0.000000
0,225,0.019231,0.017857,0.000000,0.000000,0.980769,1.000000,0.509804,0.000000
0,226,0.019231,0.017857,0.000000,0.000000,0.980769,1.000000,0.588235,0.000000
0,227,0.019231,0.017857,0.000000,0.000000,0.980769,1.000000,0.509804,0.000000
0,228,0.019231,0.017857,0.000000,0.000000,0.980769,1.000000,0.568627,0.000000
0,229,0.019231,0.017857,0.000000,0.000000,0.980769,1.000000,0.450980,0.000000
0,230,0.019231,0.017857,0.000000,0.000000,0.980769,1.000000,0.509804,0.000000
0,231,0.019231,0.017857,0.000000,0.000000,0.980769,1.000000,0.509804,0.000000
0,232,0.019231,0.017857,0.000000,0.373204,0.980769,0.696750,0.529412,0.000000
0,233,0.019231,0.017857,0.000000,0.373204,0.980769,0.696750,0.490196,0.000000
0,234,0.019231,0.017857,0.000000,0.000000,0.980769,1.000000,0.509804,0.000000
0,235,0.019231,0.017857,0.000000,0.034953,0.980769,0.971599,0.529412,0.000000
0,236,0.019231,0.017857,0.000000,0.013777,0.980769,0.988806,0.509804,0.000000
0,237,0.019231,0.017857,0.000000,0.309556,0.980769,0.748468,0.529412,0.000000
0,238,0.019231,0.017857,0.000000,0.000000,0.980769,1.000000,0.529412,0.000000
0,239,0.019231,0.017857,0.000000,0.000000,0.980769,1.000000,0.568627,0.000000
0,240,0.019231,0.017857,0.000000,0.202770,0.980769,0.835238,0.470588,0.000000
0,241,0.019231,0.017857,0.000000,0.274603,0.980769,0.776869,0.450980,0.000000
0,242,0.019231,0.017857,0.000000,0.068097,0.980769,0.944667,0.588235,0.000000
0,243,0.019231,0.017857,0.000000,0.000000,0.980769,1.000000,0.588235,0.000000
0,244,0.019231,0.017857,0.000000,0.188993,0.980769,0.846432,0.529412,0.000000
0,245,0.019231,0.017857,0.000000,0.068097,0.980769,0.944667,0.490196,0.000000
0,246,0.019231,0.017857,0.000000,0.032098,0.980769,0.973919,0.509804,0.000000
0,247,0.019231,0.017857,0.000000,0.124274,0.980769,0.899020,0.450980,0.000000
0,248,0.019231,0.017857,0.000000,0.000000,0.980769,1.000000,0.549020,0.000000
0,249,0.019231,0.017857,0.000000,0.124274,0.980769,0.899020,0.470588,0.000000
0,250,0.019231,0.017857,0.000000,0.032098,0.980769,0.973919,0.509804,0.000000
0,251,0.019231,0.017857,0.000000,0.000000,0.980769,1.000000,0.490196,0.000000
0,252,0.019231,0.017857,0.000000,0.000000,0.980769,1.000000,0.490196,0.000000
0,253,0.019231,0.017857,0.000000,0.215713,0.980769,0.824720,0.509804,0.000000
0,254,0.019231,0.017857,0.000000,0.373204,0.980769,0.696750,0.509804,0.000000
0,255,0.019231,0.017857,0.000000,0.373204,0.980769,0.696750,0.490196,0.000000
0,256,0.019231,0.017857,0.101385,0.215713,0.980769,0.780407,0.450980,0.012969
0,257,0.019231,0.017857,0.000000,0.034953,0.980769,0.971599,0.588235,0.000000
0,258,0.019231,0.017857,0.000000,0.013777,0.980769,0.988806,0.529412,0.000000
0,259,0.019231,0.017857,0.000000,0.309556,0.980769,0.748468,0.549020,0.000000
0,260,0.019231,0.017857,0.000000,0.000000,0.980769,1.000000,0.568627,0.000000
0,261,0.019231,0.017857,0.000000,0.000000,0.980769,1.000000,0.529412,0.000000
0,262,0.019231,0.017857,0.000000,0.202770,0.980769,0.835238,0.509804,0.000000
0,263,0.019231,0.017857,0.000000,0.274603,0.980769,0.776869,0.450980,0.000000
0,264,0.019231,0.017857,0.000000,0.220900,0.980769,0.820505,0.568627,0.000000
0,265,0.019231,0.017857,0.000000,0.000000,0.980769,1.000000,0.568627,0.000000
0,266,0.019231,0.017857,0.000000,0.188993,0.980769,0.846432,0.607843,0.000000
0,267,0.019231,0.017857,0.000000,0.220900,0.980769,0.820505,0.470588,0.000000
0,268,0.000000,0.014286,0.000000,0.032098,1.000000,0.973919,0.509804,0.000000
0,269,0.000000,0.014286,0.000000,0.124274,1.000000,0.899020,0.509804,0.000000
0,270,0.000000,0.014286,0.000000,0.000000,1.000000,1.000000,0.529412,0.000000
0,271,0.000000,0.014286,0.000000,0.124274,1.000000,0.899020,0.490196,0.000000
0,272,0.000000,0.014286,0.000000,0.032098,1.000000,0.973919,0.529412,0.000000
0,273,0.000000,0.014286,0.000000,0.000000,1.000000,1.000000,0.588235,0.000000
0,274,0.000000,0.014286,0.000000,0.000000,1.000000,1.000000,0.509804,0.000000
0,275,0.000000,0.014286,0.000000,0.215713,1.000000,0.824720,0.588235,0.000000
0,276,0.000000,0.014286,0.000000,0.000000,1.000000,1.000000,0.529412,0.000000
0,277,0.000000,0.014286,0.000000,0.000000,1.000000,1.000000,0.529412,0.000000
0,278,0.000000,0.014286,0.000000,0.215713,1.000000,0.824720,0.549020,0.000000
0,279,0.153846,0.042857,0.000000,0.152803,0.846154,0.875839,0.411765,0.000000
0,280,1.000000,0.200000,0.000000,0.054535,0.000000,0.955687,0.176471,0.000000
1,0,0.076923,0.028571,0.000000,0.120590,0.923077,0.879410,0.480769,0.000000
1,1,0.076923,0.028571,0.000000,0.022621,0.923077,0.977379,0.288462,0.000000
1,2,0.076923,0.028571,0.000000,0.000000,0.923077,1.000000,0.576923,0.000000
1,3,0.076923,0.028571,0.000000,0.000000,0.923077,1.000000,0.230769,0.000000
1,4,0.076923,0.028571,0.000000,0.178128,0.923077,0.821872,0.480769,0.000000
1,5,0.076923,0.028571,0.000000,0.022621,0.923077,0.977379,0.269231,0.000000
1,6,0.076923,0.028571,0.000000,0.293543,0.923077,0.706457,0.596154,0.000000
1,7,0.076923,0.028571,0.000000,0.000000,0.923077,1.000000,0.326923,0.000000
1,8,0.076923,0.028571,0.000000,0.589309,0.923077,0.410691,0.442308,0.000000
1,9,0.076923,0.028571,0.000000,0.531770,0.923077,0.468230,0.250000,0.000000
1,10,0.076923,0.028571,0.000000,0.293543,0.923077,0.706457,0.365385,0.000000
1,11,0.076923,0.028571,0.000000,0.120590,0.923077,0.879410,0.461538,0.000000
1,12,0.076923,0.028571,0.000000,0.064152,0.923077,0.935848,0.230769,0.000000
1,13,0.076923,0.028571,0.000000,0.000000,0.923077,1.000000,0.461538,0.000000
1,14,0.076923,0.028571,0.000000,0.216782,0.923077,0.783218,0.269231,0.000000
1,15,0.076923,0.028571,0.000000,0.120590,0.923077,0.879410,0.500000,0.000000
1,16,0.076923,0.028571,0.000000,0.064152,0.923077,0.935848,0.230769,0.000000
1,17,0.076923,0.028571,0.000000,0.080677,0.923077,0.919323,0.480769,0.000000
1,18,0.076923,0.028571,0.000000,0.216782,0.923077,0.783218,0.250000,0.000000
1,19,0.076923,0.028571,0.000000,0.231586,0.923077,0.768414,0.423077,0.000000
1,20,0.076923,0.028571,0.942815,0.231586,0.923077,0.474871,0.211538,0.072585
1,21,0.076923,0.028571,0.000000,0.080677,0.923077,0.919323,0.307692,0.000000
1,22,0.076923,0.028571,0.000000,0.000000,0.923077,1.000000,0.442308,0.000000
1,23,0.076923,0.028571,0.000000,0.174595,0.923077,0.825405,0.250000,0.000000
1,24,0.076923,0.028571,0.000000,0.000000,0.923077,1.000000,0.519231,0.000000
1,25,0.076923,0.028571,0.000000,0.164662,0.923077,0.835338,0.230769,0.000000
1,26,0.076923,0.028571,0.696271,0.057539,0.923077,0.725679,0.403846,0.053604
1,27,0.076923,0.028571,0.000000,0.278671,0.923077,0.721329,0.250000,0.000000
1,28,0.076923,0.028571,0.000000,0.452055,0.923077,0.547945,0.519231,0.000000
1,29,0.076923,0.028571,0.000000,0.164662,0.923077,0.835338,0.250000,0.000000
1,30,0.076923,0.028571,0.000000,0.357723,0.923077,0.642277,0.461538,0.000000
1,31,0.076923,0.028571,0.000000,0.404260,0.923077,0.595740,0.250000,0.000000
1,32,0.076923,0.028571,0.000000,0.452055,0.923077,0.547945,0.326923,0.000000
1,33,0.076923,0.028571,0.000000,0.253487,0.923077,0.746513,0.230769,0.000000
1,34,0.076923,0.028571,0.000000,0.041531,0.923077,0.958469,0.230769,0.000000
1,35,0.076923,0.028571,0.560773,0.253487,0.923077,0.571918,0.211538,0.043173
1,36,0.076923,0.028571,0.000000,0.438821,0.923077,0.561179,0.230769,0.000000
1,37,0.076923,0.028571,0.528870,0.000000,0.923077,0.835338,0.250000,0.040716
1,38,0.076923,0.028571,0.000000,0.041531,0.923077,0.958469,0.211538,0.000000
1,39,0.076923,0.028571,0.000000,0.080677,0.923077,0.919323,0.250000,0.000000
1,40,0.076923,0.028571,0.000000,0.438821,0.923077,0.561179,0.250000,0.000000
1,41,0.076923,0.028571,0.000000,0.000000,0.923077,1.000000,0.250000,0.000000
1,42,0.076923,0.028571,0.000000,0.000000,0.923077,1.000000,0.211538,0.000000
1,43,0.076923,0.028571,0.000000,0.080677,0.923077,0.919323,0.230769,0.000000
1,44,0.038462,0.021429,0.000000,0.468019,0.961538,0.531981,0.403846,0.000000
1,45,0.038462,0.021429,0.814161,0.642614,0.961538,0.103899,0.442308,0.162832
1,46,0.038462,0.021429,0.000000,0.468019,0.961538,0.531981,0.442308,0.000000
1,47,0.038462,0.021429,0.000000,0.632681,0.961538,0.367319,0.480769,0.000000
1,48,0.038462,0.021429,0.713154,0.468019,0.961538,0.309943,0.403846,0.142631
1,49,0.038462,0.021429,0.000000,0.746690,0.961538,0.253310,0.500000,0.000000
1,50,0.038462,0.021429,0.000000,0.626531,0.961538,0.373469,0.423077,0.000000
1,51,0.038462,0.021429,0.000000,0.632681,0.961538,0.367319,0.442308,0.000000
1,52,0.038462,0.021429,0.000000,0.468019,0.961538,0.531981,0.423077,0.000000
1,53,0.038462,0.021429,0.000000,0.572094,0.961538,0.427906,0.403846,0.000000
1,54,0.038462,0.021429,0.000000,0.626531,0.961538,0.373469,0.461538,0.000000
1,55,0.346154,0.078571,0.503204,0.475525,0.653846,0.367803,0.192308,0.038741
1,56,0.076923,0.028571,0.000000,0.000000,0.923077,1.000000,0.500000,0.000000
1,57,0.076923,0.028571,0.000000,0.000000,0.923077,1.000000,0.307692,0.000000
1,58,0.076923,0.028571,0.072655,0.000000,0.923077,0.977379,0.500000,0.005594
1,59,0.076923,0.028571,0.387315,0.000000,0.923077,0.879410,0.250000,0.029818
1,60,0.076923,0.028571,0.000000,0.064152,0.923077,0.935848,0.423077,0.000000
1,61,0.076923,0.028571,0.000000,0.000000,0.923077,1.000000,0.250000,0.000000
1,62,0.076923,0.028571,0.000000,0.293543,0.923077,0.706457,0.461538,0.000000
1,63,0.076923,0.028571,0.000000,0.000000,0.923077,1.000000,0.307692,0.000000
1,64,0.076923,0.028571,0.000000,0.122623,0.923077,0.877377,0.365385,0.000000
1,65,0.076923,0.028571,0.000000,0.058471,0.923077,0.941529,0.211538,0.000000
1,66,0.076923,0.028571,0.743820,0.293543,0.923077,0.474871,0.250000,0.148764
1,67,0.076923,0.028571,0.000000,0.000000,0.923077,1.000000,0.480769,0.000000
1,68,0.076923,0.028571,0.000000,0.000000,0.923077,1.000000,0.250000,0.000000
1,69,0.076923,0.028571,0.000000,0.000000,0.923077,1.000000,0.461538,0.000000
1,70,0.076923,0.028571,0.000000,0.216782,0.923077,0.783218,0.230769,0.000000
1,71,0.076923,0.028571,0.000000,0.057598,0.923077,0.942402,0.500000,0.000000
1,72,0.076923,0.028571,0.000000,0.000000,0.923077,1.000000,0.269231,0.000000
1,73,0.076923,0.028571,0.000000,0.000000,0.923077,1.000000,0.442308,0.000000
1,74,0.076923,0.028571,0.184805,0.411370,0.923077,0.531092,0.250000,0.036961
1,75,0.076923,0.028571,0.000000,0.116756,0.923077,0.883244,0.403846,0.000000
1,76,0.076923,0.028571,0.000000,0.059158,0.923077,0.940842,0.250000,0.000000
1,77,0.076923,0.028571,0.964145,0.194588,0.923077,0.505228,0.250000,0.074227
1,78,0.076923,0.028571,0.000000,0.250100,0.923077,0.749900,0.500000,0.000000
1,79,0.076923,0.028571,0.000000,0.174595,0.923077,0.825405,0.288462,0.000000
1,80,0.076923,0.028571,0.133390,0.094387,0.923077,0.864082,0.500000,0.026678
1,81,0.076923,0.028571,0.000000,0.344721,0.923077,0.655279,0.269231,0.000000
1,82,0.076923,0.028571,0.000000,0.494050,0.923077,0.505950,0.403846,0.000000
1,83,0.076923,0.028571,0.000000,0.174595,0.923077,0.825405,0.250000,0.000000
1,84,0.076923,0.028571,0.000000,0.387930,0.923077,0.612070,0.442308,0.000000
1,85,0.076923,0.028571,0.000000,0.344721,0.923077,0.655279,0.288462,0.000000
1,86,0.076923,0.028571,0.000000,0.302421,0.923077,0.697579,0.403846,0.000000
1,87,0.076923,0.028571,0.259124,0.058471,0.923077,0.860852,0.250000,0.019949
1,88,0.076923,0.028571,0.000000,0.293543,0.923077,0.706457,0.307692,0.000000
1,89,0.076923,0.028571,0.000000,0.253487,0.923077,0.746513,0.230769,0.000000
1,90,0.076923,0.028571,0.000000,0.000000,0.923077,1.000000,0.211538,0.000000
1,91,0.076923,0.028571,0.000000,0.253487,0.923077,0.746513,0.211538,0.000000
1,92,0.076923,0.028571,0.000000,0.438821,0.923077,0.561179,0.230769,0.000000
1,93,0.076923,0.028571,0.000000,0.057598,0.923077,0.942402,0.230769,0.000000
1,94,0.076923,0.028571,0.000000,0.000000,0.923077,1.000000,0.192308,0.000000
1,95,0.076923,0.028571,0.334275,0.000000,0.923077,0.895924,0.211538,0.025735
1,96,0.076923,0.028571,0.000000,0.718859,0.923077,0.281141,0.230769,0.000000
1,97,0.076923,0.028571,0.000000,0.116756,0.923077,0.883244,0.192308,0.000000
1,98,0.076923,0.028571,0.509116,0.059158,0.923077,0.782330,0.192308,0.039196
1,99,0.076923,0.028571,0.000000,0.280039,0.923077,0.719961,0.211538,0.000000
1,100,0.038462,0.021429,0.000000,0.406772,0.961538,0.593228,0.519231,0.000000
1,101,0.038462,0.021429,0.000000,0.331267,0.961538,0.668733,0.442308,0.000000
1,102,0.038462,0.021429,0.000000,0.251059,0.961538,0.748941,0.442308,0.000000
1,103,0.038462,0.021429,0.000000,0.501392,0.961538,0.498608,0.500000,0.000000
1,104,0.038462,0.021429,0.000000,0.586570,0.961538,0.413430,0.442308,0.000000
1,105,0.038462,0.021429,0.000000,0.331267,0.961538,0.668733,0.519231,0.000000
1,106,0.038462,0.021429,0.000000,0.251059,0.961538,0.748941,0.423077,0.000000
1,107,0.038462,0.021429,0.000000,0.501392,0.961538,0.498608,0.500000,0.000000
1,108,0.038462,0.021429,0.000000,0.336469,0.961538,0.663531,0.442308,0.000000
1,109,0.038462,0.021429,0.000000,0.156671,0.961538,0.843329,0.519231,0.000000
1,110,0.038462,0.021429,0.000000,0.156671,0.961538,0.843329,0.519231,0.000000
1,111,0.346154,0.078571,1.000000,0.560976,0.653846,0.127676,0.192308,0.076988
1,112,0.076923,0.028571,0.000000,0.406222,0.923077,0.593778,0.461538,0.000000
1,113,0.076923,0.028571,0.000000,0.022621,0.923077,0.977379,0.288462,0.000000
1,114,0.076923,0.028571,0.000000,0.181839,0.923077,0.818161,0.538462,0.000000
1,115,0.076923,0.028571,0.000000,0.000000,0.923077,1.000000,0.192308,0.000000
1,116,0.076923,0.028571,0.000000,0.281922,0.923077,0.718078,0.480769,0.000000
1,117,0.076923,0.028571,0.000000,0.413367,0.923077,0.586633,0.288462,0.000000
1,118,0.076923,0.028571,0.000000,0.000000,0.923077,1.000000,0.500000,0.000000
1,119,0.076923,0.028571,0.000000,0.000000,0.923077,1.000000,0.288462,0.000000
1,120,0.076923,0.028571,0.000000,0.666793,0.923077,0.333207,0.365385,0.000000
1,121,0.076923,0.028571,0.000000,1.000000,0.923077,0.000000,0.250000,0.000000
1,122,0.076923,0.028571,0.000000,0.000000,0.923077,1.000000,0.288462,0.000000
1,123,0.076923,0.028571,0.000000,0.120590,0.923077,0.879410,0.442308,0.000000
1,124,0.076923,0.028571,0.000000,0.064152,0.923077,0.935848,0.211538,0.000000
1,125,0.076923,0.028571,0.000000,0.000000,0.923077,1.000000,0.442308,0.000000
1,126,0.076923,0.028571,0.000000,0.000000,0.923077,1.000000,0.269231,0.000000
1,127,0.076923,0.028571,0.000000,0.120590,0.923077,0.879410,0.500000,0.000000
1,128,0.076923,0.028571,0.000000,0.239189,0.923077,0.760811,0.230769,0.000000
1,129,0.076923,0.028571,0.000000,0.080677,0.923077,0.919323,0.423077,0.000000
1,130,0.076923,0.028571,0.206046,0.016786,0.923077,0.919063,0.269231,0.015863
1,131,0.076923,0.028571,0.000000,0.309070,0.923077,0.690930,0.461538,0.000000
1,132,0.076923,0.028571,0.000000,0.484107,0.923077,0.515893,0.230769,0.000000
1,133,0.076923,0.028571,0.187800,0.097463,0.923077,0.844066,0.250000,0.037560
1,134,0.076923,0.028571,0.000000,0.285633,0.923077,0.714367,0.423077,0.000000
1,135,0.076923,0.028571,0.000000,0.252630,0.923077,0.747370,0.269231,0.000000
1,136,0.076923,0.028571,0.000000,0.181839,0.923077,0.818161,0.519231,0.000000
1,137,0.076923,0.028571,0.000000,0.252630,0.923077,0.747370,0.211538,0.000000
1,138,0.076923,0.028571,0.000000,0.161332,0.923077,0.838668,0.384615,0.000000
1,139,0.076923,0.028571,0.000000,0.319784,0.923077,0.680216,0.288462,0.000000
1,140,0.076923,0.028571,0.000000,0.158512,0.923077,0.841488,0.442308,0.000000
1,141,0.076923,0.028571,0.184996,0.114210,0.923077,0.828192,0.269231,0.014242
1,142,0.076923,0.028571,0.624986,0.357723,0.923077,0.447690,0.326923,0.124997
1,143,0.076923,0.028571,0.000000,0.619968,0.923077,0.380032,0.250000,0.000000
1,144,0.076923,0.028571,0.190006,0.272722,0.923077,0.668120,0.307692,0.038001
1,145,0.076923,0.028571,0.000000,0.000000,0.923077,1.000000,0.269231,0.000000
1,146,0.076923,0.028571,0.000000,0.041531,0.923077,0.958469,0.230769,0.000000
1,147,0.076923,0.028571,0.000000,0.000000,0.923077,1.000000,0.269231,0.000000
1,148,0.076923,0.028571,0.803284,0.000000,0.923077,0.749900,0.211538,0.061843
1,149,0.076923,0.028571,0.578319,0.000000,0.923077,0.819942,0.230769,0.044523
1,150,0.076923,0.028571,0.303158,0.041531,0.923077,0.864082,0.211538,0.023339
1,151,0.076923,0.028571,0.000000,0.080677,0.923077,0.919323,0.269231,0.000000
1,152,0.076923,0.028571,0.577484,0.071457,0.923077,0.748744,0.269231,0.044459
1,153,0.076923,0.028571,0.000000,0.000000,0.923077,1.000000,0.269231,0.000000
1,154,0.076923,0.028571,0.000000,0.000000,0.923077,1.000000,0.230769,0.000000
1,155,0.076923,0.028571,0.000000,0.152135,0.923077,0.847865,0.230769,0.000000
1,156,0.038462,0.021429,0.000000,0.311347,0.961538,0.688653,0.461538,0.000000
1,157,0.038462,0.021429,0.000000,0.563977,0.961538,0.436023,0.461538,0.000000
1,158,0.038462,0.021429,0.000000,0.311347,0.961538,0.688653,0.480769,0.000000
1,159,0.038462,0.021429,0.000000,0.563977,0.961538,0.436023,0.480769,0.000000
1,160,0.038462,0.021429,0.000000,0.311347,0.961538,0.688653,0.423077,0.000000
1,161,0.038462,0.021429,0.000000,0.415423,0.961538,0.584577,0.519231,0.000000
1,162,0.038462,0.021429,0.000000,0.469859,0.961538,0.530141,0.461538,0.000000
1,163,0.038462,0.021429,0.000000,0.425558,0.961538,0.574442,0.557692,0.000000
1,164,0.038462,0.021429,0.274455,0.311347,0.961538,0.603202,0.403846,0.054891
1,165,0.038462,0.021429,0.000000,0.415423,0.961538,0.584577,0.461538,0.000000
1,166,0.038462,0.021429,0.000000,0.584070,0.961538,0.415930,0.538462,0.000000
1,167,0.346154,0.078571,0.000000,0.054672,0.653846,0.945328,0.192308,0.000000
1,168,0.076923,0.028571,0.000000,0.000000,0.923077,1.000000,0.230769,0.000000
1,169,0.076923,0.028571,0.000000,0.000000,0.923077,1.000000,0.250000,0.000000
1,170,0.076923,0.028571,0.000000,0.000000,0.923077,1.000000,0.230769,0.000000
1,171,0.076923,0.028571,0.000000,0.000000,0.923077,1.000000,0.288462,0.000000
1,172,0.076923,0.028571,0.000000,0.064152,0.923077,0.935848,0.192308,0.000000
1,173,0.076923,0.028571,0.000000,0.022120,0.923077,0.977880,0.211538,0.000000
1,174,0.076923,0.028571,0.562194,0.000000,0.923077,0.824962,0.211538,0.043282
1,175,0.076923,0.028571,0.000000,0.000000,0.923077,1.000000,0.250000,0.000000
1,176,0.076923,0.028571,0.000000,0.122623,0.923077,0.877377,0.192308,0.000000
1,177,0.076923,0.028571,0.000000,0.080591,0.923077,0.919409,0.192308,0.000000
1,178,0.076923,0.028571,0.248865,0.000000,0.923077,0.922516,0.211538,0.019160
1,179,0.076923,0.028571,0.000000,0.000000,0.923077,1.000000,0.211538,0.000000
1,180,0.076923,0.028571,0.584039,0.000000,0.923077,0.818161,0.211538,0.044964
1,181,0.076923,0.028571,0.000000,0.000000,0.923077,1.000000,0.173077,0.000000
1,182,0.076923,0.028571,0.333370,0.000000,0.923077,0.896206,0.211538,0.025665
1,183,0.076923,0.028571,0.000000,0.057598,0.923077,0.942402,0.211538,0.000000
1,184,0.076923,0.028571,0.000000,0.000000,0.923077,1.000000,0.250000,0.000000
1,185,0.076923,0.028571,0.692823,0.000000,0.923077,0.784291,0.192308,0.053339
1,186,0.076923,0.028571,0.000000,0.194588,0.923077,0.805412,0.269231,0.000000
1,187,0.076923,0.028571,0.000000,0.201908,0.923077,0.798092,0.192308,0.000000
1,188,0.076923,0.028571,0.000000,0.144310,0.923077,0.855690,0.250000,0.000000
1,189,0.076923,0.028571,0.000000,0.194588,0.923077,0.805412,0.211538,0.000000
1,190,0.076923,0.028571,0.000000,0.250100,0.923077,0.749900,0.211538,0.000000
1,191,0.076923,0.028571,0.000000,0.000000,0.923077,1.000000,0.250000,0.000000
1,192,0.076923,0.028571,0.000000,0.094387,0.923077,0.905613,0.230769,0.000000
1,193,0.076923,0.028571,0.000000,0.180058,0.923077,0.819942,0.230769,0.000000
1,194,0.076923,0.028571,0.000000,0.494050,0.923077,0.505950,0.211538,0.000000
1,195,0.076923,0.028571,0.000000,0.022120,0.923077,0.977880,0.211538,0.000000
1,196,0.076923,0.028571,0.000000,0.094387,0.923077,0.905613,0.250000,0.000000
1,197,0.076923,0.028571,0.000000,0.180058,0.923077,0.819942,0.288462,0.000000
1,198,0.076923,0.028571,0.053913,0.302421,0.923077,0.680793,0.211538,0.010783
1,199,0.076923,0.028571,0.000000,0.080591,0.923077,0.919409,0.192308,0.000000
1,200,0.076923,0.028571,0.000000,0.000000,0.923077,1.000000,0.269231,0.000000
1,201,0.076923,0.028571,0.811409,0.000000,0.923077,0.747370,0.211538,0.062468
1,202,0.076923,0.028571,0.000000,0.000000,0.923077,1.000000,0.211538,0.000000
1,203,0.076923,0.028571,0.000000,0.000000,0.923077,1.000000,0.192308,0.000000
1,204,0.076923,0.028571,0.000000,0.000000,0.923077,1.000000,0.230769,0.000000
1,205,0.076923,0.028571,0.000000,0.057598,0.923077,0.942402,0.173077,0.000000
1,206,0.076923,0.028571,0.000000,0.000000,0.923077,1.000000,0.211538,0.000000
1,207,0.076923,0.028571,0.000000,0.000000,0.923077,1.000000,0.230769,0.000000
1,208,0.076923,0.028571,0.000000,0.280039,0.923077,0.719961,0.230769,0.000000
1,209,0.076923,0.028571,0.366826,0.201908,0.923077,0.683882,0.173077,0.073365
1,210,0.076923,0.028571,0.000000,0.144310,0.923077,0.855690,0.192308,0.000000
1,211,0.076923,0.028571,0.000000,0.280039,0.923077,0.719961,0.211538,0.000000
1,212,0.038462,0.021429,0.000000,0.250100,0.961538,0.749900,0.230769,0.000000
1,213,0.038462,0.021429,0.000000,0.000000,0.961538,1.000000,0.250000,0.000000
1,214,0.038462,0.021429,0.000000,0.094387,0.961538,0.905613,0.269231,0.000000
1,215,0.038462,0.021429,0.000000,0.180058,0.961538,0.819942,0.288462,0.000000
1,216,0.038462,0.021429,0.000000,0.429898,0.961538,0.570102,0.230769,0.000000
1,217,0.038462,0.021429,0.000000,0.000000,0.961538,1.000000,0.250000,0.000000
1,218,0.038462,0.021429,0.000000,0.094387,0.961538,0.905613,0.269231,0.000000
1,219,0.038462,0.021429,0.000000,0.180058,0.961538,0.819942,0.288462,0.000000
1,220,0.038462,0.021429,0.175597,0.179798,0.961538,0.765530,0.230769,0.035119
1,221,0.038462,0.021429,0.000000,0.000000,0.961538,1.000000,0.250000,0.000000
1,222,0.038462,0.021429,0.000000,0.000000,0.961538,1.000000,0.269231,0.000000
1,223,0.346154,0.078571,0.000000,0.085451,0.653846,0.914549,0.192308,0.000000
1,224,0.019231,0.017857,0.000000,0.285633,0.980769,0.714367,0.538462,0.000000
1,225,0.019231,0.017857,0.000000,0.000000,0.980769,1.000000,0.500000,0.000000
1,226,0.019231,0.017857,0.000000,0.181839,0.980769,0.818161,0.576923,0.000000
1,227,0.019231,0.017857,0.000000,0.000000,0.980769,1.000000,0.500000,0.000000
1,228,0.019231,0.017857,0.000000,0.103794,0.980769,0.896206,0.557692,0.000000
1,229,0.019231,0.017857,0.000000,0.390746,0.980769,0.609254,0.442308,0.000000
1,230,0.019231,0.017857,0.000000,0.000000,0.980769,1.000000,0.500000,0.000000
1,231,0.019231,0.017857,0.000000,0.000000,0.980769,1.000000,0.500000,0.000000
1,232,0.019231,0.017857,0.000000,0.077484,0.980769,0.922516,0.519231,0.000000
1,233,0.019231,0.017857,0.000000,0.468230,0.980769,0.531770,0.480769,0.000000
1,234,0.019231,0.017857,0.000000,0.000000,0.980769,1.000000,0.500000,0.000000
1,235,0.019231,0.017857,0.000000,0.000000,0.980769,1.000000,0.519231,0.000000
1,236,0.019231,0.017857,0.000000,0.000000,0.980769,1.000000,0.500000,0.000000
1,237,0.019231,0.017857,0.000000,0.000000,0.980769,1.000000,0.519231,0.000000
1,238,0.019231,0.017857,0.000000,0.000000,0.980769,1.000000,0.519231,0.000000
1,239,0.019231,0.017857,0.000000,0.000000,0.980769,1.000000,0.557692,0.000000
1,240,0.019231,0.017857,0.000000,0.175038,0.980769,0.824962,0.461538,0.000000
1,241,0.019231,0.017857,0.071046,0.000000,0.980769,0.977880,0.442308,0.005470
1,242,0.019231,0.017857,0.000000,0.016786,0.980769,0.983214,0.576923,0.000000
1,243,0.019231,0.017857,0.000000,0.077484,0.980769,0.922516,0.576923,0.000000
1,244,0.019231,0.017857,0.000000,0.252521,0.980769,0.747479,0.519231,0.000000
1,245,0.019231,0.017857,0.000000,0.016786,0.980769,0.983214,0.480769,0.000000
1,246,0.019231,0.017857,0.000000,0.285633,0.980769,0.714367,0.500000,0.000000
1,247,0.019231,0.017857,0.000000,0.252630,0.980769,0.747370,0.442308,0.000000
1,248,0.019231,0.017857,0.000000,0.181839,0.980769,0.818161,0.538462,0.000000
1,249,0.019231,0.017857,0.000000,0.252630,0.980769,0.747370,0.461538,0.000000
1,250,0.019231,0.017857,0.000000,0.103794,0.980769,0.896206,0.500000,0.000000
1,251,0.019231,0.017857,0.000000,0.215709,0.980769,0.784291,0.480769,0.000000
1,252,0.019231,0.017857,0.000000,0.000000,0.980769,1.000000,0.480769,0.000000
1,253,0.019231,0.017857,0.000000,0.114210,0.980769,0.885790,0.500000,0.000000
1,254,0.019231,0.017857,0.000000,0.000000,0.980769,1.000000,0.500000,0.000000
1,255,0.019231,0.017857,0.000000,0.215709,0.980769,0.784291,0.480769,0.000000
1,256,0.019231,0.017857,0.273495,0.114210,0.980769,0.800638,0.461538,0.021056
1,257,0.019231,0.017857,0.000000,0.000000,0.980769,1.000000,0.576923,0.000000
1,258,0.019231,0.017857,0.000000,0.000000,0.980769,1.000000,0.519231,0.000000
1,259,0.019231,0.017857,0.000000,0.000000,0.980769,1.000000,0.538462,0.000000
1,260,0.019231,0.017857,0.000000,0.000000,0.980769,1.000000,0.557692,0.000000
1,261,0.019231,0.017857,0.000000,0.000000,0.980769,1.000000,0.519231,0.000000
1,262,0.019231,0.017857,0.000000,0.000000,0.980769,1.000000,0.500000,0.000000
1,263,0.019231,0.017857,0.000000,0.000000,0.980769,1.000000,0.442308,0.000000
1,264,0.019231,0.017857,0.000000,0.071457,0.980769,0.928543,0.557692,0.000000
1,265,0.019231,0.017857,0.000000,0.000000,0.980769,1.000000,0.557692,0.000000
1,266,0.019231,0.017857,0.000000,0.000000,0.980769,1.000000,0.596154,0.000000
1,267,0.019231,0.017857,0.000000,0.071457,0.980769,0.928543,0.461538,0.000000
1,268,0.000000,0.014286,0.000000,0.000000,1.000000,1.000000,0.500000,0.000000
1,269,0.000000,0.014286,0.000000,0.252630,1.000000,0.747370,0.500000,0.000000
1,270,0.000000,0.014286,0.000000,0.000000,1.000000,1.000000,0.519231,0.000000
1,271,0.000000,0.014286,0.000000,0.252630,1.000000,0.747370,0.480769,0.000000
1,272,0.000000,0.014286,0.000000,0.000000,1.000000,1.000000,0.519231,0.000000
1,273,0.000000,0.014286,0.000000,0.000000,1.000000,1.000000,0.576923,0.000000
1,274,0.000000,0.014286,0.000000,0.000000,1.000000,1.000000,0.500000,0.000000
1,275,0.000000,0.014286,0.000000,0.114210,1.000000,0.885790,0.576923,0.000000
1,276,0.000000,0.014286,0.000000,0.000000,1.000000,1.000000,0.519231,0.000000
1,277,0.000000,0.014286,0.000000,0.000000,1.000000,1.000000,0.519231,0.000000
1,278,0.000000,0.014286,0.000000,0.114210,1.000000,0.885790,0.538462,0.000000
1,279,0.153846,0.042857,0.000000,0.054672,0.846154,0.945328,0.403846,0.000000
1,280,1.000000,0.200000,0.000000,0.107272,0.000000,0.892728,0.173077,0.000000
2,0,0.076923,0.028571,0.000000,0.000000,0.923077,1.000000,0.471698,0.000000
2,1,0.076923,0.028571,0.000000,0.092070,0.923077,0.918660,0.283019,0.000000
2,2,0.076923,0.028571,0.000000,0.000000,0.923077,1.000000,0.566038,0.000000
2,3,0.076923,0.028571,0.000000,0.272967,0.923077,0.758845,0.226415,0.000000
2,4,0.076923,0.028571,0.000000,0.210988,0.923077,0.813600,0.471698,0.000000
2,5,0.076923,0.028571,0.000000,0.000000,0.923077,1.000000,0.264151,0.000000
2,6,0.076923,0.028571,0.000000,0.283946,0.923077,0.749145,0.584906,0.000000
2,7,0.076923,0.028571,0.000000,0.180896,0.923077,0.840185,0.320755,0.000000
2,8,0.076923,0.028571,0.000000,0.589912,0.923077,0.478836,0.433962,0.000000
2,9,0.076923,0.028571,0.000000,0.378924,0.923077,0.665236,0.245283,0.000000
2,10,0.076923,0.028571,0.000000,0.283946,0.923077,0.749145,0.358491,0.000000
2,11,0.076923,0.028571,0.000000,0.000000,0.923077,1.000000,0.452830,0.000000
2,12,0.076923,0.028571,0.000000,0.092070,0.923077,0.918660,0.226415,0.000000
2,13,0.076923,0.028571,0.000000,0.000000,0.923077,1.000000,0.452830,0.000000
2,14,0.076923,0.028571,0.000000,0.272967,0.923077,0.758845,0.264151,0.000000
2,15,0.076923,0.028571,0.000000,0.000000,0.923077,1.000000,0.490566,0.000000
2,16,0.076923,0.028571,0.000000,0.015436,0.923077,0.986363,0.226415,0.000000
2,17,0.076923,0.028571,0.000000,0.000000,0.923077,1.000000,0.471698,0.000000
2,18,0.076923,0.028571,0.000000,0.180896,0.923077,0.840185,0.245283,0.000000
2,19,0.076923,0.028571,0.000000,0.251014,0.923077,0.778240,0.415094,0.000000
2,20,0.076923,0.028571,0.638040,0.266449,0.923077,0.513747,0.226415,0.065855
2,21,0.076923,0.028571,0.000000,0.000000,0.923077,1.000000,0.301887,0.000000
2,22,0.076923,0.028571,0.000000,0.000000,0.923077,1.000000,0.433962,0.000000
2,23,0.076923,0.028571,0.000000,0.191920,0.923077,0.830446,0.245283,0.000000
2,24,0.076923,0.028571,0.000000,0.152217,0.923077,0.865522,0.509434,0.000000
2,25,0.076923,0.028571,0.000000,0.198500,0.923077,0.824633,0.226415,0.000000
2,26,0.076923,0.028571,0.000000,0.210988,0.923077,0.813600,0.415094,0.000000
2,27,0.076923,0.028571,0.000000,0.109343,0.923077,0.903399,0.245283,0.000000
2,28,0.076923,0.028571,0.000000,0.656153,0.923077,0.420315,0.509434,0.000000
2,29,0.076923,0.028571,0.000000,0.006580,0.923077,0.994187,0.245283,0.000000
2,30,0.076923,0.028571,0.000000,0.526306,0.923077,0.535029,0.452830,0.000000
2,31,0.076923,0.028571,0.000000,0.424661,0.923077,0.624829,0.245283,0.000000
2,32,0.076923,0.028571,0.000000,0.503936,0.923077,0.554793,0.320755,0.000000
2,33,0.076923,0.028571,0.431254,0.145001,0.923077,0.702343,0.226415,0.044511
2,34,0.076923,0.028571,0.000000,0.131913,0.923077,0.883460,0.226415,0.000000
2,35,0.076923,0.028571,0.000000,0.145001,0.923077,0.871897,0.226415,0.000000
2,36,0.076923,0.028571,0.000000,0.385726,0.923077,0.659226,0.226415,0.000000
2,37,0.076923,0.028571,0.014785,0.000000,0.923077,0.994187,0.264151,0.001526
2,38,0.076923,0.028571,0.342039,0.288196,0.923077,0.610912,0.207547,0.035303
2,39,0.076923,0.028571,0.126436,0.054359,0.923077,0.902266,0.245283,0.013050
2,40,0.076923,0.028571,0.000000,0.385726,0.923077,0.659226,0.245283,0.000000
2,41,0.076923,0.028571,0.000000,0.000000,0.923077,1.000000,0.245283,0.000000
2,42,0.076923,0.028571,0.000000,0.156283,0.923077,0.861930,0.207547,0.000000
2,43,0.076923,0.028571,0.000000,0.054359,0.923077,0.951976,0.226415,0.000000
2,44,0.038462,0.021429,0.000000,0.384255,0.961538,0.660526,0.396226,0.000000
2,45,0.038462,0.021429,0.325824,0.576175,0.961538,0.362870,0.433962,0.065165
2,46,0.038462,0.021429,0.000000,0.536472,0.961538,0.526049,0.433962,0.000000
2,47,0.038462,0.021429,0.000000,0.582755,0.961538,0.485159,0.471698,0.000000
2,48,0.038462,0.021429,0.866744,0.384255,0.961538,0.319753,0.396226,0.089460
2,49,0.038462,0.021429,0.000000,0.493598,0.961538,0.563926,0.490566,0.000000
2,50,0.038462,0.021429,0.177503,0.756461,0.961538,0.261908,0.415094,0.035501
2,51,0.038462,0.021429,0.000000,0.390834,0.961538,0.654713,0.433962,0.000000
2,52,0.038462,0.021429,0.000000,0.571663,0.961538,0.494959,0.415094,0.000000
2,53,0.038462,0.021429,0.122147,0.681006,0.961538,0.350334,0.396226,0.024429
2,54,0.038462,0.021429,0.000000,0.604244,0.961538,0.466174,0.452830,0.000000
2,55,0.346154,0.078571,0.000000,0.857846,0.653846,0.242127,0.207547,0.000000
2,56,0.076923,0.028571,0.206886,0.096682,0.923077,0.833245,0.490566,0.021354
2,57,0.076923,0.028571,0.000000,0.000000,0.923077,1.000000,0.301887,0.000000
2,58,0.076923,0.028571,0.000000,0.000000,0.923077,1.000000,0.509434,0.000000
2,59,0.076923,0.028571,0.000000,0.000000,0.923077,1.000000,0.264151,0.000000
2,60,0.076923,0.028571,0.406482,0.152428,0.923077,0.705522,0.415094,0.041955
2,61,0.076923,0.028571,0.000000,0.000000,0.923077,1.000000,0.245283,0.000000
2,62,0.076923,0.028571,0.000000,0.283946,0.923077,0.749145,0.452830,0.000000
2,63,0.076923,0.028571,0.000000,0.000000,0.923077,1.000000,0.301887,0.000000
2,64,0.076923,0.028571,0.000000,0.153583,0.923077,0.864315,0.358491,0.000000
2,65,0.076923,0.028571,0.000000,0.097838,0.923077,0.913564,0.207547,0.000000
2,66,0.076923,0.028571,0.564038,0.283946,0.923077,0.527384,0.245283,0.112808
2,67,0.076923,0.028571,0.000000,0.096682,0.923077,0.914585,0.471698,0.000000
2,68,0.076923,0.028571,0.000000,0.000000,0.923077,1.000000,0.245283,0.000000
2,69,0.076923,0.028571,0.000000,0.000000,0.923077,1.000000,0.452830,0.000000
2,70,0.076923,0.028571,0.000000,0.000000,0.923077,1.000000,0.226415,0.000000
2,71,0.076923,0.028571,0.000000,0.096682,0.923077,0.914585,0.490566,0.000000
2,72,0.076923,0.028571,0.000000,0.000000,0.923077,1.000000,0.264151,0.000000
2,73,0.076923,0.028571,0.000000,0.000000,0.923077,1.000000,0.433962,0.000000
2,74,0.076923,0.028571,0.474100,0.419635,0.923077,0.442869,0.245283,0.048934
2,75,0.076923,0.028571,0.000000,0.303340,0.923077,0.732011,0.396226,0.000000
2,76,0.076923,0.028571,0.000000,0.303340,0.923077,0.732011,0.245283,0.000000
2,77,0.076923,0.028571,0.287419,0.419635,0.923077,0.516265,0.264151,0.029666
2,78,0.076923,0.028571,0.000000,0.428128,0.923077,0.621766,0.490566,0.000000
2,79,0.076923,0.028571,0.000000,0.191920,0.923077,0.830446,0.283019,0.000000
2,80,0.076923,0.028571,0.000000,0.580345,0.923077,0.487288,0.490566,0.000000
2,81,0.076923,0.028571,0.000000,0.198500,0.923077,0.824633,0.264151,0.000000
2,82,0.076923,0.028571,0.000000,0.259018,0.923077,0.771168,0.396226,0.000000
2,83,0.076923,0.028571,0.000000,0.056268,0.923077,0.950290,0.245283,0.000000
2,84,0.076923,0.028571,0.034685,0.436163,0.923077,0.601030,0.433962,0.006937
2,85,0.076923,0.028571,0.000000,0.006580,0.923077,0.994187,0.283019,0.000000
2,86,0.076923,0.028571,0.000000,0.356856,0.923077,0.684732,0.396226,0.000000
2,87,0.076923,0.028571,0.000000,0.154105,0.923077,0.863854,0.264151,0.000000
2,88,0.076923,0.028571,0.000000,0.283946,0.923077,0.749145,0.301887,0.000000
2,89,0.076923,0.028571,0.000000,0.145001,0.923077,0.871897,0.226415,0.000000
2,90,0.076923,0.028571,0.000000,0.000000,0.923077,1.000000,0.207547,0.000000
2,91,0.076923,0.028571,0.000000,0.145001,0.923077,0.871897,0.207547,0.000000
2,92,0.076923,0.028571,0.000000,0.385726,0.923077,0.659226,0.226415,0.000000
2,93,0.076923,0.028571,0.000000,0.000000,0.923077,1.000000,0.226415,0.000000
2,94,0.076923,0.028571,0.000000,0.078994,0.923077,0.930212,0.188679,0.000000
2,95,0.076923,0.028571,0.119263,0.054359,0.923077,0.905086,0.226415,0.012310
2,96,0.076923,0.028571,0.000000,0.805362,0.923077,0.288495,0.226415,0.000000
2,97,0.076923,0.028571,0.000000,0.303340,0.923077,0.732011,0.188679,0.000000
2,98,0.076923,0.028571,0.494326,0.382334,0.923077,0.467871,0.207547,0.051021
2,99,0.076923,0.028571,0.421114,0.473994,0.923077,0.415677,0.207547,0.043465
2,100,0.038462,0.021429,0.000000,0.847783,0.961538,0.251018,0.509434,0.000000
2,101,0.038462,0.021429,0.000000,0.611575,0.961538,0.459697,0.433962,0.000000
2,102,0.038462,0.021429,0.296414,1.000000,0.961538,0.000000,0.433962,0.059283
2,103,0.038462,0.021429,0.000000,0.618155,0.961538,0.453884,0.490566,0.000000
2,104,0.038462,0.021429,0.000000,0.622927,0.961538,0.449668,0.433962,0.000000
2,105,0.038462,0.021429,0.000000,0.475923,0.961538,0.579541,0.509434,0.000000
2,106,0.038462,0.021429,0.138987,0.571872,0.961538,0.440129,0.415094,0.027797
2,107,0.038462,0.021429,0.000000,0.426235,0.961538,0.623439,0.490566,0.000000
2,108,0.038462,0.021429,0.000000,0.622927,0.961538,0.449668,0.433962,0.000000
2,109,0.038462,0.021429,0.000000,0.475923,0.961538,0.579541,0.509434,0.000000
2,110,0.038462,0.021429,0.000000,0.419655,0.961538,0.629252,0.509434,0.000000
2,111,0.346154,0.078571,0.863437,0.664080,0.653846,0.073838,0.207547,0.172687
2,112,0.076923,0.028571,0.000000,0.445029,0.923077,0.606834,0.452830,0.000000
2,113,0.076923,0.028571,0.000000,0.092070,0.923077,0.918660,0.283019,0.000000
2,114,0.076923,0.028571,0.000000,0.069490,0.923077,0.938608,0.528302,0.000000
2,115,0.076923,0.028571,0.217249,0.272967,0.923077,0.673430,0.188679,0.043450
2,116,0.076923,0.028571,0.000000,0.656017,0.923077,0.420435,0.471698,0.000000
2,117,0.076923,0.028571,0.000000,0.127515,0.923077,0.887345,0.283019,0.000000
2,118,0.076923,0.028571,0.000000,0.148297,0.923077,0.868986,0.490566,0.000000
2,119,0.076923,0.028571,0.000000,0.180896,0.923077,0.840185,0.283019,0.000000
2,120,0.076923,0.028571,0.000000,0.589912,0.923077,0.478836,0.358491,0.000000
2,121,0.076923,0.028571,0.000000,0.506439,0.923077,0.552581,0.245283,0.000000
2,122,0.076923,0.028571,0.000000,0.078806,0.923077,0.930378,0.283019,0.000000
2,123,0.076923,0.028571,0.000000,0.000000,0.923077,1.000000,0.433962,0.000000
2,124,0.076923,0.028571,0.000000,0.092070,0.923077,0.918660,0.207547,0.000000
2,125,0.076923,0.028571,0.000000,0.069490,0.923077,0.938608,0.433962,0.000000
2,126,0.076923,0.028571,0.000000,0.272967,0.923077,0.758845,0.264151,0.000000
2,127,0.076923,0.028571,0.000000,0.000000,0.923077,1.000000,0.490566,0.000000
2,128,0.076923,0.028571,0.000000,0.015436,0.923077,0.986363,0.226415,0.000000
2,129,0.076923,0.028571,0.000000,0.148297,0.923077,0.868986,0.415094,0.000000
2,130,0.076923,0.028571,0.125263,0.427664,0.923077,0.572927,0.283019,0.025053
2,131,0.076923,0.028571,0.000000,0.251014,0.923077,0.778240,0.452830,0.000000
2,132,0.076923,0.028571,0.000000,0.266449,0.923077,0.764603,0.226415,0.000000
2,133,0.076923,0.028571,0.219846,0.325574,0.923077,0.625933,0.245283,0.043969
2,134,0.076923,0.028571,0.000000,0.560631,0.923077,0.504705,0.415094,0.000000
2,135,0.076923,0.028571,0.000000,0.000000,0.923077,1.000000,0.264151,0.000000
2,136,0.076923,0.028571,0.000000,0.000000,0.923077,1.000000,0.509434,0.000000
2,137,0.076923,0.028571,0.000000,0.000000,0.923077,1.000000,0.207547,0.000000
2,138,0.076923,0.028571,0.000000,0.771619,0.923077,0.318305,0.377358,0.000000
2,139,0.076923,0.028571,0.000000,0.180591,0.923077,0.840455,0.283019,0.000000
2,140,0.076923,0.028571,0.000000,0.219989,0.923077,0.805648,0.433962,0.000000
2,141,0.076923,0.028571,0.000000,0.231721,0.923077,0.795284,0.283019,0.000000
2,142,0.076923,0.028571,0.942939,0.526306,0.923077,0.164298,0.320755,0.188588
2,143,0.076923,0.028571,0.000000,0.495909,0.923077,0.561884,0.245283,0.000000
2,144,0.076923,0.028571,0.681618,0.451710,0.923077,0.332943,0.301887,0.136324
2,145,0.076923,0.028571,0.000000,0.000000,0.923077,1.000000,0.264151,0.000000
2,146,0.076923,0.028571,0.962022,0.131913,0.923077,0.505226,0.226415,0.099294
2,147,0.076923,0.028571,0.000000,0.000000,0.923077,1.000000,0.264151,0.000000
2,148,0.076923,0.028571,0.000000,0.000000,0.923077,1.000000,0.226415,0.000000
2,149,0.076923,0.028571,0.000000,0.000000,0.923077,1.000000,0.245283,0.000000
2,150,0.076923,0.028571,0.000000,0.209202,0.923077,0.815178,0.226415,0.000000
2,151,0.076923,0.028571,0.000000,0.000000,0.923077,1.000000,0.264151,0.000000
2,152,0.076923,0.028571,0.456762,0.347799,0.923077,0.513151,0.283019,0.091352
2,153,0.076923,0.028571,0.000000,0.000000,0.923077,1.000000,0.264151,0.000000
2,154,0.076923,0.028571,0.000000,0.077289,0.923077,0.931718,0.226415,0.000000
2,155,0.076923,0.028571,0.000000,0.347799,0.923077,0.692734,0.226415,0.000000
2,156,0.038462,0.021429,0.000000,0.499856,0.961538,0.558397,0.452830,0.000000
2,157,0.038462,0.021429,0.000000,0.384255,0.961538,0.660526,0.452830,0.000000
2,158,0.038462,0.021429,0.000000,0.384255,0.961538,0.660526,0.471698,0.000000
2,159,0.038462,0.021429,0.000000,0.384255,0.961538,0.660526,0.471698,0.000000
2,160,0.038462,0.021429,0.000000,0.499856,0.961538,0.558397,0.415094,0.000000
2,161,0.038462,0.021429,0.000000,0.437330,0.961538,0.613636,0.509434,0.000000
2,162,0.038462,0.021429,0.000000,0.604244,0.961538,0.466174,0.452830,0.000000
2,163,0.038462,0.021429,0.000000,0.615975,0.961538,0.455810,0.547170,0.000000
2,164,0.038462,0.021429,0.000000,0.571663,0.961538,0.494959,0.396226,0.000000
2,165,0.038462,0.021429,0.000000,0.624738,0.961538,0.448069,0.452830,0.000000
2,166,0.038462,0.021429,0.000000,0.835965,0.961538,0.261458,0.528302,0.000000
2,167,0.346154,0.078571,0.942983,0.294797,0.653846,0.368810,0.188679,0.097329
2,168,0.076923,0.028571,0.000000,0.096682,0.923077,0.914585,0.226415,0.000000
2,169,0.076923,0.028571,0.000000,0.000000,0.923077,1.000000,0.245283,0.000000
2,170,0.076923,0.028571,0.000000,0.000000,0.923077,1.000000,0.226415,0.000000
2,171,0.076923,0.028571,0.000000,0.000000,0.923077,1.000000,0.283019,0.000000
2,172,0.076923,0.028571,0.000000,0.152428,0.923077,0.865336,0.188679,0.000000
2,173,0.076923,0.028571,0.156148,0.072924,0.923077,0.874183,0.207547,0.016117
2,174,0.076923,0.028571,0.000000,0.000000,0.923077,1.000000,0.226415,0.000000
2,175,0.076923,0.028571,0.000000,0.000000,0.923077,1.000000,0.245283,0.000000
2,176,0.076923,0.028571,0.000000,0.153583,0.923077,0.864315,0.188679,0.000000
2,177,0.076923,0.028571,0.177081,0.170762,0.923077,0.779517,0.188679,0.018277
2,178,0.076923,0.028571,0.000000,0.000000,0.923077,1.000000,0.226415,0.000000
2,179,0.076923,0.028571,0.000000,0.096682,0.923077,0.914585,0.207547,0.000000
2,180,0.076923,0.028571,0.000000,0.000000,0.923077,1.000000,0.226415,0.000000
2,181,0.076923,0.028571,0.000000,0.000000,0.923077,1.000000,0.169811,0.000000
2,182,0.076923,0.028571,1.000000,0.000000,0.923077,0.606834,0.226415,0.103214
2,183,0.076923,0.028571,0.000000,0.096682,0.923077,0.914585,0.207547,0.000000
2,184,0.076923,0.028571,0.000000,0.072924,0.923077,0.935575,0.245283,0.000000
2,185,0.076923,0.028571,0.286532,0.000000,0.923077,0.887345,0.207547,0.029574
2,186,0.076923,0.028571,0.000000,0.419635,0.923077,0.629269,0.264151,0.000000
2,187,0.076923,0.028571,0.000000,0.325463,0.923077,0.712467,0.188679,0.000000
2,188,0.076923,0.028571,0.000000,0.398386,0.923077,0.648041,0.245283,0.000000
2,189,0.076923,0.028571,0.000000,0.419635,0.923077,0.629269,0.207547,0.000000
2,190,0.076923,0.028571,0.000000,0.428128,0.923077,0.621766,0.207547,0.000000
2,191,0.076923,0.028571,0.000000,0.000000,0.923077,1.000000,0.245283,0.000000
2,192,0.076923,0.028571,0.000000,0.428128,0.923077,0.621766,0.226415,0.000000
2,193,0.076923,0.028571,0.000000,0.000000,0.923077,1.000000,0.226415,0.000000
2,194,0.076923,0.028571,0.000000,0.259018,0.923077,0.771168,0.207547,0.000000
2,195,0.076923,0.028571,0.000000,0.000000,0.923077,1.000000,0.207547,0.000000
2,196,0.076923,0.028571,0.000000,0.000000,0.923077,1.000000,0.245283,0.000000
2,197,0.076923,0.028571,0.000000,0.000000,0.923077,1.000000,0.283019,0.000000
2,198,0.076923,0.028571,0.554497,0.356856,0.923077,0.466723,0.207547,0.057232
2,199,0.076923,0.028571,0.000000,0.097838,0.923077,0.913564,0.188679,0.000000
2,200,0.076923,0.028571,0.000000,0.000000,0.923077,1.000000,0.264151,0.000000
2,201,0.076923,0.028571,0.000000,0.000000,0.923077,1.000000,0.226415,0.000000
2,202,0.076923,0.028571,0.000000,0.000000,0.923077,1.000000,0.207547,0.000000
2,203,0.076923,0.028571,0.000000,0.000000,0.923077,1.000000,0.188679,0.000000
2,204,0.076923,0.028571,0.259762,0.000000,0.923077,0.897871,0.226415,0.026811
2,205,0.076923,0.028571,0.000000,0.000000,0.923077,1.000000,0.169811,0.000000
2,206,0.076923,0.028571,0.000000,0.000000,0.923077,1.000000,0.207547,0.000000
2,207,0.076923,0.028571,0.000000,0.000000,0.923077,1.000000,0.226415,0.000000
2,208,0.076923,0.028571,0.000000,0.419635,0.923077,0.629269,0.226415,0.000000
2,209,0.076923,0.028571,0.520687,0.325463,0.923077,0.507751,0.169811,0.053742
2,210,0.076923,0.028571,0.000000,0.325463,0.923077,0.712467,0.188679,0.000000
2,211,0.076923,0.028571,0.000000,0.419635,0.923077,0.629269,0.207547,0.000000
2,212,0.038462,0.021429,0.000000,0.847783,0.961538,0.251018,0.226415,0.000000
2,213,0.038462,0.021429,0.000000,0.419655,0.961538,0.629252,0.245283,0.000000
2,214,0.038462,0.021429,0.000000,0.847783,0.961538,0.251018,0.264151,0.000000
2,215,0.038462,0.021429,0.000000,0.419655,0.961538,0.629252,0.283019,0.000000
2,216,0.038462,0.021429,0.000000,0.622927,0.961538,0.449668,0.226415,0.000000
2,217,0.038462,0.021429,0.000000,0.419655,0.961538,0.629252,0.245283,0.000000
2,218,0.038462,0.021429,0.000000,0.419655,0.961538,0.629252,0.264151,0.000000
2,219,0.038462,0.021429,0.000000,0.419655,0.961538,0.629252,0.283019,0.000000
2,220,0.038462,0.021429,0.227022,0.622927,0.961538,0.360411,0.226415,0.045404
2,221,0.038462,0.021429,0.000000,0.419655,0.961538,0.629252,0.245283,0.000000
2,222,0.038462,0.021429,0.000000,0.419655,0.961538,0.629252,0.264151,0.000000
2,223,0.346154,0.078571,0.000000,0.000000,0.653846,1.000000,0.188679,0.000000
2,224,0.019231,0.017857,0.000000,0.445029,0.980769,0.606834,0.528302,0.000000
2,225,0.019231,0.017857,0.000000,0.000000,0.980769,1.000000,0.490566,0.000000
2,226,0.019231,0.017857,0.000000,0.069490,0.980769,0.938608,0.566038,0.000000
2,227,0.019231,0.017857,0.000000,0.000000,0.980769,1.000000,0.490566,0.000000
2,228,0.019231,0.017857,0.000000,0.445029,0.980769,0.606834,0.547170,0.000000
2,229,0.019231,0.017857,0.000000,0.127515,0.980769,0.887345,0.433962,0.000000
2,230,0.019231,0.017857,0.163863,0.148297,0.980769,0.804560,0.490566,0.032773
2,231,0.019231,0.017857,0.000000,0.000000,0.980769,1.000000,0.490566,0.000000
2,232,0.019231,0.017857,0.000000,0.000000,0.980769,1.000000,0.509434,0.000000
2,233,0.019231,0.017857,0.000000,0.127515,0.980769,0.887345,0.471698,0.000000
2,234,0.019231,0.017857,0.000000,0.078806,0.980769,0.930378,0.490566,0.000000
2,235,0.019231,0.017857,0.000000,0.000000,0.980769,1.000000,0.509434,0.000000
2,236,0.019231,0.017857,0.000000,0.000000,0.980769,1.000000,0.490566,0.000000
2,237,0.019231,0.017857,0.000000,0.069490,0.980769,0.938608,0.509434,0.000000
2,238,0.019231,0.017857,0.000000,0.000000,0.980769,1.000000,0.509434,0.000000
2,239,0.019231,0.017857,0.000000,0.000000,0.980769,1.000000,0.547170,0.000000
2,240,0.019231,0.017857,0.000000,0.000000,0.980769,1.000000,0.452830,0.000000
2,241,0.019231,0.017857,0.000000,0.148297,0.980769,0.868986,0.452830,0.000000
2,242,0.019231,0.017857,0.000000,0.246767,0.980769,0.781991,0.566038,0.000000
2,243,0.019231,0.017857,0.000000,0.000000,0.980769,1.000000,0.566038,0.000000
2,244,0.019231,0.017857,0.000000,0.000000,0.980769,1.000000,0.509434,0.000000
2,245,0.019231,0.017857,0.000000,0.325574,0.980769,0.712369,0.471698,0.000000
2,246,0.019231,0.017857,0.000000,0.560631,0.980769,0.504705,0.490566,0.000000
2,247,0.019231,0.017857,0.000000,0.000000,0.980769,1.000000,0.433962,0.000000
2,248,0.019231,0.017857,0.000000,0.000000,0.980769,1.000000,0.528302,0.000000
2,249,0.019231,0.017857,0.000000,0.000000,0.980769,1.000000,0.452830,0.000000
2,250,0.019231,0.017857,0.000000,0.560631,0.980769,0.504705,0.490566,0.000000
2,251,0.019231,0.017857,0.000000,0.127515,0.980769,0.887345,0.471698,0.000000
2,252,0.019231,0.017857,0.000000,0.000000,0.980769,1.000000,0.471698,0.000000
2,253,0.019231,0.017857,0.000000,0.231721,0.980769,0.795284,0.490566,0.000000
2,254,0.019231,0.017857,0.000000,0.000000,0.980769,1.000000,0.490566,0.000000
2,255,0.019231,0.017857,0.000000,0.127515,0.980769,0.887345,0.471698,0.000000
2,256,0.019231,0.017857,0.049710,0.231721,0.980769,0.775739,0.471698,0.009942
2,257,0.019231,0.017857,0.000000,0.000000,0.980769,1.000000,0.566038,0.000000
2,258,0.019231,0.017857,0.000000,0.000000,0.980769,1.000000,0.509434,0.000000
2,259,0.019231,0.017857,0.000000,0.000000,0.980769,1.000000,0.528302,0.000000
2,260,0.019231,0.017857,0.000000,0.000000,0.980769,1.000000,0.547170,0.000000
2,261,0.019231,0.017857,0.000000,0.000000,0.980769,1.000000,0.509434,0.000000
2,262,0.019231,0.017857,0.000000,0.000000,0.980769,1.000000,0.490566,0.000000
2,263,0.019231,0.017857,0.000000,0.000000,0.980769,1.000000,0.433962,0.000000
2,264,0.019231,0.017857,0.000000,0.347799,0.980769,0.692734,0.547170,0.000000
2,265,0.019231,0.017857,0.000000,0.000000,0.980769,1.000000,0.547170,0.000000
2,266,0.019231,0.017857,0.000000,0.000000,0.980769,1.000000,0.584906,0.000000
2,267,0.019231,0.017857,0.000000,0.347799,0.980769,0.692734,0.452830,0.000000
2,268,0.000000,0.014286,0.000000,0.115602,1.000000,0.897871,0.490566,0.000000
2,269,0.000000,0.014286,0.000000,0.000000,1.000000,1.000000,0.490566,0.000000
2,270,0.000000,0.014286,0.000000,0.000000,1.000000,1.000000,0.509434,0.000000
2,271,0.000000,0.014286,0.000000,0.000000,1.000000,1.000000,0.471698,0.000000
2,272,0.000000,0.014286,0.000000,0.115602,1.000000,0.897871,0.509434,0.000000
2,273,0.000000,0.014286,0.000000,0.000000,1.000000,1.000000,0.566038,0.000000
2,274,0.000000,0.014286,0.000000,0.000000,1.000000,1.000000,0.490566,0.000000
2,275,0.000000,0.014286,0.000000,0.231721,1.000000,0.795284,0.566038,0.000000
2,276,0.000000,0.014286,0.000000,0.000000,1.000000,1.000000,0.509434,0.000000
2,277,0.000000,0.014286,0.000000,0.000000,1.000000,1.000000,0.509434,0.000000
2,278,0.000000,0.014286,0.000000,0.231721,1.000000,0.795284,0.528302,0.000000
2,279,0.153846,0.042857,0.000000,0.101031,0.846154,0.910743,0.396226,0.000000
2,280,1.000000,0.200000,0.000000,0.095046,0.000000,0.916030,0.169811,0.000000
3,0,0.076923,0.028571,0.178863,0.043379,0.923077,0.878452,0.462963,0.022519
3,1,0.076923,0.028571,0.000000,0.081468,0.923077,0.920684,0.277778,0.000000
3,2,0.076923,0.028571,0.000000,0.000000,0.923077,1.000000,0.555556,0.000000
3,3,0.076923,0.028571,0.000000,0.081468,0.923077,0.920684,0.222222,0.000000
3,4,0.076923,0.028571,0.000000,0.043379,0.923077,0.957768,0.462963,0.000000
3,5,0.076923,0.028571,0.000000,0.000000,0.923077,1.000000,0.259259,0.000000
3,6,0.076923,0.028571,0.000000,0.253130,0.923077,0.753559,0.574074,0.000000
3,7,0.076923,0.028571,0.000000,0.000000,0.923077,1.000000,0.314815,0.000000
3,8,0.076923,0.028571,0.000000,0.511799,0.923077,0.501726,0.425926,0.000000
3,9,0.076923,0.028571,0.000000,0.511799,0.923077,0.501726,0.240741,0.000000
3,10,0.076923,0.028571,0.000000,0.253130,0.923077,0.753559,0.351852,0.000000
3,11,0.076923,0.028571,0.000000,0.043379,0.923077,0.957768,0.444444,0.000000
3,12,0.076923,0.028571,0.000000,0.120635,0.923077,0.882553,0.222222,0.000000
3,13,0.076923,0.028571,0.000000,0.000000,0.923077,1.000000,0.444444,0.000000
3,14,0.076923,0.028571,0.000000,0.081468,0.923077,0.920684,0.259259,0.000000
3,15,0.076923,0.028571,0.000000,0.064108,0.923077,0.937586,0.481481,0.000000
3,16,0.076923,0.028571,0.000000,0.039166,0.923077,0.961869,0.222222,0.000000
3,17,0.076923,0.028571,0.000000,0.000000,0.923077,1.000000,0.462963,0.000000
3,18,0.076923,0.028571,0.000000,0.000000,0.923077,1.000000,0.240741,0.000000
3,19,0.076923,0.028571,0.000000,0.351381,0.923077,0.657905,0.407407,0.000000
3,20,0.076923,0.028571,0.555745,0.330651,0.923077,0.431646,0.240741,0.111149
3,21,0.076923,0.028571,0.000000,0.000000,0.923077,1.000000,0.296296,0.000000
3,22,0.076923,0.028571,0.000000,0.000000,0.923077,1.000000,0.425926,0.000000
3,23,0.076923,0.028571,0.000000,0.328385,0.923077,0.680293,0.240741,0.000000
3,24,0.076923,0.028571,0.000000,0.000000,0.923077,1.000000,0.500000,0.000000
3,25,0.076923,0.028571,0.000000,0.427070,0.923077,0.584216,0.222222,0.000000
3,26,0.076923,0.028571,0.000000,0.000000,0.923077,1.000000,0.407407,0.000000
3,27,0.076923,0.028571,0.000000,0.000000,0.923077,1.000000,0.240741,0.000000
3,28,0.076923,0.028571,0.000000,0.410743,0.923077,0.600112,0.500000,0.000000
3,29,0.076923,0.028571,0.000000,0.098685,0.923077,0.903923,0.240741,0.000000
3,30,0.076923,0.028571,0.000000,0.264817,0.923077,0.742181,0.444444,0.000000
3,31,0.076923,0.028571,0.000000,0.264817,0.923077,0.742181,0.240741,0.000000
3,32,0.076923,0.028571,0.000000,0.410743,0.923077,0.600112,0.314815,0.000000
3,33,0.076923,0.028571,0.333532,0.316445,0.923077,0.544015,0.240741,0.041991
3,34,0.076923,0.028571,0.000000,0.042086,0.923077,0.959026,0.222222,0.000000
3,35,0.076923,0.028571,0.000000,0.316445,0.923077,0.691918,0.222222,0.000000
3,36,0.076923,0.028571,0.000000,0.129988,0.923077,0.873447,0.222222,0.000000
3,37,0.076923,0.028571,0.000000,0.020730,0.923077,0.979818,0.277778,0.000000
3,38,0.076923,0.028571,0.000000,0.058780,0.923077,0.942774,0.222222,0.000000
3,39,0.076923,0.028571,0.000000,0.000000,0.923077,1.000000,0.259259,0.000000
3,40,0.076923,0.028571,0.000000,0.129988,0.923077,0.873447,0.240741,0.000000
3,41,0.076923,0.028571,0.000000,0.020730,0.923077,0.979818,0.240741,0.000000
3,42,0.076923,0.028571,0.000000,0.016694,0.923077,0.983747,0.203704,0.000000
3,43,0.076923,0.028571,0.000000,0.000000,0.923077,1.000000,0.222222,0.000000
3,44,0.038462,0.021429,0.000000,0.382314,0.961538,0.627790,0.388889,0.000000
3,45,0.038462,0.021429,0.694752,0.710699,0.961538,0.000000,0.425926,0.138950
3,46,0.038462,0.021429,0.000000,0.382314,0.961538,0.627790,0.425926,0.000000
3,47,0.038462,0.021429,0.000000,0.809384,0.961538,0.212006,0.462963,0.000000
3,48,0.038462,0.021429,0.285387,0.382314,0.961538,0.501237,0.407407,0.057077
3,49,0.038462,0.021429,0.000000,0.382314,0.961538,0.627790,0.481481,0.000000
3,50,0.038462,0.021429,0.036651,0.539926,0.961538,0.458089,0.407407,0.007330
3,51,0.038462,0.021429,0.000000,0.480998,0.961538,0.531713,0.425926,0.000000
3,52,0.038462,0.021429,0.000000,0.465983,0.961538,0.546331,0.407407,0.000000
3,53,0.038462,0.021429,0.000000,0.465983,0.961538,0.546331,0.388889,0.000000
3,54,0.038462,0.021429,0.000000,0.539926,0.961538,0.474342,0.444444,0.000000
3,55,0.346154,0.078571,0.000000,0.466046,0.653846,0.546270,0.203704,0.000000
3,56,0.076923,0.028571,0.000000,0.455479,0.923077,0.556558,0.500000,0.000000
3,57,0.076923,0.028571,0.000000,0.081468,0.923077,0.920684,0.296296,0.000000
3,58,0.076923,0.028571,0.000000,0.000000,0.923077,1.000000,0.500000,0.000000
3,59,0.076923,0.028571,0.095238,0.081468,0.923077,0.878452,0.259259,0.019048
3,60,0.076923,0.028571,0.000000,0.455479,0.923077,0.556558,0.425926,0.000000
3,61,0.076923,0.028571,0.000000,0.000000,0.923077,1.000000,0.240741,0.000000
3,62,0.076923,0.028571,0.000000,0.253130,0.923077,0.753559,0.444444,0.000000
3,63,0.076923,0.028571,0.000000,0.000000,0.923077,1.000000,0.296296,0.000000
3,64,0.076923,0.028571,0.000000,0.160441,0.923077,0.843799,0.351852,0.000000
3,65,0.076923,0.028571,0.000000,0.160441,0.923077,0.843799,0.203704,0.000000
3,66,0.076923,0.028571,0.725942,0.253130,0.923077,0.431646,0.240741,0.091395
3,67,0.076923,0.028571,0.000000,0.455479,0.923077,0.556558,0.462963,0.000000
3,68,0.076923,0.028571,0.000000,0.081468,0.923077,0.920684,0.240741,0.000000
3,69,0.076923,0.028571,0.000000,0.000000,0.923077,1.000000,0.444444,0.000000
3,70,0.076923,0.028571,0.000000,0.081468,0.923077,0.920684,0.222222,0.000000
3,71,0.076923,0.028571,0.000000,0.455479,0.923077,0.556558,0.481481,0.000000
3,72,0.076923,0.028571,0.000000,0.000000,0.923077,1.000000,0.259259,0.000000
3,73,0.076923,0.028571,0.000000,0.000000,0.923077,1.000000,0.425926,0.000000
3,74,0.076923,0.028571,0.000000,0.333344,0.923077,0.675465,0.259259,0.000000
3,75,0.076923,0.028571,0.000000,0.068767,0.923077,0.933051,0.388889,0.000000
3,76,0.076923,0.028571,0.000000,0.068767,0.923077,0.933051,0.240741,0.000000
3,77,0.076923,0.028571,0.397708,0.333344,0.923077,0.499105,0.277778,0.050071
3,78,0.076923,0.028571,0.000000,0.043146,0.923077,0.957994,0.481481,0.000000
3,79,0.076923,0.028571,0.000000,0.151917,0.923077,0.852098,0.277778,0.000000
3,80,0.076923,0.028571,0.085990,0.164894,0.923077,0.801333,0.481481,0.017198
3,81,0.076923,0.028571,0.000000,0.154621,0.923077,0.849465,0.259259,0.000000
3,82,0.076923,0.028571,0.000000,0.168360,0.923077,0.836089,0.388889,0.000000
3,83,0.076923,0.028571,0.000000,0.000000,0.923077,1.000000,0.240741,0.000000
3,84,0.076923,0.028571,0.000000,0.374878,0.923077,0.635029,0.425926,0.000000
3,85,0.076923,0.028571,0.045512,0.002704,0.923077,0.977185,0.277778,0.005730
3,86,0.076923,0.028571,0.000000,0.328801,0.923077,0.679888,0.388889,0.000000
3,87,0.076923,0.028571,0.000000,0.160441,0.923077,0.843799,0.259259,0.000000
3,88,0.076923,0.028571,0.000000,0.253130,0.923077,0.753559,0.296296,0.000000
3,89,0.076923,0.028571,0.387435,0.316445,0.923077,0.520113,0.222222,0.048777
3,90,0.076923,0.028571,0.000000,0.000000,0.923077,1.000000,0.203704,0.000000
3,91,0.076923,0.028571,0.000000,0.316445,0.923077,0.691918,0.203704,0.000000
3,92,0.076923,0.028571,0.000000,0.129988,0.923077,0.873447,0.222222,0.000000
3,93,0.076923,0.028571,0.216661,0.000000,0.923077,0.903923,0.222222,0.027277
3,94,0.076923,0.028571,0.000000,0.016694,0.923077,0.983747,0.185185,0.000000
3,95,0.076923,0.028571,0.000000,0.000000,0.923077,1.000000,0.240741,0.000000
3,96,0.076923,0.028571,0.000000,0.567577,0.923077,0.447422,0.222222,0.000000
3,97,0.076923,0.028571,0.000000,0.068767,0.923077,0.933051,0.185185,0.000000
3,98,0.076923,0.028571,0.346037,0.085460,0.923077,0.763351,0.222222,0.043566
3,99,0.076923,0.028571,0.183695,0.437589,0.923077,0.492517,0.222222,0.023127
3,100,0.038462,0.021429,0.000000,0.110232,0.961538,0.892681,0.500000,0.000000
3,101,0.038462,0.021429,0.000000,0.219003,0.961538,0.786785,0.425926,0.000000
3,102,0.038462,0.021429,0.006409,0.231979,0.961538,0.771309,0.425926,0.001282
3,103,0.038462,0.021429,0.000000,0.221707,0.961538,0.784152,0.481481,0.000000
3,104,0.038462,0.021429,0.000000,0.235446,0.961538,0.770776,0.425926,0.000000
3,105,0.038462,0.021429,0.000000,0.067086,0.961538,0.934687,0.500000,0.000000
3,106,0.038462,0.021429,0.000000,0.188833,0.961538,0.816157,0.407407,0.000000
3,107,0.038462,0.021429,0.000000,0.069790,0.961538,0.932054,0.481481,0.000000
3,108,0.038462,0.021429,0.000000,0.235446,0.961538,0.770776,0.425926,0.000000
3,109,0.038462,0.021429,0.000000,0.067086,0.961538,0.934687,0.500000,0.000000
3,110,0.038462,0.021429,0.000000,0.067086,0.961538,0.934687,0.500000,0.000000
3,111,0.346154,0.078571,0.839366,0.567372,0.653846,0.075412,0.203704,0.105675
3,112,0.076923,0.028571,0.000000,0.049207,0.923077,0.952093,0.444444,0.000000
3,113,0.076923,0.028571,0.000000,0.000000,0.923077,1.000000,0.277778,0.000000
3,114,0.076923,0.028571,0.000000,0.075021,0.923077,0.926962,0.518519,0.000000
3,115,0.076923,0.028571,1.000000,0.000000,0.923077,0.556558,0.185185,0.125899
3,116,0.076923,0.028571,0.000000,0.049207,0.923077,0.952093,0.462963,0.000000
3,117,0.076923,0.028571,0.000000,0.132518,0.923077,0.870984,0.277778,0.000000
3,118,0.076923,0.028571,0.000000,0.183139,0.923077,0.821701,0.481481,0.000000
3,119,0.076923,0.028571,0.000000,0.000000,0.923077,1.000000,0.277778,0.000000
3,120,0.076923,0.028571,0.000000,0.867482,0.923077,0.155443,0.351852,0.000000
3,121,0.076923,0.028571,0.000000,1.000000,0.923077,0.026427,0.240741,0.000000
3,122,0.076923,0.028571,0.000000,0.108118,0.923077,0.894739,0.277778,0.000000
3,123,0.076923,0.028571,0.000000,0.114511,0.923077,0.888515,0.425926,0.000000
3,124,0.076923,0.028571,0.000000,0.039166,0.923077,0.961869,0.203704,0.000000
3,125,0.076923,0.028571,0.000000,0.075021,0.923077,0.926962,0.425926,0.000000
3,126,0.076923,0.028571,0.000000,0.000000,0.923077,1.000000,0.259259,0.000000
3,127,0.076923,0.028571,0.000000,0.135241,0.923077,0.868333,0.481481,0.000000
3,128,0.076923,0.028571,0.000000,0.059473,0.923077,0.942099,0.222222,0.000000
3,129,0.076923,0.028571,0.000000,0.183139,0.923077,0.821701,0.407407,0.000000
3,130,0.076923,0.028571,0.000000,0.000000,0.923077,1.000000,0.277778,0.000000
3,131,0.076923,0.028571,0.000000,0.351381,0.923077,0.657905,0.444444,0.000000
3,132,0.076923,0.028571,0.000000,0.350958,0.923077,0.658317,0.222222,0.000000
3,133,0.076923,0.028571,0.352247,0.108118,0.923077,0.738538,0.240741,0.044347
3,134,0.076923,0.028571,0.000000,0.093505,0.923077,0.908966,0.407407,0.000000
3,135,0.076923,0.028571,0.000000,0.184280,0.923077,0.820590,0.259259,0.000000
3,136,0.076923,0.028571,0.000000,0.000000,0.923077,1.000000,0.500000,0.000000
3,137,0.076923,0.028571,0.000000,0.380066,0.923077,0.629978,0.203704,0.000000
3,138,0.076923,0.028571,0.000000,0.093505,0.923077,0.908966,0.370370,0.000000
3,139,0.076923,0.028571,0.000000,0.112211,0.923077,0.890754,0.277778,0.000000
3,140,0.076923,0.028571,0.000000,0.157613,0.923077,0.846552,0.425926,0.000000
3,141,0.076923,0.028571,0.000000,0.195786,0.923077,0.809388,0.277778,0.000000
3,142,0.076923,0.028571,0.731854,0.620500,0.923077,0.071363,0.314815,0.146371
3,143,0.076923,0.028571,0.000000,0.732711,0.923077,0.286652,0.240741,0.000000
3,144,0.076923,0.028571,0.150976,0.157613,0.923077,0.779603,0.296296,0.030195
3,145,0.076923,0.028571,0.000000,0.071133,0.923077,0.930747,0.259259,0.000000
3,146,0.076923,0.028571,0.094727,0.042086,0.923077,0.917021,0.240741,0.011926
3,147,0.076923,0.028571,0.000000,0.000000,0.923077,1.000000,0.259259,0.000000
3,148,0.076923,0.028571,0.000000,0.000000,0.923077,1.000000,0.222222,0.000000
3,149,0.076923,0.028571,0.005937,0.091862,0.923077,0.907933,0.240741,0.001187
3,150,0.076923,0.028571,0.267295,0.042086,0.923077,0.840496,0.222222,0.033652
3,151,0.076923,0.028571,0.000000,0.000000,0.923077,1.000000,0.259259,0.000000
3,152,0.076923,0.028571,0.369633,0.000000,0.923077,0.836089,0.277778,0.046536
3,153,0.076923,0.028571,0.000000,0.020730,0.923077,0.979818,0.259259,0.000000
3,154,0.076923,0.028571,0.000000,0.000000,0.923077,1.000000,0.222222,0.000000
3,155,0.076923,0.028571,0.000000,0.000000,0.923077,1.000000,0.222222,0.000000
3,156,0.038462,0.021429,0.000000,0.469991,0.961538,0.542430,0.444444,0.000000
3,157,0.038462,0.021429,0.000000,0.566593,0.961538,0.448380,0.444444,0.000000
3,158,0.038462,0.021429,0.000000,0.382314,0.961538,0.627790,0.462963,0.000000
3,159,0.038462,0.021429,0.000000,0.762380,0.961538,0.257767,0.462963,0.000000
3,160,0.038462,0.021429,0.000000,0.469991,0.961538,0.542430,0.407407,0.000000
3,161,0.038462,0.021429,0.000000,0.382314,0.961538,0.627790,0.500000,0.000000
3,162,0.038462,0.021429,0.000000,0.539926,0.961538,0.474342,0.444444,0.000000
3,163,0.038462,0.021429,0.000000,0.578100,0.961538,0.437177,0.537037,0.000000
3,164,0.038462,0.021429,0.228869,0.465983,0.961538,0.444841,0.388889,0.045774
3,165,0.038462,0.021429,0.000000,0.465983,0.961538,0.546331,0.444444,0.000000
3,166,0.038462,0.021429,0.000000,0.539926,0.961538,0.474342,0.518519,0.000000
3,167,0.346154,0.078571,0.147286,0.002919,0.653846,0.931845,0.203704,0.018543
3,168,0.076923,0.028571,0.000000,0.455479,0.923077,0.556558,0.222222,0.000000
3,169,0.076923,0.028571,0.000000,0.000000,0.923077,1.000000,0.240741,0.000000
3,170,0.076923,0.028571,0.000000,0.000000,0.923077,1.000000,0.222222,0.000000
3,171,0.076923,0.028571,0.000000,0.000000,0.923077,1.000000,0.277778,0.000000
3,172,0.076923,0.028571,0.000000,0.455479,0.923077,0.556558,0.185185,0.000000
3,173,0.076923,0.028571,0.164708,0.102209,0.923077,0.827454,0.222222,0.032942
3,174,0.076923,0.028571,0.044583,0.000000,0.923077,0.980230,0.222222,0.005613
3,175,0.076923,0.028571,0.000000,0.000000,0.923077,1.000000,0.240741,0.000000
3,176,0.076923,0.028571,0.000000,0.160441,0.923077,0.843799,0.185185,0.000000
3,177,0.076923,0.028571,0.237372,0.262650,0.923077,0.639030,0.203704,0.047474
3,178,0.076923,0.028571,0.000000,0.000000,0.923077,1.000000,0.222222,0.000000
3,179,0.076923,0.028571,0.000000,0.455479,0.923077,0.556558,0.203704,0.000000
3,180,0.076923,0.028571,0.000000,0.000000,0.923077,1.000000,0.222222,0.000000
3,181,0.076923,0.028571,0.000000,0.000000,0.923077,1.000000,0.166667,0.000000
3,182,0.076923,0.028571,0.012797,0.000000,0.923077,0.994325,0.240741,0.001611
3,183,0.076923,0.028571,0.000000,0.455479,0.923077,0.556558,0.203704,0.000000
3,184,0.076923,0.028571,0.000000,0.179152,0.923077,0.825582,0.240741,0.000000
3,185,0.076923,0.028571,0.246359,0.000000,0.923077,0.890754,0.222222,0.031016
3,186,0.076923,0.028571,0.000000,0.333344,0.923077,0.675465,0.259259,0.000000
3,187,0.076923,0.028571,0.000000,0.068767,0.923077,0.933051,0.185185,0.000000
3,188,0.076923,0.028571,0.000000,0.247919,0.923077,0.758633,0.240741,0.000000
3,189,0.076923,0.028571,0.780899,0.333344,0.923077,0.329181,0.203704,0.098314
3,190,0.076923,0.028571,0.000000,0.043146,0.923077,0.957994,0.203704,0.000000
3,191,0.076923,0.028571,0.000000,0.000000,0.923077,1.000000,0.240741,0.000000
3,192,0.076923,0.028571,0.000000,0.164894,0.923077,0.839464,0.222222,0.000000
3,193,0.076923,0.028571,0.156171,0.002704,0.923077,0.928115,0.222222,0.019662
3,194,0.076923,0.028571,0.000000,0.168360,0.923077,0.836089,0.203704,0.000000
3,195,0.076923,0.028571,0.000000,0.000000,0.923077,1.000000,0.203704,0.000000
3,196,0.076923,0.028571,0.000000,0.121747,0.923077,0.881470,0.240741,0.000000
3,197,0.076923,0.028571,0.000000,0.002704,0.923077,0.997367,0.277778,0.000000
3,198,0.076923,0.028571,0.000000,0.328801,0.923077,0.679888,0.222222,0.000000
3,199,0.076923,0.028571,0.000000,0.160441,0.923077,0.843799,0.185185,0.000000
3,200,0.076923,0.028571,0.000000,0.000000,0.923077,1.000000,0.259259,0.000000
3,201,0.076923,0.028571,0.017149,0.000000,0.923077,0.992395,0.222222,0.002159
3,202,0.076923,0.028571,0.000000,0.000000,0.923077,1.000000,0.203704,0.000000
3,203,0.076923,0.028571,0.000000,0.000000,0.923077,1.000000,0.185185,0.000000
3,204,0.076923,0.028571,0.192494,0.000000,0.923077,0.914640,0.240741,0.024235
3,205,0.076923,0.028571,0.213186,0.000000,0.923077,0.905464,0.166667,0.026840
3,206,0.076923,0.028571,0.000000,0.076943,0.923077,0.925090,0.203704,0.000000
3,207,0.076923,0.028571,0.000000,0.000000,0.923077,1.000000,0.222222,0.000000
3,208,0.076923,0.028571,0.000000,0.437589,0.923077,0.573975,0.222222,0.000000
3,209,0.076923,0.028571,0.000000,0.068767,0.923077,0.933051,0.185185,0.000000
3,210,0.076923,0.028571,0.000000,0.145710,0.923077,0.858141,0.185185,0.000000
3,211,0.076923,0.028571,0.000000,0.437589,0.923077,0.573975,0.203704,0.000000
3,212,0.038462,0.021429,0.000000,0.110232,0.961538,0.892681,0.222222,0.000000
3,213,0.038462,0.021429,0.000000,0.067086,0.961538,0.934687,0.240741,0.000000
3,214,0.038462,0.021429,0.000000,0.231979,0.961538,0.774151,0.259259,0.000000
3,215,0.038462,0.021429,0.000000,0.069790,0.961538,0.932054,0.277778,0.000000
3,216,0.038462,0.021429,0.000000,0.235446,0.961538,0.770776,0.222222,0.000000
3,217,0.038462,0.021429,0.000000,0.067086,0.961538,0.934687,0.240741,0.000000
3,218,0.038462,0.021429,0.000000,0.188833,0.961538,0.816157,0.259259,0.000000
3,219,0.038462,0.021429,0.000000,0.069790,0.961538,0.932054,0.277778,0.000000
3,220,0.038462,0.021429,0.000000,0.235446,0.961538,0.770776,0.222222,0.000000
3,221,0.038462,0.021429,0.000000,0.067086,0.961538,0.934687,0.240741,0.000000
3,222,0.038462,0.021429,0.000000,0.067086,0.961538,0.934687,0.259259,0.000000
3,223,0.346154,0.078571,0.000000,0.104245,0.653846,0.898510,0.185185,0.000000
3,224,0.019231,0.017857,0.000000,0.005829,0.980769,0.994325,0.518519,0.000000
3,225,0.019231,0.017857,0.000000,0.000000,0.980769,1.000000,0.481481,0.000000
3,226,0.019231,0.017857,0.000000,0.075021,0.980769,0.926962,0.555556,0.000000
3,227,0.019231,0.017857,0.000000,0.000000,0.980769,1.000000,0.481481,0.000000
3,228,0.019231,0.017857,0.000000,0.005829,0.980769,0.994325,0.537037,0.000000
3,229,0.019231,0.017857,0.000000,0.132518,0.980769,0.870984,0.425926,0.000000
3,230,0.019231,0.017857,0.224399,0.183139,0.980769,0.722193,0.481481,0.028251
3,231,0.019231,0.017857,0.000000,0.000000,0.980769,1.000000,0.481481,0.000000
3,232,0.019231,0.017857,0.000000,0.355683,0.980769,0.653716,0.500000,0.000000
3,233,0.019231,0.017857,0.000000,0.488201,0.980769,0.524700,0.462963,0.000000
3,234,0.019231,0.017857,0.000000,0.108118,0.980769,0.894739,0.481481,0.000000
3,235,0.019231,0.017857,0.000000,0.071133,0.980769,0.930747,0.500000,0.000000
3,236,0.019231,0.017857,0.000000,0.000000,0.980769,1.000000,0.481481,0.000000
3,237,0.019231,0.017857,0.000000,0.075021,0.980769,0.926962,0.500000,0.000000
3,238,0.019231,0.017857,0.000000,0.000000,0.980769,1.000000,0.500000,0.000000
3,239,0.019231,0.017857,0.000000,0.071133,0.980769,0.930747,0.537037,0.000000
3,240,0.019231,0.017857,0.000000,0.020307,0.980769,0.980230,0.444444,0.000000
3,241,0.019231,0.017857,0.000000,0.183139,0.980769,0.821701,0.444444,0.000000
3,242,0.019231,0.017857,0.000000,0.000000,0.980769,1.000000,0.555556,0.000000
3,243,0.019231,0.017857,0.000000,0.000000,0.980769,1.000000,0.555556,0.000000
3,244,0.019231,0.017857,0.000000,0.020307,0.980769,0.980230,0.500000,0.000000
3,245,0.019231,0.017857,0.000000,0.108118,0.980769,0.894739,0.462963,0.000000
3,246,0.019231,0.017857,0.000000,0.093505,0.980769,0.908966,0.481481,0.000000
3,247,0.019231,0.017857,0.000000,0.007811,0.980769,0.992395,0.425926,0.000000
3,248,0.019231,0.017857,0.000000,0.000000,0.980769,1.000000,0.518519,0.000000
3,249,0.019231,0.017857,0.000000,0.104913,0.980769,0.897859,0.444444,0.000000
3,250,0.019231,0.017857,0.000000,0.093505,0.980769,0.908966,0.481481,0.000000
3,251,0.019231,0.017857,0.000000,0.112211,0.980769,0.890754,0.462963,0.000000
3,252,0.019231,0.017857,0.168928,0.000000,0.980769,0.925090,0.462963,0.021268
3,253,0.019231,0.017857,0.000000,0.097102,0.980769,0.905464,0.481481,0.000000
3,254,0.019231,0.017857,0.000000,0.355683,0.980769,0.653716,0.481481,0.000000
3,255,0.019231,0.017857,0.000000,0.467895,0.980769,0.544470,0.462963,0.000000
3,256,0.019231,0.017857,0.000000,0.000000,0.980769,1.000000,0.462963,0.000000
3,257,0.019231,0.017857,0.000000,0.071133,0.980769,0.930747,0.555556,0.000000
3,258,0.019231,0.017857,0.000000,0.000000,0.980769,1.000000,0.500000,0.000000
3,259,0.019231,0.017857,0.000000,0.000000,0.980769,1.000000,0.518519,0.000000
3,260,0.019231,0.017857,0.000000,0.000000,0.980769,1.000000,0.537037,0.000000
3,261,0.019231,0.017857,0.000000,0.071133,0.980769,0.930747,0.500000,0.000000
3,262,0.019231,0.017857,0.000000,0.000000,0.980769,1.000000,0.481481,0.000000
3,263,0.019231,0.017857,0.000000,0.000000,0.980769,1.000000,0.425926,0.000000
3,264,0.019231,0.017857,0.000000,0.000000,0.980769,1.000000,0.537037,0.000000
3,265,0.019231,0.017857,0.000000,0.000000,0.980769,1.000000,0.537037,0.000000
3,266,0.019231,0.017857,0.000000,0.000000,0.980769,1.000000,0.574074,0.000000
3,267,0.019231,0.017857,0.000000,0.000000,0.980769,1.000000,0.444444,0.000000
3,268,0.000000,0.014286,0.000000,0.087677,1.000000,0.914640,0.481481,0.000000
3,269,0.000000,0.014286,0.000000,0.007811,1.000000,0.992395,0.481481,0.000000
3,270,0.000000,0.014286,0.000000,0.000000,1.000000,1.000000,0.500000,0.000000
3,271,0.000000,0.014286,0.000000,0.104913,1.000000,0.897859,0.462963,0.000000
3,272,0.000000,0.014286,0.000000,0.087677,1.000000,0.914640,0.500000,0.000000
3,273,0.000000,0.014286,0.000000,0.000000,1.000000,1.000000,0.555556,0.000000
3,274,0.000000,0.014286,0.000000,0.000000,1.000000,1.000000,0.481481,0.000000
3,275,0.000000,0.014286,0.000000,0.097102,1.000000,0.905464,0.555556,0.000000
3,276,0.000000,0.014286,0.000000,0.000000,1.000000,1.000000,0.500000,0.000000
3,277,0.000000,0.014286,0.000000,0.000000,1.000000,1.000000,0.500000,0.000000
3,278,0.000000,0.014286,0.000000,0.000000,1.000000,1.000000,0.518519,0.000000
3,279,0.153846,0.042857,0.000000,0.000000,0.846154,1.000000,0.388889,0.000000
3,280,1.000000,0.200000,0.000000,0.179152,0.000000,0.825582,0.166667,0.000000
4,0,0.076923,0.028571,0.000000,0.020326,0.923077,0.985545,0.472727,0.000000
4,1,0.076923,0.028571,0.000000,0.000000,0.923077,1.000000,0.272727,0.000000
4,2,0.076923,0.028571,0.000000,0.000000,0.923077,1.000000,0.545455,0.000000
4,3,0.076923,0.028571,0.000000,0.256514,0.923077,0.817582,0.218182,0.000000
4,4,0.076923,0.028571,0.000000,0.320741,0.923077,0.771908,0.454545,0.000000
4,5,0.076923,0.028571,0.000000,0.000000,0.923077,1.000000,0.254545,0.000000
4,6,0.076923,0.028571,0.000000,0.372199,0.923077,0.735314,0.563636,0.000000
4,7,0.076923,0.028571,0.000000,0.256514,0.923077,0.817582,0.309091,0.000000
4,8,0.076923,0.028571,0.000000,0.405701,0.923077,0.711489,0.418182,0.000000
4,9,0.076923,0.028571,0.336277,0.105286,0.923077,0.812114,0.236364,0.029625
4,10,0.076923,0.028571,0.000000,0.372199,0.923077,0.735314,0.345455,0.000000
4,11,0.076923,0.028571,0.000000,0.020326,0.923077,0.985545,0.436364,0.000000
4,12,0.076923,0.028571,0.000000,0.009680,0.923077,0.993116,0.218182,0.000000
4,13,0.076923,0.028571,0.000000,0.000000,0.923077,1.000000,0.436364,0.000000
4,14,0.076923,0.028571,0.000000,0.256514,0.923077,0.817582,0.254545,0.000000
4,15,0.076923,0.028571,0.000000,0.151276,0.923077,0.892421,0.472727,0.000000
4,16,0.076923,0.028571,0.000000,0.213563,0.923077,0.848126,0.218182,0.000000
4,17,0.076923,0.028571,0.000000,0.158916,0.923077,0.886988,0.454545,0.000000
4,18,0.076923,0.028571,0.000000,0.256514,0.923077,0.817582,0.236364,0.000000
4,19,0.076923,0.028571,0.000000,0.236236,0.923077,0.832002,0.400000,0.000000
4,20,0.076923,0.028571,0.451321,0.309170,0.923077,0.628462,0.236364,0.039760
4,21,0.076923,0.028571,0.000000,0.158916,0.923077,0.886988,0.290909,0.000000
4,22,0.076923,0.028571,0.000000,0.000000,0.923077,1.000000,0.418182,0.000000
4,23,0.076923,0.028571,0.000000,0.213524,0.923077,0.848154,0.236364,0.000000
4,24,0.076923,0.028571,0.000000,0.243557,0.923077,0.826796,0.490909,0.000000
4,25,0.076923,0.028571,0.000000,0.010118,0.923077,0.992805,0.218182,0.000000
4,26,0.076923,0.028571,0.000000,0.300415,0.923077,0.786363,0.400000,0.000000
4,27,0.076923,0.028571,0.000000,0.334992,0.923077,0.761773,0.236364,0.000000
4,28,0.076923,0.028571,0.000000,0.467227,0.923077,0.667735,0.490909,0.000000
4,29,0.076923,0.028571,0.000000,0.010118,0.923077,0.992805,0.236364,0.000000
4,30,0.076923,0.028571,0.000000,0.373328,0.923077,0.734511,0.436364,0.000000
4,31,0.076923,0.028571,0.000000,0.194381,0.923077,0.861767,0.236364,0.000000
4,32,0.076923,0.028571,0.000000,0.223670,0.923077,0.840939,0.309091,0.000000
4,33,0.076923,0.028571,0.000000,0.421629,0.923077,0.700162,0.254545,0.000000
4,34,0.076923,0.028571,0.000000,0.009680,0.923077,0.993116,0.218182,0.000000
4,35,0.076923,0.028571,0.451831,0.421629,0.923077,0.548316,0.218182,0.090366
4,36,0.076923,0.028571,0.000000,0.218838,0.923077,0.844375,0.218182,0.000000
4,37,0.076923,0.028571,0.021410,0.130950,0.923077,0.899681,0.272727,0.001886
4,38,0.076923,0.028571,0.515384,0.478880,0.923077,0.486245,0.218182,0.045404
4,39,0.076923,0.028571,0.000000,0.000000,0.923077,1.000000,0.254545,0.000000
4,40,0.076923,0.028571,0.000000,0.218838,0.923077,0.844375,0.236364,0.000000
4,41,0.076923,0.028571,0.000000,0.130950,0.923077,0.906876,0.236364,0.000000
4,42,0.076923,0.028571,0.000000,0.469200,0.923077,0.666332,0.200000,0.000000
4,43,0.076923,0.028571,0.000000,0.000000,0.923077,1.000000,0.218182,0.000000
4,44,0.038462,0.021429,0.000000,0.437070,0.961538,0.689181,0.381818,0.000000
4,45,0.038462,0.021429,0.892196,0.650594,0.961538,0.237497,0.418182,0.078600
4,46,0.038462,0.021429,0.000000,0.680628,0.961538,0.515977,0.418182,0.000000
4,47,0.038462,0.021429,0.000000,0.447188,0.961538,0.681986,0.454545,0.000000
4,48,0.038462,0.021429,0.463075,0.437070,0.961538,0.533556,0.400000,0.040796
4,49,0.038462,0.021429,0.000000,0.772063,0.961538,0.450954,0.472727,0.000000
4,50,0.038462,0.021429,0.000000,0.691014,0.961538,0.508591,0.400000,0.000000
4,51,0.038462,0.021429,0.000000,0.447188,0.961538,0.681986,0.418182,0.000000
4,52,0.038462,0.021429,0.000000,0.509983,0.961538,0.637329,0.400000,0.000000
4,53,0.038462,0.021429,0.000000,0.631452,0.961538,0.550948,0.381818,0.000000
4,54,0.038462,0.021429,0.000000,0.447457,0.961538,0.681794,0.436364,0.000000
4,55,0.346154,0.078571,0.000000,0.905783,0.653846,0.355859,0.200000,0.000000
4,56,0.076923,0.028571,0.000000,0.147394,0.923077,0.895182,0.490909,0.000000
4,57,0.076923,0.028571,0.000000,0.000000,0.923077,1.000000,0.290909,0.000000
4,58,0.076923,0.028571,0.000000,0.000000,0.923077,1.000000,0.490909,0.000000
4,59,0.076923,0.028571,0.043012,0.000000,0.923077,0.985545,0.254545,0.003789
4,60,0.076923,0.028571,0.542800,0.147394,0.923077,0.712765,0.418182,0.047819
4,61,0.076923,0.028571,0.000000,0.000000,0.923077,1.000000,0.236364,0.000000
4,62,0.076923,0.028571,0.000000,0.372199,0.923077,0.735314,0.436364,0.000000
4,63,0.076923,0.028571,0.000000,0.000000,0.923077,1.000000,0.290909,0.000000
4,64,0.076923,0.028571,0.000000,0.012867,0.923077,0.990850,0.345455,0.000000
4,65,0.076923,0.028571,0.000000,0.012867,0.923077,0.990850,0.200000,0.000000
4,66,0.076923,0.028571,0.222793,0.372199,0.923077,0.660440,0.254545,0.044559
4,67,0.076923,0.028571,0.000000,0.147394,0.923077,0.895182,0.454545,0.000000
4,68,0.076923,0.028571,0.000000,0.000000,0.923077,1.000000,0.236364,0.000000
4,69,0.076923,0.028571,0.000000,0.000000,0.923077,1.000000,0.436364,0.000000
4,70,0.076923,0.028571,0.000000,0.000000,0.923077,1.000000,0.218182,0.000000
4,71,0.076923,0.028571,0.000000,0.147394,0.923077,0.895182,0.472727,0.000000
4,72,0.076923,0.028571,0.000000,0.000000,0.923077,1.000000,0.254545,0.000000
4,73,0.076923,0.028571,0.000000,0.158916,0.923077,0.886988,0.418182,0.000000
4,74,0.076923,0.028571,0.635697,0.248789,0.923077,0.609438,0.254545,0.056003
4,75,0.076923,0.028571,0.000000,0.424829,0.923077,0.697886,0.381818,0.000000
4,76,0.076923,0.028571,0.000000,0.424829,0.923077,0.697886,0.236364,0.000000
4,77,0.076923,0.028571,0.000000,0.407705,0.923077,0.710064,0.290909,0.000000
4,78,0.076923,0.028571,0.000000,0.175839,0.923077,0.874954,0.472727,0.000000
4,79,0.076923,0.028571,0.000000,0.213524,0.923077,0.848154,0.272727,0.000000
4,80,0.076923,0.028571,0.020483,0.594037,0.923077,0.570672,0.472727,0.004097
4,81,0.076923,0.028571,0.000000,0.415234,0.923077,0.704710,0.254545,0.000000
4,82,0.076923,0.028571,0.000000,0.339738,0.923077,0.758398,0.381818,0.000000
4,83,0.076923,0.028571,0.000000,0.213524,0.923077,0.848154,0.236364,0.000000
4,84,0.076923,0.028571,0.431431,0.631481,0.923077,0.405937,0.418182,0.086286
4,85,0.076923,0.028571,0.277099,0.415234,0.923077,0.611586,0.290909,0.055420
4,86,0.076923,0.028571,0.000000,0.352605,0.923077,0.749248,0.381818,0.000000
4,87,0.076923,0.028571,0.000000,0.012867,0.923077,0.990850,0.254545,0.000000
4,88,0.076923,0.028571,0.000000,0.213283,0.923077,0.848325,0.290909,0.000000
4,89,0.076923,0.028571,0.000000,0.421629,0.923077,0.700162,0.236364,0.000000
4,90,0.076923,0.028571,0.000000,0.000000,0.923077,1.000000,0.200000,0.000000
4,91,0.076923,0.028571,0.000000,0.421629,0.923077,0.700162,0.200000,0.000000
4,92,0.076923,0.028571,0.000000,0.218838,0.923077,0.844375,0.218182,0.000000
4,93,0.076923,0.028571,0.000000,0.000000,0.923077,1.000000,0.236364,0.000000
4,94,0.076923,0.028571,0.000000,0.000000,0.923077,1.000000,0.181818,0.000000
4,95,0.076923,0.028571,0.257035,0.000000,0.923077,0.913619,0.236364,0.022644
4,96,0.076923,0.028571,0.000000,0.796277,0.923077,0.433734,0.218182,0.000000
4,97,0.076923,0.028571,0.000000,0.424829,0.923077,0.697886,0.181818,0.000000
4,98,0.076923,0.028571,0.021979,0.424829,0.923077,0.690500,0.236364,0.001936
4,99,0.076923,0.028571,0.154289,0.577440,0.923077,0.537507,0.236364,0.030858
4,100,0.038462,0.021429,0.000000,0.175839,0.961538,0.874954,0.490909,0.000000
4,101,0.038462,0.021429,0.000000,0.213524,0.961538,0.848154,0.418182,0.000000
4,102,0.038462,0.021429,0.000000,0.594037,0.961538,0.577555,0.418182,0.000000
4,103,0.038462,0.021429,0.000000,0.415234,0.961538,0.704710,0.472727,0.000000
4,104,0.038462,0.021429,0.000000,0.339738,0.961538,0.758398,0.418182,0.000000
4,105,0.038462,0.021429,0.000000,0.213524,0.961538,0.848154,0.490909,0.000000
4,106,0.038462,0.021429,0.561427,0.418198,0.961538,0.513924,0.400000,0.112285
4,107,0.038462,0.021429,0.000000,0.415234,0.961538,0.704710,0.472727,0.000000
4,108,0.038462,0.021429,0.000000,0.339738,0.961538,0.758398,0.418182,0.000000
4,109,0.038462,0.021429,0.000000,0.000000,0.961538,1.000000,0.490909,0.000000
4,110,0.038462,0.021429,0.000000,0.000000,0.961538,1.000000,0.490909,0.000000
4,111,0.346154,0.078571,0.924870,0.969118,0.653846,0.000000,0.218182,0.184974
4,112,0.076923,0.028571,0.000000,0.341654,0.923077,0.757035,0.436364,0.000000
4,113,0.076923,0.028571,0.000000,0.310068,0.923077,0.779497,0.272727,0.000000
4,114,0.076923,0.028571,0.000000,0.182606,0.923077,0.870141,0.509091,0.000000
4,115,0.076923,0.028571,0.311895,0.256514,0.923077,0.712765,0.200000,0.062379
4,116,0.076923,0.028571,0.000000,0.459462,0.923077,0.673257,0.454545,0.000000
4,117,0.076923,0.028571,0.000000,0.333184,0.923077,0.763059,0.272727,0.000000
4,118,0.076923,0.028571,0.000000,0.055488,0.923077,0.960540,0.472727,0.000000
4,119,0.076923,0.028571,0.000000,0.520874,0.923077,0.629584,0.272727,0.000000
4,120,0.076923,0.028571,0.000000,0.667122,0.923077,0.525581,0.345455,0.000000
4,121,0.076923,0.028571,0.000000,0.389823,0.923077,0.722780,0.236364,0.000000
4,122,0.076923,0.028571,0.000000,0.319848,0.923077,0.772542,0.272727,0.000000
4,123,0.076923,0.028571,0.000000,0.021244,0.923077,0.984892,0.418182,0.000000
4,124,0.076923,0.028571,0.000000,0.009680,0.923077,0.993116,0.200000,0.000000
4,125,0.076923,0.028571,0.000000,0.040196,0.923077,0.971415,0.418182,0.000000
4,126,0.076923,0.028571,0.000000,0.256514,0.923077,0.817582,0.254545,0.000000
4,127,0.076923,0.028571,0.000000,0.152194,0.923077,0.891768,0.472727,0.000000
4,128,0.076923,0.028571,0.000000,0.336373,0.923077,0.760791,0.218182,0.000000
4,129,0.076923,0.028571,0.000000,0.095684,0.923077,0.931955,0.400000,0.000000
4,130,0.076923,0.028571,0.000000,0.256514,0.923077,0.817582,0.272727,0.000000
4,131,0.076923,0.028571,0.000000,0.236236,0.923077,0.832002,0.436364,0.000000
4,132,0.076923,0.028571,0.000000,0.431980,0.923077,0.692801,0.218182,0.000000
4,133,0.076923,0.028571,0.027227,0.055488,0.923077,0.951390,0.254545,0.002399
4,134,0.076923,0.028571,0.000000,0.321328,0.923077,0.771490,0.400000,0.000000
4,135,0.076923,0.028571,0.000000,0.310068,0.923077,0.779497,0.254545,0.000000
4,136,0.076923,0.028571,0.000000,0.182606,0.923077,0.870141,0.490909,0.000000
4,137,0.076923,0.028571,0.000000,0.090355,0.923077,0.935745,0.200000,0.000000
4,138,0.076923,0.028571,0.000000,0.439136,0.923077,0.687712,0.363636,0.000000
4,139,0.076923,0.028571,0.000000,0.431537,0.923077,0.693116,0.272727,0.000000
4,140,0.076923,0.028571,0.000000,0.010387,0.923077,0.992614,0.418182,0.000000
4,141,0.076923,0.028571,0.000000,0.827290,0.923077,0.411679,0.272727,0.000000
4,142,0.076923,0.028571,0.526453,0.634749,0.923077,0.371679,0.309091,0.105291
4,143,0.076923,0.028571,0.000000,0.455803,0.923077,0.675860,0.236364,0.000000
4,144,0.076923,0.028571,0.898967,0.747322,0.923077,0.166434,0.290909,0.179793
4,145,0.076923,0.028571,0.000000,0.000918,0.923077,0.999347,0.254545,0.000000
4,146,0.076923,0.028571,0.372086,0.009680,0.923077,0.868070,0.254545,0.032780
4,147,0.076923,0.028571,0.000000,0.040196,0.923077,0.971415,0.254545,0.000000
4,148,0.076923,0.028571,0.000000,0.000000,0.923077,1.000000,0.218182,0.000000
4,149,0.076923,0.028571,0.857253,0.131868,0.923077,0.618128,0.236364,0.075522
4,150,0.076923,0.028571,0.369551,0.578574,0.923077,0.464357,0.236364,0.032557
4,151,0.076923,0.028571,0.000000,0.040196,0.923077,0.971415,0.254545,0.000000
4,152,0.076923,0.028571,0.718908,0.213956,0.923077,0.606245,0.290909,0.063334
4,153,0.076923,0.028571,0.000000,0.130950,0.923077,0.906876,0.254545,0.000000
4,154,0.076923,0.028571,0.000000,0.568894,0.923077,0.595436,0.218182,0.000000
4,155,0.076923,0.028571,0.000000,0.213956,0.923077,0.847847,0.218182,0.000000
4,156,0.038462,0.021429,0.000000,0.437070,0.961538,0.689181,0.436364,0.000000
4,157,0.038462,0.021429,0.000000,0.437070,0.961538,0.689181,0.436364,0.000000
4,158,0.038462,0.021429,0.000000,0.437070,0.961538,0.689181,0.454545,0.000000
4,159,0.038462,0.021429,0.000000,0.527425,0.961538,0.624926,0.454545,0.000000
4,160,0.038462,0.021429,0.000000,0.437070,0.961538,0.689181,0.400000,0.000000
4,161,0.038462,0.021429,0.000000,0.558539,0.961538,0.602799,0.490909,0.000000
4,162,0.038462,0.021429,0.000000,0.447457,0.961538,0.681794,0.436364,0.000000
4,163,0.038462,0.021429,0.000000,1.000000,0.961538,0.288858,0.527273,0.000000
4,164,0.038462,0.021429,0.695448,0.509983,0.961538,0.403612,0.381818,0.061267
4,165,0.038462,0.021429,0.000000,0.631452,0.961538,0.550948,0.436364,0.000000
4,166,0.038462,0.021429,0.000000,0.920032,0.961538,0.345727,0.509091,0.000000
4,167,0.346154,0.078571,0.000000,0.479272,0.653846,0.659169,0.218182,0.000000
4,168,0.076923,0.028571,0.000000,0.147394,0.923077,0.895182,0.218182,0.000000
4,169,0.076923,0.028571,0.000000,0.000000,0.923077,1.000000,0.236364,0.000000
4,170,0.076923,0.028571,0.000000,0.000000,0.923077,1.000000,0.218182,0.000000
4,171,0.076923,0.028571,0.000000,0.000000,0.923077,1.000000,0.272727,0.000000
4,172,0.076923,0.028571,0.000000,0.147394,0.923077,0.895182,0.181818,0.000000
4,173,0.076923,0.028571,0.000000,0.168499,0.923077,0.880173,0.218182,0.000000
4,174,0.076923,0.028571,0.048915,0.000000,0.923077,0.983561,0.236364,0.004309
4,175,0.076923,0.028571,0.000000,0.000000,0.923077,1.000000,0.236364,0.000000
4,176,0.076923,0.028571,0.000000,0.012867,0.923077,0.990850,0.181818,0.000000
4,177,0.076923,0.028571,0.117416,0.181366,0.923077,0.831563,0.200000,0.023483
4,178,0.076923,0.028571,0.000000,0.000000,0.923077,1.000000,0.218182,0.000000
4,179,0.076923,0.028571,0.000000,0.147394,0.923077,0.895182,0.200000,0.000000
4,180,0.076923,0.028571,0.386407,0.000000,0.923077,0.870141,0.218182,0.034042
4,181,0.076923,0.028571,0.656125,0.000000,0.923077,0.779497,0.163636,0.057803
4,182,0.076923,0.028571,0.293544,0.000000,0.923077,0.901349,0.254545,0.025861
4,183,0.076923,0.028571,0.000000,0.147394,0.923077,0.895182,0.200000,0.000000
4,184,0.076923,0.028571,0.000000,0.168499,0.923077,0.880173,0.236364,0.000000
4,185,0.076923,0.028571,0.000000,0.000000,0.923077,1.000000,0.236364,0.000000
4,186,0.076923,0.028571,0.000000,0.248789,0.923077,0.823076,0.254545,0.000000
4,187,0.076923,0.028571,0.559405,0.424829,0.923077,0.509888,0.181818,0.049282
4,188,0.076923,0.028571,0.000000,0.593328,0.923077,0.578059,0.236364,0.000000
4,189,0.076923,0.028571,0.553185,0.248789,0.923077,0.637168,0.218182,0.048734
4,190,0.076923,0.028571,0.000000,0.175839,0.923077,0.874954,0.200000,0.000000
4,191,0.076923,0.028571,0.000000,0.000000,0.923077,1.000000,0.236364,0.000000
4,192,0.076923,0.028571,0.000000,0.350479,0.923077,0.750759,0.218182,0.000000
4,193,0.076923,0.028571,0.001943,0.405116,0.923077,0.711252,0.236364,0.000389
4,194,0.076923,0.028571,0.000000,0.339738,0.923077,0.758398,0.200000,0.000000
4,195,0.076923,0.028571,0.085058,0.000000,0.923077,0.971415,0.200000,0.007493
4,196,0.076923,0.028571,0.210959,0.174641,0.923077,0.804909,0.236364,0.042192
4,197,0.076923,0.028571,0.000000,0.405116,0.923077,0.711905,0.272727,0.000000
4,198,0.076923,0.028571,0.000000,0.352605,0.923077,0.749248,0.218182,0.000000
4,199,0.076923,0.028571,0.000000,0.012867,0.923077,0.990850,0.181818,0.000000
4,200,0.076923,0.028571,0.000000,0.000000,0.923077,1.000000,0.254545,0.000000
4,201,0.076923,0.028571,0.000000,0.000000,0.923077,1.000000,0.236364,0.000000
4,202,0.076923,0.028571,0.000000,0.000000,0.923077,1.000000,0.200000,0.000000
4,203,0.076923,0.028571,0.000000,0.000000,0.923077,1.000000,0.181818,0.000000
4,204,0.076923,0.028571,0.000000,0.000000,0.923077,1.000000,0.254545,0.000000
4,205,0.076923,0.028571,0.191197,0.000000,0.923077,0.935745,0.181818,0.016844
4,206,0.076923,0.028571,0.000000,0.000000,0.923077,1.000000,0.200000,0.000000
4,207,0.076923,0.028571,0.000000,0.000000,0.923077,1.000000,0.218182,0.000000
4,208,0.076923,0.028571,0.000000,0.577440,0.923077,0.589358,0.218182,0.000000
4,209,0.076923,0.028571,1.000000,0.424829,0.923077,0.361818,0.181818,0.088098
4,210,0.076923,0.028571,0.000000,0.424829,0.923077,0.697886,0.181818,0.000000
4,211,0.076923,0.028571,0.000000,0.577440,0.923077,0.589358,0.200000,0.000000
4,212,0.038462,0.021429,0.000000,0.175839,0.961538,0.874954,0.218182,0.000000
4,213,0.038462,0.021429,0.000000,0.000000,0.961538,1.000000,0.236364,0.000000
4,214,0.038462,0.021429,0.000000,0.350479,0.961538,0.750759,0.254545,0.000000
4,215,0.038462,0.021429,0.000000,0.405116,0.961538,0.711905,0.272727,0.000000
4,216,0.038462,0.021429,0.000000,0.339738,0.961538,0.758398,0.218182,0.000000
4,217,0.038462,0.021429,0.000000,0.000000,0.961538,1.000000,0.236364,0.000000
4,218,0.038462,0.021429,0.000000,0.174641,0.961538,0.875806,0.254545,0.000000
4,219,0.038462,0.021429,0.000000,0.405116,0.961538,0.711905,0.272727,0.000000
4,220,0.038462,0.021429,0.452745,0.339738,0.961538,0.606245,0.218182,0.090549
4,221,0.038462,0.021429,0.000000,0.000000,0.961538,1.000000,0.236364,0.000000
4,222,0.038462,0.021429,0.000000,0.000000,0.961538,1.000000,0.254545,0.000000
4,223,0.346154,0.078571,0.000000,0.328651,0.653846,0.766282,0.181818,0.000000
4,224,0.019231,0.017857,0.000000,0.321328,0.980769,0.771490,0.509091,0.000000
4,225,0.019231,0.017857,0.000000,0.310068,0.980769,0.779497,0.472727,0.000000
4,226,0.019231,0.017857,0.000000,0.182606,0.980769,0.870141,0.545455,0.000000
4,227,0.019231,0.017857,0.000000,0.000000,0.980769,1.000000,0.472727,0.000000
4,228,0.019231,0.017857,0.000000,0.138722,0.980769,0.901349,0.527273,0.000000
4,229,0.019231,0.017857,0.000000,0.333184,0.980769,0.763059,0.418182,0.000000
4,230,0.019231,0.017857,0.356556,0.055488,0.980769,0.840713,0.490909,0.031412
4,231,0.019231,0.017857,0.000000,0.264361,0.980769,0.812002,0.472727,0.000000
4,232,0.019231,0.017857,0.000000,0.261421,0.980769,0.814092,0.490909,0.000000
4,233,0.019231,0.017857,0.000000,0.284537,0.980769,0.797654,0.454545,0.000000
4,234,0.019231,0.017857,0.000000,0.319848,0.980769,0.772542,0.472727,0.000000
4,235,0.019231,0.017857,0.000000,0.000918,0.980769,0.999347,0.490909,0.000000
4,236,0.019231,0.017857,0.000000,0.000000,0.980769,1.000000,0.472727,0.000000
4,237,0.019231,0.017857,0.000000,0.040196,0.980769,0.971415,0.490909,0.000000
4,238,0.019231,0.017857,0.000000,0.000000,0.980769,1.000000,0.490909,0.000000
4,239,0.019231,0.017857,0.000000,0.000918,0.980769,0.999347,0.527273,0.000000
4,240,0.019231,0.017857,0.000000,0.122810,0.980769,0.912665,0.436364,0.000000
4,241,0.019231,0.017857,0.000000,0.095684,0.980769,0.931955,0.436364,0.000000
4,242,0.019231,0.017857,0.000000,0.000000,0.980769,1.000000,0.545455,0.000000
4,243,0.019231,0.017857,0.000000,0.000000,0.980769,1.000000,0.545455,0.000000
4,244,0.019231,0.017857,0.000000,0.122810,0.980769,0.912665,0.490909,0.000000
4,245,0.019231,0.017857,0.000000,0.055488,0.980769,0.960540,0.454545,0.000000
4,246,0.019231,0.017857,0.000000,0.321328,0.980769,0.771490,0.472727,0.000000
4,247,0.019231,0.017857,0.000000,0.310068,0.980769,0.779497,0.418182,0.000000
4,248,0.019231,0.017857,0.000000,0.182606,0.980769,0.870141,0.509091,0.000000
4,249,0.019231,0.017857,0.000000,0.090355,0.980769,0.935745,0.436364,0.000000
4,250,0.019231,0.017857,0.000000,0.138722,0.980769,0.901349,0.472727,0.000000
4,251,0.019231,0.017857,0.000000,0.310068,0.980769,0.779497,0.454545,0.000000
4,252,0.019231,0.017857,0.000000,0.000000,0.980769,1.000000,0.472727,0.000000
4,253,0.019231,0.017857,0.000000,0.827290,0.980769,0.411679,0.472727,0.000000
4,254,0.019231,0.017857,0.000000,0.261421,0.980769,0.814092,0.472727,0.000000
4,255,0.019231,0.017857,0.000000,0.261421,0.980769,0.814092,0.454545,0.000000
4,256,0.019231,0.017857,0.000000,0.736935,0.980769,0.475934,0.454545,0.000000
4,257,0.019231,0.017857,0.000000,0.000918,0.980769,0.999347,0.545455,0.000000
4,258,0.019231,0.017857,0.000000,0.000000,0.980769,1.000000,0.490909,0.000000
4,259,0.019231,0.017857,0.000000,0.040196,0.980769,0.971415,0.509091,0.000000
4,260,0.019231,0.017857,0.000000,0.000000,0.980769,1.000000,0.527273,0.000000
4,261,0.019231,0.017857,0.000000,0.000918,0.980769,0.999347,0.490909,0.000000
4,262,0.019231,0.017857,0.000000,0.099694,0.980769,0.929103,0.472727,0.000000
4,263,0.019231,0.017857,0.000000,0.040196,0.980769,0.971415,0.418182,0.000000
4,264,0.019231,0.017857,0.000000,0.213956,0.980769,0.847847,0.527273,0.000000
4,265,0.019231,0.017857,0.000000,0.000000,0.980769,1.000000,0.527273,0.000000
4,266,0.019231,0.017857,0.000000,0.099694,0.980769,0.929103,0.563636,0.000000
4,267,0.019231,0.017857,0.000000,0.213956,0.980769,0.847847,0.436364,0.000000
4,268,0.000000,0.014286,0.000000,0.000000,1.000000,1.000000,0.472727,0.000000
4,269,0.000000,0.014286,0.000000,0.000000,1.000000,1.000000,0.472727,0.000000
4,270,0.000000,0.014286,0.000000,0.000000,1.000000,1.000000,0.490909,0.000000
4,271,0.000000,0.014286,0.000000,0.090355,1.000000,0.935745,0.454545,0.000000
4,272,0.000000,0.014286,0.000000,0.000000,1.000000,1.000000,0.490909,0.000000
4,273,0.000000,0.014286,0.000000,0.000000,1.000000,1.000000,0.545455,0.000000
4,274,0.000000,0.014286,0.000000,0.000000,1.000000,1.000000,0.472727,0.000000
4,275,0.000000,0.014286,0.000000,0.562930,1.000000,0.599677,0.545455,0.000000
4,276,0.000000,0.014286,0.000000,0.000000,1.000000,1.000000,0.490909,0.000000
4,277,0.000000,0.014286,0.000000,0.000000,1.000000,1.000000,0.490909,0.000000
4,278,0.000000,0.014286,0.000000,0.472575,1.000000,0.663932,0.509091,0.000000
4,279,0.153846,0.042857,0.000000,0.213956,0.846154,0.847847,0.381818,0.000000
4,280,1.000000,0.200000,0.000000,0.168499,0.000000,0.880173,0.163636,0.000000
5,0,0.076923,0.028571,0.000000,0.000000,0.923077,1.000000,0.464286,0.000000
5,1,0.076923,0.028571,0.000000,0.080919,0.923077,0.927307,0.267857,0.000000
5,2,0.076923,0.028571,0.000000,0.000000,0.923077,1.000000,0.535714,0.000000
5,3,0.076923,0.028571,0.000000,0.374115,0.923077,0.663919,0.214286,0.000000
5,4,0.076923,0.028571,0.000000,0.259225,0.923077,0.767129,0.446429,0.000000
5,5,0.076923,0.028571,0.000000,0.000000,0.923077,1.000000,0.250000,0.000000
5,6,0.076923,0.028571,0.000000,0.286367,0.923077,0.742746,0.553571,0.000000
5,7,0.076923,0.028571,0.000000,0.293196,0.923077,0.736612,0.303571,0.000000
5,8,0.076923,0.028571,0.000000,0.618353,0.923077,0.444512,0.410714,0.000000
5,9,0.076923,0.028571,0.000000,0.359128,0.923077,0.677383,0.250000,0.000000
5,10,0.076923,0.028571,0.000000,0.286367,0.923077,0.742746,0.339286,0.000000
5,11,0.076923,0.028571,0.000000,0.000000,0.923077,1.000000,0.428571,0.000000
5,12,0.076923,0.028571,0.000000,0.080919,0.923077,0.927307,0.214286,0.000000
5,13,0.076923,0.028571,0.000000,0.000000,0.923077,1.000000,0.428571,0.000000
5,14,0.076923,0.028571,0.000000,0.374115,0.923077,0.663919,0.250000,0.000000
5,15,0.076923,0.028571,0.000000,0.000000,0.923077,1.000000,0.464286,0.000000
5,16,0.076923,0.028571,0.000000,0.085067,0.923077,0.923581,0.214286,0.000000
5,17,0.076923,0.028571,0.000000,0.000000,0.923077,1.000000,0.446429,0.000000
5,18,0.076923,0.028571,0.278301,0.293196,0.923077,0.590405,0.232143,0.029428
5,19,0.076923,0.028571,0.000000,0.261488,0.923077,0.765096,0.392857,0.000000
5,20,0.076923,0.028571,0.489677,0.346555,0.923077,0.431424,0.250000,0.097935
5,21,0.076923,0.028571,0.000000,0.000000,0.923077,1.000000,0.285714,0.000000
5,22,0.076923,0.028571,0.000000,0.000000,0.923077,1.000000,0.410714,0.000000
5,23,0.076923,0.028571,0.000000,0.532745,0.923077,0.521417,0.232143,0.000000
5,24,0.076923,0.028571,0.000000,0.112079,0.923077,0.899315,0.482143,0.000000
5,25,0.076923,0.028571,0.000000,0.054104,0.923077,0.951397,0.214286,0.000000
5,26,0.076923,0.028571,0.000000,0.259225,0.923077,0.767129,0.392857,0.000000
5,27,0.076923,0.028571,0.000000,0.478642,0.923077,0.570020,0.232143,0.000000
5,28,0.076923,0.028571,0.000000,0.398447,0.923077,0.642062,0.482143,0.000000
5,29,0.076923,0.028571,0.000000,0.000000,0.923077,1.000000,0.232143,0.000000
5,30,0.076923,0.028571,0.000000,0.575561,0.923077,0.482954,0.428571,0.000000
5,31,0.076923,0.028571,0.000000,0.316336,0.923077,0.715825,0.232143,0.000000
5,32,0.076923,0.028571,0.000000,0.286367,0.923077,0.742746,0.303571,0.000000
5,33,0.076923,0.028571,0.000000,0.113171,0.923077,0.898334,0.250000,0.000000
5,34,0.076923,0.028571,0.000000,0.000000,0.923077,1.000000,0.214286,0.000000
5,35,0.076923,0.028571,0.818459,0.113171,0.923077,0.468354,0.214286,0.086545
5,36,0.076923,0.028571,0.000000,0.182534,0.923077,0.836023,0.214286,0.000000
5,37,0.076923,0.028571,0.000000,0.000000,0.923077,1.000000,0.285714,0.000000
5,38,0.076923,0.028571,0.191651,0.274696,0.923077,0.652546,0.232143,0.038330
5,39,0.076923,0.028571,0.000000,0.000000,0.923077,1.000000,0.250000,0.000000
5,40,0.076923,0.028571,0.000000,0.362658,0.923077,0.674212,0.232143,0.000000
5,41,0.076923,0.028571,0.000000,0.000000,0.923077,1.000000,0.232143,0.000000
5,42,0.076923,0.028571,0.000000,0.274696,0.923077,0.753231,0.196429,0.000000
5,43,0.076923,0.028571,0.000000,0.180124,0.923077,0.838188,0.214286,0.000000
5,44,0.038462,0.021429,0.000000,0.467255,0.961538,0.580249,0.375000,0.000000
5,45,0.038462,0.021429,0.193519,1.000000,0.961538,0.000000,0.428571,0.038704
5,46,0.038462,0.021429,0.000000,0.579334,0.961538,0.479564,0.410714,0.000000
5,47,0.038462,0.021429,0.000000,0.521358,0.961538,0.531646,0.446429,0.000000
5,48,0.038462,0.021429,0.312126,0.467255,0.961538,0.416272,0.410714,0.033005
5,49,0.038462,0.021429,0.000000,0.945896,0.961538,0.150269,0.464286,0.000000
5,50,0.038462,0.021429,0.199642,0.579334,0.961538,0.374682,0.392857,0.021111
5,51,0.038462,0.021429,0.000000,0.467255,0.961538,0.580249,0.410714,0.000000
5,52,0.038462,0.021429,0.308006,0.685950,0.961538,0.221975,0.392857,0.032569
5,53,0.038462,0.021429,0.000000,0.685950,0.961538,0.383787,0.375000,0.000000
5,54,0.038462,0.021429,0.000000,0.467255,0.961538,0.580249,0.428571,0.000000
5,55,0.346154,0.078571,0.371646,0.665458,0.653846,0.206950,0.196429,0.074329
5,56,0.076923,0.028571,0.138369,0.304064,0.923077,0.654156,0.482143,0.027674
5,57,0.076923,0.028571,0.000000,0.000000,0.923077,1.000000,0.285714,0.000000
5,58,0.076923,0.028571,0.000000,0.000000,0.923077,1.000000,0.482143,0.000000
5,59,0.076923,0.028571,0.000000,0.000000,0.923077,1.000000,0.267857,0.000000
5,60,0.076923,0.028571,0.501354,0.704167,0.923077,0.104034,0.428571,0.100271
5,61,0.076923,0.028571,0.000000,0.000000,0.923077,1.000000,0.232143,0.000000
5,62,0.076923,0.028571,0.000000,0.286367,0.923077,0.742746,0.428571,0.000000
5,63,0.076923,0.028571,0.000000,0.000000,0.923077,1.000000,0.285714,0.000000
5,64,0.076923,0.028571,0.000000,0.400103,0.923077,0.640574,0.339286,0.000000
5,65,0.076923,0.028571,0.000000,0.000000,0.923077,1.000000,0.196429,0.000000
5,66,0.076923,0.028571,0.447134,0.286367,0.923077,0.507843,0.250000,0.047281
5,67,0.076923,0.028571,0.000000,0.304064,0.923077,0.726849,0.446429,0.000000
5,68,0.076923,0.028571,0.000000,0.000000,0.923077,1.000000,0.232143,0.000000
5,69,0.076923,0.028571,0.000000,0.000000,0.923077,1.000000,0.428571,0.000000
5,70,0.076923,0.028571,0.000000,0.000000,0.923077,1.000000,0.214286,0.000000
5,71,0.076923,0.028571,0.000000,0.304064,0.923077,0.726849,0.464286,0.000000
5,72,0.076923,0.028571,0.000000,0.000000,0.923077,1.000000,0.250000,0.000000
5,73,0.076923,0.028571,0.000000,0.000000,0.923077,1.000000,0.410714,0.000000
5,74,0.076923,0.028571,0.164965,0.584808,0.923077,0.387982,0.267857,0.032993
5,75,0.076923,0.028571,0.000000,0.317676,0.923077,0.714620,0.375000,0.000000
5,76,0.076923,0.028571,0.000000,0.317676,0.923077,0.714620,0.232143,0.000000
5,77,0.076923,0.028571,0.166961,0.584808,0.923077,0.386933,0.285714,0.033392
5,78,0.076923,0.028571,0.000000,0.000000,0.923077,1.000000,0.464286,0.000000
5,79,0.076923,0.028571,0.000000,0.478642,0.923077,0.570020,0.267857,0.000000
5,80,0.076923,0.028571,0.000000,0.198250,0.923077,0.821905,0.464286,0.000000
5,81,0.076923,0.028571,0.000000,0.000000,0.923077,1.000000,0.250000,0.000000
5,82,0.076923,0.028571,0.000000,0.595015,0.923077,0.465477,0.375000,0.000000
5,83,0.076923,0.028571,0.000000,0.478642,0.923077,0.570020,0.232143,0.000000
5,84,0.076923,0.028571,0.145462,0.484618,0.923077,0.488232,0.410714,0.015381
5,85,0.076923,0.028571,0.000000,0.000000,0.923077,1.000000,0.285714,0.000000
5,86,0.076923,0.028571,0.000000,0.595015,0.923077,0.465477,0.375000,0.000000
5,87,0.076923,0.028571,0.000000,0.000000,0.923077,1.000000,0.250000,0.000000
5,88,0.076923,0.028571,0.000000,0.286367,0.923077,0.742746,0.285714,0.000000
5,89,0.076923,0.028571,0.092515,0.113171,0.923077,0.849731,0.232143,0.009783
5,90,0.076923,0.028571,0.000000,0.044503,0.923077,0.960022,0.196429,0.000000
5,91,0.076923,0.028571,0.000000,0.113171,0.923077,0.898334,0.196429,0.000000
5,92,0.076923,0.028571,0.000000,0.182534,0.923077,0.836023,0.214286,0.000000
5,93,0.076923,0.028571,0.000000,0.000000,0.923077,1.000000,0.232143,0.000000
5,94,0.076923,0.028571,0.000000,0.161255,0.923077,0.855139,0.178571,0.000000
5,95,0.076923,0.028571,0.000000,0.000000,0.923077,1.000000,0.250000,0.000000
5,96,0.076923,0.028571,0.000000,0.982370,0.923077,0.117503,0.214286,0.000000
5,97,0.076923,0.028571,0.000000,0.317676,0.923077,0.714620,0.178571,0.000000
5,98,0.076923,0.028571,0.000000,0.434429,0.923077,0.609738,0.250000,0.000000
5,99,0.076923,0.028571,0.373961,0.799836,0.923077,0.085018,0.232143,0.074792
5,100,0.038462,0.021429,0.000000,0.217342,0.961538,0.804754,0.482143,0.000000
5,101,0.038462,0.021429,0.000000,0.695983,0.961538,0.374774,0.410714,0.000000
5,102,0.038462,0.021429,0.000000,0.415592,0.961538,0.626660,0.410714,0.000000
5,103,0.038462,0.021429,0.000000,0.217342,0.961538,0.804754,0.464286,0.000000
5,104,0.038462,0.021429,0.000000,0.412254,0.961538,0.629658,0.410714,0.000000
5,105,0.038462,0.021429,0.000000,0.695983,0.961538,0.374774,0.482143,0.000000
5,106,0.038462,0.021429,0.124616,0.415592,0.961538,0.561192,0.392857,0.013177
5,107,0.038462,0.021429,0.000000,0.217342,0.961538,0.804754,0.464286,0.000000
5,108,0.038462,0.021429,0.000000,0.412254,0.961538,0.629658,0.410714,0.000000
5,109,0.038462,0.021429,0.000000,0.217342,0.961538,0.804754,0.482143,0.000000
5,110,0.038462,0.021429,0.000000,0.217342,0.961538,0.804754,0.482143,0.000000
5,111,0.346154,0.078571,0.427342,0.671988,0.653846,0.171825,0.214286,0.085468
5,112,0.076923,0.028571,0.000000,0.000000,0.923077,1.000000,0.428571,0.000000
5,113,0.076923,0.028571,0.000000,0.332514,0.923077,0.701291,0.267857,0.000000
5,114,0.076923,0.028571,0.000000,0.000000,0.923077,1.000000,0.500000,0.000000
5,115,0.076923,0.028571,0.519938,0.374115,0.923077,0.390768,0.196429,0.054979
5,116,0.076923,0.028571,0.000000,0.096473,0.923077,0.913335,0.446429,0.000000
5,117,0.076923,0.028571,0.000000,0.318052,0.923077,0.714283,0.267857,0.000000
5,118,0.076923,0.028571,0.000000,0.393697,0.923077,0.646329,0.464286,0.000000
5,119,0.076923,0.028571,0.000000,0.313670,0.923077,0.718219,0.267857,0.000000
5,120,0.076923,0.028571,0.000000,0.638534,0.923077,0.426383,0.339286,0.000000
5,121,0.076923,0.028571,0.000000,0.608519,0.923077,0.453347,0.232143,0.000000
5,122,0.076923,0.028571,0.000000,0.414170,0.923077,0.627937,0.267857,0.000000
5,123,0.076923,0.028571,0.000000,0.613153,0.923077,0.449183,0.410714,0.000000
5,124,0.076923,0.028571,0.000000,0.332514,0.923077,0.701291,0.196429,0.000000
5,125,0.076923,0.028571,0.000000,0.509173,0.923077,0.542592,0.410714,0.000000
5,126,0.076923,0.028571,0.000000,0.374115,0.923077,0.663919,0.250000,0.000000
5,127,0.076923,0.028571,0.000000,0.103980,0.923077,0.906591,0.464286,0.000000
5,128,0.076923,0.028571,0.000000,0.417115,0.923077,0.625292,0.214286,0.000000
5,129,0.076923,0.028571,0.000000,0.393697,0.923077,0.646329,0.392857,0.000000
5,130,0.076923,0.028571,0.405860,0.451465,0.923077,0.381214,0.267857,0.042916
5,131,0.076923,0.028571,0.000000,0.444421,0.923077,0.600761,0.428571,0.000000
5,132,0.076923,0.028571,0.000000,0.609941,0.923077,0.452069,0.214286,0.000000
5,133,0.076923,0.028571,0.000000,0.551965,0.923077,0.504151,0.267857,0.000000
5,134,0.076923,0.028571,0.000000,0.016367,0.923077,0.985297,0.392857,0.000000
5,135,0.076923,0.028571,0.000000,0.230923,0.923077,0.792554,0.250000,0.000000
5,136,0.076923,0.028571,0.000000,0.000000,0.923077,1.000000,0.482143,0.000000
5,137,0.076923,0.028571,0.000000,0.528944,0.923077,0.524832,0.196429,0.000000
5,138,0.076923,0.028571,0.000000,0.112840,0.923077,0.898632,0.357143,0.000000
5,139,0.076923,0.028571,0.000000,0.066457,0.923077,0.940299,0.267857,0.000000
5,140,0.076923,0.028571,0.000000,0.000000,0.923077,1.000000,0.410714,0.000000
5,141,0.076923,0.028571,0.000000,0.728825,0.923077,0.345271,0.267857,0.000000
5,142,0.076923,0.028571,1.000000,0.527458,0.923077,0.000813,0.303571,0.105742
5,143,0.076923,0.028571,0.000000,0.497443,0.923077,0.553130,0.232143,0.000000
5,144,0.076923,0.028571,0.543214,0.430805,0.923077,0.327614,0.285714,0.057440
5,145,0.076923,0.028571,0.000000,0.613153,0.923077,0.449183,0.250000,0.000000
5,146,0.076923,0.028571,0.000000,0.000000,0.923077,1.000000,0.267857,0.000000
5,147,0.076923,0.028571,0.000000,0.509173,0.923077,0.542592,0.250000,0.000000
5,148,0.076923,0.028571,0.000000,0.000000,0.923077,1.000000,0.214286,0.000000
5,149,0.076923,0.028571,0.000000,0.103980,0.923077,0.906591,0.250000,0.000000
5,150,0.076923,0.028571,0.147349,0.238396,0.923077,0.708431,0.250000,0.029470
5,151,0.076923,0.028571,0.000000,0.000000,0.923077,1.000000,0.250000,0.000000
5,152,0.076923,0.028571,0.333293,0.158268,0.923077,0.682726,0.303571,0.035243
5,153,0.076923,0.028571,0.000000,0.000000,0.923077,1.000000,0.250000,0.000000
5,154,0.076923,0.028571,0.000000,0.238396,0.923077,0.785841,0.214286,0.000000
5,155,0.076923,0.028571,0.000000,0.158268,0.923077,0.857822,0.214286,0.000000
5,156,0.038462,0.021429,0.000000,0.266280,0.961538,0.760791,0.428571,0.000000
5,157,0.038462,0.021429,0.000000,0.480837,0.961538,0.568048,0.428571,0.000000
5,158,0.038462,0.021429,0.076098,0.249913,0.961538,0.735516,0.446429,0.008047
5,159,0.038462,0.021429,0.000000,0.778857,0.961538,0.300326,0.446429,0.000000
5,160,0.038462,0.021429,0.000000,0.266280,0.961538,0.760791,0.392857,0.000000
5,161,0.038462,0.021429,0.000000,0.249913,0.961538,0.775494,0.482143,0.000000
5,162,0.038462,0.021429,0.000000,0.249913,0.961538,0.775494,0.428571,0.000000
5,163,0.038462,0.021429,0.000000,0.958264,0.961538,0.139158,0.517857,0.000000
5,164,0.038462,0.021429,0.059683,0.583259,0.961538,0.444684,0.392857,0.006311
5,165,0.038462,0.021429,0.000000,0.583259,0.961538,0.476039,0.428571,0.000000
5,166,0.038462,0.021429,0.000000,0.660244,0.961538,0.406880,0.500000,0.000000
5,167,0.346154,0.078571,0.000000,0.072876,0.653846,0.934533,0.214286,0.000000
5,168,0.076923,0.028571,0.000000,0.304064,0.923077,0.726849,0.214286,0.000000
5,169,0.076923,0.028571,0.000000,0.000000,0.923077,1.000000,0.232143,0.000000
5,170,0.076923,0.028571,0.430218,0.000000,0.923077,0.773983,0.214286,0.045492
5,171,0.076923,0.028571,0.000000,0.000000,0.923077,1.000000,0.267857,0.000000
5,172,0.076923,0.028571,0.000000,0.541415,0.923077,0.513629,0.178571,0.000000
5,173,0.076923,0.028571,0.000000,0.284392,0.923077,0.744521,0.214286,0.000000
5,174,0.076923,0.028571,0.000000,0.000000,0.923077,1.000000,0.250000,0.000000
5,175,0.076923,0.028571,0.000000,0.000000,0.923077,1.000000,0.232143,0.000000
5,176,0.076923,0.028571,0.000000,0.237350,0.923077,0.786780,0.178571,0.000000
5,177,0.076923,0.028571,0.673206,0.284392,0.923077,0.390850,0.196429,0.071186
5,178,0.076923,0.028571,0.312809,0.000000,0.923077,0.835665,0.214286,0.033077
5,179,0.076923,0.028571,0.000000,0.304064,0.923077,0.726849,0.196429,0.000000
5,180,0.076923,0.028571,0.000000,0.000000,0.923077,1.000000,0.232143,0.000000
5,181,0.076923,0.028571,0.000000,0.000000,0.923077,1.000000,0.178571,0.000000
5,182,0.076923,0.028571,0.000000,0.000000,0.923077,1.000000,0.267857,0.000000
5,183,0.076923,0.028571,0.000000,0.304064,0.923077,0.726849,0.196429,0.000000
5,184,0.076923,0.028571,0.000000,0.284392,0.923077,0.744521,0.232143,0.000000
5,185,0.076923,0.028571,0.113639,0.000000,0.923077,0.940299,0.232143,0.012016
5,186,0.076923,0.028571,0.000000,0.584808,0.923077,0.474647,0.250000,0.000000
5,187,0.076923,0.028571,0.035010,0.456153,0.923077,0.571830,0.196429,0.007002
5,188,0.076923,0.028571,0.000000,0.740545,0.923077,0.334743,0.232143,0.000000
5,189,0.076923,0.028571,0.000000,0.584808,0.923077,0.474647,0.232143,0.000000
5,190,0.076923,0.028571,0.000000,0.000000,0.923077,1.000000,0.196429,0.000000
5,191,0.076923,0.028571,0.870667,0.000000,0.923077,0.542592,0.232143,0.092066
5,192,0.076923,0.028571,0.000000,0.086171,0.923077,0.922590,0.214286,0.000000
5,193,0.076923,0.028571,0.177802,0.000000,0.923077,0.906591,0.232143,0.018801
5,194,0.076923,0.028571,0.000000,0.432263,0.923077,0.611684,0.196429,0.000000
5,195,0.076923,0.028571,0.000000,0.000000,0.923077,1.000000,0.214286,0.000000
5,196,0.076923,0.028571,0.137570,0.086171,0.923077,0.850317,0.232143,0.014547
5,197,0.076923,0.028571,0.000000,0.000000,0.923077,1.000000,0.267857,0.000000
5,198,0.076923,0.028571,0.270633,0.432263,0.923077,0.469506,0.214286,0.054127
5,199,0.076923,0.028571,0.000000,0.000000,0.923077,1.000000,0.178571,0.000000
5,200,0.076923,0.028571,0.000000,0.000000,0.923077,1.000000,0.250000,0.000000
5,201,0.076923,0.028571,0.302355,0.000000,0.923077,0.841157,0.232143,0.031972
5,202,0.076923,0.028571,0.000000,0.044503,0.923077,0.960022,0.196429,0.000000
5,203,0.076923,0.028571,0.000000,0.000000,0.923077,1.000000,0.178571,0.000000
5,204,0.076923,0.028571,0.027988,0.000000,0.923077,0.985297,0.250000,0.002959
5,205,0.076923,0.028571,0.509604,0.000000,0.923077,0.732278,0.196429,0.053886
5,206,0.076923,0.028571,0.000000,0.044503,0.923077,0.960022,0.196429,0.000000
5,207,0.076923,0.028571,0.000000,0.000000,0.923077,1.000000,0.214286,0.000000
5,208,0.076923,0.028571,0.000000,0.619712,0.923077,0.443292,0.214286,0.000000
5,209,0.076923,0.028571,0.701650,0.456153,0.923077,0.221608,0.196429,0.140330
5,210,0.076923,0.028571,0.000000,0.456153,0.923077,0.590222,0.178571,0.000000
5,211,0.076923,0.028571,0.196048,0.619712,0.923077,0.340298,0.196429,0.039210
5,212,0.038462,0.021429,0.000000,0.000000,0.961538,1.000000,0.214286,0.000000
5,213,0.038462,0.021429,0.000000,0.000000,0.961538,1.000000,0.232143,0.000000
5,214,0.038462,0.021429,0.000000,0.086171,0.961538,0.922590,0.250000,0.000000
5,215,0.038462,0.021429,0.000000,0.000000,0.961538,1.000000,0.267857,0.000000
5,216,0.038462,0.021429,0.000000,0.194912,0.961538,0.824904,0.214286,0.000000
5,217,0.038462,0.021429,0.000000,0.000000,0.961538,1.000000,0.232143,0.000000
5,218,0.038462,0.021429,0.000000,0.086171,0.961538,0.922590,0.250000,0.000000
5,219,0.038462,0.021429,0.000000,0.000000,0.961538,1.000000,0.267857,0.000000
5,220,0.038462,0.021429,0.000000,0.194912,0.961538,0.824904,0.214286,0.000000
5,221,0.038462,0.021429,0.000000,0.000000,0.961538,1.000000,0.232143,0.000000
5,222,0.038462,0.021429,0.000000,0.000000,0.961538,1.000000,0.250000,0.000000
5,223,0.346154,0.078571,0.000000,0.079406,0.653846,0.928667,0.178571,0.000000
5,224,0.019231,0.017857,0.000000,0.000000,0.980769,1.000000,0.500000,0.000000
5,225,0.019231,0.017857,0.000000,0.251595,0.980769,0.773983,0.464286,0.000000
5,226,0.019231,0.017857,0.000000,0.000000,0.980769,1.000000,0.535714,0.000000
5,227,0.019231,0.017857,0.000000,0.000000,0.980769,1.000000,0.464286,0.000000
5,228,0.019231,0.017857,0.000000,0.000000,0.980769,1.000000,0.517857,0.000000
5,229,0.019231,0.017857,0.000000,0.318052,0.980769,0.714283,0.410714,0.000000
5,230,0.019231,0.017857,0.486300,0.393697,0.980769,0.390850,0.500000,0.097260
5,231,0.019231,0.017857,0.000000,0.020474,0.980769,0.981608,0.464286,0.000000
5,232,0.019231,0.017857,0.000000,0.182933,0.980769,0.835665,0.482143,0.000000
5,233,0.019231,0.017857,0.000000,0.249391,0.980769,0.775964,0.446429,0.000000
5,234,0.019231,0.017857,0.000000,0.414170,0.980769,0.627937,0.464286,0.000000
5,235,0.019231,0.017857,0.000000,0.613153,0.980769,0.449183,0.482143,0.000000
5,236,0.019231,0.017857,0.000000,0.251595,0.980769,0.773983,0.464286,0.000000
5,237,0.019231,0.017857,0.000000,0.509173,0.980769,0.542592,0.482143,0.000000
5,238,0.019231,0.017857,0.000000,0.000000,0.980769,1.000000,0.482143,0.000000
5,239,0.019231,0.017857,0.000000,0.103980,0.980769,0.906591,0.517857,0.000000
5,240,0.019231,0.017857,0.000000,0.332047,0.980769,0.701711,0.428571,0.000000
5,241,0.019231,0.017857,0.000000,0.393697,0.980769,0.646329,0.428571,0.000000
5,242,0.019231,0.017857,0.000000,0.158268,0.980769,0.857822,0.535714,0.000000
5,243,0.019231,0.017857,0.000000,0.182933,0.980769,0.835665,0.535714,0.000000
5,244,0.019231,0.017857,0.000000,0.263386,0.980769,0.763392,0.482143,0.000000
5,245,0.019231,0.017857,0.000000,0.551965,0.980769,0.504151,0.446429,0.000000
5,246,0.019231,0.017857,0.000000,0.016367,0.980769,0.985297,0.464286,0.000000
5,247,0.019231,0.017857,0.000000,0.176820,0.980769,0.841157,0.410714,0.000000
5,248,0.019231,0.017857,0.000000,0.000000,0.980769,1.000000,0.500000,0.000000
5,249,0.019231,0.017857,0.000000,0.474840,0.980769,0.573435,0.428571,0.000000
5,250,0.019231,0.017857,0.000000,0.016367,0.980769,0.985297,0.464286,0.000000
5,251,0.019231,0.017857,0.000000,0.066457,0.980769,0.940299,0.446429,0.000000
5,252,0.019231,0.017857,0.000000,0.000000,0.980769,1.000000,0.464286,0.000000
5,253,0.019231,0.017857,0.000000,0.728825,0.980769,0.345271,0.464286,0.000000
5,254,0.019231,0.017857,0.000000,0.114650,0.980769,0.897006,0.464286,0.000000
5,255,0.019231,0.017857,0.000000,0.181108,0.980769,0.837305,0.446429,0.000000
5,256,0.019231,0.017857,0.236790,0.430805,0.980769,0.488595,0.446429,0.025039
5,257,0.019231,0.017857,0.000000,0.613153,0.980769,0.449183,0.535714,0.000000
5,258,0.019231,0.017857,0.000000,0.000000,0.980769,1.000000,0.482143,0.000000
5,259,0.019231,0.017857,0.000000,0.509173,0.980769,0.542592,0.500000,0.000000
5,260,0.019231,0.017857,0.000000,0.000000,0.980769,1.000000,0.517857,0.000000
5,261,0.019231,0.017857,0.000000,0.103980,0.980769,0.906591,0.482143,0.000000
5,262,0.019231,0.017857,0.000000,0.080452,0.980769,0.927727,0.464286,0.000000
5,263,0.019231,0.017857,0.000000,0.000000,0.980769,1.000000,0.410714,0.000000
5,264,0.019231,0.017857,0.000000,0.158268,0.980769,0.857822,0.517857,0.000000
5,265,0.019231,0.017857,0.000000,0.000000,0.980769,1.000000,0.517857,0.000000
5,266,0.019231,0.017857,0.000000,0.080452,0.980769,0.927727,0.553571,0.000000
5,267,0.019231,0.017857,0.000000,0.158268,0.980769,0.857822,0.428571,0.000000
5,268,0.000000,0.014286,0.000000,0.016367,1.000000,0.985297,0.464286,0.000000
5,269,0.000000,0.014286,0.000000,0.176820,1.000000,0.841157,0.464286,0.000000
5,270,0.000000,0.014286,0.000000,0.000000,1.000000,1.000000,0.482143,0.000000
5,271,0.000000,0.014286,0.000000,0.474840,1.000000,0.573435,0.446429,0.000000
5,272,0.000000,0.014286,0.000000,0.016367,1.000000,0.985297,0.482143,0.000000
5,273,0.000000,0.014286,0.000000,0.000000,1.000000,1.000000,0.535714,0.000000
5,274,0.000000,0.014286,0.000000,0.000000,1.000000,1.000000,0.464286,0.000000
5,275,0.000000,0.014286,0.000000,0.708351,1.000000,0.363664,0.535714,0.000000
5,276,0.000000,0.014286,0.000000,0.114650,1.000000,0.897006,0.482143,0.000000
5,277,0.000000,0.014286,0.000000,0.114650,1.000000,0.897006,0.482143,0.000000
5,278,0.000000,0.014286,0.000000,0.410331,1.000000,0.631386,0.500000,0.000000
5,279,0.153846,0.042857,0.000000,0.000000,0.846154,1.000000,0.375000,0.000000
5,280,1.000000,0.200000,0.000000,0.422869,0.000000,0.620122,0.160714,0.000000
6,0,0.076923,0.028571,0.000000,0.000000,0.923077,1.000000,0.456140,0.000000
6,1,0.076923,0.028571,0.000000,0.134808,0.923077,0.902860,0.263158,0.000000
6,2,0.076923,0.028571,0.000000,0.000000,0.923077,1.000000,0.526316,0.000000
6,3,0.076923,0.028571,0.000000,0.309951,0.923077,0.776656,0.210526,0.000000
6,4,0.076923,0.028571,0.423752,0.226020,0.923077,0.710930,0.438596,0.037170
6,5,0.076923,0.028571,0.000000,0.000000,0.923077,1.000000,0.245614,0.000000
6,6,0.076923,0.028571,0.000000,0.300752,0.923077,0.783284,0.543860,0.000000
6,7,0.076923,0.028571,0.000000,0.175143,0.923077,0.873796,0.298246,0.000000
6,8,0.076923,0.028571,0.000000,0.578258,0.923077,0.583319,0.403509,0.000000
6,9,0.076923,0.028571,0.371614,0.352238,0.923077,0.635508,0.245614,0.074323
6,10,0.076923,0.028571,0.000000,0.300752,0.923077,0.783284,0.333333,0.000000
6,11,0.076923,0.028571,0.000000,0.000000,0.923077,1.000000,0.421053,0.000000
6,12,0.076923,0.028571,0.000000,0.134808,0.923077,0.902860,0.210526,0.000000
6,13,0.076923,0.028571,0.000000,0.000000,0.923077,1.000000,0.421053,0.000000
6,14,0.076923,0.028571,0.000000,0.468282,0.923077,0.662566,0.245614,0.000000
6,15,0.076923,0.028571,0.000000,0.179083,0.923077,0.870957,0.456140,0.000000
6,16,0.076923,0.028571,0.000000,0.060080,0.923077,0.956707,0.210526,0.000000
6,17,0.076923,0.028571,0.000000,0.153593,0.923077,0.889324,0.438596,0.000000
6,18,0.076923,0.028571,0.484464,0.333474,0.923077,0.615420,0.245614,0.096893
6,19,0.076923,0.028571,0.000000,0.317427,0.923077,0.771269,0.385965,0.000000
6,20,0.076923,0.028571,0.356045,0.198424,0.923077,0.750980,0.245614,0.031231
6,21,0.076923,0.028571,0.000000,0.153593,0.923077,0.889324,0.280702,0.000000
6,22,0.076923,0.028571,0.000000,0.092467,0.923077,0.933370,0.403509,0.000000
6,23,0.076923,0.028571,0.000000,0.460925,0.923077,0.667867,0.228070,0.000000
6,24,0.076923,0.028571,0.000000,0.235365,0.923077,0.830401,0.473684,0.000000
6,25,0.076923,0.028571,0.000000,0.100811,0.923077,0.927358,0.210526,0.000000
6,26,0.076923,0.028571,0.383077,0.318488,0.923077,0.656414,0.385965,0.033602
6,27,0.076923,0.028571,0.000000,0.407070,0.923077,0.706674,0.228070,0.000000
6,28,0.076923,0.028571,0.000000,0.484851,0.923077,0.650626,0.473684,0.000000
6,29,0.076923,0.028571,0.000000,0.046955,0.923077,0.966165,0.228070,0.000000
6,30,0.076923,0.028571,0.000000,0.977937,0.923077,0.295319,0.421053,0.000000
6,31,0.076923,0.028571,0.000000,0.751917,0.923077,0.458184,0.228070,0.000000
6,32,0.076923,0.028571,0.000000,0.249486,0.923077,0.820225,0.298246,0.000000
6,33,0.076923,0.028571,0.130301,0.387771,0.923077,0.681773,0.245614,0.011429
6,34,0.076923,0.028571,0.000000,0.000000,0.923077,1.000000,0.210526,0.000000
6,35,0.076923,0.028571,0.736397,0.387771,0.923077,0.501262,0.228070,0.064593
6,36,0.076923,0.028571,0.000000,0.174671,0.923077,0.874136,0.210526,0.000000
6,37,0.076923,0.028571,0.113607,0.179083,0.923077,0.837121,0.280702,0.022721
6,38,0.076923,0.028571,0.569458,0.060080,0.923077,0.787108,0.228070,0.049950
6,39,0.076923,0.028571,0.000000,0.000000,0.923077,1.000000,0.245614,0.000000
6,40,0.076923,0.028571,0.000000,0.354270,0.923077,0.744720,0.228070,0.000000
6,41,0.076923,0.028571,0.000000,0.317427,0.923077,0.771269,0.228070,0.000000
6,42,0.076923,0.028571,0.000000,0.198424,0.923077,0.857019,0.192982,0.000000
6,43,0.076923,0.028571,0.000000,0.179599,0.923077,0.870585,0.210526,0.000000
6,44,0.038462,0.021429,0.000000,0.631542,0.961538,0.544923,0.368421,0.000000
6,45,0.038462,0.021429,0.938200,1.000000,0.961538,0.000000,0.421053,0.187640
6,46,0.038462,0.021429,0.000000,0.774440,0.961538,0.441954,0.403509,0.000000
6,47,0.038462,0.021429,0.000000,0.639886,0.961538,0.538911,0.438596,0.000000
6,48,0.038462,0.021429,0.039534,0.631542,0.961538,0.533149,0.421053,0.007907
6,49,0.038462,0.021429,0.000000,0.946145,0.961538,0.318227,0.456140,0.000000
6,50,0.038462,0.021429,0.000000,0.876768,0.961538,0.368219,0.403509,0.000000
6,51,0.038462,0.021429,0.000000,0.586030,0.961538,0.577718,0.403509,0.000000
6,52,0.038462,0.021429,0.434533,0.938754,0.961538,0.194138,0.403509,0.086907
6,53,0.038462,0.021429,0.000000,0.938754,0.961538,0.323553,0.368421,0.000000
6,54,0.038462,0.021429,0.000000,0.641402,0.961538,0.537818,0.421053,0.000000
6,55,0.346154,0.078571,0.921744,0.583710,0.653846,0.304871,0.192982,0.080851
6,56,0.076923,0.028571,0.326163,0.109606,0.923077,0.823880,0.473684,0.028610
6,57,0.076923,0.028571,0.000000,0.000000,0.923077,1.000000,0.280702,0.000000
6,58,0.076923,0.028571,0.000000,0.000000,0.923077,1.000000,0.473684,0.000000
6,59,0.076923,0.028571,0.000000,0.175143,0.923077,0.873796,0.263158,0.000000
6,60,0.076923,0.028571,0.000000,0.444650,0.923077,0.679594,0.421053,0.000000
6,61,0.076923,0.028571,0.000000,0.000000,0.923077,1.000000,0.228070,0.000000
6,62,0.076923,0.028571,0.000000,0.300752,0.923077,0.783284,0.421053,0.000000
6,63,0.076923,0.028571,0.000000,0.175143,0.923077,0.873796,0.280702,0.000000
6,64,0.076923,0.028571,0.000000,0.335044,0.923077,0.758574,0.333333,0.000000
6,65,0.076923,0.028571,0.000000,0.000000,0.923077,1.000000,0.192982,0.000000
6,66,0.076923,0.028571,0.000000,0.300752,0.923077,0.783284,0.263158,0.000000
6,67,0.076923,0.028571,0.000000,0.109606,0.923077,0.921020,0.438596,0.000000
6,68,0.076923,0.028571,0.000000,0.000000,0.923077,1.000000,0.228070,0.000000
6,69,0.076923,0.028571,0.000000,0.000000,0.923077,1.000000,0.421053,0.000000
6,70,0.076923,0.028571,0.000000,0.333474,0.923077,0.759705,0.210526,0.000000
6,71,0.076923,0.028571,0.000000,0.109606,0.923077,0.921020,0.456140,0.000000
6,72,0.076923,0.028571,0.000000,0.000000,0.923077,1.000000,0.245614,0.000000
6,73,0.076923,0.028571,0.000000,0.153593,0.923077,0.889324,0.403509,0.000000
6,74,0.076923,0.028571,0.062384,0.746788,0.923077,0.443300,0.263158,0.012477
6,75,0.076923,0.028571,0.000000,0.240672,0.923077,0.826577,0.368421,0.000000
6,76,0.076923,0.028571,0.000000,0.240672,0.923077,0.826577,0.228070,0.000000
6,77,0.076923,0.028571,0.852227,0.566908,0.923077,0.337682,0.280702,0.074754
6,78,0.076923,0.028571,0.000000,0.000000,0.923077,1.000000,0.456140,0.000000
6,79,0.076923,0.028571,0.000000,0.358219,0.923077,0.741875,0.263158,0.000000
6,80,0.076923,0.028571,0.000000,0.379122,0.923077,0.726812,0.456140,0.000000
6,81,0.076923,0.028571,0.000000,0.100811,0.923077,0.927358,0.245614,0.000000
6,82,0.076923,0.028571,0.000000,0.398023,0.923077,0.713192,0.368421,0.000000
6,83,0.076923,0.028571,0.000000,0.304363,0.923077,0.780682,0.228070,0.000000
6,84,0.076923,0.028571,0.145362,0.526281,0.923077,0.577480,0.421053,0.029072
6,85,0.076923,0.028571,0.433284,0.046955,0.923077,0.837121,0.280702,0.038006
6,86,0.076923,0.028571,0.000000,0.398023,0.923077,0.713192,0.368421,0.000000
6,87,0.076923,0.028571,0.000000,0.000000,0.923077,1.000000,0.245614,0.000000
6,88,0.076923,0.028571,0.334719,0.147158,0.923077,0.794273,0.280702,0.066944
6,89,0.076923,0.028571,0.000000,0.387771,0.923077,0.720580,0.245614,0.000000
6,90,0.076923,0.028571,0.000000,0.000000,0.923077,1.000000,0.192982,0.000000
6,91,0.076923,0.028571,0.248495,0.387771,0.923077,0.646572,0.192982,0.021797
6,92,0.076923,0.028571,0.223722,0.174671,0.923077,0.807505,0.210526,0.044744
6,93,0.076923,0.028571,0.000000,0.000000,0.923077,1.000000,0.228070,0.000000
6,94,0.076923,0.028571,0.000000,0.000000,0.923077,1.000000,0.175439,0.000000
6,95,0.076923,0.028571,0.000000,0.000000,0.923077,1.000000,0.245614,0.000000
6,96,0.076923,0.028571,0.000000,0.815967,0.923077,0.412030,0.210526,0.000000
6,97,0.076923,0.028571,0.000000,0.240672,0.923077,0.826577,0.175439,0.000000
6,98,0.076923,0.028571,0.247578,0.240672,0.923077,0.752842,0.245614,0.021716
6,99,0.076923,0.028571,0.967010,0.641296,0.923077,0.249894,0.228070,0.084822
6,100,0.038462,0.021429,0.000000,0.380970,0.961538,0.725481,0.473684,0.000000
6,101,0.038462,0.021429,0.000000,0.739189,0.961538,0.467355,0.403509,0.000000
6,102,0.038462,0.021429,0.000000,0.760092,0.961538,0.452293,0.403509,0.000000
6,103,0.038462,0.021429,0.000000,0.481781,0.961538,0.652838,0.456140,0.000000
6,104,0.038462,0.021429,0.000000,0.443950,0.961538,0.680099,0.403509,0.000000
6,105,0.038462,0.021429,0.000000,0.685333,0.961538,0.506163,0.473684,0.000000
6,106,0.038462,0.021429,0.000000,0.760092,0.961538,0.452293,0.403509,0.000000
6,107,0.038462,0.021429,0.000000,0.427926,0.961538,0.691645,0.456140,0.000000
6,108,0.038462,0.021429,0.000000,0.443950,0.961538,0.680099,0.403509,0.000000
6,109,0.038462,0.021429,0.000000,0.380970,0.961538,0.725481,0.473684,0.000000
6,110,0.038462,0.021429,0.000000,0.380970,0.961538,0.725481,0.473684,0.000000
6,111,0.346154,0.078571,0.382529,0.632093,0.653846,0.430599,0.210526,0.033554
6,112,0.076923,0.028571,0.000000,0.041790,0.923077,0.969887,0.421053,0.000000
6,113,0.076923,0.028571,0.000000,0.165931,0.923077,0.880433,0.263158,0.000000
6,114,0.076923,0.028571,0.000000,0.041790,0.923077,0.969887,0.491228,0.000000
6,115,0.076923,0.028571,0.265189,0.134808,0.923077,0.823880,0.210526,0.053038
6,116,0.076923,0.028571,0.000000,0.025784,0.923077,0.981420,0.438596,0.000000
6,117,0.076923,0.028571,0.000000,0.031123,0.923077,0.977573,0.263158,0.000000
6,118,0.076923,0.028571,0.000000,0.000000,0.923077,1.000000,0.456140,0.000000
6,119,0.076923,0.028571,0.000000,0.166773,0.923077,0.879827,0.263158,0.000000
6,120,0.076923,0.028571,0.000000,0.378022,0.923077,0.727605,0.333333,0.000000
6,121,0.076923,0.028571,0.000000,0.352238,0.923077,0.746185,0.228070,0.000000
6,122,0.076923,0.028571,0.000000,0.166773,0.923077,0.879827,0.263158,0.000000
6,123,0.076923,0.028571,0.000000,0.212059,0.923077,0.847195,0.403509,0.000000
6,124,0.076923,0.028571,0.000000,0.138862,0.923077,0.899939,0.192982,0.000000
6,125,0.076923,0.028571,0.000000,0.308674,0.923077,0.777576,0.403509,0.000000
6,126,0.076923,0.028571,0.000000,0.134808,0.923077,0.902860,0.245614,0.000000
6,127,0.076923,0.028571,0.000000,0.391141,0.923077,0.718151,0.456140,0.000000
6,128,0.076923,0.028571,0.000000,0.074724,0.923077,0.946155,0.210526,0.000000
6,129,0.076923,0.028571,0.000000,0.308674,0.923077,0.777576,0.385965,0.000000
6,130,0.076923,0.028571,0.326163,0.440779,0.923077,0.585244,0.280702,0.065233
6,131,0.076923,0.028571,0.000000,0.317427,0.923077,0.771269,0.421053,0.000000
6,132,0.076923,0.028571,0.000000,0.209014,0.923077,0.849388,0.210526,0.000000
6,133,0.076923,0.028571,0.000000,0.440779,0.923077,0.682384,0.263158,0.000000
6,134,0.076923,0.028571,0.000000,0.175010,0.923077,0.873892,0.385965,0.000000
6,135,0.076923,0.028571,0.000000,0.133830,0.923077,0.903565,0.245614,0.000000
6,136,0.076923,0.028571,0.000000,0.041790,0.923077,0.969887,0.473684,0.000000
6,137,0.076923,0.028571,0.000000,0.000000,0.923077,1.000000,0.192982,0.000000
6,138,0.076923,0.028571,0.000000,0.159005,0.923077,0.885425,0.350877,0.000000
6,139,0.076923,0.028571,0.000000,0.133830,0.923077,0.903565,0.263158,0.000000
6,140,0.076923,0.028571,0.000000,0.102328,0.923077,0.926265,0.403509,0.000000
6,141,0.076923,0.028571,0.000000,0.204512,0.923077,0.852633,0.263158,0.000000
6,142,0.076923,0.028571,1.000000,0.962767,0.923077,0.008424,0.315789,0.200000
6,143,0.076923,0.028571,0.000000,0.936982,0.923077,0.324830,0.228070,0.000000
6,144,0.076923,0.028571,0.582297,0.306840,0.923077,0.605474,0.298246,0.116459
6,145,0.076923,0.028571,0.000000,0.212059,0.923077,0.847195,0.245614,0.000000
6,146,0.076923,0.028571,0.000000,0.004054,0.923077,0.997079,0.263158,0.000000
6,147,0.076923,0.028571,0.000000,0.308674,0.923077,0.777576,0.245614,0.000000
6,148,0.076923,0.028571,0.000000,0.000000,0.923077,1.000000,0.210526,0.000000
6,149,0.076923,0.028571,0.000000,0.391141,0.923077,0.718151,0.245614,0.000000
6,150,0.076923,0.028571,0.347815,0.074724,0.923077,0.842567,0.245614,0.030509
6,151,0.076923,0.028571,0.000000,0.308674,0.923077,0.777576,0.245614,0.000000
6,152,0.076923,0.028571,0.152377,0.285703,0.923077,0.748747,0.315789,0.030475
6,153,0.076923,0.028571,0.000000,0.317427,0.923077,0.771269,0.245614,0.000000
6,154,0.076923,0.028571,0.000000,0.209014,0.923077,0.849388,0.210526,0.000000
6,155,0.076923,0.028571,0.000000,0.285703,0.923077,0.794128,0.210526,0.000000
6,156,0.038462,0.021429,0.000000,0.291325,0.961538,0.790077,0.421053,0.000000
6,157,0.038462,0.021429,0.000000,0.260811,0.961538,0.812065,0.421053,0.000000
6,158,0.038462,0.021429,0.000000,0.158105,0.961538,0.886073,0.456140,0.000000
6,159,0.038462,0.021429,0.000000,0.158105,0.961538,0.886073,0.438596,0.000000
6,160,0.038462,0.021429,0.000000,0.291325,0.961538,0.790077,0.385965,0.000000
6,161,0.038462,0.021429,0.000000,0.260811,0.961538,0.812065,0.473684,0.000000
6,162,0.038462,0.021429,0.000000,0.260432,0.961538,0.812338,0.421053,0.000000
6,163,0.038462,0.021429,0.000000,0.350921,0.961538,0.747134,0.508772,0.000000
6,164,0.038462,0.021429,0.117061,0.742849,0.961538,0.429854,0.403509,0.023412
6,165,0.038462,0.021429,0.000000,0.742849,0.961538,0.464718,0.421053,0.000000
6,166,0.038462,0.021429,0.000000,0.453248,0.961538,0.673399,0.491228,0.000000
6,167,0.346154,0.078571,0.000000,0.000000,0.653846,1.000000,0.210526,0.000000
6,168,0.076923,0.028571,0.000000,0.109606,0.923077,0.921020,0.210526,0.000000
6,169,0.076923,0.028571,0.000000,0.000000,0.923077,1.000000,0.228070,0.000000
6,170,0.076923,0.028571,0.000000,0.000000,0.923077,1.000000,0.228070,0.000000
6,171,0.076923,0.028571,0.000000,0.000000,0.923077,1.000000,0.263158,0.000000
6,172,0.076923,0.028571,0.000000,0.244414,0.923077,0.823880,0.175439,0.000000
6,173,0.076923,0.028571,0.000000,0.077268,0.923077,0.944323,0.210526,0.000000
6,174,0.076923,0.028571,0.000000,0.000000,0.923077,1.000000,0.245614,0.000000
6,175,0.076923,0.028571,0.000000,0.000000,0.923077,1.000000,0.228070,0.000000
6,176,0.076923,0.028571,0.375202,0.134808,0.923077,0.791115,0.175439,0.032911
6,177,0.076923,0.028571,0.000000,0.077268,0.923077,0.944323,0.210526,0.000000
6,178,0.076923,0.028571,0.000000,0.000000,0.923077,1.000000,0.228070,0.000000
6,179,0.076923,0.028571,0.000000,0.109606,0.923077,0.921020,0.192982,0.000000
6,180,0.076923,0.028571,0.101108,0.000000,0.923077,0.969887,0.228070,0.008869
6,181,0.076923,0.028571,0.075302,0.000000,0.923077,0.977573,0.175439,0.006605
6,182,0.076923,0.028571,0.000000,0.000000,0.923077,1.000000,0.263158,0.000000
6,183,0.076923,0.028571,0.000000,0.109606,0.923077,0.921020,0.192982,0.000000
6,184,0.076923,0.028571,0.000000,0.219341,0.923077,0.841947,0.228070,0.000000
6,185,0.076923,0.028571,0.000000,0.000000,0.923077,1.000000,0.245614,0.000000
6,186,0.076923,0.028571,0.000000,0.413314,0.923077,0.702174,0.245614,0.000000
6,187,0.076923,0.028571,0.028299,0.240672,0.923077,0.818149,0.192982,0.002482
6,188,0.076923,0.028571,0.000000,0.460013,0.923077,0.668524,0.228070,0.000000
6,189,0.076923,0.028571,0.000000,0.413314,0.923077,0.702174,0.228070,0.000000
6,190,0.076923,0.028571,0.000000,0.000000,0.923077,1.000000,0.192982,0.000000
6,191,0.076923,0.028571,0.000000,0.000000,0.923077,1.000000,0.245614,0.000000
6,192,0.076923,0.028571,0.009809,0.143757,0.923077,0.893490,0.210526,0.001962
6,193,0.076923,0.028571,0.513069,0.000000,0.923077,0.847195,0.245614,0.045004
6,194,0.076923,0.028571,0.000000,0.197788,0.923077,0.857478,0.192982,0.000000
6,195,0.076923,0.028571,0.746827,0.000000,0.923077,0.777576,0.210526,0.065508
6,196,0.076923,0.028571,0.025623,0.143757,0.923077,0.888781,0.245614,0.005125
6,197,0.076923,0.028571,0.000000,0.000000,0.923077,1.000000,0.263158,0.000000
6,198,0.076923,0.028571,0.691248,0.197788,0.923077,0.651607,0.210526,0.060633
6,199,0.076923,0.028571,0.000000,0.000000,0.923077,1.000000,0.175439,0.000000
6,200,0.076923,0.028571,0.000000,0.000000,0.923077,1.000000,0.245614,0.000000
6,201,0.076923,0.028571,0.000000,0.000000,0.923077,1.000000,0.245614,0.000000
6,202,0.076923,0.028571,0.000000,0.000000,0.923077,1.000000,0.192982,0.000000
6,203,0.076923,0.028571,0.000000,0.000000,0.923077,1.000000,0.175439,0.000000
6,204,0.076923,0.028571,0.098600,0.000000,0.923077,0.970634,0.263158,0.008649
6,205,0.076923,0.028571,0.000000,0.000000,0.923077,1.000000,0.210526,0.000000
6,206,0.076923,0.028571,0.000000,0.142074,0.923077,0.897625,0.192982,0.000000
6,207,0.076923,0.028571,0.000000,0.000000,0.923077,1.000000,0.210526,0.000000
6,208,0.076923,0.028571,0.000000,0.461697,0.923077,0.667310,0.210526,0.000000
6,209,0.076923,0.028571,0.466511,0.240672,0.923077,0.687638,0.192982,0.040920
6,210,0.076923,0.028571,0.000000,0.382745,0.923077,0.724201,0.175439,0.000000
6,211,0.076923,0.028571,0.447760,0.461697,0.923077,0.533956,0.192982,0.039275
6,212,0.038462,0.021429,0.000000,0.000000,0.961538,1.000000,0.210526,0.000000
6,213,0.038462,0.021429,0.000000,0.000000,0.961538,1.000000,0.228070,0.000000
6,214,0.038462,0.021429,0.000000,0.143757,0.961538,0.896412,0.245614,0.000000
6,215,0.038462,0.021429,0.000000,0.000000,0.961538,1.000000,0.263158,0.000000
6,216,0.038462,0.021429,0.000000,0.062980,0.961538,0.954618,0.210526,0.000000
6,217,0.038462,0.021429,0.000000,0.000000,0.961538,1.000000,0.228070,0.000000
6,218,0.038462,0.021429,0.000000,0.143757,0.961538,0.896412,0.245614,0.000000
6,219,0.038462,0.021429,0.000000,0.000000,0.961538,1.000000,0.263158,0.000000
6,220,0.038462,0.021429,0.000000,0.062980,0.961538,0.954618,0.210526,0.000000
6,221,0.038462,0.021429,0.000000,0.000000,0.961538,1.000000,0.228070,0.000000
6,222,0.038462,0.021429,0.000000,0.000000,0.961538,1.000000,0.245614,0.000000
6,223,0.346154,0.078571,0.000000,0.048383,0.653846,0.965136,0.175439,0.000000
6,224,0.019231,0.017857,0.000000,0.041790,0.980769,0.969887,0.491228,0.000000
6,225,0.019231,0.017857,0.000000,0.031123,0.980769,0.977573,0.456140,0.000000
6,226,0.019231,0.017857,0.000000,0.041790,0.980769,0.969887,0.526316,0.000000
6,227,0.019231,0.017857,0.000000,0.000000,0.980769,1.000000,0.456140,0.000000
6,228,0.019231,0.017857,0.000000,0.000000,0.980769,1.000000,0.508772,0.000000
6,229,0.019231,0.017857,0.000000,0.031123,0.980769,0.977573,0.403509,0.000000
6,230,0.019231,0.017857,0.186946,0.000000,0.980769,0.944323,0.491228,0.016398
6,231,0.019231,0.017857,0.000000,0.166773,0.980769,0.879827,0.456140,0.000000
6,232,0.019231,0.017857,0.000000,0.000000,0.980769,1.000000,0.473684,0.000000
6,233,0.019231,0.017857,0.000000,0.000000,0.980769,1.000000,0.438596,0.000000
6,234,0.019231,0.017857,0.000000,0.166773,0.980769,0.879827,0.456140,0.000000
6,235,0.019231,0.017857,0.000000,0.212059,0.980769,0.847195,0.473684,0.000000
6,236,0.019231,0.017857,0.000000,0.004054,0.980769,0.997079,0.456140,0.000000
6,237,0.019231,0.017857,0.000000,0.308674,0.980769,0.777576,0.473684,0.000000
6,238,0.019231,0.017857,0.000000,0.000000,0.980769,1.000000,0.473684,0.000000
6,239,0.019231,0.017857,0.000000,0.212059,0.980769,0.847195,0.508772,0.000000
6,240,0.019231,0.017857,0.000000,0.014644,0.980769,0.989448,0.421053,0.000000
6,241,0.019231,0.017857,0.000000,0.308674,0.980769,0.777576,0.421053,0.000000
6,242,0.019231,0.017857,0.000000,0.440779,0.980769,0.682384,0.526316,0.000000
6,243,0.019231,0.017857,0.000000,0.000000,0.980769,1.000000,0.526316,0.000000
6,244,0.019231,0.017857,0.000000,0.010590,0.980769,0.992369,0.473684,0.000000
6,245,0.019231,0.017857,0.000000,0.440779,0.980769,0.682384,0.438596,0.000000
6,246,0.019231,0.017857,0.000000,0.082542,0.980769,0.940522,0.456140,0.000000
6,247,0.019231,0.017857,0.000000,0.031123,0.980769,0.977573,0.403509,0.000000
6,248,0.019231,0.017857,0.000000,0.041790,0.980769,0.969887,0.491228,0.000000
6,249,0.019231,0.017857,0.000000,0.000000,0.980769,1.000000,0.421053,0.000000
6,250,0.019231,0.017857,0.000000,0.040753,0.980769,0.970634,0.456140,0.000000
6,251,0.019231,0.017857,0.000000,0.031123,0.980769,0.977573,0.438596,0.000000
6,252,0.019231,0.017857,0.343743,0.000000,0.980769,0.897625,0.456140,0.030152
6,253,0.019231,0.017857,0.000000,0.204512,0.980769,0.852633,0.456140,0.000000
6,254,0.019231,0.017857,0.000000,0.185066,0.980769,0.866645,0.456140,0.000000
6,255,0.019231,0.017857,0.000000,0.185066,0.980769,0.866645,0.438596,0.000000
6,256,0.019231,0.017857,0.000000,0.204512,0.980769,0.852633,0.456140,0.000000
6,257,0.019231,0.017857,0.000000,0.212059,0.980769,0.847195,0.526316,0.000000
6,258,0.019231,0.017857,0.000000,0.004054,0.980769,0.997079,0.473684,0.000000
6,259,0.019231,0.017857,0.000000,0.308674,0.980769,0.777576,0.491228,0.000000
6,260,0.019231,0.017857,0.000000,0.000000,0.980769,1.000000,0.508772,0.000000
6,261,0.019231,0.017857,0.000000,0.212059,0.980769,0.847195,0.473684,0.000000
6,262,0.019231,0.017857,0.000000,0.014644,0.980769,0.989448,0.456140,0.000000
6,263,0.019231,0.017857,0.000000,0.308674,0.980769,0.777576,0.403509,0.000000
6,264,0.019231,0.017857,0.000000,0.285703,0.980769,0.794128,0.508772,0.000000
6,265,0.019231,0.017857,0.000000,0.000000,0.980769,1.000000,0.508772,0.000000
6,266,0.019231,0.017857,0.000000,0.010590,0.980769,0.992369,0.543860,0.000000
6,267,0.019231,0.017857,0.000000,0.285703,0.980769,0.794128,0.421053,0.000000
6,268,0.000000,0.014286,0.000000,0.040753,1.000000,0.970634,0.456140,0.000000
6,269,0.000000,0.014286,0.000000,0.000000,1.000000,1.000000,0.456140,0.000000
6,270,0.000000,0.014286,0.000000,0.000000,1.000000,1.000000,0.473684,0.000000
6,271,0.000000,0.014286,0.000000,0.000000,1.000000,1.000000,0.438596,0.000000
6,272,0.000000,0.014286,0.000000,0.040753,1.000000,0.970634,0.473684,0.000000
6,273,0.000000,0.014286,0.000000,0.000000,1.000000,1.000000,0.526316,0.000000
6,274,0.000000,0.014286,0.000000,0.000000,1.000000,1.000000,0.456140,0.000000
6,275,0.000000,0.014286,0.000000,0.192816,1.000000,0.861061,0.526316,0.000000
6,276,0.000000,0.014286,0.000000,0.185066,1.000000,0.866645,0.473684,0.000000
6,277,0.000000,0.014286,0.000000,0.185066,1.000000,0.866645,0.473684,0.000000
6,278,0.000000,0.014286,0.000000,0.192816,1.000000,0.861061,0.491228,0.000000
6,279,0.153846,0.042857,0.000000,0.000000,0.846154,1.000000,0.368421,0.000000
6,280,1.000000,0.200000,0.000000,0.219341,0.000000,0.841947,0.157895,0.000000
7,0,0.076923,0.028571,0.000000,0.000000,0.923077,1.000000,0.448276,0.000000
7,1,0.076923,0.028571,0.000000,0.000000,0.923077,1.000000,0.258621,0.000000
7,2,0.076923,0.028571,0.000000,0.000000,0.923077,1.000000,0.517241,0.000000
7,3,0.076923,0.028571,0.000000,0.174281,0.923077,0.833720,0.206897,0.000000
7,4,0.076923,0.028571,0.204327,0.279068,0.923077,0.625372,0.448276,0.040865
7,5,0.076923,0.028571,0.000000,0.000000,0.923077,1.000000,0.241379,0.000000
7,6,0.076923,0.028571,0.000000,0.158287,0.923077,0.848980,0.534483,0.000000
7,7,0.076923,0.028571,0.000000,0.174281,0.923077,0.833720,0.293103,0.000000
7,8,0.076923,0.028571,0.000000,0.394342,0.923077,0.623762,0.396552,0.000000
7,9,0.076923,0.028571,0.284738,0.115273,0.923077,0.738998,0.241379,0.042725
7,10,0.076923,0.028571,0.000000,0.158287,0.923077,0.848980,0.327586,0.000000
7,11,0.076923,0.028571,0.000000,0.000000,0.923077,1.000000,0.413793,0.000000
7,12,0.076923,0.028571,0.000000,0.007465,0.923077,0.992878,0.206897,0.000000
7,13,0.076923,0.028571,0.000000,0.000000,0.923077,1.000000,0.413793,0.000000
7,14,0.076923,0.028571,0.000000,0.174281,0.923077,0.833720,0.241379,0.000000
7,15,0.076923,0.028571,0.000000,0.000000,0.923077,1.000000,0.448276,0.000000
7,16,0.076923,0.028571,0.000000,0.007465,0.923077,0.992878,0.206897,0.000000
7,17,0.076923,0.028571,0.000000,0.158287,0.923077,0.848980,0.431034,0.000000
7,18,0.076923,0.028571,0.000000,0.174281,0.923077,0.833720,0.241379,0.000000
7,19,0.076923,0.028571,0.000000,0.010222,0.923077,0.990248,0.379310,0.000000
7,20,0.076923,0.028571,0.000000,0.010222,0.923077,0.990248,0.258621,0.000000
7,21,0.076923,0.028571,0.000000,0.158287,0.923077,0.848980,0.275862,0.000000
7,22,0.076923,0.028571,0.000000,0.041942,0.923077,0.959983,0.396552,0.000000
7,23,0.076923,0.028571,0.000000,0.266707,0.923077,0.745537,0.224138,0.000000
7,24,0.076923,0.028571,0.000000,0.033734,0.923077,0.967814,0.465517,0.000000
7,25,0.076923,0.028571,0.000000,0.102532,0.923077,0.902175,0.206897,0.000000
7,26,0.076923,0.028571,0.000000,0.321010,0.923077,0.693727,0.396552,0.000000
7,27,0.076923,0.028571,0.000000,0.173500,0.923077,0.834465,0.224138,0.000000
7,28,0.076923,0.028571,0.000000,0.192021,0.923077,0.816794,0.465517,0.000000
7,29,0.076923,0.028571,0.000000,0.565231,0.923077,0.460719,0.224138,0.000000
7,30,0.076923,0.028571,0.000000,0.749218,0.923077,0.285177,0.413793,0.000000
7,31,0.076923,0.028571,0.000000,0.470150,0.923077,0.551434,0.224138,0.000000
7,32,0.076923,0.028571,0.000000,0.714193,0.923077,0.318595,0.293103,0.000000
7,33,0.076923,0.028571,0.167667,0.214049,0.923077,0.706850,0.258621,0.025158
7,34,0.076923,0.028571,0.000000,0.187317,0.923077,0.821283,0.206897,0.000000
7,35,0.076923,0.028571,0.312103,0.214049,0.923077,0.630243,0.241379,0.046831
7,36,0.076923,0.028571,0.000000,0.149796,0.923077,0.857081,0.206897,0.000000
7,37,0.076923,0.028571,0.016775,0.000000,0.923077,0.991103,0.275862,0.002517
7,38,0.076923,0.028571,0.060683,0.114556,0.923077,0.858518,0.241379,0.009106
7,39,0.076923,0.028571,0.000000,0.000000,0.923077,1.000000,0.241379,0.000000
7,40,0.076923,0.028571,0.000000,0.212072,0.923077,0.797664,0.224138,0.000000
7,41,0.076923,0.028571,0.000000,0.000000,0.923077,1.000000,0.224138,0.000000
7,42,0.076923,0.028571,0.000000,0.000000,0.923077,1.000000,0.189655,0.000000
7,43,0.076923,0.028571,0.000000,0.135036,0.923077,0.871163,0.206897,0.000000
7,44,0.038462,0.021429,0.130887,0.327749,0.961538,0.617877,0.362069,0.026177
7,45,0.038462,0.021429,0.385046,0.552514,0.961538,0.268629,0.413793,0.077009
7,46,0.038462,0.021429,0.000000,0.319542,0.961538,0.695128,0.396552,0.000000
7,47,0.038462,0.021429,0.000000,0.388339,0.961538,0.629489,0.431034,0.000000
7,48,0.038462,0.021429,0.138577,0.327749,0.961538,0.613798,0.413793,0.027715
7,49,0.038462,0.021429,0.000000,0.459307,0.961538,0.561779,0.448276,0.000000
7,50,0.038462,0.021429,0.000000,0.477829,0.961538,0.544108,0.396552,0.000000
7,51,0.038462,0.021429,0.000000,0.851038,0.961538,0.188032,0.396552,0.000000
7,52,0.038462,0.021429,0.242912,0.650906,0.961538,0.250140,0.396552,0.048582
7,53,0.038462,0.021429,0.000000,0.650906,0.961538,0.378977,0.362069,0.000000
7,54,0.038462,0.021429,0.000000,1.000000,0.961538,0.045909,0.413793,0.000000
7,55,0.346154,0.078571,0.387316,0.605973,0.653846,0.216420,0.206897,0.058117
7,56,0.076923,0.028571,0.000000,0.100911,0.923077,0.903722,0.482759,0.000000
7,57,0.076923,0.028571,0.000000,0.000000,0.923077,1.000000,0.275862,0.000000
7,58,0.076923,0.028571,0.000000,0.000000,0.923077,1.000000,0.465517,0.000000
7,59,0.076923,0.028571,0.000000,0.113586,0.923077,0.891628,0.258621,0.000000
7,60,0.076923,0.028571,0.109182,0.264553,0.923077,0.689684,0.413793,0.021836
7,61,0.076923,0.028571,0.000000,0.000000,0.923077,1.000000,0.224138,0.000000
7,62,0.076923,0.028571,0.000000,0.158287,0.923077,0.848980,0.413793,0.000000
7,63,0.076923,0.028571,0.000000,0.113586,0.923077,0.891628,0.275862,0.000000
7,64,0.076923,0.028571,0.000000,0.163642,0.923077,0.843870,0.327586,0.000000
7,65,0.076923,0.028571,0.000000,0.000000,0.923077,1.000000,0.189655,0.000000
7,66,0.076923,0.028571,0.018387,0.158287,0.923077,0.839227,0.258621,0.003677
7,67,0.076923,0.028571,0.000000,0.100911,0.923077,0.903722,0.431034,0.000000
7,68,0.076923,0.028571,0.000000,0.000000,0.923077,1.000000,0.224138,0.000000
7,69,0.076923,0.028571,0.000000,0.000000,0.923077,1.000000,0.413793,0.000000
7,70,0.076923,0.028571,0.000000,0.113586,0.923077,0.891628,0.206897,0.000000
7,71,0.076923,0.028571,0.000000,0.163194,0.923077,0.844299,0.448276,0.000000
7,72,0.076923,0.028571,0.000000,0.000000,0.923077,1.000000,0.241379,0.000000
7,73,0.076923,0.028571,0.000000,0.158287,0.923077,0.848980,0.396552,0.000000
7,74,0.076923,0.028571,0.502007,0.412486,0.923077,0.340194,0.258621,0.075326
7,75,0.076923,0.028571,0.000000,0.369152,0.923077,0.647795,0.362069,0.000000
7,76,0.076923,0.028571,0.000000,0.306869,0.923077,0.707219,0.224138,0.000000
7,77,0.076923,0.028571,0.188974,0.457187,0.923077,0.463573,0.293103,0.037795
7,78,0.076923,0.028571,0.000000,0.175605,0.923077,0.832457,0.448276,0.000000
7,79,0.076923,0.028571,0.000000,0.266707,0.923077,0.745537,0.258621,0.000000
7,80,0.076923,0.028571,0.013429,0.137609,0.923077,0.861586,0.448276,0.002686
7,81,0.076923,0.028571,0.000000,0.102532,0.923077,0.902175,0.241379,0.000000
7,82,0.076923,0.028571,0.000000,0.364600,0.923077,0.652139,0.362069,0.000000
7,83,0.076923,0.028571,0.000000,0.173500,0.923077,0.834465,0.224138,0.000000
7,84,0.076923,0.028571,0.000000,0.053240,0.923077,0.949204,0.413793,0.000000
7,85,0.076923,0.028571,0.000000,0.009325,0.923077,0.991103,0.293103,0.000000
7,86,0.076923,0.028571,0.000000,0.273364,0.923077,0.739186,0.362069,0.000000
7,87,0.076923,0.028571,0.000000,0.000000,0.923077,1.000000,0.241379,0.000000
7,88,0.076923,0.028571,0.000000,0.000000,0.923077,1.000000,0.275862,0.000000
7,89,0.076923,0.028571,0.000000,0.364219,0.923077,0.652502,0.241379,0.000000
7,90,0.076923,0.028571,0.000000,0.072761,0.923077,0.930580,0.189655,0.000000
7,91,0.076923,0.028571,0.000000,0.364219,0.923077,0.652502,0.206897,0.000000
7,92,0.076923,0.028571,0.075448,0.149796,0.923077,0.817064,0.206897,0.011321
7,93,0.076923,0.028571,0.000000,0.062283,0.923077,0.940577,0.224138,0.000000
7,94,0.076923,0.028571,0.000000,0.000000,0.923077,1.000000,0.172414,0.000000
7,95,0.076923,0.028571,0.000000,0.000000,0.923077,1.000000,0.241379,0.000000
7,96,0.076923,0.028571,0.000000,0.575269,0.923077,0.451141,0.206897,0.000000
7,97,0.076923,0.028571,1.000000,0.369152,0.923077,0.117411,0.172414,0.150050
7,98,0.076923,0.028571,0.284738,0.306869,0.923077,0.556198,0.258621,0.042725
7,99,0.076923,0.028571,0.656763,0.498233,0.923077,0.176303,0.241379,0.098548
7,100,0.038462,0.021429,0.000000,0.467907,0.961538,0.553574,0.465517,0.000000
7,101,0.038462,0.021429,0.000000,0.559009,0.961538,0.466654,0.396552,0.000000
7,102,0.038462,0.021429,0.192642,0.429911,0.961538,0.487651,0.396552,0.038528
7,103,0.038462,0.021429,0.000000,0.394834,0.961538,0.623292,0.448276,0.000000
7,104,0.038462,0.021429,0.000000,0.493260,0.961538,0.529386,0.396552,0.000000
7,105,0.038462,0.021429,0.000000,0.465802,0.961538,0.555582,0.465517,0.000000
7,106,0.038462,0.021429,0.000000,0.345542,0.961538,0.670321,0.396552,0.000000
7,107,0.038462,0.021429,0.000000,0.301627,0.961538,0.712220,0.448276,0.000000
7,108,0.038462,0.021429,0.000000,0.402024,0.961538,0.616433,0.396552,0.000000
7,109,0.038462,0.021429,0.000000,0.292302,0.961538,0.721117,0.465517,0.000000
7,110,0.038462,0.021429,0.000000,0.292302,0.961538,0.721117,0.465517,0.000000
7,111,0.346154,0.078571,0.126813,0.713349,0.653846,0.252140,0.224138,0.025363
7,112,0.076923,0.028571,0.000000,0.166723,0.923077,0.840931,0.413793,0.000000
7,113,0.076923,0.028571,0.000000,0.000000,0.923077,1.000000,0.258621,0.000000
7,114,0.076923,0.028571,0.000000,0.048405,0.923077,0.953817,0.482759,0.000000
7,115,0.076923,0.028571,0.181525,0.060695,0.923077,0.845813,0.206897,0.027238
7,116,0.076923,0.028571,0.000000,0.397386,0.923077,0.620858,0.431034,0.000000
7,117,0.076923,0.028571,0.000000,0.285718,0.923077,0.727399,0.258621,0.000000
7,118,0.076923,0.028571,0.000000,0.073216,0.923077,0.930145,0.448276,0.000000
7,119,0.076923,0.028571,0.000000,0.162465,0.923077,0.844994,0.258621,0.000000
7,120,0.076923,0.028571,0.000000,0.394342,0.923077,0.623762,0.327586,0.000000
7,121,0.076923,0.028571,0.000000,0.400991,0.923077,0.617418,0.224138,0.000000
7,122,0.076923,0.028571,0.000000,0.174987,0.923077,0.833047,0.258621,0.000000
7,123,0.076923,0.028571,0.000000,0.117449,0.923077,0.887943,0.396552,0.000000
7,124,0.076923,0.028571,0.000000,0.007465,0.923077,0.992878,0.189655,0.000000
7,125,0.076923,0.028571,0.000000,0.117449,0.923077,0.887943,0.396552,0.000000
7,126,0.076923,0.028571,0.000000,0.060695,0.923077,0.942091,0.241379,0.000000
7,127,0.076923,0.028571,0.000000,0.000000,0.923077,1.000000,0.448276,0.000000
7,128,0.076923,0.028571,0.000000,0.293183,0.923077,0.720277,0.206897,0.000000
7,129,0.076923,0.028571,0.000000,0.073216,0.923077,0.930145,0.379310,0.000000
7,130,0.076923,0.028571,0.294371,0.300479,0.923077,0.557186,0.275862,0.058874
7,131,0.076923,0.028571,0.000000,0.010222,0.923077,0.990248,0.413793,0.000000
7,132,0.076923,0.028571,0.000000,0.295939,0.923077,0.717647,0.206897,0.000000
7,133,0.076923,0.028571,0.000000,0.313001,0.923077,0.701369,0.258621,0.000000
7,134,0.076923,0.028571,0.000000,0.160259,0.923077,0.847098,0.379310,0.000000
7,135,0.076923,0.028571,0.000000,0.000000,0.923077,1.000000,0.241379,0.000000
7,136,0.076923,0.028571,0.000000,0.000000,0.923077,1.000000,0.465517,0.000000
7,137,0.076923,0.028571,0.000000,0.000000,0.923077,1.000000,0.189655,0.000000
7,138,0.076923,0.028571,0.000000,0.439328,0.923077,0.580841,0.344828,0.000000
7,139,0.076923,0.028571,0.000000,0.000000,0.923077,1.000000,0.258621,0.000000
7,140,0.076923,0.028571,0.000000,0.158287,0.923077,0.848980,0.396552,0.000000
7,141,0.076923,0.028571,0.112038,0.566238,0.923077,0.400334,0.258621,0.022408
7,142,0.076923,0.028571,0.537681,0.749218,0.923077,0.000000,0.310345,0.107536
7,143,0.076923,0.028571,0.000000,0.470150,0.923077,0.551434,0.224138,0.000000
7,144,0.076923,0.028571,0.552017,0.724526,0.923077,0.015956,0.293103,0.110403
7,145,0.076923,0.028571,0.000000,0.069044,0.923077,0.934126,0.241379,0.000000
7,146,0.076923,0.028571,0.151769,0.114556,0.923077,0.810207,0.258621,0.022773
7,147,0.076923,0.028571,0.000000,0.069044,0.923077,0.934126,0.241379,0.000000
7,148,0.076923,0.028571,0.164121,0.000000,0.923077,0.912953,0.206897,0.024626
7,149,0.076923,0.028571,0.000000,0.000000,0.923077,1.000000,0.241379,0.000000
7,150,0.076923,0.028571,0.035088,0.114556,0.923077,0.872093,0.258621,0.005265
7,151,0.076923,0.028571,0.000000,0.000000,0.923077,1.000000,0.241379,0.000000
7,152,0.076923,0.028571,0.197374,0.293265,0.923077,0.615514,0.310345,0.039475
7,153,0.076923,0.028571,0.000000,0.000000,0.923077,1.000000,0.241379,0.000000
7,154,0.076923,0.028571,0.000000,0.000000,0.923077,1.000000,0.206897,0.000000
7,155,0.076923,0.028571,0.000000,0.293265,0.923077,0.720198,0.206897,0.000000
7,156,0.038462,0.021429,0.000000,0.112438,0.961538,0.892724,0.413793,0.000000
7,157,0.038462,0.021429,0.270136,0.070496,0.961538,0.789464,0.413793,0.040534
7,158,0.038462,0.021429,0.000000,0.070496,0.961538,0.932740,0.448276,0.000000
7,159,0.038462,0.021429,0.000000,0.070496,0.961538,0.932740,0.431034,0.000000
7,160,0.038462,0.021429,0.000000,0.112438,0.961538,0.892724,0.379310,0.000000
7,161,0.038462,0.021429,0.000000,0.070496,0.961538,0.932740,0.465517,0.000000
7,162,0.038462,0.021429,0.000000,0.228783,0.961538,0.781720,0.413793,0.000000
7,163,0.038462,0.021429,0.000000,0.636735,0.961538,0.392497,0.500000,0.000000
7,164,0.038462,0.021429,0.115663,0.435594,0.961538,0.523058,0.396552,0.023133
7,165,0.038462,0.021429,0.000000,0.435594,0.961538,0.584403,0.413793,0.000000
7,166,0.038462,0.021429,0.000000,0.795022,0.961538,0.241477,0.482759,0.000000
7,167,0.346154,0.078571,0.138497,0.262342,0.653846,0.676245,0.206897,0.027699
7,168,0.076923,0.028571,0.000000,0.100911,0.923077,0.903722,0.206897,0.000000
7,169,0.076923,0.028571,0.087075,0.000000,0.923077,0.953817,0.224138,0.013066
7,170,0.076923,0.028571,0.000000,0.000000,0.923077,1.000000,0.224138,0.000000
7,171,0.076923,0.028571,0.000000,0.000000,0.923077,1.000000,0.258621,0.000000
7,172,0.076923,0.028571,0.000000,0.264553,0.923077,0.747592,0.172414,0.000000
7,173,0.076923,0.028571,0.000000,0.000000,0.923077,1.000000,0.206897,0.000000
7,174,0.076923,0.028571,0.513968,0.000000,0.923077,0.727399,0.241379,0.077121
7,175,0.076923,0.028571,0.000000,0.000000,0.923077,1.000000,0.224138,0.000000
7,176,0.076923,0.028571,0.183071,0.201815,0.923077,0.710352,0.189655,0.027470
7,177,0.076923,0.028571,0.131707,0.038172,0.923077,0.893725,0.206897,0.019763
7,178,0.076923,0.028571,0.000000,0.000000,0.923077,1.000000,0.224138,0.000000
7,179,0.076923,0.028571,0.000000,0.100911,0.923077,0.903722,0.189655,0.000000
7,180,0.076923,0.028571,0.000000,0.000000,0.923077,1.000000,0.241379,0.000000
7,181,0.076923,0.028571,0.000000,0.000000,0.923077,1.000000,0.189655,0.000000
7,182,0.076923,0.028571,0.212837,0.000000,0.923077,0.887115,0.258621,0.031936
7,183,0.076923,0.028571,0.000000,0.163194,0.923077,0.844299,0.189655,0.000000
7,184,0.076923,0.028571,0.000000,0.084849,0.923077,0.919046,0.224138,0.000000
7,185,0.076923,0.028571,0.000000,0.000000,0.923077,1.000000,0.241379,0.000000
7,186,0.076923,0.028571,0.000000,0.298900,0.923077,0.714823,0.241379,0.000000
7,187,0.076923,0.028571,0.000000,0.469501,0.923077,0.552053,0.206897,0.000000
7,188,0.076923,0.028571,0.000000,0.492068,0.923077,0.530523,0.224138,0.000000
7,189,0.076923,0.028571,0.000000,0.298900,0.923077,0.714823,0.224138,0.000000
7,190,0.076923,0.028571,0.000000,0.175605,0.923077,0.832457,0.189655,0.000000
7,191,0.076923,0.028571,0.124201,0.000000,0.923077,0.934126,0.241379,0.018636
7,192,0.076923,0.028571,0.000000,0.103875,0.923077,0.900894,0.206897,0.000000
7,193,0.076923,0.028571,0.000000,0.000000,0.923077,1.000000,0.258621,0.000000
7,194,0.076923,0.028571,0.000000,0.364600,0.923077,0.652139,0.189655,0.000000
7,195,0.076923,0.028571,0.000000,0.000000,0.923077,1.000000,0.224138,0.000000
7,196,0.076923,0.028571,0.000000,0.019506,0.923077,0.981390,0.241379,0.000000
7,197,0.076923,0.028571,0.000000,0.000000,0.923077,1.000000,0.258621,0.000000
7,198,0.076923,0.028571,0.248269,0.311536,0.923077,0.571088,0.224138,0.037253
7,199,0.076923,0.028571,0.000000,0.038172,0.923077,0.963580,0.172414,0.000000
7,200,0.076923,0.028571,0.000000,0.000000,0.923077,1.000000,0.241379,0.000000
7,201,0.076923,0.028571,0.000000,0.150170,0.923077,0.856724,0.241379,0.000000
7,202,0.076923,0.028571,0.000000,0.000000,0.923077,1.000000,0.189655,0.000000
7,203,0.076923,0.028571,0.000000,0.150170,0.923077,0.856724,0.172414,0.000000
7,204,0.076923,0.028571,0.000000,0.000000,0.923077,1.000000,0.275862,0.000000
7,205,0.076923,0.028571,0.000000,0.062283,0.923077,0.940577,0.206897,0.000000
7,206,0.076923,0.028571,0.000000,0.084849,0.923077,0.919046,0.189655,0.000000
7,207,0.076923,0.028571,0.000000,0.000000,0.923077,1.000000,0.206897,0.000000
7,208,0.076923,0.028571,0.000000,0.363197,0.923077,0.653477,0.206897,0.000000
7,209,0.076923,0.028571,0.018588,0.469501,0.923077,0.542194,0.206897,0.003718
7,210,0.076923,0.028571,0.000000,0.492068,0.923077,0.530523,0.172414,0.000000
7,211,0.076923,0.028571,0.000000,0.363197,0.923077,0.653477,0.206897,0.000000
7,212,0.038462,0.021429,0.000000,0.252596,0.961538,0.759000,0.206897,0.000000
7,213,0.038462,0.021429,0.000000,0.076991,0.961538,0.926543,0.224138,0.000000
7,214,0.038462,0.021429,0.000000,0.180866,0.961538,0.827437,0.241379,0.000000
7,215,0.038462,0.021429,0.000000,0.076991,0.961538,0.926543,0.258621,0.000000
7,216,0.038462,0.021429,0.000000,0.277948,0.961538,0.734812,0.206897,0.000000
7,217,0.038462,0.021429,0.000000,0.076991,0.961538,0.926543,0.224138,0.000000
7,218,0.038462,0.021429,0.000000,0.096497,0.961538,0.907933,0.241379,0.000000
7,219,0.038462,0.021429,0.000000,0.076991,0.961538,0.926543,0.258621,0.000000
7,220,0.038462,0.021429,0.279276,0.186713,0.961538,0.673735,0.206897,0.041906
7,221,0.038462,0.021429,0.000000,0.076991,0.961538,0.926543,0.224138,0.000000
7,222,0.038462,0.021429,0.000000,0.076991,0.961538,0.926543,0.241379,0.000000
7,223,0.346154,0.078571,0.000000,0.214467,0.653846,0.795379,0.172414,0.000000
7,224,0.019231,0.017857,0.000000,0.166723,0.980769,0.840931,0.482759,0.000000
7,225,0.019231,0.017857,0.000000,0.000000,0.980769,1.000000,0.448276,0.000000
7,226,0.019231,0.017857,0.000000,0.048405,0.980769,0.953817,0.517241,0.000000
7,227,0.019231,0.017857,0.000000,0.000000,0.980769,1.000000,0.448276,0.000000
7,228,0.019231,0.017857,0.000000,0.118317,0.980769,0.887115,0.500000,0.000000
7,229,0.019231,0.017857,0.000000,0.285718,0.980769,0.727399,0.396552,0.000000
7,230,0.019231,0.017857,0.000000,0.073216,0.980769,0.930145,0.500000,0.000000
7,231,0.019231,0.017857,0.000000,0.101770,0.980769,0.902902,0.448276,0.000000
7,232,0.019231,0.017857,0.000000,0.000000,0.980769,1.000000,0.465517,0.000000
7,233,0.019231,0.017857,0.000000,0.285718,0.980769,0.727399,0.431034,0.000000
7,234,0.019231,0.017857,0.000000,0.174987,0.980769,0.833047,0.448276,0.000000
7,235,0.019231,0.017857,0.000000,0.117449,0.980769,0.887943,0.465517,0.000000
7,236,0.019231,0.017857,0.000000,0.000000,0.980769,1.000000,0.448276,0.000000
7,237,0.019231,0.017857,0.000000,0.117449,0.980769,0.887943,0.465517,0.000000
7,238,0.019231,0.017857,0.000000,0.000000,0.980769,1.000000,0.465517,0.000000
7,239,0.019231,0.017857,0.000000,0.000000,0.980769,1.000000,0.500000,0.000000
7,240,0.019231,0.017857,0.000000,0.285718,0.980769,0.727399,0.413793,0.000000
7,241,0.019231,0.017857,0.000000,0.073216,0.980769,0.930145,0.413793,0.000000
7,242,0.019231,0.017857,0.000000,0.239784,0.980769,0.771224,0.517241,0.000000
7,243,0.019231,0.017857,0.000000,0.000000,0.980769,1.000000,0.517241,0.000000
7,244,0.019231,0.017857,0.000000,0.285718,0.980769,0.727399,0.465517,0.000000
7,245,0.019231,0.017857,0.068667,0.313001,0.980769,0.664949,0.431034,0.013733
7,246,0.019231,0.017857,0.000000,0.118317,0.980769,0.887115,0.448276,0.000000
7,247,0.019231,0.017857,0.000000,0.000000,0.980769,1.000000,0.396552,0.000000
7,248,0.019231,0.017857,0.000000,0.000000,0.980769,1.000000,0.482759,0.000000
7,249,0.019231,0.017857,0.000000,0.000000,0.980769,1.000000,0.413793,0.000000
7,250,0.019231,0.017857,0.000000,0.118317,0.980769,0.887115,0.448276,0.000000
7,251,0.019231,0.017857,0.000000,0.000000,0.980769,1.000000,0.431034,0.000000
7,252,0.019231,0.017857,0.152632,0.000000,0.980769,0.919046,0.465517,0.022902
7,253,0.019231,0.017857,0.000000,0.010333,0.980769,0.990141,0.448276,0.000000
7,254,0.019231,0.017857,0.000000,0.000000,0.980769,1.000000,0.448276,0.000000
7,255,0.019231,0.017857,0.000000,0.000000,0.980769,1.000000,0.431034,0.000000
7,256,0.019231,0.017857,0.180515,0.010333,0.980769,0.894399,0.448276,0.027086
7,257,0.019231,0.017857,0.000000,0.069044,0.980769,0.934126,0.517241,0.000000
7,258,0.019231,0.017857,0.000000,0.000000,0.980769,1.000000,0.465517,0.000000
7,259,0.019231,0.017857,0.000000,0.069044,0.980769,0.934126,0.482759,0.000000
7,260,0.019231,0.017857,0.000000,0.000000,0.980769,1.000000,0.500000,0.000000
7,261,0.019231,0.017857,0.000000,0.000000,0.980769,1.000000,0.465517,0.000000
7,262,0.019231,0.017857,0.000000,0.000000,0.980769,1.000000,0.448276,0.000000
7,263,0.019231,0.017857,0.000000,0.000000,0.980769,1.000000,0.396552,0.000000
7,264,0.019231,0.017857,0.000000,0.293265,0.980769,0.720198,0.500000,0.000000
7,265,0.019231,0.017857,0.000000,0.000000,0.980769,1.000000,0.500000,0.000000
7,266,0.019231,0.017857,0.000000,0.000000,0.980769,1.000000,0.534483,0.000000
7,267,0.019231,0.017857,0.000000,0.293265,0.980769,0.720198,0.413793,0.000000
7,268,0.000000,0.014286,0.000000,0.000000,1.000000,1.000000,0.448276,0.000000
7,269,0.000000,0.014286,0.000000,0.000000,1.000000,1.000000,0.448276,0.000000
7,270,0.000000,0.014286,0.000000,0.000000,1.000000,1.000000,0.465517,0.000000
7,271,0.000000,0.014286,0.000000,0.000000,1.000000,1.000000,0.431034,0.000000
7,272,0.000000,0.014286,0.000000,0.000000,1.000000,1.000000,0.465517,0.000000
7,273,0.000000,0.014286,0.000000,0.000000,1.000000,1.000000,0.517241,0.000000
7,274,0.000000,0.014286,0.000000,0.000000,1.000000,1.000000,0.448276,0.000000
7,275,0.000000,0.014286,0.000000,0.010333,1.000000,0.990141,0.517241,0.000000
7,276,0.000000,0.014286,0.000000,0.000000,1.000000,1.000000,0.465517,0.000000
7,277,0.000000,0.014286,0.000000,0.000000,1.000000,1.000000,0.465517,0.000000
7,278,0.000000,0.014286,0.000000,0.010333,1.000000,0.990141,0.482759,0.000000
7,279,0.153846,0.042857,0.000000,0.155251,0.846154,0.851876,0.362069,0.000000
7,280,1.000000,0.200000,0.000000,0.223371,0.000000,0.786884,0.155172,0.000000
8,0,0.076923,0.028571,0.000000,0.000000,0.923077,1.000000,0.440678,0.000000
8,1,0.076923,0.028571,0.000000,0.000000,0.923077,1.000000,0.254237,0.000000
8,2,0.076923,0.028571,0.000000,0.000000,0.923077,1.000000,0.508475,0.000000
8,3,0.076923,0.028571,0.000000,0.353364,0.923077,0.699995,0.203390,0.000000
8,4,0.076923,0.028571,0.642225,0.024198,0.923077,0.758080,0.440678,0.053825
8,5,0.076923,0.028571,0.000000,0.000000,0.923077,1.000000,0.237288,0.000000
8,6,0.076923,0.028571,0.000000,0.328190,0.923077,0.721367,0.525424,0.000000
8,7,0.076923,0.028571,0.000000,0.353364,0.923077,0.699995,0.288136,0.000000
8,8,0.076923,0.028571,0.000000,0.556348,0.923077,0.527662,0.389831,0.000000
8,9,0.076923,0.028571,0.808331,0.532150,0.923077,0.269573,0.254237,0.067746
8,10,0.076923,0.028571,0.000000,0.328190,0.923077,0.721367,0.322034,0.000000
8,11,0.076923,0.028571,0.000000,0.000000,0.923077,1.000000,0.406780,0.000000
8,12,0.076923,0.028571,0.000000,0.000000,0.923077,1.000000,0.203390,0.000000
8,13,0.076923,0.028571,0.000000,0.000000,0.923077,1.000000,0.406780,0.000000
8,14,0.076923,0.028571,0.000000,0.353364,0.923077,0.699995,0.237288,0.000000
8,15,0.076923,0.028571,0.000000,0.000000,0.923077,1.000000,0.440678,0.000000
8,16,0.076923,0.028571,0.000000,0.000000,0.923077,1.000000,0.203390,0.000000
8,17,0.076923,0.028571,0.000000,0.328190,0.923077,0.721367,0.423729,0.000000
8,18,0.076923,0.028571,0.000000,0.353364,0.923077,0.699995,0.237288,0.000000
8,19,0.076923,0.028571,0.000000,0.361092,0.923077,0.693434,0.372881,0.000000
8,20,0.076923,0.028571,0.000000,0.361092,0.923077,0.693434,0.254237,0.000000
8,21,0.076923,0.028571,0.000000,0.328190,0.923077,0.721367,0.271186,0.000000
8,22,0.076923,0.028571,0.000000,0.057870,0.923077,0.950868,0.389831,0.000000
8,23,0.076923,0.028571,0.000000,0.000000,0.923077,1.000000,0.220339,0.000000
8,24,0.076923,0.028571,0.000000,0.062896,0.923077,0.946601,0.457627,0.000000
8,25,0.076923,0.028571,0.000000,0.189330,0.923077,0.839259,0.203390,0.000000
8,26,0.076923,0.028571,0.000000,0.082068,0.923077,0.930324,0.389831,0.000000
8,27,0.076923,0.028571,0.000000,0.085112,0.923077,0.927740,0.220339,0.000000
8,28,0.076923,0.028571,0.000000,0.193724,0.923077,0.835529,0.457627,0.000000
8,29,0.076923,0.028571,0.000000,0.439194,0.923077,0.627125,0.220339,0.000000
8,30,0.076923,0.028571,0.000000,0.488334,0.923077,0.585405,0.406780,0.000000
8,31,0.076923,0.028571,0.000000,0.549249,0.923077,0.533689,0.220339,0.000000
8,32,0.076923,0.028571,0.000000,0.380691,0.923077,0.676794,0.288136,0.000000
8,33,0.076923,0.028571,0.000000,0.146146,0.923077,0.875922,0.271186,0.000000
8,34,0.076923,0.028571,0.000000,0.205870,0.923077,0.825217,0.203390,0.000000
8,35,0.076923,0.028571,0.000000,0.146146,0.923077,0.875922,0.254237,0.000000
8,36,0.076923,0.028571,0.000000,0.282489,0.923077,0.760167,0.203390,0.000000
8,37,0.076923,0.028571,0.466319,0.000000,0.923077,0.839259,0.288136,0.039082
8,38,0.076923,0.028571,0.154914,0.103451,0.923077,0.858771,0.254237,0.012983
8,39,0.076923,0.028571,0.209631,0.000000,0.923077,0.927740,0.237288,0.017569
8,40,0.076923,0.028571,0.000000,0.328738,0.923077,0.720902,0.220339,0.000000
8,41,0.076923,0.028571,0.000000,0.078261,0.923077,0.933557,0.220339,0.000000
8,42,0.076923,0.028571,0.000000,0.078261,0.923077,0.933557,0.186441,0.000000
8,43,0.076923,0.028571,0.000000,0.148668,0.923077,0.873781,0.203390,0.000000
8,44,0.038462,0.021429,0.252258,0.459924,0.961538,0.522572,0.355932,0.021142
8,45,0.038462,0.021429,0.359957,0.402053,0.961538,0.534580,0.406780,0.030168
8,46,0.038462,0.021429,0.000000,0.464950,0.961538,0.605258,0.389831,0.000000
8,47,0.038462,0.021429,0.000000,0.591383,0.961538,0.497917,0.423729,0.000000
8,48,0.038462,0.021429,0.443512,0.459924,0.961538,0.456646,0.406780,0.037171
8,49,0.038462,0.021429,0.000000,0.487166,0.961538,0.586397,0.440678,0.000000
8,50,0.038462,0.021429,0.000000,0.595777,0.961538,0.494186,0.389831,0.000000
8,51,0.038462,0.021429,0.000000,0.841248,0.961538,0.285783,0.389831,0.000000
8,52,0.038462,0.021429,0.366169,0.616870,0.961538,0.350059,0.389831,0.030689
8,53,0.038462,0.021429,0.000000,0.701983,0.961538,0.404018,0.355932,0.000000
8,54,0.038462,0.021429,0.000000,0.782745,0.961538,0.335451,0.406780,0.000000
8,55,0.346154,0.078571,0.000000,0.680755,0.653846,0.422041,0.220339,0.000000
8,56,0.076923,0.028571,0.000000,0.000000,0.923077,1.000000,0.474576,0.000000
8,57,0.076923,0.028571,0.000000,0.000000,0.923077,1.000000,0.271186,0.000000
8,58,0.076923,0.028571,0.000000,0.000000,0.923077,1.000000,0.457627,0.000000
8,59,0.076923,0.028571,0.000000,0.260749,0.923077,0.778624,0.254237,0.000000
8,60,0.076923,0.028571,0.228110,0.298485,0.923077,0.667957,0.406780,0.045622
8,61,0.076923,0.028571,0.000000,0.000000,0.923077,1.000000,0.220339,0.000000
8,62,0.076923,0.028571,0.000000,0.328190,0.923077,0.721367,0.406780,0.000000
8,63,0.076923,0.028571,0.000000,0.260749,0.923077,0.778624,0.271186,0.000000
8,64,0.076923,0.028571,0.000000,0.298485,0.923077,0.746587,0.322034,0.000000
8,65,0.076923,0.028571,0.000000,0.000000,0.923077,1.000000,0.186441,0.000000
8,66,0.076923,0.028571,0.696611,0.328190,0.923077,0.481245,0.254237,0.139322
8,67,0.076923,0.028571,0.000000,0.000000,0.923077,1.000000,0.423729,0.000000
8,68,0.076923,0.028571,0.000000,0.000000,0.923077,1.000000,0.220339,0.000000
8,69,0.076923,0.028571,0.000000,0.000000,0.923077,1.000000,0.406780,0.000000
8,70,0.076923,0.028571,0.000000,0.260749,0.923077,0.778624,0.203390,0.000000
8,71,0.076923,0.028571,0.000000,0.297099,0.923077,0.747763,0.440678,0.000000
8,72,0.076923,0.028571,0.000000,0.000000,0.923077,1.000000,0.237288,0.000000
8,73,0.076923,0.028571,0.000000,0.328190,0.923077,0.721367,0.389831,0.000000
8,74,0.076923,0.028571,0.059599,0.571147,0.923077,0.494553,0.271186,0.011920
8,75,0.076923,0.028571,0.000000,0.420805,0.923077,0.642737,0.355932,0.000000
8,76,0.076923,0.028571,0.000000,0.123706,0.923077,0.894974,0.220339,0.000000
8,77,0.076923,0.028571,0.614073,0.638588,0.923077,0.246168,0.288136,0.122815
8,78,0.076923,0.028571,0.000000,0.215215,0.923077,0.817283,0.440678,0.000000
8,79,0.076923,0.028571,0.000000,0.000000,0.923077,1.000000,0.254237,0.000000
8,80,0.076923,0.028571,0.000000,0.062896,0.923077,0.946601,0.440678,0.000000
8,81,0.076923,0.028571,0.000000,0.189617,0.923077,0.839016,0.237288,0.000000
8,82,0.076923,0.028571,0.000000,0.626637,0.923077,0.467986,0.355932,0.000000
8,83,0.076923,0.028571,0.000000,0.085112,0.923077,0.927740,0.220339,0.000000
8,84,0.076923,0.028571,0.000000,0.062896,0.923077,0.946601,0.406780,0.000000
8,85,0.076923,0.028571,0.000000,0.189617,0.923077,0.839016,0.288136,0.000000
8,86,0.076923,0.028571,0.000000,0.411423,0.923077,0.650703,0.355932,0.000000
8,87,0.076923,0.028571,0.000000,0.085112,0.923077,0.927740,0.237288,0.000000
8,88,0.076923,0.028571,0.192757,0.000000,0.923077,0.933557,0.271186,0.016155
8,89,0.076923,0.028571,0.000000,0.146146,0.923077,0.875922,0.237288,0.000000
8,90,0.076923,0.028571,0.000000,0.102419,0.923077,0.913046,0.186441,0.000000
8,91,0.076923,0.028571,0.000000,0.146146,0.923077,0.875922,0.203390,0.000000
8,92,0.076923,0.028571,0.142534,0.282489,0.923077,0.711035,0.220339,0.028507
8,93,0.076923,0.028571,0.000000,0.297099,0.923077,0.747763,0.220339,0.000000
8,94,0.076923,0.028571,0.000000,0.000000,0.923077,1.000000,0.169492,0.000000
8,95,0.076923,0.028571,0.000000,0.000000,0.923077,1.000000,0.237288,0.000000
8,96,0.076923,0.028571,0.000000,0.837638,0.923077,0.288847,0.203390,0.000000
8,97,0.076923,0.028571,0.615414,0.420805,0.923077,0.430603,0.186441,0.051578
8,98,0.076923,0.028571,0.322227,0.123706,0.923077,0.783902,0.271186,0.027006
8,99,0.076923,0.028571,0.529093,0.657568,0.923077,0.259347,0.254237,0.105819
8,100,0.038462,0.021429,0.000000,0.621224,0.961538,0.472582,0.457627,0.000000
8,101,0.038462,0.021429,0.000000,0.406010,0.961538,0.655299,0.389831,0.000000
8,102,0.038462,0.021429,0.254800,0.468906,0.961538,0.514070,0.389831,0.050960
8,103,0.038462,0.021429,0.000000,0.595626,0.961538,0.494315,0.440678,0.000000
8,104,0.038462,0.021429,0.000000,0.734162,0.961538,0.376698,0.389831,0.000000
8,105,0.038462,0.021429,0.000000,0.491122,0.961538,0.583038,0.457627,0.000000
8,106,0.038462,0.021429,0.000000,0.468906,0.961538,0.601900,0.389831,0.000000
8,107,0.038462,0.021429,0.000000,0.595626,0.961538,0.494315,0.440678,0.000000
8,108,0.038462,0.021429,0.000000,0.518947,0.961538,0.559415,0.389831,0.000000
8,109,0.038462,0.021429,0.000000,0.491122,0.961538,0.583038,0.457627,0.000000
8,110,0.038462,0.021429,0.000000,0.406010,0.961538,0.655299,0.457627,0.000000
8,111,0.346154,0.078571,0.990256,0.775806,0.653846,0.000000,0.220339,0.198051
8,112,0.076923,0.028571,0.000000,0.222110,0.923077,0.811429,0.406780,0.000000
8,113,0.076923,0.028571,0.000000,0.067611,0.923077,0.942598,0.254237,0.000000
8,114,0.076923,0.028571,0.000000,0.222110,0.923077,0.811429,0.474576,0.000000
8,115,0.076923,0.028571,0.000000,0.092615,0.923077,0.921370,0.220339,0.000000
8,116,0.076923,0.028571,0.000000,0.024198,0.923077,0.979456,0.423729,0.000000
8,117,0.076923,0.028571,0.000000,0.146486,0.923077,0.875634,0.254237,0.000000
8,118,0.076923,0.028571,0.000000,0.072769,0.923077,0.938219,0.440678,0.000000
8,119,0.076923,0.028571,0.000000,0.349303,0.923077,0.703442,0.254237,0.000000
8,120,0.076923,0.028571,0.000000,0.568861,0.923077,0.517038,0.322034,0.000000
8,121,0.076923,0.028571,0.000000,0.623538,0.923077,0.470617,0.220339,0.000000
8,122,0.076923,0.028571,0.000000,0.329458,0.923077,0.720291,0.254237,0.000000
8,123,0.076923,0.028571,0.000000,0.285935,0.923077,0.757242,0.389831,0.000000
8,124,0.076923,0.028571,0.000000,0.273775,0.923077,0.767566,0.186441,0.000000
8,125,0.076923,0.028571,0.000000,0.330922,0.923077,0.719048,0.389831,0.000000
8,126,0.076923,0.028571,0.000000,0.092615,0.923077,0.921370,0.237288,0.000000
8,127,0.076923,0.028571,0.000000,0.010692,0.923077,0.990923,0.440678,0.000000
8,128,0.076923,0.028571,0.000000,0.354062,0.923077,0.699402,0.203390,0.000000
8,129,0.076923,0.028571,0.000000,0.128448,0.923077,0.890948,0.372881,0.000000
8,130,0.076923,0.028571,0.735167,0.191846,0.923077,0.583710,0.271186,0.061615
8,131,0.076923,0.028571,0.000000,0.373605,0.923077,0.682810,0.406780,0.000000
8,132,0.076923,0.028571,0.000000,0.453893,0.923077,0.614646,0.203390,0.000000
8,133,0.076923,0.028571,0.000000,0.172000,0.923077,0.853972,0.254237,0.000000
8,134,0.076923,0.028571,0.000000,0.093283,0.923077,0.920803,0.372881,0.000000
8,135,0.076923,0.028571,0.000000,0.027384,0.923077,0.976751,0.237288,0.000000
8,136,0.076923,0.028571,0.000000,0.000000,0.923077,1.000000,0.457627,0.000000
8,137,0.076923,0.028571,0.000000,0.000000,0.923077,1.000000,0.186441,0.000000
8,138,0.076923,0.028571,0.000000,0.117481,0.923077,0.900259,0.338983,0.000000
8,139,0.076923,0.028571,0.000000,0.106259,0.923077,0.909787,0.254237,0.000000
8,140,0.076923,0.028571,0.000000,0.130827,0.923077,0.888928,0.389831,0.000000
8,141,0.076923,0.028571,0.731754,0.624577,0.923077,0.217499,0.254237,0.146351
8,142,0.076923,0.028571,0.764508,0.488334,0.923077,0.321878,0.305085,0.064074
8,143,0.076923,0.028571,0.000000,0.543011,0.923077,0.538985,0.220339,0.000000
8,144,0.076923,0.028571,0.304687,0.755404,0.923077,0.253637,0.288136,0.060937
8,145,0.076923,0.028571,0.000000,0.063825,0.923077,0.945813,0.237288,0.000000
8,146,0.076923,0.028571,0.000000,0.336999,0.923077,0.713889,0.271186,0.000000
8,147,0.076923,0.028571,0.000000,0.108812,0.923077,0.907619,0.237288,0.000000
8,148,0.076923,0.028571,0.530073,0.000000,0.923077,0.817283,0.220339,0.044426
8,149,0.076923,0.028571,0.000706,0.010692,0.923077,0.990679,0.237288,0.000141
8,150,0.076923,0.028571,0.000000,0.417286,0.923077,0.645725,0.271186,0.000000
8,151,0.076923,0.028571,0.000000,0.055679,0.923077,0.952729,0.237288,0.000000
8,152,0.076923,0.028571,0.278165,0.119056,0.923077,0.803038,0.305085,0.023313
8,153,0.076923,0.028571,0.000000,0.078261,0.923077,0.933557,0.237288,0.000000
8,154,0.076923,0.028571,0.000000,0.158549,0.923077,0.865393,0.203390,0.000000
8,155,0.076923,0.028571,0.000000,0.119056,0.923077,0.898921,0.203390,0.000000
8,156,0.038462,0.021429,0.000000,0.495337,0.961538,0.579460,0.406780,0.000000
8,157,0.038462,0.021429,0.000000,0.402053,0.961538,0.658657,0.423729,0.000000
8,158,0.038462,0.021429,0.000000,0.402053,0.961538,0.658657,0.440678,0.000000
8,159,0.038462,0.021429,0.000000,0.402053,0.961538,0.658657,0.423729,0.000000
8,160,0.038462,0.021429,0.000000,0.495337,0.961538,0.579460,0.372881,0.000000
8,161,0.038462,0.021429,0.000000,0.402053,0.961538,0.658657,0.457627,0.000000
8,162,0.038462,0.021429,0.000000,0.532881,0.961538,0.547585,0.406780,0.000000
8,163,0.038462,0.021429,0.000000,0.869173,0.961538,0.262074,0.491525,0.000000
8,164,0.038462,0.021429,0.488910,0.616870,0.961538,0.307751,0.389831,0.040976
8,165,0.038462,0.021429,0.000000,0.616870,0.961538,0.476278,0.406780,0.000000
8,166,0.038462,0.021429,0.000000,1.000000,0.961538,0.151002,0.474576,0.000000
8,167,0.346154,0.078571,1.000000,0.222508,0.653846,0.466390,0.203390,0.083810
8,168,0.076923,0.028571,0.000000,0.000000,0.923077,1.000000,0.203390,0.000000
8,169,0.076923,0.028571,0.547057,0.000000,0.923077,0.811429,0.237288,0.045849
8,170,0.076923,0.028571,0.099080,0.000000,0.923077,0.965847,0.220339,0.008304
8,171,0.076923,0.028571,0.000000,0.000000,0.923077,1.000000,0.254237,0.000000
8,172,0.076923,0.028571,0.000000,0.298485,0.923077,0.746587,0.169492,0.000000
8,173,0.076923,0.028571,0.000000,0.168298,0.923077,0.857115,0.203390,0.000000
8,174,0.076923,0.028571,0.000000,0.000000,0.923077,1.000000,0.254237,0.000000
8,175,0.076923,0.028571,0.000000,0.000000,0.923077,1.000000,0.220339,0.000000
8,176,0.076923,0.028571,0.244405,0.298485,0.923077,0.662340,0.203390,0.048881
8,177,0.076923,0.028571,0.179230,0.168298,0.923077,0.795334,0.220339,0.035846
8,178,0.076923,0.028571,0.030820,0.000000,0.923077,0.989376,0.220339,0.002583
8,179,0.076923,0.028571,0.000000,0.000000,0.923077,1.000000,0.186441,0.000000
8,180,0.076923,0.028571,0.000000,0.000000,0.923077,1.000000,0.237288,0.000000
8,181,0.076923,0.028571,0.067447,0.000000,0.923077,0.976751,0.186441,0.005653
8,182,0.076923,0.028571,0.000000,0.000000,0.923077,1.000000,0.271186,0.000000
8,183,0.076923,0.028571,0.000000,0.297099,0.923077,0.747763,0.186441,0.000000
8,184,0.076923,0.028571,0.000000,0.115732,0.923077,0.901743,0.220339,0.000000
8,185,0.076923,0.028571,0.194268,0.000000,0.923077,0.933036,0.237288,0.016282
8,186,0.076923,0.028571,0.000000,0.310398,0.923077,0.736473,0.237288,0.000000
8,187,0.076923,0.028571,0.387817,0.420805,0.923077,0.509056,0.203390,0.032503
8,188,0.076923,0.028571,0.000000,0.239438,0.923077,0.796718,0.220339,0.000000
8,189,0.076923,0.028571,0.000000,0.310398,0.923077,0.736473,0.220339,0.000000
8,190,0.076923,0.028571,0.000000,0.215215,0.923077,0.817283,0.186441,0.000000
8,191,0.076923,0.028571,0.130866,0.000000,0.923077,0.954890,0.254237,0.010968
8,192,0.076923,0.028571,0.575227,0.000000,0.923077,0.801719,0.203390,0.048210
8,193,0.076923,0.028571,0.026334,0.000287,0.923077,0.990679,0.254237,0.002207
8,194,0.076923,0.028571,0.000000,0.626637,0.923077,0.467986,0.186441,0.000000
8,195,0.076923,0.028571,0.137137,0.052566,0.923077,0.908100,0.220339,0.011493
8,196,0.076923,0.028571,0.197748,0.000000,0.923077,0.931836,0.237288,0.016573
8,197,0.076923,0.028571,0.000000,0.000287,0.923077,0.999757,0.254237,0.000000
8,198,0.076923,0.028571,0.000000,0.411423,0.923077,0.650703,0.237288,0.000000
8,199,0.076923,0.028571,0.000000,0.052566,0.923077,0.955372,0.169492,0.000000
8,200,0.076923,0.028571,0.000000,0.000000,0.923077,1.000000,0.237288,0.000000
8,201,0.076923,0.028571,0.000000,0.000000,0.923077,1.000000,0.237288,0.000000
8,202,0.076923,0.028571,0.000000,0.000000,0.923077,1.000000,0.186441,0.000000
8,203,0.076923,0.028571,0.000000,0.000000,0.923077,1.000000,0.169492,0.000000
8,204,0.076923,0.028571,0.087223,0.000000,0.923077,0.969934,0.271186,0.007310
8,205,0.076923,0.028571,0.000000,0.297099,0.923077,0.747763,0.203390,0.000000
8,206,0.076923,0.028571,0.000000,0.000000,0.923077,1.000000,0.186441,0.000000
8,207,0.076923,0.028571,0.000000,0.000000,0.923077,1.000000,0.203390,0.000000
8,208,0.076923,0.028571,0.000000,0.508900,0.923077,0.567945,0.203390,0.000000
8,209,0.076923,0.028571,0.535099,0.420805,0.923077,0.458288,0.203390,0.044847
8,210,0.076923,0.028571,0.000000,0.123706,0.923077,0.894974,0.169492,0.000000
8,211,0.076923,0.028571,0.000000,0.508900,0.923077,0.567945,0.203390,0.000000
8,212,0.038462,0.021429,0.000000,0.621224,0.961538,0.472582,0.203390,0.000000
8,213,0.038462,0.021429,0.000000,0.406010,0.961538,0.655299,0.220339,0.000000
8,214,0.038462,0.021429,0.000000,0.406010,0.961538,0.655299,0.237288,0.000000
8,215,0.038462,0.021429,0.000000,0.406296,0.961538,0.655055,0.254237,0.000000
8,216,0.038462,0.021429,0.000000,0.734162,0.961538,0.376698,0.203390,0.000000
8,217,0.038462,0.021429,0.000000,0.406010,0.961538,0.655299,0.220339,0.000000
8,218,0.038462,0.021429,0.000000,0.406010,0.961538,0.655299,0.237288,0.000000
8,219,0.038462,0.021429,0.000000,0.406296,0.961538,0.655055,0.254237,0.000000
8,220,0.038462,0.021429,0.293235,0.518947,0.961538,0.458336,0.220339,0.058647
8,221,0.038462,0.021429,0.000000,0.406010,0.961538,0.655299,0.220339,0.000000
8,222,0.038462,0.021429,0.000000,0.406010,0.961538,0.655299,0.237288,0.000000
8,223,0.346154,0.078571,0.000000,0.198502,0.653846,0.831472,0.169492,0.000000
8,224,0.019231,0.017857,0.000000,0.222110,0.980769,0.811429,0.474576,0.000000
8,225,0.019231,0.017857,0.000000,0.067611,0.980769,0.942598,0.440678,0.000000
8,226,0.019231,0.017857,0.000000,0.222110,0.980769,0.811429,0.508475,0.000000
8,227,0.019231,0.017857,0.000000,0.000000,0.980769,1.000000,0.440678,0.000000
8,228,0.019231,0.017857,0.000000,0.000000,0.980769,1.000000,0.491525,0.000000
8,229,0.019231,0.017857,0.000000,0.146486,0.980769,0.875634,0.389831,0.000000
8,230,0.019231,0.017857,0.285048,0.072769,0.980769,0.839963,0.491525,0.023890
8,231,0.019231,0.017857,0.000000,0.256689,0.980769,0.782072,0.440678,0.000000
8,232,0.019231,0.017857,0.000000,0.012513,0.980769,0.989376,0.457627,0.000000
8,233,0.019231,0.017857,0.000000,0.091388,0.980769,0.922412,0.423729,0.000000
8,234,0.019231,0.017857,0.000000,0.329458,0.980769,0.720291,0.440678,0.000000
8,235,0.019231,0.017857,0.000000,0.285935,0.980769,0.757242,0.457627,0.000000
8,236,0.019231,0.017857,0.000000,0.273775,0.980769,0.767566,0.440678,0.000000
8,237,0.019231,0.017857,0.000000,0.330922,0.980769,0.719048,0.457627,0.000000
8,238,0.019231,0.017857,0.000000,0.000000,0.980769,1.000000,0.457627,0.000000
8,239,0.019231,0.017857,0.000000,0.010692,0.980769,0.990923,0.491525,0.000000
8,240,0.019231,0.017857,0.000000,0.354062,0.980769,0.699402,0.406780,0.000000
8,241,0.019231,0.017857,0.129469,0.128448,0.980769,0.846320,0.406780,0.025894
8,242,0.019231,0.017857,0.000000,0.099231,0.980769,0.915753,0.508475,0.000000
8,243,0.019231,0.017857,0.000000,0.012513,0.980769,0.989376,0.508475,0.000000
8,244,0.019231,0.017857,0.000000,0.092801,0.980769,0.921212,0.457627,0.000000
8,245,0.019231,0.017857,0.000000,0.172000,0.980769,0.853972,0.423729,0.000000
8,246,0.019231,0.017857,0.000000,0.035413,0.980769,0.969934,0.440678,0.000000
8,247,0.019231,0.017857,0.000000,0.027384,0.980769,0.976751,0.389831,0.000000
8,248,0.019231,0.017857,0.000000,0.000000,0.980769,1.000000,0.474576,0.000000
8,249,0.019231,0.017857,0.000000,0.000000,0.980769,1.000000,0.406780,0.000000
8,250,0.019231,0.017857,0.000000,0.035413,0.980769,0.969934,0.440678,0.000000
8,251,0.019231,0.017857,0.000000,0.106259,0.980769,0.909787,0.423729,0.000000
8,252,0.019231,0.017857,0.000000,0.000000,0.980769,1.000000,0.474576,0.000000
8,253,0.019231,0.017857,0.000000,0.374713,0.980769,0.681870,0.440678,0.000000
8,254,0.019231,0.017857,0.000000,0.000000,0.980769,1.000000,0.440678,0.000000
8,255,0.019231,0.017857,0.000000,0.078875,0.980769,0.933036,0.423729,0.000000
8,256,0.019231,0.017857,0.000000,0.374713,0.980769,0.681870,0.457627,0.000000
8,257,0.019231,0.017857,0.000000,0.063825,0.980769,0.945813,0.508475,0.000000
8,258,0.019231,0.017857,0.000000,0.233548,0.980769,0.801719,0.457627,0.000000
8,259,0.019231,0.017857,0.000000,0.108812,0.980769,0.907619,0.474576,0.000000
8,260,0.019231,0.017857,0.000000,0.000000,0.980769,1.000000,0.491525,0.000000
8,261,0.019231,0.017857,0.000000,0.010692,0.980769,0.990923,0.457627,0.000000
8,262,0.019231,0.017857,0.000000,0.313835,0.980769,0.733555,0.440678,0.000000
8,263,0.019231,0.017857,0.000000,0.055679,0.980769,0.952729,0.389831,0.000000
8,264,0.019231,0.017857,0.000000,0.119056,0.980769,0.898921,0.491525,0.000000
8,265,0.019231,0.017857,0.000000,0.000000,0.980769,1.000000,0.491525,0.000000
8,266,0.019231,0.017857,0.000000,0.080287,0.980769,0.931836,0.525424,0.000000
8,267,0.019231,0.017857,0.000000,0.119056,0.980769,0.898921,0.406780,0.000000
8,268,0.000000,0.014286,0.000000,0.035413,1.000000,0.969934,0.440678,0.000000
8,269,0.000000,0.014286,0.000000,0.000000,1.000000,1.000000,0.440678,0.000000
8,270,0.000000,0.014286,0.000000,0.000000,1.000000,1.000000,0.457627,0.000000
8,271,0.000000,0.014286,0.000000,0.000000,1.000000,1.000000,0.423729,0.000000
8,272,0.000000,0.014286,0.000000,0.035413,1.000000,0.969934,0.457627,0.000000
8,273,0.000000,0.014286,0.000000,0.000000,1.000000,1.000000,0.508475,0.000000
8,274,0.000000,0.014286,0.000000,0.000000,1.000000,1.000000,0.440678,0.000000
8,275,0.000000,0.014286,0.000000,0.217255,1.000000,0.815551,0.508475,0.000000
8,276,0.000000,0.014286,0.000000,0.000000,1.000000,1.000000,0.457627,0.000000
8,277,0.000000,0.014286,0.000000,0.000000,1.000000,1.000000,0.457627,0.000000
8,278,0.000000,0.014286,0.000000,0.217255,1.000000,0.815551,0.474576,0.000000
8,279,0.153846,0.042857,0.000000,0.119056,0.846154,0.898921,0.355932,0.000000
8,280,1.000000,0.200000,0.000000,0.168298,0.000000,0.857115,0.152542,0.000000
9,0,0.076923,0.028571,0.000000,0.000000,0.923077,1.000000,0.433333,0.000000
9,1,0.076923,0.028571,0.000000,0.000000,0.923077,1.000000,0.250000,0.000000
9,2,0.076923,0.028571,0.000000,0.000000,0.923077,1.000000,0.500000,0.000000
9,3,0.076923,0.028571,0.000000,0.453670,0.923077,0.639547,0.200000,0.000000
9,4,0.076923,0.028571,0.382038,0.464208,0.923077,0.489777,0.450000,0.076408
9,5,0.076923,0.028571,0.000000,0.000000,0.923077,1.000000,0.233333,0.000000
9,6,0.076923,0.028571,0.000000,0.229170,0.923077,0.817919,0.516667,0.000000
9,7,0.076923,0.028571,0.000000,0.453670,0.923077,0.639547,0.283333,0.000000
9,8,0.076923,0.028571,0.000000,0.799894,0.923077,0.364463,0.383333,0.000000
9,9,0.076923,0.028571,0.000000,0.335686,0.923077,0.733288,0.266667,0.000000
9,10,0.076923,0.028571,0.000000,0.229170,0.923077,0.817919,0.316667,0.000000
9,11,0.076923,0.028571,0.000000,0.088800,0.923077,0.929446,0.400000,0.000000
9,12,0.076923,0.028571,0.000000,0.121103,0.923077,0.903780,0.200000,0.000000
9,13,0.076923,0.028571,0.000000,0.000000,0.923077,1.000000,0.400000,0.000000
9,14,0.076923,0.028571,0.000000,0.502502,0.923077,0.600749,0.233333,0.000000
9,15,0.076923,0.028571,0.000000,0.088800,0.923077,0.929446,0.433333,0.000000
9,16,0.076923,0.028571,0.000000,0.121103,0.923077,0.903780,0.200000,0.000000
9,17,0.076923,0.028571,0.000000,0.000000,0.923077,1.000000,0.416667,0.000000
9,18,0.076923,0.028571,0.505794,0.502502,0.923077,0.413548,0.233333,0.049590
9,19,0.076923,0.028571,0.000000,0.182193,0.923077,0.855243,0.366667,0.000000
9,20,0.076923,0.028571,0.491962,0.182193,0.923077,0.673161,0.250000,0.048234
9,21,0.076923,0.028571,0.000000,0.000000,0.923077,1.000000,0.266667,0.000000
9,22,0.076923,0.028571,0.000000,0.035265,0.923077,0.971981,0.383333,0.000000
9,23,0.076923,0.028571,0.000000,0.273026,0.923077,0.783074,0.216667,0.000000
9,24,0.076923,0.028571,0.000000,0.000000,0.923077,1.000000,0.450000,0.000000
9,25,0.076923,0.028571,0.000000,0.000000,0.923077,1.000000,0.200000,0.000000
9,26,0.076923,0.028571,0.104828,0.499473,0.923077,0.564358,0.383333,0.020966
9,27,0.076923,0.028571,0.000000,0.273026,0.923077,0.783074,0.216667,0.000000
9,28,0.076923,0.028571,0.000000,0.250264,0.923077,0.801159,0.450000,0.000000
9,29,0.076923,0.028571,0.000000,0.379811,0.923077,0.698230,0.216667,0.000000
9,30,0.076923,0.028571,0.000000,0.863790,0.923077,0.313696,0.400000,0.000000
9,31,0.076923,0.028571,0.000000,0.399582,0.923077,0.682522,0.216667,0.000000
9,32,0.076923,0.028571,0.000000,0.630075,0.923077,0.499389,0.283333,0.000000
9,33,0.076923,0.028571,0.000000,0.230240,0.923077,0.817068,0.266667,0.000000
9,34,0.076923,0.028571,0.000000,0.121103,0.923077,0.903780,0.200000,0.000000
9,35,0.076923,0.028571,0.000000,0.141440,0.923077,0.887622,0.250000,0.000000
9,36,0.076923,0.028571,0.000000,0.312070,0.923077,0.752052,0.200000,0.000000
9,37,0.076923,0.028571,0.000000,0.088800,0.923077,0.929446,0.300000,0.000000
9,38,0.076923,0.028571,0.000000,0.121103,0.923077,0.903780,0.266667,0.000000
9,39,0.076923,0.028571,0.000000,0.101508,0.923077,0.919349,0.250000,0.000000
9,40,0.076923,0.028571,0.000000,0.389621,0.923077,0.690436,0.216667,0.000000
9,41,0.076923,0.028571,0.000000,0.037008,0.923077,0.970596,0.216667,0.000000
9,42,0.076923,0.028571,0.000000,0.037008,0.923077,0.970596,0.183333,0.000000
9,43,0.076923,0.028571,0.000000,0.179059,0.923077,0.857733,0.200000,0.000000
9,44,0.038462,0.021429,0.000000,0.634360,0.961538,0.495984,0.366667,0.000000
9,45,0.038462,0.021429,0.303632,0.872121,0.961538,0.194699,0.416667,0.060726
9,46,0.038462,0.021429,0.000000,0.599095,0.961538,0.524003,0.383333,0.000000
9,47,0.038462,0.021429,0.000000,0.599095,0.961538,0.524003,0.416667,0.000000
9,48,0.038462,0.021429,0.565097,0.634360,0.961538,0.286835,0.416667,0.113019
9,49,0.038462,0.021429,0.000000,0.872121,0.961538,0.307077,0.433333,0.000000
9,50,0.038462,0.021429,0.000000,0.620189,0.961538,0.507244,0.383333,0.000000
9,51,0.038462,0.021429,0.000000,0.978906,0.961538,0.222233,0.383333,0.000000
9,52,0.038462,0.021429,0.166479,0.808176,0.961538,0.296267,0.400000,0.033296
9,53,0.038462,0.021429,0.217910,0.808176,0.961538,0.277232,0.350000,0.043582
9,54,0.038462,0.021429,0.000000,1.000000,0.961538,0.205474,0.400000,0.000000
9,55,0.346154,0.078571,0.286086,0.583738,0.653846,0.430321,0.216667,0.028049
9,56,0.076923,0.028571,0.000000,0.248205,0.923077,0.802795,0.466667,0.000000
9,57,0.076923,0.028571,0.000000,0.000000,0.923077,1.000000,0.266667,0.000000
9,58,0.076923,0.028571,0.000000,0.000000,0.923077,1.000000,0.450000,0.000000
9,59,0.076923,0.028571,0.000000,0.177964,0.923077,0.858603,0.250000,0.000000
9,60,0.076923,0.028571,0.591862,0.549910,0.923077,0.344026,0.400000,0.118372
9,61,0.076923,0.028571,0.000000,0.000000,0.923077,1.000000,0.216667,0.000000
9,62,0.076923,0.028571,0.000000,0.229170,0.923077,0.817919,0.400000,0.000000
9,63,0.076923,0.028571,0.000000,0.177964,0.923077,0.858603,0.266667,0.000000
9,64,0.076923,0.028571,0.000000,0.301705,0.923077,0.760287,0.316667,0.000000
9,65,0.076923,0.028571,0.000000,0.000000,0.923077,1.000000,0.183333,0.000000
9,66,0.076923,0.028571,0.311672,0.229170,0.923077,0.702565,0.250000,0.062334
9,67,0.076923,0.028571,0.000000,0.248205,0.923077,0.802795,0.416667,0.000000
9,68,0.076923,0.028571,0.000000,0.000000,0.923077,1.000000,0.216667,0.000000
9,69,0.076923,0.028571,0.000000,0.000000,0.923077,1.000000,0.400000,0.000000
9,70,0.076923,0.028571,0.000000,0.226796,0.923077,0.819804,0.200000,0.000000
9,71,0.076923,0.028571,0.000000,0.386913,0.923077,0.692587,0.433333,0.000000
9,72,0.076923,0.028571,0.000000,0.000000,0.923077,1.000000,0.233333,0.000000
9,73,0.076923,0.028571,0.000000,0.000000,0.923077,1.000000,0.383333,0.000000
9,74,0.076923,0.028571,0.490728,0.463812,0.923077,0.449865,0.266667,0.048113
9,75,0.076923,0.028571,0.000000,0.451673,0.923077,0.641134,0.350000,0.000000
9,76,0.076923,0.028571,0.000000,0.312964,0.923077,0.751342,0.216667,0.000000
9,77,0.076923,0.028571,0.408951,0.237015,0.923077,0.660327,0.283333,0.040095
9,78,0.076923,0.028571,0.000000,0.358083,0.923077,0.715494,0.433333,0.000000
9,79,0.076923,0.028571,0.000000,0.000000,0.923077,1.000000,0.250000,0.000000
9,80,0.076923,0.028571,0.259973,0.330717,0.923077,0.641017,0.433333,0.051995
9,81,0.076923,0.028571,0.190628,0.090076,0.923077,0.857878,0.233333,0.038126
9,82,0.076923,0.028571,0.000000,0.372118,0.923077,0.704343,0.350000,0.000000
9,83,0.076923,0.028571,0.000000,0.000000,0.923077,1.000000,0.216667,0.000000
9,84,0.076923,0.028571,0.000000,0.229170,0.923077,0.817919,0.400000,0.000000
9,85,0.076923,0.028571,0.000000,0.090076,0.923077,0.928432,0.283333,0.000000
9,86,0.076923,0.028571,0.000000,0.344752,0.923077,0.726085,0.350000,0.000000
9,87,0.076923,0.028571,0.000000,0.000000,0.923077,1.000000,0.233333,0.000000
9,88,0.076923,0.028571,0.079445,0.229170,0.923077,0.788515,0.283333,0.015889
9,89,0.076923,0.028571,0.000000,0.234082,0.923077,0.814016,0.233333,0.000000
9,90,0.076923,0.028571,0.000000,0.000000,0.923077,1.000000,0.183333,0.000000
9,91,0.076923,0.028571,0.586108,0.234082,0.923077,0.597090,0.200000,0.057464
9,92,0.076923,0.028571,0.075704,0.312070,0.923077,0.724033,0.216667,0.007422
9,93,0.076923,0.028571,0.000000,0.138708,0.923077,0.889793,0.216667,0.000000
9,94,0.076923,0.028571,0.000000,0.000000,0.923077,1.000000,0.166667,0.000000
9,95,0.076923,0.028571,0.000000,0.101508,0.923077,0.919349,0.233333,0.000000
9,96,0.076923,0.028571,0.000000,0.743040,0.923077,0.409635,0.200000,0.000000
9,97,0.076923,0.028571,0.815346,0.451673,0.923077,0.339364,0.200000,0.163069
9,98,0.076923,0.028571,0.045282,0.312964,0.923077,0.734582,0.283333,0.009056
9,99,0.076923,0.028571,0.448838,0.532478,0.923077,0.410811,0.250000,0.044006
9,100,0.038462,0.021429,0.000000,0.614772,0.961538,0.511548,0.450000,0.000000
9,101,0.038462,0.021429,0.000000,0.256689,0.961538,0.796054,0.383333,0.000000
9,102,0.038462,0.021429,0.000000,0.587406,0.961538,0.533291,0.383333,0.000000
9,103,0.038462,0.021429,0.000000,0.346765,0.961538,0.724486,0.433333,0.000000
9,104,0.038462,0.021429,0.000000,0.327102,0.961538,0.740109,0.383333,0.000000
9,105,0.038462,0.021429,0.000000,0.256689,0.961538,0.796054,0.450000,0.000000
9,106,0.038462,0.021429,0.000000,0.256689,0.961538,0.796054,0.383333,0.000000
9,107,0.038462,0.021429,0.000000,0.346765,0.961538,0.724486,0.433333,0.000000
9,108,0.038462,0.021429,0.000000,0.299736,0.961538,0.761852,0.383333,0.000000
9,109,0.038462,0.021429,0.000000,0.256689,0.961538,0.796054,0.450000,0.000000
9,110,0.038462,0.021429,0.000000,0.256689,0.961538,0.796054,0.450000,0.000000
9,111,0.346154,0.078571,1.000000,0.792783,0.653846,0.000000,0.216667,0.098043
9,112,0.076923,0.028571,0.000000,0.383863,0.923077,0.695011,0.400000,0.000000
9,113,0.076923,0.028571,0.000000,0.078148,0.923077,0.937909,0.250000,0.000000
9,114,0.076923,0.028571,0.000000,0.521466,0.923077,0.585682,0.466667,0.000000
9,115,0.076923,0.028571,0.532825,0.275706,0.923077,0.583739,0.216667,0.052240
9,116,0.076923,0.028571,0.000000,0.228595,0.923077,0.818375,0.416667,0.000000
9,117,0.076923,0.028571,0.000000,0.211135,0.923077,0.832247,0.250000,0.000000
9,118,0.076923,0.028571,0.000000,0.269292,0.923077,0.786040,0.433333,0.000000
9,119,0.076923,0.028571,0.000000,0.484321,0.923077,0.615194,0.250000,0.000000
9,120,0.076923,0.028571,0.000000,0.742104,0.923077,0.410379,0.316667,0.000000
9,121,0.076923,0.028571,0.000000,0.646497,0.923077,0.486341,0.216667,0.000000
9,122,0.076923,0.028571,0.000000,0.340304,0.923077,0.729620,0.250000,0.000000
9,123,0.076923,0.028571,0.000000,0.236123,0.923077,0.812394,0.383333,0.000000
9,124,0.076923,0.028571,0.000000,0.403143,0.923077,0.679692,0.183333,0.000000
9,125,0.076923,0.028571,0.000000,0.284926,0.923077,0.773619,0.383333,0.000000
9,126,0.076923,0.028571,0.000000,0.275706,0.923077,0.780944,0.233333,0.000000
9,127,0.076923,0.028571,0.000000,0.088800,0.923077,0.929446,0.433333,0.000000
9,128,0.076923,0.028571,0.000000,0.443210,0.923077,0.647858,0.200000,0.000000
9,129,0.076923,0.028571,0.000000,0.269292,0.923077,0.786040,0.366667,0.000000
9,130,0.076923,0.028571,0.141881,0.484321,0.923077,0.562683,0.283333,0.028376
9,131,0.076923,0.028571,0.000000,0.182193,0.923077,0.855243,0.400000,0.000000
9,132,0.076923,0.028571,0.000000,0.222261,0.923077,0.823408,0.200000,0.000000
9,133,0.076923,0.028571,0.000000,0.340304,0.923077,0.729620,0.250000,0.000000
9,134,0.076923,0.028571,0.000000,0.311623,0.923077,0.752407,0.366667,0.000000
9,135,0.076923,0.028571,0.000000,0.418871,0.923077,0.667196,0.233333,0.000000
9,136,0.076923,0.028571,0.000000,0.276359,0.923077,0.780426,0.450000,0.000000
9,137,0.076923,0.028571,0.000000,0.145845,0.923077,0.884122,0.183333,0.000000
9,138,0.076923,0.028571,0.000000,0.263860,0.923077,0.790357,0.333333,0.000000
9,139,0.076923,0.028571,0.000000,0.365946,0.923077,0.709246,0.250000,0.000000
9,140,0.076923,0.028571,0.000000,0.021094,0.923077,0.983241,0.383333,0.000000
9,141,0.076923,0.028571,0.297767,0.379811,0.923077,0.588023,0.250000,0.029194
9,142,0.076923,0.028571,0.508804,0.806000,0.923077,0.171297,0.316667,0.101761
9,143,0.076923,0.028571,0.000000,0.670326,0.923077,0.467409,0.216667,0.000000
9,144,0.076923,0.028571,0.671845,0.400905,0.923077,0.432812,0.283333,0.065870
9,145,0.076923,0.028571,0.000000,0.128619,0.923077,0.897809,0.233333,0.000000
9,146,0.076923,0.028571,0.709955,0.324995,0.923077,0.479020,0.266667,0.069606
9,147,0.076923,0.028571,0.000000,0.039819,0.923077,0.968363,0.233333,0.000000
9,148,0.076923,0.028571,0.058746,0.000000,0.923077,0.978257,0.233333,0.005760
9,149,0.076923,0.028571,0.193367,0.088800,0.923077,0.857878,0.233333,0.018958
9,150,0.076923,0.028571,0.000000,0.324995,0.923077,0.741783,0.266667,0.000000
9,151,0.076923,0.028571,0.000000,0.000000,0.923077,1.000000,0.233333,0.000000
9,152,0.076923,0.028571,0.092410,0.000000,0.923077,0.965798,0.316667,0.009060
9,153,0.076923,0.028571,0.000000,0.037008,0.923077,0.970596,0.233333,0.000000
9,154,0.076923,0.028571,0.000000,0.037008,0.923077,0.970596,0.200000,0.000000
9,155,0.076923,0.028571,0.000000,0.000000,0.923077,1.000000,0.200000,0.000000
9,156,0.038462,0.021429,0.000000,0.501093,0.961538,0.601868,0.400000,0.000000
9,157,0.038462,0.021429,0.198875,0.884699,0.961538,0.223477,0.416667,0.039775
9,158,0.038462,0.021429,0.000000,0.465828,0.961538,0.629887,0.433333,0.000000
9,159,0.038462,0.021429,0.000000,0.611673,0.961538,0.514010,0.416667,0.000000
9,160,0.038462,0.021429,0.000000,0.501093,0.961538,0.601868,0.366667,0.000000
9,161,0.038462,0.021429,0.000000,0.738854,0.961538,0.412961,0.450000,0.000000
9,162,0.038462,0.021429,0.000000,0.486922,0.961538,0.613128,0.400000,0.000000
9,163,0.038462,0.021429,0.000000,0.845640,0.961538,0.328117,0.483333,0.000000
9,164,0.038462,0.021429,0.249886,0.674910,0.961538,0.371281,0.400000,0.049977
9,165,0.038462,0.021429,0.000000,0.674910,0.961538,0.463767,0.400000,0.000000
9,166,0.038462,0.021429,0.000000,0.866733,0.961538,0.311358,0.466667,0.000000
9,167,0.346154,0.078571,0.264952,0.000000,0.653846,0.901938,0.216667,0.025977
9,168,0.076923,0.028571,0.000000,0.248205,0.923077,0.802795,0.200000,0.000000
9,169,0.076923,0.028571,0.230781,0.000000,0.923077,0.914585,0.250000,0.022627
9,170,0.076923,0.028571,0.167762,0.000000,0.923077,0.937909,0.233333,0.016448
9,171,0.076923,0.028571,0.000000,0.000000,0.923077,1.000000,0.250000,0.000000
9,172,0.076923,0.028571,0.000000,0.314297,0.923077,0.750283,0.166667,0.000000
9,173,0.076923,0.028571,0.295394,0.224565,0.923077,0.712248,0.200000,0.028961
9,174,0.076923,0.028571,0.086013,0.000000,0.923077,0.968166,0.250000,0.008433
9,175,0.076923,0.028571,0.000000,0.000000,0.923077,1.000000,0.216667,0.000000
9,176,0.076923,0.028571,0.447836,0.192689,0.923077,0.681153,0.200000,0.043907
9,177,0.076923,0.028571,0.282699,0.351162,0.923077,0.616362,0.216667,0.027717
9,178,0.076923,0.028571,0.000000,0.000000,0.923077,1.000000,0.233333,0.000000
9,179,0.076923,0.028571,0.000000,0.248205,0.923077,0.802795,0.183333,0.000000
9,180,0.076923,0.028571,0.593263,0.000000,0.923077,0.780426,0.233333,0.058166
9,181,0.076923,0.028571,0.000000,0.000000,0.923077,1.000000,0.200000,0.000000
9,182,0.076923,0.028571,0.000000,0.000000,0.923077,1.000000,0.266667,0.000000
9,183,0.076923,0.028571,0.000000,0.386913,0.923077,0.692587,0.183333,0.000000
9,184,0.076923,0.028571,0.000000,0.000000,0.923077,1.000000,0.216667,0.000000
9,185,0.076923,0.028571,0.199473,0.000000,0.923077,0.926172,0.250000,0.019557
9,186,0.076923,0.028571,0.000000,0.237015,0.923077,0.811685,0.233333,0.000000
9,187,0.076923,0.028571,0.000000,0.451673,0.923077,0.641134,0.216667,0.000000
9,188,0.076923,0.028571,0.000000,0.312964,0.923077,0.751342,0.216667,0.000000
9,189,0.076923,0.028571,0.381736,0.237015,0.923077,0.670400,0.216667,0.037427
9,190,0.076923,0.028571,0.000000,0.358083,0.923077,0.715494,0.183333,0.000000
9,191,0.076923,0.028571,0.085480,0.000000,0.923077,0.968363,0.266667,0.008381
9,192,0.076923,0.028571,0.437698,0.330717,0.923077,0.575239,0.216667,0.087540
9,193,0.076923,0.028571,0.000000,0.090076,0.923077,0.928432,0.266667,0.000000
9,194,0.076923,0.028571,0.000000,0.136505,0.923077,0.891544,0.183333,0.000000
9,195,0.076923,0.028571,0.000000,0.224565,0.923077,0.821577,0.233333,0.000000
9,196,0.076923,0.028571,0.000000,0.000000,0.923077,1.000000,0.250000,0.000000
9,197,0.076923,0.028571,0.000000,0.090076,0.923077,0.928432,0.250000,0.000000
9,198,0.076923,0.028571,0.000000,0.235736,0.923077,0.812701,0.233333,0.000000
9,199,0.076923,0.028571,0.000000,0.351162,0.923077,0.720992,0.166667,0.000000
9,200,0.076923,0.028571,0.000000,0.000000,0.923077,1.000000,0.233333,0.000000
9,201,0.076923,0.028571,0.313087,0.092642,0.923077,0.810516,0.233333,0.030696
9,202,0.076923,0.028571,0.000000,0.000000,0.923077,1.000000,0.183333,0.000000
9,203,0.076923,0.028571,0.000000,0.092642,0.923077,0.926394,0.166667,0.000000
9,204,0.076923,0.028571,0.000000,0.000000,0.923077,1.000000,0.283333,0.000000
9,205,0.076923,0.028571,0.000000,0.138708,0.923077,0.889793,0.200000,0.000000
9,206,0.076923,0.028571,0.000000,0.000000,0.923077,1.000000,0.183333,0.000000
9,207,0.076923,0.028571,0.000000,0.000000,0.923077,1.000000,0.200000,0.000000
9,208,0.076923,0.028571,0.000000,0.353419,0.923077,0.719199,0.200000,0.000000
9,209,0.076923,0.028571,0.000000,0.451673,0.923077,0.641134,0.216667,0.000000
9,210,0.076923,0.028571,0.000000,0.312964,0.923077,0.751342,0.166667,0.000000
9,211,0.076923,0.028571,0.000000,0.353419,0.923077,0.719199,0.200000,0.000000
9,212,0.038462,0.021429,0.000000,0.481505,0.961538,0.617432,0.200000,0.000000
9,213,0.038462,0.021429,0.000000,0.123422,0.961538,0.901938,0.216667,0.000000
9,214,0.038462,0.021429,0.000000,0.454139,0.961538,0.639175,0.233333,0.000000
9,215,0.038462,0.021429,0.000000,0.213498,0.961538,0.830370,0.250000,0.000000
9,216,0.038462,0.021429,0.000000,0.193835,0.961538,0.845993,0.200000,0.000000
9,217,0.038462,0.021429,0.000000,0.123422,0.961538,0.901938,0.216667,0.000000
9,218,0.038462,0.021429,0.000000,0.123422,0.961538,0.901938,0.233333,0.000000
9,219,0.038462,0.021429,0.000000,0.213498,0.961538,0.830370,0.250000,0.000000
9,220,0.038462,0.021429,0.000000,0.166469,0.961538,0.867736,0.216667,0.000000
9,221,0.038462,0.021429,0.000000,0.123422,0.961538,0.901938,0.216667,0.000000
9,222,0.038462,0.021429,0.000000,0.123422,0.961538,0.901938,0.233333,0.000000
9,223,0.346154,0.078571,0.000000,0.209046,0.653846,0.833908,0.166667,0.000000
9,224,0.019231,0.017857,0.000000,0.383863,0.980769,0.695011,0.466667,0.000000
9,225,0.019231,0.017857,0.000000,0.078148,0.980769,0.937909,0.433333,0.000000
9,226,0.019231,0.017857,0.000000,0.521466,0.980769,0.585682,0.500000,0.000000
9,227,0.019231,0.017857,0.000000,0.000000,0.980769,1.000000,0.433333,0.000000
9,228,0.019231,0.017857,0.000000,0.000000,0.980769,1.000000,0.483333,0.000000
9,229,0.019231,0.017857,0.000000,0.211135,0.980769,0.832247,0.383333,0.000000
9,230,0.019231,0.017857,0.000000,0.269292,0.980769,0.786040,0.500000,0.000000
9,231,0.019231,0.017857,0.000000,0.208615,0.980769,0.834250,0.433333,0.000000
9,232,0.019231,0.017857,0.000000,0.177823,0.980769,0.858715,0.450000,0.000000
9,233,0.019231,0.017857,0.000000,0.310811,0.980769,0.753053,0.416667,0.000000
9,234,0.019231,0.017857,0.000000,0.340304,0.980769,0.729620,0.433333,0.000000
9,235,0.019231,0.017857,0.000000,0.147323,0.980769,0.882948,0.450000,0.000000
9,236,0.019231,0.017857,0.000000,0.282040,0.980769,0.775912,0.433333,0.000000
9,237,0.019231,0.017857,0.000000,0.284926,0.980769,0.773619,0.450000,0.000000
9,238,0.019231,0.017857,0.000000,0.000000,0.980769,1.000000,0.450000,0.000000
9,239,0.019231,0.017857,0.000000,0.000000,0.980769,1.000000,0.483333,0.000000
9,240,0.019231,0.017857,0.000000,0.322107,0.980769,0.744077,0.400000,0.000000
9,241,0.019231,0.017857,0.482076,0.269292,0.980769,0.607618,0.400000,0.096415
9,242,0.019231,0.017857,0.000000,0.208615,0.980769,0.834250,0.500000,0.000000
9,243,0.019231,0.017857,0.000000,0.000000,0.980769,1.000000,0.500000,0.000000
9,244,0.019231,0.017857,0.000000,0.040067,0.980769,0.968166,0.450000,0.000000
9,245,0.019231,0.017857,0.271768,0.340304,0.980769,0.629035,0.416667,0.054354
9,246,0.019231,0.017857,0.000000,0.276359,0.980769,0.780426,0.433333,0.000000
9,247,0.019231,0.017857,0.000000,0.145845,0.980769,0.884122,0.383333,0.000000
9,248,0.019231,0.017857,0.000000,0.276359,0.980769,0.780426,0.466667,0.000000
9,249,0.019231,0.017857,0.000000,0.145845,0.980769,0.884122,0.400000,0.000000
9,250,0.019231,0.017857,0.000000,0.000000,0.980769,1.000000,0.433333,0.000000
9,251,0.019231,0.017857,0.000000,0.092920,0.980769,0.926172,0.416667,0.000000
9,252,0.019231,0.017857,0.000000,0.000000,0.980769,1.000000,0.466667,0.000000
9,253,0.019231,0.017857,0.000000,0.000000,0.980769,1.000000,0.433333,0.000000
9,254,0.019231,0.017857,0.000000,0.177823,0.980769,0.858715,0.433333,0.000000
9,255,0.019231,0.017857,0.000000,0.270743,0.980769,0.784887,0.416667,0.000000
9,256,0.019231,0.017857,0.000000,0.000000,0.980769,1.000000,0.450000,0.000000
9,257,0.019231,0.017857,0.000000,0.039819,0.980769,0.968363,0.500000,0.000000
9,258,0.019231,0.017857,0.000000,0.203892,0.980769,0.838002,0.450000,0.000000
9,259,0.019231,0.017857,0.000000,0.039819,0.980769,0.968363,0.466667,0.000000
9,260,0.019231,0.017857,0.000000,0.000000,0.980769,1.000000,0.483333,0.000000
9,261,0.019231,0.017857,0.000000,0.000000,0.980769,1.000000,0.450000,0.000000
9,262,0.019231,0.017857,0.000000,0.203892,0.980769,0.838002,0.433333,0.000000
9,263,0.019231,0.017857,0.000000,0.000000,0.980769,1.000000,0.383333,0.000000
9,264,0.019231,0.017857,0.000000,0.000000,0.980769,1.000000,0.483333,0.000000
9,265,0.019231,0.017857,0.000000,0.000000,0.980769,1.000000,0.483333,0.000000
9,266,0.019231,0.017857,0.000000,0.000000,0.980769,1.000000,0.516667,0.000000
9,267,0.019231,0.017857,0.000000,0.000000,0.980769,1.000000,0.400000,0.000000
9,268,0.000000,0.014286,0.000000,0.000000,1.000000,1.000000,0.433333,0.000000
9,269,0.000000,0.014286,0.000000,0.145845,1.000000,0.884122,0.433333,0.000000
9,270,0.000000,0.014286,0.000000,0.000000,1.000000,1.000000,0.450000,0.000000
9,271,0.000000,0.014286,0.000000,0.145845,1.000000,0.884122,0.416667,0.000000
9,272,0.000000,0.014286,0.000000,0.000000,1.000000,1.000000,0.450000,0.000000
9,273,0.000000,0.014286,0.000000,0.000000,1.000000,1.000000,0.500000,0.000000
9,274,0.000000,0.014286,0.000000,0.000000,1.000000,1.000000,0.433333,0.000000
9,275,0.000000,0.014286,0.000000,0.000000,1.000000,1.000000,0.500000,0.000000
9,276,0.000000,0.014286,0.000000,0.000000,1.000000,1.000000,0.450000,0.000000
9,277,0.000000,0.014286,0.000000,0.000000,1.000000,1.000000,0.450000,0.000000
9,278,0.000000,0.014286,0.000000,0.000000,1.000000,1.000000,0.466667,0.000000
9,279,0.153846,0.042857,0.000000,0.000000,0.846154,1.000000,0.350000,0.000000
9,280,1.000000,0.200000,0.000000,0.351162,0.000000,0.720992,0.150000,0.000000
10,0,0.076923,0.028571,0.592358,0.016082,0.923077,0.796668,0.426230,0.038782
10,1,0.076923,0.028571,0.000000,0.238827,0.923077,0.809496,0.245902,0.000000
10,2,0.076923,0.028571,0.000000,0.000000,0.923077,1.000000,0.491803,0.000000
10,3,0.076923,0.028571,0.000000,0.563471,0.923077,0.550538,0.196721,0.000000
10,4,0.076923,0.028571,0.000000,0.386540,0.923077,0.691670,0.442623,0.000000
10,5,0.076923,0.028571,0.000000,0.000000,0.923077,1.000000,0.229508,0.000000
10,6,0.076923,0.028571,0.000000,0.508201,0.923077,0.594625,0.508197,0.000000
10,7,0.076923,0.028571,0.000000,0.324644,0.923077,0.741043,0.278689,0.000000
10,8,0.076923,0.028571,0.000000,0.731045,0.923077,0.416870,0.377049,0.000000
10,9,0.076923,0.028571,0.405948,0.360587,0.923077,0.581817,0.262295,0.081190
10,10,0.076923,0.028571,0.000000,0.508201,0.923077,0.594625,0.311475,0.000000
10,11,0.076923,0.028571,0.000000,0.191688,0.923077,0.847097,0.393443,0.000000
10,12,0.076923,0.028571,0.000000,0.238827,0.923077,0.809496,0.196721,0.000000
10,13,0.076923,0.028571,0.000000,0.000000,0.923077,1.000000,0.393443,0.000000
10,14,0.076923,0.028571,0.000000,0.847058,0.923077,0.324330,0.229508,0.000000
10,15,0.076923,0.028571,0.000000,0.191688,0.923077,0.847097,0.426230,0.000000
10,16,0.076923,0.028571,0.000000,0.135398,0.923077,0.891998,0.196721,0.000000
10,17,0.076923,0.028571,0.000000,0.508201,0.923077,0.594625,0.409836,0.000000
10,18,0.076923,0.028571,0.384682,0.608231,0.923077,0.391119,0.245902,0.025186
10,19,0.076923,0.028571,0.000000,0.564106,0.923077,0.550032,0.360656,0.000000
10,20,0.076923,0.028571,0.000000,0.699504,0.923077,0.442029,0.262295,0.000000
10,21,0.076923,0.028571,0.000000,0.508201,0.923077,0.594625,0.262295,0.000000
10,22,0.076923,0.028571,0.000000,0.323233,0.923077,0.742168,0.377049,0.000000
10,23,0.076923,0.028571,0.000000,0.327425,0.923077,0.738824,0.213115,0.000000
10,24,0.076923,0.028571,0.000000,0.307151,0.923077,0.754996,0.442623,0.000000
10,25,0.076923,0.028571,0.000000,0.199240,0.923077,0.841073,0.196721,0.000000
10,26,0.076923,0.028571,0.703377,0.386540,0.923077,0.465462,0.377049,0.140675
10,27,0.076923,0.028571,0.000000,0.128185,0.923077,0.897751,0.213115,0.000000
10,28,0.076923,0.028571,0.000000,0.169284,0.923077,0.864968,0.442623,0.000000
10,29,0.076923,0.028571,0.000000,0.000000,0.923077,1.000000,0.213115,0.000000
10,30,0.076923,0.028571,0.000000,0.582963,0.923077,0.534990,0.393443,0.000000
10,31,0.076923,0.028571,0.000000,0.212505,0.923077,0.830492,0.213115,0.000000
10,32,0.076923,0.028571,0.000000,0.169284,0.923077,0.864968,0.278689,0.000000
10,33,0.076923,0.028571,0.494171,0.445345,0.923077,0.485836,0.262295,0.032354
10,34,0.076923,0.028571,0.000000,0.168863,0.923077,0.865303,0.196721,0.000000
10,35,0.076923,0.028571,0.118066,0.253657,0.923077,0.759696,0.245902,0.007730
10,36,0.076923,0.028571,0.000000,0.667206,0.923077,0.467792,0.196721,0.000000
10,37,0.076923,0.028571,0.000000,0.191688,0.923077,0.847097,0.295082,0.000000
10,38,0.076923,0.028571,0.000000,0.135398,0.923077,0.891998,0.262295,0.000000
10,39,0.076923,0.028571,0.000000,0.000000,0.923077,1.000000,0.245902,0.000000
10,40,0.076923,0.028571,0.000000,0.498342,0.923077,0.602489,0.213115,0.000000
10,41,0.076923,0.028571,0.000000,0.203519,0.923077,0.837660,0.213115,0.000000
10,42,0.076923,0.028571,0.000000,0.338916,0.923077,0.729658,0.180328,0.000000
10,43,0.076923,0.028571,0.000000,0.000000,0.923077,1.000000,0.196721,0.000000
10,44,0.038462,0.021429,0.418828,0.979726,0.961538,0.083809,0.360656,0.083766
10,45,0.038462,0.021429,0.629140,1.000000,0.961538,0.000000,0.409836,0.125828
10,46,0.038462,0.021429,0.000000,0.979726,0.961538,0.218505,0.377049,0.000000
10,47,0.038462,0.021429,0.000000,0.871815,0.961538,0.304583,0.409836,0.000000
10,48,0.038462,0.021429,0.532653,0.672575,0.961538,0.292207,0.409836,0.106531
10,49,0.038462,0.021429,0.000000,0.800760,0.961538,0.361261,0.426230,0.000000
10,50,0.038462,0.021429,0.000000,0.841859,0.961538,0.328477,0.377049,0.000000
10,51,0.038462,0.021429,0.000000,0.672575,0.961538,0.463510,0.377049,0.000000
10,52,0.038462,0.021429,0.000000,0.885080,0.961538,0.294001,0.393443,0.000000
10,53,0.038462,0.021429,0.000000,0.885080,0.961538,0.294001,0.344262,0.000000
10,54,0.038462,0.021429,0.000000,0.841859,0.961538,0.328477,0.393443,0.000000
10,55,0.346154,0.078571,0.827063,0.637275,0.653846,0.225681,0.229508,0.054149
10,56,0.076923,0.028571,0.000000,0.159996,0.923077,0.872376,0.459016,0.000000
10,57,0.076923,0.028571,0.000000,0.238827,0.923077,0.809496,0.262295,0.000000
10,58,0.076923,0.028571,0.000000,0.000000,0.923077,1.000000,0.442623,0.000000
10,59,0.076923,0.028571,0.000000,0.238827,0.923077,0.809496,0.245902,0.000000
10,60,0.076923,0.028571,0.805207,0.552539,0.923077,0.300301,0.393443,0.161041
10,61,0.076923,0.028571,0.000000,0.000000,0.923077,1.000000,0.213115,0.000000
10,62,0.076923,0.028571,0.000000,0.163670,0.923077,0.869446,0.393443,0.000000
10,63,0.076923,0.028571,0.000000,0.000000,0.923077,1.000000,0.262295,0.000000
10,64,0.076923,0.028571,0.000000,0.654335,0.923077,0.478059,0.311475,0.000000
10,65,0.076923,0.028571,0.854532,0.261792,0.923077,0.516357,0.180328,0.055947
10,66,0.076923,0.028571,0.894357,0.163670,0.923077,0.581817,0.245902,0.058554
10,67,0.076923,0.028571,0.000000,0.159996,0.923077,0.872376,0.409836,0.000000
10,68,0.076923,0.028571,0.000000,0.238827,0.923077,0.809496,0.213115,0.000000
10,69,0.076923,0.028571,0.000000,0.000000,0.923077,1.000000,0.393443,0.000000
10,70,0.076923,0.028571,0.039888,0.522415,0.923077,0.570459,0.196721,0.007978
10,71,0.076923,0.028571,0.000000,0.339480,0.923077,0.729208,0.426230,0.000000
10,72,0.076923,0.028571,0.000000,0.000000,0.923077,1.000000,0.229508,0.000000
10,73,0.076923,0.028571,0.000000,0.163670,0.923077,0.869446,0.377049,0.000000
10,74,0.076923,0.028571,0.534157,0.647619,0.923077,0.311629,0.278689,0.034972
10,75,0.076923,0.028571,0.000000,0.697447,0.923077,0.443670,0.344262,0.000000
10,76,0.076923,0.028571,0.000000,0.517962,0.923077,0.586839,0.213115,0.000000
10,77,0.076923,0.028571,0.000000,0.527702,0.923077,0.579070,0.295082,0.000000
10,78,0.076923,0.028571,0.000000,0.269554,0.923077,0.784986,0.426230,0.000000
10,79,0.076923,0.028571,0.000000,0.246842,0.923077,0.803103,0.245902,0.000000
10,80,0.076923,0.028571,0.000000,0.377870,0.923077,0.698586,0.426230,0.000000
10,81,0.076923,0.028571,0.475440,0.328346,0.923077,0.585186,0.229508,0.095088
10,82,0.076923,0.028571,0.000000,0.604323,0.923077,0.517952,0.344262,0.000000
10,83,0.076923,0.028571,0.000000,0.047602,0.923077,0.962030,0.213115,0.000000
10,84,0.076923,0.028571,0.335824,0.153330,0.923077,0.769691,0.393443,0.021987
10,85,0.076923,0.028571,0.000000,0.129106,0.923077,0.897017,0.278689,0.000000
10,86,0.076923,0.028571,0.000000,0.559309,0.923077,0.553858,0.344262,0.000000
10,87,0.076923,0.028571,0.000000,0.000000,0.923077,1.000000,0.229508,0.000000
10,88,0.076923,0.028571,0.504784,0.000000,0.923077,0.837660,0.278689,0.033049
10,89,0.076923,0.028571,0.000000,0.253657,0.923077,0.797666,0.229508,0.000000
10,90,0.076923,0.028571,0.761821,0.211992,0.923077,0.585897,0.180328,0.049877
10,91,0.076923,0.028571,0.199870,0.253657,0.923077,0.733388,0.213115,0.013086
10,92,0.076923,0.028571,0.000000,0.667206,0.923077,0.467792,0.229508,0.000000
10,93,0.076923,0.028571,0.000000,0.179484,0.923077,0.856832,0.213115,0.000000
10,94,0.076923,0.028571,0.000000,0.043129,0.923077,0.965598,0.163934,0.000000
10,95,0.076923,0.028571,0.000000,0.000000,0.923077,1.000000,0.229508,0.000000
10,96,0.076923,0.028571,0.000000,0.862374,0.923077,0.312113,0.196721,0.000000
10,97,0.076923,0.028571,0.000000,0.435654,0.923077,0.652493,0.196721,0.000000
10,98,0.076923,0.028571,0.419872,0.256170,0.923077,0.660629,0.278689,0.027489
10,99,0.076923,0.028571,0.527073,0.364032,0.923077,0.540116,0.262295,0.034508
10,100,0.038462,0.021429,0.000000,0.661487,0.961538,0.472354,0.442623,0.000000
10,101,0.038462,0.021429,0.000000,0.638775,0.961538,0.490471,0.377049,0.000000
10,102,0.038462,0.021429,0.000000,0.769803,0.961538,0.385954,0.377049,0.000000
10,103,0.038462,0.021429,0.000000,0.720279,0.961538,0.425458,0.426230,0.000000
10,104,0.038462,0.021429,0.000000,0.603714,0.961538,0.518438,0.377049,0.000000
10,105,0.038462,0.021429,0.000000,0.439535,0.961538,0.649398,0.442623,0.000000
10,106,0.038462,0.021429,0.000000,0.545264,0.961538,0.565061,0.377049,0.000000
10,107,0.038462,0.021429,0.000000,0.521039,0.961538,0.584385,0.426230,0.000000
10,108,0.038462,0.021429,0.000000,0.558699,0.961538,0.554344,0.377049,0.000000
10,109,0.038462,0.021429,0.000000,0.391933,0.961538,0.687368,0.442623,0.000000
10,110,0.038462,0.021429,0.000000,0.391933,0.961538,0.687368,0.442623,0.000000
10,111,0.346154,0.078571,0.841112,0.680404,0.653846,0.186761,0.229508,0.055068
10,112,0.076923,0.028571,0.000000,0.358504,0.923077,0.714034,0.393443,0.000000
10,113,0.076923,0.028571,0.000000,0.000000,0.923077,1.000000,0.245902,0.000000
10,114,0.076923,0.028571,0.000000,0.000000,0.923077,1.000000,0.459016,0.000000
10,115,0.076923,0.028571,0.396836,0.324644,0.923077,0.613419,0.229508,0.025981
10,116,0.076923,0.028571,0.000000,0.573865,0.923077,0.542247,0.409836,0.000000
10,117,0.076923,0.028571,0.000000,0.000000,0.923077,1.000000,0.245902,0.000000
10,118,0.076923,0.028571,0.000000,0.511013,0.923077,0.592382,0.426230,0.000000
10,119,0.076923,0.028571,0.000000,0.369526,0.923077,0.705242,0.245902,0.000000
10,120,0.076923,0.028571,0.000000,0.620330,0.923077,0.505184,0.311475,0.000000
10,121,0.076923,0.028571,0.000000,0.404969,0.923077,0.676970,0.213115,0.000000
10,122,0.076923,0.028571,0.649319,0.555895,0.923077,0.347758,0.245902,0.129864
10,123,0.076923,0.028571,0.000000,0.191688,0.923077,0.847097,0.377049,0.000000
10,124,0.076923,0.028571,0.000000,0.000000,0.923077,1.000000,0.180328,0.000000
10,125,0.076923,0.028571,0.000000,0.000000,0.923077,1.000000,0.377049,0.000000
10,126,0.076923,0.028571,0.000000,0.324644,0.923077,0.741043,0.229508,0.000000
10,127,0.076923,0.028571,0.000000,0.191688,0.923077,0.847097,0.426230,0.000000
10,128,0.076923,0.028571,0.000000,0.389457,0.923077,0.689343,0.196721,0.000000
10,129,0.076923,0.028571,0.000000,0.511013,0.923077,0.592382,0.360656,0.000000
10,130,0.076923,0.028571,0.588934,0.541359,0.923077,0.378773,0.278689,0.038558
10,131,0.076923,0.028571,0.000000,0.564106,0.923077,0.550032,0.393443,0.000000
10,132,0.076923,0.028571,0.000000,0.953563,0.923077,0.239375,0.196721,0.000000
10,133,0.076923,0.028571,0.000000,0.727728,0.923077,0.419516,0.245902,0.000000
10,134,0.076923,0.028571,0.000000,0.774352,0.923077,0.382325,0.360656,0.000000
10,135,0.076923,0.028571,0.000000,0.080584,0.923077,0.935721,0.229508,0.000000
10,136,0.076923,0.028571,0.000000,0.307151,0.923077,0.754996,0.442623,0.000000
10,137,0.076923,0.028571,0.000000,0.006325,0.923077,0.994955,0.180328,0.000000
10,138,0.076923,0.028571,0.000000,0.682562,0.923077,0.455543,0.327869,0.000000
10,139,0.076923,0.028571,0.000000,0.080584,0.923077,0.935721,0.245902,0.000000
10,140,0.076923,0.028571,0.000000,0.169284,0.923077,0.864968,0.377049,0.000000
10,141,0.076923,0.028571,0.445171,0.409505,0.923077,0.530183,0.262295,0.089034
10,142,0.076923,0.028571,0.902901,0.709447,0.923077,0.143722,0.311475,0.180580
10,143,0.076923,0.028571,0.000000,0.494086,0.923077,0.605884,0.213115,0.000000
10,144,0.076923,0.028571,0.635374,0.572464,0.923077,0.339026,0.295082,0.127075
10,145,0.076923,0.028571,0.000000,0.191688,0.923077,0.847097,0.229508,0.000000
10,146,0.076923,0.028571,0.556922,0.000000,0.923077,0.820892,0.278689,0.036462
10,147,0.076923,0.028571,0.000000,0.000000,0.923077,1.000000,0.229508,0.000000
10,148,0.076923,0.028571,0.111648,0.000000,0.923077,0.964094,0.245902,0.007310
10,149,0.076923,0.028571,0.320219,0.191688,0.923077,0.744113,0.245902,0.020965
10,150,0.076923,0.028571,0.380303,0.389457,0.923077,0.567037,0.262295,0.076061
10,151,0.076923,0.028571,0.000000,0.000000,0.923077,1.000000,0.229508,0.000000
10,152,0.076923,0.028571,0.413627,0.171833,0.923077,0.729911,0.327869,0.027081
10,153,0.076923,0.028571,0.000000,0.203519,0.923077,0.837660,0.229508,0.000000
10,154,0.076923,0.028571,0.000000,0.592976,0.923077,0.527003,0.196721,0.000000
10,155,0.076923,0.028571,0.000000,0.171833,0.923077,0.862935,0.196721,0.000000
10,156,0.038462,0.021429,0.000000,0.754968,0.961538,0.397787,0.393443,0.000000
10,157,0.038462,0.021429,0.000000,0.419703,0.961538,0.665217,0.409836,0.000000
10,158,0.038462,0.021429,0.106971,0.646271,0.961538,0.450089,0.426230,0.021394
10,159,0.038462,0.021429,0.000000,0.345444,0.961538,0.724451,0.409836,0.000000
10,160,0.038462,0.021429,0.000000,0.447817,0.961538,0.642792,0.360656,0.000000
10,161,0.038462,0.021429,0.000000,0.419703,0.961538,0.665217,0.442623,0.000000
10,162,0.038462,0.021429,0.000000,0.508404,0.961538,0.594464,0.393443,0.000000
10,163,0.038462,0.021429,0.000000,0.748624,0.961538,0.402847,0.475410,0.000000
10,164,0.038462,0.021429,0.000000,0.788824,0.961538,0.370782,0.393443,0.000000
10,165,0.038462,0.021429,0.000000,0.788824,0.961538,0.370782,0.393443,0.000000
10,166,0.038462,0.021429,0.000000,0.911584,0.961538,0.272860,0.459016,0.000000
10,167,0.346154,0.078571,0.145042,0.000000,0.653846,0.953354,0.229508,0.009496
10,168,0.076923,0.028571,0.000000,0.159996,0.923077,0.872376,0.196721,0.000000
10,169,0.076923,0.028571,0.000000,0.000000,0.923077,1.000000,0.262295,0.000000
10,170,0.076923,0.028571,0.000000,0.000000,0.923077,1.000000,0.245902,0.000000
10,171,0.076923,0.028571,0.000000,0.000000,0.923077,1.000000,0.245902,0.000000
10,172,0.076923,0.028571,0.000000,0.397443,0.923077,0.682973,0.163934,0.000000
10,173,0.076923,0.028571,0.000000,0.249924,0.923077,0.800644,0.213115,0.000000
10,174,0.076923,0.028571,0.000000,0.000000,0.923077,1.000000,0.262295,0.000000
10,175,0.076923,0.028571,0.000000,0.000000,0.923077,1.000000,0.213115,0.000000
10,176,0.076923,0.028571,0.111320,0.499239,0.923077,0.565973,0.213115,0.022264
10,177,0.076923,0.028571,0.412923,0.511716,0.923077,0.459024,0.229508,0.027035
10,178,0.076923,0.028571,0.000000,0.000000,0.923077,1.000000,0.229508,0.000000
10,179,0.076923,0.028571,0.000000,0.159996,0.923077,0.872376,0.180328,0.000000
10,180,0.076923,0.028571,0.000000,0.000000,0.923077,1.000000,0.245902,0.000000
10,181,0.076923,0.028571,0.000000,0.000000,0.923077,1.000000,0.196721,0.000000
10,182,0.076923,0.028571,0.849302,0.000000,0.923077,0.726862,0.262295,0.055605
10,183,0.076923,0.028571,0.000000,0.339480,0.923077,0.729208,0.180328,0.000000
10,184,0.076923,0.028571,0.000000,0.026923,0.923077,0.978525,0.213115,0.000000
10,185,0.076923,0.028571,0.000000,0.000000,0.923077,1.000000,0.262295,0.000000
10,186,0.076923,0.028571,0.000000,0.364032,0.923077,0.709624,0.229508,0.000000
10,187,0.076923,0.028571,0.000000,0.832327,0.923077,0.336080,0.213115,0.000000
10,188,0.076923,0.028571,0.000000,0.679766,0.923077,0.457773,0.213115,0.000000
10,189,0.076923,0.028571,0.110079,0.364032,0.923077,0.674222,0.229508,0.007207
10,190,0.076923,0.028571,0.000000,0.269554,0.923077,0.784986,0.180328,0.000000
10,191,0.076923,0.028571,0.000000,0.000000,0.923077,1.000000,0.278689,0.000000
10,192,0.076923,0.028571,0.000000,0.377870,0.923077,0.698586,0.213115,0.000000
10,193,0.076923,0.028571,0.000000,0.129106,0.923077,0.897017,0.262295,0.000000
10,194,0.076923,0.028571,0.000000,0.449227,0.923077,0.641667,0.180328,0.000000
10,195,0.076923,0.028571,0.000000,0.249924,0.923077,0.800644,0.229508,0.000000
10,196,0.076923,0.028571,0.630138,0.153330,0.923077,0.675039,0.245902,0.041256
10,197,0.076923,0.028571,0.000000,0.129106,0.923077,0.897017,0.245902,0.000000
10,198,0.076923,0.028571,0.426194,0.404213,0.923077,0.540508,0.229508,0.085239
10,199,0.076923,0.028571,0.000000,0.249924,0.923077,0.800644,0.163934,0.000000
10,200,0.076923,0.028571,0.000000,0.000000,0.923077,1.000000,0.229508,0.000000
10,201,0.076923,0.028571,0.000000,0.000000,0.923077,1.000000,0.245902,0.000000
10,202,0.076923,0.028571,0.000000,0.043129,0.923077,0.965598,0.180328,0.000000
10,203,0.076923,0.028571,0.000000,0.000000,0.923077,1.000000,0.163934,0.000000
10,204,0.076923,0.028571,0.269599,0.000000,0.923077,0.913296,0.278689,0.017651
10,205,0.076923,0.028571,0.015688,0.179484,0.923077,0.851786,0.196721,0.001027
10,206,0.076923,0.028571,0.000000,0.070052,0.923077,0.944122,0.180328,0.000000
10,207,0.076923,0.028571,0.000000,0.000000,0.923077,1.000000,0.196721,0.000000
10,208,0.076923,0.028571,0.000000,0.364032,0.923077,0.709624,0.196721,0.000000
10,209,0.076923,0.028571,1.000000,0.570535,0.923077,0.223300,0.213115,0.065471
10,210,0.076923,0.028571,0.000000,0.417974,0.923077,0.666597,0.163934,0.000000
10,211,0.076923,0.028571,0.588321,0.364032,0.923077,0.520418,0.196721,0.038518
10,212,0.038462,0.021429,0.000000,0.328032,0.961538,0.738340,0.196721,0.000000
10,213,0.038462,0.021429,0.000000,0.058478,0.961538,0.953354,0.213115,0.000000
10,214,0.038462,0.021429,0.000000,0.436348,0.961538,0.651940,0.229508,0.000000
10,215,0.038462,0.021429,0.000000,0.187584,0.961538,0.850371,0.245902,0.000000
10,216,0.038462,0.021429,0.000000,0.270258,0.961538,0.784424,0.196721,0.000000
10,217,0.038462,0.021429,0.000000,0.058478,0.961538,0.953354,0.213115,0.000000
10,218,0.038462,0.021429,0.000000,0.211808,0.961538,0.831048,0.229508,0.000000
10,219,0.038462,0.021429,0.000000,0.187584,0.961538,0.850371,0.245902,0.000000
10,220,0.038462,0.021429,0.000000,0.225244,0.961538,0.820330,0.213115,0.000000
10,221,0.038462,0.021429,0.000000,0.058478,0.961538,0.953354,0.213115,0.000000
10,222,0.038462,0.021429,0.000000,0.058478,0.961538,0.953354,0.229508,0.000000
10,223,0.346154,0.078571,0.000000,0.043129,0.653846,0.965598,0.163934,0.000000
10,224,0.019231,0.017857,0.000000,0.574216,0.980769,0.541967,0.459016,0.000000
10,225,0.019231,0.017857,0.000000,0.231794,0.980769,0.815106,0.426230,0.000000
10,226,0.019231,0.017857,0.000000,0.231794,0.980769,0.815106,0.491803,0.000000
10,227,0.019231,0.017857,0.000000,0.231794,0.980769,0.815106,0.426230,0.000000
10,228,0.019231,0.017857,0.000000,0.574216,0.980769,0.541967,0.475410,0.000000
10,229,0.019231,0.017857,0.000000,0.231794,0.980769,0.815106,0.377049,0.000000
10,230,0.019231,0.017857,0.000000,0.398276,0.980769,0.682308,0.491803,0.000000
10,231,0.019231,0.017857,0.000000,0.276676,0.980769,0.779305,0.426230,0.000000
10,232,0.019231,0.017857,0.000000,0.276175,0.980769,0.779704,0.442623,0.000000
10,233,0.019231,0.017857,0.000000,0.276175,0.980769,0.779704,0.409836,0.000000
10,234,0.019231,0.017857,0.000000,0.443158,0.980769,0.646507,0.426230,0.000000
10,235,0.019231,0.017857,0.000000,0.231794,0.980769,0.815106,0.442623,0.000000
10,236,0.019231,0.017857,0.000000,0.231794,0.980769,0.815106,0.426230,0.000000
10,237,0.019231,0.017857,0.000000,0.231794,0.980769,0.815106,0.442623,0.000000
10,238,0.019231,0.017857,0.000000,0.231794,0.980769,0.815106,0.442623,0.000000
10,239,0.019231,0.017857,0.000000,0.231794,0.980769,0.815106,0.475410,0.000000
10,240,0.019231,0.017857,0.000000,0.485853,0.980769,0.612451,0.393443,0.000000
10,241,0.019231,0.017857,0.619881,0.398276,0.980769,0.482952,0.393443,0.123976
10,242,0.019231,0.017857,0.000000,0.448509,0.980769,0.642239,0.491803,0.000000
10,243,0.019231,0.017857,0.000000,0.231794,0.980769,0.815106,0.491803,0.000000
10,244,0.019231,0.017857,0.000000,0.485853,0.980769,0.612451,0.442623,0.000000
10,245,0.019231,0.017857,0.000000,0.614991,0.980769,0.509442,0.409836,0.000000
10,246,0.019231,0.017857,0.000000,0.682913,0.980769,0.455263,0.426230,0.000000
10,247,0.019231,0.017857,0.000000,0.231794,0.980769,0.815106,0.377049,0.000000
10,248,0.019231,0.017857,0.000000,0.231794,0.980769,0.815106,0.459016,0.000000
10,249,0.019231,0.017857,0.000000,0.238119,0.980769,0.810061,0.393443,0.000000
10,250,0.019231,0.017857,0.000000,0.682913,0.980769,0.455263,0.426230,0.000000
10,251,0.019231,0.017857,0.000000,0.231794,0.980769,0.815106,0.409836,0.000000
10,252,0.019231,0.017857,0.066776,0.231794,0.980769,0.793630,0.459016,0.013355
10,253,0.019231,0.017857,0.000000,0.641299,0.980769,0.488457,0.426230,0.000000
10,254,0.019231,0.017857,0.000000,0.513375,0.980769,0.590498,0.426230,0.000000
10,255,0.019231,0.017857,0.000000,0.513375,0.980769,0.590498,0.409836,0.000000
10,256,0.019231,0.017857,0.334542,0.634974,0.980769,0.385913,0.442623,0.066908
10,257,0.019231,0.017857,0.000000,0.231794,0.980769,0.815106,0.491803,0.000000
10,258,0.019231,0.017857,0.000000,0.231794,0.980769,0.815106,0.442623,0.000000
10,259,0.019231,0.017857,0.000000,0.231794,0.980769,0.815106,0.459016,0.000000
10,260,0.019231,0.017857,0.000000,0.231794,0.980769,0.815106,0.475410,0.000000
10,261,0.019231,0.017857,0.000000,0.231794,0.980769,0.815106,0.442623,0.000000
10,262,0.019231,0.017857,0.000000,0.485853,0.980769,0.612451,0.426230,0.000000
10,263,0.019231,0.017857,0.000000,0.231794,0.980769,0.815106,0.377049,0.000000
10,264,0.019231,0.017857,0.000000,0.403627,0.980769,0.678040,0.475410,0.000000
10,265,0.019231,0.017857,0.000000,0.231794,0.980769,0.815106,0.475410,0.000000
10,266,0.019231,0.017857,0.000000,0.485853,0.980769,0.612451,0.508197,0.000000
10,267,0.019231,0.017857,0.000000,0.403627,0.980769,0.678040,0.393443,0.000000
10,268,0.000000,0.014286,0.000000,0.340491,1.000000,0.728402,0.426230,0.000000
10,269,0.000000,0.014286,0.000000,0.231794,1.000000,0.815106,0.426230,0.000000
10,270,0.000000,0.014286,0.000000,0.231794,1.000000,0.815106,0.442623,0.000000
10,271,0.000000,0.014286,0.000000,0.238119,1.000000,0.810061,0.409836,0.000000
10,272,0.000000,0.014286,0.000000,0.340491,1.000000,0.728402,0.442623,0.000000
10,273,0.000000,0.014286,0.000000,0.231794,1.000000,0.815106,0.491803,0.000000
10,274,0.000000,0.014286,0.000000,0.231794,1.000000,0.815106,0.426230,0.000000
10,275,0.000000,0.014286,0.000000,0.641299,1.000000,0.488457,0.491803,0.000000
10,276,0.000000,0.014286,0.000000,0.468993,1.000000,0.625900,0.442623,0.000000
10,277,0.000000,0.014286,0.000000,0.468993,1.000000,0.625900,0.442623,0.000000
10,278,0.000000,0.014286,0.000000,0.634974,1.000000,0.493503,0.459016,0.000000
10,279,0.153846,0.042857,0.000000,0.231794,0.846154,0.815106,0.344262,0.000000
10,280,1.000000,0.200000,0.574914,0.411727,0.000000,0.486685,0.147541,0.037640
11,0,0.076923,0.028571,0.152997,0.202222,0.923077,0.743890,0.435484,0.030599
11,1,0.076923,0.028571,0.000000,0.053888,0.923077,0.946112,0.241935,0.000000
11,2,0.076923,0.028571,0.000000,0.000000,0.923077,1.000000,0.483871,0.000000
11,3,0.076923,0.028571,0.000000,0.196873,0.923077,0.803127,0.193548,0.000000
11,4,0.076923,0.028571,0.000000,0.393993,0.923077,0.606007,0.435484,0.000000
11,5,0.076923,0.028571,0.000000,0.000000,0.923077,1.000000,0.225806,0.000000
11,6,0.076923,0.028571,0.000000,0.289914,0.923077,0.710086,0.500000,0.000000
11,7,0.076923,0.028571,0.000000,0.142985,0.923077,0.857015,0.274194,0.000000
11,8,0.076923,0.028571,0.000000,0.543987,0.923077,0.456013,0.370968,0.000000
11,9,0.076923,0.028571,0.767150,0.352215,0.923077,0.377582,0.258065,0.061156
11,10,0.076923,0.028571,0.000000,0.289914,0.923077,0.710086,0.306452,0.000000
11,11,0.076923,0.028571,0.000000,0.055666,0.923077,0.944334,0.387097,0.000000
11,12,0.076923,0.028571,0.000000,0.161492,0.923077,0.838508,0.193548,0.000000
11,13,0.076923,0.028571,0.000000,0.000000,0.923077,1.000000,0.387097,0.000000
11,14,0.076923,0.028571,0.000000,0.212780,0.923077,0.787220,0.225806,0.000000
11,15,0.076923,0.028571,0.000000,0.055666,0.923077,0.944334,0.419355,0.000000
11,16,0.076923,0.028571,0.000000,0.176213,0.923077,0.823787,0.193548,0.000000
11,17,0.076923,0.028571,0.000000,0.289914,0.923077,0.710086,0.403226,0.000000
11,18,0.076923,0.028571,0.544471,0.158892,0.923077,0.649336,0.258065,0.043404
11,19,0.076923,0.028571,0.000000,0.000000,0.923077,1.000000,0.354839,0.000000
11,20,0.076923,0.028571,0.000000,0.068609,0.923077,0.931391,0.258065,0.000000
11,21,0.076923,0.028571,0.000000,0.289914,0.923077,0.710086,0.258065,0.000000
11,22,0.076923,0.028571,0.000000,0.458324,0.923077,0.541676,0.370968,0.000000
11,23,0.076923,0.028571,0.000000,0.014129,0.923077,0.985871,0.209677,0.000000
11,24,0.076923,0.028571,0.000000,0.256102,0.923077,0.743898,0.435484,0.000000
11,25,0.076923,0.028571,0.000000,0.086136,0.923077,0.913864,0.193548,0.000000
11,26,0.076923,0.028571,0.045162,0.393993,0.923077,0.590100,0.370968,0.009032
11,27,0.076923,0.028571,0.000000,0.431238,0.923077,0.568762,0.209677,0.000000
11,28,0.076923,0.028571,0.000000,0.010608,0.923077,0.989392,0.435484,0.000000
11,29,0.076923,0.028571,0.000000,0.105420,0.923077,0.894580,0.209677,0.000000
11,30,0.076923,0.028571,0.000000,0.760534,0.923077,0.239466,0.387097,0.000000
11,31,0.076923,0.028571,0.000000,1.000000,0.923077,0.000000,0.209677,0.000000
11,32,0.076923,0.028571,0.000000,0.044020,0.923077,0.955980,0.274194,0.000000
11,33,0.076923,0.028571,0.040115,0.235895,0.923077,0.749976,0.274194,0.008023
11,34,0.076923,0.028571,0.000000,0.107604,0.923077,0.892396,0.193548,0.000000
11,35,0.076923,0.028571,0.000000,0.180229,0.923077,0.819771,0.258065,0.000000
11,36,0.076923,0.028571,0.000000,0.257183,0.923077,0.742817,0.193548,0.000000
11,37,0.076923,0.028571,0.000000,0.055666,0.923077,0.944334,0.290323,0.000000
11,38,0.076923,0.028571,0.000000,0.176213,0.923077,0.823787,0.258065,0.000000
11,39,0.076923,0.028571,0.391038,0.088471,0.923077,0.773799,0.241935,0.031173
11,40,0.076923,0.028571,0.000000,0.290532,0.923077,0.709468,0.209677,0.000000
11,41,0.076923,0.028571,0.000000,0.000000,0.923077,1.000000,0.209677,0.000000
11,42,0.076923,0.028571,0.000000,0.068609,0.923077,0.931391,0.177419,0.000000
11,43,0.076923,0.028571,0.000000,0.121820,0.923077,0.878180,0.193548,0.000000
11,44,0.038462,0.021429,0.000000,0.506314,0.961538,0.493686,0.354839,0.000000
11,45,0.038462,0.021429,0.511702,0.264341,0.961538,0.555430,0.403226,0.040792
11,46,0.038462,0.021429,0.000000,0.506314,0.961538,0.493686,0.370968,0.000000
11,47,0.038462,0.021429,0.000000,0.336348,0.961538,0.663652,0.403226,0.000000
11,48,0.038462,0.021429,0.685025,0.250212,0.961538,0.508512,0.403226,0.054609
11,49,0.038462,0.021429,0.000000,0.681449,0.961538,0.318551,0.419355,0.000000
11,50,0.038462,0.021429,0.000000,0.260819,0.961538,0.739181,0.370968,0.000000
11,51,0.038462,0.021429,0.000000,0.355632,0.961538,0.644368,0.370968,0.000000
11,52,0.038462,0.021429,0.094684,0.466759,0.961538,0.499892,0.387097,0.007548
11,53,0.038462,0.021429,0.251185,0.897997,0.961538,0.013532,0.338710,0.050237
11,54,0.038462,0.021429,0.000000,0.294232,0.961538,0.705768,0.387097,0.000000
11,55,0.346154,0.078571,0.145984,0.543326,0.653846,0.405256,0.241935,0.029197
11,56,0.076923,0.028571,0.000000,0.074976,0.923077,0.925024,0.451613,0.000000
11,57,0.076923,0.028571,0.000000,0.053888,0.923077,0.946112,0.258065,0.000000
11,58,0.076923,0.028571,0.000000,0.000000,0.923077,1.000000,0.435484,0.000000
11,59,0.076923,0.028571,0.000000,0.053888,0.923077,0.946112,0.241935,0.000000
11,60,0.076923,0.028571,0.405960,0.289846,0.923077,0.567168,0.387097,0.081192
11,61,0.076923,0.028571,0.000000,0.000000,0.923077,1.000000,0.209677,0.000000
11,62,0.076923,0.028571,0.000000,0.270202,0.923077,0.729798,0.387097,0.000000
11,63,0.076923,0.028571,0.000000,0.000000,0.923077,1.000000,0.258065,0.000000
11,64,0.076923,0.028571,0.000000,0.363788,0.923077,0.636212,0.306452,0.000000
11,65,0.076923,0.028571,0.055965,0.148917,0.923077,0.831371,0.193548,0.004461
11,66,0.076923,0.028571,0.000000,0.270202,0.923077,0.729798,0.258065,0.000000
11,67,0.076923,0.028571,0.000000,0.321030,0.923077,0.678970,0.403226,0.000000
11,68,0.076923,0.028571,0.000000,0.053888,0.923077,0.946112,0.209677,0.000000
11,69,0.076923,0.028571,0.000000,0.000000,0.923077,1.000000,0.387097,0.000000
11,70,0.076923,0.028571,0.574144,0.069795,0.923077,0.727983,0.193548,0.045770
11,71,0.076923,0.028571,0.000000,0.321030,0.923077,0.678970,0.419355,0.000000
11,72,0.076923,0.028571,0.000000,0.000000,0.923077,1.000000,0.225806,0.000000
11,73,0.076923,0.028571,0.000000,0.270202,0.923077,0.729798,0.370968,0.000000
11,74,0.076923,0.028571,0.000000,0.333503,0.923077,0.666497,0.290323,0.000000
11,75,0.076923,0.028571,0.000000,0.322356,0.923077,0.677644,0.338710,0.000000
11,76,0.076923,0.028571,0.000000,0.322356,0.923077,0.677644,0.209677,0.000000
11,77,0.076923,0.028571,1.000000,0.587799,0.923077,0.059986,0.290323,0.200000
11,78,0.076923,0.028571,0.000000,0.025277,0.923077,0.974723,0.419355,0.000000
11,79,0.076923,0.028571,0.000000,0.014129,0.923077,0.985871,0.241935,0.000000
11,80,0.076923,0.028571,0.305506,0.373507,0.923077,0.518889,0.419355,0.024354
11,81,0.076923,0.028571,0.158045,0.014129,0.923077,0.930205,0.225806,0.012599
11,82,0.076923,0.028571,0.000000,0.287809,0.923077,0.712191,0.338710,0.000000
11,83,0.076923,0.028571,0.000000,0.137730,0.923077,0.862270,0.209677,0.000000
11,84,0.076923,0.028571,0.194791,0.348231,0.923077,0.583161,0.403226,0.015528
11,85,0.076923,0.028571,0.000000,0.000000,0.923077,1.000000,0.274194,0.000000
11,86,0.076923,0.028571,0.000000,0.287809,0.923077,0.712191,0.338710,0.000000
11,87,0.076923,0.028571,0.000000,0.137730,0.923077,0.862270,0.225806,0.000000
11,88,0.076923,0.028571,0.000000,0.000000,0.923077,1.000000,0.290323,0.000000
11,89,0.076923,0.028571,0.000000,0.426283,0.923077,0.573717,0.225806,0.000000
11,90,0.076923,0.028571,0.727118,0.000000,0.923077,0.743898,0.193548,0.057964
11,91,0.076923,0.028571,0.000000,0.180229,0.923077,0.819771,0.225806,0.000000
11,92,0.076923,0.028571,0.000000,0.257183,0.923077,0.742817,0.225806,0.000000
11,93,0.076923,0.028571,0.204441,0.246053,0.923077,0.681939,0.209677,0.040888
11,94,0.076923,0.028571,0.000000,0.000000,0.923077,1.000000,0.161290,0.000000
11,95,0.076923,0.028571,0.833319,0.088471,0.923077,0.618021,0.225806,0.066430
11,96,0.076923,0.028571,0.000000,0.608129,0.923077,0.391871,0.193548,0.000000
11,97,0.076923,0.028571,0.094864,0.173439,0.923077,0.793149,0.193548,0.018973
11,98,0.076923,0.028571,0.030117,0.173439,0.923077,0.815954,0.290323,0.006023
11,99,0.076923,0.028571,0.614814,0.439417,0.923077,0.344036,0.274194,0.122963
11,100,0.038462,0.021429,0.000000,0.139811,0.961538,0.860189,0.435484,0.000000
11,101,0.038462,0.021429,0.000000,0.128663,0.961538,0.871337,0.370968,0.000000
11,102,0.038462,0.021429,0.000000,0.488041,0.961538,0.511959,0.370968,0.000000
11,103,0.038462,0.021429,0.000000,0.128663,0.961538,0.871337,0.419355,0.000000
11,104,0.038462,0.021429,0.000000,0.187473,0.961538,0.812527,0.370968,0.000000
11,105,0.038462,0.021429,0.000000,0.252264,0.961538,0.747736,0.435484,0.000000
11,106,0.038462,0.021429,0.000000,0.462765,0.961538,0.537235,0.370968,0.000000
11,107,0.038462,0.021429,0.000000,0.114534,0.961538,0.885466,0.419355,0.000000
11,108,0.038462,0.021429,0.000000,0.187473,0.961538,0.812527,0.370968,0.000000
11,109,0.038462,0.021429,0.000000,0.252264,0.961538,0.747736,0.435484,0.000000
11,110,0.038462,0.021429,0.000000,0.114534,0.961538,0.885466,0.435484,0.000000
11,111,0.346154,0.078571,0.564411,0.543326,0.653846,0.257880,0.241935,0.112882
11,112,0.076923,0.028571,0.000000,0.354837,0.923077,0.645163,0.387097,0.000000
11,113,0.076923,0.028571,0.000000,0.000000,0.923077,1.000000,0.241935,0.000000
11,114,0.076923,0.028571,0.000000,0.046031,0.923077,0.953969,0.451613,0.000000
11,115,0.076923,0.028571,0.212871,0.142985,0.923077,0.782038,0.241935,0.016970
11,116,0.076923,0.028571,0.000000,0.308805,0.923077,0.691195,0.403226,0.000000
11,117,0.076923,0.028571,0.000000,0.045282,0.923077,0.954718,0.241935,0.000000
11,118,0.076923,0.028571,0.000000,0.098576,0.923077,0.901424,0.419355,0.000000
11,119,0.076923,0.028571,0.000000,0.384307,0.923077,0.615693,0.241935,0.000000
11,120,0.076923,0.028571,0.000000,0.352215,0.923077,0.647785,0.306452,0.000000
11,121,0.076923,0.028571,0.000000,0.397497,0.923077,0.602503,0.209677,0.000000
11,122,0.076923,0.028571,0.422802,0.339898,0.923077,0.511185,0.241935,0.084560
11,123,0.076923,0.028571,0.000000,0.055666,0.923077,0.944334,0.370968,0.000000
11,124,0.076923,0.028571,0.000000,0.107604,0.923077,0.892396,0.177419,0.000000
11,125,0.076923,0.028571,0.000000,0.097593,0.923077,0.902407,0.370968,0.000000
11,126,0.076923,0.028571,0.000000,0.142985,0.923077,0.857015,0.225806,0.000000
11,127,0.076923,0.028571,0.000000,0.055666,0.923077,0.944334,0.419355,0.000000
11,128,0.076923,0.028571,0.000000,0.443171,0.923077,0.556829,0.193548,0.000000
11,129,0.076923,0.028571,0.000000,0.346548,0.923077,0.653452,0.354839,0.000000
11,130,0.076923,0.028571,0.065582,0.449576,0.923077,0.527326,0.290323,0.013116
11,131,0.076923,0.028571,0.000000,0.000000,0.923077,1.000000,0.387097,0.000000
11,132,0.076923,0.028571,0.000000,0.335567,0.923077,0.664433,0.193548,0.000000
11,133,0.076923,0.028571,0.000000,0.555545,0.923077,0.444455,0.241935,0.000000
11,134,0.076923,0.028571,0.000000,0.653010,0.923077,0.346990,0.354839,0.000000
11,135,0.076923,0.028571,0.000000,0.041934,0.923077,0.958066,0.225806,0.000000
11,136,0.076923,0.028571,0.000000,0.302133,0.923077,0.697867,0.435484,0.000000
11,137,0.076923,0.028571,0.698588,0.113942,0.923077,0.640005,0.177419,0.055690
11,138,0.076923,0.028571,0.000000,0.350877,0.923077,0.649123,0.322581,0.000000
11,139,0.076923,0.028571,0.000000,0.338789,0.923077,0.661211,0.241935,0.000000
11,140,0.076923,0.028571,0.000000,0.010608,0.923077,0.989392,0.370968,0.000000
11,141,0.076923,0.028571,0.000000,0.143883,0.923077,0.856117,0.258065,0.000000
11,142,0.076923,0.028571,0.901711,0.568762,0.923077,0.113641,0.306452,0.071883
11,143,0.076923,0.028571,0.000000,0.907552,0.923077,0.092448,0.209677,0.000000
11,144,0.076923,0.028571,0.492423,0.082484,0.923077,0.744078,0.290323,0.039255
11,145,0.076923,0.028571,0.000000,0.055666,0.923077,0.944334,0.225806,0.000000
11,146,0.076923,0.028571,0.071764,0.107604,0.923077,0.867119,0.290323,0.014353
11,147,0.076923,0.028571,0.000000,0.097593,0.923077,0.902407,0.225806,0.000000
11,148,0.076923,0.028571,0.000000,0.000000,0.923077,1.000000,0.258065,0.000000
11,149,0.076923,0.028571,0.000000,0.055666,0.923077,0.944334,0.258065,0.000000
11,150,0.076923,0.028571,0.988687,0.443171,0.923077,0.208598,0.258065,0.197737
11,151,0.076923,0.028571,0.000000,0.247972,0.923077,0.752028,0.225806,0.000000
11,152,0.076923,0.028571,0.207085,0.065269,0.923077,0.861793,0.338710,0.016508
11,153,0.076923,0.028571,0.000000,0.000000,0.923077,1.000000,0.225806,0.000000
11,154,0.076923,0.028571,0.000000,0.335567,0.923077,0.664433,0.193548,0.000000
11,155,0.076923,0.028571,0.000000,0.215648,0.923077,0.784352,0.193548,0.000000
11,156,0.038462,0.021429,0.000000,0.496968,0.961538,0.503032,0.387097,0.000000
11,157,0.038462,0.021429,0.000000,0.240729,0.961538,0.759271,0.403226,0.000000
11,158,0.038462,0.021429,0.000000,0.454896,0.961538,0.545104,0.419355,0.000000
11,159,0.038462,0.021429,0.000000,0.312736,0.961538,0.687264,0.403226,0.000000
11,160,0.038462,0.021429,0.000000,0.240866,0.961538,0.759134,0.354839,0.000000
11,161,0.038462,0.021429,0.000000,0.492302,0.961538,0.507698,0.435484,0.000000
11,162,0.038462,0.021429,0.000000,0.209402,0.961538,0.790598,0.387097,0.000000
11,163,0.038462,0.021429,0.000000,0.342678,0.961538,0.657322,0.467742,0.000000
11,164,0.038462,0.021429,0.000000,0.415341,0.961538,0.584659,0.387097,0.000000
11,165,0.038462,0.021429,0.000000,0.708849,0.961538,0.291151,0.387097,0.000000
11,166,0.038462,0.021429,0.000000,0.281278,0.961538,0.718722,0.451613,0.000000
11,167,0.346154,0.078571,0.179198,0.000000,0.653846,0.936884,0.241935,0.014285
11,168,0.076923,0.028571,0.000000,0.074976,0.923077,0.925024,0.193548,0.000000
11,169,0.076923,0.028571,0.000000,0.000000,0.923077,1.000000,0.258065,0.000000
11,170,0.076923,0.028571,0.000000,0.000000,0.923077,1.000000,0.241935,0.000000
11,171,0.076923,0.028571,0.000000,0.000000,0.923077,1.000000,0.241935,0.000000
11,172,0.076923,0.028571,0.000000,0.098075,0.923077,0.901925,0.161290,0.000000
11,173,0.076923,0.028571,0.000000,0.065617,0.923077,0.934383,0.209677,0.000000
11,174,0.076923,0.028571,0.000000,0.000000,0.923077,1.000000,0.258065,0.000000
11,175,0.076923,0.028571,0.000000,0.000000,0.923077,1.000000,0.209677,0.000000
11,176,0.076923,0.028571,0.685153,0.172016,0.923077,0.586662,0.209677,0.054619
11,177,0.076923,0.028571,0.223911,0.214535,0.923077,0.706600,0.241935,0.017850
11,178,0.076923,0.028571,0.000000,0.000000,0.923077,1.000000,0.225806,0.000000
11,179,0.076923,0.028571,0.000000,0.321030,0.923077,0.678970,0.177419,0.000000
11,180,0.076923,0.028571,0.130690,0.000000,0.923077,0.953969,0.241935,0.010418
11,181,0.076923,0.028571,0.000000,0.000000,0.923077,1.000000,0.193548,0.000000
11,182,0.076923,0.028571,0.302608,0.000000,0.923077,0.893417,0.274194,0.024123
11,183,0.076923,0.028571,0.000000,0.321030,0.923077,0.678970,0.177419,0.000000
11,184,0.076923,0.028571,0.000000,0.135327,0.923077,0.864673,0.209677,0.000000
11,185,0.076923,0.028571,0.128562,0.000000,0.923077,0.954718,0.258065,0.010249
11,186,0.076923,0.028571,0.000000,0.317597,0.923077,0.682403,0.225806,0.000000
11,187,0.076923,0.028571,0.000000,0.524116,0.923077,0.475884,0.209677,0.000000
11,188,0.076923,0.028571,0.000000,0.659443,0.923077,0.340557,0.209677,0.000000
11,189,0.076923,0.028571,0.000000,0.317597,0.923077,0.682403,0.241935,0.000000
11,190,0.076923,0.028571,0.000000,0.025277,0.923077,0.974723,0.177419,0.000000
11,191,0.076923,0.028571,0.000000,0.000000,0.923077,1.000000,0.274194,0.000000
11,192,0.076923,0.028571,0.000000,0.373507,0.923077,0.626493,0.209677,0.000000
11,193,0.076923,0.028571,0.000000,0.000000,0.923077,1.000000,0.258065,0.000000
11,194,0.076923,0.028571,0.000000,0.096037,0.923077,0.903963,0.177419,0.000000
11,195,0.076923,0.028571,0.277083,0.065617,0.923077,0.836790,0.225806,0.022088
11,196,0.076923,0.028571,0.757941,0.348231,0.923077,0.384811,0.258065,0.060421
11,197,0.076923,0.028571,0.000000,0.000000,0.923077,1.000000,0.241935,0.000000
11,198,0.076923,0.028571,0.185309,0.096037,0.923077,0.838694,0.225806,0.037062
11,199,0.076923,0.028571,0.426951,0.065617,0.923077,0.784004,0.161290,0.034036
11,200,0.076923,0.028571,0.000000,0.000000,0.923077,1.000000,0.225806,0.000000
11,201,0.076923,0.028571,0.119059,0.246053,0.923077,0.712012,0.241935,0.023812
11,202,0.076923,0.028571,0.000000,0.000000,0.923077,1.000000,0.177419,0.000000
11,203,0.076923,0.028571,0.000000,0.000000,0.923077,1.000000,0.161290,0.000000
11,204,0.076923,0.028571,0.119449,0.000000,0.923077,0.957928,0.290323,0.009522
11,205,0.076923,0.028571,0.000000,0.246053,0.923077,0.753947,0.209677,0.000000
11,206,0.076923,0.028571,0.000000,0.135327,0.923077,0.864673,0.177419,0.000000
11,207,0.076923,0.028571,0.000000,0.000000,0.923077,1.000000,0.193548,0.000000
11,208,0.076923,0.028571,0.000000,0.317597,0.923077,0.682403,0.193548,0.000000
11,209,0.076923,0.028571,0.109205,0.375199,0.923077,0.586338,0.225806,0.021841
11,210,0.076923,0.028571,0.000000,0.510526,0.923077,0.489474,0.161290,0.000000
11,211,0.076923,0.028571,0.000000,0.317597,0.923077,0.682403,0.209677,0.000000
11,212,0.038462,0.021429,0.000000,0.088393,0.961538,0.911607,0.193548,0.000000
11,213,0.038462,0.021429,0.000000,0.063116,0.961538,0.936884,0.209677,0.000000
11,214,0.038462,0.021429,0.000000,0.436624,0.961538,0.563376,0.225806,0.000000
11,215,0.038462,0.021429,0.000000,0.063116,0.961538,0.936884,0.241935,0.000000
11,216,0.038462,0.021429,0.000000,0.136055,0.961538,0.863945,0.193548,0.000000
11,217,0.038462,0.021429,0.000000,0.063116,0.961538,0.936884,0.209677,0.000000
11,218,0.038462,0.021429,0.000000,0.411347,0.961538,0.588653,0.225806,0.000000
11,219,0.038462,0.021429,0.000000,0.063116,0.961538,0.936884,0.241935,0.000000
11,220,0.038462,0.021429,0.000000,0.136055,0.961538,0.863945,0.209677,0.000000
11,221,0.038462,0.021429,0.000000,0.063116,0.961538,0.936884,0.209677,0.000000
11,222,0.038462,0.021429,0.000000,0.063116,0.961538,0.936884,0.225806,0.000000
11,223,0.346154,0.078571,0.000000,0.000000,0.653846,1.000000,0.161290,0.000000
11,224,0.019231,0.017857,0.000000,0.152614,0.980769,0.847386,0.451613,0.000000
11,225,0.019231,0.017857,0.000000,0.000000,0.980769,1.000000,0.419355,0.000000
11,226,0.019231,0.017857,0.000000,0.046031,0.980769,0.953969,0.483871,0.000000
11,227,0.019231,0.017857,0.000000,0.000000,0.980769,1.000000,0.419355,0.000000
11,228,0.019231,0.017857,0.000000,0.106583,0.980769,0.893417,0.467742,0.000000
11,229,0.019231,0.017857,0.000000,0.045282,0.980769,0.954718,0.370968,0.000000
11,230,0.019231,0.017857,0.000000,0.078865,0.980769,0.921135,0.483871,0.000000
11,231,0.019231,0.017857,0.000000,0.241321,0.980769,0.758679,0.419355,0.000000
11,232,0.019231,0.017857,0.000000,0.000000,0.980769,1.000000,0.435484,0.000000
11,233,0.019231,0.017857,0.000000,0.045282,0.980769,0.954718,0.403226,0.000000
11,234,0.019231,0.017857,0.000000,0.320186,0.980769,0.679814,0.419355,0.000000
11,235,0.019231,0.017857,0.000000,0.000000,0.980769,1.000000,0.435484,0.000000
11,236,0.019231,0.017857,0.000000,0.000000,0.980769,1.000000,0.419355,0.000000
11,237,0.019231,0.017857,0.000000,0.097593,0.980769,0.902407,0.435484,0.000000
11,238,0.019231,0.017857,0.000000,0.000000,0.980769,1.000000,0.435484,0.000000
11,239,0.019231,0.017857,0.000000,0.000000,0.980769,1.000000,0.467742,0.000000
11,240,0.019231,0.017857,0.000000,0.266958,0.980769,0.733042,0.387097,0.000000
11,241,0.019231,0.017857,0.186299,0.326836,0.980769,0.607546,0.387097,0.037260
11,242,0.019231,0.017857,0.000000,0.306590,0.980769,0.693410,0.483871,0.000000
11,243,0.019231,0.017857,0.000000,0.000000,0.980769,1.000000,0.483871,0.000000
11,244,0.019231,0.017857,0.000000,0.266958,0.980769,0.733042,0.435484,0.000000
11,245,0.019231,0.017857,0.000000,0.535834,0.980769,0.464166,0.403226,0.000000
11,246,0.019231,0.017857,0.000000,0.194686,0.980769,0.805314,0.419355,0.000000
11,247,0.019231,0.017857,0.000000,0.041934,0.980769,0.958066,0.370968,0.000000
11,248,0.019231,0.017857,0.000000,0.046031,0.980769,0.953969,0.451613,0.000000
11,249,0.019231,0.017857,0.000000,0.041934,0.980769,0.958066,0.387097,0.000000
11,250,0.019231,0.017857,0.000000,0.148655,0.980769,0.851345,0.419355,0.000000
11,251,0.019231,0.017857,0.000000,0.045282,0.980769,0.954718,0.403226,0.000000
11,252,0.019231,0.017857,0.384217,0.000000,0.980769,0.864673,0.451613,0.030629
11,253,0.019231,0.017857,0.000000,0.038464,0.980769,0.961536,0.419355,0.000000
11,254,0.019231,0.017857,0.000000,0.000000,0.980769,1.000000,0.419355,0.000000
11,255,0.019231,0.017857,0.000000,0.045282,0.980769,0.954718,0.403226,0.000000
11,256,0.019231,0.017857,0.572831,0.038464,0.980769,0.759777,0.435484,0.045665
11,257,0.019231,0.017857,0.000000,0.000000,0.980769,1.000000,0.483871,0.000000
11,258,0.019231,0.017857,0.000000,0.000000,0.980769,1.000000,0.435484,0.000000
11,259,0.019231,0.017857,0.000000,0.097593,0.980769,0.902407,0.451613,0.000000
11,260,0.019231,0.017857,0.000000,0.000000,0.980769,1.000000,0.467742,0.000000
11,261,0.019231,0.017857,0.000000,0.000000,0.980769,1.000000,0.435484,0.000000
11,262,0.019231,0.017857,0.000000,0.266958,0.980769,0.733042,0.419355,0.000000
11,263,0.019231,0.017857,0.000000,0.247972,0.980769,0.752028,0.370968,0.000000
11,264,0.019231,0.017857,0.000000,0.065269,0.980769,0.934731,0.467742,0.000000
11,265,0.019231,0.017857,0.000000,0.000000,0.980769,1.000000,0.467742,0.000000
11,266,0.019231,0.017857,0.000000,0.266958,0.980769,0.733042,0.500000,0.000000
11,267,0.019231,0.017857,0.000000,0.215648,0.980769,0.784352,0.387097,0.000000
11,268,0.000000,0.014286,0.000000,0.042072,1.000000,0.957928,0.419355,0.000000
11,269,0.000000,0.014286,0.000000,0.041934,1.000000,0.958066,0.419355,0.000000
11,270,0.000000,0.014286,0.000000,0.000000,1.000000,1.000000,0.435484,0.000000
11,271,0.000000,0.014286,0.000000,0.041934,1.000000,0.958066,0.403226,0.000000
11,272,0.000000,0.014286,0.000000,0.042072,1.000000,0.957928,0.435484,0.000000
11,273,0.000000,0.014286,0.000000,0.000000,1.000000,1.000000,0.483871,0.000000
11,274,0.000000,0.014286,0.000000,0.000000,1.000000,1.000000,0.419355,0.000000
11,275,0.000000,0.014286,0.000000,0.038464,1.000000,0.961536,0.483871,0.000000
11,276,0.000000,0.014286,0.000000,0.000000,1.000000,1.000000,0.435484,0.000000
11,277,0.000000,0.014286,0.000000,0.000000,1.000000,1.000000,0.435484,0.000000
11,278,0.000000,0.014286,0.000000,0.038464,1.000000,0.961536,0.451613,0.000000
11,279,0.153846,0.042857,0.000000,0.000000,0.846154,1.000000,0.338710,0.000000
11,280,1.000000,0.200000,0.000000,0.402704,0.000000,0.597296,0.161290,0.000000
12,0,0.076923,0.028571,0.000000,0.000000,0.923077,1.000000,0.428571,0.000000
12,1,0.076923,0.028571,0.000000,0.000000,0.923077,1.000000,0.238095,0.000000
12,2,0.076923,0.028571,0.000000,0.000000,0.923077,1.000000,0.476190,0.000000
12,3,0.076923,0.028571,0.000000,0.265792,0.923077,0.812813,0.190476,0.000000
12,4,0.076923,0.028571,0.000000,0.073372,0.923077,0.948327,0.428571,0.000000
12,5,0.076923,0.028571,0.000000,0.000000,0.923077,1.000000,0.222222,0.000000
12,6,0.076923,0.028571,0.000000,0.095601,0.923077,0.932672,0.492063,0.000000
12,7,0.076923,0.028571,0.000000,0.273996,0.923077,0.807036,0.269841,0.000000
12,8,0.076923,0.028571,0.018806,0.265374,0.923077,0.807330,0.365079,0.003761
12,9,0.076923,0.028571,0.177952,0.192002,0.923077,0.810111,0.269841,0.035590
12,10,0.076923,0.028571,0.000000,0.103805,0.923077,0.926894,0.301587,0.000000
12,11,0.076923,0.028571,0.000000,0.000000,0.923077,1.000000,0.380952,0.000000
12,12,0.076923,0.028571,0.000000,0.000000,0.923077,1.000000,0.190476,0.000000
12,13,0.076923,0.028571,0.000000,0.000000,0.923077,1.000000,0.380952,0.000000
12,14,0.076923,0.028571,0.000000,0.368435,0.923077,0.740526,0.222222,0.000000
12,15,0.076923,0.028571,0.000000,0.000000,0.923077,1.000000,0.412698,0.000000
12,16,0.076923,0.028571,0.000000,0.147221,0.923077,0.896318,0.190476,0.000000
12,17,0.076923,0.028571,0.000000,0.077627,0.923077,0.945331,0.396825,0.000000
12,18,0.076923,0.028571,0.000000,0.376638,0.923077,0.734749,0.269841,0.000000
12,19,0.076923,0.028571,0.000000,0.027103,0.923077,0.980913,0.349206,0.000000
12,20,0.076923,0.028571,0.041206,0.174323,0.923077,0.864572,0.253968,0.008241
12,21,0.076923,0.028571,0.000000,0.085830,0.923077,0.939553,0.253968,0.000000
12,22,0.076923,0.028571,0.000000,0.091785,0.923077,0.935360,0.365079,0.000000
12,23,0.076923,0.028571,0.000000,0.025857,0.923077,0.981790,0.206349,0.000000
12,24,0.076923,0.028571,0.000000,0.141519,0.923077,0.900334,0.428571,0.000000
12,25,0.076923,0.028571,0.000000,0.211466,0.923077,0.851073,0.190476,0.000000
12,26,0.076923,0.028571,0.235299,0.208609,0.923077,0.780798,0.365079,0.047060
12,27,0.076923,0.028571,0.000000,0.154350,0.923077,0.891298,0.206349,0.000000
12,28,0.076923,0.028571,0.000000,0.067709,0.923077,0.952315,0.428571,0.000000
12,29,0.076923,0.028571,0.000000,0.185609,0.923077,0.869283,0.206349,0.000000
12,30,0.076923,0.028571,0.000000,0.688661,0.923077,0.515003,0.380952,0.000000
12,31,0.076923,0.028571,0.000000,0.634401,0.923077,0.553216,0.206349,0.000000
12,32,0.076923,0.028571,0.000000,0.017975,0.923077,0.987341,0.269841,0.000000
12,33,0.076923,0.028571,0.059275,0.060593,0.923077,0.939117,0.269841,0.005953
12,34,0.076923,0.028571,0.000000,0.006674,0.923077,0.995299,0.190476,0.000000
12,35,0.076923,0.028571,0.000000,0.060593,0.923077,0.957327,0.253968,0.000000
12,36,0.076923,0.028571,0.000000,0.322654,0.923077,0.772767,0.190476,0.000000
12,37,0.076923,0.028571,0.114656,0.000000,0.923077,0.964776,0.285714,0.011515
12,38,0.076923,0.028571,0.114011,0.147221,0.923077,0.861292,0.253968,0.011450
12,39,0.076923,0.028571,0.353833,0.105398,0.923077,0.817070,0.253968,0.035536
12,40,0.076923,0.028571,0.000000,0.315980,0.923077,0.777468,0.206349,0.000000
12,41,0.076923,0.028571,0.000000,0.027103,0.923077,0.980913,0.206349,0.000000
12,42,0.076923,0.028571,0.000000,0.174323,0.923077,0.877231,0.174603,0.000000
12,43,0.076923,0.028571,0.000000,0.105398,0.923077,0.925773,0.190476,0.000000
12,44,0.038462,0.021429,0.015301,0.649385,0.961538,0.537963,0.349206,0.003060
12,45,0.038462,0.021429,0.138904,0.583458,0.961538,0.546421,0.412698,0.027781
12,46,0.038462,0.021429,0.000000,0.699119,0.961538,0.507638,0.365079,0.000000
12,47,0.038462,0.021429,0.000000,0.769067,0.961538,0.458377,0.396825,0.000000
12,48,0.038462,0.021429,0.489058,0.692838,0.961538,0.361817,0.412698,0.097812
12,49,0.038462,0.021429,0.000000,0.711950,0.961538,0.498602,0.412698,0.000000
12,50,0.038462,0.021429,0.000000,0.607335,0.961538,0.572278,0.365079,0.000000
12,51,0.038462,0.021429,0.000000,0.743210,0.961538,0.476587,0.365079,0.000000
12,52,0.038462,0.021429,0.000000,0.980888,0.961538,0.309200,0.396825,0.000000
12,53,0.038462,0.021429,0.241616,1.000000,0.961538,0.221512,0.333333,0.048323
12,54,0.038462,0.021429,0.000000,0.557601,0.961538,0.607304,0.380952,0.000000
12,55,0.346154,0.078571,0.278253,0.386002,0.653846,0.642671,0.238095,0.027946
12,56,0.076923,0.028571,0.000000,0.000000,0.923077,1.000000,0.444444,0.000000
12,57,0.076923,0.028571,0.000000,0.000000,0.923077,1.000000,0.253968,0.000000
12,58,0.076923,0.028571,0.000000,0.000000,0.923077,1.000000,0.428571,0.000000
12,59,0.076923,0.028571,0.000000,0.000000,0.923077,1.000000,0.238095,0.000000
12,60,0.076923,0.028571,0.609306,0.233654,0.923077,0.648260,0.380952,0.061194
12,61,0.076923,0.028571,0.000000,0.000000,0.923077,1.000000,0.206349,0.000000
12,62,0.076923,0.028571,0.000000,0.213001,0.923077,0.849992,0.380952,0.000000
12,63,0.076923,0.028571,0.000000,0.008204,0.923077,0.994223,0.253968,0.000000
12,64,0.076923,0.028571,0.000000,0.479473,0.923077,0.662326,0.301587,0.000000
12,65,0.076923,0.028571,0.000000,0.245819,0.923077,0.826879,0.206349,0.000000
12,66,0.076923,0.028571,0.000000,0.221205,0.923077,0.844214,0.253968,0.000000
12,67,0.076923,0.028571,0.000000,0.023830,0.923077,0.983218,0.396825,0.000000
12,68,0.076923,0.028571,0.000000,0.000000,0.923077,1.000000,0.206349,0.000000
12,69,0.076923,0.028571,0.000000,0.000000,0.923077,1.000000,0.380952,0.000000
12,70,0.076923,0.028571,0.000000,0.102643,0.923077,0.927713,0.206349,0.000000
12,71,0.076923,0.028571,0.000000,0.108484,0.923077,0.923599,0.412698,0.000000
12,72,0.076923,0.028571,0.000000,0.000000,0.923077,1.000000,0.222222,0.000000
12,73,0.076923,0.028571,0.000000,0.077627,0.923077,0.945331,0.365079,0.000000
12,74,0.076923,0.028571,0.168199,0.371354,0.923077,0.686797,0.285714,0.016893
12,75,0.076923,0.028571,0.000000,0.326707,0.923077,0.769913,0.333333,0.000000
12,76,0.076923,0.028571,0.000000,0.242053,0.923077,0.829532,0.206349,0.000000
12,77,0.076923,0.028571,0.440148,0.346338,0.923077,0.620869,0.285714,0.044205
12,78,0.076923,0.028571,0.000000,0.218056,0.923077,0.846432,0.412698,0.000000
12,79,0.076923,0.028571,0.000000,0.025857,0.923077,0.981790,0.238095,0.000000
12,80,0.076923,0.028571,0.000000,0.505937,0.923077,0.643688,0.428571,0.000000
12,81,0.076923,0.028571,0.000000,0.075872,0.923077,0.946566,0.238095,0.000000
12,82,0.076923,0.028571,0.000000,0.233654,0.923077,0.835447,0.333333,0.000000
12,83,0.076923,0.028571,0.000000,0.154350,0.923077,0.891298,0.206349,0.000000
12,84,0.076923,0.028571,0.337491,0.423256,0.923077,0.598236,0.412698,0.067498
12,85,0.076923,0.028571,0.000000,0.050015,0.923077,0.964776,0.269841,0.000000
12,86,0.076923,0.028571,0.000000,0.352807,0.923077,0.751532,0.333333,0.000000
12,87,0.076923,0.028571,0.000000,0.273503,0.923077,0.807382,0.222222,0.000000
12,88,0.076923,0.028571,0.062130,0.135375,0.923077,0.885574,0.285714,0.006240
12,89,0.076923,0.028571,0.000000,0.084423,0.923077,0.940544,0.222222,0.000000
12,90,0.076923,0.028571,0.210409,0.350313,0.923077,0.688648,0.206349,0.021132
12,91,0.076923,0.028571,0.000000,0.060593,0.923077,0.957327,0.222222,0.000000
12,92,0.076923,0.028571,0.000000,0.322654,0.923077,0.772767,0.222222,0.000000
12,93,0.076923,0.028571,0.310837,0.108484,0.923077,0.828106,0.206349,0.031218
12,94,0.076923,0.028571,0.000000,0.343638,0.923077,0.757989,0.158730,0.000000
12,95,0.076923,0.028571,0.000000,0.105398,0.923077,0.925773,0.238095,0.000000
12,96,0.076923,0.028571,0.310020,0.830555,0.923077,0.319831,0.190476,0.031136
12,97,0.076923,0.028571,0.000000,0.200042,0.923077,0.859118,0.190476,0.000000
12,98,0.076923,0.028571,0.000000,0.115387,0.923077,0.918737,0.285714,0.000000
12,99,0.076923,0.028571,0.660330,0.619973,0.923077,0.360516,0.269841,0.066319
12,100,0.038462,0.021429,0.000000,0.339436,0.961538,0.760949,0.428571,0.000000
12,101,0.038462,0.021429,0.000000,0.147237,0.961538,0.896307,0.365079,0.000000
12,102,0.038462,0.021429,0.000000,0.627317,0.961538,0.558206,0.365079,0.000000
12,103,0.038462,0.021429,0.000000,0.197252,0.961538,0.861083,0.412698,0.000000
12,104,0.038462,0.021429,0.000000,0.121380,0.961538,0.914517,0.365079,0.000000
12,105,0.038462,0.021429,0.000000,0.275729,0.961538,0.805815,0.428571,0.000000
12,106,0.038462,0.021429,0.000000,0.409261,0.961538,0.711774,0.365079,0.000000
12,107,0.038462,0.021429,0.000000,0.171395,0.961538,0.879293,0.412698,0.000000
12,108,0.038462,0.021429,0.000000,0.121380,0.961538,0.914517,0.365079,0.000000
12,109,0.038462,0.021429,0.000000,0.275729,0.961538,0.805815,0.428571,0.000000
12,110,0.038462,0.021429,0.000000,0.121380,0.961538,0.914517,0.428571,0.000000
12,111,0.346154,0.078571,1.000000,0.983708,0.653846,0.000000,0.238095,0.100433
12,112,0.076923,0.028571,0.000000,0.484216,0.923077,0.658986,0.380952,0.000000
12,113,0.076923,0.028571,0.000000,0.000000,0.923077,1.000000,0.238095,0.000000
12,114,0.076923,0.028571,0.000000,0.345312,0.923077,0.756810,0.444444,0.000000
12,115,0.076923,0.028571,0.000000,0.265792,0.923077,0.812813,0.253968,0.000000
12,116,0.076923,0.028571,0.000000,0.212276,0.923077,0.850502,0.396825,0.000000
12,117,0.076923,0.028571,0.000000,0.000000,0.923077,1.000000,0.238095,0.000000
12,118,0.076923,0.028571,0.000000,0.000000,0.923077,1.000000,0.412698,0.000000
12,119,0.076923,0.028571,0.000000,0.335234,0.923077,0.763908,0.238095,0.000000
12,120,0.076923,0.028571,0.000000,0.479329,0.923077,0.662427,0.301587,0.000000
12,121,0.076923,0.028571,0.000000,0.405957,0.923077,0.714100,0.206349,0.000000
12,122,0.076923,0.028571,0.290370,0.069442,0.923077,0.861889,0.238095,0.029163
12,123,0.076923,0.028571,0.000000,0.272595,0.923077,0.808022,0.365079,0.000000
12,124,0.076923,0.028571,0.000000,0.000000,0.923077,1.000000,0.174603,0.000000
12,125,0.076923,0.028571,0.000000,0.272595,0.923077,0.808022,0.365079,0.000000
12,126,0.076923,0.028571,0.000000,0.265792,0.923077,0.812813,0.222222,0.000000
12,127,0.076923,0.028571,0.000000,0.000000,0.923077,1.000000,0.412698,0.000000
12,128,0.076923,0.028571,0.000000,0.171130,0.923077,0.879480,0.190476,0.000000
12,129,0.076923,0.028571,0.000000,0.360266,0.923077,0.746279,0.349206,0.000000
12,130,0.076923,0.028571,0.535631,0.545910,0.923077,0.450984,0.285714,0.107126
12,131,0.076923,0.028571,0.000000,0.241058,0.923077,0.830232,0.380952,0.000000
12,132,0.076923,0.028571,0.269129,0.412188,0.923077,0.627033,0.190476,0.053826
12,133,0.076923,0.028571,0.273150,0.640385,0.923077,0.465087,0.238095,0.054630
12,134,0.076923,0.028571,0.000000,0.327386,0.923077,0.769435,0.349206,0.000000
12,135,0.076923,0.028571,0.000000,0.004865,0.923077,0.996574,0.222222,0.000000
12,136,0.076923,0.028571,0.000000,0.333017,0.923077,0.765469,0.428571,0.000000
12,137,0.076923,0.028571,0.054628,0.213069,0.923077,0.833161,0.190476,0.010926
12,138,0.076923,0.028571,0.000000,0.371493,0.923077,0.738372,0.317460,0.000000
12,139,0.076923,0.028571,0.000000,0.000000,0.923077,1.000000,0.238095,0.000000
12,140,0.076923,0.028571,0.000000,0.168515,0.923077,0.881321,0.365079,0.000000
12,141,0.076923,0.028571,0.194064,0.252820,0.923077,0.762330,0.253968,0.038813
12,142,0.076923,0.028571,0.597192,0.688661,0.923077,0.331538,0.317460,0.119438
12,143,0.076923,0.028571,0.000000,0.480052,0.923077,0.661918,0.206349,0.000000
12,144,0.076923,0.028571,0.264516,0.044616,0.923077,0.887316,0.301587,0.026566
12,145,0.076923,0.028571,0.000000,0.000000,0.923077,1.000000,0.222222,0.000000
12,146,0.076923,0.028571,0.499876,0.000000,0.923077,0.846432,0.285714,0.050204
12,147,0.076923,0.028571,0.000000,0.000000,0.923077,1.000000,0.222222,0.000000
12,148,0.076923,0.028571,0.000000,0.000000,0.923077,1.000000,0.253968,0.000000
12,149,0.076923,0.028571,0.000000,0.000000,0.923077,1.000000,0.253968,0.000000
12,150,0.076923,0.028571,0.545931,0.171130,0.923077,0.711763,0.253968,0.054829
12,151,0.076923,0.028571,0.000000,0.360266,0.923077,0.746279,0.222222,0.000000
12,152,0.076923,0.028571,0.000000,0.210676,0.923077,0.851629,0.349206,0.000000
12,153,0.076923,0.028571,0.000000,0.027103,0.923077,0.980913,0.222222,0.000000
12,154,0.076923,0.028571,0.000000,0.198232,0.923077,0.860393,0.190476,0.000000
12,155,0.076923,0.028571,0.000000,0.570943,0.923077,0.597908,0.190476,0.000000
12,156,0.038462,0.021429,0.000000,0.551986,0.961538,0.611258,0.380952,0.000000
12,157,0.038462,0.021429,0.000000,0.441086,0.961538,0.689360,0.396825,0.000000
12,158,0.038462,0.021429,0.787762,0.696521,0.961538,0.267457,0.412698,0.157552
12,159,0.038462,0.021429,0.000000,0.649290,0.961538,0.542730,0.396825,0.000000
12,160,0.038462,0.021429,0.000000,0.595438,0.961538,0.580656,0.349206,0.000000
12,161,0.038462,0.021429,0.000000,0.436221,0.961538,0.692787,0.428571,0.000000
12,162,0.038462,0.021429,0.000000,0.604736,0.961538,0.574108,0.380952,0.000000
12,163,0.038462,0.021429,0.000000,0.689041,0.961538,0.514735,0.460317,0.000000
12,164,0.038462,0.021429,0.582428,0.859508,0.961538,0.215753,0.380952,0.116486
12,165,0.038462,0.021429,0.000000,0.724271,0.961538,0.489925,0.380952,0.000000
12,166,0.038462,0.021429,0.000000,0.480837,0.961538,0.661365,0.444444,0.000000
12,167,0.346154,0.078571,0.000000,0.000000,0.653846,1.000000,0.253968,0.000000
12,168,0.076923,0.028571,0.000000,0.000000,0.923077,1.000000,0.190476,0.000000
12,169,0.076923,0.028571,0.624901,0.000000,0.923077,0.808022,0.253968,0.062761
12,170,0.076923,0.028571,0.000000,0.000000,0.923077,1.000000,0.238095,0.000000
12,171,0.076923,0.028571,0.000000,0.000000,0.923077,1.000000,0.238095,0.000000
12,172,0.076923,0.028571,0.000000,0.233654,0.923077,0.835447,0.158730,0.000000
12,173,0.076923,0.028571,0.000000,0.000000,0.923077,1.000000,0.206349,0.000000
12,174,0.076923,0.028571,0.000000,0.117400,0.923077,0.917320,0.253968,0.000000
12,175,0.076923,0.028571,0.000000,0.000000,0.923077,1.000000,0.206349,0.000000
12,176,0.076923,0.028571,0.159190,0.479473,0.923077,0.613421,0.222222,0.031838
12,177,0.076923,0.028571,0.000000,0.245819,0.923077,0.826879,0.253968,0.000000
12,178,0.076923,0.028571,0.490475,0.117400,0.923077,0.766640,0.222222,0.049260
12,179,0.076923,0.028571,0.000000,0.023830,0.923077,0.983218,0.174603,0.000000
12,180,0.076923,0.028571,0.166698,0.000000,0.923077,0.948788,0.253968,0.016742
12,181,0.076923,0.028571,0.000000,0.000000,0.923077,1.000000,0.190476,0.000000
12,182,0.076923,0.028571,0.318426,0.000000,0.923077,0.902175,0.285714,0.031980
12,183,0.076923,0.028571,0.000000,0.108484,0.923077,0.923599,0.174603,0.000000
12,184,0.076923,0.028571,0.000000,0.073277,0.923077,0.948394,0.206349,0.000000
12,185,0.076923,0.028571,0.000000,0.000000,0.923077,1.000000,0.269841,0.000000
12,186,0.076923,0.028571,0.000000,0.260508,0.923077,0.816535,0.222222,0.000000
12,187,0.076923,0.028571,0.000000,0.386292,0.923077,0.727950,0.206349,0.000000
12,188,0.076923,0.028571,0.000000,0.374915,0.923077,0.735962,0.206349,0.000000
12,189,0.076923,0.028571,0.000000,0.260508,0.923077,0.816535,0.238095,0.000000
12,190,0.076923,0.028571,0.000000,0.218056,0.923077,0.846432,0.174603,0.000000
12,191,0.076923,0.028571,0.000000,0.000000,0.923077,1.000000,0.269841,0.000000
12,192,0.076923,0.028571,0.000000,0.456203,0.923077,0.678714,0.206349,0.000000
12,193,0.076923,0.028571,0.000000,0.000000,0.923077,1.000000,0.253968,0.000000
12,194,0.076923,0.028571,0.000000,0.233654,0.923077,0.835447,0.174603,0.000000
12,195,0.076923,0.028571,0.000000,0.000000,0.923077,1.000000,0.238095,0.000000
12,196,0.076923,0.028571,0.054809,0.355546,0.923077,0.732764,0.269841,0.010962
12,197,0.076923,0.028571,0.000000,0.000000,0.923077,1.000000,0.238095,0.000000
12,198,0.076923,0.028571,0.482958,0.352807,0.923077,0.603161,0.222222,0.048505
12,199,0.076923,0.028571,0.825880,0.119154,0.923077,0.662363,0.174603,0.082945
12,200,0.076923,0.028571,0.000000,0.117400,0.923077,0.917320,0.222222,0.000000
12,201,0.076923,0.028571,0.011153,0.023830,0.923077,0.979791,0.238095,0.001120
12,202,0.076923,0.028571,0.000000,0.343638,0.923077,0.757989,0.174603,0.000000
12,203,0.076923,0.028571,0.000000,0.000000,0.923077,1.000000,0.158730,0.000000
12,204,0.076923,0.028571,0.054973,0.000000,0.923077,0.983112,0.301587,0.005521
12,205,0.076923,0.028571,0.166453,0.108484,0.923077,0.872462,0.206349,0.016717
12,206,0.076923,0.028571,0.386307,0.416916,0.923077,0.587704,0.174603,0.038798
12,207,0.076923,0.028571,0.000000,0.000000,0.923077,1.000000,0.190476,0.000000
12,208,0.076923,0.028571,0.000000,0.514575,0.923077,0.637605,0.190476,0.000000
12,209,0.076923,0.028571,0.102279,0.259627,0.923077,0.785734,0.222222,0.020456
12,210,0.076923,0.028571,0.000000,0.248249,0.923077,0.825168,0.158730,0.000000
12,211,0.076923,0.028571,0.000000,0.514575,0.923077,0.637605,0.206349,0.000000
12,212,0.038462,0.021429,0.000000,0.218056,0.961538,0.846432,0.190476,0.000000
12,213,0.038462,0.021429,0.000000,0.000000,0.961538,1.000000,0.206349,0.000000
12,214,0.038462,0.021429,0.000000,0.456203,0.961538,0.678714,0.222222,0.000000
12,215,0.038462,0.021429,0.000000,0.000000,0.961538,1.000000,0.238095,0.000000
12,216,0.038462,0.021429,0.000000,0.000000,0.961538,1.000000,0.190476,0.000000
12,217,0.038462,0.021429,0.000000,0.000000,0.961538,1.000000,0.206349,0.000000
12,218,0.038462,0.021429,0.000000,0.238147,0.961538,0.832283,0.222222,0.000000
12,219,0.038462,0.021429,0.000000,0.000000,0.961538,1.000000,0.238095,0.000000
12,220,0.038462,0.021429,0.000000,0.000000,0.961538,1.000000,0.206349,0.000000
12,221,0.038462,0.021429,0.000000,0.000000,0.961538,1.000000,0.206349,0.000000
12,222,0.038462,0.021429,0.000000,0.000000,0.961538,1.000000,0.222222,0.000000
12,223,0.346154,0.078571,0.000000,0.597706,0.653846,0.579059,0.158730,0.000000
12,224,0.019231,0.017857,0.000000,0.484216,0.980769,0.658986,0.444444,0.000000
12,225,0.019231,0.017857,0.000000,0.000000,0.980769,1.000000,0.412698,0.000000
12,226,0.019231,0.017857,0.000000,0.345312,0.980769,0.756810,0.476190,0.000000
12,227,0.019231,0.017857,0.000000,0.000000,0.980769,1.000000,0.412698,0.000000
12,228,0.019231,0.017857,0.000000,0.138904,0.980769,0.902175,0.460317,0.000000
12,229,0.019231,0.017857,0.000000,0.000000,0.980769,1.000000,0.365079,0.000000
12,230,0.019231,0.017857,0.000000,0.000000,0.980769,1.000000,0.476190,0.000000
12,231,0.019231,0.017857,0.000000,0.069442,0.980769,0.951095,0.412698,0.000000
12,232,0.019231,0.017857,0.000000,0.213955,0.980769,0.849320,0.428571,0.000000
12,233,0.019231,0.017857,0.000000,0.213955,0.980769,0.849320,0.396825,0.000000
12,234,0.019231,0.017857,0.000000,0.069442,0.980769,0.951095,0.412698,0.000000
12,235,0.019231,0.017857,0.000000,0.272595,0.980769,0.808022,0.428571,0.000000
12,236,0.019231,0.017857,0.000000,0.000000,0.980769,1.000000,0.412698,0.000000
12,237,0.019231,0.017857,0.000000,0.272595,0.980769,0.808022,0.428571,0.000000
12,238,0.019231,0.017857,0.000000,0.000000,0.980769,1.000000,0.428571,0.000000
12,239,0.019231,0.017857,0.000000,0.000000,0.980769,1.000000,0.460317,0.000000
12,240,0.019231,0.017857,0.000000,0.023909,0.980769,0.983162,0.380952,0.000000
12,241,0.019231,0.017857,0.000000,0.360266,0.980769,0.746279,0.380952,0.000000
12,242,0.019231,0.017857,0.000000,0.280118,0.980769,0.802724,0.476190,0.000000
12,243,0.019231,0.017857,0.000000,0.213955,0.980769,0.849320,0.476190,0.000000
12,244,0.019231,0.017857,0.000000,0.237864,0.980769,0.832482,0.428571,0.000000
12,245,0.019231,0.017857,0.000000,0.640385,0.980769,0.549002,0.396825,0.000000
12,246,0.019231,0.017857,0.000000,0.235601,0.980769,0.834075,0.412698,0.000000
12,247,0.019231,0.017857,0.000000,0.004865,0.980769,0.996574,0.365079,0.000000
12,248,0.019231,0.017857,0.000000,0.241233,0.980769,0.830109,0.444444,0.000000
12,249,0.019231,0.017857,0.000000,0.077476,0.980769,0.945437,0.380952,0.000000
12,250,0.019231,0.017857,0.000000,0.162884,0.980769,0.885287,0.412698,0.000000
12,251,0.019231,0.017857,0.000000,0.000000,0.980769,1.000000,0.396825,0.000000
12,252,0.019231,0.017857,0.167982,0.168515,0.980769,0.829715,0.460317,0.033596
12,253,0.019231,0.017857,0.000000,0.117227,0.980769,0.917442,0.412698,0.000000
12,254,0.019231,0.017857,0.000000,0.000000,0.980769,1.000000,0.412698,0.000000
12,255,0.019231,0.017857,0.000000,0.000000,0.980769,1.000000,0.396825,0.000000
12,256,0.019231,0.017857,0.136593,0.044616,0.980769,0.926615,0.444444,0.013718
12,257,0.019231,0.017857,0.000000,0.000000,0.980769,1.000000,0.476190,0.000000
12,258,0.019231,0.017857,0.000000,0.000000,0.980769,1.000000,0.428571,0.000000
12,259,0.019231,0.017857,0.000000,0.000000,0.980769,1.000000,0.444444,0.000000
12,260,0.019231,0.017857,0.000000,0.000000,0.980769,1.000000,0.460317,0.000000
12,261,0.019231,0.017857,0.000000,0.000000,0.980769,1.000000,0.428571,0.000000
12,262,0.019231,0.017857,0.000000,0.023909,0.980769,0.983162,0.412698,0.000000
12,263,0.019231,0.017857,0.000000,0.360266,0.980769,0.746279,0.365079,0.000000
12,264,0.019231,0.017857,0.000000,0.210676,0.980769,0.851629,0.460317,0.000000
12,265,0.019231,0.017857,0.000000,0.000000,0.980769,1.000000,0.460317,0.000000
12,266,0.019231,0.017857,0.000000,0.023909,0.980769,0.983162,0.492063,0.000000
12,267,0.019231,0.017857,0.000000,0.570943,0.980769,0.597908,0.380952,0.000000
12,268,0.000000,0.014286,0.000000,0.023980,1.000000,0.983112,0.412698,0.000000
12,269,0.000000,0.014286,0.000000,0.004865,1.000000,0.996574,0.412698,0.000000
12,270,0.000000,0.014286,0.000000,0.168515,1.000000,0.881321,0.428571,0.000000
12,271,0.000000,0.014286,0.000000,0.077476,1.000000,0.945437,0.396825,0.000000
12,272,0.000000,0.014286,0.000000,0.023980,1.000000,0.983112,0.428571,0.000000
12,273,0.000000,0.014286,0.000000,0.000000,1.000000,1.000000,0.476190,0.000000
12,274,0.000000,0.014286,0.000000,0.168515,1.000000,0.881321,0.412698,0.000000
12,275,0.000000,0.014286,0.000000,0.117227,1.000000,0.917442,0.476190,0.000000
12,276,0.000000,0.014286,0.000000,0.000000,1.000000,1.000000,0.428571,0.000000
12,277,0.000000,0.014286,0.000000,0.000000,1.000000,1.000000,0.428571,0.000000
12,278,0.000000,0.014286,0.000000,0.044616,1.000000,0.968578,0.444444,0.000000
12,279,0.153846,0.042857,0.000000,0.000000,0.846154,1.000000,0.333333,0.000000
12,280,1.000000,0.200000,0.000000,0.132862,0.000000,0.906430,0.158730,0.000000
13,0,0.076923,0.028571,0.000000,0.204355,0.923077,0.824504,0.421875,0.000000
13,1,0.076923,0.028571,0.000000,0.000000,0.923077,1.000000,0.234375,0.000000
13,2,0.076923,0.028571,0.000000,0.000000,0.923077,1.000000,0.468750,0.000000
13,3,0.076923,0.028571,0.000000,0.057046,0.923077,0.951010,0.187500,0.000000
13,4,0.076923,0.028571,0.000000,0.204355,0.923077,0.824504,0.421875,0.000000
13,5,0.076923,0.028571,0.000000,0.000000,0.923077,1.000000,0.218750,0.000000
13,6,0.076923,0.028571,0.000000,0.274602,0.923077,0.764177,0.484375,0.000000
13,7,0.076923,0.028571,0.000000,0.057046,0.923077,0.951010,0.265625,0.000000
13,8,0.076923,0.028571,0.000000,0.404201,0.923077,0.652881,0.359375,0.000000
13,9,0.076923,0.028571,0.491850,0.404201,0.923077,0.506636,0.265625,0.098370
13,10,0.076923,0.028571,0.000000,0.274602,0.923077,0.764177,0.296875,0.000000
13,11,0.076923,0.028571,0.000000,0.037707,0.923077,0.967618,0.375000,0.000000
13,12,0.076923,0.028571,0.000000,0.099221,0.923077,0.914791,0.187500,0.000000
13,13,0.076923,0.028571,0.000000,0.021529,0.923077,0.981512,0.375000,0.000000
13,14,0.076923,0.028571,0.000000,0.482240,0.923077,0.585862,0.218750,0.000000
13,15,0.076923,0.028571,0.000000,0.055815,0.923077,0.952067,0.406250,0.000000
13,16,0.076923,0.028571,0.000000,0.094435,0.923077,0.918902,0.187500,0.000000
13,17,0.076923,0.028571,0.000000,0.191822,0.923077,0.835267,0.390625,0.000000
13,18,0.076923,0.028571,0.000000,0.383019,0.923077,0.671071,0.265625,0.000000
13,19,0.076923,0.028571,0.000000,0.299275,0.923077,0.742989,0.343750,0.000000
13,20,0.076923,0.028571,0.301271,0.375602,0.923077,0.587862,0.250000,0.060254
13,21,0.076923,0.028571,0.000000,0.170293,0.923077,0.853756,0.250000,0.000000
13,22,0.076923,0.028571,0.286575,0.204355,0.923077,0.739296,0.359375,0.029678
13,23,0.076923,0.028571,0.000000,0.000000,0.923077,1.000000,0.203125,0.000000
13,24,0.076923,0.028571,0.000000,0.004854,0.923077,0.995832,0.421875,0.000000
13,25,0.076923,0.028571,0.000000,0.192577,0.923077,0.834619,0.187500,0.000000
13,26,0.076923,0.028571,0.941494,0.368797,0.923077,0.403345,0.359375,0.097501
13,27,0.076923,0.028571,0.000000,0.008591,0.923077,0.992622,0.203125,0.000000
13,28,0.076923,0.028571,0.000000,0.262478,0.923077,0.774590,0.421875,0.000000
13,29,0.076923,0.028571,0.000000,0.192577,0.923077,0.834619,0.203125,0.000000
13,30,0.076923,0.028571,0.000000,0.504944,0.923077,0.566364,0.375000,0.000000
13,31,0.076923,0.028571,0.000000,0.349093,0.923077,0.700206,0.203125,0.000000
13,32,0.076923,0.028571,0.000000,0.257624,0.923077,0.778758,0.265625,0.000000
13,33,0.076923,0.028571,0.000000,0.037707,0.923077,0.967618,0.281250,0.000000
13,34,0.076923,0.028571,0.000000,0.099221,0.923077,0.914791,0.187500,0.000000
13,35,0.076923,0.028571,0.000000,0.021529,0.923077,0.981512,0.250000,0.000000
13,36,0.076923,0.028571,0.000000,0.673872,0.923077,0.421292,0.187500,0.000000
13,37,0.076923,0.028571,0.375369,0.055815,0.923077,0.840457,0.296875,0.038873
13,38,0.076923,0.028571,0.014019,0.094435,0.923077,0.914733,0.265625,0.001452
13,39,0.076923,0.028571,0.000000,0.021529,0.923077,0.981512,0.265625,0.000000
13,40,0.076923,0.028571,0.000000,0.574652,0.923077,0.506501,0.203125,0.000000
13,41,0.076923,0.028571,0.000000,0.018108,0.923077,0.984450,0.203125,0.000000
13,42,0.076923,0.028571,0.000000,0.094435,0.923077,0.918902,0.171875,0.000000
13,43,0.076923,0.028571,0.000000,0.000000,0.923077,1.000000,0.187500,0.000000
13,44,0.038462,0.021429,0.000000,0.335275,0.961538,0.712073,0.343750,0.000000
13,45,0.038462,0.021429,0.000000,0.335275,0.961538,0.712073,0.406250,0.000000
13,46,0.038462,0.021429,0.000000,0.340129,0.961538,0.707905,0.359375,0.000000
13,47,0.038462,0.021429,0.000000,0.527852,0.961538,0.546692,0.390625,0.000000
13,48,0.038462,0.021429,0.718248,0.499718,0.961538,0.357292,0.406250,0.143650
13,49,0.038462,0.021429,0.000000,0.343866,0.961538,0.704695,0.406250,0.000000
13,50,0.038462,0.021429,0.000000,0.493443,0.961538,0.576241,0.359375,0.000000
13,51,0.038462,0.021429,0.000000,0.527852,0.961538,0.546692,0.359375,0.000000
13,52,0.038462,0.021429,0.000000,0.717186,0.961538,0.384095,0.390625,0.000000
13,53,0.038462,0.021429,0.000000,0.561334,0.961538,0.517938,0.328125,0.000000
13,54,0.038462,0.021429,0.000000,0.488589,0.961538,0.580409,0.375000,0.000000
13,55,0.346154,0.078571,0.578652,0.248679,0.653846,0.614386,0.250000,0.059925
13,56,0.076923,0.028571,0.000000,0.000000,0.923077,1.000000,0.437500,0.000000
13,57,0.076923,0.028571,0.000000,0.000000,0.923077,1.000000,0.250000,0.000000
13,58,0.076923,0.028571,0.000000,0.000000,0.923077,1.000000,0.421875,0.000000
13,59,0.076923,0.028571,0.000000,0.000000,0.923077,1.000000,0.234375,0.000000
13,60,0.076923,0.028571,0.164763,0.079411,0.923077,0.882813,0.390625,0.017063
13,61,0.076923,0.028571,0.000000,0.000000,0.923077,1.000000,0.203125,0.000000
13,62,0.076923,0.028571,0.000000,0.274602,0.923077,0.764177,0.375000,0.000000
13,63,0.076923,0.028571,0.000000,0.000000,0.923077,1.000000,0.250000,0.000000
13,64,0.076923,0.028571,0.000000,0.387464,0.923077,0.667253,0.296875,0.000000
13,65,0.076923,0.028571,0.000000,0.308053,0.923077,0.735450,0.203125,0.000000
13,66,0.076923,0.028571,0.812085,0.274602,0.923077,0.522716,0.250000,0.084099
13,67,0.076923,0.028571,0.000000,0.058215,0.923077,0.950006,0.390625,0.000000
13,68,0.076923,0.028571,0.000000,0.099221,0.923077,0.914791,0.203125,0.000000
13,69,0.076923,0.028571,0.000000,0.000000,0.923077,1.000000,0.375000,0.000000
13,70,0.076923,0.028571,0.590229,0.425194,0.923077,0.459357,0.203125,0.118046
13,71,0.076923,0.028571,0.000000,0.261612,0.923077,0.775333,0.406250,0.000000
13,72,0.076923,0.028571,0.000000,0.000000,0.923077,1.000000,0.218750,0.000000
13,73,0.076923,0.028571,0.000000,0.170293,0.923077,0.853756,0.359375,0.000000
13,74,0.076923,0.028571,0.000000,0.672202,0.923077,0.422726,0.296875,0.000000
13,75,0.076923,0.028571,0.000000,0.237213,0.923077,0.796286,0.328125,0.000000
13,76,0.076923,0.028571,0.000000,0.033817,0.923077,0.970959,0.203125,0.000000
13,77,0.076923,0.028571,0.355351,0.516522,0.923077,0.450763,0.296875,0.071070
13,78,0.076923,0.028571,0.000000,0.154867,0.923077,0.867004,0.406250,0.000000
13,79,0.076923,0.028571,0.000000,0.000000,0.923077,1.000000,0.234375,0.000000
13,80,0.076923,0.028571,0.000000,0.159720,0.923077,0.862835,0.421875,0.000000
13,81,0.076923,0.028571,0.108908,0.129964,0.923077,0.856007,0.234375,0.021782
13,82,0.076923,0.028571,0.000000,0.119203,0.923077,0.897631,0.328125,0.000000
13,83,0.076923,0.028571,0.062180,0.019140,0.923077,0.965074,0.203125,0.006439
13,84,0.076923,0.028571,0.272751,0.294791,0.923077,0.665741,0.406250,0.054550
13,85,0.076923,0.028571,0.052299,0.129964,0.923077,0.872839,0.265625,0.010460
13,86,0.076923,0.028571,0.000000,0.393439,0.923077,0.662122,0.328125,0.000000
13,87,0.076923,0.028571,0.000000,0.293377,0.923077,0.748054,0.218750,0.000000
13,88,0.076923,0.028571,0.000000,0.289937,0.923077,0.751008,0.296875,0.000000
13,89,0.076923,0.028571,0.000000,0.058215,0.923077,0.950006,0.218750,0.000000
13,90,0.076923,0.028571,0.000000,0.198761,0.923077,0.829308,0.218750,0.000000
13,91,0.076923,0.028571,0.000000,0.000000,0.923077,1.000000,0.218750,0.000000
13,92,0.076923,0.028571,0.000000,0.673872,0.923077,0.421292,0.218750,0.000000
13,93,0.076923,0.028571,0.180843,0.261612,0.923077,0.721562,0.218750,0.036169
13,94,0.076923,0.028571,0.000000,0.099540,0.923077,0.914517,0.156250,0.000000
13,95,0.076923,0.028571,0.024814,0.000000,0.923077,0.992622,0.234375,0.002570
13,96,0.076923,0.028571,0.474954,1.000000,0.923077,0.000000,0.203125,0.094991
13,97,0.076923,0.028571,0.000000,0.203397,0.923077,0.825327,0.187500,0.000000
13,98,0.076923,0.028571,0.442813,0.000000,0.923077,0.868336,0.281250,0.045858
13,99,0.076923,0.028571,0.628104,0.425348,0.923077,0.447962,0.281250,0.125621
13,100,0.038462,0.021429,0.000000,0.355213,0.961538,0.694950,0.421875,0.000000
13,101,0.038462,0.021429,0.000000,0.200346,0.961538,0.827947,0.359375,0.000000
13,102,0.038462,0.021429,0.000000,0.360067,0.961538,0.690782,0.359375,0.000000
13,103,0.038462,0.021429,0.000000,0.330310,0.961538,0.716336,0.406250,0.000000
13,104,0.038462,0.021429,0.000000,0.240138,0.961538,0.793774,0.359375,0.000000
13,105,0.038462,0.021429,0.000000,0.219487,0.961538,0.811509,0.421875,0.000000
13,106,0.038462,0.021429,0.000000,0.390828,0.961538,0.664365,0.359375,0.000000
13,107,0.038462,0.021429,0.000000,0.330310,0.961538,0.716336,0.406250,0.000000
13,108,0.038462,0.021429,0.000000,0.240138,0.961538,0.793774,0.359375,0.000000
13,109,0.038462,0.021429,0.000000,0.219487,0.961538,0.811509,0.421875,0.000000
13,110,0.038462,0.021429,0.000000,0.385974,0.961538,0.668533,0.421875,0.000000
13,111,0.346154,0.078571,0.389708,0.427338,0.653846,0.517137,0.250000,0.040358
13,112,0.076923,0.028571,0.000000,0.251384,0.923077,0.784116,0.375000,0.000000
13,113,0.076923,0.028571,0.000000,0.026853,0.923077,0.976939,0.234375,0.000000
13,114,0.076923,0.028571,0.000000,0.132958,0.923077,0.885819,0.437500,0.000000
13,115,0.076923,0.028571,0.000000,0.057046,0.923077,0.951010,0.250000,0.000000
13,116,0.076923,0.028571,0.000000,0.204355,0.923077,0.824504,0.390625,0.000000
13,117,0.076923,0.028571,0.000000,0.120835,0.923077,0.896229,0.234375,0.000000
13,118,0.076923,0.028571,0.000000,0.208124,0.923077,0.821267,0.406250,0.000000
13,119,0.076923,0.028571,0.000000,0.092277,0.923077,0.920754,0.234375,0.000000
13,120,0.076923,0.028571,0.000000,0.418089,0.923077,0.640954,0.296875,0.000000
13,121,0.076923,0.028571,0.000000,0.512071,0.923077,0.560243,0.203125,0.000000
13,122,0.076923,0.028571,0.097671,0.157428,0.923077,0.835763,0.250000,0.019534
13,123,0.076923,0.028571,0.000000,0.187046,0.923077,0.839369,0.359375,0.000000
13,124,0.076923,0.028571,0.000000,0.026853,0.923077,0.976939,0.171875,0.000000
13,125,0.076923,0.028571,0.000000,0.246551,0.923077,0.788267,0.359375,0.000000
13,126,0.076923,0.028571,0.000000,0.057046,0.923077,0.951010,0.218750,0.000000
13,127,0.076923,0.028571,0.000000,0.067018,0.923077,0.942446,0.406250,0.000000
13,128,0.076923,0.028571,0.000000,0.292582,0.923077,0.748737,0.187500,0.000000
13,129,0.076923,0.028571,0.000000,0.352258,0.923077,0.697488,0.343750,0.000000
13,130,0.076923,0.028571,0.229361,0.202034,0.923077,0.758301,0.281250,0.045872
13,131,0.076923,0.028571,0.000000,0.313163,0.923077,0.731062,0.375000,0.000000
13,132,0.076923,0.028571,0.000000,0.560785,0.923077,0.518409,0.187500,0.000000
13,133,0.076923,0.028571,0.792065,0.388830,0.923077,0.430572,0.234375,0.158413
13,134,0.076923,0.028571,0.000000,0.307754,0.923077,0.735707,0.343750,0.000000
13,135,0.076923,0.028571,0.000000,0.000000,0.923077,1.000000,0.218750,0.000000
13,136,0.076923,0.028571,0.000000,0.103400,0.923077,0.911202,0.421875,0.000000
13,137,0.076923,0.028571,0.168141,0.062613,0.923077,0.896235,0.187500,0.017413
13,138,0.076923,0.028571,0.000000,0.368797,0.923077,0.683284,0.312500,0.000000
13,139,0.076923,0.028571,0.000000,0.008591,0.923077,0.992622,0.234375,0.000000
13,140,0.076923,0.028571,0.000000,0.153315,0.923077,0.868336,0.359375,0.000000
13,141,0.076923,0.028571,0.587463,0.187842,0.923077,0.664012,0.250000,0.060838
13,142,0.076923,0.028571,1.000000,0.504944,0.923077,0.269029,0.312500,0.103560
13,143,0.076923,0.028571,0.000000,0.349093,0.923077,0.700206,0.203125,0.000000
13,144,0.076923,0.028571,0.000000,0.278543,0.923077,0.760793,0.312500,0.000000
13,145,0.076923,0.028571,0.000000,0.140016,0.923077,0.879757,0.218750,0.000000
13,146,0.076923,0.028571,0.447295,0.001474,0.923077,0.865738,0.296875,0.046322
13,147,0.076923,0.028571,0.000000,0.113594,0.923077,0.902448,0.218750,0.000000
13,148,0.076923,0.028571,0.000000,0.001474,0.923077,0.998734,0.250000,0.000000
13,149,0.076923,0.028571,0.000000,0.067018,0.923077,0.942446,0.250000,0.000000
13,150,0.076923,0.028571,0.000000,0.171746,0.923077,0.852508,0.265625,0.000000
13,151,0.076923,0.028571,0.055282,0.144134,0.923077,0.859783,0.218750,0.011056
13,152,0.076923,0.028571,0.114928,0.144988,0.923077,0.841315,0.343750,0.022986
13,153,0.076923,0.028571,0.000000,0.018108,0.923077,0.984450,0.218750,0.000000
13,154,0.076923,0.028571,0.536141,0.171746,0.923077,0.693094,0.187500,0.055523
13,155,0.076923,0.028571,0.000000,0.266634,0.923077,0.771020,0.187500,0.000000
13,156,0.038462,0.021429,0.000000,0.238328,0.961538,0.795329,0.375000,0.000000
13,157,0.038462,0.021429,0.000000,0.134928,0.961538,0.884126,0.390625,0.000000
13,158,0.038462,0.021429,0.287497,0.238328,0.961538,0.709846,0.406250,0.057499
13,159,0.038462,0.021429,0.000000,0.197541,0.961538,0.830356,0.390625,0.000000
13,160,0.038462,0.021429,0.000000,0.299371,0.961538,0.742906,0.343750,0.000000
13,161,0.038462,0.021429,0.000000,0.143520,0.961538,0.876748,0.421875,0.000000
13,162,0.038462,0.021429,0.000000,0.288243,0.961538,0.752463,0.375000,0.000000
13,163,0.038462,0.021429,0.000000,0.287538,0.961538,0.753068,0.453125,0.000000
13,164,0.038462,0.021429,0.228516,0.516839,0.961538,0.488203,0.375000,0.045703
13,165,0.038462,0.021429,0.000000,0.360988,0.961538,0.689991,0.375000,0.000000
13,166,0.038462,0.021429,0.000000,0.378240,0.961538,0.675175,0.437500,0.000000
13,167,0.346154,0.078571,0.000000,0.001474,0.653846,0.998734,0.250000,0.000000
13,168,0.076923,0.028571,0.000000,0.000000,0.923077,1.000000,0.187500,0.000000
13,169,0.076923,0.028571,0.135833,0.000000,0.923077,0.959612,0.265625,0.014067
13,170,0.076923,0.028571,0.077558,0.000000,0.923077,0.976939,0.234375,0.008032
13,171,0.076923,0.028571,0.000000,0.000000,0.923077,1.000000,0.234375,0.000000
13,172,0.076923,0.028571,0.000000,0.079411,0.923077,0.931803,0.156250,0.000000
13,173,0.076923,0.028571,0.248182,0.000000,0.923077,0.926207,0.203125,0.025702
13,174,0.076923,0.028571,0.271446,0.000000,0.923077,0.919290,0.250000,0.028111
13,175,0.076923,0.028571,0.000000,0.000000,0.923077,1.000000,0.203125,0.000000
13,176,0.076923,0.028571,0.000000,0.387464,0.923077,0.667253,0.218750,0.000000
13,177,0.076923,0.028571,0.352934,0.308053,0.923077,0.630511,0.250000,0.036550
13,178,0.076923,0.028571,0.040112,0.000000,0.923077,0.988073,0.234375,0.004154
13,179,0.076923,0.028571,0.000000,0.058215,0.923077,0.950006,0.171875,0.000000
13,180,0.076923,0.028571,0.000000,0.000000,0.923077,1.000000,0.265625,0.000000
13,181,0.076923,0.028571,0.000000,0.000000,0.923077,1.000000,0.187500,0.000000
13,182,0.076923,0.028571,0.000000,0.000000,0.923077,1.000000,0.296875,0.000000
13,183,0.076923,0.028571,0.000000,0.261612,0.923077,0.775333,0.171875,0.000000
13,184,0.076923,0.028571,0.000000,0.080521,0.923077,0.930850,0.203125,0.000000
13,185,0.076923,0.028571,0.000000,0.000000,0.923077,1.000000,0.265625,0.000000
13,186,0.076923,0.028571,0.000000,0.346229,0.923077,0.702665,0.218750,0.000000
13,187,0.076923,0.028571,0.101757,0.271518,0.923077,0.736570,0.203125,0.020351
13,188,0.076923,0.028571,0.000000,0.148642,0.923077,0.872349,0.203125,0.000000
13,189,0.076923,0.028571,0.000000,0.346229,0.923077,0.702665,0.234375,0.000000
13,190,0.076923,0.028571,0.000000,0.154867,0.923077,0.867004,0.171875,0.000000
13,191,0.076923,0.028571,0.263136,0.000000,0.923077,0.921760,0.265625,0.027250
13,192,0.076923,0.028571,0.000000,0.154867,0.923077,0.867004,0.203125,0.000000
13,193,0.076923,0.028571,0.032359,0.000000,0.923077,0.990379,0.250000,0.003351
13,194,0.076923,0.028571,0.000000,0.119203,0.923077,0.897631,0.171875,0.000000
13,195,0.076923,0.028571,0.002771,0.019140,0.923077,0.982739,0.234375,0.000287
13,196,0.076923,0.028571,0.223296,0.185628,0.923077,0.774193,0.265625,0.044659
13,197,0.076923,0.028571,0.000000,0.000000,0.923077,1.000000,0.234375,0.000000
13,198,0.076923,0.028571,0.418762,0.393439,0.923077,0.537610,0.234375,0.043367
13,199,0.076923,0.028571,0.351344,0.293377,0.923077,0.643587,0.187500,0.036385
13,200,0.076923,0.028571,0.000000,0.185628,0.923077,0.840587,0.218750,0.000000
13,201,0.076923,0.028571,0.000000,0.058215,0.923077,0.950006,0.250000,0.000000
13,202,0.076923,0.028571,0.298646,0.099540,0.923077,0.825719,0.171875,0.030928
13,203,0.076923,0.028571,0.000000,0.000000,0.923077,1.000000,0.156250,0.000000
13,204,0.076923,0.028571,0.000000,0.000000,0.923077,1.000000,0.312500,0.000000
13,205,0.076923,0.028571,0.000000,0.261612,0.923077,0.775333,0.218750,0.000000
13,206,0.076923,0.028571,0.000000,0.180061,0.923077,0.845367,0.187500,0.000000
13,207,0.076923,0.028571,0.000000,0.000000,0.923077,1.000000,0.187500,0.000000
13,208,0.076923,0.028571,0.000000,0.425348,0.923077,0.634719,0.187500,0.000000
13,209,0.076923,0.028571,0.259935,0.237701,0.923077,0.718579,0.218750,0.051987
13,210,0.076923,0.028571,0.000000,0.114826,0.923077,0.901390,0.156250,0.000000
13,211,0.076923,0.028571,0.000000,0.425348,0.923077,0.634719,0.203125,0.000000
13,212,0.038462,0.021429,0.004257,0.154867,0.961538,0.865738,0.187500,0.000851
13,213,0.038462,0.021429,0.000000,0.000000,0.961538,1.000000,0.203125,0.000000
13,214,0.038462,0.021429,0.000000,0.154867,0.961538,0.867004,0.218750,0.000000
13,215,0.038462,0.021429,0.000000,0.000000,0.961538,1.000000,0.234375,0.000000
13,216,0.038462,0.021429,0.000000,0.039791,0.961538,0.965828,0.187500,0.000000
13,217,0.038462,0.021429,0.000000,0.019140,0.961538,0.983563,0.203125,0.000000
13,218,0.038462,0.021429,0.000000,0.185628,0.961538,0.840587,0.218750,0.000000
13,219,0.038462,0.021429,0.000000,0.000000,0.961538,1.000000,0.234375,0.000000
13,220,0.038462,0.021429,0.000000,0.039791,0.961538,0.965828,0.203125,0.000000
13,221,0.038462,0.021429,0.000000,0.019140,0.961538,0.983563,0.203125,0.000000
13,222,0.038462,0.021429,0.000000,0.185628,0.961538,0.840587,0.218750,0.000000
13,223,0.346154,0.078571,0.000000,0.178659,0.653846,0.846571,0.156250,0.000000
13,224,0.019231,0.017857,0.000000,0.047030,0.980769,0.959612,0.437500,0.000000
13,225,0.019231,0.017857,0.000000,0.026853,0.980769,0.976939,0.406250,0.000000
13,226,0.019231,0.017857,0.000000,0.132958,0.980769,0.885819,0.468750,0.000000
13,227,0.019231,0.017857,0.000000,0.000000,0.980769,1.000000,0.406250,0.000000
13,228,0.019231,0.017857,0.000000,0.000000,0.980769,1.000000,0.453125,0.000000
13,229,0.019231,0.017857,0.000000,0.120835,0.980769,0.896229,0.359375,0.000000
13,230,0.019231,0.017857,0.000000,0.208124,0.980769,0.821267,0.468750,0.000000
13,231,0.019231,0.017857,0.000000,0.035231,0.980769,0.969744,0.406250,0.000000
13,232,0.019231,0.017857,0.000000,0.013888,0.980769,0.988073,0.421875,0.000000
13,233,0.019231,0.017857,0.000000,0.107871,0.980769,0.907363,0.390625,0.000000
13,234,0.019231,0.017857,0.000000,0.157428,0.980769,0.864804,0.406250,0.000000
13,235,0.019231,0.017857,0.000000,0.149339,0.980769,0.871751,0.421875,0.000000
13,236,0.019231,0.017857,0.000000,0.026853,0.980769,0.976939,0.406250,0.000000
13,237,0.019231,0.017857,0.000000,0.225022,0.980769,0.806755,0.421875,0.000000
13,238,0.019231,0.017857,0.000000,0.000000,0.980769,1.000000,0.421875,0.000000
13,239,0.019231,0.017857,0.000000,0.011204,0.980769,0.990379,0.453125,0.000000
13,240,0.019231,0.017857,0.000000,0.198147,0.980769,0.829835,0.375000,0.000000
13,241,0.019231,0.017857,0.000000,0.330730,0.980769,0.715976,0.375000,0.000000
13,242,0.019231,0.017857,0.000000,0.144988,0.980769,0.875487,0.468750,0.000000
13,243,0.019231,0.017857,0.000000,0.013888,0.980769,0.988073,0.468750,0.000000
13,244,0.019231,0.017857,0.000000,0.185183,0.980769,0.840969,0.421875,0.000000
13,245,0.019231,0.017857,0.000000,0.388830,0.980769,0.666081,0.390625,0.000000
13,246,0.019231,0.017857,0.000000,0.103400,0.980769,0.911202,0.406250,0.000000
13,247,0.019231,0.017857,0.000000,0.000000,0.980769,1.000000,0.359375,0.000000
13,248,0.019231,0.017857,0.000000,0.103400,0.980769,0.911202,0.437500,0.000000
13,249,0.019231,0.017857,0.000000,0.000000,0.980769,1.000000,0.375000,0.000000
13,250,0.019231,0.017857,0.000000,0.000000,0.980769,1.000000,0.406250,0.000000
13,251,0.019231,0.017857,0.000000,0.000000,0.980769,1.000000,0.390625,0.000000
13,252,0.019231,0.017857,0.232566,0.000000,0.980769,0.930850,0.453125,0.024085
13,253,0.019231,0.017857,0.000000,0.125228,0.980769,0.892456,0.406250,0.000000
13,254,0.019231,0.017857,0.000000,0.000000,0.980769,1.000000,0.406250,0.000000
13,255,0.019231,0.017857,0.000000,0.000000,0.980769,1.000000,0.390625,0.000000
13,256,0.019231,0.017857,0.099080,0.125228,0.980769,0.862996,0.453125,0.010261
13,257,0.019231,0.017857,0.000000,0.102309,0.980769,0.912139,0.468750,0.000000
13,258,0.019231,0.017857,0.000000,0.001474,0.980769,0.998734,0.421875,0.000000
13,259,0.019231,0.017857,0.000000,0.092065,0.980769,0.920937,0.437500,0.000000
13,260,0.019231,0.017857,0.000000,0.001474,0.980769,0.998734,0.453125,0.000000
13,261,0.019231,0.017857,0.000000,0.011204,0.980769,0.990379,0.421875,0.000000
13,262,0.019231,0.017857,0.000000,0.077312,0.980769,0.933606,0.406250,0.000000
13,263,0.019231,0.017857,0.000000,0.122605,0.980769,0.894709,0.359375,0.000000
13,264,0.019231,0.017857,0.000000,0.144988,0.980769,0.875487,0.453125,0.000000
13,265,0.019231,0.017857,0.000000,0.000000,0.980769,1.000000,0.453125,0.000000
13,266,0.019231,0.017857,0.000000,0.077312,0.980769,0.933606,0.484375,0.000000
13,267,0.019231,0.017857,0.000000,0.266634,0.980769,0.771020,0.375000,0.000000
13,268,0.000000,0.014286,0.000000,0.103400,1.000000,0.911202,0.406250,0.000000
13,269,0.000000,0.014286,0.000000,0.000000,1.000000,1.000000,0.406250,0.000000
13,270,0.000000,0.014286,0.000000,0.103400,1.000000,0.911202,0.421875,0.000000
13,271,0.000000,0.014286,0.000000,0.000000,1.000000,1.000000,0.390625,0.000000
13,272,0.000000,0.014286,0.000000,0.000000,1.000000,1.000000,0.421875,0.000000
13,273,0.000000,0.014286,0.000000,0.000000,1.000000,1.000000,0.468750,0.000000
13,274,0.000000,0.014286,0.000000,0.000000,1.000000,1.000000,0.406250,0.000000
13,275,0.000000,0.014286,0.000000,0.089997,1.000000,0.922712,0.468750,0.000000
13,276,0.000000,0.014286,0.000000,0.000000,1.000000,1.000000,0.421875,0.000000
13,277,0.000000,0.014286,0.000000,0.000000,1.000000,1.000000,0.421875,0.000000
13,278,0.000000,0.014286,0.000000,0.089997,1.000000,0.922712,0.437500,0.000000
13,279,0.153846,0.042857,0.000000,0.001474,0.846154,0.998734,0.328125,0.000000
13,280,1.000000,0.200000,0.000000,0.114826,0.000000,0.901390,0.156250,0.000000
14,0,0.076923,0.028571,0.176904,0.164617,0.923077,0.816056,0.415385,0.035381
14,1,0.076923,0.028571,0.000000,0.070070,0.923077,0.945080,0.230769,0.000000
14,2,0.076923,0.028571,0.000000,0.000000,0.923077,1.000000,0.461538,0.000000
14,3,0.076923,0.028571,0.000000,0.119590,0.923077,0.906267,0.184615,0.000000
14,4,0.076923,0.028571,0.000000,0.164617,0.923077,0.870976,0.415385,0.000000
14,5,0.076923,0.028571,0.000000,0.000000,0.923077,1.000000,0.215385,0.000000
14,6,0.076923,0.028571,0.000000,0.312264,0.923077,0.755252,0.476923,0.000000
14,7,0.076923,0.028571,0.000000,0.049521,0.923077,0.961186,0.261538,0.000000
14,8,0.076923,0.028571,0.000000,0.287772,0.923077,0.774449,0.353846,0.000000
14,9,0.076923,0.028571,0.000000,0.287772,0.923077,0.774449,0.261538,0.000000
14,10,0.076923,0.028571,0.000000,0.312264,0.923077,0.755252,0.292308,0.000000
14,11,0.076923,0.028571,0.000000,0.030251,0.923077,0.976290,0.369231,0.000000
14,12,0.076923,0.028571,0.000000,0.070070,0.923077,0.945080,0.184615,0.000000
14,13,0.076923,0.028571,0.000000,0.030251,0.923077,0.976290,0.369231,0.000000
14,14,0.076923,0.028571,0.000000,0.150485,0.923077,0.882052,0.215385,0.000000
14,15,0.076923,0.028571,0.000000,0.000000,0.923077,1.000000,0.400000,0.000000
14,16,0.076923,0.028571,0.000000,0.356340,0.923077,0.720706,0.184615,0.000000
14,17,0.076923,0.028571,0.000000,0.000000,0.923077,1.000000,0.384615,0.000000
14,18,0.076923,0.028571,0.000000,0.080415,0.923077,0.936972,0.261538,0.000000
14,19,0.076923,0.028571,0.000000,0.000000,0.923077,1.000000,0.338462,0.000000
14,20,0.076923,0.028571,0.788368,0.356340,0.923077,0.475959,0.246154,0.060635
14,21,0.076923,0.028571,0.000000,0.000000,0.923077,1.000000,0.246154,0.000000
14,22,0.076923,0.028571,0.000000,0.206511,0.923077,0.838140,0.369231,0.000000
14,23,0.076923,0.028571,0.076373,0.249071,0.923077,0.781072,0.200000,0.015275
14,24,0.076923,0.028571,0.000000,0.058560,0.923077,0.954101,0.415385,0.000000
14,25,0.076923,0.028571,0.000000,0.422568,0.923077,0.668798,0.184615,0.000000
14,26,0.076923,0.028571,0.077998,0.346862,0.923077,0.703920,0.369231,0.015600
14,27,0.076923,0.028571,0.000000,0.328150,0.923077,0.742801,0.200000,0.000000
14,28,0.076923,0.028571,0.000000,0.778469,0.923077,0.389848,0.415385,0.000000
14,29,0.076923,0.028571,0.000000,0.537434,0.923077,0.578767,0.200000,0.000000
14,30,0.076923,0.028571,0.000000,0.634584,0.923077,0.502623,0.369231,0.000000
14,31,0.076923,0.028571,0.000000,0.606776,0.923077,0.524418,0.200000,0.000000
14,32,0.076923,0.028571,0.000000,0.868239,0.923077,0.319488,0.261538,0.000000
14,33,0.076923,0.028571,0.084486,0.209296,0.923077,0.809729,0.276923,0.006498
14,34,0.076923,0.028571,0.000000,0.000000,0.923077,1.000000,0.184615,0.000000
14,35,0.076923,0.028571,0.544339,0.209296,0.923077,0.666968,0.246154,0.041866
14,36,0.076923,0.028571,0.105771,0.426983,0.923077,0.632501,0.184615,0.021154
14,37,0.076923,0.028571,0.000000,0.000000,0.923077,1.000000,0.307692,0.000000
14,38,0.076923,0.028571,0.147846,0.356340,0.923077,0.674808,0.276923,0.011371
14,39,0.076923,0.028571,0.000000,0.000000,0.923077,1.000000,0.261538,0.000000
14,40,0.076923,0.028571,0.000000,0.426983,0.923077,0.665337,0.200000,0.000000
14,41,0.076923,0.028571,0.000000,0.000000,0.923077,1.000000,0.200000,0.000000
14,42,0.076923,0.028571,0.800600,0.356340,0.923077,0.472161,0.169231,0.061576
14,43,0.076923,0.028571,0.000000,0.000000,0.923077,1.000000,0.184615,0.000000
14,44,0.038462,0.021429,0.000000,0.381213,0.961538,0.701211,0.338462,0.000000
14,45,0.038462,0.021429,0.452032,0.588389,0.961538,0.398497,0.400000,0.090406
14,46,0.038462,0.021429,0.000000,0.397879,0.961538,0.688149,0.353846,0.000000
14,47,0.038462,0.021429,0.000000,0.761886,0.961538,0.402845,0.384615,0.000000
14,48,0.038462,0.021429,1.000000,0.521564,0.961538,0.280758,0.400000,0.076912
14,49,0.038462,0.021429,0.000000,0.667468,0.961538,0.476849,0.400000,0.000000
14,50,0.038462,0.021429,0.000000,0.805523,0.961538,0.368643,0.353846,0.000000
14,51,0.038462,0.021429,0.000000,0.876753,0.961538,0.312815,0.353846,0.000000
14,52,0.038462,0.021429,0.000000,0.686131,0.961538,0.462221,0.384615,0.000000
14,53,0.038462,0.021429,0.000000,0.658323,0.961538,0.484017,0.323077,0.000000
14,54,0.038462,0.021429,0.000000,0.895294,0.961538,0.298283,0.369231,0.000000
14,55,0.346154,0.078571,0.346485,0.575134,0.653846,0.441654,0.261538,0.069297
14,56,0.076923,0.028571,0.000000,0.000000,0.923077,1.000000,0.430769,0.000000
14,57,0.076923,0.028571,0.000000,0.070070,0.923077,0.945080,0.246154,0.000000
14,58,0.076923,0.028571,0.000000,0.000000,0.923077,1.000000,0.415385,0.000000
14,59,0.076923,0.028571,0.000000,0.070070,0.923077,0.945080,0.230769,0.000000
14,60,0.076923,0.028571,0.125024,0.112169,0.923077,0.873270,0.400000,0.025005
14,61,0.076923,0.028571,0.000000,0.000000,0.923077,1.000000,0.200000,0.000000
14,62,0.076923,0.028571,0.000000,0.516931,0.923077,0.594837,0.369231,0.000000
14,63,0.076923,0.028571,0.000000,0.000000,0.923077,1.000000,0.246154,0.000000
14,64,0.076923,0.028571,0.000000,0.578230,0.923077,0.546792,0.292308,0.000000
14,65,0.076923,0.028571,0.000000,0.466061,0.923077,0.634709,0.200000,0.000000
14,66,0.076923,0.028571,0.000000,0.516931,0.923077,0.594837,0.261538,0.000000
14,67,0.076923,0.028571,0.000000,0.148101,0.923077,0.883921,0.384615,0.000000
14,68,0.076923,0.028571,0.000000,0.070070,0.923077,0.945080,0.200000,0.000000
14,69,0.076923,0.028571,0.000000,0.030251,0.923077,0.976290,0.369231,0.000000
14,70,0.076923,0.028571,0.415605,0.100964,0.923077,0.791842,0.200000,0.031965
14,71,0.076923,0.028571,0.000000,0.238576,0.923077,0.813007,0.400000,0.000000
14,72,0.076923,0.028571,0.000000,0.000000,0.923077,1.000000,0.215385,0.000000
14,73,0.076923,0.028571,0.000000,0.000000,0.923077,1.000000,0.353846,0.000000
14,74,0.076923,0.028571,0.000000,0.230307,0.923077,0.819489,0.292308,0.000000
14,75,0.076923,0.028571,0.000000,0.286318,0.923077,0.775588,0.323077,0.000000
14,76,0.076923,0.028571,0.000000,0.165592,0.923077,0.870212,0.200000,0.000000
14,77,0.076923,0.028571,0.726533,0.199413,0.923077,0.618152,0.292308,0.055879
14,78,0.076923,0.028571,0.000000,0.464469,0.923077,0.635956,0.400000,0.000000
14,79,0.076923,0.028571,0.000000,0.249071,0.923077,0.804782,0.230769,0.000000
14,80,0.076923,0.028571,0.000000,0.219452,0.923077,0.827997,0.415385,0.000000
14,81,0.076923,0.028571,0.000000,0.033464,0.923077,0.973771,0.230769,0.000000
14,82,0.076923,0.028571,0.000000,0.453151,0.923077,0.644827,0.323077,0.000000
14,83,0.076923,0.028571,0.000000,0.215606,0.923077,0.831011,0.215385,0.000000
14,84,0.076923,0.028571,0.899647,0.919521,0.923077,0.000000,0.400000,0.179929
14,85,0.076923,0.028571,0.000000,0.000000,0.923077,1.000000,0.261538,0.000000
14,86,0.076923,0.028571,0.000000,0.423123,0.923077,0.668363,0.323077,0.000000
14,87,0.076923,0.028571,0.000000,0.300469,0.923077,0.764497,0.215385,0.000000
14,88,0.076923,0.028571,0.000000,0.834040,0.923077,0.346292,0.292308,0.000000
14,89,0.076923,0.028571,0.000000,0.403352,0.923077,0.683859,0.215385,0.000000
14,90,0.076923,0.028571,0.000000,0.175387,0.923077,0.862534,0.215385,0.000000
14,91,0.076923,0.028571,0.000000,0.285501,0.923077,0.776229,0.215385,0.000000
14,92,0.076923,0.028571,0.000000,0.426983,0.923077,0.665337,0.215385,0.000000
14,93,0.076923,0.028571,0.982365,0.238576,0.923077,0.508034,0.215385,0.075556
14,94,0.076923,0.028571,0.000000,0.175387,0.923077,0.862534,0.153846,0.000000
14,95,0.076923,0.028571,0.284137,0.000000,0.923077,0.911790,0.246154,0.021854
14,96,0.076923,0.028571,0.354343,0.799669,0.923077,0.263226,0.200000,0.070869
14,97,0.076923,0.028571,0.374488,0.120726,0.923077,0.789118,0.184615,0.028803
14,98,0.076923,0.028571,0.228575,0.000000,0.923077,0.929039,0.292308,0.017580
14,99,0.076923,0.028571,0.521249,0.372686,0.923077,0.546073,0.276923,0.040091
14,100,0.038462,0.021429,0.000000,0.601708,0.961538,0.528391,0.415385,0.000000
14,101,0.038462,0.021429,0.000000,0.386309,0.961538,0.697217,0.353846,0.000000
14,102,0.038462,0.021429,0.000000,0.356691,0.961538,0.720431,0.353846,0.000000
14,103,0.038462,0.021429,0.000000,0.170703,0.961538,0.866206,0.400000,0.000000
14,104,0.038462,0.021429,0.000000,0.478221,0.961538,0.625178,0.353846,0.000000
14,105,0.038462,0.021429,0.000000,0.352845,0.961538,0.723445,0.415385,0.000000
14,106,0.038462,0.021429,0.000000,0.539828,0.961538,0.576891,0.353846,0.000000
14,107,0.038462,0.021429,0.000000,0.137239,0.961538,0.892434,0.400000,0.000000
14,108,0.038462,0.021429,0.000000,0.147724,0.961538,0.884216,0.353846,0.000000
14,109,0.038462,0.021429,0.000000,0.137239,0.961538,0.892434,0.415385,0.000000
14,110,0.038462,0.021429,0.000000,0.454348,0.961538,0.643889,0.415385,0.000000
14,111,0.346154,0.078571,0.510188,1.000000,0.653846,0.057829,0.261538,0.102038
14,112,0.076923,0.028571,0.000000,0.225009,0.923077,0.823642,0.369231,0.000000
14,113,0.076923,0.028571,0.000000,0.000000,0.923077,1.000000,0.230769,0.000000
14,114,0.076923,0.028571,0.000000,0.143580,0.923077,0.887464,0.430769,0.000000
14,115,0.076923,0.028571,0.000000,0.049521,0.923077,0.961186,0.246154,0.000000
14,116,0.076923,0.028571,0.000000,0.225009,0.923077,0.823642,0.384615,0.000000
14,117,0.076923,0.028571,0.000000,0.070056,0.923077,0.945092,0.230769,0.000000
14,118,0.076923,0.028571,0.000000,0.215813,0.923077,0.830849,0.400000,0.000000
14,119,0.076923,0.028571,0.000000,0.217188,0.923077,0.829771,0.230769,0.000000
14,120,0.076923,0.028571,0.000000,0.370321,0.923077,0.709748,0.292308,0.000000
14,121,0.076923,0.028571,0.000000,0.440377,0.923077,0.654840,0.200000,0.000000
14,122,0.076923,0.028571,0.418068,0.239900,0.923077,0.682181,0.246154,0.032155
14,123,0.076923,0.028571,0.000000,0.173719,0.923077,0.863841,0.353846,0.000000
14,124,0.076923,0.028571,0.000000,0.000000,0.923077,1.000000,0.169231,0.000000
14,125,0.076923,0.028571,0.000000,0.316456,0.923077,0.751967,0.353846,0.000000
14,126,0.076923,0.028571,0.000000,0.049521,0.923077,0.961186,0.215385,0.000000
14,127,0.076923,0.028571,0.000000,0.023684,0.923077,0.981437,0.400000,0.000000
14,128,0.076923,0.028571,0.000000,0.461267,0.923077,0.638466,0.184615,0.000000
14,129,0.076923,0.028571,0.000000,0.238653,0.923077,0.812947,0.338462,0.000000
14,130,0.076923,0.028571,0.283191,0.217791,0.923077,0.741383,0.276923,0.021781
14,131,0.076923,0.028571,0.000000,0.000000,0.923077,1.000000,0.369231,0.000000
14,132,0.076923,0.028571,0.516722,0.461267,0.923077,0.478051,0.184615,0.039742
14,133,0.076923,0.028571,0.758590,0.240503,0.923077,0.575994,0.230769,0.058345
14,134,0.076923,0.028571,0.000000,0.257861,0.923077,0.797893,0.338462,0.000000
14,135,0.076923,0.028571,0.000000,0.000000,0.923077,1.000000,0.215385,0.000000
14,136,0.076923,0.028571,0.000000,0.032852,0.923077,0.974251,0.415385,0.000000
14,137,0.076923,0.028571,0.297536,0.407690,0.923077,0.588089,0.200000,0.059507
14,138,0.076923,0.028571,0.000000,0.365360,0.923077,0.713637,0.307692,0.000000
14,139,0.076923,0.028571,0.000000,0.182599,0.923077,0.856882,0.230769,0.000000
14,140,0.076923,0.028571,0.000000,0.090536,0.923077,0.929039,0.353846,0.000000
14,141,0.076923,0.028571,0.304795,0.746030,0.923077,0.320650,0.261538,0.060959
14,142,0.076923,0.028571,0.503456,0.717133,0.923077,0.281625,0.323077,0.100691
14,143,0.076923,0.028571,0.000000,0.759381,0.923077,0.404809,0.200000,0.000000
14,144,0.076923,0.028571,0.000000,0.428876,0.923077,0.663854,0.307692,0.000000
14,145,0.076923,0.028571,0.000000,0.173719,0.923077,0.863841,0.215385,0.000000
14,146,0.076923,0.028571,0.338236,0.000000,0.923077,0.894995,0.307692,0.026015
14,147,0.076923,0.028571,0.000000,0.172875,0.923077,0.864503,0.215385,0.000000
14,148,0.076923,0.028571,0.728632,0.000000,0.923077,0.773797,0.246154,0.056041
14,149,0.076923,0.028571,0.000000,0.023684,0.923077,0.981437,0.246154,0.000000
14,150,0.076923,0.028571,0.067966,0.461267,0.923077,0.617366,0.261538,0.005227
14,151,0.076923,0.028571,0.000000,0.022840,0.923077,0.982099,0.215385,0.000000
14,152,0.076923,0.028571,0.026471,0.168270,0.923077,0.859895,0.338462,0.002036
14,153,0.076923,0.028571,0.000000,0.000000,0.923077,1.000000,0.215385,0.000000
14,154,0.076923,0.028571,0.000000,0.461267,0.923077,0.638466,0.200000,0.000000
14,155,0.076923,0.028571,0.000000,0.168270,0.923077,0.868112,0.184615,0.000000
14,156,0.038462,0.021429,0.000000,0.234932,0.961538,0.815864,0.369231,0.000000
14,157,0.038462,0.021429,0.192396,0.202080,0.961538,0.781884,0.384615,0.014798
14,158,0.038462,0.021429,0.442798,0.234932,0.961538,0.678398,0.400000,0.034057
14,159,0.038462,0.021429,0.000000,0.609770,0.961538,0.522072,0.384615,0.000000
14,160,0.038462,0.021429,0.000000,0.342431,0.961538,0.731608,0.338462,0.000000
14,161,0.038462,0.021429,0.000000,0.314623,0.961538,0.753403,0.415385,0.000000
14,162,0.038462,0.021429,0.000000,0.292615,0.961538,0.770653,0.369231,0.000000
14,163,0.038462,0.021429,0.000000,0.780442,0.961538,0.388301,0.446154,0.000000
14,164,0.038462,0.021429,0.437461,0.548892,0.961538,0.433978,0.369231,0.087492
14,165,0.038462,0.021429,0.000000,0.521084,0.961538,0.591582,0.369231,0.000000
14,166,0.038462,0.021429,0.000000,0.463288,0.961538,0.636882,0.430769,0.000000
14,167,0.346154,0.078571,0.000000,0.000000,0.653846,1.000000,0.246154,0.000000
14,168,0.076923,0.028571,0.000000,0.000000,0.923077,1.000000,0.184615,0.000000
14,169,0.076923,0.028571,0.000000,0.000000,0.923077,1.000000,0.276923,0.000000
14,170,0.076923,0.028571,0.000000,0.000000,0.923077,1.000000,0.246154,0.000000
14,171,0.076923,0.028571,0.000000,0.000000,0.923077,1.000000,0.230769,0.000000
14,172,0.076923,0.028571,0.000000,0.112169,0.923077,0.912084,0.153846,0.000000
14,173,0.076923,0.028571,0.362495,0.000000,0.923077,0.887464,0.215385,0.027880
14,174,0.076923,0.028571,0.000000,0.204668,0.923077,0.839585,0.261538,0.000000
14,175,0.076923,0.028571,0.000000,0.000000,0.923077,1.000000,0.200000,0.000000
14,176,0.076923,0.028571,0.000000,0.578230,0.923077,0.546792,0.215385,0.000000
14,177,0.076923,0.028571,0.182366,0.466061,0.923077,0.578093,0.261538,0.036473
14,178,0.076923,0.028571,0.000000,0.204668,0.923077,0.839585,0.246154,0.000000
14,179,0.076923,0.028571,0.000000,0.117851,0.923077,0.907631,0.169231,0.000000
14,180,0.076923,0.028571,0.000000,0.000000,0.923077,1.000000,0.261538,0.000000
14,181,0.076923,0.028571,0.000000,0.000000,0.923077,1.000000,0.184615,0.000000
14,182,0.076923,0.028571,0.152471,0.000000,0.923077,0.952666,0.292308,0.011727
14,183,0.076923,0.028571,0.000000,0.238576,0.923077,0.813007,0.169231,0.000000
14,184,0.076923,0.028571,0.000000,0.211455,0.923077,0.834265,0.200000,0.000000
14,185,0.076923,0.028571,0.176868,0.000000,0.923077,0.945092,0.261538,0.013603
14,186,0.076923,0.028571,0.000000,0.199413,0.923077,0.843703,0.215385,0.000000
14,187,0.076923,0.028571,0.423308,0.426088,0.923077,0.534624,0.200000,0.084662
14,188,0.076923,0.028571,0.000000,0.516817,0.923077,0.594927,0.200000,0.000000
14,189,0.076923,0.028571,0.208412,0.199413,0.923077,0.779002,0.230769,0.016029
14,190,0.076923,0.028571,0.000000,0.422575,0.923077,0.668793,0.169231,0.000000
14,191,0.076923,0.028571,0.378793,0.000000,0.923077,0.882404,0.276923,0.029134
14,192,0.076923,0.028571,0.000000,0.160892,0.923077,0.873895,0.200000,0.000000
14,193,0.076923,0.028571,0.059794,0.000000,0.923077,0.981437,0.261538,0.004599
14,194,0.076923,0.028571,0.000000,0.411257,0.923077,0.677663,0.169231,0.000000
14,195,0.076923,0.028571,0.057663,0.000000,0.923077,0.982099,0.246154,0.004435
14,196,0.076923,0.028571,0.264908,0.231588,0.923077,0.736245,0.261538,0.052982
14,197,0.076923,0.028571,0.000000,0.000000,0.923077,1.000000,0.230769,0.000000
14,198,0.076923,0.028571,0.424830,0.423123,0.923077,0.536475,0.246154,0.084966
14,199,0.076923,0.028571,0.000000,0.300469,0.923077,0.764497,0.200000,0.000000
14,200,0.076923,0.028571,0.000000,0.204668,0.923077,0.839585,0.215385,0.000000
14,201,0.076923,0.028571,0.000000,0.194056,0.923077,0.847902,0.246154,0.000000
14,202,0.076923,0.028571,0.082942,0.175387,0.923077,0.836785,0.184615,0.016588
14,203,0.076923,0.028571,0.000000,0.076206,0.923077,0.940271,0.153846,0.000000
14,204,0.076923,0.028571,0.000000,0.000000,0.923077,1.000000,0.307692,0.000000
14,205,0.076923,0.028571,0.046926,0.238576,0.923077,0.798439,0.215385,0.003609
14,206,0.076923,0.028571,0.000000,0.386842,0.923077,0.696799,0.184615,0.000000
14,207,0.076923,0.028571,0.000000,0.000000,0.923077,1.000000,0.184615,0.000000
14,208,0.076923,0.028571,0.000000,0.372686,0.923077,0.707894,0.184615,0.000000
14,209,0.076923,0.028571,0.056406,0.260496,0.923077,0.778316,0.215385,0.011281
14,210,0.076923,0.028571,0.000000,0.351225,0.923077,0.724715,0.153846,0.000000
14,211,0.076923,0.028571,0.000000,0.372686,0.923077,0.707894,0.200000,0.000000
14,212,0.038462,0.021429,0.000000,0.422575,0.961538,0.668793,0.184615,0.000000
14,213,0.038462,0.021429,0.000000,0.000000,0.961538,1.000000,0.200000,0.000000
14,214,0.038462,0.021429,0.000000,0.160892,0.961538,0.873895,0.215385,0.000000
14,215,0.038462,0.021429,0.000000,0.000000,0.961538,1.000000,0.230769,0.000000
14,216,0.038462,0.021429,0.000000,0.299088,0.961538,0.765580,0.184615,0.000000
14,217,0.038462,0.021429,0.000000,0.000000,0.961538,1.000000,0.200000,0.000000
14,218,0.038462,0.021429,0.000000,0.026921,0.961538,0.978900,0.215385,0.000000
14,219,0.038462,0.021429,0.000000,0.000000,0.961538,1.000000,0.230769,0.000000
14,220,0.038462,0.021429,0.000000,0.010485,0.961538,0.991782,0.200000,0.000000
14,221,0.038462,0.021429,0.000000,0.000000,0.961538,1.000000,0.200000,0.000000
14,222,0.038462,0.021429,0.000000,0.000000,0.961538,1.000000,0.215385,0.000000
14,223,0.346154,0.078571,0.000000,0.424866,0.653846,0.666996,0.153846,0.000000
14,224,0.019231,0.017857,0.000000,0.060392,0.980769,0.952666,0.430769,0.000000
14,225,0.019231,0.017857,0.000000,0.000000,0.980769,1.000000,0.400000,0.000000
14,226,0.019231,0.017857,0.000000,0.143580,0.980769,0.887464,0.461538,0.000000
14,227,0.019231,0.017857,0.000000,0.000000,0.980769,1.000000,0.400000,0.000000
14,228,0.019231,0.017857,0.000000,0.060392,0.980769,0.952666,0.446154,0.000000
14,229,0.019231,0.017857,0.000000,0.070056,0.980769,0.945092,0.353846,0.000000
14,230,0.019231,0.017857,0.000000,0.215813,0.980769,0.830849,0.461538,0.000000
14,231,0.019231,0.017857,0.000000,0.167667,0.980769,0.868585,0.400000,0.000000
14,232,0.019231,0.017857,0.000000,0.082550,0.980769,0.935299,0.415385,0.000000
14,233,0.019231,0.017857,0.000000,0.152605,0.980769,0.880390,0.384615,0.000000
14,234,0.019231,0.017857,0.000000,0.239900,0.980769,0.811970,0.400000,0.000000
14,235,0.019231,0.017857,0.000000,0.173719,0.980769,0.863841,0.415385,0.000000
14,236,0.019231,0.017857,0.000000,0.000000,0.980769,1.000000,0.400000,0.000000
14,237,0.019231,0.017857,0.000000,0.316456,0.980769,0.751967,0.415385,0.000000
14,238,0.019231,0.017857,0.000000,0.000000,0.980769,1.000000,0.415385,0.000000
14,239,0.019231,0.017857,0.000000,0.023684,0.980769,0.981437,0.446154,0.000000
14,240,0.019231,0.017857,0.000000,0.104927,0.980769,0.917760,0.369231,0.000000
14,241,0.019231,0.017857,0.000000,0.238653,0.980769,0.812947,0.369231,0.000000
14,242,0.019231,0.017857,0.000000,0.168270,0.980769,0.868112,0.461538,0.000000
14,243,0.019231,0.017857,0.000000,0.000000,0.980769,1.000000,0.461538,0.000000
14,244,0.019231,0.017857,0.000000,0.104927,0.980769,0.917760,0.415385,0.000000
14,245,0.019231,0.017857,0.000000,0.240503,0.980769,0.811497,0.384615,0.000000
14,246,0.019231,0.017857,0.000000,0.093244,0.980769,0.926916,0.400000,0.000000
14,247,0.019231,0.017857,0.000000,0.000000,0.980769,1.000000,0.353846,0.000000
14,248,0.019231,0.017857,0.000000,0.032852,0.980769,0.974251,0.430769,0.000000
14,249,0.019231,0.017857,0.000000,0.018587,0.980769,0.985432,0.369231,0.000000
14,250,0.019231,0.017857,0.000000,0.060392,0.980769,0.952666,0.400000,0.000000
14,251,0.019231,0.017857,0.000000,0.070056,0.980769,0.945092,0.384615,0.000000
14,252,0.019231,0.017857,0.533858,0.000000,0.980769,0.834265,0.461538,0.041060
14,253,0.019231,0.017857,0.000000,0.208596,0.980769,0.836506,0.400000,0.000000
14,254,0.019231,0.017857,0.000000,0.082550,0.980769,0.935299,0.400000,0.000000
14,255,0.019231,0.017857,0.000000,0.152605,0.980769,0.880390,0.384615,0.000000
14,256,0.019231,0.017857,0.352875,0.190009,0.980769,0.741524,0.461538,0.027140
14,257,0.019231,0.017857,0.000000,0.173719,0.980769,0.863841,0.461538,0.000000
14,258,0.019231,0.017857,0.000000,0.000000,0.980769,1.000000,0.415385,0.000000
14,259,0.019231,0.017857,0.000000,0.172875,0.980769,0.864503,0.430769,0.000000
14,260,0.019231,0.017857,0.000000,0.000000,0.980769,1.000000,0.446154,0.000000
14,261,0.019231,0.017857,0.000000,0.023684,0.980769,0.981437,0.415385,0.000000
14,262,0.019231,0.017857,0.000000,0.104927,0.980769,0.917760,0.400000,0.000000
14,263,0.019231,0.017857,0.000000,0.022840,0.980769,0.982099,0.353846,0.000000
14,264,0.019231,0.017857,0.000000,0.168270,0.980769,0.868112,0.446154,0.000000
14,265,0.019231,0.017857,0.000000,0.000000,0.980769,1.000000,0.446154,0.000000
14,266,0.019231,0.017857,0.000000,0.104927,0.980769,0.917760,0.476923,0.000000
14,267,0.019231,0.017857,0.000000,0.168270,0.980769,0.868112,0.369231,0.000000
14,268,0.000000,0.014286,0.000000,0.032852,1.000000,0.974251,0.400000,0.000000
14,269,0.000000,0.014286,0.000000,0.000000,1.000000,1.000000,0.400000,0.000000
14,270,0.000000,0.014286,0.000000,0.032852,1.000000,0.974251,0.415385,0.000000
14,271,0.000000,0.014286,0.000000,0.018587,1.000000,0.985432,0.384615,0.000000
14,272,0.000000,0.014286,0.000000,0.000000,1.000000,1.000000,0.415385,0.000000
14,273,0.000000,0.014286,0.000000,0.000000,1.000000,1.000000,0.461538,0.000000
14,274,0.000000,0.014286,0.000000,0.000000,1.000000,1.000000,0.400000,0.000000
14,275,0.000000,0.014286,0.000000,0.040929,1.000000,0.967921,0.461538,0.000000
14,276,0.000000,0.014286,0.000000,0.000000,1.000000,1.000000,0.415385,0.000000
14,277,0.000000,0.014286,0.000000,0.000000,1.000000,1.000000,0.415385,0.000000
14,278,0.000000,0.014286,0.000000,0.022342,1.000000,0.982489,0.430769,0.000000
14,279,0.153846,0.042857,0.000000,0.000000,0.846154,1.000000,0.323077,0.000000
14,280,1.000000,0.200000,0.000000,0.351225,0.000000,0.724715,0.153846,0.000000
15,0,0.076923,0.028571,0.060477,0.000000,0.923077,0.985392,0.409091,0.004767
15,1,0.076923,0.028571,0.000000,0.017521,0.923077,0.985392,0.227273,0.000000
15,2,0.076923,0.028571,0.000000,0.000000,0.923077,1.000000,0.454545,0.000000
15,3,0.076923,0.028571,0.000000,0.017521,0.923077,0.985392,0.181818,0.000000
15,4,0.076923,0.028571,0.000000,0.095284,0.923077,0.920555,0.409091,0.000000
15,5,0.076923,0.028571,0.000000,0.000000,0.923077,1.000000,0.212121,0.000000
15,6,0.076923,0.028571,0.000000,0.111948,0.923077,0.906661,0.469697,0.000000
15,7,0.076923,0.028571,0.000000,0.057959,0.923077,0.951676,0.257576,0.000000
15,8,0.076923,0.028571,0.102580,0.294069,0.923077,0.730037,0.348485,0.008085
15,9,0.076923,0.028571,0.186500,0.198785,0.923077,0.789212,0.257576,0.014700
15,10,0.076923,0.028571,0.000000,0.169907,0.923077,0.858337,0.287879,0.000000
15,11,0.076923,0.028571,0.000000,0.276604,0.923077,0.769377,0.363636,0.000000
15,12,0.076923,0.028571,0.000000,0.121614,0.923077,0.898602,0.181818,0.000000
15,13,0.076923,0.028571,0.000000,0.058130,0.923077,0.951533,0.363636,0.000000
15,14,0.076923,0.028571,0.000000,0.362357,0.923077,0.697879,0.212121,0.000000
15,15,0.076923,0.028571,0.000000,0.428297,0.923077,0.642900,0.393939,0.000000
15,16,0.076923,0.028571,0.000000,0.195546,0.923077,0.836961,0.181818,0.000000
15,17,0.076923,0.028571,0.000000,0.054030,0.923077,0.954952,0.378788,0.000000
15,18,0.076923,0.028571,0.000000,0.298702,0.923077,0.750952,0.257576,0.000000
15,19,0.076923,0.028571,0.000000,0.319629,0.923077,0.733504,0.333333,0.000000
15,20,0.076923,0.028571,0.199921,0.305352,0.923077,0.697118,0.257576,0.015757
15,21,0.076923,0.028571,0.000000,0.111989,0.923077,0.906627,0.242424,0.000000
15,22,0.076923,0.028571,0.359308,0.299538,0.923077,0.663466,0.363636,0.028320
15,23,0.076923,0.028571,0.200654,0.103141,0.923077,0.865537,0.196970,0.015815
15,24,0.076923,0.028571,0.000000,0.125532,0.923077,0.895335,0.409091,0.000000
15,25,0.076923,0.028571,0.000000,0.289705,0.923077,0.758454,0.181818,0.000000
15,26,0.076923,0.028571,0.830994,0.594198,0.923077,0.303854,0.363636,0.065498
15,27,0.076923,0.028571,0.000000,0.136732,0.923077,0.885997,0.196970,0.000000
15,28,0.076923,0.028571,0.000000,0.185322,0.923077,0.845484,0.409091,0.000000
15,29,0.076923,0.028571,0.000000,0.320829,0.923077,0.732504,0.196970,0.000000
15,30,0.076923,0.028571,0.000000,0.656787,0.923077,0.452393,0.363636,0.000000
15,31,0.076923,0.028571,0.000000,0.395718,0.923077,0.670064,0.196970,0.000000
15,32,0.076923,0.028571,0.000000,0.090914,0.923077,0.924199,0.257576,0.000000
15,33,0.076923,0.028571,0.000000,0.349910,0.923077,0.708257,0.287879,0.000000
15,34,0.076923,0.028571,0.000000,0.104093,0.923077,0.913211,0.181818,0.000000
15,35,0.076923,0.028571,0.356020,0.131437,0.923077,0.804417,0.257576,0.071204
15,36,0.076923,0.028571,0.210013,0.595420,0.923077,0.452831,0.181818,0.042003
15,37,0.076923,0.028571,1.000000,0.428297,0.923077,0.401354,0.303030,0.200000
15,38,0.076923,0.028571,0.000000,0.195546,0.923077,0.836961,0.287879,0.000000
15,39,0.076923,0.028571,0.115951,0.175900,0.923077,0.825333,0.257576,0.023190
15,40,0.076923,0.028571,0.000000,0.649080,0.923077,0.458819,0.196970,0.000000
15,41,0.076923,0.028571,0.000000,0.209823,0.923077,0.825056,0.196970,0.000000
15,42,0.076923,0.028571,0.006463,0.195546,0.923077,0.835399,0.181818,0.000509
15,43,0.076923,0.028571,0.000000,0.333653,0.923077,0.721811,0.181818,0.000000
15,44,0.038462,0.021429,0.000000,0.656705,0.961538,0.452461,0.333333,0.000000
15,45,0.038462,0.021429,0.253037,0.460307,0.961538,0.555091,0.393939,0.019944
15,46,0.038462,0.021429,0.000000,0.482699,0.961538,0.597542,0.348485,0.000000
15,47,0.038462,0.021429,0.000000,0.646871,0.961538,0.460660,0.378788,0.000000
15,48,0.038462,0.021429,0.864964,0.856081,0.961538,0.077299,0.409091,0.068175
15,49,0.038462,0.021429,0.000000,0.493899,0.961538,0.588204,0.393939,0.000000
15,50,0.038462,0.021429,0.000000,0.484571,0.961538,0.595981,0.348485,0.000000
15,51,0.038462,0.021429,0.000000,0.677995,0.961538,0.434710,0.348485,0.000000
15,52,0.038462,0.021429,0.544530,0.829690,0.961538,0.176703,0.378788,0.042919
15,53,0.038462,0.021429,0.607171,0.663906,0.961538,0.299798,0.318182,0.047856
15,54,0.038462,0.021429,0.000000,0.390163,0.961538,0.674695,0.363636,0.000000
15,55,0.346154,0.078571,0.401117,0.657543,0.653846,0.354874,0.257576,0.080223
15,56,0.076923,0.028571,0.000000,0.040472,0.923077,0.966256,0.424242,0.000000
15,57,0.076923,0.028571,0.000000,0.017521,0.923077,0.985392,0.242424,0.000000
15,58,0.076923,0.028571,0.000000,0.000000,0.923077,1.000000,0.409091,0.000000
15,59,0.076923,0.028571,0.000000,0.017521,0.923077,0.985392,0.227273,0.000000
15,60,0.076923,0.028571,0.000000,0.040472,0.923077,0.966256,0.393939,0.000000
15,61,0.076923,0.028571,0.000000,0.000000,0.923077,1.000000,0.196970,0.000000
15,62,0.076923,0.028571,0.000000,0.299716,0.923077,0.750107,0.363636,0.000000
15,63,0.076923,0.028571,0.000000,0.029718,0.923077,0.975222,0.242424,0.000000
15,64,0.076923,0.028571,0.097482,0.259273,0.923077,0.760280,0.287879,0.019496
15,65,0.076923,0.028571,0.000000,0.259273,0.923077,0.783826,0.196970,0.000000
15,66,0.076923,0.028571,0.379027,0.329434,0.923077,0.633776,0.257576,0.075805
15,67,0.076923,0.028571,0.000000,0.098602,0.923077,0.917789,0.378788,0.000000
15,68,0.076923,0.028571,0.000000,0.121614,0.923077,0.898602,0.196970,0.000000
15,69,0.076923,0.028571,0.000000,0.058130,0.923077,0.951533,0.363636,0.000000
15,70,0.076923,0.028571,0.000000,0.362357,0.923077,0.697879,0.212121,0.000000
15,71,0.076923,0.028571,0.000000,0.115316,0.923077,0.903853,0.393939,0.000000
15,72,0.076923,0.028571,0.000000,0.000000,0.923077,1.000000,0.212121,0.000000
15,73,0.076923,0.028571,0.000000,0.054030,0.923077,0.954952,0.348485,0.000000
15,74,0.076923,0.028571,0.328901,0.413648,0.923077,0.575669,0.287879,0.065780
15,75,0.076923,0.028571,0.000000,0.074845,0.923077,0.937597,0.318182,0.000000
15,76,0.076923,0.028571,0.000000,0.000000,0.923077,1.000000,0.196970,0.000000
15,77,0.076923,0.028571,0.307136,0.226936,0.923077,0.736601,0.303030,0.061427
15,78,0.076923,0.028571,0.000000,0.060842,0.923077,0.949272,0.393939,0.000000
15,79,0.076923,0.028571,0.000000,0.103141,0.923077,0.914005,0.227273,0.000000
15,80,0.076923,0.028571,0.000000,0.092541,0.923077,0.922843,0.409091,0.000000
15,81,0.076923,0.028571,0.754125,0.289705,0.923077,0.576298,0.227273,0.059439
15,82,0.076923,0.028571,0.000000,0.314582,0.923077,0.737712,0.318182,0.000000
15,83,0.076923,0.028571,0.000000,0.136732,0.923077,0.885997,0.212121,0.000000
15,84,0.076923,0.028571,0.674983,0.415202,0.923077,0.490779,0.393939,0.134997
15,85,0.076923,0.028571,0.724265,0.289705,0.923077,0.583510,0.257576,0.057085
15,86,0.076923,0.028571,0.000000,0.513013,0.923077,0.572267,0.318182,0.000000
15,87,0.076923,0.028571,0.000000,0.292865,0.923077,0.755819,0.212121,0.000000
15,88,0.076923,0.028571,0.000000,0.322661,0.923077,0.730976,0.287879,0.000000
15,89,0.076923,0.028571,0.000000,0.148214,0.923077,0.876424,0.212121,0.000000
15,90,0.076923,0.028571,0.000000,0.137901,0.923077,0.885023,0.212121,0.000000
15,91,0.076923,0.028571,0.000000,0.148214,0.923077,0.876424,0.212121,0.000000
15,92,0.076923,0.028571,0.823930,0.595420,0.923077,0.304541,0.212121,0.164786
15,93,0.076923,0.028571,0.000000,0.074845,0.923077,0.937597,0.227273,0.000000
15,94,0.076923,0.028571,0.433311,0.033808,0.923077,0.867148,0.151515,0.034153
15,95,0.076923,0.028571,0.000000,0.175900,0.923077,0.853340,0.257576,0.000000
15,96,0.076923,0.028571,0.688205,1.000000,0.923077,0.000000,0.196970,0.137641
15,97,0.076923,0.028571,0.107434,0.074845,0.923077,0.911647,0.196970,0.008468
15,98,0.076923,0.028571,0.000000,0.000000,0.923077,1.000000,0.303030,0.000000
15,99,0.076923,0.028571,0.942849,0.684573,0.923077,0.201484,0.287879,0.188570
15,100,0.038462,0.021429,0.000000,0.281218,0.961538,0.765530,0.409091,0.000000
15,101,0.038462,0.021429,0.000000,0.323517,0.961538,0.730263,0.348485,0.000000
15,102,0.038462,0.021429,0.000000,0.312917,0.961538,0.739101,0.348485,0.000000
15,103,0.038462,0.021429,0.000000,0.510081,0.961538,0.574712,0.393939,0.000000
15,104,0.038462,0.021429,0.000000,0.534957,0.961538,0.553970,0.348485,0.000000
15,105,0.038462,0.021429,0.000000,0.357108,0.961538,0.702255,0.409091,0.000000
15,106,0.038462,0.021429,0.000000,0.389892,0.961538,0.674921,0.348485,0.000000
15,107,0.038462,0.021429,0.000000,0.510081,0.961538,0.574712,0.393939,0.000000
15,108,0.038462,0.021429,0.000000,0.474116,0.961538,0.604698,0.348485,0.000000
15,109,0.038462,0.021429,0.000000,0.253967,0.961538,0.788251,0.409091,0.000000
15,110,0.038462,0.021429,0.000000,0.297351,0.961538,0.752079,0.409091,0.000000
15,111,0.346154,0.078571,0.831747,0.915861,0.653846,0.035480,0.257576,0.166349
15,112,0.076923,0.028571,0.000000,0.043524,0.923077,0.963711,0.363636,0.000000
15,113,0.076923,0.028571,0.000000,0.000000,0.923077,1.000000,0.227273,0.000000
15,114,0.076923,0.028571,0.000000,0.000000,0.923077,1.000000,0.424242,0.000000
15,115,0.076923,0.028571,0.139701,0.000000,0.923077,0.966256,0.242424,0.011011
15,116,0.076923,0.028571,0.000000,0.138809,0.923077,0.884266,0.378788,0.000000
15,117,0.076923,0.028571,0.000000,0.104170,0.923077,0.913146,0.227273,0.000000
15,118,0.076923,0.028571,0.000000,0.151275,0.923077,0.873872,0.393939,0.000000
15,119,0.076923,0.028571,0.000000,0.095396,0.923077,0.920462,0.227273,0.000000
15,120,0.076923,0.028571,0.000000,0.319524,0.923077,0.733591,0.287879,0.000000
15,121,0.076923,0.028571,0.000000,0.328411,0.923077,0.726182,0.196970,0.000000
15,122,0.076923,0.028571,0.000000,0.246671,0.923077,0.794334,0.257576,0.000000
15,123,0.076923,0.028571,0.000000,0.218474,0.923077,0.817844,0.348485,0.000000
15,124,0.076923,0.028571,0.000000,0.000000,0.923077,1.000000,0.166667,0.000000
15,125,0.076923,0.028571,0.000000,0.000000,0.923077,1.000000,0.348485,0.000000
15,126,0.076923,0.028571,0.000000,0.000000,0.923077,1.000000,0.212121,0.000000
15,127,0.076923,0.028571,0.000000,0.428297,0.923077,0.642900,0.393939,0.000000
15,128,0.076923,0.028571,0.000000,0.195546,0.923077,0.836961,0.181818,0.000000
15,129,0.076923,0.028571,0.000000,0.151275,0.923077,0.873872,0.333333,0.000000
15,130,0.076923,0.028571,0.000000,0.306141,0.923077,0.744750,0.287879,0.000000
15,131,0.076923,0.028571,0.000000,0.319629,0.923077,0.733504,0.363636,0.000000
15,132,0.076923,0.028571,0.648136,0.305352,0.923077,0.588853,0.196970,0.051085
15,133,0.076923,0.028571,0.894958,0.457416,0.923077,0.402448,0.242424,0.070539
15,134,0.076923,0.028571,0.000000,0.282221,0.923077,0.764694,0.333333,0.000000
15,135,0.076923,0.028571,0.000000,0.074345,0.923077,0.938014,0.212121,0.000000
15,136,0.076923,0.028571,0.000000,0.125532,0.923077,0.895335,0.409091,0.000000
15,137,0.076923,0.028571,0.000000,0.074345,0.923077,0.938014,0.196970,0.000000
15,138,0.076923,0.028571,0.000000,0.576881,0.923077,0.519016,0.303030,0.000000
15,139,0.076923,0.028571,0.000000,0.104170,0.923077,0.913146,0.227273,0.000000
15,140,0.076923,0.028571,0.000000,0.125532,0.923077,0.895335,0.348485,0.000000
15,141,0.076923,0.028571,0.258348,0.267694,0.923077,0.714403,0.257576,0.051670
15,142,0.076923,0.028571,0.494254,0.682242,0.923077,0.311784,0.318182,0.038956
15,143,0.076923,0.028571,0.000000,0.491752,0.923077,0.589993,0.196970,0.000000
15,144,0.076923,0.028571,0.000000,0.267694,0.923077,0.776805,0.303030,0.000000
15,145,0.076923,0.028571,0.000000,0.218474,0.923077,0.817844,0.212121,0.000000
15,146,0.076923,0.028571,0.000000,0.044972,0.923077,0.962504,0.318182,0.000000
15,147,0.076923,0.028571,0.000000,0.000000,0.923077,1.000000,0.212121,0.000000
15,148,0.076923,0.028571,0.000000,0.157977,0.923077,0.868284,0.257576,0.000000
15,149,0.076923,0.028571,0.000000,0.428297,0.923077,0.642900,0.242424,0.000000
15,150,0.076923,0.028571,0.319431,0.195546,0.923077,0.759803,0.272727,0.025177
15,151,0.076923,0.028571,0.000000,0.000000,0.923077,1.000000,0.212121,0.000000
15,152,0.076923,0.028571,0.875857,0.390905,0.923077,0.462516,0.348485,0.069034
15,153,0.076923,0.028571,0.000000,0.209823,0.923077,0.825056,0.212121,0.000000
15,154,0.076923,0.028571,0.259239,0.195546,0.923077,0.774342,0.196970,0.020433
15,155,0.076923,0.028571,0.000000,0.277900,0.923077,0.768296,0.181818,0.000000
15,156,0.038462,0.021429,0.000000,0.479658,0.961538,0.600077,0.363636,0.000000
15,157,0.038462,0.021429,0.057914,0.315306,0.961538,0.723120,0.393939,0.011583
15,158,0.038462,0.021429,0.116697,0.366493,0.961538,0.666242,0.409091,0.023339
15,159,0.038462,0.021429,0.000000,0.315306,0.961538,0.737108,0.378788,0.000000
15,160,0.038462,0.021429,0.000000,0.679034,0.961538,0.433844,0.333333,0.000000
15,161,0.038462,0.021429,0.000000,0.240961,0.961538,0.799095,0.409091,0.000000
15,162,0.038462,0.021429,0.000000,0.366493,0.961538,0.694430,0.363636,0.000000
15,163,0.038462,0.021429,0.000000,0.441500,0.961538,0.631892,0.439394,0.000000
15,164,0.038462,0.021429,0.717049,0.713485,0.961538,0.231919,0.363636,0.056517
15,165,0.038462,0.021429,0.000000,0.514109,0.961538,0.571353,0.363636,0.000000
15,166,0.038462,0.021429,0.000000,0.441500,0.961538,0.631892,0.424242,0.000000
15,167,0.346154,0.078571,0.359574,0.157977,0.653846,0.781430,0.242424,0.028341
15,168,0.076923,0.028571,0.000000,0.040472,0.923077,0.966256,0.181818,0.000000
15,169,0.076923,0.028571,0.000000,0.000000,0.923077,1.000000,0.272727,0.000000
15,170,0.076923,0.028571,0.000000,0.000000,0.923077,1.000000,0.242424,0.000000
15,171,0.076923,0.028571,0.000000,0.000000,0.923077,1.000000,0.227273,0.000000
15,172,0.076923,0.028571,0.000000,0.040472,0.923077,0.966256,0.151515,0.000000
15,173,0.076923,0.028571,0.000000,0.044743,0.923077,0.962695,0.227273,0.000000
15,174,0.076923,0.028571,0.000000,0.187768,0.923077,0.843445,0.257576,0.000000
15,175,0.076923,0.028571,0.000000,0.000000,0.923077,1.000000,0.196970,0.000000
15,176,0.076923,0.028571,0.000000,0.259273,0.923077,0.783826,0.212121,0.000000
15,177,0.076923,0.028571,0.522171,0.304016,0.923077,0.620393,0.257576,0.104434
15,178,0.076923,0.028571,0.000000,0.187768,0.923077,0.843445,0.242424,0.000000
15,179,0.076923,0.028571,0.000000,0.040472,0.923077,0.966256,0.166667,0.000000
15,180,0.076923,0.028571,0.000000,0.000000,0.923077,1.000000,0.257576,0.000000
15,181,0.076923,0.028571,0.000000,0.000000,0.923077,1.000000,0.181818,0.000000
15,182,0.076923,0.028571,0.150237,0.000000,0.923077,0.963711,0.303030,0.011841
15,183,0.076923,0.028571,0.000000,0.115316,0.923077,0.903853,0.166667,0.000000
15,184,0.076923,0.028571,0.000000,0.001736,0.923077,0.998553,0.196970,0.000000
15,185,0.076923,0.028571,0.359574,0.000000,0.923077,0.913146,0.272727,0.028341
15,186,0.076923,0.028571,0.000000,0.143188,0.923077,0.880615,0.212121,0.000000
15,187,0.076923,0.028571,0.231805,0.188949,0.923077,0.786469,0.196970,0.018270
15,188,0.076923,0.028571,0.000000,0.115841,0.923077,0.903416,0.196970,0.000000
15,189,0.076923,0.028571,0.087868,0.143188,0.923077,0.859391,0.242424,0.017574
15,190,0.076923,0.028571,0.000000,0.000000,0.923077,1.000000,0.166667,0.000000
15,191,0.076923,0.028571,0.000000,0.000000,0.923077,1.000000,0.287879,0.000000
15,192,0.076923,0.028571,0.000000,0.092541,0.923077,0.922843,0.196970,0.000000
15,193,0.076923,0.028571,0.000000,0.000000,0.923077,1.000000,0.272727,0.000000
15,194,0.076923,0.028571,0.000000,0.253740,0.923077,0.788440,0.166667,0.000000
15,195,0.076923,0.028571,0.000000,0.044743,0.923077,0.962695,0.257576,0.000000
15,196,0.076923,0.028571,0.000000,0.355411,0.923077,0.703670,0.257576,0.000000
15,197,0.076923,0.028571,0.000000,0.000000,0.923077,1.000000,0.227273,0.000000
15,198,0.076923,0.028571,0.959252,0.513013,0.923077,0.340563,0.242424,0.191850
15,199,0.076923,0.028571,0.000000,0.304016,0.923077,0.746521,0.196970,0.000000
15,200,0.076923,0.028571,0.000000,0.262871,0.923077,0.780827,0.212121,0.000000
15,201,0.076923,0.028571,0.256622,0.016778,0.923077,0.924025,0.242424,0.020227
15,202,0.076923,0.028571,0.000000,0.033808,0.923077,0.971812,0.181818,0.000000
15,203,0.076923,0.028571,0.000000,0.016778,0.923077,0.986011,0.151515,0.000000
15,204,0.076923,0.028571,0.000000,0.000000,0.923077,1.000000,0.303030,0.000000
15,205,0.076923,0.028571,0.000000,0.074845,0.923077,0.937597,0.227273,0.000000
15,206,0.076923,0.028571,0.000000,0.035543,0.923077,0.970365,0.181818,0.000000
15,207,0.076923,0.028571,0.000000,0.000000,0.923077,1.000000,0.181818,0.000000
15,208,0.076923,0.028571,0.000000,0.350920,0.923077,0.707414,0.181818,0.000000
15,209,0.076923,0.028571,0.584786,0.188949,0.923077,0.701207,0.212121,0.046092
15,210,0.076923,0.028571,0.000000,0.115841,0.923077,0.903416,0.151515,0.000000
15,211,0.076923,0.028571,0.000000,0.350920,0.923077,0.707414,0.196970,0.000000
15,212,0.038462,0.021429,0.155233,0.104170,0.961538,0.875650,0.181818,0.031047
15,213,0.038462,0.021429,0.000000,0.104170,0.961538,0.913146,0.196970,0.000000
15,214,0.038462,0.021429,0.000000,0.196711,0.961538,0.835989,0.212121,0.000000
15,215,0.038462,0.021429,0.000000,0.104170,0.961538,0.913146,0.227273,0.000000
15,216,0.038462,0.021429,0.390071,0.357910,0.961538,0.607366,0.181818,0.078014
15,217,0.038462,0.021429,0.000000,0.104170,0.961538,0.913146,0.196970,0.000000
15,218,0.038462,0.021429,0.000000,0.271814,0.961538,0.773371,0.212121,0.000000
15,219,0.038462,0.021429,0.000000,0.104170,0.961538,0.913146,0.227273,0.000000
15,220,0.038462,0.021429,0.000000,0.357910,0.961538,0.701586,0.196970,0.000000
15,221,0.038462,0.021429,0.000000,0.104170,0.961538,0.913146,0.196970,0.000000
15,222,0.038462,0.021429,0.000000,0.179273,0.961538,0.850528,0.212121,0.000000
15,223,0.346154,0.078571,0.000000,0.258318,0.653846,0.784623,0.151515,0.000000
15,224,0.019231,0.017857,0.000000,0.043524,0.980769,0.963711,0.424242,0.000000
15,225,0.019231,0.017857,0.000000,0.000000,0.980769,1.000000,0.393939,0.000000
15,226,0.019231,0.017857,0.000000,0.000000,0.980769,1.000000,0.454545,0.000000
15,227,0.019231,0.017857,0.000000,0.000000,0.980769,1.000000,0.393939,0.000000
15,228,0.019231,0.017857,0.000000,0.043524,0.980769,0.963711,0.439394,0.000000
15,229,0.019231,0.017857,0.000000,0.104170,0.980769,0.913146,0.348485,0.000000
15,230,0.019231,0.017857,0.000000,0.151275,0.980769,0.873872,0.454545,0.000000
15,231,0.019231,0.017857,0.000000,0.067155,0.980769,0.944008,0.393939,0.000000
15,232,0.019231,0.017857,0.000000,0.025456,0.980769,0.978776,0.409091,0.000000
15,233,0.019231,0.017857,0.000000,0.129626,0.980769,0.891922,0.378788,0.000000
15,234,0.019231,0.017857,0.000000,0.218430,0.980769,0.817880,0.393939,0.000000
15,235,0.019231,0.017857,0.000000,0.000000,0.980769,1.000000,0.409091,0.000000
15,236,0.019231,0.017857,0.000000,0.000000,0.980769,1.000000,0.393939,0.000000
15,237,0.019231,0.017857,0.000000,0.000000,0.980769,1.000000,0.409091,0.000000
15,238,0.019231,0.017857,0.000000,0.000000,0.980769,1.000000,0.409091,0.000000
15,239,0.019231,0.017857,0.000000,0.000000,0.980769,1.000000,0.439394,0.000000
15,240,0.019231,0.017857,0.000000,0.000000,0.980769,1.000000,0.363636,0.000000
15,241,0.019231,0.017857,0.154443,0.151275,0.980769,0.836567,0.363636,0.012173
15,242,0.019231,0.017857,0.000000,0.277900,0.980769,0.768296,0.454545,0.000000
15,243,0.019231,0.017857,0.000000,0.000000,0.980769,1.000000,0.454545,0.000000
15,244,0.019231,0.017857,0.000000,0.000000,0.980769,1.000000,0.409091,0.000000
15,245,0.019231,0.017857,0.000000,0.429175,0.980769,0.642168,0.378788,0.000000
15,246,0.019231,0.017857,0.000000,0.043524,0.980769,0.963711,0.393939,0.000000
15,247,0.019231,0.017857,0.000000,0.074345,0.980769,0.938014,0.348485,0.000000
15,248,0.019231,0.017857,0.000000,0.000000,0.980769,1.000000,0.424242,0.000000
15,249,0.019231,0.017857,0.000000,0.074345,0.980769,0.938014,0.363636,0.000000
15,250,0.019231,0.017857,0.000000,0.043524,0.980769,0.963711,0.393939,0.000000
15,251,0.019231,0.017857,0.000000,0.104170,0.980769,0.913146,0.378788,0.000000
15,252,0.019231,0.017857,0.005991,0.000000,0.980769,0.998553,0.469697,0.000472
15,253,0.019231,0.017857,0.000000,0.236570,0.980769,0.802756,0.393939,0.000000
15,254,0.019231,0.017857,0.000000,0.025456,0.980769,0.978776,0.393939,0.000000
15,255,0.019231,0.017857,0.000000,0.129626,0.980769,0.891922,0.378788,0.000000
15,256,0.019231,0.017857,0.393866,0.236570,0.980769,0.707619,0.469697,0.078773
15,257,0.019231,0.017857,0.000000,0.000000,0.980769,1.000000,0.454545,0.000000
15,258,0.019231,0.017857,0.000000,0.044972,0.980769,0.962504,0.409091,0.000000
15,259,0.019231,0.017857,0.000000,0.000000,0.980769,1.000000,0.424242,0.000000
15,260,0.019231,0.017857,0.000000,0.157977,0.980769,0.868284,0.439394,0.000000
15,261,0.019231,0.017857,0.000000,0.000000,0.980769,1.000000,0.409091,0.000000
15,262,0.019231,0.017857,0.000000,0.000000,0.980769,1.000000,0.393939,0.000000
15,263,0.019231,0.017857,0.000000,0.000000,0.980769,1.000000,0.348485,0.000000
15,264,0.019231,0.017857,0.000000,0.390905,0.980769,0.674076,0.439394,0.000000
15,265,0.019231,0.017857,0.000000,0.000000,0.980769,1.000000,0.439394,0.000000
15,266,0.019231,0.017857,0.000000,0.000000,0.980769,1.000000,0.469697,0.000000
15,267,0.019231,0.017857,0.000000,0.277900,0.980769,0.768296,0.363636,0.000000
15,268,0.000000,0.014286,0.000000,0.000000,1.000000,1.000000,0.393939,0.000000
15,269,0.000000,0.014286,0.000000,0.074345,1.000000,0.938014,0.393939,0.000000
15,270,0.000000,0.014286,0.000000,0.000000,1.000000,1.000000,0.409091,0.000000
15,271,0.000000,0.014286,0.000000,0.074345,1.000000,0.938014,0.378788,0.000000
15,272,0.000000,0.014286,0.000000,0.000000,1.000000,1.000000,0.409091,0.000000
15,273,0.000000,0.014286,0.000000,0.000000,1.000000,1.000000,0.454545,0.000000
15,274,0.000000,0.014286,0.000000,0.000000,1.000000,1.000000,0.393939,0.000000
15,275,0.000000,0.014286,0.000000,0.169415,1.000000,0.858747,0.454545,0.000000
15,276,0.000000,0.014286,0.000000,0.000000,1.000000,1.000000,0.409091,0.000000
15,277,0.000000,0.014286,0.000000,0.000000,1.000000,1.000000,0.409091,0.000000
15,278,0.000000,0.014286,0.000000,0.169415,1.000000,0.858747,0.424242,0.000000
15,279,0.153846,0.042857,0.000000,0.157977,0.846154,0.868284,0.318182,0.000000
15,280,1.000000,0.200000,0.000000,0.160583,0.000000,0.866111,0.151515,0.000000
16,0,0.076923,0.028571,0.000000,0.000000,0.923077,1.000000,0.417910,0.000000
16,1,0.076923,0.028571,0.000000,0.000000,0.923077,1.000000,0.223881,0.000000
16,2,0.076923,0.028571,0.000000,0.000000,0.923077,1.000000,0.447761,0.000000
16,3,0.076923,0.028571,0.000000,0.195122,0.923077,0.846291,0.179104,0.000000
16,4,0.076923,0.028571,0.000000,0.169420,0.923077,0.866538,0.402985,0.000000
16,5,0.076923,0.028571,0.000000,0.000000,0.923077,1.000000,0.208955,0.000000
16,6,0.076923,0.028571,0.000000,0.200173,0.923077,0.842312,0.462687,0.000000
16,7,0.076923,0.028571,0.000000,0.385880,0.923077,0.696020,0.253731,0.000000
16,8,0.076923,0.028571,0.000000,0.527882,0.923077,0.584156,0.358209,0.000000
16,9,0.076923,0.028571,0.251858,0.358462,0.923077,0.640551,0.268657,0.050372
16,10,0.076923,0.028571,0.000000,0.390930,0.923077,0.692041,0.283582,0.000000
16,11,0.076923,0.028571,0.000000,0.000000,0.923077,1.000000,0.358209,0.000000
16,12,0.076923,0.028571,0.000000,0.137600,0.923077,0.891604,0.179104,0.000000
16,13,0.076923,0.028571,0.000000,0.030598,0.923077,0.975896,0.358209,0.000000
16,14,0.076923,0.028571,0.000000,0.254295,0.923077,0.799677,0.208955,0.000000
16,15,0.076923,0.028571,0.000000,0.264159,0.923077,0.791906,0.388060,0.000000
16,16,0.076923,0.028571,0.000000,0.292061,0.923077,0.769926,0.179104,0.000000
16,17,0.076923,0.028571,0.000000,0.128430,0.923077,0.898828,0.373134,0.000000
16,18,0.076923,0.028571,0.283876,0.445052,0.923077,0.562541,0.253731,0.022540
16,19,0.076923,0.028571,0.000000,0.481461,0.923077,0.620725,0.328358,0.000000
16,20,0.076923,0.028571,0.263470,0.371762,0.923077,0.626520,0.268657,0.020920
16,21,0.076923,0.028571,0.000000,0.288588,0.923077,0.772662,0.238806,0.000000
16,22,0.076923,0.028571,0.000000,0.535438,0.923077,0.578203,0.373134,0.000000
16,23,0.076923,0.028571,0.000000,0.127469,0.923077,0.899585,0.208955,0.000000
16,24,0.076923,0.028571,0.000000,0.330311,0.923077,0.739794,0.402985,0.000000
16,25,0.076923,0.028571,0.000000,0.311118,0.923077,0.754914,0.179104,0.000000
16,26,0.076923,0.028571,0.152335,0.420438,0.923077,0.622182,0.373134,0.030467
16,27,0.076923,0.028571,0.000000,0.368929,0.923077,0.709373,0.194030,0.000000
16,28,0.076923,0.028571,0.000000,0.210040,0.923077,0.834539,0.402985,0.000000
16,29,0.076923,0.028571,0.000000,0.311118,0.923077,0.754914,0.194030,0.000000
16,30,0.076923,0.028571,0.000000,0.575793,0.923077,0.546413,0.358209,0.000000
16,31,0.076923,0.028571,0.000000,0.601943,0.923077,0.525814,0.194030,0.000000
16,32,0.076923,0.028571,0.000000,0.210040,0.923077,0.834539,0.253731,0.000000
16,33,0.076923,0.028571,0.000000,0.316490,0.923077,0.750682,0.283582,0.000000
16,34,0.076923,0.028571,0.850357,0.137600,0.923077,0.631398,0.179104,0.067520
16,35,0.076923,0.028571,0.328159,0.347088,0.923077,0.626163,0.253731,0.026057
16,36,0.076923,0.028571,0.287796,0.193478,0.923077,0.759522,0.179104,0.022852
16,37,0.076923,0.028571,0.765346,0.264159,0.923077,0.557713,0.298507,0.060770
16,38,0.076923,0.028571,0.000000,0.292061,0.923077,0.769926,0.283582,0.000000
16,39,0.076923,0.028571,0.000000,0.098321,0.923077,0.922547,0.253731,0.000000
16,40,0.076923,0.028571,0.000000,0.364516,0.923077,0.712849,0.194030,0.000000
16,41,0.076923,0.028571,0.000000,0.264159,0.923077,0.791906,0.194030,0.000000
16,42,0.076923,0.028571,0.000000,0.154460,0.923077,0.878322,0.194030,0.000000
16,43,0.076923,0.028571,0.000000,0.238760,0.923077,0.811914,0.179104,0.000000
16,44,0.038462,0.021429,0.000000,1.000000,0.961538,0.212241,0.328358,0.000000
16,45,0.038462,0.021429,0.814776,0.592031,0.961538,0.284304,0.402985,0.162955
16,46,0.038462,0.021429,0.000000,0.794873,0.961538,0.373832,0.343284,0.000000
16,47,0.038462,0.021429,0.000000,0.775679,0.961538,0.388952,0.373134,0.000000
16,48,0.038462,0.021429,0.345756,0.715579,0.961538,0.330496,0.417910,0.069151
16,49,0.038462,0.021429,0.000000,0.833491,0.961538,0.343410,0.388060,0.000000
16,50,0.038462,0.021429,0.000000,0.572260,0.961538,0.549197,0.343284,0.000000
16,51,0.038462,0.021429,0.000000,0.775679,0.961538,0.388952,0.343284,0.000000
16,52,0.038462,0.021429,0.440322,0.729774,0.961538,0.290377,0.388060,0.088064
16,53,0.038462,0.021429,0.174345,0.925343,0.961538,0.217703,0.328358,0.034869
16,54,0.038462,0.021429,0.000000,0.572260,0.961538,0.549197,0.358209,0.000000
16,55,0.346154,0.078571,0.443215,0.689555,0.653846,0.321175,0.253731,0.035192
16,56,0.076923,0.028571,0.000000,0.105641,0.923077,0.916780,0.417910,0.000000
16,57,0.076923,0.028571,0.000000,0.000000,0.923077,1.000000,0.238806,0.000000
16,58,0.076923,0.028571,0.000000,0.000000,0.923077,1.000000,0.402985,0.000000
16,59,0.076923,0.028571,0.000000,0.000000,0.923077,1.000000,0.223881,0.000000
16,60,0.076923,0.028571,0.502325,0.378480,0.923077,0.548140,0.388060,0.100465
16,61,0.076923,0.028571,0.000000,0.000000,0.923077,1.000000,0.194030,0.000000
16,62,0.076923,0.028571,0.000000,0.437273,0.923077,0.655534,0.358209,0.000000
16,63,0.076923,0.028571,0.000000,0.000000,0.923077,1.000000,0.238806,0.000000
16,64,0.076923,0.028571,0.491087,0.457642,0.923077,0.489218,0.283582,0.098217
16,65,0.076923,0.028571,0.000000,0.184803,0.923077,0.854420,0.194030,0.000000
16,66,0.076923,0.028571,0.559423,0.437273,0.923077,0.484353,0.253731,0.111885
16,67,0.076923,0.028571,0.000000,0.111467,0.923077,0.912191,0.373134,0.000000
16,68,0.076923,0.028571,0.000000,0.000000,0.923077,1.000000,0.194030,0.000000
16,69,0.076923,0.028571,0.000000,0.000000,0.923077,1.000000,0.358209,0.000000
16,70,0.076923,0.028571,0.000000,0.059173,0.923077,0.953386,0.208955,0.000000
16,71,0.076923,0.028571,0.000000,0.131007,0.923077,0.896798,0.388060,0.000000
16,72,0.076923,0.028571,0.000000,0.000000,0.923077,1.000000,0.208955,0.000000
16,73,0.076923,0.028571,0.000000,0.097831,0.923077,0.922933,0.343284,0.000000
16,74,0.076923,0.028571,0.152282,0.127692,0.923077,0.852812,0.283582,0.012092
16,75,0.076923,0.028571,0.000000,0.233226,0.923077,0.816274,0.313433,0.000000
16,76,0.076923,0.028571,0.000000,0.213686,0.923077,0.831667,0.194030,0.000000
16,77,0.076923,0.028571,0.363406,0.166350,0.923077,0.757756,0.298507,0.028855
16,78,0.076923,0.028571,0.000000,0.670694,0.923077,0.471655,0.388060,0.000000
16,79,0.076923,0.028571,0.000000,0.127469,0.923077,0.899585,0.223881,0.000000
16,80,0.076923,0.028571,0.354240,0.397013,0.923077,0.578853,0.402985,0.070848
16,81,0.076923,0.028571,0.000000,0.297290,0.923077,0.765807,0.238806,0.000000
16,82,0.076923,0.028571,0.000000,0.646813,0.923077,0.490467,0.313433,0.000000
16,83,0.076923,0.028571,0.078773,0.127469,0.923077,0.875481,0.208955,0.015755
16,84,0.076923,0.028571,0.397645,0.406144,0.923077,0.558379,0.388060,0.079529
16,85,0.076923,0.028571,0.680055,0.297290,0.923077,0.557713,0.268657,0.136011
16,86,0.076923,0.028571,0.000000,0.710626,0.923077,0.440198,0.313433,0.000000
16,87,0.076923,0.028571,0.000000,0.404195,0.923077,0.681591,0.208955,0.000000
16,88,0.076923,0.028571,0.000000,0.339442,0.923077,0.732602,0.283582,0.000000
16,89,0.076923,0.028571,0.000000,0.454210,0.923077,0.642192,0.208955,0.000000
16,90,0.076923,0.028571,0.000000,0.000000,0.923077,1.000000,0.208955,0.000000
16,91,0.076923,0.028571,0.000000,0.448384,0.923077,0.646781,0.208955,0.000000
16,92,0.076923,0.028571,0.240285,0.193478,0.923077,0.774060,0.208955,0.019079
16,93,0.076923,0.028571,0.035599,0.025366,0.923077,0.969124,0.223881,0.007120
16,94,0.076923,0.028571,0.000000,0.000000,0.923077,1.000000,0.164179,0.000000
16,95,0.076923,0.028571,0.621617,0.067722,0.923077,0.756439,0.253731,0.049358
16,96,0.076923,0.028571,0.118141,0.588609,0.923077,0.500167,0.194030,0.009381
16,97,0.076923,0.028571,0.000000,0.233226,0.923077,0.816274,0.208955,0.000000
16,98,0.076923,0.028571,0.277260,0.213686,0.923077,0.746827,0.298507,0.055452
16,99,0.076923,0.028571,0.564625,0.462854,0.923077,0.462610,0.283582,0.044832
16,100,0.038462,0.021429,0.000000,0.842855,0.961538,0.336033,0.402985,0.000000
16,101,0.038462,0.021429,0.000000,0.299631,0.961538,0.763963,0.343284,0.000000
16,102,0.038462,0.021429,0.000000,0.569175,0.961538,0.551627,0.343284,0.000000
16,103,0.038462,0.021429,0.000000,0.469451,0.961538,0.630185,0.388060,0.000000
16,104,0.038462,0.021429,0.000000,0.546136,0.961538,0.569776,0.343284,0.000000
16,105,0.038462,0.021429,0.000000,0.299631,0.961538,0.763963,0.402985,0.000000
16,106,0.038462,0.021429,0.000000,0.238864,0.961538,0.811833,0.343284,0.000000
16,107,0.038462,0.021429,0.000000,0.469451,0.961538,0.630185,0.388060,0.000000
16,108,0.038462,0.021429,0.000000,0.425146,0.961538,0.665088,0.343284,0.000000
16,109,0.038462,0.021429,0.000000,0.391554,0.961538,0.691550,0.402985,0.000000
16,110,0.038462,0.021429,0.000000,0.172162,0.961538,0.864378,0.402985,0.000000
16,111,0.346154,0.078571,0.752758,0.977024,0.653846,0.000000,0.253731,0.059771
16,112,0.076923,0.028571,0.000000,0.007586,0.923077,0.994024,0.358209,0.000000
16,113,0.076923,0.028571,0.000000,0.000000,0.923077,1.000000,0.223881,0.000000
16,114,0.076923,0.028571,0.000000,0.007586,0.923077,0.994024,0.417910,0.000000
16,115,0.076923,0.028571,0.271964,0.195122,0.923077,0.763071,0.253731,0.021595
16,116,0.076923,0.028571,0.000000,0.059152,0.923077,0.953402,0.373134,0.000000
16,117,0.076923,0.028571,0.000000,0.175114,0.923077,0.862052,0.223881,0.000000
16,118,0.076923,0.028571,0.000000,0.283200,0.923077,0.776906,0.388060,0.000000
16,119,0.076923,0.028571,0.000000,0.468612,0.923077,0.630847,0.223881,0.000000
16,120,0.076923,0.028571,0.000000,0.488390,0.923077,0.615266,0.283582,0.000000
16,121,0.076923,0.028571,0.000000,0.604352,0.923077,0.523916,0.194030,0.000000
16,122,0.076923,0.028571,0.000000,0.556690,0.923077,0.561463,0.253731,0.000000
16,123,0.076923,0.028571,0.000000,0.000000,0.923077,1.000000,0.343284,0.000000
16,124,0.076923,0.028571,0.000000,0.137600,0.923077,0.891604,0.164179,0.000000
16,125,0.076923,0.028571,0.000000,0.030598,0.923077,0.975896,0.343284,0.000000
16,126,0.076923,0.028571,0.000000,0.195122,0.923077,0.846291,0.208955,0.000000
16,127,0.076923,0.028571,0.000000,0.264159,0.923077,0.791906,0.388060,0.000000
16,128,0.076923,0.028571,0.000000,0.292061,0.923077,0.769926,0.179104,0.000000
16,129,0.076923,0.028571,0.000000,0.313799,0.923077,0.752802,0.328358,0.000000
16,130,0.076923,0.028571,0.418523,0.774318,0.923077,0.261958,0.283582,0.033232
16,131,0.076923,0.028571,0.000000,0.481461,0.923077,0.620725,0.358209,0.000000
16,132,0.076923,0.028571,0.610392,0.371762,0.923077,0.520364,0.208955,0.048467
16,133,0.076923,0.028571,0.475760,0.862396,0.923077,0.175059,0.253731,0.037776
16,134,0.076923,0.028571,0.000000,0.223033,0.923077,0.824303,0.328358,0.000000
16,135,0.076923,0.028571,0.000000,0.143878,0.923077,0.886659,0.208955,0.000000
16,136,0.076923,0.028571,0.000000,0.007586,0.923077,0.994024,0.402985,0.000000
16,137,0.076923,0.028571,0.014998,0.157706,0.923077,0.871177,0.194030,0.003000
16,138,0.076923,0.028571,0.000000,0.320490,0.923077,0.747531,0.298507,0.000000
16,139,0.076923,0.028571,0.000000,0.416574,0.923077,0.671840,0.223881,0.000000
16,140,0.076923,0.028571,0.000000,0.107699,0.923077,0.915160,0.343284,0.000000
16,141,0.076923,0.028571,0.050305,0.101591,0.923077,0.904577,0.253731,0.003994
16,142,0.076923,0.028571,0.176396,0.536301,0.923077,0.523547,0.328358,0.035279
16,143,0.076923,0.028571,0.000000,0.847832,0.923077,0.332112,0.194030,0.000000
16,144,0.076923,0.028571,0.550115,0.195462,0.923077,0.677690,0.298507,0.043680
16,145,0.076923,0.028571,0.000000,0.000000,0.923077,1.000000,0.208955,0.000000
16,146,0.076923,0.028571,0.000000,0.516509,0.923077,0.593116,0.313433,0.000000
16,147,0.076923,0.028571,0.000000,0.030598,0.923077,0.975896,0.208955,0.000000
16,148,0.076923,0.028571,0.588488,0.378908,0.923077,0.521437,0.253731,0.117698
16,149,0.076923,0.028571,0.000000,0.264159,0.923077,0.791906,0.238806,0.000000
16,150,0.076923,0.028571,0.171719,0.292061,0.923077,0.717381,0.283582,0.013635
16,151,0.076923,0.028571,0.000000,0.030598,0.923077,0.975896,0.208955,0.000000
16,152,0.076923,0.028571,0.086479,0.388438,0.923077,0.667542,0.358209,0.006867
16,153,0.076923,0.028571,0.000000,0.264159,0.923077,0.791906,0.208955,0.000000
16,154,0.076923,0.028571,0.000000,0.154460,0.923077,0.878322,0.208955,0.000000
16,155,0.076923,0.028571,0.564806,0.388438,0.923077,0.521176,0.179104,0.044847
16,156,0.038462,0.021429,0.000000,0.507847,0.961538,0.599939,0.358209,0.000000
16,157,0.038462,0.021429,0.339550,0.436278,0.961538,0.552418,0.388060,0.067910
16,158,0.038462,0.021429,0.000000,0.292400,0.961538,0.769659,0.402985,0.000000
16,159,0.038462,0.021429,0.000000,0.450106,0.961538,0.645425,0.373134,0.000000
16,160,0.038462,0.021429,0.000000,0.553738,0.961538,0.563788,0.328358,0.000000
16,161,0.038462,0.021429,0.000000,0.533860,0.961538,0.579447,0.402985,0.000000
16,162,0.038462,0.021429,0.000000,0.400098,0.961538,0.684819,0.358209,0.000000
16,163,0.038462,0.021429,0.000000,0.311259,0.961538,0.754803,0.432836,0.000000
16,164,0.038462,0.021429,0.400513,0.557612,0.961538,0.438181,0.373134,0.080103
16,165,0.038462,0.021429,0.000000,0.753182,0.961538,0.406674,0.358209,0.000000
16,166,0.038462,0.021429,0.000000,0.405130,0.961538,0.680856,0.417910,0.000000
16,167,0.346154,0.078571,0.000000,0.378908,0.653846,0.701512,0.253731,0.000000
16,168,0.076923,0.028571,0.000000,0.105641,0.923077,0.916780,0.179104,0.000000
16,169,0.076923,0.028571,0.000000,0.000000,0.923077,1.000000,0.268657,0.000000
16,170,0.076923,0.028571,0.000000,0.000000,0.923077,1.000000,0.238806,0.000000
16,171,0.076923,0.028571,0.000000,0.000000,0.923077,1.000000,0.223881,0.000000
16,172,0.076923,0.028571,0.000000,0.268211,0.923077,0.788714,0.149254,0.000000
16,173,0.076923,0.028571,0.000000,0.313260,0.923077,0.753227,0.223881,0.000000
16,174,0.076923,0.028571,0.000000,0.237100,0.923077,0.813223,0.253731,0.000000
16,175,0.076923,0.028571,0.000000,0.000000,0.923077,1.000000,0.194030,0.000000
16,176,0.076923,0.028571,0.000000,0.347374,0.923077,0.726353,0.208955,0.000000
16,177,0.076923,0.028571,0.729074,0.498063,0.923077,0.384553,0.253731,0.145815
16,178,0.076923,0.028571,0.000000,0.237100,0.923077,0.813223,0.238806,0.000000
16,179,0.076923,0.028571,0.000000,0.111467,0.923077,0.912191,0.164179,0.000000
16,180,0.076923,0.028571,0.019530,0.000000,0.923077,0.994024,0.253731,0.001551
16,181,0.076923,0.028571,0.000000,0.000000,0.923077,1.000000,0.179104,0.000000
16,182,0.076923,0.028571,0.000000,0.000000,0.923077,1.000000,0.313433,0.000000
16,183,0.076923,0.028571,0.000000,0.131007,0.923077,0.896798,0.164179,0.000000
16,184,0.076923,0.028571,0.000000,0.313260,0.923077,0.753227,0.194030,0.000000
16,185,0.076923,0.028571,0.450815,0.000000,0.923077,0.862052,0.283582,0.035796
16,186,0.076923,0.028571,0.000000,0.068519,0.923077,0.946024,0.208955,0.000000
16,187,0.076923,0.028571,0.212986,0.326245,0.923077,0.677825,0.208955,0.042597
16,188,0.076923,0.028571,0.000000,0.619964,0.923077,0.511617,0.194030,0.000000
16,189,0.076923,0.028571,0.182206,0.068519,0.923077,0.890269,0.238806,0.014468
16,190,0.076923,0.028571,0.000000,0.228591,0.923077,0.819925,0.164179,0.000000
16,191,0.076923,0.028571,0.000000,0.000000,0.923077,1.000000,0.283582,0.000000
16,192,0.076923,0.028571,0.000000,0.066702,0.923077,0.947455,0.194030,0.000000
16,193,0.076923,0.028571,0.000000,0.000000,0.923077,1.000000,0.268657,0.000000
16,194,0.076923,0.028571,0.000000,0.424753,0.923077,0.665397,0.164179,0.000000
16,195,0.076923,0.028571,0.000000,0.000000,0.923077,1.000000,0.253731,0.000000
16,196,0.076923,0.028571,0.000000,0.303802,0.923077,0.760677,0.253731,0.000000
16,197,0.076923,0.028571,0.000000,0.000000,0.923077,1.000000,0.223881,0.000000
16,198,0.076923,0.028571,1.000000,0.600358,0.923077,0.221067,0.238806,0.200000
16,199,0.076923,0.028571,0.000000,0.404195,0.923077,0.681591,0.194030,0.000000
16,200,0.076923,0.028571,0.000000,0.237100,0.923077,0.813223,0.208955,0.000000
16,201,0.076923,0.028571,0.370400,0.137720,0.923077,0.778169,0.253731,0.029411
16,202,0.076923,0.028571,0.000000,0.000000,0.923077,1.000000,0.179104,0.000000
16,203,0.076923,0.028571,0.000000,0.131894,0.923077,0.896099,0.149254,0.000000
16,204,0.076923,0.028571,0.314365,0.000000,0.923077,0.903806,0.298507,0.024961
16,205,0.076923,0.028571,0.000000,0.025366,0.923077,0.980018,0.223881,0.000000
16,206,0.076923,0.028571,0.000000,0.000000,0.923077,1.000000,0.179104,0.000000
16,207,0.076923,0.028571,0.000000,0.000000,0.923077,1.000000,0.179104,0.000000
16,208,0.076923,0.028571,0.000000,0.224093,0.923077,0.823468,0.179104,0.000000
16,209,0.076923,0.028571,0.012952,0.326245,0.923077,0.739034,0.223881,0.002590
16,210,0.076923,0.028571,0.000000,0.306705,0.923077,0.758391,0.149254,0.000000
16,211,0.076923,0.028571,0.000000,0.224093,0.923077,0.823468,0.194030,0.000000
16,212,0.038462,0.021429,0.975466,0.228591,0.961538,0.521437,0.179104,0.077454
16,213,0.038462,0.021429,0.000000,0.000000,0.961538,1.000000,0.194030,0.000000
16,214,0.038462,0.021429,0.000000,0.066702,0.961538,0.947455,0.208955,0.000000
16,215,0.038462,0.021429,0.000000,0.000000,0.961538,1.000000,0.223881,0.000000
16,216,0.038462,0.021429,0.000000,0.262183,0.961538,0.793463,0.179104,0.000000
16,217,0.038462,0.021429,0.000000,0.000000,0.961538,1.000000,0.194030,0.000000
16,218,0.038462,0.021429,0.000000,0.066702,0.961538,0.947455,0.208955,0.000000
16,219,0.038462,0.021429,0.000000,0.000000,0.961538,1.000000,0.223881,0.000000
16,220,0.038462,0.021429,0.000000,0.252984,0.961538,0.800710,0.194030,0.000000
16,221,0.038462,0.021429,0.000000,0.219392,0.961538,0.827172,0.194030,0.000000
16,222,0.038462,0.021429,0.000000,0.000000,0.961538,1.000000,0.208955,0.000000
16,223,0.346154,0.078571,0.000000,0.287469,0.653846,0.773544,0.149254,0.000000
16,224,0.019231,0.017857,0.000000,0.007586,0.980769,0.994024,0.417910,0.000000
16,225,0.019231,0.017857,0.000000,0.000000,0.980769,1.000000,0.388060,0.000000
16,226,0.019231,0.017857,0.000000,0.007586,0.980769,0.994024,0.447761,0.000000
16,227,0.019231,0.017857,0.000000,0.000000,0.980769,1.000000,0.388060,0.000000
16,228,0.019231,0.017857,0.000000,0.000000,0.980769,1.000000,0.432836,0.000000
16,229,0.019231,0.017857,0.000000,0.175114,0.980769,0.862052,0.343284,0.000000
16,230,0.019231,0.017857,0.806459,0.283200,0.980769,0.530133,0.447761,0.064035
16,231,0.019231,0.017857,0.000000,0.082732,0.980769,0.934827,0.388060,0.000000
16,232,0.019231,0.017857,0.000000,0.070776,0.980769,0.944246,0.402985,0.000000
16,233,0.019231,0.017857,0.000000,0.245890,0.980769,0.806298,0.373134,0.000000
16,234,0.019231,0.017857,0.000000,0.365932,0.980769,0.711733,0.388060,0.000000
16,235,0.019231,0.017857,0.000000,0.000000,0.980769,1.000000,0.402985,0.000000
16,236,0.019231,0.017857,0.000000,0.000000,0.980769,1.000000,0.388060,0.000000
16,237,0.019231,0.017857,0.000000,0.000000,0.980769,1.000000,0.402985,0.000000
16,238,0.019231,0.017857,0.000000,0.000000,0.980769,1.000000,0.402985,0.000000
16,239,0.019231,0.017857,0.000000,0.000000,0.980769,1.000000,0.432836,0.000000
16,240,0.019231,0.017857,0.000000,0.000000,0.980769,1.000000,0.358209,0.000000
16,241,0.019231,0.017857,0.000000,0.283200,0.980769,0.776906,0.373134,0.000000
16,242,0.019231,0.017857,0.000000,0.388438,0.980769,0.694004,0.447761,0.000000
16,243,0.019231,0.017857,0.000000,0.000000,0.980769,1.000000,0.447761,0.000000
16,244,0.019231,0.017857,0.000000,0.000000,0.980769,1.000000,0.402985,0.000000
16,245,0.019231,0.017857,0.000000,0.671639,0.980769,0.470910,0.373134,0.000000
16,246,0.019231,0.017857,0.000000,0.129697,0.980769,0.897830,0.388060,0.000000
16,247,0.019231,0.017857,0.000000,0.143878,0.980769,0.886659,0.343284,0.000000
16,248,0.019231,0.017857,0.000000,0.007586,0.980769,0.994024,0.417910,0.000000
16,249,0.019231,0.017857,0.000000,0.143878,0.980769,0.886659,0.358209,0.000000
16,250,0.019231,0.017857,0.000000,0.122111,0.980769,0.903806,0.388060,0.000000
16,251,0.019231,0.017857,0.000000,0.175114,0.980769,0.862052,0.373134,0.000000
16,252,0.019231,0.017857,0.000000,0.000000,0.980769,1.000000,0.477612,0.000000
16,253,0.019231,0.017857,0.000000,0.087763,0.980769,0.930864,0.388060,0.000000
16,254,0.019231,0.017857,0.000000,0.070776,0.980769,0.944246,0.388060,0.000000
16,255,0.019231,0.017857,0.000000,0.245890,0.980769,0.806298,0.373134,0.000000
16,256,0.019231,0.017857,0.239469,0.087763,0.980769,0.857587,0.462687,0.019014
16,257,0.019231,0.017857,0.000000,0.000000,0.980769,1.000000,0.447761,0.000000
16,258,0.019231,0.017857,0.000000,0.378908,0.980769,0.701512,0.402985,0.000000
16,259,0.019231,0.017857,0.000000,0.000000,0.980769,1.000000,0.417910,0.000000
16,260,0.019231,0.017857,0.000000,0.378908,0.980769,0.701512,0.432836,0.000000
16,261,0.019231,0.017857,0.000000,0.000000,0.980769,1.000000,0.402985,0.000000
16,262,0.019231,0.017857,0.000000,0.000000,0.980769,1.000000,0.388060,0.000000
16,263,0.019231,0.017857,0.000000,0.000000,0.980769,1.000000,0.343284,0.000000
16,264,0.019231,0.017857,0.000000,0.388438,0.980769,0.694004,0.432836,0.000000
16,265,0.019231,0.017857,0.000000,0.000000,0.980769,1.000000,0.432836,0.000000
16,266,0.019231,0.017857,0.000000,0.000000,0.980769,1.000000,0.462687,0.000000
16,267,0.019231,0.017857,0.000000,0.388438,0.980769,0.694004,0.358209,0.000000
16,268,0.000000,0.014286,0.000000,0.122111,1.000000,0.903806,0.388060,0.000000
16,269,0.000000,0.014286,0.000000,0.143878,1.000000,0.886659,0.388060,0.000000
16,270,0.000000,0.014286,0.000000,0.000000,1.000000,1.000000,0.402985,0.000000
16,271,0.000000,0.014286,0.000000,0.143878,1.000000,0.886659,0.373134,0.000000
16,272,0.000000,0.014286,0.000000,0.122111,1.000000,0.903806,0.402985,0.000000
16,273,0.000000,0.014286,0.000000,0.000000,1.000000,1.000000,0.447761,0.000000
16,274,0.000000,0.014286,0.000000,0.000000,1.000000,1.000000,0.388060,0.000000
16,275,0.000000,0.014286,0.000000,0.005031,1.000000,0.996037,0.447761,0.000000
16,276,0.000000,0.014286,0.000000,0.000000,1.000000,1.000000,0.402985,0.000000
16,277,0.000000,0.014286,0.000000,0.000000,1.000000,1.000000,0.402985,0.000000
16,278,0.000000,0.014286,0.000000,0.005031,1.000000,0.996037,0.417910,0.000000
16,279,0.153846,0.042857,0.000000,0.378908,0.846154,0.701512,0.313433,0.000000
16,280,1.000000,0.200000,0.000000,0.406279,0.000000,0.679950,0.149254,0.000000
17,0,0.076923,0.028571,0.000000,0.000000,0.923077,1.000000,0.411765,0.000000
17,1,0.076923,0.028571,0.000000,0.000000,0.923077,1.000000,0.220588,0.000000
17,2,0.076923,0.028571,0.000000,0.000000,0.923077,1.000000,0.441176,0.000000
17,3,0.076923,0.028571,0.000000,0.103118,0.923077,0.920543,0.176471,0.000000
17,4,0.076923,0.028571,0.000000,0.078584,0.923077,0.939448,0.397059,0.000000
17,5,0.076923,0.028571,0.000000,0.000000,0.923077,1.000000,0.205882,0.000000
17,6,0.076923,0.028571,0.000000,0.687655,0.923077,0.470135,0.455882,0.000000
17,7,0.076923,0.028571,0.000000,0.333087,0.923077,0.743343,0.250000,0.000000
17,8,0.076923,0.028571,0.000000,0.688721,0.923077,0.469313,0.352941,0.000000
17,9,0.076923,0.028571,1.000000,0.610137,0.923077,0.000000,0.264706,0.113080
17,10,0.076923,0.028571,0.000000,0.917623,0.923077,0.292934,0.279412,0.000000
17,11,0.076923,0.028571,0.000000,0.075150,0.923077,0.942094,0.352941,0.000000
17,12,0.076923,0.028571,0.000000,0.003333,0.923077,0.997431,0.176471,0.000000
17,13,0.076923,0.028571,0.000000,0.336420,0.923077,0.740775,0.352941,0.000000
17,14,0.076923,0.028571,0.000000,0.466161,0.923077,0.640804,0.205882,0.000000
17,15,0.076923,0.028571,0.000000,0.212493,0.923077,0.836266,0.382353,0.000000
17,16,0.076923,0.028571,0.000000,0.221918,0.923077,0.829003,0.176471,0.000000
17,17,0.076923,0.028571,0.000000,0.948925,0.923077,0.268816,0.367647,0.000000
17,18,0.076923,0.028571,0.000000,0.692796,0.923077,0.466173,0.264706,0.000000
17,19,0.076923,0.028571,0.000000,0.497871,0.923077,0.616371,0.323529,0.000000
17,20,0.076923,0.028571,0.000000,0.507297,0.923077,0.609108,0.279412,0.000000
17,21,0.076923,0.028571,0.000000,0.917623,0.923077,0.292934,0.235294,0.000000
17,22,0.076923,0.028571,0.004847,0.292015,0.923077,0.772422,0.367647,0.000548
17,23,0.076923,0.028571,0.109285,0.361888,0.923077,0.663245,0.205882,0.021857
17,24,0.076923,0.028571,0.000000,0.000000,0.923077,1.000000,0.397059,0.000000
17,25,0.076923,0.028571,0.000000,0.529765,0.923077,0.591795,0.176471,0.000000
17,26,0.076923,0.028571,0.523096,0.370599,0.923077,0.437268,0.367647,0.059152
17,27,0.076923,0.028571,0.000000,0.495042,0.923077,0.618550,0.191176,0.000000
17,28,0.076923,0.028571,0.000000,0.465736,0.923077,0.641132,0.397059,0.000000
17,29,0.076923,0.028571,0.000000,0.441571,0.923077,0.659752,0.191176,0.000000
17,30,0.076923,0.028571,0.000000,0.555133,0.923077,0.572248,0.352941,0.000000
17,31,0.076923,0.028571,0.000000,0.697898,0.923077,0.462242,0.191176,0.000000
17,32,0.076923,0.028571,0.000000,0.465736,0.923077,0.641132,0.250000,0.000000
17,33,0.076923,0.028571,0.000000,0.246880,0.923077,0.809769,0.279412,0.000000
17,34,0.076923,0.028571,0.000000,0.003333,0.923077,0.997431,0.191176,0.000000
17,35,0.076923,0.028571,0.398010,0.508149,0.923077,0.397559,0.264706,0.045007
17,36,0.076923,0.028571,0.424653,0.833506,0.923077,0.132741,0.191176,0.084931
17,37,0.076923,0.028571,0.000000,0.212493,0.923077,0.836266,0.308824,0.000000
17,38,0.076923,0.028571,0.000000,0.221918,0.923077,0.829003,0.279412,0.000000
17,39,0.076923,0.028571,0.294564,0.261270,0.923077,0.642602,0.250000,0.033309
17,40,0.076923,0.028571,0.000000,0.830173,0.923077,0.360319,0.191176,0.000000
17,41,0.076923,0.028571,0.000000,0.212493,0.923077,0.836266,0.191176,0.000000
17,42,0.076923,0.028571,0.000000,0.221918,0.923077,0.829003,0.191176,0.000000
17,43,0.076923,0.028571,0.000000,0.000000,0.923077,1.000000,0.176471,0.000000
17,44,0.038462,0.021429,0.000000,0.626629,0.961538,0.517157,0.323529,0.000000
17,45,0.038462,0.021429,0.249732,0.696502,0.961538,0.330993,0.397059,0.049946
17,46,0.038462,0.021429,0.000000,0.334614,0.961538,0.742166,0.338235,0.000000
17,47,0.038462,0.021429,0.000000,0.864380,0.961538,0.333961,0.367647,0.000000
17,48,0.038462,0.021429,0.684157,0.626629,0.961538,0.154646,0.411765,0.077365
17,49,0.038462,0.021429,0.000000,0.829657,0.961538,0.360716,0.382353,0.000000
17,50,0.038462,0.021429,0.000000,0.800350,0.961538,0.383298,0.338235,0.000000
17,51,0.038462,0.021429,0.000000,0.776185,0.961538,0.401918,0.338235,0.000000
17,52,0.038462,0.021429,0.000000,0.486405,0.961538,0.625206,0.382353,0.000000
17,53,0.038462,0.021429,0.000000,0.707754,0.961538,0.454648,0.323529,0.000000
17,54,0.038462,0.021429,0.000000,0.800350,0.961538,0.383298,0.352941,0.000000
17,55,0.346154,0.078571,0.153578,0.642193,0.653846,0.423789,0.264706,0.030716
17,56,0.076923,0.028571,0.000000,0.000000,0.923077,1.000000,0.411765,0.000000
17,57,0.076923,0.028571,0.000000,0.000000,0.923077,1.000000,0.235294,0.000000
17,58,0.076923,0.028571,0.000000,0.000000,0.923077,1.000000,0.397059,0.000000
17,59,0.076923,0.028571,0.000000,0.000000,0.923077,1.000000,0.220588,0.000000
17,60,0.076923,0.028571,0.149956,0.000000,0.923077,0.920543,0.382353,0.016957
17,61,0.076923,0.028571,0.000000,0.000000,0.923077,1.000000,0.191176,0.000000
17,62,0.076923,0.028571,0.000000,0.687655,0.923077,0.470135,0.352941,0.000000
17,63,0.076923,0.028571,0.000000,0.000000,0.923077,1.000000,0.235294,0.000000
17,64,0.076923,0.028571,0.334425,0.194385,0.923077,0.673018,0.279412,0.037817
17,65,0.076923,0.028571,0.000000,0.194385,0.923077,0.850219,0.191176,0.000000
17,66,0.076923,0.028571,0.415002,0.687655,0.923077,0.250239,0.250000,0.083000
17,67,0.076923,0.028571,0.000000,0.109979,0.923077,0.915256,0.367647,0.000000
17,68,0.076923,0.028571,0.000000,0.003333,0.923077,0.997431,0.191176,0.000000
17,69,0.076923,0.028571,0.000000,0.075150,0.923077,0.942094,0.352941,0.000000
17,70,0.076923,0.028571,0.000000,0.363043,0.923077,0.720261,0.205882,0.000000
17,71,0.076923,0.028571,0.000000,0.205852,0.923077,0.841383,0.382353,0.000000
17,72,0.076923,0.028571,0.000000,0.000000,0.923077,1.000000,0.205882,0.000000
17,73,0.076923,0.028571,0.000000,0.687655,0.923077,0.470135,0.338235,0.000000
17,74,0.076923,0.028571,0.114279,0.381584,0.923077,0.645422,0.294118,0.022856
17,75,0.076923,0.028571,0.000000,0.602230,0.923077,0.535958,0.308824,0.000000
17,76,0.076923,0.028571,0.000000,0.431207,0.923077,0.667738,0.191176,0.000000
17,77,0.076923,0.028571,0.472270,0.709529,0.923077,0.203040,0.308824,0.094454
17,78,0.076923,0.028571,0.000000,0.644168,0.923077,0.503643,0.382353,0.000000
17,79,0.076923,0.028571,0.000000,0.273693,0.923077,0.789108,0.220588,0.000000
17,80,0.076923,0.028571,0.000000,0.021770,0.923077,0.983225,0.397059,0.000000
17,81,0.076923,0.028571,0.000000,0.015601,0.923077,0.987979,0.235294,0.000000
17,82,0.076923,0.028571,0.000000,0.644168,0.923077,0.503643,0.308824,0.000000
17,83,0.076923,0.028571,0.379944,0.476252,0.923077,0.431710,0.205882,0.075989
17,84,0.076923,0.028571,0.322718,0.112762,0.923077,0.742116,0.382353,0.036493
17,85,0.076923,0.028571,0.309011,0.015601,0.923077,0.824245,0.264706,0.034943
17,86,0.076923,0.028571,0.000000,0.280405,0.923077,0.783936,0.308824,0.000000
17,87,0.076923,0.028571,0.000000,0.482964,0.923077,0.627857,0.205882,0.000000
17,88,0.076923,0.028571,0.000000,0.090992,0.923077,0.929887,0.279412,0.000000
17,89,0.076923,0.028571,0.128254,0.281709,0.923077,0.714975,0.205882,0.014503
17,90,0.076923,0.028571,0.000000,0.003333,0.923077,0.997431,0.205882,0.000000
17,91,0.076923,0.028571,0.000000,0.246880,0.923077,0.809769,0.205882,0.000000
17,92,0.076923,0.028571,0.000000,0.833506,0.923077,0.357750,0.220588,0.000000
17,93,0.076923,0.028571,0.642141,0.205852,0.923077,0.501135,0.220588,0.072613
17,94,0.076923,0.028571,0.000000,0.000000,0.923077,1.000000,0.161765,0.000000
17,95,0.076923,0.028571,0.027326,0.000000,0.923077,0.985521,0.264706,0.003090
17,96,0.076923,0.028571,0.000000,1.000000,0.923077,0.229460,0.205882,0.000000
17,97,0.076923,0.028571,0.000000,0.518731,0.923077,0.600297,0.205882,0.000000
17,98,0.076923,0.028571,0.677282,0.347708,0.923077,0.373209,0.294118,0.076587
17,99,0.076923,0.028571,0.220736,0.169827,0.923077,0.752181,0.294118,0.044147
17,100,0.038462,0.021429,0.000000,0.935106,0.961538,0.279464,0.397059,0.000000
17,101,0.038462,0.021429,0.000000,0.564631,0.961538,0.564929,0.338235,0.000000
17,102,0.038462,0.021429,0.000000,0.312707,0.961538,0.759046,0.338235,0.000000
17,103,0.038462,0.021429,0.000000,0.306539,0.961538,0.763800,0.382353,0.000000
17,104,0.038462,0.021429,0.000000,0.935106,0.961538,0.279464,0.338235,0.000000
17,105,0.038462,0.021429,0.000000,0.767189,0.961538,0.408850,0.397059,0.000000
17,106,0.038462,0.021429,0.000000,0.403699,0.961538,0.688934,0.338235,0.000000
17,107,0.038462,0.021429,0.000000,0.306539,0.961538,0.763800,0.382353,0.000000
17,108,0.038462,0.021429,0.000000,0.460457,0.961538,0.645200,0.338235,0.000000
17,109,0.038462,0.021429,0.000000,0.663015,0.961538,0.489120,0.397059,0.000000
17,110,0.038462,0.021429,0.000000,0.381929,0.961538,0.705708,0.397059,0.000000
17,111,0.346154,0.078571,0.333024,0.790145,0.653846,0.214704,0.264706,0.066605
17,112,0.076923,0.028571,0.000000,0.279217,0.923077,0.784852,0.352941,0.000000
17,113,0.076923,0.028571,0.000000,0.000000,0.923077,1.000000,0.220588,0.000000
17,114,0.076923,0.028571,0.000000,0.265539,0.923077,0.795391,0.411765,0.000000
17,115,0.076923,0.028571,0.000000,0.103118,0.923077,0.920543,0.264706,0.000000
17,116,0.076923,0.028571,0.000000,0.092262,0.923077,0.928909,0.367647,0.000000
17,117,0.076923,0.028571,0.000000,0.084505,0.923077,0.934886,0.220588,0.000000
17,118,0.076923,0.028571,0.000000,0.247712,0.923077,0.809128,0.382353,0.000000
17,119,0.076923,0.028571,0.000000,0.333087,0.923077,0.743343,0.220588,0.000000
17,120,0.076923,0.028571,0.000000,0.823761,0.923077,0.365259,0.279412,0.000000
17,121,0.076923,0.028571,0.000000,0.829681,0.923077,0.360697,0.191176,0.000000
17,122,0.076923,0.028571,0.121426,0.477680,0.923077,0.567589,0.250000,0.024285
17,123,0.076923,0.028571,0.000000,0.055776,0.923077,0.957022,0.338235,0.000000
17,124,0.076923,0.028571,0.000000,0.000000,0.923077,1.000000,0.161765,0.000000
17,125,0.076923,0.028571,0.000000,0.317046,0.923077,0.755703,0.338235,0.000000
17,126,0.076923,0.028571,0.000000,0.103118,0.923077,0.920543,0.205882,0.000000
17,127,0.076923,0.028571,0.000000,0.212493,0.923077,0.836266,0.382353,0.000000
17,128,0.076923,0.028571,0.000000,0.336245,0.923077,0.740910,0.176471,0.000000
17,129,0.076923,0.028571,0.000000,0.508982,0.923077,0.607809,0.323529,0.000000
17,130,0.076923,0.028571,0.000000,0.714031,0.923077,0.449810,0.294118,0.000000
17,131,0.076923,0.028571,0.000000,0.497871,0.923077,0.616371,0.352941,0.000000
17,132,0.076923,0.028571,0.000000,0.621623,0.923077,0.521015,0.220588,0.000000
17,133,0.076923,0.028571,0.161252,0.858625,0.923077,0.252953,0.264706,0.032250
17,134,0.076923,0.028571,0.000000,0.279217,0.923077,0.784852,0.323529,0.000000
17,135,0.076923,0.028571,0.000000,0.257667,0.923077,0.801458,0.205882,0.000000
17,136,0.076923,0.028571,0.000000,0.265539,0.923077,0.795391,0.397059,0.000000
17,137,0.076923,0.028571,0.050649,0.699238,0.923077,0.434372,0.191176,0.010130
17,138,0.076923,0.028571,0.000000,0.092262,0.923077,0.928909,0.294118,0.000000
17,139,0.076923,0.028571,0.000000,0.018791,0.923077,0.985521,0.220588,0.000000
17,140,0.076923,0.028571,0.000000,0.465736,0.923077,0.641132,0.338235,0.000000
17,141,0.076923,0.028571,0.248704,0.570128,0.923077,0.428914,0.264706,0.049741
17,142,0.076923,0.028571,0.031810,0.690173,0.923077,0.451339,0.323529,0.003597
17,143,0.076923,0.028571,0.000000,0.630380,0.923077,0.514267,0.191176,0.000000
17,144,0.076923,0.028571,0.505644,0.594293,0.923077,0.274150,0.308824,0.101129
17,145,0.076923,0.028571,0.000000,0.055776,0.923077,0.957022,0.205882,0.000000
17,146,0.076923,0.028571,0.000000,0.054401,0.923077,0.958081,0.308824,0.000000
17,147,0.076923,0.028571,0.000000,0.317046,0.923077,0.755703,0.205882,0.000000
17,148,0.076923,0.028571,0.512108,0.166568,0.923077,0.600305,0.250000,0.057909
17,149,0.076923,0.028571,0.022688,0.212493,0.923077,0.824245,0.235294,0.004538
17,150,0.076923,0.028571,0.031658,0.251740,0.923077,0.789250,0.294118,0.006332
17,151,0.076923,0.028571,0.000000,0.261270,0.923077,0.798681,0.205882,0.000000
17,152,0.076923,0.028571,0.000000,0.493111,0.923077,0.620038,0.367647,0.000000
17,153,0.076923,0.028571,0.000000,0.212493,0.923077,0.836266,0.205882,0.000000
17,154,0.076923,0.028571,0.132322,0.251740,0.923077,0.735912,0.205882,0.026464
17,155,0.076923,0.028571,0.246518,0.380945,0.923077,0.575846,0.191176,0.027876
17,156,0.038462,0.021429,0.000000,0.229005,0.961538,0.823542,0.352941,0.000000
17,157,0.038462,0.021429,0.000000,0.486672,0.961538,0.625000,0.382353,0.000000
17,158,0.038462,0.021429,0.000000,0.229005,0.961538,0.823542,0.397059,0.000000
17,159,0.038462,0.021429,0.000000,0.928243,0.961538,0.284752,0.367647,0.000000
17,160,0.038462,0.021429,0.000000,0.229005,0.961538,0.823542,0.323529,0.000000
17,161,0.038462,0.021429,0.000000,0.247796,0.961538,0.809063,0.397059,0.000000
17,162,0.038462,0.021429,0.000000,0.694742,0.961538,0.464674,0.352941,0.000000
17,163,0.038462,0.021429,0.000000,0.799134,0.961538,0.384236,0.426471,0.000000
17,164,0.038462,0.021429,0.215155,0.380796,0.961538,0.592578,0.367647,0.024330
17,165,0.038462,0.021429,0.000000,0.399587,0.961538,0.692103,0.352941,0.000000
17,166,0.038462,0.021429,0.000000,0.823299,0.961538,0.365615,0.411765,0.000000
17,167,0.346154,0.078571,0.269508,0.166568,0.653846,0.728850,0.250000,0.030476
17,168,0.076923,0.028571,0.000000,0.000000,0.923077,1.000000,0.176471,0.000000
17,169,0.076923,0.028571,0.000000,0.000000,0.923077,1.000000,0.264706,0.000000
17,170,0.076923,0.028571,0.000000,0.000000,0.923077,1.000000,0.235294,0.000000
17,171,0.076923,0.028571,0.000000,0.000000,0.923077,1.000000,0.220588,0.000000
17,172,0.076923,0.028571,0.000000,0.000000,0.923077,1.000000,0.147059,0.000000
17,173,0.076923,0.028571,0.000000,0.048562,0.923077,0.962581,0.220588,0.000000
17,174,0.076923,0.028571,0.122889,0.000000,0.923077,0.934886,0.250000,0.013896
17,175,0.076923,0.028571,0.000000,0.000000,0.923077,1.000000,0.191176,0.000000
17,176,0.076923,0.028571,0.000000,0.633799,0.923077,0.511632,0.205882,0.000000
17,177,0.076923,0.028571,0.360227,0.682362,0.923077,0.283341,0.250000,0.072045
17,178,0.076923,0.028571,0.000000,0.000000,0.923077,1.000000,0.235294,0.000000
17,179,0.076923,0.028571,0.000000,0.080892,0.923077,0.937670,0.161765,0.000000
17,180,0.076923,0.028571,0.386152,0.000000,0.923077,0.795391,0.264706,0.043666
17,181,0.076923,0.028571,0.000000,0.046062,0.923077,0.964507,0.176471,0.000000
17,182,0.076923,0.028571,0.019890,0.000000,0.923077,0.989461,0.308824,0.002249
17,183,0.076923,0.028571,0.000000,0.205852,0.923077,0.841383,0.161765,0.000000
17,184,0.076923,0.028571,0.000000,0.000000,0.923077,1.000000,0.191176,0.000000
17,185,0.076923,0.028571,0.000000,0.000000,0.923077,1.000000,0.294118,0.000000
17,186,0.076923,0.028571,0.000000,0.211637,0.923077,0.836925,0.205882,0.000000
17,187,0.076923,0.028571,0.000000,0.602230,0.923077,0.535958,0.205882,0.000000
17,188,0.076923,0.028571,0.000000,0.431207,0.923077,0.667738,0.191176,0.000000
17,189,0.076923,0.028571,0.196378,0.211637,0.923077,0.732872,0.250000,0.039276
17,190,0.076923,0.028571,0.000000,0.352153,0.923077,0.728652,0.161765,0.000000
17,191,0.076923,0.028571,0.081111,0.000000,0.923077,0.957022,0.279412,0.009172
17,192,0.076923,0.028571,0.000000,0.021770,0.923077,0.983225,0.191176,0.000000
17,193,0.076923,0.028571,0.000000,0.015601,0.923077,0.987979,0.264706,0.000000
17,194,0.076923,0.028571,0.000000,0.352153,0.923077,0.728652,0.161765,0.000000
17,195,0.076923,0.028571,0.000000,0.048562,0.923077,0.962581,0.250000,0.000000
17,196,0.076923,0.028571,0.043367,0.112762,0.923077,0.890134,0.250000,0.004904
17,197,0.076923,0.028571,0.000000,0.015601,0.923077,0.987979,0.220588,0.000000
17,198,0.076923,0.028571,0.553977,0.719820,0.923077,0.151817,0.235294,0.110795
17,199,0.076923,0.028571,0.000000,0.768382,0.923077,0.407931,0.191176,0.000000
17,200,0.076923,0.028571,0.000000,0.090992,0.923077,0.929887,0.205882,0.000000
17,201,0.076923,0.028571,0.246450,0.080892,0.923077,0.807085,0.264706,0.027869
17,202,0.076923,0.028571,0.000000,0.000000,0.923077,1.000000,0.176471,0.000000
17,203,0.076923,0.028571,0.000000,0.046062,0.923077,0.964507,0.147059,0.000000
17,204,0.076923,0.028571,0.000000,0.000000,0.923077,1.000000,0.308824,0.000000
17,205,0.076923,0.028571,0.000000,0.205852,0.923077,0.841383,0.220588,0.000000
17,206,0.076923,0.028571,0.000000,0.000000,0.923077,1.000000,0.176471,0.000000
17,207,0.076923,0.028571,0.000000,0.000000,0.923077,1.000000,0.176471,0.000000
17,208,0.076923,0.028571,0.000000,0.359589,0.923077,0.722922,0.176471,0.000000
17,209,0.076923,0.028571,0.186950,0.518731,0.923077,0.501239,0.220588,0.021140
17,210,0.076923,0.028571,0.000000,0.347708,0.923077,0.732077,0.147059,0.000000
17,211,0.076923,0.028571,0.000000,0.359589,0.923077,0.722922,0.191176,0.000000
17,212,0.038462,0.021429,0.079112,0.537482,0.961538,0.543930,0.191176,0.015822
17,213,0.038462,0.021429,0.000000,0.185329,0.961538,0.857197,0.191176,0.000000
17,214,0.038462,0.021429,0.000000,0.207099,0.961538,0.840422,0.205882,0.000000
17,215,0.038462,0.021429,0.000000,0.200930,0.961538,0.845175,0.220588,0.000000
17,216,0.038462,0.021429,0.163114,0.537482,0.961538,0.499420,0.176471,0.032623
17,217,0.038462,0.021429,0.000000,0.185329,0.961538,0.857197,0.191176,0.000000
17,218,0.038462,0.021429,0.000000,0.298090,0.961538,0.770309,0.205882,0.000000
17,219,0.038462,0.021429,0.000000,0.200930,0.961538,0.845175,0.220588,0.000000
17,220,0.038462,0.021429,0.000000,0.354848,0.961538,0.726575,0.191176,0.000000
17,221,0.038462,0.021429,0.000000,0.354848,0.961538,0.726575,0.191176,0.000000
17,222,0.038462,0.021429,0.000000,0.276320,0.961538,0.787084,0.205882,0.000000
17,223,0.346154,0.078571,0.000000,0.147952,0.653846,0.885997,0.147059,0.000000
17,224,0.019231,0.017857,0.000000,0.279217,0.980769,0.784852,0.411765,0.000000
17,225,0.019231,0.017857,0.000000,0.000000,0.980769,1.000000,0.382353,0.000000
17,226,0.019231,0.017857,0.000000,0.265539,0.980769,0.795391,0.441176,0.000000
17,227,0.019231,0.017857,0.000000,0.000000,0.980769,1.000000,0.382353,0.000000
17,228,0.019231,0.017857,0.000000,0.013677,0.980769,0.989461,0.426471,0.000000
17,229,0.019231,0.017857,0.000000,0.084505,0.980769,0.934886,0.338235,0.000000
17,230,0.019231,0.017857,0.000000,0.247712,0.980769,0.809128,0.455882,0.000000
17,231,0.019231,0.017857,0.000000,0.000000,0.980769,1.000000,0.382353,0.000000
17,232,0.019231,0.017857,0.000000,0.135040,0.980769,0.895946,0.397059,0.000000
17,233,0.019231,0.017857,0.000000,0.219545,0.980769,0.830832,0.367647,0.000000
17,234,0.019231,0.017857,0.000000,0.247712,0.980769,0.809128,0.382353,0.000000
17,235,0.019231,0.017857,0.000000,0.055776,0.980769,0.957022,0.397059,0.000000
17,236,0.019231,0.017857,0.000000,0.000000,0.980769,1.000000,0.382353,0.000000
17,237,0.019231,0.017857,0.000000,0.055776,0.980769,0.957022,0.397059,0.000000
17,238,0.019231,0.017857,0.000000,0.000000,0.980769,1.000000,0.397059,0.000000
17,239,0.019231,0.017857,0.000000,0.000000,0.980769,1.000000,0.426471,0.000000
17,240,0.019231,0.017857,0.000000,0.114326,0.980769,0.911907,0.352941,0.000000
17,241,0.019231,0.017857,0.070620,0.247712,0.980769,0.771709,0.367647,0.007986
17,242,0.019231,0.017857,0.000000,0.380945,0.980769,0.706467,0.441176,0.000000
17,243,0.019231,0.017857,0.000000,0.000000,0.980769,1.000000,0.441176,0.000000
17,244,0.019231,0.017857,0.000000,0.114326,0.980769,0.911907,0.397059,0.000000
17,245,0.019231,0.017857,0.639005,0.628656,0.980769,0.177009,0.367647,0.072259
17,246,0.019231,0.017857,0.000000,0.279217,0.980769,0.784852,0.382353,0.000000
17,247,0.019231,0.017857,0.066985,0.169472,0.980769,0.833922,0.338235,0.013397
17,248,0.019231,0.017857,0.000000,0.265539,0.980769,0.795391,0.411765,0.000000
17,249,0.019231,0.017857,0.000000,0.169472,0.980769,0.869415,0.352941,0.000000
17,250,0.019231,0.017857,0.000000,0.013677,0.980769,0.989461,0.382353,0.000000
17,251,0.019231,0.017857,0.000000,0.000000,0.980769,1.000000,0.367647,0.000000
17,252,0.019231,0.017857,0.000000,0.000000,0.980769,1.000000,0.470588,0.000000
17,253,0.019231,0.017857,0.000000,0.128557,0.980769,0.900942,0.382353,0.000000
17,254,0.019231,0.017857,0.275956,0.135040,0.980769,0.749727,0.382353,0.031205
17,255,0.019231,0.017857,0.000000,0.135040,0.980769,0.895946,0.367647,0.000000
17,256,0.019231,0.017857,0.000000,0.128557,0.980769,0.900942,0.470588,0.000000
17,257,0.019231,0.017857,0.000000,0.055776,0.980769,0.957022,0.441176,0.000000
17,258,0.019231,0.017857,0.000000,0.054401,0.980769,0.958081,0.397059,0.000000
17,259,0.019231,0.017857,0.000000,0.055776,0.980769,0.957022,0.411765,0.000000
17,260,0.019231,0.017857,0.000000,0.166568,0.980769,0.871653,0.426471,0.000000
17,261,0.019231,0.017857,0.000000,0.000000,0.980769,1.000000,0.397059,0.000000
17,262,0.019231,0.017857,0.000000,0.029821,0.980769,0.977022,0.382353,0.000000
17,263,0.019231,0.017857,0.000000,0.000000,0.980769,1.000000,0.338235,0.000000
17,264,0.019231,0.017857,0.000000,0.493111,0.980769,0.620038,0.426471,0.000000
17,265,0.019231,0.017857,0.000000,0.000000,0.980769,1.000000,0.426471,0.000000
17,266,0.019231,0.017857,0.000000,0.029821,0.980769,0.977022,0.455882,0.000000
17,267,0.019231,0.017857,0.000000,0.380945,0.980769,0.706467,0.352941,0.000000
17,268,0.000000,0.014286,0.000000,0.000000,1.000000,1.000000,0.382353,0.000000
17,269,0.000000,0.014286,0.000000,0.169472,1.000000,0.869415,0.382353,0.000000
17,270,0.000000,0.014286,0.000000,0.000000,1.000000,1.000000,0.397059,0.000000
17,271,0.000000,0.014286,0.000000,0.169472,1.000000,0.869415,0.367647,0.000000
17,272,0.000000,0.014286,0.000000,0.000000,1.000000,1.000000,0.397059,0.000000
17,273,0.000000,0.014286,0.000000,0.000000,1.000000,1.000000,0.441176,0.000000
17,274,0.000000,0.014286,0.000000,0.000000,1.000000,1.000000,0.382353,0.000000
17,275,0.000000,0.014286,0.000000,0.128557,1.000000,0.900942,0.441176,0.000000
17,276,0.000000,0.014286,0.000000,0.000000,1.000000,1.000000,0.397059,0.000000
17,277,0.000000,0.014286,0.000000,0.000000,1.000000,1.000000,0.397059,0.000000
17,278,0.000000,0.014286,0.000000,0.128557,1.000000,0.900942,0.411765,0.000000
17,279,0.153846,0.042857,0.000000,0.166568,0.846154,0.871653,0.308824,0.000000
17,280,1.000000,0.200000,0.000000,0.723801,0.000000,0.442282,0.147059,0.000000
18,0,0.076923,0.028571,0.127672,0.000000,0.923077,0.944202,0.405797,0.014560
18,1,0.076923,0.028571,0.000000,0.071039,0.923077,0.944202,0.217391,0.000000
18,2,0.076923,0.028571,0.000000,0.000000,0.923077,1.000000,0.434783,0.000000
18,3,0.076923,0.028571,0.000000,0.071039,0.923077,0.944202,0.173913,0.000000
18,4,0.076923,0.028571,0.000000,0.176708,0.923077,0.861203,0.391304,0.000000
18,5,0.076923,0.028571,0.000000,0.000000,0.923077,1.000000,0.202899,0.000000
18,6,0.076923,0.028571,0.000000,0.556414,0.923077,0.562959,0.449275,0.000000
18,7,0.076923,0.028571,0.000000,0.017606,0.923077,0.986171,0.246377,0.000000
18,8,0.076923,0.028571,0.000000,0.893433,0.923077,0.298244,0.347826,0.000000
18,9,0.076923,0.028571,1.000000,0.716725,0.923077,0.000000,0.275362,0.200000
18,10,0.076923,0.028571,0.000000,0.574020,0.923077,0.549130,0.275362,0.000000
18,11,0.076923,0.028571,0.000000,0.141289,0.923077,0.889023,0.347826,0.000000
18,12,0.076923,0.028571,0.000000,0.099660,0.923077,0.921721,0.173913,0.000000
18,13,0.076923,0.028571,0.000000,0.214561,0.923077,0.831470,0.347826,0.000000
18,14,0.076923,0.028571,0.000000,0.383564,0.923077,0.698726,0.202899,0.000000
18,15,0.076923,0.028571,0.000000,0.014582,0.923077,0.988546,0.376812,0.000000
18,16,0.076923,0.028571,0.000000,0.063857,0.923077,0.949843,0.173913,0.000000
18,17,0.076923,0.028571,0.000000,0.629686,0.923077,0.505406,0.362319,0.000000
18,18,0.076923,0.028571,0.052943,0.364959,0.923077,0.690201,0.260870,0.010589
18,19,0.076923,0.028571,0.000000,0.252552,0.923077,0.801630,0.318841,0.000000
18,20,0.076923,0.028571,0.000000,0.273206,0.923077,0.785408,0.275362,0.000000
18,21,0.076923,0.028571,0.000000,0.608847,0.923077,0.521774,0.231884,0.000000
18,22,0.076923,0.028571,0.000000,0.043512,0.923077,0.965823,0.376812,0.000000
18,23,0.076923,0.028571,0.253928,0.103488,0.923077,0.807737,0.202899,0.028959
18,24,0.076923,0.028571,0.000000,0.050304,0.923077,0.960488,0.391304,0.000000
18,25,0.076923,0.028571,0.000000,0.281956,0.923077,0.778534,0.173913,0.000000
18,26,0.076923,0.028571,0.561677,0.220220,0.923077,0.581549,0.376812,0.064056
18,27,0.076923,0.028571,0.000000,0.176896,0.923077,0.861055,0.188406,0.000000
18,28,0.076923,0.028571,0.000000,0.314524,0.923077,0.752954,0.391304,0.000000
18,29,0.076923,0.028571,0.000000,0.281956,0.923077,0.778534,0.188406,0.000000
18,30,0.076923,0.028571,0.000000,0.728150,0.923077,0.428067,0.347826,0.000000
18,31,0.076923,0.028571,0.000000,0.624850,0.923077,0.509205,0.188406,0.000000
18,32,0.076923,0.028571,0.000000,0.264220,0.923077,0.792466,0.246377,0.000000
18,33,0.076923,0.028571,0.000000,0.563272,0.923077,0.557572,0.275362,0.000000
18,34,0.076923,0.028571,0.000000,0.028621,0.923077,0.977519,0.188406,0.000000
18,35,0.076923,0.028571,0.185991,0.636544,0.923077,0.418734,0.275362,0.037198
18,36,0.076923,0.028571,0.000000,0.312525,0.923077,0.754524,0.188406,0.000000
18,37,0.076923,0.028571,0.085931,0.014582,0.923077,0.950991,0.304348,0.009800
18,38,0.076923,0.028571,0.000000,0.063857,0.923077,0.949843,0.275362,0.000000
18,39,0.076923,0.028571,0.131930,0.073272,0.923077,0.884788,0.260870,0.015046
18,40,0.076923,0.028571,0.000000,0.385006,0.923077,0.697593,0.188406,0.000000
18,41,0.076923,0.028571,0.000000,0.014582,0.923077,0.988546,0.188406,0.000000
18,42,0.076923,0.028571,0.000000,0.035236,0.923077,0.972324,0.188406,0.000000
18,43,0.076923,0.028571,0.000000,0.072481,0.923077,0.943069,0.173913,0.000000
18,44,0.038462,0.021429,0.000000,0.453458,0.961538,0.643826,0.318841,0.000000
18,45,0.038462,0.021429,0.758397,0.513434,0.961538,0.265267,0.391304,0.086490
18,46,0.038462,0.021429,0.000000,0.460250,0.961538,0.638491,0.333333,0.000000
18,47,0.038462,0.021429,0.000000,0.691903,0.961538,0.456538,0.362319,0.000000
18,48,0.038462,0.021429,0.000000,0.453458,0.961538,0.643826,0.420290,0.000000
18,49,0.038462,0.021429,0.000000,0.586842,0.961538,0.539059,0.376812,0.000000
18,50,0.038462,0.021429,0.000000,0.724470,0.961538,0.430957,0.333333,0.000000
18,51,0.038462,0.021429,0.000000,0.691903,0.961538,0.456538,0.333333,0.000000
18,52,0.038462,0.021429,0.067672,0.482634,0.961538,0.591334,0.376812,0.007718
18,53,0.038462,0.021429,0.000000,0.556042,0.961538,0.563251,0.318841,0.000000
18,54,0.038462,0.021429,0.000000,0.674166,0.961538,0.470469,0.347826,0.000000
18,55,0.346154,0.078571,0.410209,0.459636,0.653846,0.459695,0.260870,0.082042
18,56,0.076923,0.028571,0.000000,0.000000,0.923077,1.000000,0.405797,0.000000
18,57,0.076923,0.028571,0.000000,0.071039,0.923077,0.944202,0.231884,0.000000
18,58,0.076923,0.028571,0.000000,0.000000,0.923077,1.000000,0.391304,0.000000
18,59,0.076923,0.028571,0.000000,0.071039,0.923077,0.944202,0.217391,0.000000
18,60,0.076923,0.028571,0.000000,0.029458,0.923077,0.976862,0.391304,0.000000
18,61,0.076923,0.028571,0.000000,0.000000,0.923077,1.000000,0.188406,0.000000
18,62,0.076923,0.028571,0.000000,0.556414,0.923077,0.562959,0.347826,0.000000
18,63,0.076923,0.028571,0.000000,0.075217,0.923077,0.940920,0.231884,0.000000
18,64,0.076923,0.028571,0.031642,0.338661,0.923077,0.720166,0.289855,0.003609
18,65,0.076923,0.028571,0.000000,0.309203,0.923077,0.757133,0.188406,0.000000
18,66,0.076923,0.028571,0.427686,0.631631,0.923077,0.316963,0.246377,0.048775
18,67,0.076923,0.028571,0.000000,0.246197,0.923077,0.806622,0.362319,0.000000
18,68,0.076923,0.028571,0.000000,0.071039,0.923077,0.944202,0.188406,0.000000
18,69,0.076923,0.028571,0.000000,0.141289,0.923077,0.889023,0.347826,0.000000
18,70,0.076923,0.028571,0.000000,0.383564,0.923077,0.698726,0.202899,0.000000
18,71,0.076923,0.028571,0.000000,0.180207,0.923077,0.858455,0.376812,0.000000
18,72,0.076923,0.028571,0.000000,0.000000,0.923077,1.000000,0.202899,0.000000
18,73,0.076923,0.028571,0.000000,0.556414,0.923077,0.562959,0.333333,0.000000
18,74,0.076923,0.028571,0.264641,0.444333,0.923077,0.535335,0.289855,0.052928
18,75,0.076923,0.028571,0.000000,0.363978,0.923077,0.714110,0.304348,0.000000
18,76,0.076923,0.028571,0.000000,0.288679,0.923077,0.773254,0.188406,0.000000
18,77,0.076923,0.028571,0.860428,0.688222,0.923077,0.083386,0.304348,0.098126
18,78,0.076923,0.028571,0.000000,0.155182,0.923077,0.878111,0.376812,0.000000
18,79,0.076923,0.028571,0.000000,0.103488,0.923077,0.918714,0.217391,0.000000
18,80,0.076923,0.028571,0.051439,0.085507,0.923077,0.910357,0.391304,0.010288
18,81,0.076923,0.028571,0.000000,0.168471,0.923077,0.867673,0.231884,0.000000
18,82,0.076923,0.028571,0.000000,0.392003,0.923077,0.692097,0.304348,0.000000
18,83,0.076923,0.028571,0.131687,0.394351,0.923077,0.632700,0.202899,0.026337
18,84,0.076923,0.028571,0.063326,0.085507,0.923077,0.905162,0.391304,0.012665
18,85,0.076923,0.028571,0.026207,0.168471,0.923077,0.856219,0.275362,0.005241
18,86,0.076923,0.028571,0.062593,0.384425,0.923077,0.670694,0.304348,0.007138
18,87,0.076923,0.028571,0.000000,0.438468,0.923077,0.655601,0.202899,0.000000
18,88,0.076923,0.028571,0.000000,0.000000,0.923077,1.000000,0.275362,0.000000
18,89,0.076923,0.028571,0.000000,0.668180,0.923077,0.475171,0.217391,0.000000
18,90,0.076923,0.028571,0.000000,0.092915,0.923077,0.927019,0.202899,0.000000
18,91,0.076923,0.028571,0.000000,0.563272,0.923077,0.557572,0.202899,0.000000
18,92,0.076923,0.028571,0.078201,0.312525,0.923077,0.720347,0.217391,0.015640
18,93,0.076923,0.028571,0.420808,0.180207,0.923077,0.674545,0.231884,0.047990
18,94,0.076923,0.028571,0.090408,0.092915,0.923077,0.887507,0.159420,0.018082
18,95,0.076923,0.028571,0.000000,0.000000,0.923077,1.000000,0.275362,0.000000
18,96,0.076923,0.028571,0.000000,0.589966,0.923077,0.536605,0.202899,0.000000
18,97,0.076923,0.028571,0.000000,0.202379,0.923077,0.841039,0.202899,0.000000
18,98,0.076923,0.028571,0.474862,0.127081,0.923077,0.692649,0.304348,0.054155
18,99,0.076923,0.028571,0.130637,0.277441,0.923077,0.724988,0.289855,0.026127
18,100,0.038462,0.021429,0.000000,0.383428,0.961538,0.698832,0.391304,0.000000
18,101,0.038462,0.021429,0.000000,0.331734,0.961538,0.739436,0.333333,0.000000
18,102,0.038462,0.021429,0.000000,0.313753,0.961538,0.753560,0.333333,0.000000
18,103,0.038462,0.021429,0.000000,0.396717,0.961538,0.688395,0.376812,0.000000
18,104,0.038462,0.021429,0.000000,0.590790,0.961538,0.535957,0.333333,0.000000
18,105,0.038462,0.021429,0.000000,0.622597,0.961538,0.510974,0.391304,0.000000
18,106,0.038462,0.021429,0.000000,0.313753,0.961538,0.753560,0.333333,0.000000
18,107,0.038462,0.021429,0.000000,0.396717,0.961538,0.688395,0.376812,0.000000
18,108,0.038462,0.021429,0.000000,0.435608,0.961538,0.657847,0.333333,0.000000
18,109,0.038462,0.021429,0.000000,0.519109,0.961538,0.592260,0.391304,0.000000
18,110,0.038462,0.021429,0.000000,0.228246,0.961538,0.820722,0.391304,0.000000
18,111,0.346154,0.078571,0.326556,0.735747,0.653846,0.279382,0.260870,0.065311
18,112,0.076923,0.028571,0.000000,0.005489,0.923077,0.995688,0.347826,0.000000
18,113,0.076923,0.028571,0.000000,0.103711,0.923077,0.918539,0.217391,0.000000
18,114,0.076923,0.028571,0.000000,0.000000,0.923077,1.000000,0.405797,0.000000
18,115,0.076923,0.028571,0.000000,0.103711,0.923077,0.918539,0.260870,0.000000
18,116,0.076923,0.028571,0.000000,0.152739,0.923077,0.880030,0.362319,0.000000
18,117,0.076923,0.028571,0.000000,0.153248,0.923077,0.879630,0.217391,0.000000
18,118,0.076923,0.028571,0.000000,0.294321,0.923077,0.768822,0.376812,0.000000
18,119,0.076923,0.028571,0.000000,0.017606,0.923077,0.986171,0.217391,0.000000
18,120,0.076923,0.028571,0.135181,0.994002,0.923077,0.160171,0.275362,0.027036
18,121,0.076923,0.028571,0.000000,1.000000,0.923077,0.214539,0.188406,0.000000
18,122,0.076923,0.028571,0.290428,0.311927,0.923077,0.628064,0.246377,0.058086
18,123,0.076923,0.028571,0.000000,0.000000,0.923077,1.000000,0.333333,0.000000
18,124,0.076923,0.028571,0.000000,0.132332,0.923077,0.896059,0.159420,0.000000
18,125,0.076923,0.028571,0.000000,0.200536,0.923077,0.842487,0.333333,0.000000
18,126,0.076923,0.028571,0.000000,0.103711,0.923077,0.918539,0.202899,0.000000
18,127,0.076923,0.028571,0.000000,0.014582,0.923077,0.988546,0.376812,0.000000
18,128,0.076923,0.028571,0.000000,0.063857,0.923077,0.949843,0.173913,0.000000
18,129,0.076923,0.028571,0.000000,0.494858,0.923077,0.611309,0.318841,0.000000
18,130,0.076923,0.028571,0.000000,0.467794,0.923077,0.632566,0.289855,0.000000
18,131,0.076923,0.028571,0.000000,0.252552,0.923077,0.801630,0.347826,0.000000
18,132,0.076923,0.028571,0.000000,0.273206,0.923077,0.785408,0.217391,0.000000
18,133,0.076923,0.028571,0.265278,0.762115,0.923077,0.285451,0.260870,0.053056
18,134,0.076923,0.028571,0.000000,0.209454,0.923077,0.835482,0.318841,0.000000
18,135,0.076923,0.028571,0.000000,0.119150,0.923077,0.906412,0.202899,0.000000
18,136,0.076923,0.028571,0.000000,0.050304,0.923077,0.960488,0.391304,0.000000
18,137,0.076923,0.028571,0.188543,0.234143,0.923077,0.733688,0.188406,0.037709
18,138,0.076923,0.028571,0.000000,0.356703,0.923077,0.719824,0.289855,0.000000
18,139,0.076923,0.028571,0.000000,0.272398,0.923077,0.786042,0.217391,0.000000
18,140,0.076923,0.028571,0.000000,0.314524,0.923077,0.752954,0.333333,0.000000
18,141,0.076923,0.028571,0.135328,0.234143,0.923077,0.756946,0.260870,0.027066
18,142,0.076923,0.028571,0.101707,0.828719,0.923077,0.304623,0.333333,0.020341
18,143,0.076923,0.028571,0.000000,0.834718,0.923077,0.344362,0.188406,0.000000
18,144,0.076923,0.028571,0.228393,0.264220,0.923077,0.692649,0.304348,0.045679
18,145,0.076923,0.028571,0.000000,0.000000,0.923077,1.000000,0.202899,0.000000
18,146,0.076923,0.028571,0.000000,0.028621,0.923077,0.977519,0.304348,0.000000
18,147,0.076923,0.028571,0.000000,0.200536,0.923077,0.842487,0.202899,0.000000
18,148,0.076923,0.028571,0.278897,0.379079,0.923077,0.580359,0.260870,0.055779
18,149,0.076923,0.028571,0.216849,0.014582,0.923077,0.893775,0.231884,0.024730
18,150,0.076923,0.028571,0.153675,0.063857,0.923077,0.882681,0.289855,0.017526
18,151,0.076923,0.028571,0.390816,0.200536,0.923077,0.671684,0.202899,0.044570
18,152,0.076923,0.028571,0.372676,0.829267,0.923077,0.185769,0.362319,0.074535
18,153,0.076923,0.028571,0.000000,0.014582,0.923077,0.988546,0.202899,0.000000
18,154,0.076923,0.028571,0.000000,0.035236,0.923077,0.972324,0.202899,0.000000
18,155,0.076923,0.028571,0.000000,0.450188,0.923077,0.646395,0.202899,0.000000
18,156,0.038462,0.021429,0.000000,0.479776,0.961538,0.623155,0.347826,0.000000
18,157,0.038462,0.021429,0.000000,0.394961,0.961538,0.689774,0.376812,0.000000
18,158,0.038462,0.021429,0.166988,0.326115,0.961538,0.670869,0.391304,0.019044
18,159,0.038462,0.021429,0.000000,0.509954,0.961538,0.599451,0.362319,0.000000
18,160,0.038462,0.021429,0.000000,0.479776,0.961538,0.623155,0.318841,0.000000
18,161,0.038462,0.021429,0.000000,0.394961,0.961538,0.689774,0.391304,0.000000
18,162,0.038462,0.021429,0.000000,0.590335,0.961538,0.536315,0.347826,0.000000
18,163,0.038462,0.021429,0.000000,0.509954,0.961538,0.599451,0.420290,0.000000
18,164,0.038462,0.021429,0.329244,0.348499,0.961538,0.582375,0.376812,0.037548
18,165,0.038462,0.021429,0.000000,0.348499,0.961538,0.726268,0.347826,0.000000
18,166,0.038462,0.021429,0.000000,0.540031,0.961538,0.575827,0.405797,0.000000
18,167,0.346154,0.078571,0.000000,0.379079,0.653846,0.702248,0.260870,0.000000
18,168,0.076923,0.028571,0.186391,0.000000,0.923077,0.918539,0.173913,0.021257
18,169,0.076923,0.028571,0.000000,0.000000,0.923077,1.000000,0.260870,0.000000
18,170,0.076923,0.028571,0.000000,0.000000,0.923077,1.000000,0.231884,0.000000
18,171,0.076923,0.028571,0.000000,0.000000,0.923077,1.000000,0.217391,0.000000
18,172,0.076923,0.028571,0.000000,0.000000,0.923077,1.000000,0.144928,0.000000
18,173,0.076923,0.028571,0.000000,0.000000,0.923077,1.000000,0.217391,0.000000
18,174,0.076923,0.028571,0.000000,0.000000,0.923077,1.000000,0.260870,0.000000
18,175,0.076923,0.028571,0.000000,0.075217,0.923077,0.940920,0.188406,0.000000
18,176,0.076923,0.028571,0.000000,0.741909,0.923077,0.417259,0.202899,0.000000
18,177,0.076923,0.028571,0.528961,0.741909,0.923077,0.186082,0.246377,0.060325
18,178,0.076923,0.028571,0.000000,0.075217,0.923077,0.940920,0.231884,0.000000
18,179,0.076923,0.028571,0.000000,0.183247,0.923077,0.856067,0.159420,0.000000
18,180,0.076923,0.028571,0.000000,0.000000,0.923077,1.000000,0.275362,0.000000
18,181,0.076923,0.028571,0.000000,0.078339,0.923077,0.938468,0.173913,0.000000
18,182,0.076923,0.028571,0.009865,0.000000,0.923077,0.995688,0.318841,0.001125
18,183,0.076923,0.028571,0.000000,0.200064,0.923077,0.842857,0.159420,0.000000
18,184,0.076923,0.028571,0.000000,0.000000,0.923077,1.000000,0.188406,0.000000
18,185,0.076923,0.028571,0.275421,0.000000,0.923077,0.879630,0.289855,0.031410
18,186,0.076923,0.028571,0.000000,0.131808,0.923077,0.896470,0.202899,0.000000
18,187,0.076923,0.028571,0.000000,0.409132,0.923077,0.678643,0.202899,0.000000
18,188,0.076923,0.028571,0.000000,0.313976,0.923077,0.753385,0.188406,0.000000
18,189,0.076923,0.028571,0.233689,0.131808,0.923077,0.794338,0.246377,0.026651
18,190,0.076923,0.028571,0.000000,0.155182,0.923077,0.878111,0.159420,0.000000
18,191,0.076923,0.028571,0.000000,0.000000,0.923077,1.000000,0.289855,0.000000
18,192,0.076923,0.028571,0.000000,0.085507,0.923077,0.932838,0.188406,0.000000
18,193,0.076923,0.028571,0.000000,0.120658,0.923077,0.905228,0.260870,0.000000
18,194,0.076923,0.028571,0.000000,0.362544,0.923077,0.715236,0.159420,0.000000
18,195,0.076923,0.028571,0.228722,0.217455,0.923077,0.729237,0.246377,0.045744
18,196,0.076923,0.028571,0.000000,0.085507,0.923077,0.932838,0.260870,0.000000
18,197,0.076923,0.028571,0.000000,0.120658,0.923077,0.905228,0.217391,0.000000
18,198,0.076923,0.028571,0.746495,0.787673,0.923077,0.055065,0.231884,0.085133
18,199,0.076923,0.028571,0.000000,0.797766,0.923077,0.373386,0.188406,0.000000
18,200,0.076923,0.028571,0.000000,0.000000,0.923077,1.000000,0.202899,0.000000
18,201,0.076923,0.028571,0.000000,0.183247,0.923077,0.856067,0.275362,0.000000
18,202,0.076923,0.028571,0.000000,0.092915,0.923077,0.927019,0.173913,0.000000
18,203,0.076923,0.028571,0.214139,0.078339,0.923077,0.844880,0.144928,0.024421
18,204,0.076923,0.028571,0.288369,0.000000,0.923077,0.873971,0.304348,0.032887
18,205,0.076923,0.028571,0.000000,0.200064,0.923077,0.842857,0.217391,0.000000
18,206,0.076923,0.028571,0.000000,0.092915,0.923077,0.927019,0.173913,0.000000
18,207,0.076923,0.028571,0.000000,0.000000,0.923077,1.000000,0.173913,0.000000
18,208,0.076923,0.028571,0.000000,0.239787,0.923077,0.811657,0.173913,0.000000
18,209,0.076923,0.028571,0.000000,0.247533,0.923077,0.805572,0.231884,0.000000
18,210,0.076923,0.028571,0.000000,0.152377,0.923077,0.880314,0.144928,0.000000
18,211,0.076923,0.028571,0.000000,0.239787,0.923077,0.811657,0.188406,0.000000
18,212,0.038462,0.021429,0.000000,0.155182,0.961538,0.878111,0.188406,0.000000
18,213,0.038462,0.021429,0.000000,0.000000,0.961538,1.000000,0.188406,0.000000
18,214,0.038462,0.021429,0.000000,0.085507,0.961538,0.932838,0.202899,0.000000
18,215,0.038462,0.021429,0.000000,0.120658,0.961538,0.905228,0.217391,0.000000
18,216,0.038462,0.021429,0.681290,0.362544,0.961538,0.417484,0.173913,0.077697
18,217,0.038462,0.021429,0.000000,0.217455,0.961538,0.829197,0.188406,0.000000
18,218,0.038462,0.021429,0.000000,0.085507,0.961538,0.932838,0.202899,0.000000
18,219,0.038462,0.021429,0.000000,0.120658,0.961538,0.905228,0.217391,0.000000
18,220,0.038462,0.021429,0.000000,0.207362,0.961538,0.837125,0.188406,0.000000
18,221,0.038462,0.021429,0.000000,0.217455,0.961538,0.829197,0.188406,0.000000
18,222,0.038462,0.021429,0.000000,0.000000,0.961538,1.000000,0.202899,0.000000
18,223,0.346154,0.078571,0.169138,0.276110,0.653846,0.709206,0.144928,0.033828
18,224,0.019231,0.017857,0.000000,0.005489,0.980769,0.995688,0.405797,0.000000
18,225,0.019231,0.017857,0.000000,0.103711,0.980769,0.918539,0.376812,0.000000
18,226,0.019231,0.017857,0.000000,0.000000,0.980769,1.000000,0.434783,0.000000
18,227,0.019231,0.017857,0.000000,0.103711,0.980769,0.918539,0.376812,0.000000
18,228,0.019231,0.017857,0.000000,0.005489,0.980769,0.995688,0.420290,0.000000
18,229,0.019231,0.017857,0.000000,0.153248,0.980769,0.879630,0.333333,0.000000
18,230,0.019231,0.017857,0.000000,0.294321,0.980769,0.768822,0.449275,0.000000
18,231,0.019231,0.017857,0.000000,0.000000,0.980769,1.000000,0.376812,0.000000
18,232,0.019231,0.017857,0.000000,0.130028,0.980769,0.897868,0.391304,0.000000
18,233,0.019231,0.017857,0.000000,0.283275,0.980769,0.777498,0.362319,0.000000
18,234,0.019231,0.017857,0.000000,0.294321,0.980769,0.768822,0.376812,0.000000
18,235,0.019231,0.017857,0.000000,0.000000,0.980769,1.000000,0.391304,0.000000
18,236,0.019231,0.017857,0.000000,0.103711,0.980769,0.918539,0.376812,0.000000
18,237,0.019231,0.017857,0.000000,0.127264,0.980769,0.900039,0.391304,0.000000
18,238,0.019231,0.017857,0.000000,0.103711,0.980769,0.918539,0.391304,0.000000
18,239,0.019231,0.017857,0.000000,0.000000,0.980769,1.000000,0.420290,0.000000
18,240,0.019231,0.017857,0.000000,0.000000,0.980769,1.000000,0.347826,0.000000
18,241,0.019231,0.017857,0.000000,0.421585,0.980769,0.668861,0.376812,0.000000
18,242,0.019231,0.017857,0.000000,0.415360,0.980769,0.673751,0.434783,0.000000
18,243,0.019231,0.017857,0.000000,0.000000,0.980769,1.000000,0.434783,0.000000
18,244,0.019231,0.017857,0.000000,0.000000,0.980769,1.000000,0.391304,0.000000
18,245,0.019231,0.017857,0.777671,0.709682,0.980769,0.102699,0.376812,0.155534
18,246,0.019231,0.017857,0.000000,0.165941,0.980769,0.869660,0.376812,0.000000
18,247,0.019231,0.017857,0.140792,0.119150,0.980769,0.844880,0.333333,0.028158
18,248,0.019231,0.017857,0.000000,0.000000,0.980769,1.000000,0.405797,0.000000
18,249,0.019231,0.017857,0.000000,0.000000,0.980769,1.000000,0.347826,0.000000
18,250,0.019231,0.017857,0.000000,0.165941,0.980769,0.869660,0.376812,0.000000
18,251,0.019231,0.017857,0.000000,0.272398,0.980769,0.786042,0.362319,0.000000
18,252,0.019231,0.017857,0.000000,0.000000,0.980769,1.000000,0.463768,0.000000
18,253,0.019231,0.017857,0.035689,0.000000,0.980769,0.984403,0.376812,0.004070
18,254,0.019231,0.017857,0.000000,0.130028,0.980769,0.897868,0.391304,0.000000
18,255,0.019231,0.017857,0.000000,0.283275,0.980769,0.777498,0.362319,0.000000
18,256,0.019231,0.017857,0.045463,0.000000,0.980769,0.980131,0.463768,0.005185
18,257,0.019231,0.017857,0.000000,0.000000,0.980769,1.000000,0.434783,0.000000
18,258,0.019231,0.017857,0.000000,0.000000,0.980769,1.000000,0.391304,0.000000
18,259,0.019231,0.017857,0.000000,0.127264,0.980769,0.900039,0.405797,0.000000
18,260,0.019231,0.017857,0.000000,0.379079,0.980769,0.702248,0.420290,0.000000
18,261,0.019231,0.017857,0.000000,0.000000,0.980769,1.000000,0.391304,0.000000
18,262,0.019231,0.017857,0.000000,0.000000,0.980769,1.000000,0.376812,0.000000
18,263,0.019231,0.017857,0.000000,0.127264,0.980769,0.900039,0.333333,0.000000
18,264,0.019231,0.017857,0.000000,0.794440,0.980769,0.375999,0.420290,0.000000
18,265,0.019231,0.017857,0.000000,0.000000,0.980769,1.000000,0.420290,0.000000
18,266,0.019231,0.017857,0.000000,0.000000,0.980769,1.000000,0.449275,0.000000
18,267,0.019231,0.017857,0.000000,0.415360,0.980769,0.673751,0.347826,0.000000
18,268,0.000000,0.014286,0.000000,0.254563,1.000000,0.800051,0.376812,0.000000
18,269,0.000000,0.014286,0.000000,0.213261,1.000000,0.832492,0.376812,0.000000
18,270,0.000000,0.014286,0.000000,0.094111,1.000000,0.926080,0.391304,0.000000
18,271,0.000000,0.014286,0.000000,0.094111,1.000000,0.926080,0.362319,0.000000
18,272,0.000000,0.014286,0.000000,0.254563,1.000000,0.800051,0.391304,0.000000
18,273,0.000000,0.014286,0.000000,0.213261,1.000000,0.832492,0.434783,0.000000
18,274,0.000000,0.014286,0.000000,0.094111,1.000000,0.926080,0.376812,0.000000
18,275,0.000000,0.014286,0.000000,0.094111,1.000000,0.926080,0.434783,0.000000
18,276,0.000000,0.014286,0.000000,0.094111,1.000000,0.926080,0.391304,0.000000
18,277,0.000000,0.014286,0.000000,0.094111,1.000000,0.926080,0.391304,0.000000
18,278,0.000000,0.014286,0.000000,0.094111,1.000000,0.926080,0.405797,0.000000
18,279,0.153846,0.042857,0.000000,0.379079,0.846154,0.702248,0.304348,0.000000
18,280,1.000000,0.200000,0.000000,0.556199,0.000000,0.563127,0.144928,0.000000
19,0,0.076923,0.028571,0.199731,0.000000,0.923077,0.942272,0.414286,0.018624
19,1,0.076923,0.028571,0.000000,0.175327,0.923077,0.872936,0.214286,0.000000
19,2,0.076923,0.028571,0.000000,0.000000,0.923077,1.000000,0.428571,0.000000
19,3,0.076923,0.028571,0.000000,0.176737,0.923077,0.871914,0.171429,0.000000
19,4,0.076923,0.028571,0.000000,0.155703,0.923077,0.887158,0.385714,0.000000
19,5,0.076923,0.028571,0.000000,0.093572,0.923077,0.932186,0.200000,0.000000
19,6,0.076923,0.028571,0.000000,0.310652,0.923077,0.774863,0.442857,0.000000
19,7,0.076923,0.028571,0.000000,0.331703,0.923077,0.759606,0.242857,0.000000
19,8,0.076923,0.028571,0.593562,0.604530,0.923077,0.390325,0.342857,0.055347
19,9,0.076923,0.028571,0.778939,0.448827,0.923077,0.449587,0.271429,0.072632
19,10,0.076923,0.028571,0.000000,0.547372,0.923077,0.603306,0.271429,0.000000
19,11,0.076923,0.028571,0.000000,0.131773,0.923077,0.904501,0.342857,0.000000
19,12,0.076923,0.028571,0.000000,0.175327,0.923077,0.872936,0.171429,0.000000
19,13,0.076923,0.028571,0.000000,0.245893,0.923077,0.821795,0.342857,0.000000
19,14,0.076923,0.028571,0.000000,0.176737,0.923077,0.871914,0.200000,0.000000
19,15,0.076923,0.028571,0.000000,0.000000,0.923077,1.000000,0.371429,0.000000
19,16,0.076923,0.028571,0.000000,0.197730,0.923077,0.856700,0.171429,0.000000
19,17,0.076923,0.028571,0.000000,0.424772,0.923077,0.692158,0.357143,0.000000
19,18,0.076923,0.028571,0.195998,0.331703,0.923077,0.702957,0.257143,0.039200
19,19,0.076923,0.028571,0.000000,0.000000,0.923077,1.000000,0.314286,0.000000
19,20,0.076923,0.028571,0.000000,0.104158,0.923077,0.924514,0.271429,0.000000
19,21,0.076923,0.028571,0.125406,0.547372,0.923077,0.567060,0.228571,0.025081
19,22,0.076923,0.028571,0.000000,0.111125,0.923077,0.919465,0.371429,0.000000
19,23,0.076923,0.028571,0.000000,0.454545,0.923077,0.670580,0.214286,0.000000
19,24,0.076923,0.028571,0.000000,0.036935,0.923077,0.973233,0.385714,0.000000
19,25,0.076923,0.028571,0.000000,0.372148,0.923077,0.730295,0.171429,0.000000
19,26,0.076923,0.028571,0.000000,0.229893,0.923077,0.833391,0.385714,0.000000
19,27,0.076923,0.028571,0.000000,0.199258,0.923077,0.855593,0.185714,0.000000
19,28,0.076923,0.028571,0.000000,0.150853,0.923077,0.890673,0.385714,0.000000
19,29,0.076923,0.028571,0.000000,0.116861,0.923077,0.915308,0.185714,0.000000
19,30,0.076923,0.028571,0.000000,0.648922,0.923077,0.529710,0.342857,0.000000
19,31,0.076923,0.028571,0.000000,0.493220,0.923077,0.642551,0.185714,0.000000
19,32,0.076923,0.028571,0.000000,0.150853,0.923077,0.890673,0.242857,0.000000
19,33,0.076923,0.028571,0.304028,0.511607,0.923077,0.541353,0.271429,0.060806
19,34,0.076923,0.028571,0.092611,0.000000,0.923077,0.973233,0.185714,0.008635
19,35,0.076923,0.028571,0.499628,0.625727,0.923077,0.402113,0.271429,0.099926
19,36,0.076923,0.028571,0.000000,0.000256,0.923077,0.999814,0.185714,0.000000
19,37,0.076923,0.028571,0.000000,0.000000,0.923077,1.000000,0.314286,0.000000
19,38,0.076923,0.028571,0.000000,0.104158,0.923077,0.924514,0.271429,0.000000
19,39,0.076923,0.028571,0.000000,0.164266,0.923077,0.880952,0.271429,0.000000
19,40,0.076923,0.028571,0.000000,0.127801,0.923077,0.907380,0.185714,0.000000
19,41,0.076923,0.028571,0.000000,0.000000,0.923077,1.000000,0.185714,0.000000
19,42,0.076923,0.028571,0.000000,0.104158,0.923077,0.924514,0.185714,0.000000
19,43,0.076923,0.028571,0.000000,0.177690,0.923077,0.871223,0.171429,0.000000
19,44,0.038462,0.021429,0.000000,0.656580,0.961538,0.524160,0.314286,0.000000
19,45,0.038462,0.021429,0.952410,1.000000,0.961538,0.000000,0.400000,0.088807
19,46,0.038462,0.021429,0.000000,0.582390,0.961538,0.577927,0.328571,0.000000
19,47,0.038462,0.021429,0.000000,0.917603,0.961538,0.334990,0.357143,0.000000
19,48,0.038462,0.021429,0.000643,0.619646,0.961538,0.550741,0.414286,0.000129
19,49,0.038462,0.021429,0.000000,0.744714,0.961538,0.460287,0.371429,0.000000
19,50,0.038462,0.021429,0.000000,0.696308,0.961538,0.495368,0.328571,0.000000
19,51,0.038462,0.021429,0.000000,0.662317,0.961538,0.520003,0.328571,0.000000
19,52,0.038462,0.021429,0.319809,0.589848,0.961538,0.480088,0.385714,0.029820
19,53,0.038462,0.021429,0.125739,0.589848,0.961538,0.536180,0.314286,0.011724
19,54,0.038462,0.021429,0.000000,0.696308,0.961538,0.495368,0.342857,0.000000
19,55,0.346154,0.078571,0.488436,0.557781,0.653846,0.454590,0.257143,0.097687
19,56,0.076923,0.028571,0.005264,0.000000,0.923077,0.998478,0.400000,0.000491
19,57,0.076923,0.028571,0.000000,0.079655,0.923077,0.942272,0.228571,0.000000
19,58,0.076923,0.028571,0.234627,0.000000,0.923077,0.932186,0.385714,0.021878
19,59,0.076923,0.028571,0.000000,0.079655,0.923077,0.942272,0.214286,0.000000
19,60,0.076923,0.028571,0.238163,0.078166,0.923077,0.874515,0.385714,0.022207
19,61,0.076923,0.028571,0.000000,0.000000,0.923077,1.000000,0.185714,0.000000
19,62,0.076923,0.028571,0.000000,0.310652,0.923077,0.774863,0.342857,0.000000
19,63,0.076923,0.028571,0.000000,0.252642,0.923077,0.816904,0.228571,0.000000
19,64,0.076923,0.028571,0.000000,0.532545,0.923077,0.614051,0.300000,0.000000
19,65,0.076923,0.028571,0.000000,0.454379,0.923077,0.670700,0.185714,0.000000
19,66,0.076923,0.028571,0.000000,0.563293,0.923077,0.591767,0.257143,0.000000
19,67,0.076923,0.028571,0.000000,0.182500,0.923077,0.867738,0.357143,0.000000
19,68,0.076923,0.028571,0.000000,0.079655,0.923077,0.942272,0.185714,0.000000
19,69,0.076923,0.028571,0.000000,0.000000,0.923077,1.000000,0.342857,0.000000
19,70,0.076923,0.028571,0.000000,0.079655,0.923077,0.942272,0.200000,0.000000
19,71,0.076923,0.028571,0.000000,0.298477,0.923077,0.783686,0.371429,0.000000
19,72,0.076923,0.028571,0.000000,0.000000,0.923077,1.000000,0.200000,0.000000
19,73,0.076923,0.028571,0.000000,0.310652,0.923077,0.774863,0.328571,0.000000
19,74,0.076923,0.028571,0.194417,0.411728,0.923077,0.645418,0.285714,0.038883
19,75,0.076923,0.028571,0.000000,0.429319,0.923077,0.688862,0.300000,0.000000
19,76,0.076923,0.028571,0.000000,0.313342,0.923077,0.772913,0.185714,0.000000
19,77,0.076923,0.028571,1.000000,0.722380,0.923077,0.187443,0.314286,0.200000
19,78,0.076923,0.028571,0.000000,0.182685,0.923077,0.867604,0.371429,0.000000
19,79,0.076923,0.028571,0.330412,0.320509,0.923077,0.672220,0.214286,0.030809
19,80,0.076923,0.028571,0.000000,0.151182,0.923077,0.890434,0.385714,0.000000
19,81,0.076923,0.028571,0.000000,0.123378,0.923077,0.910585,0.228571,0.000000
19,82,0.076923,0.028571,0.000000,0.294178,0.923077,0.786802,0.300000,0.000000
19,83,0.076923,0.028571,0.286149,0.213545,0.923077,0.762533,0.200000,0.026682
19,84,0.076923,0.028571,0.261169,0.091891,0.923077,0.857919,0.385714,0.024353
19,85,0.076923,0.028571,0.000000,0.002127,0.923077,0.998458,0.271429,0.000000
19,86,0.076923,0.028571,0.000000,0.390732,0.923077,0.716827,0.314286,0.000000
19,87,0.076923,0.028571,0.000000,0.234233,0.923077,0.830245,0.200000,0.000000
19,88,0.076923,0.028571,0.000000,0.000000,0.923077,1.000000,0.271429,0.000000
19,89,0.076923,0.028571,0.336086,0.642281,0.923077,0.437384,0.214286,0.067217
19,90,0.076923,0.028571,0.000000,0.034875,0.923077,0.974725,0.200000,0.000000
19,91,0.076923,0.028571,0.000000,0.459782,0.923077,0.666785,0.200000,0.000000
19,92,0.076923,0.028571,0.186028,0.000256,0.923077,0.946047,0.214286,0.017346
19,93,0.076923,0.028571,0.293022,0.298477,0.923077,0.698994,0.242857,0.058604
19,94,0.076923,0.028571,0.000000,0.034875,0.923077,0.974725,0.157143,0.000000
19,95,0.076923,0.028571,0.000000,0.050146,0.923077,0.963658,0.271429,0.000000
19,96,0.076923,0.028571,0.000000,0.434939,0.923077,0.684789,0.200000,0.000000
19,97,0.076923,0.028571,0.000000,0.194888,0.923077,0.858760,0.200000,0.000000
19,98,0.076923,0.028571,0.378254,0.078910,0.923077,0.833485,0.314286,0.035270
19,99,0.076923,0.028571,0.111312,0.484829,0.923077,0.616460,0.285714,0.022262
19,100,0.038462,0.021429,0.000000,0.413566,0.961538,0.700279,0.385714,0.000000
19,101,0.038462,0.021429,0.000000,0.551390,0.961538,0.600394,0.328571,0.000000
19,102,0.038462,0.021429,0.000000,0.382063,0.961538,0.723109,0.328571,0.000000
19,103,0.038462,0.021429,0.000000,0.354258,0.961538,0.743260,0.371429,0.000000
19,104,0.038462,0.021429,0.000000,0.446893,0.961538,0.676126,0.328571,0.000000
19,105,0.038462,0.021429,0.000000,0.444425,0.961538,0.677914,0.385714,0.000000
19,106,0.038462,0.021429,0.000000,0.322772,0.961538,0.766079,0.328571,0.000000
19,107,0.038462,0.021429,0.000000,0.233008,0.961538,0.831133,0.371429,0.000000
19,108,0.038462,0.021429,0.000000,0.323499,0.961538,0.765552,0.328571,0.000000
19,109,0.038462,0.021429,0.000000,0.245167,0.961538,0.822321,0.385714,0.000000
19,110,0.038462,0.021429,0.000000,0.230881,0.961538,0.832675,0.385714,0.000000
19,111,0.346154,0.078571,0.879259,0.820655,0.653846,0.151119,0.257143,0.175852
19,112,0.076923,0.028571,0.000000,0.000000,0.923077,1.000000,0.342857,0.000000
19,113,0.076923,0.028571,0.000000,0.170530,0.923077,0.876413,0.214286,0.000000
19,114,0.076923,0.028571,0.000000,0.000000,0.923077,1.000000,0.400000,0.000000
19,115,0.076923,0.028571,0.000000,0.152723,0.923077,0.889318,0.257143,0.000000
19,116,0.076923,0.028571,0.000000,0.077536,0.923077,0.943808,0.357143,0.000000
19,117,0.076923,0.028571,0.000000,0.307459,0.923077,0.777177,0.214286,0.000000
19,118,0.076923,0.028571,0.000000,0.123936,0.923077,0.910181,0.371429,0.000000
19,119,0.076923,0.028571,0.000000,0.221137,0.923077,0.839737,0.214286,0.000000
19,120,0.076923,0.028571,0.039921,0.476350,0.923077,0.643239,0.271429,0.003722
19,121,0.076923,0.028571,0.000000,0.593483,0.923077,0.569888,0.185714,0.000000
19,122,0.076923,0.028571,0.587823,0.250090,0.923077,0.648855,0.242857,0.054811
19,123,0.076923,0.028571,0.000000,0.131773,0.923077,0.904501,0.328571,0.000000
19,124,0.076923,0.028571,0.000000,0.151313,0.923077,0.890340,0.157143,0.000000
19,125,0.076923,0.028571,0.000000,0.373389,0.923077,0.729395,0.328571,0.000000
19,126,0.076923,0.028571,0.000000,0.152723,0.923077,0.889318,0.200000,0.000000
19,127,0.076923,0.028571,0.000000,0.000000,0.923077,1.000000,0.371429,0.000000
19,128,0.076923,0.028571,0.000000,0.595235,0.923077,0.568618,0.171429,0.000000
19,129,0.076923,0.028571,0.000000,0.365552,0.923077,0.735075,0.314286,0.000000
19,130,0.076923,0.028571,0.000000,0.272179,0.923077,0.802745,0.285714,0.000000
19,131,0.076923,0.028571,0.000000,0.000000,0.923077,1.000000,0.342857,0.000000
19,132,0.076923,0.028571,0.000000,0.501663,0.923077,0.636433,0.214286,0.000000
19,133,0.076923,0.028571,0.426098,0.301132,0.923077,0.658607,0.257143,0.039731
19,134,0.076923,0.028571,0.000000,0.078742,0.923077,0.942934,0.314286,0.000000
19,135,0.076923,0.028571,0.000000,0.153253,0.923077,0.888934,0.200000,0.000000
19,136,0.076923,0.028571,0.000000,0.000000,0.923077,1.000000,0.385714,0.000000
19,137,0.076923,0.028571,0.457606,0.250897,0.923077,0.685907,0.185714,0.042669
19,138,0.076923,0.028571,0.000000,0.156278,0.923077,0.886741,0.285714,0.000000
19,139,0.076923,0.028571,0.000000,0.019217,0.923077,0.986073,0.214286,0.000000
19,140,0.076923,0.028571,0.000000,0.242899,0.923077,0.823965,0.328571,0.000000
19,141,0.076923,0.028571,0.290806,0.243016,0.923077,0.739829,0.257143,0.027116
19,142,0.076923,0.028571,0.398899,0.520743,0.923077,0.507311,0.328571,0.037195
19,143,0.076923,0.028571,0.000000,0.443206,0.923077,0.678797,0.185714,0.000000
19,144,0.076923,0.028571,0.197862,0.369053,0.923077,0.675350,0.300000,0.039572
19,145,0.076923,0.028571,0.000000,0.131773,0.923077,0.904501,0.200000,0.000000
19,146,0.076923,0.028571,0.056058,0.000000,0.923077,0.983797,0.300000,0.005227
19,147,0.076923,0.028571,0.000000,0.373389,0.923077,0.729395,0.200000,0.000000
19,148,0.076923,0.028571,0.309401,0.102513,0.923077,0.836280,0.257143,0.028850
19,149,0.076923,0.028571,0.005333,0.000000,0.923077,0.998458,0.242857,0.000497
19,150,0.076923,0.028571,0.230411,0.306993,0.923077,0.710919,0.300000,0.046082
19,151,0.076923,0.028571,0.035822,0.241617,0.923077,0.814541,0.214286,0.007164
19,152,0.076923,0.028571,0.232235,0.302021,0.923077,0.713995,0.357143,0.021655
19,153,0.076923,0.028571,0.000000,0.000000,0.923077,1.000000,0.200000,0.000000
19,154,0.076923,0.028571,0.000000,0.306993,0.923077,0.777515,0.200000,0.000000
19,155,0.076923,0.028571,0.000000,0.199508,0.923077,0.855412,0.200000,0.000000
19,156,0.038462,0.021429,0.000000,0.429402,0.961538,0.688801,0.342857,0.000000
19,157,0.038462,0.021429,0.200464,0.484696,0.961538,0.590788,0.371429,0.018692
19,158,0.038462,0.021429,0.087446,0.350661,0.961538,0.720593,0.400000,0.008154
19,159,0.038462,0.021429,0.000000,0.601558,0.961538,0.564036,0.357143,0.000000
19,160,0.038462,0.021429,0.000000,0.429402,0.961538,0.688801,0.314286,0.000000
19,161,0.038462,0.021429,0.000000,0.350661,0.961538,0.745868,0.385714,0.000000
19,162,0.038462,0.021429,0.000000,0.593560,0.961538,0.569833,0.342857,0.000000
19,163,0.038462,0.021429,0.000000,0.467522,0.961538,0.661175,0.414286,0.000000
19,164,0.038462,0.021429,0.371230,0.395053,0.961538,0.606398,0.385714,0.034615
19,165,0.038462,0.021429,0.000000,0.395053,0.961538,0.713695,0.342857,0.000000
19,166,0.038462,0.021429,0.000000,0.593560,0.961538,0.569833,0.400000,0.000000
19,167,0.346154,0.078571,0.090483,0.124825,0.653846,0.883384,0.257143,0.008437
19,168,0.076923,0.028571,0.139516,0.000000,0.923077,0.959676,0.185714,0.013009
19,169,0.076923,0.028571,0.000000,0.000000,0.923077,1.000000,0.257143,0.000000
19,170,0.076923,0.028571,0.000000,0.000000,0.923077,1.000000,0.228571,0.000000
19,171,0.076923,0.028571,0.000000,0.000000,0.923077,1.000000,0.214286,0.000000
19,172,0.076923,0.028571,0.000000,0.000000,0.923077,1.000000,0.142857,0.000000
19,173,0.076923,0.028571,0.000000,0.000000,0.923077,1.000000,0.214286,0.000000
19,174,0.076923,0.028571,0.488122,0.000000,0.923077,0.858918,0.257143,0.045515
19,175,0.076923,0.028571,0.000000,0.015921,0.923077,0.988462,0.185714,0.000000
19,176,0.076923,0.028571,0.000000,0.437816,0.923077,0.682704,0.200000,0.000000
19,177,0.076923,0.028571,0.310761,0.437816,0.923077,0.592885,0.257143,0.062152
19,178,0.076923,0.028571,0.000000,0.015921,0.923077,0.988462,0.228571,0.000000
19,179,0.076923,0.028571,0.000000,0.230395,0.923077,0.833027,0.157143,0.000000
19,180,0.076923,0.028571,0.000000,0.000000,0.923077,1.000000,0.271429,0.000000
19,181,0.076923,0.028571,0.048185,0.047895,0.923077,0.951362,0.171429,0.009637
19,182,0.076923,0.028571,0.000000,0.000000,0.923077,1.000000,0.328571,0.000000
19,183,0.076923,0.028571,0.000000,0.298477,0.923077,0.783686,0.157143,0.000000
19,184,0.076923,0.028571,0.000000,0.000000,0.923077,1.000000,0.185714,0.000000
19,185,0.076923,0.028571,0.000000,0.000000,0.923077,1.000000,0.300000,0.000000
19,186,0.076923,0.028571,0.000000,0.175007,0.923077,0.873168,0.200000,0.000000
19,187,0.076923,0.028571,0.316324,0.429319,0.923077,0.597434,0.200000,0.063265
19,188,0.076923,0.028571,0.000000,0.313342,0.923077,0.772913,0.185714,0.000000
19,189,0.076923,0.028571,0.000000,0.175007,0.923077,0.873168,0.257143,0.000000
19,190,0.076923,0.028571,0.000000,0.145750,0.923077,0.894371,0.157143,0.000000
19,191,0.076923,0.028571,0.000000,0.000000,0.923077,1.000000,0.285714,0.000000
19,192,0.076923,0.028571,0.000000,0.114248,0.923077,0.917202,0.185714,0.000000
19,193,0.076923,0.028571,0.000000,0.002127,0.923077,0.998458,0.257143,0.000000
19,194,0.076923,0.028571,0.000000,0.216012,0.923077,0.843451,0.157143,0.000000
19,195,0.076923,0.028571,0.319690,0.014286,0.923077,0.897246,0.242857,0.029809
19,196,0.076923,0.028571,0.508597,0.091891,0.923077,0.786405,0.257143,0.047424
19,197,0.076923,0.028571,0.000000,0.002127,0.923077,0.998458,0.214286,0.000000
19,198,0.076923,0.028571,0.444309,0.409942,0.923077,0.574486,0.242857,0.088862
19,199,0.076923,0.028571,0.000000,0.331610,0.923077,0.759674,0.185714,0.000000
19,200,0.076923,0.028571,0.000000,0.000000,0.923077,1.000000,0.200000,0.000000
19,201,0.076923,0.028571,0.000000,0.310343,0.923077,0.775087,0.271429,0.000000
19,202,0.076923,0.028571,0.000000,0.034875,0.923077,0.974725,0.171429,0.000000
19,203,0.076923,0.028571,0.000000,0.127843,0.923077,0.907349,0.157143,0.000000
19,204,0.076923,0.028571,0.011412,0.000000,0.923077,0.996701,0.314286,0.001064
19,205,0.076923,0.028571,0.000000,0.298477,0.923077,0.783686,0.214286,0.000000
19,206,0.076923,0.028571,0.000000,0.034875,0.923077,0.974725,0.171429,0.000000
19,207,0.076923,0.028571,0.000000,0.000000,0.923077,1.000000,0.171429,0.000000
19,208,0.076923,0.028571,0.000000,0.307138,0.923077,0.777409,0.171429,0.000000
19,209,0.076923,0.028571,0.000000,0.194888,0.923077,0.858760,0.228571,0.000000
19,210,0.076923,0.028571,0.230800,0.078910,0.923077,0.876104,0.142857,0.021521
19,211,0.076923,0.028571,0.000000,0.307138,0.923077,0.777409,0.185714,0.000000
19,212,0.038462,0.021429,0.000000,0.181836,0.961538,0.868219,0.185714,0.000000
19,213,0.038462,0.021429,0.000000,0.036086,0.961538,0.973848,0.185714,0.000000
19,214,0.038462,0.021429,0.000000,0.150334,0.961538,0.891049,0.200000,0.000000
19,215,0.038462,0.021429,0.000000,0.038213,0.961538,0.972306,0.214286,0.000000
19,216,0.038462,0.021429,0.257046,0.252098,0.961538,0.743004,0.185714,0.051409
19,217,0.038462,0.021429,0.000000,0.050372,0.961538,0.963494,0.185714,0.000000
19,218,0.038462,0.021429,0.000000,0.127977,0.961538,0.907252,0.200000,0.000000
19,219,0.038462,0.021429,0.000000,0.038213,0.961538,0.972306,0.214286,0.000000
19,220,0.038462,0.021429,0.055945,0.242644,0.961538,0.807980,0.185714,0.011189
19,221,0.038462,0.021429,0.000000,0.164312,0.961538,0.880919,0.185714,0.000000
19,222,0.038462,0.021429,0.000000,0.036086,0.961538,0.973848,0.200000,0.000000
19,223,0.346154,0.078571,0.000000,0.262874,0.653846,0.809489,0.142857,0.000000
19,224,0.019231,0.017857,0.000000,0.000000,0.980769,1.000000,0.400000,0.000000
19,225,0.019231,0.017857,0.000000,0.074858,0.980769,0.945749,0.371429,0.000000
19,226,0.019231,0.017857,0.000000,0.000000,0.980769,1.000000,0.428571,0.000000
19,227,0.019231,0.017857,0.000000,0.055641,0.980769,0.959676,0.371429,0.000000
19,228,0.019231,0.017857,0.000000,0.000000,0.980769,1.000000,0.414286,0.000000
19,229,0.019231,0.017857,0.000000,0.213887,0.980769,0.844991,0.328571,0.000000
19,230,0.019231,0.017857,0.000000,0.123936,0.980769,0.910181,0.442857,0.000000
19,231,0.019231,0.017857,0.000000,0.126154,0.980769,0.908573,0.371429,0.000000
19,232,0.019231,0.017857,0.000000,0.000000,0.980769,1.000000,0.385714,0.000000
19,233,0.019231,0.017857,0.000000,0.194670,0.980769,0.858918,0.357143,0.000000
19,234,0.019231,0.017857,0.000000,0.250090,0.980769,0.818754,0.371429,0.000000
19,235,0.019231,0.017857,0.000000,0.000000,0.980769,1.000000,0.385714,0.000000
19,236,0.019231,0.017857,0.000000,0.055641,0.980769,0.959676,0.371429,0.000000
19,237,0.019231,0.017857,0.000000,0.127497,0.980769,0.907600,0.385714,0.000000
19,238,0.019231,0.017857,0.000000,0.055641,0.980769,0.959676,0.385714,0.000000
19,239,0.019231,0.017857,0.000000,0.000000,0.980769,1.000000,0.414286,0.000000
19,240,0.019231,0.017857,0.000000,0.397505,0.980769,0.711918,0.342857,0.000000
19,241,0.019231,0.017857,0.000000,0.251432,0.980769,0.817781,0.371429,0.000000
19,242,0.019231,0.017857,0.000000,0.177196,0.980769,0.871581,0.428571,0.000000
19,243,0.019231,0.017857,0.000000,0.000000,0.980769,1.000000,0.428571,0.000000
19,244,0.019231,0.017857,0.000000,0.397505,0.980769,0.711918,0.385714,0.000000
19,245,0.019231,0.017857,0.083876,0.301132,0.980769,0.757520,0.371429,0.007821
19,246,0.019231,0.017857,0.000000,0.004551,0.980769,0.996701,0.371429,0.000000
19,247,0.019231,0.017857,0.120095,0.019217,0.980769,0.951362,0.328571,0.011198
19,248,0.019231,0.017857,0.000000,0.000000,0.980769,1.000000,0.400000,0.000000
19,249,0.019231,0.017857,0.000000,0.000000,0.980769,1.000000,0.342857,0.000000
19,250,0.019231,0.017857,0.000000,0.004551,0.980769,0.996701,0.371429,0.000000
19,251,0.019231,0.017857,0.000000,0.019217,0.980769,0.986073,0.357143,0.000000
19,252,0.019231,0.017857,0.000000,0.092046,0.980769,0.933292,0.457143,0.000000
19,253,0.019231,0.017857,0.000000,0.126154,0.980769,0.908573,0.385714,0.000000
19,254,0.019231,0.017857,0.000000,0.000000,0.980769,1.000000,0.385714,0.000000
19,255,0.019231,0.017857,0.000000,0.000000,0.980769,1.000000,0.357143,0.000000
19,256,0.019231,0.017857,0.000000,0.218200,0.980769,0.841865,0.471429,0.000000
19,257,0.019231,0.017857,0.000000,0.000000,0.980769,1.000000,0.428571,0.000000
19,258,0.019231,0.017857,0.000000,0.000000,0.980769,1.000000,0.385714,0.000000
19,259,0.019231,0.017857,0.000000,0.127497,0.980769,0.907600,0.400000,0.000000
19,260,0.019231,0.017857,0.000000,0.102513,0.980769,0.925706,0.414286,0.000000
19,261,0.019231,0.017857,0.000000,0.000000,0.980769,1.000000,0.385714,0.000000
19,262,0.019231,0.017857,0.000000,0.202835,0.980769,0.853000,0.371429,0.000000
19,263,0.019231,0.017857,0.000000,0.127497,0.980769,0.907600,0.328571,0.000000
19,264,0.019231,0.017857,0.000000,0.302021,0.980769,0.781118,0.414286,0.000000
19,265,0.019231,0.017857,0.000000,0.000000,0.980769,1.000000,0.414286,0.000000
19,266,0.019231,0.017857,0.000000,0.202835,0.980769,0.853000,0.442857,0.000000
19,267,0.019231,0.017857,0.285696,0.199508,0.980769,0.772837,0.342857,0.026640
19,268,0.000000,0.014286,0.000000,0.004551,1.000000,0.996701,0.371429,0.000000
19,269,0.000000,0.014286,0.000000,0.000000,1.000000,1.000000,0.371429,0.000000
19,270,0.000000,0.014286,0.000000,0.000000,1.000000,1.000000,0.385714,0.000000
19,271,0.000000,0.014286,0.000000,0.000000,1.000000,1.000000,0.357143,0.000000
19,272,0.000000,0.014286,0.000000,0.004551,1.000000,0.996701,0.385714,0.000000
19,273,0.000000,0.014286,0.000000,0.000000,1.000000,1.000000,0.428571,0.000000
19,274,0.000000,0.014286,0.000000,0.092046,1.000000,0.933292,0.371429,0.000000
19,275,0.000000,0.014286,0.000000,0.000000,1.000000,1.000000,0.428571,0.000000
19,276,0.000000,0.014286,0.000000,0.000000,1.000000,1.000000,0.385714,0.000000
19,277,0.000000,0.014286,0.000000,0.000000,1.000000,1.000000,0.385714,0.000000
19,278,0.000000,0.014286,0.000000,0.092046,1.000000,0.933292,0.400000,0.000000
19,279,0.153846,0.042857,0.000000,0.124825,0.846154,0.909536,0.300000,0.000000
19,280,1.000000,0.200000,0.000000,0.195286,0.000000,0.858472,0.142857,0.000000
20,0,0.076923,0.028571,0.000000,0.095819,0.923077,0.921162,0.422535,0.000000
20,1,0.076923,0.028571,0.000000,0.000000,0.923077,1.000000,0.211268,0.000000
20,2,0.076923,0.028571,0.000000,0.000000,0.923077,1.000000,0.422535,0.000000
20,3,0.076923,0.028571,0.000000,0.000000,0.923077,1.000000,0.169014,0.000000
20,4,0.076923,0.028571,0.000000,0.452229,0.923077,0.627913,0.380282,0.000000
20,5,0.076923,0.028571,0.000000,0.000000,0.923077,1.000000,0.197183,0.000000
20,6,0.076923,0.028571,0.000000,0.281608,0.923077,0.768297,0.436620,0.000000
20,7,0.076923,0.028571,0.000000,0.000000,0.923077,1.000000,0.239437,0.000000
20,8,0.076923,0.028571,0.000000,0.707026,0.923077,0.418269,0.352113,0.000000
20,9,0.076923,0.028571,0.676792,0.350616,0.923077,0.479815,0.281690,0.135358
20,10,0.076923,0.028571,0.000000,0.281608,0.923077,0.768297,0.267606,0.000000
20,11,0.076923,0.028571,0.000000,0.000000,0.923077,1.000000,0.338028,0.000000
20,12,0.076923,0.028571,0.000000,0.282978,0.923077,0.767170,0.169014,0.000000
20,13,0.076923,0.028571,0.000000,0.000000,0.923077,1.000000,0.338028,0.000000
20,14,0.076923,0.028571,0.000000,0.348829,0.923077,0.712988,0.197183,0.000000
20,15,0.076923,0.028571,0.000000,0.196361,0.923077,0.838437,0.366197,0.000000
20,16,0.076923,0.028571,0.000000,0.282978,0.923077,0.767170,0.169014,0.000000
20,17,0.076923,0.028571,0.000000,0.281608,0.923077,0.768297,0.352113,0.000000
20,18,0.076923,0.028571,0.280355,0.363626,0.923077,0.604833,0.253521,0.022077
20,19,0.076923,0.028571,0.000000,0.343642,0.923077,0.717256,0.309859,0.000000
20,20,0.076923,0.028571,0.000000,0.147281,0.923077,0.878819,0.267606,0.000000
20,21,0.076923,0.028571,0.000000,0.296405,0.923077,0.756123,0.225352,0.000000
20,22,0.076923,0.028571,0.000000,0.095819,0.923077,0.921162,0.366197,0.000000
20,23,0.076923,0.028571,0.000000,0.140047,0.923077,0.884772,0.211268,0.000000
20,24,0.076923,0.028571,0.000000,0.056067,0.923077,0.953868,0.380282,0.000000
20,25,0.076923,0.028571,0.000000,0.046894,0.923077,0.961416,0.169014,0.000000
20,26,0.076923,0.028571,0.838347,0.656044,0.923077,0.173205,0.380282,0.167669
20,27,0.076923,0.028571,0.000000,0.227781,0.923077,0.812585,0.183099,0.000000
20,28,0.076923,0.028571,0.000000,0.297543,0.923077,0.755186,0.380282,0.000000
20,29,0.076923,0.028571,0.000000,0.040447,0.923077,0.966721,0.183099,0.000000
20,30,0.076923,0.028571,0.000000,0.894918,0.923077,0.263675,0.338028,0.000000
20,31,0.076923,0.028571,0.000000,0.428875,0.923077,0.647128,0.183099,0.000000
20,32,0.076923,0.028571,0.000000,0.241475,0.923077,0.801318,0.239437,0.000000
20,33,0.076923,0.028571,0.015496,0.050227,0.923077,0.953369,0.267606,0.001220
20,34,0.076923,0.028571,0.000000,0.282978,0.923077,0.767170,0.197183,0.000000
20,35,0.076923,0.028571,0.321080,0.050227,0.923077,0.848751,0.267606,0.025284
20,36,0.076923,0.028571,0.000000,0.564397,0.923077,0.535622,0.183099,0.000000
20,37,0.076923,0.028571,0.097206,0.196361,0.923077,0.805158,0.309859,0.019441
20,38,0.076923,0.028571,0.000000,0.282978,0.923077,0.767170,0.267606,0.000000
20,39,0.076923,0.028571,0.226350,0.031725,0.923077,0.896406,0.267606,0.017824
20,40,0.076923,0.028571,0.000000,0.861532,0.923077,0.291144,0.183099,0.000000
20,41,0.076923,0.028571,0.000000,0.196361,0.923077,0.838437,0.183099,0.000000
20,42,0.076923,0.028571,0.000000,0.000000,0.923077,1.000000,0.183099,0.000000
20,43,0.076923,0.028571,0.000000,0.328859,0.923077,0.729419,0.169014,0.000000
20,44,0.038462,0.021429,0.000000,0.487151,0.961538,0.599179,0.309859,0.000000
20,45,0.038462,0.021429,0.120712,0.627198,0.961538,0.442625,0.408451,0.024142
20,46,0.038462,0.021429,0.000000,0.543219,0.961538,0.553048,0.323944,0.000000
20,47,0.038462,0.021429,0.000000,0.534046,0.961538,0.560595,0.352113,0.000000
20,48,0.038462,0.021429,0.518078,0.690966,0.961538,0.254117,0.408451,0.103616
20,49,0.038462,0.021429,0.000000,0.714932,0.961538,0.411764,0.366197,0.000000
20,50,0.038462,0.021429,0.000000,0.784694,0.961538,0.354365,0.323944,0.000000
20,51,0.038462,0.021429,0.000000,0.527598,0.961538,0.565900,0.323944,0.000000
20,52,0.038462,0.021429,0.678546,0.822324,0.961538,0.091101,0.394366,0.135709
20,53,0.038462,0.021429,0.076244,0.712691,0.961538,0.387506,0.323944,0.015249
20,54,0.038462,0.021429,0.000000,0.728627,0.961538,0.400497,0.338028,0.000000
20,55,0.346154,0.078571,0.170778,0.579857,0.653846,0.464435,0.253521,0.013448
20,56,0.076923,0.028571,0.000000,0.000000,0.923077,1.000000,0.408451,0.000000
20,57,0.076923,0.028571,0.000000,0.000000,0.923077,1.000000,0.225352,0.000000
20,58,0.076923,0.028571,0.000000,0.000000,0.923077,1.000000,0.394366,0.000000
20,59,0.076923,0.028571,0.000000,0.000000,0.923077,1.000000,0.211268,0.000000
20,60,0.076923,0.028571,0.000000,0.116653,0.923077,0.904019,0.394366,0.000000
20,61,0.076923,0.028571,0.000000,0.000000,0.923077,1.000000,0.183099,0.000000
20,62,0.076923,0.028571,0.000000,0.281608,0.923077,0.768297,0.338028,0.000000
20,63,0.076923,0.028571,0.000000,0.000000,0.923077,1.000000,0.225352,0.000000
20,64,0.076923,0.028571,0.000000,0.116653,0.923077,0.904019,0.295775,0.000000
20,65,0.076923,0.028571,0.000000,0.000000,0.923077,1.000000,0.183099,0.000000
20,66,0.076923,0.028571,0.353963,0.281608,0.923077,0.647117,0.253521,0.027873
20,67,0.076923,0.028571,0.000000,0.074509,0.923077,0.938695,0.352113,0.000000
20,68,0.076923,0.028571,0.000000,0.000000,0.923077,1.000000,0.183099,0.000000
20,69,0.076923,0.028571,0.000000,0.000000,0.923077,1.000000,0.338028,0.000000
20,70,0.076923,0.028571,0.230282,0.348829,0.923077,0.634150,0.197183,0.018134
20,71,0.076923,0.028571,0.000000,0.074509,0.923077,0.938695,0.366197,0.000000
20,72,0.076923,0.028571,0.000000,0.000000,0.923077,1.000000,0.197183,0.000000
20,73,0.076923,0.028571,0.000000,0.281608,0.923077,0.768297,0.323944,0.000000
20,74,0.076923,0.028571,0.576210,0.392784,0.923077,0.479555,0.281690,0.045374
20,75,0.076923,0.028571,0.000000,0.130460,0.923077,0.892659,0.295775,0.000000
20,76,0.076923,0.028571,0.000000,0.130460,0.923077,0.892659,0.183099,0.000000
20,77,0.076923,0.028571,0.488679,0.325563,0.923077,0.564831,0.309859,0.038481
20,78,0.076923,0.028571,0.000000,0.484553,0.923077,0.601317,0.366197,0.000000
20,79,0.076923,0.028571,0.000000,0.140047,0.923077,0.884772,0.225352,0.000000
20,80,0.076923,0.028571,0.680086,0.329859,0.923077,0.495766,0.380282,0.136017
20,81,0.076923,0.028571,0.000000,0.046894,0.923077,0.961416,0.225352,0.000000
20,82,0.076923,0.028571,0.000000,0.519331,0.923077,0.572702,0.295775,0.000000
20,83,0.076923,0.028571,0.000000,0.509389,0.923077,0.580882,0.211268,0.000000
20,84,0.076923,0.028571,0.000000,0.281507,0.923077,0.768380,0.394366,0.000000
20,85,0.076923,0.028571,0.471917,0.040447,0.923077,0.805158,0.267606,0.037162
20,86,0.076923,0.028571,0.035562,0.313873,0.923077,0.729575,0.309859,0.007112
20,87,0.076923,0.028571,0.000000,0.375790,0.923077,0.690806,0.197183,0.000000
20,88,0.076923,0.028571,0.000000,0.230742,0.923077,0.810149,0.267606,0.000000
20,89,0.076923,0.028571,0.000000,0.301910,0.923077,0.751592,0.211268,0.000000
20,90,0.076923,0.028571,0.000000,0.000000,0.923077,1.000000,0.197183,0.000000
20,91,0.076923,0.028571,0.000000,0.227401,0.923077,0.812898,0.197183,0.000000
20,92,0.076923,0.028571,0.000000,0.564397,0.923077,0.535622,0.225352,0.000000
20,93,0.076923,0.028571,0.000000,0.074509,0.923077,0.938695,0.239437,0.000000
20,94,0.076923,0.028571,0.134748,0.000000,0.923077,0.953868,0.154930,0.010611
20,95,0.076923,0.028571,0.000000,0.031725,0.923077,0.973898,0.267606,0.000000
20,96,0.076923,0.028571,0.489832,0.932950,0.923077,0.064686,0.197183,0.038572
20,97,0.076923,0.028571,0.000000,0.130460,0.923077,0.892659,0.197183,0.000000
20,98,0.076923,0.028571,0.580341,0.130460,0.923077,0.693977,0.323944,0.045700
20,99,0.076923,0.028571,0.315694,0.400278,0.923077,0.562578,0.281690,0.024860
20,100,0.038462,0.021429,0.000000,0.555612,0.961538,0.542851,0.380282,0.000000
20,101,0.038462,0.021429,0.000000,0.211106,0.961538,0.826305,0.323944,0.000000
20,102,0.038462,0.021429,0.000000,0.400919,0.961538,0.670130,0.323944,0.000000
20,103,0.038462,0.021429,0.000000,0.117954,0.961538,0.902950,0.366197,0.000000
20,104,0.038462,0.021429,0.000000,0.473737,0.961538,0.610216,0.323944,0.000000
20,105,0.038462,0.021429,0.000000,0.580448,0.961538,0.522416,0.380282,0.000000
20,106,0.038462,0.021429,0.000000,0.352566,0.961538,0.709914,0.323944,0.000000
20,107,0.038462,0.021429,0.000000,0.111506,0.961538,0.908255,0.366197,0.000000
20,108,0.038462,0.021429,0.000000,0.268279,0.961538,0.779264,0.323944,0.000000
20,109,0.038462,0.021429,0.000000,0.446849,0.961538,0.632339,0.380282,0.000000
20,110,0.038462,0.021429,0.000000,0.301801,0.961538,0.751682,0.380282,0.000000
20,111,0.346154,0.078571,1.000000,0.799292,0.653846,0.000000,0.253521,0.078746
20,112,0.076923,0.028571,0.000000,0.186151,0.923077,0.846837,0.338028,0.000000
20,113,0.076923,0.028571,0.000000,0.238443,0.923077,0.803813,0.211268,0.000000
20,114,0.076923,0.028571,0.000000,0.000000,0.923077,1.000000,0.394366,0.000000
20,115,0.076923,0.028571,0.000000,0.114986,0.923077,0.905391,0.253521,0.000000
20,116,0.076923,0.028571,0.000000,0.425908,0.923077,0.649569,0.352113,0.000000
20,117,0.076923,0.028571,0.000000,0.284446,0.923077,0.765962,0.211268,0.000000
20,118,0.076923,0.028571,0.000000,0.128248,0.923077,0.894480,0.366197,0.000000
20,119,0.076923,0.028571,0.000000,0.168426,0.923077,0.861421,0.211268,0.000000
20,120,0.076923,0.028571,0.000000,0.590373,0.923077,0.514250,0.281690,0.000000
20,121,0.076923,0.028571,0.000000,0.396619,0.923077,0.673667,0.183099,0.000000
20,122,0.076923,0.028571,0.000000,0.181688,0.923077,0.850510,0.253521,0.000000
20,123,0.076923,0.028571,0.000000,0.068236,0.923077,0.943857,0.323944,0.000000
20,124,0.076923,0.028571,0.000000,0.282978,0.923077,0.767170,0.154930,0.000000
20,125,0.076923,0.028571,0.000000,0.285954,0.923077,0.764722,0.323944,0.000000
20,126,0.076923,0.028571,0.000000,0.040132,0.923077,0.966980,0.197183,0.000000
20,127,0.076923,0.028571,0.000000,0.211887,0.923077,0.825662,0.366197,0.000000
20,128,0.076923,0.028571,0.000000,0.380855,0.923077,0.686638,0.169014,0.000000
20,129,0.076923,0.028571,0.000000,0.361492,0.923077,0.702570,0.309859,0.000000
20,130,0.076923,0.028571,0.000000,0.054929,0.923077,0.954805,0.281690,0.000000
20,131,0.076923,0.028571,0.000000,0.343642,0.923077,0.717256,0.338028,0.000000
20,132,0.076923,0.028571,0.000000,0.245158,0.923077,0.798287,0.211268,0.000000
20,133,0.076923,0.028571,0.000000,0.143045,0.923077,0.882305,0.267606,0.000000
20,134,0.076923,0.028571,0.000000,0.186151,0.923077,0.846837,0.309859,0.000000
20,135,0.076923,0.028571,0.000000,0.517036,0.923077,0.574590,0.197183,0.000000
20,136,0.076923,0.028571,0.000000,0.149455,0.923077,0.877031,0.380282,0.000000
20,137,0.076923,0.028571,0.179070,0.393538,0.923077,0.614898,0.197183,0.035814
20,138,0.076923,0.028571,0.000000,0.629723,0.923077,0.481873,0.281690,0.000000
20,139,0.076923,0.028571,0.000000,0.238443,0.923077,0.803813,0.211268,0.000000
20,140,0.076923,0.028571,0.000000,0.390930,0.923077,0.678348,0.323944,0.000000
20,141,0.076923,0.028571,0.000000,0.168385,0.923077,0.861455,0.267606,0.000000
20,142,0.076923,0.028571,0.105638,0.778264,0.923077,0.323490,0.338028,0.021128
20,143,0.076923,0.028571,0.000000,0.334693,0.923077,0.724620,0.183099,0.000000
20,144,0.076923,0.028571,0.313537,0.294916,0.923077,0.650007,0.295775,0.062707
20,145,0.076923,0.028571,0.000000,0.068236,0.923077,0.943857,0.197183,0.000000
20,146,0.076923,0.028571,0.670753,0.282978,0.923077,0.537534,0.309859,0.052819
20,147,0.076923,0.028571,0.000000,0.285954,0.923077,0.764722,0.197183,0.000000
20,148,0.076923,0.028571,0.493780,0.275613,0.923077,0.604182,0.267606,0.098756
20,149,0.076923,0.028571,0.000000,0.211887,0.923077,0.825662,0.253521,0.000000
20,150,0.076923,0.028571,0.122003,0.334852,0.923077,0.682720,0.295775,0.009607
20,151,0.076923,0.028571,0.676792,0.233244,0.923077,0.576387,0.211268,0.053295
20,152,0.076923,0.028571,0.473981,0.484093,0.923077,0.439426,0.366197,0.094796
20,153,0.076923,0.028571,0.000000,0.196361,0.923077,0.838437,0.197183,0.000000
20,154,0.076923,0.028571,0.554546,0.051874,0.923077,0.767468,0.197183,0.043668
20,155,0.076923,0.028571,0.000000,0.208480,0.923077,0.828466,0.197183,0.000000
20,156,0.038462,0.021429,0.000000,0.609070,0.961538,0.498866,0.338028,0.000000
20,157,0.038462,0.021429,0.425804,0.887663,0.961538,0.123868,0.380282,0.085161
20,158,0.038462,0.021429,0.000000,0.758525,0.961538,0.375897,0.408451,0.000000
20,159,0.038462,0.021429,0.000000,0.927754,0.961538,0.236658,0.352113,0.000000
20,160,0.038462,0.021429,0.000000,0.812885,0.961538,0.331170,0.309859,0.000000
20,161,0.038462,0.021429,0.000000,0.609070,0.961538,0.498866,0.380282,0.000000
20,162,0.038462,0.021429,0.000000,1.000000,0.961538,0.177215,0.338028,0.000000
20,163,0.038462,0.021429,0.000000,0.649161,0.961538,0.465880,0.408451,0.000000
20,164,0.038462,0.021429,0.101566,0.944242,0.961538,0.188320,0.394366,0.020313
20,165,0.038462,0.021429,0.000000,0.740427,0.961538,0.390787,0.338028,0.000000
20,166,0.038462,0.021429,0.000000,0.850545,0.961538,0.300184,0.394366,0.000000
20,167,0.346154,0.078571,0.000000,0.469296,0.653846,0.613870,0.267606,0.000000
20,168,0.076923,0.028571,0.000000,0.000000,0.923077,1.000000,0.197183,0.000000
20,169,0.076923,0.028571,0.000000,0.000000,0.923077,1.000000,0.253521,0.000000
20,170,0.076923,0.028571,0.000000,0.000000,0.923077,1.000000,0.225352,0.000000
20,171,0.076923,0.028571,0.000000,0.000000,0.923077,1.000000,0.211268,0.000000
20,172,0.076923,0.028571,0.096450,0.000000,0.923077,0.966980,0.140845,0.007595
20,173,0.076923,0.028571,0.000000,0.202073,0.923077,0.833738,0.211268,0.000000
20,174,0.076923,0.028571,0.110560,0.000000,0.923077,0.962149,0.267606,0.008706
20,175,0.076923,0.028571,0.000000,0.000000,0.923077,1.000000,0.183099,0.000000
20,176,0.076923,0.028571,0.000000,0.066892,0.923077,0.944962,0.197183,0.000000
20,177,0.076923,0.028571,0.308219,0.268965,0.923077,0.673180,0.253521,0.061644
20,178,0.076923,0.028571,0.000000,0.000000,0.923077,1.000000,0.225352,0.000000
20,179,0.076923,0.028571,0.000000,0.265492,0.923077,0.781557,0.154930,0.000000
20,180,0.076923,0.028571,0.000000,0.000000,0.923077,1.000000,0.267606,0.000000
20,181,0.076923,0.028571,0.573054,0.190983,0.923077,0.646674,0.169014,0.045126
20,182,0.076923,0.028571,0.217098,0.000000,0.923077,0.925676,0.323944,0.017096
20,183,0.076923,0.028571,0.179897,0.151987,0.923077,0.813359,0.154930,0.014166
20,184,0.076923,0.028571,0.000000,0.156064,0.923077,0.871593,0.183099,0.000000
20,185,0.076923,0.028571,0.000000,0.000000,0.923077,1.000000,0.295775,0.000000
20,186,0.076923,0.028571,0.000000,0.104286,0.923077,0.914195,0.197183,0.000000
20,187,0.076923,0.028571,0.128435,0.334761,0.923077,0.680593,0.197183,0.025687
20,188,0.076923,0.028571,0.000000,0.413348,0.923077,0.659903,0.183099,0.000000
20,189,0.076923,0.028571,0.000000,0.104286,0.923077,0.914195,0.253521,0.000000
20,190,0.076923,0.028571,0.000000,0.484553,0.923077,0.601317,0.154930,0.000000
20,191,0.076923,0.028571,0.126677,0.000000,0.923077,0.956632,0.281690,0.009975
20,192,0.076923,0.028571,0.000000,0.329859,0.923077,0.728596,0.183099,0.000000
20,193,0.076923,0.028571,0.037315,0.000000,0.923077,0.987225,0.253521,0.002938
20,194,0.076923,0.028571,0.000000,0.402678,0.923077,0.668683,0.154930,0.000000
20,195,0.076923,0.028571,0.560559,0.327616,0.923077,0.538532,0.253521,0.112112
20,196,0.076923,0.028571,0.124669,0.281507,0.923077,0.725699,0.267606,0.024934
20,197,0.076923,0.028571,0.000000,0.000000,0.923077,1.000000,0.211268,0.000000
20,198,0.076923,0.028571,0.000000,0.264111,0.923077,0.782693,0.239437,0.000000
20,199,0.076923,0.028571,0.000000,0.394508,0.923077,0.675405,0.183099,0.000000
20,200,0.076923,0.028571,0.000000,0.230742,0.923077,0.810149,0.197183,0.000000
20,201,0.076923,0.028571,0.669547,0.442666,0.923077,0.406558,0.267606,0.052724
20,202,0.076923,0.028571,0.000000,0.000000,0.923077,1.000000,0.169014,0.000000
20,203,0.076923,0.028571,0.000000,0.368157,0.923077,0.697086,0.154930,0.000000
20,204,0.076923,0.028571,0.000000,0.000000,0.923077,1.000000,0.323944,0.000000
20,205,0.076923,0.028571,0.096351,0.151987,0.923077,0.841961,0.211268,0.007587
20,206,0.076923,0.028571,0.224439,0.000000,0.923077,0.923162,0.169014,0.017674
20,207,0.076923,0.028571,0.000000,0.000000,0.923077,1.000000,0.169014,0.000000
20,208,0.076923,0.028571,0.000000,0.146547,0.923077,0.879423,0.169014,0.000000
20,209,0.076923,0.028571,0.000000,0.334761,0.923077,0.724563,0.225352,0.000000
20,210,0.076923,0.028571,0.000000,0.257284,0.923077,0.788311,0.154930,0.000000
20,211,0.076923,0.028571,0.000000,0.146547,0.923077,0.879423,0.183099,0.000000
20,212,0.038462,0.021429,0.000000,0.484553,0.961538,0.601317,0.183099,0.000000
20,213,0.038462,0.021429,0.000000,0.000000,0.961538,1.000000,0.183099,0.000000
20,214,0.038462,0.021429,0.000000,0.329859,0.961538,0.728596,0.197183,0.000000
20,215,0.038462,0.021429,0.000000,0.000000,0.961538,1.000000,0.211268,0.000000
20,216,0.038462,0.021429,0.662385,0.402678,0.961538,0.441913,0.183099,0.052160
20,217,0.038462,0.021429,0.000000,0.281608,0.961538,0.768297,0.183099,0.000000
20,218,0.038462,0.021429,0.000000,0.281507,0.961538,0.768380,0.197183,0.000000
20,219,0.038462,0.021429,0.000000,0.000000,0.961538,1.000000,0.211268,0.000000
20,220,0.038462,0.021429,0.465481,0.197220,0.961538,0.678371,0.183099,0.036655
20,221,0.038462,0.021429,0.000000,0.281608,0.961538,0.768297,0.183099,0.000000
20,222,0.038462,0.021429,0.000000,0.230742,0.961538,0.810149,0.197183,0.000000
20,223,0.346154,0.078571,0.463787,0.219434,0.653846,0.660673,0.140845,0.036521
20,224,0.019231,0.017857,0.000000,0.090333,0.980769,0.925676,0.394366,0.000000
20,225,0.019231,0.017857,0.000000,0.238443,0.980769,0.803813,0.366197,0.000000
20,226,0.019231,0.017857,0.000000,0.000000,0.980769,1.000000,0.422535,0.000000
20,227,0.019231,0.017857,0.000000,0.114986,0.980769,0.905391,0.366197,0.000000
20,228,0.019231,0.017857,0.000000,0.090333,0.980769,0.925676,0.408451,0.000000
20,229,0.019231,0.017857,0.000000,0.284446,0.980769,0.765962,0.323944,0.000000
20,230,0.019231,0.017857,0.375071,0.128248,0.980769,0.766072,0.436620,0.029535
20,231,0.019231,0.017857,0.000000,0.168426,0.980769,0.861421,0.366197,0.000000
20,232,0.019231,0.017857,0.000000,0.000000,0.980769,1.000000,0.380282,0.000000
20,233,0.019231,0.017857,0.000000,0.046003,0.980769,0.962149,0.352113,0.000000
20,234,0.019231,0.017857,0.000000,0.181688,0.980769,0.850510,0.366197,0.000000
20,235,0.019231,0.017857,0.000000,0.068236,0.980769,0.943857,0.380282,0.000000
20,236,0.019231,0.017857,0.000000,0.000000,0.980769,1.000000,0.366197,0.000000
20,237,0.019231,0.017857,0.000000,0.285954,0.980769,0.764722,0.380282,0.000000
20,238,0.019231,0.017857,0.000000,0.040132,0.980769,0.966980,0.380282,0.000000
20,239,0.019231,0.017857,0.000000,0.015526,0.980769,0.987225,0.408451,0.000000
20,240,0.019231,0.017857,0.000000,0.097877,0.980769,0.919468,0.338028,0.000000
20,241,0.019231,0.017857,0.110573,0.361492,0.980769,0.664715,0.366197,0.008707
20,242,0.019231,0.017857,0.000000,0.040132,0.980769,0.966980,0.422535,0.000000
20,243,0.019231,0.017857,0.000000,0.000000,0.980769,1.000000,0.422535,0.000000
20,244,0.019231,0.017857,0.000000,0.097877,0.980769,0.919468,0.380282,0.000000
20,245,0.019231,0.017857,0.160762,0.128248,0.980769,0.839442,0.380282,0.012659
20,246,0.019231,0.017857,0.000000,0.090333,0.980769,0.925676,0.366197,0.000000
20,247,0.019231,0.017857,0.458992,0.517036,0.980769,0.417452,0.338028,0.091798
20,248,0.019231,0.017857,0.000000,0.093387,0.980769,0.923162,0.394366,0.000000
20,249,0.019231,0.017857,0.000000,0.393538,0.980769,0.676203,0.338028,0.000000
20,250,0.019231,0.017857,0.000000,0.090333,0.980769,0.925676,0.366197,0.000000
20,251,0.019231,0.017857,0.000000,0.238443,0.980769,0.803813,0.352113,0.000000
20,252,0.019231,0.017857,0.000000,0.093387,0.980769,0.923162,0.450704,0.000000
20,253,0.019231,0.017857,0.186203,0.168385,0.980769,0.797708,0.380282,0.037241
20,254,0.019231,0.017857,0.144995,0.000000,0.980769,0.950360,0.380282,0.011418
20,255,0.019231,0.017857,0.000000,0.000000,0.980769,1.000000,0.352113,0.000000
20,256,0.019231,0.017857,0.304797,0.053441,0.980769,0.851681,0.464789,0.024002
20,257,0.019231,0.017857,0.000000,0.068236,0.980769,0.943857,0.422535,0.000000
20,258,0.019231,0.017857,0.000000,0.000000,0.980769,1.000000,0.380282,0.000000
20,259,0.019231,0.017857,0.000000,0.285954,0.980769,0.764722,0.394366,0.000000
20,260,0.019231,0.017857,0.000000,0.275613,0.980769,0.773230,0.408451,0.000000
20,261,0.019231,0.017857,0.000000,0.015526,0.980769,0.987225,0.380282,0.000000
20,262,0.019231,0.017857,0.000000,0.051874,0.980769,0.957319,0.366197,0.000000
20,263,0.019231,0.017857,0.000000,0.233244,0.980769,0.808090,0.323944,0.000000
20,264,0.019231,0.017857,0.000000,0.469296,0.980769,0.613870,0.408451,0.000000
20,265,0.019231,0.017857,0.000000,0.000000,0.980769,1.000000,0.408451,0.000000
20,266,0.019231,0.017857,0.000000,0.051874,0.980769,0.957319,0.436620,0.000000
20,267,0.019231,0.017857,0.000000,0.193683,0.980769,0.840641,0.352113,0.000000
20,268,0.000000,0.014286,0.000000,0.192978,1.000000,0.841221,0.366197,0.000000
20,269,0.000000,0.014286,0.000000,0.471571,1.000000,0.611998,0.366197,0.000000
20,270,0.000000,0.014286,0.000000,0.286365,1.000000,0.764383,0.380282,0.000000
20,271,0.000000,0.014286,0.000000,0.511662,1.000000,0.579012,0.352113,0.000000
20,272,0.000000,0.014286,0.000000,0.192978,1.000000,0.841221,0.380282,0.000000
20,273,0.000000,0.014286,0.000000,0.192978,1.000000,0.841221,0.422535,0.000000
20,274,0.000000,0.014286,0.000000,0.286365,1.000000,0.764383,0.366197,0.000000
20,275,0.000000,0.014286,0.000000,0.233069,1.000000,0.808234,0.422535,0.000000
20,276,0.000000,0.014286,0.000000,0.192978,1.000000,0.841221,0.380282,0.000000
20,277,0.000000,0.014286,0.000000,0.192978,1.000000,0.841221,0.380282,0.000000
20,278,0.000000,0.014286,0.000000,0.192978,1.000000,0.841221,0.394366,0.000000
20,279,0.153846,0.042857,0.000000,0.469296,0.846154,0.613870,0.295775,0.000000
20,280,1.000000,0.200000,0.000000,0.724580,0.000000,0.403826,0.140845,0.000000
21,0,0.076923,0.028571,0.048429,0.083565,0.923077,0.910193,0.416667,0.004457
21,1,0.076923,0.028571,0.000000,0.026384,0.923077,0.978449,0.208333,0.000000
21,2,0.076923,0.028571,0.000000,0.000000,0.923077,1.000000,0.416667,0.000000
21,3,0.076923,0.028571,0.000000,0.219444,0.923077,0.820757,0.166667,0.000000
21,4,0.076923,0.028571,0.293616,0.289929,0.923077,0.632528,0.375000,0.027022
21,5,0.076923,0.028571,0.000000,0.000000,0.923077,1.000000,0.194444,0.000000
21,6,0.076923,0.028571,0.000000,0.452459,0.923077,0.630430,0.430556,0.000000
21,7,0.076923,0.028571,0.000000,0.193060,0.923077,0.842308,0.236111,0.000000
21,8,0.076923,0.028571,0.000000,0.963216,0.923077,0.213242,0.347222,0.000000
21,9,0.076923,0.028571,0.714325,0.756851,0.923077,0.063932,0.277778,0.065741
21,10,0.076923,0.028571,0.000000,0.452459,0.923077,0.630430,0.263889,0.000000
21,11,0.076923,0.028571,0.000000,0.194585,0.923077,0.841062,0.333333,0.000000
21,12,0.076923,0.028571,0.000000,0.122428,0.923077,0.900000,0.166667,0.000000
21,13,0.076923,0.028571,0.000000,0.194585,0.923077,0.841062,0.333333,0.000000
21,14,0.076923,0.028571,0.000000,0.584411,0.923077,0.522650,0.194444,0.000000
21,15,0.076923,0.028571,0.000000,0.180954,0.923077,0.852196,0.361111,0.000000
21,16,0.076923,0.028571,0.000000,0.096044,0.923077,0.921551,0.166667,0.000000
21,17,0.076923,0.028571,0.000000,0.389162,0.923077,0.682131,0.347222,0.000000
21,18,0.076923,0.028571,0.000000,0.782311,0.923077,0.361005,0.263889,0.000000
21,19,0.076923,0.028571,0.000000,0.353222,0.923077,0.711487,0.305556,0.000000
21,20,0.076923,0.028571,0.116186,0.172267,0.923077,0.807590,0.263889,0.010693
21,21,0.076923,0.028571,1.000000,0.613445,0.923077,0.053944,0.222222,0.200000
21,22,0.076923,0.028571,0.000000,0.083565,0.923077,0.931744,0.361111,0.000000
21,23,0.076923,0.028571,0.357170,0.173741,0.923077,0.699150,0.208333,0.032871
21,24,0.076923,0.028571,0.000000,0.000000,0.923077,1.000000,0.375000,0.000000
21,25,0.076923,0.028571,0.000000,0.213714,0.923077,0.825437,0.166667,0.000000
21,26,0.076923,0.028571,0.669915,0.443715,0.923077,0.339465,0.375000,0.061654
21,27,0.076923,0.028571,0.000000,0.173741,0.923077,0.858088,0.180556,0.000000
21,28,0.076923,0.028571,0.000000,0.215533,0.923077,0.823952,0.375000,0.000000
21,29,0.076923,0.028571,0.000000,0.213714,0.923077,0.825437,0.180556,0.000000
21,30,0.076923,0.028571,0.000000,0.944735,0.923077,0.228337,0.333333,0.000000
21,31,0.076923,0.028571,0.000000,0.584584,0.923077,0.522509,0.180556,0.000000
21,32,0.076923,0.028571,0.000000,0.215533,0.923077,0.823952,0.236111,0.000000
21,33,0.076923,0.028571,0.000000,0.248417,0.923077,0.797092,0.277778,0.000000
21,34,0.076923,0.028571,0.000000,0.201148,0.923077,0.835702,0.194444,0.000000
21,35,0.076923,0.028571,0.318910,0.248417,0.923077,0.655179,0.277778,0.063782
21,36,0.076923,0.028571,0.000000,0.709519,0.923077,0.420462,0.180556,0.000000
21,37,0.076923,0.028571,0.159586,0.180954,0.923077,0.781181,0.305556,0.031917
21,38,0.076923,0.028571,0.000000,0.096044,0.923077,0.921551,0.263889,0.000000
21,39,0.076923,0.028571,0.000000,0.000000,0.923077,1.000000,0.277778,0.000000
21,40,0.076923,0.028571,0.000000,0.941954,0.923077,0.230608,0.180556,0.000000
21,41,0.076923,0.028571,0.000000,0.180954,0.923077,0.852196,0.180556,0.000000
21,42,0.076923,0.028571,0.000000,0.000000,0.923077,1.000000,0.180556,0.000000
21,43,0.076923,0.028571,0.000000,0.337539,0.923077,0.724297,0.166667,0.000000
21,44,0.038462,0.021429,0.192923,0.544070,0.961538,0.469752,0.305556,0.017755
21,45,0.038462,0.021429,0.098813,0.717811,0.961538,0.369718,0.402778,0.009094
21,46,0.038462,0.021429,0.000000,0.544070,0.961538,0.555601,0.319444,0.000000
21,47,0.038462,0.021429,0.000000,0.757784,0.961538,0.381039,0.347222,0.000000
21,48,0.038462,0.021429,0.439518,0.697856,0.961538,0.234406,0.402778,0.040450
21,49,0.038462,0.021429,0.000000,0.717811,0.961538,0.413689,0.361111,0.000000
21,50,0.038462,0.021429,0.000000,0.696305,0.961538,0.431255,0.319444,0.000000
21,51,0.038462,0.021429,0.000000,0.757784,0.961538,0.381039,0.319444,0.000000
21,52,0.038462,0.021429,0.207885,0.697856,0.961538,0.337481,0.388889,0.019132
21,53,0.038462,0.021429,0.000000,0.544070,0.961538,0.555601,0.319444,0.000000
21,54,0.038462,0.021429,0.000000,0.696305,0.961538,0.431255,0.333333,0.000000
21,55,0.346154,0.078571,0.164539,0.511639,0.653846,0.508873,0.263889,0.032908
21,56,0.076923,0.028571,0.000000,0.000000,0.923077,1.000000,0.402778,0.000000
21,57,0.076923,0.028571,0.000000,0.026384,0.923077,0.978449,0.222222,0.000000
21,58,0.076923,0.028571,0.000000,0.000000,0.923077,1.000000,0.388889,0.000000
21,59,0.076923,0.028571,0.000000,0.186345,0.923077,0.847793,0.208333,0.000000
21,60,0.076923,0.028571,0.060755,0.045911,0.923077,0.935464,0.388889,0.005591
21,61,0.076923,0.028571,0.000000,0.000000,0.923077,1.000000,0.180556,0.000000
21,62,0.076923,0.028571,0.000000,0.452459,0.923077,0.630430,0.333333,0.000000
21,63,0.076923,0.028571,0.000000,0.399583,0.923077,0.673619,0.222222,0.000000
21,64,0.076923,0.028571,0.000000,0.853046,0.923077,0.303228,0.291667,0.000000
21,65,0.076923,0.028571,0.000000,0.807135,0.923077,0.340729,0.180556,0.000000
21,66,0.076923,0.028571,0.316205,0.692081,0.923077,0.293997,0.263889,0.063241
21,67,0.076923,0.028571,0.000000,0.400621,0.923077,0.672771,0.347222,0.000000
21,68,0.076923,0.028571,0.000000,0.051070,0.923077,0.958285,0.180556,0.000000
21,69,0.076923,0.028571,0.000000,0.194585,0.923077,0.841062,0.333333,0.000000
21,70,0.076923,0.028571,0.153387,0.575999,0.923077,0.461266,0.208333,0.030677
21,71,0.076923,0.028571,0.000000,0.206037,0.923077,0.831708,0.361111,0.000000
21,72,0.076923,0.028571,0.000000,0.000000,0.923077,1.000000,0.194444,0.000000
21,73,0.076923,0.028571,0.000000,0.389162,0.923077,0.682131,0.319444,0.000000
21,74,0.076923,0.028571,0.378792,0.764550,0.923077,0.206953,0.291667,0.075758
21,75,0.076923,0.028571,0.000000,0.318506,0.923077,0.739843,0.291667,0.000000
21,76,0.076923,0.028571,0.000000,0.318506,0.923077,0.739843,0.180556,0.000000
21,77,0.076923,0.028571,0.073032,0.628783,0.923077,0.453908,0.319444,0.014606
21,78,0.076923,0.028571,0.000000,0.585861,0.923077,0.521466,0.361111,0.000000
21,79,0.076923,0.028571,0.000000,0.173741,0.923077,0.858088,0.222222,0.000000
21,80,0.076923,0.028571,0.176294,0.297706,0.923077,0.678383,0.375000,0.035259
21,81,0.076923,0.028571,0.000000,0.119322,0.923077,0.902537,0.222222,0.000000
21,82,0.076923,0.028571,0.000000,0.561775,0.923077,0.541140,0.291667,0.000000
21,83,0.076923,0.028571,0.000000,0.173741,0.923077,0.858088,0.208333,0.000000
21,84,0.076923,0.028571,0.000000,0.080454,0.923077,0.934285,0.388889,0.000000
21,85,0.076923,0.028571,0.332151,0.119322,0.923077,0.754733,0.277778,0.030569
21,86,0.076923,0.028571,0.411684,1.000000,0.923077,0.000000,0.305556,0.037888
21,87,0.076923,0.028571,0.000000,0.743536,0.923077,0.392677,0.194444,0.000000
21,88,0.076923,0.028571,0.000000,0.063298,0.923077,0.948298,0.263889,0.000000
21,89,0.076923,0.028571,0.000000,0.630058,0.923077,0.485366,0.208333,0.000000
21,90,0.076923,0.028571,0.000000,0.129790,0.923077,0.893987,0.194444,0.000000
21,91,0.076923,0.028571,0.000000,0.424021,0.923077,0.653658,0.194444,0.000000
21,92,0.076923,0.028571,0.000000,0.734205,0.923077,0.400298,0.222222,0.000000
21,93,0.076923,0.028571,0.232696,0.206037,0.923077,0.728160,0.236111,0.046539
21,94,0.076923,0.028571,0.000000,0.000000,0.923077,1.000000,0.166667,0.000000
21,95,0.076923,0.028571,0.000000,0.000000,0.923077,1.000000,0.263889,0.000000
21,96,0.076923,0.028571,0.282282,0.773570,0.923077,0.242532,0.208333,0.056456
21,97,0.076923,0.028571,0.000000,0.254907,0.923077,0.791791,0.194444,0.000000
21,98,0.076923,0.028571,0.279435,0.254907,0.923077,0.667445,0.333333,0.055887
21,99,0.076923,0.028571,0.000000,0.169155,0.923077,0.861833,0.291667,0.000000
21,100,0.038462,0.021429,0.000000,0.675501,0.961538,0.448248,0.375000,0.000000
21,101,0.038462,0.021429,0.000000,0.263381,0.961538,0.784869,0.319444,0.000000
21,102,0.038462,0.021429,0.000000,0.387346,0.961538,0.683614,0.319444,0.000000
21,103,0.038462,0.021429,0.000000,0.208962,0.961538,0.829319,0.361111,0.000000
21,104,0.038462,0.021429,0.000000,0.605504,0.961538,0.505422,0.319444,0.000000
21,105,0.038462,0.021429,0.000000,0.263381,0.961538,0.784869,0.375000,0.000000
21,106,0.038462,0.021429,0.000000,0.106796,0.961538,0.912768,0.319444,0.000000
21,107,0.038462,0.021429,0.000000,0.208962,0.961538,0.829319,0.361111,0.000000
21,108,0.038462,0.021429,0.000000,0.300193,0.961538,0.754801,0.319444,0.000000
21,109,0.038462,0.021429,0.000000,0.089640,0.961538,0.926782,0.375000,0.000000
21,110,0.038462,0.021429,0.000000,0.089640,0.961538,0.926782,0.375000,0.000000
21,111,0.346154,0.078571,0.834129,0.743143,0.653846,0.021818,0.263889,0.166826
21,112,0.076923,0.028571,0.000000,0.419241,0.923077,0.657562,0.333333,0.000000
21,113,0.076923,0.028571,0.000000,0.000000,0.923077,1.000000,0.208333,0.000000
21,114,0.076923,0.028571,0.000000,0.165481,0.923077,0.864834,0.388889,0.000000
21,115,0.076923,0.028571,0.000000,0.065011,0.923077,0.946899,0.250000,0.000000
21,116,0.076923,0.028571,0.000000,0.460124,0.923077,0.624169,0.347222,0.000000
21,117,0.076923,0.028571,0.000000,0.284459,0.923077,0.767653,0.208333,0.000000
21,118,0.076923,0.028571,0.000000,0.115898,0.923077,0.905334,0.361111,0.000000
21,119,0.076923,0.028571,0.000000,0.312037,0.923077,0.745127,0.208333,0.000000
21,120,0.076923,0.028571,0.439838,0.418419,0.923077,0.462509,0.277778,0.040479
21,121,0.076923,0.028571,0.000000,0.496514,0.923077,0.594446,0.180556,0.000000
21,122,0.076923,0.028571,0.116739,0.362924,0.923077,0.651614,0.250000,0.023348
21,123,0.076923,0.028571,0.000000,0.029301,0.923077,0.976067,0.319444,0.000000
21,124,0.076923,0.028571,0.000000,0.096044,0.923077,0.921551,0.152778,0.000000
21,125,0.076923,0.028571,0.000000,0.001008,0.923077,0.999177,0.319444,0.000000
21,126,0.076923,0.028571,0.000000,0.048865,0.923077,0.960087,0.194444,0.000000
21,127,0.076923,0.028571,0.000000,0.210256,0.923077,0.828262,0.361111,0.000000
21,128,0.076923,0.028571,0.000000,0.321417,0.923077,0.737465,0.166667,0.000000
21,129,0.076923,0.028571,0.000000,0.116906,0.923077,0.904511,0.305556,0.000000
21,130,0.076923,0.028571,0.084272,0.838942,0.923077,0.277248,0.277778,0.016854
21,131,0.076923,0.028571,0.000000,0.353222,0.923077,0.711487,0.333333,0.000000
21,132,0.076923,0.028571,0.000000,0.397640,0.923077,0.675206,0.208333,0.000000
21,133,0.076923,0.028571,0.364797,0.905976,0.923077,0.097664,0.263889,0.072959
21,134,0.076923,0.028571,0.045313,0.783144,0.923077,0.340161,0.305556,0.009063
21,135,0.076923,0.028571,0.000000,0.112280,0.923077,0.908289,0.194444,0.000000
21,136,0.076923,0.028571,0.000000,0.529384,0.923077,0.567597,0.375000,0.000000
21,137,0.076923,0.028571,0.378190,0.350486,0.923077,0.545430,0.194444,0.034806
21,138,0.076923,0.028571,0.000000,0.613910,0.923077,0.498556,0.277778,0.000000
21,139,0.076923,0.028571,0.000000,0.290582,0.923077,0.762652,0.208333,0.000000
21,140,0.076923,0.028571,0.000000,0.152235,0.923077,0.875654,0.319444,0.000000
21,141,0.076923,0.028571,0.000000,0.337928,0.923077,0.723979,0.263889,0.000000
21,142,0.076923,0.028571,0.000000,0.399938,0.923077,0.673329,0.333333,0.000000
21,143,0.076923,0.028571,0.000000,0.324247,0.923077,0.735154,0.180556,0.000000
21,144,0.076923,0.028571,0.467894,0.245833,0.923077,0.590994,0.291667,0.043062
21,145,0.076923,0.028571,0.000000,0.029301,0.923077,0.976067,0.194444,0.000000
21,146,0.076923,0.028571,0.514963,0.096044,0.923077,0.692397,0.319444,0.047393
21,147,0.076923,0.028571,0.000000,0.001008,0.923077,0.999177,0.194444,0.000000
21,148,0.076923,0.028571,0.560413,0.000000,0.923077,0.750621,0.263889,0.051576
21,149,0.076923,0.028571,0.059435,0.210256,0.923077,0.801814,0.250000,0.011887
21,150,0.076923,0.028571,0.031491,0.321417,0.923077,0.723452,0.305556,0.006298
21,151,0.076923,0.028571,0.000000,0.001008,0.923077,0.999177,0.222222,0.000000
21,152,0.076923,0.028571,0.386480,0.670702,0.923077,0.280188,0.361111,0.077296
21,153,0.076923,0.028571,0.000000,0.180954,0.923077,0.852196,0.194444,0.000000
21,154,0.076923,0.028571,0.000000,0.225373,0.923077,0.815915,0.208333,0.000000
21,155,0.076923,0.028571,0.000000,0.670702,0.923077,0.452168,0.194444,0.000000
21,156,0.038462,0.021429,0.000000,0.818333,0.961538,0.331582,0.333333,0.000000
21,157,0.038462,0.021429,0.322329,0.566710,0.961538,0.393675,0.375000,0.029665
21,158,0.038462,0.021429,0.000000,0.818333,0.961538,0.331582,0.402778,0.000000
21,159,0.038462,0.021429,0.000000,0.788770,0.961538,0.355729,0.347222,0.000000
21,160,0.038462,0.021429,0.000000,0.608216,0.961538,0.503207,0.305556,0.000000
21,161,0.038462,0.021429,0.000000,0.460553,0.961538,0.623818,0.375000,0.000000
21,162,0.038462,0.021429,0.000000,0.606665,0.961538,0.504474,0.333333,0.000000
21,163,0.038462,0.021429,0.000000,0.682613,0.961538,0.442439,0.402778,0.000000
21,164,0.038462,0.021429,0.102608,0.608216,0.961538,0.457547,0.388889,0.009443
21,165,0.038462,0.021429,0.000000,0.454430,0.961538,0.628820,0.333333,0.000000
21,166,0.038462,0.021429,0.000000,0.606665,0.961538,0.504474,0.388889,0.000000
21,167,0.346154,0.078571,0.000000,0.034052,0.653846,0.972186,0.263889,0.000000
21,168,0.076923,0.028571,0.000000,0.000000,0.923077,1.000000,0.194444,0.000000
21,169,0.076923,0.028571,0.000000,0.000000,0.923077,1.000000,0.250000,0.000000
21,170,0.076923,0.028571,0.000000,0.000000,0.923077,1.000000,0.222222,0.000000
21,171,0.076923,0.028571,0.000000,0.000000,0.923077,1.000000,0.208333,0.000000
21,172,0.076923,0.028571,0.028938,0.045911,0.923077,0.949623,0.152778,0.002663
21,173,0.076923,0.028571,0.000000,0.211291,0.923077,0.827417,0.208333,0.000000
21,174,0.076923,0.028571,0.000000,0.000000,0.923077,1.000000,0.277778,0.000000
21,175,0.076923,0.028571,0.000000,0.239622,0.923077,0.804276,0.180556,0.000000
21,176,0.076923,0.028571,0.281625,0.308250,0.923077,0.622899,0.194444,0.025919
21,177,0.076923,0.028571,0.212736,0.473630,0.923077,0.518471,0.250000,0.042547
21,178,0.076923,0.028571,0.000000,0.239622,0.923077,0.804276,0.222222,0.000000
21,179,0.076923,0.028571,0.000000,0.206037,0.923077,0.831708,0.152778,0.000000
21,180,0.076923,0.028571,0.303749,0.024686,0.923077,0.844670,0.263889,0.027955
21,181,0.076923,0.028571,0.000000,0.000000,0.923077,1.000000,0.180556,0.000000
21,182,0.076923,0.028571,0.312401,0.024686,0.923077,0.840820,0.333333,0.028751
21,183,0.076923,0.028571,0.029637,0.318892,0.923077,0.726340,0.166667,0.005927
21,184,0.076923,0.028571,0.000000,0.211291,0.923077,0.827417,0.180556,0.000000
21,185,0.076923,0.028571,0.522138,0.000000,0.923077,0.767653,0.291667,0.048054
21,186,0.076923,0.028571,0.000000,0.313470,0.923077,0.743957,0.194444,0.000000
21,187,0.076923,0.028571,0.171804,0.431361,0.923077,0.571211,0.194444,0.034361
21,188,0.076923,0.028571,0.000000,0.529796,0.923077,0.567260,0.180556,0.000000
21,189,0.076923,0.028571,0.000000,0.313470,0.923077,0.743957,0.250000,0.000000
21,190,0.076923,0.028571,0.000000,0.585861,0.923077,0.521466,0.152778,0.000000
21,191,0.076923,0.028571,0.000000,0.000000,0.923077,1.000000,0.291667,0.000000
21,192,0.076923,0.028571,0.000000,0.297706,0.923077,0.756833,0.180556,0.000000
21,193,0.076923,0.028571,0.053784,0.032380,0.923077,0.949619,0.263889,0.004950
21,194,0.076923,0.028571,0.000000,0.561775,0.923077,0.541140,0.152778,0.000000
21,195,0.076923,0.028571,0.001850,0.000000,0.923077,0.999177,0.250000,0.000170
21,196,0.076923,0.028571,0.413683,0.017156,0.923077,0.801902,0.263889,0.038072
21,197,0.076923,0.028571,0.000000,0.032380,0.923077,0.973552,0.208333,0.000000
21,198,0.076923,0.028571,0.756917,0.455204,0.923077,0.291366,0.236111,0.069661
21,199,0.076923,0.028571,0.000000,0.198740,0.923077,0.837668,0.180556,0.000000
21,200,0.076923,0.028571,0.000000,0.000000,0.923077,1.000000,0.194444,0.000000
21,201,0.076923,0.028571,0.194857,0.381640,0.923077,0.601565,0.277778,0.038971
21,202,0.076923,0.028571,0.667962,0.024686,0.923077,0.682599,0.166667,0.061474
21,203,0.076923,0.028571,0.011239,0.175603,0.923077,0.851565,0.152778,0.002248
21,204,0.076923,0.028571,0.000000,0.024686,0.923077,0.979836,0.319444,0.000000
21,205,0.076923,0.028571,0.186145,0.318892,0.923077,0.656695,0.222222,0.037229
21,206,0.076923,0.028571,0.000000,0.000000,0.923077,1.000000,0.180556,0.000000
21,207,0.076923,0.028571,0.000000,0.000000,0.923077,1.000000,0.166667,0.000000
21,208,0.076923,0.028571,0.000000,0.129748,0.923077,0.894021,0.166667,0.000000
21,209,0.076923,0.028571,0.000000,0.367762,0.923077,0.699611,0.222222,0.000000
21,210,0.076923,0.028571,0.000000,0.254907,0.923077,0.791791,0.152778,0.000000
21,211,0.076923,0.028571,0.000000,0.129748,0.923077,0.894021,0.180556,0.000000
21,212,0.038462,0.021429,0.000000,0.585861,0.961538,0.521466,0.180556,0.000000
21,213,0.038462,0.021429,0.000000,0.000000,0.961538,1.000000,0.180556,0.000000
21,214,0.038462,0.021429,0.000000,0.297706,0.961538,0.756833,0.194444,0.000000
21,215,0.038462,0.021429,0.000000,0.032380,0.961538,0.973552,0.208333,0.000000
21,216,0.038462,0.021429,0.000000,0.515864,0.961538,0.578640,0.194444,0.000000
21,217,0.038462,0.021429,0.000000,0.000000,0.961538,1.000000,0.180556,0.000000
21,218,0.038462,0.021429,0.000000,0.017156,0.961538,0.985987,0.194444,0.000000
21,219,0.038462,0.021429,0.000000,0.032380,0.961538,0.973552,0.208333,0.000000
21,220,0.038462,0.021429,0.062504,0.210553,0.961538,0.800206,0.194444,0.005752
21,221,0.038462,0.021429,0.000000,0.000000,0.961538,1.000000,0.180556,0.000000
21,222,0.038462,0.021429,0.000000,0.000000,0.961538,1.000000,0.194444,0.000000
21,223,0.346154,0.078571,0.000000,0.231504,0.653846,0.810907,0.152778,0.000000
21,224,0.019231,0.017857,0.000000,0.335676,0.980769,0.725819,0.388889,0.000000
21,225,0.019231,0.017857,0.000000,0.000000,0.980769,1.000000,0.361111,0.000000
21,226,0.019231,0.017857,0.000000,0.165481,0.980769,0.864834,0.416667,0.000000
21,227,0.019231,0.017857,0.000000,0.031911,0.980769,0.973935,0.361111,0.000000
21,228,0.019231,0.017857,0.000000,0.170195,0.980769,0.860984,0.402778,0.000000
21,229,0.019231,0.017857,0.000000,0.284459,0.980769,0.767653,0.319444,0.000000
21,230,0.019231,0.017857,0.387834,0.115898,0.980769,0.732751,0.444444,0.035693
21,231,0.019231,0.017857,0.000000,0.278938,0.980769,0.772163,0.361111,0.000000
21,232,0.019231,0.017857,0.000000,0.000000,0.980769,1.000000,0.375000,0.000000
21,233,0.019231,0.017857,0.000000,0.284459,0.980769,0.767653,0.347222,0.000000
21,234,0.019231,0.017857,0.000000,0.362924,0.980769,0.703562,0.361111,0.000000
21,235,0.019231,0.017857,0.000000,0.029301,0.980769,0.976067,0.375000,0.000000
21,236,0.019231,0.017857,0.000000,0.000000,0.980769,1.000000,0.361111,0.000000
21,237,0.019231,0.017857,0.000000,0.001008,0.980769,0.999177,0.375000,0.000000
21,238,0.019231,0.017857,0.000000,0.015765,0.980769,0.987123,0.375000,0.000000
21,239,0.019231,0.017857,0.000000,0.029301,0.980769,0.976067,0.402778,0.000000
21,240,0.019231,0.017857,0.000000,0.225373,0.980769,0.815915,0.333333,0.000000
21,241,0.019231,0.017857,0.000000,0.116906,0.980769,0.904511,0.375000,0.000000
21,242,0.019231,0.017857,0.000000,0.581559,0.980769,0.524980,0.416667,0.000000
21,243,0.019231,0.017857,0.000000,0.000000,0.980769,1.000000,0.416667,0.000000
21,244,0.019231,0.017857,0.000000,0.225373,0.980769,0.815915,0.375000,0.000000
21,245,0.019231,0.017857,0.000000,0.681692,0.980769,0.443191,0.388889,0.000000
21,246,0.019231,0.017857,0.000000,0.699579,0.980769,0.428581,0.361111,0.000000
21,247,0.019231,0.017857,0.000000,0.112280,0.980769,0.908289,0.333333,0.000000
21,248,0.019231,0.017857,0.000000,0.529384,0.980769,0.567597,0.388889,0.000000
21,249,0.019231,0.017857,0.000000,0.223714,0.980769,0.817269,0.333333,0.000000
21,250,0.019231,0.017857,0.000000,0.170195,0.980769,0.860984,0.361111,0.000000
21,251,0.019231,0.017857,0.000000,0.290582,0.980769,0.762652,0.347222,0.000000
21,252,0.019231,0.017857,0.000000,0.000000,0.980769,1.000000,0.444444,0.000000
21,253,0.019231,0.017857,0.207151,0.211156,0.980769,0.735347,0.375000,0.019065
21,254,0.019231,0.017857,0.135551,0.000000,0.980769,0.939681,0.388889,0.012475
21,255,0.019231,0.017857,0.000000,0.284459,0.980769,0.767653,0.347222,0.000000
21,256,0.019231,0.017857,0.000000,0.093598,0.980769,0.923549,0.472222,0.000000
21,257,0.019231,0.017857,0.000000,0.029301,0.980769,0.976067,0.416667,0.000000
21,258,0.019231,0.017857,0.000000,0.000000,0.980769,1.000000,0.375000,0.000000
21,259,0.019231,0.017857,0.000000,0.001008,0.980769,0.999177,0.388889,0.000000
21,260,0.019231,0.017857,0.000000,0.000000,0.980769,1.000000,0.402778,0.000000
21,261,0.019231,0.017857,0.000000,0.029301,0.980769,0.976067,0.375000,0.000000
21,262,0.019231,0.017857,0.000000,0.225373,0.980769,0.815915,0.361111,0.000000
21,263,0.019231,0.017857,0.000000,0.001008,0.980769,0.999177,0.319444,0.000000
21,264,0.019231,0.017857,0.000000,0.446418,0.980769,0.635364,0.402778,0.000000
21,265,0.019231,0.017857,0.000000,0.000000,0.980769,1.000000,0.402778,0.000000
21,266,0.019231,0.017857,0.000000,0.225373,0.980769,0.815915,0.430556,0.000000
21,267,0.019231,0.017857,0.000000,0.446418,0.980769,0.635364,0.347222,0.000000
21,268,0.000000,0.014286,0.000000,0.363903,1.000000,0.702763,0.361111,0.000000
21,269,0.000000,0.014286,0.000000,0.112280,1.000000,0.908289,0.361111,0.000000
21,270,0.000000,0.014286,0.000000,0.363903,1.000000,0.702763,0.375000,0.000000
21,271,0.000000,0.014286,0.000000,0.207568,1.000000,0.830457,0.347222,0.000000
21,272,0.000000,0.014286,0.000000,0.000000,1.000000,1.000000,0.375000,0.000000
21,273,0.000000,0.014286,0.000000,0.006123,1.000000,0.994999,0.416667,0.000000
21,274,0.000000,0.014286,0.000000,0.000000,1.000000,1.000000,0.361111,0.000000
21,275,0.000000,0.014286,0.000000,0.101411,1.000000,0.917167,0.416667,0.000000
21,276,0.000000,0.014286,0.000000,0.000000,1.000000,1.000000,0.375000,0.000000
21,277,0.000000,0.014286,0.000000,0.000000,1.000000,1.000000,0.375000,0.000000
21,278,0.000000,0.014286,0.000000,0.000000,1.000000,1.000000,0.388889,0.000000
21,279,0.153846,0.042857,0.000000,0.034052,0.846154,0.972186,0.291667,0.000000
21,280,1.000000,0.200000,0.000000,0.397994,0.000000,0.674917,0.138889,0.000000
22,0,0.076923,0.028571,0.000000,0.023323,0.923077,0.976677,0.424658,0.000000
22,1,0.076923,0.028571,0.000000,0.000000,0.923077,1.000000,0.205479,0.000000
22,2,0.076923,0.028571,0.000000,0.000000,0.923077,1.000000,0.410959,0.000000
22,3,0.076923,0.028571,0.000000,0.000000,0.923077,1.000000,0.164384,0.000000
22,4,0.076923,0.028571,0.000000,0.093946,0.923077,0.906054,0.383562,0.000000
22,5,0.076923,0.028571,0.000000,0.000000,0.923077,1.000000,0.191781,0.000000
22,6,0.076923,0.028571,0.000000,0.275424,0.923077,0.724576,0.424658,0.000000
22,7,0.076923,0.028571,0.000000,0.000000,0.923077,1.000000,0.232877,0.000000
22,8,0.076923,0.028571,0.000000,0.629070,0.923077,0.370930,0.342466,0.000000
22,9,0.076923,0.028571,0.676304,0.558446,0.923077,0.190237,0.287671,0.135261
22,10,0.076923,0.028571,0.000000,0.275424,0.923077,0.724576,0.260274,0.000000
22,11,0.076923,0.028571,0.000000,0.076121,0.923077,0.923879,0.328767,0.000000
22,12,0.076923,0.028571,0.000000,0.174643,0.923077,0.825357,0.164384,0.000000
22,13,0.076923,0.028571,0.000000,0.002458,0.923077,0.997542,0.328767,0.000000
22,14,0.076923,0.028571,0.000000,0.301960,0.923077,0.698040,0.191781,0.000000
22,15,0.076923,0.028571,0.000000,0.252120,0.923077,0.747880,0.356164,0.000000
22,16,0.076923,0.028571,0.000000,0.174643,0.923077,0.825357,0.164384,0.000000
22,17,0.076923,0.028571,0.000000,0.251316,0.923077,0.748684,0.342466,0.000000
22,18,0.076923,0.028571,0.000000,0.301960,0.923077,0.698040,0.260274,0.000000
22,19,0.076923,0.028571,0.000000,0.179330,0.923077,0.820670,0.301370,0.000000
22,20,0.076923,0.028571,0.064874,0.000872,0.923077,0.975020,0.273973,0.004823
22,21,0.076923,0.028571,1.000000,0.251316,0.923077,0.377081,0.219178,0.074341
22,22,0.076923,0.028571,0.000000,0.023323,0.923077,0.976677,0.356164,0.000000
22,23,0.076923,0.028571,0.000000,0.038112,0.923077,0.961888,0.219178,0.000000
22,24,0.076923,0.028571,0.000000,0.000000,0.923077,1.000000,0.369863,0.000000
22,25,0.076923,0.028571,0.000000,0.429464,0.923077,0.570536,0.164384,0.000000
22,26,0.076923,0.028571,0.812589,0.093946,0.923077,0.604094,0.383562,0.060409
22,27,0.076923,0.028571,0.000000,0.048607,0.923077,0.951393,0.178082,0.000000
22,28,0.076923,0.028571,0.000000,0.256896,0.923077,0.743104,0.369863,0.000000
22,29,0.076923,0.028571,0.000000,0.403929,0.923077,0.596071,0.178082,0.000000
22,30,0.076923,0.028571,0.000000,0.727421,0.923077,0.272579,0.328767,0.000000
22,31,0.076923,0.028571,0.000000,0.692826,0.923077,0.307174,0.178082,0.000000
22,32,0.076923,0.028571,0.000000,0.256896,0.923077,0.743104,0.232877,0.000000
22,33,0.076923,0.028571,0.000000,0.493515,0.923077,0.506485,0.273973,0.000000
22,34,0.076923,0.028571,0.000000,0.174643,0.923077,0.825357,0.191781,0.000000
22,35,0.076923,0.028571,0.033847,0.419852,0.923077,0.567570,0.273973,0.006769
22,36,0.076923,0.028571,0.000000,0.557074,0.923077,0.442926,0.178082,0.000000
22,37,0.076923,0.028571,0.701947,0.252120,0.923077,0.487035,0.301370,0.052184
22,38,0.076923,0.028571,0.000000,0.174643,0.923077,0.825357,0.260274,0.000000
22,39,0.076923,0.028571,0.096955,0.000000,0.923077,0.963971,0.273973,0.007208
22,40,0.076923,0.028571,0.000000,0.557074,0.923077,0.442926,0.178082,0.000000
22,41,0.076923,0.028571,0.000000,0.178457,0.923077,0.821543,0.178082,0.000000
22,42,0.076923,0.028571,0.000000,0.000000,0.923077,1.000000,0.178082,0.000000
22,43,0.076923,0.028571,0.000000,0.000000,0.923077,1.000000,0.164384,0.000000
22,44,0.038462,0.021429,0.000000,0.570536,0.961538,0.429464,0.315068,0.000000
22,45,0.038462,0.021429,0.489994,0.608648,0.961538,0.209268,0.410959,0.036427
22,46,0.038462,0.021429,0.000000,0.570536,0.961538,0.429464,0.315068,0.000000
22,47,0.038462,0.021429,0.000000,1.000000,0.961538,0.000000,0.342466,0.000000
22,48,0.038462,0.021429,0.686522,0.570536,0.961538,0.174350,0.410959,0.051037
22,49,0.038462,0.021429,0.000000,0.619143,0.961538,0.380857,0.356164,0.000000
22,50,0.038462,0.021429,0.000000,0.803325,0.961538,0.196675,0.315068,0.000000
22,51,0.038462,0.021429,0.000000,0.974465,0.961538,0.025535,0.315068,0.000000
22,52,0.038462,0.021429,0.000000,0.669759,0.961538,0.330241,0.397260,0.000000
22,53,0.038462,0.021429,0.000000,0.705788,0.961538,0.294212,0.315068,0.000000
22,54,0.038462,0.021429,0.000000,0.803325,0.961538,0.196675,0.328767,0.000000
22,55,0.346154,0.078571,0.725593,0.672508,0.653846,0.057860,0.260274,0.145119
22,56,0.076923,0.028571,0.000000,0.163315,0.923077,0.836685,0.397260,0.000000
22,57,0.076923,0.028571,0.000000,0.000000,0.923077,1.000000,0.219178,0.000000
22,58,0.076923,0.028571,0.000000,0.000000,0.923077,1.000000,0.383562,0.000000
22,59,0.076923,0.028571,0.000000,0.000000,0.923077,1.000000,0.205479,0.000000
22,60,0.076923,0.028571,0.000000,0.174770,0.923077,0.825230,0.397260,0.000000
22,61,0.076923,0.028571,0.000000,0.000000,0.923077,1.000000,0.178082,0.000000
22,62,0.076923,0.028571,0.000000,0.275424,0.923077,0.724576,0.328767,0.000000
22,63,0.076923,0.028571,0.000000,0.000000,0.923077,1.000000,0.219178,0.000000
22,64,0.076923,0.028571,0.000000,0.650387,0.923077,0.349613,0.287671,0.000000
22,65,0.076923,0.028571,0.000000,0.638932,0.923077,0.361068,0.178082,0.000000
22,66,0.076923,0.028571,0.002348,0.275424,0.923077,0.723704,0.260274,0.000470
22,67,0.076923,0.028571,0.000000,0.346142,0.923077,0.653858,0.342466,0.000000
22,68,0.076923,0.028571,0.000000,0.000000,0.923077,1.000000,0.178082,0.000000
22,69,0.076923,0.028571,0.000000,0.000000,0.923077,1.000000,0.328767,0.000000
22,70,0.076923,0.028571,0.062762,0.301960,0.923077,0.674717,0.205479,0.012552
22,71,0.076923,0.028571,0.000000,0.514944,0.923077,0.485056,0.356164,0.000000
22,72,0.076923,0.028571,0.000000,0.000000,0.923077,1.000000,0.191781,0.000000
22,73,0.076923,0.028571,0.000000,0.251316,0.923077,0.748684,0.315068,0.000000
22,74,0.076923,0.028571,0.190050,0.535990,0.923077,0.393387,0.287671,0.038010
22,75,0.076923,0.028571,0.000000,0.386015,0.923077,0.613985,0.287671,0.000000
22,76,0.076923,0.028571,0.000000,0.217213,0.923077,0.782787,0.178082,0.000000
22,77,0.076923,0.028571,0.500456,0.485346,0.923077,0.328683,0.315068,0.037205
22,78,0.076923,0.028571,0.000000,0.286673,0.923077,0.713327,0.356164,0.000000
22,79,0.076923,0.028571,0.006616,0.012578,0.923077,0.984964,0.219178,0.000492
22,80,0.076923,0.028571,0.469972,0.235467,0.923077,0.589890,0.369863,0.034938
22,81,0.076923,0.028571,0.198228,0.285547,0.923077,0.640790,0.219178,0.039646
22,82,0.076923,0.028571,0.000000,0.248306,0.923077,0.751694,0.287671,0.000000
22,83,0.076923,0.028571,0.000000,0.048607,0.923077,0.951393,0.205479,0.000000
22,84,0.076923,0.028571,0.000000,0.176034,0.923077,0.823966,0.383562,0.000000
22,85,0.076923,0.028571,0.480237,0.285547,0.923077,0.535995,0.287671,0.096047
22,86,0.076923,0.028571,0.000000,0.488405,0.923077,0.511595,0.315068,0.000000
22,87,0.076923,0.028571,0.000000,0.479261,0.923077,0.520739,0.191781,0.000000
22,88,0.076923,0.028571,0.000000,0.024107,0.923077,0.975893,0.260274,0.000000
22,89,0.076923,0.028571,0.068715,0.539047,0.923077,0.435418,0.205479,0.013743
22,90,0.076923,0.028571,0.000000,0.000000,0.923077,1.000000,0.191781,0.000000
22,91,0.076923,0.028571,0.000000,0.356220,0.923077,0.643780,0.191781,0.000000
22,92,0.076923,0.028571,0.000000,0.557074,0.923077,0.442926,0.219178,0.000000
22,93,0.076923,0.028571,0.385044,0.351629,0.923077,0.505288,0.232877,0.077009
22,94,0.076923,0.028571,0.000000,0.000000,0.923077,1.000000,0.164384,0.000000
22,95,0.076923,0.028571,0.000000,0.000000,0.923077,1.000000,0.260274,0.000000
22,96,0.076923,0.028571,0.000000,0.791104,0.923077,0.208896,0.205479,0.000000
22,97,0.076923,0.028571,0.000000,0.190315,0.923077,0.809685,0.191781,0.000000
22,98,0.076923,0.028571,0.626445,0.021513,0.923077,0.745698,0.328767,0.046571
22,99,0.076923,0.028571,0.267014,0.234029,0.923077,0.666747,0.287671,0.019850
22,100,0.038462,0.021429,0.000000,0.556306,0.961538,0.443694,0.369863,0.000000
22,101,0.038462,0.021429,0.633232,0.282210,0.961538,0.482479,0.315068,0.047075
22,102,0.038462,0.021429,0.000000,0.505099,0.961538,0.494901,0.315068,0.000000
22,103,0.038462,0.021429,0.000000,0.555180,0.961538,0.444820,0.356164,0.000000
22,104,0.038462,0.021429,0.000000,0.506484,0.961538,0.493516,0.315068,0.000000
22,105,0.038462,0.021429,0.000000,0.318239,0.961538,0.681761,0.369863,0.000000
22,106,0.038462,0.021429,0.000000,0.421559,0.961538,0.578441,0.315068,0.000000
22,107,0.038462,0.021429,0.000000,0.555180,0.961538,0.444820,0.356164,0.000000
22,108,0.038462,0.021429,0.000000,0.303351,0.961538,0.696649,0.315068,0.000000
22,109,0.038462,0.021429,0.000000,0.305661,0.961538,0.694339,0.369863,0.000000
22,110,0.038462,0.021429,0.000000,0.269633,0.961538,0.730367,0.369863,0.000000
22,111,0.346154,0.078571,0.809745,0.611334,0.653846,0.087762,0.260274,0.161949
22,112,0.076923,0.028571,0.000000,0.060667,0.923077,0.939333,0.328767,0.000000
22,113,0.076923,0.028571,0.000000,0.045033,0.923077,0.954967,0.205479,0.000000
22,114,0.076923,0.028571,0.000000,0.029300,0.923077,0.970700,0.383562,0.000000
22,115,0.076923,0.028571,0.439488,0.074449,0.923077,0.762236,0.246575,0.032672
22,116,0.076923,0.028571,0.000000,0.101991,0.923077,0.898009,0.342466,0.000000
22,117,0.076923,0.028571,0.000000,0.126170,0.923077,0.873830,0.205479,0.000000
22,118,0.076923,0.028571,0.000000,0.210365,0.923077,0.789635,0.356164,0.000000
22,119,0.076923,0.028571,0.000000,0.420732,0.923077,0.579268,0.205479,0.000000
22,120,0.076923,0.028571,0.000000,0.556260,0.923077,0.443740,0.287671,0.000000
22,121,0.076923,0.028571,0.000000,0.566774,0.923077,0.433226,0.178082,0.000000
22,122,0.076923,0.028571,0.526637,0.556648,0.923077,0.247652,0.246575,0.039151
22,123,0.076923,0.028571,0.000000,0.076121,0.923077,0.923879,0.315068,0.000000
22,124,0.076923,0.028571,0.000000,0.174643,0.923077,0.825357,0.150685,0.000000
22,125,0.076923,0.028571,0.000000,0.002458,0.923077,0.997542,0.315068,0.000000
22,126,0.076923,0.028571,0.000000,0.000000,0.923077,1.000000,0.191781,0.000000
22,127,0.076923,0.028571,0.000000,0.252120,0.923077,0.747880,0.356164,0.000000
22,128,0.076923,0.028571,0.000000,0.392785,0.923077,0.607215,0.164384,0.000000
22,129,0.076923,0.028571,0.000000,0.210365,0.923077,0.789635,0.301370,0.000000
22,130,0.076923,0.028571,0.030825,0.076607,0.923077,0.911938,0.273973,0.002292
22,131,0.076923,0.028571,0.000000,0.289952,0.923077,0.710048,0.328767,0.000000
22,132,0.076923,0.028571,0.000000,0.329636,0.923077,0.670364,0.205479,0.000000
22,133,0.076923,0.028571,0.192758,0.286973,0.923077,0.641398,0.260274,0.014330
22,134,0.076923,0.028571,0.000000,0.189083,0.923077,0.810917,0.301370,0.000000
22,135,0.076923,0.028571,0.000000,0.334530,0.923077,0.665470,0.191781,0.000000
22,136,0.076923,0.028571,0.000000,0.269723,0.923077,0.730277,0.369863,0.000000
22,137,0.076923,0.028571,0.491995,0.383803,0.923077,0.433370,0.205479,0.036576
22,138,0.076923,0.028571,0.000000,0.230407,0.923077,0.769593,0.273973,0.000000
22,139,0.076923,0.028571,0.000000,0.288085,0.923077,0.711915,0.205479,0.000000
22,140,0.076923,0.028571,0.000000,0.473212,0.923077,0.526788,0.315068,0.000000
22,141,0.076923,0.028571,0.454253,0.564398,0.923077,0.266800,0.260274,0.033770
22,142,0.076923,0.028571,0.629784,0.633100,0.923077,0.132871,0.328767,0.125957
22,143,0.076923,0.028571,0.000000,0.605111,0.923077,0.394889,0.178082,0.000000
22,144,0.076923,0.028571,0.057892,0.502464,0.923077,0.476023,0.301370,0.011578
22,145,0.076923,0.028571,0.000000,0.311431,0.923077,0.688569,0.191781,0.000000
22,146,0.076923,0.028571,0.224810,0.174643,0.923077,0.741817,0.328767,0.044962
22,147,0.076923,0.028571,0.000000,0.237769,0.923077,0.762231,0.191781,0.000000
22,148,0.076923,0.028571,0.546641,0.000000,0.923077,0.796867,0.273973,0.040638
22,149,0.076923,0.028571,0.066473,0.252120,0.923077,0.723179,0.246575,0.004942
22,150,0.076923,0.028571,0.408842,0.354283,0.923077,0.493791,0.301370,0.081768
22,151,0.076923,0.028571,0.000000,0.000000,0.923077,1.000000,0.219178,0.000000
22,152,0.076923,0.028571,0.090738,0.000000,0.923077,0.966282,0.356164,0.006746
22,153,0.076923,0.028571,0.000000,0.267569,0.923077,0.732431,0.191781,0.000000
22,154,0.076923,0.028571,0.000000,0.268751,0.923077,0.731249,0.205479,0.000000
22,155,0.076923,0.028571,0.000000,0.000000,0.923077,1.000000,0.191781,0.000000
22,156,0.038462,0.021429,0.000000,0.429319,0.961538,0.570681,0.328767,0.000000
22,157,0.038462,0.021429,0.468611,0.590401,0.961538,0.235462,0.383562,0.093722
22,158,0.038462,0.021429,0.000000,0.541326,0.961538,0.458674,0.397260,0.000000
22,159,0.038462,0.021429,0.000000,0.610258,0.961538,0.389742,0.342466,0.000000
22,160,0.038462,0.021429,0.000000,0.429319,0.961538,0.570681,0.301370,0.000000
22,161,0.038462,0.021429,0.000000,0.501320,0.961538,0.498680,0.369863,0.000000
22,162,0.038462,0.021429,0.000000,0.774115,0.961538,0.225885,0.328767,0.000000
22,163,0.038462,0.021429,0.000000,0.521177,0.961538,0.478823,0.397260,0.000000
22,164,0.038462,0.021429,0.000000,0.400127,0.961538,0.599873,0.397260,0.000000
22,165,0.038462,0.021429,0.000000,0.400127,0.961538,0.599873,0.328767,0.000000
22,166,0.038462,0.021429,0.000000,0.533692,0.961538,0.466308,0.383562,0.000000
22,167,0.346154,0.078571,0.000000,0.235311,0.653846,0.764689,0.260274,0.000000
22,168,0.076923,0.028571,0.000000,0.163315,0.923077,0.836685,0.191781,0.000000
22,169,0.076923,0.028571,0.000000,0.000000,0.923077,1.000000,0.246575,0.000000
22,170,0.076923,0.028571,0.000000,0.000000,0.923077,1.000000,0.219178,0.000000
22,171,0.076923,0.028571,0.000000,0.000000,0.923077,1.000000,0.205479,0.000000
22,172,0.076923,0.028571,0.000000,0.174770,0.923077,0.825230,0.164384,0.000000
22,173,0.076923,0.028571,0.000000,0.001359,0.923077,0.998641,0.205479,0.000000
22,174,0.076923,0.028571,0.103611,0.000000,0.923077,0.961498,0.273973,0.007703
22,175,0.076923,0.028571,0.000000,0.000000,0.923077,1.000000,0.178082,0.000000
22,176,0.076923,0.028571,0.206154,0.558297,0.923077,0.365096,0.205479,0.041231
22,177,0.076923,0.028571,0.566103,0.548201,0.923077,0.241434,0.246575,0.113221
22,178,0.076923,0.028571,0.057887,0.000000,0.923077,0.978489,0.219178,0.004303
22,179,0.076923,0.028571,0.000000,0.346142,0.923077,0.653858,0.150685,0.000000
22,180,0.076923,0.028571,0.078847,0.000000,0.923077,0.970700,0.273973,0.005862
22,181,0.076923,0.028571,0.121186,0.000000,0.923077,0.954967,0.178082,0.009009
22,182,0.076923,0.028571,0.021650,0.000000,0.923077,0.991955,0.342466,0.001609
22,183,0.076923,0.028571,0.200345,0.514944,0.923077,0.410608,0.164384,0.040069
22,184,0.076923,0.028571,0.000000,0.080842,0.923077,0.919158,0.178082,0.000000
22,185,0.076923,0.028571,0.114733,0.000000,0.923077,0.957365,0.301370,0.008529
22,186,0.076923,0.028571,0.000000,0.427036,0.923077,0.572964,0.191781,0.000000
22,187,0.076923,0.028571,0.725708,0.665528,0.923077,0.064797,0.191781,0.145142
22,188,0.076923,0.028571,0.000000,0.577568,0.923077,0.422432,0.178082,0.000000
22,189,0.076923,0.028571,0.746178,0.427036,0.923077,0.295682,0.246575,0.055472
22,190,0.076923,0.028571,0.000000,0.286673,0.923077,0.713327,0.150685,0.000000
22,191,0.076923,0.028571,0.000000,0.000000,0.923077,1.000000,0.287671,0.000000
22,192,0.076923,0.028571,0.000000,0.235467,0.923077,0.764533,0.178082,0.000000
22,193,0.076923,0.028571,0.000000,0.024702,0.923077,0.975298,0.273973,0.000000
22,194,0.076923,0.028571,0.000000,0.248306,0.923077,0.751694,0.150685,0.000000
22,195,0.076923,0.028571,0.000000,0.001359,0.923077,0.998641,0.260274,0.000000
22,196,0.076923,0.028571,0.483417,0.151927,0.923077,0.668434,0.273973,0.035938
22,197,0.076923,0.028571,0.000000,0.024702,0.923077,0.975298,0.205479,0.000000
22,198,0.076923,0.028571,0.000000,0.116803,0.923077,0.883197,0.246575,0.000000
22,199,0.076923,0.028571,0.000000,0.072988,0.923077,0.927012,0.178082,0.000000
22,200,0.076923,0.028571,0.239803,0.000000,0.923077,0.910889,0.191781,0.017827
22,201,0.076923,0.028571,0.171005,0.356964,0.923077,0.579490,0.273973,0.034201
22,202,0.076923,0.028571,0.000000,0.000000,0.923077,1.000000,0.178082,0.000000
22,203,0.076923,0.028571,0.539330,0.174137,0.923077,0.625446,0.150685,0.040095
22,204,0.076923,0.028571,0.345572,0.000000,0.923077,0.871584,0.315068,0.025690
22,205,0.076923,0.028571,0.207722,0.351629,0.923077,0.571181,0.219178,0.041544
22,206,0.076923,0.028571,0.646989,0.080842,0.923077,0.678735,0.178082,0.048098
22,207,0.076923,0.028571,0.000000,0.000000,0.923077,1.000000,0.164384,0.000000
22,208,0.076923,0.028571,0.000000,0.427036,0.923077,0.572964,0.164384,0.000000
22,209,0.076923,0.028571,0.000000,0.190315,0.923077,0.809685,0.219178,0.000000
22,210,0.076923,0.028571,0.000000,0.102355,0.923077,0.897645,0.150685,0.000000
22,211,0.076923,0.028571,0.000000,0.427036,0.923077,0.572964,0.178082,0.000000
22,212,0.038462,0.021429,0.000000,0.286673,0.961538,0.713327,0.178082,0.000000
22,213,0.038462,0.021429,0.000000,0.000000,0.961538,1.000000,0.178082,0.000000
22,214,0.038462,0.021429,0.000000,0.235467,0.961538,0.764533,0.191781,0.000000
22,215,0.038462,0.021429,0.000000,0.024702,0.961538,0.975298,0.205479,0.000000
22,216,0.038462,0.021429,0.000000,0.236852,0.961538,0.763148,0.191781,0.000000
22,217,0.038462,0.021429,0.000000,0.000000,0.961538,1.000000,0.178082,0.000000
22,218,0.038462,0.021429,0.000000,0.151927,0.961538,0.848073,0.191781,0.000000
22,219,0.038462,0.021429,0.000000,0.024702,0.961538,0.975298,0.205479,0.000000
22,220,0.038462,0.021429,0.000000,0.033718,0.961538,0.966282,0.205479,0.000000
22,221,0.038462,0.021429,0.000000,0.000000,0.961538,1.000000,0.178082,0.000000
22,222,0.038462,0.021429,0.000000,0.000000,0.961538,1.000000,0.191781,0.000000
22,223,0.346154,0.078571,0.000000,0.174137,0.653846,0.825863,0.150685,0.000000
22,224,0.019231,0.017857,0.000000,0.037345,0.980769,0.962655,0.383562,0.000000
22,225,0.019231,0.017857,0.000000,0.045033,0.980769,0.954967,0.356164,0.000000
22,226,0.019231,0.017857,0.000000,0.029300,0.980769,0.970700,0.410959,0.000000
22,227,0.019231,0.017857,0.000000,0.074449,0.980769,0.925551,0.356164,0.000000
22,228,0.019231,0.017857,0.000000,0.008045,0.980769,0.991955,0.397260,0.000000
22,229,0.019231,0.017857,0.000000,0.126170,0.980769,0.873830,0.315068,0.000000
22,230,0.019231,0.017857,0.000000,0.210365,0.980769,0.789635,0.452055,0.000000
22,231,0.019231,0.017857,0.000000,0.420732,0.980769,0.579268,0.356164,0.000000
22,232,0.019231,0.017857,0.000000,0.298793,0.980769,0.701207,0.369863,0.000000
22,233,0.019231,0.017857,0.000000,0.379930,0.980769,0.620070,0.342466,0.000000
22,234,0.019231,0.017857,0.752181,0.556648,0.980769,0.163839,0.356164,0.055918
22,235,0.019231,0.017857,0.000000,0.000000,0.980769,1.000000,0.369863,0.000000
22,236,0.019231,0.017857,0.000000,0.000000,0.980769,1.000000,0.356164,0.000000
22,237,0.019231,0.017857,0.000000,0.000000,0.980769,1.000000,0.369863,0.000000
22,238,0.019231,0.017857,0.000000,0.000000,0.980769,1.000000,0.369863,0.000000
22,239,0.019231,0.017857,0.000000,0.000000,0.980769,1.000000,0.397260,0.000000
22,240,0.019231,0.017857,0.000000,0.218142,0.980769,0.781858,0.328767,0.000000
22,241,0.019231,0.017857,0.003657,0.210365,0.980769,0.788276,0.369863,0.000272
22,242,0.019231,0.017857,0.000000,0.076607,0.980769,0.923393,0.410959,0.000000
22,243,0.019231,0.017857,0.000000,0.110622,0.980769,0.889378,0.410959,0.000000
22,244,0.019231,0.017857,0.000000,0.328764,0.980769,0.671236,0.369863,0.000000
22,245,0.019231,0.017857,0.000000,0.286973,0.980769,0.713027,0.383562,0.000000
22,246,0.019231,0.017857,0.000000,0.165760,0.980769,0.834240,0.356164,0.000000
22,247,0.019231,0.017857,0.000000,0.308996,0.980769,0.691004,0.328767,0.000000
22,248,0.019231,0.017857,0.000000,0.269723,0.980769,0.730277,0.383562,0.000000
22,249,0.019231,0.017857,0.000000,0.215185,0.980769,0.784815,0.328767,0.000000
22,250,0.019231,0.017857,0.000000,0.136461,0.980769,0.863539,0.356164,0.000000
22,251,0.019231,0.017857,0.000000,0.288085,0.980769,0.711915,0.342466,0.000000
22,252,0.019231,0.017857,0.217549,0.240423,0.980769,0.678735,0.438356,0.043510
22,253,0.019231,0.017857,0.000000,0.421314,0.980769,0.578686,0.383562,0.000000
22,254,0.019231,0.017857,0.519390,0.277282,0.980769,0.529711,0.397260,0.103878
22,255,0.019231,0.017857,0.000000,0.319917,0.980769,0.680083,0.342466,0.000000
22,256,0.019231,0.017857,0.000000,0.269675,0.980769,0.730325,0.465753,0.000000
22,257,0.019231,0.017857,0.000000,0.000000,0.980769,1.000000,0.410959,0.000000
22,258,0.019231,0.017857,0.000000,0.000000,0.980769,1.000000,0.369863,0.000000
22,259,0.019231,0.017857,0.000000,0.000000,0.980769,1.000000,0.383562,0.000000
22,260,0.019231,0.017857,0.000000,0.000000,0.980769,1.000000,0.397260,0.000000
22,261,0.019231,0.017857,0.000000,0.000000,0.980769,1.000000,0.369863,0.000000
22,262,0.019231,0.017857,0.000000,0.179639,0.980769,0.820361,0.356164,0.000000
22,263,0.019231,0.017857,0.000000,0.000000,0.980769,1.000000,0.315068,0.000000
22,264,0.019231,0.017857,0.000000,0.000000,0.980769,1.000000,0.397260,0.000000
22,265,0.019231,0.017857,0.000000,0.089111,0.980769,0.910889,0.397260,0.000000
22,266,0.019231,0.017857,0.000000,0.268751,0.980769,0.731249,0.424658,0.000000
22,267,0.019231,0.017857,0.000000,0.000000,0.980769,1.000000,0.342466,0.000000
22,268,0.000000,0.014286,0.000000,0.128416,1.000000,0.871584,0.356164,0.000000
22,269,0.000000,0.014286,0.000000,0.263963,1.000000,0.736037,0.356164,0.000000
22,270,0.000000,0.014286,0.000000,0.240423,1.000000,0.759577,0.369863,0.000000
22,271,0.000000,0.014286,0.000000,0.140736,1.000000,0.859264,0.342466,0.000000
22,272,0.000000,0.014286,0.000000,0.128416,1.000000,0.871584,0.369863,0.000000
22,273,0.000000,0.014286,0.000000,0.200417,1.000000,0.799583,0.410959,0.000000
22,274,0.000000,0.014286,0.000000,0.240423,1.000000,0.759577,0.356164,0.000000
22,275,0.000000,0.014286,0.000000,0.077190,1.000000,0.922810,0.410959,0.000000
22,276,0.000000,0.014286,0.000000,0.000000,1.000000,1.000000,0.369863,0.000000
22,277,0.000000,0.014286,0.000000,0.000000,1.000000,1.000000,0.369863,0.000000
22,278,0.000000,0.014286,0.000000,0.000000,1.000000,1.000000,0.383562,0.000000
22,279,0.153846,0.042857,0.000000,0.000000,0.846154,1.000000,0.287671,0.000000
22,280,1.000000,0.200000,0.000000,0.554720,0.000000,0.445280,0.136986,0.000000
23,0,0.076923,0.028571,0.000000,0.000000,0.923077,1.000000,0.418919,0.000000
23,1,0.076923,0.028571,0.000000,0.000000,0.923077,1.000000,0.202703,0.000000
23,2,0.076923,0.028571,0.000000,0.000000,0.923077,1.000000,0.405405,0.000000
23,3,0.076923,0.028571,0.000000,0.162640,0.923077,0.838214,0.162162,0.000000
23,4,0.076923,0.028571,0.346882,0.150244,0.923077,0.688759,0.378378,0.028514
23,5,0.076923,0.028571,0.000000,0.000000,0.923077,1.000000,0.189189,0.000000
23,6,0.076923,0.028571,0.000000,0.468861,0.923077,0.533601,0.418919,0.000000
23,7,0.076923,0.028571,0.000000,0.162640,0.923077,0.838214,0.229730,0.000000
23,8,0.076923,0.028571,0.000000,0.627651,0.923077,0.375644,0.337838,0.000000
23,9,0.076923,0.028571,1.000000,0.477407,0.923077,0.058701,0.283784,0.200000
23,10,0.076923,0.028571,0.000000,0.468861,0.923077,0.533601,0.256757,0.000000
23,11,0.076923,0.028571,0.000000,0.225917,0.923077,0.775269,0.324324,0.000000
23,12,0.076923,0.028571,0.000000,0.000000,0.923077,1.000000,0.162162,0.000000
23,13,0.076923,0.028571,0.000000,0.026426,0.923077,0.973713,0.324324,0.000000
23,14,0.076923,0.028571,0.000000,0.464861,0.923077,0.537580,0.189189,0.000000
23,15,0.076923,0.028571,0.000000,0.319359,0.923077,0.682318,0.351351,0.000000
23,16,0.076923,0.028571,0.000000,0.000000,0.923077,1.000000,0.162162,0.000000
23,17,0.076923,0.028571,0.000000,0.468861,0.923077,0.533601,0.337838,0.000000
23,18,0.076923,0.028571,0.000000,0.464861,0.923077,0.537580,0.256757,0.000000
23,19,0.076923,0.028571,0.000000,0.396379,0.923077,0.605703,0.297297,0.000000
23,20,0.076923,0.028571,0.000000,0.276510,0.923077,0.724941,0.283784,0.000000
23,21,0.076923,0.028571,0.587126,0.468861,0.923077,0.259766,0.229730,0.048261
23,22,0.076923,0.028571,0.000000,0.109209,0.923077,0.891364,0.351351,0.000000
23,23,0.076923,0.028571,0.056363,0.242686,0.923077,0.732301,0.216216,0.011273
23,24,0.076923,0.028571,0.000000,0.216206,0.923077,0.784930,0.364865,0.000000
23,25,0.076923,0.028571,0.000000,0.326522,0.923077,0.675192,0.162162,0.000000
23,26,0.076923,0.028571,0.644586,0.259454,0.923077,0.441274,0.391892,0.052985
23,27,0.076923,0.028571,0.000000,0.179043,0.923077,0.821897,0.175676,0.000000
23,28,0.076923,0.028571,0.000000,0.255691,0.923077,0.745651,0.364865,0.000000
23,29,0.076923,0.028571,0.000000,0.225829,0.923077,0.775356,0.175676,0.000000
23,30,0.076923,0.028571,0.000000,0.471906,0.923077,0.530572,0.324324,0.000000
23,31,0.076923,0.028571,0.000000,0.358711,0.923077,0.643172,0.175676,0.000000
23,32,0.076923,0.028571,0.000000,0.039486,0.923077,0.960722,0.229730,0.000000
23,33,0.076923,0.028571,0.000000,0.233136,0.923077,0.768088,0.270270,0.000000
23,34,0.076923,0.028571,0.000000,0.199336,0.923077,0.801711,0.189189,0.000000
23,35,0.076923,0.028571,0.302848,0.033645,0.923077,0.825283,0.270270,0.024894
23,36,0.076923,0.028571,0.000438,0.501557,0.923077,0.500872,0.175676,0.000088
23,37,0.076923,0.028571,0.177770,0.319359,0.923077,0.599406,0.310811,0.035554
23,38,0.076923,0.028571,0.250828,0.000000,0.923077,0.883014,0.256757,0.020618
23,39,0.076923,0.028571,0.079020,0.000000,0.923077,0.963145,0.283784,0.006495
23,40,0.076923,0.028571,0.000000,0.302221,0.923077,0.699366,0.175676,0.000000
23,41,0.076923,0.028571,0.000000,0.194252,0.923077,0.806768,0.175676,0.000000
23,42,0.076923,0.028571,0.000000,0.074384,0.923077,0.926007,0.175676,0.000000
23,43,0.076923,0.028571,0.000000,0.000000,0.923077,1.000000,0.162162,0.000000
23,44,0.038462,0.021429,0.425150,0.625569,0.961538,0.179426,0.310811,0.085030
23,45,0.038462,0.021429,0.015397,0.759046,0.961538,0.237758,0.418919,0.003079
23,46,0.038462,0.021429,0.000000,0.732565,0.961538,0.271281,0.310811,0.000000
23,47,0.038462,0.021429,0.000000,0.842882,0.961538,0.161544,0.337838,0.000000
23,48,0.038462,0.021429,0.000000,0.625569,0.961538,0.377715,0.418919,0.000000
23,49,0.038462,0.021429,0.000000,0.695403,0.961538,0.308249,0.351351,0.000000
23,50,0.038462,0.021429,0.000000,0.772051,0.961538,0.232003,0.310811,0.000000
23,51,0.038462,0.021429,0.000000,0.742189,0.961538,0.261708,0.310811,0.000000
23,52,0.038462,0.021429,0.000000,0.562741,0.961538,0.440213,0.391892,0.000000
23,53,0.038462,0.021429,0.000000,0.599791,0.961538,0.403358,0.310811,0.000000
23,54,0.038462,0.021429,0.000000,0.555846,0.961538,0.447073,0.324324,0.000000
23,55,0.346154,0.078571,0.148874,0.206555,0.653846,0.725095,0.256757,0.012237
23,56,0.076923,0.028571,0.000000,0.063750,0.923077,0.936585,0.391892,0.000000
23,57,0.076923,0.028571,0.000000,0.000000,0.923077,1.000000,0.216216,0.000000
23,58,0.076923,0.028571,0.000000,0.000000,0.923077,1.000000,0.378378,0.000000
23,59,0.076923,0.028571,0.000000,0.162640,0.923077,0.838214,0.202703,0.000000
23,60,0.076923,0.028571,0.000000,0.063750,0.923077,0.936585,0.391892,0.000000
23,61,0.076923,0.028571,0.000000,0.000000,0.923077,1.000000,0.175676,0.000000
23,62,0.076923,0.028571,0.000000,0.468861,0.923077,0.533601,0.324324,0.000000
23,63,0.076923,0.028571,0.000000,0.162640,0.923077,0.838214,0.216216,0.000000
23,64,0.076923,0.028571,0.000000,0.430770,0.923077,0.571492,0.283784,0.000000
23,65,0.076923,0.028571,0.000000,0.430770,0.923077,0.571492,0.175676,0.000000
23,66,0.076923,0.028571,0.431101,0.468861,0.923077,0.332536,0.256757,0.035436
23,67,0.076923,0.028571,0.000000,0.090176,0.923077,0.910297,0.337838,0.000000
23,68,0.076923,0.028571,0.000000,0.000000,0.923077,1.000000,0.175676,0.000000
23,69,0.076923,0.028571,0.000000,0.026426,0.923077,0.973713,0.324324,0.000000
23,70,0.076923,0.028571,0.000000,0.464861,0.923077,0.537580,0.202703,0.000000
23,71,0.076923,0.028571,0.000000,0.164739,0.923077,0.836126,0.351351,0.000000
23,72,0.076923,0.028571,0.000000,0.000000,0.923077,1.000000,0.189189,0.000000
23,73,0.076923,0.028571,0.000000,0.468861,0.923077,0.533601,0.310811,0.000000
23,74,0.076923,0.028571,0.320445,0.690093,0.923077,0.164075,0.283784,0.064089
23,75,0.076923,0.028571,0.000000,0.231925,0.923077,0.769293,0.283784,0.000000
23,76,0.076923,0.028571,0.000000,0.130935,0.923077,0.869752,0.175676,0.000000
23,77,0.076923,0.028571,0.000000,0.694093,0.923077,0.309551,0.324324,0.000000
23,78,0.076923,0.028571,0.000000,0.169833,0.923077,0.831059,0.351351,0.000000
23,79,0.076923,0.028571,0.000000,0.141994,0.923077,0.858752,0.229730,0.000000
23,80,0.076923,0.028571,0.000000,0.323599,0.923077,0.678100,0.378378,0.000000
23,81,0.076923,0.028571,0.425480,0.211490,0.923077,0.591177,0.216216,0.034974
23,82,0.076923,0.028571,0.000000,0.274141,0.923077,0.727299,0.283784,0.000000
23,83,0.076923,0.028571,0.000000,0.206483,0.923077,0.794601,0.202703,0.000000
23,84,0.076923,0.028571,0.000000,0.323599,0.923077,0.678100,0.378378,0.000000
23,85,0.076923,0.028571,0.255658,0.211490,0.923077,0.670382,0.283784,0.021015
23,86,0.076923,0.028571,0.000000,0.444168,0.923077,0.558164,0.310811,0.000000
23,87,0.076923,0.028571,0.000000,0.404349,0.923077,0.597774,0.189189,0.000000
23,88,0.076923,0.028571,0.158648,0.000000,0.923077,0.926007,0.256757,0.013041
23,89,0.076923,0.028571,0.214760,0.153798,0.923077,0.746846,0.202703,0.017653
23,90,0.076923,0.028571,0.000000,0.395467,0.923077,0.606609,0.189189,0.000000
23,91,0.076923,0.028571,0.000000,0.153798,0.923077,0.847009,0.189189,0.000000
23,92,0.076923,0.028571,0.232487,0.501557,0.923077,0.392644,0.216216,0.046497
23,93,0.076923,0.028571,0.303885,0.100989,0.923077,0.757809,0.229730,0.024979
23,94,0.076923,0.028571,0.210302,0.196131,0.923077,0.706814,0.162162,0.017287
23,95,0.076923,0.028571,0.000000,0.000000,0.923077,1.000000,0.256757,0.000000
23,96,0.076923,0.028571,0.000000,0.563334,0.923077,0.439624,0.202703,0.000000
23,97,0.076923,0.028571,0.000000,0.141015,0.923077,0.859725,0.189189,0.000000
23,98,0.076923,0.028571,0.084216,0.040026,0.923077,0.920906,0.337838,0.016843
23,99,0.076923,0.028571,0.098924,0.261112,0.923077,0.694121,0.297297,0.019785
23,100,0.038462,0.021429,0.000000,0.405794,0.961538,0.596337,0.364865,0.000000
23,101,0.038462,0.021429,0.000000,0.377954,0.961538,0.624030,0.324324,0.000000
23,102,0.038462,0.021429,0.000000,0.559560,0.961538,0.443378,0.310811,0.000000
23,103,0.038462,0.021429,0.000000,0.447451,0.961538,0.554899,0.351351,0.000000
23,104,0.038462,0.021429,0.000000,0.510102,0.961538,0.492577,0.310811,0.000000
23,105,0.038462,0.021429,0.000000,0.442444,0.961538,0.559880,0.364865,0.000000
23,106,0.038462,0.021429,0.000000,0.559560,0.961538,0.443378,0.310811,0.000000
23,107,0.038462,0.021429,0.000000,0.447451,0.961538,0.554899,0.351351,0.000000
23,108,0.038462,0.021429,0.000000,0.340268,0.961538,0.661518,0.310811,0.000000
23,109,0.038462,0.021429,0.000000,0.300450,0.961538,0.701128,0.364865,0.000000
23,110,0.038462,0.021429,0.000000,0.235961,0.961538,0.765278,0.364865,0.000000
23,111,0.346154,0.078571,0.952433,0.558720,0.653846,0.000000,0.256757,0.078290
23,112,0.076923,0.028571,0.000000,0.326226,0.923077,0.675487,0.324324,0.000000
23,113,0.076923,0.028571,0.000000,0.000000,0.923077,1.000000,0.202703,0.000000
23,114,0.076923,0.028571,0.000000,0.326226,0.923077,0.675487,0.378378,0.000000
23,115,0.076923,0.028571,0.135968,0.128566,0.923077,0.808694,0.256757,0.027194
23,116,0.076923,0.028571,0.000000,0.150244,0.923077,0.850545,0.337838,0.000000
23,117,0.076923,0.028571,0.000000,0.182364,0.923077,0.818594,0.202703,0.000000
23,118,0.076923,0.028571,0.000000,0.214562,0.923077,0.786564,0.351351,0.000000
23,119,0.076923,0.028571,0.000000,0.290469,0.923077,0.711057,0.202703,0.000000
23,120,0.076923,0.028571,0.000000,0.503838,0.923077,0.498807,0.283784,0.000000
23,121,0.076923,0.028571,0.000000,0.535957,0.923077,0.466857,0.175676,0.000000
23,122,0.076923,0.028571,0.193894,0.376465,0.923077,0.535080,0.256757,0.015938
23,123,0.076923,0.028571,0.000000,0.260829,0.923077,0.740540,0.310811,0.000000
23,124,0.076923,0.028571,0.000000,0.000000,0.923077,1.000000,0.148649,0.000000
23,125,0.076923,0.028571,0.000000,0.260221,0.923077,0.741145,0.310811,0.000000
23,126,0.076923,0.028571,0.000000,0.000000,0.923077,1.000000,0.189189,0.000000
23,127,0.076923,0.028571,0.000000,0.319359,0.923077,0.682318,0.351351,0.000000
23,128,0.076923,0.028571,0.000000,0.056194,0.923077,0.944102,0.162162,0.000000
23,129,0.076923,0.028571,0.000000,0.413445,0.923077,0.588726,0.297297,0.000000
23,130,0.076923,0.028571,0.000000,0.068264,0.923077,0.932095,0.283784,0.000000
23,131,0.076923,0.028571,0.000000,0.396379,0.923077,0.605703,0.324324,0.000000
23,132,0.076923,0.028571,0.000000,0.332704,0.923077,0.669043,0.202703,0.000000
23,133,0.076923,0.028571,0.137738,0.282826,0.923077,0.654418,0.270270,0.011322
23,134,0.076923,0.028571,0.000000,0.443902,0.923077,0.558428,0.297297,0.000000
23,135,0.076923,0.028571,0.000000,0.355655,0.923077,0.646212,0.189189,0.000000
23,136,0.076923,0.028571,0.000000,0.363490,0.923077,0.638419,0.364865,0.000000
23,137,0.076923,0.028571,0.000000,0.682007,0.923077,0.321574,0.216216,0.000000
23,138,0.076923,0.028571,0.000000,0.329259,0.923077,0.672470,0.270270,0.000000
23,139,0.076923,0.028571,0.000000,0.341303,0.923077,0.660489,0.202703,0.000000
23,140,0.076923,0.028571,0.000000,0.138088,0.923077,0.862637,0.310811,0.000000
23,141,0.076923,0.028571,0.215393,0.703388,0.923077,0.199846,0.270270,0.043079
23,142,0.076923,0.028571,0.480381,0.348093,0.923077,0.429685,0.324324,0.039487
23,143,0.076923,0.028571,0.000000,0.324019,0.923077,0.677682,0.175676,0.000000
23,144,0.076923,0.028571,0.085369,0.201389,0.923077,0.759853,0.297297,0.007017
23,145,0.076923,0.028571,0.000000,0.199491,0.923077,0.801557,0.189189,0.000000
23,146,0.076923,0.028571,0.000000,0.284072,0.923077,0.717419,0.324324,0.000000
23,147,0.076923,0.028571,0.000000,0.198883,0.923077,0.802161,0.189189,0.000000
23,148,0.076923,0.028571,0.361788,0.000000,0.923077,0.831263,0.283784,0.029739
23,149,0.076923,0.028571,0.273301,0.319359,0.923077,0.554850,0.256757,0.054660
23,150,0.076923,0.028571,0.439353,0.284072,0.923077,0.512505,0.297297,0.036115
23,151,0.076923,0.028571,0.058524,0.198883,0.923077,0.774866,0.216216,0.011705
23,152,0.076923,0.028571,0.222470,0.068264,0.923077,0.828335,0.364865,0.018287
23,153,0.076923,0.028571,0.000000,0.194252,0.923077,0.806768,0.189189,0.000000
23,154,0.076923,0.028571,0.000000,0.074384,0.923077,0.926007,0.202703,0.000000
23,155,0.076923,0.028571,0.000000,0.068264,0.923077,0.932095,0.189189,0.000000
23,156,0.038462,0.021429,0.000000,0.625573,0.961538,0.377711,0.324324,0.000000
23,157,0.038462,0.021429,0.256265,0.802214,0.961538,0.082476,0.378378,0.051253
23,158,0.038462,0.021429,0.418315,0.545161,0.961538,0.262600,0.391892,0.083663
23,159,0.038462,0.021429,0.000000,1.000000,0.961538,0.005251,0.337838,0.000000
23,160,0.038462,0.021429,0.000000,0.625573,0.961538,0.377711,0.297297,0.000000
23,161,0.038462,0.021429,0.000000,0.661692,0.961538,0.341782,0.364865,0.000000
23,162,0.038462,0.021429,0.000000,0.584647,0.961538,0.418423,0.324324,0.000000
23,163,0.038462,0.021429,0.000000,0.859478,0.961538,0.145035,0.391892,0.000000
23,164,0.038462,0.021429,0.076527,0.492940,0.961538,0.473956,0.391892,0.015305
23,165,0.038462,0.021429,0.000000,0.492940,0.961538,0.509648,0.324324,0.000000
23,166,0.038462,0.021429,0.000000,0.486044,0.961538,0.516508,0.378378,0.000000
23,167,0.346154,0.078571,0.354390,0.284072,0.653846,0.552132,0.256757,0.029131
23,168,0.076923,0.028571,0.000000,0.063750,0.923077,0.936585,0.189189,0.000000
23,169,0.076923,0.028571,0.130824,0.000000,0.923077,0.938984,0.243243,0.010754
23,170,0.076923,0.028571,0.000000,0.000000,0.923077,1.000000,0.216216,0.000000
23,171,0.076923,0.028571,0.000000,0.000000,0.923077,1.000000,0.202703,0.000000
23,172,0.076923,0.028571,0.000000,0.063750,0.923077,0.936585,0.162162,0.000000
23,173,0.076923,0.028571,0.000000,0.000000,0.923077,1.000000,0.202703,0.000000
23,174,0.076923,0.028571,0.119851,0.000000,0.923077,0.944102,0.283784,0.009852
23,175,0.076923,0.028571,0.000000,0.000000,0.923077,1.000000,0.175676,0.000000
23,176,0.076923,0.028571,0.000000,0.267775,0.923077,0.733631,0.202703,0.000000
23,177,0.076923,0.028571,0.457624,0.267775,0.923077,0.520195,0.243243,0.091525
23,178,0.076923,0.028571,0.000000,0.000000,0.923077,1.000000,0.229730,0.000000
23,179,0.076923,0.028571,0.000000,0.140662,0.923077,0.860076,0.148649,0.000000
23,180,0.076923,0.028571,0.564960,0.000000,0.923077,0.736503,0.283784,0.046439
23,181,0.076923,0.028571,0.000000,0.076912,0.923077,0.923492,0.189189,0.000000
23,182,0.076923,0.028571,0.000000,0.000000,0.923077,1.000000,0.351351,0.000000
23,183,0.076923,0.028571,0.274209,0.164739,0.923077,0.708235,0.162162,0.022540
23,184,0.076923,0.028571,0.000000,0.092943,0.923077,0.907545,0.175676,0.000000
23,185,0.076923,0.028571,0.269099,0.000000,0.923077,0.874492,0.310811,0.022120
23,186,0.076923,0.028571,0.000000,0.424209,0.923077,0.578018,0.189189,0.000000
23,187,0.076923,0.028571,0.345311,0.574099,0.923077,0.267863,0.189189,0.069062
23,188,0.076923,0.028571,0.000000,0.566053,0.923077,0.436919,0.175676,0.000000
23,189,0.076923,0.028571,0.323054,0.424209,0.923077,0.427346,0.256757,0.064611
23,190,0.076923,0.028571,0.000000,0.169628,0.923077,0.831263,0.148649,0.000000
23,191,0.076923,0.028571,0.000000,0.000000,0.923077,1.000000,0.283784,0.000000
23,192,0.076923,0.028571,0.000000,0.205996,0.923077,0.795086,0.175676,0.000000
23,193,0.076923,0.028571,0.000000,0.128140,0.923077,0.872532,0.270270,0.000000
23,194,0.076923,0.028571,0.000000,0.273936,0.923077,0.727503,0.148649,0.000000
23,195,0.076923,0.028571,0.424183,0.027440,0.923077,0.774866,0.256757,0.034868
23,196,0.076923,0.028571,0.000000,0.205996,0.923077,0.795086,0.283784,0.000000
23,197,0.076923,0.028571,0.000000,0.128140,0.923077,0.872532,0.202703,0.000000
23,198,0.076923,0.028571,0.145595,0.249647,0.923077,0.683758,0.243243,0.029119
23,199,0.076923,0.028571,0.000000,0.172779,0.923077,0.828128,0.175676,0.000000
23,200,0.076923,0.028571,0.000000,0.000000,0.923077,1.000000,0.202703,0.000000
23,201,0.076923,0.028571,0.084950,0.197065,0.923077,0.764349,0.270270,0.006983
23,202,0.076923,0.028571,0.000000,0.196131,0.923077,0.804898,0.175676,0.000000
23,203,0.076923,0.028571,0.458842,0.197065,0.923077,0.589966,0.162162,0.037717
23,204,0.076923,0.028571,0.149320,0.000000,0.923077,0.930357,0.324324,0.012274
23,205,0.076923,0.028571,0.576800,0.100989,0.923077,0.630522,0.216216,0.047413
23,206,0.076923,0.028571,0.000000,0.289075,0.923077,0.712443,0.189189,0.000000
23,207,0.076923,0.028571,0.000000,0.000000,0.923077,1.000000,0.162162,0.000000
23,208,0.076923,0.028571,0.000000,0.460089,0.923077,0.542326,0.162162,0.000000
23,209,0.076923,0.028571,0.000000,0.370903,0.923077,0.631044,0.216216,0.000000
23,210,0.076923,0.028571,0.000000,0.362857,0.923077,0.639048,0.148649,0.000000
23,211,0.076923,0.028571,0.000000,0.460089,0.923077,0.542326,0.175676,0.000000
23,212,0.038462,0.021429,0.000000,0.335788,0.961538,0.665975,0.175676,0.000000
23,213,0.038462,0.021429,0.000000,0.166160,0.961538,0.834713,0.175676,0.000000
23,214,0.038462,0.021429,0.605877,0.372155,0.961538,0.347218,0.189189,0.121175
23,215,0.038462,0.021429,0.000000,0.294300,0.961538,0.707245,0.202703,0.000000
23,216,0.038462,0.021429,0.000000,0.440095,0.961538,0.562215,0.189189,0.000000
23,217,0.038462,0.021429,0.000000,0.193600,0.961538,0.807417,0.175676,0.000000
23,218,0.038462,0.021429,0.000000,0.372155,0.961538,0.629799,0.189189,0.000000
23,219,0.038462,0.021429,0.000000,0.294300,0.961538,0.707245,0.202703,0.000000
23,220,0.038462,0.021429,0.000000,0.351227,0.961538,0.650617,0.202703,0.000000
23,221,0.038462,0.021429,0.000000,0.274359,0.961538,0.727081,0.175676,0.000000
23,222,0.038462,0.021429,0.000000,0.166160,0.961538,0.834713,0.189189,0.000000
23,223,0.346154,0.078571,0.000000,0.352164,0.653846,0.649685,0.148649,0.000000
23,224,0.019231,0.017857,0.000000,0.326226,0.980769,0.675487,0.378378,0.000000
23,225,0.019231,0.017857,0.000000,0.000000,0.980769,1.000000,0.351351,0.000000
23,226,0.019231,0.017857,0.000000,0.326226,0.980769,0.675487,0.405405,0.000000
23,227,0.019231,0.017857,0.000000,0.128566,0.980769,0.872109,0.351351,0.000000
23,228,0.019231,0.017857,0.000000,0.000000,0.980769,1.000000,0.391892,0.000000
23,229,0.019231,0.017857,0.000000,0.182364,0.980769,0.818594,0.310811,0.000000
23,230,0.019231,0.017857,0.000000,0.214562,0.980769,0.786564,0.445946,0.000000
23,231,0.019231,0.017857,0.000000,0.290469,0.980769,0.711057,0.351351,0.000000
23,232,0.019231,0.017857,0.000000,0.151467,0.980769,0.849328,0.364865,0.000000
23,233,0.019231,0.017857,0.000000,0.333831,0.980769,0.667922,0.337838,0.000000
23,234,0.019231,0.017857,0.239486,0.376465,0.980769,0.513815,0.364865,0.019686
23,235,0.019231,0.017857,0.000000,0.061338,0.980769,0.938984,0.364865,0.000000
23,236,0.019231,0.017857,0.000000,0.000000,0.980769,1.000000,0.351351,0.000000
23,237,0.019231,0.017857,0.000000,0.260221,0.980769,0.741145,0.364865,0.000000
23,238,0.019231,0.017857,0.000000,0.000000,0.980769,1.000000,0.364865,0.000000
23,239,0.019231,0.017857,0.000000,0.000000,0.980769,1.000000,0.391892,0.000000
23,240,0.019231,0.017857,0.000000,0.056194,0.980769,0.944102,0.324324,0.000000
23,241,0.019231,0.017857,0.000000,0.413445,0.980769,0.588726,0.378378,0.000000
23,242,0.019231,0.017857,0.000000,0.068264,0.980769,0.932095,0.405405,0.000000
23,243,0.019231,0.017857,0.000000,0.000000,0.980769,1.000000,0.405405,0.000000
23,244,0.019231,0.017857,0.000000,0.056194,0.980769,0.944102,0.364865,0.000000
23,245,0.019231,0.017857,0.000000,0.282826,0.980769,0.718659,0.378378,0.000000
23,246,0.019231,0.017857,0.000000,0.334898,0.980769,0.666860,0.351351,0.000000
23,247,0.019231,0.017857,0.164041,0.254963,0.980769,0.669867,0.324324,0.032808
23,248,0.019231,0.017857,0.000000,0.264888,0.980769,0.736503,0.378378,0.000000
23,249,0.019231,0.017857,0.000000,0.438835,0.980769,0.563470,0.324324,0.000000
23,250,0.019231,0.017857,0.000000,0.070010,0.980769,0.930357,0.351351,0.000000
23,251,0.019231,0.017857,0.000000,0.341303,0.980769,0.660489,0.337838,0.000000
23,252,0.019231,0.017857,0.198232,0.000000,0.980769,0.907545,0.432432,0.016295
23,253,0.019231,0.017857,0.000000,0.560908,0.980769,0.442037,0.378378,0.000000
23,254,0.019231,0.017857,0.424384,0.151467,0.980769,0.651396,0.391892,0.034884
23,255,0.019231,0.017857,0.000000,0.277637,0.980769,0.723820,0.337838,0.000000
23,256,0.019231,0.017857,0.490312,0.161903,0.980769,0.610266,0.459459,0.040303
23,257,0.019231,0.017857,0.000000,0.000000,0.980769,1.000000,0.405405,0.000000
23,258,0.019231,0.017857,0.000000,0.284072,0.980769,0.717419,0.364865,0.000000
23,259,0.019231,0.017857,0.000000,0.198883,0.980769,0.802161,0.378378,0.000000
23,260,0.019231,0.017857,0.000000,0.000000,0.980769,1.000000,0.391892,0.000000
23,261,0.019231,0.017857,0.000000,0.000000,0.980769,1.000000,0.364865,0.000000
23,262,0.019231,0.017857,0.000000,0.284072,0.980769,0.717419,0.351351,0.000000
23,263,0.019231,0.017857,0.000000,0.198883,0.980769,0.802161,0.310811,0.000000
23,264,0.019231,0.017857,0.000000,0.068264,0.980769,0.932095,0.391892,0.000000
23,265,0.019231,0.017857,0.000000,0.000000,0.980769,1.000000,0.391892,0.000000
23,266,0.019231,0.017857,0.000000,0.000000,0.980769,1.000000,0.418919,0.000000
23,267,0.019231,0.017857,0.172247,0.068264,0.980769,0.851759,0.337838,0.014159
23,268,0.000000,0.014286,0.000000,0.070010,1.000000,0.930357,0.351351,0.000000
23,269,0.000000,0.014286,0.000000,0.254963,1.000000,0.746376,0.351351,0.000000
23,270,0.000000,0.014286,0.000000,0.000000,1.000000,1.000000,0.364865,0.000000
23,271,0.000000,0.014286,0.000000,0.310269,1.000000,0.691360,0.337838,0.000000
23,272,0.000000,0.014286,0.000000,0.070010,1.000000,0.930357,0.364865,0.000000
23,273,0.000000,0.014286,0.000000,0.215133,1.000000,0.785996,0.405405,0.000000
23,274,0.000000,0.014286,0.000000,0.000000,1.000000,1.000000,0.351351,0.000000
23,275,0.000000,0.014286,0.000000,0.270439,1.000000,0.730981,0.405405,0.000000
23,276,0.000000,0.014286,0.000000,0.000000,1.000000,1.000000,0.364865,0.000000
23,277,0.000000,0.014286,0.000000,0.000000,1.000000,1.000000,0.364865,0.000000
23,278,0.000000,0.014286,0.000000,0.000000,1.000000,1.000000,0.378378,0.000000
23,279,0.153846,0.042857,0.000000,0.284072,0.846154,0.717419,0.283784,0.000000
23,280,1.000000,0.200000,0.000000,0.791766,0.000000,0.212391,0.135135,0.000000
24,0,0.076923,0.028571,0.000000,0.040299,0.923077,0.965576,0.413333,0.000000
24,1,0.076923,0.028571,0.000000,0.000000,0.923077,1.000000,0.200000,0.000000
24,2,0.076923,0.028571,0.000000,0.000000,0.923077,1.000000,0.400000,0.000000
24,3,0.076923,0.028571,0.000000,0.144409,0.923077,0.876645,0.160000,0.000000
24,4,0.076923,0.028571,0.068203,0.091540,0.923077,0.896212,0.386667,0.013641
24,5,0.076923,0.028571,0.000000,0.000000,0.923077,1.000000,0.186667,0.000000
24,6,0.076923,0.028571,0.000000,0.437912,0.923077,0.625933,0.413333,0.000000
24,7,0.076923,0.028571,0.000000,0.144409,0.923077,0.876645,0.226667,0.000000
24,8,0.076923,0.028571,0.000000,0.325763,0.923077,0.721732,0.333333,0.000000
24,9,0.076923,0.028571,0.996842,0.274522,0.923077,0.391435,0.280000,0.096661
24,10,0.076923,0.028571,0.000000,0.437912,0.923077,0.625933,0.253333,0.000000
24,11,0.076923,0.028571,0.000000,0.165695,0.923077,0.858462,0.320000,0.000000
24,12,0.076923,0.028571,0.000000,0.111409,0.923077,0.904834,0.160000,0.000000
24,13,0.076923,0.028571,0.000000,0.263620,0.923077,0.774814,0.320000,0.000000
24,14,0.076923,0.028571,0.000000,0.218073,0.923077,0.813721,0.186667,0.000000
24,15,0.076923,0.028571,0.000000,0.134653,0.923077,0.884979,0.346667,0.000000
24,16,0.076923,0.028571,0.000000,0.179072,0.923077,0.847036,0.160000,0.000000
24,17,0.076923,0.028571,0.000000,0.627282,0.923077,0.464173,0.333333,0.000000
24,18,0.076923,0.028571,0.116642,0.218073,0.923077,0.769951,0.253333,0.023328
24,19,0.076923,0.028571,0.000000,0.415843,0.923077,0.644785,0.293333,0.000000
24,20,0.076923,0.028571,0.000000,0.411749,0.923077,0.648282,0.280000,0.000000
24,21,0.076923,0.028571,0.000000,0.466462,0.923077,0.601546,0.240000,0.000000
24,22,0.076923,0.028571,0.000000,0.355431,0.923077,0.696389,0.346667,0.000000
24,23,0.076923,0.028571,0.234009,0.439300,0.923077,0.536936,0.213333,0.046802
24,24,0.076923,0.028571,0.000000,0.000000,0.923077,1.000000,0.360000,0.000000
24,25,0.076923,0.028571,0.000000,0.228840,0.923077,0.804524,0.160000,0.000000
24,26,0.076923,0.028571,0.167685,0.406672,0.923077,0.589695,0.400000,0.033537
24,27,0.076923,0.028571,0.000000,0.590904,0.923077,0.495247,0.173333,0.000000
24,28,0.076923,0.028571,0.000000,0.234128,0.923077,0.800007,0.360000,0.000000
24,29,0.076923,0.028571,0.000000,0.228840,0.923077,0.804524,0.173333,0.000000
24,30,0.076923,0.028571,0.000000,0.325763,0.923077,0.721732,0.320000,0.000000
24,31,0.076923,0.028571,0.000000,0.426126,0.923077,0.636001,0.173333,0.000000
24,32,0.076923,0.028571,0.783259,0.234128,0.923077,0.506087,0.226667,0.075950
24,33,0.076923,0.028571,0.000000,0.179606,0.923077,0.846580,0.266667,0.000000
24,34,0.076923,0.028571,0.000000,0.336863,0.923077,0.712250,0.186667,0.000000
24,35,0.076923,0.028571,0.000000,0.277531,0.923077,0.762931,0.280000,0.000000
24,36,0.076923,0.028571,0.605704,0.477826,0.923077,0.364547,0.173333,0.058733
24,37,0.076923,0.028571,0.520919,0.134653,0.923077,0.689503,0.306667,0.050512
24,38,0.076923,0.028571,0.000000,0.179072,0.923077,0.847036,0.266667,0.000000
24,39,0.076923,0.028571,0.345103,0.290886,0.923077,0.622023,0.293333,0.033464
24,40,0.076923,0.028571,0.000000,0.275524,0.923077,0.764646,0.173333,0.000000
24,41,0.076923,0.028571,0.000000,0.415843,0.923077,0.644785,0.173333,0.000000
24,42,0.076923,0.028571,0.000000,0.411749,0.923077,0.648282,0.173333,0.000000
24,43,0.076923,0.028571,0.000000,0.153218,0.923077,0.869121,0.160000,0.000000
24,44,0.038462,0.021429,0.513212,0.710480,0.961538,0.200521,0.306667,0.102642
24,45,0.038462,0.021429,0.031666,0.834648,0.961538,0.275157,0.413333,0.006333
24,46,0.038462,0.021429,0.000000,0.395348,0.961538,0.662292,0.306667,0.000000
24,47,0.038462,0.021429,0.000000,0.624188,0.961538,0.466816,0.333333,0.000000
24,48,0.038462,0.021429,0.406802,0.710480,0.961538,0.240451,0.413333,0.081360
24,49,0.038462,0.021429,0.000000,0.986251,0.961538,0.157539,0.346667,0.000000
24,50,0.038462,0.021429,0.000000,0.629476,0.961538,0.462299,0.306667,0.000000
24,51,0.038462,0.021429,0.000000,0.624188,0.961538,0.466816,0.306667,0.000000
24,52,0.038462,0.021429,0.052701,0.395348,0.961538,0.642516,0.386667,0.010540
24,53,0.038462,0.021429,0.231088,0.546952,0.961538,0.446075,0.306667,0.046218
24,54,0.038462,0.021429,0.000000,0.629476,0.961538,0.462299,0.320000,0.000000
24,55,0.346154,0.078571,0.258021,0.542742,0.653846,0.439564,0.266667,0.025019
24,56,0.076923,0.028571,0.000000,0.000000,0.923077,1.000000,0.386667,0.000000
24,57,0.076923,0.028571,0.000000,0.000000,0.923077,1.000000,0.213333,0.000000
24,58,0.076923,0.028571,0.000000,0.000000,0.923077,1.000000,0.373333,0.000000
24,59,0.076923,0.028571,0.000000,0.029962,0.923077,0.974407,0.200000,0.000000
24,60,0.076923,0.028571,0.260522,0.099774,0.923077,0.817011,0.386667,0.025262
24,61,0.076923,0.028571,0.000000,0.000000,0.923077,1.000000,0.173333,0.000000
24,62,0.076923,0.028571,0.000000,0.437912,0.923077,0.625933,0.320000,0.000000
24,63,0.076923,0.028571,0.000000,0.029962,0.923077,0.974407,0.213333,0.000000
24,64,0.076923,0.028571,0.000000,0.099774,0.923077,0.914773,0.280000,0.000000
24,65,0.076923,0.028571,0.000000,0.000000,0.923077,1.000000,0.173333,0.000000
24,66,0.076923,0.028571,0.000000,0.437912,0.923077,0.625933,0.266667,0.000000
24,67,0.076923,0.028571,0.000000,0.189559,0.923077,0.838077,0.333333,0.000000
24,68,0.076923,0.028571,0.000000,0.000000,0.923077,1.000000,0.173333,0.000000
24,69,0.076923,0.028571,0.000000,0.102800,0.923077,0.912188,0.320000,0.000000
24,70,0.076923,0.028571,0.091736,0.103626,0.923077,0.877059,0.200000,0.008895
24,71,0.076923,0.028571,0.000000,0.114127,0.923077,0.902512,0.346667,0.000000
24,72,0.076923,0.028571,0.000000,0.000000,0.923077,1.000000,0.186667,0.000000
24,73,0.076923,0.028571,0.000000,0.437912,0.923077,0.625933,0.306667,0.000000
24,74,0.076923,0.028571,0.000000,0.289556,0.923077,0.752660,0.280000,0.000000
24,75,0.076923,0.028571,0.000000,0.376636,0.923077,0.678275,0.280000,0.000000
24,76,0.076923,0.028571,0.000000,0.349269,0.923077,0.701653,0.173333,0.000000
24,77,0.076923,0.028571,0.624908,0.623843,0.923077,0.232612,0.320000,0.124982
24,78,0.076923,0.028571,0.000000,0.381363,0.923077,0.674238,0.346667,0.000000
24,79,0.076923,0.028571,0.000000,0.000000,0.923077,1.000000,0.226667,0.000000
24,80,0.076923,0.028571,0.253605,0.207930,0.923077,0.727219,0.373333,0.024591
24,81,0.076923,0.028571,0.143172,0.286100,0.923077,0.701886,0.226667,0.028634
24,82,0.076923,0.028571,0.000000,0.501353,0.923077,0.571742,0.280000,0.000000
24,83,0.076923,0.028571,0.366083,0.220170,0.923077,0.674557,0.200000,0.073217
24,84,0.076923,0.028571,0.154026,0.164958,0.923077,0.801294,0.373333,0.014935
24,85,0.076923,0.028571,0.163345,0.286100,0.923077,0.694316,0.293333,0.032669
24,86,0.076923,0.028571,0.000000,0.162963,0.923077,0.860796,0.306667,0.000000
24,87,0.076923,0.028571,0.064988,0.220170,0.923077,0.787543,0.186667,0.012998
24,88,0.076923,0.028571,0.000000,0.000000,0.923077,1.000000,0.266667,0.000000
24,89,0.076923,0.028571,0.000000,0.374149,0.923077,0.680400,0.213333,0.000000
24,90,0.076923,0.028571,0.000000,0.225454,0.923077,0.807416,0.186667,0.000000
24,91,0.076923,0.028571,1.000000,0.287390,0.923077,0.379258,0.186667,0.096967
24,92,0.076923,0.028571,0.111646,0.477826,0.923077,0.549943,0.213333,0.010826
24,93,0.076923,0.028571,0.000000,0.114127,0.923077,0.902512,0.240000,0.000000
24,94,0.076923,0.028571,0.000000,0.000000,0.923077,1.000000,0.173333,0.000000
24,95,0.076923,0.028571,0.000000,0.101517,0.923077,0.913284,0.253333,0.000000
24,96,0.076923,0.028571,0.000000,0.461454,0.923077,0.605823,0.200000,0.000000
24,97,0.076923,0.028571,0.000000,0.376636,0.923077,0.678275,0.186667,0.000000
24,98,0.076923,0.028571,0.532957,0.349269,0.923077,0.501660,0.333333,0.106591
24,99,0.076923,0.028571,0.000000,0.310599,0.923077,0.734685,0.293333,0.000000
24,100,0.038462,0.021429,0.000000,0.587052,0.961538,0.498537,0.360000,0.000000
24,101,0.038462,0.021429,0.000000,0.205690,0.961538,0.824299,0.320000,0.000000
24,102,0.038462,0.021429,0.000000,0.413620,0.961538,0.646684,0.306667,0.000000
24,103,0.038462,0.021429,0.000000,0.491790,0.961538,0.579911,0.346667,0.000000
24,104,0.038462,0.021429,0.000000,0.607269,0.961538,0.481268,0.306667,0.000000
24,105,0.038462,0.021429,0.000000,0.425859,0.961538,0.636229,0.360000,0.000000
24,106,0.038462,0.021429,0.000000,0.370648,0.961538,0.683391,0.306667,0.000000
24,107,0.038462,0.021429,0.000000,0.491790,0.961538,0.579911,0.346667,0.000000
24,108,0.038462,0.021429,0.000000,0.268879,0.961538,0.770323,0.306667,0.000000
24,109,0.038462,0.021429,0.000000,0.425859,0.961538,0.636229,0.360000,0.000000
24,110,0.038462,0.021429,0.000000,0.205690,0.961538,0.824299,0.360000,0.000000
24,111,0.346154,0.078571,0.641929,0.713421,0.653846,0.149707,0.266667,0.062246
24,112,0.076923,0.028571,0.000000,0.196633,0.923077,0.832035,0.320000,0.000000
24,113,0.076923,0.028571,0.000000,0.012732,0.923077,0.989125,0.200000,0.000000
24,114,0.076923,0.028571,0.000000,0.007142,0.923077,0.993899,0.373333,0.000000
24,115,0.076923,0.028571,0.000000,0.127179,0.923077,0.891363,0.253333,0.000000
24,116,0.076923,0.028571,0.000000,0.196633,0.923077,0.832035,0.333333,0.000000
24,117,0.076923,0.028571,0.000000,0.000000,0.923077,1.000000,0.200000,0.000000
24,118,0.076923,0.028571,0.000000,0.054960,0.923077,0.953053,0.346667,0.000000
24,119,0.076923,0.028571,0.000000,0.114447,0.923077,0.902238,0.200000,0.000000
24,120,0.076923,0.028571,0.000000,0.524410,0.923077,0.552047,0.280000,0.000000
24,121,0.076923,0.028571,0.000000,0.524410,0.923077,0.552047,0.173333,0.000000
24,122,0.076923,0.028571,0.000000,0.047818,0.923077,0.959154,0.266667,0.000000
24,123,0.076923,0.028571,0.000000,0.077532,0.923077,0.933772,0.306667,0.000000
24,124,0.076923,0.028571,0.000000,0.111409,0.923077,0.904834,0.146667,0.000000
24,125,0.076923,0.028571,0.000000,0.295702,0.923077,0.747410,0.306667,0.000000
24,126,0.076923,0.028571,0.000000,0.114447,0.923077,0.902238,0.186667,0.000000
24,127,0.076923,0.028571,0.000000,0.134653,0.923077,0.884979,0.346667,0.000000
24,128,0.076923,0.028571,0.000000,0.217200,0.923077,0.814467,0.160000,0.000000
24,129,0.076923,0.028571,0.000000,0.357433,0.923077,0.694679,0.293333,0.000000
24,130,0.076923,0.028571,0.110478,0.309052,0.923077,0.694549,0.280000,0.022096
24,131,0.076923,0.028571,0.000000,0.071758,0.923077,0.938704,0.320000,0.000000
24,132,0.076923,0.028571,0.000000,0.105791,0.923077,0.909633,0.200000,0.000000
24,133,0.076923,0.028571,0.000000,0.270971,0.923077,0.768535,0.280000,0.000000
24,134,0.076923,0.028571,0.000000,0.245679,0.923077,0.790139,0.293333,0.000000
24,135,0.076923,0.028571,0.000000,0.715105,0.923077,0.389154,0.186667,0.000000
24,136,0.076923,0.028571,0.000000,0.000000,0.923077,1.000000,0.360000,0.000000
24,137,0.076923,0.028571,0.197495,0.371989,0.923077,0.608135,0.213333,0.039499
24,138,0.076923,0.028571,0.000000,0.245679,0.923077,0.790139,0.266667,0.000000
24,139,0.076923,0.028571,0.000000,0.439300,0.923077,0.624748,0.200000,0.000000
24,140,0.076923,0.028571,0.000000,0.234128,0.923077,0.800007,0.306667,0.000000
24,141,0.076923,0.028571,0.062298,0.096184,0.923077,0.894461,0.266667,0.012460
24,142,0.076923,0.028571,0.423243,0.524410,0.923077,0.393224,0.333333,0.084649
24,143,0.076923,0.028571,0.000000,0.524410,0.923077,0.552047,0.173333,0.000000
24,144,0.076923,0.028571,0.011799,0.234128,0.923077,0.795579,0.306667,0.001144
24,145,0.076923,0.028571,0.000000,0.077532,0.923077,0.933772,0.186667,0.000000
24,146,0.076923,0.028571,0.097820,0.287580,0.923077,0.717640,0.320000,0.019564
24,147,0.076923,0.028571,0.000000,0.288560,0.923077,0.753511,0.186667,0.000000
24,148,0.076923,0.028571,0.164590,0.046022,0.923077,0.898925,0.293333,0.015960
24,149,0.076923,0.028571,0.130345,0.134653,0.923077,0.836067,0.253333,0.012639
24,150,0.076923,0.028571,0.375502,0.393371,0.923077,0.523072,0.306667,0.075100
24,151,0.076923,0.028571,0.156080,0.302473,0.923077,0.683057,0.213333,0.015135
24,152,0.076923,0.028571,0.143840,0.240627,0.923077,0.740479,0.373333,0.028768
24,153,0.076923,0.028571,0.000000,0.071758,0.923077,0.938704,0.186667,0.000000
24,154,0.076923,0.028571,0.000000,0.105791,0.923077,0.909633,0.200000,0.000000
24,155,0.076923,0.028571,0.000000,0.223153,0.923077,0.809381,0.186667,0.000000
24,156,0.038462,0.021429,0.000000,0.346673,0.961538,0.703870,0.320000,0.000000
24,157,0.038462,0.021429,0.388526,1.000000,0.961538,0.000000,0.373333,0.077705
24,158,0.038462,0.021429,0.000000,0.297627,0.961538,0.745766,0.386667,0.000000
24,159,0.038462,0.021429,0.000000,0.656885,0.961538,0.438886,0.333333,0.000000
24,160,0.038462,0.021429,0.000000,0.346673,0.961538,0.703870,0.293333,0.000000
24,161,0.038462,0.021429,0.000000,0.736927,0.961538,0.370513,0.360000,0.000000
24,162,0.038462,0.021429,0.000000,0.531755,0.961538,0.545772,0.320000,0.000000
24,163,0.038462,0.021429,0.000000,0.393811,0.961538,0.663604,0.386667,0.000000
24,164,0.038462,0.021429,0.000000,0.297627,0.961538,0.745766,0.386667,0.000000
24,165,0.038462,0.021429,0.000000,0.297627,0.961538,0.745766,0.320000,0.000000
24,166,0.038462,0.021429,0.000000,0.531755,0.961538,0.545772,0.373333,0.000000
24,167,0.346154,0.078571,0.210201,0.222194,0.653846,0.731323,0.266667,0.042040
24,168,0.076923,0.028571,0.000000,0.000000,0.923077,1.000000,0.186667,0.000000
24,169,0.076923,0.028571,0.000000,0.000000,0.923077,1.000000,0.253333,0.000000
24,170,0.076923,0.028571,0.000000,0.000000,0.923077,1.000000,0.213333,0.000000
24,171,0.076923,0.028571,0.000000,0.000000,0.923077,1.000000,0.200000,0.000000
24,172,0.076923,0.028571,0.000000,0.048533,0.923077,0.958543,0.160000,0.000000
24,173,0.076923,0.028571,0.016257,0.000796,0.923077,0.993219,0.200000,0.001576
24,174,0.076923,0.028571,0.000000,0.000000,0.923077,1.000000,0.293333,0.000000
24,175,0.076923,0.028571,0.000000,0.000000,0.923077,1.000000,0.173333,0.000000
24,176,0.076923,0.028571,0.000000,0.134617,0.923077,0.885009,0.200000,0.000000
24,177,0.076923,0.028571,0.108851,0.086880,0.923077,0.884940,0.240000,0.021770
24,178,0.076923,0.028571,0.000000,0.000000,0.923077,1.000000,0.226667,0.000000
24,179,0.076923,0.028571,0.028981,0.086759,0.923077,0.915014,0.146667,0.002810
24,180,0.076923,0.028571,0.000000,0.000000,0.923077,1.000000,0.293333,0.000000
24,181,0.076923,0.028571,0.000000,0.000000,0.923077,1.000000,0.186667,0.000000
24,182,0.076923,0.028571,0.355871,0.000000,0.923077,0.866459,0.346667,0.034508
24,183,0.076923,0.028571,0.000000,0.114127,0.923077,0.902512,0.173333,0.000000
24,184,0.076923,0.028571,0.000000,0.161286,0.923077,0.862229,0.173333,0.000000
24,185,0.076923,0.028571,0.000000,0.000000,0.923077,1.000000,0.320000,0.000000
24,186,0.076923,0.028571,0.000000,0.185931,0.923077,0.841177,0.186667,0.000000
24,187,0.076923,0.028571,0.000000,0.183196,0.923077,0.843513,0.186667,0.000000
24,188,0.076923,0.028571,0.000000,0.317114,0.923077,0.729119,0.173333,0.000000
24,189,0.076923,0.028571,0.568831,0.185931,0.923077,0.627722,0.253333,0.055158
24,190,0.076923,0.028571,0.000000,0.115277,0.923077,0.901530,0.146667,0.000000
24,191,0.076923,0.028571,0.033318,0.000000,0.923077,0.987498,0.280000,0.003231
24,192,0.076923,0.028571,0.000000,0.207930,0.923077,0.822385,0.173333,0.000000
24,193,0.076923,0.028571,0.000000,0.057261,0.923077,0.951088,0.266667,0.000000
24,194,0.076923,0.028571,0.000000,0.184026,0.923077,0.842804,0.146667,0.000000
24,195,0.076923,0.028571,0.257463,0.213972,0.923077,0.720611,0.266667,0.051493
24,196,0.076923,0.028571,0.086792,0.164958,0.923077,0.826523,0.280000,0.008416
24,197,0.076923,0.028571,0.000000,0.057261,0.923077,0.951088,0.200000,0.000000
24,198,0.076923,0.028571,0.442987,0.111722,0.923077,0.738335,0.240000,0.042955
24,199,0.076923,0.028571,0.000000,0.213972,0.923077,0.817224,0.173333,0.000000
24,200,0.076923,0.028571,0.000000,0.000000,0.923077,1.000000,0.200000,0.000000
24,201,0.076923,0.028571,0.598847,0.257439,0.923077,0.555376,0.280000,0.058068
24,202,0.076923,0.028571,0.000000,0.000000,0.923077,1.000000,0.173333,0.000000
24,203,0.076923,0.028571,0.000000,0.170679,0.923077,0.854205,0.173333,0.000000
24,204,0.076923,0.028571,0.000000,0.000000,0.923077,1.000000,0.333333,0.000000
24,205,0.076923,0.028571,0.218949,0.114127,0.923077,0.820351,0.226667,0.021231
24,206,0.076923,0.028571,0.000000,0.160489,0.923077,0.862909,0.186667,0.000000
24,207,0.076923,0.028571,0.000000,0.000000,0.923077,1.000000,0.160000,0.000000
24,208,0.076923,0.028571,0.000000,0.185931,0.923077,0.841177,0.160000,0.000000
24,209,0.076923,0.028571,0.000000,0.097112,0.923077,0.917046,0.213333,0.000000
24,210,0.076923,0.028571,0.000000,0.230234,0.923077,0.803333,0.146667,0.000000
24,211,0.076923,0.028571,0.000000,0.185931,0.923077,0.841177,0.173333,0.000000
24,212,0.038462,0.021429,0.000000,0.207618,0.961538,0.822652,0.173333,0.000000
24,213,0.038462,0.021429,0.000000,0.092341,0.961538,0.921122,0.173333,0.000000
24,214,0.038462,0.021429,0.401028,0.300272,0.961538,0.593020,0.186667,0.038886
24,215,0.038462,0.021429,0.000000,0.149602,0.961538,0.872209,0.200000,0.000000
24,216,0.038462,0.021429,0.104763,0.227834,0.961538,0.766070,0.186667,0.020953
24,217,0.038462,0.021429,0.000000,0.306313,0.961538,0.738346,0.173333,0.000000
24,218,0.038462,0.021429,0.000000,0.257299,0.961538,0.780214,0.186667,0.000000
24,219,0.038462,0.021429,0.000000,0.149602,0.961538,0.872209,0.200000,0.000000
24,220,0.038462,0.021429,0.000000,0.155530,0.961538,0.867146,0.200000,0.000000
24,221,0.038462,0.021429,0.000000,0.306313,0.961538,0.738346,0.173333,0.000000
24,222,0.038462,0.021429,0.000000,0.092341,0.961538,0.921122,0.186667,0.000000
24,223,0.346154,0.078571,0.035574,0.170679,0.653846,0.840856,0.146667,0.003450
24,224,0.019231,0.017857,0.000000,0.156334,0.980769,0.866459,0.373333,0.000000
24,225,0.019231,0.017857,0.000000,0.012732,0.980769,0.989125,0.346667,0.000000
24,226,0.019231,0.017857,0.000000,0.007142,0.980769,0.993899,0.400000,0.000000
24,227,0.019231,0.017857,0.000000,0.012732,0.980769,0.989125,0.346667,0.000000
24,228,0.019231,0.017857,0.000000,0.156334,0.980769,0.866459,0.386667,0.000000
24,229,0.019231,0.017857,0.000000,0.000000,0.980769,1.000000,0.306667,0.000000
24,230,0.019231,0.017857,0.001813,0.054960,0.980769,0.952373,0.440000,0.000363
24,231,0.019231,0.017857,0.000000,0.000000,0.980769,1.000000,0.346667,0.000000
24,232,0.019231,0.017857,0.000000,0.249887,0.980769,0.786545,0.360000,0.000000
24,233,0.019231,0.017857,0.000000,0.249887,0.980769,0.786545,0.333333,0.000000
24,234,0.019231,0.017857,0.195957,0.047818,0.980769,0.885620,0.373333,0.019001
24,235,0.019231,0.017857,0.000000,0.014636,0.980769,0.987498,0.360000,0.000000
24,236,0.019231,0.017857,0.000000,0.000000,0.980769,1.000000,0.346667,0.000000
24,237,0.019231,0.017857,0.000000,0.134882,0.980769,0.884783,0.360000,0.000000
24,238,0.019231,0.017857,0.000000,0.000000,0.980769,1.000000,0.360000,0.000000
24,239,0.019231,0.017857,0.000000,0.000000,0.980769,1.000000,0.386667,0.000000
24,240,0.019231,0.017857,0.000000,0.038128,0.980769,0.967431,0.320000,0.000000
24,241,0.019231,0.017857,0.000000,0.168063,0.980769,0.856440,0.373333,0.000000
24,242,0.019231,0.017857,0.000000,0.194604,0.980769,0.833768,0.400000,0.000000
24,243,0.019231,0.017857,0.000000,0.000000,0.980769,1.000000,0.400000,0.000000
24,244,0.019231,0.017857,0.000000,0.038128,0.980769,0.967431,0.360000,0.000000
24,245,0.019231,0.017857,0.000000,0.242422,0.980769,0.792922,0.373333,0.000000
24,246,0.019231,0.017857,0.000000,0.156334,0.980769,0.866459,0.346667,0.000000
24,247,0.019231,0.017857,0.000000,0.275805,0.980769,0.764406,0.320000,0.000000
24,248,0.019231,0.017857,0.000000,0.000000,0.980769,1.000000,0.373333,0.000000
24,249,0.019231,0.017857,0.000000,0.371989,0.980769,0.682245,0.320000,0.000000
24,250,0.019231,0.017857,0.000000,0.156334,0.980769,0.866459,0.346667,0.000000
24,251,0.019231,0.017857,0.000000,0.000000,0.980769,1.000000,0.333333,0.000000
24,252,0.019231,0.017857,0.365330,0.000000,0.980769,0.862909,0.440000,0.035425
24,253,0.019231,0.017857,0.000000,0.096184,0.980769,0.917839,0.373333,0.000000
24,254,0.019231,0.017857,0.000000,0.249887,0.980769,0.786545,0.400000,0.000000
24,255,0.019231,0.017857,0.000000,0.249887,0.980769,0.786545,0.333333,0.000000
24,256,0.019231,0.017857,0.146965,0.000000,0.980769,0.944851,0.466667,0.014251
24,257,0.019231,0.017857,0.000000,0.014636,0.980769,0.987498,0.400000,0.000000
24,258,0.019231,0.017857,0.000000,0.176171,0.980769,0.849513,0.360000,0.000000
24,259,0.019231,0.017857,0.000000,0.127740,0.980769,0.890884,0.373333,0.000000
24,260,0.019231,0.017857,0.000000,0.046022,0.980769,0.960687,0.386667,0.000000
24,261,0.019231,0.017857,0.000000,0.000000,0.980769,1.000000,0.360000,0.000000
24,262,0.019231,0.017857,0.000000,0.214299,0.980769,0.816945,0.346667,0.000000
24,263,0.019231,0.017857,0.330995,0.113103,0.980769,0.779180,0.306667,0.032096
24,264,0.019231,0.017857,0.000000,0.240627,0.980769,0.794456,0.386667,0.000000
24,265,0.019231,0.017857,0.000000,0.000000,0.980769,1.000000,0.386667,0.000000
24,266,0.019231,0.017857,0.000000,0.038128,0.980769,0.967431,0.413333,0.000000
24,267,0.019231,0.017857,0.000000,0.194604,0.980769,0.833768,0.346667,0.000000
24,268,0.000000,0.014286,0.000000,0.015628,1.000000,0.986651,0.346667,0.000000
24,269,0.000000,0.014286,0.000000,0.278701,1.000000,0.761932,0.346667,0.000000
24,270,0.000000,0.014286,0.000000,0.015628,1.000000,0.986651,0.360000,0.000000
24,271,0.000000,0.014286,0.000000,0.374885,1.000000,0.679771,0.333333,0.000000
24,272,0.000000,0.014286,0.000000,0.015628,1.000000,0.986651,0.360000,0.000000
24,273,0.000000,0.014286,0.000000,0.015628,1.000000,0.986651,0.400000,0.000000
24,274,0.000000,0.014286,0.000000,0.015628,1.000000,0.986651,0.346667,0.000000
24,275,0.000000,0.014286,0.000000,0.111812,1.000000,0.904490,0.400000,0.000000
24,276,0.000000,0.014286,0.000000,0.015628,1.000000,0.986651,0.360000,0.000000
24,277,0.000000,0.014286,0.000000,0.015628,1.000000,0.986651,0.360000,0.000000
24,278,0.000000,0.014286,0.000000,0.015628,1.000000,0.986651,0.373333,0.000000
24,279,0.153846,0.042857,0.000000,0.222194,0.846154,0.810201,0.280000,0.000000
24,280,1.000000,0.200000,0.000000,0.457337,0.000000,0.609340,0.133333,0.000000
25,0,0.076923,0.028571,0.000000,0.000000,0.923077,1.000000,0.407895,0.000000
25,1,0.076923,0.028571,0.000000,0.000000,0.923077,1.000000,0.197368,0.000000
25,2,0.076923,0.028571,0.000000,0.000000,0.923077,1.000000,0.394737,0.000000
25,3,0.076923,0.028571,0.000000,0.361834,0.923077,0.684574,0.157895,0.000000
25,4,0.076923,0.028571,0.000000,0.091357,0.923077,0.920360,0.381579,0.000000
25,5,0.076923,0.028571,0.000000,0.000000,0.923077,1.000000,0.184211,0.000000
25,6,0.076923,0.028571,0.000000,0.361985,0.923077,0.684442,0.407895,0.000000
25,7,0.076923,0.028571,0.000000,0.361834,0.923077,0.684574,0.223684,0.000000
25,8,0.076923,0.028571,0.000000,0.624005,0.923077,0.456028,0.328947,0.000000
25,9,0.076923,0.028571,0.592738,0.532648,0.923077,0.220110,0.289474,0.118548
25,10,0.076923,0.028571,0.000000,0.361985,0.923077,0.684442,0.250000,0.000000
25,11,0.076923,0.028571,0.000000,0.336436,0.923077,0.706714,0.315789,0.000000
25,12,0.076923,0.028571,0.000000,0.057815,0.923077,0.949600,0.157895,0.000000
25,13,0.076923,0.028571,0.000000,0.440066,0.923077,0.616376,0.315789,0.000000
25,14,0.076923,0.028571,0.000000,0.400145,0.923077,0.651177,0.184211,0.000000
25,15,0.076923,0.028571,0.000000,0.081166,0.923077,0.929244,0.342105,0.000000
25,16,0.076923,0.028571,0.000000,0.057815,0.923077,0.949600,0.157895,0.000000
25,17,0.076923,0.028571,0.000000,0.803420,0.923077,0.299624,0.328947,0.000000
25,18,0.076923,0.028571,0.000000,0.400145,0.923077,0.651177,0.250000,0.000000
25,19,0.076923,0.028571,0.000000,0.579474,0.923077,0.494847,0.289474,0.000000
25,20,0.076923,0.028571,0.000000,0.573747,0.923077,0.499840,0.276316,0.000000
25,21,0.076923,0.028571,0.000000,0.624352,0.923077,0.455726,0.236842,0.000000
25,22,0.076923,0.028571,0.000000,0.002632,0.923077,0.997706,0.342105,0.000000
25,23,0.076923,0.028571,0.427374,0.648460,0.923077,0.207187,0.210526,0.085475
25,24,0.076923,0.028571,0.000000,0.000000,0.923077,1.000000,0.355263,0.000000
25,25,0.076923,0.028571,0.000000,0.490557,0.923077,0.572360,0.157895,0.000000
25,26,0.076923,0.028571,0.062732,0.093988,0.923077,0.884669,0.394737,0.012546
25,27,0.076923,0.028571,0.096972,0.576557,0.923077,0.445765,0.171053,0.019394
25,28,0.076923,0.028571,0.000000,0.236585,0.923077,0.793759,0.355263,0.000000
25,29,0.076923,0.028571,0.000000,0.381451,0.923077,0.667473,0.171053,0.000000
25,30,0.076923,0.028571,0.000000,0.554819,0.923077,0.516341,0.315789,0.000000
25,31,0.076923,0.028571,0.000000,0.500665,0.923077,0.563548,0.171053,0.000000
25,32,0.076923,0.028571,0.594347,0.236585,0.923077,0.477344,0.236842,0.068412
25,33,0.076923,0.028571,0.000000,0.406635,0.923077,0.645519,0.263158,0.000000
25,34,0.076923,0.028571,0.000000,0.280989,0.923077,0.755049,0.184211,0.000000
25,35,0.076923,0.028571,0.544466,0.510264,0.923077,0.265321,0.276316,0.062670
25,36,0.076923,0.028571,0.000000,0.463417,0.923077,0.596020,0.184211,0.000000
25,37,0.076923,0.028571,0.088672,0.176234,0.923077,0.799162,0.315789,0.017734
25,38,0.076923,0.028571,0.000000,0.057815,0.923077,0.949600,0.263158,0.000000
25,39,0.076923,0.028571,0.000000,0.441435,0.923077,0.615182,0.302632,0.000000
25,40,0.076923,0.028571,0.000000,0.396677,0.923077,0.654199,0.171053,0.000000
25,41,0.076923,0.028571,0.000000,0.605356,0.923077,0.472285,0.171053,0.000000
25,42,0.076923,0.028571,0.000000,0.504561,0.923077,0.560152,0.171053,0.000000
25,43,0.076923,0.028571,0.000000,0.418801,0.923077,0.634913,0.157895,0.000000
25,44,0.038462,0.021429,0.365440,0.354171,0.961538,0.496703,0.302632,0.042064
25,45,0.038462,0.021429,0.114948,1.000000,0.961538,0.067062,0.407895,0.022990
25,46,0.038462,0.021429,0.000000,0.351540,0.961538,0.693548,0.302632,0.000000
25,47,0.038462,0.021429,0.000000,0.842097,0.961538,0.265908,0.328947,0.000000
25,48,0.038462,0.021429,0.330656,0.354171,0.961538,0.515221,0.407895,0.038060
25,49,0.038462,0.021429,0.000000,0.928097,0.961538,0.190938,0.342105,0.000000
25,50,0.038462,0.021429,0.000000,0.588125,0.961538,0.487306,0.302632,0.000000
25,51,0.038462,0.021429,0.155670,0.732990,0.961538,0.278146,0.302632,0.031134
25,52,0.038462,0.021429,0.256157,0.351540,0.961538,0.557177,0.381579,0.029485
25,53,0.038462,0.021429,0.000000,0.388743,0.961538,0.661116,0.302632,0.000000
25,54,0.038462,0.021429,0.000000,0.588125,0.961538,0.487306,0.315789,0.000000
25,55,0.346154,0.078571,0.192337,0.746808,0.653846,0.246580,0.276316,0.038467
25,56,0.076923,0.028571,0.000000,0.610700,0.923077,0.467627,0.381579,0.000000
25,57,0.076923,0.028571,0.000000,0.000000,0.923077,1.000000,0.210526,0.000000
25,58,0.076923,0.028571,0.000000,0.000000,0.923077,1.000000,0.368421,0.000000
25,59,0.076923,0.028571,0.000000,0.000000,0.923077,1.000000,0.197368,0.000000
25,60,0.076923,0.028571,0.592491,0.610700,0.923077,0.152200,0.394737,0.118498
25,61,0.076923,0.028571,0.000000,0.000000,0.923077,1.000000,0.171053,0.000000
25,62,0.076923,0.028571,0.000000,0.361985,0.923077,0.684442,0.315789,0.000000
25,63,0.076923,0.028571,0.000000,0.000000,0.923077,1.000000,0.210526,0.000000
25,64,0.076923,0.028571,0.000000,0.000000,0.923077,1.000000,0.276316,0.000000
25,65,0.076923,0.028571,0.000000,0.000000,0.923077,1.000000,0.171053,0.000000
25,66,0.076923,0.028571,0.113290,0.361985,0.923077,0.624129,0.263158,0.013040
25,67,0.076923,0.028571,0.000000,0.871697,0.923077,0.240104,0.328947,0.000000
25,68,0.076923,0.028571,0.000000,0.000000,0.923077,1.000000,0.171053,0.000000
25,69,0.076923,0.028571,0.000000,0.320218,0.923077,0.720852,0.315789,0.000000
25,70,0.076923,0.028571,0.000000,0.038311,0.923077,0.966603,0.210526,0.000000
25,71,0.076923,0.028571,0.000000,0.675230,0.923077,0.411373,0.342105,0.000000
25,72,0.076923,0.028571,0.000000,0.000000,0.923077,1.000000,0.184211,0.000000
25,73,0.076923,0.028571,0.000000,0.421206,0.923077,0.632816,0.302632,0.000000
25,74,0.076923,0.028571,0.149594,0.184201,0.923077,0.759784,0.276316,0.017219
25,75,0.076923,0.028571,0.000000,0.427498,0.923077,0.627332,0.276316,0.000000
25,76,0.076923,0.028571,0.000000,0.362968,0.923077,0.683586,0.171053,0.000000
25,77,0.076923,0.028571,0.758903,0.507876,0.923077,0.153243,0.315789,0.087353
25,78,0.076923,0.028571,0.000000,0.202758,0.923077,0.823247,0.342105,0.000000
25,79,0.076923,0.028571,0.000000,0.332505,0.923077,0.710141,0.223684,0.000000
25,80,0.076923,0.028571,0.094670,0.202758,0.923077,0.772847,0.381579,0.018934
25,81,0.076923,0.028571,0.123529,0.054152,0.923077,0.887029,0.223684,0.014219
25,82,0.076923,0.028571,0.000000,0.303755,0.923077,0.735204,0.276316,0.000000
25,83,0.076923,0.028571,0.196246,0.425393,0.923077,0.524691,0.197368,0.039249
25,84,0.076923,0.028571,0.000000,0.001148,0.923077,0.998999,0.381579,0.000000
25,85,0.076923,0.028571,0.009378,0.054152,0.923077,0.947801,0.289474,0.001079
25,86,0.076923,0.028571,0.000000,0.303755,0.923077,0.735204,0.302632,0.000000
25,87,0.076923,0.028571,0.429616,0.092887,0.923077,0.690310,0.184211,0.049451
25,88,0.076923,0.028571,0.231854,0.001148,0.923077,0.875566,0.263158,0.026687
25,89,0.076923,0.028571,0.178659,0.331196,0.923077,0.616169,0.210526,0.020564
25,90,0.076923,0.028571,0.000000,0.223174,0.923077,0.805449,0.184211,0.000000
25,91,0.076923,0.028571,0.338707,0.390417,0.923077,0.479338,0.197368,0.038987
25,92,0.076923,0.028571,0.004309,0.463417,0.923077,0.593726,0.223684,0.000862
25,93,0.076923,0.028571,0.535940,0.159598,0.923077,0.575551,0.236842,0.061689
25,94,0.076923,0.028571,0.000000,0.000000,0.923077,1.000000,0.171053,0.000000
25,95,0.076923,0.028571,0.060919,0.059221,0.923077,0.915943,0.250000,0.007012
25,96,0.076923,0.028571,0.000000,0.542568,0.923077,0.527020,0.197368,0.000000
25,97,0.076923,0.028571,0.000000,0.522566,0.923077,0.544457,0.184211,0.000000
25,98,0.076923,0.028571,0.387400,0.362968,0.923077,0.477344,0.328947,0.077480
25,99,0.076923,0.028571,0.000000,0.302325,0.923077,0.736450,0.289474,0.000000
25,100,0.038462,0.021429,0.000000,0.320218,0.961538,0.720852,0.355263,0.000000
25,101,0.038462,0.021429,0.000000,0.449965,0.961538,0.607746,0.315789,0.000000
25,102,0.038462,0.021429,0.000000,0.320218,0.961538,0.720852,0.302632,0.000000
25,103,0.038462,0.021429,0.000000,0.171613,0.961538,0.850398,0.342105,0.000000
25,104,0.038462,0.021429,0.000000,0.421215,0.961538,0.632809,0.302632,0.000000
25,105,0.038462,0.021429,0.000000,0.542853,0.961538,0.526772,0.355263,0.000000
25,106,0.038462,0.021429,0.000000,0.118608,0.961538,0.896604,0.302632,0.000000
25,107,0.038462,0.021429,0.000000,0.171613,0.961538,0.850398,0.342105,0.000000
25,108,0.038462,0.021429,0.000000,0.421215,0.961538,0.632809,0.302632,0.000000
25,109,0.038462,0.021429,0.000000,0.210348,0.961538,0.816631,0.355263,0.000000
25,110,0.038462,0.021429,0.000000,0.118608,0.961538,0.896604,0.355263,0.000000
25,111,0.346154,0.078571,0.383297,0.746808,0.653846,0.144918,0.276316,0.076659
25,112,0.076923,0.028571,0.000000,0.112167,0.923077,0.902219,0.315789,0.000000
25,113,0.076923,0.028571,0.000000,0.382749,0.923077,0.666341,0.197368,0.000000
25,114,0.076923,0.028571,0.000000,0.097994,0.923077,0.914575,0.368421,0.000000
25,115,0.076923,0.028571,1.000000,0.536427,0.923077,0.000000,0.250000,0.115105
25,116,0.076923,0.028571,0.000000,0.105530,0.923077,0.908005,0.328947,0.000000
25,117,0.076923,0.028571,0.000000,0.214085,0.923077,0.813373,0.197368,0.000000
25,118,0.076923,0.028571,0.000000,0.033884,0.923077,0.970462,0.342105,0.000000
25,119,0.076923,0.028571,0.000000,0.553796,0.923077,0.517232,0.197368,0.000000
25,120,0.076923,0.028571,0.000000,0.624005,0.923077,0.456028,0.276316,0.000000
25,121,0.076923,0.028571,0.000000,0.538577,0.923077,0.530499,0.171053,0.000000
25,122,0.076923,0.028571,0.000000,0.225845,0.923077,0.803121,0.263158,0.000000
25,123,0.076923,0.028571,0.000000,0.126389,0.923077,0.889821,0.302632,0.000000
25,124,0.076923,0.028571,0.000000,0.303988,0.923077,0.735000,0.144737,0.000000
25,125,0.076923,0.028571,0.000000,0.422130,0.923077,0.632011,0.302632,0.000000
25,126,0.076923,0.028571,0.000000,0.514801,0.923077,0.551226,0.184211,0.000000
25,127,0.076923,0.028571,0.000000,0.081166,0.923077,0.929244,0.342105,0.000000
25,128,0.076923,0.028571,0.000000,0.156950,0.923077,0.863180,0.157895,0.000000
25,129,0.076923,0.028571,0.000000,0.667431,0.923077,0.418172,0.289474,0.000000
25,130,0.076923,0.028571,0.000000,0.668719,0.923077,0.417049,0.276316,0.000000
25,131,0.076923,0.028571,0.000000,0.216507,0.923077,0.811262,0.315789,0.000000
25,132,0.076923,0.028571,0.000000,0.216709,0.923077,0.811086,0.197368,0.000000
25,133,0.076923,0.028571,0.000000,0.603135,0.923077,0.474221,0.276316,0.000000
25,134,0.076923,0.028571,0.000000,0.114799,0.923077,0.899925,0.289474,0.000000
25,135,0.076923,0.028571,0.000000,0.491068,0.923077,0.571915,0.184211,0.000000
25,136,0.076923,0.028571,0.000000,0.097994,0.923077,0.914575,0.355263,0.000000
25,137,0.076923,0.028571,0.000000,0.470156,0.923077,0.590145,0.210526,0.000000
25,138,0.076923,0.028571,0.000000,0.108162,0.923077,0.905711,0.263158,0.000000
25,139,0.076923,0.028571,0.000000,0.385414,0.923077,0.664018,0.197368,0.000000
25,140,0.076923,0.028571,0.000000,0.303068,0.923077,0.735803,0.302632,0.000000
25,141,0.076923,0.028571,0.105666,0.516043,0.923077,0.493889,0.263158,0.021133
25,142,0.076923,0.028571,0.238890,0.554819,0.923077,0.389162,0.328947,0.047778
25,143,0.076923,0.028571,0.000000,0.500665,0.923077,0.563548,0.171053,0.000000
25,144,0.076923,0.028571,0.000000,0.491813,0.923077,0.571266,0.315789,0.000000
25,145,0.076923,0.028571,0.000000,0.126389,0.923077,0.889821,0.184211,0.000000
25,146,0.076923,0.028571,0.332009,0.057815,0.923077,0.772847,0.315789,0.038216
25,147,0.076923,0.028571,0.000000,0.422130,0.923077,0.632011,0.184211,0.000000
25,148,0.076923,0.028571,0.000000,0.121337,0.923077,0.894225,0.302632,0.000000
25,149,0.076923,0.028571,0.000000,0.081166,0.923077,0.929244,0.263158,0.000000
25,150,0.076923,0.028571,0.000000,0.057815,0.923077,0.949600,0.302632,0.000000
25,151,0.076923,0.028571,0.152100,0.633547,0.923077,0.366736,0.223684,0.030420
25,152,0.076923,0.028571,0.497388,0.425005,0.923077,0.364708,0.368421,0.099478
25,153,0.076923,0.028571,0.000000,0.147320,0.923077,0.871575,0.184211,0.000000
25,154,0.076923,0.028571,0.001880,0.141593,0.923077,0.875566,0.197368,0.000376
25,155,0.076923,0.028571,0.000000,0.566035,0.923077,0.506563,0.184211,0.000000
25,156,0.038462,0.021429,0.000000,0.236711,0.961538,0.793649,0.315789,0.000000
25,157,0.038462,0.021429,0.000000,0.588572,0.961538,0.486917,0.368421,0.000000
25,158,0.038462,0.021429,0.000000,0.234079,0.961538,0.795943,0.381579,0.000000
25,159,0.038462,0.021429,0.000000,0.682609,0.961538,0.404940,0.328947,0.000000
25,160,0.038462,0.021429,0.000000,0.236711,0.961538,0.793649,0.289474,0.000000
25,161,0.038462,0.021429,0.000000,0.504543,0.961538,0.560168,0.355263,0.000000
25,162,0.038462,0.021429,0.000000,0.537147,0.961538,0.531746,0.315789,0.000000
25,163,0.038462,0.021429,0.000000,0.561378,0.961538,0.510623,0.381579,0.000000
25,164,0.038462,0.021429,0.000000,0.234079,0.961538,0.795943,0.381579,0.000000
25,165,0.038462,0.021429,0.000000,0.271283,0.961538,0.763511,0.315789,0.000000
25,166,0.038462,0.021429,0.000000,0.537147,0.961538,0.531746,0.368421,0.000000
25,167,0.346154,0.078571,0.000000,0.121337,0.653846,0.894225,0.263158,0.000000
25,168,0.076923,0.028571,0.250479,0.610700,0.923077,0.334279,0.184211,0.050096
25,169,0.076923,0.028571,0.000000,0.000000,0.923077,1.000000,0.250000,0.000000
25,170,0.076923,0.028571,0.152621,0.000000,0.923077,0.918748,0.210526,0.017567
25,171,0.076923,0.028571,0.000000,0.000000,0.923077,1.000000,0.197368,0.000000
25,172,0.076923,0.028571,0.000000,0.610700,0.923077,0.467627,0.157895,0.000000
25,173,0.076923,0.028571,0.000000,0.147323,0.923077,0.871572,0.210526,0.000000
25,174,0.076923,0.028571,0.009708,0.000000,0.923077,0.994831,0.289474,0.001117
25,175,0.076923,0.028571,0.000000,0.000000,0.923077,1.000000,0.171053,0.000000
25,176,0.076923,0.028571,0.005268,0.153527,0.923077,0.863360,0.197368,0.000606
25,177,0.076923,0.028571,0.055483,0.300851,0.923077,0.708198,0.236842,0.006386
25,178,0.076923,0.028571,0.000000,0.000000,0.923077,1.000000,0.223684,0.000000
25,179,0.076923,0.028571,0.035412,0.635557,0.923077,0.427105,0.157895,0.007082
25,180,0.076923,0.028571,0.160462,0.000000,0.923077,0.914575,0.289474,0.018470
25,181,0.076923,0.028571,0.188226,0.024857,0.923077,0.878124,0.184211,0.021666
25,182,0.076923,0.028571,0.023208,0.000000,0.923077,0.987644,0.355263,0.002671
25,183,0.076923,0.028571,0.000000,0.675230,0.923077,0.411373,0.171053,0.000000
25,184,0.076923,0.028571,0.000000,0.000000,0.923077,1.000000,0.171053,0.000000
25,185,0.076923,0.028571,0.000000,0.000000,0.923077,1.000000,0.315789,0.000000
25,186,0.076923,0.028571,0.000000,0.187038,0.923077,0.836951,0.184211,0.000000
25,187,0.076923,0.028571,0.309063,0.324122,0.923077,0.552911,0.184211,0.035575
25,188,0.076923,0.028571,0.000000,0.259592,0.923077,0.773702,0.171053,0.000000
25,189,0.076923,0.028571,0.000000,0.187038,0.923077,0.836951,0.263158,0.000000
25,190,0.076923,0.028571,0.000000,0.202758,0.923077,0.823247,0.144737,0.000000
25,191,0.076923,0.028571,0.083428,0.000000,0.923077,0.955585,0.289474,0.009603
25,192,0.076923,0.028571,0.000000,0.202758,0.923077,0.823247,0.171053,0.000000
25,193,0.076923,0.028571,0.000000,0.000000,0.923077,1.000000,0.263158,0.000000
25,194,0.076923,0.028571,0.000000,0.303755,0.923077,0.735204,0.144737,0.000000
25,195,0.076923,0.028571,0.411549,0.320300,0.923077,0.501683,0.263158,0.047371
25,196,0.076923,0.028571,0.000000,0.001148,0.923077,0.998999,0.289474,0.000000
25,197,0.076923,0.028571,0.000000,0.000000,0.923077,1.000000,0.197368,0.000000
25,198,0.076923,0.028571,0.497246,0.370620,0.923077,0.412194,0.250000,0.057235
25,199,0.076923,0.028571,0.000000,0.387165,0.923077,0.662491,0.171053,0.000000
25,200,0.076923,0.028571,0.000000,0.001148,0.923077,0.998999,0.197368,0.000000
25,201,0.076923,0.028571,0.019854,0.024857,0.923077,0.967761,0.289474,0.002285
25,202,0.076923,0.028571,0.000000,0.000000,0.923077,1.000000,0.171053,0.000000
25,203,0.076923,0.028571,0.043249,0.024857,0.923077,0.955306,0.171053,0.004978
25,204,0.076923,0.028571,0.000000,0.000000,0.923077,1.000000,0.328947,0.000000
25,205,0.076923,0.028571,0.000000,0.064530,0.923077,0.943746,0.236842,0.000000
25,206,0.076923,0.028571,0.000000,0.000000,0.923077,1.000000,0.184211,0.000000
25,207,0.076923,0.028571,0.000000,0.000000,0.923077,1.000000,0.157895,0.000000
25,208,0.076923,0.028571,0.000000,0.187038,0.923077,0.836951,0.157895,0.000000
25,209,0.076923,0.028571,0.000000,0.237460,0.923077,0.792996,0.210526,0.000000
25,210,0.076923,0.028571,0.108863,0.172930,0.923077,0.791294,0.144737,0.012531
25,211,0.076923,0.028571,0.000000,0.187038,0.923077,0.836951,0.171053,0.000000
25,212,0.038462,0.021429,0.000000,0.202758,0.961538,0.823247,0.171053,0.000000
25,213,0.038462,0.021429,0.000000,0.000000,0.961538,1.000000,0.171053,0.000000
25,214,0.038462,0.021429,0.000000,0.202758,0.961538,0.823247,0.197368,0.000000
25,215,0.038462,0.021429,0.000000,0.000000,0.961538,1.000000,0.197368,0.000000
25,216,0.038462,0.021429,0.198685,0.303755,0.961538,0.629429,0.184211,0.022870
25,217,0.038462,0.021429,0.000000,0.172977,0.961538,0.849208,0.171053,0.000000
25,218,0.038462,0.021429,0.000000,0.001148,0.961538,0.998999,0.184211,0.000000
25,219,0.038462,0.021429,0.000000,0.000000,0.961538,1.000000,0.197368,0.000000
25,220,0.038462,0.021429,0.000000,0.303755,0.961538,0.735204,0.197368,0.000000
25,221,0.038462,0.021429,0.000000,0.172977,0.961538,0.849208,0.171053,0.000000
25,222,0.038462,0.021429,0.000000,0.001148,0.961538,0.998999,0.184211,0.000000
25,223,0.346154,0.078571,0.000000,0.000000,0.653846,1.000000,0.157895,0.000000
25,224,0.019231,0.017857,0.000000,0.112167,0.980769,0.902219,0.368421,0.000000
25,225,0.019231,0.017857,0.000000,0.382749,0.980769,0.666341,0.342105,0.000000
25,226,0.019231,0.017857,0.000000,0.097994,0.980769,0.914575,0.394737,0.000000
25,227,0.019231,0.017857,0.000000,0.174593,0.980769,0.847800,0.342105,0.000000
25,228,0.019231,0.017857,0.000000,0.014173,0.980769,0.987644,0.381579,0.000000
25,229,0.019231,0.017857,0.000000,0.214085,0.980769,0.813373,0.302632,0.000000
25,230,0.019231,0.017857,0.000000,0.033884,0.980769,0.970462,0.434211,0.000000
25,231,0.019231,0.017857,0.000000,0.191962,0.980769,0.832659,0.342105,0.000000
25,232,0.019231,0.017857,0.000000,0.000000,0.980769,1.000000,0.355263,0.000000
25,233,0.019231,0.017857,0.000000,0.005929,0.980769,0.994831,0.328947,0.000000
25,234,0.019231,0.017857,0.141906,0.225845,0.980769,0.727574,0.381579,0.028381
25,235,0.019231,0.017857,0.000000,0.050949,0.980769,0.955585,0.355263,0.000000
25,236,0.019231,0.017857,0.000000,0.246173,0.980769,0.785400,0.342105,0.000000
25,237,0.019231,0.017857,0.000000,0.302282,0.980769,0.736487,0.355263,0.000000
25,238,0.019231,0.017857,0.000000,0.152967,0.980769,0.866652,0.355263,0.000000
25,239,0.019231,0.017857,0.000000,0.000000,0.980769,1.000000,0.381579,0.000000
25,240,0.019231,0.017857,0.000000,0.099135,0.980769,0.913580,0.315789,0.000000
25,241,0.019231,0.017857,0.241237,0.285217,0.980769,0.622936,0.368421,0.048247
25,242,0.019231,0.017857,0.000000,0.306885,0.980769,0.732475,0.394737,0.000000
25,243,0.019231,0.017857,0.000000,0.000000,0.980769,1.000000,0.394737,0.000000
25,244,0.019231,0.017857,0.000000,0.005929,0.980769,0.994831,0.355263,0.000000
25,245,0.019231,0.017857,0.109489,0.340769,0.980769,0.644648,0.368421,0.021898
25,246,0.019231,0.017857,0.000000,0.112167,0.980769,0.902219,0.342105,0.000000
25,247,0.019231,0.017857,0.040703,0.175113,0.980769,0.825678,0.315789,0.008141
25,248,0.019231,0.017857,0.000000,0.097994,0.980769,0.914575,0.368421,0.000000
25,249,0.019231,0.017857,0.000000,0.033751,0.980769,0.970578,0.315789,0.000000
25,250,0.019231,0.017857,0.000000,0.014173,0.980769,0.987644,0.342105,0.000000
25,251,0.019231,0.017857,0.000000,0.141362,0.980769,0.876769,0.328947,0.000000
25,252,0.019231,0.017857,0.000000,0.066482,0.980769,0.942044,0.447368,0.000000
25,253,0.019231,0.017857,0.000000,0.188745,0.980769,0.835463,0.368421,0.000000
25,254,0.019231,0.017857,0.067378,0.000000,0.980769,0.964130,0.394737,0.007755
25,255,0.019231,0.017857,0.000000,0.000000,0.980769,1.000000,0.328947,0.000000
25,256,0.019231,0.017857,0.283167,0.255227,0.980769,0.626757,0.473684,0.056633
25,257,0.019231,0.017857,0.000000,0.050949,0.980769,0.955585,0.394737,0.000000
25,258,0.019231,0.017857,0.000000,0.000000,0.980769,1.000000,0.355263,0.000000
25,259,0.019231,0.017857,0.000000,0.302282,0.980769,0.736487,0.368421,0.000000
25,260,0.019231,0.017857,0.000000,0.121337,0.980769,0.894225,0.381579,0.000000
25,261,0.019231,0.017857,0.000000,0.000000,0.980769,1.000000,0.355263,0.000000
25,262,0.019231,0.017857,0.000000,0.000000,0.980769,1.000000,0.342105,0.000000
25,263,0.019231,0.017857,0.131144,0.251333,0.980769,0.711085,0.315789,0.026229
25,264,0.019231,0.017857,0.000000,0.425005,0.980769,0.629505,0.381579,0.000000
25,265,0.019231,0.017857,0.000000,0.000000,0.980769,1.000000,0.381579,0.000000
25,266,0.019231,0.017857,0.000000,0.000000,0.980769,1.000000,0.407895,0.000000
25,267,0.019231,0.017857,0.000000,0.303668,0.980769,0.735279,0.342105,0.000000
25,268,0.000000,0.014286,0.000000,0.000000,1.000000,1.000000,0.342105,0.000000
25,269,0.000000,0.014286,0.000000,0.038537,1.000000,0.966406,0.342105,0.000000
25,270,0.000000,0.014286,0.000000,0.000000,1.000000,1.000000,0.355263,0.000000
25,271,0.000000,0.014286,0.000000,0.012125,1.000000,0.989430,0.328947,0.000000
25,272,0.000000,0.014286,0.000000,0.000000,1.000000,1.000000,0.355263,0.000000
25,273,0.000000,0.014286,0.000000,0.026412,1.000000,0.976975,0.394737,0.000000
25,274,0.000000,0.014286,0.000000,0.066482,1.000000,0.942044,0.342105,0.000000
25,275,0.000000,0.014286,0.000000,0.000000,1.000000,1.000000,0.394737,0.000000
25,276,0.000000,0.014286,0.000000,0.000000,1.000000,1.000000,0.355263,0.000000
25,277,0.000000,0.014286,0.000000,0.000000,1.000000,1.000000,0.355263,0.000000
25,278,0.000000,0.014286,0.000000,0.066482,1.000000,0.942044,0.368421,0.000000
25,279,0.153846,0.042857,0.000000,0.121337,0.846154,0.894225,0.276316,0.000000
25,280,1.000000,0.200000,0.000000,0.619875,0.000000,0.459628,0.131579,0.000000
26,0,0.076923,0.028571,0.000000,0.093467,0.923077,0.919890,0.402597,0.000000
26,1,0.076923,0.028571,0.000000,0.000000,0.923077,1.000000,0.194805,0.000000
26,2,0.076923,0.028571,0.000000,0.000000,0.923077,1.000000,0.389610,0.000000
26,3,0.076923,0.028571,0.000000,0.110244,0.923077,0.905511,0.155844,0.000000
26,4,0.076923,0.028571,0.000000,0.314287,0.923077,0.730627,0.376623,0.000000
26,5,0.076923,0.028571,0.000000,0.000000,0.923077,1.000000,0.181818,0.000000
26,6,0.076923,0.028571,0.000000,0.415172,0.923077,0.644159,0.402597,0.000000
26,7,0.076923,0.028571,0.000000,0.110244,0.923077,0.905511,0.220779,0.000000
26,8,0.076923,0.028571,0.000000,0.629564,0.923077,0.460405,0.324675,0.000000
26,9,0.076923,0.028571,1.000000,0.408745,0.923077,0.293826,0.285714,0.071335
26,10,0.076923,0.028571,0.000000,0.415172,0.923077,0.644159,0.246753,0.000000
26,11,0.076923,0.028571,0.000000,0.430026,0.923077,0.631427,0.311688,0.000000
26,12,0.076923,0.028571,0.000000,0.077647,0.923077,0.933449,0.155844,0.000000
26,13,0.076923,0.028571,0.000000,0.387050,0.923077,0.668262,0.311688,0.000000
26,14,0.076923,0.028571,0.000000,0.512801,0.923077,0.560482,0.181818,0.000000
26,15,0.076923,0.028571,0.000000,0.177213,0.923077,0.848112,0.337662,0.000000
26,16,0.076923,0.028571,0.000000,0.077647,0.923077,0.933449,0.155844,0.000000
26,17,0.076923,0.028571,0.000000,0.465663,0.923077,0.600884,0.324675,0.000000
26,18,0.076923,0.028571,0.531874,0.512801,0.923077,0.371219,0.246753,0.106375
26,19,0.076923,0.028571,0.000000,0.461279,0.923077,0.604641,0.285714,0.000000
26,20,0.076923,0.028571,0.000000,0.377533,0.923077,0.676419,0.272727,0.000000
26,21,0.076923,0.028571,0.169312,0.415172,0.923077,0.583910,0.233766,0.033862
26,22,0.076923,0.028571,0.000000,0.365514,0.923077,0.686721,0.337662,0.000000
26,23,0.076923,0.028571,0.810650,0.490732,0.923077,0.290934,0.207792,0.057828
26,24,0.076923,0.028571,0.000000,0.000000,0.923077,1.000000,0.350649,0.000000
26,25,0.076923,0.028571,0.000000,0.593176,0.923077,0.491593,0.155844,0.000000
26,26,0.076923,0.028571,0.969615,0.586333,0.923077,0.152429,0.389610,0.069168
26,27,0.076923,0.028571,0.000000,0.436615,0.923077,0.625780,0.168831,0.000000
26,28,0.076923,0.028571,0.000000,0.270572,0.923077,0.768094,0.350649,0.000000
26,29,0.076923,0.028571,0.000000,0.304951,0.923077,0.738628,0.168831,0.000000
26,30,0.076923,0.028571,0.000000,0.699070,0.923077,0.400832,0.311688,0.000000
26,31,0.076923,0.028571,0.000000,0.712358,0.923077,0.389443,0.168831,0.000000
26,32,0.076923,0.028571,0.676377,0.270572,0.923077,0.527411,0.246753,0.048249
26,33,0.076923,0.028571,0.694229,0.574298,0.923077,0.260738,0.259740,0.138846
26,34,0.076923,0.028571,0.000000,0.322619,0.923077,0.723486,0.181818,0.000000
26,35,0.076923,0.028571,0.038987,0.624788,0.923077,0.450625,0.285714,0.007797
26,36,0.076923,0.028571,0.000000,0.801221,0.923077,0.313279,0.181818,0.000000
26,37,0.076923,0.028571,0.047117,0.301308,0.923077,0.724985,0.311688,0.003361
26,38,0.076923,0.028571,0.000000,0.077647,0.923077,0.933449,0.259740,0.000000
26,39,0.076923,0.028571,0.000000,0.050490,0.923077,0.956725,0.298701,0.000000
26,40,0.076923,0.028571,0.000000,0.556249,0.923077,0.523243,0.168831,0.000000
26,41,0.076923,0.028571,0.000000,0.678841,0.923077,0.418170,0.168831,0.000000
26,42,0.076923,0.028571,0.000000,0.377533,0.923077,0.676419,0.168831,0.000000
26,43,0.076923,0.028571,0.000000,0.000000,0.923077,1.000000,0.155844,0.000000
26,44,0.038462,0.021429,0.590049,0.772338,0.961538,0.128071,0.311688,0.042091
26,45,0.038462,0.021429,0.211422,0.897556,0.961538,0.155478,0.402597,0.015082
26,46,0.038462,0.021429,0.000000,0.406824,0.961538,0.651314,0.298701,0.000000
26,47,0.038462,0.021429,0.000000,1.000000,0.961538,0.142907,0.324675,0.000000
26,48,0.038462,0.021429,0.370188,0.772338,0.961538,0.206307,0.415584,0.026407
26,49,0.038462,0.021429,0.000000,0.843440,0.961538,0.277094,0.337662,0.000000
26,50,0.038462,0.021429,0.000000,0.677397,0.961538,0.419408,0.298701,0.000000
26,51,0.038462,0.021429,0.524027,0.711776,0.961538,0.203472,0.298701,0.104805
26,52,0.038462,0.021429,0.000000,0.476330,0.961538,0.591741,0.389610,0.000000
26,53,0.038462,0.021429,0.000000,0.710437,0.961538,0.391089,0.298701,0.000000
26,54,0.038462,0.021429,0.000000,0.677397,0.961538,0.419408,0.311688,0.000000
26,55,0.346154,0.078571,0.431657,0.853963,0.653846,0.114473,0.272727,0.086331
26,56,0.076923,0.028571,0.000000,0.216218,0.923077,0.814681,0.376623,0.000000
26,57,0.076923,0.028571,0.000000,0.000000,0.923077,1.000000,0.207792,0.000000
26,58,0.076923,0.028571,0.000000,0.000000,0.923077,1.000000,0.363636,0.000000
26,59,0.076923,0.028571,0.225128,0.000000,0.923077,0.919890,0.194805,0.016060
26,60,0.076923,0.028571,0.265537,0.437037,0.923077,0.530929,0.389610,0.053107
26,61,0.076923,0.028571,0.000000,0.000000,0.923077,1.000000,0.168831,0.000000
26,62,0.076923,0.028571,0.000000,0.415172,0.923077,0.644159,0.311688,0.000000
26,63,0.076923,0.028571,0.000000,0.000000,0.923077,1.000000,0.207792,0.000000
26,64,0.076923,0.028571,0.000000,0.337071,0.923077,0.711099,0.272727,0.000000
26,65,0.076923,0.028571,0.000000,0.116252,0.923077,0.900362,0.168831,0.000000
26,66,0.076923,0.028571,0.000000,0.415172,0.923077,0.644159,0.272727,0.000000
26,67,0.076923,0.028571,0.000000,0.552777,0.923077,0.526218,0.324675,0.000000
26,68,0.076923,0.028571,0.000000,0.000000,0.923077,1.000000,0.168831,0.000000
26,69,0.076923,0.028571,0.000000,0.336559,0.923077,0.711537,0.311688,0.000000
26,70,0.076923,0.028571,0.000000,0.402557,0.923077,0.654971,0.207792,0.000000
26,71,0.076923,0.028571,0.000000,0.216218,0.923077,0.814681,0.337662,0.000000
26,72,0.076923,0.028571,0.000000,0.000000,0.923077,1.000000,0.181818,0.000000
26,73,0.076923,0.028571,0.000000,0.415172,0.923077,0.644159,0.298701,0.000000
26,74,0.076923,0.028571,0.000000,0.480660,0.923077,0.588029,0.285714,0.000000
26,75,0.076923,0.028571,0.000000,0.280813,0.923077,0.759317,0.272727,0.000000
26,76,0.076923,0.028571,0.000000,0.280813,0.923077,0.759317,0.168831,0.000000
26,77,0.076923,0.028571,0.815206,0.493275,0.923077,0.287133,0.324675,0.163041
26,78,0.076923,0.028571,0.000000,0.045813,0.923077,0.960734,0.337662,0.000000
26,79,0.076923,0.028571,0.000000,0.389539,0.923077,0.666129,0.220779,0.000000
26,80,0.076923,0.028571,0.187024,0.321530,0.923077,0.657868,0.376623,0.037405
26,81,0.076923,0.028571,0.000000,0.549590,0.923077,0.528950,0.233766,0.000000
26,82,0.076923,0.028571,0.000000,0.462915,0.923077,0.603239,0.272727,0.000000
26,83,0.076923,0.028571,0.121613,0.125467,0.923077,0.849189,0.194805,0.008675
26,84,0.076923,0.028571,0.000000,0.436295,0.923077,0.626055,0.376623,0.000000
26,85,0.076923,0.028571,0.201715,0.261366,0.923077,0.704207,0.298701,0.040343
26,86,0.076923,0.028571,0.000000,0.579167,0.923077,0.503600,0.298701,0.000000
26,87,0.076923,0.028571,0.000000,0.140404,0.923077,0.879661,0.194805,0.000000
26,88,0.076923,0.028571,0.232964,0.160578,0.923077,0.779472,0.272727,0.046593
26,89,0.076923,0.028571,0.000000,0.539589,0.923077,0.537522,0.220779,0.000000
26,90,0.076923,0.028571,0.000000,0.244972,0.923077,0.790036,0.181818,0.000000
26,91,0.076923,0.028571,0.448782,0.539589,0.923077,0.377827,0.207792,0.089756
26,92,0.076923,0.028571,0.880390,0.801221,0.923077,0.000000,0.220779,0.176078
26,93,0.076923,0.028571,0.687401,0.217561,0.923077,0.568924,0.246753,0.049036
26,94,0.076923,0.028571,0.000000,0.000000,0.923077,1.000000,0.168831,0.000000
26,95,0.076923,0.028571,0.563881,0.000000,0.923077,0.799348,0.259740,0.040224
26,96,0.076923,0.028571,0.000000,0.754038,0.923077,0.353719,0.194805,0.000000
26,97,0.076923,0.028571,0.000000,0.498374,0.923077,0.572847,0.181818,0.000000
26,98,0.076923,0.028571,0.651711,0.280813,0.923077,0.527411,0.324675,0.130342
26,99,0.076923,0.028571,0.167414,0.197789,0.923077,0.770903,0.285714,0.033483
26,100,0.038462,0.021429,0.000000,0.359611,0.961538,0.691780,0.350649,0.000000
26,101,0.038462,0.021429,0.361204,0.703337,0.961538,0.268644,0.311688,0.025766
26,102,0.038462,0.021429,0.000000,0.635328,0.961538,0.455465,0.298701,0.000000
26,103,0.038462,0.021429,0.000000,0.863388,0.961538,0.259996,0.337662,0.000000
26,104,0.038462,0.021429,0.000000,0.555894,0.961538,0.523547,0.298701,0.000000
26,105,0.038462,0.021429,0.000000,0.439265,0.961538,0.623509,0.350649,0.000000
26,106,0.038462,0.021429,0.000000,0.750093,0.961538,0.357101,0.298701,0.000000
26,107,0.038462,0.021429,0.000000,0.575164,0.961538,0.507031,0.337662,0.000000
26,108,0.038462,0.021429,0.000000,0.555894,0.961538,0.523547,0.298701,0.000000
26,109,0.038462,0.021429,0.000000,0.337951,0.961538,0.710345,0.350649,0.000000
26,110,0.038462,0.021429,0.000000,0.474376,0.961538,0.593416,0.350649,0.000000
26,111,0.346154,0.078571,0.548236,0.938942,0.653846,0.000155,0.272727,0.109647
26,112,0.076923,0.028571,0.000000,0.315318,0.923077,0.729743,0.311688,0.000000
26,113,0.076923,0.028571,0.000000,0.065735,0.923077,0.943659,0.194805,0.000000
26,114,0.076923,0.028571,0.000000,0.221850,0.923077,0.809853,0.363636,0.000000
26,115,0.076923,0.028571,0.520791,0.164627,0.923077,0.673581,0.259740,0.037151
26,116,0.076923,0.028571,0.000000,0.093467,0.923077,0.919890,0.324675,0.000000
26,117,0.076923,0.028571,0.000000,0.013183,0.923077,0.988701,0.194805,0.000000
26,118,0.076923,0.028571,0.000000,0.004510,0.923077,0.996134,0.337662,0.000000
26,119,0.076923,0.028571,0.000000,0.500588,0.923077,0.570949,0.194805,0.000000
26,120,0.076923,0.028571,0.000000,0.691895,0.923077,0.406982,0.272727,0.000000
26,121,0.076923,0.028571,0.000000,0.691895,0.923077,0.406982,0.168831,0.000000
26,122,0.076923,0.028571,0.000000,0.393024,0.923077,0.663142,0.259740,0.000000
26,123,0.076923,0.028571,0.000000,0.315318,0.923077,0.729743,0.298701,0.000000
26,124,0.076923,0.028571,0.000000,0.123696,0.923077,0.893981,0.142857,0.000000
26,125,0.076923,0.028571,0.000000,0.412247,0.923077,0.646666,0.298701,0.000000
26,126,0.076923,0.028571,0.000000,0.144940,0.923077,0.875773,0.181818,0.000000
26,127,0.076923,0.028571,0.000000,0.177213,0.923077,0.848112,0.337662,0.000000
26,128,0.076923,0.028571,0.000000,0.368999,0.923077,0.683734,0.155844,0.000000
26,129,0.076923,0.028571,0.000000,0.496682,0.923077,0.574297,0.285714,0.000000
26,130,0.076923,0.028571,0.000000,0.316594,0.923077,0.728649,0.272727,0.000000
26,131,0.076923,0.028571,0.000000,0.346952,0.923077,0.702630,0.311688,0.000000
26,132,0.076923,0.028571,0.000000,0.541374,0.923077,0.535992,0.194805,0.000000
26,133,0.076923,0.028571,0.110696,0.510806,0.923077,0.522802,0.272727,0.022139
26,134,0.076923,0.028571,0.000000,0.365514,0.923077,0.686721,0.285714,0.000000
26,135,0.076923,0.028571,0.000000,0.206008,0.923077,0.823432,0.181818,0.000000
26,136,0.076923,0.028571,0.000000,0.000000,0.923077,1.000000,0.350649,0.000000
26,137,0.076923,0.028571,0.000000,0.305076,0.923077,0.738521,0.207792,0.000000
26,138,0.076923,0.028571,0.000000,0.365514,0.923077,0.686721,0.259740,0.000000
26,139,0.076923,0.028571,0.000000,0.420429,0.923077,0.639653,0.194805,0.000000
26,140,0.076923,0.028571,0.000000,0.270572,0.923077,0.768094,0.298701,0.000000
26,141,0.076923,0.028571,0.000000,0.550651,0.923077,0.528041,0.259740,0.000000
26,142,0.076923,0.028571,0.188122,0.594915,0.923077,0.423161,0.324675,0.013420
26,143,0.076923,0.028571,0.000000,0.829023,0.923077,0.289450,0.168831,0.000000
26,144,0.076923,0.028571,0.000000,0.535834,0.923077,0.540740,0.311688,0.000000
26,145,0.076923,0.028571,0.000000,0.149962,0.923077,0.871469,0.181818,0.000000
26,146,0.076923,0.028571,0.110347,0.077647,0.923077,0.894183,0.324675,0.007872
26,147,0.076923,0.028571,0.205043,0.340358,0.923077,0.635319,0.181818,0.041009
26,148,0.076923,0.028571,0.000000,0.000000,0.923077,1.000000,0.298701,0.000000
26,149,0.076923,0.028571,0.582419,0.083746,0.923077,0.720973,0.259740,0.041547
26,150,0.076923,0.028571,0.664103,0.355816,0.923077,0.458718,0.298701,0.047374
26,151,0.076923,0.028571,0.058174,0.492172,0.923077,0.557462,0.220779,0.011635
26,152,0.076923,0.028571,0.583121,0.081268,0.923077,0.722847,0.363636,0.041597
26,153,0.076923,0.028571,0.000000,0.180466,0.923077,0.845324,0.181818,0.000000
26,154,0.076923,0.028571,0.386773,0.374889,0.923077,0.541056,0.194805,0.027591
26,155,0.076923,0.028571,0.000000,0.383044,0.923077,0.671696,0.181818,0.000000
26,156,0.038462,0.021429,0.000000,0.593126,0.961538,0.491636,0.311688,0.000000
26,157,0.038462,0.021429,0.277604,0.413934,0.961538,0.546437,0.363636,0.019803
26,158,0.038462,0.021429,0.000000,0.227612,0.961538,0.804915,0.376623,0.000000
26,159,0.038462,0.021429,0.000000,0.513002,0.961538,0.560310,0.324675,0.000000
26,160,0.038462,0.021429,0.000000,0.593126,0.961538,0.491636,0.285714,0.000000
26,161,0.038462,0.021429,0.000000,0.648042,0.961538,0.444568,0.350649,0.000000
26,162,0.038462,0.021429,0.000000,0.498185,0.961538,0.573009,0.311688,0.000000
26,163,0.038462,0.021429,0.000000,0.513002,0.961538,0.560310,0.376623,0.000000
26,164,0.038462,0.021429,0.288281,0.297118,0.961538,0.642760,0.376623,0.020565
26,165,0.038462,0.021429,0.000000,0.531226,0.961538,0.544690,0.311688,0.000000
26,166,0.038462,0.021429,0.000000,0.498185,0.961538,0.573009,0.363636,0.000000
26,167,0.346154,0.078571,0.324170,0.149962,0.653846,0.756116,0.259740,0.064834
26,168,0.076923,0.028571,0.079161,0.216218,0.923077,0.786512,0.181818,0.015832
26,169,0.076923,0.028571,0.534358,0.000000,0.923077,0.809853,0.246753,0.038118
26,170,0.076923,0.028571,0.031754,0.000000,0.923077,0.988701,0.220779,0.002265
26,171,0.076923,0.028571,0.000000,0.000000,0.923077,1.000000,0.194805,0.000000
26,172,0.076923,0.028571,0.004410,0.216218,0.923077,0.813112,0.155844,0.000882
26,173,0.076923,0.028571,0.000000,0.069914,0.923077,0.940077,0.207792,0.000000
26,174,0.076923,0.028571,0.000000,0.000000,0.923077,1.000000,0.298701,0.000000
26,175,0.076923,0.028571,0.000000,0.000000,0.923077,1.000000,0.168831,0.000000
26,176,0.076923,0.028571,0.296869,0.273557,0.923077,0.659898,0.207792,0.021177
26,177,0.076923,0.028571,0.010864,0.343471,0.923077,0.701748,0.246753,0.002173
26,178,0.076923,0.028571,0.401003,0.000000,0.923077,0.857307,0.220779,0.028606
26,179,0.076923,0.028571,0.047418,0.232317,0.923077,0.784010,0.155844,0.009484
26,180,0.076923,0.028571,0.000000,0.000000,0.923077,1.000000,0.298701,0.000000
26,181,0.076923,0.028571,0.000000,0.016099,0.923077,0.986202,0.194805,0.000000
26,182,0.076923,0.028571,0.000000,0.000000,0.923077,1.000000,0.363636,0.000000
26,183,0.076923,0.028571,0.000000,0.216218,0.923077,0.814681,0.168831,0.000000
26,184,0.076923,0.028571,0.000000,0.069914,0.923077,0.940077,0.168831,0.000000
26,185,0.076923,0.028571,0.000000,0.000000,0.923077,1.000000,0.311688,0.000000
26,186,0.076923,0.028571,0.000000,0.285999,0.923077,0.754872,0.181818,0.000000
26,187,0.076923,0.028571,0.638920,0.309877,0.923077,0.507053,0.194805,0.127784
26,188,0.076923,0.028571,0.000000,0.379791,0.923077,0.674484,0.168831,0.000000
26,189,0.076923,0.028571,0.450315,0.285999,0.923077,0.594631,0.259740,0.090063
26,190,0.076923,0.028571,0.000000,0.045813,0.923077,0.960734,0.142857,0.000000
26,191,0.076923,0.028571,0.000000,0.085128,0.923077,0.927037,0.298701,0.000000
26,192,0.076923,0.028571,0.000000,0.321530,0.923077,0.724419,0.168831,0.000000
26,193,0.076923,0.028571,0.000000,0.241804,0.923077,0.792751,0.259740,0.000000
26,194,0.076923,0.028571,0.000000,0.242096,0.923077,0.792501,0.142857,0.000000
26,195,0.076923,0.028571,0.336982,0.122976,0.923077,0.774686,0.272727,0.024039
26,196,0.076923,0.028571,0.670008,0.436295,0.923077,0.387639,0.285714,0.134002
26,197,0.076923,0.028571,0.000000,0.241804,0.923077,0.792751,0.194805,0.000000
26,198,0.076923,0.028571,0.195745,0.515653,0.923077,0.488383,0.259740,0.039149
26,199,0.076923,0.028571,0.726869,0.311405,0.923077,0.474447,0.168831,0.051851
26,200,0.076923,0.028571,0.000000,0.160578,0.923077,0.862370,0.194805,0.000000
26,201,0.076923,0.028571,0.000000,0.131352,0.923077,0.887419,0.298701,0.000000
26,202,0.076923,0.028571,0.000000,0.000000,0.923077,1.000000,0.168831,0.000000
26,203,0.076923,0.028571,0.000000,0.131352,0.923077,0.887419,0.181818,0.000000
26,204,0.076923,0.028571,0.000000,0.000000,0.923077,1.000000,0.324675,0.000000
26,205,0.076923,0.028571,0.000000,0.000000,0.923077,1.000000,0.233766,0.000000
26,206,0.076923,0.028571,0.000000,0.000000,0.923077,1.000000,0.181818,0.000000
26,207,0.076923,0.028571,0.000000,0.000000,0.923077,1.000000,0.155844,0.000000
26,208,0.076923,0.028571,0.000000,0.405686,0.923077,0.652290,0.155844,0.000000
26,209,0.076923,0.028571,0.000000,0.309877,0.923077,0.734407,0.207792,0.000000
26,210,0.076923,0.028571,0.000000,0.309877,0.923077,0.734407,0.155844,0.000000
26,211,0.076923,0.028571,0.000000,0.405686,0.923077,0.652290,0.168831,0.000000
26,212,0.038462,0.021429,0.000000,0.180399,0.961538,0.845381,0.168831,0.000000
26,213,0.038462,0.021429,0.000000,0.219714,0.961538,0.811684,0.168831,0.000000
26,214,0.038462,0.021429,0.000000,0.456116,0.961538,0.609066,0.194805,0.000000
26,215,0.038462,0.021429,0.000000,0.376390,0.961538,0.677398,0.194805,0.000000
26,216,0.038462,0.021429,0.000000,0.376682,0.961538,0.677148,0.194805,0.000000
26,217,0.038462,0.021429,0.000000,0.257562,0.961538,0.779246,0.168831,0.000000
26,218,0.038462,0.021429,0.000000,0.570881,0.961538,0.510702,0.181818,0.000000
26,219,0.038462,0.021429,0.000000,0.376390,0.961538,0.677398,0.194805,0.000000
26,220,0.038462,0.021429,0.000000,0.376682,0.961538,0.677148,0.194805,0.000000
26,221,0.038462,0.021429,0.000000,0.172434,0.961538,0.852208,0.168831,0.000000
26,222,0.038462,0.021429,0.000000,0.295164,0.961538,0.747017,0.181818,0.000000
26,223,0.346154,0.078571,0.000000,0.234940,0.653846,0.798635,0.155844,0.000000
26,224,0.019231,0.017857,0.000000,0.334229,0.980769,0.713535,0.363636,0.000000
26,225,0.019231,0.017857,0.000000,0.178114,0.980769,0.847340,0.337662,0.000000
26,226,0.019231,0.017857,0.000000,0.334229,0.980769,0.713535,0.389610,0.000000
26,227,0.019231,0.017857,0.000000,0.166761,0.980769,0.857070,0.337662,0.000000
26,228,0.019231,0.017857,0.000000,0.112379,0.980769,0.903681,0.376623,0.000000
26,229,0.019231,0.017857,0.000000,0.125562,0.980769,0.892382,0.298701,0.000000
26,230,0.019231,0.017857,0.168397,0.116889,0.980769,0.839893,0.428571,0.012013
26,231,0.019231,0.017857,0.000000,0.502723,0.980769,0.569120,0.337662,0.000000
26,232,0.019231,0.017857,0.000000,0.465822,0.980769,0.600747,0.350649,0.000000
26,233,0.019231,0.017857,0.000000,0.465822,0.980769,0.600747,0.324675,0.000000
26,234,0.019231,0.017857,0.000000,0.505402,0.980769,0.566823,0.376623,0.000000
26,235,0.019231,0.017857,0.000000,0.334229,0.980769,0.713535,0.350649,0.000000
26,236,0.019231,0.017857,0.000000,0.158427,0.980769,0.864213,0.337662,0.000000
26,237,0.019231,0.017857,0.000000,0.474135,0.980769,0.593622,0.350649,0.000000
26,238,0.019231,0.017857,0.000000,0.147075,0.980769,0.873943,0.350649,0.000000
26,239,0.019231,0.017857,0.000000,0.112379,0.980769,0.903681,0.376623,0.000000
26,240,0.019231,0.017857,0.000000,0.403730,0.980769,0.653966,0.311688,0.000000
26,241,0.019231,0.017857,0.000000,0.558570,0.980769,0.521253,0.363636,0.000000
26,242,0.019231,0.017857,0.000000,0.318729,0.980769,0.726819,0.389610,0.000000
26,243,0.019231,0.017857,0.000000,0.278864,0.980769,0.760988,0.389610,0.000000
26,244,0.019231,0.017857,0.000000,0.557032,0.980769,0.522571,0.350649,0.000000
26,245,0.019231,0.017857,0.548204,0.623184,0.980769,0.270799,0.363636,0.109641
26,246,0.019231,0.017857,0.000000,0.112379,0.980769,0.903681,0.337662,0.000000
26,247,0.019231,0.017857,0.038777,0.132065,0.980769,0.873010,0.311688,0.002766
26,248,0.019231,0.017857,0.000000,0.112379,0.980769,0.903681,0.363636,0.000000
26,249,0.019231,0.017857,0.000000,0.132065,0.980769,0.886808,0.311688,0.000000
26,250,0.019231,0.017857,0.000000,0.112379,0.980769,0.903681,0.337662,0.000000
26,251,0.019231,0.017857,0.000000,0.112379,0.980769,0.903681,0.324675,0.000000
26,252,0.019231,0.017857,0.000000,0.112379,0.980769,0.903681,0.441558,0.000000
26,253,0.019231,0.017857,0.000000,0.377640,0.980769,0.676327,0.363636,0.000000
26,254,0.019231,0.017857,0.500747,0.299337,0.980769,0.565254,0.402597,0.035721
26,255,0.019231,0.017857,0.000000,0.299337,0.980769,0.743440,0.324675,0.000000
26,256,0.019231,0.017857,0.746382,0.377640,0.980769,0.410734,0.467532,0.053243
26,257,0.019231,0.017857,0.000000,0.112379,0.980769,0.903681,0.389610,0.000000
26,258,0.019231,0.017857,0.000000,0.112379,0.980769,0.903681,0.350649,0.000000
26,259,0.019231,0.017857,0.000000,0.252284,0.980769,0.783769,0.363636,0.000000
26,260,0.019231,0.017857,0.000000,0.112379,0.980769,0.903681,0.376623,0.000000
26,261,0.019231,0.017857,0.000000,0.112379,0.980769,0.903681,0.350649,0.000000
26,262,0.019231,0.017857,0.000000,0.390547,0.980769,0.665265,0.337662,0.000000
26,263,0.019231,0.017857,0.032987,0.554060,0.980769,0.513381,0.311688,0.006597
26,264,0.019231,0.017857,0.000000,0.193646,0.980769,0.834027,0.376623,0.000000
26,265,0.019231,0.017857,0.000000,0.112379,0.980769,0.903681,0.376623,0.000000
26,266,0.019231,0.017857,0.000000,0.390547,0.980769,0.665265,0.402597,0.000000
26,267,0.019231,0.017857,0.000000,0.495422,0.980769,0.575377,0.337662,0.000000
26,268,0.000000,0.014286,0.000000,0.112379,1.000000,0.903681,0.337662,0.000000
26,269,0.000000,0.014286,0.000000,0.112379,1.000000,0.903681,0.337662,0.000000
26,270,0.000000,0.014286,0.000000,0.112379,1.000000,0.903681,0.350649,0.000000
26,271,0.000000,0.014286,0.000000,0.112379,1.000000,0.903681,0.324675,0.000000
26,272,0.000000,0.014286,0.000000,0.112379,1.000000,0.903681,0.350649,0.000000
26,273,0.000000,0.014286,0.000000,0.112379,1.000000,0.903681,0.389610,0.000000
26,274,0.000000,0.014286,0.000000,0.112379,1.000000,0.903681,0.337662,0.000000
26,275,0.000000,0.014286,0.000000,0.112379,1.000000,0.903681,0.389610,0.000000
26,276,0.000000,0.014286,0.000000,0.112379,1.000000,0.903681,0.350649,0.000000
26,277,0.000000,0.014286,0.000000,0.112379,1.000000,0.903681,0.350649,0.000000
26,278,0.000000,0.014286,0.000000,0.112379,1.000000,0.903681,0.363636,0.000000
26,279,0.153846,0.042857,0.000000,0.112379,0.846154,0.903681,0.272727,0.000000
26,280,1.000000,0.200000,0.270679,0.845080,0.000000,0.179369,0.129870,0.054136
27,0,0.076923,0.028571,0.000000,0.000000,0.923077,1.000000,0.397436,0.000000
27,1,0.076923,0.028571,0.000000,0.000000,0.923077,1.000000,0.192308,0.000000
27,2,0.076923,0.028571,0.000000,0.000000,0.923077,1.000000,0.384615,0.000000
27,3,0.076923,0.028571,0.000000,0.160450,0.923077,0.839550,0.153846,0.000000
27,4,0.076923,0.028571,0.000000,0.360383,0.923077,0.639617,0.371795,0.000000
27,5,0.076923,0.028571,0.000000,0.000000,0.923077,1.000000,0.179487,0.000000
27,6,0.076923,0.028571,0.000000,0.281578,0.923077,0.718422,0.397436,0.000000
27,7,0.076923,0.028571,0.000000,0.160450,0.923077,0.839550,0.217949,0.000000
27,8,0.076923,0.028571,0.000000,0.704848,0.923077,0.295152,0.320513,0.000000
27,9,0.076923,0.028571,0.781329,0.344465,0.923077,0.373957,0.294872,0.060794
27,10,0.076923,0.028571,0.000000,0.281578,0.923077,0.718422,0.243590,0.000000
27,11,0.076923,0.028571,0.000000,0.081006,0.923077,0.918994,0.307692,0.000000
27,12,0.076923,0.028571,0.000000,0.035075,0.923077,0.964925,0.153846,0.000000
27,13,0.076923,0.028571,0.000000,0.253595,0.923077,0.746405,0.307692,0.000000
27,14,0.076923,0.028571,0.000000,0.447377,0.923077,0.552623,0.179487,0.000000
27,15,0.076923,0.028571,0.000000,0.000000,0.923077,1.000000,0.333333,0.000000
27,16,0.076923,0.028571,0.000000,0.035075,0.923077,0.964925,0.153846,0.000000
27,17,0.076923,0.028571,0.000000,0.586841,0.923077,0.413159,0.320513,0.000000
27,18,0.076923,0.028571,1.000000,0.447377,0.923077,0.192240,0.243590,0.077809
27,19,0.076923,0.028571,0.000000,0.076867,0.923077,0.923133,0.282051,0.000000
27,20,0.076923,0.028571,0.000000,0.076867,0.923077,0.923133,0.269231,0.000000
27,21,0.076923,0.028571,0.472372,0.414252,0.923077,0.415513,0.230769,0.094474
27,22,0.076923,0.028571,0.000000,0.261053,0.923077,0.738947,0.333333,0.000000
27,23,0.076923,0.028571,0.114652,0.279790,0.923077,0.678892,0.217949,0.022930
27,24,0.076923,0.028571,0.000000,0.045948,0.923077,0.954052,0.346154,0.000000
27,25,0.076923,0.028571,0.000000,0.385954,0.923077,0.614046,0.153846,0.000000
27,26,0.076923,0.028571,0.796174,0.621435,0.923077,0.091637,0.397436,0.159235
27,27,0.076923,0.028571,0.339413,0.211510,0.923077,0.666172,0.166667,0.026409
27,28,0.076923,0.028571,0.000000,0.256746,0.923077,0.743254,0.346154,0.000000
27,29,0.076923,0.028571,0.000000,0.286582,0.923077,0.713418,0.166667,0.000000
27,30,0.076923,0.028571,0.000000,0.794546,0.923077,0.205454,0.307692,0.000000
27,31,0.076923,0.028571,0.000000,0.465256,0.923077,0.534744,0.166667,0.000000
27,32,0.076923,0.028571,0.000000,0.210798,0.923077,0.789202,0.256410,0.000000
27,33,0.076923,0.028571,0.275741,0.081006,0.923077,0.819622,0.256410,0.021455
27,34,0.076923,0.028571,0.000000,0.035075,0.923077,0.964925,0.179487,0.000000
27,35,0.076923,0.028571,0.000000,0.253595,0.923077,0.746405,0.282051,0.000000
27,36,0.076923,0.028571,0.000000,0.388588,0.923077,0.611412,0.179487,0.000000
27,37,0.076923,0.028571,0.498820,0.200633,0.923077,0.619601,0.320513,0.038813
27,38,0.076923,0.028571,0.127497,0.035075,0.923077,0.918977,0.256410,0.009920
27,39,0.076923,0.028571,0.000000,0.305264,0.923077,0.694736,0.294872,0.000000
27,40,0.076923,0.028571,0.000000,0.500770,0.923077,0.499230,0.166667,0.000000
27,41,0.076923,0.028571,0.000000,0.277500,0.923077,0.722500,0.166667,0.000000
27,42,0.076923,0.028571,0.000000,0.076867,0.923077,0.923133,0.166667,0.000000
27,43,0.076923,0.028571,0.000000,0.244857,0.923077,0.755143,0.153846,0.000000
27,44,0.038462,0.021429,0.000000,0.464586,0.961538,0.535414,0.320513,0.000000
27,45,0.038462,0.021429,0.000000,0.483323,0.961538,0.516677,0.410256,0.000000
27,46,0.038462,0.021429,0.000000,0.249481,0.961538,0.750519,0.294872,0.000000
27,47,0.038462,0.021429,0.000000,0.589488,0.961538,0.410512,0.320513,0.000000
27,48,0.038462,0.021429,0.282090,0.464586,0.961538,0.433754,0.423077,0.056418
27,49,0.038462,0.021429,0.000000,0.415043,0.961538,0.584957,0.333333,0.000000
27,50,0.038462,0.021429,0.000000,0.460279,0.961538,0.539721,0.294872,0.000000
27,51,0.038462,0.021429,0.556722,0.490116,0.961538,0.309251,0.294872,0.111344
27,52,0.038462,0.021429,0.311287,0.293231,0.961538,0.594586,0.384615,0.024221
27,53,0.038462,0.021429,0.000000,0.324324,0.961538,0.675676,0.294872,0.000000
27,54,0.038462,0.021429,0.000000,0.414331,0.961538,0.585669,0.307692,0.000000
27,55,0.346154,0.078571,0.165112,0.414476,0.653846,0.526021,0.269231,0.033022
27,56,0.076923,0.028571,0.000000,0.000000,0.923077,1.000000,0.371795,0.000000
27,57,0.076923,0.028571,0.000000,0.000000,0.923077,1.000000,0.205128,0.000000
27,58,0.076923,0.028571,0.000000,0.000000,0.923077,1.000000,0.358974,0.000000
27,59,0.076923,0.028571,0.000000,0.000000,0.923077,1.000000,0.205128,0.000000
27,60,0.076923,0.028571,0.445221,0.436858,0.923077,0.402692,0.384615,0.089044
27,61,0.076923,0.028571,0.000000,0.000000,0.923077,1.000000,0.166667,0.000000
27,62,0.076923,0.028571,0.000000,0.281578,0.923077,0.718422,0.307692,0.000000
27,63,0.076923,0.028571,0.000000,0.000000,0.923077,1.000000,0.205128,0.000000
27,64,0.076923,0.028571,0.000000,0.746869,0.923077,0.253131,0.269231,0.000000
27,65,0.076923,0.028571,0.000000,0.310011,0.923077,0.689989,0.166667,0.000000
27,66,0.076923,0.028571,0.000000,0.281578,0.923077,0.718422,0.269231,0.000000
27,67,0.076923,0.028571,0.000000,0.041319,0.923077,0.958681,0.320513,0.000000
27,68,0.076923,0.028571,0.000000,0.058369,0.923077,0.941631,0.166667,0.000000
27,69,0.076923,0.028571,0.000000,0.163637,0.923077,0.836363,0.307692,0.000000
27,70,0.076923,0.028571,0.000000,0.345297,0.923077,0.654703,0.205128,0.000000
27,71,0.076923,0.028571,0.000000,0.000000,0.923077,1.000000,0.333333,0.000000
27,72,0.076923,0.028571,0.000000,0.000000,0.923077,1.000000,0.179487,0.000000
27,73,0.076923,0.028571,0.000000,0.403896,0.923077,0.596104,0.294872,0.000000
27,74,0.076923,0.028571,0.000000,0.348943,0.923077,0.651057,0.282051,0.000000
27,75,0.076923,0.028571,0.000000,0.176712,0.923077,0.823288,0.269231,0.000000
27,76,0.076923,0.028571,0.000000,0.176712,0.923077,0.823288,0.166667,0.000000
27,77,0.076923,0.028571,0.483460,0.343593,0.923077,0.482176,0.320513,0.096692
27,78,0.076923,0.028571,0.000000,0.079621,0.923077,0.920379,0.333333,0.000000
27,79,0.076923,0.028571,0.110126,0.159399,0.923077,0.800913,0.217949,0.022025
27,80,0.076923,0.028571,0.097327,0.229417,0.923077,0.735508,0.371795,0.019465
27,81,0.076923,0.028571,0.000000,0.279138,0.923077,0.720862,0.230769,0.000000
27,82,0.076923,0.028571,0.000000,0.645316,0.923077,0.354684,0.269231,0.000000
27,83,0.076923,0.028571,0.139491,0.181148,0.923077,0.768581,0.205128,0.010854
27,84,0.076923,0.028571,0.000000,0.149796,0.923077,0.850204,0.371795,0.000000
27,85,0.076923,0.028571,0.000000,0.179766,0.923077,0.820234,0.294872,0.000000
27,86,0.076923,0.028571,0.000000,1.000000,0.923077,0.000000,0.294872,0.000000
27,87,0.076923,0.028571,0.368150,0.475805,0.923077,0.391520,0.192308,0.028645
27,88,0.076923,0.028571,0.213294,0.000000,0.923077,0.923133,0.269231,0.016596
27,89,0.076923,0.028571,0.000000,0.208125,0.923077,0.791875,0.217949,0.000000
27,90,0.076923,0.028571,0.000000,0.214167,0.923077,0.785833,0.179487,0.000000
27,91,0.076923,0.028571,0.500627,0.330444,0.923077,0.489139,0.205128,0.100125
27,92,0.076923,0.028571,0.724375,0.446957,0.923077,0.291990,0.217949,0.056363
27,93,0.076923,0.028571,0.296396,0.200633,0.923077,0.692551,0.256410,0.023062
27,94,0.076923,0.028571,0.000000,0.155797,0.923077,0.844203,0.166667,0.000000
27,95,0.076923,0.028571,0.086276,0.122319,0.923077,0.846589,0.269231,0.017255
27,96,0.076923,0.028571,0.000000,0.589093,0.923077,0.410907,0.192308,0.000000
27,97,0.076923,0.028571,0.000000,0.356872,0.923077,0.643128,0.179487,0.000000
27,98,0.076923,0.028571,0.584928,0.156239,0.923077,0.632963,0.320513,0.045512
27,99,0.076923,0.028571,0.248896,0.200505,0.923077,0.709797,0.282051,0.049779
27,100,0.038462,0.021429,0.000000,0.372229,0.961538,0.627771,0.346154,0.000000
27,101,0.038462,0.021429,0.000000,0.452007,0.961538,0.547993,0.320513,0.000000
27,102,0.038462,0.021429,0.000000,0.522025,0.961538,0.477975,0.294872,0.000000
27,103,0.038462,0.021429,0.000000,0.571746,0.961538,0.428254,0.333333,0.000000
27,104,0.038462,0.021429,0.000000,0.501066,0.961538,0.498934,0.294872,0.000000
27,105,0.038462,0.021429,0.000000,0.473756,0.961538,0.526244,0.346154,0.000000
27,106,0.038462,0.021429,0.000000,0.442404,0.961538,0.557596,0.294872,0.000000
27,107,0.038462,0.021429,0.000000,0.472374,0.961538,0.527626,0.333333,0.000000
27,108,0.038462,0.021429,0.000000,0.566212,0.961538,0.433788,0.294872,0.000000
27,109,0.038462,0.021429,0.000000,0.478875,0.961538,0.521125,0.346154,0.000000
27,110,0.038462,0.021429,0.000000,0.292608,0.961538,0.707392,0.346154,0.000000
27,111,0.346154,0.078571,0.399658,0.763386,0.653846,0.092584,0.269231,0.079932
27,112,0.076923,0.028571,0.000000,0.208513,0.923077,0.791487,0.307692,0.000000
27,113,0.076923,0.028571,0.000000,0.000000,0.923077,1.000000,0.192308,0.000000
27,114,0.076923,0.028571,0.000000,0.168156,0.923077,0.831844,0.358974,0.000000
27,115,0.076923,0.028571,0.000000,0.287037,0.923077,0.712963,0.269231,0.000000
27,116,0.076923,0.028571,0.000000,0.102510,0.923077,0.897490,0.320513,0.000000
27,117,0.076923,0.028571,0.000000,0.000000,0.923077,1.000000,0.192308,0.000000
27,118,0.076923,0.028571,0.000000,0.214784,0.923077,0.785216,0.333333,0.000000
27,119,0.076923,0.028571,0.000000,0.601422,0.923077,0.398578,0.192308,0.000000
27,120,0.076923,0.028571,0.000000,0.321538,0.923077,0.678462,0.269231,0.000000
27,121,0.076923,0.028571,0.000000,0.321538,0.923077,0.678462,0.166667,0.000000
27,122,0.076923,0.028571,0.056809,0.467017,0.923077,0.512510,0.256410,0.011362
27,123,0.076923,0.028571,0.000000,0.085218,0.923077,0.914782,0.294872,0.000000
27,124,0.076923,0.028571,0.000000,0.035075,0.923077,0.964925,0.141026,0.000000
27,125,0.076923,0.028571,0.000000,0.332280,0.923077,0.667720,0.294872,0.000000
27,126,0.076923,0.028571,0.000000,0.287037,0.923077,0.712963,0.179487,0.000000
27,127,0.076923,0.028571,0.000000,0.000000,0.923077,1.000000,0.333333,0.000000
27,128,0.076923,0.028571,0.000000,0.066752,0.923077,0.933248,0.153846,0.000000
27,129,0.076923,0.028571,0.000000,0.599514,0.923077,0.400486,0.282051,0.000000
27,130,0.076923,0.028571,0.212205,0.584768,0.923077,0.338756,0.269231,0.042441
27,131,0.076923,0.028571,0.000000,0.183009,0.923077,0.816991,0.307692,0.000000
27,132,0.076923,0.028571,0.000000,0.214686,0.923077,0.785314,0.192308,0.000000
27,133,0.076923,0.028571,0.331046,0.650184,0.923077,0.230513,0.269231,0.066209
27,134,0.076923,0.028571,0.161965,0.469566,0.923077,0.472065,0.282051,0.032393
27,135,0.076923,0.028571,0.000000,0.180417,0.923077,0.819583,0.179487,0.000000
27,136,0.076923,0.028571,0.000000,0.106004,0.923077,0.893996,0.346154,0.000000
27,137,0.076923,0.028571,0.000000,0.106816,0.923077,0.893184,0.205128,0.000000
27,138,0.076923,0.028571,0.000000,0.363562,0.923077,0.636438,0.256410,0.000000
27,139,0.076923,0.028571,0.000000,0.211510,0.923077,0.788490,0.192308,0.000000
27,140,0.076923,0.028571,0.000000,0.210798,0.923077,0.789202,0.294872,0.000000
27,141,0.076923,0.028571,0.000000,0.527889,0.923077,0.472111,0.256410,0.000000
27,142,0.076923,0.028571,0.172083,0.305094,0.923077,0.632890,0.333333,0.013390
27,143,0.076923,0.028571,0.000000,0.336186,0.923077,0.663814,0.166667,0.000000
27,144,0.076923,0.028571,0.433537,0.631871,0.923077,0.211890,0.307692,0.086707
27,145,0.076923,0.028571,0.000000,0.085218,0.923077,0.914782,0.179487,0.000000
27,146,0.076923,0.028571,0.220935,0.051472,0.923077,0.868907,0.333333,0.017191
27,147,0.076923,0.028571,0.166565,0.270127,0.923077,0.669845,0.179487,0.033313
27,148,0.076923,0.028571,0.000000,0.063244,0.923077,0.936756,0.294872,0.000000
27,149,0.076923,0.028571,0.000000,0.000000,0.923077,1.000000,0.269231,0.000000
27,150,0.076923,0.028571,0.288161,0.083149,0.923077,0.813003,0.307692,0.022421
27,151,0.076923,0.028571,0.336090,0.384730,0.923077,0.494149,0.217949,0.067218
27,152,0.076923,0.028571,0.578435,0.360975,0.923077,0.430566,0.371795,0.115687
27,153,0.076923,0.028571,0.000000,0.076867,0.923077,0.923133,0.179487,0.000000
27,154,0.076923,0.028571,0.000000,0.108544,0.923077,0.891456,0.205128,0.000000
27,155,0.076923,0.028571,0.180768,0.497552,0.923077,0.437303,0.179487,0.036154
27,156,0.038462,0.021429,0.000000,0.405082,0.961538,0.594918,0.307692,0.000000
27,157,0.038462,0.021429,0.462859,0.324447,0.961538,0.508746,0.371795,0.036014
27,158,0.038462,0.021429,0.432310,0.144030,0.961538,0.700173,0.371795,0.033638
27,159,0.038462,0.021429,0.000000,0.250846,0.961538,0.749154,0.320513,0.000000
27,160,0.038462,0.021429,0.000000,0.405082,0.961538,0.594918,0.282051,0.000000
27,161,0.038462,0.021429,0.000000,0.355539,0.961538,0.644461,0.346154,0.000000
27,162,0.038462,0.021429,0.000000,0.354828,0.961538,0.645172,0.307692,0.000000
27,163,0.038462,0.021429,0.000000,0.357534,0.961538,0.642466,0.371795,0.000000
27,164,0.038462,0.021429,0.072996,0.233728,0.961538,0.739966,0.384615,0.005680
27,165,0.038462,0.021429,0.000000,0.264820,0.961538,0.735180,0.307692,0.000000
27,166,0.038462,0.021429,0.000000,0.461516,0.961538,0.538484,0.358974,0.000000
27,167,0.346154,0.078571,0.646823,0.079641,0.653846,0.687255,0.256410,0.050328
27,168,0.076923,0.028571,0.000000,0.000000,0.923077,1.000000,0.179487,0.000000
27,169,0.076923,0.028571,0.000000,0.000000,0.923077,1.000000,0.256410,0.000000
27,170,0.076923,0.028571,0.000000,0.000000,0.923077,1.000000,0.230769,0.000000
27,171,0.076923,0.028571,0.000000,0.000000,0.923077,1.000000,0.192308,0.000000
27,172,0.076923,0.028571,0.351257,0.076475,0.923077,0.796938,0.153846,0.027331
27,173,0.076923,0.028571,0.172461,0.253936,0.923077,0.683912,0.205128,0.013419
27,174,0.076923,0.028571,0.000000,0.000000,0.923077,1.000000,0.294872,0.000000
27,175,0.076923,0.028571,0.000000,0.000000,0.923077,1.000000,0.166667,0.000000
27,176,0.076923,0.028571,0.000000,0.216251,0.923077,0.783749,0.217949,0.000000
27,177,0.076923,0.028571,0.423527,0.393712,0.923077,0.453656,0.243590,0.032954
27,178,0.076923,0.028571,0.294525,0.000000,0.923077,0.893858,0.230769,0.022917
27,179,0.076923,0.028571,0.000000,0.000000,0.923077,1.000000,0.153846,0.000000
27,180,0.076923,0.028571,0.294141,0.058369,0.923077,0.835627,0.294872,0.022887
27,181,0.076923,0.028571,0.000000,0.000000,0.923077,1.000000,0.192308,0.000000
27,182,0.076923,0.028571,0.284446,0.058369,0.923077,0.839121,0.358974,0.022132
27,183,0.076923,0.028571,0.000000,0.000000,0.923077,1.000000,0.166667,0.000000
27,184,0.076923,0.028571,0.000000,0.000000,0.923077,1.000000,0.166667,0.000000
27,185,0.076923,0.028571,0.000000,0.000000,0.923077,1.000000,0.307692,0.000000
27,186,0.076923,0.028571,0.000000,0.203999,0.923077,0.796001,0.179487,0.000000
27,187,0.076923,0.028571,0.872364,0.354538,0.923077,0.331077,0.192308,0.067877
27,188,0.076923,0.028571,0.000000,0.354538,0.923077,0.645462,0.166667,0.000000
27,189,0.076923,0.028571,0.114227,0.203999,0.923077,0.754835,0.256410,0.022845
27,190,0.076923,0.028571,0.000000,0.079621,0.923077,0.920379,0.141026,0.000000
27,191,0.076923,0.028571,0.126338,0.060027,0.923077,0.894443,0.294872,0.009830
27,192,0.076923,0.028571,0.000000,0.183469,0.923077,0.816531,0.166667,0.000000
27,193,0.076923,0.028571,0.000000,0.000000,0.923077,1.000000,0.256410,0.000000
27,194,0.076923,0.028571,0.000000,0.284933,0.923077,0.715067,0.141026,0.000000
27,195,0.076923,0.028571,0.373601,0.435084,0.923077,0.430277,0.282051,0.029069
27,196,0.076923,0.028571,0.087898,0.103848,0.923077,0.864475,0.282051,0.017580
27,197,0.076923,0.028571,0.000000,0.000000,0.923077,1.000000,0.192308,0.000000
27,198,0.076923,0.028571,0.826153,0.469382,0.923077,0.232886,0.256410,0.064282
27,199,0.076923,0.028571,0.186316,0.559506,0.923077,0.373349,0.179487,0.014497
27,200,0.076923,0.028571,0.000000,0.000000,0.923077,1.000000,0.192308,0.000000
27,201,0.076923,0.028571,0.000000,0.166806,0.923077,0.833194,0.294872,0.000000
27,202,0.076923,0.028571,0.000000,0.214167,0.923077,0.785833,0.166667,0.000000
27,203,0.076923,0.028571,0.000000,0.166806,0.923077,0.833194,0.179487,0.000000
27,204,0.076923,0.028571,0.000000,0.058369,0.923077,0.941631,0.320513,0.000000
27,205,0.076923,0.028571,0.000000,0.000000,0.923077,1.000000,0.230769,0.000000
27,206,0.076923,0.028571,0.000000,0.155797,0.923077,0.844203,0.179487,0.000000
27,207,0.076923,0.028571,0.000000,0.000000,0.923077,1.000000,0.153846,0.000000
27,208,0.076923,0.028571,0.000000,0.230305,0.923077,0.769695,0.153846,0.000000
27,209,0.076923,0.028571,0.296041,0.334065,0.923077,0.559247,0.205128,0.023035
27,210,0.076923,0.028571,0.000000,0.334065,0.923077,0.665935,0.153846,0.000000
27,211,0.076923,0.028571,0.000000,0.230305,0.923077,0.769695,0.166667,0.000000
27,212,0.038462,0.021429,0.000000,0.312725,0.961538,0.687275,0.166667,0.000000
27,213,0.038462,0.021429,0.000000,0.293131,0.961538,0.706869,0.166667,0.000000
27,214,0.038462,0.021429,0.045499,0.416574,0.961538,0.567030,0.192308,0.009100
27,215,0.038462,0.021429,0.000000,0.233104,0.961538,0.766896,0.192308,0.000000
27,216,0.038462,0.021429,0.175491,0.441562,0.961538,0.495194,0.192308,0.035098
27,217,0.038462,0.021429,0.000000,0.414252,0.961538,0.585748,0.166667,0.000000
27,218,0.038462,0.021429,0.000000,0.336952,0.961538,0.663048,0.179487,0.000000
27,219,0.038462,0.021429,0.000000,0.233104,0.961538,0.766896,0.192308,0.000000
27,220,0.038462,0.021429,0.000000,0.506708,0.961538,0.493292,0.192308,0.000000
27,221,0.038462,0.021429,0.000000,0.419371,0.961538,0.580629,0.166667,0.000000
27,222,0.038462,0.021429,0.000000,0.233104,0.961538,0.766896,0.179487,0.000000
27,223,0.346154,0.078571,0.000000,0.348910,0.653846,0.651090,0.153846,0.000000
27,224,0.019231,0.017857,0.000000,0.309334,0.980769,0.690666,0.358974,0.000000
27,225,0.019231,0.017857,0.000000,0.100821,0.980769,0.899179,0.333333,0.000000
27,226,0.019231,0.017857,0.000000,0.268976,0.980769,0.731024,0.384615,0.000000
27,227,0.019231,0.017857,0.000000,0.227408,0.980769,0.772592,0.333333,0.000000
27,228,0.019231,0.017857,0.000000,0.203330,0.980769,0.796670,0.371795,0.000000
27,229,0.019231,0.017857,0.000000,0.100821,0.980769,0.899179,0.294872,0.000000
27,230,0.019231,0.017857,0.000000,0.315605,0.980769,0.684395,0.435897,0.000000
27,231,0.019231,0.017857,0.000000,0.541793,0.980769,0.458207,0.333333,0.000000
27,232,0.019231,0.017857,0.000000,0.248128,0.980769,0.751872,0.346154,0.000000
27,233,0.019231,0.017857,0.000000,0.248128,0.980769,0.751872,0.320513,0.000000
27,234,0.019231,0.017857,0.000000,0.567838,0.980769,0.432162,0.371795,0.000000
27,235,0.019231,0.017857,0.000000,0.146351,0.980769,0.853649,0.346154,0.000000
27,236,0.019231,0.017857,0.000000,0.100821,0.980769,0.899179,0.333333,0.000000
27,237,0.019231,0.017857,0.000000,0.343142,0.980769,0.656858,0.346154,0.000000
27,238,0.019231,0.017857,0.000000,0.227408,0.980769,0.772592,0.346154,0.000000
27,239,0.019231,0.017857,0.000000,0.100821,0.980769,0.899179,0.371795,0.000000
27,240,0.019231,0.017857,0.000000,0.132498,0.980769,0.867502,0.307692,0.000000
27,241,0.019231,0.017857,0.704627,0.517390,0.980769,0.228675,0.358974,0.140925
27,242,0.019231,0.017857,0.000000,0.525139,0.980769,0.474861,0.384615,0.000000
27,243,0.019231,0.017857,0.000000,0.206962,0.980769,0.793038,0.384615,0.000000
27,244,0.019231,0.017857,0.000000,0.238639,0.980769,0.761361,0.346154,0.000000
27,245,0.019231,0.017857,0.000000,0.618329,0.980769,0.381671,0.358974,0.000000
27,246,0.019231,0.017857,0.000000,0.309334,0.980769,0.690666,0.333333,0.000000
27,247,0.019231,0.017857,0.000000,0.100821,0.980769,0.899179,0.320513,0.000000
27,248,0.019231,0.017857,0.000000,0.206824,0.980769,0.793176,0.358974,0.000000
27,249,0.019231,0.017857,0.000000,0.100821,0.980769,0.899179,0.307692,0.000000
27,250,0.019231,0.017857,0.000000,0.203330,0.980769,0.796670,0.333333,0.000000
27,251,0.019231,0.017857,0.000000,0.100821,0.980769,0.899179,0.320513,0.000000
27,252,0.019231,0.017857,0.000000,0.100821,0.980769,0.899179,0.435897,0.000000
27,253,0.019231,0.017857,0.000000,0.521894,0.980769,0.478106,0.358974,0.000000
27,254,0.019231,0.017857,0.393978,0.141986,0.980769,0.716031,0.410256,0.030655
27,255,0.019231,0.017857,0.000000,0.141986,0.980769,0.858014,0.320513,0.000000
27,256,0.019231,0.017857,0.493436,0.521894,0.980769,0.300280,0.474359,0.098687
27,257,0.019231,0.017857,0.000000,0.146351,0.980769,0.853649,0.384615,0.000000
27,258,0.019231,0.017857,0.000000,0.117218,0.980769,0.882782,0.346154,0.000000
27,259,0.019231,0.017857,0.000000,0.280990,0.980769,0.719010,0.358974,0.000000
27,260,0.019231,0.017857,0.000000,0.164065,0.980769,0.835935,0.371795,0.000000
27,261,0.019231,0.017857,0.000000,0.100821,0.980769,0.899179,0.346154,0.000000
27,262,0.019231,0.017857,0.000000,0.148894,0.980769,0.851106,0.333333,0.000000
27,263,0.019231,0.017857,0.000000,0.302605,0.980769,0.697395,0.307692,0.000000
27,264,0.019231,0.017857,0.000000,0.461796,0.980769,0.538204,0.371795,0.000000
27,265,0.019231,0.017857,0.000000,0.100821,0.980769,0.899179,0.371795,0.000000
27,266,0.019231,0.017857,0.000000,0.132498,0.980769,0.867502,0.397436,0.000000
27,267,0.019231,0.017857,0.000000,0.465697,0.980769,0.534303,0.333333,0.000000
27,268,0.000000,0.014286,0.000000,0.100821,1.000000,0.899179,0.333333,0.000000
27,269,0.000000,0.014286,0.000000,0.100821,1.000000,0.899179,0.333333,0.000000
27,270,0.000000,0.014286,0.000000,0.100821,1.000000,0.899179,0.346154,0.000000
27,271,0.000000,0.014286,0.000000,0.100821,1.000000,0.899179,0.320513,0.000000
27,272,0.000000,0.014286,0.000000,0.100821,1.000000,0.899179,0.346154,0.000000
27,273,0.000000,0.014286,0.000000,0.100821,1.000000,0.899179,0.384615,0.000000
27,274,0.000000,0.014286,0.000000,0.100821,1.000000,0.899179,0.333333,0.000000
27,275,0.000000,0.014286,0.000000,0.207509,1.000000,0.792491,0.384615,0.000000
27,276,0.000000,0.014286,0.000000,0.100821,1.000000,0.899179,0.346154,0.000000
27,277,0.000000,0.014286,0.000000,0.100821,1.000000,0.899179,0.346154,0.000000
27,278,0.000000,0.014286,0.000000,0.207509,1.000000,0.792491,0.358974,0.000000
27,279,0.153846,0.042857,0.000000,0.180461,0.846154,0.819539,0.269231,0.000000
27,280,1.000000,0.200000,0.279760,0.573745,0.000000,0.325435,0.128205,0.055952
28,0,0.076923,0.028571,0.000000,0.000000,0.923077,1.000000,0.392405,0.000000
28,1,0.076923,0.028571,0.000000,0.145906,0.923077,0.863769,0.189873,0.000000
28,2,0.076923,0.028571,0.000000,0.000000,0.923077,1.000000,0.379747,0.000000
28,3,0.076923,0.028571,0.000000,0.255876,0.923077,0.761091,0.151899,0.000000
28,4,0.076923,0.028571,0.000000,0.074024,0.923077,0.930884,0.367089,0.000000
28,5,0.076923,0.028571,0.000000,0.145906,0.923077,0.863769,0.177215,0.000000
28,6,0.076923,0.028571,0.000000,0.165046,0.923077,0.845897,0.392405,0.000000
28,7,0.076923,0.028571,0.000000,0.373695,0.923077,0.651084,0.215190,0.000000
28,8,0.076923,0.028571,0.319547,0.393934,0.923077,0.522180,0.316456,0.022314
28,9,0.076923,0.028571,0.447637,0.319909,0.923077,0.547200,0.303797,0.031259
28,10,0.076923,0.028571,0.000000,0.282865,0.923077,0.735891,0.240506,0.000000
28,11,0.076923,0.028571,0.000000,0.406369,0.923077,0.620576,0.303797,0.000000
28,12,0.076923,0.028571,0.000000,0.145906,0.923077,0.863769,0.151899,0.000000
28,13,0.076923,0.028571,0.000000,0.406369,0.923077,0.620576,0.303797,0.000000
28,14,0.076923,0.028571,0.000000,0.323074,0.923077,0.698348,0.177215,0.000000
28,15,0.076923,0.028571,0.000000,0.090429,0.923077,0.915567,0.329114,0.000000
28,16,0.076923,0.028571,0.000000,0.153451,0.923077,0.856724,0.151899,0.000000
28,17,0.076923,0.028571,0.000000,0.259150,0.923077,0.758034,0.316456,0.000000
28,18,0.076923,0.028571,0.200768,0.440893,0.923077,0.519225,0.253165,0.040154
28,19,0.076923,0.028571,0.000000,0.361818,0.923077,0.662173,0.278481,0.000000
28,20,0.076923,0.028571,0.000000,0.278935,0.923077,0.739560,0.265823,0.000000
28,21,0.076923,0.028571,0.087390,0.376968,0.923077,0.617942,0.227848,0.017478
28,22,0.076923,0.028571,0.000000,0.198827,0.923077,0.814357,0.329114,0.000000
28,23,0.076923,0.028571,0.820436,0.114469,0.923077,0.610680,0.215190,0.057292
28,24,0.076923,0.028571,0.000000,0.000000,0.923077,1.000000,0.341772,0.000000
28,25,0.076923,0.028571,0.000000,0.109608,0.923077,0.897659,0.151899,0.000000
28,26,0.076923,0.028571,0.182255,0.272851,0.923077,0.682498,0.392405,0.012727
28,27,0.076923,0.028571,0.000000,0.451319,0.923077,0.578607,0.177215,0.000000
28,28,0.076923,0.028571,0.000000,0.215314,0.923077,0.798963,0.341772,0.000000
28,29,0.076923,0.028571,0.000000,0.109608,0.923077,0.897659,0.164557,0.000000
28,30,0.076923,0.028571,0.000000,0.476815,0.923077,0.554801,0.303797,0.000000
28,31,0.076923,0.028571,0.000000,0.739641,0.923077,0.309403,0.164557,0.000000
28,32,0.076923,0.028571,0.000000,0.215314,0.923077,0.798963,0.253165,0.000000
28,33,0.076923,0.028571,0.000000,0.424630,0.923077,0.603526,0.265823,0.000000
28,34,0.076923,0.028571,0.000000,0.000000,0.923077,1.000000,0.177215,0.000000
28,35,0.076923,0.028571,0.000000,0.424630,0.923077,0.603526,0.278481,0.000000
28,36,0.076923,0.028571,0.000000,0.435904,0.923077,0.592999,0.177215,0.000000
28,37,0.076923,0.028571,0.190869,0.426214,0.923077,0.536339,0.329114,0.038174
28,38,0.076923,0.028571,0.000000,0.007546,0.923077,0.992955,0.265823,0.000000
28,39,0.076923,0.028571,0.642513,0.099208,0.923077,0.686180,0.291139,0.044868
28,40,0.076923,0.028571,0.000000,0.435904,0.923077,0.592999,0.164557,0.000000
28,41,0.076923,0.028571,0.000000,0.573691,0.923077,0.464348,0.164557,0.000000
28,42,0.076923,0.028571,0.000000,0.155023,0.923077,0.855256,0.164557,0.000000
28,43,0.076923,0.028571,0.000000,0.099208,0.923077,0.907370,0.151899,0.000000
28,44,0.038462,0.021429,0.000000,0.655184,0.961538,0.388259,0.316456,0.000000
28,45,0.038462,0.021429,0.049526,0.570826,0.961538,0.449974,0.405063,0.003458
28,46,0.038462,0.021429,0.000000,0.456357,0.961538,0.573903,0.291139,0.000000
28,47,0.038462,0.021429,0.000000,0.565965,0.961538,0.471562,0.316456,0.000000
28,48,0.038462,0.021429,1.000000,0.655184,0.961538,0.044001,0.417722,0.069831
28,49,0.038462,0.021429,0.000000,0.907676,0.961538,0.152510,0.329114,0.000000
28,50,0.038462,0.021429,0.000000,0.671671,0.961538,0.372866,0.291139,0.000000
28,51,0.038462,0.021429,0.910712,0.565965,0.961538,0.158042,0.291139,0.063596
28,52,0.038462,0.021429,0.000000,0.663150,0.961538,0.380821,0.392405,0.000000
28,53,0.038462,0.021429,0.013846,1.000000,0.961538,0.061540,0.291139,0.002769
28,54,0.038462,0.021429,0.000000,0.671671,0.961538,0.372866,0.303797,0.000000
28,55,0.346154,0.078571,0.930714,0.727856,0.653846,0.000000,0.265823,0.186143
28,56,0.076923,0.028571,0.000000,0.070739,0.923077,0.933952,0.367089,0.000000
28,57,0.076923,0.028571,0.000000,0.000000,0.923077,1.000000,0.202532,0.000000
28,58,0.076923,0.028571,0.395724,0.000000,0.923077,0.863769,0.354430,0.027634
28,59,0.076923,0.028571,0.000000,0.000000,0.923077,1.000000,0.202532,0.000000
28,60,0.076923,0.028571,0.693984,0.329687,0.923077,0.453264,0.379747,0.048462
28,61,0.076923,0.028571,0.000000,0.000000,0.923077,1.000000,0.164557,0.000000
28,62,0.076923,0.028571,0.000000,0.310608,0.923077,0.709988,0.303797,0.000000
28,63,0.076923,0.028571,0.000000,0.301882,0.923077,0.718135,0.202532,0.000000
28,64,0.076923,0.028571,0.000000,0.357570,0.923077,0.666140,0.265823,0.000000
28,65,0.076923,0.028571,0.000000,0.098621,0.923077,0.907918,0.164557,0.000000
28,66,0.076923,0.028571,0.336072,0.612490,0.923077,0.312427,0.265823,0.067214
28,67,0.076923,0.028571,0.000000,0.373238,0.923077,0.651510,0.316456,0.000000
28,68,0.076923,0.028571,0.000000,0.000000,0.923077,1.000000,0.164557,0.000000
28,69,0.076923,0.028571,0.000000,0.302500,0.923077,0.717558,0.303797,0.000000
28,70,0.076923,0.028571,0.000000,0.067199,0.923077,0.937257,0.202532,0.000000
28,71,0.076923,0.028571,0.000000,0.149188,0.923077,0.860704,0.329114,0.000000
28,72,0.076923,0.028571,0.000000,0.000000,0.923077,1.000000,0.177215,0.000000
28,73,0.076923,0.028571,0.000000,0.165046,0.923077,0.845897,0.291139,0.000000
28,74,0.076923,0.028571,0.000000,0.369081,0.923077,0.655392,0.278481,0.000000
28,75,0.076923,0.028571,0.000000,0.319056,0.923077,0.702100,0.265823,0.000000
28,76,0.076923,0.028571,0.000000,0.240607,0.923077,0.775347,0.164557,0.000000
28,77,0.076923,0.028571,0.444192,0.466929,0.923077,0.411115,0.316456,0.088838
28,78,0.076923,0.028571,0.000000,0.000000,0.923077,1.000000,0.329114,0.000000
28,79,0.076923,0.028571,0.281715,0.267975,0.923077,0.652811,0.215190,0.019673
28,80,0.076923,0.028571,0.000000,0.236985,0.923077,0.778729,0.367089,0.000000
28,81,0.076923,0.028571,0.000000,0.174838,0.923077,0.836755,0.227848,0.000000
28,82,0.076923,0.028571,0.000000,0.480318,0.923077,0.551531,0.265823,0.000000
28,83,0.076923,0.028571,0.000000,0.504873,0.923077,0.528604,0.215190,0.000000
28,84,0.076923,0.028571,0.020465,0.382547,0.923077,0.635774,0.367089,0.004093
28,85,0.076923,0.028571,0.245260,0.174838,0.923077,0.752322,0.291139,0.049052
28,86,0.076923,0.028571,0.000000,0.512539,0.923077,0.521446,0.291139,0.000000
28,87,0.076923,0.028571,0.255226,0.269119,0.923077,0.660861,0.202532,0.051045
28,88,0.076923,0.028571,0.399987,0.145561,0.923077,0.726392,0.278481,0.027932
28,89,0.076923,0.028571,0.000000,0.320760,0.923077,0.700509,0.215190,0.000000
28,90,0.076923,0.028571,0.000000,0.034213,0.923077,0.968055,0.177215,0.000000
28,91,0.076923,0.028571,0.310461,0.320760,0.923077,0.593630,0.202532,0.062092
28,92,0.076923,0.028571,0.539257,0.435904,0.923077,0.407356,0.227848,0.107851
28,93,0.076923,0.028571,0.106410,0.414234,0.923077,0.576600,0.265823,0.021282
28,94,0.076923,0.028571,0.000000,0.034213,0.923077,0.968055,0.164557,0.000000
28,95,0.076923,0.028571,0.271088,0.005105,0.923077,0.901909,0.265823,0.018930
28,96,0.076923,0.028571,0.000000,0.550140,0.923077,0.486338,0.189873,0.000000
28,97,0.076923,0.028571,0.000000,0.588441,0.923077,0.450577,0.177215,0.000000
28,98,0.076923,0.028571,0.583971,0.174206,0.923077,0.636308,0.329114,0.040779
28,99,0.076923,0.028571,0.560862,0.119341,0.923077,0.695491,0.278481,0.039166
28,100,0.038462,0.021429,0.000000,0.367887,0.961538,0.656507,0.341772,0.000000
28,101,0.038462,0.021429,0.000000,0.635862,0.961538,0.406300,0.316456,0.000000
28,102,0.038462,0.021429,0.000000,0.604872,0.961538,0.435235,0.291139,0.000000
28,103,0.038462,0.021429,0.000000,0.542725,0.961538,0.493262,0.329114,0.000000
28,104,0.038462,0.021429,0.000000,0.589256,0.961538,0.449815,0.291139,0.000000
28,105,0.038462,0.021429,0.000000,0.872760,0.961538,0.185110,0.341772,0.000000
28,106,0.038462,0.021429,0.000000,0.604872,0.961538,0.435235,0.291139,0.000000
28,107,0.038462,0.021429,0.000000,0.542725,0.961538,0.493262,0.329114,0.000000
28,108,0.038462,0.021429,0.000000,0.589256,0.961538,0.449815,0.291139,0.000000
28,109,0.038462,0.021429,0.000000,0.604785,0.961538,0.435316,0.341772,0.000000
28,110,0.038462,0.021429,0.000000,0.367887,0.961538,0.656507,0.341772,0.000000
28,111,0.346154,0.078571,0.307013,0.876305,0.653846,0.076108,0.265823,0.061403
28,112,0.076923,0.028571,0.000000,0.015776,0.923077,0.985270,0.303797,0.000000
28,113,0.076923,0.028571,0.000000,0.180280,0.923077,0.831674,0.189873,0.000000
28,114,0.076923,0.028571,0.000000,0.005236,0.923077,0.995111,0.354430,0.000000
28,115,0.076923,0.028571,0.191857,0.290250,0.923077,0.662947,0.265823,0.038371
28,116,0.076923,0.028571,0.000000,0.010540,0.923077,0.990159,0.316456,0.000000
28,117,0.076923,0.028571,0.000000,0.291768,0.923077,0.727578,0.189873,0.000000
28,118,0.076923,0.028571,0.000000,0.163052,0.923077,0.847759,0.329114,0.000000
28,119,0.076923,0.028571,0.000000,0.489802,0.923077,0.542675,0.189873,0.000000
28,120,0.076923,0.028571,0.499215,0.287688,0.923077,0.559529,0.265823,0.034861
28,121,0.076923,0.028571,0.000000,0.433551,0.923077,0.595197,0.164557,0.000000
28,122,0.076923,0.028571,0.180089,0.396979,0.923077,0.567347,0.253165,0.036018
28,123,0.076923,0.028571,0.000000,0.235751,0.923077,0.779881,0.291139,0.000000
28,124,0.076923,0.028571,0.000000,0.180280,0.923077,0.831674,0.139241,0.000000
28,125,0.076923,0.028571,0.000000,0.428113,0.923077,0.600274,0.291139,0.000000
28,126,0.076923,0.028571,0.000000,0.290250,0.923077,0.728996,0.177215,0.000000
28,127,0.076923,0.028571,0.000000,0.090429,0.923077,0.915567,0.329114,0.000000
28,128,0.076923,0.028571,0.000000,0.427084,0.923077,0.601235,0.151899,0.000000
28,129,0.076923,0.028571,0.000000,0.607297,0.923077,0.432971,0.278481,0.000000
28,130,0.076923,0.028571,0.501549,0.610077,0.923077,0.257714,0.265823,0.100310
28,131,0.076923,0.028571,0.000000,0.361818,0.923077,0.662173,0.303797,0.000000
28,132,0.076923,0.028571,0.394790,0.552567,0.923077,0.348162,0.189873,0.078958
28,133,0.076923,0.028571,0.000000,0.769136,0.923077,0.281863,0.265823,0.000000
28,134,0.076923,0.028571,0.000000,0.209367,0.923077,0.804515,0.278481,0.000000
28,135,0.076923,0.028571,0.000000,0.166367,0.923077,0.844664,0.177215,0.000000
28,136,0.076923,0.028571,0.000000,0.000000,0.923077,1.000000,0.341772,0.000000
28,137,0.076923,0.028571,0.000000,0.091133,0.923077,0.914910,0.202532,0.000000
28,138,0.076923,0.028571,0.000000,0.209367,0.923077,0.804515,0.253165,0.000000
28,139,0.076923,0.028571,0.000000,0.214420,0.923077,0.799797,0.189873,0.000000
28,140,0.076923,0.028571,0.000000,0.215314,0.923077,0.798963,0.291139,0.000000
28,141,0.076923,0.028571,0.212769,0.400580,0.923077,0.552734,0.253165,0.014858
28,142,0.076923,0.028571,0.000000,0.370569,0.923077,0.654002,0.341772,0.000000
28,143,0.076923,0.028571,0.000000,0.470521,0.923077,0.560678,0.164557,0.000000
28,144,0.076923,0.028571,0.472481,0.576660,0.923077,0.298922,0.303797,0.094496
28,145,0.076923,0.028571,0.000000,0.230515,0.923077,0.784769,0.177215,0.000000
28,146,0.076923,0.028571,0.000000,0.057454,0.923077,0.946356,0.341772,0.000000
28,147,0.076923,0.028571,0.726799,0.422877,0.923077,0.354956,0.177215,0.145360
28,148,0.076923,0.028571,0.000000,0.189204,0.923077,0.823342,0.291139,0.000000
28,149,0.076923,0.028571,0.283324,0.090429,0.923077,0.818031,0.265823,0.019785
28,150,0.076923,0.028571,0.642749,0.192769,0.923077,0.598741,0.316456,0.044884
28,151,0.076923,0.028571,0.000000,0.444245,0.923077,0.585211,0.215190,0.000000
28,152,0.076923,0.028571,0.600396,0.343608,0.923077,0.472484,0.367089,0.120079
28,153,0.076923,0.028571,0.000000,0.237907,0.923077,0.777868,0.177215,0.000000
28,154,0.076923,0.028571,0.000000,0.282793,0.923077,0.735958,0.202532,0.000000
28,155,0.076923,0.028571,0.000000,0.406288,0.923077,0.620652,0.177215,0.000000
28,156,0.038462,0.021429,0.000000,0.312025,0.961538,0.708665,0.303797,0.000000
28,157,0.038462,0.021429,0.000000,0.279565,0.961538,0.738972,0.379747,0.000000
28,158,0.038462,0.021429,0.092793,0.113198,0.961538,0.862364,0.379747,0.006480
28,159,0.038462,0.021429,0.000000,0.204330,0.961538,0.809218,0.316456,0.000000
28,160,0.038462,0.021429,0.000000,0.312025,0.961538,0.708665,0.278481,0.000000
28,161,0.038462,0.021429,0.000000,0.327618,0.961538,0.694105,0.341772,0.000000
28,162,0.038462,0.021429,0.000000,0.328511,0.961538,0.693272,0.303797,0.000000
28,163,0.038462,0.021429,0.000000,0.479648,0.961538,0.552156,0.367089,0.000000
28,164,0.038462,0.021429,0.309829,0.319990,0.961538,0.594566,0.392405,0.061966
28,165,0.038462,0.021429,0.000000,0.419942,0.961538,0.607903,0.303797,0.000000
28,166,0.038462,0.021429,0.000000,0.655727,0.961538,0.387752,0.354430,0.000000
28,167,0.346154,0.078571,0.067065,0.246657,0.653846,0.746610,0.265823,0.013413
28,168,0.076923,0.028571,0.093229,0.070739,0.923077,0.901857,0.177215,0.006510
28,169,0.076923,0.028571,0.014201,0.000000,0.923077,0.995111,0.253165,0.000992
28,170,0.076923,0.028571,0.000000,0.000000,0.923077,1.000000,0.227848,0.000000
28,171,0.076923,0.028571,0.000000,0.000000,0.923077,1.000000,0.189873,0.000000
28,172,0.076923,0.028571,0.000000,0.255663,0.923077,0.761290,0.164557,0.000000
28,173,0.076923,0.028571,0.000000,0.086764,0.923077,0.918989,0.215190,0.000000
28,174,0.076923,0.028571,0.395607,0.145561,0.923077,0.727900,0.291139,0.027626
28,175,0.076923,0.028571,0.000000,0.184064,0.923077,0.828141,0.164557,0.000000
28,176,0.076923,0.028571,0.541886,0.270158,0.923077,0.561207,0.215190,0.037841
28,177,0.076923,0.028571,0.442228,0.171998,0.923077,0.687166,0.253165,0.030881
28,178,0.076923,0.028571,0.000000,0.329625,0.923077,0.692232,0.240506,0.000000
28,179,0.076923,0.028571,0.000000,0.070739,0.923077,0.933952,0.151899,0.000000
28,180,0.076923,0.028571,0.000000,0.000000,0.923077,1.000000,0.303797,0.000000
28,181,0.076923,0.028571,0.000000,0.000000,0.923077,1.000000,0.189873,0.000000
28,182,0.076923,0.028571,0.028587,0.000000,0.923077,0.990159,0.367089,0.001996
28,183,0.076923,0.028571,0.000000,0.304487,0.923077,0.715703,0.164557,0.000000
28,184,0.076923,0.028571,0.000000,0.121462,0.923077,0.886592,0.164557,0.000000
28,185,0.076923,0.028571,0.000000,0.000000,0.923077,1.000000,0.303797,0.000000
28,186,0.076923,0.028571,0.000000,0.184064,0.923077,0.828141,0.177215,0.000000
28,187,0.076923,0.028571,0.092567,0.620809,0.923077,0.388488,0.202532,0.018513
28,188,0.076923,0.028571,0.000000,0.508524,0.923077,0.525195,0.164557,0.000000
28,189,0.076923,0.028571,0.000000,0.184064,0.923077,0.828141,0.253165,0.000000
28,190,0.076923,0.028571,0.000000,0.000000,0.923077,1.000000,0.139241,0.000000
28,191,0.076923,0.028571,0.343487,0.267975,0.923077,0.631546,0.303797,0.023986
28,192,0.076923,0.028571,0.000000,0.236985,0.923077,0.778729,0.164557,0.000000
28,193,0.076923,0.028571,0.000000,0.104463,0.923077,0.902464,0.253165,0.000000
28,194,0.076923,0.028571,0.000000,0.406293,0.923077,0.620647,0.139241,0.000000
28,195,0.076923,0.028571,0.521722,0.354739,0.923077,0.489176,0.291139,0.036433
28,196,0.076923,0.028571,0.346536,0.382547,0.923077,0.523521,0.278481,0.069307
28,197,0.076923,0.028571,0.000000,0.104463,0.923077,0.902464,0.189873,0.000000
28,198,0.076923,0.028571,0.418774,0.425127,0.923077,0.458895,0.265823,0.029244
28,199,0.076923,0.028571,0.427930,0.105598,0.923077,0.754086,0.189873,0.029883
28,200,0.076923,0.028571,0.000000,0.145561,0.923077,0.864090,0.189873,0.000000
28,201,0.076923,0.028571,0.140759,0.000000,0.923077,0.951542,0.291139,0.009829
28,202,0.076923,0.028571,0.000000,0.034213,0.923077,0.968055,0.164557,0.000000
28,203,0.076923,0.028571,0.000000,0.000000,0.923077,1.000000,0.177215,0.000000
28,204,0.076923,0.028571,0.000000,0.000000,0.923077,1.000000,0.316456,0.000000
28,205,0.076923,0.028571,0.000000,0.233748,0.923077,0.781751,0.227848,0.000000
28,206,0.076923,0.028571,0.000000,0.155676,0.923077,0.854647,0.177215,0.000000
28,207,0.076923,0.028571,0.000000,0.000000,0.923077,1.000000,0.151899,0.000000
28,208,0.076923,0.028571,0.000000,0.114236,0.923077,0.893339,0.151899,0.000000
28,209,0.076923,0.028571,0.887472,0.554409,0.923077,0.176832,0.215190,0.177494
28,210,0.076923,0.028571,0.000000,0.442124,0.923077,0.587192,0.151899,0.000000
28,211,0.076923,0.028571,0.000000,0.114236,0.923077,0.893339,0.164557,0.000000
28,212,0.038462,0.021429,0.000000,0.024727,0.961538,0.976912,0.164557,0.000000
28,213,0.038462,0.021429,0.000000,0.292702,0.961538,0.726706,0.164557,0.000000
28,214,0.038462,0.021429,0.155825,0.261713,0.961538,0.701997,0.189873,0.031165
28,215,0.038462,0.021429,0.000000,0.129190,0.961538,0.879376,0.189873,0.000000
28,216,0.038462,0.021429,0.513157,0.246097,0.961538,0.593563,0.189873,0.035834
28,217,0.038462,0.021429,0.000000,0.292702,0.961538,0.726706,0.164557,0.000000
28,218,0.038462,0.021429,0.000000,0.261713,0.961538,0.755641,0.177215,0.000000
28,219,0.038462,0.021429,0.000000,0.129190,0.961538,0.879376,0.189873,0.000000
28,220,0.038462,0.021429,0.000000,0.246097,0.961538,0.770221,0.189873,0.000000
28,221,0.038462,0.021429,0.000000,0.024727,0.961538,0.976912,0.164557,0.000000
28,222,0.038462,0.021429,0.000000,0.024727,0.961538,0.976912,0.177215,0.000000
28,223,0.346154,0.078571,0.000000,0.148449,0.653846,0.861394,0.151899,0.000000
28,224,0.019231,0.017857,0.000000,0.015776,0.980769,0.985270,0.354430,0.000000
28,225,0.019231,0.017857,0.000000,0.034374,0.980769,0.967905,0.329114,0.000000
28,226,0.019231,0.017857,0.000000,0.005236,0.980769,0.995111,0.379747,0.000000
28,227,0.019231,0.017857,0.000000,0.034374,0.980769,0.967905,0.329114,0.000000
28,228,0.019231,0.017857,0.000000,0.010540,0.980769,0.990159,0.367089,0.000000
28,229,0.019231,0.017857,0.000000,0.145863,0.980769,0.863809,0.291139,0.000000
28,230,0.019231,0.017857,0.000000,0.163052,0.980769,0.847759,0.430380,0.000000
28,231,0.019231,0.017857,0.000000,0.233926,0.980769,0.781585,0.329114,0.000000
28,232,0.019231,0.017857,0.000000,0.000000,0.980769,1.000000,0.341772,0.000000
28,233,0.019231,0.017857,0.000000,0.145863,0.980769,0.863809,0.316456,0.000000
28,234,0.019231,0.017857,0.000000,0.396979,0.980769,0.629344,0.367089,0.000000
28,235,0.019231,0.017857,0.000000,0.131882,0.980769,0.876863,0.341772,0.000000
28,236,0.019231,0.017857,0.000000,0.034374,0.980769,0.967905,0.329114,0.000000
28,237,0.019231,0.017857,0.000000,0.324243,0.980769,0.697256,0.341772,0.000000
28,238,0.019231,0.017857,0.000000,0.034374,0.980769,0.967905,0.341772,0.000000
28,239,0.019231,0.017857,0.000000,0.000000,0.980769,1.000000,0.367089,0.000000
28,240,0.019231,0.017857,0.000000,0.273633,0.980769,0.744511,0.303797,0.000000
28,241,0.019231,0.017857,0.235320,0.513194,0.980769,0.439823,0.354430,0.047064
28,242,0.019231,0.017857,0.000000,0.354201,0.980769,0.669285,0.379747,0.000000
28,243,0.019231,0.017857,0.000000,0.000000,0.980769,1.000000,0.379747,0.000000
28,244,0.019231,0.017857,0.000000,0.273633,0.980769,0.744511,0.341772,0.000000
28,245,0.019231,0.017857,0.051081,0.675033,0.980769,0.352141,0.354430,0.010216
28,246,0.019231,0.017857,0.000000,0.010540,0.980769,0.990159,0.329114,0.000000
28,247,0.019231,0.017857,0.000000,0.051899,0.980769,0.951542,0.316456,0.000000
28,248,0.019231,0.017857,0.000000,0.000000,0.980769,1.000000,0.354430,0.000000
28,249,0.019231,0.017857,0.000000,0.051899,0.980769,0.951542,0.303797,0.000000
28,250,0.019231,0.017857,0.000000,0.010540,0.980769,0.990159,0.329114,0.000000
28,251,0.019231,0.017857,0.000000,0.000000,0.980769,1.000000,0.316456,0.000000
28,252,0.019231,0.017857,0.329429,0.000000,0.980769,0.886592,0.430380,0.023004
28,253,0.019231,0.017857,0.421199,0.361346,0.980769,0.517612,0.354430,0.029413
28,254,0.019231,0.017857,0.000000,0.000000,0.980769,1.000000,0.417722,0.000000
28,255,0.019231,0.017857,0.000000,0.000000,0.980769,1.000000,0.316456,0.000000
28,256,0.019231,0.017857,0.397214,0.361346,0.980769,0.525870,0.468354,0.027738
28,257,0.019231,0.017857,0.000000,0.126646,0.980769,0.881752,0.379747,0.000000
28,258,0.019231,0.017857,0.000000,0.057454,0.980769,0.946356,0.341772,0.000000
28,259,0.019231,0.017857,0.000000,0.319007,0.980769,0.702145,0.354430,0.000000
28,260,0.019231,0.017857,0.000000,0.189204,0.980769,0.823342,0.367089,0.000000
28,261,0.019231,0.017857,0.000000,0.000000,0.980769,1.000000,0.341772,0.000000
28,262,0.019231,0.017857,0.000000,0.185223,0.980769,0.827058,0.329114,0.000000
28,263,0.019231,0.017857,0.000000,0.350142,0.980769,0.673075,0.303797,0.000000
28,264,0.019231,0.017857,0.000000,0.343608,0.980769,0.679175,0.367089,0.000000
28,265,0.019231,0.017857,0.000000,0.000000,0.980769,1.000000,0.367089,0.000000
28,266,0.019231,0.017857,0.000000,0.127770,0.980769,0.880702,0.392405,0.000000
28,267,0.019231,0.017857,0.000000,0.312184,0.980769,0.708516,0.329114,0.000000
28,268,0.000000,0.014286,0.000000,0.000000,1.000000,1.000000,0.329114,0.000000
28,269,0.000000,0.014286,0.000000,0.051899,1.000000,0.951542,0.329114,0.000000
28,270,0.000000,0.014286,0.000000,0.000000,1.000000,1.000000,0.341772,0.000000
28,271,0.000000,0.014286,0.000000,0.051899,1.000000,0.951542,0.316456,0.000000
28,272,0.000000,0.014286,0.000000,0.000000,1.000000,1.000000,0.341772,0.000000
28,273,0.000000,0.014286,0.000000,0.000000,1.000000,1.000000,0.379747,0.000000
28,274,0.000000,0.014286,0.000000,0.000000,1.000000,1.000000,0.329114,0.000000
28,275,0.000000,0.014286,0.000000,0.327216,1.000000,0.694481,0.379747,0.000000
28,276,0.000000,0.014286,0.000000,0.000000,1.000000,1.000000,0.341772,0.000000
28,277,0.000000,0.014286,0.000000,0.000000,1.000000,1.000000,0.341772,0.000000
28,278,0.000000,0.014286,0.000000,0.327216,1.000000,0.694481,0.354430,0.000000
28,279,0.153846,0.042857,0.000000,0.246657,0.846154,0.769698,0.265823,0.000000
28,280,1.000000,0.200000,0.000000,0.528814,0.000000,0.506250,0.126582,0.000000
29,0,0.076923,0.028571,0.000000,0.000000,0.923077,1.000000,0.387500,0.000000
29,1,0.076923,0.028571,0.000000,0.000000,0.923077,1.000000,0.187500,0.000000
29,2,0.076923,0.028571,0.000000,0.000000,0.923077,1.000000,0.375000,0.000000
29,3,0.076923,0.028571,0.000000,0.310167,0.923077,0.761229,0.150000,0.000000
29,4,0.076923,0.028571,0.232061,0.180840,0.923077,0.790878,0.362500,0.046412
29,5,0.076923,0.028571,0.000000,0.000000,0.923077,1.000000,0.175000,0.000000
29,6,0.076923,0.028571,0.000000,0.123422,0.923077,0.904987,0.387500,0.000000
29,7,0.076923,0.028571,0.000000,0.310901,0.923077,0.760664,0.212500,0.000000
29,8,0.076923,0.028571,0.000000,0.793154,0.923077,0.389418,0.325000,0.000000
29,9,0.076923,0.028571,0.315392,0.612314,0.923077,0.433619,0.312500,0.063078
29,10,0.076923,0.028571,0.000000,0.124157,0.923077,0.904422,0.237500,0.000000
29,11,0.076923,0.028571,0.000000,0.171600,0.923077,0.867900,0.300000,0.000000
29,12,0.076923,0.028571,0.000000,0.000000,0.923077,1.000000,0.150000,0.000000
29,13,0.076923,0.028571,0.000000,0.168397,0.923077,0.870366,0.300000,0.000000
29,14,0.076923,0.028571,0.000000,0.388945,0.923077,0.700584,0.175000,0.000000
29,15,0.076923,0.028571,0.000000,0.021886,0.923077,0.983152,0.325000,0.000000
29,16,0.076923,0.028571,0.000000,0.230680,0.923077,0.822419,0.150000,0.000000
29,17,0.076923,0.028571,0.000000,0.379094,0.923077,0.708168,0.312500,0.000000
29,18,0.076923,0.028571,0.000000,0.389680,0.923077,0.700019,0.250000,0.000000
29,19,0.076923,0.028571,0.000000,0.273354,0.923077,0.789568,0.275000,0.000000
29,20,0.076923,0.028571,0.000000,0.485351,0.923077,0.626369,0.262500,0.000000
29,21,0.076923,0.028571,0.000000,0.379828,0.923077,0.707602,0.225000,0.000000
29,22,0.076923,0.028571,0.000000,0.000000,0.923077,1.000000,0.325000,0.000000
29,23,0.076923,0.028571,0.430318,0.160575,0.923077,0.746753,0.225000,0.030735
29,24,0.076923,0.028571,0.000000,0.090746,0.923077,0.930143,0.337500,0.000000
29,25,0.076923,0.028571,0.000000,0.432821,0.923077,0.666808,0.150000,0.000000
29,26,0.076923,0.028571,0.201309,0.180840,0.923077,0.800142,0.400000,0.040262
29,27,0.076923,0.028571,0.000000,0.175235,0.923077,0.865101,0.175000,0.000000
29,28,0.076923,0.028571,0.000000,0.294117,0.923077,0.773584,0.337500,0.000000
29,29,0.076923,0.028571,0.000000,0.419533,0.923077,0.677037,0.162500,0.000000
29,30,0.076923,0.028571,0.000000,0.675009,0.923077,0.480368,0.300000,0.000000
29,31,0.076923,0.028571,0.000000,0.522117,0.923077,0.598066,0.162500,0.000000
29,32,0.076923,0.028571,0.000000,0.203371,0.923077,0.843442,0.250000,0.000000
29,33,0.076923,0.028571,0.033955,0.324013,0.923077,0.740341,0.262500,0.006791
29,34,0.076923,0.028571,0.000000,0.000000,0.923077,1.000000,0.175000,0.000000
29,35,0.076923,0.028571,0.022039,0.320810,0.923077,0.746397,0.275000,0.004408
29,36,0.076923,0.028571,0.000000,0.345583,0.923077,0.733965,0.175000,0.000000
29,37,0.076923,0.028571,0.463561,0.197880,0.923077,0.708020,0.325000,0.033109
29,38,0.076923,0.028571,0.231890,0.230680,0.923077,0.752562,0.262500,0.046378
29,39,0.076923,0.028571,0.000000,0.255671,0.923077,0.803180,0.300000,0.000000
29,40,0.076923,0.028571,0.000000,0.486986,0.923077,0.625110,0.162500,0.000000
29,41,0.076923,0.028571,0.000000,0.194677,0.923077,0.850135,0.162500,0.000000
29,42,0.076923,0.028571,0.000000,0.230680,0.923077,0.822419,0.162500,0.000000
29,43,0.076923,0.028571,0.000000,0.397075,0.923077,0.694325,0.150000,0.000000
29,44,0.038462,0.021429,0.000000,0.567179,0.961538,0.563377,0.312500,0.000000
29,45,0.038462,0.021429,0.156212,0.727754,0.961538,0.392705,0.412500,0.011157
29,46,0.038462,0.021429,0.000000,0.657924,0.961538,0.493520,0.287500,0.000000
29,47,0.038462,0.021429,0.000000,1.000000,0.961538,0.230185,0.312500,0.000000
29,48,0.038462,0.021429,0.681786,0.567179,0.961538,0.357987,0.425000,0.048696
29,49,0.038462,0.021429,0.000000,0.742414,0.961538,0.428478,0.325000,0.000000
29,50,0.038462,0.021429,0.000000,0.861295,0.961538,0.336961,0.287500,0.000000
29,51,0.038462,0.021429,0.449731,0.986712,0.961538,0.104931,0.300000,0.089946
29,52,0.038462,0.021429,0.361341,0.703705,0.961538,0.349422,0.387500,0.025808
29,53,0.038462,0.021429,0.000000,0.731653,0.961538,0.436762,0.287500,0.000000
29,54,0.038462,0.021429,0.000000,0.770550,0.961538,0.406819,0.300000,0.000000
29,55,0.346154,0.078571,0.449359,0.736614,0.653846,0.297572,0.262500,0.089872
29,56,0.076923,0.028571,0.000000,0.226981,0.923077,0.825266,0.362500,0.000000
29,57,0.076923,0.028571,0.000000,0.000000,0.923077,1.000000,0.200000,0.000000
29,58,0.076923,0.028571,0.000000,0.130388,0.923077,0.899626,0.362500,0.000000
29,59,0.076923,0.028571,0.000000,0.090813,0.923077,0.930091,0.200000,0.000000
29,60,0.076923,0.028571,0.560533,0.096594,0.923077,0.756779,0.387500,0.040035
29,61,0.076923,0.028571,0.000000,0.000000,0.923077,1.000000,0.162500,0.000000
29,62,0.076923,0.028571,0.000000,0.263719,0.923077,0.796985,0.300000,0.000000
29,63,0.076923,0.028571,0.000000,0.090813,0.923077,0.930091,0.200000,0.000000
29,64,0.076923,0.028571,0.001877,0.000000,0.923077,0.999435,0.262500,0.000134
29,65,0.076923,0.028571,0.000000,0.000000,0.923077,1.000000,0.162500,0.000000
29,66,0.076923,0.028571,0.650782,0.263719,0.923077,0.600935,0.262500,0.046481
29,67,0.076923,0.028571,0.000000,0.448471,0.923077,0.654760,0.312500,0.000000
29,68,0.076923,0.028571,0.000000,0.000000,0.923077,1.000000,0.162500,0.000000
29,69,0.076923,0.028571,0.000000,0.168397,0.923077,0.870366,0.300000,0.000000
29,70,0.076923,0.028571,0.000000,0.169591,0.923077,0.869446,0.200000,0.000000
29,71,0.076923,0.028571,0.000000,0.280074,0.923077,0.784395,0.325000,0.000000
29,72,0.076923,0.028571,0.000000,0.000000,0.923077,1.000000,0.175000,0.000000
29,73,0.076923,0.028571,0.000000,0.352754,0.923077,0.728445,0.287500,0.000000
29,74,0.076923,0.028571,0.462115,0.169591,0.923077,0.730233,0.275000,0.033006
29,75,0.076923,0.028571,0.000000,0.235473,0.923077,0.818729,0.262500,0.000000
29,76,0.076923,0.028571,0.000000,0.235473,0.923077,0.818729,0.162500,0.000000
29,77,0.076923,0.028571,0.913915,0.352754,0.923077,0.453125,0.312500,0.065275
29,78,0.076923,0.028571,0.000000,0.130388,0.923077,0.899626,0.325000,0.000000
29,79,0.076923,0.028571,0.000000,0.169490,0.923077,0.869524,0.225000,0.000000
29,80,0.076923,0.028571,0.000000,0.436256,0.923077,0.664164,0.362500,0.000000
29,81,0.076923,0.028571,0.008186,0.194693,0.923077,0.847656,0.225000,0.001637
29,82,0.076923,0.028571,0.000000,0.364096,0.923077,0.719714,0.262500,0.000000
29,83,0.076923,0.028571,0.000000,0.190239,0.923077,0.853551,0.212500,0.000000
29,84,0.076923,0.028571,0.589476,0.570731,0.923077,0.383061,0.362500,0.042102
29,85,0.076923,0.028571,0.047742,0.181406,0.923077,0.845969,0.287500,0.009548
29,86,0.076923,0.028571,0.000000,0.364096,0.923077,0.719714,0.287500,0.000000
29,87,0.076923,0.028571,0.653338,0.034037,0.923077,0.776978,0.200000,0.046664
29,88,0.076923,0.028571,0.000000,0.264863,0.923077,0.796104,0.287500,0.000000
29,89,0.076923,0.028571,0.000000,0.447353,0.923077,0.655621,0.212500,0.000000
29,90,0.076923,0.028571,0.000000,0.000000,0.923077,1.000000,0.175000,0.000000
29,91,0.076923,0.028571,0.354337,0.263873,0.923077,0.690122,0.200000,0.070867
29,92,0.076923,0.028571,0.000000,0.345583,0.923077,0.733965,0.225000,0.000000
29,93,0.076923,0.028571,0.608508,0.359474,0.923077,0.539957,0.262500,0.043462
29,94,0.076923,0.028571,0.000000,0.000000,0.923077,1.000000,0.162500,0.000000
29,95,0.076923,0.028571,0.071418,0.229331,0.923077,0.801942,0.275000,0.005101
29,96,0.076923,0.028571,0.000000,0.714990,0.923077,0.449589,0.187500,0.000000
29,97,0.076923,0.028571,0.000000,0.411467,0.923077,0.683246,0.175000,0.000000
29,98,0.076923,0.028571,0.519691,0.235473,0.923077,0.662171,0.337500,0.037118
29,99,0.076923,0.028571,0.348876,0.598739,0.923077,0.433982,0.287500,0.069775
29,100,0.038462,0.021429,0.000000,0.289100,0.961538,0.777446,0.337500,0.000000
29,101,0.038462,0.021429,0.233262,0.458590,0.961538,0.576699,0.312500,0.016660
29,102,0.038462,0.021429,0.000000,0.594968,0.961538,0.541984,0.287500,0.000000
29,103,0.038462,0.021429,0.000000,0.483793,0.961538,0.627568,0.325000,0.000000
29,104,0.038462,0.021429,0.000000,0.653196,0.961538,0.497160,0.287500,0.000000
29,105,0.038462,0.021429,0.000000,0.479339,0.961538,0.630997,0.337500,0.000000
29,106,0.038462,0.021429,0.000000,0.719534,0.961538,0.446091,0.287500,0.000000
29,107,0.038462,0.021429,0.000000,0.470506,0.961538,0.637798,0.325000,0.000000
29,108,0.038462,0.021429,0.000000,0.653196,0.961538,0.497160,0.287500,0.000000
29,109,0.038462,0.021429,0.000000,0.323137,0.961538,0.751244,0.337500,0.000000
29,110,0.038462,0.021429,0.000000,0.413666,0.961538,0.681553,0.337500,0.000000
29,111,0.346154,0.078571,1.000000,0.907682,0.653846,0.000000,0.262500,0.200000
29,112,0.076923,0.028571,0.000000,0.102263,0.923077,0.921276,0.300000,0.000000
29,113,0.076923,0.028571,0.000000,0.366396,0.923077,0.717942,0.187500,0.000000
29,114,0.076923,0.028571,0.000000,0.283304,0.923077,0.781908,0.350000,0.000000
29,115,0.076923,0.028571,0.246833,0.534025,0.923077,0.514540,0.262500,0.049367
29,116,0.076923,0.028571,0.000000,0.180840,0.923077,0.860787,0.312500,0.000000
29,117,0.076923,0.028571,0.000000,0.051725,0.923077,0.960181,0.187500,0.000000
29,118,0.076923,0.028571,0.000000,0.181041,0.923077,0.860632,0.325000,0.000000
29,119,0.076923,0.028571,0.000000,0.476327,0.923077,0.633316,0.187500,0.000000
29,120,0.076923,0.028571,0.000000,0.793154,0.923077,0.389418,0.275000,0.000000
29,121,0.076923,0.028571,0.000000,0.612314,0.923077,0.528631,0.162500,0.000000
29,122,0.076923,0.028571,0.000000,0.256974,0.923077,0.802178,0.250000,0.000000
29,123,0.076923,0.028571,0.000000,0.121928,0.923077,0.906138,0.287500,0.000000
29,124,0.076923,0.028571,0.333190,0.314671,0.923077,0.657387,0.137500,0.066638
29,125,0.076923,0.028571,0.000000,0.448134,0.923077,0.655020,0.287500,0.000000
29,126,0.076923,0.028571,0.000000,0.534025,0.923077,0.588899,0.175000,0.000000
29,127,0.076923,0.028571,0.000000,0.021886,0.923077,0.983152,0.325000,0.000000
29,128,0.076923,0.028571,0.000000,0.512015,0.923077,0.605843,0.150000,0.000000
29,129,0.076923,0.028571,0.000000,0.618977,0.923077,0.523502,0.275000,0.000000
29,130,0.076923,0.028571,0.000000,0.393957,0.923077,0.696726,0.262500,0.000000
29,131,0.076923,0.028571,0.000000,0.273354,0.923077,0.789568,0.300000,0.000000
29,132,0.076923,0.028571,0.358513,0.766686,0.923077,0.301791,0.187500,0.071703
29,133,0.076923,0.028571,0.000000,0.464171,0.923077,0.642674,0.262500,0.000000
29,134,0.076923,0.028571,0.000000,0.191660,0.923077,0.852457,0.275000,0.000000
29,135,0.076923,0.028571,0.000000,0.206061,0.923077,0.841371,0.175000,0.000000
29,136,0.076923,0.028571,0.000000,0.191660,0.923077,0.852457,0.337500,0.000000
29,137,0.076923,0.028571,0.468863,0.238128,0.923077,0.675439,0.200000,0.093773
29,138,0.076923,0.028571,0.000000,0.180840,0.923077,0.860787,0.250000,0.000000
29,139,0.076923,0.028571,0.000000,0.234009,0.923077,0.819856,0.187500,0.000000
29,140,0.076923,0.028571,0.000000,0.203371,0.923077,0.843442,0.287500,0.000000
29,141,0.076923,0.028571,0.000000,0.497543,0.923077,0.616984,0.262500,0.000000
29,142,0.076923,0.028571,0.000000,0.675009,0.923077,0.480368,0.337500,0.000000
29,143,0.076923,0.028571,0.586029,0.522117,0.923077,0.421523,0.162500,0.117206
29,144,0.076923,0.028571,0.601724,0.462786,0.923077,0.462469,0.300000,0.120345
29,145,0.076923,0.028571,0.000000,0.213210,0.923077,0.835867,0.175000,0.000000
29,146,0.076923,0.028571,0.000000,0.191612,0.923077,0.852494,0.337500,0.000000
29,147,0.076923,0.028571,0.377119,0.358375,0.923077,0.610509,0.175000,0.075424
29,148,0.076923,0.028571,0.000000,0.000000,0.923077,1.000000,0.287500,0.000000
29,149,0.076923,0.028571,0.000000,0.021886,0.923077,0.983152,0.275000,0.000000
29,150,0.076923,0.028571,0.549720,0.703627,0.923077,0.292732,0.325000,0.109944
29,151,0.076923,0.028571,0.086977,0.437937,0.923077,0.636667,0.212500,0.017395
29,152,0.076923,0.028571,0.930404,0.042146,0.923077,0.687269,0.362500,0.066453
29,153,0.076923,0.028571,0.000000,0.018683,0.923077,0.985618,0.175000,0.000000
29,154,0.076923,0.028571,0.318315,0.512015,0.923077,0.509950,0.200000,0.063663
29,155,0.076923,0.028571,0.000000,0.331715,0.923077,0.744641,0.175000,0.000000
29,156,0.038462,0.021429,0.000000,0.480727,0.961538,0.629929,0.300000,0.000000
29,157,0.038462,0.021429,0.087767,0.545666,0.961538,0.553498,0.375000,0.006269
29,158,0.038462,0.021429,0.000000,0.480727,0.961538,0.629929,0.387500,0.000000
29,159,0.038462,0.021429,0.000000,0.629459,0.961538,0.515433,0.312500,0.000000
29,160,0.038462,0.021429,0.000000,0.391331,0.961538,0.698747,0.275000,0.000000
29,161,0.038462,0.021429,0.000000,0.573614,0.961538,0.558423,0.337500,0.000000
29,162,0.038462,0.021429,0.000000,0.594702,0.961538,0.542189,0.300000,0.000000
29,163,0.038462,0.021429,0.000000,0.764357,0.961538,0.411586,0.362500,0.000000
29,164,0.038462,0.021429,0.582637,0.527857,0.961538,0.418127,0.387500,0.041614
29,165,0.038462,0.021429,0.000000,0.555805,0.961538,0.572133,0.300000,0.000000
29,166,0.038462,0.021429,0.000000,0.729600,0.961538,0.438343,0.350000,0.000000
29,167,0.346154,0.078571,0.289402,0.282895,0.653846,0.695040,0.262500,0.057880
29,168,0.076923,0.028571,0.804105,0.226981,0.923077,0.583028,0.187500,0.057432
29,169,0.076923,0.028571,0.000000,0.000000,0.923077,1.000000,0.262500,0.000000
29,170,0.076923,0.028571,0.000000,0.130388,0.923077,0.899626,0.225000,0.000000
29,171,0.076923,0.028571,0.000000,0.000000,0.923077,1.000000,0.187500,0.000000
29,172,0.076923,0.028571,0.000000,0.096594,0.923077,0.925641,0.162500,0.000000
29,173,0.076923,0.028571,0.462628,0.251909,0.923077,0.666709,0.212500,0.033043
29,174,0.076923,0.028571,0.000000,0.140297,0.923077,0.891997,0.300000,0.000000
29,175,0.076923,0.028571,0.000000,0.000000,0.923077,1.000000,0.162500,0.000000
29,176,0.076923,0.028571,0.336600,0.077102,0.923077,0.839244,0.225000,0.024041
29,177,0.076923,0.028571,0.000000,0.329011,0.923077,0.746722,0.262500,0.000000
29,178,0.076923,0.028571,0.000000,0.140297,0.923077,0.891997,0.237500,0.000000
29,179,0.076923,0.028571,0.000000,0.280074,0.923077,0.784395,0.150000,0.000000
29,180,0.076923,0.028571,0.261322,0.000000,0.923077,0.921276,0.300000,0.018665
29,181,0.076923,0.028571,0.132178,0.000000,0.923077,0.960181,0.187500,0.009441
29,182,0.076923,0.028571,0.000000,0.000000,0.923077,1.000000,0.375000,0.000000
29,183,0.076923,0.028571,0.000000,0.358770,0.923077,0.723813,0.162500,0.000000
29,184,0.076923,0.028571,0.000000,0.068939,0.923077,0.946930,0.162500,0.000000
29,185,0.076923,0.028571,0.000000,0.229331,0.923077,0.823457,0.300000,0.000000
29,186,0.076923,0.028571,0.000000,0.000000,0.923077,1.000000,0.175000,0.000000
29,187,0.076923,0.028571,0.318189,0.424174,0.923077,0.577609,0.200000,0.022726
29,188,0.076923,0.028571,0.000000,0.414416,0.923077,0.680976,0.162500,0.000000
29,189,0.076923,0.028571,0.000000,0.229331,0.923077,0.823457,0.250000,0.000000
29,190,0.076923,0.028571,0.000000,0.130388,0.923077,0.899626,0.137500,0.000000
29,191,0.076923,0.028571,0.303387,0.147578,0.923077,0.794996,0.312500,0.021669
29,192,0.076923,0.028571,0.000000,0.345510,0.923077,0.734021,0.162500,0.000000
29,193,0.076923,0.028571,0.000000,0.000000,0.923077,1.000000,0.250000,0.000000
29,194,0.076923,0.028571,0.000000,0.364096,0.923077,0.719714,0.137500,0.000000
29,195,0.076923,0.028571,0.379138,0.433524,0.923077,0.552050,0.300000,0.027079
29,196,0.076923,0.028571,0.718918,0.479986,0.923077,0.413924,0.275000,0.051348
29,197,0.076923,0.028571,0.000000,0.000000,0.923077,1.000000,0.187500,0.000000
29,198,0.076923,0.028571,0.107700,0.441198,0.923077,0.627914,0.275000,0.021540
29,199,0.076923,0.028571,0.086620,0.363048,0.923077,0.694426,0.200000,0.006187
29,200,0.076923,0.028571,0.000000,0.264863,0.923077,0.796104,0.187500,0.000000
29,201,0.076923,0.028571,0.000000,0.217826,0.923077,0.832314,0.300000,0.000000
29,202,0.076923,0.028571,0.228441,0.000000,0.923077,0.931181,0.162500,0.016316
29,203,0.076923,0.028571,0.040049,0.034346,0.923077,0.961495,0.175000,0.008010
29,204,0.076923,0.028571,0.000000,0.000000,0.923077,1.000000,0.312500,0.000000
29,205,0.076923,0.028571,0.000000,0.262176,0.923077,0.798173,0.225000,0.000000
29,206,0.076923,0.028571,0.000000,0.068939,0.923077,0.946930,0.175000,0.000000
29,207,0.076923,0.028571,0.000000,0.229331,0.923077,0.823457,0.150000,0.000000
29,208,0.076923,0.028571,0.000000,0.228004,0.923077,0.824479,0.150000,0.000000
29,209,0.076923,0.028571,0.344716,0.424174,0.923077,0.569618,0.212500,0.024621
29,210,0.076923,0.028571,0.000000,0.414416,0.923077,0.680976,0.150000,0.000000
29,211,0.076923,0.028571,0.000000,0.457335,0.923077,0.647936,0.162500,0.000000
29,212,0.038462,0.021429,0.000000,0.113252,0.961538,0.912817,0.162500,0.000000
29,213,0.038462,0.021429,0.000000,0.260830,0.961538,0.799209,0.162500,0.000000
29,214,0.038462,0.021429,0.489643,0.328375,0.961538,0.599706,0.187500,0.034972
29,215,0.038462,0.021429,0.000000,0.113252,0.961538,0.912817,0.187500,0.000000
29,216,0.038462,0.021429,0.000000,0.477348,0.961538,0.632530,0.200000,0.000000
29,217,0.038462,0.021429,0.000000,0.294867,0.961538,0.773007,0.162500,0.000000
29,218,0.038462,0.021429,0.000000,0.452941,0.961538,0.651319,0.175000,0.000000
29,219,0.038462,0.021429,0.000000,0.113252,0.961538,0.912817,0.187500,0.000000
29,220,0.038462,0.021429,0.000000,0.477348,0.961538,0.632530,0.187500,0.000000
29,221,0.038462,0.021429,0.000000,0.147289,0.961538,0.886615,0.162500,0.000000
29,222,0.038462,0.021429,0.000000,0.237818,0.961538,0.816924,0.175000,0.000000
29,223,0.346154,0.078571,0.000000,0.262350,0.653846,0.798039,0.150000,0.000000
29,224,0.019231,0.017857,0.000000,0.102263,0.980769,0.921276,0.350000,0.000000
29,225,0.019231,0.017857,0.000000,0.366396,0.980769,0.717942,0.325000,0.000000
29,226,0.019231,0.017857,0.000000,0.283304,0.980769,0.781908,0.375000,0.000000
29,227,0.019231,0.017857,0.000000,0.314671,0.980769,0.757761,0.325000,0.000000
29,228,0.019231,0.017857,0.000000,0.000000,0.980769,1.000000,0.362500,0.000000
29,229,0.019231,0.017857,0.000000,0.051725,0.980769,0.960181,0.287500,0.000000
29,230,0.019231,0.017857,0.000000,0.181041,0.980769,0.860632,0.425000,0.000000
29,231,0.019231,0.017857,0.000000,0.256239,0.980769,0.802743,0.325000,0.000000
29,232,0.019231,0.017857,0.000000,0.000000,0.980769,1.000000,0.337500,0.000000
29,233,0.019231,0.017857,0.000000,0.000000,0.980769,1.000000,0.312500,0.000000
29,234,0.019231,0.017857,0.000000,0.256239,0.980769,0.802743,0.362500,0.000000
29,235,0.019231,0.017857,0.000000,0.118725,0.980769,0.908604,0.337500,0.000000
29,236,0.019231,0.017857,0.000000,0.314671,0.980769,0.757761,0.325000,0.000000
29,237,0.019231,0.017857,0.000000,0.448134,0.980769,0.655020,0.337500,0.000000
29,238,0.019231,0.017857,0.000000,0.314671,0.980769,0.757761,0.337500,0.000000
29,239,0.019231,0.017857,0.000000,0.000000,0.980769,1.000000,0.362500,0.000000
29,240,0.019231,0.017857,0.000000,0.281335,0.980769,0.783424,0.300000,0.000000
29,241,0.019231,0.017857,0.643723,0.363306,0.980769,0.526398,0.350000,0.128745
29,242,0.019231,0.017857,0.000000,0.173868,0.980769,0.866154,0.375000,0.000000
29,243,0.019231,0.017857,0.000000,0.000000,0.980769,1.000000,0.375000,0.000000
29,244,0.019231,0.017857,0.000000,0.281335,0.980769,0.783424,0.337500,0.000000
29,245,0.019231,0.017857,0.197025,0.207765,0.980769,0.780705,0.350000,0.039405
29,246,0.019231,0.017857,0.000000,0.191660,0.980769,0.852457,0.325000,0.000000
29,247,0.019231,0.017857,0.000000,0.067398,0.980769,0.948116,0.312500,0.000000
29,248,0.019231,0.017857,0.000000,0.191660,0.980769,0.852457,0.350000,0.000000
29,249,0.019231,0.017857,0.000000,0.000000,0.980769,1.000000,0.300000,0.000000
29,250,0.019231,0.017857,0.000000,0.000000,0.980769,1.000000,0.325000,0.000000
29,251,0.019231,0.017857,0.000000,0.067398,0.980769,0.948116,0.312500,0.000000
29,252,0.019231,0.017857,0.176165,0.000000,0.980769,0.946930,0.437500,0.012582
29,253,0.019231,0.017857,0.201098,0.259415,0.980769,0.739717,0.362500,0.040220
29,254,0.019231,0.017857,0.000000,0.000000,0.980769,1.000000,0.412500,0.000000
29,255,0.019231,0.017857,0.000000,0.000000,0.980769,1.000000,0.312500,0.000000
29,256,0.019231,0.017857,0.281103,0.259415,0.980769,0.715615,0.475000,0.056221
29,257,0.019231,0.017857,0.000000,0.118725,0.980769,0.908604,0.375000,0.000000
29,258,0.019231,0.017857,0.000000,0.191612,0.980769,0.852494,0.337500,0.000000
29,259,0.019231,0.017857,0.000000,0.267093,0.980769,0.794388,0.350000,0.000000
29,260,0.019231,0.017857,0.000000,0.000000,0.980769,1.000000,0.362500,0.000000
29,261,0.019231,0.017857,0.000000,0.000000,0.980769,1.000000,0.337500,0.000000
29,262,0.019231,0.017857,0.000000,0.472947,0.980769,0.635918,0.325000,0.000000
29,263,0.019231,0.017857,0.000000,0.182265,0.980769,0.859689,0.300000,0.000000
29,264,0.019231,0.017857,0.000000,0.042146,0.980769,0.967555,0.362500,0.000000
29,265,0.019231,0.017857,0.000000,0.000000,0.980769,1.000000,0.362500,0.000000
29,266,0.019231,0.017857,0.000000,0.281335,0.980769,0.783424,0.387500,0.000000
29,267,0.019231,0.017857,0.000000,0.076044,0.980769,0.941460,0.325000,0.000000
29,268,0.000000,0.014286,0.000000,0.089396,1.000000,0.931181,0.325000,0.000000
29,269,0.000000,0.014286,0.000000,0.015672,1.000000,0.987935,0.325000,0.000000
29,270,0.000000,0.014286,0.000000,0.089396,1.000000,0.931181,0.337500,0.000000
29,271,0.000000,0.014286,0.000000,0.000000,1.000000,1.000000,0.312500,0.000000
29,272,0.000000,0.014286,0.000000,0.000000,1.000000,1.000000,0.337500,0.000000
29,273,0.000000,0.014286,0.000000,0.015672,1.000000,0.987935,0.375000,0.000000
29,274,0.000000,0.014286,0.000000,0.000000,1.000000,1.000000,0.325000,0.000000
29,275,0.000000,0.014286,0.000000,0.134898,1.000000,0.896153,0.375000,0.000000
29,276,0.000000,0.014286,0.000000,0.000000,1.000000,1.000000,0.337500,0.000000
29,277,0.000000,0.014286,0.000000,0.000000,1.000000,1.000000,0.337500,0.000000
29,278,0.000000,0.014286,0.000000,0.134898,1.000000,0.896153,0.350000,0.000000
29,279,0.153846,0.042857,0.000000,0.191612,0.846154,0.852494,0.262500,0.000000
29,280,1.000000,0.200000,0.000000,0.586650,0.000000,0.548388,0.125000,0.000000
