iteration,vertex_id,degree_normalized,normalized_degree,dual_normalized,weighted_neighbor_dual_normalized,complement_degree_normalized,complement_dual_normalized,occurrence_rate,score_contribution
0,0,0.875000,0.580645,0.982146,1.000000,0.125000,0.000000,0.040268,0.196429
0,1,0.708333,0.548387,0.000000,0.568385,0.291667,0.481004,0.053691,0.000000
0,2,0.708333,0.548387,0.410159,0.658654,0.291667,0.362291,0.046980,0.082032
0,3,0.583333,0.524194,0.333580,0.383996,0.416667,0.619858,0.040268,0.066716
0,4,0.166667,0.443548,0.501106,0.433112,0.833333,0.560188,0.046980,0.143575
0,5,0.666667,0.540323,0.535389,0.853974,0.333333,0.172863,0.040268,0.107078
0,6,0.416667,0.491935,0.000000,0.286335,0.583333,0.738545,0.040268,0.000000
0,7,0.333333,0.475806,0.394692,0.275456,0.666667,0.713560,0.040268,0.078938
0,8,0.416667,0.491935,0.611120,0.293485,0.583333,0.677949,0.040268,0.122224
0,9,0.666667,0.540323,0.296543,0.486424,0.333333,0.529607,0.040268,0.059309
0,10,0.416667,0.491935,0.491208,0.463048,0.583333,0.533729,0.046980,0.098242
0,11,0.500000,0.508065,0.000000,0.511916,0.500000,0.532566,0.046980,0.000000
0,12,0.541667,0.516129,0.000000,0.488572,0.458333,0.553881,0.040268,0.000000
0,13,0.375000,0.483871,0.000000,0.217031,0.625000,0.801828,0.046980,0.000000
0,14,0.375000,0.483871,0.481763,0.461021,0.625000,0.536416,0.046980,0.096353
0,15,0.458333,0.500000,0.481472,0.577396,0.541667,0.430179,0.046980,0.096294
0,16,0.833333,0.572581,0.310028,0.839670,0.166667,0.205862,0.040268,0.062006
0,17,0.916667,0.588710,0.780893,0.724806,0.083333,0.269086,0.040268,0.156179
0,18,0.583333,0.524194,0.269599,0.537071,0.416667,0.485744,0.040268,0.053920
0,19,0.291667,0.467742,0.000881,0.133272,0.708333,0.878231,0.053691,0.000176
0,20,0.583333,0.524194,0.434363,0.479474,0.416667,0.523760,0.040268,0.086873
0,21,0.375000,0.483871,0.729884,0.641634,0.625000,0.349545,0.053691,0.145977
0,22,0.625000,0.532258,0.000000,0.477675,0.375000,0.563831,0.040268,0.000000
0,23,1.000000,0.604839,0.446751,0.759629,0.000000,0.266852,0.040268,0.089350
0,24,0.416667,0.491935,0.000000,0.502631,0.583333,0.541044,0.053691,0.000000
0,25,0.958333,0.596774,0.231517,0.760608,0.041667,0.285001,0.040268,0.046303
0,26,0.208333,0.451613,0.000000,0.000000,0.791667,1.000000,0.053691,0.000000
0,27,0.708333,0.548387,0.482345,0.629055,0.291667,0.382931,0.040268,0.096469
0,28,0.250000,0.459677,0.118226,0.346700,0.750000,0.672966,0.053691,0.023645
0,29,0.541667,0.516129,0.081508,0.403850,0.458333,0.624030,0.053691,0.016302
0,30,0.250000,0.459677,0.013714,0.170131,0.750000,0.843439,0.080537,0.002743
0,31,0.208333,0.451613,0.000000,0.268547,0.791667,0.754788,0.087248,0.000000
0,32,0.916667,0.588710,0.242781,0.721651,0.083333,0.319576,0.040268,0.048556
0,33,0.458333,0.500000,0.587618,0.598389,0.541667,0.401619,0.046980,0.117524
0,34,0.458333,0.500000,0.059923,0.387775,0.541667,0.640619,0.046980,0.011985
0,35,0.583333,0.524194,0.633602,0.675536,0.416667,0.327107,0.040268,0.126720
0,36,0.375000,0.483871,0.094550,0.356364,0.625000,0.666236,0.046980,0.018910
0,37,0.541667,0.516129,0.375706,0.535176,0.458333,0.478088,0.040268,0.075141
0,38,0.125000,0.435484,0.000000,0.092139,0.875000,0.915867,0.080537,0.000000
0,39,0.708333,0.548387,0.201619,0.405879,0.291667,0.611551,0.040268,0.057767
0,40,0.125000,0.435484,0.020721,0.237994,0.875000,0.780853,0.073826,0.004144
0,41,0.208333,0.451613,0.116686,0.282413,0.791667,0.731803,0.053691,0.023337
0,42,0.250000,0.459677,0.000000,0.214963,0.750000,0.803716,0.060403,0.000000
0,43,0.500000,0.508065,0.452144,0.298897,0.500000,0.687073,0.040268,0.090429
0,44,0.541667,0.516129,0.000000,0.335716,0.458333,0.693456,0.053691,0.000000
0,45,0.583333,0.524194,0.054092,0.501725,0.416667,0.537086,0.046980,0.010818
0,46,0.666667,0.540323,0.546363,0.771187,0.333333,0.247485,0.040268,0.109273
0,47,0.791667,0.564516,0.084083,0.541308,0.208333,0.498289,0.040268,0.016817
0,48,0.416667,0.491935,0.577431,0.578753,0.583333,0.420450,0.040268,0.115486
0,49,0.375000,0.483871,0.000000,0.360577,0.625000,0.670755,0.053691,0.000000
0,50,0.625000,0.532258,0.152138,0.467514,0.375000,0.559650,0.040268,0.030428
0,51,0.375000,0.483871,0.000000,0.241011,0.625000,0.779931,0.046980,0.000000
0,52,0.291667,0.467742,0.404021,0.267838,0.708333,0.719691,0.053691,0.080804
0,53,0.916667,0.588710,0.257482,0.756210,0.083333,0.286719,0.040268,0.051496
0,54,0.333333,0.475806,0.358167,0.506559,0.666667,0.505770,0.067114,0.071633
0,55,0.666667,0.540323,0.159364,0.583097,0.333333,0.453471,0.040268,0.031873
0,56,0.666667,0.540323,0.632293,0.673941,0.333333,0.328679,0.040268,0.181163
0,57,0.750000,0.556452,0.610607,0.712621,0.250000,0.295279,0.040268,0.122121
0,58,0.750000,0.556452,0.350989,0.685444,0.250000,0.343063,0.040268,0.070198
0,59,0.541667,0.516129,0.535421,0.515467,0.458333,0.481954,0.040268,0.107084
0,60,0.416667,0.491935,0.000000,0.521027,0.583333,0.524246,0.046980,0.000000
0,61,0.375000,0.483871,0.179913,0.394484,0.625000,0.623877,0.053691,0.035983
0,62,0.250000,0.459677,0.000000,0.095617,0.750000,0.912692,0.067114,0.000000
0,63,0.416667,0.491935,0.000000,0.506444,0.583333,0.537562,0.053691,0.000000
0,64,0.666667,0.540323,0.295660,0.379917,0.333333,0.626937,0.046980,0.059132
0,65,0.708333,0.548387,0.000000,0.463557,0.291667,0.576723,0.040268,0.000000
0,66,0.333333,0.475806,0.388246,0.388474,0.666667,0.610933,0.060403,0.077649
0,67,0.458333,0.500000,0.370665,0.187946,0.541667,0.795592,0.040268,0.074133
0,68,0.166667,0.443548,0.189873,0.461078,0.833333,0.562188,0.067114,0.054402
0,69,0.125000,0.435484,0.000000,0.183683,0.875000,0.832278,0.067114,0.000000
0,70,0.208333,0.451613,0.000000,0.344085,0.791667,0.685813,0.053691,0.000000
0,71,0.333333,0.475806,0.133905,0.292455,0.666667,0.721111,0.060403,0.026781
0,72,0.291667,0.467742,0.003782,0.241178,0.708333,0.779444,0.053691,0.000756
0,73,0.291667,0.467742,0.061871,0.407780,0.708333,0.622180,0.073826,0.012374
0,74,0.166667,0.443548,0.000000,0.084075,0.833333,0.923231,0.060403,0.000000
0,75,0.000000,0.411290,0.000000,0.226641,1.000000,0.793052,0.134228,0.000000
0,76,0.208333,0.451613,0.421706,0.328853,0.791667,0.662413,0.053691,0.084341
0,77,0.541667,0.516129,0.018235,0.419252,0.458333,0.615565,0.040268,0.003647
0,78,0.750000,0.556452,0.514881,0.426436,0.250000,0.565065,0.040268,0.102976
0,79,0.500000,0.508065,0.000000,0.563259,0.500000,0.485685,0.053691,0.000000
0,80,0.333333,0.475806,0.003782,0.478616,0.666667,0.562638,0.053691,0.000756
0,81,0.416667,0.491935,0.743688,0.312489,0.583333,0.648867,0.046980,0.213079
0,82,0.458333,0.500000,0.103959,0.526945,0.541667,0.509646,0.040268,0.020792
0,83,0.666667,0.540323,0.628391,0.401269,0.333333,0.578003,0.046980,0.125678
0,84,0.666667,0.540323,0.292320,0.602838,0.333333,0.423682,0.040268,0.083755
0,85,0.250000,0.459677,0.029790,0.459922,0.750000,0.577407,0.073826,0.005958
0,86,0.541667,0.516129,0.410058,0.716585,0.458333,0.309403,0.053691,0.082012
0,87,0.083333,0.427419,0.000000,0.208084,0.916667,0.809997,0.093960,0.000000
0,88,0.166667,0.443548,0.182792,0.499178,0.833333,0.528025,0.067114,0.036558
0,89,0.208333,0.451613,0.040167,0.337310,0.791667,0.688446,0.053691,0.008033
0,90,0.625000,0.532258,0.384367,0.539133,0.375000,0.473708,0.046980,0.076873
0,91,0.375000,0.483871,0.201993,0.538747,0.625000,0.490195,0.053691,0.040399
0,92,0.750000,0.556452,0.641835,0.745806,0.250000,0.262214,0.040268,0.128367
0,93,0.500000,0.508065,0.193318,0.302462,0.500000,0.706717,0.046980,0.038664
0,94,0.375000,0.483871,0.060386,0.163081,0.625000,0.845747,0.053691,0.012077
0,95,0.333333,0.475806,0.253359,0.553144,0.666667,0.472505,0.087248,0.050672
0,96,0.083333,0.427419,0.200937,0.305457,0.916667,0.703308,0.053691,0.040187
0,97,0.625000,0.532258,0.369530,0.511270,0.375000,0.500463,0.046980,0.073906
0,98,0.375000,0.483871,0.234493,0.293832,0.625000,0.710954,0.046980,0.046899
0,99,0.875000,0.580645,1.000000,0.780039,0.125000,0.199268,0.040268,0.200000
0,100,0.416667,0.491935,0.468017,0.676356,0.583333,0.341008,0.040268,0.093603
0,101,0.541667,0.516129,0.215413,0.520465,0.458333,0.505702,0.040268,0.043083
0,102,0.750000,0.556452,0.494519,0.804730,0.250000,0.221444,0.040268,0.098904
0,103,0.541667,0.516129,0.572512,0.587071,0.458333,0.413290,0.046980,0.114502
0,104,0.291667,0.467742,0.535421,0.420434,0.708333,0.568728,0.053691,0.107084
0,105,0.708333,0.548387,0.584133,0.756959,0.291667,0.257135,0.040268,0.116827
0,106,0.083333,0.427419,0.000000,0.226138,0.916667,0.793512,0.107383,0.000000
0,107,0.541667,0.516129,0.591621,0.446364,0.458333,0.540080,0.040268,0.169509
0,108,0.416667,0.491935,0.000000,0.220003,0.583333,0.799114,0.053691,0.000000
0,109,0.500000,0.508065,0.000000,0.381987,0.500000,0.651205,0.046980,0.000000
0,110,0.250000,0.459677,0.242624,0.207154,0.750000,0.789381,0.053691,0.048525
0,111,0.458333,0.500000,0.485099,0.429693,0.541667,0.564727,0.046980,0.097020
0,112,0.416667,0.491935,0.198914,0.101737,0.583333,0.889505,0.053691,0.039783
0,113,0.791667,0.564516,0.316003,0.396965,0.208333,0.609571,0.040268,0.063201
0,114,0.541667,0.516129,0.000000,0.235136,0.458333,0.785295,0.046980,0.000000
0,115,0.291667,0.467742,0.115719,0.325982,0.708333,0.692105,0.046980,0.023144
0,116,0.000000,0.411290,0.000000,0.085170,1.000000,0.922230,0.087248,0.000000
0,117,0.500000,0.508065,0.103161,0.373070,0.500000,0.650221,0.040268,0.020632
0,118,0.208333,0.451613,0.410282,0.195182,0.791667,0.785479,0.053691,0.082056
0,119,0.375000,0.483871,0.262395,0.550419,0.625000,0.474194,0.060403,0.052479
0,120,0.375000,0.483871,0.208425,0.327208,0.625000,0.682785,0.046980,0.041685
0,121,0.583333,0.524194,0.337674,0.384525,0.416667,0.619012,0.046980,0.096749
0,122,0.833333,0.572581,0.102370,0.774534,0.166667,0.283711,0.040268,0.020474
0,123,0.291667,0.467742,0.145802,0.309244,0.708333,0.704728,0.060403,0.029160
0,124,0.500000,0.508065,0.584130,0.302899,0.500000,0.671741,0.040268,0.116826
1,0,0.875000,0.580645,0.798428,0.875227,0.125000,0.132932,0.040000,0.159686
1,1,0.708333,0.548387,0.000000,0.613087,0.291667,0.451672,0.053333,0.000000
1,2,0.708333,0.548387,0.230533,0.651203,0.291667,0.393282,0.046667,0.046107
1,3,0.583333,0.524194,0.642233,0.385352,0.416667,0.587985,0.040000,0.128447
1,4,0.166667,0.443548,0.163984,0.304696,0.833333,0.710535,0.053333,0.032797
1,5,0.666667,0.540323,0.648681,0.928277,0.333333,0.101192,0.040000,0.129736
1,6,0.416667,0.491935,0.325209,0.353982,0.583333,0.649438,0.040000,0.098033
1,7,0.333333,0.475806,0.440837,0.246472,0.666667,0.733529,0.040000,0.088167
1,8,0.416667,0.491935,0.656590,0.385025,0.583333,0.586767,0.040000,0.131318
1,9,0.666667,0.540323,0.130175,0.580913,0.333333,0.466779,0.040000,0.026035
1,10,0.416667,0.491935,0.091183,0.248276,0.583333,0.768713,0.046667,0.018237
1,11,0.500000,0.508065,0.000000,0.368434,0.500000,0.670725,0.046667,0.000000
1,12,0.541667,0.516129,0.000000,0.535607,0.458333,0.521045,0.040000,0.000000
1,13,0.375000,0.483871,0.011849,0.263086,0.625000,0.763802,0.046667,0.002370
1,14,0.375000,0.483871,0.247079,0.327440,0.625000,0.681426,0.046667,0.049416
1,15,0.458333,0.500000,0.438316,0.614727,0.541667,0.404073,0.046667,0.087663
1,16,0.833333,0.572581,0.483918,0.773108,0.166667,0.257466,0.040000,0.096784
1,17,0.916667,0.588710,0.388547,0.550841,0.083333,0.466512,0.040000,0.077709
1,18,0.583333,0.524194,0.148959,0.657213,0.416667,0.396486,0.040000,0.029792
1,19,0.291667,0.467742,0.000000,0.117219,0.708333,0.895653,0.053333,0.000000
1,20,0.583333,0.524194,0.407276,0.702541,0.416667,0.328714,0.040000,0.081455
1,21,0.375000,0.483871,0.547569,0.617537,0.625000,0.390059,0.053333,0.109514
1,22,0.625000,0.532258,0.259346,0.600732,0.375000,0.435439,0.040000,0.051869
1,23,1.000000,0.604839,0.703865,0.958956,0.000000,0.067916,0.040000,0.140773
1,24,0.416667,0.491935,0.000000,0.583650,0.583333,0.478029,0.053333,0.000000
1,25,0.958333,0.596774,0.198475,0.737333,0.041667,0.319539,0.040000,0.039695
1,26,0.208333,0.451613,0.000000,0.074908,0.791667,0.933536,0.053333,0.000000
1,27,0.708333,0.548387,0.480511,0.566792,0.291667,0.442551,0.040000,0.096102
1,28,0.250000,0.459677,0.128172,0.385709,0.750000,0.641768,0.053333,0.025634
1,29,0.541667,0.516129,0.000000,0.351169,0.458333,0.686183,0.053333,0.000000
1,30,0.250000,0.459677,0.003433,0.089512,0.750000,0.920099,0.080000,0.000687
1,31,0.208333,0.451613,0.000000,0.386916,0.791667,0.654177,0.086667,0.000000
1,32,0.916667,0.588710,0.350535,0.701136,0.083333,0.335944,0.040000,0.070107
1,33,0.458333,0.500000,0.447272,0.704512,0.541667,0.322741,0.046667,0.089454
1,34,0.458333,0.500000,0.146435,0.574579,0.541667,0.470739,0.046667,0.029287
1,35,0.583333,0.524194,0.529845,0.604989,0.416667,0.403159,0.040000,0.105969
1,36,0.375000,0.483871,0.099813,0.392657,0.625000,0.638532,0.046667,0.019963
1,37,0.541667,0.516129,0.479989,0.665848,0.458333,0.353915,0.040000,0.095998
1,38,0.125000,0.435484,0.000000,0.100823,0.875000,0.910333,0.080000,0.000000
1,39,0.708333,0.548387,0.304386,0.680166,0.291667,0.359577,0.046667,0.060877
1,40,0.125000,0.435484,0.144941,0.206954,0.875000,0.800054,0.073333,0.028988
1,41,0.208333,0.451613,0.083953,0.355085,0.791667,0.673841,0.053333,0.016791
1,42,0.250000,0.459677,0.000000,0.221070,0.750000,0.802669,0.060000,0.000000
1,43,0.500000,0.508065,0.469157,0.482103,0.500000,0.519574,0.040000,0.093831
1,44,0.541667,0.516129,0.000000,0.509713,0.458333,0.544229,0.053333,0.000000
1,45,0.583333,0.524194,0.035397,0.701348,0.416667,0.368921,0.046667,0.007079
1,46,0.666667,0.540323,0.461617,0.803674,0.333333,0.232445,0.040000,0.092323
1,47,0.791667,0.564516,0.112080,0.484932,0.208333,0.554621,0.040000,0.022416
1,48,0.416667,0.491935,0.591199,0.437378,0.583333,0.546774,0.040000,0.178216
1,49,0.375000,0.483871,0.000000,0.407050,0.625000,0.636150,0.053333,0.000000
1,50,0.625000,0.532258,0.011739,0.544982,0.375000,0.511415,0.040000,0.002348
1,51,0.375000,0.483871,0.000000,0.248144,0.625000,0.778428,0.046667,0.000000
1,52,0.291667,0.467742,0.551254,0.177291,0.708333,0.783850,0.053333,0.110251
1,53,0.916667,0.588710,0.070912,0.715107,0.083333,0.352864,0.040000,0.014182
1,54,0.333333,0.475806,0.335308,0.442584,0.666667,0.569044,0.066667,0.101078
1,55,0.666667,0.540323,0.532714,0.870234,0.333333,0.165367,0.040000,0.106543
1,56,0.666667,0.540323,0.123194,0.738964,0.333333,0.326001,0.046667,0.024639
1,57,0.750000,0.556452,0.374823,0.804212,0.250000,0.241097,0.040000,0.074965
1,58,0.750000,0.556452,0.292955,0.573204,0.250000,0.456550,0.040000,0.058591
1,59,0.541667,0.516129,0.577343,0.435696,0.458333,0.549738,0.040000,0.174039
1,60,0.416667,0.491935,0.000000,0.550056,0.583333,0.508108,0.046667,0.000000
1,61,0.375000,0.483871,0.013739,0.334932,0.625000,0.699275,0.053333,0.002748
1,62,0.250000,0.459677,0.062960,0.120049,0.750000,0.886493,0.066667,0.012592
1,63,0.416667,0.491935,0.000000,0.465760,0.583333,0.583583,0.053333,0.000000
1,64,0.666667,0.540323,0.346987,0.335178,0.333333,0.663983,0.046667,0.069397
1,65,0.708333,0.548387,0.000000,0.466457,0.291667,0.582958,0.040000,0.000000
1,66,0.333333,0.475806,0.218815,0.305025,0.666667,0.704470,0.060000,0.043763
1,67,0.458333,0.500000,0.409600,0.402271,0.541667,0.597321,0.040000,0.081920
1,68,0.166667,0.443548,0.161432,0.591063,0.833333,0.454401,0.073333,0.032286
1,69,0.125000,0.435484,0.000000,0.146255,0.875000,0.869656,0.066667,0.000000
1,70,0.208333,0.451613,0.000000,0.346360,0.791667,0.690489,0.053333,0.000000
1,71,0.333333,0.475806,0.137898,0.363962,0.666667,0.660216,0.060000,0.027580
1,72,0.291667,0.467742,0.124631,0.000000,0.708333,0.987490,0.053333,0.024926
1,73,0.291667,0.467742,0.114030,0.340372,0.708333,0.683849,0.073333,0.022806
1,74,0.166667,0.443548,0.021982,0.148229,0.833333,0.865574,0.060000,0.004396
1,75,0.000000,0.411290,0.000000,0.179684,1.000000,0.839725,0.133333,0.000000
1,76,0.208333,0.451613,0.279756,0.211057,0.791667,0.782192,0.053333,0.055951
1,77,0.541667,0.516129,0.197816,0.629555,0.458333,0.416108,0.040000,0.039563
1,78,0.750000,0.556452,0.212752,0.375791,0.250000,0.641747,0.040000,0.042550
1,79,0.500000,0.508065,0.152535,0.683789,0.500000,0.372315,0.053333,0.030507
1,80,0.333333,0.475806,0.187591,0.441879,0.666667,0.585222,0.053333,0.037518
1,81,0.416667,0.491935,0.572885,0.487645,0.583333,0.503694,0.053333,0.114577
1,82,0.458333,0.500000,0.257925,0.479355,0.541667,0.544265,0.040000,0.051585
1,83,0.666667,0.540323,0.774947,0.465998,0.333333,0.501810,0.046667,0.233606
1,84,0.666667,0.540323,0.000000,0.600979,0.333333,0.462513,0.046667,0.000000
1,85,0.250000,0.459677,0.161325,0.289937,0.750000,0.724030,0.073333,0.032265
1,86,0.541667,0.516129,0.296631,0.870988,0.458333,0.189539,0.053333,0.059326
1,87,0.083333,0.427419,0.000000,0.067703,0.916667,0.939988,0.093333,0.000000
1,88,0.166667,0.443548,0.135395,0.317961,0.833333,0.701667,0.066667,0.027079
1,89,0.208333,0.451613,0.133524,0.275079,0.791667,0.740258,0.053333,0.026705
1,90,0.625000,0.532258,0.039705,0.663356,0.375000,0.402484,0.046667,0.007941
1,91,0.375000,0.483871,0.289707,0.558433,0.625000,0.470117,0.053333,0.057941
1,92,0.750000,0.556452,0.625698,0.883076,0.250000,0.144083,0.040000,0.125140
1,93,0.500000,0.508065,0.206013,0.305617,0.500000,0.705287,0.046667,0.041203
1,94,0.375000,0.483871,0.232750,0.195739,0.625000,0.800854,0.053333,0.046550
1,95,0.333333,0.475806,0.294337,0.678885,0.666667,0.361781,0.086667,0.058867
1,96,0.083333,0.427419,0.116512,0.258326,0.916667,0.757049,0.053333,0.023302
1,97,0.625000,0.532258,0.287390,0.683880,0.375000,0.358041,0.046667,0.057478
1,98,0.375000,0.483871,0.000000,0.227792,0.625000,0.796650,0.046667,0.000000
1,99,0.875000,0.580645,1.000000,1.000000,0.125000,0.000000,0.040000,0.200000
1,100,0.416667,0.491935,0.109668,0.618700,0.583333,0.435105,0.040000,0.021934
1,101,0.541667,0.516129,0.126050,0.639206,0.458333,0.415020,0.040000,0.025210
1,102,0.750000,0.556452,0.219379,0.680412,0.250000,0.368303,0.040000,0.043876
1,103,0.541667,0.516129,0.579284,0.651047,0.458333,0.356717,0.046667,0.115857
1,104,0.291667,0.467742,0.430579,0.378415,0.708333,0.616472,0.053333,0.129797
1,105,0.708333,0.548387,0.500285,0.811008,0.291667,0.221808,0.040000,0.100057
1,106,0.083333,0.427419,0.000000,0.187648,0.916667,0.832593,0.106667,0.000000
1,107,0.541667,0.516129,0.154630,0.448710,0.458333,0.582575,0.046667,0.030926
1,108,0.416667,0.491935,0.000000,0.164045,0.583333,0.853727,0.053333,0.000000
1,109,0.500000,0.508065,0.421045,0.443655,0.500000,0.559062,0.046667,0.084209
1,110,0.250000,0.459677,0.281927,0.416505,0.750000,0.598013,0.053333,0.056385
1,111,0.458333,0.500000,0.288350,0.322076,0.541667,0.681885,0.046667,0.057670
1,112,0.416667,0.491935,0.387234,0.164382,0.583333,0.812671,0.053333,0.077447
1,113,0.791667,0.564516,0.098548,0.454671,0.208333,0.583140,0.040000,0.019710
1,114,0.541667,0.516129,0.000000,0.477945,0.458333,0.572673,0.046667,0.000000
1,115,0.291667,0.467742,0.243947,0.531900,0.708333,0.498689,0.046667,0.048789
1,116,0.000000,0.411290,0.001338,0.000520,1.000000,1.000000,0.086667,0.000268
1,117,0.500000,0.508065,0.354626,0.473079,0.500000,0.539707,0.040000,0.070925
1,118,0.208333,0.451613,0.282739,0.174636,0.791667,0.814487,0.053333,0.085231
1,119,0.375000,0.483871,0.160884,0.629636,0.625000,0.419923,0.060000,0.032177
1,120,0.375000,0.483871,0.074885,0.323108,0.625000,0.703427,0.046667,0.014977
1,121,0.583333,0.524194,0.000000,0.333215,0.416667,0.702258,0.053333,0.000000
1,122,0.833333,0.572581,0.471374,0.893945,0.166667,0.150593,0.040000,0.094275
1,123,0.291667,0.467742,0.000000,0.299433,0.708333,0.732506,0.060000,0.000000
1,124,0.500000,0.508065,0.229666,0.296228,0.500000,0.711204,0.040000,0.045933
2,0,0.875000,0.580645,0.920310,1.000000,0.125000,0.000000,0.039735,0.184062
2,1,0.708333,0.548387,0.000000,0.755978,0.291667,0.321451,0.052980,0.000000
2,2,0.708333,0.548387,0.191642,0.572898,0.291667,0.464451,0.046358,0.038328
2,3,0.583333,0.524194,0.519298,0.283060,0.416667,0.688138,0.039735,0.139163
2,4,0.166667,0.443548,0.156158,0.385309,0.833333,0.636777,0.052980,0.031232
2,5,0.666667,0.540323,0.507544,0.930610,0.333333,0.108220,0.039735,0.101509
2,6,0.416667,0.491935,0.276782,0.406481,0.583333,0.604349,0.046358,0.074173
2,7,0.333333,0.475806,0.734016,0.297523,0.666667,0.651261,0.039735,0.196704
2,8,0.416667,0.491935,0.611293,0.365827,0.583333,0.603610,0.039735,0.163816
2,9,0.666667,0.540323,0.364472,0.569387,0.333333,0.448368,0.039735,0.072894
2,10,0.416667,0.491935,0.163844,0.331778,0.583333,0.683969,0.046358,0.032769
2,11,0.500000,0.508065,0.000000,0.533905,0.500000,0.520779,0.046358,0.000000
2,12,0.541667,0.516129,0.051456,0.458098,0.458333,0.583095,0.039735,0.010291
2,13,0.375000,0.483871,0.000000,0.187193,0.625000,0.831980,0.046358,0.000000
2,14,0.375000,0.483871,0.378054,0.526317,0.625000,0.485516,0.046358,0.075611
2,15,0.458333,0.500000,0.509883,0.696518,0.541667,0.318075,0.046358,0.101977
2,16,0.833333,0.572581,0.373246,0.873056,0.166667,0.174825,0.039735,0.074649
2,17,0.916667,0.588710,0.714422,0.836103,0.083333,0.170024,0.039735,0.142884
2,18,0.583333,0.524194,0.453726,0.640396,0.416667,0.374699,0.039735,0.090745
2,19,0.291667,0.467742,0.000000,0.050080,0.708333,0.955050,0.052980,0.000000
2,20,0.583333,0.524194,0.338020,0.702396,0.416667,0.331926,0.039735,0.067604
2,21,0.375000,0.483871,0.498689,0.642806,0.625000,0.367532,0.052980,0.099738
2,22,0.625000,0.532258,0.231212,0.514664,0.375000,0.512317,0.039735,0.046242
2,23,1.000000,0.604839,0.240269,0.819691,0.000000,0.237524,0.039735,0.048054
2,24,0.416667,0.491935,0.000000,0.573524,0.583333,0.485218,0.052980,0.000000
2,25,0.958333,0.596774,0.146272,0.855840,0.041667,0.215538,0.039735,0.029254
2,26,0.208333,0.451613,0.354642,0.147043,0.791667,0.828549,0.052980,0.070928
2,27,0.708333,0.548387,0.366357,0.654780,0.291667,0.371511,0.039735,0.073271
2,28,0.250000,0.459677,0.015702,0.245746,0.750000,0.777677,0.052980,0.003140
2,29,0.541667,0.516129,0.087452,0.386681,0.458333,0.643191,0.052980,0.017490
2,30,0.250000,0.459677,0.277056,0.301087,0.750000,0.698918,0.079470,0.055411
2,31,0.208333,0.451613,0.017046,0.196612,0.791667,0.821628,0.086093,0.003409
2,32,0.916667,0.588710,0.498230,0.927617,0.083333,0.111943,0.039735,0.099646
2,33,0.458333,0.500000,0.659320,0.536940,0.541667,0.444678,0.046358,0.131864
2,34,0.458333,0.500000,0.325518,0.566943,0.541667,0.454897,0.046358,0.065104
2,35,0.583333,0.524194,0.358142,0.630793,0.416667,0.393956,0.039735,0.071628
2,36,0.375000,0.483871,0.448163,0.360632,0.625000,0.626428,0.046358,0.089633
2,37,0.541667,0.516129,0.337834,0.468712,0.458333,0.541696,0.039735,0.067567
2,38,0.125000,0.435484,0.000000,0.140384,0.875000,0.873994,0.079470,0.000000
2,39,0.708333,0.548387,0.093349,0.696299,0.291667,0.364629,0.046358,0.018670
2,40,0.125000,0.435484,0.068865,0.038725,0.875000,0.957577,0.072848,0.013773
2,41,0.208333,0.451613,0.185008,0.137190,0.791667,0.856271,0.052980,0.037002
2,42,0.250000,0.459677,0.000000,0.172522,0.750000,0.845148,0.059603,0.000000
2,43,0.500000,0.508065,0.221116,0.134416,0.500000,0.854743,0.039735,0.044223
2,44,0.541667,0.516129,0.000000,0.554214,0.458333,0.502550,0.052980,0.000000
2,45,0.583333,0.524194,0.243191,0.801767,0.416667,0.253287,0.046358,0.048638
2,46,0.666667,0.540323,0.591920,0.756442,0.333333,0.255159,0.039735,0.118384
2,47,0.791667,0.564516,0.238342,0.602554,0.208333,0.432636,0.039735,0.047668
2,48,0.416667,0.491935,0.186475,0.470803,0.583333,0.556665,0.046358,0.037295
2,49,0.375000,0.483871,0.018491,0.321886,0.625000,0.709024,0.052980,0.003698
2,50,0.625000,0.532258,0.203059,0.500381,0.375000,0.528271,0.039735,0.040612
2,51,0.375000,0.483871,0.000000,0.174078,0.625000,0.843752,0.046358,0.000000
2,52,0.291667,0.467742,0.565892,0.191597,0.708333,0.765048,0.052980,0.151650
2,53,0.916667,0.588710,0.505870,0.886008,0.083333,0.148440,0.039735,0.101174
2,54,0.333333,0.475806,0.000000,0.436762,0.666667,0.607972,0.072848,0.000000
2,55,0.666667,0.540323,0.413273,0.847741,0.333333,0.193093,0.039735,0.082655
2,56,0.666667,0.540323,0.223257,0.674957,0.333333,0.369327,0.046358,0.044651
2,57,0.750000,0.556452,0.708000,0.896790,0.250000,0.116267,0.039735,0.141600
2,58,0.750000,0.556452,0.539958,0.822642,0.250000,0.201523,0.039735,0.107992
2,59,0.541667,0.516129,0.368392,0.563985,0.458333,0.452781,0.046358,0.073678
2,60,0.416667,0.491935,0.000000,0.337414,0.583333,0.697145,0.046358,0.000000
2,61,0.375000,0.483871,0.364996,0.234366,0.625000,0.749017,0.052980,0.097813
2,62,0.250000,0.459677,0.000000,0.099508,0.750000,0.910684,0.066225,0.000000
2,63,0.416667,0.491935,0.234716,0.540819,0.583333,0.488451,0.052980,0.046943
2,64,0.666667,0.540323,0.531097,0.468941,0.333333,0.519982,0.046358,0.106219
2,65,0.708333,0.548387,0.043304,0.470354,0.291667,0.573002,0.039735,0.008661
2,66,0.333333,0.475806,0.444988,0.297864,0.666667,0.683121,0.059603,0.088998
2,67,0.458333,0.500000,0.171825,0.106261,0.541667,0.885500,0.039735,0.034365
2,68,0.166667,0.443548,0.000000,0.480480,0.833333,0.568732,0.072848,0.000000
2,69,0.125000,0.435484,0.000000,0.004623,0.875000,0.995851,0.066225,0.000000
2,70,0.208333,0.451613,0.000000,0.345170,0.791667,0.690183,0.052980,0.000000
2,71,0.333333,0.475806,0.197402,0.415123,0.666667,0.605425,0.059603,0.039480
2,72,0.291667,0.467742,0.213941,0.162578,0.708333,0.830264,0.052980,0.042788
2,73,0.291667,0.467742,0.157076,0.325882,0.708333,0.690015,0.072848,0.031415
2,74,0.166667,0.443548,0.000000,0.025736,0.833333,0.976900,0.059603,0.000000
2,75,0.000000,0.411290,0.000000,0.062121,1.000000,0.944242,0.132450,0.000000
2,76,0.208333,0.451613,0.308839,0.087910,0.791667,0.886723,0.052980,0.061768
2,77,0.541667,0.516129,0.102973,0.328506,0.458333,0.693681,0.039735,0.020595
2,78,0.750000,0.556452,0.623187,0.451122,0.250000,0.525728,0.039735,0.124637
2,79,0.500000,0.508065,0.041565,0.695725,0.500000,0.370907,0.052980,0.008313
2,80,0.333333,0.475806,0.269710,0.574082,0.666667,0.454700,0.052980,0.053942
2,81,0.416667,0.491935,0.493755,0.437596,0.583333,0.552273,0.052980,0.098751
2,82,0.458333,0.500000,0.401836,0.507250,0.541667,0.499983,0.039735,0.080367
2,83,0.666667,0.540323,0.510856,0.606418,0.333333,0.398839,0.052980,0.102171
2,84,0.666667,0.540323,0.000000,0.645818,0.333333,0.420328,0.046358,0.000000
2,85,0.250000,0.459677,0.534220,0.490996,0.750000,0.499839,0.072848,0.106844
2,86,0.541667,0.516129,0.273354,0.889015,0.458333,0.171618,0.052980,0.054671
2,87,0.083333,0.427419,0.000000,0.047675,0.916667,0.957208,0.092715,0.000000
2,88,0.166667,0.443548,0.317704,0.239835,0.833333,0.749372,0.066225,0.063541
2,89,0.208333,0.451613,0.172856,0.340257,0.791667,0.675356,0.052980,0.034571
2,90,0.625000,0.532258,0.000000,0.580135,0.375000,0.479284,0.046358,0.000000
2,91,0.375000,0.483871,0.147521,0.564519,0.625000,0.476883,0.052980,0.029504
2,92,0.750000,0.556452,0.302032,0.628269,0.250000,0.402466,0.039735,0.060406
2,93,0.500000,0.508065,0.448539,0.257954,0.500000,0.718548,0.046358,0.089708
2,94,0.375000,0.483871,0.203016,0.306987,0.625000,0.701861,0.052980,0.040603
2,95,0.333333,0.475806,0.440685,0.645748,0.666667,0.371346,0.086093,0.088137
2,96,0.083333,0.427419,0.264858,0.242007,0.916667,0.753303,0.052980,0.052972
2,97,0.625000,0.532258,0.374445,0.633950,0.375000,0.389308,0.046358,0.100345
2,98,0.375000,0.483871,0.402456,0.384484,0.625000,0.610106,0.046358,0.080491
2,99,0.875000,0.580645,1.000000,0.873561,0.125000,0.104620,0.039735,0.200000
2,100,0.416667,0.491935,0.144893,0.495380,0.583333,0.539233,0.039735,0.028979
2,101,0.541667,0.516129,0.284855,0.502179,0.458333,0.517553,0.039735,0.076336
2,102,0.750000,0.556452,0.284085,0.904100,0.250000,0.156884,0.039735,0.056817
2,103,0.541667,0.516129,0.685574,0.566655,0.458333,0.415085,0.046358,0.137115
2,104,0.291667,0.467742,0.378494,0.233591,0.708333,0.748211,0.059603,0.075699
2,105,0.708333,0.548387,0.555810,0.761175,0.291667,0.254930,0.039735,0.111162
2,106,0.083333,0.427419,0.000000,0.203839,0.916667,0.817039,0.105960,0.000000
2,107,0.541667,0.516129,0.453738,0.643331,0.458333,0.372063,0.046358,0.090748
2,108,0.416667,0.491935,0.093613,0.215496,0.583333,0.796157,0.052980,0.018723
2,109,0.500000,0.508065,0.108621,0.299083,0.500000,0.719462,0.046358,0.021724
2,110,0.250000,0.459677,0.535920,0.187009,0.750000,0.772502,0.052980,0.107184
2,111,0.458333,0.500000,0.247542,0.390472,0.541667,0.621972,0.046358,0.049508
2,112,0.416667,0.491935,0.000000,0.000000,0.583333,1.000000,0.052980,0.000000
2,113,0.791667,0.564516,0.250584,0.576261,0.208333,0.454873,0.039735,0.050117
2,114,0.541667,0.516129,0.000000,0.303606,0.458333,0.727490,0.046358,0.000000
2,115,0.291667,0.467742,0.317483,0.481881,0.708333,0.532142,0.046358,0.063497
2,116,0.000000,0.411290,0.101185,0.132270,1.000000,0.870016,0.086093,0.020237
2,117,0.500000,0.508065,0.247608,0.330537,0.500000,0.675761,0.039735,0.049522
2,118,0.208333,0.451613,0.000000,0.116804,0.791667,0.895159,0.059603,0.000000
2,119,0.375000,0.483871,0.163513,0.665760,0.625000,0.384231,0.059603,0.032703
2,120,0.375000,0.483871,0.347844,0.510335,0.625000,0.503223,0.046358,0.069569
2,121,0.583333,0.524194,0.300741,0.450227,0.416667,0.562417,0.052980,0.060148
2,122,0.833333,0.572581,0.232490,0.783691,0.166667,0.270703,0.039735,0.046498
2,123,0.291667,0.467742,0.000000,0.250815,0.708333,0.774874,0.059603,0.000000
2,124,0.500000,0.508065,0.408896,0.386313,0.500000,0.607748,0.039735,0.081779
3,0,0.875000,0.580645,1.000000,0.892544,0.125000,0.050073,0.039474,0.200000
3,1,0.708333,0.548387,0.000000,0.722385,0.291667,0.322803,0.052632,0.000000
3,2,0.708333,0.548387,0.337316,0.732241,0.291667,0.276894,0.046053,0.067463
3,3,0.583333,0.524194,0.000000,0.455217,0.416667,0.581799,0.046053,0.000000
3,4,0.166667,0.443548,0.212470,0.398660,0.833333,0.613727,0.052632,0.042494
3,5,0.666667,0.540323,0.475295,0.845345,0.333333,0.152378,0.039474,0.095059
3,6,0.416667,0.491935,0.051430,0.618688,0.583333,0.417785,0.052632,0.010286
3,7,0.333333,0.475806,0.416993,0.330611,0.666667,0.657652,0.046053,0.110025
3,8,0.416667,0.491935,0.527151,0.390558,0.583333,0.587666,0.046053,0.105430
3,9,0.666667,0.540323,0.536884,0.672270,0.333333,0.313522,0.039474,0.107377
3,10,0.416667,0.491935,0.075834,0.320674,0.583333,0.704054,0.046053,0.015167
3,11,0.500000,0.508065,0.280980,0.579570,0.500000,0.430967,0.046053,0.056196
3,12,0.541667,0.516129,0.000000,0.671285,0.458333,0.372340,0.039474,0.000000
3,13,0.375000,0.483871,0.195270,0.313633,0.625000,0.698007,0.046053,0.039054
3,14,0.375000,0.483871,0.450235,0.617550,0.625000,0.375907,0.046053,0.090047
3,15,0.458333,0.500000,0.204084,0.590602,0.541667,0.428560,0.046053,0.040817
3,16,0.833333,0.572581,0.612106,0.921229,0.166667,0.064071,0.039474,0.122421
3,17,0.916667,0.588710,0.613824,0.811404,0.083333,0.170351,0.039474,0.122765
3,18,0.583333,0.524194,0.231652,0.667195,0.416667,0.351338,0.039474,0.046330
3,19,0.291667,0.467742,0.214268,0.000000,0.708333,1.000000,0.052632,0.042854
3,20,0.583333,0.524194,0.514001,0.555096,0.416667,0.429578,0.039474,0.102800
3,21,0.375000,0.483871,0.289544,0.663633,0.625000,0.348552,0.052632,0.076397
3,22,0.625000,0.532258,0.307715,0.599548,0.375000,0.408719,0.039474,0.061543
3,23,1.000000,0.604839,0.371163,0.699493,0.000000,0.304992,0.039474,0.074233
3,24,0.416667,0.491935,0.242597,0.509078,0.583333,0.503439,0.052632,0.048519
3,25,0.958333,0.596774,0.376072,0.827331,0.041667,0.180535,0.039474,0.075214
3,26,0.208333,0.451613,0.298692,0.199630,0.791667,0.797378,0.052632,0.078811
3,27,0.708333,0.548387,0.369238,0.604499,0.291667,0.397288,0.039474,0.073848
3,28,0.250000,0.459677,0.059163,0.446435,0.750000,0.583936,0.052632,0.011833
3,29,0.541667,0.516129,0.011293,0.426555,0.458333,0.608367,0.052632,0.002259
3,30,0.250000,0.459677,0.205417,0.262183,0.750000,0.746790,0.078947,0.041083
3,31,0.208333,0.451613,0.169977,0.459768,0.791667,0.559068,0.085526,0.033995
3,32,0.916667,0.588710,0.693825,0.819270,0.083333,0.154104,0.039474,0.138765
3,33,0.458333,0.500000,0.773693,0.424627,0.541667,0.528069,0.046053,0.154739
3,34,0.458333,0.500000,0.348151,0.431244,0.541667,0.567516,0.046053,0.069630
3,35,0.583333,0.524194,0.638440,0.649659,0.416667,0.324496,0.039474,0.127688
3,36,0.375000,0.483871,0.642552,0.490234,0.625000,0.478602,0.046053,0.128510
3,37,0.541667,0.516129,0.270180,0.402197,0.458333,0.604078,0.039474,0.054036
3,38,0.125000,0.435484,0.000000,0.172604,0.875000,0.855768,0.078947,0.000000
3,39,0.708333,0.548387,0.189813,0.610324,0.291667,0.410979,0.046053,0.037963
3,40,0.125000,0.435484,0.129263,0.101193,0.875000,0.911064,0.072368,0.025853
3,41,0.208333,0.451613,0.000000,0.191424,0.791667,0.837524,0.052632,0.000000
3,42,0.250000,0.459677,0.172703,0.332381,0.750000,0.682264,0.059211,0.034541
3,43,0.500000,0.508065,0.317869,0.393977,0.500000,0.606907,0.039474,0.063574
3,44,0.541667,0.516129,0.000000,0.657480,0.458333,0.385723,0.052632,0.000000
3,45,0.583333,0.524194,0.003660,0.713608,0.416667,0.330916,0.046053,0.000732
3,46,0.666667,0.540323,0.330637,0.709346,0.333333,0.299809,0.039474,0.066127
3,47,0.791667,0.564516,0.196958,0.652499,0.208333,0.369324,0.039474,0.039392
3,48,0.416667,0.491935,0.093905,0.529627,0.583333,0.499544,0.046053,0.018781
3,49,0.375000,0.483871,0.026882,0.497374,0.625000,0.538035,0.052632,0.005376
3,50,0.625000,0.532258,0.171380,0.397735,0.375000,0.619052,0.039474,0.034276
3,51,0.375000,0.483871,0.000000,0.185262,0.625000,0.843498,0.046053,0.000000
3,52,0.291667,0.467742,0.214262,0.345221,0.708333,0.665338,0.059211,0.042852
3,53,0.916667,0.588710,0.091121,0.762604,0.083333,0.273993,0.039474,0.018224
3,54,0.333333,0.475806,0.088743,0.339581,0.666667,0.684334,0.072368,0.017749
3,55,0.666667,0.540323,0.000000,0.699816,0.333333,0.344681,0.039474,0.000000
3,56,0.666667,0.540323,0.171487,0.651754,0.333333,0.372791,0.046053,0.034297
3,57,0.750000,0.556452,0.505278,0.780521,0.250000,0.211989,0.039474,0.101056
3,58,0.750000,0.556452,0.737338,0.641253,0.250000,0.321987,0.039474,0.147468
3,59,0.541667,0.516129,0.459474,0.447532,0.458333,0.539729,0.046053,0.091895
3,60,0.416667,0.491935,0.011939,0.269835,0.583333,0.760225,0.046053,0.002388
3,61,0.375000,0.483871,0.115742,0.226567,0.625000,0.790981,0.059211,0.023148
3,62,0.250000,0.459677,0.050487,0.199094,0.750000,0.824647,0.065789,0.010097
3,63,0.416667,0.491935,0.284619,0.448448,0.583333,0.557686,0.052632,0.056924
3,64,0.666667,0.540323,0.673988,0.488491,0.333333,0.476904,0.046053,0.134798
3,65,0.708333,0.548387,0.310131,0.556777,0.291667,0.449921,0.039474,0.062026
3,66,0.333333,0.475806,0.600806,0.424438,0.666667,0.546885,0.059211,0.158525
3,67,0.458333,0.500000,0.317000,0.282991,0.541667,0.714593,0.039474,0.063400
3,68,0.166667,0.443548,0.236636,0.564831,0.833333,0.450034,0.072368,0.047327
3,69,0.125000,0.435484,0.000000,0.034590,0.875000,0.989561,0.065789,0.000000
3,70,0.208333,0.451613,0.000000,0.210846,0.791667,0.818695,0.052632,0.000000
3,71,0.333333,0.475806,0.426574,0.538791,0.666667,0.454807,0.059211,0.085315
3,72,0.291667,0.467742,0.231849,0.102739,0.708333,0.898509,0.052632,0.046370
3,73,0.291667,0.467742,0.148575,0.331716,0.708333,0.685510,0.072368,0.029715
3,74,0.166667,0.443548,0.149187,0.204962,0.833333,0.808321,0.059211,0.029837
3,75,0.000000,0.411290,0.000000,0.110412,1.000000,0.916058,0.131579,0.000000
3,76,0.208333,0.451613,0.396535,0.177151,0.791667,0.808623,0.052632,0.079307
3,77,0.541667,0.516129,0.371637,0.532967,0.458333,0.466374,0.039474,0.074327
3,78,0.750000,0.556452,0.613251,0.627173,0.250000,0.349009,0.039474,0.122650
3,79,0.500000,0.508065,0.226523,0.696393,0.500000,0.323586,0.052632,0.045305
3,80,0.333333,0.475806,0.020834,0.391866,0.666667,0.640967,0.052632,0.004167
3,81,0.416667,0.491935,0.115315,0.360359,0.583333,0.661328,0.052632,0.023063
3,82,0.458333,0.500000,0.158222,0.386076,0.541667,0.631773,0.039474,0.031644
3,83,0.666667,0.540323,0.404907,0.523371,0.333333,0.472091,0.052632,0.080981
3,84,0.666667,0.540323,0.000000,0.670219,0.333333,0.373373,0.046053,0.000000
3,85,0.250000,0.459677,0.152099,0.401426,0.750000,0.617552,0.072368,0.030420
3,86,0.541667,0.516129,0.000000,0.639250,0.458333,0.403394,0.052632,0.000000
3,87,0.083333,0.427419,0.000000,0.331747,0.916667,0.701493,0.092105,0.000000
3,88,0.166667,0.443548,0.108733,0.288369,0.833333,0.731825,0.065789,0.021747
3,89,0.208333,0.451613,0.116883,0.352243,0.791667,0.669027,0.052632,0.023377
3,90,0.625000,0.532258,0.091947,0.689492,0.375000,0.344780,0.046053,0.018389
3,91,0.375000,0.483871,0.202046,0.465952,0.625000,0.549616,0.052632,0.040409
3,92,0.750000,0.556452,0.591000,0.733976,0.250000,0.247871,0.039474,0.155938
3,93,0.500000,0.508065,0.764913,0.253248,0.500000,0.695152,0.046053,0.201826
3,94,0.375000,0.483871,0.064963,0.231212,0.625000,0.791951,0.052632,0.012993
3,95,0.333333,0.475806,0.297802,0.481702,0.666667,0.524029,0.085526,0.059560
3,96,0.083333,0.427419,0.455001,0.469406,0.916667,0.519006,0.052632,0.091000
3,97,0.625000,0.532258,0.366455,0.787595,0.375000,0.220093,0.052632,0.073291
3,98,0.375000,0.483871,0.410023,0.366466,0.625000,0.623645,0.046053,0.082005
3,99,0.875000,0.580645,0.731184,0.859603,0.125000,0.110978,0.039474,0.146237
3,100,0.416667,0.491935,0.002826,0.474343,0.583333,0.562953,0.039474,0.000565
3,101,0.541667,0.516129,0.000000,0.511679,0.458333,0.527063,0.046053,0.000000
3,102,0.750000,0.556452,0.498061,1.000000,0.250000,0.000000,0.039474,0.099612
3,103,0.541667,0.516129,0.408124,0.669157,0.458333,0.330417,0.046053,0.081625
3,104,0.291667,0.467742,0.265313,0.344936,0.708333,0.660113,0.059211,0.053063
3,105,0.708333,0.548387,0.581461,0.823073,0.291667,0.162527,0.039474,0.116292
3,106,0.083333,0.427419,0.000000,0.193607,0.916667,0.835407,0.105263,0.000000
3,107,0.541667,0.516129,0.376325,0.748304,0.458333,0.257117,0.046053,0.075265
3,108,0.416667,0.491935,0.000000,0.396614,0.583333,0.638609,0.052632,0.000000
3,109,0.500000,0.508065,0.263422,0.466193,0.500000,0.542768,0.046053,0.052684
3,110,0.250000,0.459677,0.537534,0.264693,0.750000,0.708563,0.052632,0.107507
3,111,0.458333,0.500000,0.499759,0.338423,0.541667,0.641159,0.046053,0.131864
3,112,0.416667,0.491935,0.000000,0.265027,0.583333,0.766172,0.052632,0.000000
3,113,0.791667,0.564516,0.000000,0.530631,0.208333,0.508692,0.039474,0.000000
3,114,0.541667,0.516129,0.000000,0.386543,0.458333,0.648372,0.046053,0.000000
3,115,0.291667,0.467742,0.566503,0.548935,0.708333,0.429892,0.046053,0.113301
3,116,0.000000,0.411290,0.000000,0.243404,1.000000,0.787133,0.085526,0.000000
3,117,0.500000,0.508065,0.137815,0.372110,0.500000,0.647511,0.039474,0.027563
3,118,0.208333,0.451613,0.328261,0.279152,0.791667,0.717100,0.059211,0.086613
3,119,0.375000,0.483871,0.260869,0.496209,0.625000,0.513945,0.059211,0.052174
3,120,0.375000,0.483871,0.040087,0.525253,0.625000,0.509585,0.046053,0.008017
3,121,0.583333,0.524194,0.389985,0.505564,0.416667,0.490961,0.052632,0.077997
3,122,0.833333,0.572581,0.326496,0.811552,0.166667,0.201174,0.039474,0.065299
3,123,0.291667,0.467742,0.000000,0.295926,0.708333,0.736218,0.059211,0.000000
3,124,0.500000,0.508065,0.258837,0.356306,0.500000,0.649788,0.039474,0.051767
4,0,0.875000,0.580645,0.863916,0.789743,0.125000,0.207884,0.039216,0.172783
4,1,0.708333,0.548387,0.000000,0.748896,0.291667,0.336741,0.052288,0.000000
4,2,0.708333,0.548387,0.242196,0.585037,0.291667,0.461962,0.045752,0.048439
4,3,0.583333,0.524194,0.146454,0.377156,0.416667,0.663397,0.045752,0.029291
4,4,0.166667,0.443548,0.028642,0.439152,0.833333,0.618785,0.052288,0.005728
4,5,0.666667,0.540323,0.422214,0.946583,0.333333,0.110199,0.039216,0.084443
4,6,0.416667,0.491935,0.000000,0.632028,0.583333,0.444300,0.052288,0.000000
4,7,0.333333,0.475806,0.321203,0.397719,0.666667,0.626012,0.052288,0.064241
4,8,0.416667,0.491935,0.287582,0.474936,0.583333,0.558497,0.045752,0.057516
4,9,0.666667,0.540323,0.069605,0.427170,0.333333,0.625486,0.039216,0.013921
4,10,0.416667,0.491935,0.365341,0.363507,0.583333,0.652835,0.045752,0.073068
4,11,0.500000,0.508065,0.270823,0.514127,0.500000,0.524198,0.045752,0.054165
4,12,0.541667,0.516129,0.000000,0.548480,0.458333,0.521192,0.039216,0.000000
4,13,0.375000,0.483871,0.236890,0.266211,0.625000,0.755950,0.045752,0.047378
4,14,0.375000,0.483871,0.332345,0.414938,0.625000,0.608987,0.045752,0.066469
4,15,0.458333,0.500000,0.137471,0.641151,0.541667,0.421381,0.045752,0.027494
4,16,0.833333,0.572581,0.275666,0.647539,0.166667,0.400903,0.039216,0.055133
4,17,0.916667,0.588710,0.568259,0.791179,0.083333,0.237796,0.039216,0.113652
4,18,0.583333,0.524194,0.377607,0.649823,0.416667,0.388031,0.039216,0.075521
4,19,0.291667,0.467742,0.362442,0.159960,0.708333,0.840474,0.052288,0.072488
4,20,0.583333,0.524194,0.330840,0.619841,0.416667,0.420565,0.039216,0.066168
4,21,0.375000,0.483871,0.119179,0.594032,0.625000,0.466678,0.058824,0.023836
4,22,0.625000,0.532258,0.639251,0.564822,0.375000,0.438621,0.039216,0.127850
4,23,1.000000,0.604839,0.671674,0.728963,0.000000,0.284130,0.039216,0.183189
4,24,0.416667,0.491935,0.000000,0.415464,0.583333,0.643612,0.052288,0.000000
4,25,0.958333,0.596774,0.286011,0.784836,0.041667,0.273449,0.039216,0.057202
4,26,0.208333,0.451613,0.000000,0.138053,0.791667,0.898924,0.058824,0.000000
4,27,0.708333,0.548387,0.251308,0.660370,0.291667,0.391667,0.039216,0.050262
4,28,0.250000,0.459677,0.163852,0.294116,0.750000,0.737984,0.052288,0.032770
4,29,0.541667,0.516129,0.000000,0.345130,0.458333,0.708343,0.052288,0.000000
4,30,0.250000,0.459677,0.357833,0.379629,0.750000,0.638791,0.078431,0.071567
4,31,0.208333,0.451613,0.069307,0.131244,0.791667,0.897869,0.084967,0.013861
4,32,0.916667,0.588710,0.532761,0.745160,0.083333,0.283899,0.039216,0.106552
4,33,0.458333,0.500000,0.345869,0.550645,0.541667,0.482662,0.045752,0.069174
4,34,0.458333,0.500000,0.401609,0.519542,0.541667,0.505399,0.045752,0.080322
4,35,0.583333,0.524194,0.251881,0.358770,0.416667,0.669181,0.039216,0.050376
4,36,0.375000,0.483871,0.445652,0.279710,0.625000,0.721473,0.045752,0.121545
4,37,0.541667,0.516129,0.413312,0.575999,0.458333,0.452203,0.039216,0.082662
4,38,0.125000,0.435484,0.217721,0.059328,0.875000,0.948378,0.078431,0.043544
4,39,0.708333,0.548387,0.047954,0.676927,0.291667,0.397911,0.045752,0.009591
4,40,0.125000,0.435484,0.258161,0.241113,0.875000,0.776802,0.071895,0.051632
4,41,0.208333,0.451613,0.098120,0.240100,0.791667,0.794641,0.052288,0.019624
4,42,0.250000,0.459677,0.139730,0.307058,0.750000,0.728621,0.058824,0.027946
4,43,0.500000,0.508065,0.326389,0.382398,0.500000,0.639564,0.039216,0.065278
4,44,0.541667,0.516129,0.000000,0.646350,0.458333,0.431118,0.052288,0.000000
4,45,0.583333,0.524194,0.479718,0.823987,0.416667,0.216954,0.045752,0.095944
4,46,0.666667,0.540323,0.267802,0.722791,0.333333,0.332476,0.039216,0.053560
4,47,0.791667,0.564516,0.176995,0.569423,0.208333,0.483219,0.039216,0.035399
4,48,0.416667,0.491935,0.403203,0.515792,0.583333,0.508681,0.045752,0.080641
4,49,0.375000,0.483871,0.167338,0.370421,0.625000,0.667389,0.052288,0.033468
4,50,0.625000,0.532258,0.243643,0.524099,0.375000,0.517892,0.039216,0.048729
4,51,0.375000,0.483871,0.000000,0.153609,0.625000,0.884607,0.045752,0.000000
4,52,0.291667,0.467742,0.179666,0.276465,0.708333,0.752558,0.058824,0.035933
4,53,0.916667,0.588710,0.432862,0.892372,0.083333,0.158967,0.039216,0.086572
4,54,0.333333,0.475806,0.224649,0.433748,0.666667,0.603052,0.071895,0.044930
4,55,0.666667,0.540323,0.118815,0.779707,0.333333,0.295833,0.039216,0.023763
4,56,0.666667,0.540323,0.135053,0.532291,0.333333,0.521825,0.045752,0.036834
4,57,0.750000,0.556452,0.772178,0.719338,0.250000,0.282372,0.039216,0.154436
4,58,0.750000,0.556452,0.813955,0.790243,0.250000,0.212702,0.039216,0.221994
4,59,0.541667,0.516129,0.595814,0.544411,0.458333,0.461995,0.045752,0.162499
4,60,0.416667,0.491935,0.133950,0.461078,0.583333,0.587481,0.045752,0.026790
4,61,0.375000,0.483871,0.334350,0.436866,0.625000,0.588594,0.058824,0.066870
4,62,0.250000,0.459677,0.135028,0.134842,0.750000,0.887615,0.065359,0.027006
4,63,0.416667,0.491935,0.000000,0.366269,0.583333,0.688888,0.052288,0.000000
4,64,0.666667,0.540323,0.383766,0.529421,0.333333,0.498191,0.045752,0.076753
4,65,0.708333,0.548387,0.000000,0.534313,0.291667,0.534230,0.039216,0.000000
4,66,0.333333,0.475806,0.149490,0.311323,0.666667,0.723665,0.065359,0.029898
4,67,0.458333,0.500000,0.223219,0.344548,0.541667,0.685298,0.039216,0.044644
4,68,0.166667,0.443548,0.243087,0.459159,0.833333,0.577718,0.071895,0.048617
4,69,0.125000,0.435484,0.046191,0.197058,0.875000,0.839740,0.065359,0.009238
4,70,0.208333,0.451613,0.115392,0.373026,0.791667,0.670479,0.052288,0.023078
4,71,0.333333,0.475806,0.236890,0.398717,0.666667,0.634000,0.058824,0.047378
4,72,0.291667,0.467742,0.245928,0.000000,0.708333,1.000000,0.052288,0.049186
4,73,0.291667,0.467742,0.096254,0.314189,0.708333,0.726651,0.071895,0.019251
4,74,0.166667,0.443548,0.136020,0.128104,0.833333,0.893712,0.058824,0.027204
4,75,0.000000,0.411290,0.000000,0.174940,1.000000,0.864975,0.130719,0.000000
4,76,0.208333,0.451613,0.365778,0.166471,0.791667,0.834129,0.052288,0.073156
4,77,0.541667,0.516129,0.189909,0.557021,0.458333,0.493269,0.039216,0.037982
4,78,0.750000,0.556452,0.426624,0.584199,0.250000,0.443249,0.039216,0.085325
4,79,0.500000,0.508065,0.305189,0.878931,0.500000,0.184824,0.052288,0.061038
4,80,0.333333,0.475806,0.445284,0.333064,0.666667,0.672408,0.052288,0.089057
4,81,0.416667,0.491935,0.529928,0.523815,0.583333,0.487910,0.052288,0.105986
4,82,0.458333,0.500000,0.212593,0.449924,0.541667,0.589439,0.039216,0.042519
4,83,0.666667,0.540323,0.432414,0.542486,0.333333,0.481028,0.052288,0.117934
4,84,0.666667,0.540323,0.000000,0.530989,0.333333,0.537290,0.045752,0.000000
4,85,0.250000,0.459677,0.572007,0.438577,0.750000,0.561913,0.071895,0.156006
4,86,0.541667,0.516129,0.256013,0.716340,0.458333,0.339658,0.052288,0.051203
4,87,0.083333,0.427419,0.000000,0.204706,0.916667,0.837580,0.091503,0.000000
4,88,0.166667,0.443548,0.338187,0.386653,0.833333,0.634401,0.065359,0.067637
4,89,0.208333,0.451613,0.203008,0.304973,0.791667,0.723855,0.052288,0.040602
4,90,0.625000,0.532258,0.272532,0.633328,0.375000,0.414312,0.045752,0.054506
4,91,0.375000,0.483871,0.263203,0.339435,0.625000,0.685780,0.052288,0.052641
4,92,0.750000,0.556452,0.303253,0.694176,0.250000,0.355066,0.045752,0.060651
4,93,0.500000,0.508065,0.284281,0.428123,0.500000,0.601929,0.052288,0.056856
4,94,0.375000,0.483871,0.054961,0.258678,0.625000,0.782102,0.052288,0.010992
4,95,0.333333,0.475806,0.260071,0.378870,0.666667,0.649816,0.084967,0.052014
4,96,0.083333,0.427419,0.478171,0.289522,0.916667,0.709007,0.052288,0.095634
4,97,0.625000,0.532258,0.386825,0.801860,0.375000,0.247132,0.052288,0.077365
4,98,0.375000,0.483871,0.141582,0.312476,0.625000,0.723439,0.045752,0.028316
4,99,0.875000,0.580645,1.000000,1.000000,0.125000,0.000000,0.039216,0.200000
4,100,0.416667,0.491935,0.122340,0.518146,0.583333,0.536185,0.039216,0.024468
4,101,0.541667,0.516129,0.000000,0.489044,0.458333,0.575893,0.045752,0.000000
4,102,0.750000,0.556452,0.193455,0.855687,0.250000,0.218020,0.039216,0.038691
4,103,0.541667,0.516129,0.277572,0.542992,0.458333,0.496920,0.045752,0.055514
4,104,0.291667,0.467742,0.000000,0.201546,0.708333,0.840489,0.058824,0.000000
4,105,0.708333,0.548387,0.505431,0.759842,0.291667,0.273273,0.039216,0.101086
4,106,0.083333,0.427419,0.000000,0.110275,0.916667,0.924489,0.104575,0.000000
4,107,0.541667,0.516129,0.392373,0.745635,0.458333,0.298292,0.045752,0.078475
4,108,0.416667,0.491935,0.000000,0.245091,0.583333,0.800413,0.052288,0.000000
4,109,0.500000,0.508065,0.237564,0.492667,0.500000,0.547463,0.045752,0.047513
4,110,0.250000,0.459677,0.455926,0.293607,0.750000,0.707598,0.052288,0.091185
4,111,0.458333,0.500000,0.478675,0.468359,0.541667,0.544364,0.052288,0.095735
4,112,0.416667,0.491935,0.000000,0.270753,0.583333,0.776795,0.052288,0.000000
4,113,0.791667,0.564516,0.158695,0.714243,0.208333,0.351869,0.039216,0.031739
4,114,0.541667,0.516129,0.033240,0.398820,0.458333,0.655418,0.045752,0.006648
4,115,0.291667,0.467742,0.459101,0.386153,0.708333,0.622089,0.045752,0.091820
4,116,0.000000,0.411290,0.000000,0.202623,1.000000,0.839497,0.084967,0.000000
4,117,0.500000,0.508065,0.458106,0.331314,0.500000,0.672664,0.039216,0.091621
4,118,0.208333,0.451613,0.000000,0.182810,0.791667,0.857732,0.065359,0.000000
4,119,0.375000,0.483871,0.162910,0.386463,0.625000,0.653093,0.058824,0.032582
4,120,0.375000,0.483871,0.069000,0.420258,0.625000,0.631910,0.045752,0.013800
4,121,0.583333,0.524194,0.279043,0.504675,0.416667,0.532029,0.052288,0.055809
4,122,0.833333,0.572581,0.409976,0.836017,0.166667,0.213250,0.039216,0.081995
4,123,0.291667,0.467742,0.000000,0.281893,0.708333,0.766542,0.058824,0.000000
4,124,0.500000,0.508065,0.436122,0.576998,0.500000,0.448873,0.039216,0.087224
5,0,0.875000,0.580645,1.000000,0.856374,0.125000,0.123801,0.038961,0.200000
5,1,0.708333,0.548387,0.000000,0.837501,0.291667,0.225722,0.051948,0.000000
5,2,0.708333,0.548387,0.400413,0.667557,0.291667,0.350741,0.045455,0.080083
5,3,0.583333,0.524194,0.214324,0.434111,0.416667,0.584521,0.045455,0.042865
5,4,0.166667,0.443548,0.352321,0.285727,0.833333,0.711516,0.051948,0.070464
5,5,0.666667,0.540323,0.977392,0.914912,0.333333,0.071018,0.038961,0.195478
5,6,0.416667,0.491935,0.461355,0.552704,0.583333,0.452905,0.051948,0.092271
5,7,0.333333,0.475806,0.428869,0.374521,0.666667,0.622109,0.051948,0.085774
5,8,0.416667,0.491935,0.084924,0.238349,0.583333,0.778317,0.045455,0.016985
5,9,0.666667,0.540323,0.151501,0.492862,0.333333,0.534929,0.038961,0.030300
5,10,0.416667,0.491935,0.219015,0.363987,0.583333,0.649639,0.045455,0.043803
5,11,0.500000,0.508065,0.274995,0.479806,0.500000,0.536717,0.045455,0.054999
5,12,0.541667,0.516129,0.000000,0.340925,0.458333,0.689645,0.038961,0.000000
5,13,0.375000,0.483871,0.340555,0.295971,0.625000,0.702937,0.045455,0.068111
5,14,0.375000,0.483871,0.558586,0.478110,0.625000,0.514398,0.045455,0.111717
5,15,0.458333,0.500000,0.000000,0.379219,0.541667,0.653868,0.045455,0.000000
5,16,0.833333,0.572581,0.348654,0.807234,0.166667,0.224611,0.038961,0.069731
5,17,0.916667,0.588710,0.902130,0.732182,0.083333,0.248076,0.038961,0.207092
5,18,0.583333,0.524194,0.312285,0.475794,0.416667,0.537322,0.038961,0.062457
5,19,0.291667,0.467742,0.293931,0.200898,0.708333,0.795688,0.051948,0.058786
5,20,0.583333,0.524194,0.453303,0.594267,0.416667,0.414754,0.038961,0.090661
5,21,0.375000,0.483871,0.001022,0.357948,0.625000,0.673655,0.058442,0.000204
5,22,0.625000,0.532258,0.586976,0.410392,0.375000,0.575270,0.038961,0.117395
5,23,1.000000,0.604839,0.047499,0.843999,0.000000,0.215648,0.045455,0.009500
5,24,0.416667,0.491935,0.000000,0.212108,0.583333,0.809991,0.051948,0.000000
5,25,0.958333,0.596774,0.618696,0.797960,0.041667,0.210514,0.038961,0.123739
5,26,0.208333,0.451613,0.112084,0.035031,0.791667,0.965976,0.058442,0.022417
5,27,0.708333,0.548387,0.375038,0.545939,0.291667,0.466500,0.038961,0.075008
5,28,0.250000,0.459677,0.146667,0.268867,0.750000,0.744602,0.051948,0.029333
5,29,0.541667,0.516129,0.176358,0.359683,0.458333,0.657255,0.051948,0.035272
5,30,0.250000,0.459677,0.387395,0.351815,0.750000,0.646817,0.077922,0.077479
5,31,0.208333,0.451613,0.147819,0.284842,0.791667,0.729580,0.084416,0.029564
5,32,0.916667,0.588710,0.940818,0.811448,0.083333,0.170761,0.038961,0.188164
5,33,0.458333,0.500000,0.556079,0.427092,0.541667,0.562273,0.045455,0.111216
5,34,0.458333,0.500000,0.336978,0.235813,0.541667,0.759441,0.045455,0.067396
5,35,0.583333,0.524194,0.239419,0.530612,0.416667,0.492250,0.038961,0.047884
5,36,0.375000,0.483871,0.208894,0.295405,0.625000,0.714564,0.051948,0.041779
5,37,0.541667,0.516129,0.474271,0.516902,0.458333,0.485263,0.038961,0.108873
5,38,0.125000,0.435484,0.249251,0.103591,0.875000,0.890363,0.077922,0.049850
5,39,0.708333,0.548387,0.000000,0.700866,0.291667,0.353372,0.045455,0.000000
5,40,0.125000,0.435484,0.520378,0.086967,0.875000,0.883041,0.071429,0.104076
5,41,0.208333,0.451613,0.142121,0.000000,0.791667,0.996172,0.051948,0.028424
5,42,0.250000,0.459677,0.192916,0.243179,0.750000,0.764702,0.058442,0.038583
5,43,0.500000,0.508065,0.689045,0.363564,0.500000,0.610415,0.038961,0.137809
5,44,0.541667,0.516129,0.000000,0.642887,0.458333,0.407539,0.051948,0.000000
5,45,0.583333,0.524194,0.909677,0.777024,0.416667,0.205547,0.045455,0.181935
5,46,0.666667,0.540323,0.565153,0.643605,0.333333,0.359232,0.038961,0.129736
5,47,0.791667,0.564516,0.365069,0.583495,0.208333,0.432254,0.038961,0.073014
5,48,0.416667,0.491935,0.527603,0.365265,0.583333,0.622434,0.045455,0.105521
5,49,0.375000,0.483871,0.104134,0.254056,0.625000,0.762024,0.051948,0.020827
5,50,0.625000,0.532258,0.465995,0.611103,0.375000,0.397955,0.038961,0.093199
5,51,0.375000,0.483871,0.001928,0.390065,0.625000,0.643573,0.045455,0.000386
5,52,0.291667,0.467742,0.000000,0.266806,0.708333,0.758890,0.058442,0.000000
5,53,0.916667,0.588710,0.355024,0.810246,0.083333,0.221260,0.038961,0.071005
5,54,0.333333,0.475806,0.084017,0.381252,0.666667,0.644888,0.071429,0.016803
5,55,0.666667,0.540323,0.234985,0.731340,0.333333,0.305096,0.038961,0.046997
5,56,0.666667,0.540323,0.482415,0.873148,0.333333,0.151757,0.051948,0.096483
5,57,0.750000,0.556452,0.782876,0.567779,0.250000,0.411720,0.038961,0.179716
5,58,0.750000,0.556452,0.593481,0.776523,0.250000,0.232667,0.045455,0.118696
5,59,0.541667,0.516129,0.000000,0.417524,0.458333,0.618082,0.051948,0.000000
5,60,0.416667,0.491935,0.439394,0.485115,0.583333,0.517900,0.045455,0.087879
5,61,0.375000,0.483871,0.573809,0.548667,0.625000,0.447197,0.058442,0.114762
5,62,0.250000,0.459677,0.133570,0.034825,0.750000,0.964358,0.064935,0.026714
5,63,0.416667,0.491935,0.310645,0.425642,0.583333,0.584315,0.051948,0.062129
5,64,0.666667,0.540323,0.556208,0.607446,0.333333,0.393767,0.045455,0.127683
5,65,0.708333,0.548387,0.211164,0.446918,0.291667,0.572823,0.038961,0.042233
5,66,0.333333,0.475806,0.000000,0.203756,0.666667,0.817794,0.064935,0.000000
5,67,0.458333,0.500000,0.723848,0.414818,0.541667,0.559599,0.038961,0.144770
5,68,0.166667,0.443548,0.147046,0.285733,0.833333,0.728813,0.071429,0.029409
5,69,0.125000,0.435484,0.000000,0.176112,0.875000,0.843620,0.064935,0.000000
5,70,0.208333,0.451613,0.000000,0.222867,0.791667,0.799939,0.051948,0.000000
5,71,0.333333,0.475806,0.164198,0.339519,0.666667,0.677118,0.058442,0.032840
5,72,0.291667,0.467742,0.334493,0.038747,0.708333,0.943758,0.051948,0.066899
5,73,0.291667,0.467742,0.200549,0.200222,0.708333,0.804191,0.071429,0.040110
5,74,0.166667,0.443548,0.000000,0.100447,0.833333,0.914309,0.058442,0.000000
5,75,0.000000,0.411290,0.000000,0.008725,1.000000,1.000000,0.129870,0.000000
5,76,0.208333,0.451613,0.593303,0.112380,0.791667,0.853152,0.051948,0.118661
5,77,0.541667,0.516129,0.410228,0.626100,0.458333,0.388644,0.038961,0.082046
5,78,0.750000,0.556452,0.140117,0.435625,0.250000,0.589362,0.038961,0.028023
5,79,0.500000,0.508065,0.318899,0.664932,0.500000,0.360064,0.051948,0.063780
5,80,0.333333,0.475806,0.355979,0.366399,0.666667,0.635841,0.051948,0.071196
5,81,0.416667,0.491935,0.580337,0.577369,0.583333,0.419833,0.051948,0.116067
5,82,0.458333,0.500000,0.624435,0.520137,0.541667,0.469584,0.038961,0.124887
5,83,0.666667,0.540323,0.614076,0.644506,0.333333,0.354267,0.058442,0.122815
5,84,0.666667,0.540323,0.000000,0.442564,0.333333,0.594689,0.045455,0.000000
5,85,0.250000,0.459677,0.220521,0.353147,0.750000,0.659639,0.077922,0.044104
5,86,0.541667,0.516129,0.216131,0.632228,0.458333,0.399279,0.051948,0.043226
5,87,0.083333,0.427419,0.000000,0.062592,0.916667,0.949675,0.090909,0.000000
5,88,0.166667,0.443548,0.555441,0.236626,0.833333,0.740268,0.064935,0.111088
5,89,0.208333,0.451613,0.586009,0.387549,0.791667,0.596692,0.051948,0.134524
5,90,0.625000,0.532258,0.343315,0.663425,0.375000,0.359414,0.045455,0.068663
5,91,0.375000,0.483871,0.529582,0.487782,0.625000,0.507806,0.051948,0.105916
5,92,0.750000,0.556452,0.693523,0.641222,0.250000,0.350639,0.045455,0.138705
5,93,0.500000,0.508065,0.339249,0.318265,0.500000,0.682220,0.051948,0.067850
5,94,0.375000,0.483871,0.000000,0.258271,0.625000,0.766863,0.051948,0.000000
5,95,0.333333,0.475806,0.544747,0.377607,0.666667,0.609459,0.084416,0.108949
5,96,0.083333,0.427419,0.000000,0.089587,0.916667,0.924455,0.051948,0.000000
5,97,0.625000,0.532258,0.403606,0.739653,0.375000,0.283117,0.051948,0.080721
5,98,0.375000,0.483871,0.261798,0.048749,0.625000,0.940541,0.045455,0.052360
5,99,0.875000,0.580645,0.876851,1.000000,0.125000,0.000000,0.038961,0.175370
5,100,0.416667,0.491935,0.544563,0.408001,0.583333,0.581078,0.038961,0.108913
5,101,0.541667,0.516129,0.000000,0.290265,0.458333,0.736973,0.045455,0.000000
5,102,0.750000,0.556452,0.159372,0.648882,0.250000,0.388505,0.038961,0.031874
5,103,0.541667,0.516129,0.345699,0.556360,0.458333,0.459238,0.045455,0.069140
5,104,0.291667,0.467742,0.479836,0.341266,0.708333,0.648881,0.058442,0.095967
5,105,0.708333,0.548387,0.781658,0.828478,0.291667,0.168267,0.038961,0.156332
5,106,0.083333,0.427419,0.000000,0.238485,0.916667,0.785348,0.103896,0.000000
5,107,0.541667,0.516129,0.455591,0.663586,0.458333,0.349800,0.045455,0.091118
5,108,0.416667,0.491935,0.360357,0.309330,0.583333,0.688788,0.051948,0.072071
5,109,0.500000,0.508065,0.489534,0.490522,0.500000,0.508622,0.045455,0.112377
5,110,0.250000,0.459677,0.565200,0.377391,0.750000,0.607936,0.051948,0.113040
5,111,0.458333,0.500000,0.592140,0.463988,0.541667,0.524763,0.051948,0.118428
5,112,0.416667,0.491935,0.000000,0.306291,0.583333,0.722001,0.051948,0.000000
5,113,0.791667,0.564516,0.688062,0.814096,0.208333,0.189592,0.038961,0.137612
5,114,0.541667,0.516129,0.000000,0.291696,0.458333,0.735637,0.045455,0.000000
5,115,0.291667,0.467742,0.589231,0.259297,0.708333,0.716239,0.045455,0.117846
5,116,0.000000,0.411290,0.012283,0.144724,1.000000,0.871908,0.084416,0.002457
5,117,0.500000,0.508065,0.482748,0.229168,0.500000,0.753362,0.038961,0.096550
5,118,0.208333,0.451613,0.000000,0.274587,0.791667,0.751620,0.064935,0.000000
5,119,0.375000,0.483871,0.418265,0.607675,0.625000,0.405180,0.058442,0.083653
5,120,0.375000,0.483871,0.184129,0.558074,0.625000,0.471254,0.045455,0.036826
5,121,0.583333,0.524194,0.149177,0.395085,0.416667,0.626472,0.051948,0.029835
5,122,0.833333,0.572581,0.563627,0.836767,0.166667,0.178901,0.038961,0.112725
5,123,0.291667,0.467742,0.088526,0.394044,0.708333,0.632557,0.058442,0.017705
5,124,0.500000,0.508065,0.197046,0.462697,0.500000,0.559271,0.038961,0.039409
6,0,0.875000,0.580645,1.000000,0.995437,0.125000,0.000000,0.038710,0.200000
6,1,0.708333,0.548387,0.075909,0.780721,0.291667,0.284710,0.051613,0.015182
6,2,0.708333,0.548387,0.311740,0.596986,0.291667,0.434709,0.045161,0.062348
6,3,0.583333,0.524194,0.018730,0.503817,0.416667,0.548403,0.045161,0.003746
6,4,0.166667,0.443548,0.304998,0.445836,0.833333,0.576416,0.051613,0.061000
6,5,0.666667,0.540323,0.655118,0.730942,0.333333,0.278350,0.038710,0.208188
6,6,0.416667,0.491935,0.134919,0.518743,0.583333,0.523873,0.051613,0.026984
6,7,0.333333,0.475806,0.021783,0.382237,0.666667,0.661614,0.051613,0.004357
6,8,0.416667,0.491935,0.095006,0.228056,0.583333,0.798857,0.045161,0.019001
6,9,0.666667,0.540323,0.119678,0.549357,0.333333,0.496686,0.038710,0.023936
6,10,0.416667,0.491935,0.218943,0.435633,0.583333,0.593789,0.045161,0.043789
6,11,0.500000,0.508065,0.258800,0.580264,0.500000,0.455147,0.045161,0.051760
6,12,0.541667,0.516129,0.393885,0.644667,0.458333,0.382709,0.038710,0.078777
6,13,0.375000,0.483871,0.280004,0.211238,0.625000,0.797682,0.045161,0.056001
6,14,0.375000,0.483871,0.338773,0.572696,0.625000,0.454917,0.045161,0.067755
6,15,0.458333,0.500000,0.000000,0.459255,0.541667,0.591708,0.045161,0.000000
6,16,0.833333,0.572581,0.051449,0.704355,0.166667,0.358225,0.038710,0.010290
6,17,0.916667,0.588710,0.699516,0.823620,0.083333,0.187789,0.045161,0.139903
6,18,0.583333,0.524194,0.119067,0.648322,0.416667,0.404362,0.038710,0.023813
6,19,0.291667,0.467742,0.421878,0.387781,0.708333,0.619948,0.051613,0.134067
6,20,0.583333,0.524194,0.448930,0.654942,0.416667,0.368098,0.038710,0.089786
6,21,0.375000,0.483871,0.158208,0.437501,0.625000,0.597584,0.058065,0.031642
6,22,0.625000,0.532258,0.569640,0.404598,0.375000,0.590773,0.038710,0.113928
6,23,1.000000,0.604839,0.098935,0.731394,0.000000,0.328654,0.045161,0.019787
6,24,0.416667,0.491935,0.000000,0.448674,0.583333,0.601584,0.051613,0.000000
6,25,0.958333,0.596774,0.286913,0.805210,0.041667,0.242605,0.038710,0.057383
6,26,0.208333,0.451613,0.253967,0.444505,0.791667,0.582313,0.058065,0.050793
6,27,0.708333,0.548387,0.198219,0.666968,0.291667,0.379738,0.038710,0.039644
6,28,0.250000,0.459677,0.194917,0.466822,0.750000,0.566867,0.051613,0.038983
6,29,0.541667,0.516129,0.280004,0.459956,0.458333,0.565515,0.051613,0.056001
6,30,0.250000,0.459677,0.355610,0.423015,0.750000,0.593103,0.077419,0.071122
6,31,0.208333,0.451613,0.039988,0.350039,0.791667,0.690009,0.083871,0.007998
6,32,0.916667,0.588710,0.613298,0.670378,0.083333,0.338697,0.038710,0.194898
6,33,0.458333,0.500000,0.217152,0.410080,0.541667,0.617804,0.045161,0.043430
6,34,0.458333,0.500000,0.106713,0.512876,0.541667,0.531921,0.045161,0.021343
6,35,0.583333,0.524194,0.387025,0.460235,0.416667,0.555494,0.038710,0.077405
6,36,0.375000,0.483871,0.000000,0.478108,0.625000,0.574109,0.051613,0.000000
6,37,0.541667,0.516129,0.098512,0.554307,0.458333,0.493995,0.045161,0.019702
6,38,0.125000,0.435484,0.187879,0.140287,0.875000,0.872314,0.077419,0.037576
6,39,0.708333,0.548387,0.000000,0.683756,0.291667,0.382145,0.045161,0.000000
6,40,0.125000,0.435484,0.346928,0.312997,0.875000,0.696591,0.070968,0.069386
6,41,0.208333,0.451613,0.107015,0.172470,0.791667,0.849649,0.051613,0.021403
6,42,0.250000,0.459677,0.000000,0.294786,0.750000,0.745231,0.058065,0.000000
6,43,0.500000,0.508065,0.503495,0.474561,0.500000,0.531499,0.038710,0.100699
6,44,0.541667,0.516129,0.000000,0.657600,0.458333,0.406561,0.051613,0.000000
6,45,0.583333,0.524194,0.398571,0.558621,0.416667,0.462602,0.045161,0.079714
6,46,0.666667,0.540323,0.000000,0.754750,0.333333,0.315875,0.045161,0.000000
6,47,0.791667,0.564516,0.225624,0.609836,0.208333,0.430569,0.038710,0.045125
6,48,0.416667,0.491935,0.419368,0.472066,0.583333,0.541501,0.045161,0.083874
6,49,0.375000,0.483871,0.055797,0.488829,0.625000,0.559013,0.051613,0.011159
6,50,0.625000,0.532258,0.032433,0.488077,0.375000,0.561845,0.038710,0.006487
6,51,0.375000,0.483871,0.000000,0.247178,0.625000,0.789672,0.045161,0.000000
6,52,0.291667,0.467742,0.000000,0.265281,0.708333,0.772774,0.058065,0.000000
6,53,0.916667,0.588710,0.230391,0.907761,0.083333,0.152034,0.038710,0.046078
6,54,0.333333,0.475806,0.000000,0.335484,0.666667,0.707242,0.070968,0.000000
6,55,0.666667,0.540323,0.000000,0.617285,0.333333,0.444193,0.038710,0.000000
6,56,0.666667,0.540323,0.000000,0.729810,0.333333,0.339156,0.051613,0.000000
6,57,0.750000,0.556452,0.218192,0.595348,0.250000,0.444771,0.045161,0.043638
6,58,0.750000,0.556452,0.591728,0.824502,0.250000,0.196796,0.045161,0.118346
6,59,0.541667,0.516129,0.330385,0.599071,0.458333,0.431063,0.051613,0.066077
6,60,0.416667,0.491935,0.008770,0.473419,0.583333,0.577686,0.045161,0.001754
6,61,0.375000,0.483871,0.444641,0.492374,0.625000,0.520238,0.058065,0.088928
6,62,0.250000,0.459677,0.085732,0.180089,0.750000,0.844477,0.064516,0.027244
6,63,0.416667,0.491935,0.008650,0.383568,0.583333,0.661569,0.051613,0.001730
6,64,0.666667,0.540323,0.330274,0.630644,0.333333,0.401601,0.051613,0.066055
6,65,0.708333,0.548387,0.133677,0.509549,0.291667,0.532568,0.038710,0.026735
6,66,0.333333,0.475806,0.000000,0.357243,0.666667,0.686931,0.064516,0.000000
6,67,0.458333,0.500000,0.359972,0.326239,0.541667,0.683041,0.038710,0.071994
6,68,0.166667,0.443548,0.368666,0.533649,0.833333,0.488640,0.070968,0.073733
6,69,0.125000,0.435484,0.177921,0.369119,0.875000,0.659618,0.064516,0.035584
6,70,0.208333,0.451613,0.000000,0.405856,0.791667,0.641553,0.051613,0.000000
6,71,0.333333,0.475806,0.000000,0.293332,0.666667,0.746589,0.058065,0.000000
6,72,0.291667,0.467742,0.223691,0.000000,0.708333,1.000000,0.051613,0.071086
6,73,0.291667,0.467742,0.000000,0.306691,0.708333,0.734119,0.070968,0.000000
6,74,0.166667,0.443548,0.073822,0.291401,0.833333,0.741659,0.058065,0.014764
6,75,0.000000,0.411290,0.000000,0.120960,1.000000,0.907491,0.129032,0.000000
6,76,0.208333,0.451613,0.055148,0.204463,0.791667,0.824515,0.051613,0.011030
6,77,0.541667,0.516129,0.182237,0.633602,0.458333,0.412341,0.038710,0.036447
6,78,0.750000,0.556452,0.244714,0.507051,0.250000,0.524772,0.038710,0.048943
6,79,0.500000,0.508065,0.101028,0.682922,0.500000,0.373709,0.051613,0.020206
6,80,0.333333,0.475806,0.254709,0.418615,0.666667,0.606412,0.051613,0.050942
6,81,0.416667,0.491935,0.134816,0.344749,0.583333,0.686297,0.051613,0.026963
6,82,0.458333,0.500000,0.595583,0.572789,0.541667,0.431408,0.038710,0.119117
6,83,0.666667,0.540323,0.501433,0.679924,0.333333,0.339989,0.058065,0.100287
6,84,0.666667,0.540323,0.177791,0.424801,0.333333,0.607653,0.045161,0.035558
6,85,0.250000,0.459677,0.000000,0.357250,0.750000,0.686924,0.077419,0.000000
6,86,0.541667,0.516129,0.212436,0.715473,0.458333,0.333164,0.051613,0.042487
6,87,0.083333,0.427419,0.000000,0.372703,0.916667,0.672500,0.090323,0.000000
6,88,0.166667,0.443548,0.070961,0.245219,0.833333,0.785029,0.064516,0.014192
6,89,0.208333,0.451613,0.175988,0.471706,0.791667,0.564034,0.058065,0.035198
6,90,0.625000,0.532258,0.273571,0.604057,0.375000,0.431590,0.045161,0.054714
6,91,0.375000,0.483871,0.689318,0.692042,0.625000,0.311541,0.051613,0.137864
6,92,0.750000,0.556452,0.757169,0.838941,0.250000,0.168230,0.045161,0.240618
6,93,0.500000,0.508065,0.328252,0.484307,0.500000,0.538384,0.051613,0.065650
6,94,0.375000,0.483871,0.040061,0.351716,0.625000,0.688436,0.051613,0.008012
6,95,0.333333,0.475806,0.285976,0.499425,0.666667,0.528128,0.083871,0.057195
6,96,0.083333,0.427419,0.251708,0.325887,0.916667,0.693243,0.051613,0.050342
6,97,0.625000,0.532258,0.807404,1.000000,0.375000,0.013306,0.051613,0.161481
6,98,0.375000,0.483871,0.315083,0.392705,0.625000,0.625091,0.045161,0.063017
6,99,0.875000,0.580645,0.798442,0.823992,0.125000,0.178419,0.038710,0.159688
6,100,0.416667,0.491935,0.186252,0.487907,0.583333,0.547975,0.038710,0.037250
6,101,0.541667,0.516129,0.000000,0.483426,0.458333,0.569145,0.045161,0.000000
6,102,0.750000,0.556452,0.482031,0.758500,0.250000,0.268412,0.038710,0.096406
6,103,0.541667,0.516129,0.389883,0.574983,0.458333,0.448121,0.045161,0.123900
6,104,0.291667,0.467742,0.136377,0.284873,0.708333,0.742047,0.058065,0.027275
6,105,0.708333,0.548387,0.549384,0.783438,0.291667,0.238990,0.038710,0.109877
6,106,0.083333,0.427419,0.000000,0.353215,0.916667,0.690691,0.103226,0.000000
6,107,0.541667,0.516129,0.173890,0.591389,0.458333,0.452506,0.045161,0.034778
6,108,0.416667,0.491935,0.186676,0.418284,0.583333,0.612926,0.051613,0.037335
6,109,0.500000,0.508065,0.000000,0.547290,0.500000,0.509530,0.051613,0.000000
6,110,0.250000,0.459677,0.320733,0.336449,0.750000,0.677088,0.051613,0.064147
6,111,0.458333,0.500000,0.003104,0.414904,0.541667,0.632824,0.051613,0.000621
6,112,0.416667,0.491935,0.159818,0.394910,0.583333,0.637194,0.051613,0.031964
6,113,0.791667,0.564516,0.409350,0.665667,0.208333,0.361696,0.038710,0.081870
6,114,0.541667,0.516129,0.015567,0.452030,0.458333,0.597032,0.045161,0.003113
6,115,0.291667,0.467742,0.357930,0.401212,0.708333,0.613243,0.045161,0.071586
6,116,0.000000,0.411290,0.118864,0.228140,1.000000,0.796602,0.083871,0.023773
6,117,0.500000,0.508065,0.551349,0.418616,0.500000,0.579356,0.038710,0.110270
6,118,0.208333,0.451613,0.000000,0.258525,0.791667,0.779080,0.064516,0.000000
6,119,0.375000,0.483871,0.128571,0.538035,0.625000,0.506443,0.058065,0.025714
6,120,0.375000,0.483871,0.540281,0.618359,0.625000,0.393914,0.045161,0.108056
6,121,0.583333,0.524194,0.362321,0.603157,0.416667,0.424336,0.051613,0.072464
6,122,0.833333,0.572581,0.490616,0.853113,0.166667,0.179311,0.038710,0.098123
6,123,0.291667,0.467742,0.004285,0.451920,0.708333,0.598163,0.058065,0.000857
6,124,0.500000,0.508065,0.325953,0.405232,0.500000,0.612406,0.038710,0.065191
7,0,0.875000,0.580645,1.000000,0.772591,0.125000,0.183608,0.038462,0.200000
7,1,0.708333,0.548387,0.267728,0.804311,0.291667,0.216326,0.051282,0.053546
7,2,0.708333,0.548387,0.000006,0.534959,0.291667,0.494019,0.044872,0.000001
7,3,0.583333,0.524194,0.000000,0.454632,0.416667,0.569995,0.044872,0.000000
7,4,0.166667,0.443548,0.336769,0.371777,0.833333,0.619517,0.051282,0.067354
7,5,0.666667,0.540323,0.682413,0.870863,0.333333,0.117861,0.044872,0.171469
7,6,0.416667,0.491935,0.165940,0.480192,0.583333,0.531607,0.051282,0.033188
7,7,0.333333,0.475806,0.258866,0.264877,0.666667,0.727299,0.051282,0.051773
7,8,0.416667,0.491935,0.267344,0.385051,0.583333,0.612909,0.044872,0.053469
7,9,0.666667,0.540323,0.505442,0.544780,0.333333,0.441439,0.038462,0.101088
7,10,0.416667,0.491935,0.642314,0.486811,0.583333,0.484544,0.044872,0.128463
7,11,0.500000,0.508065,0.000000,0.377017,0.500000,0.643405,0.044872,0.000000
7,12,0.541667,0.516129,0.000000,0.317499,0.458333,0.699700,0.038462,0.000000
7,13,0.375000,0.483871,0.497757,0.370025,0.625000,0.607385,0.044872,0.099551
7,14,0.375000,0.483871,0.293331,0.288193,0.625000,0.702294,0.044872,0.058666
7,15,0.458333,0.500000,0.581756,0.450514,0.541667,0.524062,0.044872,0.146178
7,16,0.833333,0.572581,0.275589,0.632752,0.166667,0.377919,0.038462,0.055118
7,17,0.916667,0.588710,0.339319,0.609703,0.083333,0.394261,0.044872,0.067864
7,18,0.583333,0.524194,0.305642,0.543222,0.416667,0.460025,0.038462,0.061128
7,19,0.291667,0.467742,0.082956,0.236583,0.708333,0.769128,0.057692,0.016591
7,20,0.583333,0.524194,0.438225,0.594344,0.416667,0.400316,0.038462,0.087645
7,21,0.375000,0.483871,0.000000,0.399809,0.625000,0.621848,0.057692,0.000000
7,22,0.625000,0.532258,0.656504,0.431920,0.375000,0.535246,0.038462,0.131301
7,23,1.000000,0.604839,0.077324,0.649013,0.000000,0.379521,0.044872,0.015465
7,24,0.416667,0.491935,0.210257,0.427499,0.583333,0.577650,0.051282,0.042051
7,25,0.958333,0.596774,0.150227,0.709738,0.041667,0.315840,0.038462,0.030045
7,26,0.208333,0.451613,0.371328,0.138882,0.791667,0.836836,0.057692,0.074266
7,27,0.708333,0.548387,0.123643,0.452024,0.291667,0.561871,0.038462,0.024729
7,28,0.250000,0.459677,0.055217,0.244588,0.750000,0.763932,0.051282,0.011043
7,29,0.541667,0.516129,0.158313,0.478606,0.458333,0.533760,0.051282,0.031663
7,30,0.250000,0.459677,0.375566,0.417200,0.750000,0.573232,0.076923,0.075113
7,31,0.208333,0.451613,0.000000,0.145878,0.791667,0.862024,0.083333,0.000000
7,32,0.916667,0.588710,0.307297,0.815113,0.083333,0.202720,0.044872,0.061459
7,33,0.458333,0.500000,0.561338,0.388287,0.541667,0.584667,0.044872,0.112268
7,34,0.458333,0.500000,0.287417,0.403986,0.541667,0.593280,0.044872,0.057483
7,35,0.583333,0.524194,0.045726,0.358754,0.416667,0.656762,0.038462,0.009145
7,36,0.375000,0.483871,0.643859,0.508895,0.625000,0.463524,0.051282,0.128772
7,37,0.541667,0.516129,0.117593,0.486148,0.458333,0.530114,0.044872,0.023519
7,38,0.125000,0.435484,0.329824,0.055208,0.875000,0.919533,0.076923,0.065965
7,39,0.708333,0.548387,0.000000,0.762938,0.291667,0.278390,0.044872,0.000000
7,40,0.125000,0.435484,0.578058,0.067732,0.875000,0.886425,0.070513,0.145248
7,41,0.208333,0.451613,0.290955,0.166567,0.791667,0.817535,0.051282,0.058191
7,42,0.250000,0.459677,0.000000,0.019759,0.750000,0.981312,0.057692,0.000000
7,43,0.500000,0.508065,0.557307,0.454133,0.500000,0.522732,0.038462,0.111461
7,44,0.541667,0.516129,0.000000,0.526889,0.458333,0.501652,0.051282,0.000000
7,45,0.583333,0.524194,0.829869,0.712256,0.416667,0.255247,0.044872,0.165974
7,46,0.666667,0.540323,0.177186,0.621615,0.333333,0.396881,0.044872,0.035437
7,47,0.791667,0.564516,0.311511,0.637033,0.208333,0.370793,0.038462,0.062302
7,48,0.416667,0.491935,0.771395,0.404424,0.583333,0.551412,0.044872,0.154279
7,49,0.375000,0.483871,0.034565,0.272652,0.625000,0.739157,0.051282,0.006913
7,50,0.625000,0.532258,0.334293,0.550679,0.375000,0.450518,0.038462,0.066859
7,51,0.375000,0.483871,0.108849,0.278106,0.625000,0.727635,0.044872,0.021770
7,52,0.291667,0.467742,0.223957,0.307810,0.708333,0.689681,0.057692,0.044791
7,53,0.916667,0.588710,0.355277,0.830685,0.083333,0.183883,0.038462,0.071055
7,54,0.333333,0.475806,0.088237,0.327073,0.666667,0.683087,0.070513,0.017647
7,55,0.666667,0.540323,0.067539,0.633717,0.333333,0.394826,0.038462,0.013508
7,56,0.666667,0.540323,0.000000,0.697915,0.333333,0.339891,0.051282,0.000000
7,57,0.750000,0.556452,0.541920,0.679898,0.250000,0.310515,0.044872,0.108384
7,58,0.750000,0.556452,0.302297,0.813023,0.250000,0.205126,0.044872,0.060459
7,59,0.541667,0.516129,0.124850,0.528482,0.458333,0.489452,0.051282,0.024970
7,60,0.416667,0.491935,0.567604,0.454469,0.583333,0.521533,0.044872,0.113521
7,61,0.375000,0.483871,0.471997,0.417244,0.625000,0.564931,0.057692,0.118598
7,62,0.250000,0.459677,0.000000,0.048785,0.750000,0.953857,0.070513,0.000000
7,63,0.416667,0.491935,0.405497,0.444687,0.583333,0.544670,0.051282,0.101889
7,64,0.666667,0.540323,0.526925,0.528874,0.333333,0.454643,0.051282,0.105385
7,65,0.708333,0.548387,0.000000,0.369303,0.291667,0.650702,0.038462,0.000000
7,66,0.333333,0.475806,0.225143,0.444282,0.666667,0.560500,0.064103,0.045029
7,67,0.458333,0.500000,0.497042,0.351709,0.541667,0.624771,0.038462,0.124891
7,68,0.166667,0.443548,0.000000,0.215421,0.833333,0.796248,0.070513,0.000000
7,69,0.125000,0.435484,0.344181,0.119031,0.875000,0.857937,0.064103,0.086482
7,70,0.208333,0.451613,0.060023,0.411438,0.791667,0.605708,0.051282,0.015082
7,71,0.333333,0.475806,0.549701,0.367202,0.666667,0.605606,0.057692,0.109940
7,72,0.291667,0.467742,0.161767,0.231261,0.708333,0.767411,0.057692,0.032353
7,73,0.291667,0.467742,0.000000,0.234169,0.708333,0.778516,0.070513,0.000000
7,74,0.166667,0.443548,0.270134,0.239846,0.833333,0.750009,0.057692,0.054027
7,75,0.000000,0.411290,0.000000,0.000000,1.000000,1.000000,0.128205,0.000000
7,76,0.208333,0.451613,0.300370,0.167586,0.791667,0.815765,0.051282,0.060074
7,77,0.541667,0.516129,0.332637,0.439045,0.458333,0.556246,0.038462,0.066527
7,78,0.750000,0.556452,0.537791,0.500257,0.250000,0.480778,0.038462,0.107558
7,79,0.500000,0.508065,0.245396,0.628735,0.500000,0.384304,0.051282,0.049079
7,80,0.333333,0.475806,0.045421,0.135893,0.666667,0.867577,0.051282,0.009084
7,81,0.416667,0.491935,0.587261,0.543684,0.583333,0.435467,0.051282,0.117452
7,82,0.458333,0.500000,0.329335,0.447938,0.541667,0.548119,0.038462,0.065867
7,83,0.666667,0.540323,0.383172,0.818824,0.333333,0.192711,0.057692,0.076634
7,84,0.666667,0.540323,0.310720,0.488133,0.333333,0.511695,0.044872,0.062144
7,85,0.250000,0.459677,0.396371,0.451525,0.750000,0.538984,0.076923,0.079274
7,86,0.541667,0.516129,0.153242,0.542354,0.458333,0.473899,0.051282,0.030648
7,87,0.083333,0.427419,0.000000,0.089742,0.916667,0.915119,0.089744,0.000000
7,88,0.166667,0.443548,0.220567,0.278646,0.833333,0.717556,0.064103,0.044113
7,89,0.208333,0.451613,0.224930,0.262654,0.791667,0.732308,0.057692,0.044986
7,90,0.625000,0.532258,0.705779,0.640804,0.375000,0.333457,0.044872,0.141156
7,91,0.375000,0.483871,0.518086,0.434127,0.625000,0.545014,0.051282,0.103617
7,92,0.750000,0.556452,0.665341,0.722861,0.250000,0.259308,0.051282,0.133068
7,93,0.500000,0.508065,0.045704,0.224950,0.500000,0.783320,0.051282,0.009141
7,94,0.375000,0.483871,0.075134,0.319819,0.625000,0.691070,0.051282,0.015027
7,95,0.333333,0.475806,0.526859,0.409136,0.666667,0.567900,0.083333,0.105372
7,96,0.083333,0.427419,0.358825,0.153203,0.916667,0.824362,0.051282,0.090162
7,97,0.625000,0.532258,0.539769,0.696118,0.375000,0.295358,0.051282,0.107954
7,98,0.375000,0.483871,0.374695,0.289358,0.625000,0.694223,0.044872,0.074939
7,99,0.875000,0.580645,0.865298,0.737008,0.125000,0.228801,0.038462,0.173060
7,100,0.416667,0.491935,0.411799,0.275624,0.583333,0.704035,0.038462,0.082360
7,101,0.541667,0.516129,0.000000,0.364839,0.458333,0.654924,0.044872,0.000000
7,102,0.750000,0.556452,0.204222,0.659531,0.250000,0.358703,0.038462,0.040844
7,103,0.541667,0.516129,0.028100,0.381446,0.458333,0.636810,0.051282,0.005620
7,104,0.291667,0.467742,0.394280,0.328293,0.708333,0.655719,0.057692,0.078856
7,105,0.708333,0.548387,0.428008,0.488265,0.291667,0.501524,0.038462,0.085602
7,106,0.083333,0.427419,0.000000,0.217075,0.916667,0.794684,0.102564,0.000000
7,107,0.541667,0.516129,0.238314,0.428014,0.458333,0.574759,0.044872,0.047663
7,108,0.416667,0.491935,0.201358,0.345807,0.583333,0.655679,0.051282,0.040272
7,109,0.500000,0.508065,0.000000,0.533182,0.500000,0.495700,0.051282,0.000000
7,110,0.250000,0.459677,0.233084,0.215553,0.750000,0.776159,0.051282,0.046617
7,111,0.458333,0.500000,0.361491,0.420282,0.541667,0.571522,0.051282,0.072298
7,112,0.416667,0.491935,0.085493,0.304763,0.583333,0.704423,0.051282,0.017099
7,113,0.791667,0.564516,0.241601,0.509116,0.208333,0.497769,0.038462,0.048320
7,114,0.541667,0.516129,0.000000,0.435158,0.458333,0.588414,0.044872,0.000000
7,115,0.291667,0.467742,0.188384,0.253567,0.708333,0.744033,0.044872,0.037677
7,116,0.000000,0.411290,0.421242,0.186370,1.000000,0.787646,0.083333,0.084248
7,117,0.500000,0.508065,0.457263,0.313102,0.500000,0.664693,0.038462,0.091453
7,118,0.208333,0.451613,0.000000,0.242451,0.791667,0.770682,0.064103,0.000000
7,119,0.375000,0.483871,0.533465,0.579945,0.625000,0.405778,0.057692,0.106693
7,120,0.375000,0.483871,0.585081,0.372482,0.625000,0.597582,0.044872,0.117016
7,121,0.583333,0.524194,0.454809,0.681283,0.416667,0.316666,0.051282,0.090962
7,122,0.833333,0.572581,0.632435,1.000000,0.166667,0.000000,0.038462,0.126487
7,123,0.291667,0.467742,0.000000,0.290684,0.708333,0.725062,0.057692,0.000000
7,124,0.500000,0.508065,0.192553,0.422407,0.500000,0.583982,0.038462,0.038511
8,0,0.875000,0.580645,0.957964,0.949002,0.125000,0.000000,0.038217,0.265181
8,1,0.708333,0.548387,0.433836,0.836229,0.291667,0.162309,0.050955,0.086767
8,2,0.708333,0.548387,0.203139,0.527768,0.291667,0.478797,0.044586,0.040628
8,3,0.583333,0.524194,0.033793,0.499873,0.416667,0.523152,0.044586,0.006759
8,4,0.166667,0.443548,0.000000,0.274897,0.833333,0.739734,0.050955,0.000000
8,5,0.666667,0.540323,0.384107,0.937190,0.333333,0.071990,0.050955,0.076821
8,6,0.416667,0.491935,0.000000,0.433120,0.583333,0.589933,0.050955,0.000000
8,7,0.333333,0.475806,0.179276,0.420268,0.666667,0.583104,0.050955,0.035855
8,8,0.416667,0.491935,0.423622,0.421674,0.583333,0.555882,0.044586,0.084724
8,9,0.666667,0.540323,0.104145,0.657744,0.333333,0.366229,0.038217,0.020829
8,10,0.416667,0.491935,0.535294,0.372642,0.583333,0.590471,0.044586,0.107059
8,11,0.500000,0.508065,0.000000,0.485175,0.500000,0.540648,0.044586,0.000000
8,12,0.541667,0.516129,0.335023,0.488431,0.458333,0.502066,0.038217,0.067005
8,13,0.375000,0.483871,0.549050,0.120848,0.625000,0.827405,0.044586,0.109810
8,14,0.375000,0.483871,0.543199,0.423801,0.625000,0.541197,0.044586,0.108640
8,15,0.458333,0.500000,0.406922,0.591903,0.541667,0.396482,0.050955,0.081384
8,16,0.833333,0.572581,0.194703,0.713711,0.166667,0.303645,0.038217,0.038941
8,17,0.916667,0.588710,0.785828,0.930208,0.083333,0.036034,0.044586,0.157166
8,18,0.583333,0.524194,0.488278,0.543510,0.416667,0.433679,0.038217,0.097656
8,19,0.291667,0.467742,0.183540,0.385525,0.708333,0.615546,0.057325,0.036708
8,20,0.583333,0.524194,0.453860,0.553426,0.416667,0.427938,0.038217,0.090772
8,21,0.375000,0.483871,0.000000,0.427711,0.625000,0.595054,0.057325,0.000000
8,22,0.625000,0.532258,0.765949,0.413039,0.375000,0.527784,0.038217,0.212028
8,23,1.000000,0.604839,0.011120,0.570573,0.000000,0.458618,0.044586,0.002224
8,24,0.416667,0.491935,0.219655,0.522294,0.583333,0.482230,0.050955,0.043931
8,25,0.958333,0.596774,0.236570,0.791618,0.041667,0.225448,0.038217,0.047314
8,26,0.208333,0.451613,0.658651,0.405045,0.791667,0.546721,0.057325,0.131730
8,27,0.708333,0.548387,0.000000,0.579915,0.291667,0.450951,0.038217,0.000000
8,28,0.250000,0.459677,0.000000,0.240286,0.750000,0.772503,0.050955,0.000000
8,29,0.541667,0.516129,0.315087,0.494237,0.458333,0.498681,0.050955,0.063017
8,30,0.250000,0.459677,0.306990,0.327593,0.750000,0.657314,0.076433,0.061398
8,31,0.208333,0.451613,0.004055,0.168563,0.791667,0.839979,0.082803,0.000811
8,32,0.916667,0.588710,0.559685,0.907727,0.083333,0.081281,0.044586,0.111937
8,33,0.458333,0.500000,0.350205,0.381897,0.541667,0.601321,0.044586,0.096943
8,34,0.458333,0.500000,0.229946,0.590282,0.541667,0.416770,0.044586,0.045989
8,35,0.583333,0.524194,0.356112,0.351218,0.416667,0.629741,0.038217,0.071222
8,36,0.375000,0.483871,0.352943,0.520656,0.625000,0.469657,0.050955,0.070589
8,37,0.541667,0.516129,0.064650,0.429905,0.458333,0.586126,0.044586,0.012930
8,38,0.125000,0.435484,0.264718,0.210474,0.875000,0.772678,0.076433,0.052944
8,39,0.708333,0.548387,0.000000,0.752460,0.291667,0.287589,0.044586,0.000000
8,40,0.125000,0.435484,0.004912,0.017653,0.875000,0.982766,0.076433,0.000982
8,41,0.208333,0.451613,0.217661,0.231836,0.791667,0.757440,0.050955,0.043532
8,42,0.250000,0.459677,0.160978,0.204263,0.750000,0.789551,0.057325,0.032196
8,43,0.500000,0.508065,0.486522,0.270555,0.500000,0.692292,0.038217,0.097304
8,44,0.541667,0.516129,0.000000,0.538888,0.458333,0.489794,0.050955,0.000000
8,45,0.583333,0.524194,0.651893,0.748648,0.416667,0.222123,0.044586,0.130379
8,46,0.666667,0.540323,0.162019,0.695989,0.333333,0.323887,0.044586,0.032404
8,47,0.791667,0.564516,0.000000,0.608999,0.208333,0.423414,0.038217,0.000000
8,48,0.416667,0.491935,0.589794,0.525279,0.583333,0.440183,0.044586,0.117959
8,49,0.375000,0.483871,0.268903,0.334583,0.625000,0.654731,0.050955,0.053781
8,50,0.625000,0.532258,0.332414,0.570485,0.375000,0.424655,0.038217,0.066483
8,51,0.375000,0.483871,0.192709,0.264713,0.625000,0.728956,0.044586,0.038542
8,52,0.291667,0.467742,0.196074,0.203219,0.708333,0.786821,0.057325,0.039215
8,53,0.916667,0.588710,0.429868,1.000000,0.083333,0.007675,0.038217,0.085974
8,54,0.333333,0.475806,0.000000,0.326505,0.666667,0.690873,0.070064,0.000000
8,55,0.666667,0.540323,0.000000,0.612416,0.333333,0.420180,0.038217,0.000000
8,56,0.666667,0.540323,0.000000,0.710497,0.333333,0.327319,0.050955,0.000000
8,57,0.750000,0.556452,0.545779,0.682164,0.250000,0.296312,0.044586,0.109156
8,58,0.750000,0.556452,0.193301,0.969738,0.250000,0.061394,0.044586,0.038660
8,59,0.541667,0.516129,0.449690,0.600915,0.458333,0.383419,0.050955,0.089938
8,60,0.416667,0.491935,0.043417,0.552482,0.583333,0.472323,0.044586,0.008683
8,61,0.375000,0.483871,0.352479,0.439615,0.625000,0.546434,0.063694,0.070496
8,62,0.250000,0.459677,0.000000,0.000000,0.750000,1.000000,0.070064,0.000000
8,63,0.416667,0.491935,0.163095,0.474883,0.583333,0.533111,0.057325,0.032619
8,64,0.666667,0.540323,0.288466,0.607735,0.333333,0.394045,0.050955,0.057693
8,65,0.708333,0.548387,0.000000,0.460517,0.291667,0.563993,0.038217,0.000000
8,66,0.333333,0.475806,0.195159,0.446038,0.666667,0.557023,0.063694,0.039032
8,67,0.458333,0.500000,0.197221,0.197071,0.541667,0.792520,0.044586,0.039444
8,68,0.166667,0.443548,0.000000,0.247822,0.833333,0.765368,0.070064,0.000000
8,69,0.125000,0.435484,0.096095,0.113270,0.875000,0.882576,0.070064,0.019219
8,70,0.208333,0.451613,0.000000,0.479084,0.791667,0.546415,0.057325,0.000000
8,71,0.333333,0.475806,0.453617,0.490435,0.666667,0.487602,0.057325,0.090723
8,72,0.291667,0.467742,0.453599,0.350439,0.708333,0.620148,0.057325,0.090720
8,73,0.291667,0.467742,0.000000,0.331614,0.708333,0.686036,0.070064,0.000000
8,74,0.166667,0.443548,0.299712,0.365099,0.833333,0.622575,0.057325,0.082965
8,75,0.000000,0.411290,0.000000,0.013232,1.000000,0.987473,0.127389,0.000000
8,76,0.208333,0.451613,0.270092,0.227479,0.791667,0.756009,0.050955,0.054018
8,77,0.541667,0.516129,0.210513,0.482425,0.458333,0.520945,0.038217,0.042103
8,78,0.750000,0.556452,0.408323,0.534725,0.250000,0.450469,0.038217,0.081665
8,79,0.500000,0.508065,0.083332,0.850332,0.500000,0.186097,0.050955,0.016666
8,80,0.333333,0.475806,0.213457,0.382333,0.666667,0.615398,0.050955,0.042691
8,81,0.416667,0.491935,0.452051,0.481164,0.583333,0.496545,0.050955,0.090410
8,82,0.458333,0.500000,0.709523,0.554169,0.541667,0.400144,0.038217,0.141905
8,83,0.666667,0.540323,0.539571,0.776840,0.333333,0.207333,0.057325,0.107914
8,84,0.666667,0.540323,0.400501,0.644216,0.333333,0.347634,0.044586,0.080100
8,85,0.250000,0.459677,0.300118,0.419312,0.750000,0.571205,0.076433,0.060024
8,86,0.541667,0.516129,0.245525,0.504330,0.458333,0.496497,0.050955,0.049105
8,87,0.083333,0.427419,0.000000,0.166054,0.916667,0.842784,0.089172,0.000000
8,88,0.166667,0.443548,0.452545,0.404092,0.833333,0.569463,0.063694,0.125272
8,89,0.208333,0.451613,0.000000,0.082952,0.791667,0.921463,0.057325,0.000000
8,90,0.625000,0.532258,0.469822,0.561391,0.375000,0.418705,0.044586,0.093964
8,91,0.375000,0.483871,0.418123,0.408765,0.625000,0.568686,0.050955,0.083625
8,92,0.750000,0.556452,0.265812,0.719134,0.250000,0.290976,0.050955,0.053162
8,93,0.500000,0.508065,0.109599,0.232515,0.500000,0.768247,0.050955,0.021920
8,94,0.375000,0.483871,0.141059,0.235204,0.625000,0.762368,0.050955,0.028212
8,95,0.333333,0.475806,0.397562,0.286194,0.666667,0.686912,0.082803,0.079512
8,96,0.083333,0.427419,0.241913,0.173963,0.916667,0.809662,0.057325,0.048383
8,97,0.625000,0.532258,0.661500,0.771960,0.375000,0.199034,0.050955,0.132300
8,98,0.375000,0.483871,0.333322,0.470185,0.625000,0.519521,0.044586,0.066664
8,99,0.875000,0.580645,1.000000,0.793879,0.125000,0.142413,0.038217,0.200000
8,100,0.416667,0.491935,0.430877,0.401852,0.583333,0.573880,0.038217,0.086175
8,101,0.541667,0.516129,0.000000,0.317457,0.458333,0.699440,0.044586,0.000000
8,102,0.750000,0.556452,0.587025,0.858052,0.250000,0.125415,0.038217,0.117405
8,103,0.541667,0.516129,0.000000,0.590005,0.458333,0.441398,0.050955,0.000000
8,104,0.291667,0.467742,0.263276,0.206130,0.708333,0.776944,0.057325,0.052655
8,105,0.708333,0.548387,0.418593,0.622610,0.291667,0.366173,0.038217,0.083719
8,106,0.083333,0.427419,0.099029,0.351915,0.916667,0.656322,0.101911,0.019806
8,107,0.541667,0.516129,0.442997,0.576451,0.458333,0.407289,0.044586,0.088599
8,108,0.416667,0.491935,0.189988,0.332049,0.583333,0.665492,0.050955,0.052592
8,109,0.500000,0.508065,0.000000,0.489678,0.500000,0.536385,0.050955,0.000000
8,110,0.250000,0.459677,0.201326,0.109011,0.750000,0.875458,0.050955,0.040265
8,111,0.458333,0.500000,0.433834,0.434185,0.541667,0.542955,0.050955,0.086767
8,112,0.416667,0.491935,0.000000,0.254947,0.583333,0.758622,0.050955,0.000000
8,113,0.791667,0.564516,0.510483,0.640106,0.208333,0.339872,0.038217,0.102097
8,114,0.541667,0.516129,0.000000,0.444188,0.458333,0.579453,0.044586,0.000000
8,115,0.291667,0.467742,0.200904,0.239757,0.708333,0.751716,0.044586,0.040181
8,116,0.000000,0.411290,0.481820,0.246681,1.000000,0.715394,0.082803,0.096364
8,117,0.500000,0.508065,0.596126,0.244368,0.500000,0.705472,0.038217,0.165018
8,118,0.208333,0.451613,0.004413,0.222913,0.791667,0.788484,0.063694,0.000883
8,119,0.375000,0.483871,0.148098,0.441533,0.625000,0.566274,0.057325,0.029620
8,120,0.375000,0.483871,0.393383,0.338468,0.625000,0.637863,0.044586,0.078677
8,121,0.583333,0.524194,0.551195,0.735341,0.416667,0.245392,0.050955,0.110239
8,122,0.833333,0.572581,0.424443,0.871901,0.166667,0.129531,0.038217,0.084889
8,123,0.291667,0.467742,0.144675,0.428635,0.708333,0.578849,0.057325,0.028935
8,124,0.500000,0.508065,0.460966,0.371962,0.500000,0.598990,0.038217,0.092193
9,0,0.875000,0.580645,0.611603,0.842713,0.125000,0.145588,0.044304,0.122321
9,1,0.708333,0.548387,0.249356,0.608645,0.291667,0.402988,0.050633,0.049871
9,2,0.708333,0.548387,0.161619,0.378793,0.291667,0.627775,0.044304,0.032324
9,3,0.583333,0.524194,0.000000,0.469420,0.416667,0.559629,0.044304,0.000000
9,4,0.166667,0.443548,0.000000,0.405532,0.833333,0.619563,0.050633,0.000000
9,5,0.666667,0.540323,0.089768,0.806758,0.333333,0.233795,0.050633,0.017954
9,6,0.416667,0.491935,0.000000,0.536090,0.583333,0.497085,0.050633,0.000000
9,7,0.333333,0.475806,0.050062,0.349104,0.666667,0.667273,0.050633,0.010012
9,8,0.416667,0.491935,0.383268,0.490100,0.583333,0.500218,0.044304,0.076654
9,9,0.666667,0.540323,0.063449,0.482459,0.333333,0.540773,0.037975,0.012690
9,10,0.416667,0.491935,0.512782,0.303415,0.583333,0.661829,0.044304,0.102556
9,11,0.500000,0.508065,0.000000,0.535153,0.500000,0.497963,0.044304,0.000000
9,12,0.541667,0.516129,0.229058,0.519186,0.458333,0.489030,0.037975,0.045812
9,13,0.375000,0.483871,0.435209,0.279398,0.625000,0.692458,0.044304,0.087042
9,14,0.375000,0.483871,0.489447,0.336383,0.625000,0.633338,0.044304,0.131427
9,15,0.458333,0.500000,0.198079,0.505517,0.541667,0.505087,0.050633,0.039616
9,16,0.833333,0.572581,0.279192,0.609985,0.166667,0.398616,0.037975,0.055838
9,17,0.916667,0.588710,0.592774,1.000000,0.083333,0.000000,0.044304,0.118555
9,18,0.583333,0.524194,0.554665,0.640080,0.416667,0.341626,0.037975,0.110933
9,19,0.291667,0.467742,0.294079,0.358102,0.708333,0.633357,0.056962,0.058816
9,20,0.583333,0.524194,0.760658,0.650279,0.416667,0.310554,0.037975,0.152132
9,21,0.375000,0.483871,0.000000,0.365910,0.625000,0.656734,0.056962,0.000000
9,22,0.625000,0.532258,0.424864,0.460769,0.375000,0.523391,0.044304,0.084973
9,23,1.000000,0.604839,0.129110,0.639568,0.000000,0.386531,0.044304,0.025822
9,24,0.416667,0.491935,0.179641,0.593694,0.583333,0.424291,0.050633,0.035928
9,25,0.958333,0.596774,0.351706,0.800031,0.041667,0.212761,0.037975,0.070341
9,26,0.208333,0.451613,0.685146,0.231340,0.791667,0.711450,0.056962,0.183977
9,27,0.708333,0.548387,0.032853,0.447506,0.291667,0.576757,0.037975,0.006571
9,28,0.250000,0.459677,0.000000,0.176044,0.750000,0.834850,0.050633,0.000000
9,29,0.541667,0.516129,0.222035,0.449649,0.458333,0.554997,0.050633,0.044407
9,30,0.250000,0.459677,0.488365,0.433844,0.750000,0.542021,0.075949,0.097673
9,31,0.208333,0.451613,0.148143,0.190588,0.791667,0.805740,0.082278,0.029629
9,32,0.916667,0.588710,0.449712,0.849715,0.083333,0.155920,0.044304,0.089942
9,33,0.458333,0.500000,0.176013,0.451225,0.541667,0.558323,0.050633,0.035203
9,34,0.458333,0.500000,0.623328,0.668223,0.541667,0.308056,0.044304,0.124666
9,35,0.583333,0.524194,0.132417,0.187317,0.416667,0.810451,0.037975,0.026483
9,36,0.375000,0.483871,0.227076,0.446029,0.625000,0.557867,0.050633,0.045415
9,37,0.541667,0.516129,0.241707,0.459893,0.458333,0.543334,0.044304,0.048341
9,38,0.125000,0.435484,0.352054,0.144432,0.875000,0.827753,0.075949,0.070411
9,39,0.708333,0.548387,0.000000,0.640641,0.291667,0.399003,0.044304,0.000000
9,40,0.125000,0.435484,0.300156,0.083041,0.875000,0.890763,0.075949,0.060031
9,41,0.208333,0.451613,0.155744,0.173579,0.791667,0.820903,0.050633,0.031149
9,42,0.250000,0.459677,0.215555,0.229932,0.750000,0.761794,0.056962,0.043111
9,43,0.500000,0.508065,0.435476,0.237771,0.500000,0.731482,0.037975,0.116935
9,44,0.541667,0.516129,0.000000,0.552354,0.458333,0.481827,0.050633,0.000000
9,45,0.583333,0.524194,1.000000,0.801881,0.416667,0.143346,0.044304,0.268522
9,46,0.666667,0.540323,0.313938,0.717963,0.333333,0.293693,0.044304,0.062788
9,47,0.791667,0.564516,0.322272,0.529244,0.208333,0.469863,0.037975,0.064454
9,48,0.416667,0.491935,0.393232,0.379455,0.583333,0.602975,0.044304,0.078646
9,49,0.375000,0.483871,0.064714,0.159361,0.625000,0.843745,0.050633,0.012943
9,50,0.625000,0.532258,0.323441,0.404432,0.375000,0.586829,0.037975,0.064688
9,51,0.375000,0.483871,0.328198,0.438049,0.625000,0.554796,0.044304,0.065640
9,52,0.291667,0.467742,0.417561,0.220209,0.708333,0.749827,0.056962,0.083512
9,53,0.916667,0.588710,0.507345,0.888958,0.083333,0.113089,0.037975,0.101469
9,54,0.333333,0.475806,0.168150,0.333404,0.666667,0.669674,0.069620,0.033630
9,55,0.666667,0.540323,0.137404,0.683448,0.333333,0.344501,0.037975,0.027481
9,56,0.666667,0.540323,0.000000,0.644663,0.333333,0.395230,0.050633,0.000000
9,57,0.750000,0.556452,0.269606,0.641672,0.250000,0.369891,0.044304,0.053921
9,58,0.750000,0.556452,0.108731,0.893365,0.250000,0.150568,0.044304,0.021746
9,59,0.541667,0.516129,0.349764,0.509781,0.458333,0.485252,0.050633,0.069953
9,60,0.416667,0.491935,0.158707,0.454623,0.583333,0.556942,0.044304,0.031741
9,61,0.375000,0.483871,0.533086,0.469707,0.625000,0.503709,0.063291,0.143145
9,62,0.250000,0.459677,0.000000,0.133160,0.750000,0.875081,0.069620,0.000000
9,63,0.416667,0.491935,0.048679,0.481679,0.583333,0.543046,0.056962,0.009736
9,64,0.666667,0.540323,0.310999,0.650414,0.333333,0.357368,0.050633,0.062200
9,65,0.708333,0.548387,0.000000,0.537105,0.291667,0.496133,0.037975,0.000000
9,66,0.333333,0.475806,0.000000,0.226099,0.666667,0.787893,0.063291,0.000000
9,67,0.458333,0.500000,0.189720,0.313668,0.541667,0.685937,0.044304,0.037944
9,68,0.166667,0.443548,0.086270,0.373948,0.833333,0.640186,0.069620,0.017254
9,69,0.125000,0.435484,0.000000,0.247169,0.875000,0.768126,0.069620,0.000000
9,70,0.208333,0.451613,0.000000,0.442735,0.791667,0.584662,0.056962,0.000000
9,71,0.333333,0.475806,0.392815,0.280794,0.666667,0.695574,0.056962,0.078563
9,72,0.291667,0.467742,0.313282,0.272644,0.708333,0.711523,0.056962,0.062656
9,73,0.291667,0.467742,0.101610,0.348126,0.708333,0.662809,0.069620,0.020322
9,74,0.166667,0.443548,0.000000,0.212680,0.833333,0.800481,0.063291,0.000000
9,75,0.000000,0.411290,0.000000,0.000000,1.000000,1.000000,0.126582,0.000000
9,76,0.208333,0.451613,0.347160,0.275534,0.791667,0.705275,0.050633,0.069432
9,77,0.541667,0.516129,0.483145,0.539015,0.458333,0.443903,0.037975,0.096629
9,78,0.750000,0.556452,0.387352,0.529944,0.250000,0.462413,0.037975,0.077470
9,79,0.500000,0.508065,0.106157,0.626220,0.500000,0.401450,0.050633,0.021231
9,80,0.333333,0.475806,0.382087,0.223325,0.666667,0.750607,0.050633,0.076417
9,81,0.416667,0.491935,0.447792,0.291057,0.583333,0.680207,0.050633,0.089558
9,82,0.458333,0.500000,0.545326,0.563395,0.541667,0.414540,0.037975,0.109065
9,83,0.666667,0.540323,0.687799,0.824384,0.333333,0.154829,0.056962,0.137560
9,84,0.666667,0.540323,0.329024,0.550442,0.333333,0.449273,0.044304,0.065805
9,85,0.250000,0.459677,0.315083,0.499424,0.750000,0.498588,0.075949,0.063017
9,86,0.541667,0.516129,0.544016,0.720277,0.458333,0.267503,0.050633,0.108803
9,87,0.083333,0.427419,0.122863,0.092060,0.916667,0.900810,0.088608,0.032992
9,88,0.166667,0.443548,0.000000,0.368603,0.833333,0.654207,0.069620,0.000000
9,89,0.208333,0.451613,0.088541,0.263656,0.791667,0.743416,0.056962,0.017708
9,90,0.625000,0.532258,0.351898,0.380468,0.375000,0.606340,0.044304,0.070380
9,91,0.375000,0.483871,0.261236,0.214247,0.625000,0.771740,0.050633,0.052247
9,92,0.750000,0.556452,0.377673,0.705615,0.250000,0.298623,0.050633,0.075535
9,93,0.500000,0.508065,0.124665,0.299859,0.500000,0.705682,0.050633,0.024933
9,94,0.375000,0.483871,0.206867,0.282214,0.625000,0.713655,0.050633,0.041373
9,95,0.333333,0.475806,0.038652,0.147284,0.666667,0.857795,0.082278,0.007730
9,96,0.083333,0.427419,0.458076,0.144942,0.916667,0.816206,0.056962,0.123003
9,97,0.625000,0.532258,0.433587,0.721062,0.375000,0.278295,0.050633,0.086717
9,98,0.375000,0.483871,0.413752,0.287024,0.625000,0.687544,0.044304,0.082750
9,99,0.875000,0.580645,0.940857,0.790324,0.125000,0.160363,0.037975,0.188171
9,100,0.416667,0.491935,0.195920,0.339911,0.583333,0.660671,0.037975,0.039184
9,101,0.541667,0.516129,0.000000,0.357690,0.458333,0.664445,0.044304,0.000000
9,102,0.750000,0.556452,0.440569,0.686531,0.250000,0.309961,0.037975,0.088114
9,103,0.541667,0.516129,0.293051,0.484076,0.458333,0.515287,0.050633,0.058610
9,104,0.291667,0.467742,0.218619,0.141674,0.708333,0.844271,0.056962,0.043724
9,105,0.708333,0.548387,0.657825,0.636803,0.291667,0.333931,0.037975,0.131565
9,106,0.083333,0.427419,0.000000,0.266415,0.916667,0.750072,0.101266,0.000000
9,107,0.541667,0.516129,0.636767,0.500745,0.458333,0.463767,0.044304,0.127353
9,108,0.416667,0.491935,0.000000,0.238446,0.583333,0.776310,0.056962,0.000000
9,109,0.500000,0.508065,0.000000,0.503755,0.500000,0.527419,0.050633,0.000000
9,110,0.250000,0.459677,0.040938,0.151136,0.750000,0.853943,0.050633,0.008188
9,111,0.458333,0.500000,0.580017,0.512935,0.541667,0.458256,0.050633,0.116003
9,112,0.416667,0.491935,0.041171,0.349688,0.583333,0.667653,0.050633,0.008234
9,113,0.791667,0.564516,0.478259,0.606397,0.208333,0.381201,0.037975,0.095652
9,114,0.541667,0.516129,0.000000,0.484268,0.458333,0.545699,0.044304,0.000000
9,115,0.291667,0.467742,0.146062,0.165364,0.708333,0.829621,0.044304,0.029212
9,116,0.000000,0.411290,0.277031,0.134544,1.000000,0.844862,0.082278,0.055406
9,117,0.500000,0.508065,0.605084,0.462486,0.500000,0.502966,0.044304,0.121017
9,118,0.208333,0.451613,0.000000,0.043297,0.791667,0.959383,0.063291,0.000000
9,119,0.375000,0.483871,0.462882,0.513167,0.625000,0.470267,0.056962,0.092576
9,120,0.375000,0.483871,0.334171,0.467538,0.625000,0.526509,0.044304,0.066834
9,121,0.583333,0.524194,0.317711,0.573801,0.416667,0.428540,0.050633,0.063542
9,122,0.833333,0.572581,0.480724,0.835371,0.166667,0.166139,0.037975,0.096145
9,123,0.291667,0.467742,0.000000,0.329837,0.708333,0.690574,0.056962,0.000000
9,124,0.500000,0.508065,0.575878,0.429890,0.500000,0.536595,0.037975,0.115176
10,0,0.875000,0.580645,0.464821,0.825925,0.125000,0.177445,0.044025,0.092964
10,1,0.708333,0.548387,0.000000,0.498870,0.291667,0.530167,0.050314,0.000000
10,2,0.708333,0.548387,0.035363,0.463341,0.291667,0.560227,0.044025,0.007073
10,3,0.583333,0.524194,0.133517,0.536782,0.416667,0.481621,0.044025,0.026703
10,4,0.166667,0.443548,0.460320,0.316808,0.833333,0.657361,0.050314,0.092064
10,5,0.666667,0.540323,0.398816,0.717555,0.333333,0.285855,0.050314,0.079763
10,6,0.416667,0.491935,0.000000,0.212003,0.583333,0.800337,0.050314,0.000000
10,7,0.333333,0.475806,0.270252,0.538468,0.666667,0.466883,0.050314,0.054050
10,8,0.416667,0.491935,0.345187,0.290390,0.583333,0.693314,0.044025,0.069037
10,9,0.666667,0.540323,0.158438,0.498338,0.333333,0.515431,0.037736,0.031688
10,10,0.416667,0.491935,0.580674,0.363677,0.583333,0.601645,0.044025,0.116135
10,11,0.500000,0.508065,0.000000,0.533128,0.500000,0.497904,0.044025,0.000000
10,12,0.541667,0.516129,0.593172,0.444367,0.458333,0.524449,0.037736,0.118634
10,13,0.375000,0.483871,0.447554,0.186310,0.625000,0.781490,0.044025,0.089511
10,14,0.375000,0.483871,0.444560,0.338489,0.625000,0.638458,0.050314,0.088912
10,15,0.458333,0.500000,0.093394,0.272129,0.541667,0.734729,0.050314,0.018679
10,16,0.833333,0.572581,0.319112,0.651507,0.166667,0.355724,0.037736,0.063822
10,17,0.916667,0.588710,0.605208,1.000000,0.083333,0.000000,0.044025,0.121042
10,18,0.583333,0.524194,0.629309,0.460475,0.416667,0.505803,0.037736,0.125862
10,19,0.291667,0.467742,0.196082,0.393782,0.708333,0.610280,0.056604,0.039216
10,20,0.583333,0.524194,0.347373,0.468401,0.416667,0.525454,0.037736,0.069475
10,21,0.375000,0.483871,0.246605,0.215526,0.625000,0.773301,0.056604,0.049321
10,22,0.625000,0.532258,0.325044,0.378748,0.375000,0.612036,0.044025,0.082511
10,23,1.000000,0.604839,0.097430,0.764450,0.000000,0.270675,0.044025,0.019486
10,24,0.416667,0.491935,0.218750,0.475968,0.583333,0.530698,0.050314,0.043750
10,25,0.958333,0.596774,0.387867,0.735784,0.041667,0.269740,0.037736,0.077573
10,26,0.208333,0.451613,0.373536,0.160220,0.791667,0.813180,0.062893,0.074707
10,27,0.708333,0.548387,0.533237,0.416388,0.291667,0.556564,0.037736,0.106647
10,28,0.250000,0.459677,0.000000,0.053864,0.750000,0.949271,0.050314,0.000000
10,29,0.541667,0.516129,0.374658,0.405249,0.458333,0.582306,0.050314,0.074932
10,30,0.250000,0.459677,0.434414,0.368530,0.750000,0.611141,0.075472,0.086883
10,31,0.208333,0.451613,0.256619,0.191195,0.791667,0.795253,0.081761,0.051324
10,32,0.916667,0.588710,0.147006,0.694849,0.083333,0.331457,0.044025,0.029401
10,33,0.458333,0.500000,0.032672,0.340944,0.541667,0.675759,0.050314,0.006534
10,34,0.458333,0.500000,0.684274,0.534712,0.541667,0.430601,0.044025,0.136855
10,35,0.583333,0.524194,0.298360,0.303528,0.416667,0.685444,0.037736,0.059672
10,36,0.375000,0.483871,0.063934,0.273332,0.625000,0.736429,0.050314,0.012787
10,37,0.541667,0.516129,0.152531,0.281257,0.458333,0.720444,0.044025,0.030506
10,38,0.125000,0.435484,0.076658,0.075695,0.875000,0.921338,0.075472,0.015332
10,39,0.708333,0.548387,0.000000,0.330860,0.291667,0.688399,0.044025,0.000000
10,40,0.125000,0.435484,0.539623,0.077804,0.875000,0.874826,0.075472,0.136981
10,41,0.208333,0.451613,0.000000,0.006714,0.791667,0.993677,0.050314,0.000000
10,42,0.250000,0.459677,0.532115,0.210253,0.750000,0.750808,0.056604,0.106423
10,43,0.500000,0.508065,0.265721,0.215578,0.500000,0.771414,0.044025,0.053144
10,44,0.541667,0.516129,0.000000,0.394699,0.458333,0.628275,0.050314,0.000000
10,45,0.583333,0.524194,0.739607,0.592593,0.416667,0.370767,0.050314,0.147921
10,46,0.666667,0.540323,0.500643,0.341185,0.333333,0.630525,0.044025,0.100129
10,47,0.791667,0.564516,0.322254,0.504270,0.208333,0.494089,0.037736,0.064451
10,48,0.416667,0.491935,0.262462,0.237657,0.583333,0.750934,0.044025,0.052492
10,49,0.375000,0.483871,0.380415,0.338295,0.625000,0.644809,0.050314,0.076083
10,50,0.625000,0.532258,0.260050,0.358752,0.375000,0.637119,0.037736,0.052010
10,51,0.375000,0.483871,0.167355,0.311565,0.625000,0.690475,0.044025,0.033471
10,52,0.291667,0.467742,0.374707,0.219858,0.708333,0.756902,0.056604,0.074941
10,53,0.916667,0.588710,0.802690,0.753565,0.083333,0.213098,0.037736,0.160538
10,54,0.333333,0.475806,0.129655,0.332532,0.666667,0.674354,0.069182,0.025931
10,55,0.666667,0.540323,0.407222,0.639290,0.333333,0.358756,0.037736,0.081444
10,56,0.666667,0.540323,0.000000,0.575639,0.333333,0.457867,0.050314,0.000000
10,57,0.750000,0.556452,0.269420,0.673694,0.250000,0.339607,0.044025,0.053884
10,58,0.750000,0.556452,0.000000,0.884534,0.250000,0.166952,0.044025,0.000000
10,59,0.541667,0.516129,0.541194,0.426775,0.458333,0.546016,0.050314,0.108239
10,60,0.416667,0.491935,0.485921,0.499020,0.583333,0.483292,0.044025,0.097184
10,61,0.375000,0.483871,0.075893,0.364125,0.625000,0.649770,0.069182,0.015179
10,62,0.250000,0.459677,0.000000,0.085566,0.750000,0.919414,0.069182,0.000000
10,63,0.416667,0.491935,0.214563,0.401135,0.583333,0.601578,0.056604,0.042913
10,64,0.666667,0.540323,0.274539,0.618873,0.333333,0.390745,0.050314,0.054908
10,65,0.708333,0.548387,0.027988,0.447082,0.291667,0.576249,0.037736,0.005598
10,66,0.333333,0.475806,0.225172,0.302494,0.666667,0.693457,0.062893,0.045034
10,67,0.458333,0.500000,0.343265,0.293771,0.541667,0.690315,0.044025,0.068653
10,68,0.166667,0.443548,0.000000,0.291501,0.833333,0.725467,0.069182,0.000000
10,69,0.125000,0.435484,0.168309,0.078058,0.875000,0.910298,0.069182,0.033662
10,70,0.208333,0.451613,0.206267,0.368235,0.791667,0.633360,0.056604,0.041253
10,71,0.333333,0.475806,0.291647,0.035996,0.666667,0.938050,0.056604,0.058329
10,72,0.291667,0.467742,0.400288,0.285864,0.708333,0.692277,0.056604,0.080058
10,73,0.291667,0.467742,0.308075,0.158875,0.708333,0.820743,0.069182,0.061615
10,74,0.166667,0.443548,0.000000,0.157053,0.833333,0.852088,0.062893,0.000000
10,75,0.000000,0.411290,0.000000,0.000000,1.000000,1.000000,0.125786,0.000000
10,76,0.208333,0.451613,0.181942,0.020006,0.791667,0.963660,0.050314,0.036388
10,77,0.541667,0.516129,0.072915,0.319165,0.458333,0.692400,0.037736,0.014583
10,78,0.750000,0.556452,0.500882,0.496315,0.250000,0.484400,0.037736,0.100176
10,79,0.500000,0.508065,0.102559,0.590348,0.500000,0.434150,0.050314,0.020512
10,80,0.333333,0.475806,0.535037,0.329700,0.666667,0.638033,0.050314,0.107007
10,81,0.416667,0.491935,0.246036,0.262907,0.583333,0.728733,0.050314,0.049207
10,82,0.458333,0.500000,0.525779,0.551857,0.541667,0.429697,0.037736,0.105156
10,83,0.666667,0.540323,0.878870,0.734201,0.333333,0.224008,0.056604,0.175774
10,84,0.666667,0.540323,0.623746,0.670887,0.333333,0.308174,0.044025,0.158336
10,85,0.250000,0.459677,0.458703,0.319136,0.750000,0.655323,0.075472,0.091741
10,86,0.541667,0.516129,0.460963,0.633153,0.458333,0.359367,0.050314,0.092193
10,87,0.083333,0.427419,0.140814,0.146761,0.916667,0.848238,0.094340,0.028163
10,88,0.166667,0.443548,0.000000,0.278228,0.833333,0.737967,0.069182,0.000000
10,89,0.208333,0.451613,0.237790,0.211493,0.791667,0.777947,0.056604,0.047558
10,90,0.625000,0.532258,0.322004,0.234502,0.375000,0.748178,0.044025,0.064401
10,91,0.375000,0.483871,0.337358,0.229938,0.625000,0.751000,0.050314,0.067472
10,92,0.750000,0.556452,0.425292,0.517158,0.250000,0.472041,0.050314,0.085058
10,93,0.500000,0.508065,0.000000,0.274137,0.500000,0.741819,0.050314,0.000000
10,94,0.375000,0.483871,0.171460,0.371598,0.625000,0.633541,0.050314,0.034292
10,95,0.333333,0.475806,0.195853,0.057068,0.666667,0.927417,0.081761,0.039171
10,96,0.083333,0.427419,0.000000,0.218406,0.916667,0.794307,0.062893,0.000000
10,97,0.625000,0.532258,0.840575,0.715084,0.375000,0.245696,0.050314,0.168115
10,98,0.375000,0.483871,0.648132,0.368096,0.625000,0.590995,0.044025,0.129626
10,99,0.875000,0.580645,0.647437,0.580438,0.125000,0.391080,0.037736,0.129487
10,100,0.416667,0.491935,0.619231,0.244235,0.583333,0.710426,0.037736,0.123846
10,101,0.541667,0.516129,0.000000,0.387410,0.458333,0.635140,0.044025,0.000000
10,102,0.750000,0.556452,0.300953,0.709200,0.250000,0.303135,0.037736,0.060191
10,103,0.541667,0.516129,0.472646,0.515033,0.458333,0.469488,0.050314,0.119980
10,104,0.291667,0.467742,0.227949,0.204911,0.708333,0.785093,0.056604,0.045590
10,105,0.708333,0.548387,0.539637,0.552301,0.291667,0.427946,0.037736,0.107927
10,106,0.083333,0.427419,0.082190,0.390991,0.916667,0.623862,0.100629,0.016438
10,107,0.541667,0.516129,0.499011,0.428186,0.458333,0.548744,0.044025,0.126672
10,108,0.416667,0.491935,0.743430,0.376116,0.583333,0.574276,0.056604,0.148686
10,109,0.500000,0.508065,0.000000,0.200435,0.500000,0.811231,0.050314,0.000000
10,110,0.250000,0.459677,0.000000,0.105838,0.750000,0.900322,0.050314,0.000000
10,111,0.458333,0.500000,0.499274,0.545046,0.541667,0.438661,0.050314,0.099855
10,112,0.416667,0.491935,0.135386,0.104785,0.583333,0.888293,0.050314,0.027077
10,113,0.791667,0.564516,1.000000,0.516158,0.208333,0.417710,0.037736,0.253847
10,114,0.541667,0.516129,0.000000,0.361697,0.458333,0.659356,0.044025,0.000000
10,115,0.291667,0.467742,0.372940,0.180001,0.708333,0.794608,0.044025,0.074588
10,116,0.000000,0.411290,0.479316,0.066555,1.000000,0.891220,0.081761,0.121673
10,117,0.500000,0.508065,0.474163,0.224448,0.500000,0.743013,0.044025,0.094833
10,118,0.208333,0.451613,0.000000,0.078392,0.791667,0.926171,0.062893,0.000000
10,119,0.375000,0.483871,0.000000,0.433535,0.625000,0.591700,0.056604,0.000000
10,120,0.375000,0.483871,0.758619,0.512326,0.625000,0.444534,0.044025,0.151724
10,121,0.583333,0.524194,0.211018,0.522597,0.416667,0.487526,0.050314,0.042204
10,122,0.833333,0.572581,0.401818,0.736093,0.166667,0.268107,0.037736,0.080364
10,123,0.291667,0.467742,0.000000,0.146823,0.708333,0.861723,0.056604,0.000000
10,124,0.500000,0.508065,0.825030,0.539604,0.500000,0.412456,0.037736,0.165006
11,0,0.875000,0.580645,0.992132,0.925999,0.125000,0.000000,0.043750,0.198426
11,1,0.708333,0.548387,0.001896,0.521080,0.291667,0.495132,0.050000,0.000379
11,2,0.708333,0.548387,0.142029,0.629956,0.291667,0.375114,0.043750,0.028406
11,3,0.583333,0.524194,0.000000,0.378863,0.416667,0.633068,0.043750,0.000000
11,4,0.166667,0.443548,0.710047,0.464244,0.833333,0.476545,0.050000,0.142009
11,5,0.666667,0.540323,0.402259,0.863956,0.333333,0.121424,0.050000,0.080452
11,6,0.416667,0.491935,0.000000,0.478536,0.583333,0.536534,0.050000,0.000000
11,7,0.333333,0.475806,0.235923,0.445761,0.666667,0.543745,0.050000,0.047185
11,8,0.416667,0.491935,0.586158,0.456690,0.583333,0.496743,0.043750,0.117232
11,9,0.666667,0.540323,0.234508,0.509420,0.333333,0.482238,0.037500,0.046902
11,10,0.416667,0.491935,0.580114,0.270638,0.583333,0.677564,0.043750,0.160575
11,11,0.500000,0.508065,0.227047,0.576099,0.500000,0.418435,0.043750,0.045409
11,12,0.541667,0.516129,0.101880,0.814339,0.458333,0.200712,0.037500,0.020376
11,13,0.375000,0.483871,0.372732,0.292726,0.625000,0.677735,0.043750,0.074546
11,14,0.375000,0.483871,0.559550,0.542739,0.625000,0.416170,0.050000,0.111910
11,15,0.458333,0.500000,0.452437,0.580498,0.541667,0.390738,0.050000,0.090487
11,16,0.833333,0.572581,0.373696,0.739086,0.166667,0.245332,0.037500,0.074739
11,17,0.916667,0.588710,0.453351,0.826332,0.083333,0.152551,0.043750,0.090670
11,18,0.583333,0.524194,0.492580,0.615613,0.416667,0.352555,0.037500,0.098516
11,19,0.291667,0.467742,0.246241,0.416999,0.708333,0.570529,0.056250,0.049248
11,20,0.583333,0.524194,0.334793,0.634669,0.416667,0.350505,0.037500,0.066959
11,21,0.375000,0.483871,0.000000,0.331378,0.625000,0.679058,0.056250,0.000000
11,22,0.625000,0.532258,0.114892,0.408482,0.375000,0.592435,0.050000,0.022978
11,23,1.000000,0.604839,0.250990,0.629678,0.000000,0.364054,0.043750,0.050198
11,24,0.416667,0.491935,0.216386,0.463883,0.583333,0.528225,0.050000,0.043277
11,25,0.958333,0.596774,0.434642,0.704203,0.041667,0.272779,0.037500,0.086928
11,26,0.208333,0.451613,0.108212,0.144134,0.791667,0.849153,0.062500,0.021642
11,27,0.708333,0.548387,0.179005,0.476288,0.291667,0.520098,0.037500,0.035801
11,28,0.250000,0.459677,0.000000,0.108189,0.750000,0.895218,0.050000,0.000000
11,29,0.541667,0.516129,0.242419,0.479331,0.458333,0.510557,0.050000,0.048484
11,30,0.250000,0.459677,0.660045,0.441811,0.750000,0.503470,0.075000,0.132009
11,31,0.208333,0.451613,0.088805,0.402912,0.791667,0.600542,0.081250,0.017761
11,32,0.916667,0.588710,0.461331,0.773565,0.083333,0.202826,0.043750,0.092266
11,33,0.458333,0.500000,0.000000,0.457782,0.541667,0.556634,0.050000,0.000000
11,34,0.458333,0.500000,0.194796,0.448451,0.541667,0.545416,0.043750,0.038959
11,35,0.583333,0.524194,0.535538,0.429885,0.416667,0.527967,0.037500,0.107108
11,36,0.375000,0.483871,0.282113,0.561045,0.625000,0.427289,0.050000,0.056423
11,37,0.541667,0.516129,0.211983,0.485396,0.458333,0.507847,0.043750,0.042397
11,38,0.125000,0.435484,0.236470,0.117399,0.875000,0.861710,0.075000,0.047294
11,39,0.708333,0.548387,0.261577,0.642710,0.291667,0.350331,0.043750,0.052315
11,40,0.125000,0.435484,0.266010,0.191576,0.875000,0.786797,0.081250,0.053202
11,41,0.208333,0.451613,0.086005,0.304112,0.791667,0.696522,0.050000,0.017201
11,42,0.250000,0.459677,0.344743,0.329300,0.750000,0.645223,0.056250,0.068949
11,43,0.500000,0.508065,0.247248,0.372403,0.500000,0.613616,0.043750,0.049450
11,44,0.541667,0.516129,0.000000,0.466185,0.458333,0.548496,0.050000,0.000000
11,45,0.583333,0.524194,0.545763,0.761276,0.416667,0.205949,0.050000,0.109153
11,46,0.666667,0.540323,0.520330,0.566915,0.333333,0.396834,0.043750,0.144027
11,47,0.791667,0.564516,0.358278,0.705367,0.208333,0.279592,0.037500,0.071656
11,48,0.416667,0.491935,0.531265,0.483875,0.583333,0.476121,0.043750,0.106253
11,49,0.375000,0.483871,0.357186,0.312649,0.625000,0.660057,0.050000,0.071437
11,50,0.625000,0.532258,0.390887,0.449182,0.375000,0.524318,0.037500,0.078177
11,51,0.375000,0.483871,0.190499,0.475125,0.625000,0.520030,0.043750,0.038100
11,52,0.291667,0.467742,0.647445,0.264690,0.708333,0.676324,0.056250,0.129489
11,53,0.916667,0.588710,0.518227,0.846708,0.083333,0.126071,0.037500,0.103645
11,54,0.333333,0.475806,0.018531,0.398125,0.666667,0.612486,0.068750,0.003706
11,55,0.666667,0.540323,0.058623,0.827387,0.333333,0.192573,0.037500,0.011725
11,56,0.666667,0.540323,0.000000,0.823561,0.333333,0.202374,0.050000,0.000000
11,57,0.750000,0.556452,0.000000,0.588948,0.250000,0.429599,0.043750,0.000000
11,58,0.750000,0.556452,0.023926,1.000000,0.250000,0.029004,0.043750,0.004785
11,59,0.541667,0.516129,0.526781,0.519663,0.458333,0.441927,0.050000,0.105356
11,60,0.416667,0.491935,0.098606,0.503223,0.583333,0.502371,0.043750,0.019721
11,61,0.375000,0.483871,0.167112,0.556489,0.625000,0.443659,0.068750,0.033422
11,62,0.250000,0.459677,0.000000,0.218737,0.750000,0.788152,0.068750,0.000000
11,63,0.416667,0.491935,0.000000,0.468035,0.583333,0.546704,0.056250,0.000000
11,64,0.666667,0.540323,0.604320,0.609698,0.333333,0.346665,0.050000,0.167276
11,65,0.708333,0.548387,0.000000,0.595491,0.291667,0.423262,0.037500,0.000000
11,66,0.333333,0.475806,0.202822,0.341924,0.666667,0.647754,0.062500,0.040564
11,67,0.458333,0.500000,0.164946,0.369983,0.541667,0.624517,0.043750,0.032989
11,68,0.166667,0.443548,0.000000,0.452932,0.833333,0.561332,0.068750,0.000000
11,69,0.125000,0.435484,0.000000,0.086079,0.875000,0.916631,0.068750,0.000000
11,70,0.208333,0.451613,0.219397,0.299799,0.791667,0.686829,0.056250,0.043879
11,71,0.333333,0.475806,0.346700,0.301798,0.666667,0.671656,0.056250,0.069340
11,72,0.291667,0.467742,0.193203,0.290920,0.708333,0.698153,0.056250,0.038641
11,73,0.291667,0.467742,0.142262,0.299777,0.708333,0.694871,0.068750,0.039378
11,74,0.166667,0.443548,0.416466,0.205841,0.833333,0.757337,0.062500,0.083293
11,75,0.000000,0.411290,0.000000,0.000000,1.000000,1.000000,0.125000,0.000000
11,76,0.208333,0.451613,0.536490,0.358562,0.791667,0.596946,0.050000,0.107298
11,77,0.541667,0.516129,0.343764,0.399562,0.458333,0.577276,0.037500,0.068753
11,78,0.750000,0.556452,0.145357,0.539418,0.250000,0.462455,0.037500,0.029071
11,79,0.500000,0.508065,0.221310,0.509378,0.500000,0.483651,0.050000,0.044262
11,80,0.333333,0.475806,0.487261,0.527698,0.666667,0.438254,0.050000,0.097452
11,81,0.416667,0.491935,0.323525,0.496740,0.583333,0.485263,0.050000,0.064705
11,82,0.458333,0.500000,0.671606,0.616688,0.541667,0.332898,0.037500,0.134321
11,83,0.666667,0.540323,0.678772,0.852687,0.333333,0.103586,0.056250,0.187884
11,84,0.666667,0.540323,0.056570,0.670641,0.333333,0.344596,0.050000,0.011314
11,85,0.250000,0.459677,0.136978,0.521655,0.750000,0.480530,0.075000,0.027396
11,86,0.541667,0.516129,0.308890,0.641443,0.458333,0.346638,0.050000,0.061778
11,87,0.083333,0.427419,0.044277,0.268381,0.916667,0.735466,0.093750,0.008855
11,88,0.166667,0.443548,0.000000,0.553226,0.833333,0.464196,0.068750,0.000000
11,89,0.208333,0.451613,0.109577,0.251539,0.791667,0.744988,0.056250,0.021915
11,90,0.625000,0.532258,0.255790,0.588919,0.375000,0.403029,0.043750,0.051158
11,91,0.375000,0.483871,0.067286,0.329964,0.625000,0.673431,0.050000,0.013457
11,92,0.750000,0.556452,0.437754,0.685872,0.250000,0.290209,0.050000,0.087551
11,93,0.500000,0.508065,0.127788,0.393054,0.500000,0.606037,0.050000,0.025558
11,94,0.375000,0.483871,0.261775,0.141945,0.625000,0.835306,0.050000,0.052355
11,95,0.333333,0.475806,0.134153,0.371072,0.666667,0.626665,0.081250,0.026831
11,96,0.083333,0.427419,0.227399,0.297201,0.916667,0.688513,0.062500,0.045480
11,97,0.625000,0.532258,0.262923,0.708534,0.375000,0.286440,0.050000,0.052585
11,98,0.375000,0.483871,0.518227,0.143178,0.625000,0.807445,0.043750,0.103645
11,99,0.875000,0.580645,1.000000,0.869028,0.125000,0.054358,0.037500,0.200000
11,100,0.416667,0.491935,0.622935,0.515354,0.583333,0.436102,0.037500,0.172428
11,101,0.541667,0.516129,0.000000,0.529982,0.458333,0.486708,0.043750,0.000000
11,102,0.750000,0.556452,0.258367,0.802661,0.250000,0.195751,0.037500,0.051673
11,103,0.541667,0.516129,0.158772,0.616161,0.458333,0.386734,0.056250,0.031754
11,104,0.291667,0.467742,0.144211,0.308313,0.708333,0.686402,0.056250,0.028842
11,105,0.708333,0.548387,0.825135,0.835343,0.291667,0.105165,0.037500,0.165027
11,106,0.083333,0.427419,0.000000,0.237236,0.916667,0.770235,0.100000,0.000000
11,107,0.541667,0.516129,0.547842,0.711861,0.458333,0.253592,0.050000,0.109568
11,108,0.416667,0.491935,0.052554,0.424153,0.583333,0.583740,0.056250,0.010511
11,109,0.500000,0.508065,0.000000,0.372974,0.500000,0.638772,0.050000,0.000000
11,110,0.250000,0.459677,0.288279,0.284753,0.750000,0.694239,0.050000,0.057656
11,111,0.458333,0.500000,0.787061,0.516121,0.541667,0.418294,0.050000,0.157412
11,112,0.416667,0.491935,0.183466,0.182743,0.583333,0.803935,0.050000,0.036693
11,113,0.791667,0.564516,0.366226,0.572421,0.208333,0.407525,0.043750,0.073245
11,114,0.541667,0.516129,0.270165,0.433263,0.458333,0.552289,0.043750,0.054033
11,115,0.291667,0.467742,0.463988,0.211057,0.708333,0.747344,0.043750,0.128432
11,116,0.000000,0.411290,0.389249,0.279992,1.000000,0.688351,0.087500,0.077850
11,117,0.500000,0.508065,0.323517,0.275608,0.500000,0.699431,0.043750,0.064703
11,118,0.208333,0.451613,0.000000,0.327009,0.791667,0.683289,0.062500,0.000000
11,119,0.375000,0.483871,0.347459,0.636795,0.625000,0.347130,0.056250,0.069492
11,120,0.375000,0.483871,0.272436,0.417782,0.625000,0.567047,0.043750,0.054487
11,121,0.583333,0.524194,0.000000,0.686822,0.416667,0.334807,0.050000,0.000000
11,122,0.833333,0.572581,0.594040,0.870983,0.166667,0.094677,0.037500,0.118808
11,123,0.291667,0.467742,0.286691,0.442394,0.708333,0.541727,0.056250,0.057338
11,124,0.500000,0.508065,0.484418,0.348912,0.500000,0.611705,0.037500,0.096884
12,0,0.875000,0.580645,0.987794,0.959451,0.125000,0.004766,0.043478,0.197559
12,1,0.708333,0.548387,0.431041,0.838683,0.291667,0.169847,0.049689,0.086208
12,2,0.708333,0.548387,0.000000,0.620520,0.291667,0.415152,0.043478,0.000000
12,3,0.583333,0.524194,0.199213,0.530664,0.416667,0.481502,0.043478,0.039843
12,4,0.166667,0.443548,0.452811,0.216090,0.833333,0.754645,0.049689,0.090562
12,5,0.666667,0.540323,0.624428,1.000000,0.333333,0.000000,0.049689,0.124886
12,6,0.416667,0.491935,0.329273,0.697114,0.583333,0.312647,0.049689,0.065855
12,7,0.333333,0.475806,0.225749,0.314325,0.666667,0.682961,0.049689,0.045150
12,8,0.416667,0.491935,0.222878,0.523471,0.583333,0.486103,0.043478,0.044576
12,9,0.666667,0.540323,0.602412,0.572179,0.333333,0.405254,0.037267,0.120482
12,10,0.416667,0.491935,0.392567,0.185525,0.583333,0.789000,0.049689,0.097174
12,11,0.500000,0.508065,0.139024,0.392903,0.500000,0.616885,0.043478,0.027805
12,12,0.541667,0.516129,0.029658,0.595695,0.458333,0.435819,0.037267,0.005932
12,13,0.375000,0.483871,0.385101,0.391742,0.625000,0.595324,0.043478,0.077020
12,14,0.375000,0.483871,0.417566,0.380938,0.625000,0.602519,0.049689,0.103362
12,15,0.458333,0.500000,0.343951,0.464400,0.541667,0.530632,0.049689,0.068790
12,16,0.833333,0.572581,0.539752,0.537963,0.166667,0.443271,0.037267,0.107950
12,17,0.916667,0.588710,0.634350,0.702574,0.083333,0.279415,0.043478,0.126870
12,18,0.583333,0.524194,0.426499,0.742418,0.416667,0.260997,0.037267,0.085300
12,19,0.291667,0.467742,0.112275,0.223984,0.708333,0.778556,0.055901,0.022455
12,20,0.583333,0.524194,0.338483,0.693208,0.416667,0.315480,0.037267,0.067697
12,21,0.375000,0.483871,0.041668,0.285655,0.625000,0.726930,0.055901,0.008334
12,22,0.625000,0.532258,0.316014,0.543912,0.375000,0.458262,0.049689,0.063203
12,23,1.000000,0.604839,0.066894,0.704785,0.000000,0.329573,0.043478,0.013379
12,24,0.416667,0.491935,0.212849,0.479982,0.583333,0.528015,0.049689,0.042570
12,25,0.958333,0.596774,0.251665,0.743197,0.041667,0.276358,0.037267,0.050333
12,26,0.208333,0.451613,0.295444,0.285768,0.791667,0.703461,0.062112,0.059089
12,27,0.708333,0.548387,0.257440,0.422330,0.291667,0.578248,0.037267,0.051488
12,28,0.250000,0.459677,0.000000,0.241168,0.750000,0.772696,0.049689,0.000000
12,29,0.541667,0.516129,0.000000,0.458932,0.458333,0.567450,0.049689,0.000000
12,30,0.250000,0.459677,0.501656,0.297618,0.750000,0.673307,0.074534,0.100331
12,31,0.208333,0.451613,0.048323,0.249004,0.791667,0.760862,0.080745,0.009665
12,32,0.916667,0.588710,0.447052,0.828972,0.083333,0.177526,0.043478,0.089410
12,33,0.458333,0.500000,0.206235,0.554811,0.541667,0.458097,0.049689,0.041247
12,34,0.458333,0.500000,0.526330,0.497143,0.541667,0.482981,0.043478,0.105266
12,35,0.583333,0.524194,0.364035,0.372347,0.416667,0.615543,0.037267,0.072807
12,36,0.375000,0.483871,0.570832,0.638367,0.625000,0.345778,0.049689,0.114166
12,37,0.541667,0.516129,0.290177,0.477871,0.458333,0.522886,0.043478,0.058035
12,38,0.125000,0.435484,0.792522,0.179048,0.875000,0.758283,0.074534,0.196176
12,39,0.708333,0.548387,0.802049,0.846008,0.291667,0.128788,0.043478,0.160410
12,40,0.125000,0.435484,0.440219,0.083346,0.875000,0.880917,0.080745,0.088044
12,41,0.208333,0.451613,0.445428,0.160887,0.791667,0.807354,0.049689,0.110259
12,42,0.250000,0.459677,0.447983,0.127002,0.750000,0.839056,0.055901,0.089597
12,43,0.500000,0.508065,0.160587,0.575479,0.500000,0.442820,0.043478,0.032117
12,44,0.541667,0.516129,0.000000,0.674193,0.458333,0.364564,0.049689,0.000000
12,45,0.583333,0.524194,0.670166,0.651156,0.416667,0.324579,0.049689,0.134033
12,46,0.666667,0.540323,0.114829,0.581404,0.333333,0.441448,0.049689,0.022966
12,47,0.791667,0.564516,0.511172,0.719945,0.208333,0.274382,0.037267,0.102234
12,48,0.416667,0.491935,0.888379,0.458483,0.583333,0.486086,0.043478,0.177676
12,49,0.375000,0.483871,0.325647,0.364630,0.625000,0.626351,0.049689,0.065129
12,50,0.625000,0.532258,0.368589,0.493090,0.375000,0.501323,0.037267,0.073718
12,51,0.375000,0.483871,0.205858,0.365825,0.625000,0.636254,0.043478,0.041172
12,52,0.291667,0.467742,0.552864,0.219659,0.708333,0.742070,0.055901,0.110573
12,53,0.916667,0.588710,0.478775,0.779512,0.083333,0.221222,0.037267,0.095755
12,54,0.333333,0.475806,0.000000,0.258427,0.666667,0.756429,0.068323,0.000000
12,55,0.666667,0.540323,0.418197,0.940067,0.333333,0.075474,0.037267,0.083639
12,56,0.666667,0.540323,0.000000,0.768169,0.333333,0.275991,0.049689,0.000000
12,57,0.750000,0.556452,0.346004,0.765000,0.250000,0.247123,0.043478,0.069201
12,58,0.750000,0.556452,0.630701,0.715951,0.250000,0.267142,0.043478,0.126140
12,59,0.541667,0.516129,0.602583,0.634275,0.458333,0.346712,0.049689,0.120517
12,60,0.416667,0.491935,0.192685,0.403902,0.583333,0.601578,0.043478,0.038537
12,61,0.375000,0.483871,0.168342,0.554656,0.625000,0.461731,0.068323,0.033668
12,62,0.250000,0.459677,0.000000,0.264252,0.750000,0.750939,0.068323,0.000000
12,63,0.416667,0.491935,0.000000,0.402541,0.583333,0.620600,0.055901,0.000000
12,64,0.666667,0.540323,0.544848,0.631596,0.333333,0.354552,0.055901,0.108970
12,65,0.708333,0.548387,0.354005,0.599016,0.291667,0.402828,0.037267,0.070801
12,66,0.333333,0.475806,0.482226,0.464405,0.666667,0.517897,0.062112,0.096445
12,67,0.458333,0.500000,0.063493,0.374335,0.541667,0.641339,0.043478,0.012699
12,68,0.166667,0.443548,0.000000,0.292415,0.833333,0.724395,0.068323,0.000000
12,69,0.125000,0.435484,0.156244,0.136915,0.875000,0.856572,0.068323,0.031249
12,70,0.208333,0.451613,0.000000,0.345226,0.791667,0.674620,0.055901,0.000000
12,71,0.333333,0.475806,0.597951,0.324497,0.666667,0.639108,0.055901,0.119590
12,72,0.291667,0.467742,0.158090,0.113293,0.708333,0.878665,0.055901,0.031618
12,73,0.291667,0.467742,0.000000,0.287074,0.708333,0.729429,0.074534,0.000000
12,74,0.166667,0.443548,0.066332,0.163027,0.833333,0.840238,0.062112,0.013266
12,75,0.000000,0.411290,0.000000,0.000000,1.000000,1.000000,0.124224,0.000000
12,76,0.208333,0.451613,0.449423,0.258986,0.791667,0.714527,0.049689,0.089885
12,77,0.541667,0.516129,0.694831,0.545220,0.458333,0.422154,0.037267,0.138966
12,78,0.750000,0.556452,0.062780,0.636353,0.250000,0.394449,0.037267,0.012556
12,79,0.500000,0.508065,0.426575,0.508641,0.500000,0.481328,0.049689,0.085315
12,80,0.333333,0.475806,0.334139,0.319795,0.666667,0.667827,0.049689,0.066828
12,81,0.416667,0.491935,0.094627,0.349716,0.583333,0.661676,0.049689,0.018925
12,82,0.458333,0.500000,0.406925,0.499544,0.541667,0.491710,0.037267,0.081385
12,83,0.666667,0.540323,0.238114,0.888148,0.333333,0.140987,0.062112,0.047623
12,84,0.666667,0.540323,0.183659,0.417354,0.333333,0.589730,0.049689,0.036732
12,85,0.250000,0.459677,0.000000,0.342912,0.750000,0.676801,0.074534,0.000000
12,86,0.541667,0.516129,0.344464,0.650136,0.458333,0.355526,0.049689,0.068893
12,87,0.083333,0.427419,0.084572,0.123747,0.916667,0.875581,0.093168,0.016914
12,88,0.166667,0.443548,0.000000,0.539551,0.833333,0.491466,0.068323,0.000000
12,89,0.208333,0.451613,0.178915,0.365919,0.791667,0.638645,0.055901,0.035783
12,90,0.625000,0.532258,0.259994,0.604391,0.375000,0.406418,0.043478,0.051999
12,91,0.375000,0.483871,0.347594,0.342652,0.625000,0.645046,0.049689,0.069519
12,92,0.750000,0.556452,0.767278,0.793303,0.250000,0.181663,0.049689,0.153456
12,93,0.500000,0.508065,0.023028,0.460940,0.500000,0.563438,0.049689,0.004606
12,94,0.375000,0.483871,0.381114,0.259261,0.625000,0.720556,0.049689,0.076223
12,95,0.333333,0.475806,0.662892,0.520853,0.666667,0.448061,0.080745,0.164089
12,96,0.083333,0.427419,0.312445,0.265650,0.916667,0.720856,0.062112,0.062489
12,97,0.625000,0.532258,0.410805,0.896795,0.375000,0.116939,0.049689,0.082161
12,98,0.375000,0.483871,0.339007,0.321626,0.625000,0.665653,0.043478,0.067801
12,99,0.875000,0.580645,1.000000,0.930610,0.125000,0.030825,0.037267,0.200000
12,100,0.416667,0.491935,0.022642,0.301606,0.583333,0.713648,0.043478,0.004528
12,101,0.541667,0.516129,0.000000,0.438281,0.458333,0.586915,0.043478,0.000000
12,102,0.750000,0.556452,0.041444,0.794555,0.250000,0.247306,0.037267,0.008289
12,103,0.541667,0.516129,0.000000,0.525386,0.458333,0.504817,0.055901,0.000000
12,104,0.291667,0.467742,0.050774,0.195229,0.708333,0.811320,0.055901,0.010155
12,105,0.708333,0.548387,0.797762,0.843830,0.291667,0.131234,0.037267,0.159552
12,106,0.083333,0.427419,0.000000,0.047212,0.916667,0.955502,0.099379,0.000000
12,107,0.541667,0.516129,0.408442,0.549700,0.458333,0.444298,0.049689,0.081688
12,108,0.416667,0.491935,0.000000,0.298566,0.583333,0.718598,0.055901,0.000000
12,109,0.500000,0.508065,0.000000,0.504682,0.500000,0.524331,0.049689,0.000000
12,110,0.250000,0.459677,0.417642,0.359035,0.750000,0.623155,0.049689,0.083528
12,111,0.458333,0.500000,0.273730,0.389656,0.541667,0.607544,0.049689,0.054746
12,112,0.416667,0.491935,0.241249,0.197572,0.583333,0.791575,0.049689,0.048250
12,113,0.791667,0.564516,0.188411,0.563036,0.208333,0.451986,0.043478,0.037682
12,114,0.541667,0.516129,0.101150,0.694708,0.458333,0.335917,0.043478,0.020230
12,115,0.291667,0.467742,0.796123,0.499802,0.708333,0.455636,0.049689,0.197068
12,116,0.000000,0.411290,0.572378,0.217714,1.000000,0.742106,0.086957,0.114476
12,117,0.500000,0.508065,0.532748,0.396783,0.500000,0.576981,0.043478,0.131873
12,118,0.208333,0.451613,0.000000,0.308445,0.791667,0.709287,0.062112,0.000000
12,119,0.375000,0.483871,0.516285,0.578588,0.625000,0.407142,0.055901,0.103257
12,120,0.375000,0.483871,0.439576,0.603586,0.625000,0.390643,0.043478,0.087915
12,121,0.583333,0.524194,0.167535,0.644048,0.416667,0.377553,0.049689,0.033507
12,122,0.833333,0.572581,0.680725,0.955305,0.166667,0.036942,0.037267,0.136145
12,123,0.291667,0.467742,0.224531,0.445548,0.708333,0.559395,0.055901,0.044906
12,124,0.500000,0.508065,0.244236,0.606825,0.500000,0.405575,0.037267,0.048847
13,0,0.875000,0.580645,0.760049,0.897707,0.125000,0.060985,0.043210,0.152010
13,1,0.708333,0.548387,0.245873,0.579002,0.291667,0.430724,0.049383,0.049175
13,2,0.708333,0.548387,0.000000,0.545888,0.291667,0.490393,0.043210,0.000000
13,3,0.583333,0.524194,0.000000,0.495385,0.416667,0.539985,0.043210,0.000000
13,4,0.166667,0.443548,0.314966,0.344260,0.833333,0.653602,0.049383,0.062993
13,5,0.666667,0.540323,0.643218,0.972950,0.333333,0.000000,0.049383,0.128644
13,6,0.416667,0.491935,0.035491,0.503970,0.583333,0.527636,0.049383,0.007098
13,7,0.333333,0.475806,0.063127,0.364658,0.666667,0.661383,0.049383,0.012625
13,8,0.416667,0.491935,0.422846,0.280793,0.583333,0.704011,0.043210,0.084569
13,9,0.666667,0.540323,0.177463,0.414943,0.333333,0.599379,0.037037,0.035493
13,10,0.416667,0.491935,0.615341,0.355606,0.583333,0.609289,0.055556,0.179567
13,11,0.500000,0.508065,0.135309,0.577338,0.500000,0.444567,0.043210,0.027062
13,12,0.541667,0.516129,0.030126,0.595756,0.458333,0.438097,0.037037,0.006025
13,13,0.375000,0.483871,0.139821,0.208474,0.625000,0.806281,0.043210,0.027964
13,14,0.375000,0.483871,0.139930,0.298346,0.625000,0.718018,0.055556,0.027986
13,15,0.458333,0.500000,0.314057,0.473104,0.541667,0.527182,0.049383,0.062811
13,16,0.833333,0.572581,0.450475,0.628349,0.166667,0.359672,0.037037,0.090095
13,17,0.916667,0.588710,0.602084,0.887127,0.083333,0.088818,0.043210,0.120417
13,18,0.583333,0.524194,0.299844,0.615559,0.416667,0.388865,0.037037,0.059969
13,19,0.291667,0.467742,0.258222,0.369174,0.708333,0.635404,0.055556,0.051644
13,20,0.583333,0.524194,0.676518,0.577538,0.416667,0.384604,0.037037,0.135304
13,21,0.375000,0.483871,0.069661,0.348860,0.625000,0.676175,0.055556,0.013932
13,22,0.625000,0.532258,0.090148,0.516121,0.375000,0.509668,0.049383,0.018030
13,23,1.000000,0.604839,0.293908,0.709748,0.000000,0.297031,0.043210,0.058782
13,24,0.416667,0.491935,0.033035,0.528389,0.583333,0.503929,0.049383,0.006607
13,25,0.958333,0.596774,0.553850,0.845385,0.041667,0.135134,0.037037,0.110770
13,26,0.208333,0.451613,0.094659,0.093326,0.791667,0.924339,0.061728,0.018932
13,27,0.708333,0.548387,0.375726,0.488985,0.291667,0.504777,0.037037,0.075145
13,28,0.250000,0.459677,0.000000,0.063308,0.750000,0.964270,0.049383,0.000000
13,29,0.541667,0.516129,0.000000,0.367283,0.458333,0.665777,0.049383,0.000000
13,30,0.250000,0.459677,0.377872,0.216063,0.750000,0.772540,0.074074,0.075574
13,31,0.208333,0.451613,0.085337,0.224299,0.791667,0.796759,0.080247,0.017067
13,32,0.916667,0.588710,0.214621,0.670496,0.083333,0.344331,0.043210,0.042924
13,33,0.458333,0.500000,0.257877,0.569810,0.541667,0.438424,0.049383,0.051575
13,34,0.458333,0.500000,0.357487,0.410243,0.541667,0.584113,0.043210,0.071497
13,35,0.583333,0.524194,0.223027,0.406515,0.416667,0.602623,0.037037,0.044605
13,36,0.375000,0.483871,0.132410,0.411137,0.625000,0.608091,0.049383,0.026482
13,37,0.541667,0.516129,0.121969,0.540205,0.458333,0.482504,0.043210,0.024394
13,38,0.125000,0.435484,0.353227,0.079634,0.875000,0.909231,0.080247,0.070645
13,39,0.708333,0.548387,0.190202,0.599045,0.291667,0.417190,0.043210,0.038040
13,40,0.125000,0.435484,0.097982,0.213471,0.875000,0.805994,0.080247,0.019596
13,41,0.208333,0.451613,0.000000,0.352684,0.791667,0.680112,0.055556,0.000000
13,42,0.250000,0.459677,0.518388,0.244341,0.750000,0.729254,0.055556,0.103678
13,43,0.500000,0.508065,0.487582,0.418658,0.500000,0.561483,0.043210,0.097516
13,44,0.541667,0.516129,0.000000,0.468656,0.458333,0.566232,0.049383,0.000000
13,45,0.583333,0.524194,0.405387,0.917873,0.416667,0.080348,0.049383,0.081077
13,46,0.666667,0.540323,0.190391,0.618596,0.333333,0.397971,0.049383,0.038078
13,47,0.791667,0.564516,0.254200,0.635074,0.208333,0.374743,0.037037,0.050840
13,48,0.416667,0.491935,0.530695,0.338587,0.583333,0.635349,0.043210,0.106139
13,49,0.375000,0.483871,0.368689,0.368087,0.625000,0.624272,0.049383,0.073738
13,50,0.625000,0.532258,0.549430,0.447780,0.375000,0.526056,0.037037,0.109886
13,51,0.375000,0.483871,0.243388,0.254682,0.625000,0.749469,0.043210,0.048678
13,52,0.291667,0.467742,0.816256,0.358717,0.708333,0.584046,0.055556,0.238198
13,53,0.916667,0.588710,0.615995,0.855850,0.083333,0.117995,0.037037,0.123199
13,54,0.333333,0.475806,0.160538,0.333408,0.666667,0.681312,0.067901,0.032108
13,55,0.666667,0.540323,0.422435,0.933343,0.333333,0.063274,0.037037,0.084487
13,56,0.666667,0.540323,0.000000,0.729230,0.333333,0.310357,0.049383,0.000000
13,57,0.750000,0.556452,0.467113,0.823281,0.250000,0.166418,0.043210,0.093423
13,58,0.750000,0.556452,0.303807,1.000000,0.250000,0.010920,0.043210,0.060761
13,59,0.541667,0.516129,0.559587,0.651942,0.458333,0.324455,0.049383,0.111917
13,60,0.416667,0.491935,0.253175,0.431547,0.583333,0.574713,0.043210,0.050635
13,61,0.375000,0.483871,0.364714,0.499983,0.625000,0.495193,0.067901,0.072943
13,62,0.250000,0.459677,0.000000,0.072760,0.750000,0.954988,0.067901,0.000000
13,63,0.416667,0.491935,0.048186,0.472561,0.583333,0.557077,0.055556,0.009637
13,64,0.666667,0.540323,0.189141,0.592824,0.333333,0.423416,0.055556,0.037828
13,65,0.708333,0.548387,0.080583,0.433598,0.291667,0.591759,0.037037,0.016117
13,66,0.333333,0.475806,0.176588,0.250018,0.666667,0.761426,0.061728,0.035318
13,67,0.458333,0.500000,0.129257,0.447848,0.541667,0.572391,0.043210,0.025851
13,68,0.166667,0.443548,0.000000,0.390694,0.833333,0.642788,0.067901,0.000000
13,69,0.125000,0.435484,0.000000,0.108086,0.875000,0.920300,0.067901,0.000000
13,70,0.208333,0.451613,0.000000,0.295635,0.791667,0.736133,0.055556,0.000000
13,71,0.333333,0.475806,0.172855,0.281033,0.666667,0.731383,0.055556,0.034571
13,72,0.291667,0.467742,0.098157,0.201732,0.708333,0.817502,0.055556,0.019631
13,73,0.291667,0.467742,0.049325,0.314896,0.708333,0.711773,0.074074,0.009865
13,74,0.166667,0.443548,0.187354,0.228990,0.833333,0.780886,0.061728,0.037471
13,75,0.000000,0.411290,0.420498,0.189032,1.000000,0.794376,0.123457,0.084100
13,76,0.208333,0.451613,0.340987,0.207006,0.791667,0.785507,0.049383,0.099506
13,77,0.541667,0.516129,0.206624,0.299220,0.458333,0.709795,0.037037,0.041325
13,78,0.750000,0.556452,0.618620,0.680639,0.250000,0.289756,0.037037,0.123724
13,79,0.500000,0.508065,0.596136,0.589566,0.500000,0.381669,0.049383,0.173963
13,80,0.333333,0.475806,0.451714,0.329526,0.666667,0.652969,0.049383,0.090343
13,81,0.416667,0.491935,0.321319,0.292279,0.583333,0.703944,0.049383,0.064264
13,82,0.458333,0.500000,0.288851,0.391664,0.541667,0.609937,0.037037,0.057770
13,83,0.666667,0.540323,0.333172,0.678586,0.333333,0.323295,0.061728,0.066634
13,84,0.666667,0.540323,0.000000,0.625960,0.333333,0.411765,0.049383,0.000000
13,85,0.250000,0.459677,0.235985,0.428905,0.750000,0.579206,0.074074,0.047197
13,86,0.541667,0.516129,0.292250,0.720361,0.458333,0.286792,0.049383,0.058450
13,87,0.083333,0.427419,0.105142,0.261799,0.916667,0.757748,0.092593,0.021028
13,88,0.166667,0.443548,0.000000,0.562409,0.833333,0.474170,0.067901,0.000000
13,89,0.208333,0.451613,0.163893,0.298290,0.791667,0.715426,0.055556,0.032779
13,90,0.625000,0.532258,0.506815,0.516740,0.375000,0.463046,0.043210,0.101363
13,91,0.375000,0.483871,0.094388,0.230110,0.625000,0.790052,0.049383,0.027544
13,92,0.750000,0.556452,0.582294,0.712356,0.250000,0.262623,0.049383,0.116459
13,93,0.500000,0.508065,0.087306,0.347116,0.500000,0.675938,0.049383,0.017461
13,94,0.375000,0.483871,0.328024,0.149777,0.625000,0.843135,0.049383,0.095723
13,95,0.333333,0.475806,0.000000,0.323175,0.666667,0.709089,0.086420,0.000000
13,96,0.083333,0.427419,0.261455,0.319307,0.916667,0.684015,0.061728,0.052291
13,97,0.625000,0.532258,0.156435,0.609995,0.375000,0.410167,0.049383,0.031287
13,98,0.375000,0.483871,0.447572,0.278881,0.625000,0.703158,0.043210,0.089514
13,99,0.875000,0.580645,1.000000,0.814036,0.125000,0.116648,0.037037,0.200000
13,100,0.416667,0.491935,0.283253,0.634538,0.583333,0.372062,0.043210,0.056651
13,101,0.541667,0.516129,0.000000,0.388394,0.458333,0.645047,0.043210,0.000000
13,102,0.750000,0.556452,0.565453,0.775235,0.250000,0.202738,0.037037,0.113091
13,103,0.541667,0.516129,0.062358,0.458676,0.458333,0.569146,0.055556,0.012472
13,104,0.291667,0.467742,0.239387,0.000000,0.708333,1.000000,0.055556,0.047877
13,105,0.708333,0.548387,0.635668,0.619502,0.291667,0.347908,0.037037,0.185499
13,106,0.083333,0.427419,0.040813,0.074369,0.916667,0.948901,0.098765,0.008163
13,107,0.541667,0.516129,0.810491,0.601882,0.458333,0.345904,0.049383,0.162098
13,108,0.416667,0.491935,0.011316,0.237475,0.583333,0.791994,0.055556,0.002263
13,109,0.500000,0.508065,0.124278,0.498768,0.500000,0.522939,0.049383,0.024856
13,110,0.250000,0.459677,0.056537,0.171569,0.750000,0.851718,0.049383,0.011307
13,111,0.458333,0.500000,0.785233,0.520927,0.541667,0.428188,0.049383,0.157047
13,112,0.416667,0.491935,0.168695,0.025777,0.583333,0.982494,0.049383,0.033739
13,113,0.791667,0.564516,0.434015,0.688352,0.208333,0.302568,0.043210,0.086803
13,114,0.541667,0.516129,0.000000,0.386478,0.458333,0.646928,0.043210,0.000000
13,115,0.291667,0.467742,0.198246,0.315773,0.708333,0.694465,0.055556,0.039649
13,116,0.000000,0.411290,0.363875,0.163108,1.000000,0.826086,0.086420,0.072775
13,117,0.500000,0.508065,0.552125,0.332854,0.500000,0.638612,0.049383,0.110425
13,118,0.208333,0.451613,0.000000,0.257646,0.791667,0.773436,0.061728,0.000000
13,119,0.375000,0.483871,0.507000,0.488621,0.625000,0.490638,0.055556,0.101400
13,120,0.375000,0.483871,0.415650,0.380410,0.625000,0.606985,0.043210,0.083130
13,121,0.583333,0.524194,0.221891,0.719641,0.416667,0.295270,0.049383,0.044378
13,122,0.833333,0.572581,0.530417,0.900978,0.166667,0.083132,0.037037,0.106083
13,123,0.291667,0.467742,0.000000,0.210160,0.708333,0.820066,0.055556,0.000000
13,124,0.500000,0.508065,0.542940,0.493370,0.500000,0.482005,0.037037,0.108588
14,0,0.875000,0.580645,0.789381,0.935169,0.125000,0.031321,0.042945,0.157876
14,1,0.708333,0.548387,0.590955,0.771183,0.291667,0.211460,0.049080,0.118191
14,2,0.708333,0.548387,0.208300,0.686559,0.291667,0.332091,0.042945,0.041660
14,3,0.583333,0.524194,0.000000,0.447628,0.416667,0.586580,0.042945,0.000000
14,4,0.166667,0.443548,0.547587,0.323524,0.833333,0.654015,0.049080,0.109517
14,5,0.666667,0.540323,0.485799,0.811355,0.333333,0.182513,0.049080,0.097160
14,6,0.416667,0.491935,0.235326,0.579610,0.583333,0.434130,0.049080,0.047065
14,7,0.333333,0.475806,0.074846,0.402338,0.666667,0.623530,0.049080,0.014969
14,8,0.416667,0.491935,0.332196,0.178839,0.583333,0.816934,0.042945,0.066439
14,9,0.666667,0.540323,0.658250,0.541962,0.333333,0.429231,0.036810,0.171396
14,10,0.416667,0.491935,0.468777,0.292783,0.583333,0.691893,0.061350,0.093755
14,11,0.500000,0.508065,0.000000,0.365666,0.500000,0.666823,0.042945,0.000000
14,12,0.541667,0.516129,0.078937,0.593778,0.458333,0.435700,0.036810,0.015787
14,13,0.375000,0.483871,0.216347,0.220463,0.625000,0.787621,0.042945,0.043269
14,14,0.375000,0.483871,0.402711,0.524869,0.625000,0.471196,0.055215,0.080542
14,15,0.458333,0.500000,0.300395,0.433893,0.541667,0.570367,0.049080,0.060079
14,16,0.833333,0.572581,0.510853,0.580435,0.166667,0.406118,0.036810,0.102171
14,17,0.916667,0.588710,0.436335,0.823049,0.083333,0.175948,0.042945,0.087267
14,18,0.583333,0.524194,0.468307,0.546007,0.416667,0.444025,0.036810,0.093661
14,19,0.291667,0.467742,0.000000,0.214952,0.708333,0.814377,0.055215,0.000000
14,20,0.583333,0.524194,0.437465,0.665295,0.416667,0.330283,0.036810,0.087493
14,21,0.375000,0.483871,0.033377,0.403673,0.625000,0.626317,0.055215,0.006675
14,22,0.625000,0.532258,0.142574,0.452500,0.375000,0.567733,0.049080,0.028515
14,23,1.000000,0.604839,0.085338,0.630340,0.000000,0.399272,0.042945,0.017068
14,24,0.416667,0.491935,0.000000,0.391298,0.583333,0.641729,0.049080,0.000000
14,25,0.958333,0.596774,0.545258,0.709065,0.041667,0.276788,0.036810,0.109052
14,26,0.208333,0.451613,0.278193,0.263947,0.791667,0.738942,0.061350,0.055639
14,27,0.708333,0.548387,0.450762,0.474503,0.291667,0.515762,0.036810,0.090152
14,28,0.250000,0.459677,0.000000,0.241982,0.750000,0.787914,0.049080,0.000000
14,29,0.541667,0.516129,0.000000,0.506227,0.458333,0.529209,0.049080,0.000000
14,30,0.250000,0.459677,0.395706,0.358391,0.750000,0.634875,0.073620,0.079141
14,31,0.208333,0.451613,0.311603,0.222670,0.791667,0.776055,0.079755,0.062321
14,32,0.916667,0.588710,0.260338,0.683787,0.083333,0.329668,0.042945,0.052068
14,33,0.458333,0.500000,0.000000,0.335557,0.541667,0.696301,0.049080,0.000000
14,34,0.458333,0.500000,0.350926,0.361269,0.541667,0.636479,0.042945,0.070185
14,35,0.583333,0.524194,0.271859,0.440790,0.416667,0.566432,0.036810,0.054372
14,36,0.375000,0.483871,0.342724,0.479535,0.625000,0.521503,0.049080,0.068545
14,37,0.541667,0.516129,0.074326,0.445694,0.458333,0.581134,0.042945,0.014865
14,38,0.125000,0.435484,0.357468,0.206075,0.875000,0.787773,0.079755,0.071494
14,39,0.708333,0.548387,0.493892,0.570742,0.291667,0.417282,0.042945,0.098778
14,40,0.125000,0.435484,0.536616,0.255357,0.875000,0.721836,0.079755,0.107323
14,41,0.208333,0.451613,0.000000,0.213146,0.791667,0.816145,0.055215,0.000000
14,42,0.250000,0.459677,0.428683,0.168122,0.750000,0.817899,0.055215,0.085737
14,43,0.500000,0.508065,0.568736,0.518041,0.500000,0.461489,0.042945,0.113747
14,44,0.541667,0.516129,0.000000,0.533497,0.458333,0.502511,0.049080,0.000000
14,45,0.583333,0.524194,0.311285,0.601449,0.416667,0.405249,0.049080,0.062257
14,46,0.666667,0.540323,0.203680,0.460880,0.333333,0.553495,0.049080,0.040736
14,47,0.791667,0.564516,0.033290,0.577761,0.208333,0.455888,0.036810,0.006658
14,48,0.416667,0.491935,0.476069,0.227464,0.583333,0.755123,0.042945,0.123960
14,49,0.375000,0.483871,0.542077,0.511032,0.625000,0.470982,0.049080,0.108415
14,50,0.625000,0.532258,0.218660,0.373934,0.375000,0.637139,0.036810,0.043732
14,51,0.375000,0.483871,0.122036,0.266376,0.625000,0.751982,0.042945,0.024407
14,52,0.291667,0.467742,0.497322,0.311562,0.708333,0.670689,0.061350,0.099464
14,53,0.916667,0.588710,0.786486,0.718585,0.083333,0.243650,0.036810,0.157297
14,54,0.333333,0.475806,0.021201,0.296103,0.666667,0.732835,0.067485,0.004240
14,55,0.666667,0.540323,0.117871,0.635448,0.333333,0.391059,0.036810,0.023574
14,56,0.666667,0.540323,0.000000,0.651042,0.333333,0.387431,0.049080,0.000000
14,57,0.750000,0.556452,0.523601,0.677615,0.250000,0.309717,0.042945,0.104720
14,58,0.750000,0.556452,0.463753,1.000000,0.250000,0.000000,0.042945,0.092751
14,59,0.541667,0.516129,0.685176,0.693688,0.458333,0.278028,0.049080,0.137035
14,60,0.416667,0.491935,0.138493,0.467034,0.583333,0.553906,0.042945,0.027699
14,61,0.375000,0.483871,0.101157,0.294248,0.625000,0.726756,0.067485,0.020231
14,62,0.250000,0.459677,0.218703,0.194028,0.750000,0.813269,0.067485,0.043741
14,63,0.416667,0.491935,0.024922,0.424078,0.583333,0.607175,0.055215,0.004984
14,64,0.666667,0.540323,0.204222,0.533835,0.333333,0.482016,0.055215,0.040844
14,65,0.708333,0.548387,0.017934,0.429483,0.291667,0.602573,0.036810,0.003587
14,66,0.333333,0.475806,0.338545,0.417258,0.666667,0.582886,0.061350,0.067709
14,67,0.458333,0.500000,0.063027,0.420472,0.541667,0.606943,0.042945,0.012605
14,68,0.166667,0.443548,0.000000,0.378898,0.833333,0.653869,0.067485,0.000000
14,69,0.125000,0.435484,0.000000,0.108381,0.875000,0.918714,0.067485,0.000000
14,70,0.208333,0.451613,0.150165,0.333015,0.791667,0.683963,0.055215,0.030033
14,71,0.333333,0.475806,0.216347,0.335801,0.666667,0.674701,0.055215,0.043269
14,72,0.291667,0.467742,0.247555,0.184206,0.708333,0.820036,0.055215,0.049511
14,73,0.291667,0.467742,0.303524,0.333462,0.708333,0.668383,0.073620,0.060705
14,74,0.166667,0.443548,0.188534,0.191534,0.833333,0.818690,0.061350,0.037707
14,75,0.000000,0.411290,0.251404,0.000000,1.000000,1.000000,0.122699,0.065461
14,76,0.208333,0.451613,0.129515,0.146633,0.791667,0.868476,0.055215,0.025903
14,77,0.541667,0.516129,0.179048,0.402638,0.458333,0.612948,0.036810,0.035810
14,78,0.750000,0.556452,0.598306,0.721402,0.250000,0.259472,0.036810,0.119661
14,79,0.500000,0.508065,0.345954,0.606291,0.500000,0.397085,0.055215,0.069191
14,80,0.333333,0.475806,0.409036,0.377782,0.666667,0.614575,0.049080,0.081807
14,81,0.416667,0.491935,0.241355,0.269821,0.583333,0.736828,0.049080,0.048271
14,82,0.458333,0.500000,0.426995,0.475310,0.541667,0.517319,0.036810,0.085399
14,83,0.666667,0.540323,0.186004,0.562842,0.333333,0.455416,0.061350,0.037201
14,84,0.666667,0.540323,0.000000,0.548984,0.333333,0.487349,0.049080,0.000000
14,85,0.250000,0.459677,0.104452,0.392019,0.750000,0.630709,0.073620,0.020890
14,86,0.541667,0.516129,0.206573,0.493783,0.458333,0.520996,0.049080,0.041315
14,87,0.083333,0.427419,0.000000,0.228211,0.916667,0.801396,0.092025,0.000000
14,88,0.166667,0.443548,0.000000,0.392796,0.833333,0.640262,0.067485,0.000000
14,89,0.208333,0.451613,0.100219,0.138581,0.791667,0.879252,0.055215,0.020044
14,90,0.625000,0.532258,0.605133,0.557982,0.375000,0.418791,0.042945,0.121027
14,91,0.375000,0.483871,0.130484,0.387213,0.625000,0.632845,0.055215,0.026097
14,92,0.750000,0.556452,0.449252,0.564204,0.250000,0.428090,0.049080,0.089850
14,93,0.500000,0.508065,0.300271,0.360408,0.500000,0.642323,0.049080,0.060054
14,94,0.375000,0.483871,0.000000,0.208301,0.625000,0.820889,0.055215,0.000000
14,95,0.333333,0.475806,0.000000,0.312652,0.666667,0.718726,0.085890,0.000000
14,96,0.083333,0.427419,0.205366,0.302069,0.916667,0.708810,0.061350,0.041073
14,97,0.625000,0.532258,0.626600,0.667560,0.375000,0.309392,0.049080,0.125320
14,98,0.375000,0.483871,0.809204,0.222818,0.625000,0.726779,0.042945,0.210702
14,99,0.875000,0.580645,1.000000,0.795327,0.125000,0.147435,0.036810,0.260382
14,100,0.416667,0.491935,0.451601,0.450091,0.583333,0.539579,0.042945,0.090320
14,101,0.541667,0.516129,0.000000,0.340075,0.458333,0.691877,0.042945,0.000000
14,102,0.750000,0.556452,0.536662,0.884710,0.250000,0.105674,0.036810,0.107332
14,103,0.541667,0.516129,0.205800,0.423916,0.458333,0.589475,0.055215,0.053587
14,104,0.291667,0.467742,0.263671,0.280268,0.708333,0.724397,0.055215,0.052734
14,105,0.708333,0.548387,0.295396,0.528286,0.291667,0.478447,0.042945,0.059079
14,106,0.083333,0.427419,0.327617,0.214583,0.916667,0.782391,0.098160,0.065523
14,107,0.541667,0.516129,0.231863,0.474966,0.458333,0.536922,0.049080,0.046373
14,108,0.416667,0.491935,0.158107,0.408885,0.583333,0.608900,0.055215,0.031621
14,109,0.500000,0.508065,0.325066,0.491309,0.500000,0.511719,0.049080,0.065013
14,110,0.250000,0.459677,0.356571,0.217148,0.750000,0.777021,0.049080,0.071314
14,111,0.458333,0.500000,0.392963,0.343161,0.541667,0.650057,0.049080,0.078593
14,112,0.416667,0.491935,0.022900,0.189156,0.583333,0.837372,0.049080,0.004580
14,113,0.791667,0.564516,0.439786,0.485855,0.208333,0.505731,0.042945,0.114512
14,114,0.541667,0.516129,0.180411,0.452562,0.458333,0.563936,0.042945,0.036082
14,115,0.291667,0.467742,0.049640,0.176903,0.708333,0.846728,0.055215,0.009928
14,116,0.000000,0.411290,0.310808,0.175377,1.000000,0.822434,0.085890,0.062162
14,117,0.500000,0.508065,0.588852,0.316925,0.500000,0.656402,0.049080,0.117770
14,118,0.208333,0.451613,0.000000,0.079213,0.791667,0.947270,0.061350,0.000000
14,119,0.375000,0.483871,0.446678,0.396317,0.625000,0.592712,0.055215,0.089336
14,120,0.375000,0.483871,0.225537,0.416675,0.625000,0.594616,0.042945,0.045107
14,121,0.583333,0.524194,0.352751,0.680289,0.416667,0.323967,0.049080,0.070550
14,122,0.833333,0.572581,0.109032,0.807659,0.166667,0.223331,0.036810,0.021806
14,123,0.291667,0.467742,0.000000,0.324519,0.708333,0.707107,0.055215,0.000000
14,124,0.500000,0.508065,0.392153,0.420077,0.500000,0.574833,0.036810,0.078431
15,0,0.875000,0.580645,0.847020,0.903962,0.125000,0.071038,0.042683,0.169404
15,1,0.708333,0.548387,0.697486,0.812230,0.291667,0.171488,0.048780,0.139497
15,2,0.708333,0.548387,0.330979,0.691995,0.291667,0.319721,0.042683,0.066196
15,3,0.583333,0.524194,0.294819,0.612749,0.416667,0.397457,0.042683,0.058964
15,4,0.166667,0.443548,0.400165,0.255338,0.833333,0.721960,0.048780,0.080033
15,5,0.666667,0.540323,0.472569,0.796474,0.333333,0.208106,0.048780,0.094514
15,6,0.416667,0.491935,0.525063,0.744132,0.583333,0.252026,0.048780,0.105013
15,7,0.333333,0.475806,0.000000,0.499510,0.666667,0.532170,0.048780,0.000000
15,8,0.416667,0.491935,0.617650,0.444108,0.583333,0.524022,0.042683,0.123530
15,9,0.666667,0.540323,0.403128,0.768353,0.333333,0.241193,0.042683,0.080626
15,10,0.416667,0.491935,0.042463,0.224903,0.583333,0.785233,0.060976,0.008493
15,11,0.500000,0.508065,0.195993,0.396484,0.500000,0.609611,0.042683,0.039199
15,12,0.541667,0.516129,0.600132,0.486823,0.458333,0.485719,0.036585,0.120026
15,13,0.375000,0.483871,0.587067,0.326545,0.625000,0.637102,0.042683,0.117413
15,14,0.375000,0.483871,0.766371,0.512259,0.625000,0.445738,0.054878,0.153274
15,15,0.458333,0.500000,0.153012,0.579302,0.541667,0.442566,0.048780,0.030602
15,16,0.833333,0.572581,0.816173,0.616835,0.166667,0.342953,0.036585,0.163235
15,17,0.916667,0.588710,0.251510,0.954611,0.083333,0.081486,0.042683,0.050302
15,18,0.583333,0.524194,0.754218,0.630443,0.416667,0.336231,0.036585,0.150844
15,19,0.291667,0.467742,0.000000,0.045371,0.708333,0.957507,0.054878,0.000000
15,20,0.583333,0.524194,0.295355,0.799138,0.416667,0.222836,0.036585,0.059071
15,21,0.375000,0.483871,0.083652,0.536400,0.625000,0.489489,0.054878,0.016730
15,22,0.625000,0.532258,0.688023,0.572610,0.375000,0.396830,0.048780,0.137605
15,23,1.000000,0.604839,0.625499,0.769692,0.000000,0.218324,0.042683,0.125100
15,24,0.416667,0.491935,0.000000,0.390920,0.583333,0.633873,0.048780,0.000000
15,25,0.958333,0.596774,0.188786,0.801381,0.041667,0.231094,0.036585,0.037757
15,26,0.208333,0.451613,0.174836,0.158753,0.791667,0.834322,0.060976,0.034967
15,27,0.708333,0.548387,0.617184,0.432925,0.291667,0.534542,0.036585,0.123437
15,28,0.250000,0.459677,0.000000,0.338781,0.750000,0.682705,0.048780,0.000000
15,29,0.541667,0.516129,0.000000,0.486165,0.458333,0.544669,0.048780,0.000000
15,30,0.250000,0.459677,0.487578,0.427559,0.750000,0.552165,0.073171,0.097516
15,31,0.208333,0.451613,0.243512,0.151627,0.791667,0.834320,0.079268,0.048702
15,32,0.916667,0.588710,0.625413,0.903002,0.083333,0.093478,0.042683,0.125083
15,33,0.458333,0.500000,0.000000,0.327217,0.541667,0.693536,0.048780,0.000000
15,34,0.458333,0.500000,0.826439,0.625117,0.541667,0.334199,0.042683,0.191902
15,35,0.583333,0.524194,0.163540,0.454556,0.416667,0.558377,0.036585,0.032708
15,36,0.375000,0.483871,0.587424,0.691336,0.625000,0.295412,0.048780,0.117485
15,37,0.541667,0.516129,0.408465,0.381851,0.458333,0.602664,0.042683,0.081693
15,38,0.125000,0.435484,0.154035,0.222504,0.875000,0.776635,0.079268,0.030807
15,39,0.708333,0.548387,0.636787,0.678540,0.291667,0.302598,0.042683,0.147864
15,40,0.125000,0.435484,0.666299,0.157806,0.875000,0.787438,0.079268,0.133260
15,41,0.208333,0.451613,0.000000,0.000000,0.791667,1.000000,0.054878,0.000000
15,42,0.250000,0.459677,0.464605,0.041595,0.750000,0.915883,0.054878,0.107883
15,43,0.500000,0.508065,0.090211,0.512649,0.500000,0.511096,0.042683,0.018042
15,44,0.541667,0.516129,0.000000,0.698194,0.458333,0.346087,0.048780,0.000000
15,45,0.583333,0.524194,0.766308,0.794370,0.416667,0.181525,0.048780,0.153262
15,46,0.666667,0.540323,0.057959,0.792226,0.333333,0.252385,0.048780,0.011592
15,47,0.791667,0.564516,0.271726,0.680054,0.208333,0.336665,0.036585,0.054345
15,48,0.416667,0.491935,0.474467,0.416353,0.583333,0.563934,0.048780,0.094893
15,49,0.375000,0.483871,0.249015,0.500445,0.625000,0.507090,0.048780,0.049803
15,50,0.625000,0.532258,0.519486,0.492894,0.375000,0.487872,0.036585,0.103897
15,51,0.375000,0.483871,0.121197,0.239068,0.625000,0.764314,0.042683,0.024239
15,52,0.291667,0.467742,0.620153,0.144823,0.708333,0.804083,0.060976,0.124031
15,53,0.916667,0.588710,0.952513,0.829287,0.083333,0.130723,0.036585,0.190503
15,54,0.333333,0.475806,0.039680,0.326259,0.666667,0.690576,0.067073,0.007936
15,55,0.666667,0.540323,0.315668,0.762175,0.333333,0.255481,0.036585,0.063134
15,56,0.666667,0.540323,0.000000,0.627080,0.333333,0.412691,0.048780,0.000000
15,57,0.750000,0.556452,0.973657,0.800456,0.250000,0.155671,0.042683,0.194731
15,58,0.750000,0.556452,0.264826,0.885790,0.250000,0.144647,0.042683,0.052965
15,59,0.541667,0.516129,0.551770,0.690153,0.458333,0.299986,0.048780,0.110354
15,60,0.416667,0.491935,0.336221,0.355852,0.583333,0.634036,0.042683,0.078072
15,61,0.375000,0.483871,0.000000,0.263948,0.625000,0.752792,0.067073,0.000000
15,62,0.250000,0.459677,0.211026,0.265813,0.750000,0.730533,0.067073,0.042205
15,63,0.416667,0.491935,0.179220,0.506433,0.583333,0.508266,0.054878,0.035844
15,64,0.666667,0.540323,0.654077,0.657435,0.333333,0.320684,0.054878,0.130815
15,65,0.708333,0.548387,0.091158,0.618892,0.291667,0.411499,0.036585,0.018232
15,66,0.333333,0.475806,0.670608,0.621592,0.666667,0.352647,0.060976,0.134122
15,67,0.458333,0.500000,0.326624,0.349050,0.541667,0.641339,0.042683,0.065325
15,68,0.166667,0.443548,0.201031,0.228426,0.833333,0.766521,0.067073,0.040206
15,69,0.125000,0.435484,0.000000,0.129003,0.875000,0.879179,0.067073,0.000000
15,70,0.208333,0.451613,0.000000,0.366150,0.791667,0.657072,0.054878,0.000000
15,71,0.333333,0.475806,0.587067,0.241090,0.666667,0.717137,0.054878,0.117413
15,72,0.291667,0.467742,0.496965,0.085391,0.708333,0.871719,0.054878,0.099393
15,73,0.291667,0.467742,0.805658,0.518518,0.708333,0.436057,0.073171,0.187077
15,74,0.166667,0.443548,0.135203,0.034636,0.833333,0.954419,0.060976,0.027041
15,75,0.000000,0.411290,0.000000,0.040204,1.000000,0.962346,0.128049,0.000000
15,76,0.208333,0.451613,0.307047,0.139047,0.791667,0.839927,0.054878,0.061409
15,77,0.541667,0.516129,0.548855,0.665181,0.458333,0.323657,0.036585,0.109771
15,78,0.750000,0.556452,0.675295,0.779220,0.250000,0.204561,0.036585,0.135059
15,79,0.500000,0.508065,0.247769,0.675526,0.500000,0.343234,0.054878,0.049554
15,80,0.333333,0.475806,0.533155,0.266619,0.666667,0.698467,0.048780,0.123800
15,81,0.416667,0.491935,0.154516,0.482969,0.583333,0.532643,0.048780,0.030903
15,82,0.458333,0.500000,0.632740,0.413023,0.541667,0.551669,0.036585,0.126548
15,83,0.666667,0.540323,0.183518,0.727582,0.333333,0.300725,0.060976,0.036704
15,84,0.666667,0.540323,0.472705,0.581405,0.333333,0.409522,0.048780,0.094541
15,85,0.250000,0.459677,0.157257,0.312083,0.750000,0.692424,0.073171,0.031451
15,86,0.541667,0.516129,0.130550,0.523745,0.458333,0.496783,0.048780,0.026110
15,87,0.083333,0.427419,0.000000,0.103219,0.916667,0.903327,0.091463,0.000000
15,88,0.166667,0.443548,0.000000,0.214469,0.833333,0.799133,0.067073,0.000000
15,89,0.208333,0.451613,0.000000,0.145316,0.791667,0.863900,0.054878,0.000000
15,90,0.625000,0.532258,0.231349,0.567664,0.375000,0.445851,0.042683,0.046270
15,91,0.375000,0.483871,0.351821,0.313308,0.625000,0.672366,0.054878,0.070364
15,92,0.750000,0.556452,0.564321,0.749890,0.250000,0.242817,0.048780,0.112864
15,93,0.500000,0.508065,0.569469,0.303951,0.500000,0.659973,0.048780,0.113894
15,94,0.375000,0.483871,0.333257,0.499264,0.625000,0.500007,0.054878,0.066651
15,95,0.333333,0.475806,0.615151,0.223306,0.666667,0.731064,0.085366,0.123030
15,96,0.083333,0.427419,0.572570,0.284793,0.916667,0.677615,0.060976,0.114514
15,97,0.625000,0.532258,0.312610,1.000000,0.375000,0.033036,0.048780,0.062522
15,98,0.375000,0.483871,0.341786,0.229281,0.625000,0.752038,0.048780,0.068357
15,99,0.875000,0.580645,1.000000,0.963934,0.125000,0.000000,0.042683,0.200000
15,100,0.416667,0.491935,0.353870,0.211058,0.583333,0.767932,0.042683,0.070774
15,101,0.541667,0.516129,0.000000,0.486087,0.458333,0.544742,0.042683,0.000000
15,102,0.750000,0.556452,0.350016,0.933682,0.250000,0.091512,0.036585,0.070003
15,103,0.541667,0.516129,0.000000,0.411337,0.458333,0.614751,0.060976,0.000000
15,104,0.291667,0.467742,0.595797,0.396208,0.708333,0.571008,0.054878,0.119159
15,105,0.708333,0.548387,0.467785,0.787912,0.291667,0.216590,0.042683,0.093557
15,106,0.083333,0.427419,0.151904,0.265678,0.916667,0.736407,0.097561,0.030381
15,107,0.541667,0.516129,0.026054,0.485535,0.458333,0.542727,0.048780,0.005211
15,108,0.416667,0.491935,0.180523,0.554815,0.583333,0.462826,0.054878,0.036105
15,109,0.500000,0.508065,0.024626,0.632649,0.500000,0.405081,0.048780,0.004925
15,110,0.250000,0.459677,0.411826,0.317665,0.750000,0.662452,0.048780,0.082365
15,111,0.458333,0.500000,0.307408,0.459395,0.541667,0.539860,0.048780,0.061482
15,112,0.416667,0.491935,0.000000,0.490431,0.583333,0.540674,0.048780,0.000000
15,113,0.791667,0.564516,0.150915,0.518111,0.208333,0.500080,0.048780,0.030183
15,114,0.541667,0.516129,0.553510,0.715369,0.458333,0.276199,0.042683,0.110702
15,115,0.291667,0.467742,0.272749,0.285030,0.708333,0.706536,0.054878,0.054550
15,116,0.000000,0.411290,0.366299,0.121403,1.000000,0.850692,0.085366,0.073260
15,117,0.500000,0.508065,0.519526,0.139275,0.500000,0.819060,0.048780,0.103905
15,118,0.208333,0.451613,0.000000,0.070781,0.791667,0.933708,0.060976,0.000000
15,119,0.375000,0.483871,0.703705,0.533557,0.625000,0.431882,0.054878,0.163403
15,120,0.375000,0.483871,0.325877,0.414569,0.625000,0.580048,0.042683,0.065175
15,121,0.583333,0.524194,0.479037,0.568134,0.416667,0.421336,0.048780,0.095807
15,122,0.833333,0.572581,0.288481,0.901210,0.166667,0.127906,0.036585,0.057696
15,123,0.291667,0.467742,0.046061,0.390743,0.708333,0.629562,0.054878,0.009212
15,124,0.500000,0.508065,0.361183,0.507825,0.500000,0.489275,0.036585,0.072237
16,0,0.875000,0.580645,0.633025,0.900160,0.125000,0.090246,0.042424,0.126605
16,1,0.708333,0.548387,0.393740,0.760348,0.291667,0.244840,0.048485,0.078748
16,2,0.708333,0.548387,0.134250,0.608311,0.291667,0.412885,0.042424,0.026850
16,3,0.583333,0.524194,0.000000,0.533722,0.416667,0.495982,0.042424,0.000000
16,4,0.166667,0.443548,0.534668,0.268537,0.833333,0.695990,0.048485,0.106934
16,5,0.666667,0.540323,0.243759,0.750587,0.333333,0.268201,0.048485,0.048752
16,6,0.416667,0.491935,0.430273,0.715816,0.583333,0.283449,0.048485,0.086055
16,7,0.333333,0.475806,0.000000,0.466496,0.666667,0.559467,0.048485,0.000000
16,8,0.416667,0.491935,0.640034,0.539414,0.583333,0.430253,0.042424,0.128007
16,9,0.666667,0.540323,0.306189,0.698433,0.333333,0.311565,0.042424,0.061238
16,10,0.416667,0.491935,0.000000,0.343864,0.583333,0.675273,0.060606,0.000000
16,11,0.500000,0.508065,0.380683,0.625455,0.500000,0.373457,0.042424,0.076137
16,12,0.541667,0.516129,0.738664,0.714061,0.458333,0.256025,0.036364,0.159562
16,13,0.375000,0.483871,0.661008,0.261302,0.625000,0.690909,0.042424,0.142787
16,14,0.375000,0.483871,0.685275,0.691587,0.625000,0.282283,0.054545,0.137055
16,15,0.458333,0.500000,0.338184,0.573813,0.541667,0.426232,0.048485,0.067637
16,16,0.833333,0.572581,0.642187,0.659646,0.166667,0.316509,0.036364,0.128437
16,17,0.916667,0.588710,0.424327,0.925787,0.083333,0.085725,0.042424,0.084865
16,18,0.583333,0.524194,0.694159,0.681422,0.416667,0.291044,0.036364,0.149948
16,19,0.291667,0.467742,0.423972,0.361415,0.708333,0.618720,0.054545,0.084794
16,20,0.583333,0.524194,0.095768,0.805226,0.416667,0.230558,0.036364,0.019154
16,21,0.375000,0.483871,0.046812,0.437084,0.625000,0.582828,0.054545,0.009362
16,22,0.625000,0.532258,0.642912,0.632637,0.375000,0.341947,0.048485,0.128582
16,23,1.000000,0.604839,0.516844,0.766875,0.000000,0.227068,0.042424,0.103369
16,24,0.416667,0.491935,0.000000,0.384509,0.583333,0.636890,0.048485,0.000000
16,25,0.958333,0.596774,0.375757,0.964868,0.041667,0.053398,0.036364,0.075151
16,26,0.208333,0.451613,0.250119,0.270249,0.791667,0.721206,0.060606,0.050024
16,27,0.708333,0.548387,0.576780,0.654970,0.291667,0.327093,0.036364,0.124593
16,28,0.250000,0.459677,0.000000,0.368703,0.750000,0.651817,0.048485,0.000000
16,29,0.541667,0.516129,0.236002,0.514257,0.458333,0.492109,0.048485,0.047200
16,30,0.250000,0.459677,0.513090,0.533811,0.750000,0.447515,0.072727,0.102618
16,31,0.208333,0.451613,0.405502,0.393147,0.791667,0.590495,0.078788,0.081100
16,32,0.916667,0.588710,0.577008,0.818046,0.083333,0.173071,0.042424,0.115402
16,33,0.458333,0.500000,0.000000,0.447408,0.541667,0.577493,0.048485,0.000000
16,34,0.458333,0.500000,0.208032,0.685118,0.541667,0.333395,0.048485,0.041606
16,35,0.583333,0.524194,0.700974,0.600331,0.416667,0.366980,0.036364,0.140195
16,36,0.375000,0.483871,0.337324,0.603996,0.625000,0.397810,0.048485,0.067465
16,37,0.541667,0.516129,0.454192,0.413940,0.458333,0.566268,0.042424,0.090838
16,38,0.125000,0.435484,0.063708,0.168269,0.875000,0.835088,0.078788,0.012742
16,39,0.708333,0.548387,0.401958,0.717416,0.291667,0.284608,0.048485,0.080392
16,40,0.125000,0.435484,0.463795,0.248877,0.875000,0.721239,0.078788,0.092759
16,41,0.208333,0.451613,0.204697,0.262875,0.791667,0.732453,0.054545,0.040939
16,42,0.250000,0.459677,0.073402,0.319826,0.750000,0.691053,0.060606,0.014680
16,43,0.500000,0.508065,0.047301,0.493135,0.500000,0.529850,0.042424,0.009460
16,44,0.541667,0.516129,0.000000,0.558758,0.458333,0.472340,0.048485,0.000000
16,45,0.583333,0.524194,0.661022,0.741496,0.416667,0.237438,0.048485,0.132204
16,46,0.666667,0.540323,0.320207,0.878493,0.333333,0.140204,0.048485,0.064041
16,47,0.791667,0.564516,0.681803,0.748000,0.208333,0.229337,0.036364,0.136361
16,48,0.416667,0.491935,0.348468,0.611956,0.583333,0.389243,0.048485,0.069694
16,49,0.375000,0.483871,0.275612,0.632627,0.625000,0.376592,0.048485,0.055122
16,50,0.625000,0.532258,0.360780,0.468524,0.375000,0.523531,0.036364,0.072156
16,51,0.375000,0.483871,0.382592,0.379248,0.625000,0.605781,0.042424,0.076518
16,52,0.291667,0.467742,0.672710,0.249784,0.708333,0.700683,0.060606,0.134542
16,53,0.916667,0.588710,0.463489,0.921543,0.083333,0.086039,0.036364,0.092698
16,54,0.333333,0.475806,0.251998,0.300557,0.666667,0.692407,0.066667,0.050400
16,55,0.666667,0.540323,0.266323,0.730381,0.333333,0.285155,0.036364,0.053265
16,56,0.666667,0.540323,0.000000,0.663298,0.333333,0.373618,0.048485,0.000000
16,57,0.750000,0.556452,0.393907,0.685911,0.250000,0.315119,0.042424,0.078781
16,58,0.750000,0.556452,0.591993,0.995704,0.250000,0.003888,0.042424,0.118399
16,59,0.541667,0.516129,0.569400,0.489755,0.458333,0.483809,0.048485,0.113880
16,60,0.416667,0.491935,0.000000,0.453930,0.583333,0.571333,0.048485,0.000000
16,61,0.375000,0.483871,0.000000,0.374374,0.625000,0.646462,0.066667,0.000000
16,62,0.250000,0.459677,0.000000,0.295187,0.750000,0.721242,0.066667,0.000000
16,63,0.416667,0.491935,0.000000,0.503473,0.583333,0.524548,0.054545,0.000000
16,64,0.666667,0.540323,0.521764,0.698096,0.333333,0.291555,0.054545,0.104353
16,65,0.708333,0.548387,0.035773,0.809787,0.291667,0.231908,0.036364,0.007155
16,66,0.333333,0.475806,0.405890,0.549760,0.666667,0.442562,0.060606,0.081178
16,67,0.458333,0.500000,0.833958,0.398792,0.541667,0.544762,0.042424,0.180147
16,68,0.166667,0.443548,0.269074,0.457322,0.833333,0.542757,0.066667,0.053815
16,69,0.125000,0.435484,0.000000,0.411625,0.875000,0.611284,0.066667,0.000000
16,70,0.208333,0.451613,0.000000,0.375486,0.791667,0.645411,0.054545,0.000000
16,71,0.333333,0.475806,0.425005,0.265332,0.666667,0.709358,0.054545,0.085001
16,72,0.291667,0.467742,0.451797,0.170109,0.708333,0.796755,0.054545,0.090359
16,73,0.291667,0.467742,0.685846,0.565844,0.708333,0.400974,0.078788,0.137169
16,74,0.166667,0.443548,0.520218,0.203699,0.833333,0.758582,0.060606,0.104044
16,75,0.000000,0.411290,0.000000,0.000000,1.000000,1.000000,0.127273,0.000000
16,76,0.208333,0.451613,0.203600,0.291760,0.791667,0.705279,0.054545,0.040720
16,77,0.541667,0.516129,0.661876,0.695415,0.458333,0.280875,0.036364,0.132375
16,78,0.750000,0.556452,0.411079,0.711022,0.250000,0.289786,0.036364,0.082216
16,79,0.500000,0.508065,0.000000,0.655142,0.500000,0.381320,0.054545,0.000000
16,80,0.333333,0.475806,0.616204,0.492596,0.666667,0.476712,0.054545,0.123241
16,81,0.416667,0.491935,0.038004,0.483792,0.583333,0.539550,0.048485,0.007601
16,82,0.458333,0.500000,0.703267,0.455450,0.541667,0.503582,0.036364,0.140653
16,83,0.666667,0.540323,0.317658,0.763829,0.333333,0.248728,0.060606,0.063532
16,84,0.666667,0.540323,0.255681,0.456856,0.333333,0.544460,0.048485,0.051136
16,85,0.250000,0.459677,0.000000,0.344646,0.750000,0.674535,0.072727,0.000000
16,86,0.541667,0.516129,0.439071,0.612821,0.458333,0.379882,0.048485,0.087814
16,87,0.083333,0.427419,0.235978,0.358204,0.916667,0.639480,0.090909,0.047196
16,88,0.166667,0.443548,0.000000,0.216556,0.833333,0.795496,0.066667,0.000000
16,89,0.208333,0.451613,0.150272,0.428362,0.791667,0.581308,0.054545,0.030054
16,90,0.625000,0.532258,0.082909,0.612978,0.375000,0.413319,0.042424,0.016582
16,91,0.375000,0.483871,0.413757,0.377839,0.625000,0.604173,0.054545,0.082751
16,92,0.750000,0.556452,0.464456,0.914654,0.250000,0.092454,0.048485,0.092891
16,93,0.500000,0.508065,0.819118,0.482829,0.500000,0.466801,0.048485,0.163824
16,94,0.375000,0.483871,0.244587,0.482689,0.625000,0.521111,0.054545,0.048917
16,95,0.333333,0.475806,0.446890,0.198544,0.666667,0.770365,0.084848,0.096535
16,96,0.083333,0.427419,0.453524,0.328646,0.916667,0.646878,0.060606,0.090705
16,97,0.625000,0.532258,0.590202,1.000000,0.375000,0.000000,0.048485,0.118040
16,98,0.375000,0.483871,0.267601,0.362359,0.625000,0.632574,0.048485,0.053520
16,99,0.875000,0.580645,1.000000,0.859651,0.125000,0.093895,0.042424,0.200000
16,100,0.416667,0.491935,0.000000,0.453806,0.583333,0.571450,0.042424,0.000000
16,101,0.541667,0.516129,0.000000,0.651735,0.458333,0.384537,0.042424,0.000000
16,102,0.750000,0.556452,0.269488,0.864607,0.250000,0.158101,0.036364,0.053898
16,103,0.541667,0.516129,0.172227,0.487065,0.458333,0.523802,0.060606,0.034445
16,104,0.291667,0.467742,0.415423,0.423556,0.708333,0.560843,0.054545,0.083085
16,105,0.708333,0.548387,0.798566,0.964193,0.291667,0.014166,0.042424,0.159713
16,106,0.083333,0.427419,0.198019,0.344862,0.916667,0.655658,0.096970,0.039604
16,107,0.541667,0.516129,0.155966,0.716824,0.458333,0.308364,0.048485,0.031193
16,108,0.416667,0.491935,0.092161,0.538721,0.583333,0.482571,0.054545,0.018432
16,109,0.500000,0.508065,0.068551,0.602349,0.500000,0.424711,0.048485,0.013710
16,110,0.250000,0.459677,0.189135,0.426920,0.750000,0.579005,0.048485,0.037827
16,111,0.458333,0.500000,0.346824,0.454724,0.541667,0.537879,0.048485,0.069365
16,112,0.416667,0.491935,0.212138,0.582623,0.583333,0.429799,0.048485,0.042428
16,113,0.791667,0.564516,0.238735,0.579867,0.208333,0.429893,0.048485,0.047747
16,114,0.541667,0.516129,0.718128,0.721881,0.458333,0.250578,0.042424,0.143626
16,115,0.291667,0.467742,0.487745,0.317315,0.708333,0.654352,0.054545,0.097549
16,116,0.000000,0.411290,0.403904,0.185222,1.000000,0.786999,0.084848,0.080781
16,117,0.500000,0.508065,0.444904,0.363348,0.500000,0.614920,0.048485,0.088981
16,118,0.208333,0.451613,0.000000,0.197612,0.791667,0.813386,0.060606,0.000000
16,119,0.375000,0.483871,0.347778,0.583360,0.625000,0.416312,0.060606,0.069556
16,120,0.375000,0.483871,0.461813,0.522566,0.625000,0.462969,0.042424,0.092363
16,121,0.583333,0.524194,0.677868,0.625442,0.416667,0.345445,0.048485,0.146429
16,122,0.833333,0.572581,0.538321,0.980699,0.166667,0.023119,0.036364,0.107664
16,123,0.291667,0.467742,0.125637,0.464305,0.708333,0.549689,0.054545,0.025127
16,124,0.500000,0.508065,0.683751,0.431878,0.500000,0.527682,0.036364,0.136750
17,0,0.875000,0.580645,0.535585,0.689569,0.125000,0.325172,0.042169,0.107117
17,1,0.708333,0.548387,0.363353,0.585424,0.291667,0.435835,0.048193,0.072671
17,2,0.708333,0.548387,0.216234,0.578722,0.291667,0.455980,0.042169,0.043247
17,3,0.583333,0.524194,0.000000,0.434276,0.416667,0.607298,0.042169,0.000000
17,4,0.166667,0.443548,0.448733,0.287682,0.833333,0.696900,0.048193,0.089747
17,5,0.666667,0.540323,0.357912,0.644704,0.333333,0.382751,0.048193,0.097550
17,6,0.416667,0.491935,0.285805,0.538591,0.583333,0.485609,0.048193,0.057161
17,7,0.333333,0.475806,0.154366,0.385645,0.666667,0.636495,0.048193,0.030873
17,8,0.416667,0.491935,0.409620,0.526271,0.583333,0.484896,0.042169,0.081924
17,9,0.666667,0.540323,0.228988,0.569863,0.333333,0.462770,0.042169,0.045798
17,10,0.416667,0.491935,0.000000,0.050351,0.583333,0.954469,0.060241,0.000000
17,11,0.500000,0.508065,0.386693,0.473196,0.500000,0.535085,0.042169,0.105395
17,12,0.541667,0.516129,0.840320,0.809195,0.458333,0.187825,0.042169,0.168064
17,13,0.375000,0.483871,0.424813,0.281127,0.625000,0.705118,0.048193,0.084963
17,14,0.375000,0.483871,0.260351,0.397497,0.625000,0.615632,0.054217,0.052070
17,15,0.458333,0.500000,0.307733,0.421977,0.541667,0.588960,0.048193,0.061547
17,16,0.833333,0.572581,0.469046,0.661031,0.166667,0.357348,0.036145,0.093809
17,17,0.916667,0.588710,0.596907,0.748162,0.083333,0.266318,0.042169,0.119381
17,18,0.583333,0.524194,0.207826,0.594752,0.416667,0.442289,0.042169,0.041565
17,19,0.291667,0.467742,0.370740,0.349002,0.708333,0.648917,0.054217,0.074148
17,20,0.583333,0.524194,0.215575,0.719090,0.416667,0.329112,0.036145,0.043115
17,21,0.375000,0.483871,0.000000,0.305870,0.625000,0.723412,0.054217,0.000000
17,22,0.625000,0.532258,0.429762,0.553790,0.375000,0.458083,0.048193,0.085952
17,23,1.000000,0.604839,0.466344,0.678025,0.000000,0.342240,0.042169,0.093269
17,24,0.416667,0.491935,0.114766,0.379665,0.583333,0.645694,0.048193,0.022953
17,25,0.958333,0.596774,0.492059,0.832635,0.041667,0.199969,0.036145,0.098412
17,26,0.208333,0.451613,0.460834,0.208739,0.791667,0.767128,0.060241,0.092167
17,27,0.708333,0.548387,0.144813,0.438223,0.291667,0.589865,0.042169,0.028963
17,28,0.250000,0.459677,0.000000,0.169101,0.750000,0.847087,0.048193,0.000000
17,29,0.541667,0.516129,0.243807,0.338507,0.458333,0.670559,0.048193,0.048761
17,30,0.250000,0.459677,0.333261,0.179259,0.750000,0.805998,0.072289,0.066652
17,31,0.208333,0.451613,0.176936,0.405923,0.791667,0.615998,0.078313,0.035387
17,32,0.916667,0.588710,0.487278,0.555376,0.083333,0.451143,0.042169,0.097456
17,33,0.458333,0.500000,0.000000,0.525602,0.541667,0.524715,0.048193,0.000000
17,34,0.458333,0.500000,0.347055,0.668346,0.541667,0.362412,0.048193,0.069411
17,35,0.583333,0.524194,0.622751,0.434121,0.416667,0.547821,0.036145,0.124550
17,36,0.375000,0.483871,0.056714,0.388756,0.625000,0.643031,0.048193,0.011343
17,37,0.541667,0.516129,0.509178,0.433487,0.458333,0.559267,0.042169,0.101836
17,38,0.125000,0.435484,0.398203,0.117839,0.875000,0.855321,0.078313,0.079641
17,39,0.708333,0.548387,0.289912,0.488076,0.291667,0.530894,0.048193,0.057982
17,40,0.125000,0.435484,0.361794,0.232015,0.875000,0.755561,0.078313,0.072359
17,41,0.208333,0.451613,0.000000,0.243058,0.791667,0.780210,0.054217,0.000000
17,42,0.250000,0.459677,0.168106,0.292253,0.750000,0.719632,0.060241,0.033621
17,43,0.500000,0.508065,0.355354,0.455291,0.500000,0.554276,0.042169,0.071071
17,44,0.541667,0.516129,0.000000,0.454943,0.458333,0.588609,0.048193,0.000000
17,45,0.583333,0.524194,0.460023,0.713147,0.416667,0.311085,0.048193,0.092005
17,46,0.666667,0.540323,0.388386,0.696068,0.333333,0.333386,0.048193,0.077677
17,47,0.791667,0.564516,0.480334,0.692456,0.208333,0.327851,0.036145,0.096067
17,48,0.416667,0.491935,0.312583,0.377760,0.583333,0.628479,0.048193,0.062517
17,49,0.375000,0.483871,0.581709,0.439169,0.625000,0.547185,0.048193,0.116342
17,50,0.625000,0.532258,0.290662,0.405825,0.375000,0.605199,0.036145,0.058132
17,51,0.375000,0.483871,0.237893,0.288919,0.625000,0.715966,0.042169,0.047579
17,52,0.291667,0.467742,0.735365,0.150905,0.708333,0.793144,0.060241,0.147073
17,53,0.916667,0.588710,0.131717,0.819209,0.083333,0.246606,0.036145,0.026343
17,54,0.333333,0.475806,0.359944,0.278776,0.666667,0.713454,0.066265,0.071989
17,55,0.666667,0.540323,0.359529,0.574180,0.333333,0.446369,0.036145,0.071906
17,56,0.666667,0.540323,0.000000,0.550333,0.333333,0.502351,0.048193,0.000000
17,57,0.750000,0.556452,0.000000,0.532792,0.250000,0.518213,0.042169,0.000000
17,58,0.750000,0.556452,0.480948,0.740819,0.250000,0.284059,0.042169,0.096190
17,59,0.541667,0.516129,0.367434,0.479331,0.458333,0.531381,0.048193,0.073487
17,60,0.416667,0.491935,0.000000,0.338477,0.583333,0.693926,0.048193,0.000000
17,61,0.375000,0.483871,0.000000,0.296330,0.625000,0.732038,0.066265,0.000000
17,62,0.250000,0.459677,0.000000,0.256465,0.750000,0.768087,0.066265,0.000000
17,63,0.416667,0.491935,0.000000,0.303325,0.583333,0.725713,0.054217,0.000000
17,64,0.666667,0.540323,0.167428,0.472943,0.333333,0.556305,0.054217,0.033486
17,65,0.708333,0.548387,0.455759,0.670638,0.291667,0.349933,0.036145,0.091152
17,66,0.333333,0.475806,0.084414,0.251591,0.666667,0.764413,0.060241,0.016883
17,67,0.458333,0.500000,0.290098,0.323388,0.541667,0.679799,0.048193,0.058020
17,68,0.166667,0.443548,0.290635,0.480309,0.833333,0.537848,0.066265,0.058127
17,69,0.125000,0.435484,0.000000,0.353469,0.875000,0.680369,0.066265,0.000000
17,70,0.208333,0.451613,0.219025,0.309136,0.791667,0.699491,0.054217,0.043805
17,71,0.333333,0.475806,0.295772,0.303757,0.666667,0.697007,0.054217,0.059154
17,72,0.291667,0.467742,0.335789,0.157364,0.708333,0.825555,0.054217,0.067158
17,73,0.291667,0.467742,0.308341,0.375045,0.708333,0.631340,0.078313,0.061668
17,74,0.166667,0.443548,0.284963,0.110409,0.833333,0.872881,0.060241,0.056993
17,75,0.000000,0.411290,0.000000,0.000000,1.000000,1.000000,0.126506,0.000000
17,76,0.208333,0.451613,0.249741,0.328709,0.791667,0.678851,0.054217,0.049948
17,77,0.541667,0.516129,0.743024,0.622923,0.458333,0.365579,0.036145,0.202514
17,78,0.750000,0.556452,0.000000,0.524779,0.250000,0.525459,0.036145,0.000000
17,79,0.500000,0.508065,0.090926,0.527091,0.500000,0.514663,0.054217,0.018185
17,80,0.333333,0.475806,0.351828,0.324208,0.666667,0.673148,0.054217,0.070366
17,81,0.416667,0.491935,0.017177,0.168275,0.583333,0.846190,0.048193,0.003435
17,82,0.458333,0.500000,0.462208,0.198754,0.541667,0.776026,0.036145,0.125976
17,83,0.666667,0.540323,0.620899,0.666419,0.333333,0.337939,0.060241,0.124180
17,84,0.666667,0.540323,0.485276,0.542040,0.333333,0.463394,0.048193,0.097055
17,85,0.250000,0.459677,0.000000,0.298413,0.750000,0.730154,0.072289,0.000000
17,86,0.541667,0.516129,0.336590,0.658685,0.458333,0.372149,0.048193,0.067318
17,87,0.083333,0.427419,0.000000,0.104298,0.916667,0.905687,0.090361,0.000000
17,88,0.166667,0.443548,0.000000,0.412135,0.833333,0.627319,0.066265,0.000000
17,89,0.208333,0.451613,0.047123,0.131096,0.791667,0.876943,0.054217,0.009425
17,90,0.625000,0.532258,0.124107,0.427694,0.375000,0.601368,0.042169,0.024821
17,91,0.375000,0.483871,0.232036,0.205557,0.625000,0.791908,0.054217,0.046407
17,92,0.750000,0.556452,0.440620,0.780530,0.250000,0.252010,0.048193,0.088124
17,93,0.500000,0.508065,0.580427,0.449490,0.500000,0.537975,0.048193,0.158198
17,94,0.375000,0.483871,0.205132,0.195286,0.625000,0.803772,0.054217,0.041026
17,95,0.333333,0.475806,0.084469,0.244084,0.666667,0.771196,0.090361,0.016894
17,96,0.083333,0.427419,0.455778,0.230687,0.916667,0.747765,0.060241,0.091156
17,97,0.625000,0.532258,0.407183,0.746715,0.375000,0.285789,0.048193,0.081437
17,98,0.375000,0.483871,0.392921,0.349207,0.625000,0.646608,0.048193,0.078584
17,99,0.875000,0.580645,1.000000,1.000000,0.125000,0.000000,0.042169,0.200000
17,100,0.416667,0.491935,0.000000,0.419185,0.583333,0.620944,0.042169,0.000000
17,101,0.541667,0.516129,0.000000,0.394784,0.458333,0.643009,0.042169,0.000000
17,102,0.750000,0.556452,0.572486,0.661852,0.250000,0.346703,0.036145,0.114497
17,103,0.541667,0.516129,0.000000,0.519632,0.458333,0.530113,0.060241,0.000000
17,104,0.291667,0.467742,0.045674,0.214639,0.708333,0.801536,0.054217,0.009135
17,105,0.708333,0.548387,0.479138,0.728308,0.291667,0.295546,0.042169,0.095828
17,106,0.083333,0.427419,0.348549,0.339977,0.916667,0.659202,0.096386,0.069710
17,107,0.541667,0.516129,0.460606,0.521543,0.458333,0.484290,0.048193,0.092121
17,108,0.416667,0.491935,0.000000,0.248922,0.583333,0.774908,0.054217,0.000000
17,109,0.500000,0.508065,0.283318,0.501768,0.500000,0.519145,0.048193,0.056664
17,110,0.250000,0.459677,0.492000,0.350758,0.750000,0.635721,0.048193,0.098400
17,111,0.458333,0.500000,0.271679,0.319964,0.541667,0.684658,0.048193,0.054336
17,112,0.416667,0.491935,0.608122,0.557562,0.583333,0.437598,0.048193,0.121624
17,113,0.791667,0.564516,0.057848,0.537552,0.208333,0.508371,0.048193,0.011570
17,114,0.541667,0.516129,0.396709,0.640042,0.458333,0.383253,0.042169,0.108124
17,115,0.291667,0.467742,0.507286,0.282070,0.708333,0.696370,0.054217,0.101457
17,116,0.000000,0.411290,0.197054,0.069016,1.000000,0.918727,0.084337,0.039411
17,117,0.500000,0.508065,0.742030,0.489633,0.500000,0.486204,0.048193,0.202243
17,118,0.208333,0.451613,0.000000,0.198636,0.791667,0.820380,0.060241,0.000000
17,119,0.375000,0.483871,0.527098,0.435380,0.625000,0.555840,0.060241,0.105420
17,120,0.375000,0.483871,0.178289,0.448751,0.625000,0.577141,0.042169,0.035658
17,121,0.583333,0.524194,0.000000,0.345311,0.416667,0.687746,0.054217,0.000000
17,122,0.833333,0.572581,0.730945,0.824445,0.166667,0.184506,0.036145,0.146189
17,123,0.291667,0.467742,0.000000,0.160652,0.708333,0.854727,0.054217,0.000000
17,124,0.500000,0.508065,0.750210,0.317338,0.500000,0.641222,0.036145,0.150042
18,0,0.875000,0.580645,0.668051,0.811530,0.125000,0.203366,0.041916,0.133610
18,1,0.708333,0.548387,0.327403,0.502549,0.291667,0.515635,0.047904,0.065481
18,2,0.708333,0.548387,0.328563,0.548597,0.291667,0.474247,0.041916,0.065713
18,3,0.583333,0.524194,0.000000,0.540917,0.416667,0.515242,0.041916,0.000000
18,4,0.166667,0.443548,0.355532,0.275660,0.833333,0.716048,0.047904,0.071106
18,5,0.666667,0.540323,0.291126,0.813544,0.333333,0.240694,0.053892,0.058225
18,6,0.416667,0.491935,0.407913,0.498787,0.583333,0.510647,0.047904,0.081583
18,7,0.333333,0.475806,0.084871,0.283497,0.666667,0.737125,0.047904,0.016974
18,8,0.416667,0.491935,0.616556,0.428816,0.583333,0.551693,0.041916,0.123311
18,9,0.666667,0.540323,0.177820,0.689020,0.333333,0.364053,0.041916,0.035564
18,10,0.416667,0.491935,0.000000,0.035117,0.583333,0.968529,0.059880,0.000000
18,11,0.500000,0.508065,0.250896,0.494415,0.500000,0.530868,0.047904,0.050179
18,12,0.541667,0.516129,0.646167,0.649903,0.458333,0.350484,0.041916,0.129233
18,13,0.375000,0.483871,0.463451,0.290537,0.625000,0.691511,0.047904,0.092690
18,14,0.375000,0.483871,0.584229,0.356730,0.625000,0.619651,0.053892,0.171731
18,15,0.458333,0.500000,0.595246,0.333134,0.541667,0.639653,0.047904,0.174970
18,16,0.833333,0.572581,0.545843,0.624993,0.166667,0.383224,0.035928,0.109169
18,17,0.916667,0.588710,0.534731,0.817390,0.083333,0.211956,0.041916,0.106946
18,18,0.583333,0.524194,0.455222,0.617491,0.416667,0.399356,0.041916,0.091044
18,19,0.291667,0.467742,0.485763,0.335381,0.708333,0.649006,0.053892,0.097153
18,20,0.583333,0.524194,0.292807,0.778362,0.416667,0.272048,0.035928,0.058561
18,21,0.375000,0.483871,0.143924,0.383388,0.625000,0.641473,0.053892,0.028785
18,22,0.625000,0.532258,0.428709,0.408352,0.375000,0.589534,0.047904,0.085742
18,23,1.000000,0.604839,0.506585,0.724807,0.000000,0.297849,0.041916,0.101317
18,24,0.416667,0.491935,0.064231,0.460055,0.583333,0.581040,0.047904,0.012846
18,25,0.958333,0.596774,0.394888,0.838061,0.041667,0.207950,0.035928,0.078978
18,26,0.208333,0.451613,0.478592,0.231360,0.791667,0.742972,0.059880,0.095718
18,27,0.708333,0.548387,0.164308,0.555549,0.291667,0.485070,0.041916,0.032862
18,28,0.250000,0.459677,0.000000,0.192811,0.750000,0.827207,0.047904,0.000000
18,29,0.541667,0.516129,0.120878,0.300722,0.458333,0.717949,0.047904,0.024176
18,30,0.250000,0.459677,0.403622,0.230056,0.750000,0.751924,0.071856,0.080724
18,31,0.208333,0.451613,0.206340,0.225320,0.791667,0.776650,0.077844,0.041268
18,32,0.916667,0.588710,0.472367,0.613021,0.083333,0.401582,0.041916,0.094473
18,33,0.458333,0.500000,0.000000,0.405101,0.541667,0.636957,0.047904,0.000000
18,34,0.458333,0.500000,0.046074,0.532414,0.541667,0.518078,0.047904,0.009215
18,35,0.583333,0.524194,0.571351,0.431993,0.416667,0.553538,0.035928,0.114270
18,36,0.375000,0.483871,0.265247,0.405395,0.625000,0.609156,0.047904,0.053049
18,37,0.541667,0.516129,0.464446,0.490336,0.458333,0.512352,0.041916,0.092889
18,38,0.125000,0.435484,0.391843,0.095841,0.875000,0.873428,0.077844,0.078369
18,39,0.708333,0.548387,0.249095,0.419974,0.291667,0.597767,0.047904,0.049819
18,40,0.125000,0.435484,0.250207,0.044791,0.875000,0.933882,0.077844,0.050041
18,41,0.208333,0.451613,0.000000,0.173346,0.791667,0.844651,0.053892,0.000000
18,42,0.250000,0.459677,0.207358,0.143069,0.750000,0.850257,0.059880,0.041472
18,43,0.500000,0.508065,0.272484,0.343221,0.500000,0.664122,0.041916,0.054497
18,44,0.541667,0.516129,0.000000,0.463047,0.458333,0.585027,0.047904,0.000000
18,45,0.583333,0.524194,0.357155,0.705227,0.416667,0.330910,0.047904,0.071431
18,46,0.666667,0.540323,0.553314,0.784864,0.333333,0.239176,0.047904,0.110663
18,47,0.791667,0.564516,0.267071,0.635183,0.208333,0.403034,0.035928,0.053414
18,48,0.416667,0.491935,0.213543,0.244719,0.583333,0.758517,0.047904,0.042709
18,49,0.375000,0.483871,0.544436,0.266703,0.625000,0.704462,0.047904,0.160035
18,50,0.625000,0.532258,0.419889,0.511273,0.375000,0.498215,0.035928,0.083978
18,51,0.375000,0.483871,0.674761,0.209430,0.625000,0.742259,0.041916,0.134952
18,52,0.291667,0.467742,0.501685,0.133338,0.708333,0.828420,0.059880,0.100337
18,53,0.916667,0.588710,0.458450,0.978979,0.083333,0.075062,0.035928,0.091690
18,54,0.333333,0.475806,0.227952,0.283451,0.666667,0.722311,0.065868,0.045590
18,55,0.666667,0.540323,0.619210,0.566460,0.333333,0.428064,0.035928,0.182014
18,56,0.666667,0.540323,0.000000,0.721926,0.333333,0.353025,0.047904,0.000000
18,57,0.750000,0.556452,0.088873,0.541320,0.250000,0.505653,0.041916,0.017775
18,58,0.750000,0.556452,0.333799,0.891313,0.250000,0.166568,0.041916,0.066760
18,59,0.541667,0.516129,0.371194,0.423051,0.458333,0.582333,0.047904,0.074239
18,60,0.416667,0.491935,0.108541,0.225428,0.583333,0.786708,0.047904,0.021708
18,61,0.375000,0.483871,0.045916,0.188678,0.625000,0.826144,0.065868,0.009183
18,62,0.250000,0.459677,0.000000,0.121368,0.750000,0.891233,0.065868,0.000000
18,63,0.416667,0.491935,0.051083,0.405828,0.583333,0.631002,0.053892,0.010217
18,64,0.666667,0.540323,0.174603,0.575726,0.333333,0.465919,0.053892,0.034921
18,65,0.708333,0.548387,0.410640,0.599777,0.291667,0.419860,0.035928,0.082128
18,66,0.333333,0.475806,0.000000,0.238495,0.666667,0.786266,0.059880,0.000000
18,67,0.458333,0.500000,0.069116,0.249409,0.541667,0.769309,0.047904,0.013823
18,68,0.166667,0.443548,0.345340,0.405171,0.833333,0.601041,0.065868,0.069068
18,69,0.125000,0.435484,0.000000,0.193007,0.875000,0.827031,0.065868,0.000000
18,70,0.208333,0.451613,0.435682,0.377271,0.791667,0.616664,0.053892,0.087136
18,71,0.333333,0.475806,0.406804,0.222543,0.666667,0.758327,0.053892,0.119578
18,72,0.291667,0.467742,0.264388,0.067799,0.708333,0.911791,0.053892,0.052878
18,73,0.291667,0.467742,0.315146,0.285510,0.708333,0.711413,0.077844,0.063029
18,74,0.166667,0.443548,0.307967,0.161483,0.833333,0.823309,0.059880,0.061593
18,75,0.000000,0.411290,0.000000,0.000000,1.000000,1.000000,0.125749,0.000000
18,76,0.208333,0.451613,0.217865,0.287411,0.791667,0.719809,0.053892,0.043573
18,77,0.541667,0.516129,0.277382,0.591506,0.458333,0.441107,0.041916,0.055476
18,78,0.750000,0.556452,0.466256,0.382536,0.250000,0.608772,0.035928,0.093251
18,79,0.500000,0.508065,0.137494,0.498119,0.500000,0.539322,0.053892,0.027499
18,80,0.333333,0.475806,0.510267,0.324401,0.666667,0.656302,0.053892,0.102053
18,81,0.416667,0.491935,0.238841,0.209321,0.583333,0.787614,0.047904,0.047768
18,82,0.458333,0.500000,0.000000,0.401764,0.541667,0.639948,0.041916,0.000000
18,83,0.666667,0.540323,0.525614,0.650335,0.333333,0.362613,0.059880,0.105123
18,84,0.666667,0.540323,0.425622,0.464720,0.333333,0.539339,0.047904,0.085124
18,85,0.250000,0.459677,0.000000,0.220754,0.750000,0.802165,0.071856,0.000000
18,86,0.541667,0.516129,0.267502,0.620797,0.458333,0.415882,0.047904,0.053500
18,87,0.083333,0.427419,0.000000,0.148166,0.916667,0.867217,0.089820,0.000000
18,88,0.166667,0.443548,0.000000,0.431437,0.833333,0.613355,0.065868,0.000000
18,89,0.208333,0.451613,0.000000,0.093301,0.791667,0.916386,0.053892,0.000000
18,90,0.625000,0.532258,0.158408,0.362230,0.375000,0.658931,0.041916,0.031682
18,91,0.375000,0.483871,0.233310,0.155346,0.625000,0.836559,0.053892,0.046662
18,92,0.750000,0.556452,0.426090,0.622578,0.250000,0.397821,0.047904,0.085218
18,93,0.500000,0.508065,0.565661,0.421390,0.500000,0.563631,0.053892,0.113132
18,94,0.375000,0.483871,0.374356,0.141783,0.625000,0.834071,0.053892,0.074871
18,95,0.333333,0.475806,0.204174,0.259691,0.666667,0.746073,0.089820,0.040835
18,96,0.083333,0.427419,0.264061,0.230786,0.916667,0.765760,0.059880,0.077619
18,97,0.625000,0.532258,0.345497,0.712393,0.375000,0.325699,0.047904,0.069099
18,98,0.375000,0.483871,0.217353,0.323790,0.625000,0.687260,0.047904,0.043471
18,99,0.875000,0.580645,1.000000,1.000000,0.125000,0.000000,0.041916,0.200000
18,100,0.416667,0.491935,0.209278,0.428351,0.583333,0.594393,0.041916,0.041856
18,101,0.541667,0.516129,0.000000,0.484536,0.458333,0.565769,0.041916,0.000000
18,102,0.750000,0.556452,0.661246,0.642088,0.250000,0.355923,0.035928,0.132249
18,103,0.541667,0.516129,0.062703,0.430900,0.458333,0.607326,0.059880,0.012541
18,104,0.291667,0.467742,0.256222,0.113244,0.708333,0.871912,0.053892,0.051244
18,105,0.708333,0.548387,0.537727,0.688539,0.291667,0.327118,0.041916,0.107545
18,106,0.083333,0.427419,0.000000,0.194087,0.916667,0.826063,0.095808,0.000000
18,107,0.541667,0.516129,0.388007,0.451886,0.458333,0.554746,0.047904,0.114053
18,108,0.416667,0.491935,0.000000,0.215608,0.583333,0.806776,0.053892,0.000000
18,109,0.500000,0.508065,0.186471,0.611755,0.500000,0.432398,0.047904,0.037294
18,110,0.250000,0.459677,0.266500,0.260308,0.750000,0.739049,0.047904,0.053300
18,111,0.458333,0.500000,0.303300,0.288322,0.541667,0.710123,0.047904,0.060660
18,112,0.416667,0.491935,0.542809,0.441713,0.583333,0.547791,0.047904,0.108562
18,113,0.791667,0.564516,0.331018,0.617503,0.208333,0.412240,0.047904,0.066204
18,114,0.541667,0.516129,0.019662,0.562503,0.458333,0.493855,0.047904,0.003932
18,115,0.291667,0.467742,0.224482,0.151054,0.708333,0.841323,0.053892,0.044896
18,116,0.000000,0.411290,0.116172,0.061787,1.000000,0.932567,0.083832,0.023234
18,117,0.500000,0.508065,0.597710,0.484948,0.500000,0.503345,0.053892,0.119542
18,118,0.208333,0.451613,0.000000,0.089755,0.791667,0.919564,0.059880,0.000000
18,119,0.375000,0.483871,0.565956,0.714686,0.625000,0.300756,0.059880,0.113191
18,120,0.375000,0.483871,0.519781,0.364598,0.625000,0.619291,0.041916,0.103956
18,121,0.583333,0.524194,0.000000,0.491994,0.416667,0.559085,0.053892,0.000000
18,122,0.833333,0.572581,0.569173,0.769389,0.166667,0.251398,0.035928,0.113835
18,123,0.291667,0.467742,0.000100,0.121992,0.708333,0.890663,0.053892,0.000020
18,124,0.500000,0.508065,0.576314,0.272655,0.500000,0.695819,0.035928,0.115263
19,0,0.875000,0.580645,0.406012,0.860047,0.125000,0.163067,0.041667,0.081202
19,1,0.708333,0.548387,0.507538,0.615215,0.291667,0.386902,0.047619,0.101508
19,2,0.708333,0.548387,0.616216,0.541192,0.291667,0.447943,0.041667,0.123243
19,3,0.583333,0.524194,0.000000,0.592302,0.416667,0.451834,0.041667,0.000000
19,4,0.166667,0.443548,0.674379,0.224125,0.833333,0.744056,0.047619,0.134876
19,5,0.666667,0.540323,0.531768,0.913692,0.333333,0.101433,0.053571,0.106354
19,6,0.416667,0.491935,0.558523,0.516760,0.583333,0.476050,0.047619,0.111705
19,7,0.333333,0.475806,0.286866,0.456731,0.666667,0.556158,0.047619,0.057373
19,8,0.416667,0.491935,0.418957,0.312616,0.583333,0.681760,0.041667,0.083791
19,9,0.666667,0.540323,0.039354,0.811662,0.333333,0.240200,0.041667,0.007871
19,10,0.416667,0.491935,0.000000,0.149716,0.583333,0.872076,0.059524,0.000000
19,11,0.500000,0.508065,0.391507,0.454960,0.500000,0.548938,0.047619,0.078301
19,12,0.541667,0.516129,0.462308,0.555196,0.458333,0.447739,0.041667,0.092462
19,13,0.375000,0.483871,0.643732,0.251599,0.625000,0.720576,0.047619,0.139426
19,14,0.375000,0.483871,0.536283,0.374418,0.625000,0.613097,0.059524,0.107257
19,15,0.458333,0.500000,0.456816,0.398646,0.541667,0.596852,0.053571,0.091363
19,16,0.833333,0.572581,0.705830,0.596086,0.166667,0.388197,0.035714,0.141166
19,17,0.916667,0.588710,0.760780,1.000000,0.083333,0.000000,0.041667,0.152156
19,18,0.583333,0.524194,0.669681,0.645430,0.416667,0.344419,0.041667,0.133936
19,19,0.291667,0.467742,0.398906,0.459821,0.708333,0.543692,0.053571,0.079781
19,20,0.583333,0.524194,0.387373,0.605384,0.416667,0.406459,0.035714,0.077475
19,21,0.375000,0.483871,0.000000,0.282093,0.625000,0.746382,0.053571,0.000000
19,22,0.625000,0.532258,0.892119,0.542773,0.375000,0.422971,0.047619,0.193224
19,23,1.000000,0.604839,0.726098,0.877517,0.000000,0.119250,0.041667,0.145220
19,24,0.416667,0.491935,0.070150,0.439812,0.583333,0.590658,0.047619,0.014030
19,25,0.958333,0.596774,0.821486,0.866122,0.041667,0.121955,0.035714,0.164297
19,26,0.208333,0.451613,0.600887,0.240416,0.791667,0.734839,0.059524,0.120177
19,27,0.708333,0.548387,0.399003,0.634811,0.291667,0.377528,0.041667,0.079801
19,28,0.250000,0.459677,0.000000,0.182551,0.750000,0.840899,0.047619,0.000000
19,29,0.541667,0.516129,0.398347,0.406211,0.458333,0.594644,0.047619,0.079669
19,30,0.250000,0.459677,0.458808,0.318391,0.750000,0.672887,0.071429,0.091762
19,31,0.208333,0.451613,0.085933,0.228940,0.791667,0.789541,0.077381,0.017187
19,32,0.916667,0.588710,0.438141,0.567509,0.083333,0.438103,0.041667,0.087628
19,33,0.458333,0.500000,0.028561,0.443307,0.541667,0.590877,0.047619,0.005712
19,34,0.458333,0.500000,0.332712,0.589080,0.541667,0.426590,0.047619,0.066542
19,35,0.583333,0.524194,0.843472,0.436635,0.416667,0.527890,0.035714,0.182688
19,36,0.375000,0.483871,0.147250,0.272015,0.625000,0.743425,0.047619,0.029450
19,37,0.541667,0.516129,0.667112,0.531683,0.458333,0.452642,0.041667,0.133422
19,38,0.125000,0.435484,0.548701,0.187049,0.875000,0.789951,0.077381,0.109740
19,39,0.708333,0.548387,0.327041,0.490753,0.291667,0.520435,0.047619,0.065408
19,40,0.125000,0.435484,0.445930,0.108228,0.875000,0.873535,0.077381,0.096584
19,41,0.208333,0.451613,0.000000,0.225775,0.791667,0.799857,0.053571,0.000000
19,42,0.250000,0.459677,0.348429,0.193573,0.750000,0.800793,0.059524,0.069686
19,43,0.500000,0.508065,0.426848,0.486242,0.500000,0.516228,0.041667,0.085370
19,44,0.541667,0.516129,0.000000,0.541636,0.458333,0.499942,0.047619,0.000000
19,45,0.583333,0.524194,0.440563,0.703734,0.416667,0.308549,0.047619,0.088113
19,46,0.666667,0.540323,0.459136,0.735290,0.333333,0.277006,0.047619,0.091827
19,47,0.791667,0.564516,0.639063,0.634410,0.208333,0.357488,0.035714,0.127813
19,48,0.416667,0.491935,0.387780,0.295788,0.583333,0.700390,0.047619,0.077556
19,49,0.375000,0.483871,0.567239,0.443592,0.625000,0.544783,0.053571,0.113448
19,50,0.625000,0.532258,0.410849,0.445666,0.375000,0.556117,0.035714,0.082170
19,51,0.375000,0.483871,0.979767,0.194862,0.625000,0.745862,0.041667,0.212208
19,52,0.291667,0.467742,0.640677,0.232250,0.708333,0.739207,0.059524,0.128135
19,53,0.916667,0.588710,0.713564,0.888088,0.083333,0.110279,0.035714,0.142713
19,54,0.333333,0.475806,0.042705,0.330738,0.666667,0.696560,0.065476,0.008541
19,55,0.666667,0.540323,0.383171,0.622031,0.333333,0.391010,0.041667,0.076634
19,56,0.666667,0.540323,0.000000,0.623794,0.333333,0.421932,0.047619,0.000000
19,57,0.750000,0.556452,0.306480,0.642714,0.250000,0.377895,0.041667,0.061296
19,58,0.750000,0.556452,0.676976,0.874324,0.250000,0.126461,0.041667,0.135395
19,59,0.541667,0.516129,0.377587,0.411074,0.458333,0.591792,0.047619,0.081782
19,60,0.416667,0.491935,0.059200,0.344023,0.583333,0.682542,0.047619,0.011840
19,61,0.375000,0.483871,0.078253,0.167640,0.625000,0.848400,0.065476,0.015651
19,62,0.250000,0.459677,0.000000,0.123885,0.750000,0.896602,0.065476,0.000000
19,63,0.416667,0.491935,0.059817,0.364570,0.583333,0.662980,0.053571,0.011963
19,64,0.666667,0.540323,0.000000,0.498616,0.333333,0.540790,0.053571,0.000000
19,65,0.708333,0.548387,0.502017,0.649613,0.291667,0.354711,0.035714,0.100403
19,66,0.333333,0.475806,0.352850,0.382258,0.666667,0.621258,0.059524,0.070570
19,67,0.458333,0.500000,0.285084,0.433155,0.541667,0.578695,0.047619,0.057017
19,68,0.166667,0.443548,0.573853,0.430447,0.833333,0.556701,0.065476,0.114771
19,69,0.125000,0.435484,0.000000,0.184132,0.875000,0.839398,0.065476,0.000000
19,70,0.208333,0.451613,0.409764,0.426333,0.791667,0.574566,0.053571,0.081953
19,71,0.333333,0.475806,0.315534,0.481331,0.666667,0.530361,0.059524,0.063107
19,72,0.291667,0.467742,0.616358,0.155493,0.708333,0.814158,0.053571,0.123272
19,73,0.291667,0.467742,0.503365,0.394082,0.708333,0.597226,0.077381,0.100673
19,74,0.166667,0.443548,0.425297,0.138875,0.833333,0.846190,0.059524,0.085059
19,75,0.000000,0.411290,0.000000,0.038507,1.000000,0.977671,0.125000,0.000000
19,76,0.208333,0.451613,0.187649,0.209595,0.791667,0.799257,0.053571,0.037530
19,77,0.541667,0.516129,0.058263,0.678499,0.458333,0.365032,0.041667,0.011653
19,78,0.750000,0.556452,0.446716,0.591908,0.250000,0.414207,0.035714,0.089343
19,79,0.500000,0.508065,0.301415,0.462153,0.500000,0.549772,0.053571,0.060283
19,80,0.333333,0.475806,0.423239,0.141471,0.666667,0.843901,0.053571,0.084648
19,81,0.416667,0.491935,0.508400,0.328822,0.583333,0.658763,0.047619,0.101680
19,82,0.458333,0.500000,0.005614,0.347844,0.541667,0.683473,0.041667,0.001123
19,83,0.666667,0.540323,0.642903,0.555936,0.333333,0.431674,0.059524,0.128581
19,84,0.666667,0.540323,0.478752,0.441220,0.333333,0.554562,0.047619,0.095750
19,85,0.250000,0.459677,0.000000,0.320045,0.750000,0.710346,0.071429,0.000000
19,86,0.541667,0.516129,0.387727,0.619755,0.458333,0.392783,0.047619,0.077545
19,87,0.083333,0.427419,0.184598,0.400169,0.916667,0.618563,0.089286,0.036920
19,88,0.166667,0.443548,0.000000,0.336369,0.833333,0.694846,0.065476,0.000000
19,89,0.208333,0.451613,0.000000,0.155657,0.791667,0.866435,0.053571,0.000000
19,90,0.625000,0.532258,0.496792,0.442205,0.375000,0.552092,0.041667,0.099358
19,91,0.375000,0.483871,0.434406,0.230218,0.625000,0.758684,0.053571,0.094088
19,92,0.750000,0.556452,0.244499,0.557160,0.250000,0.464403,0.047619,0.048900
19,93,0.500000,0.508065,0.764837,0.436812,0.500000,0.534410,0.053571,0.152967
19,94,0.375000,0.483871,0.363690,0.316739,0.625000,0.682547,0.053571,0.072738
19,95,0.333333,0.475806,0.111007,0.154420,0.666667,0.858166,0.089286,0.022201
19,96,0.083333,0.427419,0.303382,0.362568,0.916667,0.644161,0.065476,0.060676
19,97,0.625000,0.532258,0.587538,0.739661,0.375000,0.261933,0.047619,0.117508
19,98,0.375000,0.483871,0.565376,0.461152,0.625000,0.528267,0.047619,0.113075
19,99,0.875000,0.580645,1.000000,0.787388,0.125000,0.181529,0.041667,0.200000
19,100,0.416667,0.491935,0.409411,0.519656,0.583333,0.485984,0.041667,0.081882
19,101,0.541667,0.516129,0.000000,0.371059,0.458333,0.661907,0.041667,0.000000
19,102,0.750000,0.556452,0.718434,0.695620,0.250000,0.292616,0.035714,0.143687
19,103,0.541667,0.516129,0.341142,0.549507,0.458333,0.463448,0.059524,0.068228
19,104,0.291667,0.467742,0.561316,0.355781,0.708333,0.628664,0.053571,0.112263
19,105,0.708333,0.548387,0.642978,0.647605,0.291667,0.344625,0.041667,0.128596
19,106,0.083333,0.427419,0.129731,0.283333,0.916667,0.734169,0.095238,0.025946
19,107,0.541667,0.516129,0.008389,0.488101,0.458333,0.550061,0.053571,0.001678
19,108,0.416667,0.491935,0.000000,0.374877,0.583333,0.658282,0.053571,0.000000
19,109,0.500000,0.508065,0.377306,0.477352,0.500000,0.528884,0.047619,0.075461
19,110,0.250000,0.459677,0.297748,0.335395,0.750000,0.670442,0.047619,0.059550
19,111,0.458333,0.500000,0.320875,0.418762,0.541667,0.589317,0.047619,0.064175
19,112,0.416667,0.491935,0.412248,0.622057,0.583333,0.388511,0.047619,0.082450
19,113,0.791667,0.564516,0.237162,0.706418,0.208333,0.323304,0.047619,0.047432
19,114,0.541667,0.516129,0.000000,0.540463,0.458333,0.501056,0.047619,0.000000
19,115,0.291667,0.467742,0.555998,0.174104,0.708333,0.801622,0.053571,0.111200
19,116,0.000000,0.411290,0.167320,0.000000,1.000000,1.000000,0.083333,0.033464
19,117,0.500000,0.508065,0.818825,0.400751,0.500000,0.564059,0.053571,0.163765
19,118,0.208333,0.451613,0.000000,0.048523,0.791667,0.968161,0.059524,0.000000
19,119,0.375000,0.483871,0.576826,0.489425,0.625000,0.500448,0.059524,0.115365
19,120,0.375000,0.483871,0.630001,0.409030,0.625000,0.572261,0.041667,0.126000
19,121,0.583333,0.524194,0.000000,0.540449,0.416667,0.501068,0.053571,0.000000
19,122,0.833333,0.572581,0.565829,0.723976,0.166667,0.278673,0.035714,0.113166
19,123,0.291667,0.467742,0.120217,0.182406,0.708333,0.830810,0.053571,0.024043
19,124,0.500000,0.508065,0.868320,0.370215,0.500000,0.588843,0.035714,0.173664
20,0,0.875000,0.580645,0.656968,0.912593,0.125000,0.090367,0.041420,0.131394
20,1,0.708333,0.548387,0.697070,0.508451,0.291667,0.464305,0.047337,0.139414
20,2,0.708333,0.548387,0.887449,0.730873,0.291667,0.239963,0.041420,0.177490
20,3,0.583333,0.524194,0.000000,0.330626,0.416667,0.691220,0.041420,0.000000
20,4,0.166667,0.443548,0.546380,0.456301,0.833333,0.526161,0.047337,0.109276
20,5,0.666667,0.540323,0.459523,0.801120,0.333333,0.211708,0.053254,0.091905
20,6,0.416667,0.491935,0.382128,0.256895,0.583333,0.726727,0.047337,0.076426
20,7,0.333333,0.475806,0.297449,0.476348,0.666667,0.529166,0.047337,0.059490
20,8,0.416667,0.491935,0.413745,0.291705,0.583333,0.691457,0.041420,0.082749
20,9,0.666667,0.540323,0.000000,0.767151,0.333333,0.283539,0.041420,0.000000
20,10,0.416667,0.491935,0.089321,0.135808,0.583333,0.865370,0.059172,0.017864
20,11,0.500000,0.508065,0.000000,0.276660,0.500000,0.741620,0.047337,0.000000
20,12,0.541667,0.516129,0.668773,0.661344,0.458333,0.323984,0.041420,0.152973
20,13,0.375000,0.483871,0.318790,0.211786,0.625000,0.774384,0.053254,0.063758
20,14,0.375000,0.483871,0.467688,0.280770,0.625000,0.696962,0.059172,0.093538
20,15,0.458333,0.500000,0.331436,0.548982,0.541667,0.458365,0.053254,0.066287
20,16,0.833333,0.572581,0.754027,0.678447,0.166667,0.300571,0.035503,0.150805
20,17,0.916667,0.588710,0.357388,0.819979,0.083333,0.203009,0.041420,0.071478
20,18,0.583333,0.524194,0.605300,0.575779,0.416667,0.409435,0.041420,0.121060
20,19,0.291667,0.467742,0.137108,0.255905,0.708333,0.749038,0.053254,0.027422
20,20,0.583333,0.524194,0.419389,0.497597,0.416667,0.498678,0.035503,0.083878
20,21,0.375000,0.483871,0.036461,0.344987,0.625000,0.674626,0.053254,0.007292
20,22,0.625000,0.532258,0.507233,0.583508,0.375000,0.410776,0.053254,0.101447
20,23,1.000000,0.604839,0.891632,0.781516,0.000000,0.192301,0.041420,0.178326
20,24,0.416667,0.491935,0.029382,0.361355,0.583333,0.659958,0.047337,0.005876
20,25,0.958333,0.596774,0.753749,0.721737,0.041667,0.260165,0.035503,0.150750
20,26,0.208333,0.451613,0.465567,0.314082,0.791667,0.666037,0.059172,0.093113
20,27,0.708333,0.548387,0.640923,0.669860,0.291667,0.318462,0.041420,0.128185
20,28,0.250000,0.459677,0.000000,0.152994,0.750000,0.857116,0.047337,0.000000
20,29,0.541667,0.516129,0.595076,0.396070,0.458333,0.578162,0.047337,0.119015
20,30,0.250000,0.459677,0.416016,0.149769,0.750000,0.823817,0.071006,0.095158
20,31,0.208333,0.451613,0.057712,0.221494,0.791667,0.788104,0.076923,0.011542
20,32,0.916667,0.588710,0.779256,0.811822,0.083333,0.173806,0.041420,0.155851
20,33,0.458333,0.500000,0.000000,0.399919,0.541667,0.626507,0.047337,0.000000
20,34,0.458333,0.500000,0.584117,0.464531,0.541667,0.515181,0.047337,0.116823
20,35,0.583333,0.524194,0.512671,0.451199,0.416667,0.533868,0.041420,0.102534
20,36,0.375000,0.483871,0.000000,0.375534,0.625000,0.649280,0.047337,0.000000
20,37,0.541667,0.516129,0.440133,0.590634,0.458333,0.409977,0.041420,0.088027
20,38,0.125000,0.435484,0.614096,0.293686,0.875000,0.672121,0.076923,0.122819
20,39,0.708333,0.548387,0.202839,0.406610,0.291667,0.602553,0.047337,0.040568
20,40,0.125000,0.435484,0.298962,0.027324,0.875000,0.948388,0.082840,0.059792
20,41,0.208333,0.451613,0.000000,0.071073,0.791667,0.933624,0.053254,0.000000
20,42,0.250000,0.459677,0.264426,0.222759,0.750000,0.768881,0.059172,0.052885
20,43,0.500000,0.508065,0.657440,0.391135,0.500000,0.577327,0.041420,0.131488
20,44,0.541667,0.516129,0.000000,0.649299,0.458333,0.393605,0.047337,0.000000
20,45,0.583333,0.524194,0.220549,0.578618,0.416667,0.440365,0.047337,0.044110
20,46,0.666667,0.540323,0.103396,0.612508,0.333333,0.418940,0.047337,0.020679
20,47,0.791667,0.564516,0.521735,0.579182,0.208333,0.413551,0.035503,0.104347
20,48,0.416667,0.491935,0.452617,0.243441,0.583333,0.733140,0.047337,0.090523
20,49,0.375000,0.483871,0.260375,0.292391,0.625000,0.704203,0.053254,0.052075
20,50,0.625000,0.532258,0.452778,0.345058,0.375000,0.638223,0.035503,0.103567
20,51,0.375000,0.483871,0.358042,0.225116,0.625000,0.758509,0.047337,0.071608
20,52,0.291667,0.467742,0.147735,0.009323,0.708333,0.978399,0.059172,0.029547
20,53,0.916667,0.588710,1.000000,0.898973,0.083333,0.073147,0.035503,0.200000
20,54,0.333333,0.475806,0.000000,0.268331,0.666667,0.749399,0.065089,0.000000
20,55,0.666667,0.540323,0.165774,0.750679,0.333333,0.284455,0.041420,0.033155
20,56,0.666667,0.540323,0.000000,0.603240,0.333333,0.436620,0.047337,0.000000
20,57,0.750000,0.556452,0.702256,0.591504,0.250000,0.386287,0.041420,0.140451
20,58,0.750000,0.556452,0.488401,0.850777,0.250000,0.162812,0.041420,0.097680
20,59,0.541667,0.516129,0.205222,0.456632,0.458333,0.555629,0.053254,0.041044
20,60,0.416667,0.491935,0.334828,0.322165,0.583333,0.669898,0.047337,0.066966
20,61,0.375000,0.483871,0.000000,0.192593,0.625000,0.820133,0.065089,0.000000
20,62,0.250000,0.459677,0.000000,0.089247,0.750000,0.916650,0.065089,0.000000
20,63,0.416667,0.491935,0.294853,0.255439,0.583333,0.735704,0.053254,0.058971
20,64,0.666667,0.540323,0.403871,0.666149,0.333333,0.342618,0.053254,0.080774
20,65,0.708333,0.548387,0.624599,0.666362,0.291667,0.323153,0.035503,0.124920
20,66,0.333333,0.475806,0.134841,0.191129,0.666667,0.809731,0.059172,0.026968
20,67,0.458333,0.500000,0.059831,0.394190,0.541667,0.626635,0.047337,0.011966
20,68,0.166667,0.443548,0.963555,0.701211,0.833333,0.261023,0.065089,0.192711
20,69,0.125000,0.435484,0.000000,0.193874,0.875000,0.818936,0.065089,0.000000
20,70,0.208333,0.451613,0.620346,0.387205,0.791667,0.584236,0.053254,0.141896
20,71,0.333333,0.475806,0.304628,0.457174,0.666667,0.546446,0.059172,0.060926
20,72,0.291667,0.467742,0.603202,0.049729,0.708333,0.900909,0.053254,0.120640
20,73,0.291667,0.467742,0.185109,0.325689,0.708333,0.679675,0.076923,0.037022
20,74,0.166667,0.443548,0.490112,0.084176,0.833333,0.878609,0.059172,0.098022
20,75,0.000000,0.411290,0.000000,0.140259,1.000000,0.869009,0.124260,0.000000
20,76,0.208333,0.451613,0.269128,0.020951,0.791667,0.956943,0.053254,0.053826
20,77,0.541667,0.516129,0.146333,0.599111,0.458333,0.427704,0.041420,0.029267
20,78,0.750000,0.556452,0.040162,0.559441,0.250000,0.474020,0.035503,0.008032
20,79,0.500000,0.508065,0.530449,0.567697,0.500000,0.423516,0.053254,0.106090
20,80,0.333333,0.475806,0.306863,0.241810,0.666667,0.747384,0.053254,0.061373
20,81,0.416667,0.491935,0.000000,0.413305,0.583333,0.614005,0.047337,0.000000
20,82,0.458333,0.500000,0.528976,0.538160,0.541667,0.451230,0.041420,0.105795
20,83,0.666667,0.540323,0.885611,0.563526,0.333333,0.396413,0.059172,0.177122
20,84,0.666667,0.540323,0.223042,0.496498,0.333333,0.516842,0.047337,0.044608
20,85,0.250000,0.459677,0.000000,0.330725,0.750000,0.691128,0.071006,0.000000
20,86,0.541667,0.516129,0.328805,0.696196,0.458333,0.321108,0.047337,0.065761
20,87,0.083333,0.427419,0.253706,0.322234,0.916667,0.676914,0.088757,0.050741
20,88,0.166667,0.443548,0.000000,0.260675,0.833333,0.756549,0.065089,0.000000
20,89,0.208333,0.451613,0.000000,0.000000,0.791667,1.000000,0.053254,0.000000
20,90,0.625000,0.532258,0.379902,0.406102,0.375000,0.587574,0.041420,0.075980
20,91,0.375000,0.483871,0.269946,0.181798,0.625000,0.806654,0.059172,0.053989
20,92,0.750000,0.556452,0.348829,0.518611,0.250000,0.485211,0.047337,0.069766
20,93,0.500000,0.508065,0.519481,0.389309,0.500000,0.591074,0.053254,0.103896
20,94,0.375000,0.483871,0.495846,0.290481,0.625000,0.685435,0.053254,0.099169
20,95,0.333333,0.475806,0.177249,0.414855,0.666667,0.597087,0.088757,0.035450
20,96,0.083333,0.427419,0.405915,0.272868,0.916667,0.709734,0.065089,0.092848
20,97,0.625000,0.532258,0.678277,0.923151,0.375000,0.078647,0.047337,0.135655
20,98,0.375000,0.483871,0.535031,0.239349,0.625000,0.729768,0.047337,0.107006
20,99,0.875000,0.580645,0.757054,1.000000,0.125000,0.000000,0.041420,0.151411
20,100,0.416667,0.491935,0.497597,0.409616,0.583333,0.574020,0.041420,0.099519
20,101,0.541667,0.516129,0.551532,0.502968,0.458333,0.482128,0.041420,0.110306
20,102,0.750000,0.556452,0.971998,0.737949,0.250000,0.225975,0.035503,0.194400
20,103,0.541667,0.516129,0.142948,0.684474,0.458333,0.348277,0.059172,0.028590
20,104,0.291667,0.467742,0.361325,0.189048,0.708333,0.791907,0.053254,0.082648
20,105,0.708333,0.548387,0.668442,0.787785,0.291667,0.205927,0.041420,0.133688
20,106,0.083333,0.427419,0.237288,0.283775,0.916667,0.714265,0.094675,0.047458
20,107,0.541667,0.516129,0.535050,0.470950,0.458333,0.513469,0.053254,0.107010
20,108,0.416667,0.491935,0.000000,0.370280,0.583333,0.654187,0.053254,0.000000
20,109,0.500000,0.508065,0.463821,0.479974,0.500000,0.511259,0.047337,0.092764
20,110,0.250000,0.459677,0.630125,0.315236,0.750000,0.650596,0.047337,0.144133
20,111,0.458333,0.500000,0.484276,0.470457,0.541667,0.518361,0.047337,0.096855
20,112,0.416667,0.491935,0.246346,0.478921,0.583333,0.531223,0.047337,0.049269
20,113,0.791667,0.564516,0.583215,0.868523,0.208333,0.137962,0.047337,0.116643
20,114,0.541667,0.516129,0.000000,0.406862,0.458333,0.620022,0.047337,0.000000
20,115,0.291667,0.467742,0.305960,0.056438,0.708333,0.920587,0.053254,0.061192
20,116,0.000000,0.411290,0.180416,0.081013,1.000000,0.908593,0.082840,0.036083
20,117,0.500000,0.508065,0.816552,0.403270,0.500000,0.552107,0.053254,0.186776
20,118,0.208333,0.451613,0.183962,0.054435,0.791667,0.933106,0.059172,0.036792
20,119,0.375000,0.483871,0.592683,0.412855,0.625000,0.562695,0.059172,0.118537
20,120,0.375000,0.483871,0.170842,0.347002,0.625000,0.661016,0.041420,0.034168
20,121,0.583333,0.524194,0.000000,0.486177,0.416667,0.545947,0.053254,0.000000
20,122,0.833333,0.572581,0.265838,0.705198,0.166667,0.318196,0.035503,0.053168
20,123,0.291667,0.467742,0.272494,0.232695,0.708333,0.758898,0.053254,0.054499
20,124,0.500000,0.508065,0.466134,0.272569,0.500000,0.704757,0.035503,0.093227
21,0,0.875000,0.580645,0.361615,0.873118,0.125000,0.164159,0.041176,0.072323
21,1,0.708333,0.548387,0.519338,0.693931,0.291667,0.315246,0.047059,0.103868
21,2,0.708333,0.548387,0.395527,0.588192,0.291667,0.427632,0.041176,0.079105
21,3,0.583333,0.524194,0.000000,0.404810,0.416667,0.641904,0.041176,0.000000
21,4,0.166667,0.443548,0.373641,0.261870,0.833333,0.735888,0.047059,0.074728
21,5,0.666667,0.540323,0.411985,0.787984,0.333333,0.238573,0.052941,0.082397
21,6,0.416667,0.491935,0.499256,0.549775,0.583333,0.452537,0.047059,0.099851
21,7,0.333333,0.475806,0.106480,0.369308,0.666667,0.663783,0.047059,0.021296
21,8,0.416667,0.491935,0.356088,0.451832,0.583333,0.559687,0.041176,0.071218
21,9,0.666667,0.540323,0.285157,0.566604,0.333333,0.459690,0.041176,0.057031
21,10,0.416667,0.491935,0.103231,0.413340,0.583333,0.622853,0.058824,0.020646
21,11,0.500000,0.508065,0.193700,0.598951,0.500000,0.439161,0.047059,0.038740
21,12,0.541667,0.516129,0.000000,0.650951,0.458333,0.411158,0.047059,0.000000
21,13,0.375000,0.483871,0.284068,0.268877,0.625000,0.738913,0.052941,0.056814
21,14,0.375000,0.483871,0.532110,0.366244,0.625000,0.621071,0.058824,0.106422
21,15,0.458333,0.500000,0.298216,0.547207,0.541667,0.476475,0.052941,0.059643
21,16,0.833333,0.572581,1.000000,0.743741,0.166667,0.217074,0.035294,0.200000
21,17,0.916667,0.588710,0.384683,0.901944,0.083333,0.134665,0.041176,0.076937
21,18,0.583333,0.524194,0.787279,0.675266,0.416667,0.304048,0.041176,0.198396
21,19,0.291667,0.467742,0.422380,0.219146,0.708333,0.770720,0.052941,0.084476
21,20,0.583333,0.524194,0.017295,0.515539,0.416667,0.536249,0.035294,0.003459
21,21,0.375000,0.483871,0.103795,0.273564,0.625000,0.753825,0.052941,0.020759
21,22,0.625000,0.532258,0.646347,0.809796,0.375000,0.193026,0.052941,0.129269
21,23,1.000000,0.604839,0.534623,0.833870,0.000000,0.182423,0.041176,0.106925
21,24,0.416667,0.491935,0.271521,0.519117,0.583333,0.505667,0.047059,0.054304
21,25,0.958333,0.596774,0.723656,0.858564,0.041667,0.139028,0.035294,0.144731
21,26,0.208333,0.451613,0.323296,0.266362,0.791667,0.737069,0.058824,0.064659
21,27,0.708333,0.548387,0.348250,0.602226,0.291667,0.419539,0.041176,0.069650
21,28,0.250000,0.459677,0.000000,0.035170,0.750000,0.988425,0.047059,0.000000
21,29,0.541667,0.516129,0.656278,0.584284,0.458333,0.403369,0.047059,0.165383
21,30,0.250000,0.459677,0.294086,0.460009,0.750000,0.558662,0.076471,0.058817
21,31,0.208333,0.451613,0.418344,0.136161,0.791667,0.848947,0.076471,0.083669
21,32,0.916667,0.588710,0.246296,0.748327,0.083333,0.293495,0.041176,0.049259
21,33,0.458333,0.500000,0.000000,0.505154,0.541667,0.547837,0.047059,0.000000
21,34,0.458333,0.500000,0.467098,0.543929,0.541667,0.461461,0.047059,0.093420
21,35,0.583333,0.524194,0.211556,0.397973,0.416667,0.625656,0.041176,0.042311
21,36,0.375000,0.483871,0.160304,0.484839,0.625000,0.549713,0.047059,0.032061
21,37,0.541667,0.516129,0.469052,0.442819,0.458333,0.556039,0.041176,0.093810
21,38,0.125000,0.435484,0.608313,0.190304,0.875000,0.777845,0.076471,0.121663
21,39,0.708333,0.548387,0.216417,0.543483,0.291667,0.488727,0.047059,0.043283
21,40,0.125000,0.435484,0.513368,0.192708,0.875000,0.785760,0.082353,0.102674
21,41,0.208333,0.451613,0.000000,0.042381,0.791667,0.981665,0.052941,0.000000
21,42,0.250000,0.459677,0.248006,0.227363,0.750000,0.781692,0.058824,0.049601
21,43,0.500000,0.508065,0.439173,0.458706,0.500000,0.544345,0.041176,0.087835
21,44,0.541667,0.516129,0.000000,0.617384,0.458333,0.442626,0.047059,0.000000
21,45,0.583333,0.524194,0.768080,0.659149,0.416667,0.321214,0.047059,0.153616
21,46,0.666667,0.540323,0.000000,0.666403,0.333333,0.396673,0.047059,0.000000
21,47,0.791667,0.564516,0.744145,0.514402,0.208333,0.459471,0.035294,0.148829
21,48,0.416667,0.491935,0.656919,0.433319,0.583333,0.544824,0.047059,0.131384
21,49,0.375000,0.483871,0.394919,0.548071,0.625000,0.465309,0.052941,0.078984
21,50,0.625000,0.532258,0.616835,0.489829,0.375000,0.496141,0.041176,0.155444
21,51,0.375000,0.483871,0.228230,0.344999,0.625000,0.673531,0.047059,0.045646
21,52,0.291667,0.467742,0.219530,0.259873,0.708333,0.754265,0.058824,0.043906
21,53,0.916667,0.588710,0.811147,0.758494,0.083333,0.223469,0.035294,0.204410
21,54,0.333333,0.475806,0.000000,0.235259,0.666667,0.800851,0.064706,0.000000
21,55,0.666667,0.540323,0.274544,0.718523,0.333333,0.318409,0.041176,0.054909
21,56,0.666667,0.540323,0.000000,0.589440,0.333333,0.468822,0.047059,0.000000
21,57,0.750000,0.556452,0.485637,0.722669,0.250000,0.291915,0.041176,0.097127
21,58,0.750000,0.556452,0.790430,0.999240,0.250000,0.000000,0.041176,0.158086
21,59,0.541667,0.516129,0.080822,0.584326,0.458333,0.464960,0.052941,0.016164
21,60,0.416667,0.491935,0.284165,0.600533,0.583333,0.427989,0.047059,0.056833
21,61,0.375000,0.483871,0.000000,0.446804,0.625000,0.602537,0.064706,0.000000
21,62,0.250000,0.459677,0.000000,0.125920,0.750000,0.903351,0.064706,0.000000
21,63,0.416667,0.491935,0.194871,0.410253,0.583333,0.615932,0.052941,0.038974
21,64,0.666667,0.540323,0.672598,0.835652,0.333333,0.165975,0.052941,0.134520
21,65,0.708333,0.548387,0.000000,0.661428,0.291667,0.401337,0.035294,0.000000
21,66,0.333333,0.475806,0.168749,0.456673,0.666667,0.575212,0.058824,0.033750
21,67,0.458333,0.500000,0.501603,0.697356,0.541667,0.313935,0.047059,0.100321
21,68,0.166667,0.443548,0.660943,0.515121,0.833333,0.467708,0.064706,0.132189
21,69,0.125000,0.435484,0.000000,0.112672,0.875000,0.915771,0.064706,0.000000
21,70,0.208333,0.451613,0.142615,0.280507,0.791667,0.743159,0.058824,0.028523
21,71,0.333333,0.475806,0.151827,0.268864,0.666667,0.753087,0.058824,0.030365
21,72,0.291667,0.467742,0.543977,0.220999,0.708333,0.755961,0.052941,0.108795
21,73,0.291667,0.467742,0.683983,0.453042,0.708333,0.523436,0.076471,0.136797
21,74,0.166667,0.443548,0.505503,0.185402,0.833333,0.793451,0.058824,0.101101
21,75,0.000000,0.411290,0.000000,0.043780,1.000000,0.980354,0.123529,0.000000
21,76,0.208333,0.451613,0.199777,0.000000,0.791667,1.000000,0.052941,0.039955
21,77,0.541667,0.516129,0.000000,0.671463,0.458333,0.391930,0.041176,0.000000
21,78,0.750000,0.556452,0.143771,0.787470,0.250000,0.267780,0.035294,0.028754
21,79,0.500000,0.508065,0.415258,0.600513,0.500000,0.413969,0.052941,0.083052
21,80,0.333333,0.475806,0.220681,0.008539,0.666667,0.989757,0.052941,0.044136
21,81,0.416667,0.491935,0.205598,0.502688,0.583333,0.528129,0.047059,0.041120
21,82,0.458333,0.500000,0.489124,0.606484,0.541667,0.400460,0.041176,0.097825
21,83,0.666667,0.540323,0.299110,0.709195,0.333333,0.324523,0.058824,0.059822
21,84,0.666667,0.540323,0.169082,0.469906,0.333333,0.562772,0.047059,0.033816
21,85,0.250000,0.459677,0.340692,0.247270,0.750000,0.753104,0.070588,0.085855
21,86,0.541667,0.516129,0.528774,0.618735,0.458333,0.384728,0.047059,0.105755
21,87,0.083333,0.427419,0.000000,0.207760,0.916667,0.826630,0.088235,0.000000
21,88,0.166667,0.443548,0.000000,0.115030,0.833333,0.913561,0.064706,0.000000
21,89,0.208333,0.451613,0.050151,0.219768,0.791667,0.810002,0.052941,0.010030
21,90,0.625000,0.532258,0.566028,0.501015,0.375000,0.491097,0.041176,0.113206
21,91,0.375000,0.483871,0.241590,0.266422,0.625000,0.745763,0.058824,0.048318
21,92,0.750000,0.556452,0.533078,0.681836,0.250000,0.325113,0.047059,0.106616
21,93,0.500000,0.508065,0.395821,0.378443,0.500000,0.624230,0.052941,0.079164
21,94,0.375000,0.483871,0.270604,0.502045,0.625000,0.521770,0.052941,0.054121
21,95,0.333333,0.475806,0.115524,0.317967,0.666667,0.710943,0.088235,0.023105
21,96,0.083333,0.427419,0.143322,0.241528,0.916667,0.779624,0.070588,0.028664
21,97,0.625000,0.532258,0.772111,0.846795,0.375000,0.144872,0.047059,0.154422
21,98,0.375000,0.483871,0.399702,0.275634,0.625000,0.720194,0.047059,0.079940
21,99,0.875000,0.580645,0.621711,1.000000,0.125000,0.017357,0.041176,0.124342
21,100,0.416667,0.491935,0.000000,0.354614,0.583333,0.688961,0.041176,0.000000
21,101,0.541667,0.516129,0.252516,0.444243,0.458333,0.577894,0.041176,0.050503
21,102,0.750000,0.556452,0.344374,0.753523,0.250000,0.278120,0.035294,0.068875
21,103,0.541667,0.516129,0.048267,0.724884,0.458333,0.336681,0.058824,0.009653
21,104,0.291667,0.467742,0.375098,0.388238,0.708333,0.617268,0.058824,0.075020
21,105,0.708333,0.548387,0.755992,0.802375,0.291667,0.188240,0.041176,0.190512
21,106,0.083333,0.427419,0.074192,0.255130,0.916667,0.774277,0.094118,0.014838
21,107,0.541667,0.516129,0.411044,0.738977,0.458333,0.284616,0.052941,0.082209
21,108,0.416667,0.491935,0.292772,0.564212,0.583333,0.461117,0.052941,0.058554
21,109,0.500000,0.508065,0.143860,0.640586,0.500000,0.405468,0.047059,0.028772
21,110,0.250000,0.459677,0.234281,0.386206,0.750000,0.634254,0.052941,0.046856
21,111,0.458333,0.500000,0.279987,0.437068,0.541667,0.581678,0.047059,0.055997
21,112,0.416667,0.491935,0.280582,0.449803,0.583333,0.569676,0.047059,0.056116
21,113,0.791667,0.564516,0.194227,0.876641,0.208333,0.178783,0.047059,0.038845
21,114,0.541667,0.516129,0.315607,0.606596,0.458333,0.418938,0.047059,0.063121
21,115,0.291667,0.467742,0.447060,0.293501,0.708333,0.698373,0.052941,0.089412
21,116,0.000000,0.411290,0.223647,0.151742,1.000000,0.855192,0.082353,0.044729
21,117,0.500000,0.508065,0.399744,0.457350,0.500000,0.549839,0.058824,0.079949
21,118,0.208333,0.451613,0.294776,0.151070,0.791667,0.848204,0.058824,0.058955
21,119,0.375000,0.483871,0.085631,0.420306,0.625000,0.618207,0.058824,0.017126
21,120,0.375000,0.483871,0.313210,0.304189,0.625000,0.702688,0.041176,0.062642
21,121,0.583333,0.524194,0.169257,0.618019,0.416667,0.423904,0.052941,0.033851
21,122,0.833333,0.572581,0.507950,0.827934,0.166667,0.190844,0.035294,0.101590
21,123,0.291667,0.467742,0.434859,0.369728,0.708333,0.628220,0.052941,0.086972
21,124,0.500000,0.508065,0.357199,0.412397,0.500000,0.596537,0.035294,0.071440
22,0,0.875000,0.580645,0.273229,0.892723,0.125000,0.142854,0.040936,0.054646
22,1,0.708333,0.548387,0.618648,0.658742,0.291667,0.332294,0.046784,0.123730
22,2,0.708333,0.548387,0.496685,0.763977,0.291667,0.244025,0.040936,0.099337
22,3,0.583333,0.524194,0.000000,0.464063,0.416667,0.573112,0.040936,0.000000
22,4,0.166667,0.443548,0.248255,0.219463,0.833333,0.781510,0.046784,0.049651
22,5,0.666667,0.540323,0.438055,0.804997,0.333333,0.210637,0.052632,0.087611
22,6,0.416667,0.491935,0.548988,0.600379,0.583333,0.393854,0.046784,0.109798
22,7,0.333333,0.475806,0.186316,0.432617,0.666667,0.585726,0.046784,0.037263
22,8,0.416667,0.491935,0.406039,0.580571,0.583333,0.425704,0.040936,0.081208
22,9,0.666667,0.540323,0.534636,0.811586,0.333333,0.195540,0.040936,0.106927
22,10,0.416667,0.491935,0.035853,0.397090,0.583333,0.633122,0.058480,0.007171
22,11,0.500000,0.508065,0.299215,0.611032,0.500000,0.406721,0.046784,0.059843
22,12,0.541667,0.516129,0.280190,0.765573,0.458333,0.262397,0.046784,0.056038
22,13,0.375000,0.483871,0.542373,0.398068,0.625000,0.585685,0.052632,0.108475
22,14,0.375000,0.483871,0.098606,0.301546,0.625000,0.717668,0.058480,0.019721
22,15,0.458333,0.500000,0.143792,0.514962,0.541667,0.511798,0.052632,0.028758
22,16,0.833333,0.572581,1.000000,0.923806,0.166667,0.046737,0.035088,0.200000
22,17,0.916667,0.588710,0.101198,0.767357,0.083333,0.277146,0.040936,0.020240
22,18,0.583333,0.524194,0.370404,0.690500,0.416667,0.325071,0.046784,0.074081
22,19,0.291667,0.467742,0.515378,0.329466,0.708333,0.653007,0.052632,0.103076
22,20,0.583333,0.524194,0.194363,0.576195,0.416667,0.449277,0.035088,0.038873
22,21,0.375000,0.483871,0.265502,0.376096,0.625000,0.631877,0.052632,0.053100
22,22,0.625000,0.532258,0.409901,0.776754,0.375000,0.239917,0.052632,0.081980
22,23,1.000000,0.604839,0.668068,0.850040,0.000000,0.146941,0.040936,0.133614
22,24,0.416667,0.491935,0.534773,0.640388,0.583333,0.357343,0.046784,0.136876
22,25,0.958333,0.596774,0.731180,0.865394,0.041667,0.126633,0.035088,0.146236
22,26,0.208333,0.451613,0.458800,0.360794,0.791667,0.628591,0.058480,0.091760
22,27,0.708333,0.548387,0.129895,0.598914,0.291667,0.433723,0.040936,0.025979
22,28,0.250000,0.459677,0.000000,0.161851,0.750000,0.858762,0.046784,0.000000
22,29,0.541667,0.516129,0.743463,0.621249,0.458333,0.356270,0.052632,0.148693
22,30,0.250000,0.459677,0.206355,0.236194,0.750000,0.769544,0.076023,0.041271
22,31,0.208333,0.451613,0.409742,0.385679,0.791667,0.609575,0.076023,0.081948
22,32,0.916667,0.588710,0.554918,0.817273,0.083333,0.188303,0.040936,0.142032
22,33,0.458333,0.500000,0.202426,0.677960,0.541667,0.352349,0.046784,0.040485
22,34,0.458333,0.500000,0.691098,0.608768,0.541667,0.372875,0.046784,0.138220
22,35,0.583333,0.524194,0.455619,0.587382,0.416667,0.414713,0.040936,0.091124
22,36,0.375000,0.483871,0.442378,0.725870,0.625000,0.285030,0.046784,0.088476
22,37,0.541667,0.516129,0.348666,0.412503,0.458333,0.589829,0.040936,0.069733
22,38,0.125000,0.435484,0.602036,0.240211,0.875000,0.729413,0.076023,0.120407
22,39,0.708333,0.548387,0.016680,0.631345,0.291667,0.413466,0.046784,0.003336
22,40,0.125000,0.435484,0.268452,0.229987,0.875000,0.769709,0.081871,0.053690
22,41,0.208333,0.451613,0.000000,0.098692,0.791667,0.918460,0.052632,0.000000
22,42,0.250000,0.459677,0.346402,0.380628,0.750000,0.620165,0.058480,0.069280
22,43,0.500000,0.508065,0.567079,0.509645,0.500000,0.477955,0.040936,0.113416
22,44,0.541667,0.516129,0.000000,0.576552,0.458333,0.466787,0.046784,0.000000
22,45,0.583333,0.524194,0.615822,0.730517,0.416667,0.264712,0.046784,0.123164
22,46,0.666667,0.540323,0.142347,0.724339,0.333333,0.314029,0.046784,0.028469
22,47,0.791667,0.564516,0.443199,0.637280,0.208333,0.368690,0.035088,0.088640
22,48,0.416667,0.491935,0.671009,0.514109,0.583333,0.464192,0.046784,0.134202
22,49,0.375000,0.483871,0.463970,0.592800,0.625000,0.408825,0.052632,0.092794
22,50,0.625000,0.532258,0.184140,0.431363,0.375000,0.587111,0.046784,0.036828
22,51,0.375000,0.483871,0.235883,0.406153,0.625000,0.606188,0.046784,0.047177
22,52,0.291667,0.467742,0.356987,0.320597,0.708333,0.675934,0.058480,0.071397
22,53,0.916667,0.588710,0.459755,0.832452,0.083333,0.182694,0.040936,0.091951
22,54,0.333333,0.475806,0.042720,0.142841,0.666667,0.872807,0.064327,0.008544
22,55,0.666667,0.540323,0.228950,0.712184,0.333333,0.317565,0.040936,0.045790
22,56,0.666667,0.540323,0.000000,0.597160,0.333333,0.447309,0.046784,0.000000
22,57,0.750000,0.556452,0.413335,0.808451,0.250000,0.209642,0.040936,0.082667
22,58,0.750000,0.556452,0.722560,0.686109,0.250000,0.296884,0.040936,0.144512
22,59,0.541667,0.516129,0.000000,0.479075,0.458333,0.558922,0.052632,0.000000
22,60,0.416667,0.491935,0.283885,0.503838,0.583333,0.509448,0.046784,0.056777
22,61,0.375000,0.483871,0.000000,0.448602,0.625000,0.587726,0.064327,0.000000
22,62,0.250000,0.459677,0.000000,0.210964,0.750000,0.812340,0.064327,0.000000
22,63,0.416667,0.491935,0.399848,0.442685,0.583333,0.556601,0.052632,0.079970
22,64,0.666667,0.540323,0.532055,0.675440,0.333333,0.324462,0.052632,0.106411
22,65,0.708333,0.548387,0.101004,0.604517,0.291667,0.431080,0.035088,0.020201
22,66,0.333333,0.475806,0.228477,0.476799,0.666667,0.540093,0.058480,0.045695
22,67,0.458333,0.500000,0.558839,0.774801,0.541667,0.228087,0.046784,0.111768
22,68,0.166667,0.443548,0.703585,0.556462,0.833333,0.421168,0.064327,0.180083
22,69,0.125000,0.435484,0.000000,0.079677,0.875000,0.936432,0.064327,0.000000
22,70,0.208333,0.451613,0.247795,0.381158,0.791667,0.628719,0.058480,0.049559
22,71,0.333333,0.475806,0.419560,0.473482,0.666667,0.525682,0.058480,0.083912
22,72,0.291667,0.467742,0.492895,0.301960,0.708333,0.681070,0.052632,0.098579
22,73,0.291667,0.467742,0.548170,0.476691,0.708333,0.510839,0.076023,0.140304
22,74,0.166667,0.443548,0.496917,0.358277,0.833333,0.627470,0.058480,0.127186
22,75,0.000000,0.411290,0.000000,0.114973,1.000000,0.903070,0.122807,0.000000
22,76,0.208333,0.451613,0.080628,0.081726,0.791667,0.927092,0.052632,0.016126
22,77,0.541667,0.516129,0.174282,0.748593,0.458333,0.288172,0.040936,0.034856
22,78,0.750000,0.556452,0.133465,0.837652,0.250000,0.207741,0.035088,0.026693
22,79,0.500000,0.508065,0.450041,0.698980,0.500000,0.309743,0.052632,0.090008
22,80,0.333333,0.475806,0.034095,0.072883,0.666667,0.939723,0.052632,0.006819
22,81,0.416667,0.491935,0.000000,0.514157,0.583333,0.525763,0.046784,0.000000
22,82,0.458333,0.500000,0.485226,0.525055,0.541667,0.470905,0.040936,0.097045
22,83,0.666667,0.540323,0.475891,0.652919,0.333333,0.350907,0.058480,0.095178
22,84,0.666667,0.540323,0.577604,0.583281,0.333333,0.407388,0.046784,0.115521
22,85,0.250000,0.459677,0.000000,0.250018,0.750000,0.775426,0.076023,0.000000
22,86,0.541667,0.516129,0.339827,0.665465,0.458333,0.351542,0.046784,0.067965
22,87,0.083333,0.427419,0.316475,0.260438,0.916667,0.736516,0.087719,0.063295
22,88,0.166667,0.443548,0.000000,0.172251,0.833333,0.848932,0.064327,0.000000
22,89,0.208333,0.451613,0.126836,0.177282,0.791667,0.832529,0.052632,0.025367
22,90,0.625000,0.532258,0.304014,0.502403,0.375000,0.508956,0.040936,0.060803
22,91,0.375000,0.483871,0.396668,0.272048,0.625000,0.718179,0.058480,0.079334
22,92,0.750000,0.556452,0.307651,0.801162,0.250000,0.226236,0.046784,0.061530
22,93,0.500000,0.508065,0.280623,0.377040,0.500000,0.629596,0.052632,0.056125
22,94,0.375000,0.483871,0.437586,0.460987,0.625000,0.535837,0.052632,0.087517
22,95,0.333333,0.475806,0.366325,0.449109,0.666667,0.553608,0.087719,0.073265
22,96,0.083333,0.427419,0.252114,0.324596,0.916667,0.681784,0.070175,0.050423
22,97,0.625000,0.532258,0.724690,1.000000,0.375000,0.000000,0.046784,0.144938
22,98,0.375000,0.483871,0.225567,0.424925,0.625000,0.589392,0.046784,0.045113
22,99,0.875000,0.580645,0.654524,0.996530,0.125000,0.009723,0.040936,0.130905
22,100,0.416667,0.491935,0.000000,0.349811,0.583333,0.681103,0.040936,0.000000
22,101,0.541667,0.516129,0.085877,0.563108,0.458333,0.471609,0.040936,0.017175
22,102,0.750000,0.556452,0.844805,0.846418,0.250000,0.134135,0.035088,0.168961
22,103,0.541667,0.516129,0.000000,0.761373,0.458333,0.292095,0.058480,0.000000
22,104,0.291667,0.467742,0.223074,0.464788,0.708333,0.551942,0.058480,0.044615
22,105,0.708333,0.548387,0.551134,0.730182,0.291667,0.270968,0.046784,0.110227
22,106,0.083333,0.427419,0.105491,0.327671,0.916667,0.692342,0.093567,0.027001
22,107,0.541667,0.516129,0.701904,0.834964,0.458333,0.158084,0.052632,0.140381
22,108,0.416667,0.491935,0.294928,0.640688,0.583333,0.379084,0.052632,0.058986
22,109,0.500000,0.508065,0.644459,0.739194,0.500000,0.253881,0.046784,0.128892
22,110,0.250000,0.459677,0.283734,0.432556,0.750000,0.576837,0.052632,0.056747
22,111,0.458333,0.500000,0.234313,0.514260,0.541667,0.504149,0.046784,0.046863
22,112,0.416667,0.491935,0.447717,0.579713,0.583333,0.422687,0.046784,0.089543
22,113,0.791667,0.564516,0.223160,0.835307,0.208333,0.201721,0.046784,0.044632
22,114,0.541667,0.516129,0.000000,0.596125,0.458333,0.448288,0.046784,0.000000
22,115,0.291667,0.467742,0.574581,0.438206,0.708333,0.544790,0.052632,0.147065
22,116,0.000000,0.411290,0.127876,0.000000,1.000000,1.000000,0.081871,0.025575
22,117,0.500000,0.508065,0.631495,0.654013,0.500000,0.335583,0.058480,0.126299
22,118,0.208333,0.451613,0.347215,0.352881,0.791667,0.646317,0.058480,0.069443
22,119,0.375000,0.483871,0.388567,0.503036,0.625000,0.500594,0.058480,0.099454
22,120,0.375000,0.483871,0.263969,0.461055,0.625000,0.551716,0.040936,0.052794
22,121,0.583333,0.524194,0.060869,0.498880,0.416667,0.534614,0.052632,0.012174
22,122,0.833333,0.572581,0.807196,0.937168,0.166667,0.051812,0.035088,0.161439
22,123,0.291667,0.467742,0.482577,0.439720,0.708333,0.551807,0.052632,0.096515
22,124,0.500000,0.508065,0.169138,0.315723,0.500000,0.697790,0.035088,0.033828
23,0,0.875000,0.580645,0.592952,0.991885,0.125000,0.039649,0.040698,0.118590
23,1,0.708333,0.548387,0.598058,0.730873,0.291667,0.279626,0.046512,0.119612
23,2,0.708333,0.548387,0.246009,0.536640,0.291667,0.486333,0.040698,0.049202
23,3,0.583333,0.524194,0.000000,0.612449,0.416667,0.435964,0.040698,0.000000
23,4,0.166667,0.443548,0.471523,0.335661,0.833333,0.653599,0.046512,0.094305
23,5,0.666667,0.540323,0.650269,0.978587,0.333333,0.047366,0.052326,0.130054
23,6,0.416667,0.491935,0.472697,0.576608,0.583333,0.431606,0.046512,0.094539
23,7,0.333333,0.475806,0.000000,0.386751,0.666667,0.643821,0.046512,0.000000
23,8,0.416667,0.491935,0.521646,0.456496,0.583333,0.538354,0.040698,0.104329
23,9,0.666667,0.540323,0.731346,0.696004,0.333333,0.301202,0.040698,0.146269
23,10,0.416667,0.491935,0.375410,0.469529,0.583333,0.537911,0.058140,0.075082
23,11,0.500000,0.508065,0.543354,0.682636,0.500000,0.328373,0.046512,0.108671
23,12,0.541667,0.516129,0.322935,0.685436,0.458333,0.343219,0.046512,0.064587
23,13,0.375000,0.483871,0.544061,0.403644,0.625000,0.585257,0.052326,0.108812
23,14,0.375000,0.483871,0.457509,0.399091,0.625000,0.596292,0.058140,0.091502
23,15,0.458333,0.500000,0.132842,0.521236,0.541667,0.509465,0.052326,0.026568
23,16,0.833333,0.572581,0.815844,0.842892,0.166667,0.159246,0.034884,0.163169
23,17,0.916667,0.588710,0.536250,0.927086,0.083333,0.103809,0.040698,0.107250
23,18,0.583333,0.524194,0.509334,0.672221,0.416667,0.340654,0.046512,0.101867
23,19,0.291667,0.467742,0.487675,0.292365,0.708333,0.692196,0.052326,0.097535
23,20,0.583333,0.524194,0.491237,0.564600,0.416667,0.441199,0.034884,0.098247
23,21,0.375000,0.483871,0.226637,0.316186,0.625000,0.690892,0.052326,0.045327
23,22,0.625000,0.532258,0.522648,0.668230,0.375000,0.343278,0.052326,0.104530
23,23,1.000000,0.604839,0.541572,0.720265,0.000000,0.293860,0.040698,0.108314
23,24,0.416667,0.491935,0.341372,0.565064,0.583333,0.452618,0.052326,0.068274
23,25,0.958333,0.596774,0.828592,0.949182,0.041667,0.060351,0.034884,0.165718
23,26,0.208333,0.451613,0.330693,0.217391,0.791667,0.773652,0.058140,0.066139
23,27,0.708333,0.548387,0.272791,0.619759,0.291667,0.407668,0.040698,0.054558
23,28,0.250000,0.459677,0.000000,0.000000,0.750000,1.000000,0.046512,0.000000
23,29,0.541667,0.516129,0.631779,0.585430,0.458333,0.410906,0.052326,0.145259
23,30,0.250000,0.459677,0.321295,0.354459,0.750000,0.648163,0.075581,0.073872
23,31,0.208333,0.451613,0.465979,0.430587,0.791667,0.566615,0.075581,0.107138
23,32,0.916667,0.588710,0.195234,0.681037,0.083333,0.357364,0.046512,0.039047
23,33,0.458333,0.500000,0.323850,0.658233,0.541667,0.368199,0.046512,0.064770
23,34,0.458333,0.500000,0.888025,0.641155,0.541667,0.339330,0.046512,0.177605
23,35,0.583333,0.524194,0.677618,0.608621,0.416667,0.385925,0.040698,0.135524
23,36,0.375000,0.483871,0.593306,0.637873,0.625000,0.365650,0.046512,0.118661
23,37,0.541667,0.516129,0.588966,0.449840,0.458333,0.539163,0.040698,0.117793
23,38,0.125000,0.435484,0.580749,0.055066,0.875000,0.903380,0.075581,0.116150
23,39,0.708333,0.548387,0.000000,0.551120,0.291667,0.492444,0.046512,0.000000
23,40,0.125000,0.435484,0.000000,0.340537,0.875000,0.686381,0.081395,0.000000
23,41,0.208333,0.451613,0.255525,0.027921,0.791667,0.954088,0.052326,0.051105
23,42,0.250000,0.459677,0.252505,0.205354,0.750000,0.790919,0.058140,0.050501
23,43,0.500000,0.508065,0.378459,0.571081,0.500000,0.444146,0.040698,0.075692
23,44,0.541667,0.516129,0.000000,0.562249,0.458333,0.482195,0.046512,0.000000
23,45,0.583333,0.524194,0.886171,0.807940,0.416667,0.185876,0.046512,0.177234
23,46,0.666667,0.540323,0.123419,0.763136,0.333333,0.287431,0.046512,0.024684
23,47,0.791667,0.564516,0.616961,0.655530,0.208333,0.347518,0.034884,0.123392
23,48,0.416667,0.491935,0.552377,0.605359,0.583333,0.398829,0.046512,0.110475
23,49,0.375000,0.483871,0.467222,0.474504,0.625000,0.526071,0.052326,0.093444
23,50,0.625000,0.532258,0.342205,0.486355,0.375000,0.525040,0.046512,0.068441
23,51,0.375000,0.483871,0.038165,0.388032,0.625000,0.639624,0.046512,0.007633
23,52,0.291667,0.467742,0.622143,0.292859,0.708333,0.681112,0.058140,0.124429
23,53,0.916667,0.588710,0.651806,0.896030,0.083333,0.123275,0.040698,0.130361
23,54,0.333333,0.475806,0.540485,0.356231,0.666667,0.629204,0.063953,0.108097
23,55,0.666667,0.540323,0.000000,0.695173,0.333333,0.359778,0.040698,0.000000
23,56,0.666667,0.540323,0.000000,0.584384,0.333333,0.461809,0.046512,0.000000
23,57,0.750000,0.556452,0.521579,0.831843,0.250000,0.192683,0.040698,0.104316
23,58,0.750000,0.556452,0.622520,0.806028,0.250000,0.208478,0.040698,0.124504
23,59,0.541667,0.516129,0.219328,0.589690,0.458333,0.439586,0.052326,0.043866
23,60,0.416667,0.491935,0.333425,0.536551,0.583333,0.479505,0.046512,0.066685
23,61,0.375000,0.483871,0.110813,0.585471,0.625000,0.452049,0.063953,0.022163
23,62,0.250000,0.459677,0.000000,0.208500,0.750000,0.807982,0.063953,0.000000
23,63,0.416667,0.491935,0.107143,0.432867,0.583333,0.592881,0.052326,0.021429
23,64,0.666667,0.540323,0.270667,0.595646,0.333333,0.430042,0.052326,0.054133
23,65,0.708333,0.548387,0.000000,0.651412,0.291667,0.400080,0.034884,0.000000
23,66,0.333333,0.475806,0.492315,0.598818,0.666667,0.409601,0.058140,0.098463
23,67,0.458333,0.500000,0.646708,0.628866,0.541667,0.369723,0.046512,0.129342
23,68,0.166667,0.443548,0.392767,0.473751,0.833333,0.532650,0.069767,0.078553
23,69,0.125000,0.435484,0.000000,0.170919,0.875000,0.842592,0.063953,0.000000
23,70,0.208333,0.451613,0.515871,0.493392,0.791667,0.504832,0.058140,0.103174
23,71,0.333333,0.475806,0.259997,0.374245,0.666667,0.634786,0.058140,0.051999
23,72,0.291667,0.467742,0.575282,0.332566,0.708333,0.648248,0.052326,0.115056
23,73,0.291667,0.467742,0.578342,0.554444,0.708333,0.443667,0.081395,0.115668
23,74,0.166667,0.443548,0.411243,0.261627,0.833333,0.726546,0.063953,0.082249
23,75,0.000000,0.411290,0.000000,0.076969,1.000000,0.929115,0.122093,0.000000
23,76,0.208333,0.451613,0.014347,0.215541,0.791667,0.800363,0.052326,0.002869
23,77,0.541667,0.516129,0.256866,0.625617,0.458333,0.403531,0.040698,0.051373
23,78,0.750000,0.556452,0.000000,0.810867,0.250000,0.253230,0.034884,0.000000
23,79,0.500000,0.508065,0.229448,0.608957,0.500000,0.421042,0.052326,0.045890
23,80,0.333333,0.475806,0.244589,0.233821,0.666667,0.765328,0.052326,0.048918
23,81,0.416667,0.491935,0.344128,0.508391,0.583333,0.504594,0.046512,0.079122
23,82,0.458333,0.500000,0.458657,0.477380,0.541667,0.524100,0.040698,0.091731
23,83,0.666667,0.540323,0.594675,0.713641,0.333333,0.295763,0.058140,0.118935
23,84,0.666667,0.540323,0.584921,0.770195,0.333333,0.244451,0.046512,0.116984
23,85,0.250000,0.459677,0.068014,0.384525,0.750000,0.640494,0.075581,0.013603
23,86,0.541667,0.516129,0.481502,0.619450,0.458333,0.391454,0.046512,0.096300
23,87,0.083333,0.427419,0.000000,0.284275,0.916667,0.738196,0.087209,0.000000
23,88,0.166667,0.443548,0.000000,0.303507,0.833333,0.720484,0.063953,0.000000
23,89,0.208333,0.451613,0.263287,0.086209,0.791667,0.899794,0.052326,0.052657
23,90,0.625000,0.532258,0.458306,0.372690,0.375000,0.620542,0.040698,0.105374
23,91,0.375000,0.483871,0.637594,0.386070,0.625000,0.594048,0.058140,0.127519
23,92,0.750000,0.556452,0.730955,0.760369,0.250000,0.241956,0.046512,0.146191
23,93,0.500000,0.508065,0.166653,0.456386,0.500000,0.566517,0.052326,0.033331
23,94,0.375000,0.483871,0.324196,0.331278,0.625000,0.669281,0.052326,0.064839
23,95,0.333333,0.475806,0.343587,0.372764,0.666667,0.629542,0.087209,0.068717
23,96,0.083333,0.427419,0.475769,0.435543,0.916667,0.561277,0.069767,0.095154
23,97,0.625000,0.532258,0.905773,0.841048,0.375000,0.153836,0.046512,0.181155
23,98,0.375000,0.483871,0.000000,0.406875,0.625000,0.625287,0.046512,0.000000
23,99,0.875000,0.580645,0.999528,0.969170,0.125000,0.028431,0.040698,0.199906
23,100,0.416667,0.491935,0.342069,0.507271,0.583333,0.505788,0.040698,0.068414
23,101,0.541667,0.516129,0.006343,0.619597,0.458333,0.428879,0.040698,0.001269
23,102,0.750000,0.556452,0.992778,0.860831,0.250000,0.128739,0.034884,0.228260
23,103,0.541667,0.516129,0.000000,0.562516,0.458333,0.481949,0.058140,0.000000
23,104,0.291667,0.467742,0.188820,0.418035,0.708333,0.600084,0.058140,0.037764
23,105,0.708333,0.548387,0.436277,0.782001,0.291667,0.245327,0.046512,0.087255
23,106,0.083333,0.427419,0.023094,0.242734,0.916667,0.774627,0.098837,0.004619
23,107,0.541667,0.516129,0.846076,0.723768,0.458333,0.266564,0.052326,0.169215
23,108,0.416667,0.491935,0.516919,0.442514,0.583333,0.551605,0.052326,0.103384
23,109,0.500000,0.508065,0.335247,0.777868,0.500000,0.257120,0.046512,0.067049
23,110,0.250000,0.459677,0.200718,0.285867,0.750000,0.720863,0.052326,0.040144
23,111,0.458333,0.500000,0.621130,0.360744,0.541667,0.618673,0.046512,0.124226
23,112,0.416667,0.491935,0.660326,0.460344,0.583333,0.523848,0.046512,0.132065
23,113,0.791667,0.564516,0.356164,0.765669,0.208333,0.266701,0.046512,0.071233
23,114,0.541667,0.516129,0.291812,0.570410,0.458333,0.451612,0.046512,0.058362
23,115,0.291667,0.467742,0.354833,0.444674,0.708333,0.562428,0.058140,0.081583
23,116,0.000000,0.411290,0.329606,0.015370,1.000000,0.959790,0.081395,0.065921
23,117,0.500000,0.508065,0.271803,0.455786,0.500000,0.558757,0.058140,0.054361
23,118,0.208333,0.451613,0.071031,0.280973,0.791667,0.735623,0.058140,0.014206
23,119,0.375000,0.483871,0.342529,0.543965,0.625000,0.471957,0.063953,0.068506
23,120,0.375000,0.483871,0.640867,0.540478,0.625000,0.451586,0.040698,0.128173
23,121,0.583333,0.524194,0.000000,0.550003,0.416667,0.493473,0.052326,0.000000
23,122,0.833333,0.572581,1.000000,1.000000,0.166667,0.000000,0.034884,0.200000
23,123,0.291667,0.467742,0.159625,0.157918,0.708333,0.841947,0.052326,0.031925
23,124,0.500000,0.508065,0.780230,0.416916,0.500000,0.554365,0.034884,0.179391
24,0,0.875000,0.580645,0.737088,0.897804,0.125000,0.116077,0.040462,0.147418
24,1,0.708333,0.548387,0.724305,0.761377,0.291667,0.241825,0.046243,0.144861
24,2,0.708333,0.548387,0.273755,0.632321,0.291667,0.398648,0.040462,0.054751
24,3,0.583333,0.524194,0.000000,0.529368,0.416667,0.516353,0.040462,0.000000
24,4,0.166667,0.443548,0.522266,0.312864,0.833333,0.669050,0.046243,0.104453
24,5,0.666667,0.540323,0.670088,0.940859,0.333333,0.082528,0.052023,0.134018
24,6,0.416667,0.491935,0.462363,0.485241,0.583333,0.516735,0.046243,0.092473
24,7,0.333333,0.475806,0.191467,0.390159,0.666667,0.627002,0.046243,0.038293
24,8,0.416667,0.491935,0.648498,0.429366,0.583333,0.551708,0.040462,0.129700
24,9,0.666667,0.540323,0.693708,0.579636,0.333333,0.410512,0.040462,0.167333
24,10,0.416667,0.491935,0.405227,0.357109,0.583333,0.638735,0.057803,0.081045
24,11,0.500000,0.508065,0.272226,0.578923,0.500000,0.447566,0.046243,0.054445
24,12,0.541667,0.516129,0.442110,0.665578,0.458333,0.353723,0.046243,0.088422
24,13,0.375000,0.483871,0.261097,0.394251,0.625000,0.617250,0.052023,0.052219
24,14,0.375000,0.483871,0.495839,0.384674,0.625000,0.605724,0.057803,0.099168
24,15,0.458333,0.500000,0.503624,0.561032,0.541667,0.443926,0.052023,0.100725
24,16,0.833333,0.572581,0.696867,0.736769,0.166667,0.266678,0.034682,0.139373
24,17,0.916667,0.588710,0.281041,0.823239,0.083333,0.223591,0.040462,0.056208
24,18,0.583333,0.524194,0.302248,0.565188,0.416667,0.457522,0.046243,0.060450
24,19,0.291667,0.467742,0.104521,0.195674,0.708333,0.812199,0.052023,0.020904
24,20,0.583333,0.524194,0.418055,0.681352,0.416667,0.341388,0.034682,0.083611
24,21,0.375000,0.483871,0.098025,0.302224,0.625000,0.715412,0.052023,0.019605
24,22,0.625000,0.532258,0.453931,0.506912,0.375000,0.497664,0.052023,0.090786
24,23,1.000000,0.604839,0.645624,0.783916,0.000000,0.228028,0.040462,0.129125
24,24,0.416667,0.491935,0.261384,0.455338,0.583333,0.561414,0.052023,0.052277
24,25,0.958333,0.596774,0.695435,0.995616,0.041667,0.030310,0.034682,0.139087
24,26,0.208333,0.451613,0.209427,0.099825,0.791667,0.890709,0.057803,0.041885
24,27,0.708333,0.548387,0.569243,0.606250,0.291667,0.396947,0.040462,0.113849
24,28,0.250000,0.459677,0.000000,0.161960,0.750000,0.852028,0.046243,0.000000
24,29,0.541667,0.516129,0.354999,0.513596,0.458333,0.500102,0.057803,0.071000
24,30,0.250000,0.459677,0.277571,0.299623,0.750000,0.702282,0.080925,0.055514
24,31,0.208333,0.451613,0.275461,0.366001,0.791667,0.641819,0.080925,0.055092
24,32,0.916667,0.588710,0.397891,0.775892,0.083333,0.256756,0.046243,0.079578
24,33,0.458333,0.500000,0.381946,0.599982,0.541667,0.418850,0.046243,0.076389
24,34,0.458333,0.500000,0.658443,0.443093,0.541667,0.538308,0.046243,0.158826
24,35,0.583333,0.524194,0.569601,0.501872,0.416667,0.492278,0.040462,0.113920
24,36,0.375000,0.483871,0.438454,0.474692,0.625000,0.528437,0.046243,0.087691
24,37,0.541667,0.516129,0.537397,0.554167,0.458333,0.447281,0.040462,0.107479
24,38,0.125000,0.435484,0.490693,0.072838,0.875000,0.891072,0.075145,0.098139
24,39,0.708333,0.548387,0.439741,0.628094,0.291667,0.388174,0.046243,0.087948
24,40,0.125000,0.435484,0.181302,0.184869,0.875000,0.815439,0.080925,0.036260
24,41,0.208333,0.451613,0.434751,0.050522,0.791667,0.916293,0.052023,0.104868
24,42,0.250000,0.459677,0.349749,0.107615,0.750000,0.871472,0.057803,0.084365
24,43,0.500000,0.508065,0.567747,0.661659,0.500000,0.346452,0.040462,0.113549
24,44,0.541667,0.516129,0.000000,0.509976,0.458333,0.534071,0.046243,0.000000
24,45,0.583333,0.524194,0.884605,0.740311,0.416667,0.247226,0.046243,0.176921
24,46,0.666667,0.540323,0.000000,0.670423,0.333333,0.387481,0.046243,0.000000
24,47,0.791667,0.564516,0.575277,0.659340,0.208333,0.347921,0.034682,0.115055
24,48,0.416667,0.491935,0.317342,0.456534,0.583333,0.555488,0.046243,0.063468
24,49,0.375000,0.483871,0.431668,0.477185,0.625000,0.526746,0.052023,0.086334
24,50,0.625000,0.532258,0.606057,0.516352,0.375000,0.475900,0.046243,0.121211
24,51,0.375000,0.483871,0.167662,0.384997,0.625000,0.633774,0.046243,0.033532
24,52,0.291667,0.467742,0.406809,0.194292,0.708333,0.787353,0.057803,0.081362
24,53,0.916667,0.588710,0.719094,0.862158,0.083333,0.150198,0.040462,0.173456
24,54,0.333333,0.475806,0.566072,0.329303,0.666667,0.650248,0.063584,0.113214
24,55,0.666667,0.540323,0.134696,0.799394,0.333333,0.258016,0.040462,0.026939
24,56,0.666667,0.540323,0.000000,0.726329,0.333333,0.336404,0.046243,0.000000
24,57,0.750000,0.556452,0.513021,0.836765,0.250000,0.191197,0.040462,0.102604
24,58,0.750000,0.556452,0.669556,0.790623,0.250000,0.219834,0.040462,0.133911
24,59,0.541667,0.516129,0.277858,0.628248,0.458333,0.402015,0.052023,0.055572
24,60,0.416667,0.491935,0.090381,0.506539,0.583333,0.529404,0.046243,0.018076
24,61,0.375000,0.483871,0.069994,0.522084,0.625000,0.516963,0.063584,0.013999
24,62,0.250000,0.459677,0.000000,0.210957,0.750000,0.807263,0.063584,0.000000
24,63,0.416667,0.491935,0.288676,0.532343,0.583333,0.488703,0.052023,0.057735
24,64,0.666667,0.540323,0.428517,0.765065,0.333333,0.264002,0.052023,0.085703
24,65,0.708333,0.548387,0.014383,0.558300,0.291667,0.488677,0.034682,0.002877
24,66,0.333333,0.475806,0.202124,0.465426,0.666667,0.557315,0.057803,0.040425
24,67,0.458333,0.500000,0.504537,0.582137,0.541667,0.424565,0.046243,0.100907
24,68,0.166667,0.443548,0.466707,0.448333,0.833333,0.550080,0.069364,0.093341
24,69,0.125000,0.435484,0.000000,0.176602,0.875000,0.838651,0.063584,0.000000
24,70,0.208333,0.451613,0.009389,0.378887,0.791667,0.653026,0.057803,0.001878
24,71,0.333333,0.475806,0.167481,0.262065,0.666667,0.746104,0.057803,0.033496
24,72,0.291667,0.467742,0.519012,0.240367,0.708333,0.735566,0.052023,0.103802
24,73,0.291667,0.467742,0.445891,0.423528,0.708333,0.574540,0.080925,0.089178
24,74,0.166667,0.443548,0.422929,0.235638,0.833333,0.748186,0.063584,0.084586
24,75,0.000000,0.411290,0.000000,0.000000,1.000000,1.000000,0.121387,0.000000
24,76,0.208333,0.451613,0.000000,0.048642,0.791667,0.955559,0.052023,0.000000
24,77,0.541667,0.516129,0.411104,0.678186,0.458333,0.344881,0.040462,0.082221
24,78,0.750000,0.556452,0.190342,0.670006,0.250000,0.371422,0.034682,0.038068
24,79,0.500000,0.508065,0.221580,0.677432,0.500000,0.361940,0.052023,0.044316
24,80,0.333333,0.475806,0.309585,0.339403,0.666667,0.663173,0.052023,0.061917
24,81,0.416667,0.491935,0.105989,0.545733,0.583333,0.492248,0.052023,0.021198
24,82,0.458333,0.500000,0.620983,0.652691,0.541667,0.350047,0.040462,0.124197
24,83,0.666667,0.540323,0.467906,0.693971,0.333333,0.325554,0.057803,0.093581
24,84,0.666667,0.540323,0.470391,0.650624,0.333333,0.364942,0.046243,0.094078
24,85,0.250000,0.459677,0.000000,0.365401,0.750000,0.666158,0.075145,0.000000
24,86,0.541667,0.516129,0.341341,0.580934,0.458333,0.439760,0.046243,0.068268
24,87,0.083333,0.427419,0.000000,0.185838,0.916667,0.830213,0.086705,0.000000
24,88,0.166667,0.443548,0.000000,0.251283,0.833333,0.770420,0.063584,0.000000
24,89,0.208333,0.451613,0.325029,0.161330,0.791667,0.824531,0.052023,0.065006
24,90,0.625000,0.532258,0.406401,0.618534,0.375000,0.399787,0.046243,0.081280
24,91,0.375000,0.483871,0.587947,0.286115,0.625000,0.687816,0.057803,0.117589
24,92,0.750000,0.556452,0.807885,0.710720,0.250000,0.280888,0.046243,0.194874
24,93,0.500000,0.508065,0.269518,0.394502,0.500000,0.616293,0.052023,0.053904
24,94,0.375000,0.483871,0.360837,0.301271,0.625000,0.693584,0.052023,0.072167
24,95,0.333333,0.475806,0.420163,0.395854,0.666667,0.602047,0.086705,0.084033
24,96,0.083333,0.427419,0.271787,0.258709,0.916667,0.740161,0.069364,0.054357
24,97,0.625000,0.532258,0.720266,0.748171,0.375000,0.254240,0.046243,0.144053
24,98,0.375000,0.483871,0.010104,0.313877,0.625000,0.712359,0.046243,0.002021
24,99,0.875000,0.580645,1.000000,1.000000,0.125000,0.000000,0.040462,0.200000
24,100,0.416667,0.491935,0.519752,0.510631,0.583333,0.488581,0.040462,0.103950
24,101,0.541667,0.516129,0.000000,0.533150,0.458333,0.512898,0.040462,0.000000
24,102,0.750000,0.556452,0.309821,0.660030,0.250000,0.370217,0.040462,0.061964
24,103,0.541667,0.516129,0.000000,0.469621,0.458333,0.570940,0.057803,0.000000
24,104,0.291667,0.467742,0.389812,0.391750,0.708333,0.608417,0.057803,0.077962
24,105,0.708333,0.548387,0.516999,0.849831,0.291667,0.178915,0.046243,0.103400
24,106,0.083333,0.427419,0.066883,0.106420,0.916667,0.896995,0.098266,0.013377
24,107,0.541667,0.516129,0.494304,0.584399,0.458333,0.423382,0.052023,0.098861
24,108,0.416667,0.491935,0.482885,0.300195,0.583333,0.684026,0.052023,0.096577
24,109,0.500000,0.508065,0.414394,0.780254,0.500000,0.251346,0.046243,0.082879
24,110,0.250000,0.459677,0.482053,0.429894,0.750000,0.565601,0.052023,0.116278
24,111,0.458333,0.500000,0.702907,0.162345,0.541667,0.790967,0.046243,0.140581
24,112,0.416667,0.491935,0.553380,0.364173,0.583333,0.619485,0.046243,0.110676
24,113,0.791667,0.564516,0.478244,0.728043,0.208333,0.293532,0.046243,0.095649
24,114,0.541667,0.516129,0.234858,0.553958,0.458333,0.473603,0.046243,0.046972
24,115,0.291667,0.467742,0.232106,0.326464,0.708333,0.681686,0.063584,0.046421
24,116,0.000000,0.411290,0.421226,0.083250,1.000000,0.887559,0.080925,0.084245
24,117,0.500000,0.508065,0.020620,0.389908,0.500000,0.641987,0.057803,0.004124
24,118,0.208333,0.451613,0.018044,0.262937,0.791667,0.758214,0.057803,0.003609
24,119,0.375000,0.483871,0.205607,0.502907,0.625000,0.522771,0.063584,0.041121
24,120,0.375000,0.483871,0.395133,0.428345,0.625000,0.574524,0.040462,0.079027
24,121,0.583333,0.524194,0.000000,0.573384,0.416667,0.476139,0.052023,0.000000
24,122,0.833333,0.572581,0.927055,0.984674,0.166667,0.020302,0.034682,0.185411
24,123,0.291667,0.467742,0.358121,0.077108,0.708333,0.898621,0.052023,0.071624
24,124,0.500000,0.508065,0.537050,0.345990,0.500000,0.637509,0.040462,0.107410
25,0,0.875000,0.580645,0.356360,0.828793,0.125000,0.200147,0.040230,0.071272
25,1,0.708333,0.548387,0.564627,0.648102,0.291667,0.357344,0.045977,0.112925
25,2,0.708333,0.548387,0.399095,0.561715,0.291667,0.454808,0.040230,0.079819
25,3,0.583333,0.524194,0.000000,0.687410,0.416667,0.366849,0.040230,0.000000
25,4,0.166667,0.443548,0.773760,0.306195,0.833333,0.670359,0.045977,0.177949
25,5,0.666667,0.540323,0.474452,0.845248,0.333333,0.174298,0.051724,0.094890
25,6,0.416667,0.491935,0.378302,0.501972,0.583333,0.514327,0.045977,0.087002
25,7,0.333333,0.475806,0.109934,0.476131,0.666667,0.561898,0.045977,0.021987
25,8,0.416667,0.491935,1.000000,0.568343,0.583333,0.397830,0.040230,0.200000
25,9,0.666667,0.540323,0.465878,0.569892,0.333333,0.441281,0.045977,0.093176
25,10,0.416667,0.491935,0.363311,0.468420,0.583333,0.548033,0.057471,0.072662
25,11,0.500000,0.508065,0.267621,0.488338,0.500000,0.536825,0.045977,0.053524
25,12,0.541667,0.516129,0.307443,0.563729,0.458333,0.460573,0.045977,0.061489
25,13,0.375000,0.483871,0.044614,0.304858,0.625000,0.733012,0.051724,0.008923
25,14,0.375000,0.483871,0.575042,0.377314,0.625000,0.618311,0.057471,0.115008
25,15,0.458333,0.500000,0.751553,0.555262,0.541667,0.431387,0.051724,0.150311
25,16,0.833333,0.572581,0.858096,0.914507,0.166667,0.075042,0.034483,0.171619
25,17,0.916667,0.588710,0.000000,0.808254,0.083333,0.249997,0.040230,0.000000
25,18,0.583333,0.524194,0.350894,0.536052,0.416667,0.483680,0.045977,0.070179
25,19,0.291667,0.467742,0.354259,0.280710,0.708333,0.730304,0.051724,0.070852
25,20,0.583333,0.524194,0.087583,0.677209,0.416667,0.369343,0.034483,0.017517
25,21,0.375000,0.483871,0.382403,0.400221,0.625000,0.612372,0.051724,0.076481
25,22,0.625000,0.532258,0.535003,0.637671,0.375000,0.369924,0.051724,0.123040
25,23,1.000000,0.604839,0.694807,0.882245,0.000000,0.119980,0.040230,0.138961
25,24,0.416667,0.491935,0.499351,0.583764,0.583333,0.425050,0.051724,0.099870
25,25,0.958333,0.596774,0.767462,1.000000,0.041667,0.000000,0.034483,0.153492
25,26,0.208333,0.451613,0.466487,0.180654,0.791667,0.817611,0.057471,0.093297
25,27,0.708333,0.548387,0.328580,0.585219,0.291667,0.438014,0.040230,0.065716
25,28,0.250000,0.459677,0.000000,0.205903,0.750000,0.832453,0.045977,0.000000
25,29,0.541667,0.516129,0.444031,0.555251,0.458333,0.457277,0.057471,0.088806
25,30,0.250000,0.459677,0.233434,0.329420,0.750000,0.693371,0.080460,0.046687
25,31,0.208333,0.451613,0.386265,0.384014,0.791667,0.627719,0.080460,0.077253
25,32,0.916667,0.588710,0.405591,0.810991,0.083333,0.213219,0.045977,0.081118
25,33,0.458333,0.500000,0.596142,0.601964,0.541667,0.399306,0.045977,0.119228
25,34,0.458333,0.500000,0.265168,0.556441,0.541667,0.471178,0.051724,0.053034
25,35,0.583333,0.524194,0.505654,0.635470,0.416667,0.374522,0.040230,0.101131
25,36,0.375000,0.483871,0.560126,0.472811,0.625000,0.527224,0.045977,0.112025
25,37,0.541667,0.516129,0.470909,0.490447,0.458333,0.517679,0.040230,0.094182
25,38,0.125000,0.435484,0.464747,0.182926,0.875000,0.815560,0.074713,0.092949
25,39,0.708333,0.548387,0.359305,0.590753,0.291667,0.430077,0.045977,0.071861
25,40,0.125000,0.435484,0.049947,0.133333,0.875000,0.898422,0.080460,0.009989
25,41,0.208333,0.451613,0.099647,0.106288,0.791667,0.920391,0.057471,0.019929
25,42,0.250000,0.459677,0.397501,0.135470,0.750000,0.867108,0.063218,0.079500
25,43,0.500000,0.508065,0.290262,0.556466,0.500000,0.469042,0.040230,0.058052
25,44,0.541667,0.516129,0.000000,0.476506,0.458333,0.570787,0.045977,0.000000
25,45,0.583333,0.524194,0.884509,0.779413,0.416667,0.203451,0.045977,0.176902
25,46,0.666667,0.540323,0.292022,0.722518,0.333333,0.308327,0.045977,0.058404
25,47,0.791667,0.564516,0.489493,0.660574,0.208333,0.351607,0.034483,0.097899
25,48,0.416667,0.491935,0.288628,0.453414,0.583333,0.568828,0.045977,0.057726
25,49,0.375000,0.483871,0.577211,0.423675,0.625000,0.573299,0.051724,0.115442
25,50,0.625000,0.532258,0.569243,0.604291,0.375000,0.399319,0.045977,0.113849
25,51,0.375000,0.483871,0.590859,0.568785,0.625000,0.431833,0.045977,0.118172
25,52,0.291667,0.467742,0.419826,0.181701,0.708333,0.820525,0.057471,0.096552
25,53,0.916667,0.588710,0.449400,0.870177,0.083333,0.152301,0.045977,0.089880
25,54,0.333333,0.475806,0.713147,0.422639,0.666667,0.562862,0.063218,0.142629
25,55,0.666667,0.540323,0.225873,0.712077,0.333333,0.323990,0.040230,0.045175
25,56,0.666667,0.540323,0.000000,0.782870,0.333333,0.274543,0.045977,0.000000
25,57,0.750000,0.556452,0.480989,0.754457,0.250000,0.261540,0.040230,0.096198
25,58,0.750000,0.556452,0.546976,0.775866,0.250000,0.235286,0.040230,0.109395
25,59,0.541667,0.516129,0.463578,0.457916,0.458333,0.549752,0.051724,0.092716
25,60,0.416667,0.491935,0.412308,0.459648,0.583333,0.552392,0.045977,0.082462
25,61,0.375000,0.483871,0.058356,0.437404,0.625000,0.603687,0.063218,0.011671
25,62,0.250000,0.459677,0.000000,0.227762,0.750000,0.811315,0.063218,0.000000
25,63,0.416667,0.491935,0.361968,0.464591,0.583333,0.551848,0.051724,0.072394
25,64,0.666667,0.540323,0.131152,0.788485,0.333333,0.258076,0.051724,0.026230
25,65,0.708333,0.548387,0.000000,0.582933,0.291667,0.467875,0.034483,0.000000
25,66,0.333333,0.475806,0.332532,0.498246,0.666667,0.521782,0.057471,0.066506
25,67,0.458333,0.500000,0.703633,0.594495,0.541667,0.397482,0.045977,0.140727
25,68,0.166667,0.443548,0.451161,0.457481,0.833333,0.551218,0.068966,0.103758
25,69,0.125000,0.435484,0.000000,0.128966,0.875000,0.906848,0.063218,0.000000
25,70,0.208333,0.451613,0.084682,0.346866,0.791667,0.689019,0.057471,0.016936
25,71,0.333333,0.475806,0.237113,0.164924,0.666667,0.852124,0.057471,0.047423
25,72,0.291667,0.467742,0.833722,0.538620,0.708333,0.440564,0.051724,0.166744
25,73,0.291667,0.467742,0.612289,0.493575,0.708333,0.502756,0.080460,0.122458
25,74,0.166667,0.443548,0.373469,0.291888,0.833333,0.717879,0.063218,0.074694
25,75,0.000000,0.411290,0.000000,0.083918,1.000000,0.950408,0.120690,0.000000
25,76,0.208333,0.451613,0.000000,0.086140,0.791667,0.948260,0.051724,0.000000
25,77,0.541667,0.516129,0.683327,0.700228,0.458333,0.296951,0.040230,0.136665
25,78,0.750000,0.556452,0.310234,0.626366,0.250000,0.399770,0.034483,0.062047
25,79,0.500000,0.508065,0.303790,0.680749,0.500000,0.347725,0.051724,0.060758
25,80,0.333333,0.475806,0.367235,0.363010,0.666667,0.649631,0.051724,0.073447
25,81,0.416667,0.491935,0.000000,0.558705,0.583333,0.491304,0.051724,0.000000
25,82,0.458333,0.500000,0.466558,0.479331,0.541667,0.528793,0.040230,0.093312
25,83,0.666667,0.540323,0.267658,0.578001,0.333333,0.450121,0.057471,0.053532
25,84,0.666667,0.540323,0.656647,0.739048,0.333333,0.261659,0.045977,0.151016
25,85,0.250000,0.459677,0.097265,0.366434,0.750000,0.669039,0.074713,0.019453
25,86,0.541667,0.516129,0.066604,0.575711,0.458333,0.469254,0.045977,0.013321
25,87,0.083333,0.427419,0.209936,0.257695,0.916667,0.764705,0.086207,0.041987
25,88,0.166667,0.443548,0.000000,0.224953,0.833333,0.814032,0.063218,0.000000
25,89,0.208333,0.451613,0.478320,0.193141,0.791667,0.804541,0.051724,0.095664
25,90,0.625000,0.532258,0.275802,0.646891,0.375000,0.382820,0.045977,0.055160
25,91,0.375000,0.483871,0.440755,0.261283,0.625000,0.741810,0.057471,0.088151
25,92,0.750000,0.556452,0.424878,0.691026,0.250000,0.327598,0.051724,0.084976
25,93,0.500000,0.508065,0.298897,0.274750,0.500000,0.740726,0.051724,0.059779
25,94,0.375000,0.483871,0.383151,0.275881,0.625000,0.732542,0.051724,0.076630
25,95,0.333333,0.475806,0.623508,0.350474,0.666667,0.640187,0.086207,0.124702
25,96,0.083333,0.427419,0.145819,0.285570,0.916667,0.743146,0.068966,0.029164
25,97,0.625000,0.532258,0.526812,0.675358,0.375000,0.334171,0.045977,0.105362
25,98,0.375000,0.483871,0.001828,0.404374,0.625000,0.640384,0.045977,0.000366
25,99,0.875000,0.580645,0.978026,0.937873,0.125000,0.042356,0.040230,0.195605
25,100,0.416667,0.491935,0.892033,0.601902,0.583333,0.374466,0.040230,0.178407
25,101,0.541667,0.516129,0.137179,0.608341,0.458333,0.431763,0.040230,0.027436
25,102,0.750000,0.556452,0.593823,0.725689,0.250000,0.279863,0.040230,0.118765
25,103,0.541667,0.516129,0.137508,0.369114,0.458333,0.663060,0.057471,0.027502
25,104,0.291667,0.467742,0.519097,0.462576,0.708333,0.540573,0.057471,0.103819
25,105,0.708333,0.548387,0.719577,0.792802,0.291667,0.204384,0.045977,0.143915
25,106,0.083333,0.427419,0.000000,0.243576,0.916667,0.796024,0.097701,0.000000
25,107,0.541667,0.516129,0.117799,0.726937,0.458333,0.318715,0.051724,0.023560
25,108,0.416667,0.491935,0.526683,0.433850,0.583333,0.567712,0.051724,0.105337
25,109,0.500000,0.508065,0.777017,0.819614,0.500000,0.173623,0.045977,0.155403
25,110,0.250000,0.459677,0.527938,0.593046,0.750000,0.413669,0.057471,0.105588
25,111,0.458333,0.500000,0.615279,0.181918,0.541667,0.803867,0.045977,0.123056
25,112,0.416667,0.491935,0.820677,0.510128,0.583333,0.469214,0.045977,0.164135
25,113,0.791667,0.564516,0.758542,0.801113,0.208333,0.193069,0.045977,0.174449
25,114,0.541667,0.516129,0.196801,0.642569,0.458333,0.393648,0.045977,0.039360
25,115,0.291667,0.467742,0.071945,0.220080,0.708333,0.812689,0.063218,0.014389
25,116,0.000000,0.411290,0.374966,0.000000,1.000000,1.000000,0.080460,0.086235
25,117,0.500000,0.508065,0.242754,0.352493,0.500000,0.670275,0.057471,0.048551
25,118,0.208333,0.451613,0.000000,0.394591,0.791667,0.649997,0.057471,0.000000
25,119,0.375000,0.483871,0.216604,0.536749,0.625000,0.494306,0.063218,0.043321
25,120,0.375000,0.483871,0.532503,0.221286,0.625000,0.772766,0.040230,0.106501
25,121,0.583333,0.524194,0.271738,0.669058,0.416667,0.361728,0.051724,0.054348
25,122,0.833333,0.572581,0.541939,0.843599,0.166667,0.170213,0.034483,0.108388
25,123,0.291667,0.467742,0.177389,0.138830,0.708333,0.882382,0.051724,0.035478
25,124,0.500000,0.508065,0.625110,0.440897,0.500000,0.552615,0.040230,0.125022
26,0,0.875000,0.580645,0.951045,0.994098,0.125000,0.000000,0.040000,0.190209
26,1,0.708333,0.548387,0.757865,0.795118,0.291667,0.203868,0.045714,0.151573
26,2,0.708333,0.548387,0.478082,0.715392,0.291667,0.302517,0.040000,0.095616
26,3,0.583333,0.524194,0.080114,0.594632,0.416667,0.449775,0.040000,0.016023
26,4,0.166667,0.443548,0.227330,0.336716,0.833333,0.680697,0.051429,0.045466
26,5,0.666667,0.540323,0.607151,0.945517,0.333333,0.074648,0.051429,0.121430
26,6,0.416667,0.491935,0.185360,0.592853,0.583333,0.442631,0.051429,0.037072
26,7,0.333333,0.475806,0.155864,0.293644,0.666667,0.727313,0.045714,0.031173
26,8,0.416667,0.491935,1.000000,0.488376,0.583333,0.472885,0.040000,0.242356
26,9,0.666667,0.540323,0.524393,0.604136,0.333333,0.403570,0.045714,0.104879
26,10,0.416667,0.491935,0.304181,0.551190,0.583333,0.471967,0.057143,0.060836
26,11,0.500000,0.508065,0.023439,0.483023,0.500000,0.559794,0.045714,0.004688
26,12,0.541667,0.516129,0.000000,0.580617,0.458333,0.469709,0.045714,0.000000
26,13,0.375000,0.483871,0.255302,0.280200,0.625000,0.731657,0.051429,0.051060
26,14,0.375000,0.483871,0.430786,0.536754,0.625000,0.474970,0.057143,0.086157
26,15,0.458333,0.500000,0.571852,0.592729,0.541667,0.410350,0.051429,0.114370
26,16,0.833333,0.572581,0.954490,0.811048,0.166667,0.172362,0.034286,0.190898
26,17,0.916667,0.588710,0.000000,0.669167,0.083333,0.386190,0.040000,0.000000
26,18,0.583333,0.524194,0.271967,0.521228,0.416667,0.502927,0.045714,0.054393
26,19,0.291667,0.467742,0.239256,0.000000,0.708333,0.997283,0.051429,0.047851
26,20,0.583333,0.524194,0.084419,0.734759,0.416667,0.317249,0.034286,0.016884
26,21,0.375000,0.483871,0.343375,0.480353,0.625000,0.535494,0.051429,0.068675
26,22,0.625000,0.532258,0.479831,0.761827,0.375000,0.258573,0.057143,0.095966
26,23,1.000000,0.604839,0.147348,0.657401,0.000000,0.384937,0.040000,0.029470
26,24,0.416667,0.491935,0.301730,0.585728,0.583333,0.439597,0.051429,0.060346
26,25,0.958333,0.596774,0.648550,0.900752,0.041667,0.113399,0.034286,0.129710
26,26,0.208333,0.451613,0.268416,0.376153,0.791667,0.640057,0.057143,0.053683
26,27,0.708333,0.548387,0.118102,0.657704,0.291667,0.387102,0.040000,0.023620
26,28,0.250000,0.459677,0.000000,0.415620,0.750000,0.625332,0.045714,0.000000
26,29,0.541667,0.516129,0.170190,0.618792,0.458333,0.419438,0.057143,0.034038
26,30,0.250000,0.459677,0.264918,0.363456,0.750000,0.652326,0.080000,0.052984
26,31,0.208333,0.451613,0.692771,0.443444,0.791667,0.541018,0.080000,0.138554
26,32,0.916667,0.588710,0.715602,1.000000,0.083333,0.014170,0.045714,0.143120
26,33,0.458333,0.500000,0.226756,0.545545,0.541667,0.483782,0.045714,0.045351
26,34,0.458333,0.500000,0.118424,0.287095,0.541667,0.736628,0.051429,0.023685
26,35,0.583333,0.524194,0.474539,0.669105,0.416667,0.346471,0.040000,0.094908
26,36,0.375000,0.483871,0.795988,0.640722,0.625000,0.346297,0.045714,0.159198
26,37,0.541667,0.516129,0.133207,0.511430,0.458333,0.523799,0.040000,0.026641
26,38,0.125000,0.435484,0.357325,0.250913,0.875000,0.750728,0.074286,0.071465
26,39,0.708333,0.548387,0.366484,0.672579,0.291667,0.352252,0.045714,0.073297
26,40,0.125000,0.435484,0.000000,0.062550,0.875000,0.958342,0.080000,0.000000
26,41,0.208333,0.451613,0.142486,0.083037,0.791667,0.927075,0.057143,0.028497
26,42,0.250000,0.459677,0.000000,0.140576,0.750000,0.884749,0.062857,0.000000
26,43,0.500000,0.508065,0.419130,0.393550,0.500000,0.611015,0.040000,0.083826
26,44,0.541667,0.516129,0.000000,0.589816,0.458333,0.461033,0.045714,0.000000
26,45,0.583333,0.524194,0.691733,0.909690,0.416667,0.101349,0.045714,0.138347
26,46,0.666667,0.540323,0.348141,0.866380,0.333333,0.171000,0.045714,0.069628
26,47,0.791667,0.564516,0.428953,0.633481,0.208333,0.383892,0.034286,0.085791
26,48,0.416667,0.491935,0.295559,0.553431,0.583333,0.470576,0.045714,0.059112
26,49,0.375000,0.483871,0.097117,0.417699,0.625000,0.615231,0.051429,0.019423
26,50,0.625000,0.532258,0.562459,0.594732,0.375000,0.409249,0.045714,0.112492
26,51,0.375000,0.483871,0.588425,0.495848,0.625000,0.500338,0.045714,0.117685
26,52,0.291667,0.467742,0.067023,0.323857,0.708333,0.706263,0.062857,0.013405
26,53,0.916667,0.588710,0.709078,0.937293,0.083333,0.073861,0.045714,0.141816
26,54,0.333333,0.475806,0.440909,0.344110,0.666667,0.655820,0.062857,0.088182
26,55,0.666667,0.540323,0.089650,0.778438,0.333333,0.275614,0.040000,0.017930
26,56,0.666667,0.540323,0.094695,0.851643,0.333333,0.206144,0.045714,0.018939
26,57,0.750000,0.556452,0.566547,0.731334,0.250000,0.280066,0.040000,0.113309
26,58,0.750000,0.556452,0.817750,0.769170,0.250000,0.223322,0.040000,0.163550
26,59,0.541667,0.516129,0.408048,0.505936,0.458333,0.505943,0.051429,0.081610
26,60,0.416667,0.491935,0.690798,0.538666,0.583333,0.451372,0.045714,0.138160
26,61,0.375000,0.483871,0.157406,0.381849,0.625000,0.643990,0.062857,0.031481
26,62,0.250000,0.459677,0.000000,0.211380,0.750000,0.817968,0.062857,0.000000
26,63,0.416667,0.491935,0.275678,0.569006,0.583333,0.457552,0.051429,0.055136
26,64,0.666667,0.540323,0.583466,0.843737,0.333333,0.172630,0.051429,0.116693
26,65,0.708333,0.548387,0.000000,0.578728,0.291667,0.471491,0.034286,0.000000
26,66,0.333333,0.475806,0.073060,0.539864,0.666667,0.502023,0.057143,0.014612
26,67,0.458333,0.500000,0.547545,0.601912,0.541667,0.403727,0.045714,0.109509
26,68,0.166667,0.443548,0.246595,0.466824,0.833333,0.556367,0.074286,0.049319
26,69,0.125000,0.435484,0.142924,0.145393,0.875000,0.868226,0.062857,0.028585
26,70,0.208333,0.451613,0.000000,0.413813,0.791667,0.627037,0.057143,0.000000
26,71,0.333333,0.475806,0.386842,0.350599,0.666667,0.654232,0.057143,0.077368
26,72,0.291667,0.467742,0.607863,0.543757,0.708333,0.453522,0.051429,0.121573
26,73,0.291667,0.467742,0.383421,0.529436,0.708333,0.485842,0.080000,0.076684
26,74,0.166667,0.443548,0.248643,0.413530,0.833333,0.606461,0.062857,0.049729
26,75,0.000000,0.411290,0.000000,0.018382,1.000000,1.000000,0.120000,0.000000
26,76,0.208333,0.451613,0.246313,0.152396,0.791667,0.852953,0.051429,0.049263
26,77,0.541667,0.516129,0.334849,0.670312,0.458333,0.357042,0.040000,0.066970
26,78,0.750000,0.556452,0.295094,0.496142,0.250000,0.524649,0.034286,0.059019
26,79,0.500000,0.508065,0.516673,0.801580,0.500000,0.217992,0.051429,0.103335
26,80,0.333333,0.475806,0.526616,0.483353,0.666667,0.517304,0.051429,0.105323
26,81,0.416667,0.491935,0.064766,0.679478,0.583333,0.371037,0.051429,0.012953
26,82,0.458333,0.500000,0.351594,0.534331,0.541667,0.483894,0.040000,0.070319
26,83,0.666667,0.540323,0.038729,0.543237,0.333333,0.501720,0.057143,0.007746
26,84,0.666667,0.540323,0.130756,0.712917,0.333333,0.333966,0.051429,0.026151
26,85,0.250000,0.459677,0.000000,0.296128,0.750000,0.738035,0.074286,0.000000
26,86,0.541667,0.516129,0.000000,0.402849,0.458333,0.637377,0.045714,0.000000
26,87,0.083333,0.427419,0.335087,0.322786,0.916667,0.684803,0.085714,0.067017
26,88,0.166667,0.443548,0.000000,0.274907,0.833333,0.758050,0.062857,0.000000
26,89,0.208333,0.451613,0.151360,0.418286,0.791667,0.610130,0.051429,0.030272
26,90,0.625000,0.532258,0.189043,0.764954,0.375000,0.280000,0.045714,0.037809
26,91,0.375000,0.483871,0.096411,0.262314,0.625000,0.761846,0.057143,0.019282
26,92,0.750000,0.556452,0.132685,0.605271,0.250000,0.435334,0.051429,0.026537
26,93,0.500000,0.508065,0.554881,0.452030,0.500000,0.544478,0.051429,0.134479
26,94,0.375000,0.483871,0.483093,0.226792,0.625000,0.762937,0.051429,0.096619
26,95,0.333333,0.475806,0.664020,0.546976,0.666667,0.445778,0.085714,0.132804
26,96,0.083333,0.427419,0.000000,0.320816,0.916667,0.714750,0.068571,0.000000
26,97,0.625000,0.532258,0.656790,0.842122,0.375000,0.168008,0.045714,0.159177
26,98,0.375000,0.483871,0.000000,0.273762,0.625000,0.759130,0.045714,0.000000
26,99,0.875000,0.580645,0.744203,0.937270,0.125000,0.070938,0.040000,0.148841
26,100,0.416667,0.491935,0.454866,0.577056,0.583333,0.434939,0.040000,0.090973
26,101,0.541667,0.516129,0.000000,0.555232,0.458333,0.493652,0.040000,0.000000
26,102,0.750000,0.556452,0.731118,0.793580,0.250000,0.207561,0.040000,0.146224
26,103,0.541667,0.516129,0.000000,0.400696,0.458333,0.639408,0.057143,0.000000
26,104,0.291667,0.467742,0.667883,0.391948,0.708333,0.591674,0.057143,0.161865
26,105,0.708333,0.548387,0.588862,0.888051,0.291667,0.130382,0.045714,0.117772
26,106,0.083333,0.427419,0.000000,0.286716,0.916667,0.746912,0.097143,0.000000
26,107,0.541667,0.516129,0.726309,0.924747,0.458333,0.084249,0.051429,0.145262
26,108,0.416667,0.491935,0.264476,0.515014,0.583333,0.509416,0.051429,0.052895
26,109,0.500000,0.508065,0.519835,0.931518,0.500000,0.095171,0.045714,0.103967
26,110,0.250000,0.459677,0.675492,0.550023,0.750000,0.441943,0.057143,0.135098
26,111,0.458333,0.500000,0.508208,0.309737,0.541667,0.682599,0.045714,0.123167
26,112,0.416667,0.491935,0.522558,0.367383,0.583333,0.627025,0.045714,0.104512
26,113,0.791667,0.564516,0.738402,0.850365,0.208333,0.153392,0.051429,0.178956
26,114,0.541667,0.516129,0.298839,0.673817,0.458333,0.356755,0.045714,0.059768
26,115,0.291667,0.467742,0.189752,0.298453,0.708333,0.719936,0.062857,0.037950
26,116,0.000000,0.411290,0.227259,0.209189,1.000000,0.800985,0.085714,0.045452
26,117,0.500000,0.508065,0.131805,0.487146,0.500000,0.546821,0.057143,0.026361
26,118,0.208333,0.451613,0.266068,0.309493,0.791667,0.703126,0.057143,0.053214
26,119,0.375000,0.483871,0.216814,0.602406,0.625000,0.430984,0.062857,0.043363
26,120,0.375000,0.483871,0.195077,0.346114,0.625000,0.674537,0.040000,0.039015
26,121,0.583333,0.524194,0.445621,0.757297,0.416667,0.265714,0.051429,0.089124
26,122,0.833333,0.572581,0.447579,0.835802,0.166667,0.191505,0.034286,0.089516
26,123,0.291667,0.467742,0.457600,0.544105,0.708333,0.465789,0.051429,0.091520
26,124,0.500000,0.508065,0.000000,0.331775,0.500000,0.704413,0.040000,0.000000
27,0,0.875000,0.580645,0.882162,0.785303,0.125000,0.199482,0.039773,0.176432
27,1,0.708333,0.548387,0.796162,0.607807,0.291667,0.372384,0.045455,0.159232
27,2,0.708333,0.548387,0.589214,0.674927,0.291667,0.323968,0.039773,0.117843
27,3,0.583333,0.524194,0.035665,0.626908,0.416667,0.408314,0.039773,0.007133
27,4,0.166667,0.443548,0.000000,0.339870,0.833333,0.680595,0.051136,0.000000
27,5,0.666667,0.540323,0.020716,0.720155,0.333333,0.321740,0.051136,0.004143
27,6,0.416667,0.491935,0.607255,0.544662,0.583333,0.445110,0.051136,0.121451
27,7,0.333333,0.475806,0.527304,0.371793,0.666667,0.613235,0.045455,0.105461
27,8,0.416667,0.491935,0.402576,0.428589,0.583333,0.568695,0.045455,0.080515
27,9,0.666667,0.540323,0.516181,0.699922,0.333333,0.305651,0.045455,0.103236
27,10,0.416667,0.491935,0.331787,0.342561,0.583333,0.654559,0.056818,0.066357
27,11,0.500000,0.508065,0.185067,0.525452,0.500000,0.493075,0.045455,0.037013
27,12,0.541667,0.516129,0.000000,0.627740,0.458333,0.410059,0.045455,0.000000
27,13,0.375000,0.483871,0.215528,0.472589,0.625000,0.540597,0.051136,0.043106
27,14,0.375000,0.483871,0.116487,0.431604,0.625000,0.586131,0.056818,0.023297
27,15,0.458333,0.500000,1.000000,0.545516,0.541667,0.416482,0.051136,0.200000
27,16,0.833333,0.572581,0.777822,0.650157,0.166667,0.333883,0.034091,0.155564
27,17,0.916667,0.588710,0.251887,0.730846,0.083333,0.295315,0.039773,0.050377
27,18,0.583333,0.524194,0.483649,0.634944,0.416667,0.369022,0.045455,0.096730
27,19,0.291667,0.467742,0.476157,0.293718,0.708333,0.690232,0.051136,0.095231
27,20,0.583333,0.524194,0.526077,0.639334,0.416667,0.361890,0.034091,0.105215
27,21,0.375000,0.483871,0.154156,0.337247,0.625000,0.672138,0.051136,0.030831
27,22,0.625000,0.532258,0.452797,0.615729,0.375000,0.389266,0.056818,0.096020
27,23,1.000000,0.604839,0.879357,0.869055,0.000000,0.120972,0.039773,0.175871
27,24,0.416667,0.491935,0.266290,0.685362,0.583333,0.337040,0.051136,0.053258
27,25,0.958333,0.596774,0.849878,1.000000,0.041667,0.000000,0.034091,0.169976
27,26,0.208333,0.451613,0.451739,0.332700,0.791667,0.655328,0.056818,0.090348
27,27,0.708333,0.548387,0.493606,0.687440,0.291667,0.318982,0.039773,0.098721
27,28,0.250000,0.459677,0.000000,0.442207,0.750000,0.584420,0.045455,0.000000
27,29,0.541667,0.516129,0.336124,0.528531,0.458333,0.479480,0.056818,0.067225
27,30,0.250000,0.459677,0.702604,0.458199,0.750000,0.519612,0.079545,0.140521
27,31,0.208333,0.451613,0.390562,0.436208,0.791667,0.562387,0.079545,0.078112
27,32,0.916667,0.588710,0.619009,0.940090,0.083333,0.072659,0.045455,0.123802
27,33,0.458333,0.500000,0.301081,0.341094,0.541667,0.658113,0.045455,0.063847
27,34,0.458333,0.500000,0.388290,0.359365,0.541667,0.634764,0.051136,0.077658
27,35,0.583333,0.524194,0.645468,0.615091,0.416667,0.376215,0.039773,0.129094
27,36,0.375000,0.483871,0.500163,0.576168,0.625000,0.423089,0.045455,0.100033
27,37,0.541667,0.516129,0.324431,0.596020,0.458333,0.416883,0.039773,0.064886
27,38,0.125000,0.435484,0.607101,0.416463,0.875000,0.565601,0.073864,0.121420
27,39,0.708333,0.548387,0.159276,0.660857,0.291667,0.367651,0.045455,0.031855
27,40,0.125000,0.435484,0.000000,0.000000,0.875000,1.000000,0.079545,0.000000
27,41,0.208333,0.451613,0.273158,0.052096,0.791667,0.931688,0.056818,0.054632
27,42,0.250000,0.459677,0.588099,0.373169,0.750000,0.607635,0.062500,0.117620
27,43,0.500000,0.508065,0.608807,0.482442,0.500000,0.503474,0.039773,0.121761
27,44,0.541667,0.516129,0.000000,0.751433,0.458333,0.293813,0.045455,0.000000
27,45,0.583333,0.524194,0.531875,0.628864,0.416667,0.371319,0.045455,0.106375
27,46,0.666667,0.540323,0.060249,0.680440,0.333333,0.356263,0.045455,0.012050
27,47,0.791667,0.564516,0.924385,0.749777,0.208333,0.229877,0.034091,0.184877
27,48,0.416667,0.491935,0.102034,0.320817,0.583333,0.691271,0.045455,0.020407
27,49,0.375000,0.483871,0.130193,0.518255,0.625000,0.503727,0.051136,0.026039
27,50,0.625000,0.532258,0.450521,0.450244,0.375000,0.544947,0.045455,0.090104
27,51,0.375000,0.483871,0.390717,0.365341,0.625000,0.628975,0.045455,0.078143
27,52,0.291667,0.467742,0.049519,0.314841,0.708333,0.700608,0.062500,0.009904
27,53,0.916667,0.588710,0.452197,0.865638,0.083333,0.154447,0.045455,0.090439
27,54,0.333333,0.475806,0.208420,0.242884,0.666667,0.756975,0.062500,0.041684
27,55,0.666667,0.540323,0.266019,0.697675,0.333333,0.325488,0.039773,0.053204
27,56,0.666667,0.540323,0.068458,0.827447,0.333333,0.217526,0.045455,0.013692
27,57,0.750000,0.556452,0.312812,0.902458,0.250000,0.129719,0.039773,0.062562
27,58,0.750000,0.556452,0.488930,0.668540,0.250000,0.337074,0.039773,0.097786
27,59,0.541667,0.516129,0.598342,0.568304,0.458333,0.423523,0.051136,0.119668
27,60,0.416667,0.491935,0.144951,0.270472,0.583333,0.735544,0.045455,0.028990
27,61,0.375000,0.483871,0.292741,0.423740,0.625000,0.581034,0.062500,0.058548
27,62,0.250000,0.459677,0.000000,0.268675,0.750000,0.747503,0.062500,0.000000
27,63,0.416667,0.491935,0.000000,0.391037,0.583333,0.632509,0.051136,0.000000
27,64,0.666667,0.540323,0.765093,0.716778,0.333333,0.272175,0.051136,0.153019
27,65,0.708333,0.548387,0.416211,0.780053,0.291667,0.237429,0.034091,0.083242
27,66,0.333333,0.475806,0.000000,0.287701,0.666667,0.729622,0.056818,0.000000
27,67,0.458333,0.500000,0.805456,0.756202,0.541667,0.232266,0.045455,0.161091
27,68,0.166667,0.443548,0.975874,0.724990,0.833333,0.249524,0.073864,0.206943
27,69,0.125000,0.435484,0.250229,0.258936,0.875000,0.738927,0.062500,0.050046
27,70,0.208333,0.451613,0.227676,0.227182,0.791667,0.770367,0.056818,0.045535
27,71,0.333333,0.475806,0.145695,0.207529,0.666667,0.794645,0.056818,0.029139
27,72,0.291667,0.467742,0.499139,0.224692,0.708333,0.753473,0.051136,0.099828
27,73,0.291667,0.467742,0.501670,0.428440,0.708333,0.561815,0.079545,0.106384
27,74,0.166667,0.443548,0.071237,0.230906,0.833333,0.777950,0.062500,0.014247
27,75,0.000000,0.411290,0.000000,0.152245,1.000000,0.856922,0.119318,0.000000
27,76,0.208333,0.451613,0.278843,0.137221,0.791667,0.851285,0.051136,0.055769
27,77,0.541667,0.516129,0.650546,0.743180,0.458333,0.255478,0.039773,0.130109
27,78,0.750000,0.556452,0.461142,0.502332,0.250000,0.495244,0.034091,0.097789
27,79,0.500000,0.508065,0.458482,0.656888,0.500000,0.350182,0.051136,0.091696
27,80,0.333333,0.475806,0.814532,0.320385,0.666667,0.641197,0.051136,0.172729
27,81,0.416667,0.491935,0.248689,0.450349,0.583333,0.559149,0.051136,0.049738
27,82,0.458333,0.500000,0.413726,0.707314,0.541667,0.305964,0.039773,0.082745
27,83,0.666667,0.540323,0.061569,0.566927,0.333333,0.462847,0.056818,0.012314
27,84,0.666667,0.540323,0.104387,0.471034,0.333333,0.549933,0.051136,0.020877
27,85,0.250000,0.459677,0.000000,0.258464,0.750000,0.757099,0.073864,0.000000
27,86,0.541667,0.516129,0.072808,0.518449,0.458333,0.507610,0.045455,0.014562
27,87,0.083333,0.427419,0.595169,0.531433,0.916667,0.458399,0.085227,0.119034
27,88,0.166667,0.443548,0.000000,0.229357,0.833333,0.784453,0.062500,0.000000
27,89,0.208333,0.451613,0.680112,0.442755,0.791667,0.535719,0.051136,0.136022
27,90,0.625000,0.532258,0.336785,0.753341,0.375000,0.268159,0.045455,0.067357
27,91,0.375000,0.483871,0.293965,0.365421,0.625000,0.635755,0.056818,0.058793
27,92,0.750000,0.556452,0.287575,0.543062,0.250000,0.469263,0.051136,0.057515
27,93,0.500000,0.508065,0.597823,0.612605,0.500000,0.381927,0.056818,0.119565
27,94,0.375000,0.483871,0.309895,0.235457,0.625000,0.756764,0.051136,0.061979
27,95,0.333333,0.475806,0.496868,0.512454,0.666667,0.483200,0.085227,0.099374
27,96,0.083333,0.427419,0.000000,0.262919,0.916667,0.752912,0.068182,0.000000
27,97,0.625000,0.532258,0.681758,0.822293,0.375000,0.178918,0.051136,0.136352
27,98,0.375000,0.483871,0.304113,0.443985,0.625000,0.561203,0.045455,0.060823
27,99,0.875000,0.580645,0.656664,0.895629,0.125000,0.111776,0.039773,0.131333
27,100,0.416667,0.491935,0.713713,0.579152,0.583333,0.405154,0.039773,0.142743
27,101,0.541667,0.516129,0.000000,0.666256,0.458333,0.373862,0.039773,0.000000
27,102,0.750000,0.556452,0.408600,0.551259,0.250000,0.452985,0.039773,0.081720
27,103,0.541667,0.516129,0.694223,0.674304,0.458333,0.317112,0.056818,0.138845
27,104,0.291667,0.467742,0.516017,0.480180,0.708333,0.512173,0.062500,0.103203
27,105,0.708333,0.548387,0.874328,0.733462,0.291667,0.248756,0.045455,0.174866
27,106,0.083333,0.427419,0.000000,0.319949,0.916667,0.699317,0.096591,0.000000
27,107,0.541667,0.516129,0.938425,0.750851,0.458333,0.227873,0.051136,0.187685
27,108,0.416667,0.491935,0.280860,0.383290,0.583333,0.619891,0.051136,0.056172
27,109,0.500000,0.508065,0.202235,0.622819,0.500000,0.400355,0.045455,0.040447
27,110,0.250000,0.459677,0.091319,0.473357,0.750000,0.548676,0.056818,0.018264
27,111,0.458333,0.500000,0.075040,0.360077,0.541667,0.656288,0.051136,0.015008
27,112,0.416667,0.491935,0.753684,0.585732,0.583333,0.396139,0.045455,0.150737
27,113,0.791667,0.564516,0.323604,0.795352,0.208333,0.229612,0.056818,0.064721
27,114,0.541667,0.516129,0.120260,0.466174,0.458333,0.553376,0.045455,0.024052
27,115,0.291667,0.467742,0.162737,0.438130,0.708333,0.576722,0.062500,0.032547
27,116,0.000000,0.411290,0.083382,0.088598,1.000000,0.910830,0.085227,0.016676
27,117,0.500000,0.508065,0.608681,0.561811,0.500000,0.428893,0.056818,0.121736
27,118,0.208333,0.451613,0.503181,0.393982,0.791667,0.594090,0.056818,0.100636
27,119,0.375000,0.483871,0.000000,0.417188,0.625000,0.607932,0.062500,0.000000
27,120,0.375000,0.483871,0.543769,0.464076,0.625000,0.525342,0.039773,0.115311
27,121,0.583333,0.524194,0.101710,0.644655,0.416667,0.386956,0.051136,0.020342
27,122,0.833333,0.572581,0.514554,0.792519,0.166667,0.218745,0.034091,0.102911
27,123,0.291667,0.467742,0.664792,0.440201,0.708333,0.539205,0.051136,0.140975
27,124,0.500000,0.508065,0.010717,0.405544,0.500000,0.618116,0.039773,0.002143
28,0,0.875000,0.580645,0.963934,0.738491,0.125000,0.250310,0.039548,0.223754
28,1,0.708333,0.548387,0.841643,0.632045,0.291667,0.360343,0.045198,0.168329
28,2,0.708333,0.548387,0.374501,0.540700,0.291667,0.482178,0.039548,0.074900
28,3,0.583333,0.524194,0.510350,0.510374,0.416667,0.500607,0.039548,0.102070
28,4,0.166667,0.443548,0.266120,0.293060,0.833333,0.724831,0.050847,0.053224
28,5,0.666667,0.540323,0.224114,0.728986,0.333333,0.315302,0.050847,0.044823
28,6,0.416667,0.491935,0.258369,0.401124,0.583333,0.623109,0.050847,0.051674
28,7,0.333333,0.475806,0.342803,0.392254,0.666667,0.625117,0.045198,0.068561
28,8,0.416667,0.491935,0.437301,0.474670,0.583333,0.539938,0.045198,0.087460
28,9,0.666667,0.540323,0.316370,0.581415,0.333333,0.448031,0.045198,0.063274
28,10,0.416667,0.491935,0.416610,0.255412,0.583333,0.749084,0.056497,0.083322
28,11,0.500000,0.508065,0.162492,0.468448,0.500000,0.566627,0.045198,0.032498
28,12,0.541667,0.516129,0.051551,0.664183,0.458333,0.389713,0.045198,0.010310
28,13,0.375000,0.483871,0.639238,0.311648,0.625000,0.678994,0.050847,0.127848
28,14,0.375000,0.483871,0.238030,0.443626,0.625000,0.584410,0.056497,0.047606
28,15,0.458333,0.500000,0.781420,0.566902,0.541667,0.426574,0.050847,0.156284
28,16,0.833333,0.572581,0.947859,0.633970,0.166667,0.350481,0.033898,0.189572
28,17,0.916667,0.588710,0.538987,0.621843,0.083333,0.392907,0.039548,0.107797
28,18,0.583333,0.524194,0.534253,0.559367,0.416667,0.452414,0.045198,0.106851
28,19,0.291667,0.467742,0.352309,0.214071,0.708333,0.793090,0.050847,0.070462
28,20,0.583333,0.524194,0.657086,0.577965,0.416667,0.425510,0.033898,0.131417
28,21,0.375000,0.483871,0.132330,0.257245,0.625000,0.768865,0.050847,0.026466
28,22,0.625000,0.532258,0.445638,0.611370,0.375000,0.409887,0.062147,0.103444
28,23,1.000000,0.604839,0.584256,0.608750,0.000000,0.401877,0.039548,0.116851
28,24,0.416667,0.491935,0.000000,0.474208,0.583333,0.573472,0.050847,0.000000
28,25,0.958333,0.596774,0.861944,0.747787,0.041667,0.249228,0.033898,0.172389
28,26,0.208333,0.451613,0.464613,0.329304,0.791667,0.675494,0.056497,0.092923
28,27,0.708333,0.548387,0.162465,0.465490,0.291667,0.569429,0.039548,0.032493
28,28,0.250000,0.459677,0.000000,0.151846,0.750000,0.878665,0.045198,0.000000
28,29,0.541667,0.516129,0.418635,0.508094,0.458333,0.509707,0.056497,0.083727
28,30,0.250000,0.459677,0.553282,0.369859,0.750000,0.630389,0.079096,0.110656
28,31,0.208333,0.451613,0.196104,0.348340,0.791667,0.677794,0.079096,0.039221
28,32,0.916667,0.588710,0.812240,0.822287,0.083333,0.182458,0.045198,0.162448
28,33,0.458333,0.500000,0.105605,0.365886,0.541667,0.668032,0.050847,0.021121
28,34,0.458333,0.500000,0.551047,0.410074,0.541667,0.592485,0.050847,0.110209
28,35,0.583333,0.524194,0.645808,0.445846,0.416667,0.551446,0.039548,0.129162
28,36,0.375000,0.483871,0.583946,0.579109,0.625000,0.429963,0.045198,0.116789
28,37,0.541667,0.516129,0.234776,0.440616,0.458333,0.587506,0.039548,0.046955
28,38,0.125000,0.435484,0.632029,0.388904,0.875000,0.606398,0.073446,0.146710
28,39,0.708333,0.548387,0.206989,0.580497,0.291667,0.457179,0.045198,0.041398
28,40,0.125000,0.435484,0.000000,0.072579,0.875000,0.953710,0.079096,0.000000
28,41,0.208333,0.451613,0.296278,0.000000,0.791667,1.000000,0.056497,0.068774
28,42,0.250000,0.459677,0.277520,0.187290,0.750000,0.824105,0.062147,0.055504
28,43,0.500000,0.508065,0.691260,0.331334,0.500000,0.656419,0.039548,0.138252
28,44,0.541667,0.516129,0.000000,0.768706,0.458333,0.294659,0.045198,0.000000
28,45,0.583333,0.524194,0.615071,0.706111,0.416667,0.307369,0.045198,0.123014
28,46,0.666667,0.540323,0.054853,0.621543,0.333333,0.429833,0.045198,0.010971
28,47,0.791667,0.564516,0.668538,0.595674,0.208333,0.407878,0.033898,0.133708
28,48,0.416667,0.491935,0.311248,0.307990,0.583333,0.707280,0.045198,0.062250
28,49,0.375000,0.483871,0.153949,0.398715,0.625000,0.633293,0.050847,0.030790
28,50,0.625000,0.532258,0.537378,0.535291,0.375000,0.474972,0.045198,0.107476
28,51,0.375000,0.483871,0.073001,0.319152,0.625000,0.714744,0.045198,0.014600
28,52,0.291667,0.467742,0.005356,0.142370,0.708333,0.887231,0.062147,0.001071
28,53,0.916667,0.588710,0.517525,0.797226,0.083333,0.228490,0.045198,0.103505
28,54,0.333333,0.475806,0.406064,0.262885,0.666667,0.742808,0.062147,0.081213
28,55,0.666667,0.540323,0.167808,0.694516,0.333333,0.352197,0.039548,0.033562
28,56,0.666667,0.540323,0.000000,0.690913,0.333333,0.368308,0.045198,0.000000
28,57,0.750000,0.556452,0.285886,0.766651,0.250000,0.274968,0.039548,0.057177
28,58,0.750000,0.556452,0.370805,0.612856,0.250000,0.414144,0.039548,0.074161
28,59,0.541667,0.516129,0.501851,0.485932,0.458333,0.524391,0.050847,0.100370
28,60,0.416667,0.491935,0.234503,0.449671,0.583333,0.578954,0.045198,0.046901
28,61,0.375000,0.483871,0.137946,0.490504,0.625000,0.547604,0.062147,0.027589
28,62,0.250000,0.459677,0.000000,0.135316,0.750000,0.894315,0.062147,0.000000
28,63,0.416667,0.491935,0.089832,0.319975,0.583333,0.712691,0.050847,0.017966
28,64,0.666667,0.540323,0.611381,0.593702,0.333333,0.414071,0.050847,0.122276
28,65,0.708333,0.548387,0.224406,0.658513,0.291667,0.381999,0.033898,0.044881
28,66,0.333333,0.475806,0.117187,0.249213,0.666667,0.777615,0.056497,0.023437
28,67,0.458333,0.500000,0.733284,0.568857,0.541667,0.428366,0.045198,0.146657
28,68,0.166667,0.443548,0.512710,0.556511,0.833333,0.456749,0.079096,0.102542
28,69,0.125000,0.435484,0.040138,0.163707,0.875000,0.864398,0.062147,0.008028
28,70,0.208333,0.451613,0.468482,0.293502,0.791667,0.709097,0.056497,0.093696
28,71,0.333333,0.475806,0.220604,0.305815,0.666667,0.716200,0.056497,0.044121
28,72,0.291667,0.467742,0.696818,0.271868,0.708333,0.712297,0.050847,0.139364
28,73,0.291667,0.467742,0.461124,0.432604,0.708333,0.577960,0.084746,0.107039
28,74,0.166667,0.443548,0.259694,0.287283,0.833333,0.730787,0.062147,0.051939
28,75,0.000000,0.411290,0.000000,0.107003,1.000000,0.921119,0.118644,0.000000
28,76,0.208333,0.451613,0.763415,0.255777,0.791667,0.722491,0.050847,0.152683
28,77,0.541667,0.516129,0.359391,0.621732,0.458333,0.406605,0.039548,0.071878
28,78,0.750000,0.556452,0.000000,0.560841,0.250000,0.491453,0.039548,0.000000
28,79,0.500000,0.508065,0.552115,0.602047,0.500000,0.410655,0.050847,0.110423
28,80,0.333333,0.475806,0.435266,0.241563,0.666667,0.760784,0.056497,0.087053
28,81,0.416667,0.491935,0.390936,0.455299,0.583333,0.561786,0.050847,0.078187
28,82,0.458333,0.500000,0.728098,0.500074,0.541667,0.493879,0.039548,0.145620
28,83,0.666667,0.540323,0.434358,0.588390,0.333333,0.432497,0.056497,0.086872
28,84,0.666667,0.540323,0.113445,0.607133,0.333333,0.439041,0.050847,0.022689
28,85,0.250000,0.459677,0.000000,0.206716,0.750000,0.826718,0.073446,0.000000
28,86,0.541667,0.516129,0.275268,0.402722,0.458333,0.620317,0.045198,0.055054
28,87,0.083333,0.427419,0.328296,0.266900,0.916667,0.744892,0.084746,0.065659
28,88,0.166667,0.443548,0.000000,0.213344,0.833333,0.820442,0.062147,0.000000
28,89,0.208333,0.451613,0.554286,0.181210,0.791667,0.808915,0.050847,0.128664
28,90,0.625000,0.532258,0.000000,0.646099,0.375000,0.410736,0.045198,0.000000
28,91,0.375000,0.483871,0.169679,0.279069,0.625000,0.745375,0.056497,0.033936
28,92,0.750000,0.556452,0.260584,0.584094,0.250000,0.449717,0.050847,0.052117
28,93,0.500000,0.508065,0.248279,0.403692,0.500000,0.621442,0.056497,0.049656
28,94,0.375000,0.483871,0.100614,0.113276,0.625000,0.907566,0.050847,0.020123
28,95,0.333333,0.475806,0.282815,0.480281,0.666667,0.546318,0.084746,0.056563
28,96,0.083333,0.427419,0.000000,0.211880,0.916667,0.821828,0.067797,0.000000
28,97,0.625000,0.532258,0.783091,0.730364,0.375000,0.271692,0.050847,0.156618
28,98,0.375000,0.483871,0.297717,0.247826,0.625000,0.765264,0.045198,0.059543
28,99,0.875000,0.580645,1.000000,1.000000,0.125000,0.000000,0.039548,0.200000
28,100,0.416667,0.491935,0.376209,0.482164,0.583333,0.537467,0.039548,0.075242
28,101,0.541667,0.516129,0.000000,0.555271,0.458333,0.496726,0.039548,0.000000
28,102,0.750000,0.556452,0.795578,0.652352,0.250000,0.344603,0.039548,0.159116
28,103,0.541667,0.516129,0.129150,0.690471,0.458333,0.358953,0.056497,0.025830
28,104,0.291667,0.467742,0.119860,0.326130,0.708333,0.704591,0.062147,0.023972
28,105,0.708333,0.548387,0.467425,0.580546,0.291667,0.437421,0.045198,0.093485
28,106,0.083333,0.427419,0.000000,0.186543,0.916667,0.845816,0.096045,0.000000
28,107,0.541667,0.516129,0.913405,0.617959,0.458333,0.368247,0.050847,0.182681
28,108,0.416667,0.491935,0.211573,0.358567,0.583333,0.666941,0.050847,0.042315
28,109,0.500000,0.508065,0.195046,0.554810,0.500000,0.482401,0.045198,0.039009
28,110,0.250000,0.459677,0.255892,0.266821,0.750000,0.750447,0.056497,0.051178
28,111,0.458333,0.500000,0.465954,0.412671,0.541667,0.596466,0.050847,0.108160
28,112,0.416667,0.491935,0.745422,0.397849,0.583333,0.589347,0.045198,0.149084
28,113,0.791667,0.564516,0.420730,0.766456,0.208333,0.264947,0.056497,0.084146
28,114,0.541667,0.516129,0.264070,0.506177,0.458333,0.523220,0.045198,0.052814
28,115,0.291667,0.467742,0.120681,0.362144,0.708333,0.670434,0.062147,0.024136
28,116,0.000000,0.411290,0.452847,0.147794,1.000000,0.848228,0.084746,0.090569
28,117,0.500000,0.508065,0.488772,0.481044,0.500000,0.530008,0.056497,0.113456
28,118,0.208333,0.451613,0.443465,0.260354,0.791667,0.742373,0.056497,0.088693
28,119,0.375000,0.483871,0.308766,0.434767,0.625000,0.587444,0.062147,0.061753
28,120,0.375000,0.483871,0.063730,0.348007,0.625000,0.688128,0.045198,0.012746
28,121,0.583333,0.524194,0.071610,0.529248,0.416667,0.515943,0.050847,0.014322
28,122,0.833333,0.572581,0.579864,0.708595,0.166667,0.307682,0.033898,0.115973
28,123,0.291667,0.467742,0.451142,0.366976,0.708333,0.640848,0.056497,0.090228
28,124,0.500000,0.508065,0.000000,0.290601,0.500000,0.747300,0.039548,0.000000
29,0,0.875000,0.580645,0.220350,0.721937,0.125000,0.327966,0.044944,0.044070
29,1,0.708333,0.548387,0.427834,0.735588,0.291667,0.296957,0.044944,0.085567
29,2,0.708333,0.548387,0.240962,0.511761,0.291667,0.522125,0.039326,0.048192
29,3,0.583333,0.524194,0.294038,0.638192,0.416667,0.399560,0.039326,0.058808
29,4,0.166667,0.443548,0.127819,0.174736,0.833333,0.846348,0.050562,0.025564
29,5,0.666667,0.540323,0.255316,0.744991,0.333333,0.303389,0.050562,0.051063
29,6,0.416667,0.491935,0.176992,0.493382,0.583333,0.544898,0.050562,0.035398
29,7,0.333333,0.475806,0.266263,0.484601,0.666667,0.545221,0.044944,0.053253
29,8,0.416667,0.491935,0.042177,0.474146,0.583333,0.574712,0.044944,0.008435
29,9,0.666667,0.540323,0.468460,0.668939,0.333333,0.355523,0.044944,0.093692
29,10,0.416667,0.491935,0.425717,0.212693,0.583333,0.784710,0.056180,0.113372
29,11,0.500000,0.508065,0.066559,0.590536,0.500000,0.464038,0.044944,0.013312
29,12,0.541667,0.516129,0.090029,0.632471,0.458333,0.422869,0.044944,0.018006
29,13,0.375000,0.483871,0.363570,0.324197,0.625000,0.686215,0.050562,0.072714
29,14,0.375000,0.483871,0.102386,0.468967,0.625000,0.574237,0.056180,0.020477
29,15,0.458333,0.500000,0.722806,0.535246,0.541667,0.457775,0.050562,0.144561
29,16,0.833333,0.572581,0.644416,0.730800,0.166667,0.282340,0.033708,0.128883
29,17,0.916667,0.588710,0.490790,0.748871,0.083333,0.279025,0.039326,0.098158
29,18,0.583333,0.524194,0.358190,0.518881,0.416667,0.505158,0.044944,0.071638
29,19,0.291667,0.467742,0.159893,0.221828,0.708333,0.799611,0.050562,0.031979
29,20,0.583333,0.524194,0.548375,0.640111,0.416667,0.375363,0.033708,0.109675
29,21,0.375000,0.483871,0.189703,0.307555,0.625000,0.717050,0.050562,0.037941
29,22,0.625000,0.532258,0.063498,0.667754,0.375000,0.392307,0.067416,0.012700
29,23,1.000000,0.604839,0.487295,0.756397,0.000000,0.272315,0.039326,0.097459
29,24,0.416667,0.491935,0.141261,0.628022,0.583333,0.422503,0.050562,0.028252
29,25,0.958333,0.596774,1.000000,1.000000,0.041667,0.000000,0.033708,0.200000
29,26,0.208333,0.451613,0.573904,0.267828,0.791667,0.720244,0.056180,0.152836
29,27,0.708333,0.548387,0.270317,0.588570,0.291667,0.447920,0.039326,0.054063
29,28,0.250000,0.459677,0.000000,0.130276,0.750000,0.899065,0.044944,0.000000
29,29,0.541667,0.516129,0.361801,0.485925,0.458333,0.535569,0.056180,0.072360
29,30,0.250000,0.459677,0.273686,0.281183,0.750000,0.734241,0.078652,0.054737
29,31,0.208333,0.451613,0.302862,0.428779,0.791667,0.594047,0.078652,0.060572
29,32,0.916667,0.588710,0.699311,0.873208,0.083333,0.144717,0.044944,0.139862
29,33,0.458333,0.500000,0.443703,0.435004,0.541667,0.575834,0.050562,0.088741
29,34,0.458333,0.500000,0.628899,0.387197,0.541667,0.604094,0.050562,0.125780
29,35,0.583333,0.524194,0.805665,0.628478,0.416667,0.363542,0.039326,0.214556
29,36,0.375000,0.483871,0.435518,0.536700,0.625000,0.481730,0.044944,0.087104
29,37,0.541667,0.516129,0.082359,0.423669,0.458333,0.618239,0.039326,0.016472
29,38,0.125000,0.435484,0.706096,0.518423,0.875000,0.474933,0.078652,0.141219
29,39,0.708333,0.548387,0.306004,0.494549,0.291667,0.532444,0.044944,0.061201
29,40,0.125000,0.435484,0.000000,0.142873,0.875000,0.887319,0.078652,0.000000
29,41,0.208333,0.451613,0.000000,0.120065,0.791667,0.908587,0.061798,0.000000
29,42,0.250000,0.459677,0.450688,0.178724,0.750000,0.814183,0.061798,0.090138
29,43,0.500000,0.508065,0.695008,0.372329,0.500000,0.612133,0.039326,0.139002
29,44,0.541667,0.516129,0.000000,0.634481,0.458333,0.428927,0.044944,0.000000
29,45,0.583333,0.524194,0.259968,0.680104,0.416667,0.363482,0.044944,0.051994
29,46,0.666667,0.540323,0.507951,0.624241,0.333333,0.393723,0.044944,0.101590
29,47,0.791667,0.564516,0.769579,0.630107,0.208333,0.365202,0.033708,0.153916
29,48,0.416667,0.491935,0.010046,0.275064,0.583333,0.763175,0.044944,0.002009
29,49,0.375000,0.483871,0.371692,0.500263,0.625000,0.521329,0.050562,0.074338
29,50,0.625000,0.532258,0.492975,0.473125,0.375000,0.535947,0.044944,0.098595
29,51,0.375000,0.483871,0.284604,0.338486,0.625000,0.679848,0.044944,0.056921
29,52,0.291667,0.467742,0.338376,0.303134,0.708333,0.708074,0.061798,0.067675
29,53,0.916667,0.588710,0.349795,0.681528,0.083333,0.354240,0.044944,0.069959
29,54,0.333333,0.475806,0.565230,0.350408,0.666667,0.644008,0.061798,0.113046
29,55,0.666667,0.540323,0.204960,0.581640,0.333333,0.460140,0.039326,0.040992
29,56,0.666667,0.540323,0.134988,0.724042,0.333333,0.333524,0.044944,0.026998
29,57,0.750000,0.556452,0.340928,0.926419,0.250000,0.126676,0.039326,0.068186
29,58,0.750000,0.556452,0.364495,0.510915,0.250000,0.512031,0.039326,0.072899
29,59,0.541667,0.516129,0.582056,0.549025,0.458333,0.457327,0.050562,0.116411
29,60,0.416667,0.491935,0.179460,0.313622,0.583333,0.712295,0.044944,0.035892
29,61,0.375000,0.483871,0.238035,0.452039,0.625000,0.578070,0.061798,0.047607
29,62,0.250000,0.459677,0.000000,0.223744,0.750000,0.811912,0.061798,0.000000
29,63,0.416667,0.491935,0.229522,0.340102,0.583333,0.683194,0.050562,0.045904
29,64,0.666667,0.540323,0.365775,0.540593,0.333333,0.484245,0.050562,0.097409
29,65,0.708333,0.548387,0.142710,0.588288,0.291667,0.459425,0.033708,0.028542
29,66,0.333333,0.475806,0.156188,0.302706,0.666667,0.724524,0.056180,0.031238
29,67,0.458333,0.500000,0.755631,0.551030,0.541667,0.440165,0.044944,0.151126
29,68,0.166667,0.443548,0.305725,0.566988,0.833333,0.464924,0.078652,0.061145
29,69,0.125000,0.435484,0.000000,0.196232,0.875000,0.837565,0.061798,0.000000
29,70,0.208333,0.451613,0.059868,0.246558,0.791667,0.785365,0.056180,0.011974
29,71,0.333333,0.475806,0.143029,0.241149,0.666667,0.783082,0.056180,0.028606
29,72,0.291667,0.467742,0.778003,0.448893,0.708333,0.533431,0.050562,0.155601
29,73,0.291667,0.467742,0.398590,0.413518,0.708333,0.599843,0.089888,0.079718
29,74,0.166667,0.443548,0.613500,0.219557,0.833333,0.761765,0.061798,0.122700
29,75,0.000000,0.411290,0.000000,0.129622,1.000000,0.899675,0.117978,0.000000
29,76,0.208333,0.451613,0.410617,0.155123,0.791667,0.839721,0.050562,0.082123
29,77,0.541667,0.516129,0.422264,0.632800,0.458333,0.393291,0.039326,0.084453
29,78,0.750000,0.556452,0.137029,0.650689,0.250000,0.401740,0.039326,0.027406
29,79,0.500000,0.508065,0.483092,0.660370,0.500000,0.362225,0.050562,0.096618
29,80,0.333333,0.475806,0.204099,0.182361,0.666667,0.832517,0.056180,0.040820
29,81,0.416667,0.491935,0.000000,0.271019,0.583333,0.767831,0.050562,0.000000
29,82,0.458333,0.500000,0.350567,0.396060,0.541667,0.620353,0.039326,0.070113
29,83,0.666667,0.540323,0.000000,0.444827,0.333333,0.605766,0.056180,0.000000
29,84,0.666667,0.540323,0.580222,0.708101,0.333333,0.309161,0.050562,0.116044
29,85,0.250000,0.459677,0.256824,0.321467,0.750000,0.698164,0.073034,0.051365
29,86,0.541667,0.516129,0.309540,0.443982,0.458333,0.579283,0.044944,0.061908
29,87,0.083333,0.427419,0.391876,0.275787,0.916667,0.728860,0.084270,0.078375
29,88,0.166667,0.443548,0.000000,0.199025,0.833333,0.834961,0.061798,0.000000
29,89,0.208333,0.451613,0.140539,0.152343,0.791667,0.866107,0.056180,0.028108
29,90,0.625000,0.532258,0.000000,0.667518,0.375000,0.398122,0.044944,0.000000
29,91,0.375000,0.483871,0.161784,0.400834,0.625000,0.632534,0.056180,0.032357
29,92,0.750000,0.556452,0.136045,0.636506,0.250000,0.415052,0.050562,0.027209
29,93,0.500000,0.508065,0.397448,0.343843,0.500000,0.664911,0.056180,0.105844
29,94,0.375000,0.483871,0.000000,0.180250,0.625000,0.852468,0.050562,0.000000
29,95,0.333333,0.475806,0.333326,0.430433,0.666667,0.589821,0.084270,0.066665
29,96,0.083333,0.427419,0.000000,0.284438,0.916667,0.755319,0.067416,0.000000
29,97,0.625000,0.532258,0.905296,0.617598,0.375000,0.364909,0.050562,0.181059
29,98,0.375000,0.483871,0.242864,0.524857,0.625000,0.509747,0.044944,0.048573
29,99,0.875000,0.580645,0.871779,0.932219,0.125000,0.074498,0.039326,0.232163
29,100,0.416667,0.491935,0.553790,0.676410,0.583333,0.341040,0.039326,0.110758
29,101,0.541667,0.516129,0.000000,0.480081,0.458333,0.572894,0.039326,0.000000
29,102,0.750000,0.556452,0.998732,0.799532,0.250000,0.187035,0.039326,0.199746
29,103,0.541667,0.516129,0.232609,0.696033,0.458333,0.351039,0.056180,0.046522
29,104,0.291667,0.467742,0.433032,0.379843,0.708333,0.628208,0.061798,0.086606
29,105,0.708333,0.548387,0.441592,0.515682,0.291667,0.500793,0.044944,0.088318
29,106,0.083333,0.427419,0.000000,0.151048,0.916667,0.879697,0.095506,0.000000
29,107,0.541667,0.516129,0.716303,0.757495,0.458333,0.251115,0.050562,0.143261
29,108,0.416667,0.491935,0.235827,0.397183,0.583333,0.629414,0.050562,0.047165
29,109,0.500000,0.508065,0.332835,0.685108,0.500000,0.352396,0.044944,0.066567
29,110,0.250000,0.459677,0.227289,0.340890,0.750000,0.682656,0.056180,0.045458
29,111,0.458333,0.500000,0.047805,0.338180,0.541667,0.700997,0.056180,0.009561
29,112,0.416667,0.491935,0.662517,0.566804,0.583333,0.433661,0.044944,0.132503
29,113,0.791667,0.564516,0.435418,0.887333,0.208333,0.154796,0.056180,0.087084
29,114,0.541667,0.516129,0.084725,0.567528,0.458333,0.483891,0.044944,0.016945
29,115,0.291667,0.467742,0.009354,0.365309,0.708333,0.679088,0.061798,0.001871
29,116,0.000000,0.411290,0.233126,0.000000,1.000000,1.000000,0.084270,0.046625
29,117,0.500000,0.508065,0.684298,0.460823,0.500000,0.530563,0.061798,0.136860
29,118,0.208333,0.451613,0.493821,0.414717,0.791667,0.590335,0.056180,0.098764
29,119,0.375000,0.483871,0.093436,0.360550,0.625000,0.676117,0.061798,0.018687
29,120,0.375000,0.483871,0.409374,0.340309,0.625000,0.667156,0.044944,0.081875
29,121,0.583333,0.524194,0.090115,0.512596,0.416667,0.534637,0.050562,0.018023
29,122,0.833333,0.572581,0.520605,0.742504,0.166667,0.282335,0.033708,0.104121
29,123,0.291667,0.467742,0.299157,0.298176,0.708333,0.716153,0.056180,0.059831
29,124,0.500000,0.508065,0.314742,0.305847,0.500000,0.707627,0.039326,0.083819
