iteration,vertex_id,degree_normalized,normalized_degree,dual_normalized,weighted_neighbor_dual_normalized,complement_degree_normalized,complement_dual_normalized,occurrence_rate,score_contribution
0,0,0.222222,0.072581,0.107808,0.221080,0.777778,0.777612,0.203704,0.021562
0,1,0.222222,0.072581,0.000000,0.664332,0.777778,0.401589,0.351852,0.000000
0,2,0.333333,0.088710,0.000000,0.156630,0.666667,0.858912,0.166667,0.000000
0,3,0.166667,0.064516,0.000000,0.336981,0.833333,0.696457,0.388889,0.000000
0,4,0.388889,0.096774,0.000000,0.210998,0.611111,0.809939,0.185185,0.000000
0,5,0.444444,0.104839,0.536780,0.582714,0.555556,0.359368,0.148148,0.107356
0,6,0.166667,0.064516,0.000000,0.221140,0.833333,0.800803,0.296296,0.000000
0,7,0.388889,0.096774,0.000000,0.327010,0.611111,0.705439,0.129630,0.000000
0,8,0.611111,0.129032,0.784802,0.758055,0.388889,0.147949,0.129630,0.156960
0,9,0.333333,0.088710,0.000000,0.058998,0.666667,0.946856,0.129630,0.000000
0,10,0.444444,0.104839,0.000000,0.625217,0.555556,0.436822,0.185185,0.000000
0,11,0.388889,0.096774,0.027967,0.541204,0.611111,0.506468,0.129630,0.005593
0,12,0.388889,0.096774,0.000000,0.309381,0.611111,0.721318,0.185185,0.000000
0,13,0.500000,0.112903,0.202889,0.674905,0.500000,0.348319,0.129630,0.040578
0,14,0.222222,0.072581,0.653255,0.107132,0.777778,0.762645,0.185185,0.086343
0,15,0.500000,0.112903,0.160184,0.271920,0.500000,0.720524,0.129630,0.032037
0,16,0.611111,0.129032,0.940465,0.775633,0.388889,0.098551,0.129630,0.188093
0,17,0.166667,0.064516,0.000000,0.631881,0.833333,0.430819,0.370370,0.000000
0,18,0.277778,0.080645,0.000000,0.183318,0.722222,0.834872,0.351852,0.000000
0,19,0.111111,0.056452,0.000000,0.456090,0.888889,0.589167,0.425926,0.000000
0,20,0.111111,0.056452,0.000000,0.143251,0.888889,0.870964,0.370370,0.000000
0,21,0.444444,0.104839,0.106929,0.587605,0.555556,0.447646,0.129630,0.021386
0,22,0.166667,0.064516,0.000000,0.628604,0.833333,0.433771,0.351852,0.000000
0,23,0.555556,0.120968,0.000000,0.489743,0.444444,0.558854,0.129630,0.000000
0,24,0.222222,0.072581,0.000000,0.064610,0.777778,0.941801,0.314815,0.000000
0,25,0.277778,0.080645,0.000000,0.007236,0.722222,0.993482,0.203704,0.000000
0,26,0.500000,0.112903,0.342977,0.807031,0.500000,0.199097,0.148148,0.068595
0,27,0.277778,0.080645,0.000000,0.602247,0.722222,0.457513,0.129630,0.000000
0,28,0.166667,0.064516,0.000000,0.192718,0.833333,0.826405,0.351852,0.000000
0,29,0.166667,0.064516,0.000000,0.392151,0.833333,0.646761,0.425926,0.000000
0,30,0.277778,0.080645,0.000000,0.375064,0.722222,0.662153,0.370370,0.000000
0,31,0.555556,0.120968,1.000000,0.674684,0.444444,0.176646,0.129630,0.200000
0,32,0.111111,0.056452,0.000000,0.327721,0.888889,0.704798,0.407407,0.000000
0,33,0.055556,0.048387,0.000000,0.542217,0.944444,0.511587,0.462963,0.000000
0,34,0.666667,0.137097,0.116433,0.353507,0.333333,0.656466,0.148148,0.023287
0,35,0.333333,0.088710,0.000000,0.523265,0.666667,0.528657,0.148148,0.000000
0,36,0.388889,0.096774,0.000000,0.246004,0.611111,0.778407,0.222222,0.000000
0,37,0.277778,0.080645,0.000000,0.659601,0.722222,0.405850,0.203704,0.000000
0,38,0.111111,0.056452,0.000000,0.120702,0.888889,0.891275,0.481481,0.000000
0,39,0.333333,0.088710,0.000000,0.407444,0.666667,0.632986,0.166667,0.000000
0,40,0.388889,0.096774,0.000000,0.252909,0.611111,0.772187,0.148148,0.000000
0,41,0.611111,0.129032,0.000000,0.371206,0.388889,0.665629,0.129630,0.000000
0,42,0.166667,0.064516,0.000000,0.156429,0.833333,0.859093,0.148148,0.000000
0,43,0.222222,0.072581,0.000000,0.015063,0.777778,0.986432,0.166667,0.000000
0,44,0.277778,0.080645,0.000000,0.086989,0.722222,0.921643,0.277778,0.000000
0,45,0.333333,0.088710,0.000000,0.122215,0.666667,0.889912,0.166667,0.000000
0,46,0.500000,0.112903,0.480762,0.817644,0.500000,0.159828,0.129630,0.096152
0,47,0.333333,0.088710,0.000000,0.178527,0.666667,0.839188,0.166667,0.000000
0,48,0.555556,0.120968,0.460205,1.000000,0.444444,0.000000,0.129630,0.092041
0,49,0.444444,0.104839,0.717898,0.409629,0.555556,0.476227,0.148148,0.094887
0,50,0.722222,0.145161,0.000000,0.562631,0.277778,0.493198,0.129630,0.000000
0,51,0.611111,0.129032,0.790705,0.815490,0.388889,0.094940,0.203704,0.104511
0,52,0.444444,0.104839,0.000000,0.180241,0.555556,0.837644,0.129630,0.000000
0,53,0.222222,0.072581,0.000000,0.048144,0.777778,0.956633,0.185185,0.000000
0,54,0.444444,0.104839,0.121750,0.634647,0.555556,0.402076,0.148148,0.024350
0,55,0.388889,0.096774,0.000000,0.465630,0.611111,0.580573,0.185185,0.000000
0,56,0.388889,0.096774,0.000000,0.428440,0.611111,0.614074,0.129630,0.000000
0,57,0.611111,0.129032,0.000000,0.677560,0.388889,0.389673,0.148148,0.000000
0,58,0.277778,0.080645,0.270630,0.255194,0.722222,0.711776,0.259259,0.054126
0,59,0.055556,0.048387,0.000000,0.114769,0.944444,0.896619,0.462963,0.000000
0,60,0.444444,0.104839,0.486247,0.755149,0.555556,0.214940,0.148148,0.097249
0,61,0.777778,0.153226,0.000000,0.432368,0.222222,0.610535,0.129630,0.000000
0,62,0.555556,0.120968,0.549131,0.845445,0.444444,0.120045,0.129630,0.109826
0,63,0.500000,0.112903,0.000000,0.040328,0.500000,0.963674,0.129630,0.000000
0,64,0.388889,0.096774,0.000000,0.361585,0.611111,0.674295,0.148148,0.000000
0,65,0.611111,0.129032,0.044882,0.386198,0.388889,0.642446,0.129630,0.008976
0,66,0.333333,0.088710,0.131170,0.336410,0.666667,0.668689,0.148148,0.017337
0,67,0.277778,0.080645,0.000000,0.057815,0.722222,0.947921,0.314815,0.000000
0,68,0.722222,0.145161,0.193050,0.796779,0.277778,0.240659,0.129630,0.038610
0,69,0.277778,0.080645,0.000000,0.310724,0.722222,0.720108,0.203704,0.000000
0,70,0.277778,0.080645,0.218757,0.172574,0.722222,0.797382,0.129630,0.043751
0,71,0.388889,0.096774,0.000000,0.242145,0.611111,0.781882,0.148148,0.000000
0,72,0.333333,0.088710,0.000000,0.355652,0.666667,0.679639,0.277778,0.000000
0,73,0.444444,0.104839,0.000000,0.106842,0.555556,0.903760,0.148148,0.000000
0,74,0.166667,0.064516,0.000000,0.311807,0.833333,0.719133,0.185185,0.000000
0,75,0.444444,0.104839,0.000000,0.418719,0.555556,0.622830,0.148148,0.000000
0,76,0.777778,0.153226,0.000000,0.550845,0.222222,0.503814,0.129630,0.000000
0,77,0.333333,0.088710,0.000000,0.367367,0.666667,0.669086,0.185185,0.000000
0,78,0.222222,0.072581,0.000000,0.254572,0.777778,0.770688,0.166667,0.000000
0,79,0.500000,0.112903,0.000000,0.403666,0.500000,0.636389,0.185185,0.000000
0,80,0.166667,0.064516,0.000000,0.246335,0.833333,0.778109,0.277778,0.000000
0,81,0.555556,0.120968,0.058782,0.143341,0.444444,0.858208,0.148148,0.007769
0,82,0.444444,0.104839,0.000000,0.622451,0.555556,0.439314,0.185185,0.000000
0,83,1.000000,0.185484,0.643333,0.647746,0.000000,0.277815,0.129630,0.085032
0,84,0.277778,0.080645,0.604647,0.379734,0.722222,0.527574,0.166667,0.079919
0,85,0.277778,0.080645,0.000000,0.316858,0.722222,0.714584,0.185185,0.000000
0,86,0.111111,0.056452,0.000000,0.128529,0.888889,0.884225,0.407407,0.000000
0,87,0.388889,0.096774,0.000000,0.260255,0.611111,0.765570,0.166667,0.000000
0,88,0.388889,0.096774,0.000000,0.440225,0.611111,0.603457,0.185185,0.000000
0,89,0.166667,0.064516,0.000000,0.014852,0.833333,0.986622,0.240741,0.000000
0,90,0.722222,0.145161,0.046724,0.374553,0.277778,0.652539,0.129630,0.009345
0,91,0.444444,0.104839,0.000000,0.648818,0.555556,0.415563,0.148148,0.000000
0,92,0.611111,0.129032,0.000000,0.569806,0.388889,0.486734,0.129630,0.000000
0,93,0.277778,0.080645,0.000000,0.266739,0.722222,0.759729,0.129630,0.000000
0,94,0.055556,0.048387,0.000000,0.259643,0.944444,0.766121,0.277778,0.000000
0,95,0.444444,0.104839,0.000000,0.378772,0.555556,0.658813,0.240741,0.000000
0,96,0.611111,0.129032,0.000000,0.218604,0.388889,0.803087,0.129630,0.000000
0,97,0.500000,0.112903,0.765836,0.736709,0.500000,0.171266,0.129630,0.101224
0,98,0.388889,0.096774,0.474817,0.693435,0.611111,0.272995,0.129630,0.062758
0,99,0.166667,0.064516,0.000000,0.377108,0.833333,0.660311,0.462963,0.000000
0,100,0.222222,0.072581,0.000000,0.581221,0.777778,0.476452,0.296296,0.000000
0,101,0.277778,0.080645,0.000000,0.775403,0.722222,0.301539,0.148148,0.000000
0,102,0.555556,0.120968,0.757756,0.592055,0.444444,0.303309,0.129630,0.100155
0,103,0.222222,0.072581,0.000000,0.282493,0.777778,0.745538,0.314815,0.000000
0,104,0.555556,0.120968,0.000000,0.714581,0.444444,0.356326,0.129630,0.000000
0,105,0.555556,0.120968,0.000000,0.123769,0.444444,0.888513,0.129630,0.000000
0,106,0.277778,0.080645,0.116935,0.103324,0.722222,0.881715,0.259259,0.015456
0,107,0.333333,0.088710,0.000000,0.000000,0.666667,1.000000,0.240741,0.000000
0,108,0.000000,0.040323,0.000000,0.163956,1.000000,0.852313,0.462963,0.000000
0,109,0.777778,0.153226,0.000000,0.810148,0.222222,0.270241,0.129630,0.000000
0,110,0.333333,0.088710,0.000000,0.666095,0.666667,0.400000,0.148148,0.000000
0,111,0.222222,0.072581,0.017333,0.464488,0.777778,0.577865,0.333333,0.002291
0,112,0.388889,0.096774,0.000000,0.296694,0.611111,0.732747,0.148148,0.000000
0,113,0.388889,0.096774,0.000000,0.321077,0.611111,0.710783,0.185185,0.000000
0,114,0.611111,0.129032,0.000000,0.285720,0.388889,0.742631,0.129630,0.000000
0,115,0.388889,0.096774,0.016328,0.672930,0.611111,0.390323,0.185185,0.003266
0,116,0.277778,0.080645,0.000000,0.591443,0.722222,0.467244,0.277778,0.000000
0,117,0.444444,0.104839,0.000000,0.178527,0.555556,0.839188,0.129630,0.000000
0,118,0.444444,0.104839,0.000000,0.074672,0.555556,0.932738,0.129630,0.000000
0,119,0.222222,0.072581,0.000000,0.491166,0.777778,0.557572,0.296296,0.000000
0,120,0.166667,0.064516,0.000000,0.178527,0.833333,0.839188,0.185185,0.000000
0,121,0.722222,0.145161,0.000000,0.678903,0.277778,0.388463,0.129630,0.000000
0,122,0.333333,0.088710,0.968474,0.278905,0.666667,0.539950,0.129630,0.128007
0,123,0.444444,0.104839,0.864852,0.347023,0.555556,0.500934,0.129630,0.114311
0,124,0.222222,0.072581,0.524346,0.357806,0.777778,0.564640,0.166667,0.104869
1,0,0.222222,0.072581,0.000000,0.177455,0.777778,0.825275,0.200000,0.000000
1,1,0.222222,0.072581,0.000000,0.500954,0.777778,0.506754,0.345455,0.000000
1,2,0.333333,0.088710,0.000000,0.293327,0.666667,0.711186,0.163636,0.000000
1,3,0.166667,0.064516,0.000000,0.263954,0.833333,0.740108,0.381818,0.000000
1,4,0.388889,0.096774,0.000000,0.463411,0.611111,0.543720,0.181818,0.000000
1,5,0.444444,0.104839,0.305920,0.312346,0.555556,0.621817,0.145455,0.046115
1,6,0.166667,0.064516,0.000000,0.238648,0.833333,0.765024,0.290909,0.000000
1,7,0.388889,0.096774,0.000000,0.311566,0.611111,0.693229,0.127273,0.000000
1,8,0.611111,0.129032,0.575158,0.880737,0.388889,0.000000,0.127273,0.115032
1,9,0.333333,0.088710,0.000000,0.293640,0.666667,0.710879,0.127273,0.000000
1,10,0.444444,0.104839,0.000000,0.451148,0.555556,0.555794,0.181818,0.000000
1,11,0.388889,0.096774,0.000000,0.500572,0.611111,0.507130,0.127273,0.000000
1,12,0.388889,0.096774,0.325075,0.379653,0.611111,0.551123,0.181818,0.065015
1,13,0.500000,0.112903,0.631920,0.325207,0.500000,0.533874,0.127273,0.095256
1,14,0.222222,0.072581,0.365751,0.201998,0.777778,0.716651,0.200000,0.073150
1,15,0.500000,0.112903,0.689642,0.544498,0.500000,0.304628,0.127273,0.137928
1,16,0.611111,0.129032,0.995008,0.778775,0.388889,0.003441,0.127273,0.199002
1,17,0.166667,0.064516,0.099804,0.354052,0.833333,0.628349,0.363636,0.019961
1,18,0.277778,0.080645,0.000000,0.117095,0.722222,0.884707,0.345455,0.000000
1,19,0.111111,0.056452,0.000000,0.018637,0.888889,0.981650,0.418182,0.000000
1,20,0.111111,0.056452,0.000000,0.171922,0.888889,0.830723,0.363636,0.000000
1,21,0.444444,0.104839,0.775247,0.645532,0.555556,0.185381,0.127273,0.155049
1,22,0.166667,0.064516,0.000000,0.276859,0.833333,0.727402,0.345455,0.000000
1,23,0.555556,0.120968,0.000000,0.906451,0.444444,0.107497,0.127273,0.000000
1,24,0.222222,0.072581,0.000000,0.215727,0.777778,0.787593,0.309091,0.000000
1,25,0.277778,0.080645,0.000000,0.000000,0.722222,1.000000,0.200000,0.000000
1,26,0.500000,0.112903,0.000000,0.677932,0.500000,0.332499,0.145455,0.000000
1,27,0.277778,0.080645,0.376216,0.541966,0.722222,0.379498,0.127273,0.056711
1,28,0.166667,0.064516,0.000000,0.039824,0.833333,0.960789,0.345455,0.000000
1,29,0.166667,0.064516,0.000000,0.213836,0.833333,0.789454,0.418182,0.000000
1,30,0.277778,0.080645,0.000000,0.326751,0.722222,0.678277,0.363636,0.000000
1,31,0.555556,0.120968,0.571423,0.266903,0.444444,0.605251,0.127273,0.086137
1,32,0.111111,0.056452,0.000000,0.039824,0.888889,0.960789,0.400000,0.000000
1,33,0.055556,0.048387,0.000000,0.404543,0.944444,0.601682,0.454545,0.000000
1,34,0.666667,0.137097,0.917798,0.396590,0.333333,0.397575,0.145455,0.138350
1,35,0.333333,0.088710,0.000000,0.444271,0.666667,0.562565,0.145455,0.000000
1,36,0.388889,0.096774,0.000000,0.345726,0.611111,0.659594,0.218182,0.000000
1,37,0.277778,0.080645,0.000000,0.350479,0.722222,0.654914,0.200000,0.000000
1,38,0.111111,0.056452,0.000000,0.120460,0.888889,0.881394,0.472727,0.000000
1,39,0.333333,0.088710,0.000000,0.020718,0.666667,0.979600,0.163636,0.000000
1,40,0.388889,0.096774,0.000000,0.845926,0.611111,0.167091,0.145455,0.000000
1,41,0.611111,0.129032,0.000000,0.615074,0.388889,0.394390,0.127273,0.000000
1,42,0.166667,0.064516,0.000000,0.256782,0.833333,0.747169,0.145455,0.000000
1,43,0.222222,0.072581,0.000000,0.156789,0.777778,0.845624,0.163636,0.000000
1,44,0.277778,0.080645,0.000000,0.216342,0.722222,0.786987,0.272727,0.000000
1,45,0.333333,0.088710,0.000000,0.512636,0.666667,0.495252,0.163636,0.000000
1,46,0.500000,0.112903,0.000000,0.315832,0.500000,0.689027,0.127273,0.000000
1,47,0.333333,0.088710,0.203232,0.222673,0.666667,0.733823,0.163636,0.030635
1,48,0.555556,0.120968,0.257257,0.813552,0.444444,0.139561,0.127273,0.051451
1,49,0.444444,0.104839,0.161927,0.635697,0.555556,0.336692,0.163636,0.032385
1,50,0.722222,0.145161,0.465814,0.811505,0.277778,0.093416,0.127273,0.093163
1,51,0.611111,0.129032,0.507303,0.766408,0.388889,0.128238,0.218182,0.101461
1,52,0.444444,0.104839,0.000000,0.540977,0.555556,0.467347,0.127273,0.000000
1,53,0.222222,0.072581,0.000000,0.243383,0.777778,0.760362,0.181818,0.000000
1,54,0.444444,0.104839,0.000000,0.197991,0.555556,0.805055,0.145455,0.000000
1,55,0.388889,0.096774,0.000000,0.628317,0.611111,0.381351,0.181818,0.000000
1,56,0.388889,0.096774,0.000000,0.345032,0.611111,0.660277,0.127273,0.000000
1,57,0.611111,0.129032,0.000000,0.421020,0.388889,0.585458,0.145455,0.000000
1,58,0.277778,0.080645,0.000777,0.292885,0.722222,0.711442,0.254545,0.000117
1,59,0.055556,0.048387,0.000000,0.314982,0.944444,0.689864,0.454545,0.000000
1,60,0.444444,0.104839,0.059276,0.616627,0.555556,0.379173,0.145455,0.011855
1,61,0.777778,0.153226,0.139445,0.492741,0.222222,0.482640,0.127273,0.027889
1,62,0.555556,0.120968,0.249972,0.663510,0.444444,0.288976,0.127273,0.049994
1,63,0.500000,0.112903,0.000000,0.436396,0.500000,0.570319,0.127273,0.000000
1,64,0.388889,0.096774,0.056503,0.066301,0.611111,0.921672,0.145455,0.011301
1,65,0.611111,0.129032,0.000000,0.535115,0.388889,0.473119,0.127273,0.000000
1,66,0.333333,0.088710,0.000000,0.455562,0.666667,0.551447,0.163636,0.000000
1,67,0.277778,0.080645,0.000000,0.604485,0.722222,0.404816,0.309091,0.000000
1,68,0.722222,0.145161,0.000000,0.278012,0.277778,0.726266,0.127273,0.000000
1,69,0.277778,0.080645,0.313575,0.437975,0.722222,0.496354,0.200000,0.062715
1,70,0.277778,0.080645,0.008875,0.099195,0.722222,0.900282,0.127273,0.001338
1,71,0.388889,0.096774,0.000000,0.201868,0.611111,0.801238,0.145455,0.000000
1,72,0.333333,0.088710,0.000000,0.391612,0.666667,0.614414,0.272727,0.000000
1,73,0.444444,0.104839,0.000000,0.069614,0.555556,0.931458,0.145455,0.000000
1,74,0.166667,0.064516,0.000000,0.122307,0.833333,0.879575,0.181818,0.000000
1,75,0.444444,0.104839,0.000000,0.663891,0.555556,0.346324,0.145455,0.000000
1,76,0.777778,0.153226,0.000000,0.659989,0.222222,0.350167,0.127273,0.000000
1,77,0.333333,0.088710,0.000000,0.719412,0.666667,0.291657,0.181818,0.000000
1,78,0.222222,0.072581,0.000000,0.166840,0.777778,0.835727,0.163636,0.000000
1,79,0.500000,0.112903,0.000000,1.000000,0.500000,0.015387,0.181818,0.000000
1,80,0.166667,0.064516,0.000000,0.351467,0.833333,0.653941,0.272727,0.000000
1,81,0.555556,0.120968,0.000000,0.578537,0.444444,0.430365,0.163636,0.000000
1,82,0.444444,0.104839,0.000000,0.237416,0.555556,0.766237,0.181818,0.000000
1,83,1.000000,0.185484,0.756721,0.732300,0.000000,0.104227,0.145455,0.114069
1,84,0.277778,0.080645,0.159635,0.526069,0.722222,0.445163,0.181818,0.031927
1,85,0.277778,0.080645,0.000000,0.492897,0.722222,0.514687,0.181818,0.000000
1,86,0.111111,0.056452,0.000000,0.293223,0.888889,0.711289,0.400000,0.000000
1,87,0.388889,0.096774,0.000000,0.578399,0.611111,0.430501,0.163636,0.000000
1,88,0.388889,0.096774,0.000000,0.526546,0.611111,0.481556,0.181818,0.000000
1,89,0.166667,0.064516,0.000000,0.292668,0.833333,0.711835,0.236364,0.000000
1,90,0.722222,0.145161,0.940909,0.470774,0.277778,0.319196,0.127273,0.141834
1,91,0.444444,0.104839,0.000000,0.280024,0.555556,0.724285,0.145455,0.000000
1,92,0.611111,0.129032,0.000000,0.718831,0.388889,0.292230,0.127273,0.000000
1,93,0.277778,0.080645,0.000000,0.290179,0.722222,0.714286,0.127273,0.000000
1,94,0.055556,0.048387,0.000000,0.172573,0.944444,0.830083,0.272727,0.000000
1,95,0.444444,0.104839,0.000000,0.682849,0.555556,0.327658,0.236364,0.000000
1,96,0.611111,0.129032,0.000000,0.276668,0.388889,0.727589,0.127273,0.000000
1,97,0.500000,0.112903,0.000000,0.572727,0.500000,0.436086,0.145455,0.000000
1,98,0.388889,0.096774,0.286655,0.701807,0.611111,0.242797,0.145455,0.057331
1,99,0.166667,0.064516,0.000000,0.583923,0.833333,0.425062,0.454545,0.000000
1,100,0.222222,0.072581,0.000000,0.544516,0.777778,0.463863,0.290909,0.000000
1,101,0.277778,0.080645,0.000000,0.511005,0.722222,0.496858,0.145455,0.000000
1,102,0.555556,0.120968,0.000000,0.276850,0.444444,0.727410,0.145455,0.000000
1,103,0.222222,0.072581,0.000000,0.362048,0.777778,0.643523,0.309091,0.000000
1,104,0.555556,0.120968,0.343823,0.492741,0.444444,0.435445,0.127273,0.068765
1,105,0.555556,0.120968,1.000000,0.325728,0.444444,0.448365,0.127273,0.150741
1,106,0.277778,0.080645,0.000000,0.197029,0.722222,0.806003,0.272727,0.000000
1,107,0.333333,0.088710,0.000000,0.249141,0.666667,0.754692,0.236364,0.000000
1,108,0.000000,0.040323,0.000000,0.052945,1.000000,0.947870,0.454545,0.000000
1,109,0.777778,0.153226,0.503125,0.474850,0.222222,0.416275,0.127273,0.100625
1,110,0.333333,0.088710,0.000000,0.329335,0.666667,0.675732,0.145455,0.000000
1,111,0.222222,0.072581,0.000000,0.348571,0.777778,0.656793,0.345455,0.000000
1,112,0.388889,0.096774,0.000000,0.216637,0.611111,0.786696,0.145455,0.000000
1,113,0.388889,0.096774,0.000000,0.335926,0.611111,0.669243,0.181818,0.000000
1,114,0.611111,0.129032,0.000000,0.099195,0.388889,0.902331,0.127273,0.000000
1,115,0.388889,0.096774,0.023666,0.382055,0.611111,0.618359,0.181818,0.004733
1,116,0.277778,0.080645,0.000000,0.343671,0.722222,0.661617,0.272727,0.000000
1,117,0.444444,0.104839,0.000000,0.291714,0.555556,0.712774,0.127273,0.000000
1,118,0.444444,0.104839,0.000000,0.065069,0.555556,0.935932,0.127273,0.000000
1,119,0.222222,0.072581,0.575158,0.522661,0.777778,0.352566,0.290909,0.115032
1,120,0.166667,0.064516,0.000000,0.100175,0.833333,0.901366,0.181818,0.000000
1,121,0.722222,0.145161,0.173538,0.501457,0.277778,0.466186,0.127273,0.034708
1,122,0.333333,0.088710,0.261657,0.140528,0.666667,0.801213,0.145455,0.052331
1,123,0.444444,0.104839,0.000000,0.279157,0.555556,0.725139,0.145455,0.000000
1,124,0.222222,0.072581,0.920090,0.377537,0.777778,0.415806,0.163636,0.138696
2,0,0.222222,0.072581,0.000000,0.123960,0.777778,0.876040,0.196429,0.000000
2,1,0.222222,0.072581,0.000000,0.195122,0.777778,0.804878,0.339286,0.000000
2,2,0.333333,0.088710,0.000000,0.506446,0.666667,0.493554,0.160714,0.000000
2,3,0.166667,0.064516,0.000000,0.231338,0.833333,0.768662,0.375000,0.000000
2,4,0.388889,0.096774,0.000000,0.169005,0.611111,0.830995,0.178571,0.000000
2,5,0.444444,0.104839,0.122714,0.343937,0.555556,0.629040,0.160714,0.020502
2,6,0.166667,0.064516,0.000000,0.234531,0.833333,0.765469,0.285714,0.000000
2,7,0.388889,0.096774,0.000000,0.549694,0.611111,0.450306,0.125000,0.000000
2,8,0.611111,0.129032,0.600077,0.519851,0.388889,0.348004,0.125000,0.120015
2,9,0.333333,0.088710,0.000000,0.466422,0.666667,0.533578,0.125000,0.000000
2,10,0.444444,0.104839,0.000000,0.343567,0.555556,0.656433,0.178571,0.000000
2,11,0.388889,0.096774,0.408440,0.316317,0.611111,0.593739,0.125000,0.068238
2,12,0.388889,0.096774,0.119615,0.275531,0.611111,0.698128,0.178571,0.023923
2,13,0.500000,0.112903,0.343314,0.427670,0.500000,0.496727,0.142857,0.068663
2,14,0.222222,0.072581,0.578916,0.225731,0.777778,0.646784,0.196429,0.096720
2,15,0.500000,0.112903,0.477925,0.434487,0.500000,0.460267,0.125000,0.095585
2,16,0.611111,0.129032,0.389523,0.716406,0.388889,0.197816,0.125000,0.077905
2,17,0.166667,0.064516,0.000000,0.095952,0.833333,0.904048,0.357143,0.000000
2,18,0.277778,0.080645,0.000000,0.115276,0.722222,0.884724,0.339286,0.000000
2,19,0.111111,0.056452,0.000000,0.000000,0.888889,1.000000,0.410714,0.000000
2,20,0.111111,0.056452,0.000000,0.057349,0.888889,0.942651,0.357143,0.000000
2,21,0.444444,0.104839,0.212998,0.247279,0.555556,0.705816,0.125000,0.035586
2,22,0.166667,0.064516,0.000000,0.267110,0.833333,0.732890,0.339286,0.000000
2,23,0.555556,0.120968,0.101644,0.538289,0.444444,0.439328,0.125000,0.020329
2,24,0.222222,0.072581,0.000000,0.039681,0.777778,0.960319,0.303571,0.000000
2,25,0.277778,0.080645,0.000000,0.110900,0.722222,0.889100,0.196429,0.000000
2,26,0.500000,0.112903,0.431504,0.610406,0.500000,0.294571,0.142857,0.086301
2,27,0.277778,0.080645,0.577391,0.260412,0.722222,0.612439,0.142857,0.096465
2,28,0.166667,0.064516,0.000000,0.153013,0.833333,0.846987,0.339286,0.000000
2,29,0.166667,0.064516,0.000000,0.385264,0.833333,0.614736,0.410714,0.000000
2,30,0.277778,0.080645,0.000000,0.246210,0.722222,0.753790,0.357143,0.000000
2,31,0.555556,0.120968,0.000000,0.273104,0.444444,0.726896,0.142857,0.000000
2,32,0.111111,0.056452,0.000000,0.130629,0.888889,0.869371,0.392857,0.000000
2,33,0.055556,0.048387,0.000000,0.242742,0.944444,0.757258,0.446429,0.000000
2,34,0.666667,0.137097,0.464657,0.670867,0.333333,0.226809,0.160714,0.092931
2,35,0.333333,0.088710,0.000000,0.396864,0.666667,0.603136,0.142857,0.000000
2,36,0.388889,0.096774,0.000000,0.363227,0.611111,0.636773,0.214286,0.000000
2,37,0.277778,0.080645,0.000000,0.411254,0.722222,0.588746,0.196429,0.000000
2,38,0.111111,0.056452,0.000000,0.130629,0.888889,0.869371,0.464286,0.000000
2,39,0.333333,0.088710,0.000000,0.024802,0.666667,0.975198,0.160714,0.000000
2,40,0.388889,0.096774,0.000000,0.784408,0.611111,0.215592,0.142857,0.000000
2,41,0.611111,0.129032,0.000000,0.388149,0.388889,0.611851,0.125000,0.000000
2,42,0.166667,0.064516,0.000000,0.306852,0.833333,0.693148,0.142857,0.000000
2,43,0.222222,0.072581,0.000000,0.138877,0.777778,0.861123,0.160714,0.000000
2,44,0.277778,0.080645,0.000000,0.343579,0.722222,0.656421,0.267857,0.000000
2,45,0.333333,0.088710,0.000000,0.162875,0.666667,0.837125,0.160714,0.000000
2,46,0.500000,0.112903,0.000000,0.506685,0.500000,0.493315,0.125000,0.000000
2,47,0.333333,0.088710,0.000000,0.253166,0.666667,0.746834,0.178571,0.000000
2,48,0.555556,0.120968,0.544690,0.707684,0.444444,0.172368,0.125000,0.108938
2,49,0.444444,0.104839,0.151027,0.303195,0.555556,0.663546,0.160714,0.030205
2,50,0.722222,0.145161,0.754978,0.531383,0.277778,0.302361,0.125000,0.150996
2,51,0.611111,0.129032,0.246860,0.945606,0.388889,0.000032,0.214286,0.049372
2,52,0.444444,0.104839,0.000000,0.324754,0.555556,0.675246,0.125000,0.000000
2,53,0.222222,0.072581,0.000000,0.216703,0.777778,0.783297,0.178571,0.000000
2,54,0.444444,0.104839,0.044245,0.398106,0.555556,0.592150,0.142857,0.008849
2,55,0.388889,0.096774,0.000000,0.353283,0.611111,0.646717,0.178571,0.000000
2,56,0.388889,0.096774,0.000000,0.096158,0.611111,0.903842,0.125000,0.000000
2,57,0.611111,0.129032,0.000000,0.438997,0.388889,0.561003,0.142857,0.000000
2,58,0.277778,0.080645,0.000000,0.394800,0.722222,0.605200,0.267857,0.000000
2,59,0.055556,0.048387,0.000000,0.311298,0.944444,0.688702,0.446429,0.000000
2,60,0.444444,0.104839,0.479591,0.340560,0.555556,0.553828,0.142857,0.080125
2,61,0.777778,0.153226,0.566463,0.266595,0.222222,0.608662,0.125000,0.094639
2,62,0.555556,0.120968,0.650877,0.332623,0.444444,0.524045,0.125000,0.108742
2,63,0.500000,0.112903,0.000000,0.062537,0.500000,0.937463,0.125000,0.000000
2,64,0.388889,0.096774,0.103838,0.084970,0.611111,0.892164,0.142857,0.017348
2,65,0.611111,0.129032,0.003766,0.709231,0.388889,0.289940,0.125000,0.000753
2,66,0.333333,0.088710,0.131337,0.264285,0.666667,0.706793,0.160714,0.026267
2,67,0.277778,0.080645,0.000000,0.307910,0.722222,0.692090,0.303571,0.000000
2,68,0.722222,0.145161,0.000000,0.608824,0.277778,0.391176,0.125000,0.000000
2,69,0.277778,0.080645,0.000000,0.252110,0.722222,0.747890,0.196429,0.000000
2,70,0.277778,0.080645,0.000000,0.207511,0.722222,0.792489,0.142857,0.000000
2,71,0.388889,0.096774,0.000000,0.187508,0.611111,0.812492,0.142857,0.000000
2,72,0.333333,0.088710,0.000000,0.456086,0.666667,0.543914,0.267857,0.000000
2,73,0.444444,0.104839,0.000000,0.146153,0.555556,0.853847,0.142857,0.000000
2,74,0.166667,0.064516,0.081201,0.162759,0.833333,0.819359,0.178571,0.016240
2,75,0.444444,0.104839,0.000000,0.573712,0.555556,0.426288,0.142857,0.000000
2,76,0.777778,0.153226,0.024405,0.503728,0.222222,0.490898,0.125000,0.004881
2,77,0.333333,0.088710,0.397518,0.497372,0.666667,0.415089,0.178571,0.079504
2,78,0.222222,0.072581,0.000000,0.075603,0.777778,0.924397,0.160714,0.000000
2,79,0.500000,0.112903,0.245195,0.274967,0.500000,0.671037,0.178571,0.040965
2,80,0.166667,0.064516,0.000000,0.131099,0.833333,0.868901,0.267857,0.000000
2,81,0.555556,0.120968,0.000000,0.411657,0.444444,0.588343,0.160714,0.000000
2,82,0.444444,0.104839,0.000000,0.046897,0.555556,0.953103,0.178571,0.000000
2,83,1.000000,0.185484,0.000000,1.000000,0.000000,0.000000,0.160714,0.000000
2,84,0.277778,0.080645,0.057683,0.155482,0.722222,0.831816,0.178571,0.011537
2,85,0.277778,0.080645,0.000000,0.134607,0.722222,0.865393,0.178571,0.000000
2,86,0.111111,0.056452,0.000000,0.168145,0.888889,0.831855,0.392857,0.000000
2,87,0.388889,0.096774,0.000000,0.075049,0.611111,0.924951,0.160714,0.000000
2,88,0.388889,0.096774,0.000000,0.679319,0.611111,0.320681,0.178571,0.000000
2,89,0.166667,0.064516,0.000000,0.158945,0.833333,0.841055,0.232143,0.000000
2,90,0.722222,0.145161,0.075620,0.446191,0.277778,0.537157,0.142857,0.015124
2,91,0.444444,0.104839,0.112625,0.388911,0.555556,0.586288,0.142857,0.022525
2,92,0.611111,0.129032,0.000000,0.279688,0.388889,0.720312,0.125000,0.000000
2,93,0.277778,0.080645,0.000000,0.073076,0.722222,0.926924,0.125000,0.000000
2,94,0.055556,0.048387,0.000000,0.123086,0.944444,0.876914,0.267857,0.000000
2,95,0.444444,0.104839,0.000000,0.462540,0.555556,0.537460,0.232143,0.000000
2,96,0.611111,0.129032,0.000000,0.276624,0.388889,0.723376,0.125000,0.000000
2,97,0.500000,0.112903,0.000000,0.411174,0.500000,0.588826,0.142857,0.000000
2,98,0.388889,0.096774,0.508124,0.495468,0.611111,0.392637,0.142857,0.084892
2,99,0.166667,0.064516,0.000000,0.340332,0.833333,0.659668,0.446429,0.000000
2,100,0.222222,0.072581,0.000000,0.220899,0.777778,0.779101,0.285714,0.000000
2,101,0.277778,0.080645,0.000000,0.128267,0.722222,0.871733,0.142857,0.000000
2,102,0.555556,0.120968,0.304649,0.270734,0.444444,0.662178,0.142857,0.060930
2,103,0.222222,0.072581,0.000000,0.294106,0.777778,0.705894,0.303571,0.000000
2,104,0.555556,0.120968,0.000000,0.244951,0.444444,0.755049,0.125000,0.000000
2,105,0.555556,0.120968,0.193632,0.413192,0.444444,0.544167,0.142857,0.038726
2,106,0.277778,0.080645,0.027589,0.448524,0.722222,0.545400,0.267857,0.005518
2,107,0.333333,0.088710,0.000000,0.443509,0.666667,0.556491,0.232143,0.000000
2,108,0.000000,0.040323,0.000000,0.032202,1.000000,0.967798,0.446429,0.000000
2,109,0.777778,0.153226,1.000000,0.331830,0.222222,0.447957,0.125000,0.167070
2,110,0.333333,0.088710,0.000000,0.404160,0.666667,0.595840,0.142857,0.000000
2,111,0.222222,0.072581,0.218037,0.183827,0.777778,0.768158,0.339286,0.036427
2,112,0.388889,0.096774,0.000000,0.121090,0.611111,0.878910,0.142857,0.000000
2,113,0.388889,0.096774,0.000000,0.432743,0.611111,0.567257,0.178571,0.000000
2,114,0.611111,0.129032,0.000000,0.386939,0.388889,0.613061,0.125000,0.000000
2,115,0.388889,0.096774,0.457445,0.271144,0.611111,0.628120,0.178571,0.091489
2,116,0.277778,0.080645,0.000000,0.410219,0.722222,0.589781,0.267857,0.000000
2,117,0.444444,0.104839,0.000000,0.261873,0.555556,0.738127,0.125000,0.000000
2,118,0.444444,0.104839,0.000000,0.124117,0.555556,0.875883,0.125000,0.000000
2,119,0.222222,0.072581,0.375395,0.307181,0.777778,0.610152,0.285714,0.075079
2,120,0.166667,0.064516,0.000000,0.041659,0.833333,0.958341,0.178571,0.000000
2,121,0.722222,0.145161,0.312934,0.246237,0.277778,0.684851,0.125000,0.052282
2,122,0.333333,0.088710,0.000000,0.283190,0.666667,0.716810,0.142857,0.000000
2,123,0.444444,0.104839,0.000000,0.524522,0.555556,0.475478,0.142857,0.000000
2,124,0.222222,0.072581,0.446896,0.630796,0.777778,0.270792,0.178571,0.089379
3,0,0.222222,0.072581,0.000000,0.283233,0.777778,0.735206,0.192982,0.000000
3,1,0.222222,0.072581,0.000000,0.467749,0.777778,0.562703,0.333333,0.000000
3,2,0.333333,0.088710,0.000000,0.176396,0.666667,0.835088,0.157895,0.000000
3,3,0.166667,0.064516,0.000000,0.344598,0.833333,0.677837,0.368421,0.000000
3,4,0.388889,0.096774,0.000000,0.231467,0.611111,0.783602,0.175439,0.000000
3,5,0.444444,0.104839,0.000000,0.675144,0.555556,0.368809,0.175439,0.000000
3,6,0.166667,0.064516,0.000000,0.189950,0.833333,0.822417,0.280702,0.000000
3,7,0.388889,0.096774,0.000000,0.511600,0.611111,0.521706,0.122807,0.000000
3,8,0.611111,0.129032,1.000000,0.223918,0.388889,0.570949,0.122807,0.155953
3,9,0.333333,0.088710,0.000000,0.149189,0.666667,0.860524,0.122807,0.000000
3,10,0.444444,0.104839,0.000000,0.416108,0.555556,0.610982,0.175439,0.000000
3,11,0.388889,0.096774,0.033269,0.215397,0.611111,0.791317,0.140351,0.006654
3,12,0.388889,0.096774,0.000000,0.197940,0.611111,0.814946,0.175439,0.000000
3,13,0.500000,0.112903,0.041863,0.420737,0.500000,0.597457,0.140351,0.008373
3,14,0.222222,0.072581,0.715045,0.445128,0.777778,0.426748,0.210526,0.143009
3,15,0.500000,0.112903,0.000000,0.213116,0.500000,0.800758,0.122807,0.000000
3,16,0.611111,0.129032,0.910168,0.523514,0.388889,0.310594,0.122807,0.182034
3,17,0.166667,0.064516,0.000000,0.224106,0.833333,0.790484,0.350877,0.000000
3,18,0.277778,0.080645,0.000000,0.000000,0.722222,1.000000,0.333333,0.000000
3,19,0.111111,0.056452,0.000000,0.000000,0.888889,1.000000,0.403509,0.000000
3,20,0.111111,0.056452,0.000000,0.248148,0.888889,0.768007,0.350877,0.000000
3,21,0.444444,0.104839,0.553429,0.566987,0.555556,0.348332,0.140351,0.086309
3,22,0.166667,0.064516,0.000000,0.372195,0.833333,0.652036,0.333333,0.000000
3,23,0.555556,0.120968,0.697746,0.597977,0.444444,0.287650,0.122807,0.108816
3,24,0.222222,0.072581,0.000000,0.165286,0.777778,0.845475,0.298246,0.000000
3,25,0.277778,0.080645,0.000000,0.235167,0.722222,0.780143,0.192982,0.000000
3,26,0.500000,0.112903,0.546088,0.621325,0.500000,0.299143,0.140351,0.109218
3,27,0.277778,0.080645,0.000000,0.448910,0.722222,0.580316,0.157895,0.000000
3,28,0.166667,0.064516,0.000000,0.163978,0.833333,0.846698,0.333333,0.000000
3,29,0.166667,0.064516,0.000000,0.210184,0.833333,0.803499,0.403509,0.000000
3,30,0.277778,0.080645,0.000000,0.225155,0.722222,0.789504,0.350877,0.000000
3,31,0.555556,0.120968,0.264424,0.282071,0.444444,0.678196,0.140351,0.052885
3,32,0.111111,0.056452,0.041370,0.158227,0.888889,0.842985,0.385965,0.008274
3,33,0.055556,0.048387,0.000000,0.244153,0.944444,0.771742,0.438596,0.000000
3,34,0.666667,0.137097,0.409095,0.510936,0.333333,0.432445,0.157895,0.081819
3,35,0.333333,0.088710,0.000000,0.437699,0.666667,0.590796,0.140351,0.000000
3,36,0.388889,0.096774,0.000000,0.210952,0.611111,0.802782,0.210526,0.000000
3,37,0.277778,0.080645,0.000000,0.513624,0.722222,0.519814,0.192982,0.000000
3,38,0.111111,0.056452,0.000000,0.166900,0.888889,0.843965,0.456140,0.000000
3,39,0.333333,0.088710,0.000000,0.174229,0.666667,0.837113,0.157895,0.000000
3,40,0.388889,0.096774,0.000000,0.551004,0.611111,0.484868,0.140351,0.000000
3,41,0.611111,0.129032,0.000000,0.272411,0.388889,0.745324,0.122807,0.000000
3,42,0.166667,0.064516,0.000000,0.233742,0.833333,0.781475,0.140351,0.000000
3,43,0.222222,0.072581,0.000000,0.226610,0.777778,0.788143,0.157895,0.000000
3,44,0.277778,0.080645,0.033681,0.347927,0.722222,0.667324,0.263158,0.006736
3,45,0.333333,0.088710,0.000000,0.114862,0.666667,0.892616,0.157895,0.000000
3,46,0.500000,0.112903,0.000000,0.547293,0.500000,0.488337,0.122807,0.000000
3,47,0.333333,0.088710,0.000000,0.451160,0.666667,0.578212,0.175439,0.000000
3,48,0.555556,0.120968,0.000000,0.693468,0.444444,0.351678,0.122807,0.000000
3,49,0.444444,0.104839,0.241867,0.717961,0.555556,0.275640,0.157895,0.048373
3,50,0.722222,0.145161,0.548723,0.475785,0.277778,0.434630,0.122807,0.085575
3,51,0.611111,0.129032,0.000000,0.527574,0.388889,0.506772,0.210526,0.000000
3,52,0.444444,0.104839,0.000000,0.141908,0.555556,0.867331,0.122807,0.000000
3,53,0.222222,0.072581,0.000000,0.283662,0.777778,0.734805,0.175439,0.000000
3,54,0.444444,0.104839,0.544138,0.297967,0.555556,0.601878,0.140351,0.084860
3,55,0.388889,0.096774,0.000000,0.392023,0.611111,0.633498,0.175439,0.000000
3,56,0.388889,0.096774,0.000000,0.135637,0.611111,0.873193,0.122807,0.000000
3,57,0.611111,0.129032,0.091335,0.417263,0.388889,0.589835,0.140351,0.018267
3,58,0.277778,0.080645,0.000000,0.406437,0.722222,0.620023,0.263158,0.000000
3,59,0.055556,0.048387,0.000000,0.245097,0.944444,0.770859,0.438596,0.000000
3,60,0.444444,0.104839,0.103527,0.689595,0.555556,0.332553,0.157895,0.020705
3,61,0.777778,0.153226,0.001967,0.460629,0.222222,0.568927,0.140351,0.000393
3,62,0.555556,0.120968,0.000000,0.524378,0.444444,0.509761,0.140351,0.000000
3,63,0.500000,0.112903,0.000000,0.318309,0.500000,0.702413,0.122807,0.000000
3,64,0.388889,0.096774,0.000000,0.169284,0.611111,0.841737,0.157895,0.000000
3,65,0.611111,0.129032,0.000000,0.441919,0.388889,0.586851,0.122807,0.000000
3,66,0.333333,0.088710,0.000000,0.281787,0.666667,0.736558,0.157895,0.000000
3,67,0.277778,0.080645,0.000000,0.343508,0.722222,0.678855,0.298246,0.000000
3,68,0.722222,0.145161,0.000000,0.409930,0.277778,0.616758,0.122807,0.000000
3,69,0.277778,0.080645,0.000000,0.489642,0.722222,0.542235,0.192982,0.000000
3,70,0.277778,0.080645,0.497319,0.242533,0.722222,0.663990,0.140351,0.099464
3,71,0.388889,0.096774,0.000000,0.077455,0.611111,0.927588,0.140351,0.000000
3,72,0.333333,0.088710,0.000000,0.671188,0.666667,0.372508,0.263158,0.000000
3,73,0.444444,0.104839,0.000000,0.015213,0.555556,0.985777,0.140351,0.000000
3,74,0.166667,0.064516,0.121546,0.000462,0.833333,0.972863,0.175439,0.018955
3,75,0.444444,0.104839,0.179315,0.646109,0.555556,0.356557,0.140351,0.035863
3,76,0.777778,0.153226,0.217674,0.654052,0.222222,0.340703,0.122807,0.043535
3,77,0.333333,0.088710,0.000000,0.280449,0.666667,0.737809,0.175439,0.000000
3,78,0.222222,0.072581,0.000000,0.009838,0.777778,0.990802,0.157895,0.000000
3,79,0.500000,0.112903,0.000000,0.277332,0.500000,0.740723,0.192982,0.000000
3,80,0.166667,0.064516,0.000000,0.229789,0.833333,0.785171,0.263158,0.000000
3,81,0.555556,0.120968,0.000000,0.317889,0.444444,0.702806,0.157895,0.000000
3,82,0.444444,0.104839,0.107485,0.385119,0.555556,0.616338,0.175439,0.021497
3,83,1.000000,0.185484,0.293422,0.850716,0.000000,0.140200,0.157895,0.058684
3,84,0.277778,0.080645,0.000000,0.247142,0.722222,0.768948,0.175439,0.000000
3,85,0.277778,0.080645,0.000000,0.226978,0.722222,0.787799,0.175439,0.000000
3,86,0.111111,0.056452,0.000000,0.168855,0.888889,0.842138,0.385965,0.000000
3,87,0.388889,0.096774,0.124558,0.391016,0.611111,0.607074,0.157895,0.024912
3,88,0.388889,0.096774,0.000000,0.394362,0.611111,0.631312,0.175439,0.000000
3,89,0.166667,0.064516,0.000000,0.234053,0.833333,0.781184,0.228070,0.000000
3,90,0.722222,0.145161,0.296312,1.000000,0.277778,0.000000,0.140351,0.059262
3,91,0.444444,0.104839,0.064733,0.356317,0.555556,0.652658,0.140351,0.010095
3,92,0.611111,0.129032,0.673274,0.401790,0.388889,0.476442,0.122807,0.104999
3,93,0.277778,0.080645,0.440530,0.372915,0.722222,0.554573,0.122807,0.068702
3,94,0.055556,0.048387,0.000000,0.263185,0.944444,0.753949,0.263158,0.000000
3,95,0.444444,0.104839,0.000000,0.504839,0.555556,0.528028,0.228070,0.000000
3,96,0.611111,0.129032,0.000000,0.566686,0.388889,0.470206,0.122807,0.000000
3,97,0.500000,0.112903,0.000000,0.575078,0.500000,0.462361,0.140351,0.000000
3,98,0.388889,0.096774,0.196655,0.665924,0.611111,0.334222,0.157895,0.030669
3,99,0.166667,0.064516,0.000000,0.314391,0.833333,0.706077,0.438596,0.000000
3,100,0.222222,0.072581,0.000000,0.438730,0.777778,0.589832,0.280702,0.000000
3,101,0.277778,0.080645,0.000000,0.282856,0.722222,0.735558,0.140351,0.000000
3,102,0.555556,0.120968,0.507445,0.210987,0.444444,0.691257,0.140351,0.079138
3,103,0.222222,0.072581,0.000000,0.130772,0.777778,0.877741,0.298246,0.000000
3,104,0.555556,0.120968,0.269652,0.171612,0.444444,0.780315,0.122807,0.042053
3,105,0.555556,0.120968,0.159173,0.495947,0.444444,0.501369,0.140351,0.031835
3,106,0.277778,0.080645,0.000000,0.264968,0.722222,0.752283,0.263158,0.000000
3,107,0.333333,0.088710,0.000000,0.314684,0.666667,0.705802,0.228070,0.000000
3,108,0.000000,0.040323,0.000000,0.031416,1.000000,0.970629,0.438596,0.000000
3,109,0.777778,0.153226,0.591480,0.393760,0.222222,0.501921,0.140351,0.092243
3,110,0.333333,0.088710,0.000000,0.259803,0.666667,0.757111,0.140351,0.000000
3,111,0.222222,0.072581,0.000000,0.461484,0.777778,0.568560,0.350877,0.000000
3,112,0.388889,0.096774,0.000000,0.330774,0.611111,0.690760,0.140351,0.000000
3,113,0.388889,0.096774,0.000000,0.260597,0.611111,0.756369,0.175439,0.000000
3,114,0.611111,0.129032,0.012134,0.431699,0.388889,0.593740,0.122807,0.002427
3,115,0.388889,0.096774,0.202835,0.421960,0.611111,0.560946,0.175439,0.031633
3,116,0.277778,0.080645,0.000000,0.401194,0.722222,0.624925,0.263158,0.000000
3,117,0.444444,0.104839,0.000000,0.300082,0.555556,0.719454,0.122807,0.000000
3,118,0.444444,0.104839,0.000000,0.313887,0.555556,0.706548,0.122807,0.000000
3,119,0.222222,0.072581,0.964253,0.538228,0.777778,0.284955,0.280702,0.192851
3,120,0.166667,0.064516,0.000000,0.167949,0.833333,0.842985,0.175439,0.000000
3,121,0.722222,0.145161,0.000000,0.419727,0.277778,0.607598,0.140351,0.000000
3,122,0.333333,0.088710,0.240938,0.275641,0.666667,0.689368,0.140351,0.048188
3,123,0.444444,0.104839,0.000000,0.468312,0.555556,0.562176,0.140351,0.000000
3,124,0.222222,0.072581,0.233766,0.249054,0.777778,0.715800,0.175439,0.046753
4,0,0.222222,0.072581,0.000000,0.391735,0.777778,0.678221,0.189655,0.000000
4,1,0.222222,0.072581,0.000000,0.503544,0.777778,0.586379,0.327586,0.000000
4,2,0.333333,0.088710,0.127063,0.610927,0.666667,0.465417,0.155172,0.025413
4,3,0.166667,0.064516,0.000000,0.000000,0.833333,1.000000,0.362069,0.000000
4,4,0.388889,0.096774,0.000000,0.393591,0.611111,0.676697,0.172414,0.000000
4,5,0.444444,0.104839,0.000000,0.218204,0.555556,0.820763,0.172414,0.000000
4,6,0.166667,0.064516,0.000000,0.085356,0.833333,0.929887,0.275862,0.000000
4,7,0.388889,0.096774,0.000000,0.864266,0.611111,0.290075,0.120690,0.000000
4,8,0.611111,0.129032,0.000000,0.486254,0.388889,0.600582,0.137931,0.000000
4,9,0.333333,0.088710,0.214285,0.492711,0.666667,0.540038,0.120690,0.042857
4,10,0.444444,0.104839,0.000000,0.592728,0.555556,0.513121,0.172414,0.000000
4,11,0.388889,0.096774,0.000000,0.713949,0.611111,0.413548,0.137931,0.000000
4,12,0.388889,0.096774,0.000000,0.396473,0.611111,0.674329,0.172414,0.000000
4,13,0.500000,0.112903,0.000000,0.292286,0.500000,0.759910,0.137931,0.000000
4,14,0.222222,0.072581,0.385731,0.480913,0.777778,0.505532,0.206897,0.077146
4,15,0.500000,0.112903,0.313859,0.495591,0.500000,0.512002,0.120690,0.062772
4,16,0.611111,0.129032,0.856456,0.916082,0.388889,0.026729,0.120690,0.149672
4,17,0.166667,0.064516,0.000000,0.413149,0.833333,0.660632,0.344828,0.000000
4,18,0.277778,0.080645,0.000000,0.251128,0.722222,0.793718,0.327586,0.000000
4,19,0.111111,0.056452,0.000000,0.061817,0.888889,0.949222,0.396552,0.000000
4,20,0.111111,0.056452,0.000000,0.184933,0.888889,0.848092,0.344828,0.000000
4,21,0.444444,0.104839,0.228473,0.420390,0.555556,0.595786,0.155172,0.045695
4,22,0.166667,0.064516,0.004801,0.364165,0.833333,0.699630,0.327586,0.000960
4,23,0.555556,0.120968,0.141031,0.620758,0.444444,0.453741,0.137931,0.028206
4,24,0.222222,0.072581,0.000000,0.511572,0.777778,0.579785,0.293103,0.000000
4,25,0.277778,0.080645,0.000000,0.168457,0.722222,0.861626,0.189655,0.000000
4,26,0.500000,0.112903,0.000000,0.321204,0.500000,0.736156,0.137931,0.000000
4,27,0.277778,0.080645,0.690097,0.514541,0.722222,0.399448,0.155172,0.138019
4,28,0.166667,0.064516,0.000000,0.217746,0.833333,0.821139,0.327586,0.000000
4,29,0.166667,0.064516,0.000000,0.562881,0.833333,0.537639,0.396552,0.000000
4,30,0.277778,0.080645,0.000000,0.301288,0.722222,0.752516,0.344828,0.000000
4,31,0.555556,0.120968,0.346570,0.414515,0.444444,0.570167,0.137931,0.069314
4,32,0.111111,0.056452,0.333327,0.066249,0.888889,0.859654,0.379310,0.058251
4,33,0.055556,0.048387,0.000000,0.343613,0.944444,0.717750,0.431034,0.000000
4,34,0.666667,0.137097,0.577856,0.328575,0.333333,0.581138,0.155172,0.100985
4,35,0.333333,0.088710,0.082482,0.563990,0.666667,0.515465,0.137931,0.016496
4,36,0.388889,0.096774,0.293584,0.417436,0.611111,0.581428,0.206897,0.051306
4,37,0.277778,0.080645,0.000000,0.649614,0.722222,0.466394,0.189655,0.000000
4,38,0.111111,0.056452,0.000000,0.046509,0.888889,0.961796,0.448276,0.000000
4,39,0.333333,0.088710,0.051416,0.163693,0.666667,0.852285,0.155172,0.010283
4,40,0.388889,0.096774,0.000000,0.512162,0.611111,0.579300,0.137931,0.000000
4,41,0.611111,0.129032,0.047121,0.494415,0.388889,0.581731,0.120690,0.009424
4,42,0.166667,0.064516,0.000000,0.632081,0.833333,0.480796,0.137931,0.000000
4,43,0.222222,0.072581,0.000000,0.337909,0.777778,0.722435,0.155172,0.000000
4,44,0.277778,0.080645,0.000000,0.592603,0.722222,0.513224,0.258621,0.000000
4,45,0.333333,0.088710,0.353248,0.129067,0.666667,0.802919,0.155172,0.061733
4,46,0.500000,0.112903,0.117681,0.624378,0.500000,0.456787,0.120690,0.023536
4,47,0.333333,0.088710,0.000000,0.079932,0.666667,0.934342,0.172414,0.000000
4,48,0.555556,0.120968,0.000000,0.930511,0.444444,0.235659,0.120690,0.000000
4,49,0.444444,0.104839,0.000000,0.549611,0.555556,0.548539,0.155172,0.000000
4,50,0.722222,0.145161,0.000000,0.585579,0.277778,0.518994,0.137931,0.000000
4,51,0.611111,0.129032,0.116853,0.798189,0.388889,0.314229,0.206897,0.023371
4,52,0.444444,0.104839,0.603252,0.818347,0.555556,0.172283,0.120690,0.105423
4,53,0.222222,0.072581,0.000000,0.537738,0.777778,0.558291,0.172414,0.000000
4,54,0.444444,0.104839,0.888366,0.901334,0.555556,0.030617,0.155172,0.155248
4,55,0.388889,0.096774,0.000000,0.571398,0.611111,0.530642,0.172414,0.000000
4,56,0.388889,0.096774,0.000000,0.340044,0.611111,0.720681,0.120690,0.000000
4,57,0.611111,0.129032,1.000000,0.903573,0.388889,0.000000,0.137931,0.200000
4,58,0.277778,0.080645,0.000000,0.530390,0.722222,0.564327,0.258621,0.000000
4,59,0.055556,0.048387,0.000000,0.070644,0.944444,0.941971,0.431034,0.000000
4,60,0.444444,0.104839,0.000000,0.752672,0.555556,0.381740,0.155172,0.000000
4,61,0.777778,0.153226,0.572496,0.938668,0.222222,0.081377,0.137931,0.114499
4,62,0.555556,0.120968,0.000000,0.691385,0.444444,0.432083,0.137931,0.000000
4,63,0.500000,0.112903,0.552800,0.966330,0.500000,0.063733,0.120690,0.110560
4,64,0.388889,0.096774,0.000000,0.667701,0.611111,0.451537,0.155172,0.000000
4,65,0.611111,0.129032,0.066169,0.903577,0.388889,0.240727,0.120690,0.013234
4,66,0.333333,0.088710,0.000000,0.449369,0.666667,0.630879,0.155172,0.000000
4,67,0.277778,0.080645,0.000000,0.484097,0.722222,0.602353,0.293103,0.000000
4,68,0.722222,0.145161,0.003187,0.504368,0.277778,0.584881,0.120690,0.000637
4,69,0.277778,0.080645,0.000000,0.371849,0.722222,0.694556,0.189655,0.000000
4,70,0.277778,0.080645,0.095056,0.106954,0.722222,0.887642,0.137931,0.016612
4,71,0.388889,0.096774,0.000000,0.083461,0.611111,0.931443,0.137931,0.000000
4,72,0.333333,0.088710,0.000000,0.043260,0.666667,0.964465,0.258621,0.000000
4,73,0.444444,0.104839,0.000000,0.236340,0.555556,0.805866,0.137931,0.000000
4,74,0.166667,0.064516,0.000000,0.199433,0.833333,0.836182,0.189655,0.000000
4,75,0.444444,0.104839,0.000000,0.405667,0.555556,0.666777,0.137931,0.000000
4,76,0.777778,0.153226,0.228047,1.000000,0.222222,0.119792,0.120690,0.045609
4,77,0.333333,0.088710,0.217713,0.432561,0.666667,0.588562,0.172414,0.038047
4,78,0.222222,0.072581,0.000000,0.000000,0.777778,1.000000,0.155172,0.000000
4,79,0.500000,0.112903,0.000000,0.035672,0.500000,0.970698,0.189655,0.000000
4,80,0.166667,0.064516,0.000000,0.473278,0.833333,0.611240,0.258621,0.000000
4,81,0.555556,0.120968,0.000000,0.561131,0.444444,0.539076,0.155172,0.000000
4,82,0.444444,0.104839,0.027313,0.175485,0.555556,0.848812,0.172414,0.005463
4,83,1.000000,0.185484,0.451431,0.745239,0.000000,0.271473,0.155172,0.090286
4,84,0.277778,0.080645,0.000000,0.195603,0.722222,0.839328,0.172414,0.000000
4,85,0.277778,0.080645,0.000000,0.284075,0.722222,0.766655,0.172414,0.000000
4,86,0.111111,0.056452,0.000000,0.194580,0.888889,0.840168,0.379310,0.000000
4,87,0.388889,0.096774,0.186714,0.333005,0.611111,0.678330,0.155172,0.037343
4,88,0.388889,0.096774,0.000000,0.601848,0.611111,0.505630,0.172414,0.000000
4,89,0.166667,0.064516,0.000000,0.487198,0.833333,0.599806,0.224138,0.000000
4,90,0.722222,0.145161,0.000000,0.801906,0.277778,0.341298,0.137931,0.000000
4,91,0.444444,0.104839,0.000000,0.687788,0.555556,0.435037,0.155172,0.000000
4,92,0.611111,0.129032,0.000000,0.568493,0.388889,0.533029,0.137931,0.000000
4,93,0.277778,0.080645,0.151386,0.297614,0.722222,0.716508,0.137931,0.030277
4,94,0.055556,0.048387,0.000000,0.259751,0.944444,0.786635,0.258621,0.000000
4,95,0.444444,0.104839,0.000000,0.342037,0.555556,0.719044,0.224138,0.000000
4,96,0.611111,0.129032,0.000000,0.805946,0.388889,0.337980,0.120690,0.000000
4,97,0.500000,0.112903,0.000000,0.514956,0.500000,0.577005,0.137931,0.000000
4,98,0.388889,0.096774,0.000000,0.366186,0.611111,0.699208,0.172414,0.000000
4,99,0.166667,0.064516,0.000000,0.505144,0.833333,0.585064,0.431034,0.000000
4,100,0.222222,0.072581,0.000000,0.744722,0.777778,0.388270,0.275862,0.000000
4,101,0.277778,0.080645,0.000000,0.507567,0.722222,0.583074,0.137931,0.000000
4,102,0.555556,0.120968,0.751512,0.363895,0.444444,0.507359,0.155172,0.131332
4,103,0.222222,0.072581,0.000000,0.195189,0.777778,0.839668,0.293103,0.000000
4,104,0.555556,0.120968,0.000000,0.310364,0.444444,0.745061,0.137931,0.000000
4,105,0.555556,0.120968,0.000000,0.526798,0.444444,0.567277,0.137931,0.000000
4,106,0.277778,0.080645,0.000000,0.233072,0.722222,0.808550,0.258621,0.000000
4,107,0.333333,0.088710,0.103686,0.662364,0.666667,0.429192,0.224138,0.018120
4,108,0.000000,0.040323,0.000000,0.192313,1.000000,0.842030,0.431034,0.000000
4,109,0.777778,0.153226,0.000242,0.604007,0.222222,0.503794,0.155172,0.000048
4,110,0.333333,0.088710,0.000000,0.531655,0.666667,0.563288,0.137931,0.000000
4,111,0.222222,0.072581,0.000000,0.863607,0.777778,0.290616,0.344828,0.000000
4,112,0.388889,0.096774,0.000000,0.520981,0.611111,0.572056,0.137931,0.000000
4,113,0.388889,0.096774,0.000000,0.388619,0.611111,0.680781,0.172414,0.000000
4,114,0.611111,0.129032,0.612791,0.744370,0.388889,0.230590,0.120690,0.122558
4,115,0.388889,0.096774,0.000000,0.487275,0.611111,0.599743,0.189655,0.000000
4,116,0.277778,0.080645,0.000000,0.458923,0.722222,0.623031,0.258621,0.000000
4,117,0.444444,0.104839,0.000000,0.338036,0.555556,0.722330,0.120690,0.000000
4,118,0.444444,0.104839,0.136143,0.843622,0.555556,0.271936,0.120690,0.027229
4,119,0.222222,0.072581,0.192686,0.151894,0.777778,0.825559,0.275862,0.033673
4,120,0.166667,0.064516,0.000000,0.313767,0.833333,0.742266,0.172414,0.000000
4,121,0.722222,0.145161,0.283970,0.666869,0.277778,0.379016,0.137931,0.056794
4,122,0.333333,0.088710,0.455483,0.067675,0.666667,0.826993,0.137931,0.079599
4,123,0.444444,0.104839,0.000000,0.524669,0.555556,0.569027,0.137931,0.000000
4,124,0.222222,0.072581,0.000000,0.178743,0.777778,0.853177,0.172414,0.000000
5,0,0.222222,0.072581,0.000000,0.055437,0.777778,0.973926,0.186441,0.000000
5,1,0.222222,0.072581,0.000000,0.163095,0.777778,0.875449,0.322034,0.000000
5,2,0.333333,0.088710,0.083420,0.460622,0.666667,0.584254,0.152542,0.013271
5,3,0.166667,0.064516,0.000000,0.058707,0.833333,0.970935,0.355932,0.000000
5,4,0.388889,0.096774,0.000000,0.472027,0.611111,0.592863,0.169492,0.000000
5,5,0.444444,0.104839,0.000000,0.203065,0.555556,0.838887,0.169492,0.000000
5,6,0.166667,0.064516,0.000000,0.076800,0.833333,0.954385,0.271186,0.000000
5,7,0.388889,0.096774,0.000000,0.438329,0.611111,0.623687,0.118644,0.000000
5,8,0.611111,0.129032,0.147963,0.823593,0.388889,0.237506,0.135593,0.029593
5,9,0.333333,0.088710,0.000000,0.267084,0.666667,0.780328,0.118644,0.000000
5,10,0.444444,0.104839,0.000000,0.114324,0.555556,0.920061,0.169492,0.000000
5,11,0.388889,0.096774,0.000000,0.731663,0.611111,0.355369,0.135593,0.000000
5,12,0.388889,0.096774,0.149303,0.104173,0.611111,0.895269,0.169492,0.023751
5,13,0.500000,0.112903,0.000000,0.532166,0.500000,0.537852,0.135593,0.000000
5,14,0.222222,0.072581,0.294763,0.457516,0.777778,0.538859,0.203390,0.046891
5,15,0.500000,0.112903,0.623584,0.296182,0.500000,0.611384,0.118644,0.099200
5,16,0.611111,0.129032,0.481572,1.000000,0.388889,0.000000,0.135593,0.096314
5,17,0.166667,0.064516,0.000000,0.279822,0.833333,0.768676,0.338983,0.000000
5,18,0.277778,0.080645,0.000000,0.249304,0.722222,0.796592,0.322034,0.000000
5,19,0.111111,0.056452,0.000000,0.263320,0.888889,0.783771,0.389831,0.000000
5,20,0.111111,0.056452,0.000000,0.304468,0.888889,0.746132,0.338983,0.000000
5,21,0.444444,0.104839,0.456506,0.093729,0.555556,0.834706,0.152542,0.072621
5,22,0.166667,0.064516,0.000000,0.309124,0.833333,0.741873,0.322034,0.000000
5,23,0.555556,0.120968,0.556463,0.394000,0.444444,0.537227,0.135593,0.088522
5,24,0.222222,0.072581,0.000000,0.143938,0.777778,0.892972,0.288136,0.000000
5,25,0.277778,0.080645,0.429686,0.000000,0.722222,0.926563,0.186441,0.068355
5,26,0.500000,0.112903,0.186528,0.152128,0.500000,0.842907,0.135593,0.029673
5,27,0.277778,0.080645,0.679541,0.460763,0.722222,0.448066,0.152542,0.135908
5,28,0.166667,0.064516,0.000000,0.268152,0.833333,0.779351,0.322034,0.000000
5,29,0.166667,0.064516,0.000000,0.309181,0.833333,0.741821,0.389831,0.000000
5,30,0.277778,0.080645,0.000000,0.328264,0.722222,0.724365,0.338983,0.000000
5,31,0.555556,0.120968,0.052840,0.124913,0.444444,0.898314,0.135593,0.008406
5,32,0.111111,0.056452,0.107935,0.000000,0.888889,1.000000,0.389831,0.017170
5,33,0.055556,0.048387,0.000000,0.097673,0.944444,0.935291,0.423729,0.000000
5,34,0.666667,0.137097,0.767489,0.436108,0.333333,0.450545,0.169492,0.153498
5,35,0.333333,0.088710,0.295490,0.458430,0.666667,0.537857,0.135593,0.059098
5,36,0.388889,0.096774,0.000000,0.412465,0.611111,0.647345,0.220339,0.000000
5,37,0.277778,0.080645,0.000000,0.208224,0.722222,0.834168,0.186441,0.000000
5,38,0.111111,0.056452,0.000000,0.140718,0.888889,0.895918,0.440678,0.000000
5,39,0.333333,0.088710,0.000000,0.041551,0.666667,0.986627,0.152542,0.000000
5,40,0.388889,0.096774,0.000000,0.520323,0.611111,0.548685,0.135593,0.000000
5,41,0.611111,0.129032,0.102533,0.221328,0.388889,0.798779,0.118644,0.020507
5,42,0.166667,0.064516,0.000000,0.331712,0.833333,0.721211,0.135593,0.000000
5,43,0.222222,0.072581,0.000000,0.097084,0.777778,0.935831,0.152542,0.000000
5,44,0.277778,0.080645,0.000000,0.562191,0.722222,0.510387,0.254237,0.000000
5,45,0.333333,0.088710,0.000000,0.284273,0.666667,0.764605,0.169492,0.000000
5,46,0.500000,0.112903,0.370734,0.408476,0.500000,0.566377,0.118644,0.058977
5,47,0.333333,0.088710,0.000000,0.388369,0.666667,0.669386,0.169492,0.000000
5,48,0.555556,0.120968,0.124921,0.780972,0.444444,0.281751,0.118644,0.024984
5,49,0.444444,0.104839,0.000000,0.430069,0.555556,0.631242,0.152542,0.000000
5,50,0.722222,0.145161,0.000000,0.409627,0.277778,0.649941,0.135593,0.000000
5,51,0.611111,0.129032,1.000000,0.705367,0.388889,0.151180,0.203390,0.159081
5,52,0.444444,0.104839,0.000000,0.569284,0.555556,0.503899,0.135593,0.000000
5,53,0.222222,0.072581,0.000000,0.394705,0.777778,0.663591,0.169492,0.000000
5,54,0.444444,0.104839,0.342218,0.696548,0.555556,0.309380,0.169492,0.068444
5,55,0.388889,0.096774,0.000000,0.430993,0.611111,0.630397,0.169492,0.000000
5,56,0.388889,0.096774,0.000000,0.402275,0.611111,0.656666,0.118644,0.000000
5,57,0.611111,0.129032,0.808017,0.889058,0.388889,0.026972,0.135593,0.161603
5,58,0.277778,0.080645,0.000000,0.263147,0.722222,0.783929,0.254237,0.000000
5,59,0.055556,0.048387,0.000000,0.131419,0.944444,0.904423,0.423729,0.000000
5,60,0.444444,0.104839,0.444558,0.852105,0.555556,0.143731,0.152542,0.088912
5,61,0.777778,0.153226,0.394048,0.649247,0.222222,0.340818,0.135593,0.078810
5,62,0.555556,0.120968,0.000000,0.852246,0.444444,0.245069,0.135593,0.000000
5,63,0.500000,0.112903,0.469522,0.641630,0.500000,0.330559,0.118644,0.074692
5,64,0.388889,0.096774,0.000000,0.438096,0.611111,0.623900,0.152542,0.000000
5,65,0.611111,0.129032,0.322996,0.469073,0.388889,0.521843,0.118644,0.064599
5,66,0.333333,0.088710,0.000000,0.410066,0.666667,0.649540,0.152542,0.000000
5,67,0.277778,0.080645,0.000000,0.402496,0.722222,0.656464,0.288136,0.000000
5,68,0.722222,0.145161,0.154623,0.314816,0.277778,0.701375,0.118644,0.030925
5,69,0.277778,0.080645,0.000000,0.279583,0.722222,0.768895,0.186441,0.000000
5,70,0.277778,0.080645,0.026205,0.036529,0.722222,0.985241,0.152542,0.005241
5,71,0.388889,0.096774,0.000000,0.103931,0.611111,0.929567,0.135593,0.000000
5,72,0.333333,0.088710,0.000000,0.343937,0.666667,0.710029,0.254237,0.000000
5,73,0.444444,0.104839,0.000000,0.337433,0.555556,0.715978,0.135593,0.000000
5,74,0.166667,0.064516,0.000000,0.152484,0.833333,0.885155,0.186441,0.000000
5,75,0.444444,0.104839,0.000000,0.380066,0.555556,0.676981,0.135593,0.000000
5,76,0.777778,0.153226,0.311194,0.830946,0.222222,0.193524,0.118644,0.062239
5,77,0.333333,0.088710,0.092773,0.539416,0.666667,0.510046,0.186441,0.018555
5,78,0.222222,0.072581,0.000000,0.064415,0.777778,0.965713,0.152542,0.000000
5,79,0.500000,0.112903,0.000000,0.423781,0.500000,0.636994,0.186441,0.000000
5,80,0.166667,0.064516,0.000000,0.275293,0.833333,0.772819,0.254237,0.000000
5,81,0.555556,0.120968,0.000000,0.419455,0.444444,0.640951,0.152542,0.000000
5,82,0.444444,0.104839,0.000000,0.167345,0.555556,0.871561,0.169492,0.000000
5,83,1.000000,0.185484,0.523429,0.652754,0.000000,0.308080,0.152542,0.104686
5,84,0.277778,0.080645,0.000000,0.168196,0.722222,0.870783,0.169492,0.000000
5,85,0.277778,0.080645,0.000000,0.189036,0.722222,0.851720,0.169492,0.000000
5,86,0.111111,0.056452,0.000000,0.135703,0.888889,0.900505,0.372881,0.000000
5,87,0.388889,0.096774,0.000000,0.357540,0.611111,0.697586,0.152542,0.000000
5,88,0.388889,0.096774,0.209469,0.412390,0.611111,0.599604,0.169492,0.033323
5,89,0.166667,0.064516,0.000000,0.359611,0.833333,0.695692,0.220339,0.000000
5,90,0.722222,0.145161,0.000000,0.503711,0.277778,0.563880,0.135593,0.000000
5,91,0.444444,0.104839,0.246255,0.720601,0.555556,0.309281,0.152542,0.049251
5,92,0.611111,0.129032,0.105937,0.694806,0.388889,0.364903,0.135593,0.021187
5,93,0.277778,0.080645,0.201572,0.100268,0.722222,0.886911,0.135593,0.032066
5,94,0.055556,0.048387,0.000000,0.404491,0.944444,0.654639,0.254237,0.000000
5,95,0.444444,0.104839,0.000000,0.589919,0.555556,0.485024,0.220339,0.000000
5,96,0.611111,0.129032,0.495018,0.546510,0.388889,0.411747,0.118644,0.078748
5,97,0.500000,0.112903,0.000000,0.399029,0.500000,0.659635,0.135593,0.000000
5,98,0.388889,0.096774,0.000000,0.459588,0.611111,0.604241,0.169492,0.000000
5,99,0.166667,0.064516,0.000000,0.409332,0.833333,0.650211,0.423729,0.000000
5,100,0.222222,0.072581,0.000000,0.674909,0.777778,0.407282,0.271186,0.000000
5,101,0.277778,0.080645,0.000000,0.653765,0.722222,0.426623,0.135593,0.000000
5,102,0.555556,0.120968,0.173871,0.435341,0.444444,0.586736,0.169492,0.034774
5,103,0.222222,0.072581,0.000000,0.169973,0.777778,0.869157,0.288136,0.000000
5,104,0.555556,0.120968,0.038631,0.302392,0.444444,0.739214,0.135593,0.007726
5,105,0.555556,0.120968,0.000000,0.422528,0.444444,0.638140,0.135593,0.000000
5,106,0.277778,0.080645,0.000000,0.107970,0.722222,0.925872,0.254237,0.000000
5,107,0.333333,0.088710,0.000000,0.411182,0.666667,0.648518,0.237288,0.000000
5,108,0.000000,0.040323,0.000000,0.209377,1.000000,0.833114,0.423729,0.000000
5,109,0.777778,0.153226,0.050759,0.683231,0.222222,0.388085,0.152542,0.010152
5,110,0.333333,0.088710,0.000000,0.469256,0.666667,0.595397,0.135593,0.000000
5,111,0.222222,0.072581,0.000000,0.571937,0.777778,0.501473,0.338983,0.000000
5,112,0.388889,0.096774,0.000000,0.100268,0.611111,0.932918,0.135593,0.000000
5,113,0.388889,0.096774,0.000000,0.407859,0.611111,0.651558,0.169492,0.000000
5,114,0.611111,0.129032,0.790430,0.423387,0.388889,0.456945,0.118644,0.158086
5,115,0.388889,0.096774,0.000000,0.471420,0.611111,0.593417,0.186441,0.000000
5,116,0.277778,0.080645,0.000000,0.315671,0.722222,0.735885,0.254237,0.000000
5,117,0.444444,0.104839,0.000000,0.459415,0.555556,0.604399,0.118644,0.000000
5,118,0.444444,0.104839,0.000000,0.421522,0.555556,0.639060,0.118644,0.000000
5,119,0.222222,0.072581,0.000000,0.365371,0.777778,0.690422,0.288136,0.000000
5,120,0.166667,0.064516,0.000000,0.393608,0.833333,0.664594,0.169492,0.000000
5,121,0.722222,0.145161,0.000000,0.382780,0.277778,0.674498,0.135593,0.000000
5,122,0.333333,0.088710,0.328111,0.061446,0.666667,0.893541,0.152542,0.052196
5,123,0.444444,0.104839,0.000000,0.247242,0.555556,0.798478,0.135593,0.000000
5,124,0.222222,0.072581,0.270669,0.125365,0.777778,0.848184,0.169492,0.043058
6,0,0.222222,0.072581,0.000000,0.166150,0.777778,0.834511,0.183333,0.000000
6,1,0.222222,0.072581,0.000000,0.133995,0.777778,0.866538,0.316667,0.000000
6,2,0.333333,0.088710,0.111335,0.481201,0.666667,0.494079,0.166667,0.022267
6,3,0.166667,0.064516,0.000000,0.145702,0.833333,0.854877,0.350000,0.000000
6,4,0.388889,0.096774,0.000000,0.334825,0.611111,0.666507,0.166667,0.000000
6,5,0.444444,0.104839,0.000000,0.430492,0.555556,0.571221,0.166667,0.000000
6,6,0.166667,0.064516,0.000000,0.095522,0.833333,0.904858,0.266667,0.000000
6,7,0.388889,0.096774,0.000000,0.344358,0.611111,0.657012,0.116667,0.000000
6,8,0.611111,0.129032,0.539561,0.619855,0.388889,0.253532,0.133333,0.107912
6,9,0.333333,0.088710,0.000000,0.370515,0.666667,0.630960,0.116667,0.000000
6,10,0.444444,0.104839,0.000000,0.553914,0.555556,0.448290,0.166667,0.000000
6,11,0.388889,0.096774,0.000000,0.552724,0.611111,0.449476,0.133333,0.000000
6,12,0.388889,0.096774,0.256136,0.414555,0.611111,0.525819,0.183333,0.044317
6,13,0.500000,0.112903,0.000000,0.602863,0.500000,0.399536,0.133333,0.000000
6,14,0.222222,0.072581,0.000000,0.593916,0.777778,0.408447,0.216667,0.000000
6,15,0.500000,0.112903,0.539969,0.428897,0.500000,0.443633,0.133333,0.107994
6,16,0.611111,0.129032,0.000000,0.822069,0.388889,0.181202,0.133333,0.000000
6,17,0.166667,0.064516,0.000000,0.373412,0.833333,0.628074,0.333333,0.000000
6,18,0.277778,0.080645,0.000000,0.386594,0.722222,0.614944,0.316667,0.000000
6,19,0.111111,0.056452,0.000000,0.096687,0.888889,0.903697,0.383333,0.000000
6,20,0.111111,0.056452,0.000000,0.215629,0.888889,0.785229,0.333333,0.000000
6,21,0.444444,0.104839,0.000000,0.123232,0.555556,0.877259,0.166667,0.000000
6,22,0.166667,0.064516,0.000000,0.328876,0.833333,0.672432,0.316667,0.000000
6,23,0.555556,0.120968,0.489073,0.438443,0.444444,0.446301,0.150000,0.097815
6,24,0.222222,0.072581,0.000000,0.338514,0.777778,0.662833,0.283333,0.000000
6,25,0.277778,0.080645,0.000000,0.224092,0.722222,0.776800,0.200000,0.000000
6,26,0.500000,0.112903,0.000000,0.438345,0.500000,0.563399,0.150000,0.000000
6,27,0.277778,0.080645,0.649840,0.402124,0.722222,0.444015,0.150000,0.112435
6,28,0.166667,0.064516,0.000000,0.137571,0.833333,0.862977,0.316667,0.000000
6,29,0.166667,0.064516,0.000000,0.180836,0.833333,0.819883,0.383333,0.000000
6,30,0.277778,0.080645,0.278500,0.483836,0.722222,0.451464,0.333333,0.048186
6,31,0.555556,0.120968,0.000000,0.120751,0.444444,0.879729,0.150000,0.000000
6,32,0.111111,0.056452,0.000000,0.147038,0.888889,0.853547,0.400000,0.000000
6,33,0.055556,0.048387,0.000000,0.056469,0.944444,0.943756,0.416667,0.000000
6,34,0.666667,0.137097,0.729203,0.401349,0.333333,0.425800,0.166667,0.126167
6,35,0.333333,0.088710,0.144459,0.314045,0.666667,0.652645,0.133333,0.028892
6,36,0.388889,0.096774,0.122866,0.593329,0.611111,0.379638,0.216667,0.024573
6,37,0.277778,0.080645,0.000000,0.194311,0.722222,0.806462,0.183333,0.000000
6,38,0.111111,0.056452,0.000000,0.000000,0.888889,1.000000,0.433333,0.000000
6,39,0.333333,0.088710,0.557880,0.306250,0.666667,0.561507,0.150000,0.096524
6,40,0.388889,0.096774,0.000000,0.735294,0.611111,0.267631,0.133333,0.000000
6,41,0.611111,0.129032,0.304616,0.784169,0.388889,0.146078,0.116667,0.060923
6,42,0.166667,0.064516,0.000000,0.306321,0.833333,0.694898,0.133333,0.000000
6,43,0.222222,0.072581,0.000000,0.270944,0.777778,0.730134,0.150000,0.000000
6,44,0.277778,0.080645,0.000000,0.843510,0.722222,0.159847,0.250000,0.000000
6,45,0.333333,0.088710,0.000000,0.251702,0.666667,0.749299,0.166667,0.000000
6,46,0.500000,0.112903,0.072132,0.407888,0.500000,0.576479,0.133333,0.014426
6,47,0.333333,0.088710,0.000000,0.353744,0.666667,0.647663,0.166667,0.000000
6,48,0.555556,0.120968,0.087415,0.755929,0.444444,0.226166,0.116667,0.017483
6,49,0.444444,0.104839,0.000000,0.255357,0.555556,0.745659,0.150000,0.000000
6,50,0.722222,0.145161,0.093083,0.844849,0.277778,0.136245,0.133333,0.018617
6,51,0.611111,0.129032,0.464410,0.517899,0.388889,0.373060,0.216667,0.092882
6,52,0.444444,0.104839,0.015141,0.678767,0.555556,0.320312,0.133333,0.003028
6,53,0.222222,0.072581,0.000000,0.155450,0.777778,0.845169,0.166667,0.000000
6,54,0.444444,0.104839,0.351152,0.487059,0.555556,0.430873,0.166667,0.070230
6,55,0.388889,0.096774,0.000000,0.371154,0.611111,0.630323,0.166667,0.000000
6,56,0.388889,0.096774,0.000000,0.155498,0.611111,0.845120,0.116667,0.000000
6,57,0.611111,0.129032,0.491339,0.612346,0.388889,0.272547,0.133333,0.085012
6,58,0.277778,0.080645,0.077631,0.659244,0.722222,0.324808,0.250000,0.015526
6,59,0.055556,0.048387,0.000000,0.046839,0.944444,0.953347,0.416667,0.000000
6,60,0.444444,0.104839,0.315273,0.580441,0.555556,0.346446,0.150000,0.063055
6,61,0.777778,0.153226,0.296054,0.559357,0.222222,0.372043,0.133333,0.051223
6,62,0.555556,0.120968,0.000000,0.730094,0.444444,0.272811,0.133333,0.000000
6,63,0.500000,0.112903,0.016633,1.000000,0.500000,0.000000,0.133333,0.003327
6,64,0.388889,0.096774,0.000000,0.244179,0.611111,0.756792,0.150000,0.000000
6,65,0.611111,0.129032,0.655104,0.717940,0.388889,0.128196,0.116667,0.131021
6,66,0.333333,0.088710,0.277284,0.363581,0.666667,0.571531,0.150000,0.055457
6,67,0.277778,0.080645,0.000000,0.483153,0.722222,0.518769,0.283333,0.000000
6,68,0.722222,0.145161,0.067060,0.156936,0.277778,0.827646,0.116667,0.013412
6,69,0.277778,0.080645,0.000000,0.463508,0.722222,0.538337,0.183333,0.000000
6,70,0.277778,0.080645,0.000000,0.398499,0.722222,0.603087,0.150000,0.000000
6,71,0.388889,0.096774,0.000000,0.316584,0.611111,0.684676,0.133333,0.000000
6,72,0.333333,0.088710,0.000000,0.269421,0.666667,0.731651,0.250000,0.000000
6,73,0.444444,0.104839,0.000000,0.511053,0.555556,0.490981,0.133333,0.000000
6,74,0.166667,0.064516,0.000000,0.228455,0.833333,0.772454,0.183333,0.000000
6,75,0.444444,0.104839,0.015787,0.480318,0.555556,0.517816,0.133333,0.003157
6,76,0.777778,0.153226,0.000000,0.841914,0.222222,0.161436,0.116667,0.000000
6,77,0.333333,0.088710,0.107577,0.414407,0.666667,0.561506,0.183333,0.021515
6,78,0.222222,0.072581,0.000000,0.016107,0.777778,0.983957,0.150000,0.000000
6,79,0.500000,0.112903,0.072811,0.264114,0.500000,0.719518,0.183333,0.014562
6,80,0.166667,0.064516,0.000000,0.273987,0.833333,0.727103,0.250000,0.000000
6,81,0.555556,0.120968,0.000000,0.485363,0.444444,0.516569,0.150000,0.000000
6,82,0.444444,0.104839,0.000000,0.389159,0.555556,0.612390,0.166667,0.000000
6,83,1.000000,0.185484,0.408683,0.767230,0.000000,0.138054,0.150000,0.081737
6,84,0.277778,0.080645,0.000000,0.211505,0.722222,0.789337,0.166667,0.000000
6,85,0.277778,0.080645,0.000000,0.000000,0.722222,1.000000,0.166667,0.000000
6,86,0.111111,0.056452,0.000000,0.133485,0.888889,0.867046,0.366667,0.000000
6,87,0.388889,0.096774,0.262783,0.615035,0.611111,0.324547,0.150000,0.052557
6,88,0.388889,0.096774,0.000000,0.581263,0.611111,0.421050,0.183333,0.000000
6,89,0.166667,0.064516,0.000000,0.074745,0.833333,0.925553,0.216667,0.000000
6,90,0.722222,0.145161,0.000000,0.592223,0.277778,0.410134,0.133333,0.000000
6,91,0.444444,0.104839,0.000000,0.547783,0.555556,0.454397,0.150000,0.000000
6,92,0.611111,0.129032,0.426224,0.463664,0.388889,0.436215,0.133333,0.085245
6,93,0.277778,0.080645,0.000000,0.003792,0.722222,0.996223,0.150000,0.000000
6,94,0.055556,0.048387,0.000000,0.173884,0.944444,0.826808,0.250000,0.000000
6,95,0.444444,0.104839,0.000000,0.698278,0.555556,0.304500,0.216667,0.000000
6,96,0.611111,0.129032,0.000000,0.472705,0.388889,0.529176,0.133333,0.000000
6,97,0.500000,0.112903,0.000000,0.150689,0.500000,0.849911,0.133333,0.000000
6,98,0.388889,0.096774,0.000000,0.157479,0.611111,0.843148,0.166667,0.000000
6,99,0.166667,0.064516,0.000000,0.498998,0.833333,0.502988,0.416667,0.000000
6,100,0.222222,0.072581,0.000000,0.804823,0.777778,0.198380,0.266667,0.000000
6,101,0.277778,0.080645,0.000000,0.519579,0.722222,0.482489,0.133333,0.000000
6,102,0.555556,0.120968,0.190898,0.200005,0.444444,0.755122,0.166667,0.033029
6,103,0.222222,0.072581,0.000000,0.394667,0.777778,0.606903,0.283333,0.000000
6,104,0.555556,0.120968,0.000000,0.282906,0.444444,0.718220,0.133333,0.000000
6,105,0.555556,0.120968,0.575219,0.412189,0.444444,0.451842,0.133333,0.099524
6,106,0.277778,0.080645,0.466659,0.478423,0.722222,0.411842,0.250000,0.093332
6,107,0.333333,0.088710,0.364141,0.879567,0.666667,0.036819,0.233333,0.072828
6,108,0.000000,0.040323,0.000000,0.129337,1.000000,0.871178,0.416667,0.000000
6,109,0.777778,0.153226,0.150806,0.404761,0.222222,0.560772,0.150000,0.026092
6,110,0.333333,0.088710,0.000000,0.525604,0.666667,0.476487,0.133333,0.000000
6,111,0.222222,0.072581,0.000000,0.445408,0.777778,0.556364,0.333333,0.000000
6,112,0.388889,0.096774,0.000000,0.091098,0.611111,0.909264,0.133333,0.000000
6,113,0.388889,0.096774,0.000000,0.532046,0.611111,0.470071,0.166667,0.000000
6,114,0.611111,0.129032,0.471425,0.328874,0.388889,0.559655,0.116667,0.094285
6,115,0.388889,0.096774,0.243984,0.711293,0.611111,0.233168,0.183333,0.048797
6,116,0.277778,0.080645,0.000000,0.533789,0.722222,0.468335,0.250000,0.000000
6,117,0.444444,0.104839,0.000000,0.591652,0.555556,0.410703,0.116667,0.000000
6,118,0.444444,0.104839,0.950436,0.614821,0.555556,0.160252,0.116667,0.190087
6,119,0.222222,0.072581,0.112916,0.134794,0.777778,0.838730,0.283333,0.019537
6,120,0.166667,0.064516,0.000000,0.217913,0.833333,0.782954,0.166667,0.000000
6,121,0.722222,0.145161,1.000000,0.617524,0.277778,0.145703,0.133333,0.173020
6,122,0.333333,0.088710,0.490887,0.224092,0.666667,0.659364,0.166667,0.084933
6,123,0.444444,0.104839,0.185960,0.512070,0.555556,0.445480,0.133333,0.037192
6,124,0.222222,0.072581,0.044207,0.145813,0.777778,0.844191,0.183333,0.008841
7,0,0.222222,0.072581,0.000000,0.180306,0.777778,0.834915,0.180328,0.000000
7,1,0.222222,0.072581,0.000000,0.084387,0.777778,0.922737,0.311475,0.000000
7,2,0.333333,0.088710,0.000000,0.189567,0.666667,0.826436,0.163934,0.000000
7,3,0.166667,0.064516,0.000000,0.361353,0.833333,0.669153,0.344262,0.000000
7,4,0.388889,0.096774,0.000000,0.331378,0.611111,0.696597,0.163934,0.000000
7,5,0.444444,0.104839,0.000000,0.681689,0.555556,0.375859,0.163934,0.000000
7,6,0.166667,0.064516,0.000000,0.314314,0.833333,0.712220,0.262295,0.000000
7,7,0.388889,0.096774,0.000000,0.262009,0.611111,0.760110,0.114754,0.000000
7,8,0.611111,0.129032,0.976313,0.758143,0.388889,0.134346,0.131148,0.138678
7,9,0.333333,0.088710,0.000000,0.311107,0.666667,0.715157,0.114754,0.000000
7,10,0.444444,0.104839,0.000000,0.639148,0.555556,0.414808,0.163934,0.000000
7,11,0.388889,0.096774,0.000000,0.601237,0.611111,0.449519,0.131148,0.000000
7,12,0.388889,0.096774,0.000000,0.256632,0.611111,0.765033,0.196721,0.000000
7,13,0.500000,0.112903,0.000000,0.780157,0.500000,0.285704,0.131148,0.000000
7,14,0.222222,0.072581,0.275688,0.569012,0.777778,0.430592,0.213115,0.055138
7,15,0.500000,0.112903,0.361746,0.310410,0.500000,0.652245,0.131148,0.072349
7,16,0.611111,0.129032,0.439805,0.830920,0.388889,0.161964,0.131148,0.062471
7,17,0.166667,0.064516,0.000000,0.175354,0.833333,0.839450,0.327869,0.000000
7,18,0.277778,0.080645,0.000000,0.284302,0.722222,0.739698,0.311475,0.000000
7,19,0.111111,0.056452,0.000000,0.310372,0.888889,0.715829,0.377049,0.000000
7,20,0.111111,0.056452,0.000000,0.192775,0.888889,0.823500,0.327869,0.000000
7,21,0.444444,0.104839,0.000000,0.391460,0.555556,0.641587,0.163934,0.000000
7,22,0.166667,0.064516,0.000000,0.108442,0.833333,0.900713,0.311475,0.000000
7,23,0.555556,0.120968,0.419973,0.372338,0.444444,0.585316,0.147541,0.083995
7,24,0.222222,0.072581,0.000000,0.448922,0.777778,0.588976,0.278689,0.000000
7,25,0.277778,0.080645,0.000000,0.156227,0.722222,0.856962,0.196721,0.000000
7,26,0.500000,0.112903,0.000000,0.514014,0.500000,0.529379,0.147541,0.000000
7,27,0.277778,0.080645,0.464279,0.540536,0.722222,0.423534,0.163934,0.092856
7,28,0.166667,0.064516,0.000000,0.239801,0.833333,0.780443,0.311475,0.000000
7,29,0.166667,0.064516,0.000000,0.318374,0.833333,0.708503,0.377049,0.000000
7,30,0.277778,0.080645,0.000000,0.539551,0.722222,0.505998,0.344262,0.000000
7,31,0.555556,0.120968,0.000000,0.056541,0.444444,0.948232,0.147541,0.000000
7,32,0.111111,0.056452,0.000000,0.065348,0.888889,0.940169,0.393443,0.000000
7,33,0.055556,0.048387,0.000000,0.126947,0.944444,0.883770,0.409836,0.000000
7,34,0.666667,0.137097,0.661797,0.627586,0.333333,0.309133,0.180328,0.094003
7,35,0.333333,0.088710,0.692698,0.580182,0.666667,0.347108,0.131148,0.138540
7,36,0.388889,0.096774,0.000000,0.457894,0.611111,0.580762,0.213115,0.000000
7,37,0.277778,0.080645,0.000000,0.159004,0.722222,0.854420,0.180328,0.000000
7,38,0.111111,0.056452,0.000000,0.000000,0.888889,1.000000,0.426230,0.000000
7,39,0.333333,0.088710,0.000000,0.217805,0.666667,0.800582,0.163934,0.000000
7,40,0.388889,0.096774,0.000000,0.673075,0.611111,0.383746,0.131148,0.000000
7,41,0.611111,0.129032,0.496580,0.718794,0.388889,0.254650,0.114754,0.099316
7,42,0.166667,0.064516,0.000000,0.247680,0.833333,0.773229,0.131148,0.000000
7,43,0.222222,0.072581,0.000000,0.345611,0.777778,0.683565,0.147541,0.000000
7,44,0.277778,0.080645,0.000000,0.670690,0.722222,0.385930,0.245902,0.000000
7,45,0.333333,0.088710,0.000000,0.431053,0.666667,0.605336,0.163934,0.000000
7,46,0.500000,0.112903,0.763699,0.631005,0.500000,0.288102,0.131148,0.108478
7,47,0.333333,0.088710,0.000000,0.452056,0.666667,0.586107,0.163934,0.000000
7,48,0.555556,0.120968,0.152123,0.777413,0.444444,0.261492,0.114754,0.030425
7,49,0.444444,0.104839,0.114705,0.363544,0.555556,0.646995,0.147541,0.022941
7,50,0.722222,0.145161,0.661011,0.796517,0.277778,0.154602,0.131148,0.132202
7,51,0.611111,0.129032,0.724546,0.698229,0.388889,0.233431,0.213115,0.144909
7,52,0.444444,0.104839,0.155633,0.366902,0.555556,0.636731,0.131148,0.022107
7,53,0.222222,0.072581,0.000000,0.127372,0.777778,0.883381,0.163934,0.000000
7,54,0.444444,0.104839,0.476938,0.411298,0.555556,0.539638,0.163934,0.067746
7,55,0.388889,0.096774,0.000000,0.309473,0.611111,0.716653,0.163934,0.000000
7,56,0.388889,0.096774,0.000000,0.230617,0.611111,0.788852,0.114754,0.000000
7,57,0.611111,0.129032,0.203384,0.941003,0.388889,0.102707,0.147541,0.040677
7,58,0.277778,0.080645,0.000000,0.685320,0.722222,0.372535,0.245902,0.000000
7,59,0.055556,0.048387,0.000000,0.195136,0.944444,0.821337,0.409836,0.000000
7,60,0.444444,0.104839,1.000000,0.886753,0.555556,0.012432,0.147541,0.200000
7,61,0.777778,0.153226,0.054816,0.474236,0.222222,0.556170,0.147541,0.010963
7,62,0.555556,0.120968,0.000000,0.704264,0.444444,0.355190,0.131148,0.000000
7,63,0.500000,0.112903,0.019707,0.814456,0.500000,0.250839,0.131148,0.003941
7,64,0.388889,0.096774,0.209910,0.351386,0.611111,0.641402,0.147541,0.041982
7,65,0.611111,0.129032,0.520866,0.605278,0.388889,0.354317,0.114754,0.104173
7,66,0.333333,0.088710,0.859735,0.458746,0.666667,0.428948,0.147541,0.171947
7,67,0.277778,0.080645,0.000000,0.464994,0.722222,0.574261,0.278689,0.000000
7,68,0.722222,0.145161,0.810112,0.418280,0.277778,0.474715,0.114754,0.115071
7,69,0.277778,0.080645,0.000000,0.261122,0.722222,0.760922,0.180328,0.000000
7,70,0.277778,0.080645,0.424608,0.202554,0.722222,0.739952,0.147541,0.060312
7,71,0.388889,0.096774,0.000000,0.238232,0.611111,0.781879,0.131148,0.000000
7,72,0.333333,0.088710,0.000000,0.442091,0.666667,0.595231,0.245902,0.000000
7,73,0.444444,0.104839,0.000000,0.316115,0.555556,0.710571,0.131148,0.000000
7,74,0.166667,0.064516,0.000000,0.150734,0.833333,0.861991,0.180328,0.000000
7,75,0.444444,0.104839,0.000000,0.364131,0.555556,0.666609,0.131148,0.000000
7,76,0.777778,0.153226,0.480548,1.000000,0.222222,0.000000,0.114754,0.096110
7,77,0.333333,0.088710,0.000000,0.372338,0.666667,0.659095,0.180328,0.000000
7,78,0.222222,0.072581,0.000000,0.155438,0.777778,0.857684,0.147541,0.000000
7,79,0.500000,0.112903,0.374006,0.418906,0.500000,0.550754,0.180328,0.074801
7,80,0.166667,0.064516,0.000000,0.137498,0.833333,0.874110,0.245902,0.000000
7,81,0.555556,0.120968,0.000000,0.344307,0.444444,0.684759,0.147541,0.000000
7,82,0.444444,0.104839,0.000000,0.353377,0.555556,0.676455,0.163934,0.000000
7,83,1.000000,0.185484,0.374818,0.808553,0.000000,0.193859,0.147541,0.074964
7,84,0.277778,0.080645,0.000000,0.143208,0.722222,0.868881,0.163934,0.000000
7,85,0.277778,0.080645,0.000000,0.005587,0.722222,0.994885,0.163934,0.000000
7,86,0.111111,0.056452,0.345126,0.150880,0.888889,0.801228,0.360656,0.069025
7,87,0.388889,0.096774,0.108450,0.458062,0.611111,0.561556,0.147541,0.021690
7,88,0.388889,0.096774,0.000000,0.378318,0.611111,0.653620,0.180328,0.000000
7,89,0.166667,0.064516,0.000000,0.065722,0.833333,0.939826,0.213115,0.000000
7,90,0.722222,0.145161,0.234107,0.689576,0.277778,0.327512,0.131148,0.046821
7,91,0.444444,0.104839,0.000000,0.207398,0.555556,0.810111,0.147541,0.000000
7,92,0.611111,0.129032,0.340581,0.426686,0.388889,0.549503,0.131148,0.068116
7,93,0.277778,0.080645,0.000000,0.165857,0.722222,0.848145,0.147541,0.000000
7,94,0.055556,0.048387,0.000000,0.355994,0.944444,0.674059,0.245902,0.000000
7,95,0.444444,0.104839,0.000000,0.973084,0.555556,0.109063,0.213115,0.000000
7,96,0.611111,0.129032,0.132082,0.587204,0.388889,0.439164,0.131148,0.026416
7,97,0.500000,0.112903,0.000000,0.264454,0.500000,0.757871,0.131148,0.000000
7,98,0.388889,0.096774,0.096871,0.593665,0.611111,0.439435,0.163934,0.019374
7,99,0.166667,0.064516,0.000000,0.334510,0.833333,0.693730,0.409836,0.000000
7,100,0.222222,0.072581,0.000000,0.664755,0.777778,0.391363,0.262295,0.000000
7,101,0.277778,0.080645,0.029117,0.623454,0.722222,0.424063,0.131148,0.005823
7,102,0.555556,0.120968,0.125158,0.476623,0.444444,0.541626,0.180328,0.025032
7,103,0.222222,0.072581,0.000000,0.253184,0.777778,0.768190,0.278689,0.000000
7,104,0.555556,0.120968,0.000000,0.411444,0.444444,0.623290,0.131148,0.000000
7,105,0.555556,0.120968,0.556056,0.545423,0.444444,0.402937,0.147541,0.078984
7,106,0.277778,0.080645,0.662383,0.543105,0.722222,0.386380,0.245902,0.094087
7,107,0.333333,0.088710,0.558107,0.650189,0.666667,0.306655,0.229508,0.079275
7,108,0.000000,0.040323,0.000000,0.156905,1.000000,0.856341,0.409836,0.000000
7,109,0.777778,0.153226,0.000000,0.533616,0.222222,0.511432,0.163934,0.000000
7,110,0.333333,0.088710,0.000000,0.558600,0.666667,0.488557,0.131148,0.000000
7,111,0.222222,0.072581,0.000000,0.303932,0.777778,0.721726,0.327869,0.000000
7,112,0.388889,0.096774,0.000000,0.302804,0.611111,0.722759,0.131148,0.000000
7,113,0.388889,0.096774,0.000000,0.434989,0.611111,0.601733,0.163934,0.000000
7,114,0.611111,0.129032,0.007642,0.269538,0.388889,0.751874,0.114754,0.001528
7,115,0.388889,0.096774,0.155281,0.556697,0.611111,0.463020,0.180328,0.031056
7,116,0.277778,0.080645,0.000000,0.507929,0.722222,0.534950,0.245902,0.000000
7,117,0.444444,0.104839,0.000000,0.342169,0.555556,0.686717,0.114754,0.000000
7,118,0.444444,0.104839,0.710545,0.352667,0.555556,0.552281,0.114754,0.142109
7,119,0.222222,0.072581,0.391858,0.290620,0.777778,0.665075,0.295082,0.078372
7,120,0.166667,0.064516,0.000000,0.208150,0.833333,0.809422,0.163934,0.000000
7,121,0.722222,0.145161,0.776556,0.742394,0.277778,0.183858,0.147541,0.155311
7,122,0.333333,0.088710,0.018223,0.115951,0.666667,0.890636,0.180328,0.002588
7,123,0.444444,0.104839,0.000000,0.392631,0.555556,0.640515,0.131148,0.000000
7,124,0.222222,0.072581,0.536462,0.130054,0.777778,0.786682,0.180328,0.076200
8,0,0.222222,0.072581,0.000000,0.353347,0.777778,0.715448,0.177419,0.000000
8,1,0.222222,0.072581,0.000000,0.060166,0.777778,0.951548,0.306452,0.000000
8,2,0.333333,0.088710,0.000000,0.404462,0.666667,0.674284,0.161290,0.000000
8,3,0.166667,0.064516,0.000000,0.386403,0.833333,0.688827,0.338710,0.000000
8,4,0.388889,0.096774,0.000000,0.342770,0.611111,0.723965,0.161290,0.000000
8,5,0.444444,0.104839,0.000000,0.532602,0.555556,0.571092,0.161290,0.000000
8,6,0.166667,0.064516,0.000000,0.123915,0.833333,0.900210,0.258065,0.000000
8,7,0.388889,0.096774,0.006694,0.360965,0.611111,0.708009,0.112903,0.001339
8,8,0.611111,0.129032,0.094642,0.421934,0.388889,0.641787,0.145161,0.018928
8,9,0.333333,0.088710,0.000000,0.412325,0.666667,0.667952,0.112903,0.000000
8,10,0.444444,0.104839,0.000000,0.300698,0.555556,0.757846,0.161290,0.000000
8,11,0.388889,0.096774,0.000000,0.396252,0.611111,0.680895,0.129032,0.000000
8,12,0.388889,0.096774,0.000000,0.723280,0.611111,0.417538,0.193548,0.000000
8,13,0.500000,0.112903,0.000000,0.341642,0.500000,0.724873,0.129032,0.000000
8,14,0.222222,0.072581,0.000000,0.337143,0.777778,0.728497,0.209677,0.000000
8,15,0.500000,0.112903,0.407449,0.314208,0.500000,0.667639,0.129032,0.081490
8,16,0.611111,0.129032,0.248862,0.721520,0.388889,0.370503,0.145161,0.049772
8,17,0.166667,0.064516,0.000000,0.241763,0.833333,0.805307,0.322581,0.000000
8,18,0.277778,0.080645,0.000000,0.287006,0.722222,0.768872,0.306452,0.000000
8,19,0.111111,0.056452,0.000000,0.185799,0.888889,0.850375,0.370968,0.000000
8,20,0.111111,0.056452,0.000000,0.325988,0.888889,0.737480,0.322581,0.000000
8,21,0.444444,0.104839,0.000000,0.448207,0.555556,0.639056,0.161290,0.000000
8,22,0.166667,0.064516,0.000000,0.306252,0.833333,0.753373,0.306452,0.000000
8,23,0.555556,0.120968,0.222569,0.572445,0.444444,0.495673,0.145161,0.044514
8,24,0.222222,0.072581,0.000000,0.294602,0.777778,0.762755,0.274194,0.000000
8,25,0.277778,0.080645,0.000000,0.248062,0.722222,0.800234,0.193548,0.000000
8,26,0.500000,0.112903,0.000000,0.567462,0.500000,0.543019,0.145161,0.000000
8,27,0.277778,0.080645,0.195633,0.097457,0.722222,0.883429,0.161290,0.032638
8,28,0.166667,0.064516,0.000000,0.265953,0.833333,0.785826,0.306452,0.000000
8,29,0.166667,0.064516,0.000000,0.169638,0.833333,0.863389,0.370968,0.000000
8,30,0.277778,0.080645,0.000000,0.432711,0.722222,0.651535,0.338710,0.000000
8,31,0.555556,0.120968,0.000000,0.145780,0.444444,0.882602,0.145161,0.000000
8,32,0.111111,0.056452,0.000000,0.000000,0.888889,1.000000,0.387097,0.000000
8,33,0.055556,0.048387,0.000000,0.201198,0.944444,0.837974,0.403226,0.000000
8,34,0.666667,0.137097,0.077513,0.255738,0.333333,0.778961,0.193548,0.012932
8,35,0.333333,0.088710,0.000000,0.356749,0.666667,0.712707,0.129032,0.000000
8,36,0.388889,0.096774,0.238631,0.177543,0.611111,0.810563,0.209677,0.039811
8,37,0.277778,0.080645,0.163483,0.353259,0.722222,0.683690,0.177419,0.032697
8,38,0.111111,0.056452,0.000000,0.000000,0.888889,1.000000,0.419355,0.000000
8,39,0.333333,0.088710,0.000000,0.214012,0.666667,0.827655,0.161290,0.000000
8,40,0.388889,0.096774,0.000000,0.497488,0.611111,0.599370,0.129032,0.000000
8,41,0.611111,0.129032,0.512549,0.484634,0.388889,0.509931,0.112903,0.085509
8,42,0.166667,0.064516,0.000000,0.179875,0.833333,0.855146,0.129032,0.000000
8,43,0.222222,0.072581,0.000000,0.381685,0.777778,0.692626,0.145161,0.000000
8,44,0.277778,0.080645,0.000000,0.490188,0.722222,0.605248,0.241935,0.000000
8,45,0.333333,0.088710,0.000000,0.175820,0.666667,0.858411,0.161290,0.000000
8,46,0.500000,0.112903,0.336124,0.595934,0.500000,0.454649,0.145161,0.067225
8,47,0.333333,0.088710,0.041111,0.121826,0.666667,0.893888,0.161290,0.006859
8,48,0.555556,0.120968,0.000000,0.858331,0.444444,0.308780,0.112903,0.000000
8,49,0.444444,0.104839,0.048719,0.289923,0.555556,0.757038,0.145161,0.008128
8,50,0.722222,0.145161,0.000000,0.504415,0.277778,0.593791,0.129032,0.000000
8,51,0.611111,0.129032,0.000000,0.384088,0.388889,0.690691,0.209677,0.000000
8,52,0.444444,0.104839,0.059605,0.646027,0.555556,0.468145,0.145161,0.011921
8,53,0.222222,0.072581,0.162223,0.189401,0.777778,0.815890,0.161290,0.032445
8,54,0.444444,0.104839,0.038047,0.305235,0.555556,0.746785,0.177419,0.007609
8,55,0.388889,0.096774,0.000000,0.489365,0.611111,0.605911,0.161290,0.000000
8,56,0.388889,0.096774,0.000000,0.269869,0.611111,0.782673,0.112903,0.000000
8,57,0.611111,0.129032,0.017012,0.411403,0.388889,0.665382,0.145161,0.003402
8,58,0.277778,0.080645,0.045630,0.546670,0.722222,0.550879,0.241935,0.009126
8,59,0.055556,0.048387,0.000000,0.224175,0.944444,0.819470,0.403226,0.000000
8,60,0.444444,0.104839,0.347560,0.168422,0.555556,0.796701,0.145161,0.057984
8,61,0.777778,0.153226,0.138581,0.504604,0.222222,0.566658,0.145161,0.027716
8,62,0.555556,0.120968,0.000000,0.469614,0.444444,0.621817,0.129032,0.000000
8,63,0.500000,0.112903,0.015212,0.465842,0.500000,0.621893,0.129032,0.003042
8,64,0.388889,0.096774,0.119117,0.262970,0.611111,0.765038,0.145161,0.023823
8,65,0.611111,0.129032,0.000000,0.274222,0.388889,0.779167,0.112903,0.000000
8,66,0.333333,0.088710,0.317478,0.465281,0.666667,0.563495,0.145161,0.063496
8,67,0.277778,0.080645,0.000000,0.567699,0.722222,0.542828,0.274194,0.000000
8,68,0.722222,0.145161,0.478891,0.528006,0.277778,0.481556,0.129032,0.095778
8,69,0.277778,0.080645,0.000000,0.146476,0.722222,0.882042,0.177419,0.000000
8,70,0.277778,0.080645,0.000000,0.383980,0.722222,0.690779,0.161290,0.000000
8,71,0.388889,0.096774,0.000000,0.402513,0.611111,0.675853,0.129032,0.000000
8,72,0.333333,0.088710,0.000000,0.181698,0.666667,0.853677,0.241935,0.000000
8,73,0.444444,0.104839,0.000000,0.205317,0.555556,0.834657,0.129032,0.000000
8,74,0.166667,0.064516,0.000000,0.062302,0.833333,0.949828,0.177419,0.000000
8,75,0.444444,0.104839,0.110310,0.405956,0.555556,0.651604,0.129032,0.022062
8,76,0.777778,0.153226,0.000000,0.809144,0.222222,0.348391,0.112903,0.000000
8,77,0.333333,0.088710,0.628454,0.695131,0.666667,0.317850,0.177419,0.104846
8,78,0.222222,0.072581,0.000000,0.218560,0.777778,0.823992,0.145161,0.000000
8,79,0.500000,0.112903,0.334835,0.331886,0.500000,0.667540,0.177419,0.066967
8,80,0.166667,0.064516,0.000000,0.096144,0.833333,0.922574,0.241935,0.000000
8,81,0.555556,0.120968,0.000000,0.340403,0.444444,0.725871,0.145161,0.000000
8,82,0.444444,0.104839,0.000000,0.204421,0.555556,0.835378,0.161290,0.000000
8,83,1.000000,0.185484,1.000000,1.000000,0.000000,0.000000,0.145161,0.200000
8,84,0.277778,0.080645,0.000000,0.156167,0.722222,0.874238,0.161290,0.000000
8,85,0.277778,0.080645,0.000000,0.031185,0.722222,0.974886,0.161290,0.000000
8,86,0.111111,0.056452,0.220405,0.125175,0.888889,0.856284,0.354839,0.036770
8,87,0.388889,0.096774,0.113565,0.413705,0.611111,0.644730,0.145161,0.022713
8,88,0.388889,0.096774,0.425135,0.644818,0.611111,0.397953,0.177419,0.070926
8,89,0.166667,0.064516,0.000000,0.131205,0.833333,0.894340,0.209677,0.000000
8,90,0.722222,0.145161,0.202047,0.520648,0.277778,0.541381,0.129032,0.040409
8,91,0.444444,0.104839,0.000000,0.126934,0.555556,0.897779,0.145161,0.000000
8,92,0.611111,0.129032,0.000000,0.429747,0.388889,0.653922,0.129032,0.000000
8,93,0.277778,0.080645,0.000000,0.126358,0.722222,0.898243,0.145161,0.000000
8,94,0.055556,0.048387,0.000000,0.325790,0.944444,0.737639,0.241935,0.000000
8,95,0.444444,0.104839,0.000000,0.554750,0.555556,0.553256,0.209677,0.000000
8,96,0.611111,0.129032,0.344515,0.587829,0.388889,0.459543,0.129032,0.057476
8,97,0.500000,0.112903,0.000000,0.261454,0.500000,0.789450,0.129032,0.000000
8,98,0.388889,0.096774,0.423412,0.667775,0.611111,0.379801,0.161290,0.084682
8,99,0.166667,0.064516,0.000000,0.176074,0.833333,0.858206,0.403226,0.000000
8,100,0.222222,0.072581,0.000000,0.428997,0.777778,0.654526,0.258065,0.000000
8,101,0.277778,0.080645,0.087879,0.425844,0.722222,0.639956,0.129032,0.017576
8,102,0.555556,0.120968,0.305377,0.371443,0.444444,0.641419,0.177419,0.050947
8,103,0.222222,0.072581,0.000000,0.223370,0.777778,0.820119,0.274194,0.000000
8,104,0.555556,0.120968,0.000000,0.417162,0.444444,0.664057,0.129032,0.000000
8,105,0.555556,0.120968,0.189071,0.334505,0.444444,0.693810,0.161290,0.037814
8,106,0.277778,0.080645,0.182851,0.420128,0.722222,0.626068,0.258065,0.036570
8,107,0.333333,0.088710,0.045399,0.539349,0.666667,0.556820,0.241935,0.009080
8,108,0.000000,0.040323,0.000000,0.262678,1.000000,0.788464,0.403226,0.000000
8,109,0.777778,0.153226,0.400418,0.905083,0.222222,0.193172,0.161290,0.080084
8,110,0.333333,0.088710,0.000000,0.164761,0.666667,0.867317,0.129032,0.000000
8,111,0.222222,0.072581,0.000000,0.413480,0.777778,0.667022,0.322581,0.000000
8,112,0.388889,0.096774,0.431151,0.085552,0.611111,0.847162,0.129032,0.071930
8,113,0.388889,0.096774,0.000000,0.402539,0.611111,0.675833,0.161290,0.000000
8,114,0.611111,0.129032,0.386456,0.578173,0.388889,0.459153,0.112903,0.077291
8,115,0.388889,0.096774,0.793374,0.531899,0.611111,0.417193,0.177419,0.132360
8,116,0.277778,0.080645,0.000000,0.314949,0.722222,0.746369,0.241935,0.000000
8,117,0.444444,0.104839,0.221164,0.359108,0.555556,0.667749,0.112903,0.036897
8,118,0.444444,0.104839,0.536274,0.273242,0.555556,0.675547,0.112903,0.107255
8,119,0.222222,0.072581,0.635951,0.286284,0.777778,0.645638,0.290323,0.106097
8,120,0.166667,0.064516,0.000000,0.161383,0.833333,0.870037,0.161290,0.000000
8,121,0.722222,0.145161,0.318283,0.609250,0.277778,0.447399,0.145161,0.063657
8,122,0.333333,0.088710,0.000000,0.219264,0.666667,0.823425,0.193548,0.000000
8,123,0.444444,0.104839,0.000000,0.285462,0.555556,0.770116,0.129032,0.000000
8,124,0.222222,0.072581,0.526834,0.313626,0.777778,0.644864,0.193548,0.087892
9,0,0.222222,0.072581,0.000000,0.139120,0.777778,0.875317,0.174603,0.000000
9,1,0.222222,0.072581,0.000000,0.322041,0.777778,0.711380,0.301587,0.000000
9,2,0.333333,0.088710,0.000000,0.606405,0.666667,0.456526,0.158730,0.000000
9,3,0.166667,0.064516,0.000000,0.409037,0.833333,0.633412,0.333333,0.000000
9,4,0.388889,0.096774,0.000000,0.234174,0.611111,0.790128,0.158730,0.000000
9,5,0.444444,0.104839,0.422297,0.334068,0.555556,0.605160,0.158730,0.061351
9,6,0.166667,0.064516,0.000000,0.292030,0.833333,0.738277,0.253968,0.000000
9,7,0.388889,0.096774,0.590030,0.649595,0.611111,0.284469,0.111111,0.118006
9,8,0.611111,0.129032,0.415087,0.737200,0.388889,0.245494,0.142857,0.083017
9,9,0.333333,0.088710,0.000000,0.408281,0.666667,0.634089,0.111111,0.000000
9,10,0.444444,0.104839,0.000000,0.438982,0.555556,0.606575,0.158730,0.000000
9,11,0.388889,0.096774,0.000000,0.487792,0.611111,0.562830,0.126984,0.000000
9,12,0.388889,0.096774,0.363016,0.719532,0.611111,0.273096,0.190476,0.072603
9,13,0.500000,0.112903,0.501692,0.556405,0.500000,0.387952,0.126984,0.072885
9,14,0.222222,0.072581,0.853242,0.670190,0.777778,0.206524,0.206349,0.123957
9,15,0.500000,0.112903,0.386087,0.456424,0.500000,0.503685,0.126984,0.077217
9,16,0.611111,0.129032,0.501092,0.828429,0.388889,0.144295,0.142857,0.072798
9,17,0.166667,0.064516,0.000000,0.193599,0.833333,0.826492,0.317460,0.000000
9,18,0.277778,0.080645,0.000000,0.463075,0.722222,0.584982,0.301587,0.000000
9,19,0.111111,0.056452,0.000000,0.244274,0.888889,0.781076,0.365079,0.000000
9,20,0.111111,0.056452,0.000000,0.267238,0.888889,0.760495,0.317460,0.000000
9,21,0.444444,0.104839,0.000000,0.376937,0.555556,0.662181,0.158730,0.000000
9,22,0.166667,0.064516,0.000000,0.249055,0.833333,0.776792,0.301587,0.000000
9,23,0.555556,0.120968,0.233954,0.556639,0.444444,0.448254,0.142857,0.046791
9,24,0.222222,0.072581,0.175837,0.352896,0.777778,0.643987,0.269841,0.025545
9,25,0.277778,0.080645,0.000000,0.393976,0.722222,0.646910,0.190476,0.000000
9,26,0.500000,0.112903,0.000000,0.718547,0.500000,0.356022,0.142857,0.000000
9,27,0.277778,0.080645,0.378368,0.471346,0.722222,0.492056,0.174603,0.075674
9,28,0.166667,0.064516,0.000000,0.233847,0.833333,0.790421,0.301587,0.000000
9,29,0.166667,0.064516,0.000000,0.390210,0.833333,0.650286,0.365079,0.000000
9,30,0.277778,0.080645,0.160616,0.448036,0.722222,0.562160,0.333333,0.032123
9,31,0.555556,0.120968,0.145431,0.294066,0.444444,0.703583,0.142857,0.021128
9,32,0.111111,0.056452,0.000000,0.021912,0.888889,0.980362,0.380952,0.000000
9,33,0.055556,0.048387,0.000000,0.109977,0.944444,0.901436,0.396825,0.000000
9,34,0.666667,0.137097,0.329851,0.586318,0.333333,0.399981,0.206349,0.065970
9,35,0.333333,0.088710,0.593188,0.466828,0.666667,0.447555,0.126984,0.086177
9,36,0.388889,0.096774,0.000000,0.629250,0.611111,0.436052,0.222222,0.000000
9,37,0.277778,0.080645,0.079911,0.677755,0.722222,0.374521,0.174603,0.015982
9,38,0.111111,0.056452,0.000000,0.016560,0.888889,0.985158,0.412698,0.000000
9,39,0.333333,0.088710,0.000000,0.259987,0.666667,0.766994,0.158730,0.000000
9,40,0.388889,0.096774,0.000000,0.361073,0.611111,0.676398,0.126984,0.000000
9,41,0.611111,0.129032,0.353548,0.885405,0.388889,0.126578,0.126984,0.070710
9,42,0.166667,0.064516,0.140702,0.302040,0.833333,0.697505,0.126984,0.020441
9,43,0.222222,0.072581,0.000000,0.190371,0.777778,0.829385,0.142857,0.000000
9,44,0.277778,0.080645,0.000000,0.433501,0.722222,0.611487,0.238095,0.000000
9,45,0.333333,0.088710,0.142561,0.357966,0.666667,0.646964,0.158730,0.028512
9,46,0.500000,0.112903,0.000000,0.512482,0.500000,0.540703,0.142857,0.000000
9,47,0.333333,0.088710,0.003746,0.275768,0.666667,0.752004,0.174603,0.000749
9,48,0.555556,0.120968,0.089258,0.836282,0.444444,0.230333,0.111111,0.017852
9,49,0.444444,0.104839,0.000000,0.391654,0.555556,0.648991,0.158730,0.000000
9,50,0.722222,0.145161,0.000000,0.586529,0.277778,0.474340,0.126984,0.000000
9,51,0.611111,0.129032,0.431603,0.778749,0.388889,0.204524,0.206349,0.086321
9,52,0.444444,0.104839,0.369572,0.393526,0.555556,0.563788,0.142857,0.053691
9,53,0.222222,0.072581,0.481806,0.298001,0.777778,0.624034,0.158730,0.069996
9,54,0.444444,0.104839,0.832437,0.905875,0.555556,0.000000,0.174603,0.166487
9,55,0.388889,0.096774,0.000000,0.508343,0.611111,0.544412,0.158730,0.000000
9,56,0.388889,0.096774,0.000000,0.639748,0.611111,0.426644,0.111111,0.000000
9,57,0.611111,0.129032,0.505855,0.968923,0.388889,0.017304,0.142857,0.101171
9,58,0.277778,0.080645,0.475553,0.342586,0.722222,0.585490,0.238095,0.069088
9,59,0.055556,0.048387,0.000000,0.000000,0.944444,1.000000,0.396825,0.000000
9,60,0.444444,0.104839,0.317543,0.770479,0.555556,0.237714,0.158730,0.063509
9,61,0.777778,0.153226,0.399346,0.900101,0.222222,0.103056,0.142857,0.079869
9,62,0.555556,0.120968,0.000000,0.407692,0.444444,0.634618,0.126984,0.000000
9,63,0.500000,0.112903,0.000000,0.836967,0.500000,0.249892,0.126984,0.000000
9,64,0.388889,0.096774,0.000000,0.531629,0.611111,0.523543,0.142857,0.000000
9,65,0.611111,0.129032,0.205573,0.822307,0.388889,0.216570,0.111111,0.041115
9,66,0.333333,0.088710,0.171673,0.406634,0.666667,0.596767,0.142857,0.034335
9,67,0.277778,0.080645,0.000000,0.695116,0.722222,0.377022,0.269841,0.000000
9,68,0.722222,0.145161,0.124666,0.689372,0.277778,0.353994,0.126984,0.024933
9,69,0.277778,0.080645,0.000000,0.159024,0.722222,0.857480,0.174603,0.000000
9,70,0.277778,0.080645,0.084783,0.388799,0.722222,0.632389,0.158730,0.016957
9,71,0.388889,0.096774,0.000000,0.119187,0.611111,0.893182,0.126984,0.000000
9,72,0.333333,0.088710,0.000000,0.181177,0.666667,0.837625,0.238095,0.000000
9,73,0.444444,0.104839,0.000000,0.433842,0.555556,0.611182,0.126984,0.000000
9,74,0.166667,0.064516,0.000000,0.335398,0.833333,0.699409,0.174603,0.000000
9,75,0.444444,0.104839,0.000000,0.438347,0.555556,0.607144,0.126984,0.000000
9,76,0.777778,0.153226,0.000000,0.626693,0.222222,0.438344,0.111111,0.000000
9,77,0.333333,0.088710,0.000000,0.345871,0.666667,0.690023,0.190476,0.000000
9,78,0.222222,0.072581,0.000000,0.239770,0.777778,0.785113,0.142857,0.000000
9,79,0.500000,0.112903,0.000000,0.337976,0.500000,0.697098,0.174603,0.000000
9,80,0.166667,0.064516,0.000000,0.213543,0.833333,0.808618,0.238095,0.000000
9,81,0.555556,0.120968,0.000000,0.220488,0.444444,0.802394,0.142857,0.000000
9,82,0.444444,0.104839,0.000000,0.430422,0.555556,0.614247,0.158730,0.000000
9,83,1.000000,0.185484,0.289556,1.000000,0.000000,0.038337,0.142857,0.057911
9,84,0.277778,0.080645,0.000000,0.063608,0.722222,0.942993,0.158730,0.000000
9,85,0.277778,0.080645,0.000000,0.258820,0.722222,0.768040,0.158730,0.000000
9,86,0.111111,0.056452,0.182915,0.231687,0.888889,0.751017,0.365079,0.036583
9,87,0.388889,0.096774,0.844675,0.316562,0.611111,0.525389,0.142857,0.122713
9,88,0.388889,0.096774,0.378257,0.401833,0.611111,0.554381,0.190476,0.054953
9,89,0.166667,0.064516,0.000000,0.180333,0.833333,0.838381,0.206349,0.000000
9,90,0.722222,0.145161,0.341277,0.695638,0.277778,0.299424,0.126984,0.068255
9,91,0.444444,0.104839,0.000000,0.456778,0.555556,0.590626,0.142857,0.000000
9,92,0.611111,0.129032,0.000000,0.534238,0.388889,0.521204,0.126984,0.000000
9,93,0.277778,0.080645,0.000000,0.154326,0.722222,0.861690,0.142857,0.000000
9,94,0.055556,0.048387,0.000000,0.139526,0.944444,0.874954,0.238095,0.000000
9,95,0.444444,0.104839,0.000000,0.515300,0.555556,0.538177,0.206349,0.000000
9,96,0.611111,0.129032,0.000000,0.563442,0.388889,0.495032,0.142857,0.000000
9,97,0.500000,0.112903,0.356610,0.386106,0.500000,0.573368,0.126984,0.071322
9,98,0.388889,0.096774,0.344415,0.366961,0.611111,0.593282,0.158730,0.068883
9,99,0.166667,0.064516,0.000000,0.346129,0.833333,0.689792,0.396825,0.000000
9,100,0.222222,0.072581,0.000000,0.523074,0.777778,0.531210,0.253968,0.000000
9,101,0.277778,0.080645,0.429287,0.585237,0.722222,0.378477,0.126984,0.085857
9,102,0.555556,0.120968,0.344492,0.619511,0.444444,0.366924,0.190476,0.068898
9,103,0.222222,0.072581,0.000000,0.296013,0.777778,0.734707,0.269841,0.000000
9,104,0.555556,0.120968,0.119478,0.482264,0.444444,0.540781,0.126984,0.023896
9,105,0.555556,0.120968,0.000000,0.466247,0.444444,0.582139,0.158730,0.000000
9,106,0.277778,0.080645,0.000000,0.521018,0.722222,0.533053,0.253968,0.000000
9,107,0.333333,0.088710,0.134101,0.572631,0.666667,0.456488,0.238095,0.026820
9,108,0.000000,0.040323,0.000000,0.124362,1.000000,0.888545,0.396825,0.000000
9,109,0.777778,0.153226,0.053809,0.381334,0.222222,0.646079,0.158730,0.010762
9,110,0.333333,0.088710,0.000000,0.645090,0.666667,0.421857,0.126984,0.000000
9,111,0.222222,0.072581,0.000000,0.509938,0.777778,0.542983,0.317460,0.000000
9,112,0.388889,0.096774,0.002251,0.261188,0.611111,0.765409,0.142857,0.000450
9,113,0.388889,0.096774,0.000000,0.448405,0.611111,0.598130,0.158730,0.000000
9,114,0.611111,0.129032,0.000000,0.315960,0.388889,0.716830,0.111111,0.000000
9,115,0.388889,0.096774,0.628882,0.727414,0.611111,0.205945,0.190476,0.125776
9,116,0.277778,0.080645,0.000000,0.408659,0.722222,0.633751,0.238095,0.000000
9,117,0.444444,0.104839,0.000000,0.482515,0.555556,0.567559,0.126984,0.000000
9,118,0.444444,0.104839,1.000000,0.669749,0.555556,0.173751,0.111111,0.145278
9,119,0.222222,0.072581,0.052701,0.324836,0.777778,0.696964,0.301587,0.010540
9,120,0.166667,0.064516,0.000000,0.095838,0.833333,0.914108,0.158730,0.000000
9,121,0.722222,0.145161,0.203535,0.669134,0.277778,0.354308,0.142857,0.040707
9,122,0.333333,0.088710,0.180965,0.464519,0.666667,0.542789,0.190476,0.036193
9,123,0.444444,0.104839,0.000000,0.399632,0.555556,0.641841,0.126984,0.000000
9,124,0.222222,0.072581,0.000000,0.240197,0.777778,0.784730,0.206349,0.000000
10,0,0.222222,0.072581,0.000000,0.015898,0.777778,0.985926,0.171875,0.000000
10,1,0.222222,0.072581,0.000000,0.247525,0.777778,0.780873,0.296875,0.000000
10,2,0.333333,0.088710,0.000000,0.305540,0.666667,0.729513,0.156250,0.000000
10,3,0.166667,0.064516,0.000000,0.388520,0.833333,0.656053,0.328125,0.000000
10,4,0.388889,0.096774,0.000000,0.379682,0.611111,0.663877,0.156250,0.000000
10,5,0.444444,0.104839,0.642334,0.390456,0.555556,0.536060,0.171875,0.094223
10,6,0.166667,0.064516,0.000000,0.172604,0.833333,0.847198,0.250000,0.000000
10,7,0.388889,0.096774,0.233803,0.419457,0.611111,0.585613,0.109375,0.046761
10,8,0.611111,0.129032,0.623033,1.000000,0.388889,0.000000,0.140625,0.124607
10,9,0.333333,0.088710,0.000000,0.397115,0.666667,0.648444,0.109375,0.000000
10,10,0.444444,0.104839,0.000000,0.472480,0.555556,0.581725,0.156250,0.000000
10,11,0.388889,0.096774,0.000000,0.497857,0.611111,0.559260,0.125000,0.000000
10,12,0.388889,0.096774,0.124117,0.511833,0.611111,0.524032,0.187500,0.024823
10,13,0.500000,0.112903,0.099270,0.625253,0.500000,0.428200,0.140625,0.019854
10,14,0.222222,0.072581,0.501456,0.623833,0.777778,0.355398,0.218750,0.073558
10,15,0.500000,0.112903,0.960364,0.224887,0.500000,0.624072,0.125000,0.140875
10,16,0.611111,0.129032,0.240919,0.882378,0.388889,0.174490,0.156250,0.048184
10,17,0.166667,0.064516,0.000000,0.390831,0.833333,0.654007,0.312500,0.000000
10,18,0.277778,0.080645,0.000000,0.486727,0.722222,0.569113,0.296875,0.000000
10,19,0.111111,0.056452,0.000000,0.000000,0.888889,1.000000,0.359375,0.000000
10,20,0.111111,0.056452,0.000000,0.332156,0.888889,0.705950,0.312500,0.000000
10,21,0.444444,0.104839,0.000000,0.248632,0.555556,0.779893,0.156250,0.000000
10,22,0.166667,0.064516,0.000000,0.041398,0.833333,0.963352,0.296875,0.000000
10,23,0.555556,0.120968,0.418975,0.354210,0.444444,0.609277,0.140625,0.083795
10,24,0.222222,0.072581,0.260062,0.280751,0.777778,0.703571,0.281250,0.038148
10,25,0.277778,0.080645,0.443198,0.179518,0.722222,0.759467,0.187500,0.065012
10,26,0.500000,0.112903,0.000000,0.411317,0.500000,0.635871,0.140625,0.000000
10,27,0.277778,0.080645,0.917098,0.595087,0.722222,0.304310,0.171875,0.134528
10,28,0.166667,0.064516,0.000000,0.170131,0.833333,0.849387,0.296875,0.000000
10,29,0.166667,0.064516,0.000000,0.296670,0.833333,0.737366,0.359375,0.000000
10,30,0.277778,0.080645,0.055176,0.328499,0.722222,0.699028,0.328125,0.008094
10,31,0.555556,0.120968,0.000000,0.243611,0.444444,0.784337,0.156250,0.000000
10,32,0.111111,0.056452,0.000000,0.025106,0.888889,0.977774,0.375000,0.000000
10,33,0.055556,0.048387,0.000000,0.162290,0.944444,0.856329,0.390625,0.000000
10,34,0.666667,0.137097,0.335354,0.518723,0.333333,0.479036,0.203125,0.067071
10,35,0.333333,0.088710,0.058825,0.162349,0.666667,0.845444,0.140625,0.011765
10,36,0.388889,0.096774,0.470549,0.553078,0.611111,0.423727,0.218750,0.069024
10,37,0.277778,0.080645,0.320476,0.366430,0.722222,0.616596,0.171875,0.064095
10,38,0.111111,0.056452,0.000000,0.142397,0.888889,0.873940,0.406250,0.000000
10,39,0.333333,0.088710,0.000000,0.257364,0.666667,0.772162,0.156250,0.000000
10,40,0.388889,0.096774,0.000000,0.541722,0.611111,0.520427,0.125000,0.000000
10,41,0.611111,0.129032,0.223728,0.789303,0.388889,0.260053,0.125000,0.044746
10,42,0.166667,0.064516,0.000000,0.331141,0.833333,0.706849,0.140625,0.000000
10,43,0.222222,0.072581,0.000000,0.159360,0.777778,0.858922,0.140625,0.000000
10,44,0.277778,0.080645,0.000000,0.578061,0.722222,0.488257,0.234375,0.000000
10,45,0.333333,0.088710,0.065361,0.172097,0.666667,0.835612,0.156250,0.013072
10,46,0.500000,0.112903,0.000000,0.264815,0.500000,0.765566,0.140625,0.000000
10,47,0.333333,0.088710,0.000000,0.287557,0.666667,0.745433,0.171875,0.000000
10,48,0.555556,0.120968,0.257901,0.944240,0.444444,0.116598,0.109375,0.051580
10,49,0.444444,0.104839,0.000000,0.236646,0.555556,0.790503,0.156250,0.000000
10,50,0.722222,0.145161,0.119650,0.422270,0.277778,0.604142,0.125000,0.023930
10,51,0.611111,0.129032,0.542151,0.607840,0.388889,0.362063,0.203125,0.108430
10,52,0.444444,0.104839,0.000000,0.503539,0.555556,0.554230,0.156250,0.000000
10,53,0.222222,0.072581,0.115853,0.149498,0.777778,0.846320,0.171875,0.016994
10,54,0.444444,0.104839,0.777558,0.583916,0.555556,0.339895,0.171875,0.155512
10,55,0.388889,0.096774,0.000000,0.560383,0.611111,0.503907,0.156250,0.000000
10,56,0.388889,0.096774,0.000000,0.356530,0.611111,0.684373,0.109375,0.000000
10,57,0.611111,0.129032,0.659504,0.751882,0.388889,0.212937,0.140625,0.096742
10,58,0.277778,0.080645,0.000000,0.662916,0.722222,0.413137,0.250000,0.000000
10,59,0.055556,0.048387,0.000000,0.075499,0.944444,0.933163,0.390625,0.000000
10,60,0.444444,0.104839,0.048112,0.586854,0.555556,0.471614,0.156250,0.009622
10,61,0.777778,0.153226,0.000000,0.825646,0.222222,0.269076,0.140625,0.000000
10,62,0.555556,0.120968,0.000000,0.615168,0.444444,0.455407,0.125000,0.000000
10,63,0.500000,0.112903,0.000000,0.854887,0.500000,0.243190,0.125000,0.000000
10,64,0.388889,0.096774,0.065137,0.514673,0.611111,0.532379,0.140625,0.013027
10,65,0.611111,0.129032,1.000000,0.751733,0.388889,0.150370,0.109375,0.200000
10,66,0.333333,0.088710,0.426833,0.411082,0.666667,0.557482,0.140625,0.085367
10,67,0.277778,0.080645,0.000000,0.260234,0.722222,0.769621,0.265625,0.000000
10,68,0.722222,0.145161,0.341924,0.618062,0.277778,0.389883,0.125000,0.068385
10,69,0.277778,0.080645,0.513678,0.227342,0.722222,0.704151,0.171875,0.102736
10,70,0.277778,0.080645,0.109535,0.169541,0.722222,0.829740,0.156250,0.016068
10,71,0.388889,0.096774,0.000000,0.216520,0.611111,0.808320,0.125000,0.000000
10,72,0.333333,0.088710,0.000000,0.291838,0.666667,0.741643,0.234375,0.000000
10,73,0.444444,0.104839,0.000000,0.499411,0.555556,0.557884,0.125000,0.000000
10,74,0.166667,0.064516,0.000000,0.347956,0.833333,0.691963,0.171875,0.000000
10,75,0.444444,0.104839,0.066548,0.257398,0.555556,0.759878,0.125000,0.013310
10,76,0.777778,0.153226,0.421794,0.827018,0.222222,0.190193,0.109375,0.084359
10,77,0.333333,0.088710,0.280017,0.507352,0.666667,0.499292,0.187500,0.056003
10,78,0.222222,0.072581,0.000000,0.090168,0.777778,0.920177,0.140625,0.000000
10,79,0.500000,0.112903,0.135259,0.197470,0.500000,0.800278,0.171875,0.019841
10,80,0.166667,0.064516,0.000000,0.178523,0.833333,0.841958,0.234375,0.000000
10,81,0.555556,0.120968,0.000000,0.559878,0.444444,0.504354,0.140625,0.000000
10,82,0.444444,0.104839,0.000000,0.318301,0.555556,0.718216,0.156250,0.000000
10,83,1.000000,0.185484,0.937794,0.706660,0.000000,0.201727,0.140625,0.137564
10,84,0.277778,0.080645,0.000000,0.012790,0.722222,0.988678,0.156250,0.000000
10,85,0.277778,0.080645,0.000000,0.008413,0.722222,0.992553,0.156250,0.000000
10,86,0.111111,0.056452,0.200211,0.244797,0.888889,0.746421,0.359375,0.040042
10,87,0.388889,0.096774,0.422038,0.477297,0.611111,0.499747,0.156250,0.084408
10,88,0.388889,0.096774,0.051123,0.365005,0.611111,0.667457,0.203125,0.010225
10,89,0.166667,0.064516,0.000000,0.094611,0.833333,0.916244,0.203125,0.000000
10,90,0.722222,0.145161,0.000000,0.453319,0.277778,0.598688,0.125000,0.000000
10,91,0.444444,0.104839,0.000000,0.204837,0.555556,0.818663,0.140625,0.000000
10,92,0.611111,0.129032,0.179527,0.301108,0.388889,0.700378,0.125000,0.035905
10,93,0.277778,0.080645,0.000000,0.248008,0.722222,0.780445,0.140625,0.000000
10,94,0.055556,0.048387,0.000000,0.280570,0.944444,0.751619,0.234375,0.000000
10,95,0.444444,0.104839,0.000000,0.511743,0.555556,0.546967,0.203125,0.000000
10,96,0.611111,0.129032,0.000000,0.730170,0.388889,0.353599,0.140625,0.000000
10,97,0.500000,0.112903,0.024198,0.324696,0.500000,0.708099,0.125000,0.004840
10,98,0.388889,0.096774,0.107230,0.212934,0.611111,0.791750,0.156250,0.015730
10,99,0.166667,0.064516,0.000000,0.275184,0.833333,0.756387,0.390625,0.000000
10,100,0.222222,0.072581,0.000000,0.901105,0.777778,0.202275,0.250000,0.000000
10,101,0.277778,0.080645,0.000000,0.612483,0.722222,0.457784,0.125000,0.000000
10,102,0.555556,0.120968,0.325376,0.220610,0.444444,0.744785,0.187500,0.047729
10,103,0.222222,0.072581,0.000000,0.447407,0.777778,0.603922,0.265625,0.000000
10,104,0.555556,0.120968,0.300218,0.352074,0.444444,0.633036,0.125000,0.060044
10,105,0.555556,0.120968,0.000000,0.674477,0.444444,0.402902,0.156250,0.000000
10,106,0.277778,0.080645,0.176347,0.457785,0.722222,0.562262,0.250000,0.025868
10,107,0.333333,0.088710,0.436714,0.669420,0.666667,0.326963,0.234375,0.087343
10,108,0.000000,0.040323,0.000000,0.192493,1.000000,0.829591,0.390625,0.000000
10,109,0.777778,0.153226,0.000000,0.569180,0.222222,0.496119,0.156250,0.000000
10,110,0.333333,0.088710,0.000000,0.312855,0.666667,0.723037,0.125000,0.000000
10,111,0.222222,0.072581,0.000000,0.552548,0.777778,0.510843,0.312500,0.000000
10,112,0.388889,0.096774,0.000000,0.151497,0.611111,0.865883,0.140625,0.000000
10,113,0.388889,0.096774,0.000000,0.434321,0.611111,0.615507,0.156250,0.000000
10,114,0.611111,0.129032,0.000000,0.173140,0.388889,0.846723,0.109375,0.000000
10,115,0.388889,0.096774,0.189817,0.732357,0.611111,0.316710,0.187500,0.037963
10,116,0.277778,0.080645,0.000000,0.405505,0.722222,0.641017,0.234375,0.000000
10,117,0.444444,0.104839,0.000000,0.403918,0.555556,0.642421,0.125000,0.000000
10,118,0.444444,0.104839,0.649505,0.477074,0.555556,0.458058,0.125000,0.129901
10,119,0.222222,0.072581,0.000000,0.230824,0.777778,0.795658,0.296875,0.000000
10,120,0.166667,0.064516,0.000000,0.137875,0.833333,0.877942,0.156250,0.000000
10,121,0.722222,0.145161,0.624759,0.650518,0.277778,0.309070,0.140625,0.124952
10,122,0.333333,0.088710,0.000000,0.285981,0.666667,0.746828,0.187500,0.000000
10,123,0.444444,0.104839,0.000000,0.341896,0.555556,0.697328,0.125000,0.000000
10,124,0.222222,0.072581,0.000000,0.154293,0.777778,0.863408,0.203125,0.000000
11,0,0.222222,0.072581,0.000000,0.059050,0.777778,0.951220,0.169231,0.000000
11,1,0.222222,0.072581,0.000000,0.200329,0.777778,0.834512,0.292308,0.000000
11,2,0.333333,0.088710,0.000000,0.060150,0.666667,0.950311,0.153846,0.000000
11,3,0.166667,0.064516,0.000000,0.094249,0.833333,0.922142,0.323077,0.000000
11,4,0.388889,0.096774,0.000000,0.210270,0.611111,0.826300,0.153846,0.000000
11,5,0.444444,0.104839,0.263974,0.159368,0.555556,0.822439,0.184615,0.052795
11,6,0.166667,0.064516,0.000000,0.067831,0.833333,0.943966,0.246154,0.000000
11,7,0.388889,0.096774,0.021297,0.215445,0.611111,0.818321,0.107692,0.004259
11,8,0.611111,0.129032,0.238094,0.811094,0.388889,0.288561,0.138462,0.047619
11,9,0.333333,0.088710,0.000000,0.220961,0.666667,0.817469,0.107692,0.000000
11,10,0.444444,0.104839,0.000000,0.280097,0.555556,0.768617,0.153846,0.000000
11,11,0.388889,0.096774,0.000000,0.236115,0.611111,0.804949,0.123077,0.000000
11,12,0.388889,0.096774,0.000000,0.568283,0.611111,0.530552,0.184615,0.000000
11,13,0.500000,0.112903,0.000000,0.304627,0.500000,0.748353,0.138462,0.000000
11,14,0.222222,0.072581,0.273220,0.273020,0.777778,0.726945,0.230769,0.044415
11,15,0.500000,0.112903,0.000000,0.217193,0.500000,0.820581,0.138462,0.000000
11,16,0.611111,0.129032,0.108188,0.871428,0.388889,0.261313,0.153846,0.021638
11,17,0.166667,0.064516,0.000000,0.245898,0.833333,0.796869,0.307692,0.000000
11,18,0.277778,0.080645,0.000000,0.035057,0.722222,0.971040,0.292308,0.000000
11,19,0.111111,0.056452,0.000000,0.099804,0.888889,0.917554,0.353846,0.000000
11,20,0.111111,0.056452,0.000000,0.262898,0.888889,0.782825,0.307692,0.000000
11,21,0.444444,0.104839,0.000000,0.173564,0.555556,0.856622,0.153846,0.000000
11,22,0.166667,0.064516,0.000000,0.119172,0.833333,0.901555,0.292308,0.000000
11,23,0.555556,0.120968,0.317129,0.316396,0.444444,0.683476,0.138462,0.051553
11,24,0.222222,0.072581,0.000000,0.276963,0.777778,0.771206,0.292308,0.000000
11,25,0.277778,0.080645,0.228197,0.217668,0.722222,0.780501,0.200000,0.045639
11,26,0.500000,0.112903,0.000000,0.391630,0.500000,0.676481,0.138462,0.000000
11,27,0.277778,0.080645,0.156063,0.305382,0.722222,0.720587,0.184615,0.031213
11,28,0.166667,0.064516,0.000000,0.126423,0.833333,0.895565,0.292308,0.000000
11,29,0.166667,0.064516,0.000000,0.090379,0.833333,0.925340,0.353846,0.000000
11,30,0.277778,0.080645,0.139728,0.586330,0.722222,0.491342,0.338462,0.027946
11,31,0.555556,0.120968,0.000000,0.183169,0.444444,0.848687,0.153846,0.000000
11,32,0.111111,0.056452,0.000000,0.171381,0.888889,0.858426,0.369231,0.000000
11,33,0.055556,0.048387,0.000000,0.224576,0.944444,0.814482,0.384615,0.000000
11,34,0.666667,0.137097,0.088450,0.336994,0.333333,0.706232,0.200000,0.017690
11,35,0.333333,0.088710,0.190393,0.338160,0.666667,0.687540,0.138462,0.038079
11,36,0.388889,0.096774,0.000000,0.241565,0.611111,0.800447,0.230769,0.000000
11,37,0.277778,0.080645,0.104238,0.087305,0.722222,0.909750,0.169231,0.016945
11,38,0.111111,0.056452,0.000000,0.065736,0.888889,0.945696,0.400000,0.000000
11,39,0.333333,0.088710,0.000000,0.249890,0.666667,0.793570,0.153846,0.000000
11,40,0.388889,0.096774,0.000000,0.504583,0.611111,0.583174,0.123077,0.000000
11,41,0.611111,0.129032,0.000000,0.722977,0.388889,0.402762,0.123077,0.000000
11,42,0.166667,0.064516,0.320286,0.488662,0.833333,0.540621,0.138462,0.064057
11,43,0.222222,0.072581,0.000000,0.218394,0.777778,0.819589,0.138462,0.000000
11,44,0.277778,0.080645,0.000000,0.583654,0.722222,0.517854,0.230769,0.000000
11,45,0.333333,0.088710,0.495327,0.197240,0.666667,0.750917,0.153846,0.080521
11,46,0.500000,0.112903,0.000000,0.351540,0.500000,0.709599,0.138462,0.000000
11,47,0.333333,0.088710,0.000000,0.364467,0.666667,0.698921,0.169231,0.000000
11,48,0.555556,0.120968,1.000000,1.000000,0.444444,0.000000,0.107692,0.162561
11,49,0.444444,0.104839,0.000000,0.383327,0.555556,0.683340,0.153846,0.000000
11,50,0.722222,0.145161,0.365473,0.476112,0.277778,0.543130,0.123077,0.073095
11,51,0.611111,0.129032,0.571005,0.528236,0.388889,0.464326,0.200000,0.114201
11,52,0.444444,0.104839,0.000000,0.515206,0.555556,0.574398,0.153846,0.000000
11,53,0.222222,0.072581,0.000000,0.177233,0.777778,0.853591,0.184615,0.000000
11,54,0.444444,0.104839,0.640123,0.611001,0.555556,0.383934,0.169231,0.128025
11,55,0.388889,0.096774,0.000000,0.314597,0.611111,0.740117,0.153846,0.000000
11,56,0.388889,0.096774,0.000000,0.353029,0.611111,0.708369,0.107692,0.000000
11,57,0.611111,0.129032,0.332462,0.875625,0.388889,0.218841,0.153846,0.066492
11,58,0.277778,0.080645,0.000000,0.383243,0.722222,0.683410,0.246154,0.000000
11,59,0.055556,0.048387,0.000000,0.176051,0.944444,0.854568,0.384615,0.000000
11,60,0.444444,0.104839,0.580587,0.430044,0.555556,0.543774,0.153846,0.094381
11,61,0.777778,0.153226,0.000000,0.405507,0.222222,0.665018,0.138462,0.000000
11,62,0.555556,0.120968,0.000000,0.546971,0.444444,0.548157,0.123077,0.000000
11,63,0.500000,0.112903,0.006358,0.601831,0.500000,0.501732,0.123077,0.001272
11,64,0.388889,0.096774,0.000000,0.192197,0.611111,0.841229,0.138462,0.000000
11,65,0.611111,0.129032,0.032443,0.426824,0.388889,0.641766,0.107692,0.006489
11,66,0.333333,0.088710,0.134162,0.105391,0.666667,0.889605,0.138462,0.021810
11,67,0.277778,0.080645,0.000000,0.372025,0.722222,0.692677,0.261538,0.000000
11,68,0.722222,0.145161,0.000000,0.319769,0.277778,0.735845,0.123077,0.000000
11,69,0.277778,0.080645,0.544068,0.206727,0.722222,0.734603,0.169231,0.088444
11,70,0.277778,0.080645,0.000000,0.268898,0.722222,0.777869,0.169231,0.000000
11,71,0.388889,0.096774,0.000000,0.294191,0.611111,0.756974,0.123077,0.000000
11,72,0.333333,0.088710,0.000000,0.211531,0.666667,0.825258,0.230769,0.000000
11,73,0.444444,0.104839,0.000000,0.191525,0.555556,0.841785,0.123077,0.000000
11,74,0.166667,0.064516,0.000000,0.053292,0.833333,0.955976,0.169231,0.000000
11,75,0.444444,0.104839,0.043288,0.195981,0.555556,0.830575,0.123077,0.008658
11,76,0.777778,0.153226,0.000000,0.732061,0.222222,0.395258,0.107692,0.000000
11,77,0.333333,0.088710,0.635775,0.621680,0.666667,0.375869,0.184615,0.127155
11,78,0.222222,0.072581,0.000000,0.112219,0.777778,0.907298,0.138462,0.000000
11,79,0.500000,0.112903,0.000000,0.382285,0.500000,0.684201,0.184615,0.000000
11,80,0.166667,0.064516,0.000000,0.145475,0.833333,0.879826,0.230769,0.000000
11,81,0.555556,0.120968,0.000000,0.425435,0.444444,0.648556,0.138462,0.000000
11,82,0.444444,0.104839,0.244990,0.239270,0.555556,0.759735,0.153846,0.048998
11,83,1.000000,0.185484,0.953582,0.874286,0.000000,0.111923,0.153846,0.190716
11,84,0.277778,0.080645,0.173829,0.137341,0.722222,0.856313,0.153846,0.028258
11,85,0.277778,0.080645,0.014784,0.019713,0.722222,0.981144,0.153846,0.002957
11,86,0.111111,0.056452,0.000000,0.000000,0.888889,1.000000,0.353846,0.000000
11,87,0.388889,0.096774,0.024074,0.366892,0.611111,0.692730,0.153846,0.004815
11,88,0.388889,0.096774,0.402478,0.556221,0.611111,0.470517,0.200000,0.080496
11,89,0.166667,0.064516,0.000000,0.105431,0.833333,0.912905,0.200000,0.000000
11,90,0.722222,0.145161,0.338189,0.549109,0.277778,0.487574,0.123077,0.067638
11,91,0.444444,0.104839,0.000000,0.231895,0.555556,0.808436,0.138462,0.000000
11,92,0.611111,0.129032,0.506049,0.563192,0.388889,0.446746,0.123077,0.101210
11,93,0.277778,0.080645,0.000000,0.159268,0.722222,0.868432,0.138462,0.000000
11,94,0.055556,0.048387,0.000000,0.313881,0.944444,0.740708,0.230769,0.000000
11,95,0.444444,0.104839,0.000000,0.459832,0.555556,0.620142,0.200000,0.000000
11,96,0.611111,0.129032,0.000000,0.571079,0.388889,0.528242,0.138462,0.000000
11,97,0.500000,0.112903,0.000000,0.360512,0.500000,0.702187,0.123077,0.000000
11,98,0.388889,0.096774,0.000000,0.455828,0.611111,0.623449,0.169231,0.000000
11,99,0.166667,0.064516,0.000000,0.207369,0.833333,0.828696,0.384615,0.000000
11,100,0.222222,0.072581,0.000000,0.525363,0.777778,0.566007,0.246154,0.000000
11,101,0.277778,0.080645,0.136921,0.388078,0.722222,0.655603,0.123077,0.022258
11,102,0.555556,0.120968,0.010013,0.070139,0.444444,0.940318,0.200000,0.002003
11,103,0.222222,0.072581,0.000000,0.561106,0.777778,0.536481,0.261538,0.000000
11,104,0.555556,0.120968,0.127326,0.172464,0.444444,0.835386,0.123077,0.020698
11,105,0.555556,0.120968,0.223363,0.399607,0.444444,0.631045,0.153846,0.044673
11,106,0.277778,0.080645,0.222285,0.501086,0.722222,0.547403,0.261538,0.044457
11,107,0.333333,0.088710,0.277884,0.682348,0.666667,0.387996,0.230769,0.055577
11,108,0.000000,0.040323,0.000000,0.059200,1.000000,0.951096,0.384615,0.000000
11,109,0.777778,0.153226,0.323594,0.826056,0.222222,0.261331,0.153846,0.064719
11,110,0.333333,0.088710,0.000000,0.387746,0.666667,0.679690,0.123077,0.000000
11,111,0.222222,0.072581,0.000000,0.291108,0.777778,0.759521,0.307692,0.000000
11,112,0.388889,0.096774,0.000000,0.072168,0.611111,0.940383,0.138462,0.000000
11,113,0.388889,0.096774,0.000000,0.552566,0.611111,0.543535,0.153846,0.000000
11,114,0.611111,0.129032,0.060505,0.417007,0.388889,0.644995,0.107692,0.009836
11,115,0.388889,0.096774,0.051723,0.651506,0.611111,0.452807,0.184615,0.010345
11,116,0.277778,0.080645,0.000000,0.349897,0.722222,0.710956,0.230769,0.000000
11,117,0.444444,0.104839,0.000000,0.622938,0.555556,0.485403,0.123077,0.000000
11,118,0.444444,0.104839,0.996910,0.295799,0.555556,0.582265,0.123077,0.162059
11,119,0.222222,0.072581,0.098532,0.184429,0.777778,0.830510,0.292308,0.019706
11,120,0.166667,0.064516,0.000000,0.218982,0.833333,0.819103,0.153846,0.000000
11,121,0.722222,0.145161,0.982087,0.491648,0.277778,0.423055,0.138462,0.159649
11,122,0.333333,0.088710,0.225232,0.220539,0.666667,0.778645,0.184615,0.036614
11,123,0.444444,0.104839,0.016196,0.456178,0.555556,0.620343,0.123077,0.003239
11,124,0.222222,0.072581,0.555904,0.332952,0.777778,0.628273,0.200000,0.111181
12,0,0.222222,0.072581,0.000000,0.135996,0.777778,0.879111,0.166667,0.000000
12,1,0.222222,0.072581,0.000000,0.255391,0.777778,0.772978,0.287879,0.000000
12,2,0.333333,0.088710,0.000000,0.263241,0.666667,0.766000,0.151515,0.000000
12,3,0.166667,0.064516,0.000000,0.207210,0.833333,0.815807,0.318182,0.000000
12,4,0.388889,0.096774,0.000000,0.300646,0.611111,0.732750,0.151515,0.000000
12,5,0.444444,0.104839,0.727874,0.317900,0.555556,0.569287,0.181818,0.101528
12,6,0.166667,0.064516,0.000000,0.391528,0.833333,0.651964,0.242424,0.000000
12,7,0.388889,0.096774,0.453655,0.401255,0.611111,0.550996,0.106061,0.063278
12,8,0.611111,0.129032,0.461364,0.895511,0.388889,0.110074,0.136364,0.092273
12,9,0.333333,0.088710,0.395272,0.335239,0.666667,0.621560,0.106061,0.055135
12,10,0.444444,0.104839,0.000000,0.278474,0.555556,0.752459,0.151515,0.000000
12,11,0.388889,0.096774,0.000000,0.309439,0.611111,0.724934,0.121212,0.000000
12,12,0.388889,0.096774,0.254260,0.475328,0.611111,0.525729,0.181818,0.050852
12,13,0.500000,0.112903,0.000000,0.479858,0.500000,0.573445,0.136364,0.000000
12,14,0.222222,0.072581,0.564090,0.383046,0.777778,0.544709,0.242424,0.112818
12,15,0.500000,0.112903,0.277091,0.456845,0.500000,0.537513,0.136364,0.055418
12,16,0.611111,0.129032,0.394271,0.836980,0.388889,0.175757,0.151515,0.078854
12,17,0.166667,0.064516,0.000000,0.177254,0.833333,0.842436,0.303030,0.000000
12,18,0.277778,0.080645,0.000000,0.290617,0.722222,0.741666,0.287879,0.000000
12,19,0.111111,0.056452,0.000000,0.266033,0.888889,0.763518,0.348485,0.000000
12,20,0.111111,0.056452,0.000000,0.226479,0.888889,0.798679,0.303030,0.000000
12,21,0.444444,0.104839,0.000000,0.499824,0.555556,0.555697,0.151515,0.000000
12,22,0.166667,0.064516,0.000000,0.450516,0.833333,0.599528,0.287879,0.000000
12,23,0.555556,0.120968,0.159358,0.552550,0.444444,0.476398,0.151515,0.022228
12,24,0.222222,0.072581,0.000000,0.152386,0.777778,0.864542,0.287879,0.000000
12,25,0.277778,0.080645,0.342365,0.149405,0.722222,0.797519,0.196970,0.068473
12,26,0.500000,0.112903,0.000000,0.993606,0.500000,0.116765,0.136364,0.000000
12,27,0.277778,0.080645,0.099167,0.389810,0.722222,0.633310,0.181818,0.019833
12,28,0.166667,0.064516,0.000000,0.104377,0.833333,0.907217,0.287879,0.000000
12,29,0.166667,0.064516,0.000000,0.199142,0.833333,0.822979,0.348485,0.000000
12,30,0.277778,0.080645,0.000000,0.590254,0.722222,0.475313,0.333333,0.000000
12,31,0.555556,0.120968,0.000000,0.264619,0.444444,0.764775,0.151515,0.000000
12,32,0.111111,0.056452,0.000000,0.114819,0.888889,0.897936,0.363636,0.000000
12,33,0.055556,0.048387,0.000000,0.140229,0.944444,0.875348,0.378788,0.000000
12,34,0.666667,0.137097,0.500573,0.789483,0.333333,0.196345,0.196970,0.100115
12,35,0.333333,0.088710,0.871034,0.405487,0.666667,0.462297,0.136364,0.121497
12,36,0.388889,0.096774,0.052369,0.322692,0.611111,0.702496,0.227273,0.010474
12,37,0.277778,0.080645,0.000000,0.418294,0.722222,0.628171,0.181818,0.000000
12,38,0.111111,0.056452,0.000000,0.076110,0.888889,0.932344,0.393939,0.000000
12,39,0.333333,0.088710,0.000000,0.282720,0.666667,0.748685,0.151515,0.000000
12,40,0.388889,0.096774,0.000000,0.893058,0.611111,0.206144,0.121212,0.000000
12,41,0.611111,0.129032,0.000000,1.000000,0.388889,0.111081,0.121212,0.000000
12,42,0.166667,0.064516,0.037132,0.313280,0.833333,0.713963,0.136364,0.007426
12,43,0.222222,0.072581,0.000000,0.184402,0.777778,0.836082,0.136364,0.000000
12,44,0.277778,0.080645,0.000000,0.569988,0.722222,0.493327,0.227273,0.000000
12,45,0.333333,0.088710,0.003330,0.672339,0.666667,0.401668,0.166667,0.000666
12,46,0.500000,0.112903,0.000000,0.488002,0.500000,0.566206,0.136364,0.000000
12,47,0.333333,0.088710,0.000000,0.446707,0.666667,0.602914,0.166667,0.000000
12,48,0.555556,0.120968,0.324291,0.980816,0.444444,0.062140,0.121212,0.064858
12,49,0.444444,0.104839,0.000000,0.601727,0.555556,0.465114,0.151515,0.000000
12,50,0.722222,0.145161,1.000000,0.538112,0.277778,0.318158,0.121212,0.139485
12,51,0.611111,0.129032,0.524857,0.513486,0.388889,0.436743,0.196970,0.073210
12,52,0.444444,0.104839,0.000000,0.453319,0.555556,0.597036,0.151515,0.000000
12,53,0.222222,0.072581,0.000000,0.183499,0.777778,0.836884,0.181818,0.000000
12,54,0.444444,0.104839,0.000000,0.462646,0.555556,0.588745,0.166667,0.000000
12,55,0.388889,0.096774,0.000000,0.393807,0.611111,0.649938,0.151515,0.000000
12,56,0.388889,0.096774,0.000000,0.542099,0.611111,0.518118,0.106061,0.000000
12,57,0.611111,0.129032,0.282190,0.831982,0.388889,0.203009,0.151515,0.056438
12,58,0.277778,0.080645,0.018135,0.411202,0.722222,0.630784,0.242424,0.003627
12,59,0.055556,0.048387,0.000000,0.333327,0.944444,0.703699,0.378788,0.000000
12,60,0.444444,0.104839,0.404719,0.682886,0.555556,0.310608,0.166667,0.080944
12,61,0.777778,0.153226,0.000000,0.519650,0.222222,0.538074,0.136364,0.000000
12,62,0.555556,0.120968,0.000000,0.652359,0.444444,0.420106,0.121212,0.000000
12,63,0.500000,0.112903,0.269346,0.581631,0.500000,0.428165,0.121212,0.053869
12,64,0.388889,0.096774,0.000000,0.517251,0.611111,0.540206,0.136364,0.000000
12,65,0.611111,0.129032,0.188537,0.610216,0.388889,0.419200,0.106061,0.026298
12,66,0.333333,0.088710,0.333208,0.505142,0.666667,0.483161,0.151515,0.066642
12,67,0.277778,0.080645,0.000000,0.496219,0.722222,0.558902,0.257576,0.000000
12,68,0.722222,0.145161,0.000000,0.740871,0.277778,0.341426,0.121212,0.000000
12,69,0.277778,0.080645,0.143598,0.020434,0.722222,0.952613,0.181818,0.020030
12,70,0.277778,0.080645,0.115467,0.384895,0.722222,0.634362,0.166667,0.016106
12,71,0.388889,0.096774,0.000000,0.445670,0.611111,0.603835,0.121212,0.000000
12,72,0.333333,0.088710,0.000000,0.368770,0.666667,0.672194,0.227273,0.000000
12,73,0.444444,0.104839,0.000000,0.120016,0.555556,0.893315,0.121212,0.000000
12,74,0.166667,0.064516,0.000000,0.330692,0.833333,0.706042,0.166667,0.000000
12,75,0.444444,0.104839,0.216516,0.531607,0.555556,0.483383,0.121212,0.043303
12,76,0.777778,0.153226,0.182147,0.659734,0.222222,0.376483,0.106061,0.025407
12,77,0.333333,0.088710,0.553476,0.614062,0.666667,0.341514,0.181818,0.077202
12,78,0.222222,0.072581,0.000000,0.121892,0.777778,0.891648,0.136364,0.000000
12,79,0.500000,0.112903,0.000000,0.449044,0.500000,0.600837,0.181818,0.000000
12,80,0.166667,0.064516,0.000000,0.343595,0.833333,0.694572,0.227273,0.000000
12,81,0.555556,0.120968,0.000000,0.674981,0.444444,0.399997,0.136364,0.000000
12,82,0.444444,0.104839,0.811446,0.459365,0.555556,0.426529,0.151515,0.113185
12,83,1.000000,0.185484,0.386171,0.962539,0.000000,0.065794,0.151515,0.077234
12,84,0.277778,0.080645,0.211975,0.094600,0.722222,0.872771,0.166667,0.042395
12,85,0.277778,0.080645,0.000000,0.000000,0.722222,1.000000,0.151515,0.000000
12,86,0.111111,0.056452,0.000000,0.227660,0.888889,0.797629,0.348485,0.000000
12,87,0.388889,0.096774,0.118873,0.397289,0.611111,0.622651,0.151515,0.023775
12,88,0.388889,0.096774,0.053426,0.731621,0.611111,0.338776,0.196970,0.010685
12,89,0.166667,0.064516,0.000000,0.030606,0.833333,0.972794,0.196970,0.000000
12,90,0.722222,0.145161,0.806862,0.645906,0.277778,0.261643,0.121212,0.161372
12,91,0.444444,0.104839,0.000000,0.294980,0.555556,0.737786,0.136364,0.000000
12,92,0.611111,0.129032,0.000000,0.753368,0.388889,0.330317,0.121212,0.000000
12,93,0.277778,0.080645,0.000000,0.196870,0.722222,0.824998,0.136364,0.000000
12,94,0.055556,0.048387,0.000000,0.220493,0.944444,0.804000,0.227273,0.000000
12,95,0.444444,0.104839,0.000000,0.691590,0.555556,0.385233,0.196970,0.000000
12,96,0.611111,0.129032,0.000000,0.389469,0.388889,0.653794,0.136364,0.000000
12,97,0.500000,0.112903,0.537983,0.513504,0.500000,0.434055,0.121212,0.107597
12,98,0.388889,0.096774,0.000000,0.469424,0.611111,0.582721,0.166667,0.000000
12,99,0.166667,0.064516,0.000000,0.216485,0.833333,0.807563,0.378788,0.000000
12,100,0.222222,0.072581,0.000000,0.495793,0.777778,0.559281,0.242424,0.000000
12,101,0.277778,0.080645,0.009909,0.557226,0.722222,0.502655,0.136364,0.001982
12,102,0.555556,0.120968,0.055711,0.305150,0.444444,0.717410,0.196970,0.011142
12,103,0.222222,0.072581,0.000000,0.517898,0.777778,0.539630,0.257576,0.000000
12,104,0.555556,0.120968,0.000000,0.492970,0.444444,0.561790,0.136364,0.000000
12,105,0.555556,0.120968,0.000000,0.454314,0.444444,0.596152,0.151515,0.000000
12,106,0.277778,0.080645,0.174884,0.589875,0.722222,0.440059,0.257576,0.034977
12,107,0.333333,0.088710,0.798233,0.942220,0.666667,0.000000,0.227273,0.159647
12,108,0.000000,0.040323,0.000000,0.164366,1.000000,0.853892,0.378788,0.000000
12,109,0.777778,0.153226,0.860629,0.909078,0.222222,0.016763,0.151515,0.172126
12,110,0.333333,0.088710,0.276940,0.440090,0.666667,0.552438,0.121212,0.055388
12,111,0.222222,0.072581,0.000000,0.358951,0.777778,0.680922,0.303030,0.000000
12,112,0.388889,0.096774,0.000000,0.297171,0.611111,0.735839,0.136364,0.000000
12,113,0.388889,0.096774,0.000000,0.740246,0.611111,0.341982,0.151515,0.000000
12,114,0.611111,0.129032,0.000000,0.408116,0.388889,0.637218,0.121212,0.000000
12,115,0.388889,0.096774,0.540317,0.583111,0.611111,0.371705,0.181818,0.075366
12,116,0.277778,0.080645,0.000000,0.517465,0.722222,0.540015,0.227273,0.000000
12,117,0.444444,0.104839,0.000000,0.505255,0.555556,0.550869,0.121212,0.000000
12,118,0.444444,0.104839,0.292544,0.515080,0.555556,0.482602,0.136364,0.058509
12,119,0.222222,0.072581,0.394492,0.385567,0.777778,0.576982,0.287879,0.078898
12,120,0.166667,0.064516,0.000000,0.179551,0.833333,0.840393,0.151515,0.000000
12,121,0.722222,0.145161,0.420899,0.705756,0.277778,0.286986,0.151515,0.084180
12,122,0.333333,0.088710,0.209457,0.501045,0.666667,0.511986,0.196970,0.041891
12,123,0.444444,0.104839,0.079042,0.293385,0.555556,0.723119,0.121212,0.011025
12,124,0.222222,0.072581,0.423129,0.317528,0.777778,0.631635,0.196970,0.059020
13,0,0.222222,0.072581,0.000000,0.107614,0.777778,0.894272,0.164179,0.000000
13,1,0.222222,0.072581,0.000000,0.342613,0.777778,0.663391,0.283582,0.000000
13,2,0.333333,0.088710,0.000000,0.252605,0.666667,0.751822,0.149254,0.000000
13,3,0.166667,0.064516,0.000000,0.177741,0.833333,0.825374,0.313433,0.000000
13,4,0.388889,0.096774,0.000000,0.236832,0.611111,0.767319,0.149254,0.000000
13,5,0.444444,0.104839,0.000000,0.115042,0.555556,0.886974,0.194030,0.000000
13,6,0.166667,0.064516,0.000000,0.200404,0.833333,0.803108,0.238806,0.000000
13,7,0.388889,0.096774,0.000000,0.530634,0.611111,0.478666,0.119403,0.000000
13,8,0.611111,0.129032,0.515392,0.489821,0.388889,0.427483,0.134328,0.069413
13,9,0.333333,0.088710,0.000000,0.492090,0.666667,0.516534,0.119403,0.000000
13,10,0.444444,0.104839,0.000000,0.353326,0.555556,0.652866,0.149254,0.000000
13,11,0.388889,0.096774,0.000000,0.283882,0.611111,0.721094,0.119403,0.000000
13,12,0.388889,0.096774,0.067223,0.464013,0.611111,0.532214,0.179104,0.013445
13,13,0.500000,0.112903,0.116749,0.450187,0.500000,0.537026,0.134328,0.023350
13,14,0.222222,0.072581,0.573472,0.245284,0.777778,0.657448,0.238806,0.114694
13,15,0.500000,0.112903,0.512035,0.597492,0.500000,0.322294,0.134328,0.102407
13,16,0.611111,0.129032,0.688324,0.537858,0.388889,0.349661,0.149254,0.092704
13,17,0.166667,0.064516,0.000000,0.138172,0.833333,0.864249,0.298507,0.000000
13,18,0.277778,0.080645,0.000000,0.174201,0.722222,0.828852,0.283582,0.000000
13,19,0.111111,0.056452,0.000000,0.133272,0.888889,0.869064,0.343284,0.000000
13,20,0.111111,0.056452,0.000000,0.187451,0.888889,0.815834,0.298507,0.000000
13,21,0.444444,0.104839,0.000000,0.476615,0.555556,0.531738,0.149254,0.000000
13,22,0.166667,0.064516,0.000000,0.392062,0.833333,0.614809,0.283582,0.000000
13,23,0.555556,0.120968,0.000000,0.587260,0.444444,0.423033,0.164179,0.000000
13,24,0.222222,0.072581,0.000000,0.331102,0.777778,0.674701,0.283582,0.000000
13,25,0.277778,0.080645,0.398847,0.343899,0.722222,0.591489,0.194030,0.079769
13,26,0.500000,0.112903,0.000000,0.539536,0.500000,0.469920,0.134328,0.000000
13,27,0.277778,0.080645,0.074099,0.311605,0.722222,0.680733,0.179104,0.014820
13,28,0.166667,0.064516,0.000000,0.084272,0.833333,0.917205,0.283582,0.000000
13,29,0.166667,0.064516,0.000000,0.223519,0.833333,0.780399,0.343284,0.000000
13,30,0.277778,0.080645,0.000000,0.301197,0.722222,0.704082,0.328358,0.000000
13,31,0.555556,0.120968,0.000000,0.507880,0.444444,0.501021,0.149254,0.000000
13,32,0.111111,0.056452,0.000000,0.133390,0.888889,0.868947,0.358209,0.000000
13,33,0.055556,0.048387,0.000000,0.132985,0.944444,0.869346,0.373134,0.000000
13,34,0.666667,0.137097,0.000000,0.321262,0.333333,0.684369,0.194030,0.000000
13,35,0.333333,0.088710,0.127240,0.331914,0.666667,0.651368,0.149254,0.025448
13,36,0.388889,0.096774,0.122854,0.278507,0.611111,0.704616,0.223881,0.024571
13,37,0.277778,0.080645,0.000000,0.317178,0.722222,0.688381,0.179104,0.000000
13,38,0.111111,0.056452,0.000000,0.165152,0.888889,0.837742,0.388060,0.000000
13,39,0.333333,0.088710,0.000000,0.405679,0.666667,0.601431,0.149254,0.000000
13,40,0.388889,0.096774,0.000000,0.718323,0.611111,0.294266,0.119403,0.000000
13,41,0.611111,0.129032,0.000000,0.637633,0.388889,0.373543,0.119403,0.000000
13,42,0.166667,0.064516,0.084523,0.209595,0.833333,0.779108,0.134328,0.016905
13,43,0.222222,0.072581,0.000000,0.169634,0.777778,0.833339,0.134328,0.000000
13,44,0.277778,0.080645,0.000000,0.398823,0.722222,0.608167,0.223881,0.000000
13,45,0.333333,0.088710,0.741663,0.414969,0.666667,0.460949,0.164179,0.099888
13,46,0.500000,0.112903,0.000000,0.410706,0.500000,0.596492,0.134328,0.000000
13,47,0.333333,0.088710,0.000000,0.158317,0.666667,0.844457,0.164179,0.000000
13,48,0.555556,0.120968,0.000000,1.000000,0.444444,0.017526,0.119403,0.000000
13,49,0.444444,0.104839,0.353522,0.414689,0.555556,0.529967,0.149254,0.047613
13,50,0.722222,0.145161,0.034108,0.578862,0.277778,0.425242,0.134328,0.006822
13,51,0.611111,0.129032,0.321075,0.558943,0.388889,0.393988,0.208955,0.064215
13,52,0.444444,0.104839,0.000000,0.516500,0.555556,0.492552,0.149254,0.000000
13,53,0.222222,0.072581,0.030967,0.108652,0.777778,0.887768,0.179104,0.004171
13,54,0.444444,0.104839,0.272607,0.564063,0.555556,0.397542,0.164179,0.054521
13,55,0.388889,0.096774,0.000000,0.257618,0.611111,0.746897,0.149254,0.000000
13,56,0.388889,0.096774,0.141601,0.420274,0.611111,0.562013,0.104478,0.028320
13,57,0.611111,0.129032,0.427803,0.511526,0.388889,0.421671,0.149254,0.085561
13,58,0.277778,0.080645,0.316846,0.267316,0.722222,0.681252,0.238806,0.042673
13,59,0.055556,0.048387,0.000000,0.364204,0.944444,0.642179,0.373134,0.000000
13,60,0.444444,0.104839,0.071770,0.482650,0.555556,0.513098,0.164179,0.014354
13,61,0.777778,0.153226,0.330118,0.509593,0.222222,0.440871,0.134328,0.066024
13,62,0.555556,0.120968,0.046713,0.247744,0.444444,0.748325,0.119403,0.009343
13,63,0.500000,0.112903,0.305278,0.647736,0.500000,0.309549,0.119403,0.061056
13,64,0.388889,0.096774,0.000000,0.233999,0.611111,0.770103,0.134328,0.000000
13,65,0.611111,0.129032,0.138106,0.586986,0.388889,0.398842,0.119403,0.027621
13,66,0.333333,0.088710,0.000000,0.119218,0.666667,0.882872,0.149254,0.000000
13,67,0.277778,0.080645,0.000000,0.473609,0.722222,0.534692,0.253731,0.000000
13,68,0.722222,0.145161,0.000000,0.341106,0.277778,0.664872,0.119403,0.000000
13,69,0.277778,0.080645,0.065666,0.112206,0.722222,0.878131,0.194030,0.008844
13,70,0.277778,0.080645,0.000000,0.419300,0.722222,0.588049,0.179104,0.000000
13,71,0.388889,0.096774,0.000000,0.463328,0.611111,0.544793,0.119403,0.000000
13,72,0.333333,0.088710,0.000000,0.321793,0.666667,0.683847,0.223881,0.000000
13,73,0.444444,0.104839,0.000000,0.240332,0.555556,0.763880,0.119403,0.000000
13,74,0.166667,0.064516,0.000000,0.220353,0.833333,0.783509,0.164179,0.000000
13,75,0.444444,0.104839,0.404039,0.313106,0.555556,0.620823,0.119403,0.054416
13,76,0.777778,0.153226,0.206704,0.701680,0.222222,0.274009,0.119403,0.041341
13,77,0.333333,0.088710,0.748479,0.560837,0.666667,0.316430,0.194030,0.100805
13,78,0.222222,0.072581,0.000000,0.181141,0.777778,0.822033,0.134328,0.000000
13,79,0.500000,0.112903,0.474189,0.616341,0.500000,0.310478,0.179104,0.094838
13,80,0.166667,0.064516,0.000000,0.212403,0.833333,0.791319,0.223881,0.000000
13,81,0.555556,0.120968,0.000000,0.535864,0.444444,0.473528,0.134328,0.000000
13,82,0.444444,0.104839,0.000000,0.473459,0.555556,0.534839,0.164179,0.000000
13,83,1.000000,0.185484,0.628377,0.904562,0.000000,0.000000,0.149254,0.125675
13,84,0.277778,0.080645,0.221313,0.121148,0.722222,0.841779,0.164179,0.044263
13,85,0.277778,0.080645,0.217974,0.095221,0.722222,0.867843,0.149254,0.043595
13,86,0.111111,0.056452,0.145950,0.186185,0.888889,0.791229,0.343284,0.029190
13,87,0.388889,0.096774,0.485962,0.437479,0.611111,0.484121,0.149254,0.065450
13,88,0.388889,0.096774,0.392671,0.616341,0.611111,0.324915,0.194030,0.052885
13,89,0.166667,0.064516,0.000000,0.071347,0.833333,0.929903,0.194030,0.000000
13,90,0.722222,0.145161,0.886190,0.698450,0.277778,0.156839,0.119403,0.177238
13,91,0.444444,0.104839,0.411468,0.260062,0.555556,0.671621,0.134328,0.055417
13,92,0.611111,0.129032,0.000000,0.515771,0.388889,0.493268,0.119403,0.000000
13,93,0.277778,0.080645,0.000000,0.208756,0.722222,0.794903,0.134328,0.000000
13,94,0.055556,0.048387,0.000000,0.237651,0.944444,0.766514,0.223881,0.000000
13,95,0.444444,0.104839,0.000000,0.436170,0.555556,0.571474,0.194030,0.000000
13,96,0.611111,0.129032,0.000000,0.548132,0.388889,0.461475,0.134328,0.000000
13,97,0.500000,0.112903,0.754139,0.336586,0.500000,0.535748,0.119403,0.150828
13,98,0.388889,0.096774,0.000000,0.423103,0.611111,0.584312,0.164179,0.000000
13,99,0.166667,0.064516,0.000000,0.329818,0.833333,0.675962,0.373134,0.000000
13,100,0.222222,0.072581,0.000000,0.478772,0.777778,0.529619,0.238806,0.000000
13,101,0.277778,0.080645,0.000000,0.452805,0.722222,0.555131,0.134328,0.000000
13,102,0.555556,0.120968,0.000000,0.101101,0.444444,0.900671,0.194030,0.000000
13,103,0.222222,0.072581,0.000000,0.411058,0.777778,0.596146,0.253731,0.000000
13,104,0.555556,0.120968,0.470588,0.456975,0.444444,0.467689,0.134328,0.094118
13,105,0.555556,0.120968,0.548341,0.509367,0.444444,0.402445,0.149254,0.109668
13,106,0.277778,0.080645,0.000000,0.349276,0.722222,0.656845,0.253731,0.000000
13,107,0.333333,0.088710,0.545939,0.541429,0.666667,0.371369,0.223881,0.073527
13,108,0.000000,0.040323,0.000000,0.000000,1.000000,1.000000,0.373134,0.000000
13,109,0.777778,0.153226,1.000000,0.782818,0.222222,0.053793,0.149254,0.200000
13,110,0.333333,0.088710,0.274110,0.492882,0.666667,0.467210,0.119403,0.054822
13,111,0.222222,0.072581,0.000000,0.366607,0.777778,0.639818,0.298507,0.000000
13,112,0.388889,0.096774,0.000000,0.222498,0.611111,0.781401,0.134328,0.000000
13,113,0.388889,0.096774,0.000000,0.422181,0.611111,0.585218,0.149254,0.000000
13,114,0.611111,0.129032,0.000000,0.515188,0.388889,0.493841,0.119403,0.000000
13,115,0.388889,0.096774,0.538480,0.377447,0.611111,0.533799,0.194030,0.072523
13,116,0.277778,0.080645,0.000000,0.374471,0.722222,0.632092,0.223881,0.000000
13,117,0.444444,0.104839,0.000000,0.332342,0.555556,0.673483,0.119403,0.000000
13,118,0.444444,0.104839,0.425889,0.388898,0.555556,0.542489,0.134328,0.085178
13,119,0.222222,0.072581,0.122778,0.159752,0.777778,0.821303,0.283582,0.016536
13,120,0.166667,0.064516,0.000000,0.112912,0.833333,0.889067,0.149254,0.000000
13,121,0.722222,0.145161,0.672282,0.565162,0.277778,0.325676,0.149254,0.134456
13,122,0.333333,0.088710,0.000000,0.267270,0.666667,0.737414,0.194030,0.000000
13,123,0.444444,0.104839,0.390745,0.443855,0.555556,0.494720,0.134328,0.052626
13,124,0.222222,0.072581,0.672041,0.449987,0.777778,0.438875,0.208955,0.090511
14,0,0.222222,0.072581,0.000000,0.000000,0.777778,1.000000,0.161765,0.000000
14,1,0.222222,0.072581,0.000000,0.078801,0.777778,0.922958,0.279412,0.000000
14,2,0.333333,0.088710,0.000000,0.282979,0.666667,0.723339,0.147059,0.000000
14,3,0.166667,0.064516,0.000000,0.201421,0.833333,0.803075,0.308824,0.000000
14,4,0.388889,0.096774,0.000000,0.386304,0.611111,0.622320,0.147059,0.000000
14,5,0.444444,0.104839,0.000000,0.172667,0.555556,0.831187,0.191176,0.000000
14,6,0.166667,0.064516,0.000000,0.437989,0.833333,0.571789,0.235294,0.000000
14,7,0.388889,0.096774,0.498865,0.578822,0.611111,0.345588,0.117647,0.057735
14,8,0.611111,0.129032,0.243008,0.618766,0.388889,0.351931,0.147059,0.048602
14,9,0.333333,0.088710,0.116747,0.329164,0.666667,0.657470,0.117647,0.013511
14,10,0.444444,0.104839,0.000000,0.247068,0.555556,0.758448,0.147059,0.000000
14,11,0.388889,0.096774,0.136723,0.470479,0.611111,0.515765,0.117647,0.027345
14,12,0.388889,0.096774,0.192951,0.460125,0.611111,0.515912,0.176471,0.038590
14,13,0.500000,0.112903,0.698834,0.503511,0.500000,0.383738,0.132353,0.080877
14,14,0.222222,0.072581,0.962358,0.783034,0.777778,0.063698,0.235294,0.192472
14,15,0.500000,0.112903,0.661528,0.719215,0.500000,0.179467,0.132353,0.132306
14,16,0.611111,0.129032,0.000000,0.640580,0.388889,0.373720,0.161765,0.000000
14,17,0.166667,0.064516,0.000000,0.271627,0.833333,0.734436,0.294118,0.000000
14,18,0.277778,0.080645,0.000000,0.539479,0.722222,0.472564,0.279412,0.000000
14,19,0.111111,0.056452,0.000000,0.132209,0.888889,0.870742,0.338235,0.000000
14,20,0.111111,0.056452,0.000000,0.261657,0.888889,0.744184,0.294118,0.000000
14,21,0.444444,0.104839,0.591845,0.373697,0.555556,0.529636,0.147059,0.118369
14,22,0.166667,0.064516,0.000000,0.247558,0.833333,0.757969,0.279412,0.000000
14,23,0.555556,0.120968,0.000000,0.435706,0.444444,0.574020,0.161765,0.000000
14,24,0.222222,0.072581,0.000000,0.394553,0.777778,0.614255,0.279412,0.000000
14,25,0.277778,0.080645,0.419026,0.197833,0.722222,0.732237,0.191176,0.048495
14,26,0.500000,0.112903,0.000000,0.471269,0.500000,0.539251,0.132353,0.000000
14,27,0.277778,0.080645,0.228425,0.332585,0.722222,0.634311,0.176471,0.026436
14,28,0.166667,0.064516,0.000000,0.141282,0.833333,0.861871,0.279412,0.000000
14,29,0.166667,0.064516,0.000000,0.313575,0.833333,0.693425,0.338235,0.000000
14,30,0.277778,0.080645,0.000000,0.393707,0.722222,0.615082,0.323529,0.000000
14,31,0.555556,0.120968,0.000000,0.456354,0.444444,0.553833,0.147059,0.000000
14,32,0.111111,0.056452,0.000000,0.223668,0.888889,0.781325,0.352941,0.000000
14,33,0.055556,0.048387,0.000000,0.064447,0.944444,0.936992,0.367647,0.000000
14,34,0.666667,0.137097,0.866547,0.494266,0.333333,0.363019,0.191176,0.100287
14,35,0.333333,0.088710,0.000000,0.389855,0.666667,0.618848,0.147059,0.000000
14,36,0.388889,0.096774,0.497652,0.505933,0.611111,0.417064,0.220588,0.057594
14,37,0.277778,0.080645,0.000000,0.043219,0.722222,0.957745,0.176471,0.000000
14,38,0.111111,0.056452,0.000000,0.114055,0.888889,0.888491,0.382353,0.000000
14,39,0.333333,0.088710,0.093268,0.437937,0.666667,0.555291,0.147059,0.018654
14,40,0.388889,0.096774,0.000000,0.873701,0.611111,0.145803,0.117647,0.000000
14,41,0.611111,0.129032,0.549876,0.718817,0.388889,0.199667,0.117647,0.109975
14,42,0.166667,0.064516,0.619944,0.491432,0.833333,0.409544,0.132353,0.123989
14,43,0.222222,0.072581,0.000000,0.183231,0.777778,0.820859,0.132353,0.000000
14,44,0.277778,0.080645,0.000000,0.495008,0.722222,0.516042,0.220588,0.000000
14,45,0.333333,0.088710,0.131498,0.346547,0.666667,0.637858,0.176471,0.026300
14,46,0.500000,0.112903,0.000000,0.124108,0.500000,0.878662,0.132353,0.000000
14,47,0.333333,0.088710,0.000000,0.203668,0.666667,0.800879,0.161765,0.000000
14,48,0.555556,0.120968,0.000000,0.889669,0.444444,0.130191,0.117647,0.000000
14,49,0.444444,0.104839,0.106641,0.526750,0.555556,0.466088,0.161765,0.021328
14,50,0.722222,0.145161,0.343005,0.791835,0.277778,0.164984,0.132353,0.068601
14,51,0.611111,0.129032,0.383036,0.363927,0.388889,0.576237,0.205882,0.076607
14,52,0.444444,0.104839,0.000000,0.444967,0.555556,0.564966,0.147059,0.000000
14,53,0.222222,0.072581,0.000000,0.333553,0.777778,0.673893,0.191176,0.000000
14,54,0.444444,0.104839,0.786350,0.559040,0.555556,0.313920,0.161765,0.091006
14,55,0.388889,0.096774,0.000000,0.341592,0.611111,0.666033,0.147059,0.000000
14,56,0.388889,0.096774,0.537111,0.551813,0.611111,0.365208,0.102941,0.107422
14,57,0.611111,0.129032,0.115437,0.572381,0.388889,0.419915,0.147059,0.023087
14,58,0.277778,0.080645,0.337324,0.677863,0.722222,0.277419,0.250000,0.067465
14,59,0.055556,0.048387,0.000000,0.189484,0.944444,0.814746,0.367647,0.000000
14,60,0.444444,0.104839,0.000000,0.317565,0.555556,0.689525,0.161765,0.000000
14,61,0.777778,0.153226,0.446251,0.813096,0.222222,0.125878,0.132353,0.089250
14,62,0.555556,0.120968,0.000000,0.401201,0.444444,0.607756,0.117647,0.000000
14,63,0.500000,0.112903,0.000000,1.000000,0.500000,0.022323,0.117647,0.000000
14,64,0.388889,0.096774,0.000000,0.420757,0.611111,0.588636,0.132353,0.000000
14,65,0.611111,0.129032,1.000000,0.841355,0.388889,0.000000,0.117647,0.200000
14,66,0.333333,0.088710,0.000000,0.448162,0.666667,0.561843,0.147059,0.000000
14,67,0.277778,0.080645,0.000000,0.679909,0.722222,0.335268,0.250000,0.000000
14,68,0.722222,0.145161,0.158566,0.353702,0.277778,0.626060,0.117647,0.018351
14,69,0.277778,0.080645,0.206600,0.152959,0.722222,0.813799,0.205882,0.041320
14,70,0.277778,0.080645,0.000000,0.357039,0.722222,0.650931,0.176471,0.000000
14,71,0.388889,0.096774,0.000000,0.433320,0.611111,0.576353,0.117647,0.000000
14,72,0.333333,0.088710,0.000000,0.294312,0.666667,0.712258,0.220588,0.000000
14,73,0.444444,0.104839,0.000000,0.503756,0.555556,0.507489,0.117647,0.000000
14,74,0.166667,0.064516,0.000000,0.388686,0.833333,0.619991,0.161765,0.000000
14,75,0.444444,0.104839,0.000000,0.406211,0.555556,0.602857,0.132353,0.000000
14,76,0.777778,0.153226,0.126207,0.592298,0.222222,0.398531,0.117647,0.025241
14,77,0.333333,0.088710,0.517932,0.506409,0.666667,0.413000,0.205882,0.103586
14,78,0.222222,0.072581,0.000000,0.328639,0.777778,0.678698,0.132353,0.000000
14,79,0.500000,0.112903,0.000000,0.425976,0.500000,0.583534,0.176471,0.000000
14,80,0.166667,0.064516,0.000000,0.212531,0.833333,0.792214,0.220588,0.000000
14,81,0.555556,0.120968,0.000000,0.584742,0.444444,0.428311,0.132353,0.000000
14,82,0.444444,0.104839,0.005184,0.416239,0.555556,0.592133,0.161765,0.001037
14,83,1.000000,0.185484,0.360025,0.708295,0.000000,0.243638,0.147059,0.041666
14,84,0.277778,0.080645,0.628955,0.126474,0.722222,0.764755,0.161765,0.072790
14,85,0.277778,0.080645,0.212875,0.340017,0.722222,0.629804,0.147059,0.042575
14,86,0.111111,0.056452,0.205517,0.268063,0.888889,0.701457,0.338235,0.041103
14,87,0.388889,0.096774,0.000000,0.548568,0.611111,0.463678,0.161765,0.000000
14,88,0.388889,0.096774,0.324546,0.547692,0.611111,0.406951,0.205882,0.064909
14,89,0.166667,0.064516,0.000000,0.225885,0.833333,0.779157,0.191176,0.000000
14,90,0.722222,0.145161,0.613063,0.321993,0.277778,0.576421,0.117647,0.070951
14,91,0.444444,0.104839,0.582920,0.380703,0.555556,0.524370,0.147059,0.067462
14,92,0.611111,0.129032,0.183356,0.539829,0.388889,0.439689,0.117647,0.036671
14,93,0.277778,0.080645,0.000000,0.037493,0.722222,0.963344,0.132353,0.000000
14,94,0.055556,0.048387,0.000000,0.194028,0.944444,0.810304,0.220588,0.000000
14,95,0.444444,0.104839,0.000000,0.545248,0.555556,0.466924,0.191176,0.000000
14,96,0.611111,0.129032,0.000000,0.380912,0.388889,0.627592,0.132353,0.000000
14,97,0.500000,0.112903,0.695529,0.179892,0.500000,0.700719,0.117647,0.080495
14,98,0.388889,0.096774,0.000000,0.124832,0.611111,0.877955,0.161765,0.000000
14,99,0.166667,0.064516,0.000000,0.409057,0.833333,0.600075,0.367647,0.000000
14,100,0.222222,0.072581,0.000000,0.515719,0.777778,0.495794,0.235294,0.000000
14,101,0.277778,0.080645,0.000000,0.472818,0.722222,0.537737,0.132353,0.000000
14,102,0.555556,0.120968,0.000000,0.332161,0.444444,0.675254,0.191176,0.000000
14,103,0.222222,0.072581,0.000000,0.419080,0.777778,0.590275,0.250000,0.000000
14,104,0.555556,0.120968,0.209453,0.231736,0.444444,0.736275,0.132353,0.041891
14,105,0.555556,0.120968,0.431070,0.399628,0.444444,0.532810,0.147059,0.049889
14,106,0.277778,0.080645,0.302638,0.374096,0.722222,0.580559,0.250000,0.035025
14,107,0.333333,0.088710,0.747108,0.687933,0.666667,0.194866,0.235294,0.086464
14,108,0.000000,0.040323,0.000000,0.028776,1.000000,0.971866,0.367647,0.000000
14,109,0.777778,0.153226,0.368998,0.527998,0.222222,0.418319,0.147059,0.073800
14,110,0.333333,0.088710,0.000000,0.361612,0.666667,0.646461,0.117647,0.000000
14,111,0.222222,0.072581,0.008347,0.296421,0.777778,0.708715,0.294118,0.000966
14,112,0.388889,0.096774,0.000000,0.137099,0.611111,0.865962,0.132353,0.000000
14,113,0.388889,0.096774,0.000000,0.516567,0.611111,0.494965,0.147059,0.000000
14,114,0.611111,0.129032,0.000000,0.358919,0.388889,0.649094,0.117647,0.000000
14,115,0.388889,0.096774,0.238152,0.515594,0.611111,0.453661,0.205882,0.047630
14,116,0.277778,0.080645,0.000000,0.442600,0.722222,0.567280,0.220588,0.000000
14,117,0.444444,0.104839,0.000000,0.338061,0.555556,0.669485,0.117647,0.000000
14,118,0.444444,0.104839,0.604083,0.394400,0.555556,0.507223,0.132353,0.120817
14,119,0.222222,0.072581,0.000000,0.218664,0.777778,0.786217,0.294118,0.000000
14,120,0.166667,0.064516,0.000000,0.102788,0.833333,0.899507,0.147059,0.000000
14,121,0.722222,0.145161,0.804141,0.737542,0.277778,0.136246,0.147059,0.160828
14,122,0.333333,0.088710,0.000000,0.183223,0.666667,0.820867,0.191176,0.000000
14,123,0.444444,0.104839,0.099559,0.410542,0.555556,0.580959,0.147059,0.019912
14,124,0.222222,0.072581,0.011800,0.300103,0.777778,0.704503,0.220588,0.002360
15,0,0.222222,0.072581,0.000000,0.016068,0.777778,0.984976,0.159420,0.000000
15,1,0.222222,0.072581,0.000000,0.355244,0.777778,0.667838,0.275362,0.000000
15,2,0.333333,0.088710,0.000000,0.312177,0.666667,0.708107,0.144928,0.000000
15,3,0.166667,0.064516,0.000000,0.286360,0.833333,0.732246,0.304348,0.000000
15,4,0.388889,0.096774,0.000000,0.295088,0.611111,0.724086,0.144928,0.000000
15,5,0.444444,0.104839,0.000000,0.339406,0.555556,0.682648,0.188406,0.000000
15,6,0.166667,0.064516,0.000000,0.332988,0.833333,0.688648,0.231884,0.000000
15,7,0.388889,0.096774,0.000000,0.935971,0.611111,0.124845,0.130435,0.000000
15,8,0.611111,0.129032,0.606759,0.723056,0.388889,0.197428,0.144928,0.121352
15,9,0.333333,0.088710,0.000000,0.685248,0.666667,0.359277,0.130435,0.000000
15,10,0.444444,0.104839,0.000000,0.630521,0.555556,0.410448,0.144928,0.000000
15,11,0.388889,0.096774,0.435709,0.585261,0.611111,0.361930,0.115942,0.047456
15,12,0.388889,0.096774,0.000000,0.211496,0.611111,0.802246,0.173913,0.000000
15,13,0.500000,0.112903,0.000000,0.957140,0.500000,0.105051,0.144928,0.000000
15,14,0.222222,0.072581,1.000000,0.605285,0.777778,0.225563,0.231884,0.108916
15,15,0.500000,0.112903,0.479315,0.803840,0.500000,0.148463,0.130435,0.095863
15,16,0.611111,0.129032,0.428778,0.797585,0.388889,0.164847,0.159420,0.085756
15,17,0.166667,0.064516,0.000000,0.285324,0.833333,0.733216,0.289855,0.000000
15,18,0.277778,0.080645,0.000000,0.732173,0.722222,0.315401,0.275362,0.000000
15,19,0.111111,0.056452,0.000000,0.149237,0.888889,0.860460,0.333333,0.000000
15,20,0.111111,0.056452,0.000000,0.058124,0.888889,0.945653,0.289855,0.000000
15,21,0.444444,0.104839,0.120364,0.527139,0.555556,0.482019,0.144928,0.024073
15,22,0.166667,0.064516,0.000000,0.409186,0.833333,0.617402,0.275362,0.000000
15,23,0.555556,0.120968,0.109933,0.523230,0.444444,0.487848,0.159420,0.021987
15,24,0.222222,0.072581,0.359348,0.246861,0.777778,0.694262,0.275362,0.039139
15,25,0.277778,0.080645,0.000000,0.513678,0.722222,0.519698,0.202899,0.000000
15,26,0.500000,0.112903,0.000000,0.433874,0.500000,0.594318,0.130435,0.000000
15,27,0.277778,0.080645,0.660772,0.633035,0.722222,0.270338,0.188406,0.071969
15,28,0.166667,0.064516,0.000000,0.094003,0.833333,0.912105,0.275362,0.000000
15,29,0.166667,0.064516,0.000000,0.660051,0.833333,0.382836,0.333333,0.000000
15,30,0.277778,0.080645,0.000000,0.351935,0.722222,0.670932,0.318841,0.000000
15,31,0.555556,0.120968,0.000000,0.496351,0.444444,0.535899,0.144928,0.000000
15,32,0.111111,0.056452,0.373242,0.360884,0.888889,0.584751,0.347826,0.040652
15,33,0.055556,0.048387,0.000000,0.105022,0.944444,0.901802,0.362319,0.000000
15,34,0.666667,0.137097,0.720860,0.739514,0.333333,0.158252,0.202899,0.144172
15,35,0.333333,0.088710,0.099327,0.625107,0.666667,0.394802,0.144928,0.019865
15,36,0.388889,0.096774,0.312866,0.847258,0.611111,0.142567,0.231884,0.062573
15,37,0.277778,0.080645,0.000000,0.199312,0.722222,0.813639,0.173913,0.000000
15,38,0.111111,0.056452,0.000000,0.126563,0.888889,0.881661,0.376812,0.000000
15,39,0.333333,0.088710,0.347422,0.369009,0.666667,0.582537,0.144928,0.037840
15,40,0.388889,0.096774,0.000000,0.802326,0.611111,0.249806,0.115942,0.000000
15,41,0.611111,0.129032,0.088219,0.761822,0.388889,0.269286,0.115942,0.017644
15,42,0.166667,0.064516,0.000000,0.539196,0.833333,0.495839,0.130435,0.000000
15,43,0.222222,0.072581,0.000000,0.115809,0.777778,0.891716,0.130435,0.000000
15,44,0.277778,0.080645,0.000000,0.690130,0.722222,0.354712,0.217391,0.000000
15,45,0.333333,0.088710,0.249423,0.374574,0.666667,0.597765,0.173913,0.049885
15,46,0.500000,0.112903,0.274084,0.654897,0.500000,0.330514,0.130435,0.054817
15,47,0.333333,0.088710,0.979741,0.621892,0.666667,0.214259,0.159420,0.106710
15,48,0.555556,0.120968,0.000000,0.938136,0.444444,0.122820,0.115942,0.000000
15,49,0.444444,0.104839,0.000000,0.598697,0.555556,0.440204,0.159420,0.000000
15,50,0.722222,0.145161,0.352228,0.933999,0.277778,0.053256,0.130435,0.070446
15,51,0.611111,0.129032,0.777651,0.841717,0.388889,0.050849,0.202899,0.155530
15,52,0.444444,0.104839,0.181988,0.272111,0.555556,0.707629,0.144928,0.036398
15,53,0.222222,0.072581,0.000000,0.314251,0.777778,0.706168,0.188406,0.000000
15,54,0.444444,0.104839,0.374025,0.744188,0.555556,0.226190,0.173913,0.074805
15,55,0.388889,0.096774,0.000000,0.380717,0.611111,0.644020,0.144928,0.000000
15,56,0.388889,0.096774,0.830519,0.187798,0.611111,0.651258,0.101449,0.090457
15,57,0.611111,0.129032,0.490480,0.794203,0.388889,0.155145,0.144928,0.053421
15,58,0.277778,0.080645,0.541195,0.717822,0.722222,0.215991,0.246377,0.108239
15,59,0.055556,0.048387,0.000000,0.443140,0.944444,0.585653,0.362319,0.000000
15,60,0.444444,0.104839,0.206787,0.833514,0.555556,0.177533,0.159420,0.041357
15,61,0.777778,0.153226,0.000000,0.624043,0.222222,0.416504,0.130435,0.000000
15,62,0.555556,0.120968,0.000000,0.610876,0.444444,0.428816,0.115942,0.000000
15,63,0.500000,0.112903,0.311664,1.000000,0.500000,0.000000,0.115942,0.062333
15,64,0.388889,0.096774,0.260676,0.452101,0.611111,0.522928,0.130435,0.052135
15,65,0.611111,0.129032,0.953876,0.798648,0.388889,0.054380,0.115942,0.190775
15,66,0.333333,0.088710,0.827237,0.323475,0.666667,0.525080,0.144928,0.090100
15,67,0.277778,0.080645,0.000000,0.506030,0.722222,0.526850,0.246377,0.000000
15,68,0.722222,0.145161,0.109925,0.836207,0.277778,0.195209,0.130435,0.021985
15,69,0.277778,0.080645,0.000000,0.337507,0.722222,0.684423,0.202899,0.000000
15,70,0.277778,0.080645,0.419008,0.506500,0.722222,0.439055,0.173913,0.083802
15,71,0.388889,0.096774,0.000000,0.359899,0.611111,0.663486,0.115942,0.000000
15,72,0.333333,0.088710,0.000000,0.680498,0.666667,0.363718,0.217391,0.000000
15,73,0.444444,0.104839,0.000000,0.630117,0.555556,0.410826,0.115942,0.000000
15,74,0.166667,0.064516,0.000000,0.404843,0.833333,0.621462,0.159420,0.000000
15,75,0.444444,0.104839,0.122854,0.447751,0.555556,0.555729,0.130435,0.024571
15,76,0.777778,0.153226,0.451843,0.766373,0.222222,0.189222,0.115942,0.090369
15,77,0.333333,0.088710,0.229541,0.338967,0.666667,0.635203,0.202899,0.045908
15,78,0.222222,0.072581,0.000000,0.110753,0.777778,0.896443,0.130435,0.000000
15,79,0.500000,0.112903,0.000000,0.448965,0.500000,0.580207,0.173913,0.000000
15,80,0.166667,0.064516,0.000000,0.324660,0.833333,0.696435,0.217391,0.000000
15,81,0.555556,0.120968,0.000000,0.611343,0.444444,0.428380,0.130435,0.000000
15,82,0.444444,0.104839,0.045191,0.576785,0.555556,0.451271,0.159420,0.009038
15,83,1.000000,0.185484,0.000000,0.990812,0.000000,0.073567,0.159420,0.000000
15,84,0.277778,0.080645,0.000000,0.137914,0.722222,0.871047,0.173913,0.000000
15,85,0.277778,0.080645,0.679323,0.304000,0.722222,0.574127,0.144928,0.135865
15,86,0.111111,0.056452,0.079638,0.203180,0.888889,0.793419,0.333333,0.008674
15,87,0.388889,0.096774,0.407219,0.362121,0.611111,0.576511,0.159420,0.081444
15,88,0.388889,0.096774,0.420771,0.476280,0.611111,0.466944,0.202899,0.084154
15,89,0.166667,0.064516,0.000000,0.042905,0.833333,0.959883,0.188406,0.000000
15,90,0.722222,0.145161,0.225910,0.635372,0.277778,0.358814,0.130435,0.024605
15,91,0.444444,0.104839,0.000000,0.600782,0.555556,0.438255,0.159420,0.000000
15,92,0.611111,0.129032,0.643313,0.798601,0.388889,0.119171,0.115942,0.128663
15,93,0.277778,0.080645,0.000000,0.191912,0.722222,0.820557,0.130435,0.000000
15,94,0.055556,0.048387,0.000000,0.122344,0.944444,0.885606,0.217391,0.000000
15,95,0.444444,0.104839,0.000000,0.575225,0.555556,0.462150,0.188406,0.000000
15,96,0.611111,0.129032,0.000000,0.618666,0.388889,0.421532,0.130435,0.000000
15,97,0.500000,0.112903,0.711069,0.392221,0.500000,0.485020,0.130435,0.077447
15,98,0.388889,0.096774,0.000000,0.277927,0.611111,0.740132,0.159420,0.000000
15,99,0.166667,0.064516,0.000000,0.606987,0.833333,0.432453,0.362319,0.000000
15,100,0.222222,0.072581,0.000000,0.615555,0.777778,0.424442,0.231884,0.000000
15,101,0.277778,0.080645,0.000000,0.740942,0.722222,0.307202,0.130435,0.000000
15,102,0.555556,0.120968,0.145235,0.359200,0.444444,0.633861,0.188406,0.029047
15,103,0.222222,0.072581,0.000000,0.352888,0.777778,0.670042,0.246377,0.000000
15,104,0.555556,0.120968,0.677551,0.334835,0.444444,0.545665,0.130435,0.073796
15,105,0.555556,0.120968,0.319539,0.720777,0.444444,0.259438,0.159420,0.063908
15,106,0.277778,0.080645,0.000000,0.352261,0.722222,0.670627,0.260870,0.000000
15,107,0.333333,0.088710,0.432059,0.834536,0.666667,0.129612,0.246377,0.086412
15,108,0.000000,0.040323,0.000000,0.000000,1.000000,1.000000,0.362319,0.000000
15,109,0.777778,0.153226,0.815022,0.528877,0.222222,0.335571,0.144928,0.088769
15,110,0.333333,0.088710,0.075951,0.961052,0.666667,0.085559,0.115942,0.015190
15,111,0.222222,0.072581,0.000000,0.468832,0.777778,0.561631,0.304348,0.000000
15,112,0.388889,0.096774,0.000000,0.301433,0.611111,0.718153,0.130435,0.000000
15,113,0.388889,0.096774,0.000000,0.610218,0.611111,0.429431,0.144928,0.000000
15,114,0.611111,0.129032,0.000000,0.649215,0.388889,0.392968,0.115942,0.000000
15,115,0.388889,0.096774,0.022594,0.478425,0.611111,0.547950,0.202899,0.004519
15,116,0.277778,0.080645,0.000000,0.433144,0.722222,0.594999,0.217391,0.000000
15,117,0.444444,0.104839,0.000000,0.569564,0.555556,0.467444,0.115942,0.000000
15,118,0.444444,0.104839,0.428399,0.510001,0.555556,0.433824,0.130435,0.085680
15,119,0.222222,0.072581,0.000000,0.138322,0.777778,0.870666,0.289855,0.000000
15,120,0.166667,0.064516,0.000000,0.445033,0.833333,0.583884,0.144928,0.000000
15,121,0.722222,0.145161,0.367695,0.823872,0.277778,0.153002,0.144928,0.040048
15,122,0.333333,0.088710,0.000000,0.224840,0.666667,0.789770,0.188406,0.000000
15,123,0.444444,0.104839,0.405832,0.695464,0.555556,0.265117,0.144928,0.081166
15,124,0.222222,0.072581,0.000000,0.308287,0.777778,0.711745,0.217391,0.000000
16,0,0.222222,0.072581,0.000000,0.076655,0.777778,0.935160,0.157143,0.000000
16,1,0.222222,0.072581,0.000000,0.165003,0.777778,0.860429,0.271429,0.000000
16,2,0.333333,0.088710,0.000000,0.622086,0.666667,0.473797,0.142857,0.000000
16,3,0.166667,0.064516,0.000000,0.183008,0.833333,0.845200,0.300000,0.000000
16,4,0.388889,0.096774,0.000000,0.273537,0.611111,0.768624,0.142857,0.000000
16,5,0.444444,0.104839,0.000000,0.364539,0.555556,0.691648,0.185714,0.000000
16,6,0.166667,0.064516,0.000000,0.269576,0.833333,0.771974,0.228571,0.000000
16,7,0.388889,0.096774,0.000000,0.783795,0.611111,0.337013,0.128571,0.000000
16,8,0.611111,0.129032,0.263807,0.321111,0.388889,0.684147,0.142857,0.052761
16,9,0.333333,0.088710,0.000000,0.617592,0.666667,0.477598,0.128571,0.000000
16,10,0.444444,0.104839,0.000000,0.369866,0.555556,0.687142,0.142857,0.000000
16,11,0.388889,0.096774,0.000000,0.797959,0.611111,0.325032,0.128571,0.000000
16,12,0.388889,0.096774,0.452320,0.493175,0.611111,0.506992,0.171429,0.090464
16,13,0.500000,0.112903,0.194991,0.611197,0.500000,0.450311,0.142857,0.038998
16,14,0.222222,0.072581,0.937898,0.407803,0.777778,0.497782,0.242857,0.106888
16,15,0.500000,0.112903,0.850341,0.616855,0.500000,0.335634,0.128571,0.170068
16,16,0.611111,0.129032,0.249775,0.456009,0.388889,0.572393,0.157143,0.049955
16,17,0.166667,0.064516,0.000000,0.000000,0.833333,1.000000,0.285714,0.000000
16,18,0.277778,0.080645,0.000000,0.229302,0.722222,0.806041,0.271429,0.000000
16,19,0.111111,0.056452,0.000000,0.506308,0.888889,0.571730,0.328571,0.000000
16,20,0.111111,0.056452,0.000000,0.049467,0.888889,0.958157,0.285714,0.000000
16,21,0.444444,0.104839,0.117591,0.555054,0.555556,0.510779,0.142857,0.023518
16,22,0.166667,0.064516,0.000000,0.468028,0.833333,0.604110,0.271429,0.000000
16,23,0.555556,0.120968,0.000000,0.484216,0.444444,0.590417,0.157143,0.000000
16,24,0.222222,0.072581,0.000000,0.333426,0.777778,0.717965,0.285714,0.000000
16,25,0.277778,0.080645,0.000000,0.446617,0.722222,0.622221,0.200000,0.000000
16,26,0.500000,0.112903,0.000000,0.684785,0.500000,0.420762,0.128571,0.000000
16,27,0.277778,0.080645,0.205395,0.185210,0.722222,0.808895,0.200000,0.023408
16,28,0.166667,0.064516,0.000000,0.010457,0.833333,0.991155,0.271429,0.000000
16,29,0.166667,0.064516,0.000000,0.515172,0.833333,0.564232,0.328571,0.000000
16,30,0.277778,0.080645,0.000000,0.545472,0.722222,0.538602,0.314286,0.000000
16,31,0.555556,0.120968,0.000000,0.552219,0.444444,0.532895,0.142857,0.000000
16,32,0.111111,0.056452,0.000000,0.402657,0.888889,0.659405,0.357143,0.000000
16,33,0.055556,0.048387,0.000000,0.165061,0.944444,0.860381,0.357143,0.000000
16,34,0.666667,0.137097,0.677982,0.853667,0.333333,0.164224,0.200000,0.135596
16,35,0.333333,0.088710,0.868113,0.810950,0.666667,0.168475,0.142857,0.173623
16,36,0.388889,0.096774,0.336714,0.633887,0.611111,0.407354,0.228571,0.067343
16,37,0.277778,0.080645,0.000000,0.320622,0.722222,0.728796,0.171429,0.000000
16,38,0.111111,0.056452,0.000000,0.000000,0.888889,1.000000,0.371429,0.000000
16,39,0.333333,0.088710,0.091180,0.362414,0.666667,0.678156,0.157143,0.018236
16,40,0.388889,0.096774,0.000000,0.674169,0.611111,0.429742,0.114286,0.000000
16,41,0.611111,0.129032,0.519515,0.490851,0.388889,0.497690,0.114286,0.103903
16,42,0.166667,0.064516,0.000000,0.296702,0.833333,0.749030,0.128571,0.000000
16,43,0.222222,0.072581,0.000000,0.226056,0.777778,0.808786,0.128571,0.000000
16,44,0.277778,0.080645,0.000000,0.852756,0.722222,0.278680,0.214286,0.000000
16,45,0.333333,0.088710,0.491389,0.597376,0.666667,0.412300,0.171429,0.098278
16,46,0.500000,0.112903,0.702739,0.890412,0.500000,0.128990,0.128571,0.140548
16,47,0.333333,0.088710,0.141993,0.510937,0.666667,0.544005,0.171429,0.028399
16,48,0.555556,0.120968,0.000000,0.487226,0.444444,0.587871,0.114286,0.000000
16,49,0.444444,0.104839,0.000000,0.689490,0.555556,0.416782,0.157143,0.000000
16,50,0.722222,0.145161,0.515722,0.730356,0.277778,0.295737,0.128571,0.103144
16,51,0.611111,0.129032,0.194180,0.283582,0.388889,0.727566,0.200000,0.038836
16,52,0.444444,0.104839,0.226516,0.586529,0.555556,0.465891,0.142857,0.045303
16,53,0.222222,0.072581,0.000000,0.445509,0.777778,0.623158,0.185714,0.000000
16,54,0.444444,0.104839,0.302851,0.447743,0.555556,0.570485,0.171429,0.060570
16,55,0.388889,0.096774,0.604597,0.456864,0.611111,0.512172,0.142857,0.120919
16,56,0.388889,0.096774,0.418934,0.413765,0.611111,0.579761,0.114286,0.083787
16,57,0.611111,0.129032,0.000000,0.346836,0.388889,0.706623,0.157143,0.000000
16,58,0.277778,0.080645,1.000000,0.867261,0.722222,0.098728,0.242857,0.113966
16,59,0.055556,0.048387,0.000000,0.334361,0.944444,0.717175,0.357143,0.000000
16,60,0.444444,0.104839,0.310392,0.685299,0.555556,0.368280,0.157143,0.035374
16,61,0.777778,0.153226,0.819226,0.561581,0.222222,0.387605,0.128571,0.093364
16,62,0.555556,0.120968,0.000000,0.375447,0.444444,0.682422,0.114286,0.000000
16,63,0.500000,0.112903,0.024102,0.683630,0.500000,0.417697,0.114286,0.004820
16,64,0.388889,0.096774,0.249534,0.489722,0.611111,0.543917,0.128571,0.049907
16,65,0.611111,0.129032,0.000000,0.673529,0.388889,0.430283,0.114286,0.000000
16,66,0.333333,0.088710,0.422321,0.394920,0.666667,0.595133,0.157143,0.048130
16,67,0.277778,0.080645,0.000000,0.482885,0.722222,0.591543,0.242857,0.000000
16,68,0.722222,0.145161,0.028648,0.918240,0.277778,0.218486,0.128571,0.005730
16,69,0.277778,0.080645,0.000000,0.277527,0.722222,0.765249,0.200000,0.000000
16,70,0.277778,0.080645,0.336859,0.300864,0.722222,0.689022,0.171429,0.038390
16,71,0.388889,0.096774,0.000000,0.314978,0.611111,0.733570,0.114286,0.000000
16,72,0.333333,0.088710,0.000000,0.182681,0.666667,0.845476,0.214286,0.000000
16,73,0.444444,0.104839,0.000000,0.279425,0.555556,0.763643,0.114286,0.000000
16,74,0.166667,0.064516,0.000000,0.237567,0.833333,0.799049,0.157143,0.000000
16,75,0.444444,0.104839,0.107264,0.561509,0.555556,0.507051,0.128571,0.021453
16,76,0.777778,0.153226,0.000000,0.388843,0.222222,0.671090,0.114286,0.000000
16,77,0.333333,0.088710,0.096921,0.557379,0.666667,0.512279,0.200000,0.019384
16,78,0.222222,0.072581,0.000000,0.197789,0.777778,0.832696,0.128571,0.000000
16,79,0.500000,0.112903,0.000000,0.330279,0.500000,0.720627,0.171429,0.000000
16,80,0.166667,0.064516,0.000000,0.295517,0.833333,0.750031,0.214286,0.000000
16,81,0.555556,0.120968,0.000000,0.409983,0.444444,0.653208,0.128571,0.000000
16,82,0.444444,0.104839,0.865671,0.407537,0.555556,0.510118,0.157143,0.098657
16,83,1.000000,0.185484,0.000000,0.749593,0.000000,0.365943,0.157143,0.000000
16,84,0.277778,0.080645,0.505799,0.139133,0.722222,0.797498,0.171429,0.057644
16,85,0.277778,0.080645,0.634611,0.090115,0.722222,0.817361,0.142857,0.072324
16,86,0.111111,0.056452,0.112531,0.295268,0.888889,0.731373,0.342857,0.022506
16,87,0.388889,0.096774,0.045418,0.353325,0.611111,0.693517,0.157143,0.009084
16,88,0.388889,0.096774,0.204142,0.676741,0.611111,0.393335,0.200000,0.040828
16,89,0.166667,0.064516,0.000000,0.230618,0.833333,0.804928,0.185714,0.000000
16,90,0.722222,0.145161,0.650706,0.605230,0.277778,0.378942,0.142857,0.074158
16,91,0.444444,0.104839,0.000000,0.701660,0.555556,0.406488,0.157143,0.000000
16,92,0.611111,0.129032,0.919180,1.000000,0.388889,0.000000,0.114286,0.183836
16,93,0.277778,0.080645,0.000000,0.137557,0.722222,0.883645,0.128571,0.000000
16,94,0.055556,0.048387,0.000000,0.061532,0.944444,0.947952,0.214286,0.000000
16,95,0.444444,0.104839,0.000000,0.543313,0.555556,0.540429,0.185714,0.000000
16,96,0.611111,0.129032,0.000000,0.331111,0.388889,0.719923,0.128571,0.000000
16,97,0.500000,0.112903,0.129628,0.509660,0.500000,0.547158,0.142857,0.025926
16,98,0.388889,0.096774,0.470549,0.514038,0.611111,0.486288,0.157143,0.053626
16,99,0.166667,0.064516,0.000000,0.444918,0.833333,0.623658,0.357143,0.000000
16,100,0.222222,0.072581,0.000000,0.180954,0.777778,0.846937,0.228571,0.000000
16,101,0.277778,0.080645,0.000000,0.583531,0.722222,0.506410,0.128571,0.000000
16,102,0.555556,0.120968,0.589096,0.774400,0.444444,0.246178,0.185714,0.117819
16,103,0.222222,0.072581,0.000000,0.500702,0.777778,0.576472,0.242857,0.000000
16,104,0.555556,0.120968,0.000000,0.751262,0.444444,0.364531,0.142857,0.000000
16,105,0.555556,0.120968,0.275387,0.667206,0.444444,0.389454,0.157143,0.031385
16,106,0.277778,0.080645,0.000000,0.278685,0.722222,0.764270,0.257143,0.000000
16,107,0.333333,0.088710,0.418750,0.535530,0.666667,0.476794,0.242857,0.083750
16,108,0.000000,0.040323,0.000000,0.176635,1.000000,0.850590,0.357143,0.000000
16,109,0.777778,0.153226,0.419587,0.544607,0.222222,0.468976,0.157143,0.083917
16,110,0.333333,0.088710,0.064152,0.528963,0.666667,0.541810,0.114286,0.012830
16,111,0.222222,0.072581,0.000000,0.100479,0.777778,0.915008,0.300000,0.000000
16,112,0.388889,0.096774,0.160164,0.244210,0.611111,0.766573,0.128571,0.032033
16,113,0.388889,0.096774,0.000000,0.722119,0.611111,0.389183,0.142857,0.000000
16,114,0.611111,0.129032,0.862374,0.630852,0.388889,0.321776,0.114286,0.098281
16,115,0.388889,0.096774,0.128468,0.359316,0.611111,0.674524,0.200000,0.025694
16,116,0.277778,0.080645,0.000000,0.448055,0.722222,0.621004,0.214286,0.000000
16,117,0.444444,0.104839,0.000000,0.594700,0.555556,0.496962,0.114286,0.000000
16,118,0.444444,0.104839,0.000000,0.347816,0.555556,0.705793,0.128571,0.000000
16,119,0.222222,0.072581,0.000000,0.384898,0.777778,0.674427,0.285714,0.000000
16,120,0.166667,0.064516,0.000000,0.257240,0.833333,0.782409,0.142857,0.000000
16,121,0.722222,0.145161,0.196679,0.715999,0.277778,0.361379,0.157143,0.039336
16,122,0.333333,0.088710,0.000000,0.388298,0.666667,0.671551,0.185714,0.000000
16,123,0.444444,0.104839,0.477380,0.339590,0.555556,0.632703,0.142857,0.054405
16,124,0.222222,0.072581,0.243539,0.439131,0.777778,0.587716,0.214286,0.048708
17,0,0.222222,0.072581,0.041315,0.276599,0.777778,0.762419,0.154930,0.008263
17,1,0.222222,0.072581,0.000000,0.288447,0.777778,0.760063,0.267606,0.000000
17,2,0.333333,0.088710,0.000000,0.282660,0.666667,0.764877,0.140845,0.000000
17,3,0.166667,0.064516,0.000000,0.212668,0.833333,0.823098,0.295775,0.000000
17,4,0.388889,0.096774,0.000000,0.166729,0.611111,0.861311,0.140845,0.000000
17,5,0.444444,0.104839,0.329014,0.384799,0.555556,0.620189,0.183099,0.065803
17,6,0.166667,0.064516,0.000000,0.374397,0.833333,0.688568,0.225352,0.000000
17,7,0.388889,0.096774,0.109882,0.505972,0.611111,0.559174,0.126761,0.021976
17,8,0.611111,0.129032,0.229640,0.728624,0.388889,0.352226,0.140845,0.045928
17,9,0.333333,0.088710,0.000000,0.330791,0.666667,0.724841,0.126761,0.000000
17,10,0.444444,0.104839,0.000000,0.341806,0.555556,0.715678,0.140845,0.000000
17,11,0.388889,0.096774,0.086495,0.765289,0.611111,0.347713,0.126761,0.017299
17,12,0.388889,0.096774,0.064218,0.243453,0.611111,0.785832,0.169014,0.012844
17,13,0.500000,0.112903,0.575606,0.595373,0.500000,0.400263,0.140845,0.115121
17,14,0.222222,0.072581,0.644721,0.585816,0.777778,0.395667,0.253521,0.128944
17,15,0.500000,0.112903,0.842613,0.415894,0.500000,0.501088,0.126761,0.109338
17,16,0.611111,0.129032,0.082381,0.819425,0.388889,0.303429,0.154930,0.016476
17,17,0.166667,0.064516,0.000000,0.168972,0.833333,0.859446,0.281690,0.000000
17,18,0.277778,0.080645,0.000000,0.475545,0.722222,0.604431,0.267606,0.000000
17,19,0.111111,0.056452,0.000000,0.227355,0.888889,0.810881,0.323944,0.000000
17,20,0.111111,0.056452,0.000000,0.047030,0.888889,0.960880,0.281690,0.000000
17,21,0.444444,0.104839,0.290322,0.090923,0.555556,0.871665,0.140845,0.037673
17,22,0.166667,0.064516,0.000000,0.219180,0.833333,0.817681,0.267606,0.000000
17,23,0.555556,0.120968,0.000000,0.304295,0.444444,0.746880,0.154930,0.000000
17,24,0.222222,0.072581,0.000000,0.590294,0.777778,0.508980,0.281690,0.000000
17,25,0.277778,0.080645,0.000000,0.161761,0.722222,0.865444,0.197183,0.000000
17,26,0.500000,0.112903,0.031754,0.490327,0.500000,0.586371,0.126761,0.006351
17,27,0.277778,0.080645,0.000000,0.536432,0.722222,0.553784,0.211268,0.000000
17,28,0.166667,0.064516,0.000000,0.075483,0.833333,0.937211,0.267606,0.000000
17,29,0.166667,0.064516,0.000000,0.314905,0.833333,0.738055,0.323944,0.000000
17,30,0.277778,0.080645,0.000000,0.223687,0.722222,0.813932,0.309859,0.000000
17,31,0.555556,0.120968,0.000000,0.327183,0.444444,0.727842,0.140845,0.000000
17,32,0.111111,0.056452,0.000000,0.245384,0.888889,0.795884,0.352113,0.000000
17,33,0.055556,0.048387,0.000000,0.213772,0.944444,0.822180,0.352113,0.000000
17,34,0.666667,0.137097,0.552833,0.621280,0.333333,0.382848,0.197183,0.110567
17,35,0.333333,0.088710,0.000000,0.329519,0.666667,0.725899,0.140845,0.000000
17,36,0.388889,0.096774,0.000000,0.611729,0.611111,0.491150,0.225352,0.000000
17,37,0.277778,0.080645,0.000000,0.314910,0.722222,0.738051,0.169014,0.000000
17,38,0.111111,0.056452,0.000000,0.000000,0.888889,1.000000,0.366197,0.000000
17,39,0.333333,0.088710,0.745436,0.425253,0.666667,0.510944,0.154930,0.096729
17,40,0.388889,0.096774,0.000000,0.839752,0.611111,0.301475,0.112676,0.000000
17,41,0.611111,0.129032,0.847563,0.856125,0.388889,0.133995,0.112676,0.109981
17,42,0.166667,0.064516,0.000000,0.367439,0.833333,0.694356,0.126761,0.000000
17,43,0.222222,0.072581,0.000000,0.498586,0.777778,0.585265,0.126761,0.000000
17,44,0.277778,0.080645,0.000000,0.660625,0.722222,0.450477,0.211268,0.000000
17,45,0.333333,0.088710,0.214331,0.173206,0.666667,0.817015,0.169014,0.027812
17,46,0.500000,0.112903,0.000000,0.340417,0.500000,0.716834,0.126761,0.000000
17,47,0.333333,0.088710,0.311910,0.502980,0.666667,0.524988,0.169014,0.062382
17,48,0.555556,0.120968,0.212040,0.662575,0.444444,0.410363,0.112676,0.042408
17,49,0.444444,0.104839,0.000000,0.317432,0.555556,0.735953,0.154930,0.000000
17,50,0.722222,0.145161,0.373584,0.967854,0.277778,0.127099,0.126761,0.074717
17,51,0.611111,0.129032,0.747007,0.647982,0.388889,0.325388,0.197183,0.096932
17,52,0.444444,0.104839,0.546853,0.506554,0.555556,0.479364,0.140845,0.070960
17,53,0.222222,0.072581,0.000000,0.351893,0.777778,0.707287,0.183099,0.000000
17,54,0.444444,0.104839,1.000000,0.409162,0.555556,0.478116,0.169014,0.129761
17,55,0.388889,0.096774,0.648033,0.324788,0.611111,0.612195,0.140845,0.084089
17,56,0.388889,0.096774,0.000000,0.454319,0.611111,0.622087,0.112676,0.000000
17,57,0.611111,0.129032,0.187007,0.629815,0.388889,0.442158,0.154930,0.037401
17,58,0.277778,0.080645,0.986112,0.851257,0.722222,0.112893,0.253521,0.197222
17,59,0.055556,0.048387,0.000000,0.210446,0.944444,0.824946,0.352113,0.000000
17,60,0.444444,0.104839,0.217421,0.655974,0.555556,0.414876,0.169014,0.043484
17,61,0.777778,0.153226,0.091407,0.994314,0.222222,0.156314,0.140845,0.018281
17,62,0.555556,0.120968,0.081192,0.520010,0.444444,0.552705,0.112676,0.016238
17,63,0.500000,0.112903,0.304565,0.613621,0.500000,0.434287,0.112676,0.060913
17,64,0.388889,0.096774,0.000000,0.289511,0.611111,0.759178,0.126761,0.000000
17,65,0.611111,0.129032,0.494721,0.693167,0.388889,0.333600,0.112676,0.064196
17,66,0.333333,0.088710,0.000000,0.238090,0.666667,0.801951,0.169014,0.000000
17,67,0.277778,0.080645,0.000000,0.333246,0.722222,0.722799,0.239437,0.000000
17,68,0.722222,0.145161,0.000000,0.559425,0.277778,0.534657,0.126761,0.000000
17,69,0.277778,0.080645,0.438629,0.136509,0.722222,0.806823,0.197183,0.087726
17,70,0.277778,0.080645,0.189373,0.492564,0.722222,0.555896,0.183099,0.037875
17,71,0.388889,0.096774,0.000000,0.461725,0.611111,0.615927,0.112676,0.000000
17,72,0.333333,0.088710,0.000000,0.200872,0.666667,0.832910,0.211268,0.000000
17,73,0.444444,0.104839,0.000000,0.378608,0.555556,0.685066,0.112676,0.000000
17,74,0.166667,0.064516,0.000000,0.181998,0.833333,0.848610,0.154930,0.000000
17,75,0.444444,0.104839,0.251382,0.584753,0.555556,0.467955,0.126761,0.050276
17,76,0.777778,0.153226,0.000000,0.546865,0.222222,0.545106,0.112676,0.000000
17,77,0.333333,0.088710,0.000000,0.307409,0.666667,0.744290,0.197183,0.000000
17,78,0.222222,0.072581,0.000000,0.391589,0.777778,0.674267,0.126761,0.000000
17,79,0.500000,0.112903,0.218183,0.382578,0.500000,0.642156,0.169014,0.043637
17,80,0.166667,0.064516,0.000000,0.001361,0.833333,0.998868,0.211268,0.000000
17,81,0.555556,0.120968,0.000000,0.464673,0.444444,0.613475,0.126761,0.000000
17,82,0.444444,0.104839,0.000000,0.267067,0.555556,0.777848,0.169014,0.000000
17,83,1.000000,0.185484,0.186810,0.912157,0.000000,0.207335,0.154930,0.037362
17,84,0.277778,0.080645,0.415437,0.241505,0.722222,0.723695,0.183099,0.083087
17,85,0.277778,0.080645,0.000000,0.281059,0.722222,0.766209,0.154930,0.000000
17,86,0.111111,0.056452,0.203185,0.387976,0.888889,0.640388,0.338028,0.040637
17,87,0.388889,0.096774,0.000000,0.233509,0.611111,0.805762,0.154930,0.000000
17,88,0.388889,0.096774,0.185901,0.428915,0.611111,0.609472,0.197183,0.024123
17,89,0.166667,0.064516,0.000000,0.280655,0.833333,0.766545,0.183099,0.000000
17,90,0.722222,0.145161,0.000000,0.508660,0.277778,0.576885,0.154930,0.000000
17,91,0.444444,0.104839,0.000000,0.495284,0.555556,0.588011,0.154930,0.000000
17,92,0.611111,0.129032,0.608082,0.583744,0.388889,0.404042,0.112676,0.078905
17,93,0.277778,0.080645,0.000000,0.192173,0.722222,0.840147,0.126761,0.000000
17,94,0.055556,0.048387,0.000000,0.070499,0.944444,0.941358,0.211268,0.000000
17,95,0.444444,0.104839,0.000000,0.524968,0.555556,0.563320,0.183099,0.000000
17,96,0.611111,0.129032,0.000000,0.515974,0.388889,0.570801,0.126761,0.000000
17,97,0.500000,0.112903,0.000000,0.462691,0.500000,0.615123,0.140845,0.000000
17,98,0.388889,0.096774,0.219998,0.337518,0.611111,0.679308,0.169014,0.044000
17,99,0.166667,0.064516,0.000000,0.391669,0.833333,0.674201,0.352113,0.000000
17,100,0.222222,0.072581,0.000000,0.438137,0.777778,0.635548,0.225352,0.000000
17,101,0.277778,0.080645,0.191222,0.609665,0.722222,0.458154,0.126761,0.038244
17,102,0.555556,0.120968,0.383554,0.373530,0.444444,0.619662,0.183099,0.049770
17,103,0.222222,0.072581,0.000000,0.601879,0.777778,0.499344,0.239437,0.000000
17,104,0.555556,0.120968,0.000000,0.525053,0.444444,0.563250,0.140845,0.000000
17,105,0.555556,0.120968,0.066870,0.828884,0.444444,0.298377,0.169014,0.013374
17,106,0.277778,0.080645,0.149315,0.497233,0.722222,0.559285,0.253521,0.029863
17,107,0.333333,0.088710,0.293835,0.828039,0.666667,0.257877,0.239437,0.058767
17,108,0.000000,0.040323,0.000000,0.054723,1.000000,0.954480,0.352113,0.000000
17,109,0.777778,0.153226,0.245407,0.440692,0.222222,0.588873,0.154930,0.049081
17,110,0.333333,0.088710,0.657275,0.659686,0.666667,0.331941,0.112676,0.131455
17,111,0.222222,0.072581,0.000000,0.257317,0.777778,0.785958,0.295775,0.000000
17,112,0.388889,0.096774,0.496161,0.234072,0.611111,0.715224,0.126761,0.099232
17,113,0.388889,0.096774,0.000000,0.342229,0.611111,0.715327,0.140845,0.000000
17,114,0.611111,0.129032,0.002932,0.478628,0.388889,0.601334,0.126761,0.000586
17,115,0.388889,0.096774,0.000000,0.236361,0.611111,0.803390,0.197183,0.000000
17,116,0.277778,0.080645,0.000000,0.428458,0.722222,0.643599,0.211268,0.000000
17,117,0.444444,0.104839,0.000000,0.569355,0.555556,0.526398,0.112676,0.000000
17,118,0.444444,0.104839,0.000000,0.589944,0.555556,0.509272,0.126761,0.000000
17,119,0.222222,0.072581,0.000000,0.181400,0.777778,0.849108,0.281690,0.000000
17,120,0.166667,0.064516,0.000000,0.452757,0.833333,0.623387,0.140845,0.000000
17,121,0.722222,0.145161,0.926427,1.000000,0.277778,0.000000,0.154930,0.185285
17,122,0.333333,0.088710,0.087428,0.213524,0.666667,0.806515,0.183099,0.017486
17,123,0.444444,0.104839,0.516318,0.685314,0.555556,0.336211,0.154930,0.103264
17,124,0.222222,0.072581,0.152059,0.288350,0.777778,0.732540,0.211268,0.019731
18,0,0.222222,0.072581,0.000000,0.122451,0.777778,0.893556,0.152778,0.000000
18,1,0.222222,0.072581,0.000000,0.287676,0.777778,0.747555,0.263889,0.000000
18,2,0.333333,0.088710,0.000000,0.344733,0.666667,0.697137,0.138889,0.000000
18,3,0.166667,0.064516,0.000000,0.243165,0.833333,0.786887,0.291667,0.000000
18,4,0.388889,0.096774,0.000000,0.250103,0.611111,0.780756,0.138889,0.000000
18,5,0.444444,0.104839,0.273916,0.257642,0.555556,0.726538,0.180556,0.036286
18,6,0.166667,0.064516,0.000000,0.516219,0.833333,0.545605,0.222222,0.000000
18,7,0.388889,0.096774,0.555507,0.712360,0.611111,0.275839,0.125000,0.111101
18,8,0.611111,0.129032,0.156969,0.697429,0.388889,0.358226,0.138889,0.031394
18,9,0.333333,0.088710,0.000000,0.510255,0.666667,0.550875,0.125000,0.000000
18,10,0.444444,0.104839,0.000000,0.324488,0.555556,0.715026,0.138889,0.000000
18,11,0.388889,0.096774,0.233103,0.744934,0.611111,0.303030,0.125000,0.046621
18,12,0.388889,0.096774,0.357364,0.545992,0.611111,0.457250,0.166667,0.071473
18,13,0.500000,0.112903,0.753913,0.691063,0.500000,0.260211,0.138889,0.150783
18,14,0.222222,0.072581,0.282373,0.255056,0.777778,0.727355,0.250000,0.056475
18,15,0.500000,0.112903,0.626449,0.424081,0.500000,0.518259,0.138889,0.125290
18,16,0.611111,0.129032,0.617232,0.837474,0.388889,0.154566,0.152778,0.123446
18,17,0.166667,0.064516,0.000000,0.251162,0.833333,0.779821,0.277778,0.000000
18,18,0.277778,0.080645,0.000000,0.307204,0.722222,0.730300,0.263889,0.000000
18,19,0.111111,0.056452,0.000000,0.288908,0.888889,0.746467,0.319444,0.000000
18,20,0.111111,0.056452,0.591276,0.235934,0.888889,0.690621,0.277778,0.078327
18,21,0.444444,0.104839,0.000000,0.173651,0.555556,0.848313,0.152778,0.000000
18,22,0.166667,0.064516,0.247308,0.505764,0.833333,0.511905,0.263889,0.049462
18,23,0.555556,0.120968,0.083017,0.541058,0.444444,0.509242,0.152778,0.016603
18,24,0.222222,0.072581,0.000000,0.342020,0.777778,0.699535,0.277778,0.000000
18,25,0.277778,0.080645,0.000000,0.256870,0.722222,0.774777,0.194444,0.000000
18,26,0.500000,0.112903,0.171399,0.603987,0.500000,0.438291,0.125000,0.034280
18,27,0.277778,0.080645,0.047639,0.289293,0.722222,0.737855,0.208333,0.009528
18,28,0.166667,0.064516,0.000000,0.041033,0.833333,0.965500,0.263889,0.000000
18,29,0.166667,0.064516,0.000000,0.412313,0.833333,0.637420,0.319444,0.000000
18,30,0.277778,0.080645,0.000000,0.335366,0.722222,0.705415,0.305556,0.000000
18,31,0.555556,0.120968,0.000000,0.248482,0.444444,0.782189,0.138889,0.000000
18,32,0.111111,0.056452,0.000000,0.032913,0.888889,0.972676,0.347222,0.000000
18,33,0.055556,0.048387,0.000000,0.188129,0.944444,0.835519,0.347222,0.000000
18,34,0.666667,0.137097,0.353276,0.635848,0.333333,0.378559,0.194444,0.046799
18,35,0.333333,0.088710,0.444567,0.696743,0.666667,0.308900,0.138889,0.088913
18,36,0.388889,0.096774,0.142529,0.344961,0.611111,0.672190,0.222222,0.028506
18,37,0.277778,0.080645,0.000000,0.405643,0.722222,0.643314,0.166667,0.000000
18,38,0.111111,0.056452,0.000000,0.001991,0.888889,1.000000,0.361111,0.000000
18,39,0.333333,0.088710,0.000000,0.252973,0.666667,0.778221,0.166667,0.000000
18,40,0.388889,0.096774,0.000000,0.734433,0.611111,0.352780,0.111111,0.000000
18,41,0.611111,0.129032,0.400172,0.983546,0.388889,0.063176,0.125000,0.080034
18,42,0.166667,0.064516,0.000000,0.290177,0.833333,0.745345,0.125000,0.000000
18,43,0.222222,0.072581,0.000000,0.232859,0.777778,0.795994,0.125000,0.000000
18,44,0.277778,0.080645,0.000000,0.373252,0.722222,0.671937,0.208333,0.000000
18,45,0.333333,0.088710,0.519628,0.444524,0.666667,0.518740,0.180556,0.068836
18,46,0.500000,0.112903,0.802175,0.715031,0.500000,0.230652,0.125000,0.160435
18,47,0.333333,0.088710,0.420095,0.405298,0.666667,0.570683,0.166667,0.055651
18,48,0.555556,0.120968,0.167419,0.776671,0.444444,0.286390,0.111111,0.033484
18,49,0.444444,0.104839,0.000000,0.566641,0.555556,0.501049,0.152778,0.000000
18,50,0.722222,0.145161,1.000000,0.821241,0.277778,0.102454,0.125000,0.200000
18,51,0.611111,0.129032,0.597456,0.737147,0.388889,0.246653,0.208333,0.119491
18,52,0.444444,0.104839,0.104623,0.534673,0.555556,0.511133,0.152778,0.020925
18,53,0.222222,0.072581,0.000000,0.173088,0.777778,0.848810,0.180556,0.000000
18,54,0.444444,0.104839,0.395705,0.194633,0.555556,0.761071,0.180556,0.052420
18,55,0.388889,0.096774,0.212322,0.382028,0.611111,0.627318,0.152778,0.042464
18,56,0.388889,0.096774,0.565074,0.660799,0.611111,0.319739,0.111111,0.074856
18,57,0.611111,0.129032,0.202590,0.640392,0.388889,0.400706,0.152778,0.040518
18,58,0.277778,0.080645,0.879007,0.745328,0.722222,0.190542,0.250000,0.175801
18,59,0.055556,0.048387,0.000000,0.331286,0.944444,0.709019,0.347222,0.000000
18,60,0.444444,0.104839,0.642333,0.777515,0.555556,0.203191,0.166667,0.085091
18,61,0.777778,0.153226,0.183170,0.538241,0.222222,0.494343,0.138889,0.036634
18,62,0.555556,0.120968,0.128155,0.625613,0.444444,0.426689,0.111111,0.025631
18,63,0.500000,0.112903,0.115692,0.476479,0.500000,0.560634,0.111111,0.023138
18,64,0.388889,0.096774,0.000000,0.595949,0.611111,0.475151,0.125000,0.000000
18,65,0.611111,0.129032,0.000000,0.474932,0.388889,0.582088,0.125000,0.000000
18,66,0.333333,0.088710,0.057753,0.307596,0.666667,0.719926,0.166667,0.011551
18,67,0.277778,0.080645,0.000000,0.088718,0.722222,0.923364,0.236111,0.000000
18,68,0.722222,0.145161,0.000000,0.523444,0.277778,0.539220,0.125000,0.000000
18,69,0.277778,0.080645,0.114124,0.028278,0.722222,0.956957,0.194444,0.015118
18,70,0.277778,0.080645,0.134488,0.368505,0.722222,0.652781,0.180556,0.026898
18,71,0.388889,0.096774,0.000000,0.250883,0.611111,0.780068,0.111111,0.000000
18,72,0.333333,0.088710,0.000000,0.348783,0.666667,0.693558,0.208333,0.000000
18,73,0.444444,0.104839,0.000000,0.350638,0.555556,0.691919,0.111111,0.000000
18,74,0.166667,0.064516,0.000000,0.066619,0.833333,0.942891,0.152778,0.000000
18,75,0.444444,0.104839,0.286486,0.557496,0.555556,0.459391,0.125000,0.057297
18,76,0.777778,0.153226,0.000000,0.675855,0.222222,0.404543,0.111111,0.000000
18,77,0.333333,0.088710,0.113430,0.573687,0.666667,0.475130,0.194444,0.022686
18,78,0.222222,0.072581,0.000000,0.282828,0.777778,0.751839,0.125000,0.000000
18,79,0.500000,0.112903,0.000000,0.340498,0.500000,0.700880,0.166667,0.000000
18,80,0.166667,0.064516,0.000000,0.070795,0.833333,0.939201,0.208333,0.000000
18,81,0.555556,0.120968,0.000000,0.325636,0.444444,0.714012,0.125000,0.000000
18,82,0.444444,0.104839,0.000000,0.253546,0.555556,0.777715,0.166667,0.000000
18,83,1.000000,0.185484,0.680304,1.000000,0.000000,0.000000,0.152778,0.136061
18,84,0.277778,0.080645,0.184320,0.000000,0.722222,0.969758,0.180556,0.024417
18,85,0.277778,0.080645,0.000000,0.207480,0.722222,0.818421,0.152778,0.000000
18,86,0.111111,0.056452,0.419295,0.330737,0.888889,0.636708,0.333333,0.055545
18,87,0.388889,0.096774,0.229019,0.245027,0.611111,0.745480,0.152778,0.030338
18,88,0.388889,0.096774,0.118922,0.847476,0.611111,0.232244,0.208333,0.023784
18,89,0.166667,0.064516,0.000000,0.055779,0.833333,0.952470,0.180556,0.000000
18,90,0.722222,0.145161,0.000000,0.323980,0.277778,0.715476,0.152778,0.000000
18,91,0.444444,0.104839,0.000000,0.548830,0.555556,0.516788,0.152778,0.000000
18,92,0.611111,0.129032,0.000000,0.657909,0.388889,0.420400,0.125000,0.000000
18,93,0.277778,0.080645,0.000000,0.213482,0.722222,0.813117,0.125000,0.000000
18,94,0.055556,0.048387,0.000000,0.236682,0.944444,0.792616,0.208333,0.000000
18,95,0.444444,0.104839,0.000000,0.425335,0.555556,0.625913,0.180556,0.000000
18,96,0.611111,0.129032,0.000000,0.407422,0.388889,0.641743,0.125000,0.000000
18,97,0.500000,0.112903,0.000000,0.494690,0.500000,0.564628,0.138889,0.000000
18,98,0.388889,0.096774,0.437233,0.537042,0.611111,0.451292,0.166667,0.057921
18,99,0.166667,0.064516,0.000000,0.497259,0.833333,0.562358,0.347222,0.000000
18,100,0.222222,0.072581,0.004319,0.362729,0.777778,0.680485,0.222222,0.000864
18,101,0.277778,0.080645,0.000000,0.546034,0.722222,0.519258,0.125000,0.000000
18,102,0.555556,0.120968,0.610271,0.859916,0.444444,0.135944,0.194444,0.080843
18,103,0.222222,0.072581,0.000000,0.336685,0.777778,0.704249,0.236111,0.000000
18,104,0.555556,0.120968,0.000000,0.507478,0.444444,0.553328,0.138889,0.000000
18,105,0.555556,0.120968,0.042910,0.600925,0.444444,0.463304,0.166667,0.008582
18,106,0.277778,0.080645,0.265780,0.463139,0.722222,0.546364,0.250000,0.053156
18,107,0.333333,0.088710,0.281688,0.644847,0.666667,0.383036,0.236111,0.056338
18,108,0.000000,0.040323,0.000000,0.159317,1.000000,0.860979,0.347222,0.000000
18,109,0.777778,0.153226,0.908712,0.667618,0.222222,0.254052,0.152778,0.120378
18,110,0.333333,0.088710,0.500347,0.492428,0.666667,0.479758,0.111111,0.100069
18,111,0.222222,0.072581,0.000000,0.216947,0.777778,0.810055,0.291667,0.000000
18,112,0.388889,0.096774,0.205924,0.249002,0.611111,0.745977,0.125000,0.027279
18,113,0.388889,0.096774,0.052226,0.568982,0.611111,0.489913,0.138889,0.010445
18,114,0.611111,0.129032,0.654965,0.580664,0.388889,0.374944,0.125000,0.130993
18,115,0.388889,0.096774,0.111663,0.418040,0.611111,0.612973,0.194444,0.014792
18,116,0.277778,0.080645,0.000000,0.393530,0.722222,0.654018,0.208333,0.000000
18,117,0.444444,0.104839,0.000000,0.465570,0.555556,0.590360,0.111111,0.000000
18,118,0.444444,0.104839,0.000000,0.301281,0.555556,0.735534,0.125000,0.000000
18,119,0.222222,0.072581,0.000000,0.324136,0.777778,0.715338,0.277778,0.000000
18,120,0.166667,0.064516,0.000000,0.157390,0.833333,0.862682,0.138889,0.000000
18,121,0.722222,0.145161,0.566937,0.862822,0.277778,0.140900,0.152778,0.075103
18,122,0.333333,0.088710,0.430701,0.171338,0.666667,0.775580,0.180556,0.086140
18,123,0.444444,0.104839,0.157380,0.560961,0.555556,0.478744,0.152778,0.031476
18,124,0.222222,0.072581,0.118024,0.346361,0.777778,0.675208,0.222222,0.023605
19,0,0.222222,0.072581,0.000000,0.063200,0.777778,0.946871,0.150685,0.000000
19,1,0.222222,0.072581,0.000000,0.099600,0.777778,0.916272,0.260274,0.000000
19,2,0.333333,0.088710,0.000000,0.249723,0.666667,0.790071,0.136986,0.000000
19,3,0.166667,0.064516,0.000000,0.112336,0.833333,0.905566,0.287671,0.000000
19,4,0.388889,0.096774,0.000000,0.273823,0.611111,0.769812,0.136986,0.000000
19,5,0.444444,0.104839,0.000000,0.279856,0.555556,0.764741,0.191781,0.000000
19,6,0.166667,0.064516,0.000000,0.296146,0.833333,0.751047,0.219178,0.000000
19,7,0.388889,0.096774,0.381153,0.423135,0.611111,0.583555,0.123288,0.063314
19,8,0.611111,0.129032,0.529364,0.367678,0.388889,0.606557,0.136986,0.087934
19,9,0.333333,0.088710,0.000000,0.246360,0.666667,0.792899,0.123288,0.000000
19,10,0.444444,0.104839,0.000000,0.409966,0.555556,0.655364,0.136986,0.000000
19,11,0.388889,0.096774,0.203437,0.269063,0.611111,0.741395,0.123288,0.033793
19,12,0.388889,0.096774,0.456145,0.444748,0.611111,0.553436,0.164384,0.075771
19,13,0.500000,0.112903,0.443080,0.478459,0.500000,0.527179,0.136986,0.088616
19,14,0.222222,0.072581,0.292332,0.122100,0.777778,0.850773,0.246575,0.058466
19,15,0.500000,0.112903,0.000000,0.142280,0.500000,0.880393,0.136986,0.000000
19,16,0.611111,0.129032,0.365749,0.580700,0.388889,0.453554,0.150685,0.060755
19,17,0.166667,0.064516,0.000000,0.344315,0.833333,0.710553,0.273973,0.000000
19,18,0.277778,0.080645,0.000000,0.214219,0.722222,0.819918,0.260274,0.000000
19,19,0.111111,0.056452,0.000000,0.198718,0.888889,0.832949,0.315068,0.000000
19,20,0.111111,0.056452,0.034169,0.235069,0.888889,0.796946,0.287671,0.006834
19,21,0.444444,0.104839,0.241802,0.246674,0.555556,0.754102,0.150685,0.048360
19,22,0.166667,0.064516,0.269023,0.375943,0.833333,0.641095,0.260274,0.053805
19,23,0.555556,0.120968,0.000000,0.297723,0.444444,0.749721,0.150685,0.000000
19,24,0.222222,0.072581,0.000000,0.071995,0.777778,0.939478,0.273973,0.000000
19,25,0.277778,0.080645,0.000000,0.031392,0.722222,0.973610,0.191781,0.000000
19,26,0.500000,0.112903,0.000000,0.398396,0.500000,0.665090,0.123288,0.000000
19,27,0.277778,0.080645,0.068719,0.280273,0.722222,0.753439,0.205479,0.013744
19,28,0.166667,0.064516,0.000000,0.033115,0.833333,0.972162,0.260274,0.000000
19,29,0.166667,0.064516,0.000000,0.262734,0.833333,0.779134,0.315068,0.000000
19,30,0.277778,0.080645,0.000000,0.190323,0.722222,0.840006,0.301370,0.000000
19,31,0.555556,0.120968,0.394170,0.298578,0.444444,0.686189,0.136986,0.078834
19,32,0.111111,0.056452,0.345169,0.205688,0.888889,0.772085,0.342466,0.069034
19,33,0.055556,0.048387,0.000000,0.251112,0.944444,0.788904,0.342466,0.000000
19,34,0.666667,0.137097,0.129451,0.414510,0.333333,0.630915,0.205479,0.025890
19,35,0.333333,0.088710,0.274738,0.306191,0.666667,0.698821,0.136986,0.045637
19,36,0.388889,0.096774,0.372811,0.269716,0.611111,0.713855,0.219178,0.074562
19,37,0.277778,0.080645,0.000000,0.276955,0.722222,0.767179,0.164384,0.000000
19,38,0.111111,0.056452,0.000000,0.023644,0.888889,0.980124,0.356164,0.000000
19,39,0.333333,0.088710,0.000000,0.160051,0.666667,0.865454,0.164384,0.000000
19,40,0.388889,0.096774,0.000000,0.477932,0.611111,0.598228,0.109589,0.000000
19,41,0.611111,0.129032,0.614294,0.683977,0.388889,0.327127,0.123288,0.122859
19,42,0.166667,0.064516,0.049963,0.042752,0.833333,0.956099,0.123288,0.008299
19,43,0.222222,0.072581,0.000000,0.211822,0.777778,0.821933,0.123288,0.000000
19,44,0.277778,0.080645,0.000000,0.216305,0.722222,0.818164,0.205479,0.000000
19,45,0.333333,0.088710,0.083413,0.201194,0.666667,0.817575,0.191781,0.016683
19,46,0.500000,0.112903,0.362417,0.387433,0.500000,0.616553,0.123288,0.072483
19,47,0.333333,0.088710,0.000000,0.217512,0.666667,0.817150,0.178082,0.000000
19,48,0.555556,0.120968,0.068823,0.579278,0.444444,0.502066,0.109589,0.013765
19,49,0.444444,0.104839,0.000000,0.323405,0.555556,0.728131,0.150685,0.000000
19,50,0.722222,0.145161,0.704396,0.548428,0.277778,0.426718,0.123288,0.140879
19,51,0.611111,0.129032,0.000000,0.471879,0.388889,0.603317,0.205479,0.000000
19,52,0.444444,0.104839,0.414223,0.392478,0.555556,0.604057,0.150685,0.068807
19,53,0.222222,0.072581,0.000000,0.000000,0.777778,1.000000,0.178082,0.000000
19,54,0.444444,0.104839,0.000000,0.129733,0.555556,0.890941,0.191781,0.000000
19,55,0.388889,0.096774,0.199530,0.222363,0.611111,0.781276,0.150685,0.033144
19,56,0.388889,0.096774,0.000000,0.413515,0.611111,0.652381,0.123288,0.000000
19,57,0.611111,0.129032,0.134602,0.234048,0.388889,0.781799,0.150685,0.026920
19,58,0.277778,0.080645,0.278950,0.477326,0.722222,0.554286,0.246575,0.046337
19,59,0.055556,0.048387,0.000000,0.150503,0.944444,0.873480,0.342466,0.000000
19,60,0.444444,0.104839,0.147979,0.339703,0.555556,0.690849,0.178082,0.029596
19,61,0.777778,0.153226,0.076112,0.429091,0.222222,0.627158,0.136986,0.015222
19,62,0.555556,0.120968,0.442644,0.459580,0.444444,0.543119,0.109589,0.088529
19,63,0.500000,0.112903,0.000000,0.284292,0.500000,0.761011,0.109589,0.000000
19,64,0.388889,0.096774,0.176819,0.270560,0.611111,0.744378,0.123288,0.035364
19,65,0.611111,0.129032,0.228138,0.534926,0.388889,0.513963,0.123288,0.045628
19,66,0.333333,0.088710,0.213960,0.191810,0.666667,0.804661,0.164384,0.035541
19,67,0.277778,0.080645,0.000000,0.277087,0.722222,0.767068,0.232877,0.000000
19,68,0.722222,0.145161,0.000000,0.309843,0.277778,0.739532,0.123288,0.000000
19,69,0.277778,0.080645,0.258964,0.027482,0.722222,0.935630,0.205479,0.043017
19,70,0.277778,0.080645,0.285381,0.225197,0.722222,0.765212,0.178082,0.057076
19,71,0.388889,0.096774,0.000000,0.139930,0.611111,0.882368,0.109589,0.000000
19,72,0.333333,0.088710,0.000000,0.212174,0.666667,0.821637,0.205479,0.000000
19,73,0.444444,0.104839,0.000000,0.163830,0.555556,0.862277,0.109589,0.000000
19,74,0.166667,0.064516,0.000000,0.046895,0.833333,0.960578,0.150685,0.000000
19,75,0.444444,0.104839,0.123580,0.293380,0.555556,0.733678,0.123288,0.024716
19,76,0.777778,0.153226,0.000000,0.564545,0.222222,0.525418,0.109589,0.000000
19,77,0.333333,0.088710,0.000000,0.402193,0.666667,0.661899,0.191781,0.000000
19,78,0.222222,0.072581,0.000000,0.090673,0.777778,0.923776,0.123288,0.000000
19,79,0.500000,0.112903,0.000000,0.121517,0.500000,0.897847,0.164384,0.000000
19,80,0.166667,0.064516,0.000000,0.124082,0.833333,0.895691,0.205479,0.000000
19,81,0.555556,0.120968,0.000000,0.326017,0.444444,0.725936,0.123288,0.000000
19,82,0.444444,0.104839,0.000000,0.150544,0.555556,0.873446,0.164384,0.000000
19,83,1.000000,0.185484,1.000000,1.000000,0.000000,0.000000,0.150685,0.200000
19,84,0.277778,0.080645,0.000000,0.138985,0.722222,0.883163,0.191781,0.000000
19,85,0.277778,0.080645,0.584140,0.286074,0.722222,0.666427,0.150685,0.097033
19,86,0.111111,0.056452,0.224857,0.101251,0.888889,0.879052,0.342466,0.037352
19,87,0.388889,0.096774,0.000000,0.228962,0.611111,0.807524,0.164384,0.000000
19,88,0.388889,0.096774,0.353163,0.641070,0.611111,0.404810,0.205479,0.058665
19,89,0.166667,0.064516,0.000000,0.127611,0.833333,0.892724,0.178082,0.000000
19,90,0.722222,0.145161,0.082536,0.232333,0.277778,0.791538,0.150685,0.016507
19,91,0.444444,0.104839,0.000000,0.278692,0.555556,0.765719,0.150685,0.000000
19,92,0.611111,0.129032,0.000000,0.358152,0.388889,0.698921,0.123288,0.000000
19,93,0.277778,0.080645,0.000000,0.149225,0.722222,0.874555,0.123288,0.000000
19,94,0.055556,0.048387,0.000000,0.157349,0.944444,0.867725,0.205479,0.000000
19,95,0.444444,0.104839,0.000000,0.307905,0.555556,0.741161,0.178082,0.000000
19,96,0.611111,0.129032,0.000000,0.323955,0.388889,0.727668,0.123288,0.000000
19,97,0.500000,0.112903,0.084232,0.282418,0.500000,0.749164,0.136986,0.016846
19,98,0.388889,0.096774,0.000000,0.350653,0.611111,0.705225,0.178082,0.000000
19,99,0.166667,0.064516,0.000000,0.295116,0.833333,0.751912,0.342466,0.000000
19,100,0.222222,0.072581,0.218250,0.572713,0.777778,0.483772,0.219178,0.043650
19,101,0.277778,0.080645,0.402823,0.582976,0.722222,0.445732,0.123288,0.080565
19,102,0.555556,0.120968,0.547725,0.523402,0.444444,0.472722,0.205479,0.109545
19,103,0.222222,0.072581,0.000000,0.165685,0.777778,0.860717,0.232877,0.000000
19,104,0.555556,0.120968,0.000000,0.300248,0.444444,0.747598,0.136986,0.000000
19,105,0.555556,0.120968,0.000000,0.254612,0.444444,0.785962,0.164384,0.000000
19,106,0.277778,0.080645,0.219027,0.358200,0.722222,0.663978,0.246575,0.036383
19,107,0.333333,0.088710,0.139587,0.509639,0.666667,0.549331,0.232877,0.023187
19,108,0.000000,0.040323,0.000000,0.046697,1.000000,0.960744,0.342466,0.000000
19,109,0.777778,0.153226,0.674025,0.650502,0.222222,0.345750,0.164384,0.134805
19,110,0.333333,0.088710,0.000000,0.192863,0.666667,0.837871,0.109589,0.000000
19,111,0.222222,0.072581,0.000000,0.152549,0.777778,0.871760,0.287671,0.000000
19,112,0.388889,0.096774,0.000000,0.219143,0.611111,0.815778,0.136986,0.000000
19,113,0.388889,0.096774,0.071445,0.219518,0.611111,0.804078,0.136986,0.011868
19,114,0.611111,0.129032,0.564256,0.450042,0.388889,0.531758,0.123288,0.112851
19,115,0.388889,0.096774,0.223286,0.408483,0.611111,0.621029,0.205479,0.044657
19,116,0.277778,0.080645,0.000000,0.273751,0.722222,0.769873,0.205479,0.000000
19,117,0.444444,0.104839,0.000000,0.271660,0.555556,0.771630,0.109589,0.000000
19,118,0.444444,0.104839,0.054229,0.188147,0.555556,0.833193,0.123288,0.010846
19,119,0.222222,0.072581,0.000000,0.069918,0.777778,0.941223,0.273973,0.000000
19,120,0.166667,0.064516,0.000000,0.005166,0.833333,0.995657,0.136986,0.000000
19,121,0.722222,0.145161,0.596728,0.861390,0.277778,0.180785,0.164384,0.119346
19,122,0.333333,0.088710,0.237090,0.116968,0.666667,0.863890,0.178082,0.039383
19,123,0.444444,0.104839,0.326232,0.475023,0.555556,0.548687,0.150685,0.054191
19,124,0.222222,0.072581,0.238310,0.094980,0.777778,0.882180,0.219178,0.039586
20,0,0.222222,0.072581,0.000000,0.182418,0.777778,0.836505,0.148649,0.000000
20,1,0.222222,0.072581,0.227470,0.120078,0.777778,0.862919,0.256757,0.024880
20,2,0.333333,0.088710,0.000000,0.337011,0.666667,0.697949,0.135135,0.000000
20,3,0.166667,0.064516,0.000000,0.137364,0.833333,0.876886,0.283784,0.000000
20,4,0.388889,0.096774,0.000000,0.158771,0.611111,0.857700,0.135135,0.000000
20,5,0.444444,0.104839,0.000000,0.326489,0.555556,0.707380,0.189189,0.000000
20,6,0.166667,0.064516,0.000000,0.347760,0.833333,0.688315,0.216216,0.000000
20,7,0.388889,0.096774,0.000000,0.417816,0.611111,0.625526,0.135135,0.000000
20,8,0.611111,0.129032,1.000000,0.648057,0.388889,0.289658,0.148649,0.200000
20,9,0.333333,0.088710,0.000000,0.329618,0.666667,0.704575,0.121622,0.000000
20,10,0.444444,0.104839,0.374530,0.478584,0.555556,0.522556,0.135135,0.074906
20,11,0.388889,0.096774,0.199080,0.351756,0.611111,0.658951,0.135135,0.039816
20,12,0.388889,0.096774,0.297158,0.554347,0.611111,0.464673,0.175676,0.059432
20,13,0.500000,0.112903,0.469850,0.494870,0.500000,0.495614,0.135135,0.093970
20,14,0.222222,0.072581,0.722892,0.255639,0.777778,0.677257,0.243243,0.079069
20,15,0.500000,0.112903,0.678586,0.433552,0.500000,0.523538,0.135135,0.135717
20,16,0.611111,0.129032,0.069574,0.666433,0.388889,0.393690,0.162162,0.013915
20,17,0.166667,0.064516,0.000000,0.386630,0.833333,0.653478,0.270270,0.000000
20,18,0.277778,0.080645,0.000000,0.427387,0.722222,0.616949,0.256757,0.000000
20,19,0.111111,0.056452,0.000000,0.000000,0.888889,1.000000,0.310811,0.000000
20,20,0.111111,0.056452,0.496207,0.065126,0.888889,0.877365,0.283784,0.054274
20,21,0.444444,0.104839,0.355981,0.090040,0.555556,0.873197,0.148649,0.071196
20,22,0.166667,0.064516,0.669570,0.498580,0.833333,0.466423,0.256757,0.133914
20,23,0.555556,0.120968,0.000000,0.464033,0.444444,0.584103,0.148649,0.000000
20,24,0.222222,0.072581,0.000000,0.123373,0.777778,0.889425,0.270270,0.000000
20,25,0.277778,0.080645,0.175585,0.111386,0.722222,0.877428,0.189189,0.019205
20,26,0.500000,0.112903,0.000000,0.389566,0.500000,0.650846,0.121622,0.000000
20,27,0.277778,0.080645,0.754881,0.394078,0.722222,0.549036,0.202703,0.082568
20,28,0.166667,0.064516,0.000000,0.079945,0.833333,0.928349,0.256757,0.000000
20,29,0.166667,0.064516,0.000000,0.430547,0.833333,0.614116,0.310811,0.000000
20,30,0.277778,0.080645,0.000000,0.238711,0.722222,0.786051,0.297297,0.000000
20,31,0.555556,0.120968,0.575330,0.402386,0.444444,0.564844,0.135135,0.115066
20,32,0.111111,0.056452,0.068538,0.079945,0.888889,0.919472,0.337838,0.007497
20,33,0.055556,0.048387,0.000000,0.112154,0.944444,0.899481,0.337838,0.000000
20,34,0.666667,0.137097,0.350891,0.555822,0.333333,0.456392,0.202703,0.070178
20,35,0.333333,0.088710,0.000000,0.177236,0.666667,0.841150,0.148649,0.000000
20,36,0.388889,0.096774,0.116959,0.476653,0.611111,0.557645,0.216216,0.023392
20,37,0.277778,0.080645,0.000000,0.224679,0.722222,0.798628,0.162162,0.000000
20,38,0.111111,0.056452,0.000000,0.051749,0.888889,0.953619,0.351351,0.000000
20,39,0.333333,0.088710,0.000000,0.222878,0.666667,0.800242,0.162162,0.000000
20,40,0.388889,0.096774,0.000000,0.500442,0.611111,0.551472,0.108108,0.000000
20,41,0.611111,0.129032,0.363791,0.445509,0.388889,0.553591,0.121622,0.072758
20,42,0.166667,0.064516,0.388463,0.269892,0.833333,0.707795,0.135135,0.077693
20,43,0.222222,0.072581,0.000000,0.091664,0.777778,0.917845,0.121622,0.000000
20,44,0.277778,0.080645,0.000000,0.202760,0.722222,0.818273,0.202703,0.000000
20,45,0.333333,0.088710,0.188071,0.200830,0.666667,0.795646,0.189189,0.037614
20,46,0.500000,0.112903,0.347888,0.251022,0.500000,0.729962,0.121622,0.069578
20,47,0.333333,0.088710,0.000000,0.145981,0.666667,0.869162,0.175676,0.000000
20,48,0.555556,0.120968,0.559534,0.756732,0.444444,0.249302,0.108108,0.111907
20,49,0.444444,0.104839,0.211096,0.405322,0.555556,0.609385,0.148649,0.023089
20,50,0.722222,0.145161,0.848660,0.317849,0.277778,0.605212,0.121622,0.092825
20,51,0.611111,0.129032,0.511857,0.520361,0.388889,0.467327,0.202703,0.102371
20,52,0.444444,0.104839,0.622228,0.406102,0.555556,0.555439,0.162162,0.124446
20,53,0.222222,0.072581,0.000000,0.088115,0.777778,0.921026,0.175676,0.000000
20,54,0.444444,0.104839,0.301902,0.390509,0.555556,0.610901,0.189189,0.060380
20,55,0.388889,0.096774,0.000000,0.228283,0.611111,0.795398,0.162162,0.000000
20,56,0.388889,0.096774,0.000000,0.292425,0.611111,0.737910,0.121622,0.000000
20,57,0.611111,0.129032,0.101452,0.401510,0.388889,0.627002,0.148649,0.020290
20,58,0.277778,0.080645,0.371989,0.331879,0.722222,0.654372,0.256757,0.074398
20,59,0.055556,0.048387,0.000000,0.059488,0.944444,0.946683,0.337838,0.000000
20,60,0.444444,0.104839,0.113490,0.304370,0.555556,0.712506,0.175676,0.012413
20,61,0.777778,0.153226,0.346182,0.406042,0.222222,0.591244,0.135135,0.037865
20,62,0.555556,0.120968,0.559061,0.454668,0.444444,0.520092,0.108108,0.111812
20,63,0.500000,0.112903,0.000000,0.478618,0.500000,0.571032,0.108108,0.000000
20,64,0.388889,0.096774,0.044004,0.127650,0.611111,0.879893,0.121622,0.008801
20,65,0.611111,0.129032,0.909219,0.601677,0.388889,0.342983,0.121622,0.181844
20,66,0.333333,0.088710,0.477148,0.253361,0.666667,0.711125,0.175676,0.052190
20,67,0.277778,0.080645,0.000000,0.427207,0.722222,0.617109,0.229730,0.000000
20,68,0.722222,0.145161,0.000000,0.455099,0.277778,0.592111,0.121622,0.000000
20,69,0.277778,0.080645,0.008552,0.192220,0.722222,0.826612,0.216216,0.001710
20,70,0.277778,0.080645,0.458274,0.474438,0.722222,0.515426,0.175676,0.091655
20,71,0.388889,0.096774,0.000000,0.222843,0.611111,0.800274,0.108108,0.000000
20,72,0.333333,0.088710,0.000000,0.271997,0.666667,0.756218,0.202703,0.000000
20,73,0.444444,0.104839,0.000000,0.308947,0.555556,0.723102,0.108108,0.000000
20,74,0.166667,0.064516,0.000000,0.220728,0.833333,0.802169,0.148649,0.000000
20,75,0.444444,0.104839,0.366860,0.294877,0.555556,0.688200,0.121622,0.040127
20,76,0.777778,0.153226,0.000000,0.611519,0.222222,0.451917,0.108108,0.000000
20,77,0.333333,0.088710,0.981157,0.508528,0.666667,0.417153,0.189189,0.107318
20,78,0.222222,0.072581,0.000000,0.043789,0.777778,0.960753,0.121622,0.000000
20,79,0.500000,0.112903,0.122034,0.218046,0.500000,0.788768,0.162162,0.024407
20,80,0.166667,0.064516,0.000000,0.157289,0.833333,0.859028,0.202703,0.000000
20,81,0.555556,0.120968,0.000000,0.390422,0.444444,0.650079,0.121622,0.000000
20,82,0.444444,0.104839,0.000000,0.273834,0.555556,0.754573,0.162162,0.000000
20,83,1.000000,0.185484,0.800974,1.000000,0.000000,0.000000,0.148649,0.160195
20,84,0.277778,0.080645,0.000000,0.083960,0.722222,0.924749,0.189189,0.000000
20,85,0.277778,0.080645,0.000000,0.162104,0.722222,0.854712,0.162162,0.000000
20,86,0.111111,0.056452,0.110863,0.228210,0.888889,0.781105,0.351351,0.022173
20,87,0.388889,0.096774,0.331661,0.256712,0.611111,0.726964,0.162162,0.066332
20,88,0.388889,0.096774,0.000000,0.558174,0.611111,0.499729,0.216216,0.000000
20,89,0.166667,0.064516,0.000000,0.135638,0.833333,0.878432,0.175676,0.000000
20,90,0.722222,0.145161,0.142610,0.493900,0.277778,0.538866,0.148649,0.028522
20,91,0.444444,0.104839,0.000000,0.405396,0.555556,0.636658,0.148649,0.000000
20,92,0.611111,0.129032,0.000000,0.393954,0.388889,0.646913,0.121622,0.000000
20,93,0.277778,0.080645,0.000000,0.073548,0.722222,0.934081,0.121622,0.000000
20,94,0.055556,0.048387,0.000000,0.075167,0.944444,0.932630,0.202703,0.000000
20,95,0.444444,0.104839,0.000000,0.362275,0.555556,0.675306,0.175676,0.000000
20,96,0.611111,0.129032,0.000000,0.340254,0.388889,0.695043,0.121622,0.000000
20,97,0.500000,0.112903,0.622386,0.378102,0.500000,0.580515,0.135135,0.068076
20,98,0.388889,0.096774,0.000000,0.180155,0.611111,0.838534,0.175676,0.000000
20,99,0.166667,0.064516,0.000000,0.333471,0.833333,0.701121,0.337838,0.000000
20,100,0.222222,0.072581,0.616630,0.518095,0.777778,0.455789,0.216216,0.067446
20,101,0.277778,0.080645,0.046396,0.326738,0.722222,0.701148,0.121622,0.005075
20,102,0.555556,0.120968,0.387462,0.364971,0.444444,0.622708,0.202703,0.042380
20,103,0.222222,0.072581,0.000000,0.226923,0.777778,0.796617,0.229730,0.000000
20,104,0.555556,0.120968,0.017756,0.272919,0.444444,0.753093,0.135135,0.003551
20,105,0.555556,0.120968,0.394298,0.364376,0.444444,0.622356,0.162162,0.078860
20,106,0.277778,0.080645,0.000000,0.376612,0.722222,0.662456,0.256757,0.000000
20,107,0.333333,0.088710,0.188760,0.581558,0.666667,0.454323,0.243243,0.037752
20,108,0.000000,0.040323,0.000000,0.020671,1.000000,0.981473,0.337838,0.000000
20,109,0.777778,0.153226,0.805958,0.632814,0.222222,0.328450,0.162162,0.161192
20,110,0.333333,0.088710,0.000000,0.434941,0.666667,0.610178,0.108108,0.000000
20,111,0.222222,0.072581,0.000000,0.371309,0.777778,0.667209,0.283784,0.000000
20,112,0.388889,0.096774,0.327130,0.233244,0.611111,0.748585,0.135135,0.035781
20,113,0.388889,0.096774,0.000000,0.540634,0.611111,0.515449,0.148649,0.000000
20,114,0.611111,0.129032,0.537333,0.494194,0.388889,0.487481,0.121622,0.107467
20,115,0.388889,0.096774,0.601376,0.495911,0.611111,0.477647,0.202703,0.120275
20,116,0.277778,0.080645,0.000000,0.356711,0.722222,0.680293,0.202703,0.000000
20,117,0.444444,0.104839,0.000000,0.323183,0.555556,0.710343,0.108108,0.000000
20,118,0.444444,0.104839,0.767110,0.224648,0.555556,0.699306,0.121622,0.083905
20,119,0.222222,0.072581,0.000000,0.065343,0.777778,0.941435,0.270270,0.000000
20,120,0.166667,0.064516,0.000000,0.128285,0.833333,0.885023,0.135135,0.000000
20,121,0.722222,0.145161,0.295533,0.689574,0.277778,0.343685,0.162162,0.059107
20,122,0.333333,0.088710,0.585282,0.255391,0.666667,0.695301,0.189189,0.064017
20,123,0.444444,0.104839,0.000000,0.296048,0.555556,0.734662,0.162162,0.000000
20,124,0.222222,0.072581,0.000000,0.210566,0.777778,0.811278,0.229730,0.000000
21,0,0.222222,0.072581,0.708404,0.254826,0.777778,0.675773,0.146667,0.075005
21,1,0.222222,0.072581,0.000000,0.380687,0.777778,0.661890,0.266667,0.000000
21,2,0.333333,0.088710,0.000000,0.538939,0.666667,0.521337,0.133333,0.000000
21,3,0.166667,0.064516,0.000000,0.326935,0.833333,0.709630,0.280000,0.000000
21,4,0.388889,0.096774,0.000000,0.412464,0.611111,0.633667,0.133333,0.000000
21,5,0.444444,0.104839,0.000000,0.325679,0.555556,0.710745,0.186667,0.000000
21,6,0.166667,0.064516,0.000000,0.231206,0.833333,0.794653,0.213333,0.000000
21,7,0.388889,0.096774,0.011978,0.561095,0.611111,0.500003,0.133333,0.002396
21,8,0.611111,0.129032,1.000000,0.849794,0.388889,0.107049,0.146667,0.200000
21,9,0.333333,0.088710,0.000000,0.365901,0.666667,0.675022,0.120000,0.000000
21,10,0.444444,0.104839,0.527935,0.602956,0.555556,0.391519,0.133333,0.105587
21,11,0.388889,0.096774,0.243010,0.582084,0.611111,0.449434,0.133333,0.048602
21,12,0.388889,0.096774,0.264785,0.665616,0.611111,0.372234,0.173333,0.052957
21,13,0.500000,0.112903,0.813887,0.672542,0.500000,0.290198,0.133333,0.086173
21,14,0.222222,0.072581,0.628812,0.264777,0.777778,0.677935,0.253333,0.066578
21,15,0.500000,0.112903,0.000000,0.510125,0.500000,0.546929,0.133333,0.000000
21,16,0.611111,0.129032,0.011010,0.557729,0.388889,0.503127,0.160000,0.002202
21,17,0.166667,0.064516,0.000000,0.428916,0.833333,0.619055,0.266667,0.000000
21,18,0.277778,0.080645,0.000000,0.292367,0.722222,0.740332,0.253333,0.000000
21,19,0.111111,0.056452,0.000000,0.350887,0.888889,0.688357,0.306667,0.000000
21,20,0.111111,0.056452,0.049528,0.142089,0.888889,0.866958,0.293333,0.009906
21,21,0.444444,0.104839,0.000000,0.223559,0.555556,0.801444,0.146667,0.000000
21,22,0.166667,0.064516,0.264904,0.322163,0.833333,0.677259,0.253333,0.028048
21,23,0.555556,0.120968,0.021934,0.633910,0.444444,0.433957,0.146667,0.004387
21,24,0.222222,0.072581,0.594920,0.244364,0.777778,0.700749,0.266667,0.062989
21,25,0.277778,0.080645,0.000000,0.216504,0.722222,0.807710,0.200000,0.000000
21,26,0.500000,0.112903,0.000000,0.518284,0.500000,0.539682,0.120000,0.000000
21,27,0.277778,0.080645,0.345762,0.432840,0.722222,0.567785,0.213333,0.036609
21,28,0.166667,0.064516,0.000000,0.261379,0.833333,0.767854,0.253333,0.000000
21,29,0.166667,0.064516,0.000000,0.432088,0.833333,0.616237,0.306667,0.000000
21,30,0.277778,0.080645,0.000000,0.201794,0.722222,0.820775,0.293333,0.000000
21,31,0.555556,0.120968,0.352490,0.506291,0.444444,0.501620,0.133333,0.037321
21,32,0.111111,0.056452,0.000000,0.148203,0.888889,0.868373,0.346667,0.000000
21,33,0.055556,0.048387,0.000000,0.244281,0.944444,0.783040,0.333333,0.000000
21,34,0.666667,0.137097,0.455807,0.443154,0.333333,0.543417,0.200000,0.091161
21,35,0.333333,0.088710,0.641817,0.562646,0.666667,0.411582,0.146667,0.128363
21,36,0.388889,0.096774,0.479111,0.524879,0.611111,0.467612,0.213333,0.095822
21,37,0.277778,0.080645,0.000000,0.335529,0.722222,0.701997,0.160000,0.000000
21,38,0.111111,0.056452,0.000000,0.271121,0.888889,0.759202,0.346667,0.000000
21,39,0.333333,0.088710,0.000000,0.124407,0.666667,0.889507,0.160000,0.000000
21,40,0.388889,0.096774,0.000000,0.459801,0.611111,0.591624,0.106667,0.000000
21,41,0.611111,0.129032,0.229139,0.706447,0.388889,0.340897,0.120000,0.045828
21,42,0.166667,0.064516,0.000000,0.300213,0.833333,0.733363,0.133333,0.000000
21,43,0.222222,0.072581,0.000000,0.353519,0.777778,0.686019,0.120000,0.000000
21,44,0.277778,0.080645,0.000000,0.282167,0.722222,0.749391,0.200000,0.000000
21,45,0.333333,0.088710,0.612727,0.561827,0.666667,0.416330,0.186667,0.122545
21,46,0.500000,0.112903,0.977447,0.763294,0.500000,0.186992,0.120000,0.103491
21,47,0.333333,0.088710,0.000000,0.234561,0.666667,0.791673,0.173333,0.000000
21,48,0.555556,0.120968,0.526579,0.866998,0.444444,0.157196,0.106667,0.105316
21,49,0.444444,0.104839,0.000000,0.554348,0.555556,0.507652,0.160000,0.000000
21,50,0.722222,0.145161,0.586408,0.539114,0.277778,0.440140,0.133333,0.117282
21,51,0.611111,0.129032,0.829138,0.677284,0.388889,0.283878,0.200000,0.165828
21,52,0.444444,0.104839,0.217920,0.622390,0.555556,0.417103,0.160000,0.043584
21,53,0.222222,0.072581,0.000000,0.300158,0.777778,0.733413,0.173333,0.000000
21,54,0.444444,0.104839,0.510201,0.418951,0.555556,0.557396,0.186667,0.102040
21,55,0.388889,0.096774,0.000000,0.485214,0.611111,0.569053,0.160000,0.000000
21,56,0.388889,0.096774,0.000000,0.406395,0.611111,0.639057,0.120000,0.000000
21,57,0.611111,0.129032,0.000000,0.521947,0.388889,0.536429,0.146667,0.000000
21,58,0.277778,0.080645,0.487390,0.410214,0.722222,0.568308,0.253333,0.051604
21,59,0.055556,0.048387,0.000000,0.115164,0.944444,0.897716,0.333333,0.000000
21,60,0.444444,0.104839,0.000000,0.634891,0.555556,0.436117,0.186667,0.000000
21,61,0.777778,0.153226,0.279983,0.466426,0.222222,0.547047,0.146667,0.055997
21,62,0.555556,0.120968,0.800021,0.617820,0.444444,0.340716,0.106667,0.084705
21,63,0.500000,0.112903,0.000000,0.504978,0.500000,0.551500,0.106667,0.000000
21,64,0.388889,0.096774,0.263049,0.283044,0.611111,0.712259,0.120000,0.027851
21,65,0.611111,0.129032,0.916726,0.769499,0.388889,0.189873,0.120000,0.183345
21,66,0.333333,0.088710,0.119075,0.349672,0.666667,0.672980,0.186667,0.023815
21,67,0.277778,0.080645,0.000000,0.330443,0.722222,0.706514,0.226667,0.000000
21,68,0.722222,0.145161,0.000000,0.867759,0.277778,0.229293,0.120000,0.000000
21,69,0.277778,0.080645,0.000000,0.195925,0.722222,0.825988,0.213333,0.000000
21,70,0.277778,0.080645,0.141592,0.190072,0.722222,0.811618,0.173333,0.028318
21,71,0.388889,0.096774,0.000000,0.291064,0.611111,0.741489,0.106667,0.000000
21,72,0.333333,0.088710,0.000000,0.476934,0.666667,0.576408,0.200000,0.000000
21,73,0.444444,0.104839,0.000000,0.456014,0.555556,0.594987,0.106667,0.000000
21,74,0.166667,0.064516,0.000000,0.197097,0.833333,0.824947,0.146667,0.000000
21,75,0.444444,0.104839,0.000000,0.502768,0.555556,0.553462,0.133333,0.000000
21,76,0.777778,0.153226,0.000000,0.862240,0.222222,0.234195,0.106667,0.000000
21,77,0.333333,0.088710,0.629862,0.501923,0.666667,0.467167,0.200000,0.066689
21,78,0.222222,0.072581,0.211984,0.260114,0.777778,0.739682,0.120000,0.042397
21,79,0.500000,0.112903,0.462962,0.781938,0.500000,0.241535,0.160000,0.092592
21,80,0.166667,0.064516,0.000000,0.219487,0.833333,0.805061,0.200000,0.000000
21,81,0.555556,0.120968,0.000000,0.369822,0.444444,0.671540,0.120000,0.000000
21,82,0.444444,0.104839,0.363012,0.252580,0.555556,0.725501,0.160000,0.038435
21,83,1.000000,0.185484,0.809281,1.000000,0.000000,0.000000,0.146667,0.161856
21,84,0.277778,0.080645,0.000000,0.151286,0.722222,0.865634,0.186667,0.000000
21,85,0.277778,0.080645,0.000000,0.151446,0.722222,0.865492,0.160000,0.000000
21,86,0.111111,0.056452,0.000000,0.118630,0.888889,0.894638,0.346667,0.000000
21,87,0.388889,0.096774,0.708707,0.596396,0.611111,0.372364,0.160000,0.075037
21,88,0.388889,0.096774,0.342453,0.626750,0.611111,0.396020,0.213333,0.036258
21,89,0.166667,0.064516,0.000000,0.122638,0.833333,0.891078,0.173333,0.000000
21,90,0.722222,0.145161,0.670309,0.692922,0.277778,0.291940,0.146667,0.134062
21,91,0.444444,0.104839,0.000000,0.444420,0.555556,0.605285,0.146667,0.000000
21,92,0.611111,0.129032,0.000000,0.693286,0.388889,0.384253,0.120000,0.000000
21,93,0.277778,0.080645,0.000000,0.000000,0.722222,1.000000,0.120000,0.000000
21,94,0.055556,0.048387,0.000000,0.095881,0.944444,0.914842,0.200000,0.000000
21,95,0.444444,0.104839,0.000000,0.609049,0.555556,0.459068,0.173333,0.000000
21,96,0.611111,0.129032,0.483337,0.455520,0.388889,0.528630,0.120000,0.051175
21,97,0.500000,0.112903,0.000000,0.287777,0.500000,0.744409,0.146667,0.000000
21,98,0.388889,0.096774,0.358724,0.407262,0.611111,0.588711,0.173333,0.071745
21,99,0.166667,0.064516,0.000000,0.458940,0.833333,0.592389,0.333333,0.000000
21,100,0.222222,0.072581,0.742724,0.675094,0.777778,0.297766,0.226667,0.148545
21,101,0.277778,0.080645,0.000000,0.558540,0.722222,0.503928,0.133333,0.000000
21,102,0.555556,0.120968,0.829673,0.746905,0.444444,0.221970,0.213333,0.165935
21,103,0.222222,0.072581,0.000000,0.361781,0.777778,0.678682,0.226667,0.000000
21,104,0.555556,0.120968,0.923479,0.523889,0.444444,0.407080,0.133333,0.184696
21,105,0.555556,0.120968,0.411458,0.549231,0.444444,0.455333,0.160000,0.082292
21,106,0.277778,0.080645,0.174962,0.398777,0.722222,0.621643,0.253333,0.034992
21,107,0.333333,0.088710,0.000000,0.502444,0.666667,0.553751,0.240000,0.000000
21,108,0.000000,0.040323,0.000000,0.128154,1.000000,0.886179,0.333333,0.000000
21,109,0.777778,0.153226,0.595381,0.733964,0.222222,0.265843,0.160000,0.119076
21,110,0.333333,0.088710,0.000000,0.552946,0.666667,0.508897,0.106667,0.000000
21,111,0.222222,0.072581,0.143043,0.270582,0.777778,0.739912,0.280000,0.028609
21,112,0.388889,0.096774,0.000000,0.201316,0.611111,0.821200,0.146667,0.000000
21,113,0.388889,0.096774,0.040485,0.380671,0.611111,0.656309,0.146667,0.008097
21,114,0.611111,0.129032,0.674170,0.629809,0.388889,0.347460,0.120000,0.134834
21,115,0.388889,0.096774,0.000000,0.376215,0.611111,0.665861,0.200000,0.000000
21,116,0.277778,0.080645,0.000000,0.391132,0.722222,0.652613,0.200000,0.000000
21,117,0.444444,0.104839,0.342516,0.300623,0.555556,0.685664,0.106667,0.036265
21,118,0.444444,0.104839,0.026392,0.172173,0.555556,0.843436,0.133333,0.005278
21,119,0.222222,0.072581,0.350317,0.395810,0.777778,0.600044,0.266667,0.070063
21,120,0.166667,0.064516,0.000000,0.234415,0.833333,0.791802,0.133333,0.000000
21,121,0.722222,0.145161,0.705052,0.808879,0.277778,0.184150,0.160000,0.141010
21,122,0.333333,0.088710,0.587580,0.412651,0.666667,0.552297,0.200000,0.117516
21,123,0.444444,0.104839,0.345511,0.671968,0.555556,0.355437,0.160000,0.069102
21,124,0.222222,0.072581,0.337822,0.459652,0.777778,0.545069,0.226667,0.035768
22,0,0.222222,0.072581,0.000000,0.231667,0.777778,0.796161,0.157895,0.000000
22,1,0.222222,0.072581,0.000000,0.325793,0.777778,0.713341,0.263158,0.000000
22,2,0.333333,0.088710,0.167767,0.262467,0.666667,0.739581,0.131579,0.033553
22,3,0.166667,0.064516,0.000000,0.198796,0.833333,0.825084,0.276316,0.000000
22,4,0.388889,0.096774,0.000000,0.140576,0.611111,0.876310,0.131579,0.000000
22,5,0.444444,0.104839,0.181179,0.424563,0.555556,0.594599,0.184211,0.036236
22,6,0.166667,0.064516,0.000000,0.246341,0.833333,0.783249,0.210526,0.000000
22,7,0.388889,0.096774,0.000000,0.379998,0.611111,0.665648,0.131579,0.000000
22,8,0.611111,0.129032,0.808739,0.515775,0.388889,0.404069,0.144737,0.129322
22,9,0.333333,0.088710,0.000000,0.051235,0.666667,0.954919,0.118421,0.000000
22,10,0.444444,0.104839,0.505792,0.495120,0.555556,0.475476,0.131579,0.101158
22,11,0.388889,0.096774,0.051631,0.234938,0.611111,0.784211,0.131579,0.010326
22,12,0.388889,0.096774,0.185596,0.428293,0.611111,0.590541,0.171053,0.037119
22,13,0.500000,0.112903,0.452782,0.520643,0.500000,0.462334,0.144737,0.090556
22,14,0.222222,0.072581,0.397196,0.180393,0.777778,0.771481,0.263158,0.063514
22,15,0.500000,0.112903,0.000000,0.279457,0.500000,0.754112,0.131579,0.000000
22,16,0.611111,0.129032,0.112445,0.562561,0.388889,0.485256,0.157895,0.022489
22,17,0.166667,0.064516,0.000000,0.279459,0.833333,0.754110,0.263158,0.000000
22,18,0.277778,0.080645,0.000000,0.434142,0.722222,0.618008,0.250000,0.000000
22,19,0.111111,0.056452,0.000000,0.030259,0.888889,0.973376,0.302632,0.000000
22,20,0.111111,0.056452,0.009629,0.165041,0.888889,0.853092,0.289474,0.001540
22,21,0.444444,0.104839,0.126160,0.231044,0.555556,0.774540,0.144737,0.025232
22,22,0.166667,0.064516,0.244013,0.408375,0.833333,0.597801,0.263158,0.048803
22,23,0.555556,0.120968,0.517224,0.467615,0.444444,0.497669,0.144737,0.103445
22,24,0.222222,0.072581,0.019751,0.115016,0.777778,0.895329,0.276316,0.003158
22,25,0.277778,0.080645,0.000000,0.000000,0.722222,1.000000,0.197368,0.000000
22,26,0.500000,0.112903,0.424932,0.371439,0.500000,0.598509,0.118421,0.084986
22,27,0.277778,0.080645,0.000000,0.327191,0.722222,0.712111,0.223684,0.000000
22,28,0.166667,0.064516,0.000000,0.028522,0.833333,0.974904,0.250000,0.000000
22,29,0.166667,0.064516,0.000000,0.148109,0.833333,0.869682,0.302632,0.000000
22,30,0.277778,0.080645,0.000000,0.244815,0.722222,0.784592,0.289474,0.000000
22,31,0.555556,0.120968,0.250899,0.588391,0.444444,0.438199,0.144737,0.050180
22,32,0.111111,0.056452,0.000000,0.013016,0.888889,0.988547,0.342105,0.000000
22,33,0.055556,0.048387,0.000000,0.088444,0.944444,0.922180,0.328947,0.000000
22,34,0.666667,0.137097,0.141561,0.183791,0.333333,0.813411,0.197368,0.028312
22,35,0.333333,0.088710,0.082159,0.273519,0.666667,0.744900,0.144737,0.016432
22,36,0.388889,0.096774,0.000000,0.283820,0.611111,0.750272,0.210526,0.000000
22,37,0.277778,0.080645,0.000000,0.188834,0.722222,0.833849,0.157895,0.000000
22,38,0.111111,0.056452,0.000000,0.034472,0.888889,0.969669,0.342105,0.000000
22,39,0.333333,0.088710,0.000000,0.156694,0.666667,0.862128,0.157895,0.000000
22,40,0.388889,0.096774,0.000000,0.396559,0.611111,0.651076,0.105263,0.000000
22,41,0.611111,0.129032,0.559962,0.420930,0.388889,0.531236,0.118421,0.111992
22,42,0.166667,0.064516,0.000000,0.062871,0.833333,0.944681,0.131579,0.000000
22,43,0.222222,0.072581,0.000000,0.318000,0.777778,0.720198,0.118421,0.000000
22,44,0.277778,0.080645,0.000000,0.432575,0.722222,0.619386,0.197368,0.000000
22,45,0.333333,0.088710,0.000000,0.134722,0.666667,0.881461,0.184211,0.000000
22,46,0.500000,0.112903,0.380066,0.366715,0.500000,0.610550,0.131579,0.076013
22,47,0.333333,0.088710,0.000000,0.103905,0.666667,0.908576,0.171053,0.000000
22,48,0.555556,0.120968,0.000000,0.603876,0.444444,0.468662,0.105263,0.000000
22,49,0.444444,0.104839,0.006500,0.407540,0.555556,0.640272,0.157895,0.001300
22,50,0.722222,0.145161,0.000000,0.545697,0.277778,0.519853,0.131579,0.000000
22,51,0.611111,0.129032,0.001580,0.243987,0.388889,0.785043,0.197368,0.000316
22,52,0.444444,0.104839,0.338770,0.497113,0.555556,0.503072,0.157895,0.067754
22,53,0.222222,0.072581,0.000000,0.143002,0.777778,0.874176,0.171053,0.000000
22,54,0.444444,0.104839,0.222599,0.156077,0.555556,0.823557,0.184211,0.044520
22,55,0.388889,0.096774,0.000000,0.436491,0.611111,0.615941,0.157895,0.000000
22,56,0.388889,0.096774,0.000000,0.206928,0.611111,0.817928,0.118421,0.000000
22,57,0.611111,0.129032,0.057498,0.263099,0.388889,0.758402,0.144737,0.011500
22,58,0.277778,0.080645,0.149123,0.330157,0.722222,0.683298,0.263158,0.029825
22,59,0.055556,0.048387,0.000000,0.009515,0.944444,0.991628,0.328947,0.000000
22,60,0.444444,0.104839,0.000000,0.317222,0.555556,0.720883,0.184211,0.000000
22,61,0.777778,0.153226,0.225093,0.483068,0.222222,0.535405,0.144737,0.035994
22,62,0.555556,0.120968,0.000000,0.340864,0.444444,0.700081,0.118421,0.000000
22,63,0.500000,0.112903,0.000000,0.475514,0.500000,0.581605,0.105263,0.000000
22,64,0.388889,0.096774,0.000000,0.048433,0.611111,0.957385,0.131579,0.000000
22,65,0.611111,0.129032,0.751219,0.694666,0.388889,0.256774,0.118421,0.150244
22,66,0.333333,0.088710,0.078730,0.224204,0.666667,0.788893,0.184211,0.012589
22,67,0.277778,0.080645,0.000000,0.305901,0.722222,0.730844,0.223684,0.000000
22,68,0.722222,0.145161,0.000000,0.351069,0.277778,0.691101,0.118421,0.000000
22,69,0.277778,0.080645,0.000000,0.063495,0.722222,0.944132,0.210526,0.000000
22,70,0.277778,0.080645,0.776693,0.342068,0.722222,0.562541,0.171053,0.155339
22,71,0.388889,0.096774,0.000000,0.151273,0.611111,0.866898,0.105263,0.000000
22,72,0.333333,0.088710,0.000000,0.252123,0.666667,0.778162,0.197368,0.000000
22,73,0.444444,0.104839,0.000000,0.317460,0.555556,0.720674,0.105263,0.000000
22,74,0.166667,0.064516,0.000000,0.259832,0.833333,0.771379,0.144737,0.000000
22,75,0.444444,0.104839,0.000000,0.333001,0.555556,0.706999,0.131579,0.000000
22,76,0.777778,0.153226,0.067564,0.576215,0.222222,0.481128,0.105263,0.013513
22,77,0.333333,0.088710,0.325061,0.374296,0.666667,0.613545,0.210526,0.065012
22,78,0.222222,0.072581,0.277735,0.115046,0.777778,0.849970,0.118421,0.044412
22,79,0.500000,0.112903,0.113030,0.148987,0.500000,0.849048,0.157895,0.018074
22,80,0.166667,0.064516,0.000000,0.069456,0.833333,0.938887,0.197368,0.000000
22,81,0.555556,0.120968,0.000000,0.160647,0.444444,0.858650,0.118421,0.000000
22,82,0.444444,0.104839,0.036943,0.139586,0.555556,0.870689,0.171053,0.007389
22,83,1.000000,0.185484,0.683594,1.000000,0.000000,0.000000,0.144737,0.136719
22,84,0.277778,0.080645,0.000000,0.080204,0.722222,0.929430,0.184211,0.000000
22,85,0.277778,0.080645,0.375886,0.090954,0.722222,0.853921,0.157895,0.060107
22,86,0.111111,0.056452,0.000000,0.170764,0.888889,0.849748,0.342105,0.000000
22,87,0.388889,0.096774,0.212098,0.428106,0.611111,0.586048,0.171053,0.033916
22,88,0.388889,0.096774,0.497696,0.642451,0.611111,0.347266,0.223684,0.099539
22,89,0.166667,0.064516,0.000000,0.066329,0.833333,0.941639,0.171053,0.000000
22,90,0.722222,0.145161,0.329797,0.555847,0.277778,0.452970,0.144737,0.065959
22,91,0.444444,0.104839,0.000000,0.301178,0.555556,0.735000,0.144737,0.000000
22,92,0.611111,0.129032,0.000000,0.197079,0.388889,0.826595,0.118421,0.000000
22,93,0.277778,0.080645,0.016513,0.110065,0.722222,0.900254,0.118421,0.002641
22,94,0.055556,0.048387,0.000000,0.078538,0.944444,0.930896,0.197368,0.000000
22,95,0.444444,0.104839,0.000000,0.567487,0.555556,0.500680,0.171053,0.000000
22,96,0.611111,0.129032,0.000000,0.312862,0.388889,0.724719,0.131579,0.000000
22,97,0.500000,0.112903,0.517977,0.400538,0.500000,0.556556,0.144737,0.082828
22,98,0.388889,0.096774,0.131393,0.379723,0.611111,0.642801,0.171053,0.026279
22,99,0.166667,0.064516,0.000000,0.288463,0.833333,0.746187,0.328947,0.000000
22,100,0.222222,0.072581,0.489335,0.685139,0.777778,0.311175,0.223684,0.097867
22,101,0.277778,0.080645,0.000000,0.465371,0.722222,0.590530,0.131579,0.000000
22,102,0.555556,0.120968,0.467642,0.473540,0.444444,0.501168,0.210526,0.074779
22,103,0.222222,0.072581,0.074117,0.182794,0.777778,0.826140,0.223684,0.014823
22,104,0.555556,0.120968,0.252770,0.160475,0.444444,0.814385,0.131579,0.050554
22,105,0.555556,0.120968,0.000000,0.305298,0.444444,0.731374,0.157895,0.000000
22,106,0.277778,0.080645,0.184755,0.325030,0.722222,0.681547,0.250000,0.036951
22,107,0.333333,0.088710,0.000000,0.566006,0.666667,0.501983,0.236842,0.000000
22,108,0.000000,0.040323,0.000000,0.050916,1.000000,0.955200,0.328947,0.000000
22,109,0.777778,0.153226,0.307383,0.556326,0.222222,0.456487,0.157895,0.049152
22,110,0.333333,0.088710,0.000000,0.362518,0.666667,0.681028,0.105263,0.000000
22,111,0.222222,0.072581,0.479667,0.396349,0.777778,0.566974,0.276316,0.076702
22,112,0.388889,0.096774,0.176938,0.314976,0.611111,0.691768,0.144737,0.035388
22,113,0.388889,0.096774,0.036400,0.215060,0.611111,0.804377,0.144737,0.007280
22,114,0.611111,0.129032,0.448180,0.477381,0.388889,0.501209,0.118421,0.089636
22,115,0.388889,0.096774,0.162309,0.412756,0.611111,0.608304,0.197368,0.032462
22,116,0.277778,0.080645,0.000000,0.147116,0.722222,0.870555,0.197368,0.000000
22,117,0.444444,0.104839,0.000000,0.140069,0.555556,0.876756,0.118421,0.000000
22,118,0.444444,0.104839,0.318632,0.213026,0.555556,0.756573,0.131579,0.050951
22,119,0.222222,0.072581,0.627959,0.342768,0.777778,0.588061,0.263158,0.100415
22,120,0.166667,0.064516,0.000000,0.061890,0.833333,0.945544,0.131579,0.000000
22,121,0.722222,0.145161,1.000000,0.806042,0.277778,0.115061,0.157895,0.159906
22,122,0.333333,0.088710,0.000000,0.092292,0.666667,0.918794,0.197368,0.000000
22,123,0.444444,0.104839,0.063698,0.442023,0.555556,0.599880,0.157895,0.012740
22,124,0.222222,0.072581,0.047103,0.130861,0.777778,0.876581,0.236842,0.009421
23,0,0.222222,0.072581,0.000000,0.133122,0.777778,0.884379,0.155844,0.000000
23,1,0.222222,0.072581,0.178138,0.289185,0.777778,0.722036,0.259740,0.035628
23,2,0.333333,0.088710,0.152914,0.254423,0.666667,0.756023,0.129870,0.019036
23,3,0.166667,0.064516,0.000000,0.067794,0.833333,0.941118,0.272727,0.000000
23,4,0.388889,0.096774,0.000000,0.117259,0.611111,0.898157,0.129870,0.000000
23,5,0.444444,0.104839,0.580416,0.215679,0.555556,0.725368,0.181818,0.072255
23,6,0.166667,0.064516,0.000000,0.060409,0.833333,0.947533,0.207792,0.000000
23,7,0.388889,0.096774,0.000000,0.417065,0.611111,0.637763,0.129870,0.000000
23,8,0.611111,0.129032,0.196963,0.522671,0.388889,0.516413,0.155844,0.039393
23,9,0.333333,0.088710,0.000000,0.179920,0.666667,0.843733,0.116883,0.000000
23,10,0.444444,0.104839,0.457296,0.327210,0.555556,0.647019,0.129870,0.091459
23,11,0.388889,0.096774,0.000000,0.117251,0.611111,0.898163,0.129870,0.000000
23,12,0.388889,0.096774,0.035637,0.200052,0.611111,0.820886,0.168831,0.007127
23,13,0.500000,0.112903,0.159455,0.123966,0.500000,0.868345,0.142857,0.019850
23,14,0.222222,0.072581,0.409816,0.186073,0.777778,0.776744,0.272727,0.051017
23,15,0.500000,0.112903,0.000000,0.326194,0.500000,0.716688,0.129870,0.000000
23,16,0.611111,0.129032,0.189817,0.621329,0.388889,0.431799,0.155844,0.037963
23,17,0.166667,0.064516,0.000000,0.155942,0.833333,0.864558,0.259740,0.000000
23,18,0.277778,0.080645,0.000000,0.085507,0.722222,0.925734,0.246753,0.000000
23,19,0.111111,0.056452,0.000000,0.181958,0.888889,0.841963,0.298701,0.000000
23,20,0.111111,0.056452,0.071730,0.005600,0.888889,0.984346,0.298701,0.008930
23,21,0.444444,0.104839,0.646519,0.486803,0.555556,0.479942,0.142857,0.080484
23,22,0.166667,0.064516,0.501400,0.395289,0.833333,0.581255,0.259740,0.062418
23,23,0.555556,0.120968,0.049422,0.492935,0.444444,0.564433,0.142857,0.009884
23,24,0.222222,0.072581,0.127184,0.191448,0.777778,0.814589,0.285714,0.025437
23,25,0.277778,0.080645,0.000000,0.035300,0.722222,0.969341,0.194805,0.000000
23,26,0.500000,0.112903,0.000000,0.500897,0.500000,0.564952,0.116883,0.000000
23,27,0.277778,0.080645,0.000000,0.181165,0.722222,0.842652,0.220779,0.000000
23,28,0.166667,0.064516,0.000000,0.139232,0.833333,0.879071,0.246753,0.000000
23,29,0.166667,0.064516,0.000000,0.124394,0.833333,0.891959,0.298701,0.000000
23,30,0.277778,0.080645,0.000000,0.311584,0.722222,0.729377,0.285714,0.000000
23,31,0.555556,0.120968,0.595212,0.375702,0.444444,0.584156,0.142857,0.074097
23,32,0.111111,0.056452,0.000000,0.081986,0.888889,0.928792,0.337662,0.000000
23,33,0.055556,0.048387,0.000000,0.244192,0.944444,0.787910,0.324675,0.000000
23,34,0.666667,0.137097,0.152494,0.233493,0.333333,0.774264,0.194805,0.030499
23,35,0.333333,0.088710,0.381397,0.307790,0.666667,0.675302,0.142857,0.047479
23,36,0.388889,0.096774,0.219758,0.360808,0.611111,0.653568,0.207792,0.043952
23,37,0.277778,0.080645,0.000000,0.209785,0.722222,0.817794,0.155844,0.000000
23,38,0.111111,0.056452,0.000000,0.000000,0.888889,1.000000,0.337662,0.000000
23,39,0.333333,0.088710,0.000000,0.178595,0.666667,0.844883,0.155844,0.000000
23,40,0.388889,0.096774,0.000000,0.564978,0.611111,0.509296,0.103896,0.000000
23,41,0.611111,0.129032,0.024774,0.536880,0.388889,0.529973,0.116883,0.004955
23,42,0.166667,0.064516,0.248021,0.394310,0.833333,0.620219,0.129870,0.049604
23,43,0.222222,0.072581,0.000000,0.246831,0.777778,0.785618,0.116883,0.000000
23,44,0.277778,0.080645,0.000000,0.350301,0.722222,0.695750,0.194805,0.000000
23,45,0.333333,0.088710,0.000000,0.295764,0.666667,0.743118,0.181818,0.000000
23,46,0.500000,0.112903,0.077151,0.564136,0.500000,0.498421,0.129870,0.015430
23,47,0.333333,0.088710,0.000000,0.112988,0.666667,0.901866,0.168831,0.000000
23,48,0.555556,0.120968,0.873956,1.000000,0.444444,0.000000,0.103896,0.174791
23,49,0.444444,0.104839,0.666167,0.723051,0.555556,0.271797,0.155844,0.133233
23,50,0.722222,0.145161,0.341223,0.397211,0.277778,0.603680,0.129870,0.068245
23,51,0.611111,0.129032,0.287420,0.415156,0.388889,0.596187,0.194805,0.057484
23,52,0.444444,0.104839,0.465887,0.510930,0.555556,0.486158,0.155844,0.057997
23,53,0.222222,0.072581,0.132535,0.339646,0.777778,0.685069,0.168831,0.026507
23,54,0.444444,0.104839,0.838834,0.680536,0.555556,0.282750,0.181818,0.167767
23,55,0.388889,0.096774,0.000000,0.307888,0.611111,0.732587,0.155844,0.000000
23,56,0.388889,0.096774,0.000000,0.332749,0.611111,0.710995,0.116883,0.000000
23,57,0.611111,0.129032,0.655174,0.491220,0.388889,0.474804,0.142857,0.081561
23,58,0.277778,0.080645,0.000000,0.286159,0.722222,0.751460,0.259740,0.000000
23,59,0.055556,0.048387,0.000000,0.173290,0.944444,0.849491,0.324675,0.000000
23,60,0.444444,0.104839,0.000000,0.309866,0.555556,0.730869,0.181818,0.000000
23,61,0.777778,0.153226,0.352958,0.533465,0.222222,0.483573,0.155844,0.070592
23,62,0.555556,0.120968,0.013781,0.352684,0.444444,0.691608,0.116883,0.002756
23,63,0.500000,0.112903,0.283905,0.596005,0.500000,0.439642,0.103896,0.056781
23,64,0.388889,0.096774,0.000000,0.284706,0.611111,0.752722,0.129870,0.000000
23,65,0.611111,0.129032,0.060595,0.456839,0.388889,0.594103,0.116883,0.012119
23,66,0.333333,0.088710,0.000000,0.357796,0.666667,0.689240,0.194805,0.000000
23,67,0.277778,0.080645,0.000000,0.402292,0.722222,0.650594,0.220779,0.000000
23,68,0.722222,0.145161,0.180668,0.381527,0.277778,0.641453,0.116883,0.036134
23,69,0.277778,0.080645,0.093749,0.151854,0.722222,0.854007,0.207792,0.018750
23,70,0.277778,0.080645,0.149878,0.261973,0.722222,0.749921,0.168831,0.029976
23,71,0.388889,0.096774,0.000000,0.404582,0.611111,0.648605,0.103896,0.000000
23,72,0.333333,0.088710,0.000000,0.200743,0.666667,0.825647,0.194805,0.000000
23,73,0.444444,0.104839,0.000000,0.289339,0.555556,0.748698,0.103896,0.000000
23,74,0.166667,0.064516,0.000000,0.129128,0.833333,0.887848,0.142857,0.000000
23,75,0.444444,0.104839,0.000000,0.388643,0.555556,0.662449,0.129870,0.000000
23,76,0.777778,0.153226,0.000000,0.748441,0.222222,0.349951,0.103896,0.000000
23,77,0.333333,0.088710,0.659851,0.758869,0.666667,0.241637,0.207792,0.082143
23,78,0.222222,0.072581,0.000000,0.086161,0.777778,0.925166,0.129870,0.000000
23,79,0.500000,0.112903,0.000000,0.460011,0.500000,0.600463,0.168831,0.000000
23,80,0.166667,0.064516,0.000000,0.227763,0.833333,0.802179,0.194805,0.000000
23,81,0.555556,0.120968,0.362028,0.521505,0.444444,0.492596,0.116883,0.072406
23,82,0.444444,0.104839,0.051628,0.299440,0.555556,0.732159,0.168831,0.010326
23,83,1.000000,0.185484,0.231297,0.766973,0.000000,0.299063,0.142857,0.046259
23,84,0.277778,0.080645,0.000000,0.362705,0.722222,0.684977,0.181818,0.000000
23,85,0.277778,0.080645,0.000000,0.333772,0.722222,0.710107,0.168831,0.000000
23,86,0.111111,0.056452,0.000000,0.010556,0.888889,0.990832,0.337662,0.000000
23,87,0.388889,0.096774,0.000000,0.437280,0.611111,0.620206,0.181818,0.000000
23,88,0.388889,0.096774,0.227614,0.540570,0.611111,0.496256,0.220779,0.028335
23,89,0.166667,0.064516,0.000000,0.261211,0.833333,0.773129,0.168831,0.000000
23,90,0.722222,0.145161,1.000000,0.637476,0.277778,0.295906,0.142857,0.200000
23,91,0.444444,0.104839,0.000000,0.327246,0.555556,0.715774,0.142857,0.000000
23,92,0.611111,0.129032,0.090177,0.464441,0.388889,0.583051,0.116883,0.018035
23,93,0.277778,0.080645,0.139203,0.066591,0.722222,0.921224,0.129870,0.027841
23,94,0.055556,0.048387,0.000000,0.021150,0.944444,0.981631,0.194805,0.000000
23,95,0.444444,0.104839,0.000000,0.431848,0.555556,0.624924,0.168831,0.000000
23,96,0.611111,0.129032,0.058299,0.453164,0.388889,0.597640,0.129870,0.011660
23,97,0.500000,0.112903,0.000000,0.439999,0.500000,0.617844,0.155844,0.000000
23,98,0.388889,0.096774,0.166799,0.417593,0.611111,0.612214,0.168831,0.033360
23,99,0.166667,0.064516,0.000000,0.324480,0.833333,0.718177,0.324675,0.000000
23,100,0.222222,0.072581,0.073150,0.388865,0.777778,0.651252,0.220779,0.014630
23,101,0.277778,0.080645,0.412370,0.313783,0.722222,0.665438,0.129870,0.082474
23,102,0.555556,0.120968,0.383550,0.442764,0.444444,0.557749,0.220779,0.076710
23,103,0.222222,0.072581,0.515076,0.319620,0.777778,0.644919,0.220779,0.064121
23,104,0.555556,0.120968,0.095399,0.367934,0.444444,0.666085,0.129870,0.019080
23,105,0.555556,0.120968,0.156618,0.265319,0.444444,0.746002,0.155844,0.019497
23,106,0.277778,0.080645,0.554803,0.286125,0.722222,0.668035,0.246753,0.069066
23,107,0.333333,0.088710,0.000000,0.431686,0.666667,0.625065,0.233766,0.000000
23,108,0.000000,0.040323,0.000000,0.278906,1.000000,0.757760,0.324675,0.000000
23,109,0.777778,0.153226,0.663121,0.895983,0.222222,0.122057,0.168831,0.132624
23,110,0.333333,0.088710,0.000000,0.204715,0.666667,0.822197,0.103896,0.000000
23,111,0.222222,0.072581,0.117283,0.389181,0.777778,0.644339,0.285714,0.023457
23,112,0.388889,0.096774,0.000000,0.203651,0.611111,0.823121,0.142857,0.000000
23,113,0.388889,0.096774,0.199434,0.365665,0.611111,0.652407,0.142857,0.024827
23,114,0.611111,0.129032,0.953724,0.623588,0.388889,0.314930,0.116883,0.190745
23,115,0.388889,0.096774,0.000000,0.207541,0.611111,0.819743,0.194805,0.000000
23,116,0.277778,0.080645,0.000000,0.351033,0.722222,0.695114,0.194805,0.000000
23,117,0.444444,0.104839,0.143979,0.341590,0.555556,0.681659,0.116883,0.017924
23,118,0.444444,0.104839,0.000000,0.356504,0.555556,0.690363,0.142857,0.000000
23,119,0.222222,0.072581,0.488884,0.393474,0.777778,0.584714,0.272727,0.097777
23,120,0.166667,0.064516,0.000000,0.175683,0.833333,0.847413,0.129870,0.000000
23,121,0.722222,0.145161,0.660518,0.565108,0.277778,0.409826,0.168831,0.132104
23,122,0.333333,0.088710,0.062257,0.171288,0.666667,0.841865,0.194805,0.012451
23,123,0.444444,0.104839,0.369790,0.435190,0.555556,0.566396,0.155844,0.046034
23,124,0.222222,0.072581,0.585841,0.329728,0.777778,0.625496,0.233766,0.072930
24,0,0.222222,0.072581,0.000000,0.144458,0.777778,0.875997,0.153846,0.000000
24,1,0.222222,0.072581,0.522112,0.520624,0.777778,0.466933,0.256410,0.104422
24,2,0.333333,0.088710,0.000000,0.340298,0.666667,0.707887,0.141026,0.000000
24,3,0.166667,0.064516,0.000000,0.377797,0.833333,0.675697,0.269231,0.000000
24,4,0.388889,0.096774,0.000000,0.192668,0.611111,0.834613,0.128205,0.000000
24,5,0.444444,0.104839,0.404512,0.524977,0.555556,0.482604,0.192308,0.055184
24,6,0.166667,0.064516,0.000000,0.077006,0.833333,0.933898,0.205128,0.000000
24,7,0.388889,0.096774,0.000000,0.397169,0.611111,0.659069,0.128205,0.000000
24,8,0.611111,0.129032,1.000000,0.968942,0.388889,0.003233,0.153846,0.200000
24,9,0.333333,0.088710,0.065955,0.117961,0.666667,0.887858,0.115385,0.008998
24,10,0.444444,0.104839,0.317186,0.494702,0.555556,0.523003,0.128205,0.063437
24,11,0.388889,0.096774,0.529444,0.524459,0.611111,0.462432,0.128205,0.072227
24,12,0.388889,0.096774,0.165501,0.567518,0.611111,0.485529,0.166667,0.033100
24,13,0.500000,0.112903,0.327610,0.596070,0.500000,0.434268,0.153846,0.044693
24,14,0.222222,0.072581,0.387188,0.226220,0.777778,0.741917,0.282051,0.052821
24,15,0.500000,0.112903,0.059649,0.566909,0.500000,0.503520,0.128205,0.011930
24,16,0.611111,0.129032,0.109196,0.688281,0.388889,0.391157,0.153846,0.021839
24,17,0.166667,0.064516,0.000000,0.334489,0.833333,0.712873,0.256410,0.000000
24,18,0.277778,0.080645,0.000000,0.182788,0.722222,0.843094,0.243590,0.000000
24,19,0.111111,0.056452,0.000000,0.067136,0.888889,0.942370,0.294872,0.000000
24,20,0.111111,0.056452,0.000000,0.055142,0.888889,0.952666,0.307692,0.000000
24,21,0.444444,0.104839,0.322513,0.478585,0.555556,0.535958,0.153846,0.064503
24,22,0.166667,0.064516,0.000000,0.168745,0.833333,0.855148,0.269231,0.000000
24,23,0.555556,0.120968,0.269381,0.715798,0.444444,0.341102,0.141026,0.053876
24,24,0.222222,0.072581,0.000000,0.085188,0.777778,0.926874,0.282051,0.000000
24,25,0.277778,0.080645,0.000000,0.204261,0.722222,0.824662,0.192308,0.000000
24,26,0.500000,0.112903,0.419393,0.519565,0.500000,0.484794,0.115385,0.083879
24,27,0.277778,0.080645,0.176959,0.490424,0.722222,0.549816,0.217949,0.024141
24,28,0.166667,0.064516,0.000000,0.160426,0.833333,0.862290,0.243590,0.000000
24,29,0.166667,0.064516,0.000000,0.264439,0.833333,0.773004,0.294872,0.000000
24,30,0.277778,0.080645,0.000000,0.306475,0.722222,0.736921,0.282051,0.000000
24,31,0.555556,0.120968,0.295969,0.585507,0.444444,0.448557,0.153846,0.059194
24,32,0.111111,0.056452,0.000000,0.151759,0.888889,0.869729,0.333333,0.000000
24,33,0.055556,0.048387,0.000000,0.243930,0.944444,0.790610,0.320513,0.000000
24,34,0.666667,0.137097,0.665986,0.441614,0.333333,0.511013,0.192308,0.133197
24,35,0.333333,0.088710,0.000000,0.638772,0.666667,0.451676,0.153846,0.000000
24,36,0.388889,0.096774,0.655768,0.610133,0.611111,0.368042,0.205128,0.089461
24,37,0.277778,0.080645,0.000000,0.299926,0.722222,0.742542,0.153846,0.000000
24,38,0.111111,0.056452,0.000000,0.160953,0.888889,0.861838,0.333333,0.000000
24,39,0.333333,0.088710,0.303603,0.258381,0.666667,0.728103,0.153846,0.060721
24,40,0.388889,0.096774,0.000000,0.376894,0.611111,0.676473,0.102564,0.000000
24,41,0.611111,0.129032,0.082199,0.565813,0.388889,0.500740,0.115385,0.016440
24,42,0.166667,0.064516,0.454281,0.295364,0.833333,0.671491,0.128205,0.061974
24,43,0.222222,0.072581,0.000000,0.183174,0.777778,0.842763,0.115385,0.000000
24,44,0.277778,0.080645,0.000000,0.362783,0.722222,0.688586,0.192308,0.000000
24,45,0.333333,0.088710,0.405155,0.482083,0.666667,0.519318,0.179487,0.081031
24,46,0.500000,0.112903,0.501159,0.732951,0.500000,0.288129,0.128205,0.100232
24,47,0.333333,0.088710,0.000000,0.228919,0.666667,0.803495,0.166667,0.000000
24,48,0.555556,0.120968,0.858035,1.000000,0.444444,0.000000,0.102564,0.171607
24,49,0.444444,0.104839,0.318719,0.548476,0.555556,0.476590,0.153846,0.063744
24,50,0.722222,0.145161,0.289772,0.580524,0.277778,0.453857,0.128205,0.057954
24,51,0.611111,0.129032,0.849117,0.687725,0.388889,0.269529,0.192308,0.169823
24,52,0.444444,0.104839,0.223347,0.393024,0.555556,0.625770,0.166667,0.044669
24,53,0.222222,0.072581,0.000000,0.168461,0.777778,0.855392,0.166667,0.000000
24,54,0.444444,0.104839,0.044093,0.458389,0.555556,0.599241,0.179487,0.008819
24,55,0.388889,0.096774,0.000000,0.542868,0.611111,0.534000,0.153846,0.000000
24,56,0.388889,0.096774,0.001777,0.252692,0.611111,0.782795,0.115385,0.000355
24,57,0.611111,0.129032,0.230045,0.492000,0.388889,0.539702,0.153846,0.046009
24,58,0.277778,0.080645,0.181316,0.343381,0.722222,0.675319,0.256410,0.036263
24,59,0.055556,0.048387,0.000000,0.016658,0.944444,0.985701,0.320513,0.000000
24,60,0.444444,0.104839,0.260941,0.538214,0.555556,0.494933,0.179487,0.052188
24,61,0.777778,0.153226,0.332588,0.443112,0.222222,0.564746,0.153846,0.066518
24,62,0.555556,0.120968,0.384118,0.530740,0.444444,0.481023,0.115385,0.052402
24,63,0.500000,0.112903,0.000000,0.370836,0.500000,0.681673,0.102564,0.000000
24,64,0.388889,0.096774,0.000000,0.215481,0.611111,0.815031,0.128205,0.000000
24,65,0.611111,0.129032,0.658428,0.690095,0.388889,0.298963,0.115385,0.131686
24,66,0.333333,0.088710,0.000000,0.511331,0.666667,0.561071,0.192308,0.000000
24,67,0.277778,0.080645,0.000000,0.436509,0.722222,0.625299,0.217949,0.000000
24,68,0.722222,0.145161,0.025723,0.528659,0.277778,0.541952,0.115385,0.005145
24,69,0.277778,0.080645,0.009961,0.152611,0.722222,0.867355,0.205128,0.001992
24,70,0.277778,0.080645,0.164813,0.084009,0.722222,0.900688,0.166667,0.022484
24,71,0.388889,0.096774,0.000000,0.439242,0.611111,0.622953,0.102564,0.000000
24,72,0.333333,0.088710,0.000000,0.549903,0.666667,0.527961,0.192308,0.000000
24,73,0.444444,0.104839,0.000000,0.333304,0.555556,0.713890,0.102564,0.000000
24,74,0.166667,0.064516,0.000000,0.210799,0.833333,0.819050,0.141026,0.000000
24,75,0.444444,0.104839,0.000000,0.569452,0.555556,0.511181,0.128205,0.000000
24,76,0.777778,0.153226,0.000000,0.739812,0.222222,0.364943,0.102564,0.000000
24,77,0.333333,0.088710,0.265519,0.533683,0.666667,0.498067,0.217949,0.053104
24,78,0.222222,0.072581,0.000000,0.131425,0.777778,0.887184,0.128205,0.000000
24,79,0.500000,0.112903,0.000000,0.636646,0.500000,0.453501,0.166667,0.000000
24,80,0.166667,0.064516,0.000000,0.235347,0.833333,0.797977,0.192308,0.000000
24,81,0.555556,0.120968,0.153262,0.483315,0.444444,0.559829,0.115385,0.030652
24,82,0.444444,0.104839,0.476109,0.308376,0.555556,0.656719,0.166667,0.095222
24,83,1.000000,0.185484,0.316467,0.816375,0.000000,0.246996,0.141026,0.063293
24,84,0.277778,0.080645,0.044523,0.233123,0.722222,0.792539,0.179487,0.006074
24,85,0.277778,0.080645,0.000000,0.153860,0.722222,0.867926,0.166667,0.000000
24,86,0.111111,0.056452,0.000000,0.061328,0.888889,0.947356,0.333333,0.000000
24,87,0.388889,0.096774,0.497492,0.673421,0.611111,0.339835,0.179487,0.099498
24,88,0.388889,0.096774,0.062684,0.356672,0.611111,0.683487,0.230769,0.012537
24,89,0.166667,0.064516,0.000000,0.113307,0.833333,0.902737,0.166667,0.000000
24,90,0.722222,0.145161,0.903475,0.709030,0.277778,0.242271,0.141026,0.123253
24,91,0.444444,0.104839,0.000000,0.462426,0.555556,0.603052,0.141026,0.000000
24,92,0.611111,0.129032,0.081513,0.471292,0.388889,0.581989,0.115385,0.016303
24,93,0.277778,0.080645,0.000000,0.000000,0.722222,1.000000,0.128205,0.000000
24,94,0.055556,0.048387,0.000000,0.053519,0.944444,0.954059,0.192308,0.000000
24,95,0.444444,0.104839,0.000000,0.708823,0.555556,0.391544,0.166667,0.000000
24,96,0.611111,0.129032,0.000000,0.211018,0.388889,0.818862,0.128205,0.000000
24,97,0.500000,0.112903,0.000000,0.415611,0.500000,0.643238,0.153846,0.000000
24,98,0.388889,0.096774,0.486353,0.521921,0.611111,0.471721,0.166667,0.066349
24,99,0.166667,0.064516,0.000000,0.411516,0.833333,0.646753,0.320513,0.000000
24,100,0.222222,0.072581,0.583605,0.536816,0.777778,0.442886,0.217949,0.079616
24,101,0.277778,0.080645,0.000000,0.411374,0.722222,0.646875,0.128205,0.000000
24,102,0.555556,0.120968,0.463822,0.520997,0.444444,0.476233,0.217949,0.092764
24,103,0.222222,0.072581,0.320895,0.445314,0.777778,0.564786,0.230769,0.064179
24,104,0.555556,0.120968,0.752126,0.527828,0.444444,0.422792,0.128205,0.102606
24,105,0.555556,0.120968,0.119017,0.387675,0.444444,0.647578,0.166667,0.016236
24,106,0.277778,0.080645,0.479219,0.356315,0.722222,0.615055,0.256410,0.065376
24,107,0.333333,0.088710,0.000000,0.380206,0.666667,0.673630,0.230769,0.000000
24,108,0.000000,0.040323,0.000000,0.061552,1.000000,0.947164,0.320513,0.000000
24,109,0.777778,0.153226,0.115221,0.444732,0.222222,0.599226,0.166667,0.023044
24,110,0.333333,0.088710,0.000000,0.591296,0.666667,0.492430,0.102564,0.000000
24,111,0.222222,0.072581,0.000000,0.294043,0.777778,0.747592,0.282051,0.000000
24,112,0.388889,0.096774,0.000000,0.038129,0.611111,0.967270,0.141026,0.000000
24,113,0.388889,0.096774,0.015050,0.302840,0.611111,0.737557,0.153846,0.003010
24,114,0.611111,0.129032,0.188957,0.274776,0.388889,0.732949,0.115385,0.025778
24,115,0.388889,0.096774,0.000000,0.325340,0.611111,0.720727,0.192308,0.000000
24,116,0.277778,0.080645,0.222321,0.325875,0.722222,0.683580,0.192308,0.030329
24,117,0.444444,0.104839,0.000000,0.194496,0.555556,0.833044,0.128205,0.000000
24,118,0.444444,0.104839,0.000000,0.162718,0.555556,0.860322,0.141026,0.000000
24,119,0.222222,0.072581,0.603525,0.578230,0.777778,0.404049,0.269231,0.120705
24,120,0.166667,0.064516,0.000000,0.182402,0.833333,0.843426,0.128205,0.000000
24,121,0.722222,0.145161,0.424958,0.658989,0.277778,0.364193,0.166667,0.084992
24,122,0.333333,0.088710,0.223569,0.296966,0.666667,0.708189,0.192308,0.044714
24,123,0.444444,0.104839,0.102556,0.551355,0.555556,0.509791,0.166667,0.020511
24,124,0.222222,0.072581,0.268672,0.440209,0.777778,0.577786,0.243590,0.053734
25,0,0.222222,0.072581,0.000000,0.173042,0.777778,0.848367,0.151899,0.000000
25,1,0.222222,0.072581,0.099477,0.347032,0.777778,0.681143,0.253165,0.019895
25,2,0.333333,0.088710,0.000000,0.204077,0.666667,0.821171,0.139241,0.000000
25,3,0.166667,0.064516,0.000000,0.225605,0.833333,0.802306,0.265823,0.000000
25,4,0.388889,0.096774,0.000000,0.294961,0.611111,0.741531,0.126582,0.000000
25,5,0.444444,0.104839,0.000000,0.314859,0.555556,0.724095,0.202532,0.000000
25,6,0.166667,0.064516,0.000000,0.029662,0.833333,0.974008,0.202532,0.000000
25,7,0.388889,0.096774,0.000000,0.344374,0.611111,0.698232,0.126582,0.000000
25,8,0.611111,0.129032,0.408772,0.734317,0.388889,0.295882,0.151899,0.081754
25,9,0.333333,0.088710,0.000000,0.072599,0.666667,0.936383,0.126582,0.000000
25,10,0.444444,0.104839,0.157237,0.249133,0.555556,0.758360,0.126582,0.031447
25,11,0.388889,0.096774,0.071224,0.162585,0.611111,0.846962,0.139241,0.014245
25,12,0.388889,0.096774,0.182951,0.405543,0.611111,0.617486,0.164557,0.023570
25,13,0.500000,0.112903,0.000000,0.452031,0.500000,0.603894,0.164557,0.000000
25,14,0.222222,0.072581,0.000000,0.252924,0.777778,0.778367,0.291139,0.000000
25,15,0.500000,0.112903,0.000000,0.410939,0.500000,0.639902,0.126582,0.000000
25,16,0.611111,0.129032,0.631276,0.975690,0.388889,0.051358,0.151899,0.126255
25,17,0.166667,0.064516,0.000000,0.341720,0.833333,0.700557,0.253165,0.000000
25,18,0.277778,0.080645,0.000000,0.224399,0.722222,0.803363,0.240506,0.000000
25,19,0.111111,0.056452,0.000000,0.057449,0.888889,0.949658,0.291139,0.000000
25,20,0.111111,0.056452,0.290921,0.157697,0.888889,0.818649,0.303797,0.037480
25,21,0.444444,0.104839,0.433150,0.418095,0.555556,0.569364,0.151899,0.086630
25,22,0.166667,0.064516,0.000000,0.276446,0.833333,0.757755,0.265823,0.000000
25,23,0.555556,0.120968,0.285005,0.489705,0.444444,0.528594,0.139241,0.057001
25,24,0.222222,0.072581,0.000000,0.076335,0.777778,0.933109,0.278481,0.000000
25,25,0.277778,0.080645,0.000000,0.173559,0.722222,0.847914,0.189873,0.000000
25,26,0.500000,0.112903,0.199286,0.120833,0.500000,0.864548,0.113924,0.025675
25,27,0.277778,0.080645,0.652486,0.460686,0.722222,0.499500,0.227848,0.084062
25,28,0.166667,0.064516,0.000000,0.122874,0.833333,0.892328,0.240506,0.000000
25,29,0.166667,0.064516,0.000000,0.192443,0.833333,0.831365,0.291139,0.000000
25,30,0.277778,0.080645,0.000000,0.190646,0.722222,0.832940,0.278481,0.000000
25,31,0.555556,0.120968,0.308053,0.349828,0.444444,0.647746,0.151899,0.061611
25,32,0.111111,0.056452,0.000000,0.040897,0.888889,0.964163,0.329114,0.000000
25,33,0.055556,0.048387,0.000000,0.103336,0.944444,0.909449,0.316456,0.000000
25,34,0.666667,0.137097,0.241670,0.065385,0.333333,0.906847,0.189873,0.031135
25,35,0.333333,0.088710,0.000000,0.238515,0.666667,0.790994,0.151899,0.000000
25,36,0.388889,0.096774,0.498010,0.563585,0.611111,0.432250,0.215190,0.099602
25,37,0.277778,0.080645,0.000000,0.149892,0.722222,0.868653,0.151899,0.000000
25,38,0.111111,0.056452,0.000000,0.146124,0.888889,0.871954,0.329114,0.000000
25,39,0.333333,0.088710,0.171817,0.214791,0.666667,0.786290,0.151899,0.034363
25,40,0.388889,0.096774,0.000000,0.376272,0.611111,0.670280,0.101266,0.000000
25,41,0.611111,0.129032,0.034298,0.457592,0.388889,0.593931,0.113924,0.006860
25,42,0.166667,0.064516,0.183767,0.295474,0.833333,0.713816,0.139241,0.036753
25,43,0.222222,0.072581,0.000000,0.209795,0.777778,0.816161,0.113924,0.000000
25,44,0.277778,0.080645,0.000000,0.337852,0.722222,0.703947,0.189873,0.000000
25,45,0.333333,0.088710,0.000000,0.082198,0.666667,0.927971,0.177215,0.000000
25,46,0.500000,0.112903,0.202728,0.312563,0.500000,0.696028,0.126582,0.040546
25,47,0.333333,0.088710,0.180562,0.273211,0.666667,0.733800,0.164557,0.023262
25,48,0.555556,0.120968,0.638374,1.000000,0.444444,0.029002,0.101266,0.082244
25,49,0.444444,0.104839,0.208776,0.456384,0.555556,0.569102,0.151899,0.041755
25,50,0.722222,0.145161,0.199818,0.539657,0.277778,0.497462,0.126582,0.039964
25,51,0.611111,0.129032,0.789469,0.584418,0.388889,0.370751,0.189873,0.157894
25,52,0.444444,0.104839,0.499356,0.510800,0.555556,0.478305,0.164557,0.099871
25,53,0.222222,0.072581,0.281525,0.343690,0.777778,0.657060,0.164557,0.056305
25,54,0.444444,0.104839,0.441140,0.341422,0.555556,0.635366,0.177215,0.088228
25,55,0.388889,0.096774,0.000000,0.420334,0.611111,0.631669,0.151899,0.000000
25,56,0.388889,0.096774,0.135650,0.272955,0.611111,0.740688,0.113924,0.017476
25,57,0.611111,0.129032,0.538319,0.705391,0.388889,0.302008,0.151899,0.107664
25,58,0.277778,0.080645,0.467023,0.324645,0.722222,0.646227,0.253165,0.093405
25,59,0.055556,0.048387,0.000000,0.103223,0.944444,0.909548,0.316456,0.000000
25,60,0.444444,0.104839,0.391089,0.424663,0.555556,0.569849,0.177215,0.050385
25,61,0.777778,0.153226,0.292572,0.521046,0.222222,0.500008,0.151899,0.037693
25,62,0.555556,0.120968,0.000000,0.506365,0.444444,0.556282,0.126582,0.000000
25,63,0.500000,0.112903,0.000000,0.343418,0.500000,0.699069,0.101266,0.000000
25,64,0.388889,0.096774,0.000000,0.258875,0.611111,0.773152,0.126582,0.000000
25,65,0.611111,0.129032,0.544415,0.546813,0.388889,0.440062,0.113924,0.108883
25,66,0.333333,0.088710,0.000000,0.255366,0.666667,0.776228,0.189873,0.000000
25,67,0.277778,0.080645,0.000000,0.281700,0.722222,0.753152,0.215190,0.000000
25,68,0.722222,0.145161,0.329046,0.382981,0.277778,0.615580,0.113924,0.065809
25,69,0.277778,0.080645,0.201175,0.233395,0.722222,0.765632,0.202532,0.040235
25,70,0.277778,0.080645,0.353647,0.127015,0.722222,0.836228,0.177215,0.045562
25,71,0.388889,0.096774,0.000000,0.144013,0.611111,0.873804,0.101266,0.000000
25,72,0.333333,0.088710,0.000000,0.302653,0.666667,0.734791,0.189873,0.000000
25,73,0.444444,0.104839,0.000000,0.561453,0.555556,0.508009,0.101266,0.000000
25,74,0.166667,0.064516,0.000000,0.082481,0.833333,0.927723,0.139241,0.000000
25,75,0.444444,0.104839,0.000000,0.458593,0.555556,0.598143,0.126582,0.000000
25,76,0.777778,0.153226,0.000000,0.771261,0.222222,0.324158,0.101266,0.000000
25,77,0.333333,0.088710,0.641884,0.674746,0.666667,0.313495,0.215190,0.128377
25,78,0.222222,0.072581,0.375348,0.052580,0.777778,0.898234,0.126582,0.048357
25,79,0.500000,0.112903,0.029669,0.443706,0.500000,0.606787,0.164557,0.005934
25,80,0.166667,0.064516,0.000000,0.337963,0.833333,0.703849,0.189873,0.000000
25,81,0.555556,0.120968,0.671073,0.385927,0.444444,0.562252,0.113924,0.086456
25,82,0.444444,0.104839,0.470757,0.397575,0.555556,0.581765,0.164557,0.094151
25,83,1.000000,0.185484,1.000000,0.971867,0.000000,0.000000,0.139241,0.200000
25,84,0.277778,0.080645,0.000000,0.282532,0.722222,0.752423,0.189873,0.000000
25,85,0.277778,0.080645,0.120271,0.254427,0.722222,0.759206,0.164557,0.024054
25,86,0.111111,0.056452,0.000000,0.000000,0.888889,1.000000,0.329114,0.000000
25,87,0.388889,0.096774,0.280816,0.311948,0.611111,0.684981,0.177215,0.056163
25,88,0.388889,0.096774,0.235663,0.599124,0.611111,0.440033,0.227848,0.047133
25,89,0.166667,0.064516,0.000000,0.267604,0.833333,0.765504,0.164557,0.000000
25,90,0.722222,0.145161,0.282729,0.483269,0.277778,0.534572,0.151899,0.036425
25,91,0.444444,0.104839,0.000000,0.382325,0.555556,0.664976,0.139241,0.000000
25,92,0.611111,0.129032,0.291149,0.442562,0.388889,0.568993,0.113924,0.058230
25,93,0.277778,0.080645,0.281106,0.158924,0.722222,0.819030,0.126582,0.056221
25,94,0.055556,0.048387,0.000000,0.223255,0.944444,0.804366,0.189873,0.000000
25,95,0.444444,0.104839,0.000000,0.440894,0.555556,0.613652,0.164557,0.000000
25,96,0.611111,0.129032,0.226760,0.582291,0.388889,0.456105,0.126582,0.029214
25,97,0.500000,0.112903,0.003794,0.438463,0.500000,0.615220,0.151899,0.000759
25,98,0.388889,0.096774,0.388051,0.428838,0.611111,0.566642,0.177215,0.077610
25,99,0.166667,0.064516,0.000000,0.211743,0.833333,0.814453,0.316456,0.000000
25,100,0.222222,0.072581,0.391971,0.608354,0.777778,0.408754,0.227848,0.078394
25,101,0.277778,0.080645,0.263456,0.535422,0.722222,0.491730,0.126582,0.033942
25,102,0.555556,0.120968,0.045712,0.302451,0.444444,0.728186,0.215190,0.009142
25,103,0.222222,0.072581,0.396130,0.392222,0.777778,0.597529,0.227848,0.079226
25,104,0.555556,0.120968,0.560205,0.299994,0.444444,0.654003,0.139241,0.072173
25,105,0.555556,0.120968,0.000000,0.289683,0.444444,0.746156,0.177215,0.000000
25,106,0.277778,0.080645,0.036536,0.260240,0.722222,0.766536,0.265823,0.007307
25,107,0.333333,0.088710,0.000000,0.450579,0.666667,0.605166,0.227848,0.000000
25,108,0.000000,0.040323,0.000000,0.064464,1.000000,0.943511,0.316456,0.000000
25,109,0.777778,0.153226,0.489846,0.625561,0.222222,0.379154,0.164557,0.097969
25,110,0.333333,0.088710,0.000000,0.467173,0.666667,0.590625,0.101266,0.000000
25,111,0.222222,0.072581,0.338545,0.487102,0.777778,0.522932,0.278481,0.043616
25,112,0.388889,0.096774,0.000000,0.248760,0.611111,0.782017,0.139241,0.000000
25,113,0.388889,0.096774,0.106158,0.306611,0.611111,0.715571,0.151899,0.021232
25,114,0.611111,0.129032,0.405330,0.365534,0.388889,0.619550,0.126582,0.052220
25,115,0.388889,0.096774,0.000000,0.238253,0.611111,0.791224,0.189873,0.000000
25,116,0.277778,0.080645,0.000000,0.176612,0.722222,0.845239,0.202532,0.000000
25,117,0.444444,0.104839,0.000000,0.356390,0.555556,0.687702,0.126582,0.000000
25,118,0.444444,0.104839,0.000000,0.243884,0.555556,0.786289,0.139241,0.000000
25,119,0.222222,0.072581,0.129261,0.243363,0.777778,0.767567,0.265823,0.025852
25,120,0.166667,0.064516,0.000000,0.149713,0.833333,0.868809,0.126582,0.000000
25,121,0.722222,0.145161,0.737322,0.717925,0.277778,0.261498,0.164557,0.094992
25,122,0.333333,0.088710,0.341999,0.116673,0.666667,0.847019,0.189873,0.044061
25,123,0.444444,0.104839,0.000000,0.459219,0.555556,0.597595,0.164557,0.000000
25,124,0.222222,0.072581,0.337785,0.346269,0.777778,0.646453,0.240506,0.067557
26,0,0.222222,0.072581,0.000000,0.294314,0.777778,0.752852,0.150000,0.000000
26,1,0.222222,0.072581,0.068038,0.269026,0.777778,0.763184,0.250000,0.010024
26,2,0.333333,0.088710,0.000000,0.184287,0.666667,0.845247,0.137500,0.000000
26,3,0.166667,0.064516,0.000000,0.289775,0.833333,0.756664,0.262500,0.000000
26,4,0.388889,0.096774,0.000000,0.365374,0.611111,0.693180,0.125000,0.000000
26,5,0.444444,0.104839,0.004523,0.470113,0.555556,0.604501,0.200000,0.000905
26,6,0.166667,0.064516,0.000000,0.173677,0.833333,0.854156,0.200000,0.000000
26,7,0.388889,0.096774,0.659467,0.429743,0.611111,0.533442,0.125000,0.097162
26,8,0.611111,0.129032,0.348881,0.814147,0.388889,0.260416,0.150000,0.069776
26,9,0.333333,0.088710,0.000000,0.113418,0.666667,0.904758,0.125000,0.000000
26,10,0.444444,0.104839,0.000000,0.462709,0.555556,0.611444,0.125000,0.000000
26,11,0.388889,0.096774,0.132503,0.374023,0.611111,0.664682,0.137500,0.026501
26,12,0.388889,0.096774,0.000000,0.516718,0.611111,0.566090,0.175000,0.000000
26,13,0.500000,0.112903,0.000000,0.370128,0.500000,0.689188,0.162500,0.000000
26,14,0.222222,0.072581,0.451077,0.426242,0.777778,0.569778,0.287500,0.090215
26,15,0.500000,0.112903,0.000000,0.269750,0.500000,0.773480,0.125000,0.000000
26,16,0.611111,0.129032,0.626243,0.869138,0.388889,0.169788,0.150000,0.125249
26,17,0.166667,0.064516,0.293151,0.465268,0.833333,0.562315,0.250000,0.058630
26,18,0.277778,0.080645,0.000000,0.325424,0.722222,0.726728,0.237500,0.000000
26,19,0.111111,0.056452,0.000000,0.134683,0.888889,0.886901,0.287500,0.000000
26,20,0.111111,0.056452,0.000000,0.359704,0.888889,0.697941,0.312500,0.000000
26,21,0.444444,0.104839,0.601920,0.568408,0.555556,0.426221,0.150000,0.120384
26,22,0.166667,0.064516,0.000000,0.203740,0.833333,0.828911,0.262500,0.000000
26,23,0.555556,0.120968,0.365174,0.665128,0.444444,0.382942,0.137500,0.073035
26,24,0.222222,0.072581,0.311532,0.225632,0.777778,0.760602,0.275000,0.045899
26,25,0.277778,0.080645,0.000000,0.207805,0.722222,0.825498,0.187500,0.000000
26,26,0.500000,0.112903,0.000000,0.313508,0.500000,0.736734,0.125000,0.000000
26,27,0.277778,0.080645,0.000000,0.410979,0.722222,0.654884,0.237500,0.000000
26,28,0.166667,0.064516,0.000000,0.182376,0.833333,0.846851,0.237500,0.000000
26,29,0.166667,0.064516,0.000000,0.304665,0.833333,0.744160,0.287500,0.000000
26,30,0.277778,0.080645,0.000000,0.345074,0.722222,0.710227,0.275000,0.000000
26,31,0.555556,0.120968,0.431382,0.446794,0.444444,0.555676,0.150000,0.086276
26,32,0.111111,0.056452,0.000000,0.155548,0.888889,0.869379,0.325000,0.000000
26,33,0.055556,0.048387,0.000000,0.181742,0.944444,0.847383,0.312500,0.000000
26,34,0.666667,0.137097,0.259544,0.236764,0.333333,0.759585,0.200000,0.038240
26,35,0.333333,0.088710,0.000000,0.453139,0.666667,0.619480,0.150000,0.000000
26,36,0.388889,0.096774,0.052666,0.428425,0.611111,0.631793,0.212500,0.010533
26,37,0.277778,0.080645,0.000000,0.296424,0.722222,0.751080,0.150000,0.000000
26,38,0.111111,0.056452,0.000000,0.149857,0.888889,0.874159,0.325000,0.000000
26,39,0.333333,0.088710,0.115281,0.140855,0.666667,0.863243,0.150000,0.023056
26,40,0.388889,0.096774,0.000000,0.396541,0.611111,0.667008,0.100000,0.000000
26,41,0.611111,0.129032,0.486729,0.634514,0.388889,0.389170,0.112500,0.097346
26,42,0.166667,0.064516,0.000000,0.117159,0.833333,0.901616,0.137500,0.000000
26,43,0.222222,0.072581,0.000000,0.323737,0.777778,0.728144,0.112500,0.000000
26,44,0.277778,0.080645,0.000000,0.384695,0.722222,0.676955,0.187500,0.000000
26,45,0.333333,0.088710,0.153133,0.322385,0.666667,0.704739,0.175000,0.030627
26,46,0.500000,0.112903,0.505581,0.528800,0.500000,0.474921,0.125000,0.101116
26,47,0.333333,0.088710,0.110176,0.255245,0.666667,0.768003,0.175000,0.022035
26,48,0.555556,0.120968,0.000000,0.693467,0.444444,0.417666,0.112500,0.000000
26,49,0.444444,0.104839,0.384816,0.651757,0.555556,0.391022,0.150000,0.056697
26,50,0.722222,0.145161,0.074941,0.629252,0.277778,0.459581,0.125000,0.014988
26,51,0.611111,0.129032,0.216190,0.608049,0.388889,0.454749,0.187500,0.043238
26,52,0.444444,0.104839,0.422830,0.388396,0.555556,0.606085,0.162500,0.084566
26,53,0.222222,0.072581,0.171924,0.283170,0.777778,0.734658,0.162500,0.025330
26,54,0.444444,0.104839,0.246077,0.492664,0.555556,0.546853,0.175000,0.049215
26,55,0.388889,0.096774,0.000000,0.326785,0.611111,0.725585,0.150000,0.000000
26,56,0.388889,0.096774,0.000000,0.453834,0.611111,0.618896,0.125000,0.000000
26,57,0.611111,0.129032,0.780106,0.801035,0.388889,0.202319,0.150000,0.156021
26,58,0.277778,0.080645,0.293424,0.381680,0.722222,0.632464,0.250000,0.043231
26,59,0.055556,0.048387,0.000000,0.131690,0.944444,0.889415,0.312500,0.000000
26,60,0.444444,0.104839,0.833764,0.663069,0.555556,0.309576,0.187500,0.122842
26,61,0.777778,0.153226,0.000000,0.526737,0.222222,0.557677,0.162500,0.000000
26,62,0.555556,0.120968,0.356750,0.454995,0.444444,0.560750,0.125000,0.071350
26,63,0.500000,0.112903,0.000000,0.584716,0.500000,0.508989,0.100000,0.000000
26,64,0.388889,0.096774,0.000000,0.401028,0.611111,0.663240,0.125000,0.000000
26,65,0.611111,0.129032,0.408475,0.456503,0.388889,0.551194,0.112500,0.060182
26,66,0.333333,0.088710,0.000000,0.283596,0.666667,0.761853,0.187500,0.000000
26,67,0.277778,0.080645,0.000000,0.370548,0.722222,0.688835,0.212500,0.000000
26,68,0.722222,0.145161,0.201604,0.590446,0.277778,0.471869,0.112500,0.040321
26,69,0.277778,0.080645,0.270699,0.271512,0.722222,0.728618,0.200000,0.039883
26,70,0.277778,0.080645,0.139814,0.118527,0.722222,0.878062,0.187500,0.020599
26,71,0.388889,0.096774,0.000000,0.195866,0.611111,0.835523,0.100000,0.000000
26,72,0.333333,0.088710,0.000000,0.305828,0.666667,0.743183,0.187500,0.000000
26,73,0.444444,0.104839,0.000000,0.250114,0.555556,0.789969,0.100000,0.000000
26,74,0.166667,0.064516,0.018759,0.108080,0.833333,0.906234,0.137500,0.003752
26,75,0.444444,0.104839,0.000000,0.488904,0.555556,0.589447,0.125000,0.000000
26,76,0.777778,0.153226,0.488200,0.916733,0.222222,0.151943,0.100000,0.097640
26,77,0.333333,0.088710,0.248101,0.423961,0.666667,0.604222,0.212500,0.049620
26,78,0.222222,0.072581,0.000000,0.078972,0.777778,0.933684,0.137500,0.000000
26,79,0.500000,0.112903,0.086608,0.328575,0.500000,0.710202,0.162500,0.017322
26,80,0.166667,0.064516,0.000000,0.286174,0.833333,0.759687,0.187500,0.000000
26,81,0.555556,0.120968,0.306607,0.383206,0.444444,0.629070,0.125000,0.045174
26,82,0.444444,0.104839,0.558523,0.392988,0.555556,0.580483,0.162500,0.111705
26,83,1.000000,0.185484,1.000000,1.000000,0.000000,0.000000,0.137500,0.147334
26,84,0.277778,0.080645,0.233056,0.213351,0.722222,0.783491,0.187500,0.034337
26,85,0.277778,0.080645,0.000000,0.250055,0.722222,0.790019,0.162500,0.000000
26,86,0.111111,0.056452,0.000000,0.000000,0.888889,1.000000,0.325000,0.000000
26,87,0.388889,0.096774,0.170829,0.428267,0.611111,0.612990,0.175000,0.034166
26,88,0.388889,0.096774,0.000000,0.378078,0.611111,0.682512,0.225000,0.000000
26,89,0.166667,0.064516,0.000000,0.363567,0.833333,0.694698,0.162500,0.000000
26,90,0.722222,0.145161,0.576869,0.764640,0.277778,0.265452,0.162500,0.115374
26,91,0.444444,0.104839,0.000000,0.201539,0.555556,0.830760,0.137500,0.000000
26,92,0.611111,0.129032,0.598128,0.698212,0.388889,0.317828,0.112500,0.119626
26,93,0.277778,0.080645,0.349370,0.205558,0.722222,0.771395,0.125000,0.069874
26,94,0.055556,0.048387,0.000000,0.483120,0.944444,0.594304,0.187500,0.000000
26,95,0.444444,0.104839,0.000000,0.617392,0.555556,0.481550,0.162500,0.000000
26,96,0.611111,0.129032,0.106909,0.864368,0.388889,0.257021,0.137500,0.021382
26,97,0.500000,0.112903,0.000000,0.356111,0.500000,0.700958,0.150000,0.000000
26,98,0.388889,0.096774,0.229332,0.387767,0.611111,0.637623,0.175000,0.045866
26,99,0.166667,0.064516,0.000000,0.315912,0.833333,0.734715,0.312500,0.000000
26,100,0.222222,0.072581,0.826948,0.756596,0.777778,0.232129,0.225000,0.165390
26,101,0.277778,0.080645,0.000000,0.502829,0.722222,0.577753,0.137500,0.000000
26,102,0.555556,0.120968,0.185343,0.399042,0.444444,0.635205,0.212500,0.037069
26,103,0.222222,0.072581,0.036970,0.269293,0.777778,0.767939,0.225000,0.007394
26,104,0.555556,0.120968,0.218933,0.467523,0.444444,0.572316,0.150000,0.043787
26,105,0.555556,0.120968,0.183642,0.535807,0.444444,0.520631,0.175000,0.036728
26,106,0.277778,0.080645,0.093387,0.309406,0.722222,0.725213,0.262500,0.013759
26,107,0.333333,0.088710,0.000000,0.573590,0.666667,0.518332,0.225000,0.000000
26,108,0.000000,0.040323,0.000000,0.017535,1.000000,0.985275,0.312500,0.000000
26,109,0.777778,0.153226,0.269455,0.566135,0.222222,0.481411,0.162500,0.053891
26,110,0.333333,0.088710,0.050925,0.452672,0.666667,0.611711,0.100000,0.010185
26,111,0.222222,0.072581,0.000000,0.551837,0.777778,0.536600,0.287500,0.000000
26,112,0.388889,0.096774,0.000000,0.200207,0.611111,0.831878,0.137500,0.000000
26,113,0.388889,0.096774,0.180170,0.239768,0.611111,0.769783,0.150000,0.026545
26,114,0.611111,0.129032,0.006811,0.433172,0.388889,0.635156,0.137500,0.001362
26,115,0.388889,0.096774,0.000000,0.350755,0.611111,0.705456,0.187500,0.000000
26,116,0.277778,0.080645,0.000000,0.226115,0.722222,0.810122,0.200000,0.000000
26,117,0.444444,0.104839,0.000000,0.271029,0.555556,0.772406,0.125000,0.000000
26,118,0.444444,0.104839,0.026780,0.252223,0.555556,0.783906,0.137500,0.005356
26,119,0.222222,0.072581,0.766058,0.409086,0.777778,0.533707,0.262500,0.112867
26,120,0.166667,0.064516,0.000000,0.128724,0.833333,0.891905,0.125000,0.000000
26,121,0.722222,0.145161,0.540381,0.788203,0.277778,0.251513,0.175000,0.108076
26,122,0.333333,0.088710,0.406504,0.351548,0.666667,0.639645,0.200000,0.059892
26,123,0.444444,0.104839,0.000000,0.403181,0.555556,0.661432,0.162500,0.000000
26,124,0.222222,0.072581,0.072206,0.171294,0.777778,0.844586,0.237500,0.014441
27,0,0.222222,0.072581,0.000000,0.327749,0.777778,0.709676,0.148148,0.000000
27,1,0.222222,0.072581,0.179381,0.453891,0.777778,0.560811,0.259259,0.024915
27,2,0.333333,0.088710,0.000000,0.096499,0.666667,0.914520,0.135802,0.000000
27,3,0.166667,0.064516,0.000000,0.431650,0.833333,0.617639,0.259259,0.000000
27,4,0.388889,0.096774,0.000000,0.123834,0.611111,0.890307,0.123457,0.000000
27,5,0.444444,0.104839,0.319679,0.796947,0.555556,0.227890,0.197531,0.063936
27,6,0.166667,0.064516,0.000000,0.176084,0.833333,0.844023,0.197531,0.000000
27,7,0.388889,0.096774,0.000000,0.477521,0.611111,0.577006,0.135802,0.000000
27,8,0.611111,0.129032,0.078342,0.626164,0.388889,0.429122,0.148148,0.015668
27,9,0.333333,0.088710,0.553596,0.160596,0.666667,0.743161,0.123457,0.076890
27,10,0.444444,0.104839,0.000000,0.489948,0.555556,0.565998,0.123457,0.000000
27,11,0.388889,0.096774,0.162754,0.420524,0.611111,0.593809,0.135802,0.032551
27,12,0.388889,0.096774,0.000000,0.578653,0.611111,0.487423,0.172840,0.000000
27,13,0.500000,0.112903,0.000000,0.409401,0.500000,0.637348,0.160494,0.000000
27,14,0.222222,0.072581,0.120300,0.386255,0.777778,0.632952,0.283951,0.024060
27,15,0.500000,0.112903,0.000983,0.498829,0.500000,0.557928,0.123457,0.000197
27,16,0.611111,0.129032,0.343564,0.990012,0.388889,0.051927,0.148148,0.068713
27,17,0.166667,0.064516,0.000000,0.272102,0.833333,0.758969,0.246914,0.000000
27,18,0.277778,0.080645,0.000000,0.211129,0.722222,0.812979,0.234568,0.000000
27,19,0.111111,0.056452,0.000000,0.361202,0.888889,0.680043,0.283951,0.000000
27,20,0.111111,0.056452,0.000000,0.162934,0.888889,0.855671,0.308642,0.000000
27,21,0.444444,0.104839,0.282176,0.379099,0.555556,0.605786,0.148148,0.056435
27,22,0.166667,0.064516,0.197240,0.093374,0.833333,0.876464,0.259259,0.039448
27,23,0.555556,0.120968,0.247246,0.453466,0.444444,0.547141,0.135802,0.049449
27,24,0.222222,0.072581,0.303548,0.697765,0.777778,0.319085,0.283951,0.060710
27,25,0.277778,0.080645,0.000000,0.003548,0.722222,0.996857,0.185185,0.000000
27,26,0.500000,0.112903,0.422135,0.762871,0.500000,0.236868,0.123457,0.084427
27,27,0.277778,0.080645,0.183738,0.246363,0.722222,0.743740,0.234568,0.036748
27,28,0.166667,0.064516,0.000000,0.339832,0.833333,0.698973,0.234568,0.000000
27,29,0.166667,0.064516,0.000000,0.398560,0.833333,0.646951,0.283951,0.000000
27,30,0.277778,0.080645,0.000000,0.400754,0.722222,0.645007,0.271605,0.000000
27,31,0.555556,0.120968,0.096779,0.473943,0.444444,0.560145,0.148148,0.019356
27,32,0.111111,0.056452,0.244114,0.398325,0.888889,0.596634,0.320988,0.048823
27,33,0.055556,0.048387,0.000000,0.178805,0.944444,0.841612,0.308642,0.000000
27,34,0.666667,0.137097,0.000000,0.369207,0.333333,0.672952,0.209877,0.000000
27,35,0.333333,0.088710,0.000000,0.432744,0.666667,0.616671,0.148148,0.000000
27,36,0.388889,0.096774,0.369722,0.471839,0.611111,0.505516,0.209877,0.051351
27,37,0.277778,0.080645,0.000000,0.392782,0.722222,0.652069,0.148148,0.000000
27,38,0.111111,0.056452,0.000000,0.238023,0.888889,0.789157,0.320988,0.000000
27,39,0.333333,0.088710,0.496871,0.410378,0.666667,0.533643,0.148148,0.099374
27,40,0.388889,0.096774,0.000000,0.432325,0.611111,0.617041,0.098765,0.000000
27,41,0.611111,0.129032,0.668970,0.674700,0.388889,0.263882,0.111111,0.092915
27,42,0.166667,0.064516,0.101224,0.345574,0.833333,0.672936,0.135802,0.014059
27,43,0.222222,0.072581,0.000000,0.430452,0.777778,0.618701,0.111111,0.000000
27,44,0.277778,0.080645,0.000000,0.508730,0.722222,0.549361,0.185185,0.000000
27,45,0.333333,0.088710,0.000000,0.427436,0.666667,0.621372,0.172840,0.000000
27,46,0.500000,0.112903,0.577594,0.865249,0.500000,0.114005,0.123457,0.115519
27,47,0.333333,0.088710,0.028090,0.196673,0.666667,0.819971,0.172840,0.003901
27,48,0.555556,0.120968,0.560250,0.834358,0.444444,0.144958,0.111111,0.112050
27,49,0.444444,0.104839,0.177753,0.622234,0.555556,0.412027,0.160494,0.024688
27,50,0.722222,0.145161,0.179698,0.798838,0.277778,0.255187,0.123457,0.035940
27,51,0.611111,0.129032,0.289581,0.651249,0.388889,0.363180,0.185185,0.057916
27,52,0.444444,0.104839,0.303515,0.351186,0.555556,0.626096,0.160494,0.042156
27,53,0.222222,0.072581,0.000000,0.404584,0.777778,0.641615,0.172840,0.000000
27,54,0.444444,0.104839,0.711255,0.621815,0.555556,0.301976,0.172840,0.142251
27,55,0.388889,0.096774,0.000000,0.383292,0.611111,0.660475,0.148148,0.000000
27,56,0.388889,0.096774,0.000000,0.305611,0.611111,0.729286,0.123457,0.000000
27,57,0.611111,0.129032,0.413614,0.677331,0.388889,0.314404,0.148148,0.082723
27,58,0.277778,0.080645,0.454480,0.801753,0.722222,0.195732,0.259259,0.090896
27,59,0.055556,0.048387,0.000000,0.000000,0.944444,1.000000,0.308642,0.000000
27,60,0.444444,0.104839,0.422372,0.428630,0.555556,0.532894,0.197531,0.058664
27,61,0.777778,0.153226,0.000000,0.572008,0.222222,0.493308,0.160494,0.000000
27,62,0.555556,0.120968,0.280912,0.816642,0.444444,0.218467,0.123457,0.056182
27,63,0.500000,0.112903,0.000000,0.431458,0.500000,0.617810,0.098765,0.000000
27,64,0.388889,0.096774,0.073348,0.484615,0.611111,0.555541,0.123457,0.014670
27,65,0.611111,0.129032,0.000000,0.431032,0.388889,0.618187,0.123457,0.000000
27,66,0.333333,0.088710,0.247316,0.684097,0.666667,0.342830,0.185185,0.049463
27,67,0.277778,0.080645,0.000000,0.245092,0.722222,0.782894,0.209877,0.000000
27,68,0.722222,0.145161,1.000000,0.856920,0.277778,0.033955,0.111111,0.138892
27,69,0.277778,0.080645,0.214353,0.288837,0.722222,0.699779,0.209877,0.042871
27,70,0.277778,0.080645,0.000000,0.254699,0.722222,0.774385,0.197531,0.000000
27,71,0.388889,0.096774,0.000000,0.349766,0.611111,0.690173,0.098765,0.000000
27,72,0.333333,0.088710,0.000000,0.317657,0.666667,0.718616,0.185185,0.000000
27,73,0.444444,0.104839,0.000000,0.294814,0.555556,0.738850,0.098765,0.000000
27,74,0.166667,0.064516,0.000000,0.050950,0.833333,0.954868,0.135802,0.000000
27,75,0.444444,0.104839,0.414667,0.678289,0.555556,0.313338,0.123457,0.082933
27,76,0.777778,0.153226,0.079907,0.972531,0.222222,0.121983,0.098765,0.015981
27,77,0.333333,0.088710,0.138339,0.492786,0.666667,0.534852,0.209877,0.027668
27,78,0.222222,0.072581,0.000000,0.307404,0.777778,0.727698,0.135802,0.000000
27,79,0.500000,0.112903,0.284562,0.358383,0.500000,0.623643,0.160494,0.039523
27,80,0.166667,0.064516,0.000000,0.319436,0.833333,0.717040,0.185185,0.000000
27,81,0.555556,0.120968,0.000000,0.567112,0.444444,0.497646,0.135802,0.000000
27,82,0.444444,0.104839,0.659389,0.642093,0.555556,0.294749,0.160494,0.131878
27,83,1.000000,0.185484,0.551701,1.000000,0.000000,0.000000,0.148148,0.110340
27,84,0.277778,0.080645,0.000000,0.245322,0.722222,0.782691,0.197531,0.000000
27,85,0.277778,0.080645,0.000000,0.133222,0.722222,0.881990,0.160494,0.000000
27,86,0.111111,0.056452,0.000000,0.185587,0.888889,0.835605,0.320988,0.000000
27,87,0.388889,0.096774,0.000000,0.477632,0.611111,0.576908,0.172840,0.000000
27,88,0.388889,0.096774,0.201208,0.458149,0.611111,0.552522,0.222222,0.027946
27,89,0.166667,0.064516,0.000000,0.308755,0.833333,0.726501,0.160494,0.000000
27,90,0.722222,0.145161,0.000000,0.493681,0.277778,0.562692,0.160494,0.000000
27,91,0.444444,0.104839,0.000000,0.346846,0.555556,0.692760,0.135802,0.000000
27,92,0.611111,0.129032,0.116809,0.616423,0.388889,0.429789,0.111111,0.023362
27,93,0.277778,0.080645,0.474245,0.232576,0.722222,0.695825,0.123457,0.065869
27,94,0.055556,0.048387,0.000000,0.316196,0.944444,0.719910,0.185185,0.000000
27,95,0.444444,0.104839,0.000000,0.574857,0.555556,0.490785,0.160494,0.000000
27,96,0.611111,0.129032,0.222093,0.791345,0.388889,0.253050,0.135802,0.044419
27,97,0.500000,0.112903,0.000000,0.610859,0.500000,0.458894,0.148148,0.000000
27,98,0.388889,0.096774,0.505500,0.942163,0.611111,0.060795,0.172840,0.101100
27,99,0.166667,0.064516,0.000000,0.146095,0.833333,0.870587,0.308642,0.000000
27,100,0.222222,0.072581,0.337588,0.490675,0.777778,0.495482,0.222222,0.046888
27,101,0.277778,0.080645,0.093978,0.643257,0.722222,0.410744,0.135802,0.018796
27,102,0.555556,0.120968,0.437600,0.610337,0.444444,0.368784,0.209877,0.087520
27,103,0.222222,0.072581,0.246987,0.660154,0.777778,0.364107,0.222222,0.034304
27,104,0.555556,0.120968,0.438504,0.637091,0.444444,0.344898,0.148148,0.087701
27,105,0.555556,0.120968,0.117430,0.489742,0.444444,0.541876,0.172840,0.023486
27,106,0.277778,0.080645,0.046755,0.501514,0.722222,0.546076,0.271605,0.009351
27,107,0.333333,0.088710,0.000000,0.625241,0.666667,0.446155,0.222222,0.000000
27,108,0.000000,0.040323,0.000000,0.267468,1.000000,0.763074,0.308642,0.000000
27,109,0.777778,0.153226,0.066329,0.882682,0.222222,0.204382,0.160494,0.013266
27,110,0.333333,0.088710,0.110009,0.408278,0.666667,0.615573,0.098765,0.022002
27,111,0.222222,0.072581,0.003506,0.248743,0.777778,0.778935,0.283951,0.000487
27,112,0.388889,0.096774,0.000000,0.157216,0.611111,0.860736,0.135802,0.000000
27,113,0.388889,0.096774,0.197766,0.470701,0.611111,0.542115,0.160494,0.039553
27,114,0.611111,0.129032,0.000000,0.481665,0.388889,0.573336,0.135802,0.000000
27,115,0.388889,0.096774,0.000000,0.367797,0.611111,0.674201,0.185185,0.000000
27,116,0.277778,0.080645,0.000000,0.411741,0.722222,0.635275,0.197531,0.000000
27,117,0.444444,0.104839,0.000000,0.256097,0.555556,0.773146,0.123457,0.000000
27,118,0.444444,0.104839,0.030347,0.384255,0.555556,0.653341,0.135802,0.004215
27,119,0.222222,0.072581,0.659083,0.509220,0.777778,0.412513,0.271605,0.091541
27,120,0.166667,0.064516,0.000000,0.111111,0.833333,0.901577,0.123457,0.000000
27,121,0.722222,0.145161,0.832526,0.931510,0.277778,0.002545,0.172840,0.166505
27,122,0.333333,0.088710,0.330513,0.326898,0.666667,0.642022,0.209877,0.045906
27,123,0.444444,0.104839,0.827179,0.932112,0.555556,0.003119,0.160494,0.114888
27,124,0.222222,0.072581,0.028737,0.392583,0.777778,0.646298,0.234568,0.005747
28,0,0.222222,0.072581,0.000000,0.208002,0.777778,0.816370,0.146341,0.000000
28,1,0.222222,0.072581,0.135212,0.399610,0.777778,0.617639,0.268293,0.027042
28,2,0.333333,0.088710,0.000000,0.207997,0.666667,0.816375,0.134146,0.000000
28,3,0.166667,0.064516,0.000000,0.316360,0.833333,0.717259,0.256098,0.000000
28,4,0.388889,0.096774,0.000000,0.440915,0.611111,0.603333,0.121951,0.000000
28,5,0.444444,0.104839,0.000000,0.420338,0.555556,0.622154,0.195122,0.000000
28,6,0.166667,0.064516,0.000000,0.201484,0.833333,0.822332,0.195122,0.000000
28,7,0.388889,0.096774,0.000000,0.437634,0.611111,0.606334,0.134146,0.000000
28,8,0.611111,0.129032,0.054533,0.442885,0.388889,0.592063,0.146341,0.007469
28,9,0.333333,0.088710,0.000000,0.315933,0.666667,0.717649,0.134146,0.000000
28,10,0.444444,0.104839,0.182849,0.333353,0.555556,0.669971,0.121951,0.036570
28,11,0.388889,0.096774,0.366816,0.401755,0.611111,0.575467,0.134146,0.050237
28,12,0.388889,0.096774,0.173142,0.554743,0.611111,0.469159,0.170732,0.023713
28,13,0.500000,0.112903,0.000000,0.372201,0.500000,0.666183,0.158537,0.000000
28,14,0.222222,0.072581,0.584847,0.321027,0.777778,0.611453,0.280488,0.080098
28,15,0.500000,0.112903,0.607343,0.652371,0.500000,0.304479,0.121951,0.121469
28,16,0.611111,0.129032,0.812277,0.621186,0.388889,0.297424,0.146341,0.111246
28,17,0.166667,0.064516,0.145618,0.282546,0.833333,0.722906,0.243902,0.029124
28,18,0.277778,0.080645,0.000000,0.169511,0.722222,0.851576,0.231707,0.000000
28,19,0.111111,0.056452,0.000000,0.204929,0.888889,0.819181,0.280488,0.000000
28,20,0.111111,0.056452,0.000000,0.159086,0.888889,0.861112,0.304878,0.000000
28,21,0.444444,0.104839,0.391683,0.499333,0.555556,0.481899,0.146341,0.078337
28,22,0.166667,0.064516,0.000000,0.220719,0.833333,0.804738,0.256098,0.000000
28,23,0.555556,0.120968,0.190962,0.509846,0.444444,0.507131,0.134146,0.038192
28,24,0.222222,0.072581,0.000000,0.272945,0.777778,0.756969,0.280488,0.000000
28,25,0.277778,0.080645,0.000000,0.097420,0.722222,0.917515,0.182927,0.000000
28,26,0.500000,0.112903,0.079471,0.493250,0.500000,0.541667,0.121951,0.015894
28,27,0.277778,0.080645,0.108155,0.296542,0.722222,0.716609,0.231707,0.021631
28,28,0.166667,0.064516,0.000000,0.121223,0.833333,0.895743,0.231707,0.000000
28,29,0.166667,0.064516,0.000000,0.311069,0.833333,0.722099,0.280488,0.000000
28,30,0.277778,0.080645,0.000000,0.277536,0.722222,0.752770,0.268293,0.000000
28,31,0.555556,0.120968,0.061365,0.592314,0.444444,0.454200,0.146341,0.012273
28,32,0.111111,0.056452,0.038141,0.000000,0.888889,1.000000,0.317073,0.005224
28,33,0.055556,0.048387,0.000000,0.292750,0.944444,0.738854,0.304878,0.000000
28,34,0.666667,0.137097,0.696382,0.649463,0.333333,0.291681,0.207317,0.139276
28,35,0.333333,0.088710,0.004838,0.223340,0.666667,0.801501,0.146341,0.000968
28,36,0.388889,0.096774,0.362244,0.580511,0.611111,0.412759,0.219512,0.072449
28,37,0.277778,0.080645,0.133220,0.186740,0.722222,0.812689,0.146341,0.026644
28,38,0.111111,0.056452,0.000000,0.066250,0.888889,0.946026,0.317073,0.000000
28,39,0.333333,0.088710,0.620305,0.415552,0.666667,0.518838,0.146341,0.084954
28,40,0.388889,0.096774,0.000000,0.696033,0.611111,0.369986,0.097561,0.000000
28,41,0.611111,0.129032,0.146936,0.422747,0.388889,0.594441,0.121951,0.029387
28,42,0.166667,0.064516,0.000000,0.371342,0.833333,0.666969,0.146341,0.000000
28,43,0.222222,0.072581,0.000000,0.284478,0.777778,0.746420,0.109756,0.000000
28,44,0.277778,0.080645,0.000000,0.466709,0.722222,0.579741,0.182927,0.000000
28,45,0.333333,0.088710,0.000000,0.188793,0.666667,0.833940,0.170732,0.000000
28,46,0.500000,0.112903,0.076445,0.526678,0.500000,0.511617,0.121951,0.015289
28,47,0.333333,0.088710,0.000000,0.205917,0.666667,0.818277,0.182927,0.000000
28,48,0.555556,0.120968,0.529674,1.000000,0.444444,0.000000,0.109756,0.105935
28,49,0.444444,0.104839,0.000000,0.566466,0.555556,0.488496,0.170732,0.000000
28,50,0.722222,0.145161,0.485922,0.644474,0.277778,0.332782,0.121951,0.097184
28,51,0.611111,0.129032,0.272332,0.471238,0.388889,0.528317,0.182927,0.054466
28,52,0.444444,0.104839,0.219044,0.249311,0.555556,0.740557,0.170732,0.029999
28,53,0.222222,0.072581,0.000000,0.475345,0.777778,0.571841,0.170732,0.000000
28,54,0.444444,0.104839,0.472037,0.450841,0.555556,0.512302,0.170732,0.094407
28,55,0.388889,0.096774,0.000000,0.459934,0.611111,0.585937,0.146341,0.000000
28,56,0.388889,0.096774,0.000000,0.241428,0.611111,0.785796,0.121951,0.000000
28,57,0.611111,0.129032,0.061926,0.771975,0.388889,0.289773,0.146341,0.012385
28,58,0.277778,0.080645,0.206718,0.513433,0.722222,0.501114,0.256098,0.028311
28,59,0.055556,0.048387,0.000000,0.325936,0.944444,0.708500,0.304878,0.000000
28,60,0.444444,0.104839,0.000000,0.342558,0.555556,0.693297,0.207317,0.000000
28,61,0.777778,0.153226,0.000000,0.485638,0.222222,0.562427,0.158537,0.000000
28,62,0.555556,0.120968,0.000000,0.607556,0.444444,0.450913,0.121951,0.000000
28,63,0.500000,0.112903,0.000000,0.324573,0.500000,0.709746,0.097561,0.000000
28,64,0.388889,0.096774,0.084922,0.294821,0.611111,0.722216,0.121951,0.011631
28,65,0.611111,0.129032,0.000000,0.357901,0.388889,0.679263,0.121951,0.000000
28,66,0.333333,0.088710,0.378830,0.409479,0.666667,0.566316,0.182927,0.051883
28,67,0.277778,0.080645,0.000000,0.471135,0.722222,0.575692,0.207317,0.000000
28,68,0.722222,0.145161,0.580829,0.841759,0.277778,0.135856,0.121951,0.116166
28,69,0.277778,0.080645,0.337249,0.086115,0.722222,0.869305,0.207317,0.046188
28,70,0.277778,0.080645,0.000000,0.323035,0.722222,0.711154,0.195122,0.000000
28,71,0.388889,0.096774,0.000000,0.240153,0.611111,0.786963,0.097561,0.000000
28,72,0.333333,0.088710,0.000000,0.395012,0.666667,0.645319,0.182927,0.000000
28,73,0.444444,0.104839,0.000000,0.226780,0.555556,0.799195,0.097561,0.000000
28,74,0.166667,0.064516,0.000000,0.035592,0.833333,0.974067,0.134146,0.000000
28,75,0.444444,0.104839,0.783477,0.925891,0.555556,0.023721,0.121951,0.156695
28,76,0.777778,0.153226,0.471663,0.802327,0.222222,0.190876,0.097561,0.094333
28,77,0.333333,0.088710,0.353277,0.718868,0.666667,0.287766,0.207317,0.048383
28,78,0.222222,0.072581,0.000000,0.214122,0.777778,0.810772,0.134146,0.000000
28,79,0.500000,0.112903,0.505874,0.738570,0.500000,0.243252,0.170732,0.101175
28,80,0.166667,0.064516,0.000000,0.058760,0.833333,0.952876,0.182927,0.000000
28,81,0.555556,0.120968,0.334556,0.581292,0.444444,0.416852,0.134146,0.066911
28,82,0.444444,0.104839,1.000000,0.600511,0.555556,0.283742,0.158537,0.200000
28,83,1.000000,0.185484,0.695381,0.960283,0.000000,0.007559,0.146341,0.139076
28,84,0.277778,0.080645,0.371853,0.425994,0.722222,0.552422,0.195122,0.074371
28,85,0.277778,0.080645,0.000000,0.144348,0.722222,0.874592,0.158537,0.000000
28,86,0.111111,0.056452,0.000000,0.238722,0.888889,0.788271,0.317073,0.000000
28,87,0.388889,0.096774,0.000000,0.308993,0.611111,0.723998,0.170732,0.000000
28,88,0.388889,0.096774,0.064656,0.568497,0.611111,0.475414,0.231707,0.008855
28,89,0.166667,0.064516,0.000000,0.302611,0.833333,0.729835,0.158537,0.000000
28,90,0.722222,0.145161,0.000000,0.411191,0.277778,0.630521,0.158537,0.000000
28,91,0.444444,0.104839,0.000000,0.319501,0.555556,0.714386,0.134146,0.000000
28,92,0.611111,0.129032,0.075183,0.605446,0.388889,0.439790,0.109756,0.015037
28,93,0.277778,0.080645,0.000000,0.461475,0.722222,0.584528,0.134146,0.000000
28,94,0.055556,0.048387,0.000000,0.196247,0.944444,0.827122,0.182927,0.000000
28,95,0.444444,0.104839,0.000000,0.585903,0.555556,0.470718,0.158537,0.000000
28,96,0.611111,0.129032,0.633813,0.718170,0.388889,0.239700,0.134146,0.086804
28,97,0.500000,0.112903,0.090110,0.688723,0.500000,0.361028,0.146341,0.018022
28,98,0.388889,0.096774,0.549096,0.773717,0.611111,0.203601,0.170732,0.109819
28,99,0.166667,0.064516,0.000000,0.236141,0.833333,0.790633,0.304878,0.000000
28,100,0.222222,0.072581,0.280555,0.435361,0.777778,0.559705,0.231707,0.056111
28,101,0.277778,0.080645,0.067877,0.468910,0.722222,0.565943,0.134146,0.013575
28,102,0.555556,0.120968,0.304680,0.390157,0.444444,0.596863,0.207317,0.060936
28,103,0.222222,0.072581,0.613816,0.756251,0.777778,0.208340,0.231707,0.084065
28,104,0.555556,0.120968,0.482167,0.670077,0.444444,0.310016,0.146341,0.096433
28,105,0.555556,0.120968,0.262651,0.587260,0.444444,0.423877,0.170732,0.052530
28,106,0.277778,0.080645,0.000000,0.337110,0.722222,0.698280,0.268293,0.000000
28,107,0.333333,0.088710,0.000000,0.527364,0.666667,0.524261,0.219512,0.000000
28,108,0.000000,0.040323,0.000000,0.134221,1.000000,0.883855,0.304878,0.000000
28,109,0.777778,0.153226,0.773283,0.820279,0.222222,0.122090,0.158537,0.154657
28,110,0.333333,0.088710,0.108667,0.213194,0.666667,0.792756,0.097561,0.021733
28,111,0.222222,0.072581,0.139904,0.255613,0.777778,0.748532,0.292683,0.027981
28,112,0.388889,0.096774,0.000000,0.197041,0.611111,0.826396,0.134146,0.000000
28,113,0.388889,0.096774,0.498139,0.694579,0.611111,0.284833,0.158537,0.068223
28,114,0.611111,0.129032,0.259439,0.423578,0.388889,0.574149,0.134146,0.051888
28,115,0.388889,0.096774,0.000000,0.394849,0.611111,0.645468,0.182927,0.000000
28,116,0.277778,0.080645,0.151723,0.459476,0.722222,0.560015,0.195122,0.020779
28,117,0.444444,0.104839,0.000000,0.332704,0.555556,0.702310,0.121951,0.000000
28,118,0.444444,0.104839,0.168463,0.350038,0.555556,0.657207,0.146341,0.033693
28,119,0.222222,0.072581,0.504055,0.219141,0.777778,0.718671,0.280488,0.069033
28,120,0.166667,0.064516,0.000000,0.082637,0.833333,0.931036,0.121951,0.000000
28,121,0.722222,0.145161,0.274965,0.689581,0.277778,0.328150,0.170732,0.054993
28,122,0.333333,0.088710,0.000000,0.206451,0.666667,0.817789,0.219512,0.000000
28,123,0.444444,0.104839,0.057956,0.551075,0.555556,0.492511,0.170732,0.011591
28,124,0.222222,0.072581,0.605347,0.584394,0.777778,0.367002,0.231707,0.082905
29,0,0.222222,0.072581,0.000000,0.151551,0.777778,0.871287,0.144578,0.000000
29,1,0.222222,0.072581,0.379260,0.464866,0.777778,0.544532,0.265060,0.048503
29,2,0.333333,0.088710,0.000000,0.450438,0.666667,0.617443,0.132530,0.000000
29,3,0.166667,0.064516,0.000000,0.345150,0.833333,0.706864,0.253012,0.000000
29,4,0.388889,0.096774,0.000000,0.338378,0.611111,0.712615,0.120482,0.000000
29,5,0.444444,0.104839,0.385313,0.705996,0.555556,0.338772,0.192771,0.077063
29,6,0.166667,0.064516,0.000000,0.283925,0.833333,0.758863,0.192771,0.000000
29,7,0.388889,0.096774,0.058740,0.513212,0.611111,0.554734,0.132530,0.011748
29,8,0.611111,0.129032,0.015691,0.445176,0.388889,0.619402,0.156627,0.003138
29,9,0.333333,0.088710,0.000000,0.345983,0.666667,0.706156,0.132530,0.000000
29,10,0.444444,0.104839,0.313783,0.453156,0.555556,0.564949,0.120482,0.062757
29,11,0.388889,0.096774,0.205040,0.887677,0.611111,0.213302,0.144578,0.026222
29,12,0.388889,0.096774,0.000000,0.453897,0.611111,0.614505,0.180723,0.000000
29,13,0.500000,0.112903,0.000000,0.343485,0.500000,0.708278,0.156627,0.000000
29,14,0.222222,0.072581,0.285885,0.260907,0.777778,0.732689,0.289157,0.036561
29,15,0.500000,0.112903,0.728661,0.900425,0.500000,0.118730,0.120482,0.145732
29,16,0.611111,0.129032,0.433274,0.864011,0.388889,0.196899,0.156627,0.086655
29,17,0.166667,0.064516,0.336752,0.387121,0.833333,0.617359,0.240964,0.067350
29,18,0.277778,0.080645,0.000000,0.445252,0.722222,0.621847,0.228916,0.000000
29,19,0.111111,0.056452,0.000000,0.366849,0.888889,0.688435,0.277108,0.000000
29,20,0.111111,0.056452,0.000000,0.228551,0.888889,0.805892,0.301205,0.000000
29,21,0.444444,0.104839,0.074066,0.164579,0.555556,0.848377,0.144578,0.014813
29,22,0.166667,0.064516,0.000000,0.246524,0.833333,0.790627,0.253012,0.000000
29,23,0.555556,0.120968,0.433013,0.621618,0.444444,0.402806,0.132530,0.086603
29,24,0.222222,0.072581,0.074455,0.404091,0.777778,0.644897,0.277108,0.014891
29,25,0.277778,0.080645,0.000000,0.035777,0.722222,0.969614,0.180723,0.000000
29,26,0.500000,0.112903,0.187139,0.790619,0.500000,0.298596,0.120482,0.037428
29,27,0.277778,0.080645,0.328519,0.128498,0.722222,0.838325,0.228916,0.042014
29,28,0.166667,0.064516,0.000000,0.149780,0.833333,0.872792,0.228916,0.000000
29,29,0.166667,0.064516,0.000000,0.465711,0.833333,0.604472,0.277108,0.000000
29,30,0.277778,0.080645,0.000000,0.166159,0.722222,0.858881,0.265060,0.000000
29,31,0.555556,0.120968,0.000000,0.646131,0.444444,0.451241,0.144578,0.000000
29,32,0.111111,0.056452,0.146269,0.157809,0.888889,0.842579,0.325301,0.029254
29,33,0.055556,0.048387,0.000000,0.121192,0.944444,0.897072,0.301205,0.000000
29,34,0.666667,0.137097,0.973366,0.736745,0.333333,0.218607,0.204819,0.194673
29,35,0.333333,0.088710,0.366474,0.490961,0.666667,0.524414,0.144578,0.046868
29,36,0.388889,0.096774,0.000000,0.190872,0.611111,0.837892,0.216867,0.000000
29,37,0.277778,0.080645,0.203505,0.381720,0.722222,0.643257,0.144578,0.040701
29,38,0.111111,0.056452,0.000000,0.237741,0.888889,0.798087,0.313253,0.000000
29,39,0.333333,0.088710,0.119841,0.342950,0.666667,0.689565,0.156627,0.023968
29,40,0.388889,0.096774,0.000000,0.666032,0.611111,0.434339,0.096386,0.000000
29,41,0.611111,0.129032,0.917156,0.681261,0.388889,0.274719,0.120482,0.183431
29,42,0.166667,0.064516,0.000000,0.365829,0.833333,0.689302,0.144578,0.000000
29,43,0.222222,0.072581,0.000000,0.329940,0.777778,0.719782,0.108434,0.000000
29,44,0.277778,0.080645,0.000000,0.495501,0.722222,0.579170,0.180723,0.000000
29,45,0.333333,0.088710,0.317541,0.461958,0.666667,0.556873,0.168675,0.063508
29,46,0.500000,0.112903,1.000000,0.785042,0.500000,0.173329,0.120482,0.200000
29,47,0.333333,0.088710,0.000000,0.172274,0.666667,0.853687,0.180723,0.000000
29,48,0.555556,0.120968,0.231314,0.903062,0.444444,0.196033,0.108434,0.046263
29,49,0.444444,0.104839,0.000000,0.488898,0.555556,0.584779,0.168675,0.000000
29,50,0.722222,0.145161,0.178794,0.946853,0.277778,0.167242,0.120482,0.035759
29,51,0.611111,0.129032,0.425466,0.359762,0.388889,0.626407,0.180723,0.085093
29,52,0.444444,0.104839,0.000000,0.400908,0.555556,0.659508,0.180723,0.000000
29,53,0.222222,0.072581,0.000000,0.152700,0.777778,0.870312,0.168675,0.000000
29,54,0.444444,0.104839,0.210828,0.283110,0.555556,0.725836,0.168675,0.042166
29,55,0.388889,0.096774,0.640480,0.713130,0.611111,0.291903,0.144578,0.081910
29,56,0.388889,0.096774,0.000000,0.390308,0.611111,0.668511,0.120482,0.000000
29,57,0.611111,0.129032,0.000000,0.349312,0.388889,0.703329,0.144578,0.000000
29,58,0.277778,0.080645,0.489463,0.554448,0.722222,0.450824,0.265060,0.062596
29,59,0.055556,0.048387,0.000000,0.281052,0.944444,0.761302,0.301205,0.000000
29,60,0.444444,0.104839,0.114215,0.418068,0.555556,0.626668,0.204819,0.022843
29,61,0.777778,0.153226,0.000000,0.537161,0.222222,0.543788,0.156627,0.000000
29,62,0.555556,0.120968,0.310283,0.832440,0.444444,0.243383,0.120482,0.062057
29,63,0.500000,0.112903,0.000000,0.415763,0.500000,0.646893,0.096386,0.000000
29,64,0.388889,0.096774,0.000000,0.246849,0.611111,0.790351,0.132530,0.000000
29,65,0.611111,0.129032,0.000000,0.416866,0.388889,0.645956,0.120482,0.000000
29,66,0.333333,0.088710,0.215331,0.527015,0.666667,0.517967,0.192771,0.027538
29,67,0.277778,0.080645,0.000000,0.317311,0.722222,0.730507,0.204819,0.000000
29,68,0.722222,0.145161,0.272414,0.699937,0.277778,0.361974,0.120482,0.054483
29,69,0.277778,0.080645,0.028267,0.238619,0.722222,0.792820,0.216867,0.005653
29,70,0.277778,0.080645,0.000000,0.457350,0.722222,0.611572,0.192771,0.000000
29,71,0.388889,0.096774,0.000000,0.279137,0.611111,0.762928,0.096386,0.000000
29,72,0.333333,0.088710,0.000000,0.317981,0.666667,0.729938,0.180723,0.000000
29,73,0.444444,0.104839,0.000000,0.185379,0.555556,0.842557,0.096386,0.000000
29,74,0.166667,0.064516,0.598323,0.194384,0.833333,0.739217,0.132530,0.076518
29,75,0.444444,0.104839,0.768710,0.733334,0.555556,0.254236,0.120482,0.098309
29,76,0.777778,0.153226,0.101606,0.598194,0.222222,0.475703,0.096386,0.020321
29,77,0.333333,0.088710,0.601217,0.553183,0.666667,0.434026,0.216867,0.076888
29,78,0.222222,0.072581,0.000000,0.082622,0.777778,0.929829,0.132530,0.000000
29,79,0.500000,0.112903,0.485034,0.663327,0.500000,0.359062,0.168675,0.097007
29,80,0.166667,0.064516,0.000000,0.083438,0.833333,0.929136,0.180723,0.000000
29,81,0.555556,0.120968,0.000000,0.426484,0.444444,0.637787,0.132530,0.000000
29,82,0.444444,0.104839,0.523269,0.583321,0.555556,0.420896,0.156627,0.104654
29,83,1.000000,0.185484,0.942255,1.000000,0.000000,0.000000,0.144578,0.188451
29,84,0.277778,0.080645,0.000000,0.105889,0.722222,0.910068,0.192771,0.000000
29,85,0.277778,0.080645,0.000000,0.000000,0.722222,1.000000,0.156627,0.000000
29,86,0.111111,0.056452,0.000000,0.240483,0.888889,0.795758,0.313253,0.000000
29,87,0.388889,0.096774,0.002302,0.646539,0.611111,0.450525,0.168675,0.000460
29,88,0.388889,0.096774,0.000000,0.687056,0.611111,0.416483,0.240964,0.000000
29,89,0.166667,0.064516,0.000000,0.113667,0.833333,0.903462,0.156627,0.000000
29,90,0.722222,0.145161,0.000000,0.491719,0.277778,0.582383,0.156627,0.000000
29,91,0.444444,0.104839,0.000000,0.230042,0.555556,0.804626,0.132530,0.000000
29,92,0.611111,0.129032,0.090480,0.485059,0.388889,0.573568,0.108434,0.018096
29,93,0.277778,0.080645,0.240505,0.310618,0.722222,0.697727,0.132530,0.048101
29,94,0.055556,0.048387,0.000000,0.221879,0.944444,0.811558,0.180723,0.000000
29,95,0.444444,0.104839,0.000000,0.575354,0.555556,0.511351,0.156627,0.000000
29,96,0.611111,0.129032,0.144351,0.471892,0.388889,0.576135,0.144578,0.018461
29,97,0.500000,0.112903,0.530505,0.550837,0.500000,0.447327,0.144578,0.106101
29,98,0.388889,0.096774,0.570810,0.782264,0.611111,0.244330,0.168675,0.114162
29,99,0.166667,0.064516,0.000000,0.182745,0.833333,0.844795,0.301205,0.000000
29,100,0.222222,0.072581,0.048253,0.324927,0.777778,0.716322,0.228916,0.009651
29,101,0.277778,0.080645,0.000000,0.699629,0.722222,0.405804,0.132530,0.000000
29,102,0.555556,0.120968,0.235228,0.603624,0.444444,0.449720,0.204819,0.047046
29,103,0.222222,0.072581,0.193365,0.697801,0.777778,0.376431,0.240964,0.038673
29,104,0.555556,0.120968,0.932022,0.912139,0.444444,0.076257,0.144578,0.186404
29,105,0.555556,0.120968,0.640830,0.603522,0.444444,0.384938,0.168675,0.081954
29,106,0.277778,0.080645,0.118953,0.367724,0.722222,0.668667,0.265060,0.015213
29,107,0.333333,0.088710,0.000000,0.554519,0.666667,0.529046,0.216867,0.000000
29,108,0.000000,0.040323,0.000000,0.257032,1.000000,0.781702,0.301205,0.000000
29,109,0.777778,0.153226,0.575354,0.755139,0.222222,0.266641,0.156627,0.115071
29,110,0.333333,0.088710,0.007412,0.259378,0.666667,0.778524,0.096386,0.000948
29,111,0.222222,0.072581,0.078703,0.234858,0.777778,0.787947,0.289157,0.015741
29,112,0.388889,0.096774,0.000000,0.054920,0.611111,0.953356,0.132530,0.000000
29,113,0.388889,0.096774,0.436056,0.676466,0.611111,0.355737,0.168675,0.055766
29,114,0.611111,0.129032,0.329203,0.511835,0.388889,0.512647,0.132530,0.065841
29,115,0.388889,0.096774,0.000000,0.387108,0.611111,0.671229,0.180723,0.000000
29,116,0.277778,0.080645,0.000000,0.477978,0.722222,0.594053,0.204819,0.000000
29,117,0.444444,0.104839,0.000000,0.394978,0.555556,0.664545,0.120482,0.000000
29,118,0.444444,0.104839,0.228536,0.102892,0.555556,0.876063,0.144578,0.045707
29,119,0.222222,0.072581,0.445694,0.457602,0.777778,0.540076,0.289157,0.056999
29,120,0.166667,0.064516,0.000000,0.142301,0.833333,0.879143,0.120482,0.000000
29,121,0.722222,0.145161,0.741890,0.766915,0.277778,0.230005,0.168675,0.148378
29,122,0.333333,0.088710,0.094391,0.268924,0.666667,0.756507,0.216867,0.012071
29,123,0.444444,0.104839,0.657587,0.753873,0.555556,0.254564,0.168675,0.084097
29,124,0.222222,0.072581,0.395367,0.484756,0.777778,0.525064,0.240964,0.050563
