iteration,vertex_id,degree,normalized_degree,dual,weighted_neighbor_dual,complement_degree,stable_set_occurrences,is_selected
0,0,4,0.051282,0.034455,0.151768,74,219,1
0,1,4,0.051282,0.040263,0.149440,74,131,0
0,2,4,0.051282,0.027761,0.094146,74,214,1
0,3,4,0.051282,0.048034,0.196148,74,139,0
0,4,4,0.051282,0.000000,0.120477,74,201,1
0,5,4,0.051282,0.003913,0.050411,74,147,0
0,6,4,0.051282,0.000000,0.018142,74,209,0
0,7,4,0.051282,0.039237,0.128763,74,155,0
0,8,4,0.051282,0.021464,0.100270,74,194,1
0,9,4,0.051282,0.009881,0.037310,74,155,1
0,10,4,0.051282,0.022439,0.138884,74,186,0
0,11,4,0.051282,0.037170,0.156299,74,167,0
0,12,4,0.051282,0.045324,0.078639,74,140,1
0,13,4,0.051282,0.064574,0.153868,74,190,1
0,14,4,0.051282,0.049970,0.124538,74,135,0
0,15,4,0.051282,0.022650,0.123865,74,198,0
0,16,4,0.051282,0.013501,0.099825,74,129,0
0,17,4,0.051282,0.097119,0.126990,74,183,1
0,18,4,0.051282,0.000000,0.043426,74,150,0
0,19,4,0.051282,0.000000,0.090942,74,181,0
0,20,4,0.051282,0.019704,0.093991,74,144,0
0,21,4,0.051282,0.010181,0.133771,74,174,0
0,22,4,0.051282,0.004348,0.119950,74,157,0
0,23,4,0.051282,0.014871,0.078516,74,167,0
0,24,4,0.051282,0.004159,0.136267,74,159,0
0,25,4,0.051282,0.079331,0.198818,74,145,0
0,26,4,0.051282,0.062321,0.155430,74,195,1
0,27,4,0.051282,0.025852,0.140832,74,145,0
0,28,4,0.051282,0.000000,0.128891,74,191,1
0,29,4,0.051282,0.039719,0.213945,74,142,0
0,30,4,0.051282,0.003048,0.118346,74,194,1
0,31,4,0.051282,0.053837,0.103206,74,154,1
0,32,4,0.051282,0.015665,0.073879,74,185,1
0,33,4,0.051282,0.000000,0.138732,74,159,0
0,34,4,0.051282,0.069479,0.127471,74,179,1
0,35,4,0.051282,0.023311,0.081387,74,153,1
0,36,4,0.051282,0.081846,0.180976,74,184,1
0,37,4,0.051282,0.057363,0.147198,74,161,1
0,38,4,0.051282,0.000000,0.089140,74,152,1
0,39,4,0.051282,0.025852,0.185469,74,181,0
0,40,4,0.051282,0.054031,0.122402,74,144,0
0,41,4,0.051282,0.027756,0.147803,74,179,0
0,42,4,0.051282,0.037927,0.132452,74,152,0
0,43,4,0.051282,0.026401,0.116827,74,183,0
0,44,4,0.051282,0.024890,0.081962,74,147,0
0,45,4,0.051282,0.052800,0.137259,74,177,0
0,46,4,0.051282,0.047214,0.120602,74,154,0
0,47,4,0.051282,0.005031,0.080626,74,178,0
0,48,4,0.051282,0.044641,0.224852,74,157,0
0,49,4,0.051282,0.013716,0.096203,74,163,0
0,50,4,0.051282,0.056394,0.115817,74,164,0
0,51,4,0.051282,0.052656,0.227306,74,149,0
0,52,4,0.051282,0.041766,0.124500,74,141,1
0,53,4,0.051282,0.057315,0.095814,74,129,1
0,54,4,0.051282,0.018314,0.095371,74,142,1
0,55,4,0.051282,0.062583,0.094459,74,132,1
0,56,4,0.051282,0.025316,0.101233,74,143,1
0,57,4,0.051282,0.010798,0.114765,74,135,1
0,58,4,0.051282,0.047982,0.162854,74,134,1
0,59,4,0.051282,0.014525,0.031432,74,129,1
0,60,4,0.051282,0.022758,0.107209,74,139,1
0,61,4,0.051282,0.049313,0.137259,74,128,1
0,62,4,0.051282,0.079358,0.190621,74,133,1
0,63,4,0.051282,0.008738,0.057687,74,134,1
0,64,4,0.051282,0.023580,0.110246,74,135,1
0,65,3,0.038462,0.042206,0.181266,75,208,0
0,66,3,0.038462,0.016450,0.121449,75,209,0
0,67,3,0.038462,0.000000,0.129482,75,223,0
0,68,3,0.038462,0.016092,0.128451,75,216,0
0,69,3,0.038462,0.000000,0.138476,75,211,0
0,70,3,0.038462,0.000000,0.127665,75,208,0
0,71,3,0.038462,0.034209,0.121479,75,219,0
0,72,3,0.038462,0.000000,0.109442,75,218,0
0,73,3,0.038462,0.000000,0.084631,75,223,0
0,74,3,0.038462,0.093323,0.188709,75,217,0
0,75,3,0.038462,0.036534,0.134261,75,222,0
0,76,3,0.038462,0.003602,0.107706,75,232,0
0,77,3,0.038462,0.000000,0.149465,75,216,0
0,78,13,0.166667,0.061368,0.242416,65,107,1
1,0,4,0.051282,0.059917,0.148907,74,220,0
1,1,4,0.051282,0.007580,0.150482,74,131,1
1,2,4,0.051282,0.018875,0.109100,74,215,0
1,3,4,0.051282,0.058839,0.211723,74,139,0
1,4,4,0.051282,0.000000,0.147023,74,202,0
1,5,4,0.051282,0.039827,0.049429,74,147,1
1,6,4,0.051282,0.000000,0.083734,74,209,0
1,7,4,0.051282,0.044470,0.186230,74,155,0
1,8,4,0.051282,0.014577,0.143011,74,195,0
1,9,4,0.051282,0.000000,0.098539,74,156,1
1,10,4,0.051282,0.089115,0.181836,74,186,0
1,11,4,0.051282,0.075622,0.222914,74,167,0
1,12,4,0.051282,0.068169,0.164737,74,141,1
1,13,4,0.051282,0.050560,0.169788,74,191,0
1,14,4,0.051282,0.061692,0.128968,74,135,1
1,15,4,0.051282,0.021129,0.117745,74,198,0
1,16,4,0.051282,0.020796,0.122249,74,129,1
1,17,4,0.051282,0.101246,0.162047,74,184,1
1,18,4,0.051282,0.000000,0.018875,74,150,1
1,19,4,0.051282,0.009424,0.050014,74,181,0
1,20,4,0.051282,0.022918,0.079415,74,144,1
1,21,4,0.051282,0.070407,0.182180,74,174,1
1,22,4,0.051282,0.043907,0.153295,74,157,1
1,23,4,0.051282,0.000000,0.072692,74,167,0
1,24,4,0.051282,0.000000,0.135428,74,159,0
1,25,4,0.051282,0.069760,0.270961,74,145,1
1,26,4,0.051282,0.050176,0.180529,74,196,0
1,27,4,0.051282,0.064674,0.129101,74,145,1
1,28,4,0.051282,0.000000,0.138598,74,192,0
1,29,4,0.051282,0.038694,0.247883,74,142,0
1,30,4,0.051282,0.012157,0.110279,74,195,0
1,31,4,0.051282,0.005663,0.096626,74,155,0
1,32,4,0.051282,0.000000,0.087045,74,186,0
1,33,4,0.051282,0.020043,0.216984,74,159,0
1,34,4,0.051282,0.052682,0.085092,74,180,0
1,35,4,0.051282,0.004523,0.077238,74,154,0
1,36,4,0.051282,0.064180,0.176579,74,185,0
1,37,4,0.051282,0.042044,0.180936,74,162,0
1,38,4,0.051282,0.000000,0.032816,74,153,0
1,39,4,0.051282,0.057412,0.175114,74,181,0
1,40,4,0.051282,0.062577,0.118836,74,144,1
1,41,4,0.051282,0.000000,0.140724,74,179,0
1,42,4,0.051282,0.035464,0.141192,74,152,1
1,43,4,0.051282,0.038665,0.149376,74,183,0
1,44,4,0.051282,0.014329,0.052537,74,147,1
1,45,4,0.051282,0.066072,0.099608,74,177,1
1,46,4,0.051282,0.031100,0.091679,74,154,1
1,47,4,0.051282,0.006665,0.118055,74,178,0
1,48,4,0.051282,0.028809,0.155460,74,157,1
1,49,4,0.051282,0.001742,0.077065,74,163,1
1,50,4,0.051282,0.031073,0.075779,74,164,1
1,51,4,0.051282,0.034103,0.168274,74,149,1
1,52,4,0.051282,0.052019,0.135731,74,142,0
1,53,4,0.051282,0.030410,0.061317,74,130,1
1,54,4,0.051282,0.016641,0.099906,74,143,0
1,55,4,0.051282,0.041336,0.099982,74,133,1
1,56,4,0.051282,0.026840,0.081254,74,144,0
1,57,4,0.051282,0.039977,0.105676,74,136,0
1,58,4,0.051282,0.035895,0.115680,74,135,0
1,59,4,0.051282,0.049303,0.045331,74,130,1
1,60,4,0.051282,0.000000,0.062174,74,140,0
1,61,4,0.051282,0.049445,0.149937,74,129,0
1,62,4,0.051282,0.055385,0.135455,74,134,0
1,63,4,0.051282,0.006665,0.040769,74,135,0
1,64,4,0.051282,0.023097,0.075334,74,136,0
1,65,3,0.038462,0.003905,0.099963,75,208,0
1,66,3,0.038462,0.023000,0.096878,75,209,1
1,67,3,0.038462,0.000000,0.098604,75,223,0
1,68,3,0.038462,0.014690,0.107077,75,216,1
1,69,3,0.038462,0.000000,0.118856,75,211,0
1,70,3,0.038462,0.000000,0.080754,75,208,1
1,71,3,0.038462,0.039604,0.117640,75,219,1
1,72,3,0.038462,0.000000,0.055058,75,218,1
1,73,3,0.038462,0.000000,0.084185,75,223,0
1,74,3,0.038462,0.072542,0.119498,75,217,1
1,75,3,0.038462,0.042519,0.100760,75,222,1
1,76,3,0.038462,0.000000,0.051314,75,232,1
1,77,3,0.038462,0.000000,0.090267,75,216,1
1,78,13,0.166667,0.028217,0.196260,65,108,0
2,0,4,0.051282,0.044930,0.150626,74,220,0
2,1,4,0.051282,0.029383,0.160388,74,132,1
2,2,4,0.051282,0.025760,0.144259,74,215,0
2,3,4,0.051282,0.047967,0.210187,74,139,1
2,4,4,0.051282,0.040984,0.145329,74,202,0
2,5,4,0.051282,0.066130,0.112933,74,148,1
2,6,4,0.051282,0.000000,0.076189,74,209,0
2,7,4,0.051282,0.047780,0.185678,74,155,1
2,8,4,0.051282,0.012217,0.150257,74,195,0
2,9,4,0.051282,0.000000,0.108802,74,157,0
2,10,4,0.051282,0.040652,0.094971,74,186,1
2,11,4,0.051282,0.045884,0.176008,74,167,1
2,12,4,0.051282,0.025167,0.118077,74,142,0
2,13,4,0.051282,0.070674,0.183247,74,191,0
2,14,4,0.051282,0.048746,0.104988,74,136,1
2,15,4,0.051282,0.019023,0.153669,74,198,0
2,16,4,0.051282,0.024530,0.129722,74,130,1
2,17,4,0.051282,0.053598,0.177118,74,185,0
2,18,4,0.051282,0.000000,0.026372,74,151,1
2,19,4,0.051282,0.068149,0.123363,74,181,0
2,20,4,0.051282,0.025052,0.107362,74,145,1
2,21,4,0.051282,0.078879,0.159695,74,175,0
2,22,4,0.051282,0.010059,0.116805,74,158,0
2,23,4,0.051282,0.000000,0.107794,74,167,0
2,24,4,0.051282,0.031540,0.114948,74,159,1
2,25,4,0.051282,0.059745,0.203221,74,146,0
2,26,4,0.051282,0.033686,0.143189,74,196,0
2,27,4,0.051282,0.050025,0.155149,74,146,1
2,28,4,0.051282,0.000611,0.113586,74,192,0
2,29,4,0.051282,0.055872,0.208703,74,142,1
2,30,4,0.051282,0.010122,0.096624,74,195,0
2,31,4,0.051282,0.008131,0.136540,74,155,1
2,32,4,0.051282,0.000000,0.051539,74,186,0
2,33,4,0.051282,0.025499,0.198703,74,159,1
2,34,4,0.051282,0.044038,0.110753,74,180,0
2,35,4,0.051282,0.049102,0.122176,74,154,1
2,36,4,0.051282,0.076153,0.131188,74,185,1
2,37,4,0.051282,0.040532,0.188898,74,162,1
2,38,4,0.051282,0.033525,0.089246,74,153,0
2,39,4,0.051282,0.036586,0.176247,74,181,0
2,40,4,0.051282,0.052850,0.110831,74,145,1
2,41,4,0.051282,0.028866,0.127572,74,179,0
2,42,4,0.051282,0.017063,0.088715,74,153,1
2,43,4,0.051282,0.047845,0.160736,74,183,0
2,44,4,0.051282,0.011989,0.075486,74,148,1
2,45,4,0.051282,0.020502,0.129987,74,178,0
2,46,4,0.051282,0.029979,0.065538,74,155,1
2,47,4,0.051282,0.018381,0.113026,74,178,0
2,48,4,0.051282,0.029490,0.144942,74,158,0
2,49,4,0.051282,0.033525,0.151416,74,164,0
2,50,4,0.051282,0.024181,0.123416,74,165,1
2,51,4,0.051282,0.031894,0.171986,74,150,0
2,52,4,0.051282,0.033529,0.092065,74,142,0
2,53,4,0.051282,0.019599,0.082020,74,131,1
2,54,4,0.051282,0.043005,0.107845,74,143,0
2,55,4,0.051282,0.050751,0.085262,74,134,1
2,56,4,0.051282,0.011378,0.047042,74,144,0
2,57,4,0.051282,0.049817,0.077720,74,136,1
2,58,4,0.051282,0.031869,0.131123,74,135,0
2,59,4,0.051282,0.028614,0.066226,74,131,1
2,60,4,0.051282,0.000000,0.060391,74,140,0
2,61,4,0.051282,0.022937,0.114250,74,129,0
2,62,4,0.051282,0.036920,0.130173,74,134,0
2,63,4,0.051282,0.018381,0.050274,74,135,1
2,64,4,0.051282,0.045852,0.111545,74,136,0
2,65,3,0.038462,0.000831,0.108465,75,208,0
2,66,3,0.038462,0.022151,0.114649,75,210,1
2,67,3,0.038462,0.015737,0.107531,75,223,0
2,68,3,0.038462,0.000000,0.083022,75,217,1
2,69,3,0.038462,0.000000,0.117480,75,211,0
2,70,3,0.038462,0.020854,0.112989,75,209,1
2,71,3,0.038462,0.012615,0.110869,75,220,0
2,72,3,0.038462,0.000000,0.049493,75,219,1
2,73,3,0.038462,0.000000,0.085109,75,223,0
2,74,3,0.038462,0.068789,0.106904,75,218,1
2,75,3,0.038462,0.047608,0.106904,75,223,1
2,76,3,0.038462,0.006231,0.083967,75,233,1
2,77,3,0.038462,0.000000,0.093416,75,217,0
2,78,13,0.166667,0.038115,0.194817,65,108,0
3,0,4,0.051282,0.035009,0.151703,74,220,0
3,1,4,0.051282,0.024933,0.174562,74,133,1
3,2,4,0.051282,0.039134,0.124181,74,215,0
3,3,4,0.051282,0.033756,0.217480,74,140,1
3,4,4,0.051282,0.040759,0.112341,74,202,0
3,5,4,0.051282,0.032857,0.078623,74,149,1
3,6,4,0.051282,0.000000,0.076880,74,209,0
3,7,4,0.051282,0.051962,0.170723,74,156,1
3,8,4,0.051282,0.001648,0.141456,74,195,0
3,9,4,0.051282,0.011451,0.100282,74,157,0
3,10,4,0.051282,0.060794,0.152457,74,187,1
3,11,4,0.051282,0.044582,0.197105,74,168,1
3,12,4,0.051282,0.022329,0.150289,74,142,0
3,13,4,0.051282,0.100419,0.177620,74,191,0
3,14,4,0.051282,0.066391,0.115712,74,137,1
3,15,4,0.051282,0.000000,0.121563,74,198,0
3,16,4,0.051282,0.026623,0.117336,74,131,1
3,17,4,0.051282,0.041293,0.190880,74,185,0
3,18,4,0.051282,0.000000,0.056725,74,152,0
3,19,4,0.051282,0.039488,0.061516,74,181,0
3,20,4,0.051282,0.000000,0.093638,74,146,0
3,21,4,0.051282,0.087023,0.173339,74,175,0
3,22,4,0.051282,0.032571,0.139210,74,158,0
3,23,4,0.051282,0.000000,0.093090,74,167,0
3,24,4,0.051282,0.044912,0.134518,74,160,0
3,25,4,0.051282,0.086105,0.210200,74,146,0
3,26,4,0.051282,0.041568,0.147483,74,196,0
3,27,4,0.051282,0.046565,0.122947,74,147,1
3,28,4,0.051282,0.000000,0.105581,74,192,0
3,29,4,0.051282,0.072365,0.196169,74,143,1
3,30,4,0.051282,0.000000,0.089369,74,195,0
3,31,4,0.051282,0.017208,0.099824,74,156,1
3,32,4,0.051282,0.017591,0.079054,74,186,1
3,33,4,0.051282,0.032796,0.182774,74,160,1
3,34,4,0.051282,0.051231,0.112385,74,180,1
3,35,4,0.051282,0.000000,0.132225,74,155,0
3,36,4,0.051282,0.060824,0.200559,74,186,1
3,37,4,0.051282,0.043999,0.208527,74,163,1
3,38,4,0.051282,0.059310,0.119848,74,153,1
3,39,4,0.051282,0.000000,0.192197,74,181,0
3,40,4,0.051282,0.039190,0.093753,74,146,0
3,41,4,0.051282,0.022528,0.127474,74,179,0
3,42,4,0.051282,0.015280,0.080586,74,154,0
3,43,4,0.051282,0.054458,0.164070,74,183,0
3,44,4,0.051282,0.000000,0.064585,74,149,0
3,45,4,0.051282,0.037807,0.142883,74,178,0
3,46,4,0.051282,0.047467,0.060545,74,156,0
3,47,4,0.051282,0.000000,0.076795,74,178,0
3,48,4,0.051282,0.046483,0.180752,74,158,0
3,49,4,0.051282,0.054929,0.139432,74,164,0
3,50,4,0.051282,0.020007,0.115028,74,166,0
3,51,4,0.051282,0.035399,0.181950,74,150,0
3,52,4,0.051282,0.030401,0.076254,74,142,1
3,53,4,0.051282,0.014357,0.061779,74,132,1
3,54,4,0.051282,0.021784,0.072586,74,143,1
3,55,4,0.051282,0.058909,0.093708,74,135,1
3,56,4,0.051282,0.008617,0.062746,74,144,1
3,57,4,0.051282,0.049343,0.103107,74,137,1
3,58,4,0.051282,0.025210,0.112225,74,135,1
3,59,4,0.051282,0.000000,0.054458,74,132,0
3,60,4,0.051282,0.000697,0.067474,74,140,1
3,61,4,0.051282,0.076332,0.142861,74,129,1
3,62,4,0.051282,0.077127,0.150392,74,134,1
3,63,4,0.051282,0.000000,0.049780,74,136,0
3,64,4,0.051282,0.003790,0.082289,74,136,1
3,65,3,0.038462,0.039250,0.122927,75,208,0
3,66,3,0.038462,0.021784,0.101846,75,211,0
3,67,3,0.038462,0.000000,0.113361,75,223,0
3,68,3,0.038462,0.000000,0.088678,75,218,0
3,69,3,0.038462,0.000000,0.108569,75,211,0
3,70,3,0.038462,0.011612,0.096655,75,210,0
3,71,3,0.038462,0.042771,0.175335,75,220,0
3,72,3,0.038462,0.000000,0.058974,75,220,0
3,73,3,0.038462,0.000000,0.049661,75,223,0
3,74,3,0.038462,0.054130,0.151997,75,219,0
3,75,3,0.038462,0.007353,0.129782,75,224,0
3,76,3,0.038462,0.000000,0.054147,75,234,0
3,77,3,0.038462,0.014380,0.126787,75,217,0
3,78,13,0.166667,0.049661,0.191281,65,108,1
4,0,4,0.051282,0.006998,0.114729,74,220,1
4,1,4,0.051282,0.027373,0.143206,74,134,0
4,2,4,0.051282,0.027730,0.065275,74,215,1
4,3,4,0.051282,0.061593,0.184532,74,141,0
4,4,4,0.051282,0.043238,0.154530,74,202,1
4,5,4,0.051282,0.012138,0.089031,74,150,0
4,6,4,0.051282,0.023096,0.092922,74,209,0
4,7,4,0.051282,0.055745,0.149955,74,157,0
4,8,4,0.051282,0.000000,0.172437,74,195,0
4,9,4,0.051282,0.008838,0.107832,74,157,1
4,10,4,0.051282,0.042321,0.209174,74,188,0
4,11,4,0.051282,0.049574,0.209288,74,169,0
4,12,4,0.051282,0.064919,0.126031,74,142,1
4,13,4,0.051282,0.108478,0.217610,74,191,1
4,14,4,0.051282,0.025763,0.108950,74,138,0
4,15,4,0.051282,0.000000,0.136981,74,198,0
4,16,4,0.051282,0.000000,0.134046,74,132,0
4,17,4,0.051282,0.025819,0.185850,74,185,1
4,18,4,0.051282,0.000000,0.050826,74,152,0
4,19,4,0.051282,0.038205,0.057669,74,181,0
4,20,4,0.051282,0.037193,0.107841,74,146,0
4,21,4,0.051282,0.080898,0.145561,74,175,1
4,22,4,0.051282,0.071945,0.153244,74,158,1
4,23,4,0.051282,0.004210,0.103247,74,167,0
4,24,4,0.051282,0.029926,0.143119,74,160,0
4,25,4,0.051282,0.063471,0.213015,74,146,1
4,26,4,0.051282,0.074222,0.110348,74,196,1
4,27,4,0.051282,0.067080,0.121790,74,148,0
4,28,4,0.051282,0.000000,0.078395,74,192,0
4,29,4,0.051282,0.061563,0.196292,74,144,0
4,30,4,0.051282,0.009589,0.117159,74,195,1
4,31,4,0.051282,0.030389,0.080166,74,157,1
4,32,4,0.051282,0.000000,0.111535,74,187,0
4,33,4,0.051282,0.006949,0.179805,74,161,0
4,34,4,0.051282,0.055014,0.150109,74,181,1
4,35,4,0.051282,0.006303,0.130977,74,155,1
4,36,4,0.051282,0.087827,0.199362,74,187,0
4,37,4,0.051282,0.033293,0.180714,74,164,0
4,38,4,0.051282,0.023186,0.128131,74,154,1
4,39,4,0.051282,0.000896,0.171269,74,181,1
4,40,4,0.051282,0.052632,0.098573,74,146,0
4,41,4,0.051282,0.012416,0.137184,74,179,0
4,42,4,0.051282,0.031953,0.123763,74,154,0
4,43,4,0.051282,0.061100,0.133116,74,183,1
4,44,4,0.051282,0.000000,0.031691,74,149,0
4,45,4,0.051282,0.029546,0.135063,74,178,0
4,46,4,0.051282,0.048013,0.106593,74,156,0
4,47,4,0.051282,0.011988,0.074208,74,178,1
4,48,4,0.051282,0.039590,0.186672,74,158,1
4,49,4,0.051282,0.059017,0.109947,74,164,0
4,50,4,0.051282,0.034977,0.123474,74,166,0
4,51,4,0.051282,0.024356,0.203179,74,150,1
4,52,4,0.051282,0.021435,0.087502,74,143,1
4,53,4,0.051282,0.000000,0.062443,74,133,0
4,54,4,0.051282,0.002917,0.084323,74,144,0
4,55,4,0.051282,0.042625,0.111127,74,136,0
4,56,4,0.051282,0.018518,0.079966,74,145,1
4,57,4,0.051282,0.039715,0.088462,74,138,1
4,58,4,0.051282,0.028774,0.117760,74,136,0
4,59,4,0.051282,0.021978,0.073088,74,132,0
4,60,4,0.051282,0.023473,0.082991,74,141,1
4,61,4,0.051282,0.058656,0.135063,74,130,1
4,62,4,0.051282,0.070071,0.115629,74,135,0
4,63,4,0.051282,0.011988,0.038632,74,136,0
4,64,4,0.051282,0.021801,0.093994,74,137,1
4,65,3,0.038462,0.049131,0.074832,75,208,1
4,66,3,0.038462,0.002917,0.056558,75,211,0
4,67,3,0.038462,0.000000,0.071921,75,223,0
4,68,3,0.038462,0.000000,0.072159,75,218,0
4,69,3,0.038462,0.000000,0.096809,75,211,0
4,70,3,0.038462,0.028774,0.063897,75,210,1
4,71,3,0.038462,0.046500,0.130577,75,220,0
4,72,3,0.038462,0.000000,0.074197,75,220,0
4,73,3,0.038462,0.000000,0.066172,75,223,0
4,74,3,0.038462,0.049396,0.131051,75,219,1
4,75,3,0.038462,0.000000,0.112664,75,224,0
4,76,3,0.038462,0.000000,0.077481,75,234,0
4,77,3,0.038462,0.002287,0.114265,75,217,1
4,78,13,0.166667,0.032206,0.179006,65,109,0
5,0,4,0.051282,0.018664,0.095318,74,221,1
5,1,4,0.051282,0.028636,0.134338,74,134,0
5,2,4,0.051282,0.010788,0.119754,74,216,0
5,3,4,0.051282,0.040709,0.187141,74,141,0
5,4,4,0.051282,0.008094,0.135665,74,203,1
5,5,4,0.051282,0.065145,0.087898,74,150,1
5,6,4,0.051282,0.049759,0.113788,74,209,0
5,7,4,0.051282,0.068304,0.190212,74,157,0
5,8,4,0.051282,0.061587,0.173594,74,195,1
5,9,4,0.051282,0.000000,0.102728,74,158,1
5,10,4,0.051282,0.022125,0.155809,74,188,0
5,11,4,0.051282,0.041286,0.233787,74,169,0
5,12,4,0.051282,0.041621,0.104256,74,143,1
5,13,4,0.051282,0.104886,0.202147,74,192,1
5,14,4,0.051282,0.025974,0.087641,74,138,0
5,15,4,0.051282,0.000000,0.168532,74,198,0
5,16,4,0.051282,0.000000,0.084116,74,132,0
5,17,4,0.051282,0.055498,0.169110,74,186,1
5,18,4,0.051282,0.000000,0.069145,74,152,0
5,19,4,0.051282,0.027351,0.095831,74,181,0
5,20,4,0.051282,0.026652,0.101084,74,146,0
5,21,4,0.051282,0.065033,0.165600,74,176,1
5,22,4,0.051282,0.048643,0.148239,74,159,1
5,23,4,0.051282,0.003493,0.076066,74,167,0
5,24,4,0.051282,0.037352,0.132648,74,160,0
5,25,4,0.051282,0.065545,0.195776,74,147,1
5,26,4,0.051282,0.049591,0.089984,74,197,1
5,27,4,0.051282,0.072706,0.161086,74,148,0
5,28,4,0.051282,0.008599,0.073028,74,192,1
5,29,4,0.051282,0.060097,0.199619,74,144,0
5,30,4,0.051282,0.007768,0.065223,74,196,1
5,31,4,0.051282,0.002046,0.083551,74,158,0
5,32,4,0.051282,0.000000,0.107273,74,187,0
5,33,4,0.051282,0.000000,0.165744,74,161,0
5,34,4,0.051282,0.023636,0.132601,74,182,1
5,35,4,0.051282,0.028640,0.095453,74,156,0
5,36,4,0.051282,0.076355,0.204819,74,187,0
5,37,4,0.051282,0.056010,0.168557,74,164,0
5,38,4,0.051282,0.005805,0.152436,74,155,0
5,39,4,0.051282,0.000000,0.180602,74,182,0
5,40,4,0.051282,0.047054,0.104061,74,146,0
5,41,4,0.051282,0.056200,0.127790,74,179,1
5,42,4,0.051282,0.016956,0.093793,74,154,0
5,43,4,0.051282,0.039235,0.131163,74,184,0
5,44,4,0.051282,0.000000,0.046833,74,149,0
5,45,4,0.051282,0.000000,0.132713,74,178,1
5,46,4,0.051282,0.021615,0.092021,74,156,0
5,47,4,0.051282,0.005978,0.085255,74,179,0
5,48,4,0.051282,0.058630,0.183127,74,159,1
5,49,4,0.051282,0.064609,0.104024,74,164,1
5,50,4,0.051282,0.046982,0.098850,74,166,0
5,51,4,0.051282,0.032000,0.228115,74,151,1
5,52,4,0.051282,0.024636,0.076849,74,144,1
5,53,4,0.051282,0.000000,0.111537,74,133,0
5,54,4,0.051282,0.021235,0.059893,74,144,1
5,55,4,0.051282,0.047799,0.081289,74,136,1
5,56,4,0.051282,0.011798,0.038571,74,146,1
5,57,4,0.051282,0.053039,0.116514,74,139,0
5,58,4,0.051282,0.017000,0.123275,74,136,0
5,59,4,0.051282,0.023267,0.047800,74,132,1
5,60,4,0.051282,0.048820,0.068597,74,142,1
5,61,4,0.051282,0.048989,0.119431,74,131,0
5,62,4,0.051282,0.089772,0.168605,74,135,0
5,63,4,0.051282,0.005978,0.053894,74,136,0
5,64,4,0.051282,0.020589,0.119381,74,138,0
5,65,3,0.038462,0.042055,0.075292,75,209,0
5,66,3,0.038462,0.012839,0.073363,75,211,0
5,67,3,0.038462,0.013283,0.080531,75,223,1
5,68,3,0.038462,0.000000,0.063926,75,218,0
5,69,3,0.038462,0.000000,0.098559,75,211,0
5,70,3,0.038462,0.000000,0.065727,75,211,0
5,71,3,0.038462,0.047032,0.129520,75,220,1
5,72,3,0.038462,0.000000,0.088110,75,220,0
5,73,3,0.038462,0.002587,0.056738,75,223,0
5,74,3,0.038462,0.064645,0.134264,75,220,1
5,75,3,0.038462,0.007790,0.097071,75,224,1
5,76,3,0.038462,0.000000,0.096902,75,234,0
5,77,3,0.038462,0.013329,0.123242,75,218,1
5,78,13,0.166667,0.027493,0.203559,65,109,0
6,0,4,0.051282,0.031958,0.105527,74,222,1
6,1,4,0.051282,0.020812,0.145957,74,134,0
6,2,4,0.051282,0.029586,0.084215,74,216,1
6,3,4,0.051282,0.044068,0.155517,74,141,0
6,4,4,0.051282,0.000000,0.131688,74,204,0
6,5,4,0.051282,0.022756,0.073391,74,151,0
6,6,4,0.051282,0.000000,0.048201,74,209,0
6,7,4,0.051282,0.062189,0.173092,74,157,0
6,8,4,0.051282,0.039482,0.155126,74,196,1
6,9,4,0.051282,0.000000,0.078564,74,159,0
6,10,4,0.051282,0.021400,0.146013,74,188,0
6,11,4,0.051282,0.046396,0.236936,74,169,0
6,12,4,0.051282,0.069910,0.119842,74,144,1
6,13,4,0.051282,0.066834,0.230742,74,193,1
6,14,4,0.051282,0.040648,0.101766,74,138,0
6,15,4,0.051282,0.017579,0.157247,74,198,1
6,16,4,0.051282,0.000000,0.085766,74,132,0
6,17,4,0.051282,0.056724,0.180220,74,187,1
6,18,4,0.051282,0.000000,0.038300,74,152,0
6,19,4,0.051282,0.026227,0.063521,74,181,1
6,20,4,0.051282,0.025432,0.089784,74,146,0
6,21,4,0.051282,0.076885,0.147870,74,177,1
6,22,4,0.051282,0.025446,0.084979,74,160,1
6,23,4,0.051282,0.030937,0.099088,74,167,0
6,24,4,0.051282,0.021109,0.147586,74,160,0
6,25,4,0.051282,0.050658,0.170660,74,148,1
6,26,4,0.051282,0.031507,0.118076,74,198,0
6,27,4,0.051282,0.091900,0.154038,74,148,0
6,28,4,0.051282,0.008715,0.079362,74,193,0
6,29,4,0.051282,0.073963,0.204678,74,144,0
6,30,4,0.051282,0.022301,0.094928,74,197,0
6,31,4,0.051282,0.021780,0.117013,74,158,0
6,32,4,0.051282,0.000000,0.077273,74,187,0
6,33,4,0.051282,0.000000,0.192135,74,161,0
6,34,4,0.051282,0.028000,0.114902,74,183,0
6,35,4,0.051282,0.018986,0.137389,74,156,0
6,36,4,0.051282,0.063579,0.141339,74,187,0
6,37,4,0.051282,0.039284,0.140951,74,164,0
6,38,4,0.051282,0.010193,0.143673,74,155,0
6,39,4,0.051282,0.022595,0.194933,74,182,1
6,40,4,0.051282,0.038715,0.090234,74,146,1
6,41,4,0.051282,0.047031,0.182887,74,180,1
6,42,4,0.051282,0.038714,0.111152,74,154,1
6,43,4,0.051282,0.058525,0.150230,74,184,1
6,44,4,0.051282,0.000000,0.038026,74,149,0
6,45,4,0.051282,0.026177,0.144104,74,179,1
6,46,4,0.051282,0.030782,0.079282,74,156,1
6,47,4,0.051282,0.000000,0.087413,74,179,0
6,48,4,0.051282,0.051827,0.157416,74,160,1
6,49,4,0.051282,0.054048,0.104956,74,165,1
6,50,4,0.051282,0.037578,0.089830,74,166,1
6,51,4,0.051282,0.013408,0.178117,74,152,1
6,52,4,0.051282,0.039284,0.098653,74,145,0
6,53,4,0.051282,0.000932,0.104905,74,133,0
6,54,4,0.051282,0.010728,0.068026,74,145,0
6,55,4,0.051282,0.028138,0.116399,74,137,0
6,56,4,0.051282,0.018060,0.069496,74,147,0
6,57,4,0.051282,0.068276,0.129155,74,139,0
6,58,4,0.051282,0.018583,0.117107,74,136,0
6,59,4,0.051282,0.048128,0.094712,74,133,0
6,60,4,0.051282,0.010922,0.068361,74,143,0
6,61,4,0.051282,0.035062,0.144104,74,131,0
6,62,4,0.051282,0.075253,0.122429,74,135,0
6,63,4,0.051282,0.000000,0.049596,74,136,0
6,64,4,0.051282,0.040714,0.099558,74,138,0
6,65,3,0.038462,0.035280,0.096150,75,209,1
6,66,3,0.038462,0.021225,0.117092,75,211,1
6,67,3,0.038462,0.000000,0.136287,75,224,0
6,68,3,0.038462,0.000000,0.124424,75,218,0
6,69,3,0.038462,0.000000,0.143346,75,211,0
6,70,3,0.038462,0.008086,0.096391,75,211,1
6,71,3,0.038462,0.055947,0.170418,75,221,1
6,72,3,0.038462,0.000000,0.096061,75,220,0
6,73,3,0.038462,0.036188,0.115208,75,223,1
6,74,3,0.038462,0.057193,0.160916,75,221,1
6,75,3,0.038462,0.007932,0.142857,75,225,1
6,76,3,0.038462,0.000000,0.118716,75,234,0
6,77,3,0.038462,0.000000,0.142333,75,219,0
6,78,13,0.166667,0.067080,0.221850,65,109,0
7,0,4,0.051282,0.036371,0.135555,74,223,0
7,1,4,0.051282,0.045241,0.134949,74,134,1
7,2,4,0.051282,0.010791,0.119481,74,217,0
7,3,4,0.051282,0.049384,0.182017,74,141,1
7,4,4,0.051282,0.000000,0.136694,74,204,0
7,5,4,0.051282,0.033310,0.084115,74,151,0
7,6,4,0.051282,0.058025,0.083116,74,209,1
7,7,4,0.051282,0.052646,0.153484,74,157,1
7,8,4,0.051282,0.046325,0.153464,74,197,0
7,9,4,0.051282,0.000000,0.104243,74,159,0
7,10,4,0.051282,0.028671,0.168378,74,188,1
7,11,4,0.051282,0.052001,0.211145,74,169,1
7,12,4,0.051282,0.051185,0.100125,74,145,0
7,13,4,0.051282,0.084736,0.227214,74,194,0
7,14,4,0.051282,0.040930,0.101923,74,138,1
7,15,4,0.051282,0.003051,0.150590,74,199,0
7,16,4,0.051282,0.000000,0.113160,74,132,1
7,17,4,0.051282,0.060911,0.168746,74,188,0
7,18,4,0.051282,0.000000,0.070648,74,152,0
7,19,4,0.051282,0.012247,0.067519,74,182,0
7,20,4,0.051282,0.034664,0.092852,74,146,1
7,21,4,0.051282,0.046248,0.153075,74,178,0
7,22,4,0.051282,0.049806,0.163091,74,161,0
7,23,4,0.051282,0.005300,0.085018,74,167,0
7,24,4,0.051282,0.014153,0.125968,74,160,1
7,25,4,0.051282,0.067387,0.205495,74,149,0
7,26,4,0.051282,0.052930,0.102604,74,198,0
7,27,4,0.051282,0.065872,0.150049,74,148,1
7,28,4,0.051282,0.001831,0.078744,74,193,0
7,29,4,0.051282,0.066716,0.184963,74,144,1
7,30,4,0.051282,0.023860,0.103828,74,197,0
7,31,4,0.051282,0.006166,0.085257,74,158,1
7,32,4,0.051282,0.000000,0.116533,74,187,1
7,33,4,0.051282,0.000000,0.162480,74,161,1
7,34,4,0.051282,0.022667,0.112558,74,183,0
7,35,4,0.051282,0.028042,0.097641,74,156,1
7,36,4,0.051282,0.076395,0.192928,74,187,1
7,37,4,0.051282,0.048428,0.145412,74,164,1
7,38,4,0.051282,0.005791,0.103521,74,155,0
7,39,4,0.051282,0.006765,0.178615,74,183,0
7,40,4,0.051282,0.037814,0.085411,74,147,1
7,41,4,0.051282,0.055497,0.125326,74,181,0
7,42,4,0.051282,0.023860,0.129644,74,155,1
7,43,4,0.051282,0.032552,0.118638,74,185,0
7,44,4,0.051282,0.000000,0.043428,74,149,0
7,45,4,0.051282,0.014462,0.118509,74,180,0
7,46,4,0.051282,0.045305,0.094618,74,157,1
7,47,4,0.051282,0.022769,0.086217,74,179,0
7,48,4,0.051282,0.066727,0.177238,74,161,0
7,49,4,0.051282,0.065632,0.117461,74,166,0
7,50,4,0.051282,0.018436,0.097834,74,167,0
7,51,4,0.051282,0.009008,0.206838,74,153,0
7,52,4,0.051282,0.030650,0.070118,74,145,0
7,53,4,0.051282,0.009125,0.095835,74,133,1
7,54,4,0.051282,0.000000,0.079411,74,145,0
7,55,4,0.051282,0.036901,0.072891,74,137,1
7,56,4,0.051282,0.022206,0.069164,74,147,0
7,57,4,0.051282,0.044163,0.108374,74,139,1
7,58,4,0.051282,0.041597,0.122157,74,136,1
7,59,4,0.051282,0.015020,0.074342,74,133,1
7,60,4,0.051282,0.025886,0.103854,74,143,0
7,61,4,0.051282,0.040138,0.118509,74,131,1
7,62,4,0.051282,0.059246,0.117766,74,135,1
7,63,4,0.051282,0.022769,0.070552,74,136,1
7,64,4,0.051282,0.043490,0.124181,74,138,1
7,65,3,0.038462,0.033573,0.098408,75,210,0
7,66,3,0.038462,0.008444,0.083031,75,212,0
7,67,3,0.038462,0.000000,0.105669,75,224,0
7,68,3,0.038462,0.000000,0.105237,75,218,0
7,69,3,0.038462,0.000000,0.104303,75,211,0
7,70,3,0.038462,0.033153,0.093979,75,212,0
7,71,3,0.038462,0.038415,0.136682,75,222,0
7,72,3,0.038462,0.000000,0.100473,75,220,0
7,73,3,0.038462,0.019021,0.090171,75,224,0
7,74,3,0.038462,0.022277,0.153224,75,222,0
7,75,3,0.038462,0.000000,0.136009,75,226,0
7,76,3,0.038462,0.040113,0.121757,75,234,0
7,77,3,0.038462,0.019754,0.134396,75,219,0
7,78,13,0.166667,0.052382,0.214750,65,109,1
8,0,4,0.051282,0.000000,0.065876,74,223,0
8,1,4,0.051282,0.023490,0.138141,74,135,1
8,2,4,0.051282,0.044866,0.112107,74,217,0
8,3,4,0.051282,0.033119,0.134315,74,142,1
8,4,4,0.051282,0.008162,0.127470,74,204,0
8,5,4,0.051282,0.079351,0.105176,74,151,1
8,6,4,0.051282,0.000000,0.082854,74,210,0
8,7,4,0.051282,0.062948,0.166827,74,158,1
8,8,4,0.051282,0.043768,0.144554,74,197,0
8,9,4,0.051282,0.000000,0.075175,74,159,0
8,10,4,0.051282,0.011120,0.121654,74,189,1
8,11,4,0.051282,0.050203,0.221446,74,170,1
8,12,4,0.051282,0.061777,0.087560,74,145,0
8,13,4,0.051282,0.070783,0.199399,74,194,0
8,14,4,0.051282,0.009266,0.103272,74,139,1
8,15,4,0.051282,0.022493,0.195672,74,199,0
8,16,4,0.051282,0.000000,0.066568,74,133,1
8,17,4,0.051282,0.055370,0.162151,74,188,0
8,18,4,0.051282,0.000000,0.044866,74,152,1
8,19,4,0.051282,0.037818,0.108846,74,182,0
8,20,4,0.051282,0.031403,0.081373,74,147,1
8,21,4,0.051282,0.059527,0.177496,74,178,0
8,22,4,0.051282,0.003503,0.079143,74,161,0
8,23,4,0.051282,0.026237,0.097055,74,167,1
8,24,4,0.051282,0.000000,0.146212,74,161,1
8,25,4,0.051282,0.056374,0.183007,74,149,0
8,26,4,0.051282,0.058406,0.105017,74,198,0
8,27,4,0.051282,0.087391,0.167975,74,149,1
8,28,4,0.051282,0.000000,0.071293,74,193,0
8,29,4,0.051282,0.055399,0.216734,74,145,1
8,30,4,0.051282,0.000000,0.065127,74,197,0
8,31,4,0.051282,0.005441,0.113175,74,159,1
8,32,4,0.051282,0.000000,0.080405,74,188,0
8,33,4,0.051282,0.010685,0.194314,74,162,1
8,34,4,0.051282,0.029442,0.085265,74,183,0
8,35,4,0.051282,0.024054,0.141921,74,157,0
8,36,4,0.051282,0.068024,0.148429,74,188,1
8,37,4,0.051282,0.053660,0.152539,74,165,1
8,38,4,0.051282,0.011224,0.143649,74,155,0
8,39,4,0.051282,0.036153,0.195027,74,183,0
8,40,4,0.051282,0.062027,0.102521,74,148,1
8,41,4,0.051282,0.038547,0.141228,74,181,0
8,42,4,0.051282,0.033724,0.106689,74,156,1
8,43,4,0.051282,0.054428,0.148216,74,185,0
8,44,4,0.051282,0.000000,0.037554,74,149,1
8,45,4,0.051282,0.014317,0.121939,74,180,0
8,46,4,0.051282,0.000000,0.072303,74,158,1
8,47,4,0.051282,0.024989,0.120131,74,179,0
8,48,4,0.051282,0.076902,0.169946,74,161,0
8,49,4,0.051282,0.063549,0.112781,74,166,1
8,50,4,0.051282,0.053862,0.096470,74,167,1
8,51,4,0.051282,0.011649,0.226483,74,153,0
8,52,4,0.051282,0.028672,0.100003,74,145,0
8,53,4,0.051282,0.000902,0.130619,74,134,1
8,54,4,0.051282,0.015443,0.099581,74,145,0
8,55,4,0.051282,0.051336,0.112308,74,138,1
8,56,4,0.051282,0.019611,0.033724,74,147,0
8,57,4,0.051282,0.047495,0.087056,74,140,1
8,58,4,0.051282,0.022111,0.121427,74,137,0
8,59,4,0.051282,0.030797,0.097596,74,134,1
8,60,4,0.051282,0.023250,0.084520,74,143,0
8,61,4,0.051282,0.044949,0.087747,74,132,0
8,62,4,0.051282,0.079811,0.143942,74,136,1
8,63,4,0.051282,0.024989,0.098986,74,137,1
8,64,4,0.051282,0.032553,0.157950,74,139,0
8,65,3,0.038462,0.021727,0.095342,75,210,0
8,66,3,0.038462,0.004252,0.087220,75,212,1
8,67,3,0.038462,0.034193,0.091502,75,224,0
8,68,3,0.038462,0.000000,0.091388,75,218,1
8,69,3,0.038462,0.000000,0.125237,75,211,0
8,70,3,0.038462,0.033303,0.080659,75,212,1
8,71,3,0.038462,0.000000,0.135549,75,222,0
8,72,3,0.038462,0.000000,0.085965,75,220,1
8,73,3,0.038462,0.018179,0.098890,75,224,0
8,74,3,0.038462,0.011222,0.145027,75,222,0
8,75,3,0.038462,0.009881,0.120607,75,226,1
8,76,3,0.038462,0.030658,0.098907,75,234,1
8,77,3,0.038462,0.044169,0.147904,75,219,0
8,78,13,0.166667,0.043105,0.207583,65,110,0
9,0,4,0.051282,0.024768,0.104123,74,223,1
9,1,4,0.051282,0.000000,0.194714,74,136,0
9,2,4,0.051282,0.040467,0.128583,74,217,1
9,3,4,0.051282,0.063928,0.199145,74,143,0
9,4,4,0.051282,0.045797,0.158866,74,204,1
9,5,4,0.051282,0.099128,0.155899,74,152,0
9,6,4,0.051282,0.021777,0.118102,74,210,1
9,7,4,0.051282,0.048268,0.159168,74,159,0
9,8,4,0.051282,0.005013,0.124970,74,197,1
9,9,4,0.051282,0.007336,0.117766,74,159,0
9,10,4,0.051282,0.000000,0.120499,74,190,0
9,11,4,0.051282,0.040771,0.169065,74,171,0
9,12,4,0.051282,0.051527,0.089835,74,145,1
9,13,4,0.051282,0.082749,0.193654,74,194,1
9,14,4,0.051282,0.029456,0.081694,74,140,0
9,15,4,0.051282,0.046730,0.182788,74,199,1
9,16,4,0.051282,0.010739,0.086585,74,134,0
9,17,4,0.051282,0.045831,0.158262,74,188,1
9,18,4,0.051282,0.000000,0.077815,74,153,0
9,19,4,0.051282,0.046925,0.159846,74,182,1
9,20,4,0.051282,0.035931,0.106402,74,148,0
9,21,4,0.051282,0.062527,0.140212,74,178,1
9,22,4,0.051282,0.011638,0.076477,74,161,0
9,23,4,0.051282,0.049063,0.118912,74,168,0
9,24,4,0.051282,0.000000,0.103666,74,162,0
9,25,4,0.051282,0.049998,0.146644,74,149,1
9,26,4,0.051282,0.000887,0.085442,74,198,1
9,27,4,0.051282,0.083660,0.160377,74,150,0
9,28,4,0.051282,0.015571,0.064065,74,193,1
9,29,4,0.051282,0.046066,0.191937,74,146,0
9,30,4,0.051282,0.015133,0.097480,74,197,1
9,31,4,0.051282,0.000000,0.147354,74,160,0
9,32,4,0.051282,0.000000,0.080279,74,188,0
9,33,4,0.051282,0.000000,0.154121,74,163,0
9,34,4,0.051282,0.040459,0.105794,74,183,1
9,35,4,0.051282,0.053382,0.171883,74,157,0
9,36,4,0.051282,0.054700,0.143720,74,189,0
9,37,4,0.051282,0.051173,0.142340,74,166,0
9,38,4,0.051282,0.006667,0.104017,74,155,1
9,39,4,0.051282,0.030899,0.178065,74,183,1
9,40,4,0.051282,0.031543,0.078164,74,149,0
9,41,4,0.051282,0.000000,0.140584,74,181,0
9,42,4,0.051282,0.013703,0.061364,74,157,0
9,43,4,0.051282,0.032458,0.101657,74,185,1
9,44,4,0.051282,0.003067,0.071316,74,150,0
9,45,4,0.051282,0.053699,0.135906,74,180,1
9,46,4,0.051282,0.037106,0.074630,74,159,0
9,47,4,0.051282,0.013305,0.084728,74,179,1
9,48,4,0.051282,0.065574,0.152645,74,161,1
9,49,4,0.051282,0.022196,0.143723,74,167,0
9,50,4,0.051282,0.032757,0.100367,74,168,0
9,51,4,0.051282,0.016510,0.188615,74,153,1
9,52,4,0.051282,0.034470,0.068843,74,145,1
9,53,4,0.051282,0.012997,0.085978,74,135,0
9,54,4,0.051282,0.027236,0.058206,74,145,1
9,55,4,0.051282,0.035342,0.097023,74,139,0
9,56,4,0.051282,0.010874,0.050810,74,147,1
9,57,4,0.051282,0.043927,0.103798,74,141,0
9,58,4,0.051282,0.028509,0.155954,74,137,0
9,59,4,0.051282,0.020250,0.057972,74,135,0
9,60,4,0.051282,0.008164,0.087843,74,143,1
9,61,4,0.051282,0.038597,0.114492,74,132,0
9,62,4,0.051282,0.069437,0.169397,74,137,0
9,63,4,0.051282,0.013305,0.042023,74,138,0
9,64,4,0.051282,0.045077,0.082845,74,139,1
9,65,3,0.038462,0.033665,0.118695,75,210,1
9,66,3,0.038462,0.023596,0.132062,75,213,0
9,67,3,0.038462,0.021414,0.127280,75,224,1
9,68,3,0.038462,0.000000,0.115700,75,219,0
9,69,3,0.038462,0.000000,0.125948,75,211,0
9,70,3,0.038462,0.000000,0.126101,75,213,0
9,71,3,0.038462,0.028685,0.152880,75,222,1
9,72,3,0.038462,0.000000,0.089394,75,221,0
9,73,3,0.038462,0.012208,0.103911,75,224,1
9,74,3,0.038462,0.087314,0.168302,75,222,1
9,75,3,0.038462,0.009912,0.154030,75,227,0
9,76,3,0.038462,0.017979,0.123597,75,235,0
9,77,3,0.038462,0.000000,0.153098,75,219,0
9,78,13,0.166667,0.070356,0.234774,65,110,0
10,0,4,0.051282,0.033115,0.143897,74,224,0
10,1,4,0.051282,0.000000,0.176270,74,136,1
10,2,4,0.051282,0.027000,0.121301,74,218,0
10,3,4,0.051282,0.075359,0.196746,74,143,1
10,4,4,0.051282,0.038977,0.190118,74,205,0
10,5,4,0.051282,0.073632,0.147343,74,152,1
10,6,4,0.051282,0.025189,0.153948,74,211,0
10,7,4,0.051282,0.051401,0.168007,74,159,1
10,8,4,0.051282,0.015008,0.120508,74,198,0
10,9,4,0.051282,0.029442,0.144326,74,159,1
10,10,4,0.051282,0.025826,0.168895,74,190,0
10,11,4,0.051282,0.026618,0.165946,74,171,0
10,12,4,0.051282,0.053625,0.093765,74,146,1
10,13,4,0.051282,0.072991,0.184689,74,195,0
10,14,4,0.051282,0.047669,0.070074,74,140,1
10,15,4,0.051282,0.043165,0.160960,74,200,0
10,16,4,0.051282,0.020868,0.105168,74,134,1
10,17,4,0.051282,0.051663,0.148761,74,189,0
10,18,4,0.051282,0.000000,0.052189,74,153,1
10,19,4,0.051282,0.051989,0.135938,74,183,0
10,20,4,0.051282,0.042490,0.099216,74,148,1
10,21,4,0.051282,0.062359,0.151887,74,179,0
10,22,4,0.051282,0.050874,0.094283,74,161,1
10,23,4,0.051282,0.041321,0.129002,74,168,0
10,24,4,0.051282,0.000000,0.103818,74,162,0
10,25,4,0.051282,0.034953,0.169580,74,150,0
10,26,4,0.051282,0.009959,0.106078,74,199,0
10,27,4,0.051282,0.087328,0.151859,74,150,1
10,28,4,0.051282,0.000000,0.082961,74,194,0
10,29,4,0.051282,0.022001,0.174445,74,146,1
10,30,4,0.051282,0.023117,0.086600,74,198,0
10,31,4,0.051282,0.000000,0.142972,74,160,1
10,32,4,0.051282,0.000000,0.064493,74,188,0
10,33,4,0.051282,0.000000,0.167973,74,163,1
10,34,4,0.051282,0.022114,0.107029,74,184,0
10,35,4,0.051282,0.032865,0.156001,74,157,1
10,36,4,0.051282,0.043267,0.140591,74,189,0
10,37,4,0.051282,0.073869,0.163699,74,166,1
10,38,4,0.051282,0.013070,0.114360,74,156,0
10,39,4,0.051282,0.021083,0.146700,74,184,0
10,40,4,0.051282,0.035292,0.068494,74,149,0
10,41,4,0.051282,0.014621,0.123875,74,181,0
10,42,4,0.051282,0.002249,0.062394,74,157,0
10,43,4,0.051282,0.028709,0.077071,74,186,0
10,44,4,0.051282,0.000000,0.095251,74,150,0
10,45,4,0.051282,0.033197,0.136823,74,181,0
10,46,4,0.051282,0.020994,0.079900,74,159,1
10,47,4,0.051282,0.025242,0.116811,74,180,0
10,48,4,0.051282,0.013618,0.145042,74,162,0
10,49,4,0.051282,0.029494,0.128401,74,167,0
10,50,4,0.051282,0.043545,0.084907,74,168,1
10,51,4,0.051282,0.041145,0.178118,74,154,0
10,52,4,0.051282,0.029318,0.066859,74,146,1
10,53,4,0.051282,0.000000,0.099741,74,135,1
10,54,4,0.051282,0.029216,0.073284,74,146,1
10,55,4,0.051282,0.037370,0.105160,74,139,1
10,56,4,0.051282,0.000000,0.023243,74,148,0
10,57,4,0.051282,0.036547,0.075764,74,141,1
10,58,4,0.051282,0.066035,0.095982,74,137,1
10,59,4,0.051282,0.017699,0.060706,74,135,1
10,60,4,0.051282,0.034669,0.064539,74,144,0
10,61,4,0.051282,0.067412,0.121502,74,132,1
10,62,4,0.051282,0.035740,0.128453,74,137,1
10,63,4,0.051282,0.025242,0.066489,74,138,1
10,64,4,0.051282,0.015054,0.119225,74,140,0
10,65,3,0.038462,0.048716,0.102986,75,211,0
10,66,3,0.038462,0.029318,0.124151,75,213,0
10,67,3,0.038462,0.015321,0.102163,75,225,0
10,68,3,0.038462,0.000000,0.094934,75,219,0
10,69,3,0.038462,0.006653,0.120686,75,211,0
10,70,3,0.038462,0.008674,0.160867,75,213,0
10,71,3,0.038462,0.012625,0.169574,75,223,0
10,72,3,0.038462,0.000000,0.100285,75,221,0
10,73,3,0.038462,0.000102,0.108558,75,225,0
10,74,3,0.038462,0.073690,0.167391,75,223,0
10,75,3,0.038462,0.046186,0.148082,75,227,0
10,76,3,0.038462,0.000000,0.115339,75,235,0
10,77,3,0.038462,0.000000,0.126598,75,219,0
10,78,13,0.166667,0.065616,0.241286,65,110,1
11,0,4,0.051282,0.000000,0.080398,74,224,0
11,1,4,0.051282,0.000000,0.121293,74,137,0
11,2,4,0.051282,0.036468,0.099516,74,218,1
11,3,4,0.051282,0.042473,0.141545,74,144,0
11,4,4,0.051282,0.025436,0.114370,74,205,0
11,5,4,0.051282,0.072131,0.135743,74,153,0
11,6,4,0.051282,0.003233,0.116560,74,211,0
11,7,4,0.051282,0.029037,0.133599,74,160,0
11,8,4,0.051282,0.000000,0.114248,74,198,0
11,9,4,0.051282,0.028114,0.129475,74,160,0
11,10,4,0.051282,0.027211,0.172315,74,190,0
11,11,4,0.051282,0.052890,0.198319,74,171,0
11,12,4,0.051282,0.042447,0.089537,74,147,1
11,13,4,0.051282,0.078379,0.167153,74,195,1
11,14,4,0.051282,0.027385,0.084453,74,141,0
11,15,4,0.051282,0.006446,0.140301,74,200,1
11,16,4,0.051282,0.010539,0.072134,74,135,1
11,17,4,0.051282,0.037730,0.128020,74,189,1
11,18,4,0.051282,0.000000,0.052186,74,154,0
11,19,4,0.051282,0.089595,0.146978,74,183,1
11,20,4,0.051282,0.032320,0.073876,74,149,1
11,21,4,0.051282,0.070432,0.150850,74,179,1
11,22,4,0.051282,0.016314,0.095023,74,162,1
11,23,4,0.051282,0.009436,0.138045,74,168,0
11,24,4,0.051282,0.000000,0.100441,74,162,0
11,25,4,0.051282,0.085440,0.213603,74,150,1
11,26,4,0.051282,0.035500,0.098204,74,199,0
11,27,4,0.051282,0.068169,0.139379,74,151,0
11,28,4,0.051282,0.012484,0.087006,74,194,0
11,29,4,0.051282,0.056510,0.178970,74,147,0
11,30,4,0.051282,0.011198,0.087824,74,198,0
11,31,4,0.051282,0.000000,0.162437,74,161,0
11,32,4,0.051282,0.000000,0.085197,74,188,0
11,33,4,0.051282,0.000000,0.170030,74,164,0
11,34,4,0.051282,0.037242,0.108717,74,184,0
11,35,4,0.051282,0.046732,0.186998,74,158,0
11,36,4,0.051282,0.064580,0.171934,74,189,0
11,37,4,0.051282,0.068923,0.179744,74,167,0
11,38,4,0.051282,0.020752,0.094083,74,156,0
11,39,4,0.051282,0.023569,0.198338,74,184,1
11,40,4,0.051282,0.059621,0.089069,74,149,1
11,41,4,0.051282,0.030985,0.105778,74,181,1
11,42,4,0.051282,0.000658,0.073694,74,157,1
11,43,4,0.051282,0.039292,0.129535,74,186,1
11,44,4,0.051282,0.000000,0.081299,74,150,1
11,45,4,0.051282,0.035410,0.121001,74,181,1
11,46,4,0.051282,0.044306,0.095959,74,160,1
11,47,4,0.051282,0.022575,0.100781,74,180,1
11,48,4,0.051282,0.068882,0.163101,74,162,1
11,49,4,0.051282,0.052556,0.138048,74,167,1
11,50,4,0.051282,0.032091,0.125199,74,169,1
11,51,4,0.051282,0.001297,0.204175,74,154,1
11,52,4,0.051282,0.022693,0.078670,74,147,0
11,53,4,0.051282,0.009916,0.094795,74,136,0
11,54,4,0.051282,0.018391,0.085219,74,147,0
11,55,4,0.051282,0.063743,0.146857,74,140,0
11,56,4,0.051282,0.004303,0.044965,74,148,0
11,57,4,0.051282,0.027693,0.073471,74,142,0
11,58,4,0.051282,0.050424,0.139446,74,138,0
11,59,4,0.051282,0.009282,0.112698,74,136,0
11,60,4,0.051282,0.043217,0.092696,74,144,0
11,61,4,0.051282,0.046576,0.113925,74,133,0
11,62,4,0.051282,0.048097,0.133537,74,138,0
11,63,4,0.051282,0.022575,0.023872,74,139,0
11,64,4,0.051282,0.023989,0.126904,74,140,0
11,65,3,0.038462,0.033165,0.136775,75,211,1
11,66,3,0.038462,0.018391,0.104200,75,213,1
11,67,3,0.038462,0.007076,0.100725,75,225,1
11,68,3,0.038462,0.000000,0.090112,75,219,1
11,69,3,0.038462,0.050831,0.136141,75,211,1
11,70,3,0.038462,0.007207,0.131930,75,213,1
11,71,3,0.038462,0.000000,0.137384,75,223,1
11,72,3,0.038462,0.000000,0.110635,75,221,1
11,73,3,0.038462,0.000000,0.094973,75,225,1
11,74,3,0.038462,0.063357,0.161637,75,223,1
11,75,3,0.038462,0.025958,0.133680,75,227,1
11,76,3,0.038462,0.016299,0.130321,75,235,1
11,77,3,0.038462,0.000000,0.133788,75,219,1
11,78,13,0.166667,0.063116,0.222284,65,111,0
12,0,4,0.051282,0.016348,0.107285,74,224,0
12,1,4,0.051282,0.002875,0.097331,74,137,0
12,2,4,0.051282,0.028960,0.121241,74,219,0
12,3,4,0.051282,0.068222,0.133949,74,144,0
12,4,4,0.051282,0.012370,0.152702,74,205,1
12,5,4,0.051282,0.063651,0.150651,74,153,1
12,6,4,0.051282,0.051354,0.146163,74,211,0
12,7,4,0.051282,0.068813,0.137968,74,160,0
12,8,4,0.051282,0.027686,0.114835,74,198,1
12,9,4,0.051282,0.062256,0.155165,74,160,1
12,10,4,0.051282,0.022298,0.155567,74,190,0
12,11,4,0.051282,0.025228,0.163972,74,171,0
12,12,4,0.051282,0.001236,0.063828,74,148,1
12,13,4,0.051282,0.052024,0.165370,74,196,1
12,14,4,0.051282,0.036188,0.096902,74,141,1
12,15,4,0.051282,0.000000,0.136564,74,201,0
12,16,4,0.051282,0.000000,0.089456,74,136,0
12,17,4,0.051282,0.053208,0.161271,74,190,1
12,18,4,0.051282,0.018526,0.094425,74,154,1
12,19,4,0.051282,0.070338,0.174238,74,184,0
12,20,4,0.051282,0.015667,0.090150,74,150,0
12,21,4,0.051282,0.044704,0.164143,74,180,1
12,22,4,0.051282,0.001729,0.137881,74,163,1
12,23,4,0.051282,0.011176,0.144205,74,168,0
12,24,4,0.051282,0.005127,0.102255,74,162,0
12,25,4,0.051282,0.090346,0.167746,74,151,1
12,26,4,0.051282,0.051595,0.100774,74,199,0
12,27,4,0.051282,0.070037,0.131407,74,151,0
12,28,4,0.051282,0.000000,0.110156,74,194,0
12,29,4,0.051282,0.024235,0.184103,74,147,0
12,30,4,0.051282,0.009144,0.047352,74,198,1
12,31,4,0.051282,0.000000,0.116141,74,161,0
12,32,4,0.051282,0.014112,0.084485,74,188,0
12,33,4,0.051282,0.000000,0.157873,74,164,0
12,34,4,0.051282,0.040950,0.098140,74,184,1
12,35,4,0.051282,0.048330,0.154639,74,158,1
12,36,4,0.051282,0.050118,0.175566,74,189,0
12,37,4,0.051282,0.070103,0.168982,74,167,0
12,38,4,0.051282,0.032382,0.144233,74,156,1
12,39,4,0.051282,0.033580,0.179752,74,185,1
12,40,4,0.051282,0.055442,0.107956,74,150,1
12,41,4,0.051282,0.045802,0.107988,74,182,1
12,42,4,0.051282,0.009144,0.088920,74,158,0
12,43,4,0.051282,0.045290,0.095321,74,187,1
12,44,4,0.051282,0.000000,0.113222,74,151,1
12,45,4,0.051282,0.000000,0.116748,74,182,0
12,46,4,0.051282,0.022540,0.082745,74,161,0
12,47,4,0.051282,0.014671,0.088493,74,181,1
12,48,4,0.051282,0.064230,0.165804,74,163,1
12,49,4,0.051282,0.073125,0.155036,74,168,0
12,50,4,0.051282,0.054805,0.131726,74,170,0
12,51,4,0.051282,0.019261,0.165536,74,155,1
12,52,4,0.051282,0.028180,0.092766,74,147,0
12,53,4,0.051282,0.018114,0.131450,74,136,0
12,54,4,0.051282,0.028180,0.091331,74,147,0
12,55,4,0.051282,0.067366,0.126941,74,140,0
12,56,4,0.051282,0.000000,0.031684,74,148,1
12,57,4,0.051282,0.019837,0.056686,74,142,0
12,58,4,0.051282,0.070930,0.138553,74,138,0
12,59,4,0.051282,0.003719,0.059961,74,136,0
12,60,4,0.051282,0.032651,0.087045,74,144,1
12,61,4,0.051282,0.048580,0.112752,74,133,1
12,62,4,0.051282,0.030644,0.150105,74,138,0
12,63,4,0.051282,0.014671,0.033932,74,139,0
12,64,4,0.051282,0.025743,0.170368,74,140,1
12,65,3,0.038462,0.048071,0.126042,75,212,1
12,66,3,0.038462,0.028180,0.096923,75,214,1
12,67,3,0.038462,0.003996,0.078513,75,226,1
12,68,3,0.038462,0.000000,0.068742,75,220,0
12,69,3,0.038462,0.000000,0.111647,75,212,1
12,70,3,0.038462,0.007709,0.139672,75,214,1
12,71,3,0.038462,0.006888,0.108979,75,224,0
12,72,3,0.038462,0.000000,0.073213,75,222,0
12,73,3,0.038462,0.000000,0.058952,75,226,1
12,74,3,0.038462,0.066614,0.142136,75,224,1
12,75,3,0.038462,0.032739,0.114885,75,228,0
12,76,3,0.038462,0.009699,0.098955,75,236,0
12,77,3,0.038462,0.000000,0.085877,75,220,1
12,78,13,0.166667,0.040562,0.203896,65,111,0
13,0,4,0.051282,0.067105,0.153505,74,224,0
13,1,4,0.051282,0.036380,0.153312,74,137,1
13,2,4,0.051282,0.014465,0.120164,74,219,0
13,3,4,0.051282,0.074486,0.160425,74,144,1
13,4,4,0.051282,0.028565,0.156584,74,206,0
13,5,4,0.051282,0.048828,0.152320,74,154,1
13,6,4,0.051282,0.022425,0.113007,74,211,0
13,7,4,0.051282,0.054602,0.133050,74,160,1
13,8,4,0.051282,0.006561,0.105374,74,199,0
13,9,4,0.051282,0.052155,0.140028,74,161,1
13,10,4,0.051282,0.041839,0.124548,74,190,0
13,11,4,0.051282,0.030961,0.132176,74,171,1
13,12,4,0.051282,0.000000,0.072800,74,149,0
13,13,4,0.051282,0.032077,0.176638,74,197,0
13,14,4,0.051282,0.034956,0.126077,74,142,0
13,15,4,0.051282,0.039666,0.139753,74,201,0
13,16,4,0.051282,0.007684,0.147286,74,136,0
13,17,4,0.051282,0.032678,0.146616,74,191,0
13,18,4,0.051282,0.000000,0.066730,74,155,0
13,19,4,0.051282,0.075764,0.152875,74,184,0
13,20,4,0.051282,0.019811,0.096525,74,150,0
13,21,4,0.051282,0.065246,0.130412,74,181,0
13,22,4,0.051282,0.012024,0.103031,74,164,0
13,23,4,0.051282,0.000000,0.153853,74,168,0
13,24,4,0.051282,0.000000,0.092798,74,162,0
13,25,4,0.051282,0.060369,0.150735,74,152,0
13,26,4,0.051282,0.020348,0.114280,74,199,1
13,27,4,0.051282,0.048245,0.100252,74,151,1
13,28,4,0.051282,0.024158,0.087182,74,194,1
13,29,4,0.051282,0.017528,0.099350,74,147,1
13,30,4,0.051282,0.031268,0.088289,74,199,1
13,31,4,0.051282,0.006300,0.163985,74,161,1
13,32,4,0.051282,0.005681,0.066730,74,188,1
13,33,4,0.051282,0.000000,0.142231,74,164,1
13,34,4,0.051282,0.030131,0.090188,74,185,1
13,35,4,0.051282,0.045592,0.185206,74,159,1
13,36,4,0.051282,0.033085,0.143362,74,189,1
13,37,4,0.051282,0.044849,0.158979,74,167,1
13,38,4,0.051282,0.056106,0.125546,74,157,1
13,39,4,0.051282,0.000119,0.109061,74,186,0
13,40,4,0.051282,0.044955,0.121173,74,151,0
13,41,4,0.051282,0.028391,0.130606,74,183,0
13,42,4,0.051282,0.026684,0.094994,74,158,0
13,43,4,0.051282,0.034477,0.082172,74,188,0
13,44,4,0.051282,0.007271,0.140641,74,152,0
13,45,4,0.051282,0.020164,0.169952,74,182,0
13,46,4,0.051282,0.034109,0.083780,74,161,0
13,47,4,0.051282,0.009830,0.085386,74,182,0
13,48,4,0.051282,0.047435,0.119406,74,164,0
13,49,4,0.051282,0.089278,0.173360,74,168,0
13,50,4,0.051282,0.036268,0.120261,74,170,0
13,51,4,0.051282,0.023534,0.099560,74,156,0
13,52,4,0.051282,0.034710,0.097681,74,147,1
13,53,4,0.051282,0.009352,0.088281,74,136,1
13,54,4,0.051282,0.041957,0.110363,74,147,1
13,55,4,0.051282,0.033937,0.081732,74,140,1
13,56,4,0.051282,0.008668,0.060794,74,149,1
13,57,4,0.051282,0.066709,0.084088,74,142,1
13,58,4,0.051282,0.068844,0.142283,74,138,1
13,59,4,0.051282,0.030707,0.044307,74,136,1
13,60,4,0.051282,0.013713,0.086812,74,145,1
13,61,4,0.051282,0.051351,0.157318,74,134,1
13,62,4,0.051282,0.011795,0.126450,74,138,1
13,63,4,0.051282,0.009830,0.033364,74,139,1
13,64,4,0.051282,0.020310,0.166959,74,141,1
13,65,3,0.038462,0.047137,0.110280,75,213,0
13,66,3,0.038462,0.026041,0.143657,75,215,0
13,67,3,0.038462,0.012634,0.143052,75,227,0
13,68,3,0.038462,0.000000,0.110369,75,220,0
13,69,3,0.038462,0.000000,0.131634,75,213,0
13,70,3,0.038462,0.032096,0.177792,75,215,0
13,71,3,0.038462,0.022898,0.185051,75,224,0
13,72,3,0.038462,0.000000,0.089372,75,222,0
13,73,3,0.038462,0.000000,0.107527,75,227,0
13,74,3,0.038462,0.055482,0.147630,75,225,0
13,75,3,0.038462,0.024978,0.138652,75,228,0
13,76,3,0.038462,0.016435,0.101014,75,236,0
13,77,3,0.038462,0.000000,0.088616,75,221,0
13,78,13,0.166667,0.066990,0.237700,65,111,1
14,0,4,0.051282,0.086116,0.186900,74,224,1
14,1,4,0.051282,0.031038,0.174117,74,138,0
14,2,4,0.051282,0.031041,0.107992,74,219,1
14,3,4,0.051282,0.073047,0.196716,74,145,0
14,4,4,0.051282,0.037013,0.171305,74,206,1
14,5,4,0.051282,0.018837,0.135521,74,155,0
14,6,4,0.051282,0.010284,0.128278,74,211,0
14,7,4,0.051282,0.052897,0.162163,74,161,0
14,8,4,0.051282,0.030321,0.139055,74,199,1
14,9,4,0.051282,0.059564,0.157728,74,162,0
14,10,4,0.051282,0.077841,0.198327,74,190,0
14,11,4,0.051282,0.036774,0.174381,74,172,0
14,12,4,0.051282,0.012500,0.144899,74,149,1
14,13,4,0.051282,0.032367,0.162071,74,197,1
14,14,4,0.051282,0.056554,0.161717,74,142,0
14,15,4,0.051282,0.024592,0.104480,74,201,1
14,16,4,0.051282,0.026261,0.155010,74,136,0
14,17,4,0.051282,0.041219,0.139348,74,191,1
14,18,4,0.051282,0.001564,0.070739,74,155,0
14,19,4,0.051282,0.069604,0.099248,74,184,1
14,20,4,0.051282,0.019100,0.103631,74,150,0
14,21,4,0.051282,0.053610,0.145421,74,181,1
14,22,4,0.051282,0.048313,0.102981,74,164,1
14,23,4,0.051282,0.000000,0.132104,74,168,0
14,24,4,0.051282,0.030285,0.111599,74,162,0
14,25,4,0.051282,0.077950,0.185222,74,152,1
14,26,4,0.051282,0.015146,0.137462,74,200,1
14,27,4,0.051282,0.044582,0.073926,74,152,0
14,28,4,0.051282,0.029414,0.127843,74,195,1
14,29,4,0.051282,0.013404,0.096893,74,148,0
14,30,4,0.051282,0.016735,0.084979,74,200,1
14,31,4,0.051282,0.010023,0.151033,74,162,0
14,32,4,0.051282,0.000000,0.083239,74,189,0
14,33,4,0.051282,0.000000,0.137558,74,165,0
14,34,4,0.051282,0.019562,0.112292,74,186,1
14,35,4,0.051282,0.010824,0.167036,74,160,0
14,36,4,0.051282,0.014857,0.164523,74,190,0
14,37,4,0.051282,0.055751,0.179840,74,168,0
14,38,4,0.051282,0.049216,0.120018,74,158,1
14,39,4,0.051282,0.000000,0.105215,74,186,0
14,40,4,0.051282,0.045765,0.096297,74,151,0
14,41,4,0.051282,0.016966,0.109662,74,183,0
14,42,4,0.051282,0.008881,0.044407,74,158,0
14,43,4,0.051282,0.023306,0.069884,74,188,0
14,44,4,0.051282,0.023960,0.135031,74,152,0
14,45,4,0.051282,0.039871,0.139825,74,182,0
14,46,4,0.051282,0.030736,0.081794,74,161,0
14,47,4,0.051282,0.019422,0.084723,74,182,0
14,48,4,0.051282,0.009403,0.105688,74,164,0
14,49,4,0.051282,0.057562,0.124260,74,168,0
14,50,4,0.051282,0.032171,0.112870,74,170,0
14,51,4,0.051282,0.028858,0.115858,74,156,0
14,52,4,0.051282,0.011122,0.073347,74,148,1
14,53,4,0.051282,0.000299,0.066188,74,137,1
14,54,4,0.051282,0.040615,0.101994,74,148,1
14,55,4,0.051282,0.046930,0.072528,74,141,1
14,56,4,0.051282,0.001404,0.046476,74,150,1
14,57,4,0.051282,0.054758,0.077869,74,143,1
14,58,4,0.051282,0.065002,0.126355,74,139,1
14,59,4,0.051282,0.009550,0.045125,74,137,1
14,60,4,0.051282,0.044093,0.083743,74,146,1
14,61,4,0.051282,0.064220,0.139825,74,135,1
14,62,4,0.051282,0.025828,0.110827,74,139,1
14,63,4,0.051282,0.019422,0.050677,74,140,1
14,64,4,0.051282,0.000000,0.131930,74,142,1
14,65,3,0.038462,0.049222,0.112316,75,213,0
14,66,3,0.038462,0.011842,0.116823,75,215,0
14,67,3,0.038462,0.000000,0.120144,75,227,0
14,68,3,0.038462,0.006858,0.077613,75,220,0
14,69,3,0.038462,0.000000,0.121567,75,213,0
14,70,3,0.038462,0.020426,0.170704,75,215,0
14,71,3,0.038462,0.021032,0.184065,75,224,0
14,72,3,0.038462,0.000000,0.110583,75,222,0
14,73,3,0.038462,0.002397,0.094059,75,227,0
14,74,3,0.038462,0.072566,0.155917,75,225,0
14,75,3,0.038462,0.021361,0.129307,75,228,0
14,76,3,0.038462,0.020835,0.109179,75,236,0
14,77,3,0.038462,0.000000,0.110337,75,221,0
14,78,13,0.166667,0.065087,0.226540,65,112,1
15,0,4,0.051282,0.071245,0.146817,74,225,1
15,1,4,0.051282,0.008463,0.116053,74,138,0
15,2,4,0.051282,0.035122,0.074853,74,220,1
15,3,4,0.051282,0.066471,0.168474,74,145,0
15,4,4,0.051282,0.019517,0.165307,74,207,1
15,5,4,0.051282,0.005620,0.106932,74,155,0
15,6,4,0.051282,0.014995,0.160600,74,211,0
15,7,4,0.051282,0.066182,0.160527,74,161,0
15,8,4,0.051282,0.040947,0.135336,74,200,1
15,9,4,0.051282,0.089419,0.154980,74,162,1
15,10,4,0.051282,0.083169,0.226963,74,190,0
15,11,4,0.051282,0.032587,0.166508,74,172,0
15,12,4,0.051282,0.008241,0.152324,74,150,1
15,13,4,0.051282,0.009687,0.148395,74,198,1
15,14,4,0.051282,0.039228,0.148529,74,142,0
15,15,4,0.051282,0.000000,0.096346,74,202,1
15,16,4,0.051282,0.032654,0.109496,74,136,0
15,17,4,0.051282,0.068026,0.158926,74,192,1
15,18,4,0.051282,0.021541,0.078854,74,155,0
15,19,4,0.051282,0.056815,0.130114,74,185,0
15,20,4,0.051282,0.000000,0.083375,74,150,0
15,21,4,0.051282,0.032038,0.163105,74,182,1
15,22,4,0.051282,0.044020,0.127491,74,165,1
15,23,4,0.051282,0.000000,0.115653,74,168,0
15,24,4,0.051282,0.036567,0.090092,74,162,0
15,25,4,0.051282,0.085282,0.204110,74,153,1
15,26,4,0.051282,0.018735,0.126396,74,201,0
15,27,4,0.051282,0.047188,0.089190,74,152,0
15,28,4,0.051282,0.023428,0.134270,74,196,0
15,29,4,0.051282,0.026273,0.145045,74,148,0
15,30,4,0.051282,0.000000,0.062668,74,201,0
15,31,4,0.051282,0.035075,0.140942,74,162,0
15,32,4,0.051282,0.005309,0.100202,74,189,0
15,33,4,0.051282,0.000000,0.151558,74,165,0
15,34,4,0.051282,0.022911,0.100932,74,187,0
15,35,4,0.051282,0.000000,0.133674,74,160,0
15,36,4,0.051282,0.024017,0.186965,74,190,0
15,37,4,0.051282,0.064336,0.180073,74,168,0
15,38,4,0.051282,0.017993,0.106573,74,159,0
15,39,4,0.051282,0.036580,0.127391,74,186,1
15,40,4,0.051282,0.054513,0.102624,74,151,1
15,41,4,0.051282,0.042924,0.149827,74,183,1
15,42,4,0.051282,0.000000,0.039527,74,158,1
15,43,4,0.051282,0.030752,0.069626,74,188,1
15,44,4,0.051282,0.018988,0.124072,74,152,1
15,45,4,0.051282,0.041203,0.124989,74,182,1
15,46,4,0.051282,0.030014,0.075485,74,161,1
15,47,4,0.051282,0.020742,0.087807,74,182,1
15,48,4,0.051282,0.015653,0.118931,74,164,1
15,49,4,0.051282,0.035656,0.066144,74,168,1
15,50,4,0.051282,0.034351,0.096648,74,170,1
15,51,4,0.051282,0.042010,0.152360,74,156,1
15,52,4,0.051282,0.011466,0.075728,74,149,0
15,53,4,0.051282,0.013306,0.115000,74,138,0
15,54,4,0.051282,0.048995,0.091727,74,149,0
15,55,4,0.051282,0.040625,0.102828,74,142,0
15,56,4,0.051282,0.009326,0.049090,74,151,0
15,57,4,0.051282,0.054259,0.132257,74,144,0
15,58,4,0.051282,0.046340,0.129647,74,140,0
15,59,4,0.051282,0.002728,0.051495,74,138,0
15,60,4,0.051282,0.043248,0.089246,74,147,0
15,61,4,0.051282,0.035656,0.124989,74,136,0
15,62,4,0.051282,0.043265,0.136583,74,140,0
15,63,4,0.051282,0.020742,0.062753,74,141,0
15,64,4,0.051282,0.012496,0.094887,74,143,0
15,65,3,0.038462,0.035496,0.117472,75,213,1
15,66,3,0.038462,0.002140,0.124004,75,215,1
15,67,3,0.038462,0.000000,0.131107,75,227,1
15,68,3,0.038462,0.019076,0.084335,75,220,1
15,69,3,0.038462,0.000000,0.106895,75,213,1
15,70,3,0.038462,0.016086,0.158877,75,215,1
15,71,3,0.038462,0.048131,0.153457,75,224,1
15,72,3,0.038462,0.000000,0.116117,75,222,1
15,73,3,0.038462,0.000000,0.087013,75,227,1
15,74,3,0.038462,0.078920,0.153147,75,225,1
15,75,3,0.038462,0.000000,0.111694,75,228,1
15,76,3,0.038462,0.024881,0.119286,75,236,1
15,77,3,0.038462,0.000000,0.127549,75,221,1
15,78,13,0.166667,0.063542,0.224729,65,113,0
16,0,4,0.051282,0.056155,0.151874,74,226,1
16,1,4,0.051282,0.022547,0.129235,74,138,0
16,2,4,0.051282,0.039265,0.142691,74,221,1
16,3,4,0.051282,0.040129,0.170312,74,145,0
16,4,4,0.051282,0.028504,0.134869,74,208,1
16,5,4,0.051282,0.008117,0.140526,74,155,0
16,6,4,0.051282,0.049679,0.177788,74,211,1
16,7,4,0.051282,0.047432,0.120688,74,161,0
16,8,4,0.051282,0.000238,0.133529,74,201,0
16,9,4,0.051282,0.045950,0.169671,74,163,0
16,10,4,0.051282,0.063097,0.176290,74,190,1
16,11,4,0.051282,0.044033,0.117101,74,172,1
16,12,4,0.051282,0.021737,0.154506,74,151,0
16,13,4,0.051282,0.033815,0.128247,74,199,1
16,14,4,0.051282,0.041891,0.152989,74,142,0
16,15,4,0.051282,0.000000,0.098001,74,203,0
16,16,4,0.051282,0.047308,0.113226,74,136,0
16,17,4,0.051282,0.051839,0.113541,74,193,1
16,18,4,0.051282,0.070137,0.135143,74,155,0
16,19,4,0.051282,0.051582,0.108048,74,185,1
16,20,4,0.051282,0.000000,0.076059,74,150,0
16,21,4,0.051282,0.040106,0.142955,74,183,0
16,22,4,0.051282,0.053583,0.165371,74,166,0
16,23,4,0.051282,0.005312,0.129288,74,168,1
16,24,4,0.051282,0.042064,0.099065,74,162,1
16,25,4,0.051282,0.055020,0.192164,74,154,0
16,26,4,0.051282,0.026698,0.122597,74,201,1
16,27,4,0.051282,0.043314,0.080869,74,152,0
16,28,4,0.051282,0.030871,0.158429,74,196,1
16,29,4,0.051282,0.022257,0.125137,74,148,0
16,30,4,0.051282,0.001870,0.095722,74,201,0
16,31,4,0.051282,0.024022,0.116024,74,162,0
16,32,4,0.051282,0.015327,0.156121,74,189,1
16,33,4,0.051282,0.003723,0.132107,74,165,0
16,34,4,0.051282,0.045447,0.102757,74,187,0
16,35,4,0.051282,0.029958,0.139955,74,160,0
16,36,4,0.051282,0.037267,0.165744,74,190,1
16,37,4,0.051282,0.047766,0.146647,74,168,1
16,38,4,0.051282,0.031642,0.112228,74,159,0
16,39,4,0.051282,0.013099,0.127363,74,187,1
16,40,4,0.051282,0.033399,0.138331,74,152,0
16,41,4,0.051282,0.033955,0.125526,74,184,1
16,42,4,0.051282,0.000000,0.077287,74,159,0
16,43,4,0.051282,0.026383,0.073297,74,189,1
16,44,4,0.051282,0.013003,0.113382,74,153,0
16,45,4,0.051282,0.030488,0.146519,74,183,1
16,46,4,0.051282,0.048414,0.101811,74,162,1
16,47,4,0.051282,0.013778,0.068437,74,183,0
16,48,4,0.051282,0.019399,0.101992,74,165,0
16,49,4,0.051282,0.052573,0.121292,74,169,1
16,50,4,0.051282,0.012279,0.125228,74,171,1
16,51,4,0.051282,0.037743,0.127123,74,157,0
16,52,4,0.051282,0.034666,0.101261,74,149,0
16,53,4,0.051282,0.017644,0.100137,74,138,0
16,54,4,0.051282,0.046096,0.067014,74,149,1
16,55,4,0.051282,0.044148,0.092566,74,142,0
16,56,4,0.051282,0.014054,0.095664,74,151,0
16,57,4,0.051282,0.040546,0.106808,74,144,0
16,58,4,0.051282,0.021087,0.088639,74,140,0
16,59,4,0.051282,0.003170,0.040161,74,138,0
16,60,4,0.051282,0.040439,0.060693,74,147,0
16,61,4,0.051282,0.051992,0.139884,74,136,0
16,62,4,0.051282,0.028311,0.118648,74,140,0
16,63,4,0.051282,0.013778,0.056789,74,141,1
16,64,4,0.051282,0.007699,0.079310,74,143,0
16,65,3,0.038462,0.053083,0.129789,75,214,1
16,66,3,0.038462,0.020612,0.148759,75,216,0
16,67,3,0.038462,0.000000,0.126187,75,228,0
16,68,3,0.038462,0.047249,0.116717,75,221,1
16,69,3,0.038462,0.000000,0.115314,75,214,0
16,70,3,0.038462,0.000000,0.135180,75,216,0
16,71,3,0.038462,0.042366,0.160535,75,225,1
16,72,3,0.038462,0.000000,0.122490,75,223,0
16,73,3,0.038462,0.000000,0.084944,75,228,0
16,74,3,0.038462,0.056238,0.117395,75,226,1
16,75,3,0.038462,0.014457,0.127688,75,229,1
16,76,3,0.038462,0.000000,0.116135,75,237,0
16,77,3,0.038462,0.005268,0.110086,75,222,0
16,78,13,0.166667,0.067997,0.239274,65,113,0
17,0,4,0.051282,0.084665,0.178706,74,227,0
17,1,4,0.051282,0.011722,0.131086,74,138,1
17,2,4,0.051282,0.025663,0.131601,74,222,0
17,3,4,0.051282,0.038738,0.185260,74,145,1
17,4,4,0.051282,0.013552,0.157901,74,209,0
17,5,4,0.051282,0.000000,0.113584,74,155,0
17,6,4,0.051282,0.033493,0.171693,74,212,0
17,7,4,0.051282,0.052729,0.148271,74,161,1
17,8,4,0.051282,0.008698,0.131076,74,201,0
17,9,4,0.051282,0.084672,0.181153,74,163,1
17,10,4,0.051282,0.065713,0.181877,74,191,0
17,11,4,0.051282,0.038345,0.136685,74,173,1
17,12,4,0.051282,0.000000,0.171579,74,151,0
17,13,4,0.051282,0.020758,0.104705,74,200,0
17,14,4,0.051282,0.061813,0.158107,74,142,1
17,15,4,0.051282,0.000000,0.072939,74,203,0
17,16,4,0.051282,0.066434,0.134370,74,136,1
17,17,4,0.051282,0.066284,0.126175,74,194,0
17,18,4,0.051282,0.058066,0.111538,74,155,1
17,19,4,0.051282,0.054428,0.123120,74,186,0
17,20,4,0.051282,0.000000,0.062546,74,150,0
17,21,4,0.051282,0.059736,0.167982,74,183,0
17,22,4,0.051282,0.028954,0.134389,74,166,1
17,23,4,0.051282,0.027519,0.154360,74,169,0
17,24,4,0.051282,0.040002,0.077295,74,163,0
17,25,4,0.051282,0.068250,0.172327,74,154,0
17,26,4,0.051282,0.015375,0.160650,74,202,0
17,27,4,0.051282,0.043380,0.069576,74,152,1
17,28,4,0.051282,0.032403,0.157629,74,197,0
17,29,4,0.051282,0.010866,0.141288,74,148,1
17,30,4,0.051282,0.020777,0.103844,74,201,0
17,31,4,0.051282,0.017838,0.113469,74,162,1
17,32,4,0.051282,0.019980,0.107235,74,190,0
17,33,4,0.051282,0.023842,0.170358,74,165,1
17,34,4,0.051282,0.019519,0.092948,74,187,1
17,35,4,0.051282,0.020610,0.149013,74,160,1
17,36,4,0.051282,0.015204,0.141692,74,191,0
17,37,4,0.051282,0.053065,0.183636,74,169,1
17,38,4,0.051282,0.049078,0.103963,74,159,1
17,39,4,0.051282,0.035937,0.107932,74,188,0
17,40,4,0.051282,0.032403,0.115074,74,152,0
17,41,4,0.051282,0.012881,0.125627,74,185,0
17,42,4,0.051282,0.000000,0.075389,74,159,0
17,43,4,0.051282,0.018309,0.075004,74,190,0
17,44,4,0.051282,0.005347,0.124633,74,153,0
17,45,4,0.051282,0.046160,0.131101,74,184,0
17,46,4,0.051282,0.037411,0.088444,74,163,0
17,47,4,0.051282,0.026029,0.097029,74,183,0
17,48,4,0.051282,0.014868,0.098853,74,165,0
17,49,4,0.051282,0.020906,0.120706,74,170,0
17,50,4,0.051282,0.015536,0.118264,74,172,0
17,51,4,0.051282,0.029620,0.115735,74,157,0
17,52,4,0.051282,0.031371,0.084090,74,149,1
17,53,4,0.051282,0.013391,0.096611,74,138,1
17,54,4,0.051282,0.035924,0.078631,74,150,1
17,55,4,0.051282,0.040296,0.080453,74,142,1
17,56,4,0.051282,0.007865,0.065592,74,151,1
17,57,4,0.051282,0.051019,0.110060,74,144,1
17,58,4,0.051282,0.036326,0.092748,74,140,1
17,59,4,0.051282,0.000000,0.045154,74,138,0
17,60,4,0.051282,0.040283,0.081820,74,147,1
17,61,4,0.051282,0.041634,0.108699,74,136,1
17,62,4,0.051282,0.027343,0.099670,74,140,1
17,63,4,0.051282,0.020122,0.055673,74,142,1
17,64,4,0.051282,0.009385,0.078331,74,143,1
17,65,3,0.038462,0.025392,0.130586,75,215,0
17,66,3,0.038462,0.023506,0.144194,75,216,0
17,67,3,0.038462,0.022401,0.141309,75,228,0
17,68,3,0.038462,0.028181,0.116135,75,222,0
17,69,3,0.038462,0.000816,0.117195,75,214,0
17,70,3,0.038462,0.017374,0.149148,75,216,0
17,71,3,0.038462,0.028618,0.169552,75,226,0
17,72,3,0.038462,0.000000,0.125046,75,223,0
17,73,3,0.038462,0.000000,0.097021,75,228,0
17,74,3,0.038462,0.055159,0.140568,75,227,0
17,75,3,0.038462,0.013016,0.127917,75,230,0
17,76,3,0.038462,0.028874,0.126566,75,237,0
17,77,3,0.038462,0.000024,0.124364,75,222,0
17,78,13,0.166667,0.076899,0.243361,65,113,1
18,0,4,0.051282,0.093266,0.152707,74,227,1
18,1,4,0.051282,0.000000,0.111518,74,139,0
18,2,4,0.051282,0.004920,0.109717,74,222,0
18,3,4,0.051282,0.036780,0.173452,74,146,0
18,4,4,0.051282,0.000000,0.168704,74,209,1
18,5,4,0.051282,0.026614,0.095306,74,155,1
18,6,4,0.051282,0.023999,0.150704,74,212,0
18,7,4,0.051282,0.062389,0.133159,74,162,0
18,8,4,0.051282,0.011212,0.129344,74,201,1
18,9,4,0.051282,0.061363,0.182113,74,164,1
18,10,4,0.051282,0.083049,0.196039,74,191,0
18,11,4,0.051282,0.018886,0.174074,74,174,0
18,12,4,0.051282,0.021831,0.159572,74,151,1
18,13,4,0.051282,0.012441,0.103528,74,200,0
18,14,4,0.051282,0.046392,0.138838,74,143,0
18,15,4,0.051282,0.000891,0.090731,74,203,0
18,16,4,0.051282,0.069535,0.135550,74,137,0
18,17,4,0.051282,0.067745,0.118716,74,194,1
18,18,4,0.051282,0.036711,0.096834,74,156,1
18,19,4,0.051282,0.065497,0.134027,74,186,0
18,20,4,0.051282,0.000000,0.059970,74,150,0
18,21,4,0.051282,0.054202,0.149042,74,183,1
18,22,4,0.051282,0.026016,0.165300,74,167,1
18,23,4,0.051282,0.009568,0.151758,74,169,0
18,24,4,0.051282,0.048069,0.087809,74,163,0
18,25,4,0.051282,0.086829,0.191831,74,154,1
18,26,4,0.051282,0.008860,0.147719,74,202,1
18,27,4,0.051282,0.047201,0.045572,74,153,1
18,28,4,0.051282,0.031792,0.125126,74,197,0
18,29,4,0.051282,0.019547,0.123679,74,149,0
18,30,4,0.051282,0.033423,0.119024,74,201,1
18,31,4,0.051282,0.016917,0.136059,74,163,1
18,32,4,0.051282,0.036124,0.109097,74,190,0
18,33,4,0.051282,0.000000,0.177038,74,166,0
18,34,4,0.051282,0.015335,0.097558,74,188,1
18,35,4,0.051282,0.029134,0.173705,74,161,1
18,36,4,0.051282,0.022129,0.155801,74,191,0
18,37,4,0.051282,0.067767,0.178976,74,170,0
18,38,4,0.051282,0.039430,0.099317,74,160,1
18,39,4,0.051282,0.019530,0.095793,74,188,0
18,40,4,0.051282,0.031792,0.132163,74,152,0
18,41,4,0.051282,0.012711,0.124182,74,185,0
18,42,4,0.051282,0.000000,0.078191,74,159,0
18,43,4,0.051282,0.023963,0.068305,74,190,1
18,44,4,0.051282,0.010231,0.144116,74,153,0
18,45,4,0.051282,0.056961,0.169336,74,184,0
18,46,4,0.051282,0.049489,0.092754,74,163,0
18,47,4,0.051282,0.031129,0.102172,74,183,1
18,48,4,0.051282,0.036139,0.090027,74,165,1
18,49,4,0.051282,0.041679,0.131785,74,170,0
18,50,4,0.051282,0.000000,0.098761,74,172,0
18,51,4,0.051282,0.006817,0.115766,74,157,1
18,52,4,0.051282,0.035907,0.089813,74,150,1
18,53,4,0.051282,0.000000,0.085097,74,139,0
18,54,4,0.051282,0.055604,0.095378,74,151,1
18,55,4,0.051282,0.029045,0.076311,74,143,0
18,56,4,0.051282,0.000000,0.071602,74,152,1
18,57,4,0.051282,0.060065,0.109551,74,145,1
18,58,4,0.051282,0.020596,0.097110,74,141,0
18,59,4,0.051282,0.019713,0.067383,74,138,0
18,60,4,0.051282,0.043996,0.071389,74,148,1
18,61,4,0.051282,0.063221,0.141676,74,137,1
18,62,4,0.051282,0.011178,0.076248,74,141,0
18,63,4,0.051282,0.014692,0.050237,74,143,0
18,64,4,0.051282,0.000000,0.086774,74,144,1
18,65,3,0.038462,0.032818,0.101339,75,215,1
18,66,3,0.038462,0.035907,0.163805,75,216,0
18,67,3,0.038462,0.020038,0.132358,75,228,0
18,68,3,0.038462,0.022114,0.108201,75,222,0
18,69,3,0.038462,0.000000,0.121051,75,214,1
18,70,3,0.038462,0.017448,0.148494,75,216,0
18,71,3,0.038462,0.019842,0.195579,75,226,0
18,72,3,0.038462,0.000000,0.116290,75,223,0
18,73,3,0.038462,0.012291,0.106698,75,228,1
18,74,3,0.038462,0.033292,0.104068,75,227,1
18,75,3,0.038462,0.023194,0.135515,75,230,0
18,76,3,0.038462,0.021900,0.116290,75,237,0
18,77,3,0.038462,0.000000,0.098164,75,222,1
18,78,13,0.166667,0.072294,0.238844,65,114,0
19,0,4,0.051282,0.077593,0.175181,74,228,0
19,1,4,0.051282,0.030816,0.147137,74,139,1
19,2,4,0.051282,0.032523,0.172115,74,222,0
19,3,4,0.051282,0.060827,0.184805,74,146,1
19,4,4,0.051282,0.033186,0.150431,74,210,0
19,5,4,0.051282,0.045376,0.158420,74,156,1
19,6,4,0.051282,0.040000,0.162334,74,212,0
19,7,4,0.051282,0.024286,0.160075,74,162,0
19,8,4,0.051282,0.036544,0.139350,74,202,1
19,9,4,0.051282,0.053454,0.193038,74,165,1
19,10,4,0.051282,0.049935,0.145734,74,191,0
19,11,4,0.051282,0.067930,0.168141,74,174,0
19,12,4,0.051282,0.027053,0.153985,74,152,1
19,13,4,0.051282,0.037020,0.131717,74,200,0
19,14,4,0.051282,0.046441,0.127075,74,143,1
19,15,4,0.051282,0.000000,0.113559,74,203,0
19,16,4,0.051282,0.037097,0.140853,74,137,1
19,17,4,0.051282,0.037005,0.129191,74,195,0
19,18,4,0.051282,0.049482,0.113580,74,157,1
19,19,4,0.051282,0.085897,0.161571,74,186,0
19,20,4,0.051282,0.028221,0.116824,74,150,0
19,21,4,0.051282,0.053340,0.137466,74,184,1
19,22,4,0.051282,0.014023,0.144569,74,168,1
19,23,4,0.051282,0.017207,0.140949,74,169,0
19,24,4,0.051282,0.018913,0.108072,74,163,0
19,25,4,0.051282,0.051204,0.182033,74,155,1
19,26,4,0.051282,0.000000,0.108245,74,203,0
19,27,4,0.051282,0.007612,0.078042,74,154,1
19,28,4,0.051282,0.016958,0.136053,74,197,0
19,29,4,0.051282,0.032461,0.116071,74,149,1
19,30,4,0.051282,0.030073,0.115847,74,202,0
19,31,4,0.051282,0.029755,0.148245,74,164,1
19,32,4,0.051282,0.024099,0.123426,74,190,0
19,33,4,0.051282,0.011617,0.122619,74,166,0
19,34,4,0.051282,0.017020,0.109074,74,189,0
19,35,4,0.051282,0.032987,0.167867,74,162,1
19,36,4,0.051282,0.030536,0.136244,74,191,0
19,37,4,0.051282,0.033633,0.138812,74,170,0
19,38,4,0.051282,0.027454,0.088945,74,161,1
19,39,4,0.051282,0.009772,0.102199,74,188,0
19,40,4,0.051282,0.016958,0.107618,74,152,0
19,41,4,0.051282,0.031250,0.083532,74,185,0
19,42,4,0.051282,0.007749,0.048859,74,159,0
19,43,4,0.051282,0.032274,0.089011,74,191,0
19,44,4,0.051282,0.023172,0.139454,74,153,0
19,45,4,0.051282,0.031098,0.137629,74,184,0
19,46,4,0.051282,0.042780,0.054191,74,163,1
19,47,4,0.051282,0.000000,0.045250,74,184,1
19,48,4,0.051282,0.036750,0.108394,74,166,1
19,49,4,0.051282,0.033664,0.149444,74,170,0
19,50,4,0.051282,0.019161,0.094660,74,172,0
19,51,4,0.051282,0.034268,0.091406,74,158,1
19,52,4,0.051282,0.018785,0.061378,74,151,1
19,53,4,0.051282,0.017192,0.058029,74,139,1
19,54,4,0.051282,0.071874,0.105794,74,152,1
19,55,4,0.051282,0.044934,0.054737,74,143,1
19,56,4,0.051282,0.000000,0.068414,74,153,0
19,57,4,0.051282,0.028973,0.116656,74,146,1
19,58,4,0.051282,0.026522,0.151923,74,141,0
19,59,4,0.051282,0.000000,0.032274,74,138,0
19,60,4,0.051282,0.007098,0.094427,74,149,0
19,61,4,0.051282,0.045914,0.114755,74,138,1
19,62,4,0.051282,0.027237,0.116140,74,141,0
19,63,4,0.051282,0.000000,0.034268,74,143,0
19,64,4,0.051282,0.043088,0.085312,74,145,1
19,65,3,0.038462,0.012691,0.153613,75,216,0
19,66,3,0.038462,0.018785,0.182147,75,216,0
19,67,3,0.038462,0.004315,0.137652,75,228,0
19,68,3,0.038462,0.017885,0.110273,75,222,0
19,69,3,0.038462,0.000000,0.136421,75,215,0
19,70,3,0.038462,0.046879,0.189884,75,216,0
19,71,3,0.038462,0.049992,0.166375,75,226,0
19,72,3,0.038462,0.000000,0.098585,75,223,0
19,73,3,0.038462,0.000000,0.091487,75,229,0
19,74,3,0.038462,0.045122,0.145247,75,228,0
19,75,3,0.038462,0.000000,0.180490,75,230,0
19,76,3,0.038462,0.032487,0.141674,75,237,0
19,77,3,0.038462,0.000000,0.118724,75,223,0
19,78,13,0.166667,0.091487,0.228157,65,114,1
20,0,4,0.051282,0.058002,0.166518,74,228,0
20,1,4,0.051282,0.019751,0.135430,74,140,1
20,2,4,0.051282,0.020539,0.135501,74,222,0
20,3,4,0.051282,0.069334,0.182344,74,147,1
20,4,4,0.051282,0.040676,0.140272,74,210,0
20,5,4,0.051282,0.022910,0.131350,74,157,0
20,6,4,0.051282,0.035088,0.144229,74,212,0
20,7,4,0.051282,0.019893,0.151018,74,162,1
20,8,4,0.051282,0.025319,0.137174,74,203,0
20,9,4,0.051282,0.030437,0.151459,74,166,0
20,10,4,0.051282,0.047151,0.136508,74,191,1
20,11,4,0.051282,0.044780,0.125784,74,174,1
20,12,4,0.051282,0.044565,0.160001,74,153,0
20,13,4,0.051282,0.036142,0.155571,74,200,0
20,14,4,0.051282,0.045063,0.111560,74,144,1
20,15,4,0.051282,0.020746,0.112278,74,203,0
20,16,4,0.051282,0.032370,0.120106,74,138,1
20,17,4,0.051282,0.047524,0.139874,74,195,0
20,18,4,0.051282,0.047777,0.109277,74,158,1
20,19,4,0.051282,0.054977,0.100792,74,186,1
20,20,4,0.051282,0.018675,0.120774,74,150,1
20,21,4,0.051282,0.037500,0.124198,74,185,0
20,22,4,0.051282,0.043106,0.149174,74,169,0
20,23,4,0.051282,0.014243,0.139725,74,169,1
20,24,4,0.051282,0.053826,0.150460,74,163,1
20,25,4,0.051282,0.018401,0.162367,74,156,0
20,26,4,0.051282,0.005781,0.104672,74,203,0
20,27,4,0.051282,0.045452,0.102341,74,155,1
20,28,4,0.051282,0.027238,0.138484,74,197,0
20,29,4,0.051282,0.021035,0.162853,74,150,1
20,30,4,0.051282,0.015647,0.090982,74,202,0
20,31,4,0.051282,0.024166,0.112707,74,165,0
20,32,4,0.051282,0.026412,0.139598,74,190,0
20,33,4,0.051282,0.029612,0.124924,74,166,1
20,34,4,0.051282,0.039132,0.127280,74,189,0
20,35,4,0.051282,0.023280,0.143339,74,163,0
20,36,4,0.051282,0.040523,0.130769,74,191,1
20,37,4,0.051282,0.029913,0.101019,74,170,1
20,38,4,0.051282,0.041445,0.120047,74,162,0
20,39,4,0.051282,0.045452,0.095297,74,188,0
20,40,4,0.051282,0.027238,0.108752,74,152,1
20,41,4,0.051282,0.000000,0.108489,74,185,0
20,42,4,0.051282,0.000000,0.041593,74,159,1
20,43,4,0.051282,0.033734,0.105426,74,191,0
20,44,4,0.051282,0.018405,0.158621,74,153,1
20,45,4,0.051282,0.036984,0.154411,74,184,1
20,46,4,0.051282,0.039937,0.095805,74,164,1
20,47,4,0.051282,0.006166,0.094770,74,185,0
20,48,4,0.051282,0.030310,0.121197,74,167,0
20,49,4,0.051282,0.037135,0.141005,74,170,1
20,50,4,0.051282,0.014843,0.116106,74,172,1
20,51,4,0.051282,0.038952,0.090583,74,159,0
20,52,4,0.051282,0.010318,0.072802,74,152,0
20,53,4,0.051282,0.003836,0.049288,74,140,1
20,54,4,0.051282,0.065415,0.115369,74,153,0
20,55,4,0.051282,0.024974,0.080879,74,144,1
20,56,4,0.051282,0.009847,0.085029,74,153,0
20,57,4,0.051282,0.035036,0.111056,74,147,0
20,58,4,0.051282,0.039555,0.137499,74,141,0
20,59,4,0.051282,0.029805,0.039901,74,138,1
20,60,4,0.051282,0.031179,0.085408,74,149,0
20,61,4,0.051282,0.071930,0.146048,74,139,0
20,62,4,0.051282,0.014707,0.119214,74,141,0
20,63,4,0.051282,0.005440,0.052265,74,143,0
20,64,4,0.051282,0.004351,0.059330,74,146,0
20,65,3,0.038462,0.001693,0.105678,75,216,0
20,66,3,0.038462,0.023747,0.152601,75,216,1
20,67,3,0.038462,0.002143,0.115739,75,228,0
20,68,3,0.038462,0.021817,0.097033,75,222,1
20,69,3,0.038462,0.000000,0.131647,75,215,0
20,70,3,0.038462,0.045979,0.181838,75,216,1
20,71,3,0.038462,0.071930,0.183833,75,226,1
20,72,3,0.038462,0.023276,0.117893,75,223,1
20,73,3,0.038462,0.000000,0.112113,75,229,0
20,74,3,0.038462,0.042805,0.131129,75,228,1
20,75,3,0.038462,0.000000,0.153148,75,230,1
20,76,3,0.038462,0.007353,0.112397,75,237,1
20,77,3,0.038462,0.007147,0.097014,75,223,1
20,78,13,0.166667,0.076867,0.247888,65,115,0
21,0,4,0.051282,0.058387,0.149262,74,228,1
21,1,4,0.051282,0.040087,0.185377,74,141,0
21,2,4,0.051282,0.031080,0.177809,74,222,1
21,3,4,0.051282,0.048488,0.212544,74,148,0
21,4,4,0.051282,0.044962,0.149610,74,210,1
21,5,4,0.051282,0.064396,0.173366,74,157,0
21,6,4,0.051282,0.088766,0.195114,74,212,1
21,7,4,0.051282,0.041862,0.139562,74,163,0
21,8,4,0.051282,0.026238,0.139737,74,203,0
21,9,4,0.051282,0.011676,0.156903,74,166,0
21,10,4,0.051282,0.033895,0.128298,74,192,1
21,11,4,0.051282,0.038645,0.089678,74,175,1
21,12,4,0.051282,0.024924,0.135516,74,153,0
21,13,4,0.051282,0.053841,0.139746,74,200,1
21,14,4,0.051282,0.020474,0.118520,74,145,0
21,15,4,0.051282,0.042069,0.154459,74,203,1
21,16,4,0.051282,0.040214,0.114572,74,139,0
21,17,4,0.051282,0.055355,0.118210,74,195,1
21,18,4,0.051282,0.052852,0.174280,74,159,0
21,19,4,0.051282,0.011450,0.115486,74,187,0
21,20,4,0.051282,0.019046,0.124427,74,151,0
21,21,4,0.051282,0.013007,0.124450,74,185,0
21,22,4,0.051282,0.066190,0.195992,74,169,0
21,23,4,0.051282,0.022792,0.092488,74,170,0
21,24,4,0.051282,0.040184,0.132377,74,164,0
21,25,4,0.051282,0.025509,0.148085,74,156,0
21,26,4,0.051282,0.006209,0.083531,74,203,1
21,27,4,0.051282,0.033448,0.123404,74,156,0
21,28,4,0.051282,0.022843,0.124649,74,197,1
21,29,4,0.051282,0.017723,0.144141,74,151,0
21,30,4,0.051282,0.005014,0.093690,74,202,1
21,31,4,0.051282,0.016528,0.089137,74,165,0
21,32,4,0.051282,0.031590,0.176412,74,190,1
21,33,4,0.051282,0.010138,0.106270,74,167,0
21,34,4,0.051282,0.048213,0.115236,74,189,1
21,35,4,0.051282,0.022886,0.083469,74,163,1
21,36,4,0.051282,0.041740,0.171363,74,192,1
21,37,4,0.051282,0.033805,0.107308,74,171,1
21,38,4,0.051282,0.033003,0.110599,74,162,1
21,39,4,0.051282,0.015055,0.112522,74,188,0
21,40,4,0.051282,0.022843,0.102607,74,153,0
21,41,4,0.051282,0.012438,0.086345,74,185,0
21,42,4,0.051282,0.000000,0.048629,74,160,0
21,43,4,0.051282,0.019890,0.081087,74,191,0
21,44,4,0.051282,0.028480,0.138471,74,154,0
21,45,4,0.051282,0.023179,0.118390,74,185,0
21,46,4,0.051282,0.034430,0.088169,74,165,0
21,47,4,0.051282,0.018018,0.069896,74,185,0
21,48,4,0.051282,0.028890,0.133894,74,167,0
21,49,4,0.051282,0.026047,0.132061,74,171,0
21,50,4,0.051282,0.021576,0.121464,74,173,0
21,51,4,0.051282,0.050775,0.118437,74,159,0
21,52,4,0.051282,0.025207,0.074004,74,152,1
21,53,4,0.051282,0.016060,0.045318,74,141,1
21,54,4,0.051282,0.048348,0.106627,74,153,1
21,55,4,0.051282,0.045291,0.052770,74,145,1
21,56,4,0.051282,0.012199,0.072583,74,153,1
21,57,4,0.051282,0.020309,0.094285,74,147,1
21,58,4,0.051282,0.035689,0.150495,74,141,1
21,59,4,0.051282,0.007936,0.037908,74,139,1
21,60,4,0.051282,0.022743,0.080369,74,149,1
21,61,4,0.051282,0.058667,0.107894,74,139,1
21,62,4,0.051282,0.024874,0.130493,74,141,1
21,63,4,0.051282,0.018018,0.068792,74,143,1
21,64,4,0.051282,0.017505,0.071986,74,146,1
21,65,3,0.038462,0.017825,0.140210,75,216,0
21,66,3,0.038462,0.013007,0.152414,75,217,0
21,67,3,0.038462,0.000000,0.115228,75,228,0
21,68,3,0.038462,0.038153,0.116265,75,223,0
21,69,3,0.038462,0.000000,0.132086,75,215,0
21,70,3,0.038462,0.042296,0.162896,75,217,0
21,71,3,0.038462,0.058667,0.157835,75,227,0
21,72,3,0.038462,0.000000,0.113802,75,224,0
21,73,3,0.038462,0.000000,0.104813,75,229,0
21,74,3,0.038462,0.050828,0.139423,75,229,0
21,75,3,0.038462,0.000000,0.155032,75,231,0
21,76,3,0.038462,0.024363,0.119108,75,238,0
21,77,3,0.038462,0.000000,0.121751,75,224,0
21,78,13,0.166667,0.078859,0.245140,65,115,1
22,0,4,0.051282,0.043495,0.143139,74,229,0
22,1,4,0.051282,0.033578,0.127868,74,141,1
22,2,4,0.051282,0.021096,0.129952,74,223,0
22,3,4,0.051282,0.045488,0.159569,74,148,0
22,4,4,0.051282,0.009208,0.126551,74,211,0
22,5,4,0.051282,0.039654,0.167028,74,157,1
22,6,4,0.051282,0.066959,0.180790,74,213,0
22,7,4,0.051282,0.018645,0.119909,74,163,0
22,8,4,0.051282,0.031945,0.112124,74,203,1
22,9,4,0.051282,0.028008,0.184001,74,166,1
22,10,4,0.051282,0.038480,0.175698,74,193,0
22,11,4,0.051282,0.033208,0.109081,74,176,0
22,12,4,0.051282,0.038178,0.141360,74,153,1
22,13,4,0.051282,0.034542,0.129923,74,201,0
22,14,4,0.051282,0.020578,0.125088,74,145,1
22,15,4,0.051282,0.028734,0.189504,74,204,0
22,16,4,0.051282,0.043495,0.087486,74,139,1
22,17,4,0.051282,0.072323,0.097326,74,196,1
22,18,4,0.051282,0.036142,0.147699,74,159,1
22,19,4,0.051282,0.050238,0.140967,74,187,0
22,20,4,0.051282,0.018923,0.095150,74,151,0
22,21,4,0.051282,0.006432,0.116010,74,185,1
22,22,4,0.051282,0.076986,0.164244,74,169,1
22,23,4,0.051282,0.028324,0.088103,74,170,0
22,24,4,0.051282,0.041349,0.123735,74,164,0
22,25,4,0.051282,0.032526,0.149605,74,156,1
22,26,4,0.051282,0.016538,0.108032,74,204,0
22,27,4,0.051282,0.047023,0.147558,74,156,1
22,28,4,0.051282,0.043959,0.111590,74,198,0
22,29,4,0.051282,0.003833,0.165358,74,151,0
22,30,4,0.051282,0.018245,0.097985,74,203,0
22,31,4,0.051282,0.069249,0.139911,74,165,1
22,32,4,0.051282,0.015685,0.157554,74,191,0
22,33,4,0.051282,0.029360,0.118591,74,167,0
22,34,4,0.051282,0.035752,0.114269,74,190,1
22,35,4,0.051282,0.004056,0.116123,74,164,1
22,36,4,0.051282,0.043121,0.182247,74,193,0
22,37,4,0.051282,0.034798,0.106543,74,172,0
22,38,4,0.051282,0.017860,0.101983,74,163,1
22,39,4,0.051282,0.047023,0.115646,74,188,0
22,40,4,0.051282,0.043959,0.124888,74,153,1
22,41,4,0.051282,0.037258,0.152216,74,185,0
22,42,4,0.051282,0.000000,0.068669,74,160,1
22,43,4,0.051282,0.011470,0.087190,74,191,0
22,44,4,0.051282,0.010910,0.155741,74,154,1
22,45,4,0.051282,0.023680,0.149816,74,185,0
22,46,4,0.051282,0.035567,0.098900,74,165,0
22,47,4,0.051282,0.028366,0.092523,74,185,1
22,48,4,0.051282,0.033516,0.119178,74,167,1
22,49,4,0.051282,0.013881,0.092307,74,171,0
22,50,4,0.051282,0.018430,0.091499,74,173,0
22,51,4,0.051282,0.039220,0.127109,74,159,1
22,52,4,0.051282,0.007841,0.077090,74,153,0
22,53,4,0.051282,0.010793,0.095327,74,142,1
22,54,4,0.051282,0.056550,0.115399,74,154,0
22,55,4,0.051282,0.053997,0.058493,74,146,1
22,56,4,0.051282,0.026045,0.086902,74,154,0
22,57,4,0.051282,0.025150,0.122334,74,148,1
22,58,4,0.051282,0.039547,0.154917,74,142,0
22,59,4,0.051282,0.000000,0.039835,74,140,0
22,60,4,0.051282,0.018858,0.081215,74,150,0
22,61,4,0.051282,0.051361,0.088923,74,140,1
22,62,4,0.051282,0.020826,0.131710,74,142,0
22,63,4,0.051282,0.028366,0.067585,74,144,0
22,64,4,0.051282,0.019029,0.033322,74,147,1
22,65,3,0.038462,0.000000,0.128369,75,216,0
22,66,3,0.038462,0.009013,0.127970,75,217,1
22,67,3,0.038462,0.011045,0.099522,75,228,0
22,68,3,0.038462,0.024117,0.097465,75,223,1
22,69,3,0.038462,0.000000,0.117576,75,215,0
22,70,3,0.038462,0.051517,0.159677,75,217,1
22,71,3,0.038462,0.050351,0.140090,75,227,0
22,72,3,0.038462,0.027218,0.108482,75,224,1
22,73,3,0.038462,0.000000,0.091945,75,229,1
22,74,3,0.038462,0.058974,0.123952,75,229,1
22,75,3,0.038462,0.001011,0.133970,75,231,0
22,76,3,0.038462,0.000000,0.101466,75,238,0
22,77,3,0.038462,0.000000,0.112770,75,224,1
22,78,13,0.166667,0.063579,0.233246,65,116,0
23,0,4,0.051282,0.043250,0.142539,74,229,0
23,1,4,0.051282,0.040715,0.123921,74,142,1
23,2,4,0.051282,0.012938,0.127023,74,223,0
23,3,4,0.051282,0.030018,0.164192,74,148,1
23,4,4,0.051282,0.024718,0.124362,74,211,0
23,5,4,0.051282,0.015077,0.130912,74,158,0
23,6,4,0.051282,0.056212,0.157138,74,213,1
23,7,4,0.051282,0.010787,0.130081,74,163,1
23,8,4,0.051282,0.015519,0.143797,74,204,0
23,9,4,0.051282,0.041690,0.164889,74,167,0
23,10,4,0.051282,0.029673,0.194223,74,193,1
23,11,4,0.051282,0.056297,0.151566,74,176,1
23,12,4,0.051282,0.059907,0.159759,74,154,0
23,13,4,0.051282,0.047591,0.148335,74,201,0
23,14,4,0.051282,0.028556,0.113397,74,146,0
23,15,4,0.051282,0.020142,0.146116,74,204,0
23,16,4,0.051282,0.043250,0.110687,74,140,1
23,17,4,0.051282,0.048633,0.095351,74,197,0
23,18,4,0.051282,0.042674,0.124690,74,160,0
23,19,4,0.051282,0.041619,0.101973,74,187,0
23,20,4,0.051282,0.040308,0.082968,74,151,1
23,21,4,0.051282,0.041211,0.127228,74,186,0
23,22,4,0.051282,0.057697,0.156503,74,170,0
23,23,4,0.051282,0.037384,0.123121,74,170,1
23,24,4,0.051282,0.036406,0.121995,74,164,1
23,25,4,0.051282,0.034928,0.171306,74,157,0
23,26,4,0.051282,0.025033,0.103982,74,204,0
23,27,4,0.051282,0.045117,0.132296,74,157,1
23,28,4,0.051282,0.032176,0.104625,74,198,1
23,29,4,0.051282,0.032484,0.161105,74,151,1
23,30,4,0.051282,0.017685,0.121240,74,203,0
23,31,4,0.051282,0.045207,0.123277,74,166,1
23,32,4,0.051282,0.023364,0.147213,74,191,1
23,33,4,0.051282,0.022061,0.138671,74,167,1
23,34,4,0.051282,0.025045,0.119444,74,191,0
23,35,4,0.051282,0.000000,0.124341,74,165,0
23,36,4,0.051282,0.047254,0.157723,74,193,1
23,37,4,0.051282,0.038083,0.124677,74,172,1
23,38,4,0.051282,0.021523,0.082105,74,164,0
23,39,4,0.051282,0.045117,0.126487,74,188,0
23,40,4,0.051282,0.032176,0.117557,74,154,0
23,41,4,0.051282,0.019446,0.145624,74,185,0
23,42,4,0.051282,0.000000,0.084642,74,161,0
23,43,4,0.051282,0.019764,0.097276,74,191,0
23,44,4,0.051282,0.001219,0.132159,74,155,0
23,45,4,0.051282,0.042070,0.133167,74,185,0
23,46,4,0.051282,0.037683,0.108416,74,165,0
23,47,4,0.051282,0.029063,0.100796,74,186,0
23,48,4,0.051282,0.045623,0.122082,74,168,0
23,49,4,0.051282,0.003267,0.072988,74,171,0
23,50,4,0.051282,0.005048,0.102585,74,173,0
23,51,4,0.051282,0.019475,0.118400,74,160,0
23,52,4,0.051282,0.031193,0.088364,74,153,1
23,53,4,0.051282,0.017744,0.121012,74,143,1
23,54,4,0.051282,0.029155,0.080805,74,154,1
23,55,4,0.051282,0.031142,0.086335,74,147,1
23,56,4,0.051282,0.010730,0.073407,74,154,1
23,57,4,0.051282,0.037556,0.099073,74,149,1
23,58,4,0.051282,0.047464,0.118441,74,142,1
23,59,4,0.051282,0.011589,0.048827,74,140,1
23,60,4,0.051282,0.054955,0.059916,74,150,1
23,61,4,0.051282,0.050404,0.095741,74,141,1
23,62,4,0.051282,0.004000,0.109750,74,142,1
23,63,4,0.051282,0.029063,0.048538,74,144,1
23,64,4,0.051282,0.001061,0.073342,74,148,1
23,65,3,0.038462,0.021454,0.123213,75,216,0
23,66,3,0.038462,0.020463,0.134674,75,218,0
23,67,3,0.038462,0.034995,0.129627,75,228,0
23,68,3,0.038462,0.035725,0.116249,75,224,0
23,69,3,0.038462,0.000000,0.117057,75,215,0
23,70,3,0.038462,0.026947,0.150946,75,218,0
23,71,3,0.038462,0.002561,0.162286,75,227,0
23,72,3,0.038462,0.000000,0.140012,75,225,0
23,73,3,0.038462,0.000000,0.114978,75,230,0
23,74,3,0.038462,0.044652,0.125791,75,230,0
23,75,3,0.038462,0.047842,0.125791,75,231,0
23,76,3,0.038462,0.017185,0.130343,75,238,0
23,77,3,0.038462,0.000000,0.107390,75,225,0
23,78,13,0.166667,0.074326,0.251824,65,116,1
24,0,4,0.051282,0.045021,0.177428,74,229,0
24,1,4,0.051282,0.067607,0.135758,74,143,1
24,2,4,0.051282,0.044687,0.182846,74,223,0
24,3,4,0.051282,0.021126,0.162416,74,149,1
24,4,4,0.051282,0.035051,0.136660,74,211,0
24,5,4,0.051282,0.035551,0.161458,74,158,0
24,6,4,0.051282,0.045847,0.180047,74,214,1
24,7,4,0.051282,0.031614,0.130809,74,164,1
24,8,4,0.051282,0.015369,0.134939,74,204,0
24,9,4,0.051282,0.059405,0.174878,74,167,0
24,10,4,0.051282,0.043894,0.177996,74,194,1
24,11,4,0.051282,0.045840,0.144711,74,177,1
24,12,4,0.051282,0.054548,0.138266,74,154,0
24,13,4,0.051282,0.046051,0.143761,74,201,0
24,14,4,0.051282,0.027940,0.144627,74,146,1
24,15,4,0.051282,0.000000,0.131393,74,204,0
24,16,4,0.051282,0.060754,0.144223,74,141,1
24,17,4,0.051282,0.036294,0.106046,74,197,0
24,18,4,0.051282,0.051748,0.113282,74,160,0
24,19,4,0.051282,0.070924,0.122082,74,187,1
24,20,4,0.051282,0.023166,0.082195,74,152,1
24,21,4,0.051282,0.044096,0.135592,74,186,0
24,22,4,0.051282,0.033344,0.144387,74,170,0
24,23,4,0.051282,0.014213,0.161557,74,171,1
24,24,4,0.051282,0.034320,0.112135,74,165,1
24,25,4,0.051282,0.030699,0.166577,74,157,0
24,26,4,0.051282,0.047859,0.140503,74,204,0
24,27,4,0.051282,0.021976,0.098886,74,158,0
24,28,4,0.051282,0.007061,0.102482,74,199,0
24,29,4,0.051282,0.033052,0.137373,74,152,1
24,30,4,0.051282,0.016293,0.138953,74,203,0
24,31,4,0.051282,0.006259,0.124935,74,167,0
24,32,4,0.051282,0.015688,0.116134,74,192,1
24,33,4,0.051282,0.020254,0.139547,74,168,1
24,34,4,0.051282,0.015483,0.101040,74,191,0
24,35,4,0.051282,0.020868,0.137692,74,165,0
24,36,4,0.051282,0.038958,0.118682,74,194,1
24,37,4,0.051282,0.037885,0.124497,74,173,1
24,38,4,0.051282,0.026736,0.095472,74,164,0
24,39,4,0.051282,0.021976,0.087145,74,188,0
24,40,4,0.051282,0.022794,0.106908,74,154,1
24,41,4,0.051282,0.030859,0.089862,74,185,1
24,42,4,0.051282,0.029014,0.115828,74,161,1
24,43,4,0.051282,0.033052,0.085082,74,191,0
24,44,4,0.051282,0.000000,0.080758,74,155,0
24,45,4,0.051282,0.023152,0.106583,74,185,1
24,46,4,0.051282,0.026019,0.085148,74,165,1
24,47,4,0.051282,0.026106,0.096621,74,186,0
24,48,4,0.051282,0.031043,0.111119,74,168,0
24,49,4,0.051282,0.029404,0.105917,74,171,1
24,50,4,0.051282,0.017536,0.097518,74,173,1
24,51,4,0.051282,0.023597,0.127563,74,160,0
24,52,4,0.051282,0.025838,0.100394,74,154,0
24,53,4,0.051282,0.012718,0.131404,74,144,0
24,54,4,0.051282,0.026151,0.046277,74,155,0
24,55,4,0.051282,0.019400,0.084688,74,148,0
24,56,4,0.051282,0.025838,0.103619,74,155,0
24,57,4,0.051282,0.048909,0.102919,74,150,0
24,58,4,0.051282,0.031859,0.101888,74,143,0
24,59,4,0.051282,0.012376,0.059157,74,141,1
24,60,4,0.051282,0.027535,0.055893,74,151,0
24,61,4,0.051282,0.030548,0.083103,74,142,0
24,62,4,0.051282,0.024614,0.102003,74,143,0
24,63,4,0.051282,0.026106,0.049703,74,145,1
24,64,4,0.051282,0.027765,0.089826,74,149,0
24,65,3,0.038462,0.029660,0.122949,75,216,1
24,66,3,0.038462,0.000000,0.142820,75,218,0
24,67,3,0.038462,0.048909,0.152458,75,228,1
24,68,3,0.038462,0.048586,0.142507,75,224,1
24,69,3,0.038462,0.000000,0.122607,75,215,0
24,70,3,0.038462,0.023483,0.148841,75,218,1
24,71,3,0.038462,0.000000,0.170288,75,227,0
24,72,3,0.038462,0.000000,0.144204,75,225,0
24,73,3,0.038462,0.000000,0.129313,75,230,0
24,74,3,0.038462,0.047362,0.147305,75,230,1
24,75,3,0.038462,0.030548,0.149144,75,231,1
24,76,3,0.038462,0.012339,0.146131,75,238,1
24,77,3,0.038462,0.000000,0.141551,75,225,0
24,78,13,0.166667,0.090831,0.240887,65,117,0
25,0,4,0.051282,0.031490,0.158119,74,229,1
25,1,4,0.051282,0.044873,0.141531,74,144,0
25,2,4,0.051282,0.043125,0.167573,74,223,1
25,3,4,0.051282,0.052023,0.156280,74,150,0
25,4,4,0.051282,0.044962,0.156211,74,211,1
25,5,4,0.051282,0.047545,0.192622,74,158,0
25,6,4,0.051282,0.043749,0.177304,74,215,1
25,7,4,0.051282,0.031866,0.132649,74,165,0
25,8,4,0.051282,0.037619,0.138448,74,204,0
25,9,4,0.051282,0.033212,0.159598,74,167,0
25,10,4,0.051282,0.033338,0.152005,74,195,1
25,11,4,0.051282,0.030099,0.115125,74,178,1
25,12,4,0.051282,0.037565,0.110107,74,154,0
25,13,4,0.051282,0.036129,0.157879,74,201,1
25,14,4,0.051282,0.026264,0.117754,74,147,0
25,15,4,0.051282,0.030787,0.159303,74,204,1
25,16,4,0.051282,0.034959,0.111658,74,142,0
25,17,4,0.051282,0.043699,0.114764,74,197,1
25,18,4,0.051282,0.048891,0.110750,74,160,0
25,19,4,0.051282,0.074961,0.125929,74,188,1
25,20,4,0.051282,0.037362,0.115097,74,153,0
25,21,4,0.051282,0.006369,0.117040,74,186,0
25,22,4,0.051282,0.047656,0.144174,74,170,0
25,23,4,0.051282,0.007550,0.118376,74,172,1
25,24,4,0.051282,0.039120,0.139704,74,166,1
25,25,4,0.051282,0.033572,0.162455,74,157,0
25,26,4,0.051282,0.035207,0.097924,74,204,1
25,27,4,0.051282,0.037309,0.146465,74,158,0
25,28,4,0.051282,0.007933,0.086557,74,199,1
25,29,4,0.051282,0.023674,0.146073,74,153,0
25,30,4,0.051282,0.000000,0.123196,74,203,0
25,31,4,0.051282,0.029577,0.155944,74,167,0
25,32,4,0.051282,0.015943,0.140765,74,193,1
25,33,4,0.051282,0.007201,0.104504,74,169,0
25,34,4,0.051282,0.032516,0.125005,74,191,0
25,35,4,0.051282,0.015595,0.120542,74,165,0
25,36,4,0.051282,0.051143,0.162345,74,195,1
25,37,4,0.051282,0.047874,0.102341,74,174,1
25,38,4,0.051282,0.032004,0.099692,74,164,0
25,39,4,0.051282,0.037309,0.135941,74,188,1
25,40,4,0.051282,0.011402,0.083850,74,155,0
25,41,4,0.051282,0.042240,0.125954,74,186,1
25,42,4,0.051282,0.025299,0.061924,74,162,0
25,43,4,0.051282,0.028936,0.063391,74,191,1
25,44,4,0.051282,0.000000,0.091898,74,155,0
25,45,4,0.051282,0.007955,0.089225,74,186,1
25,46,4,0.051282,0.025576,0.080460,74,166,1
25,47,4,0.051282,0.025500,0.080575,74,186,0
25,48,4,0.051282,0.044218,0.138950,74,168,0
25,49,4,0.051282,0.030076,0.103457,74,172,1
25,50,4,0.051282,0.022946,0.126829,74,174,1
25,51,4,0.051282,0.036900,0.156417,74,160,0
25,52,4,0.051282,0.012652,0.071383,74,154,0
25,53,4,0.051282,0.042442,0.141728,74,144,0
25,54,4,0.051282,0.028059,0.041389,74,155,1
25,55,4,0.051282,0.032516,0.120836,74,148,0
25,56,4,0.051282,0.014066,0.086971,74,155,0
25,57,4,0.051282,0.016627,0.072085,74,150,0
25,58,4,0.051282,0.039964,0.121765,74,143,1
25,59,4,0.051282,0.000000,0.054436,74,142,0
25,60,4,0.051282,0.033877,0.081325,74,151,0
25,61,4,0.051282,0.027426,0.066277,74,142,0
25,62,4,0.051282,0.031899,0.135047,74,143,1
25,63,4,0.051282,0.025500,0.062399,74,146,1
25,64,4,0.051282,0.028432,0.091987,74,149,0
25,65,3,0.038462,0.054591,0.165905,75,217,1
25,66,3,0.038462,0.006369,0.131657,75,218,0
25,67,3,0.038462,0.007588,0.150016,75,229,1
25,68,3,0.038462,0.028313,0.117664,75,225,1
25,69,3,0.038462,0.000000,0.123463,75,215,0
25,70,3,0.038462,0.023618,0.158969,75,219,0
25,71,3,0.038462,0.014302,0.135000,75,227,1
25,72,3,0.038462,0.007783,0.138890,75,225,1
25,73,3,0.038462,0.000000,0.116446,75,230,0
25,74,3,0.038462,0.053930,0.162810,75,231,0
25,75,3,0.038462,0.013945,0.146804,75,232,1
25,76,3,0.038462,0.025020,0.153255,75,239,1
25,77,3,0.038462,0.000000,0.148346,75,225,0
25,78,13,0.166667,0.090947,0.235458,65,117,0
26,0,4,0.051282,0.042369,0.153023,74,230,0
26,1,4,0.051282,0.038246,0.137375,74,144,1
26,2,4,0.051282,0.045734,0.159620,74,224,0
26,3,4,0.051282,0.029088,0.162071,74,150,1
26,4,4,0.051282,0.042712,0.148389,74,212,0
26,5,4,0.051282,0.026246,0.157495,74,158,0
26,6,4,0.051282,0.036216,0.164623,74,216,1
26,7,4,0.051282,0.038989,0.140838,74,165,1
26,8,4,0.051282,0.003924,0.141071,74,204,0
26,9,4,0.051282,0.056205,0.170286,74,167,0
26,10,4,0.051282,0.041712,0.168106,74,196,1
26,11,4,0.051282,0.041304,0.141297,74,179,1
26,12,4,0.051282,0.040733,0.133312,74,154,0
26,13,4,0.051282,0.038625,0.124220,74,202,0
26,14,4,0.051282,0.043321,0.124579,74,147,1
26,15,4,0.051282,0.010648,0.119348,74,205,0
26,16,4,0.051282,0.042369,0.137217,74,142,1
26,17,4,0.051282,0.038366,0.120828,74,198,0
26,18,4,0.051282,0.051808,0.123069,74,160,0
26,19,4,0.051282,0.064897,0.129783,74,189,1
26,20,4,0.051282,0.037944,0.096389,74,153,1
26,21,4,0.051282,0.055837,0.130113,74,186,0
26,22,4,0.051282,0.030365,0.148824,74,170,0
26,23,4,0.051282,0.027461,0.142867,74,173,1
26,24,4,0.051282,0.022835,0.100292,74,167,1
26,25,4,0.051282,0.040803,0.146984,74,157,0
26,26,4,0.051282,0.030403,0.132415,74,205,0
26,27,4,0.051282,0.025839,0.107599,74,158,1
26,28,4,0.051282,0.006074,0.112561,74,200,0
26,29,4,0.051282,0.031048,0.142907,74,153,1
26,30,4,0.051282,0.021733,0.130334,74,203,0
26,31,4,0.051282,0.029018,0.116867,74,167,0
26,32,4,0.051282,0.035045,0.121512,74,194,1
26,33,4,0.051282,0.021704,0.154505,74,169,1
26,34,4,0.051282,0.028020,0.110532,74,191,0
26,35,4,0.051282,0.018314,0.116679,74,165,0
26,36,4,0.051282,0.035851,0.122636,74,196,1
26,37,4,0.051282,0.028116,0.140353,74,175,1
26,38,4,0.051282,0.027615,0.106165,74,164,0
26,39,4,0.051282,0.025839,0.120027,74,189,0
26,40,4,0.051282,0.006074,0.098187,74,155,0
26,41,4,0.051282,0.032487,0.116835,74,187,0
26,42,4,0.051282,0.040652,0.095909,74,162,0
26,43,4,0.051282,0.040077,0.102505,74,192,0
26,44,4,0.051282,0.011359,0.077170,74,155,0
26,45,4,0.051282,0.008835,0.083414,74,187,0
26,46,4,0.051282,0.009370,0.072240,74,167,0
26,47,4,0.051282,0.020225,0.082555,74,186,0
26,48,4,0.051282,0.027980,0.118657,74,168,0
26,49,4,0.051282,0.015486,0.093690,74,173,0
26,50,4,0.051282,0.040384,0.120137,74,175,0
26,51,4,0.051282,0.023488,0.119584,74,160,0
26,52,4,0.051282,0.038028,0.109386,74,154,1
26,53,4,0.051282,0.025897,0.131987,74,144,1
26,54,4,0.051282,0.023682,0.053244,74,156,1
26,55,4,0.051282,0.037244,0.115775,74,148,1
26,56,4,0.051282,0.005745,0.080399,74,155,1
26,57,4,0.051282,0.036082,0.086433,74,150,1
26,58,4,0.051282,0.012369,0.102891,74,144,1
26,59,4,0.051282,0.012510,0.068405,74,142,1
26,60,4,0.051282,0.016741,0.049753,74,151,1
26,61,4,0.051282,0.000000,0.067770,74,142,0
26,62,4,0.051282,0.035391,0.111492,74,144,1
26,63,4,0.051282,0.020225,0.043713,74,147,1
26,64,4,0.051282,0.047761,0.086113,74,149,1
26,65,3,0.038462,0.041756,0.182608,75,218,0
26,66,3,0.038462,0.032283,0.181178,75,218,0
26,67,3,0.038462,0.031905,0.181446,75,230,0
26,68,3,0.038462,0.030377,0.163241,75,226,0
26,69,3,0.038462,0.008103,0.169222,75,215,0
26,70,3,0.038462,0.003528,0.155519,75,219,0
26,71,3,0.038462,0.013206,0.155550,75,228,0
26,72,3,0.038462,0.000000,0.141955,75,226,0
26,73,3,0.038462,0.000000,0.152203,75,230,0
26,74,3,0.038462,0.060024,0.167229,75,231,0
26,75,3,0.038462,0.030243,0.167229,75,233,0
26,76,3,0.038462,0.000000,0.183970,75,240,0
26,77,3,0.038462,0.000000,0.175085,75,225,0
26,78,13,0.166667,0.119468,0.251425,65,117,1
27,0,4,0.051282,0.037060,0.139505,74,230,0
27,1,4,0.051282,0.062023,0.145731,74,145,1
27,2,4,0.051282,0.057009,0.179060,74,224,0
27,3,4,0.051282,0.013408,0.125825,74,151,1
27,4,4,0.051282,0.010156,0.117557,74,212,0
27,5,4,0.051282,0.018737,0.170252,74,158,1
27,6,4,0.051282,0.067834,0.169818,74,217,0
27,7,4,0.051282,0.039322,0.121459,74,166,0
27,8,4,0.051282,0.030572,0.133507,74,204,1
27,9,4,0.051282,0.032448,0.171106,74,167,1
27,10,4,0.051282,0.025851,0.153159,74,197,0
27,11,4,0.051282,0.056591,0.157720,74,180,0
27,12,4,0.051282,0.053278,0.124281,74,154,1
27,13,4,0.051282,0.051662,0.130116,74,202,0
27,14,4,0.051282,0.027014,0.153155,74,148,1
27,15,4,0.051282,0.000000,0.127392,74,205,0
27,16,4,0.051282,0.037060,0.118280,74,143,1
27,17,4,0.051282,0.026947,0.116678,74,198,0
27,18,4,0.051282,0.071286,0.166091,74,160,1
27,19,4,0.051282,0.045409,0.101200,74,190,0
27,20,4,0.051282,0.027767,0.095688,74,154,0
27,21,4,0.051282,0.053785,0.143377,74,186,1
27,22,4,0.051282,0.047347,0.152303,74,170,1
27,23,4,0.051282,0.032012,0.135122,74,174,0
27,24,4,0.051282,0.009826,0.145914,74,168,0
27,25,4,0.051282,0.020085,0.139634,74,157,1
27,26,4,0.051282,0.044809,0.123696,74,205,0
27,27,4,0.051282,0.012655,0.098843,74,159,1
27,28,4,0.051282,0.014277,0.112577,74,200,0
27,29,4,0.051282,0.042030,0.151310,74,154,1
27,30,4,0.051282,0.026254,0.134226,74,203,0
27,31,4,0.051282,0.033978,0.079936,74,167,1
27,32,4,0.051282,0.026971,0.165215,74,195,0
27,33,4,0.051282,0.021918,0.140777,74,170,0
27,34,4,0.051282,0.028706,0.105854,74,191,1
27,35,4,0.051282,0.016037,0.115390,74,165,1
27,36,4,0.051282,0.031646,0.143462,74,197,0
27,37,4,0.051282,0.025545,0.103317,74,176,0
27,38,4,0.051282,0.033358,0.124013,74,164,1
27,39,4,0.051282,0.012655,0.136814,74,189,0
27,40,4,0.051282,0.014277,0.106747,74,155,1
27,41,4,0.051282,0.034526,0.106323,74,187,0
27,42,4,0.051282,0.045345,0.118952,74,162,1
27,43,4,0.051282,0.060046,0.118908,74,192,0
27,44,4,0.051282,0.000000,0.081676,74,155,0
27,45,4,0.051282,0.000000,0.086693,74,187,0
27,46,4,0.051282,0.024055,0.087737,74,167,0
27,47,4,0.051282,0.000000,0.067475,74,186,0
27,48,4,0.051282,0.046583,0.130300,74,168,1
27,49,4,0.051282,0.037969,0.110186,74,173,0
27,50,4,0.051282,0.044206,0.118992,74,175,0
27,51,4,0.051282,0.029447,0.100690,74,160,1
27,52,4,0.051282,0.035417,0.104845,74,155,0
27,53,4,0.051282,0.047181,0.116874,74,145,1
27,54,4,0.051282,0.012244,0.042299,74,157,0
27,55,4,0.051282,0.034948,0.132084,74,149,1
27,56,4,0.051282,0.012471,0.091677,74,156,0
27,57,4,0.051282,0.012510,0.065052,74,151,1
27,58,4,0.051282,0.028184,0.104963,74,145,0
27,59,4,0.051282,0.020012,0.070252,74,143,1
27,60,4,0.051282,0.020306,0.068261,74,152,1
27,61,4,0.051282,0.024169,0.085008,74,142,1
27,62,4,0.051282,0.043498,0.129334,74,145,0
27,63,4,0.051282,0.000000,0.029447,74,148,0
27,64,4,0.051282,0.036622,0.119205,74,150,1
27,65,3,0.038462,0.049177,0.173852,75,218,0
27,66,3,0.038462,0.022946,0.139385,75,218,1
27,67,3,0.038462,0.020517,0.151414,75,230,0
27,68,3,0.038462,0.022277,0.139612,75,226,1
27,69,3,0.038462,0.010206,0.146683,75,215,0
27,70,3,0.038462,0.005077,0.132151,75,219,1
27,71,3,0.038462,0.010009,0.128402,75,228,0
27,72,3,0.038462,0.000000,0.124500,75,226,0
27,73,3,0.038462,0.000000,0.111735,75,230,0
27,74,3,0.038462,0.053304,0.163405,75,231,1
27,75,3,0.038462,0.037030,0.152514,75,233,0
27,76,3,0.038462,0.000000,0.148651,75,240,0
27,77,3,0.038462,0.000000,0.135221,75,225,0
27,78,13,0.166667,0.091723,0.230543,65,118,0
28,0,4,0.051282,0.029665,0.162425,74,230,0
28,1,4,0.051282,0.050479,0.126371,74,146,1
28,2,4,0.051282,0.043132,0.173849,74,224,0
28,3,4,0.051282,0.051616,0.135750,74,152,1
28,4,4,0.051282,0.019190,0.143165,74,212,0
28,5,4,0.051282,0.031955,0.180836,74,159,0
28,6,4,0.051282,0.071466,0.190957,74,217,1
28,7,4,0.051282,0.013000,0.130183,74,166,1
28,8,4,0.051282,0.036628,0.119834,74,205,0
28,9,4,0.051282,0.055473,0.196854,74,168,0
28,10,4,0.051282,0.043858,0.174040,74,197,1
28,11,4,0.051282,0.057950,0.149627,74,180,1
28,12,4,0.051282,0.048325,0.120932,74,155,0
28,13,4,0.051282,0.049742,0.127843,74,202,0
28,14,4,0.051282,0.030665,0.142620,74,149,1
28,15,4,0.051282,0.003832,0.135029,74,205,0
28,16,4,0.051282,0.029665,0.121108,74,144,1
28,17,4,0.051282,0.037153,0.107536,74,198,0
28,18,4,0.051282,0.060749,0.136752,74,161,0
28,19,4,0.051282,0.062406,0.131512,74,190,1
28,20,4,0.051282,0.048884,0.100867,74,154,1
28,21,4,0.051282,0.037212,0.138937,74,187,0
28,22,4,0.051282,0.042780,0.154558,74,171,0
28,23,4,0.051282,0.019124,0.132111,74,174,1
28,24,4,0.051282,0.000000,0.130865,74,168,1
28,25,4,0.051282,0.027462,0.171408,74,158,0
28,26,4,0.051282,0.052205,0.128417,74,205,0
28,27,4,0.051282,0.015914,0.090853,74,160,0
28,28,4,0.051282,0.017618,0.126875,74,200,0
28,29,4,0.051282,0.009834,0.143273,74,155,0
28,30,4,0.051282,0.020048,0.148328,74,203,0
28,31,4,0.051282,0.036681,0.110272,74,168,0
28,32,4,0.051282,0.004536,0.133355,74,195,0
28,33,4,0.051282,0.033086,0.130267,74,170,0
28,34,4,0.051282,0.025002,0.106001,74,192,0
28,35,4,0.051282,0.007403,0.134832,74,166,0
28,36,4,0.051282,0.034698,0.116185,74,197,1
28,37,4,0.051282,0.034901,0.114073,74,176,1
28,38,4,0.051282,0.020911,0.087563,74,165,0
28,39,4,0.051282,0.015914,0.080947,74,189,1
28,40,4,0.051282,0.017618,0.126505,74,156,1
28,41,4,0.051282,0.021365,0.080844,74,187,1
28,42,4,0.051282,0.050468,0.124565,74,163,1
28,43,4,0.051282,0.040464,0.087969,74,192,1
28,44,4,0.051282,0.017843,0.055892,74,155,1
28,45,4,0.051282,0.022670,0.098158,74,187,1
28,46,4,0.051282,0.019310,0.077091,74,167,1
28,47,4,0.051282,0.015439,0.086224,74,186,0
28,48,4,0.051282,0.011983,0.090090,74,169,0
28,49,4,0.051282,0.030632,0.120263,74,173,1
28,50,4,0.051282,0.037807,0.108672,74,175,1
28,51,4,0.051282,0.033960,0.128984,74,161,0
28,52,4,0.051282,0.029853,0.102251,74,155,0
28,53,4,0.051282,0.012948,0.091311,74,146,0
28,54,4,0.051282,0.026828,0.052568,74,157,0
28,55,4,0.051282,0.042251,0.101897,74,150,0
28,56,4,0.051282,0.022458,0.096547,74,156,0
28,57,4,0.051282,0.015302,0.089966,74,152,0
28,58,4,0.051282,0.006910,0.088046,74,145,0
28,59,4,0.051282,0.002798,0.086981,74,144,0
28,60,4,0.051282,0.009583,0.057117,74,153,0
28,61,4,0.051282,0.038773,0.109741,74,143,0
28,62,4,0.051282,0.043945,0.094452,74,145,0
28,63,4,0.051282,0.015439,0.052796,74,148,1
28,64,4,0.051282,0.053176,0.115141,74,151,0
28,65,3,0.038462,0.017838,0.161624,75,218,1
28,66,3,0.038462,0.007396,0.163107,75,219,1
28,67,3,0.038462,0.036195,0.134675,75,230,1
28,68,3,0.038462,0.026769,0.158736,75,227,1
28,69,3,0.038462,0.027682,0.151475,75,215,1
28,70,3,0.038462,0.009712,0.140163,75,220,1
28,71,3,0.038462,0.009737,0.160500,75,228,1
28,72,3,0.038462,0.000000,0.138466,75,226,1
28,73,3,0.038462,0.003397,0.124662,75,230,0
28,74,3,0.038462,0.048509,0.157280,75,232,1
28,75,3,0.038462,0.046702,0.198374,75,233,1
28,76,3,0.038462,0.000000,0.169184,75,240,1
28,77,3,0.038462,0.000000,0.165809,75,225,0
28,78,13,0.166667,0.106425,0.233936,65,118,0
29,0,4,0.051282,0.028283,0.133286,74,230,0
29,1,4,0.051282,0.040621,0.142806,74,147,1
29,2,4,0.051282,0.052036,0.177790,74,224,0
29,3,4,0.051282,0.038224,0.146064,74,153,1
29,4,4,0.051282,0.022456,0.152197,74,212,0
29,5,4,0.051282,0.037896,0.162023,74,159,1
29,6,4,0.051282,0.047620,0.181112,74,218,0
29,7,4,0.051282,0.033061,0.145990,74,167,1
29,8,4,0.051282,0.040011,0.148114,74,205,0
29,9,4,0.051282,0.042330,0.166758,74,168,1
29,10,4,0.051282,0.033770,0.143004,74,198,0
29,11,4,0.051282,0.056084,0.153398,74,181,1
29,12,4,0.051282,0.045827,0.129395,74,155,0
29,13,4,0.051282,0.052286,0.138711,74,202,0
29,14,4,0.051282,0.026158,0.147366,74,150,1
29,15,4,0.051282,0.010200,0.127531,74,205,0
29,16,4,0.051282,0.028283,0.106885,74,145,1
29,17,4,0.051282,0.043039,0.119830,74,198,0
29,18,4,0.051282,0.073115,0.137720,74,161,1
29,19,4,0.051282,0.052166,0.120123,74,191,0
29,20,4,0.051282,0.052630,0.096295,74,155,1
29,21,4,0.051282,0.040484,0.142595,74,187,0
29,22,4,0.051282,0.027771,0.121597,74,171,1
29,23,4,0.051282,0.033202,0.129979,74,175,0
29,24,4,0.051282,0.006339,0.130920,74,169,0
29,25,4,0.051282,0.027076,0.148340,74,158,0
29,26,4,0.051282,0.045968,0.120666,74,205,0
29,27,4,0.051282,0.029507,0.103405,74,160,1
29,28,4,0.051282,0.021078,0.121613,74,200,0
29,29,4,0.051282,0.030359,0.159964,74,155,1
29,30,4,0.051282,0.010178,0.145950,74,203,0
29,31,4,0.051282,0.019507,0.113876,74,168,1
29,32,4,0.051282,0.016985,0.132734,74,195,0
29,33,4,0.051282,0.018186,0.138277,74,170,1
29,34,4,0.051282,0.023651,0.108441,74,192,0
29,35,4,0.051282,0.020390,0.140688,74,166,1
29,36,4,0.051282,0.023222,0.118368,74,198,0
29,37,4,0.051282,0.035264,0.120115,74,177,1
29,38,4,0.051282,0.021432,0.084345,74,165,1
29,39,4,0.051282,0.029507,0.113033,74,190,0
29,40,4,0.051282,0.021078,0.109343,74,157,1
29,41,4,0.051282,0.011412,0.092937,74,188,0
29,42,4,0.051282,0.045147,0.114988,74,164,1
29,43,4,0.051282,0.035132,0.082374,74,193,0
29,44,4,0.051282,0.001262,0.082138,74,156,0
29,45,4,0.051282,0.040098,0.102221,74,188,0
29,46,4,0.051282,0.019890,0.069914,74,168,1
29,47,4,0.051282,0.019621,0.073072,74,186,0
29,48,4,0.051282,0.030587,0.112579,74,169,0
29,49,4,0.051282,0.015222,0.128133,74,174,0
29,50,4,0.051282,0.029582,0.100319,74,176,0
29,51,4,0.051282,0.032934,0.119281,74,161,0
29,52,4,0.051282,0.029421,0.083506,74,155,0
29,53,4,0.051282,0.019338,0.080449,74,146,1
29,54,4,0.051282,0.012876,0.041426,74,157,0
29,55,4,0.051282,0.033829,0.096322,74,150,1
29,56,4,0.051282,0.029421,0.082317,74,156,0
29,57,4,0.051282,0.024586,0.080868,74,152,1
29,58,4,0.051282,0.031199,0.101454,74,145,1
29,59,4,0.051282,0.000000,0.087589,74,144,1
29,60,4,0.051282,0.006664,0.050351,74,153,0
29,61,4,0.051282,0.037739,0.131919,74,143,1
29,62,4,0.051282,0.041174,0.114040,74,145,1
29,63,4,0.051282,0.019621,0.063880,74,149,1
29,64,4,0.051282,0.048573,0.122282,74,151,1
29,65,3,0.038462,0.010172,0.154784,75,219,0
29,66,3,0.038462,0.000000,0.143915,75,220,0
29,67,3,0.038462,0.029359,0.145541,75,231,0
29,68,3,0.038462,0.017280,0.160460,75,228,0
29,69,3,0.038462,0.021511,0.135446,75,216,0
29,70,3,0.038462,0.019086,0.145692,75,221,0
29,71,3,0.038462,0.000000,0.163942,75,229,0
29,72,3,0.038462,0.000000,0.137703,75,227,0
29,73,3,0.038462,0.011324,0.121239,75,230,0
29,74,3,0.038462,0.050520,0.173990,75,233,0
29,75,3,0.038462,0.076599,0.187929,75,234,0
29,76,3,0.038462,0.000879,0.156854,75,241,0
29,77,3,0.038462,0.000000,0.162413,75,225,0
29,78,13,0.166667,0.101618,0.236730,65,118,1
30,0,4,0.051282,0.048643,0.141011,74,230,1
30,1,4,0.051282,0.039693,0.128253,74,148,0
30,2,4,0.051282,0.033349,0.149251,74,224,1
30,3,4,0.051282,0.024255,0.137608,74,154,0
30,4,4,0.051282,0.035546,0.133608,74,212,1
30,5,4,0.051282,0.019525,0.140403,74,160,0
30,6,4,0.051282,0.034707,0.154428,74,218,1
30,7,4,0.051282,0.035605,0.128888,74,168,0
30,8,4,0.051282,0.006726,0.121012,74,205,1
30,9,4,0.051282,0.048279,0.163780,74,169,0
30,10,4,0.051282,0.063626,0.150974,74,198,1
30,11,4,0.051282,0.028828,0.156968,74,182,0
30,12,4,0.051282,0.045865,0.123928,74,155,0
30,13,4,0.051282,0.039361,0.103639,74,202,1
30,14,4,0.051282,0.028420,0.140118,74,151,0
30,15,4,0.051282,0.006900,0.102481,74,205,1
30,16,4,0.051282,0.048643,0.135196,74,146,0
30,17,4,0.051282,0.014058,0.125431,74,198,1
30,18,4,0.051282,0.061613,0.136051,74,162,0
30,19,4,0.051282,0.065447,0.122682,74,191,1
30,20,4,0.051282,0.025105,0.089493,74,156,0
30,21,4,0.051282,0.072557,0.137361,74,187,1
30,22,4,0.051282,0.025010,0.159935,74,172,0
30,23,4,0.051282,0.000000,0.152812,74,175,0
30,24,4,0.051282,0.031474,0.115649,74,169,0
30,25,4,0.051282,0.031820,0.151301,74,158,0
30,26,4,0.051282,0.029862,0.134037,74,205,1
30,27,4,0.051282,0.010071,0.089796,74,161,0
30,28,4,0.051282,0.028263,0.140152,74,200,1
30,29,4,0.051282,0.029619,0.120459,74,156,0
30,30,4,0.051282,0.021144,0.124479,74,203,1
30,31,4,0.051282,0.033191,0.104210,74,169,0
30,32,4,0.051282,0.039731,0.139435,74,195,1
30,33,4,0.051282,0.035951,0.150515,74,171,0
30,34,4,0.051282,0.026076,0.118734,74,192,1
30,35,4,0.051282,0.021686,0.111095,74,167,0
30,36,4,0.051282,0.021871,0.110533,74,198,1
30,37,4,0.051282,0.036976,0.140446,74,178,0
30,38,4,0.051282,0.036981,0.112468,74,166,1
30,39,4,0.051282,0.016462,0.093288,74,190,1
30,40,4,0.051282,0.028263,0.126266,74,158,0
30,41,4,0.051282,0.027073,0.098683,74,188,0
30,42,4,0.051282,0.028711,0.100567,74,165,0
30,43,4,0.051282,0.050578,0.106400,74,193,1
30,44,4,0.051282,0.021856,0.113962,74,156,0
30,45,4,0.051282,0.004790,0.126655,74,188,0
30,46,4,0.051282,0.022020,0.079917,74,169,0
30,47,4,0.051282,0.013322,0.089538,74,186,0
30,48,4,0.051282,0.030956,0.117685,74,169,0
30,49,4,0.051282,0.040859,0.122436,74,174,0
30,50,4,0.051282,0.040135,0.109319,74,176,0
30,51,4,0.051282,0.022747,0.118657,74,161,0
30,52,4,0.051282,0.031769,0.092539,74,155,1
30,53,4,0.051282,0.016056,0.090693,74,147,0
30,54,4,0.051282,0.036372,0.082614,74,157,1
30,55,4,0.051282,0.037541,0.083694,74,151,0
30,56,4,0.051282,0.017792,0.072319,74,156,1
30,57,4,0.051282,0.039365,0.098577,74,153,1
30,58,4,0.051282,0.009596,0.121613,74,146,1
30,59,4,0.051282,0.003288,0.091572,74,145,0
30,60,4,0.051282,0.014905,0.062155,74,153,1
30,61,4,0.051282,0.032412,0.110565,74,144,1
30,62,4,0.051282,0.046488,0.103987,74,146,1
30,63,4,0.051282,0.013322,0.058901,74,150,1
30,64,4,0.051282,0.031357,0.114539,74,152,1
30,65,3,0.038462,0.011815,0.155724,75,219,0
30,66,3,0.038462,0.013977,0.170267,75,220,0
30,67,3,0.038462,0.035344,0.157548,75,231,0
30,68,3,0.038462,0.021588,0.151687,75,228,0
30,69,3,0.038462,0.004840,0.142957,75,216,0
30,70,3,0.038462,0.018517,0.148094,75,221,0
30,71,3,0.038462,0.031371,0.173904,75,229,0
30,72,3,0.038462,0.000000,0.134824,75,227,0
30,73,3,0.038462,0.022832,0.118738,75,230,0
30,74,3,0.038462,0.050284,0.158210,75,233,0
30,75,3,0.038462,0.033546,0.165896,75,234,0
30,76,3,0.038462,0.000000,0.148389,75,241,0
30,77,3,0.038462,0.000000,0.161937,75,225,0
30,78,13,0.166667,0.102127,0.244113,65,119,1
31,0,4,0.051282,0.048912,0.145501,74,231,1
31,1,4,0.051282,0.033225,0.137031,74,148,0
31,2,4,0.051282,0.024481,0.140704,74,225,0
31,3,4,0.051282,0.031379,0.160914,74,154,0
31,4,4,0.051282,0.051765,0.134677,74,213,1
31,5,4,0.051282,0.026519,0.167366,74,160,1
31,6,4,0.051282,0.049411,0.136229,74,219,0
31,7,4,0.051282,0.035956,0.148675,74,168,0
31,8,4,0.051282,0.000000,0.101320,74,206,1
31,9,4,0.051282,0.035284,0.175511,74,169,1
31,10,4,0.051282,0.029891,0.135660,74,199,0
31,11,4,0.051282,0.025016,0.150381,74,182,0
31,12,4,0.051282,0.043399,0.104415,74,155,1
31,13,4,0.051282,0.038783,0.091087,74,203,1
31,14,4,0.051282,0.031985,0.124432,74,151,0
31,15,4,0.051282,0.024855,0.123809,74,206,0
31,16,4,0.051282,0.048912,0.147355,74,146,0
31,17,4,0.051282,0.021454,0.130459,74,199,1
31,18,4,0.051282,0.048975,0.121689,74,162,1
31,19,4,0.051282,0.068619,0.152469,74,192,0
31,20,4,0.051282,0.018430,0.096771,74,156,0
31,21,4,0.051282,0.075456,0.153514,74,188,1
31,22,4,0.051282,0.025451,0.136934,74,172,1
31,23,4,0.051282,0.027589,0.141480,74,175,0
31,24,4,0.051282,0.021918,0.090895,74,169,0
31,25,4,0.051282,0.031527,0.131562,74,158,1
31,26,4,0.051282,0.026545,0.135876,74,206,1
31,27,4,0.051282,0.013573,0.108403,74,161,0
31,28,4,0.051282,0.024494,0.123140,74,201,0
31,29,4,0.051282,0.012909,0.098830,74,156,0
31,30,4,0.051282,0.020133,0.117663,74,204,1
31,31,4,0.051282,0.050491,0.150592,74,169,1
31,32,4,0.051282,0.023303,0.137498,74,196,0
31,33,4,0.051282,0.050215,0.146037,74,171,0
31,34,4,0.051282,0.024874,0.098940,74,193,1
31,35,4,0.051282,0.040174,0.143221,74,167,1
31,36,4,0.051282,0.034328,0.132833,74,199,0
31,37,4,0.051282,0.042326,0.161559,74,178,0
31,38,4,0.051282,0.022623,0.109351,74,167,1
31,39,4,0.051282,0.013573,0.101632,74,191,0
31,40,4,0.051282,0.024494,0.112175,74,158,0
31,41,4,0.051282,0.031192,0.111087,74,188,0
31,42,4,0.051282,0.030485,0.081708,74,165,0
31,43,4,0.051282,0.025020,0.108131,74,194,0
31,44,4,0.051282,0.017687,0.106211,74,156,0
31,45,4,0.051282,0.025926,0.133163,74,188,0
31,46,4,0.051282,0.019835,0.078760,74,169,0
31,47,4,0.051282,0.024107,0.116649,74,186,1
31,48,4,0.051282,0.045386,0.118081,74,169,1
31,49,4,0.051282,0.021087,0.129090,74,174,0
31,50,4,0.051282,0.038757,0.108897,74,176,0
31,51,4,0.051282,0.030469,0.141932,74,161,1
31,52,4,0.051282,0.022003,0.066976,74,156,1
31,53,4,0.051282,0.030144,0.081002,74,147,1
31,54,4,0.051282,0.039134,0.082850,74,158,1
31,55,4,0.051282,0.045006,0.076958,74,151,1
31,56,4,0.051282,0.013027,0.053342,74,157,1
31,57,4,0.051282,0.016879,0.091222,74,154,1
31,58,4,0.051282,0.019281,0.144438,74,147,0
31,59,4,0.051282,0.000000,0.072175,74,145,0
31,60,4,0.051282,0.020726,0.093915,74,154,1
31,61,4,0.051282,0.025618,0.089659,74,145,1
31,62,4,0.051282,0.041170,0.125526,74,147,0
31,63,4,0.051282,0.024107,0.056342,74,151,0
31,64,4,0.051282,0.040674,0.122862,74,153,1
31,65,3,0.038462,0.017083,0.164012,75,219,0
31,66,3,0.038462,0.008976,0.149998,75,220,0
31,67,3,0.038462,0.019154,0.135884,75,231,0
31,68,3,0.038462,0.003022,0.123892,75,228,0
31,69,3,0.038462,0.021282,0.133868,75,216,0
31,70,3,0.038462,0.031694,0.147276,75,221,0
31,71,3,0.038462,0.014950,0.131358,75,229,0
31,72,3,0.038462,0.000000,0.122615,75,227,0
31,73,3,0.038462,0.001766,0.112969,75,230,0
31,74,3,0.038462,0.049671,0.149312,75,233,0
31,75,3,0.038462,0.027695,0.155154,75,234,0
31,76,3,0.038462,0.035323,0.150262,75,241,0
31,77,3,0.038462,0.000000,0.154139,75,225,0
31,78,13,0.166667,0.088861,0.230616,65,120,1
32,0,4,0.051282,0.062498,0.153613,74,232,1
32,1,4,0.051282,0.045269,0.150211,74,148,0
32,2,4,0.051282,0.022040,0.142024,74,225,1
32,3,4,0.051282,0.008619,0.123242,74,154,0
32,4,4,0.051282,0.000000,0.120676,74,214,0
32,5,4,0.051282,0.010054,0.147520,74,161,0
32,6,4,0.051282,0.051641,0.122800,74,219,1
32,7,4,0.051282,0.040361,0.113820,74,168,1
32,8,4,0.051282,0.024775,0.105086,74,207,0
32,9,4,0.051282,0.023700,0.152690,74,170,0
32,10,4,0.051282,0.020162,0.159144,74,199,0
32,11,4,0.051282,0.027968,0.174468,74,182,0
32,12,4,0.051282,0.057598,0.111708,74,156,1
32,13,4,0.051282,0.031112,0.109418,74,204,0
32,14,4,0.051282,0.042818,0.145788,74,151,0
32,15,4,0.051282,0.034562,0.113083,74,206,0
32,16,4,0.051282,0.056908,0.141344,74,146,0
32,17,4,0.051282,0.029633,0.114864,74,200,0
32,18,4,0.051282,0.043884,0.137088,74,163,0
32,19,4,0.051282,0.039278,0.098611,74,192,0
32,20,4,0.051282,0.014788,0.080919,74,156,0
32,21,4,0.051282,0.059412,0.160521,74,189,0
32,22,4,0.051282,0.045162,0.142005,74,173,0
32,23,4,0.051282,0.041609,0.159071,74,175,0
32,24,4,0.051282,0.021969,0.140253,74,169,0
32,25,4,0.051282,0.032683,0.129105,74,159,0
32,26,4,0.051282,0.039406,0.144660,74,207,1
32,27,4,0.051282,0.029502,0.097662,74,161,1
32,28,4,0.051282,0.021844,0.130989,74,201,1
32,29,4,0.051282,0.026028,0.142040,74,156,1
32,30,4,0.051282,0.039440,0.127216,74,205,1
32,31,4,0.051282,0.028259,0.086559,74,170,1
32,32,4,0.051282,0.041564,0.153077,74,196,1
32,33,4,0.051282,0.039854,0.161784,74,171,1
32,34,4,0.051282,0.016704,0.108805,74,194,1
32,35,4,0.051282,0.036598,0.131031,74,168,1
32,36,4,0.051282,0.028638,0.129869,74,199,1
32,37,4,0.051282,0.052337,0.129073,74,178,1
32,38,4,0.051282,0.041175,0.148703,74,168,1
32,39,4,0.051282,0.029502,0.135561,74,191,0
32,40,4,0.051282,0.016247,0.093586,74,158,0
32,41,4,0.051282,0.002486,0.089474,74,188,0
32,42,4,0.051282,0.028687,0.098499,74,165,0
32,43,4,0.051282,0.051793,0.122027,74,194,0
32,44,4,0.051282,0.028041,0.105089,74,156,0
32,45,4,0.051282,0.010234,0.096850,74,188,0
32,46,4,0.051282,0.026834,0.111539,74,169,0
32,47,4,0.051282,0.020946,0.120964,74,187,0
32,48,4,0.051282,0.035991,0.139171,74,170,0
32,49,4,0.051282,0.039910,0.130838,74,174,0
32,50,4,0.051282,0.045214,0.132263,74,176,0
32,51,4,0.051282,0.016032,0.143974,74,162,0
32,52,4,0.051282,0.017570,0.072252,74,157,1
32,53,4,0.051282,0.031713,0.085921,74,148,1
32,54,4,0.051282,0.014766,0.060318,74,159,1
32,55,4,0.051282,0.048318,0.126288,74,152,1
32,56,4,0.051282,0.002083,0.067351,74,158,1
32,57,4,0.051282,0.000000,0.038485,74,155,1
32,58,4,0.051282,0.026916,0.116374,74,147,1
32,59,4,0.051282,0.007826,0.106730,74,145,1
32,60,4,0.051282,0.053312,0.072048,74,155,1
32,61,4,0.051282,0.031993,0.107467,74,146,1
32,62,4,0.051282,0.042053,0.103823,74,147,1
32,63,4,0.051282,0.020946,0.054145,74,151,1
32,64,4,0.051282,0.021072,0.142448,74,154,1
32,65,3,0.038462,0.028168,0.164143,75,219,0
32,66,3,0.038462,0.015488,0.116448,75,220,0
32,67,3,0.038462,0.025765,0.115825,75,231,0
32,68,3,0.038462,0.011830,0.103765,75,228,0
32,69,3,0.038462,0.016824,0.140256,75,216,0
32,70,3,0.038462,0.000543,0.125794,75,221,0
32,71,3,0.038462,0.000000,0.116105,75,229,0
32,72,3,0.038462,0.000000,0.139507,75,227,0
32,73,3,0.038462,0.017167,0.112884,75,230,0
32,74,3,0.038462,0.051800,0.153081,75,233,0
32,75,3,0.038462,0.057323,0.137176,75,234,0
32,76,3,0.038462,0.000000,0.158496,75,241,0
32,77,3,0.038462,0.000000,0.147110,75,225,0
32,78,13,0.166667,0.084112,0.224908,65,121,1
33,0,4,0.051282,0.061107,0.156229,74,233,1
33,1,4,0.051282,0.054621,0.166083,74,148,0
33,2,4,0.051282,0.036522,0.152456,74,226,1
33,3,4,0.051282,0.010809,0.128791,74,154,0
33,4,4,0.051282,0.000000,0.129579,74,214,1
33,5,4,0.051282,0.014370,0.165112,74,161,0
33,6,4,0.051282,0.028646,0.124891,74,220,1
33,7,4,0.051282,0.044411,0.102422,74,169,0
33,8,4,0.051282,0.027895,0.099141,74,207,1
33,9,4,0.051282,0.049302,0.170431,74,170,0
33,10,4,0.051282,0.052377,0.160320,74,199,0
33,11,4,0.051282,0.011615,0.170765,74,182,0
33,12,4,0.051282,0.014443,0.119319,74,157,0
33,13,4,0.051282,0.032455,0.122888,74,204,1
33,14,4,0.051282,0.029691,0.141719,74,151,0
33,15,4,0.051282,0.036000,0.133118,74,206,1
33,16,4,0.051282,0.061107,0.117747,74,146,0
33,17,4,0.051282,0.035229,0.099915,74,200,1
33,18,4,0.051282,0.053774,0.116476,74,163,0
33,19,4,0.051282,0.063945,0.147729,74,192,1
33,20,4,0.051282,0.013251,0.086890,74,156,0
33,21,4,0.051282,0.039299,0.132078,74,189,1
33,22,4,0.051282,0.007446,0.121796,74,173,0
33,23,4,0.051282,0.025464,0.137571,74,175,1
33,24,4,0.051282,0.029863,0.085674,74,169,0
33,25,4,0.051282,0.089129,0.145020,74,159,1
33,26,4,0.051282,0.014214,0.130343,74,208,1
33,27,4,0.051282,0.027128,0.106867,74,162,0
33,28,4,0.051282,0.029877,0.122959,74,202,1
33,29,4,0.051282,0.030329,0.140188,74,157,0
33,30,4,0.051282,0.042426,0.125863,74,206,1
33,31,4,0.051282,0.036999,0.119535,74,171,0
33,32,4,0.051282,0.021432,0.101525,74,197,0
33,33,4,0.051282,0.014365,0.146379,74,172,0
33,34,4,0.051282,0.016569,0.123625,74,195,1
33,35,4,0.051282,0.047059,0.133022,74,169,0
33,36,4,0.051282,0.019342,0.138763,74,200,0
33,37,4,0.051282,0.061686,0.170029,74,179,0
33,38,4,0.051282,0.026768,0.132935,74,169,0
33,39,4,0.051282,0.027128,0.130382,74,191,1
33,40,4,0.051282,0.026250,0.083987,74,158,0
33,41,4,0.051282,0.011284,0.096534,74,188,1
33,42,4,0.051282,0.013295,0.070336,74,165,0
33,43,4,0.051282,0.045376,0.103689,74,194,1
33,44,4,0.051282,0.013244,0.104199,74,156,0
33,45,4,0.051282,0.008306,0.118938,74,188,1
33,46,4,0.051282,0.038210,0.118263,74,169,0
33,47,4,0.051282,0.026475,0.112884,74,187,1
33,48,4,0.051282,0.027062,0.107763,74,170,1
33,49,4,0.051282,0.035308,0.119300,74,174,1
33,50,4,0.051282,0.042301,0.121317,74,176,0
33,51,4,0.051282,0.015125,0.147804,74,162,1
33,52,4,0.051282,0.013696,0.066952,74,158,0
33,53,4,0.051282,0.024287,0.086711,74,149,0
33,54,4,0.051282,0.026202,0.057156,74,160,1
33,55,4,0.051282,0.048637,0.112723,74,153,0
33,56,4,0.051282,0.000000,0.065217,74,159,0
33,57,4,0.051282,0.008120,0.049341,74,156,0
33,58,4,0.051282,0.026688,0.098285,74,148,0
33,59,4,0.051282,0.010358,0.129338,74,146,0
33,60,4,0.051282,0.059267,0.089973,74,156,1
33,61,4,0.051282,0.026761,0.084789,74,147,0
33,62,4,0.051282,0.040301,0.096200,74,148,0
33,63,4,0.051282,0.026475,0.077417,74,152,0
33,64,4,0.051282,0.018712,0.128247,74,155,0
33,65,3,0.038462,0.018549,0.170098,75,219,1
33,66,3,0.038462,0.013696,0.137071,75,220,0
33,67,3,0.038462,0.029751,0.129580,75,231,1
33,68,3,0.038462,0.013712,0.110869,75,228,1
33,69,3,0.038462,0.021670,0.156169,75,216,1
33,70,3,0.038462,0.003967,0.150063,75,221,0
33,71,3,0.038462,0.000000,0.132054,75,229,1
33,72,3,0.038462,0.000000,0.156441,75,227,0
33,73,3,0.038462,0.035816,0.134007,75,230,1
33,74,3,0.038462,0.054013,0.164162,75,233,1
33,75,3,0.038462,0.041176,0.142647,75,234,1
33,76,3,0.038462,0.009462,0.175153,75,241,0
33,77,3,0.038462,0.000000,0.163949,75,225,1
33,78,13,0.166667,0.097174,0.241812,65,122,0
34,0,4,0.051282,0.040372,0.139773,74,234,0
34,1,4,0.051282,0.047034,0.138748,74,148,0
34,2,4,0.051282,0.033288,0.142887,74,227,0
34,3,4,0.051282,0.026049,0.113202,74,154,0
34,4,4,0.051282,0.012260,0.140868,74,215,0
34,5,4,0.051282,0.001148,0.149246,74,161,0
34,6,4,0.051282,0.029584,0.135665,74,221,0
34,7,4,0.051282,0.044378,0.106894,74,169,0
34,8,4,0.051282,0.023085,0.121207,74,208,0
34,9,4,0.051282,0.046581,0.172603,74,170,0
34,10,4,0.051282,0.058299,0.179946,74,199,0
34,11,4,0.051282,0.021449,0.170591,74,182,0
34,12,4,0.051282,0.039017,0.130061,74,157,0
34,13,4,0.051282,0.030571,0.128513,74,205,1
34,14,4,0.051282,0.034179,0.144670,74,151,1
34,15,4,0.051282,0.034517,0.117039,74,207,1
34,16,4,0.051282,0.032511,0.119302,74,146,1
34,17,4,0.051282,0.030000,0.105268,74,201,1
34,18,4,0.051282,0.060527,0.134536,74,163,1
34,19,4,0.051282,0.051857,0.120064,74,193,1
34,20,4,0.051282,0.037930,0.092783,74,156,1
34,21,4,0.051282,0.041549,0.129321,74,190,1
34,22,4,0.051282,0.027409,0.140848,74,173,1
34,23,4,0.051282,0.032863,0.145402,74,176,1
34,24,4,0.051282,0.017450,0.119169,74,169,1
34,25,4,0.051282,0.066940,0.138783,74,160,1
34,26,4,0.051282,0.043666,0.123048,74,209,0
34,27,4,0.051282,0.033693,0.110644,74,162,0
34,28,4,0.051282,0.027344,0.136753,74,203,0
34,29,4,0.051282,0.021738,0.142449,74,157,0
34,30,4,0.051282,0.023004,0.129401,74,207,0
34,31,4,0.051282,0.035165,0.109767,74,171,0
34,32,4,0.051282,0.044320,0.138283,74,197,0
34,33,4,0.051282,0.013104,0.140365,74,172,0
34,34,4,0.051282,0.034433,0.128893,74,196,0
34,35,4,0.051282,0.037170,0.122737,74,169,0
34,36,4,0.051282,0.008646,0.134259,74,200,0
34,37,4,0.051282,0.050390,0.139045,74,179,0
34,38,4,0.051282,0.022634,0.126029,74,169,0
34,39,4,0.051282,0.033693,0.138295,74,192,1
34,40,4,0.051282,0.021683,0.110600,74,158,1
34,41,4,0.051282,0.011864,0.109970,74,189,1
34,42,4,0.051282,0.034674,0.097090,74,165,1
34,43,4,0.051282,0.048186,0.092280,74,195,1
34,44,4,0.051282,0.020363,0.104168,74,156,1
34,45,4,0.051282,0.011529,0.105050,74,189,1
34,46,4,0.051282,0.024285,0.109633,74,169,1
34,47,4,0.051282,0.020630,0.090622,74,188,1
34,48,4,0.051282,0.029984,0.119963,74,171,1
34,49,4,0.051282,0.026488,0.110726,74,175,1
34,50,4,0.051282,0.049228,0.128289,74,176,1
34,51,4,0.051282,0.009927,0.131697,74,163,1
34,52,4,0.051282,0.022052,0.081153,74,158,0
34,53,4,0.051282,0.031925,0.106414,74,149,0
34,54,4,0.051282,0.017538,0.055731,74,161,0
34,55,4,0.051282,0.050940,0.120710,74,153,0
34,56,4,0.051282,0.008367,0.070071,74,159,0
34,57,4,0.051282,0.009188,0.059029,74,156,0
34,58,4,0.051282,0.014965,0.105123,74,148,0
34,59,4,0.051282,0.006498,0.109545,74,146,0
34,60,4,0.051282,0.043828,0.100705,74,157,0
34,61,4,0.051282,0.023528,0.061545,74,147,0
34,62,4,0.051282,0.052032,0.094687,74,148,0
34,63,4,0.051282,0.020630,0.057675,74,152,0
34,64,4,0.051282,0.027394,0.126435,74,155,0
34,65,3,0.038462,0.025221,0.172035,75,220,1
34,66,3,0.038462,0.013684,0.128761,75,220,1
34,67,3,0.038462,0.035636,0.130283,75,232,1
34,68,3,0.038462,0.011111,0.119590,75,229,1
34,69,3,0.038462,0.013611,0.146608,75,217,1
34,70,3,0.038462,0.000000,0.121674,75,221,1
34,71,3,0.038462,0.000000,0.121886,75,230,1
34,72,3,0.038462,0.000000,0.141366,75,227,1
34,73,3,0.038462,0.027119,0.116298,75,231,1
34,74,3,0.038462,0.054776,0.156168,75,234,1
34,75,3,0.038462,0.023528,0.140092,75,235,1
34,76,3,0.038462,0.027192,0.160392,75,241,1
34,77,3,0.038462,0.000000,0.161832,75,226,1
34,78,13,0.166667,0.089171,0.231878,65,122,0
35,0,4,0.051282,0.041557,0.147168,74,234,0
35,1,4,0.051282,0.074501,0.124904,74,148,1
35,2,4,0.051282,0.041554,0.161683,74,227,0
35,3,4,0.051282,0.015539,0.094451,74,154,1
35,4,4,0.051282,0.011273,0.136850,74,215,0
35,5,4,0.051282,0.013588,0.131457,74,161,1
35,6,4,0.051282,0.027896,0.116419,74,221,0
35,7,4,0.051282,0.035130,0.128418,74,169,0
35,8,4,0.051282,0.044834,0.148146,74,208,1
35,9,4,0.051282,0.033460,0.167171,74,170,1
35,10,4,0.051282,0.060063,0.160916,74,199,0
35,11,4,0.051282,0.054311,0.216360,74,182,0
35,12,4,0.051282,0.080391,0.162725,74,157,1
35,13,4,0.051282,0.024728,0.143801,74,206,0
35,14,4,0.051282,0.015571,0.165885,74,152,0
35,15,4,0.051282,0.017065,0.114876,74,208,0
35,16,4,0.051282,0.041557,0.136738,74,147,0
35,17,4,0.051282,0.016894,0.092694,74,202,0
35,18,4,0.051282,0.058024,0.136322,74,164,1
35,19,4,0.051282,0.044942,0.103731,74,194,0
35,20,4,0.051282,0.044625,0.098884,74,157,0
35,21,4,0.051282,0.055418,0.140632,74,191,1
35,22,4,0.051282,0.011348,0.125514,74,174,1
35,23,4,0.051282,0.034270,0.193061,74,177,0
35,24,4,0.051282,0.014081,0.160728,74,170,0
35,25,4,0.051282,0.035717,0.151165,74,161,1
35,26,4,0.051282,0.053457,0.119439,74,209,1
35,27,4,0.051282,0.026136,0.092191,74,162,1
35,28,4,0.051282,0.029317,0.122532,74,203,0
35,29,4,0.051282,0.027625,0.106187,74,157,1
35,30,4,0.051282,0.030451,0.149628,74,207,1
35,31,4,0.051282,0.000651,0.109678,74,171,1
35,32,4,0.051282,0.037555,0.133644,74,197,0
35,33,4,0.051282,0.014400,0.122769,74,172,0
35,34,4,0.051282,0.012326,0.123258,74,196,1
35,35,4,0.051282,0.056033,0.137487,74,169,1
35,36,4,0.051282,0.000000,0.091716,74,200,0
35,37,4,0.051282,0.036791,0.103163,74,179,0
35,38,4,0.051282,0.023176,0.117319,74,169,1
35,39,4,0.051282,0.026136,0.113655,74,193,0
35,40,4,0.051282,0.029317,0.126559,74,159,0
35,41,4,0.051282,0.024263,0.091241,74,190,0
35,42,4,0.051282,0.032995,0.114815,74,166,0
35,43,4,0.051282,0.038429,0.084803,74,196,0
35,44,4,0.051282,0.019621,0.106318,74,157,0
35,45,4,0.051282,0.023409,0.131837,74,190,0
35,46,4,0.051282,0.030451,0.099773,74,170,0
35,47,4,0.051282,0.012028,0.065949,74,189,1
35,48,4,0.051282,0.044651,0.108354,74,172,0
35,49,4,0.051282,0.034867,0.128234,74,176,0
35,50,4,0.051282,0.034101,0.097017,74,177,0
35,51,4,0.051282,0.000000,0.107010,74,164,0
35,52,4,0.051282,0.016947,0.072162,74,158,1
35,53,4,0.051282,0.019846,0.124136,74,149,1
35,54,4,0.051282,0.026838,0.064085,74,161,1
35,55,4,0.051282,0.040048,0.084083,74,153,1
35,56,4,0.051282,0.013959,0.070309,74,159,1
35,57,4,0.051282,0.044608,0.103084,74,156,1
35,58,4,0.051282,0.012609,0.122273,74,148,1
35,59,4,0.051282,0.002730,0.077164,74,146,0
35,60,4,0.051282,0.043036,0.083820,74,157,1
35,61,4,0.051282,0.030545,0.091335,74,147,1
35,62,4,0.051282,0.058191,0.105366,74,148,1
35,63,4,0.051282,0.012028,0.052415,74,152,0
35,64,4,0.051282,0.018479,0.121294,74,155,1
35,65,3,0.038462,0.018324,0.145583,75,221,0
35,66,3,0.038462,0.002988,0.129475,75,221,0
35,67,3,0.038462,0.055413,0.150144,75,233,0
35,68,3,0.038462,0.006863,0.116596,75,230,0
35,69,3,0.038462,0.001193,0.128467,75,218,0
35,70,3,0.038462,0.012159,0.125136,75,222,0
35,71,3,0.038462,0.000000,0.160843,75,231,0
35,72,3,0.038462,0.000000,0.142685,75,228,0
35,73,3,0.038462,0.025513,0.100447,75,232,0
35,74,3,0.038462,0.045841,0.156489,75,235,0
35,75,3,0.038462,0.033059,0.134714,75,236,0
35,76,3,0.038462,0.019267,0.147205,75,242,0
35,77,3,0.038462,0.014874,0.155908,75,227,0
35,78,13,0.166667,0.085690,0.235494,65,122,1
36,0,4,0.051282,0.069674,0.169148,74,234,1
36,1,4,0.051282,0.048160,0.157796,74,149,0
36,2,4,0.051282,0.037180,0.144797,74,227,0
36,3,4,0.051282,0.023454,0.128440,74,155,0
36,4,4,0.051282,0.036691,0.134942,74,215,1
36,5,4,0.051282,0.044589,0.159615,74,162,1
36,6,4,0.051282,0.028307,0.133801,74,221,0
36,7,4,0.051282,0.013559,0.118416,74,169,0
36,8,4,0.051282,0.000000,0.116276,74,209,1
36,9,4,0.051282,0.053224,0.183810,74,171,1
36,10,4,0.051282,0.053490,0.172350,74,199,0
36,11,4,0.051282,0.047710,0.185451,74,182,0
36,12,4,0.051282,0.081974,0.168305,74,158,1
36,13,4,0.051282,0.018474,0.110853,74,206,0
36,14,4,0.051282,0.027860,0.160455,74,152,0
36,15,4,0.051282,0.032468,0.145180,74,208,0
36,16,4,0.051282,0.069674,0.173578,74,147,0
36,17,4,0.051282,0.003601,0.081481,74,202,0
36,18,4,0.051282,0.024189,0.133144,74,165,0
36,19,4,0.051282,0.061660,0.173104,74,194,0
36,20,4,0.051282,0.028255,0.098136,74,157,0
36,21,4,0.051282,0.078124,0.126422,74,192,1
36,22,4,0.051282,0.011799,0.128416,74,175,0
36,23,4,0.051282,0.040353,0.205082,74,177,0
36,24,4,0.051282,0.026753,0.115266,74,170,0
36,25,4,0.051282,0.025352,0.150341,74,162,1
36,26,4,0.051282,0.017691,0.145002,74,210,1
36,27,4,0.051282,0.025655,0.076597,74,163,1
36,28,4,0.051282,0.035910,0.113287,74,203,1
36,29,4,0.051282,0.013584,0.085981,74,158,1
36,30,4,0.051282,0.049522,0.153694,74,208,1
36,31,4,0.051282,0.026777,0.120387,74,172,1
36,32,4,0.051282,0.031747,0.094757,74,197,1
36,33,4,0.051282,0.030885,0.142720,74,172,0
36,34,4,0.051282,0.011923,0.120507,74,197,1
36,35,4,0.051282,0.048515,0.160267,74,170,1
36,36,4,0.051282,0.014872,0.071921,74,200,0
36,37,4,0.051282,0.034268,0.131663,74,179,0
36,38,4,0.051282,0.021368,0.124507,74,170,1
36,39,4,0.051282,0.025655,0.099947,74,193,0
36,40,4,0.051282,0.031795,0.099968,74,159,0
36,41,4,0.051282,0.000000,0.077385,74,190,0
36,42,4,0.051282,0.015672,0.074684,74,166,0
36,43,4,0.051282,0.038251,0.105914,74,196,0
36,44,4,0.051282,0.029443,0.119374,74,157,0
36,45,4,0.051282,0.026259,0.115327,74,190,0
36,46,4,0.051282,0.040093,0.102750,74,170,0
36,47,4,0.051282,0.022744,0.100386,74,190,1
36,48,4,0.051282,0.029327,0.098976,74,172,0
36,49,4,0.051282,0.031995,0.133920,74,176,0
36,50,4,0.051282,0.025407,0.111800,74,177,0
36,51,4,0.051282,0.005443,0.111422,74,164,0
36,52,4,0.051282,0.007470,0.072230,74,159,1
36,53,4,0.051282,0.011751,0.078589,74,150,1
36,54,4,0.051282,0.038897,0.089508,74,162,1
36,55,4,0.051282,0.048957,0.093279,74,154,1
36,56,4,0.051282,0.000000,0.073057,74,160,1
36,57,4,0.051282,0.013202,0.064128,74,157,1
36,58,4,0.051282,0.012820,0.123808,74,149,1
36,59,4,0.051282,0.012488,0.095655,74,146,0
36,60,4,0.051282,0.041305,0.075934,74,158,1
36,61,4,0.051282,0.026833,0.085087,74,148,1
36,62,4,0.051282,0.039537,0.093699,74,149,1
36,63,4,0.051282,0.022744,0.063230,74,152,0
36,64,4,0.051282,0.037204,0.094670,74,156,1
36,65,3,0.038462,0.015065,0.154087,75,221,0
36,66,3,0.038462,0.007470,0.139747,75,221,0
36,67,3,0.038462,0.037869,0.118332,75,233,0
36,68,3,0.038462,0.017292,0.100850,75,230,0
36,69,3,0.038462,0.014308,0.154825,75,218,0
36,70,3,0.038462,0.020800,0.145096,75,222,0
36,71,3,0.038462,0.000000,0.133415,75,231,0
36,72,3,0.038462,0.000000,0.134684,75,228,0
36,73,3,0.038462,0.020352,0.128612,75,232,0
36,74,3,0.038462,0.044239,0.145736,75,235,0
36,75,3,0.038462,0.026833,0.157416,75,236,0
36,76,3,0.038462,0.010435,0.171888,75,242,0
36,77,3,0.038462,0.014691,0.155661,75,227,0
36,78,13,0.166667,0.093379,0.229355,65,123,1
37,0,4,0.051282,0.056207,0.176717,74,235,1
37,1,4,0.051282,0.055671,0.137647,74,149,0
37,2,4,0.051282,0.032769,0.163451,74,227,1
37,3,4,0.051282,0.025145,0.118048,74,155,0
37,4,4,0.051282,0.020073,0.118461,74,216,1
37,5,4,0.051282,0.035160,0.148964,74,163,0
37,6,4,0.051282,0.041987,0.130228,74,221,0
37,7,4,0.051282,0.003202,0.128384,74,169,0
37,8,4,0.051282,0.023172,0.110464,74,210,1
37,9,4,0.051282,0.040479,0.170988,74,172,1
37,10,4,0.051282,0.048106,0.159994,74,199,0
37,11,4,0.051282,0.059396,0.188675,74,182,0
37,12,4,0.051282,0.084888,0.152539,74,159,1
37,13,4,0.051282,0.024281,0.109568,74,206,1
37,14,4,0.051282,0.039695,0.160593,74,152,0
37,15,4,0.051282,0.024391,0.128548,74,208,1
37,16,4,0.051282,0.056207,0.152805,74,147,0
37,17,4,0.051282,0.017488,0.096274,74,202,1
37,18,4,0.051282,0.032926,0.133882,74,165,0
37,19,4,0.051282,0.049816,0.136398,74,194,0
37,20,4,0.051282,0.033907,0.095648,74,157,0
37,21,4,0.051282,0.067652,0.139824,74,193,1
37,22,4,0.051282,0.021663,0.139666,74,175,1
37,23,4,0.051282,0.031079,0.184182,74,177,0
37,24,4,0.051282,0.013958,0.145721,74,170,0
37,25,4,0.051282,0.012963,0.156853,74,163,1
37,26,4,0.051282,0.038387,0.149904,74,211,1
37,27,4,0.051282,0.012376,0.082750,74,164,0
37,28,4,0.051282,0.033230,0.119854,74,204,1
37,29,4,0.051282,0.016376,0.103401,74,159,0
37,30,4,0.051282,0.038138,0.152375,74,209,1
37,31,4,0.051282,0.025341,0.107975,74,173,0
37,32,4,0.051282,0.025896,0.122057,74,198,0
37,33,4,0.051282,0.051551,0.143143,74,172,0
37,34,4,0.051282,0.014265,0.105973,74,198,1
37,35,4,0.051282,0.035418,0.136220,74,171,1
37,36,4,0.051282,0.023677,0.082491,74,200,0
37,37,4,0.051282,0.025675,0.100075,74,179,0
37,38,4,0.051282,0.023396,0.121229,74,171,1
37,39,4,0.051282,0.012376,0.089898,74,193,1
37,40,4,0.051282,0.016918,0.125210,74,159,0
37,41,4,0.051282,0.021702,0.086250,74,190,1
37,42,4,0.051282,0.037086,0.104486,74,166,0
37,43,4,0.051282,0.049257,0.120330,74,196,1
37,44,4,0.051282,0.030316,0.099083,74,157,0
37,45,4,0.051282,0.012065,0.110852,74,190,0
37,46,4,0.051282,0.025176,0.088794,74,170,0
37,47,4,0.051282,0.008747,0.106610,74,191,1
37,48,4,0.051282,0.037151,0.105917,74,172,1
37,49,4,0.051282,0.043260,0.124371,74,176,0
37,50,4,0.051282,0.032932,0.100301,74,177,0
37,51,4,0.051282,0.010714,0.108485,74,164,1
37,52,4,0.051282,0.019592,0.086017,74,160,1
37,53,4,0.051282,0.029381,0.114744,74,151,0
37,54,4,0.051282,0.034000,0.061370,74,163,1
37,55,4,0.051282,0.031766,0.101552,74,155,0
37,56,4,0.051282,0.008368,0.083051,74,161,1
37,57,4,0.051282,0.019152,0.085801,74,158,0
37,58,4,0.051282,0.005957,0.116277,74,150,0
37,59,4,0.051282,0.020638,0.071912,74,146,0
37,60,4,0.051282,0.028022,0.063439,74,159,1
37,61,4,0.051282,0.030940,0.086265,74,149,1
37,62,4,0.051282,0.050387,0.118370,74,150,0
37,63,4,0.051282,0.008747,0.053091,74,152,0
37,64,4,0.051282,0.034617,0.106062,74,157,1
37,65,3,0.038462,0.035033,0.156799,75,221,1
37,66,3,0.038462,0.011224,0.149245,75,221,0
37,67,3,0.038462,0.045632,0.144186,75,233,1
37,68,3,0.038462,0.020790,0.123613,75,230,0
37,69,3,0.038462,0.004886,0.148057,75,218,1
37,70,3,0.038462,0.002912,0.135610,75,222,0
37,71,3,0.038462,0.006401,0.145745,75,231,0
37,72,3,0.038462,0.000000,0.132043,75,228,0
37,73,3,0.038462,0.009023,0.125038,75,232,1
37,74,3,0.038462,0.045897,0.151997,75,235,1
37,75,3,0.038462,0.024539,0.161210,75,236,0
37,76,3,0.038462,0.005332,0.158292,75,242,0
37,77,3,0.038462,0.024607,0.154787,75,227,1
37,78,13,0.166667,0.095653,0.236276,65,124,0
38,0,4,0.051282,0.072514,0.154813,74,236,1
38,1,4,0.051282,0.034666,0.143796,74,149,0
38,2,4,0.051282,0.016845,0.142368,74,228,0
38,3,4,0.051282,0.053548,0.142341,74,155,0
38,4,4,0.051282,0.002606,0.141199,74,217,1
38,5,4,0.051282,0.068751,0.140616,74,163,1
38,6,4,0.051282,0.034028,0.139501,74,221,0
38,7,4,0.051282,0.012831,0.116322,74,169,0
38,8,4,0.051282,0.044531,0.117604,74,211,1
38,9,4,0.051282,0.011352,0.174986,74,173,1
38,10,4,0.051282,0.050022,0.153510,74,199,0
38,11,4,0.051282,0.041120,0.162839,74,182,0
38,12,4,0.051282,0.086049,0.155084,74,160,1
38,13,4,0.051282,0.020877,0.143252,74,207,0
38,14,4,0.051282,0.026244,0.134514,74,152,0
38,15,4,0.051282,0.033561,0.155891,74,209,0
38,16,4,0.051282,0.040355,0.130492,74,147,0
38,17,4,0.051282,0.046344,0.109554,74,203,1
38,18,4,0.051282,0.012707,0.123985,74,165,0
38,19,4,0.051282,0.056182,0.141993,74,194,0
38,20,4,0.051282,0.034465,0.109176,74,157,0
38,21,4,0.051282,0.022842,0.119628,74,194,0
38,22,4,0.051282,0.046691,0.137636,74,176,0
38,23,4,0.051282,0.034753,0.169816,74,177,0
38,24,4,0.051282,0.029189,0.172826,74,170,0
38,25,4,0.051282,0.009417,0.150381,74,164,0
38,26,4,0.051282,0.008255,0.112848,74,212,1
38,27,4,0.051282,0.035675,0.090552,74,164,1
38,28,4,0.051282,0.036901,0.095965,74,205,1
38,29,4,0.051282,0.019363,0.133783,74,159,0
38,30,4,0.051282,0.047117,0.128907,74,210,1
38,31,4,0.051282,0.016799,0.131565,74,173,1
38,32,4,0.051282,0.036211,0.118372,74,198,1
38,33,4,0.051282,0.023812,0.137237,74,172,0
38,34,4,0.051282,0.014922,0.134005,74,199,1
38,35,4,0.051282,0.045092,0.152671,74,172,1
38,36,4,0.051282,0.017374,0.109965,74,200,1
38,37,4,0.051282,0.041865,0.080807,74,179,1
38,38,4,0.051282,0.027324,0.113520,74,172,1
38,39,4,0.051282,0.032062,0.104335,74,194,0
38,40,4,0.051282,0.036901,0.082311,74,159,0
38,41,4,0.051282,0.004052,0.062839,74,191,0
38,42,4,0.051282,0.009348,0.055373,74,166,0
38,43,4,0.051282,0.034499,0.105215,74,197,0
38,44,4,0.051282,0.020113,0.135565,74,157,0
38,45,4,0.051282,0.037770,0.100982,74,190,0
38,46,4,0.051282,0.044739,0.115554,74,170,0
38,47,4,0.051282,0.033552,0.111972,74,192,0
38,48,4,0.051282,0.038860,0.105912,74,173,0
38,49,4,0.051282,0.023965,0.135267,74,176,0
38,50,4,0.051282,0.025613,0.129886,74,177,0
38,51,4,0.051282,0.014996,0.119820,74,165,0
38,52,4,0.051282,0.000000,0.059875,74,161,1
38,53,4,0.051282,0.000000,0.037563,74,151,1
38,54,4,0.051282,0.037155,0.097528,74,164,1
38,55,4,0.051282,0.049297,0.081965,74,155,1
38,56,4,0.051282,0.000000,0.067714,74,162,1
38,57,4,0.051282,0.010365,0.063710,74,158,1
38,58,4,0.051282,0.025298,0.140143,74,150,1
38,59,4,0.051282,0.012743,0.121165,74,146,1
38,60,4,0.051282,0.053515,0.075890,74,160,1
38,61,4,0.051282,0.028727,0.136740,74,150,1
38,62,4,0.051282,0.027028,0.094512,74,150,1
38,63,4,0.051282,0.033552,0.087707,74,152,1
38,64,4,0.051282,0.034125,0.108233,74,158,1
38,65,3,0.038462,0.001449,0.144514,75,222,0
38,66,3,0.038462,0.000000,0.132373,75,221,0
38,67,3,0.038462,0.000000,0.105582,75,234,0
38,68,3,0.038462,0.013627,0.095217,75,230,0
38,69,3,0.038462,0.013955,0.157257,75,219,0
38,70,3,0.038462,0.040514,0.157670,75,222,0
38,71,3,0.038462,0.021887,0.134309,75,231,0
38,72,3,0.038462,0.000000,0.148732,75,228,0
38,73,3,0.038462,0.039158,0.141512,75,233,0
38,74,3,0.038462,0.040655,0.147544,75,236,0
38,75,3,0.038462,0.053117,0.158069,75,236,0
38,76,3,0.038462,0.005539,0.182857,75,242,0
38,77,3,0.038462,0.000000,0.155798,75,228,0
38,78,13,0.166667,0.095217,0.229901,65,124,1
39,0,4,0.051282,0.055564,0.143384,74,237,1
39,1,4,0.051282,0.030899,0.144466,74,149,0
39,2,4,0.051282,0.043892,0.145857,74,228,0
39,3,4,0.051282,0.047655,0.153477,74,155,0
39,4,4,0.051282,0.009608,0.137207,74,218,1
39,5,4,0.051282,0.062119,0.132922,74,164,1
39,6,4,0.051282,0.036661,0.149121,74,221,0
39,7,4,0.051282,0.028765,0.108448,74,169,0
39,8,4,0.051282,0.019168,0.125479,74,212,1
39,9,4,0.051282,0.028816,0.196049,74,174,1
39,10,4,0.051282,0.067789,0.178454,74,199,0
39,11,4,0.051282,0.040374,0.165022,74,182,0
39,12,4,0.051282,0.073745,0.172962,74,161,1
39,13,4,0.051282,0.045010,0.133777,74,207,1
39,14,4,0.051282,0.034814,0.151357,74,152,0
39,15,4,0.051282,0.000000,0.142896,74,209,0
39,16,4,0.051282,0.030016,0.110476,74,147,0
39,17,4,0.051282,0.043294,0.130107,74,204,1
39,18,4,0.051282,0.018025,0.151232,74,165,0
39,19,4,0.051282,0.052368,0.158504,74,194,0
39,20,4,0.051282,0.030772,0.089474,74,157,0
39,21,4,0.051282,0.036378,0.125451,74,194,1
39,22,4,0.051282,0.040162,0.141638,74,176,1
39,23,4,0.051282,0.039231,0.165121,74,177,0
39,24,4,0.051282,0.025568,0.142237,74,170,0
39,25,4,0.051282,0.035731,0.141794,74,164,1
39,26,4,0.051282,0.015845,0.125834,74,213,1
39,27,4,0.051282,0.026783,0.072494,74,165,0
39,28,4,0.051282,0.036056,0.107100,74,206,1
39,29,4,0.051282,0.028441,0.157001,74,159,0
39,30,4,0.051282,0.029459,0.115770,74,211,1
39,31,4,0.051282,0.023095,0.100121,74,174,1
39,32,4,0.051282,0.034623,0.100726,74,199,0
39,33,4,0.051282,0.025247,0.162118,74,172,0
39,34,4,0.051282,0.031238,0.120069,74,200,1
39,35,4,0.051282,0.044474,0.144249,74,173,1
39,36,4,0.051282,0.002565,0.103368,74,201,0
39,37,4,0.051282,0.031066,0.103283,74,180,0
39,38,4,0.051282,0.018085,0.116589,74,173,1
39,39,4,0.051282,0.014285,0.091409,74,194,1
39,40,4,0.051282,0.036056,0.100466,74,159,0
39,41,4,0.051282,0.013199,0.072299,74,191,0
39,42,4,0.051282,0.024948,0.081006,74,166,0
39,43,4,0.051282,0.054412,0.114385,74,197,1
39,44,4,0.051282,0.018204,0.117267,74,157,0
39,45,4,0.051282,0.034554,0.118021,74,190,0
39,46,4,0.051282,0.030035,0.107172,74,170,0
39,47,4,0.051282,0.028034,0.108859,74,192,1
39,48,4,0.051282,0.024335,0.084363,74,173,0
39,49,4,0.051282,0.018096,0.127133,74,176,0
39,50,4,0.051282,0.033694,0.114489,74,177,0
39,51,4,0.051282,0.003141,0.092967,74,165,0
39,52,4,0.051282,0.017851,0.091708,74,162,1
39,53,4,0.051282,0.000000,0.035291,74,152,0
39,54,4,0.051282,0.030715,0.084965,74,165,1
39,55,4,0.051282,0.036185,0.081299,74,156,0
39,56,4,0.051282,0.017851,0.085686,74,163,1
39,57,4,0.051282,0.022421,0.083646,74,159,1
39,58,4,0.051282,0.015873,0.117398,74,151,1
39,59,4,0.051282,0.024512,0.126940,74,147,0
39,60,4,0.051282,0.028624,0.063729,74,161,1
39,61,4,0.051282,0.028032,0.130426,74,151,1
39,62,4,0.051282,0.031302,0.071630,74,151,1
39,63,4,0.051282,0.028034,0.070873,74,153,0
39,64,4,0.051282,0.036542,0.093673,74,159,1
39,65,3,0.038462,0.007807,0.132640,75,222,0
39,66,3,0.038462,0.000000,0.145020,75,221,0
39,67,3,0.038462,0.000000,0.118876,75,234,0
39,68,3,0.038462,0.030704,0.132157,75,230,0
39,69,3,0.038462,0.004795,0.157153,75,219,0
39,70,3,0.038462,0.030704,0.143043,75,222,0
39,71,3,0.038462,0.035894,0.146907,75,231,0
39,72,3,0.038462,0.000000,0.142930,75,228,0
39,73,3,0.038462,0.039699,0.149001,75,233,0
39,74,3,0.038462,0.044154,0.143630,75,236,0
39,75,3,0.038462,0.041883,0.161028,75,236,0
39,76,3,0.038462,0.000000,0.161621,75,242,0
39,77,3,0.038462,0.000000,0.155791,75,228,0
39,78,13,0.166667,0.096455,0.235639,65,125,1
40,0,4,0.051282,0.042597,0.151552,74,238,0
40,1,4,0.051282,0.041273,0.144901,74,149,1
40,2,4,0.051282,0.039419,0.152354,74,228,0
40,3,4,0.051282,0.065709,0.154029,74,155,1
40,4,4,0.051282,0.022421,0.140189,74,219,0
40,5,4,0.051282,0.050626,0.146469,74,165,1
40,6,4,0.051282,0.038453,0.136988,74,221,0
40,7,4,0.051282,0.023018,0.120320,74,169,0
40,8,4,0.051282,0.037984,0.122306,74,213,1
40,9,4,0.051282,0.000000,0.168868,74,175,1
40,10,4,0.051282,0.046382,0.133407,74,199,0
40,11,4,0.051282,0.041735,0.136901,74,182,0
40,12,4,0.051282,0.078876,0.145958,74,162,1
40,13,4,0.051282,0.045827,0.158223,74,208,0
40,14,4,0.051282,0.025313,0.126095,74,152,1
40,15,4,0.051282,0.017058,0.153288,74,209,0
40,16,4,0.051282,0.019256,0.111125,74,147,0
40,17,4,0.051282,0.043184,0.142053,74,205,0
40,18,4,0.051282,0.035141,0.129320,74,165,1
40,19,4,0.051282,0.051539,0.112902,74,194,0
40,20,4,0.051282,0.032206,0.119910,74,157,0
40,21,4,0.051282,0.016731,0.125585,74,195,0
40,22,4,0.051282,0.051221,0.138292,74,177,1
40,23,4,0.051282,0.032493,0.141033,74,177,0
40,24,4,0.051282,0.025347,0.178756,74,170,0
40,25,4,0.051282,0.003311,0.136484,74,165,0
40,26,4,0.051282,0.021848,0.099026,74,214,0
40,27,4,0.051282,0.034620,0.108479,74,165,1
40,28,4,0.051282,0.022230,0.103728,74,207,0
40,29,4,0.051282,0.016621,0.145189,74,159,1
40,30,4,0.051282,0.024259,0.104637,74,212,1
40,31,4,0.051282,0.026769,0.135239,74,175,1
40,32,4,0.051282,0.029218,0.143973,74,199,0
40,33,4,0.051282,0.036705,0.133110,74,172,1
40,34,4,0.051282,0.035246,0.117058,74,201,1
40,35,4,0.051282,0.035507,0.130881,74,174,1
40,36,4,0.051282,0.024239,0.112028,74,201,0
40,37,4,0.051282,0.024127,0.063886,74,180,1
40,38,4,0.051282,0.026651,0.116299,74,174,1
40,39,4,0.051282,0.005898,0.090313,74,195,0
40,40,4,0.051282,0.022230,0.091052,74,159,0
40,41,4,0.051282,0.039696,0.085919,74,191,0
40,42,4,0.051282,0.032226,0.080798,74,166,0
40,43,4,0.051282,0.050279,0.112831,74,198,0
40,44,4,0.051282,0.021043,0.104108,74,157,0
40,45,4,0.051282,0.026946,0.113100,74,190,0
40,46,4,0.051282,0.020948,0.094034,74,170,0
40,47,4,0.051282,0.022916,0.105738,74,193,0
40,48,4,0.051282,0.036568,0.106760,74,173,0
40,49,4,0.051282,0.019903,0.131572,74,176,0
40,50,4,0.051282,0.038557,0.121248,74,177,0
40,51,4,0.051282,0.020929,0.100947,74,165,0
40,52,4,0.051282,0.017951,0.089297,74,163,1
40,53,4,0.051282,0.001558,0.070975,74,152,1
40,54,4,0.051282,0.029022,0.079044,74,166,1
40,55,4,0.051282,0.037514,0.083086,74,156,1
40,56,4,0.051282,0.016740,0.086803,74,164,1
40,57,4,0.051282,0.022972,0.094551,74,160,1
40,58,4,0.051282,0.023638,0.138725,74,152,1
40,59,4,0.051282,0.021991,0.109689,74,147,1
40,60,4,0.051282,0.017789,0.059505,74,162,1
40,61,4,0.051282,0.027853,0.112253,74,152,1
40,62,4,0.051282,0.029665,0.104051,74,152,1
40,63,4,0.051282,0.022916,0.078811,74,153,1
40,64,4,0.051282,0.041562,0.095955,74,160,1
40,65,3,0.038462,0.025381,0.147501,75,222,0
40,66,3,0.038462,0.001211,0.155402,75,221,0
40,67,3,0.038462,0.000000,0.132959,75,234,0
40,68,3,0.038462,0.033629,0.143119,75,230,0
40,69,3,0.038462,0.001527,0.167934,75,219,0
40,70,3,0.038462,0.034559,0.161089,75,222,0
40,71,3,0.038462,0.027908,0.159254,75,231,0
40,72,3,0.038462,0.000000,0.142958,75,228,0
40,73,3,0.038462,0.034967,0.153336,75,233,0
40,74,3,0.038462,0.046554,0.161731,75,236,0
40,75,3,0.038462,0.037496,0.177844,75,236,0
40,76,3,0.038462,0.000000,0.167780,75,242,0
40,77,3,0.038462,0.000000,0.161010,75,228,0
40,78,13,0.166667,0.108429,0.243233,65,126,1
41,0,4,0.051282,0.027539,0.129492,74,238,1
41,1,4,0.051282,0.033967,0.148384,74,150,0
41,2,4,0.051282,0.061055,0.157893,74,228,0
41,3,4,0.051282,0.050647,0.156425,74,156,0
41,4,4,0.051282,0.044640,0.156341,74,219,1
41,5,4,0.051282,0.062374,0.160644,74,166,1
41,6,4,0.051282,0.036848,0.136333,74,221,0
41,7,4,0.051282,0.044741,0.143605,74,169,0
41,8,4,0.051282,0.027923,0.152493,74,214,1
41,9,4,0.051282,0.008334,0.160054,74,176,1
41,10,4,0.051282,0.035322,0.125226,74,199,0
41,11,4,0.051282,0.042678,0.154731,74,182,0
41,12,4,0.051282,0.072559,0.150062,74,163,1
41,13,4,0.051282,0.044532,0.142229,74,208,1
41,14,4,0.051282,0.017339,0.133318,74,153,0
41,15,4,0.051282,0.015258,0.151430,74,209,0
41,16,4,0.051282,0.027539,0.098391,74,147,0
41,17,4,0.051282,0.039714,0.145144,74,205,1
41,18,4,0.051282,0.044214,0.133065,74,166,1
41,19,4,0.051282,0.047484,0.130377,74,194,0
41,20,4,0.051282,0.033413,0.123910,74,157,0
41,21,4,0.051282,0.031328,0.132457,74,195,1
41,22,4,0.051282,0.021412,0.123472,74,178,1
41,23,4,0.051282,0.040400,0.138070,74,177,0
41,24,4,0.051282,0.031661,0.170367,74,170,0
41,25,4,0.051282,0.022921,0.132012,74,165,1
41,26,4,0.051282,0.025951,0.098167,74,214,0
41,27,4,0.051282,0.033798,0.112122,74,166,0
41,28,4,0.051282,0.018773,0.101425,74,207,0
41,29,4,0.051282,0.023816,0.149373,74,160,0
41,30,4,0.051282,0.000261,0.110817,74,213,0
41,31,4,0.051282,0.021291,0.131113,74,176,0
41,32,4,0.051282,0.016390,0.128035,74,199,0
41,33,4,0.051282,0.025940,0.133534,74,173,0
41,34,4,0.051282,0.051086,0.116421,74,202,1
41,35,4,0.051282,0.038378,0.121331,74,175,1
41,36,4,0.051282,0.034913,0.100799,74,201,0
41,37,4,0.051282,0.019098,0.078511,74,181,0
41,38,4,0.051282,0.018800,0.113725,74,175,1
41,39,4,0.051282,0.011741,0.111497,74,195,1
41,40,4,0.051282,0.018773,0.091542,74,159,1
41,41,4,0.051282,0.040590,0.105723,74,191,1
41,42,4,0.051282,0.034516,0.072933,74,166,1
41,43,4,0.051282,0.053386,0.101103,74,198,1
41,44,4,0.051282,0.021100,0.076750,74,157,1
41,45,4,0.051282,0.027781,0.114700,74,190,0
41,46,4,0.051282,0.015349,0.069711,74,170,0
41,47,4,0.051282,0.009105,0.071967,74,193,1
41,48,4,0.051282,0.041310,0.121964,74,173,1
41,49,4,0.051282,0.005666,0.122542,74,176,0
41,50,4,0.051282,0.035998,0.110492,74,177,0
41,51,4,0.051282,0.015156,0.110651,74,165,1
41,52,4,0.051282,0.028357,0.091639,74,164,0
41,53,4,0.051282,0.020360,0.088320,74,153,0
41,54,4,0.051282,0.018461,0.071468,74,167,0
41,55,4,0.051282,0.033523,0.115237,74,157,0
41,56,4,0.051282,0.018364,0.078222,74,165,0
41,57,4,0.051282,0.030273,0.106157,74,161,0
41,58,4,0.051282,0.023127,0.139234,74,153,0
41,59,4,0.051282,0.017824,0.096677,74,148,0
41,60,4,0.051282,0.000000,0.051347,74,163,1
41,61,4,0.051282,0.024758,0.098107,74,153,0
41,62,4,0.051282,0.047535,0.113993,74,153,0
41,63,4,0.051282,0.009105,0.046630,74,154,0
41,64,4,0.051282,0.040606,0.068538,74,161,1
41,65,3,0.038462,0.035989,0.170354,75,222,1
41,66,3,0.038462,0.009993,0.163288,75,221,1
41,67,3,0.038462,0.000000,0.167104,75,234,1
41,68,3,0.038462,0.028357,0.163192,75,230,1
41,69,3,0.038462,0.014121,0.167817,75,219,1
41,70,3,0.038462,0.021602,0.158058,75,222,1
41,71,3,0.038462,0.037786,0.171501,75,231,1
41,72,3,0.038462,0.000000,0.134835,75,228,0
41,73,3,0.038462,0.020064,0.143400,75,233,1
41,74,3,0.038462,0.055223,0.187132,75,236,1
41,75,3,0.038462,0.026875,0.181835,75,236,0
41,76,3,0.038462,0.000000,0.157077,75,242,0
41,77,3,0.038462,0.002305,0.173111,75,228,1
41,78,13,0.166667,0.116471,0.252314,65,127,0
42,0,4,0.051282,0.039686,0.154756,74,239,0
42,1,4,0.051282,0.037217,0.162748,74,150,1
42,2,4,0.051282,0.051289,0.160408,74,228,0
42,3,4,0.051282,0.044820,0.148346,74,156,1
42,4,4,0.051282,0.045656,0.150599,74,220,0
42,5,4,0.051282,0.055584,0.170230,74,167,1
42,6,4,0.051282,0.044325,0.158547,74,221,0
42,7,4,0.051282,0.030967,0.112375,74,169,0
42,8,4,0.051282,0.004340,0.131589,74,215,0
42,9,4,0.051282,0.036940,0.171080,74,177,1
42,10,4,0.051282,0.044631,0.172038,74,199,0
42,11,4,0.051282,0.036434,0.152616,74,182,0
42,12,4,0.051282,0.075694,0.144155,74,164,1
42,13,4,0.051282,0.045251,0.131161,74,209,0
42,14,4,0.051282,0.033033,0.140974,74,153,1
42,15,4,0.051282,0.026521,0.168693,74,209,0
42,16,4,0.051282,0.039686,0.147359,74,147,1
42,17,4,0.051282,0.017753,0.109478,74,206,0
42,18,4,0.051282,0.034575,0.134282,74,167,1
42,19,4,0.051282,0.048095,0.141454,74,194,0
42,20,4,0.051282,0.035126,0.116320,74,157,1
42,21,4,0.051282,0.044626,0.124011,74,196,1
42,22,4,0.051282,0.031447,0.150645,74,179,1
42,23,4,0.051282,0.034029,0.147789,74,177,0
42,24,4,0.051282,0.029062,0.138359,74,170,0
42,25,4,0.051282,0.027956,0.152314,74,166,1
42,26,4,0.051282,0.032857,0.118810,74,214,0
42,27,4,0.051282,0.040957,0.097585,74,166,1
42,28,4,0.051282,0.017142,0.097972,74,207,0
42,29,4,0.051282,0.008168,0.123469,74,160,0
42,30,4,0.051282,0.029160,0.126683,74,213,0
42,31,4,0.051282,0.034936,0.117555,74,176,1
42,32,4,0.051282,0.021526,0.115489,74,199,0
42,33,4,0.051282,0.025524,0.134295,74,173,0
42,34,4,0.051282,0.037164,0.130511,74,203,0
42,35,4,0.051282,0.013994,0.121617,74,176,1
42,36,4,0.051282,0.040164,0.110821,74,201,0
42,37,4,0.051282,0.031086,0.116163,74,181,0
42,38,4,0.051282,0.021160,0.111903,74,176,0
42,39,4,0.051282,0.016956,0.109341,74,196,0
42,40,4,0.051282,0.017142,0.066755,74,160,1
42,41,4,0.051282,0.008856,0.085582,74,192,0
42,42,4,0.051282,0.028950,0.077102,74,167,1
42,43,4,0.051282,0.043508,0.100015,74,199,1
42,44,4,0.051282,0.013222,0.094809,74,158,1
42,45,4,0.051282,0.034083,0.077980,74,190,0
42,46,4,0.051282,0.022921,0.114435,74,170,1
42,47,4,0.051282,0.028408,0.100814,74,194,1
42,48,4,0.051282,0.036244,0.130293,74,174,1
42,49,4,0.051282,0.005410,0.096371,74,176,0
42,50,4,0.051282,0.043402,0.125328,74,177,1
42,51,4,0.051282,0.015174,0.127064,74,166,1
42,52,4,0.051282,0.001810,0.073347,74,164,0
42,53,4,0.051282,0.009689,0.051477,74,153,0
42,54,4,0.051282,0.014946,0.061060,74,167,0
42,55,4,0.051282,0.050527,0.103612,74,157,0
42,56,4,0.051282,0.013275,0.090591,74,165,0
42,57,4,0.051282,0.000000,0.054279,74,161,0
42,58,4,0.051282,0.041196,0.130337,74,153,0
42,59,4,0.051282,0.015797,0.119531,74,148,0
42,60,4,0.051282,0.034837,0.080466,74,164,0
42,61,4,0.051282,0.029051,0.082508,74,153,0
42,62,4,0.051282,0.027407,0.104270,74,153,0
42,63,4,0.051282,0.028408,0.073677,74,154,0
42,64,4,0.051282,0.032167,0.080524,74,162,0
42,65,3,0.038462,0.025628,0.165309,75,223,1
42,66,3,0.038462,0.002678,0.121849,75,222,1
42,67,3,0.038462,0.000036,0.114782,75,235,1
42,68,3,0.038462,0.024578,0.120178,75,231,1
42,69,3,0.038462,0.017519,0.171416,75,220,1
42,70,3,0.038462,0.028018,0.161235,75,223,1
42,71,3,0.038462,0.011304,0.134144,75,232,1
42,72,3,0.038462,0.014143,0.153205,75,228,1
42,73,3,0.038462,0.030096,0.149297,75,234,1
42,74,3,0.038462,0.052853,0.173696,75,237,1
42,75,3,0.038462,0.031712,0.166310,75,236,1
42,76,3,0.038462,0.000000,0.172097,75,242,1
42,77,3,0.038462,0.000000,0.160908,75,229,1
42,78,13,0.166667,0.105093,0.238564,65,127,0
43,0,4,0.051282,0.029154,0.138868,74,239,0
43,1,4,0.051282,0.032073,0.134367,74,151,1
43,2,4,0.051282,0.065075,0.160040,74,228,0
43,3,4,0.051282,0.042106,0.146764,74,157,1
43,4,4,0.051282,0.037732,0.155184,74,220,0
43,5,4,0.051282,0.058470,0.143912,74,168,1
43,6,4,0.051282,0.026066,0.141812,74,221,0
43,7,4,0.051282,0.050807,0.138584,74,169,1
43,8,4,0.051282,0.022577,0.155326,74,215,0
43,9,4,0.051282,0.016617,0.155637,74,178,1
43,10,4,0.051282,0.053349,0.142839,74,199,0
43,11,4,0.051282,0.042499,0.151344,74,182,0
43,12,4,0.051282,0.071471,0.162897,74,165,1
43,13,4,0.051282,0.031178,0.138653,74,209,0
43,14,4,0.051282,0.029801,0.141791,74,154,1
43,15,4,0.051282,0.008961,0.148534,74,209,0
43,16,4,0.051282,0.034888,0.101374,74,148,1
43,17,4,0.051282,0.048700,0.135063,74,206,0
43,18,4,0.051282,0.039696,0.131059,74,168,1
43,19,4,0.051282,0.043811,0.120745,74,194,0
43,20,4,0.051282,0.027382,0.112074,74,158,0
43,21,4,0.051282,0.029574,0.133879,74,197,0
43,22,4,0.051282,0.027029,0.129120,74,180,1
43,23,4,0.051282,0.032412,0.135482,74,177,0
43,24,4,0.051282,0.034637,0.167758,74,170,0
43,25,4,0.051282,0.027722,0.143825,74,167,1
43,26,4,0.051282,0.034488,0.113685,74,214,0
43,27,4,0.051282,0.037782,0.080534,74,167,1
43,28,4,0.051282,0.013074,0.100237,74,207,0
43,29,4,0.051282,0.026692,0.142615,74,160,1
43,30,4,0.051282,0.000000,0.117644,74,213,0
43,31,4,0.051282,0.020209,0.135311,74,177,1
43,32,4,0.051282,0.026844,0.118365,74,199,0
43,33,4,0.051282,0.015458,0.137024,74,173,1
43,34,4,0.051282,0.051765,0.113785,74,203,1
43,35,4,0.051282,0.025448,0.140306,74,177,1
43,36,4,0.051282,0.022861,0.103888,74,201,0
43,37,4,0.051282,0.025116,0.081643,74,181,0
43,38,4,0.051282,0.021945,0.096662,74,176,1
43,39,4,0.051282,0.018905,0.108701,74,196,0
43,40,4,0.051282,0.018808,0.096616,74,161,0
43,41,4,0.051282,0.021490,0.093912,74,192,0
43,42,4,0.051282,0.030188,0.078023,74,168,0
43,43,4,0.051282,0.043832,0.093915,74,200,0
43,44,4,0.051282,0.011932,0.091014,74,159,0
43,45,4,0.051282,0.061049,0.108035,74,190,0
43,46,4,0.051282,0.025186,0.086657,74,171,0
43,47,4,0.051282,0.014917,0.076900,74,195,0
43,48,4,0.051282,0.039708,0.106954,74,175,0
43,49,4,0.051282,0.003034,0.121384,74,176,0
43,50,4,0.051282,0.026579,0.125597,74,178,0
43,51,4,0.051282,0.009430,0.091234,74,167,0
43,52,4,0.051282,0.026867,0.085861,74,164,1
43,53,4,0.051282,0.013871,0.083228,74,153,1
43,54,4,0.051282,0.022187,0.071838,74,167,1
43,55,4,0.051282,0.030356,0.103266,74,157,1
43,56,4,0.051282,0.016668,0.082040,74,165,1
43,57,4,0.051282,0.022049,0.102852,74,161,1
43,58,4,0.051282,0.028909,0.120876,74,153,1
43,59,4,0.051282,0.021409,0.108851,74,148,1
43,60,4,0.051282,0.018224,0.051765,74,164,1
43,61,4,0.051282,0.040328,0.124200,74,153,1
43,62,4,0.051282,0.028339,0.087474,74,153,1
43,63,4,0.051282,0.014917,0.057228,74,154,1
43,64,4,0.051282,0.033663,0.088941,74,162,1
43,65,3,0.038462,0.023309,0.162184,75,224,0
43,66,3,0.038462,0.010199,0.167010,75,223,0
43,67,3,0.038462,0.019524,0.153877,75,236,0
43,68,3,0.038462,0.026666,0.161492,75,232,0
43,69,3,0.038462,0.017220,0.169722,75,221,0
43,70,3,0.038462,0.030899,0.169052,75,224,0
43,71,3,0.038462,0.000789,0.180334,75,233,0
43,72,3,0.038462,0.000000,0.152849,75,229,0
43,73,3,0.038462,0.032881,0.154283,75,235,0
43,74,3,0.038462,0.038337,0.175205,75,238,0
43,75,3,0.038462,0.059327,0.191947,75,237,0
43,76,3,0.038462,0.000000,0.169843,75,243,0
43,77,3,0.038462,0.000000,0.161214,75,230,0
43,78,13,0.166667,0.117957,0.259151,65,127,1
44,0,4,0.051282,0.042507,0.143802,74,239,1
44,1,4,0.051282,0.048088,0.143931,74,152,0
44,2,4,0.051282,0.043475,0.167256,74,228,1
44,3,4,0.051282,0.030572,0.146985,74,158,0
44,4,4,0.051282,0.030517,0.146390,74,220,1
44,5,4,0.051282,0.059362,0.143492,74,169,0
44,6,4,0.051282,0.035958,0.113251,74,221,1
44,7,4,0.051282,0.035389,0.164148,74,170,0
44,8,4,0.051282,0.052399,0.154151,74,215,1
44,9,4,0.051282,0.000000,0.143662,74,179,0
44,10,4,0.051282,0.023246,0.112825,74,199,0
44,11,4,0.051282,0.060773,0.193668,74,182,0
44,12,4,0.051282,0.076853,0.146522,74,166,1
44,13,4,0.051282,0.036901,0.135841,74,209,1
44,14,4,0.051282,0.021645,0.136200,74,155,0
44,15,4,0.051282,0.021047,0.140236,74,209,1
44,16,4,0.051282,0.043497,0.126793,74,149,0
44,17,4,0.051282,0.037060,0.130476,74,206,1
44,18,4,0.051282,0.038161,0.107281,74,169,0
44,19,4,0.051282,0.043013,0.112321,74,194,1
44,20,4,0.051282,0.036932,0.119210,74,158,0
44,21,4,0.051282,0.044173,0.157348,74,197,1
44,22,4,0.051282,0.015728,0.117611,74,181,0
44,23,4,0.051282,0.041445,0.143459,74,177,0
44,24,4,0.051282,0.021058,0.177070,74,170,0
44,25,4,0.051282,0.020244,0.157759,74,168,0
44,26,4,0.051282,0.039874,0.110928,74,214,1
44,27,4,0.051282,0.021015,0.099995,74,168,0
44,28,4,0.051282,0.010343,0.089259,74,207,1
44,29,4,0.051282,0.036167,0.130811,74,161,0
44,30,4,0.051282,0.013894,0.135164,74,213,1
44,31,4,0.051282,0.011772,0.130840,74,178,0
44,32,4,0.051282,0.017504,0.120687,74,199,1
44,33,4,0.051282,0.028348,0.127989,74,174,0
44,34,4,0.051282,0.022400,0.112665,74,204,1
44,35,4,0.051282,0.041187,0.130735,74,178,0
44,36,4,0.051282,0.040903,0.111529,74,201,1
44,37,4,0.051282,0.032838,0.093275,74,181,0
44,38,4,0.051282,0.025418,0.106366,74,177,1
44,39,4,0.051282,0.012073,0.097358,74,196,0
44,40,4,0.051282,0.011333,0.081077,74,161,0
44,41,4,0.051282,0.029974,0.097734,74,192,0
44,42,4,0.051282,0.034452,0.087711,74,168,0
44,43,4,0.051282,0.044776,0.100809,74,200,1
44,44,4,0.051282,0.018119,0.095442,74,159,0
44,45,4,0.051282,0.036807,0.135108,74,190,0
44,46,4,0.051282,0.020283,0.082548,74,171,0
44,47,4,0.051282,0.001980,0.084626,74,195,1
44,48,4,0.051282,0.048679,0.145108,74,175,0
44,49,4,0.051282,0.009470,0.119278,74,176,0
44,50,4,0.051282,0.034393,0.077580,74,178,0
44,51,4,0.051282,0.026878,0.118365,74,167,0
44,52,4,0.051282,0.007321,0.062835,74,165,1
44,53,4,0.051282,0.025341,0.085030,74,154,1
44,54,4,0.051282,0.023538,0.068938,74,168,1
44,55,4,0.051282,0.014835,0.101313,74,158,0
44,56,4,0.051282,0.026621,0.091084,74,166,1
44,57,4,0.051282,0.039606,0.106054,74,162,1
44,58,4,0.051282,0.044057,0.146180,74,154,1
44,59,4,0.051282,0.021460,0.083234,74,149,0
44,60,4,0.051282,0.019632,0.086451,74,165,1
44,61,4,0.051282,0.042543,0.088488,74,154,1
44,62,4,0.051282,0.042644,0.127929,74,154,1
44,63,4,0.051282,0.001980,0.047753,74,155,0
44,64,4,0.051282,0.010129,0.062902,74,163,1
44,65,3,0.038462,0.026880,0.144621,75,224,0
44,66,3,0.038462,0.012476,0.135304,75,223,0
44,67,3,0.038462,0.016102,0.169392,75,236,0
44,68,3,0.038462,0.004573,0.138388,75,232,0
44,69,3,0.038462,0.017583,0.140740,75,221,0
44,70,3,0.038462,0.027009,0.172040,75,224,0
44,71,3,0.038462,0.023172,0.186594,75,233,0
44,72,3,0.038462,0.031776,0.150699,75,229,0
44,73,3,0.038462,0.018895,0.127885,75,235,0
44,74,3,0.038462,0.052373,0.191146,75,238,0
44,75,3,0.038462,0.019039,0.157118,75,237,0
44,76,3,0.038462,0.000000,0.134207,75,243,0
44,77,3,0.038462,0.000000,0.149070,75,230,0
44,78,13,0.166667,0.104445,0.249878,65,128,1
45,0,4,0.051282,0.053610,0.141342,74,240,0
45,1,4,0.051282,0.041806,0.130546,74,152,1
45,2,4,0.051282,0.045245,0.147667,74,229,0
45,3,4,0.051282,0.023685,0.135525,74,158,1
45,4,4,0.051282,0.024835,0.127744,74,221,0
45,5,4,0.051282,0.049044,0.130128,74,169,1
45,6,4,0.051282,0.027428,0.146949,74,222,0
45,7,4,0.051282,0.029981,0.125926,74,170,0
45,8,4,0.051282,0.027530,0.141989,74,216,1
45,9,4,0.051282,0.024702,0.159344,74,179,1
45,10,4,0.051282,0.062031,0.152403,74,199,0
45,11,4,0.051282,0.050387,0.161250,74,182,0
45,12,4,0.051282,0.063340,0.164185,74,167,1
45,13,4,0.051282,0.030836,0.131802,74,210,0
45,14,4,0.051282,0.024912,0.147845,74,155,1
45,15,4,0.051282,0.000855,0.143015,74,210,0
45,16,4,0.051282,0.050939,0.143794,74,149,1
45,17,4,0.051282,0.026244,0.103367,74,207,0
45,18,4,0.051282,0.031905,0.130918,74,169,1
45,19,4,0.051282,0.056600,0.124085,74,195,0
45,20,4,0.051282,0.023138,0.104734,74,158,0
45,21,4,0.051282,0.047317,0.125259,74,198,1
45,22,4,0.051282,0.041297,0.149086,74,181,1
45,23,4,0.051282,0.013285,0.153874,74,177,0
45,24,4,0.051282,0.038483,0.141869,74,170,0
45,25,4,0.051282,0.023064,0.173896,74,168,1
45,26,4,0.051282,0.023358,0.115406,74,215,0
45,27,4,0.051282,0.027037,0.095636,74,168,1
45,28,4,0.051282,0.025632,0.096074,74,208,0
45,29,4,0.051282,0.039274,0.107518,74,161,1
45,30,4,0.051282,0.041990,0.130839,74,214,0
45,31,4,0.051282,0.025128,0.113305,74,178,1
45,32,4,0.051282,0.032612,0.120658,74,200,0
45,33,4,0.051282,0.010427,0.125079,74,174,0
45,34,4,0.051282,0.010379,0.126611,74,205,0
45,35,4,0.051282,0.025211,0.119590,74,178,1
45,36,4,0.051282,0.027015,0.127423,74,202,0
45,37,4,0.051282,0.034464,0.120771,74,181,0
45,38,4,0.051282,0.040620,0.110272,74,178,1
45,39,4,0.051282,0.020764,0.114200,74,196,0
45,40,4,0.051282,0.026315,0.075439,74,161,1
45,41,4,0.051282,0.043182,0.106420,74,192,0
45,42,4,0.051282,0.013239,0.096090,74,168,1
45,43,4,0.051282,0.029675,0.102070,74,201,0
45,44,4,0.051282,0.012940,0.126008,74,159,1
45,45,4,0.051282,0.012668,0.115891,74,190,0
45,46,4,0.051282,0.043523,0.120204,74,171,1
45,47,4,0.051282,0.021844,0.090670,74,196,1
45,48,4,0.051282,0.034515,0.126412,74,175,1
45,49,4,0.051282,0.037037,0.096583,74,176,0
45,50,4,0.051282,0.021467,0.088091,74,178,0
45,51,4,0.051282,0.028547,0.108793,74,167,1
45,52,4,0.051282,0.000000,0.064666,74,166,0
45,53,4,0.051282,0.019455,0.072629,74,155,1
45,54,4,0.051282,0.026449,0.069287,74,169,0
45,55,4,0.051282,0.028434,0.086613,74,158,0
45,56,4,0.051282,0.030742,0.112615,74,167,0
45,57,4,0.051282,0.034800,0.093687,74,163,1
45,58,4,0.051282,0.041315,0.128069,74,155,0
45,59,4,0.051282,0.023935,0.112626,74,149,0
45,60,4,0.051282,0.037092,0.098445,74,166,0
45,61,4,0.051282,0.030752,0.086142,74,155,1
45,62,4,0.051282,0.025471,0.113644,74,155,0
45,63,4,0.051282,0.021844,0.082607,74,155,0
45,64,4,0.051282,0.000000,0.061218,74,164,0
45,65,3,0.038462,0.007283,0.144849,75,224,0
45,66,3,0.038462,0.000000,0.123409,75,223,1
45,67,3,0.038462,0.001401,0.151215,75,236,0
45,68,3,0.038462,0.025111,0.127703,75,232,1
45,69,3,0.038462,0.028891,0.149330,75,221,1
45,70,3,0.038462,0.030032,0.164724,75,224,1
45,71,3,0.038462,0.036436,0.162512,75,233,0
45,72,3,0.038462,0.030742,0.164795,75,229,1
45,73,3,0.038462,0.032216,0.142739,75,235,1
45,74,3,0.038462,0.050582,0.163746,75,238,1
45,75,3,0.038462,0.000000,0.127712,75,237,0
45,76,3,0.038462,0.002714,0.134053,75,243,1
45,77,3,0.038462,0.000000,0.144275,75,230,1
45,78,13,0.166667,0.096960,0.245409,65,129,0
46,0,4,0.051282,0.051380,0.152230,74,240,0
46,1,4,0.051282,0.042743,0.148266,74,153,1
46,2,4,0.051282,0.052387,0.130803,74,229,0
46,3,4,0.051282,0.040007,0.146319,74,159,1
46,4,4,0.051282,0.026927,0.157045,74,221,0
46,5,4,0.051282,0.048675,0.147220,74,170,1
46,6,4,0.051282,0.031420,0.128371,74,222,0
46,7,4,0.051282,0.036796,0.135462,74,170,0
46,8,4,0.051282,0.043381,0.150869,74,217,1
46,9,4,0.051282,0.010025,0.158450,74,180,1
46,10,4,0.051282,0.040189,0.139570,74,199,0
46,11,4,0.051282,0.051918,0.156758,74,182,0
46,12,4,0.051282,0.058180,0.163290,74,168,1
46,13,4,0.051282,0.032557,0.144356,74,210,0
46,14,4,0.051282,0.015580,0.139793,74,156,1
46,15,4,0.051282,0.011942,0.151572,74,210,0
46,16,4,0.051282,0.053900,0.145646,74,150,1
46,17,4,0.051282,0.035456,0.120662,74,207,0
46,18,4,0.051282,0.023805,0.131173,74,170,1
46,19,4,0.051282,0.051470,0.119936,74,195,0
46,20,4,0.051282,0.026342,0.130498,74,158,0
46,21,4,0.051282,0.029699,0.138379,74,199,1
46,22,4,0.051282,0.045867,0.133682,74,182,1
46,23,4,0.051282,0.035370,0.146680,74,177,0
46,24,4,0.051282,0.035813,0.161204,74,170,0
46,25,4,0.051282,0.025498,0.148314,74,169,1
46,26,4,0.051282,0.025668,0.105875,74,215,0
46,27,4,0.051282,0.036270,0.085257,74,169,1
46,28,4,0.051282,0.010357,0.095427,74,208,0
46,29,4,0.051282,0.025336,0.124128,74,162,1
46,30,4,0.051282,0.041671,0.118483,74,214,0
46,31,4,0.051282,0.023884,0.115137,74,179,1
46,32,4,0.051282,0.037008,0.129544,74,200,0
46,33,4,0.051282,0.018522,0.130596,74,174,0
46,34,4,0.051282,0.018520,0.126109,74,205,1
46,35,4,0.051282,0.037352,0.140610,74,179,1
46,36,4,0.051282,0.025064,0.131376,74,202,0
46,37,4,0.051282,0.031143,0.103284,74,181,0
46,38,4,0.051282,0.041124,0.122573,74,179,1
46,39,4,0.051282,0.018051,0.106237,74,196,0
46,40,4,0.051282,0.035471,0.070549,74,162,1
46,41,4,0.051282,0.022706,0.078904,74,192,0
46,42,4,0.051282,0.000924,0.085201,74,169,1
46,43,4,0.051282,0.038063,0.104049,74,201,0
46,44,4,0.051282,0.020571,0.116056,74,160,1
46,45,4,0.051282,0.029018,0.112734,74,190,0
46,46,4,0.051282,0.037317,0.106584,74,172,0
46,47,4,0.051282,0.027378,0.092663,74,197,1
46,48,4,0.051282,0.039302,0.124046,74,176,1
46,49,4,0.051282,0.024752,0.130510,74,176,0
46,50,4,0.051282,0.026638,0.116140,74,178,0
46,51,4,0.051282,0.020709,0.102653,74,168,1
46,52,4,0.051282,0.008739,0.067905,74,166,0
46,53,4,0.051282,0.000061,0.052210,74,156,1
46,54,4,0.051282,0.025785,0.098199,74,169,0
46,55,4,0.051282,0.044570,0.079358,74,158,1
46,56,4,0.051282,0.009122,0.070133,74,167,0
46,57,4,0.051282,0.018689,0.070414,74,164,1
46,58,4,0.051282,0.042906,0.143867,74,155,0
46,59,4,0.051282,0.015621,0.115000,74,149,0
46,60,4,0.051282,0.037271,0.064338,74,166,1
46,61,4,0.051282,0.032808,0.112673,74,156,1
46,62,4,0.051282,0.019068,0.101849,74,155,0
46,63,4,0.051282,0.027378,0.082534,74,155,0
46,64,4,0.051282,0.019226,0.094924,74,164,1
46,65,3,0.038462,0.008132,0.141304,75,224,0
46,66,3,0.038462,0.000000,0.131197,75,224,1
46,67,3,0.038462,0.003321,0.115423,75,236,0
46,68,3,0.038462,0.031509,0.114534,75,233,1
46,69,3,0.038462,0.015112,0.156864,75,222,0
46,70,3,0.038462,0.042156,0.165364,75,225,1
46,71,3,0.038462,0.015368,0.148170,75,233,0
46,72,3,0.038462,0.000383,0.143066,75,230,0
46,73,3,0.038462,0.034447,0.139672,75,236,1
46,74,3,0.038462,0.041838,0.158647,75,239,1
46,75,3,0.038462,0.043534,0.148707,75,237,0
46,76,3,0.038462,0.000000,0.153170,75,244,0
46,77,3,0.038462,0.000000,0.143119,75,231,1
46,78,13,0.166667,0.096673,0.235800,65,129,0
47,0,4,0.051282,0.020308,0.118182,74,240,0
47,1,4,0.051282,0.038281,0.102687,74,154,0
47,2,4,0.051282,0.048551,0.151827,74,229,1
47,3,4,0.051282,0.030804,0.140087,74,160,1
47,4,4,0.051282,0.047310,0.139985,74,221,0
47,5,4,0.051282,0.043414,0.119854,74,171,0
47,6,4,0.051282,0.031274,0.161460,74,222,1
47,7,4,0.051282,0.043517,0.147391,74,170,1
47,8,4,0.051282,0.017823,0.173962,74,218,0
47,9,4,0.051282,0.019460,0.150207,74,181,0
47,10,4,0.051282,0.059763,0.157017,74,199,1
47,11,4,0.051282,0.046290,0.138763,74,182,1
47,12,4,0.051282,0.078116,0.162587,74,169,0
47,13,4,0.051282,0.033035,0.141777,74,210,0
47,14,4,0.051282,0.030987,0.146029,74,157,0
47,15,4,0.051282,0.000793,0.142588,74,210,0
47,16,4,0.051282,0.018111,0.143876,74,151,0
47,17,4,0.051282,0.039433,0.118420,74,207,0
47,18,4,0.051282,0.039146,0.129760,74,171,0
47,19,4,0.051282,0.039237,0.100595,74,195,1
47,20,4,0.051282,0.047554,0.116750,74,158,1
47,21,4,0.051282,0.042824,0.125965,74,200,0
47,22,4,0.051282,0.059441,0.149571,74,183,0
47,23,4,0.051282,0.019933,0.137289,74,177,1
47,24,4,0.051282,0.036601,0.155042,74,170,1
47,25,4,0.051282,0.000000,0.159369,74,170,0
47,26,4,0.051282,0.059032,0.120341,74,215,1
47,27,4,0.051282,0.038172,0.100378,74,170,1
47,28,4,0.051282,0.018138,0.092498,74,208,1
47,29,4,0.051282,0.034520,0.126825,74,163,1
47,30,4,0.051282,0.017226,0.128602,74,214,0
47,31,4,0.051282,0.022721,0.110056,74,180,0
47,32,4,0.051282,0.031797,0.136895,74,200,1
47,33,4,0.051282,0.009579,0.118951,74,174,1
47,34,4,0.051282,0.034391,0.126798,74,206,0
47,35,4,0.051282,0.015001,0.109556,74,180,0
47,36,4,0.051282,0.026737,0.132974,74,202,1
47,37,4,0.051282,0.026579,0.097720,74,181,1
47,38,4,0.051282,0.024712,0.103147,74,180,0
47,39,4,0.051282,0.033107,0.104352,74,196,0
47,40,4,0.051282,0.018138,0.098945,74,163,0
47,41,4,0.051282,0.033443,0.114168,74,192,0
47,42,4,0.051282,0.053105,0.122812,74,170,0
47,43,4,0.051282,0.021250,0.095716,74,201,0
47,44,4,0.051282,0.004228,0.114419,74,161,0
47,45,4,0.051282,0.036583,0.105606,74,190,0
47,46,4,0.051282,0.009833,0.118834,74,172,0
47,47,4,0.051282,0.015444,0.086313,74,198,0
47,48,4,0.051282,0.034080,0.130378,74,177,0
47,49,4,0.051282,0.013802,0.080242,74,176,0
47,50,4,0.051282,0.032811,0.090931,74,178,1
47,51,4,0.051282,0.039453,0.097894,74,169,0
47,52,4,0.051282,0.000000,0.091907,74,166,1
47,53,4,0.051282,0.014754,0.095012,74,157,1
47,54,4,0.051282,0.021775,0.055051,74,169,1
47,55,4,0.051282,0.016905,0.094650,74,159,1
47,56,4,0.051282,0.046554,0.130155,74,167,1
47,57,4,0.051282,0.038520,0.108546,74,165,1
47,58,4,0.051282,0.042709,0.118861,74,155,1
47,59,4,0.051282,0.034712,0.076542,74,149,1
47,60,4,0.051282,0.020663,0.089197,74,167,0
47,61,4,0.051282,0.029364,0.080004,74,157,1
47,62,4,0.051282,0.029134,0.123331,74,155,1
47,63,4,0.051282,0.015444,0.069937,74,155,1
47,64,4,0.051282,0.011164,0.052617,74,165,0
47,65,3,0.038462,0.013556,0.129589,75,224,0
47,66,3,0.038462,0.000000,0.119705,75,225,0
47,67,3,0.038462,0.014906,0.151204,75,236,0
47,68,3,0.038462,0.020663,0.144484,75,234,0
47,69,3,0.038462,0.026738,0.149547,75,222,0
47,70,3,0.038462,0.032685,0.162413,75,226,0
47,71,3,0.038462,0.023614,0.165815,75,233,0
47,72,3,0.038462,0.046554,0.165147,75,230,0
47,73,3,0.038462,0.013111,0.148085,75,237,0
47,74,3,0.038462,0.047869,0.169773,75,240,0
47,75,3,0.038462,0.006004,0.138459,75,237,0
47,76,3,0.038462,0.000000,0.129758,75,244,0
47,77,3,0.038462,0.001929,0.142508,75,232,0
47,78,13,0.166667,0.097930,0.247630,65,129,1
48,0,4,0.051282,0.051150,0.134951,74,240,1
48,1,4,0.051282,0.053163,0.136697,74,154,0
48,2,4,0.051282,0.051123,0.158344,74,230,1
48,3,4,0.051282,0.017037,0.134000,74,161,0
48,4,4,0.051282,0.012857,0.137786,74,221,0
48,5,4,0.051282,0.051110,0.130332,74,171,0
48,6,4,0.051282,0.027892,0.147518,74,223,1
48,7,4,0.051282,0.043686,0.137228,74,171,1
48,8,4,0.051282,0.042088,0.159801,74,218,0
48,9,4,0.051282,0.019238,0.152603,74,181,0
48,10,4,0.051282,0.054135,0.137654,74,200,1
48,11,4,0.051282,0.053152,0.168703,74,183,1
48,12,4,0.051282,0.063535,0.167874,74,169,0
48,13,4,0.051282,0.031378,0.125736,74,210,0
48,14,4,0.051282,0.012370,0.148628,74,157,0
48,15,4,0.051282,0.003046,0.149028,74,210,0
48,16,4,0.051282,0.052381,0.136549,74,151,0
48,17,4,0.051282,0.038615,0.101930,74,207,0
48,18,4,0.051282,0.041702,0.126132,74,171,0
48,19,4,0.051282,0.048270,0.118022,74,196,1
48,20,4,0.051282,0.024682,0.115070,74,159,0
48,21,4,0.051282,0.043668,0.144883,74,200,0
48,22,4,0.051282,0.035469,0.133998,74,183,0
48,23,4,0.051282,0.022305,0.141845,74,178,1
48,24,4,0.051282,0.038281,0.148100,74,171,1
48,25,4,0.051282,0.019412,0.159344,74,170,0
48,26,4,0.051282,0.030133,0.117851,74,216,1
48,27,4,0.051282,0.031392,0.089168,74,171,1
48,28,4,0.051282,0.016222,0.090874,74,209,1
48,29,4,0.051282,0.024144,0.125529,74,164,1
48,30,4,0.051282,0.042409,0.135081,74,214,1
48,31,4,0.051282,0.013364,0.117105,74,180,0
48,32,4,0.051282,0.030895,0.134016,74,201,1
48,33,4,0.051282,0.017063,0.124048,74,175,1
48,34,4,0.051282,0.017715,0.111848,74,206,0
48,35,4,0.051282,0.034311,0.117085,74,180,0
48,36,4,0.051282,0.021076,0.133596,74,203,1
48,37,4,0.051282,0.030982,0.108631,74,182,1
48,38,4,0.051282,0.024761,0.099879,74,180,0
48,39,4,0.051282,0.020394,0.093856,74,196,0
48,40,4,0.051282,0.019745,0.075237,74,163,0
48,41,4,0.051282,0.034350,0.095492,74,192,0
48,42,4,0.051282,0.033355,0.102342,74,170,0
48,43,4,0.051282,0.035142,0.101331,74,201,0
48,44,4,0.051282,0.017057,0.122231,74,161,0
48,45,4,0.051282,0.031439,0.118471,74,190,0
48,46,4,0.051282,0.024663,0.117158,74,172,0
48,47,4,0.051282,0.006623,0.087466,74,198,0
48,48,4,0.051282,0.039788,0.138951,74,177,0
48,49,4,0.051282,0.015071,0.097734,74,176,0
48,50,4,0.051282,0.024222,0.077317,74,179,0
48,51,4,0.051282,0.038928,0.099429,74,169,0
48,52,4,0.051282,0.000000,0.065283,74,167,0
48,53,4,0.051282,0.010994,0.099460,74,158,1
48,54,4,0.051282,0.028882,0.075375,74,170,1
48,55,4,0.051282,0.027326,0.104876,74,160,1
48,56,4,0.051282,0.029800,0.100001,74,168,1
48,57,4,0.051282,0.039742,0.105530,74,166,1
48,58,4,0.051282,0.046232,0.139232,74,156,1
48,59,4,0.051282,0.032798,0.067184,74,150,1
48,60,4,0.051282,0.027234,0.078685,74,167,1
48,61,4,0.051282,0.031055,0.090532,74,158,1
48,62,4,0.051282,0.040748,0.131647,74,156,1
48,63,4,0.051282,0.006623,0.054668,74,156,1
48,64,4,0.051282,0.007607,0.064368,74,165,1
48,65,3,0.038462,0.023921,0.137427,75,224,0
48,66,3,0.038462,0.000000,0.127989,75,225,0
48,67,3,0.038462,0.020795,0.149842,75,236,0
48,68,3,0.038462,0.012183,0.128907,75,234,0
48,69,3,0.038462,0.025419,0.159230,75,222,0
48,70,3,0.038462,0.038573,0.174220,75,226,0
48,71,3,0.038462,0.018947,0.169903,75,233,0
48,72,3,0.038462,0.029800,0.156141,75,230,0
48,73,3,0.038462,0.000000,0.138527,75,237,0
48,74,3,0.038462,0.043814,0.186086,75,240,0
48,75,3,0.038462,0.025076,0.137768,75,237,0
48,76,3,0.038462,0.000000,0.133947,75,244,0
48,77,3,0.038462,0.009117,0.146478,75,232,0
48,78,13,0.166667,0.099106,0.247645,65,130,1
49,0,4,0.051282,0.029748,0.129144,74,241,0
49,1,4,0.051282,0.049412,0.141651,74,154,1
49,2,4,0.051282,0.055877,0.153413,74,231,0
49,3,4,0.051282,0.025704,0.137603,74,161,1
49,4,4,0.051282,0.042837,0.149596,74,221,0
49,5,4,0.051282,0.062113,0.161192,74,171,1
49,6,4,0.051282,0.033103,0.143690,74,224,0
49,7,4,0.051282,0.037111,0.153569,74,172,0
49,8,4,0.051282,0.038311,0.154926,74,218,0
49,9,4,0.051282,0.022361,0.161642,74,181,1
49,10,4,0.051282,0.043684,0.131402,74,201,0
49,11,4,0.051282,0.040134,0.157182,74,184,0
49,12,4,0.051282,0.058785,0.156592,74,169,1
49,13,4,0.051282,0.030289,0.147048,74,210,0
49,14,4,0.051282,0.010534,0.118863,74,157,1
49,15,4,0.051282,0.025736,0.158780,74,210,0
49,16,4,0.051282,0.043494,0.127945,74,151,1
49,17,4,0.051282,0.034728,0.114862,74,207,0
49,18,4,0.051282,0.031354,0.127945,74,171,1
49,19,4,0.051282,0.046475,0.152199,74,197,0
49,20,4,0.051282,0.043287,0.141910,74,159,1
49,21,4,0.051282,0.037694,0.113469,74,200,1
49,22,4,0.051282,0.027863,0.133151,74,183,1
49,23,4,0.051282,0.038380,0.149524,74,179,0
49,24,4,0.051282,0.034394,0.149081,74,172,0
49,25,4,0.051282,0.022393,0.143783,74,170,1
49,26,4,0.051282,0.022727,0.103530,74,217,0
49,27,4,0.051282,0.024054,0.110758,74,172,1
49,28,4,0.051282,0.010510,0.080910,74,210,0
49,29,4,0.051282,0.047878,0.128967,74,165,1
49,30,4,0.051282,0.032632,0.137475,74,215,0
49,31,4,0.051282,0.023201,0.128392,74,180,1
49,32,4,0.051282,0.028454,0.106533,74,202,0
49,33,4,0.051282,0.004169,0.120496,74,176,0
49,34,4,0.051282,0.028131,0.132673,74,206,0
49,35,4,0.051282,0.044524,0.130274,74,180,1
49,36,4,0.051282,0.027910,0.113901,74,204,0
49,37,4,0.051282,0.032055,0.097061,74,183,0
49,38,4,0.051282,0.023855,0.119935,74,180,1
49,39,4,0.051282,0.024054,0.105591,74,196,0
49,40,4,0.051282,0.026555,0.088683,74,163,1
49,41,4,0.051282,0.030678,0.092632,74,192,0
49,42,4,0.051282,0.022947,0.080376,74,170,1
49,43,4,0.051282,0.039895,0.112810,74,201,0
49,44,4,0.051282,0.012467,0.117501,74,161,1
49,45,4,0.051282,0.025503,0.127445,74,190,0
49,46,4,0.051282,0.027746,0.088734,74,172,1
49,47,4,0.051282,0.008179,0.080459,74,198,0
49,48,4,0.051282,0.034849,0.110562,74,177,1
49,49,4,0.051282,0.019916,0.122577,74,176,0
49,50,4,0.051282,0.027245,0.088203,74,179,0
49,51,4,0.051282,0.028796,0.096889,74,169,1
49,52,4,0.051282,0.002362,0.073378,74,167,0
49,53,4,0.051282,0.008953,0.086598,74,159,1
49,54,4,0.051282,0.053084,0.096044,74,171,0
49,55,4,0.051282,0.024707,0.112954,74,161,1
49,56,4,0.051282,0.022655,0.094863,74,169,0
49,57,4,0.051282,0.036423,0.092604,74,167,1
49,58,4,0.051282,0.025453,0.122980,74,157,0
49,59,4,0.051282,0.036056,0.072881,74,151,1
49,60,4,0.051282,0.005316,0.099161,74,168,0
49,61,4,0.051282,0.023297,0.081842,74,159,1
49,62,4,0.051282,0.028746,0.113905,74,157,0
49,63,4,0.051282,0.008179,0.052385,74,157,0
49,64,4,0.051282,0.030902,0.047161,74,166,1
49,65,3,0.038462,0.031866,0.140593,75,224,0
49,66,3,0.038462,0.023876,0.162379,75,225,1
49,67,3,0.038462,0.000000,0.152309,75,236,0
49,68,3,0.038462,0.000000,0.131950,75,234,1
49,69,3,0.038462,0.017139,0.167696,75,222,0
49,70,3,0.038462,0.033147,0.185471,75,226,1
49,71,3,0.038462,0.036423,0.166654,75,233,0
49,72,3,0.038462,0.044169,0.134904,75,230,1
49,73,3,0.038462,0.007668,0.151168,75,237,0
49,74,3,0.038462,0.042518,0.161132,75,240,1
49,75,3,0.038462,0.000000,0.161132,75,237,0
49,76,3,0.038462,0.000000,0.143151,75,244,0
49,77,3,0.038462,0.007743,0.143858,75,232,1
49,78,13,0.166667,0.106933,0.244548,65,131,0
50,0,4,0.051282,0.031427,0.144531,74,241,0
50,1,4,0.051282,0.060250,0.149189,74,155,1
50,2,4,0.051282,0.056109,0.172877,74,231,0
50,3,4,0.051282,0.027074,0.138388,74,162,1
50,4,4,0.051282,0.013464,0.160332,74,221,0
50,5,4,0.051282,0.072547,0.160719,74,172,1
50,6,4,0.051282,0.038237,0.147648,74,224,0
50,7,4,0.051282,0.034481,0.150458,74,172,1
50,8,4,0.051282,0.070786,0.151050,74,218,0
50,9,4,0.051282,0.024690,0.162798,74,182,0
50,10,4,0.051282,0.042940,0.133062,74,201,1
50,11,4,0.051282,0.045013,0.173555,74,184,1
50,12,4,0.051282,0.049139,0.153120,74,170,0
50,13,4,0.051282,0.036869,0.145719,74,210,0
50,14,4,0.051282,0.004852,0.126322,74,158,1
50,15,4,0.051282,0.024784,0.159587,74,210,0
50,16,4,0.051282,0.052356,0.108226,74,152,1
50,17,4,0.051282,0.056629,0.116181,74,207,0
50,18,4,0.051282,0.035229,0.123585,74,172,1
50,19,4,0.051282,0.041589,0.152195,74,197,0
50,20,4,0.051282,0.046422,0.131853,74,160,1
50,21,4,0.051282,0.009580,0.129033,74,201,0
50,22,4,0.051282,0.015182,0.138084,74,184,0
50,23,4,0.051282,0.040032,0.137999,74,179,0
50,24,4,0.051282,0.025135,0.155875,74,172,1
50,25,4,0.051282,0.044051,0.151174,74,171,0
50,26,4,0.051282,0.036111,0.110362,74,217,0
50,27,4,0.051282,0.020431,0.100724,74,173,1
50,28,4,0.051282,0.002675,0.066629,74,210,0
50,29,4,0.051282,0.037963,0.159867,74,166,1
50,30,4,0.051282,0.027224,0.147212,74,215,0
50,31,4,0.051282,0.006359,0.126353,74,181,1
50,32,4,0.051282,0.026564,0.097825,74,202,0
50,33,4,0.051282,0.016663,0.130709,74,176,1
50,34,4,0.051282,0.020379,0.123895,74,206,0
50,35,4,0.051282,0.048599,0.126601,74,181,1
50,36,4,0.051282,0.030344,0.131422,74,204,1
50,37,4,0.051282,0.032877,0.097054,74,183,1
50,38,4,0.051282,0.015571,0.099404,74,181,0
50,39,4,0.051282,0.020431,0.084879,74,196,0
50,40,4,0.051282,0.026462,0.080146,74,164,0
50,41,4,0.051282,0.018640,0.068981,74,192,0
50,42,4,0.051282,0.026692,0.084890,74,171,1
50,43,4,0.051282,0.045939,0.102229,74,201,0
50,44,4,0.051282,0.000086,0.096844,74,162,0
50,45,4,0.051282,0.041340,0.120323,74,190,0
50,46,4,0.051282,0.021742,0.091883,74,173,1
50,47,4,0.051282,0.018562,0.103452,74,198,0
50,48,4,0.051282,0.047328,0.121766,74,178,0
50,49,4,0.051282,0.003640,0.124293,74,176,0
50,50,4,0.051282,0.030597,0.081392,74,179,1
50,51,4,0.051282,0.024861,0.120396,74,170,0
50,52,4,0.051282,0.000000,0.062734,74,167,0
50,53,4,0.051282,0.014232,0.058693,74,160,1
50,54,4,0.051282,0.041360,0.079839,74,171,1
50,55,4,0.051282,0.012253,0.108173,74,162,1
50,56,4,0.051282,0.021554,0.079568,74,169,0
50,57,4,0.051282,0.027959,0.095914,74,168,1
50,58,4,0.051282,0.026245,0.124811,74,157,1
50,59,4,0.051282,0.035351,0.091895,74,152,1
50,60,4,0.051282,0.022725,0.083473,74,168,0
50,61,4,0.051282,0.037407,0.106318,74,160,1
50,62,4,0.051282,0.038613,0.120382,74,157,1
50,63,4,0.051282,0.018562,0.060126,74,157,1
50,64,4,0.051282,0.022717,0.062658,74,167,0
50,65,3,0.038462,0.016605,0.121693,75,224,0
50,66,3,0.038462,0.009580,0.136569,75,226,0
50,67,3,0.038462,0.003016,0.137399,75,236,0
50,68,3,0.038462,0.000000,0.116763,75,235,0
50,69,3,0.038462,0.025198,0.142812,75,222,0
50,70,3,0.038462,0.043710,0.162814,75,227,0
50,71,3,0.038462,0.032917,0.160574,75,233,0
50,72,3,0.038462,0.031134,0.139488,75,231,0
50,73,3,0.038462,0.002197,0.149121,75,237,0
50,74,3,0.038462,0.033687,0.160067,75,241,0
50,75,3,0.038462,0.028421,0.155332,75,237,0
50,76,3,0.038462,0.000000,0.140650,75,244,0
50,77,3,0.038462,0.014506,0.152383,75,233,0
50,78,13,0.166667,0.095209,0.240971,65,131,1
51,0,4,0.051282,0.021548,0.133437,74,241,1
51,1,4,0.051282,0.058034,0.131633,74,156,0
51,2,4,0.051282,0.048988,0.162530,74,231,0
51,3,4,0.051282,0.026997,0.136902,74,163,0
51,4,4,0.051282,0.018081,0.153527,74,221,1
51,5,4,0.051282,0.064966,0.140907,74,173,1
51,6,4,0.051282,0.039195,0.180626,74,224,0
51,7,4,0.051282,0.036964,0.138536,74,173,0
51,8,4,0.051282,0.055427,0.157238,74,218,1
51,9,4,0.051282,0.028069,0.167546,74,182,1
51,10,4,0.051282,0.052271,0.164118,74,202,0
51,11,4,0.051282,0.042138,0.148835,74,185,0
51,12,4,0.051282,0.065770,0.169635,74,170,1
51,13,4,0.051282,0.041934,0.148327,74,210,1
51,14,4,0.051282,0.004269,0.131100,74,159,0
51,15,4,0.051282,0.019164,0.152457,74,210,0
51,16,4,0.051282,0.044136,0.114974,74,153,0
51,17,4,0.051282,0.055339,0.115994,74,207,1
51,18,4,0.051282,0.035261,0.146995,74,173,1
51,19,4,0.051282,0.033560,0.130519,74,197,0
51,20,4,0.051282,0.045429,0.126882,74,161,0
51,21,4,0.051282,0.009688,0.121002,74,201,1
51,22,4,0.051282,0.052330,0.164856,74,184,1
51,23,4,0.051282,0.042520,0.144758,74,179,0
51,24,4,0.051282,0.032707,0.175093,74,173,0
51,25,4,0.051282,0.017949,0.137829,74,171,1
51,26,4,0.051282,0.058930,0.115391,74,217,1
51,27,4,0.051282,0.025956,0.091994,74,174,0
51,28,4,0.051282,0.001635,0.074226,74,210,0
51,29,4,0.051282,0.037340,0.167755,74,167,0
51,30,4,0.051282,0.016415,0.159814,74,215,1
51,31,4,0.051282,0.003502,0.107630,74,182,1
51,32,4,0.051282,0.057178,0.130704,74,202,0
51,33,4,0.051282,0.014692,0.132051,74,177,0
51,34,4,0.051282,0.036959,0.131510,74,206,1
51,35,4,0.051282,0.033982,0.130569,74,182,1
51,36,4,0.051282,0.016213,0.130203,74,205,0
51,37,4,0.051282,0.027208,0.077418,74,184,0
51,38,4,0.051282,0.016938,0.105638,74,181,1
51,39,4,0.051282,0.025956,0.088727,74,196,1
51,40,4,0.051282,0.024223,0.092659,74,164,0
51,41,4,0.051282,0.004941,0.057963,74,192,0
51,42,4,0.051282,0.042763,0.107738,74,172,0
51,43,4,0.051282,0.044526,0.105406,74,201,1
51,44,4,0.051282,0.010473,0.105347,74,162,1
51,45,4,0.051282,0.049966,0.086225,74,190,0
51,46,4,0.051282,0.027486,0.109848,74,174,0
51,47,4,0.051282,0.022496,0.104795,74,198,1
51,48,4,0.051282,0.032640,0.121890,74,178,1
51,49,4,0.051282,0.004524,0.119883,74,176,0
51,50,4,0.051282,0.025887,0.115590,74,180,0
51,51,4,0.051282,0.027284,0.098633,74,170,1
51,52,4,0.051282,0.001342,0.071697,74,167,0
51,53,4,0.051282,0.012457,0.043353,74,161,0
51,54,4,0.051282,0.030752,0.077862,74,172,0
51,55,4,0.051282,0.012975,0.109329,74,163,0
51,56,4,0.051282,0.031052,0.104670,74,169,1
51,57,4,0.051282,0.016049,0.078141,74,169,1
51,58,4,0.051282,0.015783,0.117653,74,158,0
51,59,4,0.051282,0.040399,0.103960,74,153,0
51,60,4,0.051282,0.025423,0.108007,74,168,1
51,61,4,0.051282,0.032693,0.093759,74,161,1
51,62,4,0.051282,0.032716,0.096010,74,158,0
51,63,4,0.051282,0.022496,0.057210,74,158,0
51,64,4,0.051282,0.036271,0.069775,74,167,1
51,65,3,0.038462,0.009340,0.110911,75,224,1
51,66,3,0.038462,0.004712,0.117574,75,226,1
51,67,3,0.038462,0.003117,0.113985,75,236,0
51,68,3,0.038462,0.000000,0.117873,75,235,0
51,69,3,0.038462,0.029508,0.138853,75,222,1
51,70,3,0.038462,0.038454,0.132015,75,227,1
51,71,3,0.038462,0.020118,0.134222,75,233,0
51,72,3,0.038462,0.034421,0.141954,75,231,0
51,73,3,0.038462,0.007430,0.148375,75,237,1
51,74,3,0.038462,0.036086,0.133979,75,241,1
51,75,3,0.038462,0.019151,0.154443,75,237,0
51,76,3,0.038462,0.020212,0.147173,75,244,0
51,77,3,0.038462,0.000000,0.140692,75,233,1
51,78,13,0.166667,0.085480,0.222548,65,132,0
52,0,4,0.051282,0.033789,0.137561,74,242,0
52,1,4,0.051282,0.043394,0.113582,74,156,1
52,2,4,0.051282,0.058166,0.155369,74,231,0
52,3,4,0.051282,0.012739,0.108288,74,163,0
52,4,4,0.051282,0.000000,0.139060,74,222,0
52,5,4,0.051282,0.056428,0.136676,74,174,1
52,6,4,0.051282,0.040447,0.154451,74,224,0
52,7,4,0.051282,0.025068,0.153969,74,173,0
52,8,4,0.051282,0.061358,0.145405,74,219,1
52,9,4,0.051282,0.039867,0.152199,74,183,1
52,10,4,0.051282,0.053672,0.133108,74,202,0
52,11,4,0.051282,0.055913,0.174236,74,185,0
52,12,4,0.051282,0.053107,0.165312,74,171,1
52,13,4,0.051282,0.017326,0.111577,74,211,0
52,14,4,0.051282,0.013191,0.138555,74,159,1
52,15,4,0.051282,0.004301,0.118886,74,210,0
52,16,4,0.051282,0.068237,0.101271,74,153,1
52,17,4,0.051282,0.057173,0.106121,74,208,1
52,18,4,0.051282,0.042355,0.154278,74,174,1
52,19,4,0.051282,0.033762,0.139089,74,197,0
52,20,4,0.051282,0.033016,0.111218,74,161,0
52,21,4,0.051282,0.035437,0.134552,74,202,1
52,22,4,0.051282,0.015801,0.152352,74,185,1
52,23,4,0.051282,0.024318,0.165078,74,179,0
52,24,4,0.051282,0.031409,0.158994,74,173,0
52,25,4,0.051282,0.024333,0.147550,74,172,1
52,26,4,0.051282,0.032840,0.136425,74,218,0
52,27,4,0.051282,0.019064,0.084119,74,174,0
52,28,4,0.051282,0.013760,0.111667,74,210,0
52,29,4,0.051282,0.036380,0.133773,74,167,0
52,30,4,0.051282,0.034642,0.143233,74,216,0
52,31,4,0.051282,0.000000,0.118548,74,183,0
52,32,4,0.051282,0.041905,0.110205,74,202,0
52,33,4,0.051282,0.031933,0.146015,74,177,0
52,34,4,0.051282,0.015218,0.114285,74,207,0
52,35,4,0.051282,0.042794,0.113873,74,183,1
52,36,4,0.051282,0.016328,0.101147,74,205,0
52,37,4,0.051282,0.021637,0.089842,74,184,0
52,38,4,0.051282,0.029310,0.089132,74,182,1
52,39,4,0.051282,0.019064,0.092366,74,197,1
52,40,4,0.051282,0.048207,0.117331,74,164,1
52,41,4,0.051282,0.043428,0.081917,74,192,1
52,42,4,0.051282,0.006790,0.130663,74,172,1
52,43,4,0.051282,0.040211,0.118174,74,202,1
52,44,4,0.051282,0.007913,0.101158,74,163,1
52,45,4,0.051282,0.037057,0.119212,74,190,0
52,46,4,0.051282,0.035191,0.087223,74,174,1
52,47,4,0.051282,0.013194,0.099331,74,199,1
52,48,4,0.051282,0.044136,0.109239,74,179,1
52,49,4,0.051282,0.018736,0.123109,74,176,0
52,50,4,0.051282,0.014669,0.072334,74,180,0
52,51,4,0.051282,0.016877,0.091591,74,171,1
52,52,4,0.051282,0.035813,0.089229,74,167,0
52,53,4,0.051282,0.019628,0.090692,74,161,0
52,54,4,0.051282,0.034919,0.101613,74,172,0
52,55,4,0.051282,0.017294,0.107574,74,163,0
52,56,4,0.051282,0.027369,0.067769,74,170,0
52,57,4,0.051282,0.043225,0.127540,74,170,0
52,58,4,0.051282,0.010574,0.119080,74,158,0
52,59,4,0.051282,0.032566,0.079540,74,153,0
52,60,4,0.051282,0.009994,0.049860,74,169,0
52,61,4,0.051282,0.033194,0.143612,74,162,0
52,62,4,0.051282,0.040432,0.101445,74,158,0
52,63,4,0.051282,0.013194,0.041530,74,158,0
52,64,4,0.051282,0.017812,0.079196,74,168,0
52,65,3,0.038462,0.023173,0.131689,75,225,1
52,66,3,0.038462,0.008443,0.165499,75,227,1
52,67,3,0.038462,0.005027,0.157620,75,236,1
52,68,3,0.038462,0.025789,0.157949,75,235,1
52,69,3,0.038462,0.025126,0.144627,75,223,1
52,70,3,0.038462,0.037050,0.140260,75,228,1
52,71,3,0.038462,0.042028,0.171185,75,233,1
52,72,3,0.038462,0.000000,0.132130,75,231,1
52,73,3,0.038462,0.001009,0.140527,75,238,1
52,74,3,0.038462,0.029982,0.145772,75,242,1
52,75,3,0.038462,0.045791,0.145772,75,237,1
52,76,3,0.038462,0.000000,0.122573,75,244,1
52,77,3,0.038462,0.010450,0.148393,75,234,1
52,78,13,0.166667,0.094767,0.253868,65,132,0
53,0,4,0.051282,0.020833,0.124447,74,242,0
53,1,4,0.051282,0.035724,0.099297,74,157,1
53,2,4,0.051282,0.049480,0.135536,74,231,0
53,3,4,0.051282,0.019112,0.122936,74,163,0
53,4,4,0.051282,0.049700,0.137016,74,222,1
53,5,4,0.051282,0.043866,0.132678,74,175,1
53,6,4,0.051282,0.036898,0.148861,74,224,0
53,7,4,0.051282,0.028669,0.161424,74,173,0
53,8,4,0.051282,0.015013,0.159582,74,220,1
53,9,4,0.051282,0.040615,0.152410,74,184,1
53,10,4,0.051282,0.054629,0.149867,74,202,0
53,11,4,0.051282,0.040894,0.151933,74,185,0
53,12,4,0.051282,0.073000,0.162057,74,172,1
53,13,4,0.051282,0.019611,0.125321,74,211,0
53,14,4,0.051282,0.027817,0.131091,74,160,0
53,15,4,0.051282,0.009372,0.117980,74,210,0
53,16,4,0.051282,0.041794,0.138103,74,154,0
53,17,4,0.051282,0.032791,0.114720,74,209,0
53,18,4,0.051282,0.028129,0.142024,74,175,0
53,19,4,0.051282,0.036927,0.127924,74,197,0
53,20,4,0.051282,0.047440,0.125600,74,161,0
53,21,4,0.051282,0.063919,0.115660,74,203,1
53,22,4,0.051282,0.036251,0.141396,74,186,0
53,23,4,0.051282,0.023956,0.179006,74,179,0
53,24,4,0.051282,0.042578,0.152981,74,173,0
53,25,4,0.051282,0.000000,0.138404,74,173,0
53,26,4,0.051282,0.036537,0.133997,74,218,1
53,27,4,0.051282,0.025225,0.075280,74,174,1
53,28,4,0.051282,0.024241,0.101929,74,210,1
53,29,4,0.051282,0.045260,0.099873,74,167,1
53,30,4,0.051282,0.031032,0.138922,74,216,1
53,31,4,0.051282,0.013165,0.113953,74,183,1
53,32,4,0.051282,0.031405,0.094469,74,202,1
53,33,4,0.051282,0.021679,0.139241,74,177,0
53,34,4,0.051282,0.029855,0.145573,74,207,1
53,35,4,0.051282,0.030278,0.130336,74,184,1
53,36,4,0.051282,0.018463,0.090388,74,205,1
53,37,4,0.051282,0.024418,0.108252,74,184,0
53,38,4,0.051282,0.035113,0.113675,74,183,1
53,39,4,0.051282,0.025225,0.103343,74,198,0
53,40,4,0.051282,0.045984,0.114787,74,165,0
53,41,4,0.051282,0.021071,0.078860,74,193,0
53,42,4,0.051282,0.018403,0.098585,74,173,0
53,43,4,0.051282,0.022245,0.127825,74,203,0
53,44,4,0.051282,0.000000,0.107411,74,164,0
53,45,4,0.051282,0.046582,0.104397,74,190,0
53,46,4,0.051282,0.031284,0.112447,74,175,0
53,47,4,0.051282,0.020286,0.101265,74,200,0
53,48,4,0.051282,0.030089,0.093281,74,180,0
53,49,4,0.051282,0.022871,0.111141,74,176,0
53,50,4,0.051282,0.024270,0.121499,74,180,0
53,51,4,0.051282,0.024048,0.091249,74,172,0
53,52,4,0.051282,0.017574,0.085048,74,167,1
53,53,4,0.051282,0.006854,0.055577,74,161,1
53,54,4,0.051282,0.036435,0.094660,74,172,1
53,55,4,0.051282,0.026004,0.104759,74,163,1
53,56,4,0.051282,0.013441,0.066217,74,170,1
53,57,4,0.051282,0.033616,0.101270,74,170,1
53,58,4,0.051282,0.015330,0.101542,74,158,1
53,59,4,0.051282,0.034883,0.110155,74,153,1
53,60,4,0.051282,0.038119,0.055555,74,169,1
53,61,4,0.051282,0.027338,0.153227,74,162,1
53,62,4,0.051282,0.028082,0.085306,74,158,1
53,63,4,0.051282,0.020286,0.058930,74,158,1
53,64,4,0.051282,0.018413,0.106580,74,168,1
53,65,3,0.038462,0.000000,0.140933,75,226,0
53,66,3,0.038462,0.004132,0.162083,75,228,0
53,67,3,0.038462,0.009281,0.148545,75,237,0
53,68,3,0.038462,0.016530,0.139090,75,236,0
53,69,3,0.038462,0.057288,0.168962,75,224,0
53,70,3,0.038462,0.044544,0.159840,75,229,0
53,71,3,0.038462,0.024336,0.169029,75,234,0
53,72,3,0.038462,0.000000,0.159635,75,232,0
53,73,3,0.038462,0.010336,0.163243,75,239,0
53,74,3,0.038462,0.026908,0.151487,75,243,0
53,75,3,0.038462,0.059439,0.153825,75,238,0
53,76,3,0.038462,0.000000,0.164606,75,245,0
53,77,3,0.038462,0.004262,0.156442,75,235,0
53,78,13,0.166667,0.108075,0.257055,65,132,1
54,0,4,0.051282,0.040228,0.151583,74,242,1
54,1,4,0.051282,0.021067,0.115461,74,158,0
54,2,4,0.051282,0.057849,0.120556,74,231,1
54,3,4,0.051282,0.033689,0.139416,74,163,0
54,4,4,0.051282,0.043527,0.139804,74,223,1
54,5,4,0.051282,0.047674,0.143350,74,176,0
54,6,4,0.051282,0.038733,0.133580,74,224,1
54,7,4,0.051282,0.016062,0.162399,74,173,0
54,8,4,0.051282,0.016123,0.147072,74,221,0
54,9,4,0.051282,0.034371,0.150242,74,185,0
54,10,4,0.051282,0.045455,0.133665,74,202,1
54,11,4,0.051282,0.057465,0.138910,74,185,1
54,12,4,0.051282,0.057456,0.166409,74,173,0
54,13,4,0.051282,0.014812,0.099478,74,211,0
54,14,4,0.051282,0.038687,0.139383,74,160,0
54,15,4,0.051282,0.002573,0.130003,74,210,0
54,16,4,0.051282,0.058140,0.151521,74,154,0
54,17,4,0.051282,0.040849,0.119652,74,209,0
54,18,4,0.051282,0.013129,0.128811,74,175,0
54,19,4,0.051282,0.044196,0.138479,74,197,0
54,20,4,0.051282,0.031914,0.126090,74,161,0
54,21,4,0.051282,0.061899,0.145317,74,204,0
54,22,4,0.051282,0.038407,0.133156,74,186,0
54,23,4,0.051282,0.021859,0.153193,74,179,0
54,24,4,0.051282,0.041631,0.141341,74,173,0
54,25,4,0.051282,0.003431,0.154708,74,173,0
54,26,4,0.051282,0.027881,0.155179,74,219,1
54,27,4,0.051282,0.024987,0.064034,74,175,1
54,28,4,0.051282,0.013426,0.100119,74,211,1
54,29,4,0.051282,0.019735,0.109293,74,168,1
54,30,4,0.051282,0.039885,0.129789,74,217,1
54,31,4,0.051282,0.036275,0.102708,74,184,1
54,32,4,0.051282,0.018804,0.089647,74,203,1
54,33,4,0.051282,0.050166,0.150055,74,177,1
54,34,4,0.051282,0.026554,0.113782,74,208,1
54,35,4,0.051282,0.020159,0.129164,74,185,1
54,36,4,0.051282,0.030164,0.109127,74,206,1
54,37,4,0.051282,0.021624,0.117758,74,184,1
54,38,4,0.051282,0.041207,0.113109,74,184,1
54,39,4,0.051282,0.022164,0.076203,74,198,0
54,40,4,0.051282,0.040891,0.101580,74,165,0
54,41,4,0.051282,0.024485,0.094831,74,193,0
54,42,4,0.051282,0.017461,0.119885,74,173,0
54,43,4,0.051282,0.031468,0.136341,74,203,0
54,44,4,0.051282,0.007412,0.097242,74,164,0
54,45,4,0.051282,0.031454,0.113023,74,190,0
54,46,4,0.051282,0.022274,0.110353,74,175,0
54,47,4,0.051282,0.015838,0.132750,74,200,0
54,48,4,0.051282,0.030699,0.093809,74,180,0
54,49,4,0.051282,0.031656,0.106207,74,176,0
54,50,4,0.051282,0.017964,0.100168,74,180,0
54,51,4,0.051282,0.036590,0.078775,74,172,0
54,52,4,0.051282,0.028953,0.105574,74,168,1
54,53,4,0.051282,0.010163,0.056812,74,162,1
54,54,4,0.051282,0.031321,0.089176,74,173,1
54,55,4,0.051282,0.021318,0.097225,74,164,1
54,56,4,0.051282,0.023167,0.081170,74,171,1
54,57,4,0.051282,0.023406,0.089505,74,171,1
54,58,4,0.051282,0.033692,0.106662,74,159,1
54,59,4,0.051282,0.045121,0.110944,74,154,1
54,60,4,0.051282,0.020747,0.040238,74,170,1
54,61,4,0.051282,0.033181,0.129830,74,163,1
54,62,4,0.051282,0.011149,0.102579,74,159,1
54,63,4,0.051282,0.015838,0.074299,74,159,1
54,64,4,0.051282,0.011659,0.092937,74,169,1
54,65,3,0.038462,0.000000,0.140570,75,226,0
54,66,3,0.038462,0.005786,0.169363,75,228,0
54,67,3,0.038462,0.010163,0.142659,75,237,0
54,68,3,0.038462,0.041436,0.161209,75,236,0
54,69,3,0.038462,0.043592,0.175529,75,224,0
54,70,3,0.038462,0.035086,0.174102,75,229,0
54,71,3,0.038462,0.023403,0.165677,75,234,0
54,72,3,0.038462,0.000000,0.153003,75,232,0
54,73,3,0.038462,0.020045,0.170049,75,239,0
54,74,3,0.038462,0.033464,0.153930,75,243,0
54,75,3,0.038462,0.043317,0.153930,75,238,0
54,76,3,0.038462,0.000000,0.141496,75,245,0
54,77,3,0.038462,0.001825,0.136076,75,235,0
54,78,13,0.166667,0.109089,0.258117,65,133,1
55,0,4,0.051282,0.036181,0.145353,74,243,1
55,1,4,0.051282,0.051512,0.148032,74,158,0
55,2,4,0.051282,0.065948,0.153122,74,232,1
55,3,4,0.051282,0.024379,0.122395,74,163,0
55,4,4,0.051282,0.013972,0.157970,74,224,1
55,5,4,0.051282,0.053309,0.159309,74,176,0
55,6,4,0.051282,0.036403,0.133408,74,225,1
55,7,4,0.051282,0.036455,0.150767,74,173,0
55,8,4,0.051282,0.053996,0.169246,74,221,1
55,9,4,0.051282,0.027870,0.150291,74,185,0
55,10,4,0.051282,0.041022,0.136102,74,203,0
55,11,4,0.051282,0.049238,0.167890,74,186,0
55,12,4,0.051282,0.051420,0.159328,74,173,1
55,13,4,0.051282,0.023827,0.128817,74,211,1
55,14,4,0.051282,0.024795,0.152528,74,160,0
55,15,4,0.051282,0.022075,0.156739,74,210,1
55,16,4,0.051282,0.044667,0.127812,74,154,0
55,17,4,0.051282,0.048415,0.103235,74,209,1
55,18,4,0.051282,0.023506,0.144953,74,175,0
55,19,4,0.051282,0.034883,0.137355,74,197,1
55,20,4,0.051282,0.052469,0.128040,74,161,0
55,21,4,0.051282,0.034384,0.129393,74,204,1
55,22,4,0.051282,0.028723,0.123773,74,186,0
55,23,4,0.051282,0.037984,0.141465,74,179,0
55,24,4,0.051282,0.031084,0.149482,74,173,0
55,25,4,0.051282,0.028089,0.121961,74,173,1
55,26,4,0.051282,0.040203,0.139438,74,220,1
55,27,4,0.051282,0.036467,0.067125,74,176,0
55,28,4,0.051282,0.010195,0.091900,74,212,0
55,29,4,0.051282,0.016459,0.116774,74,169,0
55,30,4,0.051282,0.037456,0.151292,74,218,1
55,31,4,0.051282,0.015451,0.141829,74,185,0
55,32,4,0.051282,0.032406,0.111903,74,204,0
55,33,4,0.051282,0.025941,0.132402,74,178,0
55,34,4,0.051282,0.022616,0.111471,74,209,1
55,35,4,0.051282,0.040725,0.154509,74,186,0
55,36,4,0.051282,0.013942,0.113748,74,207,0
55,37,4,0.051282,0.017759,0.091382,74,185,0
55,38,4,0.051282,0.021449,0.092981,74,185,1
55,39,4,0.051282,0.010399,0.076596,74,198,1
55,40,4,0.051282,0.027422,0.117023,74,165,0
55,41,4,0.051282,0.010824,0.089556,74,193,1
55,42,4,0.051282,0.042555,0.127757,74,173,0
55,43,4,0.051282,0.034133,0.102472,74,203,1
55,44,4,0.051282,0.016177,0.096887,74,164,1
55,45,4,0.051282,0.074047,0.127846,74,190,1
55,46,4,0.051282,0.011601,0.092366,74,175,0
55,47,4,0.051282,0.015471,0.095572,74,200,1
55,48,4,0.051282,0.043497,0.094642,74,180,1
55,49,4,0.051282,0.007596,0.133538,74,176,0
55,50,4,0.051282,0.016317,0.089787,74,180,0
55,51,4,0.051282,0.013439,0.081612,74,172,1
55,52,4,0.051282,0.026193,0.084101,74,169,1
55,53,4,0.051282,0.000000,0.045922,74,163,0
55,54,4,0.051282,0.040431,0.097884,74,174,0
55,55,4,0.051282,0.023670,0.079803,74,165,0
55,56,4,0.051282,0.023905,0.065992,74,172,1
55,57,4,0.051282,0.037639,0.122510,74,172,0
55,58,4,0.051282,0.013854,0.141356,74,160,0
55,59,4,0.051282,0.036402,0.084875,74,155,0
55,60,4,0.051282,0.008389,0.030688,74,171,1
55,61,4,0.051282,0.034031,0.159964,74,164,0
55,62,4,0.051282,0.034440,0.091376,74,160,0
55,63,4,0.051282,0.015471,0.033664,74,160,0
55,64,4,0.051282,0.037332,0.092064,74,170,0
55,65,3,0.038462,0.000000,0.118081,75,226,1
55,66,3,0.038462,0.002288,0.161035,75,228,0
55,67,3,0.038462,0.024699,0.132049,75,237,1
55,68,3,0.038462,0.011836,0.144508,75,236,0
55,69,3,0.038462,0.035271,0.154482,75,224,1
55,70,3,0.038462,0.051996,0.148695,75,229,1
55,71,3,0.038462,0.012940,0.166080,75,234,1
55,72,3,0.038462,0.000000,0.126704,75,232,0
55,73,3,0.038462,0.000000,0.146283,75,239,1
55,74,3,0.038462,0.029686,0.142704,75,243,1
55,75,3,0.038462,0.065382,0.165773,75,238,1
55,76,3,0.038462,0.002770,0.140132,75,245,0
55,77,3,0.038462,0.004754,0.144321,75,235,1
55,78,13,0.166667,0.094410,0.241622,65,134,0
56,0,4,0.051282,0.036203,0.140364,74,244,0
56,1,4,0.051282,0.055495,0.139666,74,158,1
56,2,4,0.051282,0.062894,0.154153,74,233,0
56,3,4,0.051282,0.026961,0.122833,74,163,1
56,4,4,0.051282,0.013117,0.149835,74,225,0
56,5,4,0.051282,0.048460,0.156454,74,176,1
56,6,4,0.051282,0.036157,0.138181,74,226,0
56,7,4,0.051282,0.035942,0.143518,74,173,1
56,8,4,0.051282,0.051174,0.167116,74,222,0
56,9,4,0.051282,0.023771,0.155460,74,185,0
56,10,4,0.051282,0.042257,0.137869,74,203,1
56,11,4,0.051282,0.052295,0.155946,74,186,1
56,12,4,0.051282,0.057085,0.164332,74,174,0
56,13,4,0.051282,0.020499,0.136132,74,212,0
56,14,4,0.051282,0.019788,0.155946,74,160,1
56,15,4,0.051282,0.020070,0.157637,74,211,0
56,16,4,0.051282,0.038121,0.125132,74,154,1
56,17,4,0.051282,0.053013,0.102803,74,210,0
56,18,4,0.051282,0.030410,0.147085,74,175,1
56,19,4,0.051282,0.037333,0.128944,74,198,0
56,20,4,0.051282,0.048811,0.127326,74,161,1
56,21,4,0.051282,0.026214,0.120629,74,205,0
56,22,4,0.051282,0.035540,0.127325,74,186,0
56,23,4,0.051282,0.039713,0.138030,74,179,1
56,24,4,0.051282,0.030067,0.157379,74,173,1
56,25,4,0.051282,0.021474,0.120828,74,174,0
56,26,4,0.051282,0.042685,0.132773,74,221,0
56,27,4,0.051282,0.034932,0.069248,74,176,1
56,28,4,0.051282,0.014164,0.089181,74,212,0
56,29,4,0.051282,0.018744,0.123775,74,169,1
56,30,4,0.051282,0.033126,0.152971,74,219,0
56,31,4,0.051282,0.018750,0.131352,74,185,0
56,32,4,0.051282,0.033871,0.123773,74,204,0
56,33,4,0.051282,0.021156,0.125444,74,178,1
56,34,4,0.051282,0.029909,0.114125,74,210,0
56,35,4,0.051282,0.037963,0.151088,74,186,0
56,36,4,0.051282,0.015040,0.115754,74,207,0
56,37,4,0.051282,0.011236,0.077375,74,185,0
56,38,4,0.051282,0.019212,0.105894,74,186,0
56,39,4,0.051282,0.015282,0.078973,74,199,0
56,40,4,0.051282,0.021448,0.116798,74,165,1
56,41,4,0.051282,0.013397,0.092007,74,194,0
56,42,4,0.051282,0.053416,0.124022,74,173,1
56,43,4,0.051282,0.034981,0.102935,74,204,0
56,44,4,0.051282,0.017535,0.094279,74,165,1
56,45,4,0.051282,0.060552,0.118791,74,191,1
56,46,4,0.051282,0.012623,0.094449,74,175,1
56,47,4,0.051282,0.011236,0.081821,74,201,0
56,48,4,0.051282,0.040289,0.094352,74,181,1
56,49,4,0.051282,0.013490,0.127244,74,176,1
56,50,4,0.051282,0.022624,0.102291,74,180,1
56,51,4,0.051282,0.018451,0.072552,74,173,1
56,52,4,0.051282,0.024105,0.096659,74,170,0
56,53,4,0.051282,0.000454,0.058315,74,163,0
56,54,4,0.051282,0.035844,0.080549,74,174,0
56,55,4,0.051282,0.024842,0.093246,74,165,1
56,56,4,0.051282,0.024105,0.087833,74,173,0
56,57,4,0.051282,0.037871,0.111820,74,172,0
56,58,4,0.051282,0.010401,0.129686,74,160,0
56,59,4,0.051282,0.038193,0.083682,74,155,1
56,60,4,0.051282,0.007309,0.084482,74,172,0
56,61,4,0.051282,0.024207,0.098249,74,164,0
56,62,4,0.051282,0.035040,0.098459,74,160,0
56,63,4,0.051282,0.011236,0.039110,74,160,0
56,64,4,0.051282,0.045862,0.095804,74,170,0
56,65,3,0.038462,0.005518,0.132117,75,227,0
56,66,3,0.038462,0.000000,0.166769,75,228,1
56,67,3,0.038462,0.024118,0.145145,75,238,1
56,68,3,0.038462,0.021794,0.155030,75,236,1
56,69,3,0.038462,0.037465,0.169855,75,225,0
56,70,3,0.038462,0.041566,0.153065,75,230,1
56,71,3,0.038462,0.013753,0.168898,75,235,1
56,72,3,0.038462,0.000000,0.138234,75,232,1
56,73,3,0.038462,0.000000,0.156249,75,240,0
56,74,3,0.038462,0.030297,0.152261,75,244,1
56,75,3,0.038462,0.010455,0.176890,75,239,1
56,76,3,0.038462,0.049236,0.159991,75,245,1
56,77,3,0.038462,0.009422,0.153096,75,236,1
56,78,13,0.166667,0.106820,0.243624,65,134,0
57,0,4,0.051282,0.035864,0.120935,74,244,0
57,1,4,0.051282,0.046262,0.147551,74,159,1
57,2,4,0.051282,0.061655,0.160729,74,233,0
57,3,4,0.051282,0.023407,0.126372,74,164,1
57,4,4,0.051282,0.018735,0.157847,74,225,0
57,5,4,0.051282,0.064844,0.170844,74,177,1
57,6,4,0.051282,0.046449,0.150900,74,226,0
57,7,4,0.051282,0.044860,0.137239,74,174,1
57,8,4,0.051282,0.048004,0.168798,74,222,0
57,9,4,0.051282,0.028715,0.155689,74,185,1
57,10,4,0.051282,0.045384,0.140996,74,204,0
57,11,4,0.051282,0.031861,0.158546,74,187,1
57,12,4,0.051282,0.042073,0.131350,74,174,0
57,13,4,0.051282,0.029030,0.132475,74,212,0
57,14,4,0.051282,0.021777,0.141649,74,161,1
57,15,4,0.051282,0.021002,0.162851,74,211,0
57,16,4,0.051282,0.029489,0.117791,74,155,1
57,17,4,0.051282,0.042743,0.109297,74,210,0
57,18,4,0.051282,0.027846,0.146855,74,176,1
57,19,4,0.051282,0.041738,0.152293,74,198,0
57,20,4,0.051282,0.060091,0.126094,74,162,1
57,21,4,0.051282,0.027756,0.113161,74,205,0
57,22,4,0.051282,0.029495,0.140179,74,186,1
57,23,4,0.051282,0.022118,0.124883,74,180,0
57,24,4,0.051282,0.031987,0.136015,74,174,1
57,25,4,0.051282,0.040713,0.134835,74,174,0
57,26,4,0.051282,0.028509,0.119808,74,221,0
57,27,4,0.051282,0.025841,0.091023,74,177,1
57,28,4,0.051282,0.015620,0.089985,74,212,0
57,29,4,0.051282,0.036965,0.139848,74,170,1
57,30,4,0.051282,0.034683,0.134346,74,219,0
57,31,4,0.051282,0.025904,0.120432,74,185,1
57,32,4,0.051282,0.023130,0.116810,74,204,0
57,33,4,0.051282,0.004065,0.132138,74,179,1
57,34,4,0.051282,0.024672,0.120660,74,210,0
57,35,4,0.051282,0.032830,0.124123,74,186,1
57,36,4,0.051282,0.025216,0.133844,74,207,0
57,37,4,0.051282,0.032375,0.097806,74,185,1
57,38,4,0.051282,0.021265,0.089590,74,186,0
57,39,4,0.051282,0.025841,0.112552,74,199,0
57,40,4,0.051282,0.034598,0.106607,74,166,1
57,41,4,0.051282,0.015150,0.104760,74,194,0
57,42,4,0.051282,0.033944,0.117690,74,174,1
57,43,4,0.051282,0.042234,0.100385,74,204,0
57,44,4,0.051282,0.005764,0.087038,74,166,1
57,45,4,0.051282,0.042543,0.104588,74,192,0
57,46,4,0.051282,0.010822,0.093109,74,176,1
57,47,4,0.051282,0.019405,0.094606,74,201,0
57,48,4,0.051282,0.053705,0.105879,74,182,1
57,49,4,0.051282,0.017724,0.106502,74,177,0
57,50,4,0.051282,0.017760,0.093945,74,181,1
57,51,4,0.051282,0.009932,0.110385,74,174,0
57,52,4,0.051282,0.038335,0.101021,74,170,0
57,53,4,0.051282,0.029152,0.070143,74,163,1
57,54,4,0.051282,0.024143,0.068045,74,174,0
57,55,4,0.051282,0.020594,0.115812,74,166,1
57,56,4,0.051282,0.016163,0.064275,74,173,0
57,57,4,0.051282,0.023863,0.086824,74,172,1
57,58,4,0.051282,0.024145,0.114583,74,160,0
57,59,4,0.051282,0.038761,0.080224,74,156,1
57,60,4,0.051282,0.017591,0.092450,74,172,0
57,61,4,0.051282,0.021990,0.092270,74,164,1
57,62,4,0.051282,0.033389,0.117629,74,160,0
57,63,4,0.051282,0.019405,0.042929,74,160,1
57,64,4,0.051282,0.030416,0.102224,74,170,0
57,65,3,0.038462,0.029152,0.140774,75,227,0
57,66,3,0.038462,0.012970,0.153506,75,229,1
57,67,3,0.038462,0.000000,0.144043,75,239,0
57,68,3,0.038462,0.019510,0.145526,75,237,1
57,69,3,0.038462,0.018585,0.150383,75,225,0
57,70,3,0.038462,0.014714,0.139316,75,231,1
57,71,3,0.038462,0.029132,0.136882,75,236,0
57,72,3,0.038462,0.000000,0.124783,75,233,1
57,73,3,0.038462,0.000000,0.149194,75,240,0
57,74,3,0.038462,0.040401,0.148562,75,245,1
57,75,3,0.038462,0.002871,0.143435,75,240,0
57,76,3,0.038462,0.063868,0.139036,75,246,1
57,77,3,0.038462,0.013591,0.143823,75,237,0
57,78,13,0.166667,0.091028,0.244794,65,134,0
58,0,4,0.051282,0.027802,0.144654,74,244,1
58,1,4,0.051282,0.046813,0.128471,74,160,0
58,2,4,0.051282,0.058658,0.152619,74,233,1
58,3,4,0.051282,0.032970,0.119535,74,165,0
58,4,4,0.051282,0.021034,0.148082,74,225,0
58,5,4,0.051282,0.060957,0.164184,74,178,0
58,6,4,0.051282,0.035484,0.148361,74,226,1
58,7,4,0.051282,0.019620,0.146813,74,175,0
58,8,4,0.051282,0.058775,0.161700,74,222,0
58,9,4,0.051282,0.035895,0.162838,74,186,0
58,10,4,0.051282,0.053278,0.156134,74,204,1
58,11,4,0.051282,0.051970,0.159617,74,188,1
58,12,4,0.051282,0.042715,0.161773,74,174,0
58,13,4,0.051282,0.019983,0.137027,74,212,1
58,14,4,0.051282,0.029025,0.142071,74,162,0
58,15,4,0.051282,0.022028,0.150829,74,211,1
58,16,4,0.051282,0.035845,0.105499,74,156,0
58,17,4,0.051282,0.050716,0.102258,74,210,1
58,18,4,0.051282,0.015823,0.145300,74,177,0
58,19,4,0.051282,0.048015,0.152046,74,198,1
58,20,4,0.051282,0.059646,0.125951,74,163,1
58,21,4,0.051282,0.016289,0.105842,74,205,0
58,22,4,0.051282,0.035686,0.143585,74,187,0
58,23,4,0.051282,0.026061,0.134116,74,180,1
58,24,4,0.051282,0.030463,0.158933,74,175,1
58,25,4,0.051282,0.041839,0.146390,74,174,0
58,26,4,0.051282,0.042278,0.124152,74,221,1
58,27,4,0.051282,0.017684,0.070258,74,178,0
58,28,4,0.051282,0.013333,0.073563,74,212,1
58,29,4,0.051282,0.039560,0.127942,74,171,0
58,30,4,0.051282,0.014385,0.158164,74,219,0
58,31,4,0.051282,0.025375,0.126473,74,186,0
58,32,4,0.051282,0.037826,0.099455,74,204,1
58,33,4,0.051282,0.010108,0.117941,74,180,0
58,34,4,0.051282,0.031756,0.134378,74,210,0
58,35,4,0.051282,0.029819,0.153095,74,187,0
58,36,4,0.051282,0.016997,0.133970,74,207,1
58,37,4,0.051282,0.024144,0.081287,74,186,1
58,38,4,0.051282,0.025687,0.105123,74,186,0
58,39,4,0.051282,0.017684,0.094504,74,199,1
58,40,4,0.051282,0.025431,0.118331,74,167,0
58,41,4,0.051282,0.010563,0.093715,74,194,1
58,42,4,0.051282,0.033850,0.101339,74,175,0
58,43,4,0.051282,0.039560,0.095809,74,204,1
58,44,4,0.051282,0.003283,0.094440,74,167,0
58,45,4,0.051282,0.045867,0.115936,74,192,1
58,46,4,0.051282,0.028822,0.090976,74,177,1
58,47,4,0.051282,0.011377,0.082757,74,201,0
58,48,4,0.051282,0.044663,0.093777,74,183,0
58,49,4,0.051282,0.033152,0.123053,74,177,1
58,50,4,0.051282,0.015447,0.113807,74,182,1
58,51,4,0.051282,0.011783,0.083918,74,174,0
58,52,4,0.051282,0.026992,0.090100,74,170,1
58,53,4,0.051282,0.028247,0.059140,74,164,0
58,54,4,0.051282,0.035728,0.068168,74,174,1
58,55,4,0.051282,0.009014,0.122609,74,167,0
58,56,4,0.051282,0.017685,0.084184,74,173,0
58,57,4,0.051282,0.022410,0.078840,74,173,0
58,58,4,0.051282,0.007553,0.087391,74,160,1
58,59,4,0.051282,0.037128,0.085409,74,157,0
58,60,4,0.051282,0.027149,0.074597,74,172,0
58,61,4,0.051282,0.038332,0.137693,74,165,0
58,62,4,0.051282,0.031400,0.091673,74,160,1
58,63,4,0.051282,0.011377,0.045628,74,161,1
58,64,4,0.051282,0.029215,0.111730,74,170,0
58,65,3,0.038462,0.030893,0.137853,75,227,1
58,66,3,0.038462,0.012767,0.163312,75,230,0
58,67,3,0.038462,0.000000,0.151249,75,239,0
58,68,3,0.038462,0.018051,0.145269,75,238,0
58,69,3,0.038462,0.034472,0.146734,75,225,1
58,70,3,0.038462,0.026687,0.143874,75,232,0
58,71,3,0.038462,0.022410,0.161334,75,236,1
58,72,3,0.038462,0.003461,0.145426,75,234,1
58,73,3,0.038462,0.000000,0.149097,75,240,0
58,74,3,0.038462,0.012759,0.139546,75,246,0
58,75,3,0.038462,0.036264,0.168140,75,240,1
58,76,3,0.038462,0.026867,0.156956,75,247,1
58,77,3,0.038462,0.022469,0.143369,75,237,0
58,78,13,0.166667,0.100592,0.247100,65,134,0
59,0,4,0.051282,0.031540,0.131579,74,245,0
59,1,4,0.051282,0.051088,0.138050,74,160,1
59,2,4,0.051282,0.056806,0.170344,74,234,0
59,3,4,0.051282,0.018411,0.128754,74,165,0
59,4,4,0.051282,0.023954,0.144345,74,225,0
59,5,4,0.051282,0.056470,0.161916,74,178,1
59,6,4,0.051282,0.052402,0.165432,74,227,0
59,7,4,0.051282,0.043056,0.136271,74,175,0
59,8,4,0.051282,0.038034,0.158047,74,222,0
59,9,4,0.051282,0.048577,0.157619,74,186,1
59,10,4,0.051282,0.052900,0.153130,74,205,0
59,11,4,0.051282,0.021287,0.142253,74,189,0
59,12,4,0.051282,0.041436,0.139081,74,174,0
59,13,4,0.051282,0.026784,0.130092,74,213,0
59,14,4,0.051282,0.030541,0.146850,74,162,1
59,15,4,0.051282,0.022920,0.156142,74,212,0
59,16,4,0.051282,0.031540,0.136602,74,156,1
59,17,4,0.051282,0.046477,0.109064,74,211,1
59,18,4,0.051282,0.032245,0.150169,74,177,1
59,19,4,0.051282,0.029788,0.144326,74,199,0
59,20,4,0.051282,0.051338,0.126567,74,164,1
59,21,4,0.051282,0.027807,0.112819,74,205,1
59,22,4,0.051282,0.028141,0.152850,74,187,1
59,23,4,0.051282,0.022529,0.137611,74,181,0
59,24,4,0.051282,0.042366,0.136646,74,176,1
59,25,4,0.051282,0.034977,0.129709,74,174,1
59,26,4,0.051282,0.043921,0.142207,74,222,0
59,27,4,0.051282,0.027120,0.090703,74,178,0
59,28,4,0.051282,0.014583,0.094415,74,213,0
59,29,4,0.051282,0.033473,0.136400,74,171,0
59,30,4,0.051282,0.037187,0.148421,74,219,0
59,31,4,0.051282,0.021464,0.100492,74,186,0
59,32,4,0.051282,0.026378,0.106817,74,205,0
59,33,4,0.051282,0.014124,0.129954,74,180,0
59,34,4,0.051282,0.027393,0.122081,74,210,0
59,35,4,0.051282,0.017815,0.111418,74,187,0
59,36,4,0.051282,0.021170,0.112689,74,208,0
59,37,4,0.051282,0.034352,0.098254,74,187,0
59,38,4,0.051282,0.029783,0.122834,74,186,0
59,39,4,0.051282,0.022753,0.101315,74,200,1
59,40,4,0.051282,0.014583,0.117035,74,167,1
59,41,4,0.051282,0.018246,0.094110,74,195,1
59,42,4,0.051282,0.065543,0.141407,74,175,1
59,43,4,0.051282,0.040386,0.112177,74,205,1
59,44,4,0.051282,0.017046,0.077891,74,167,1
59,45,4,0.051282,0.029538,0.080281,74,193,1
59,46,4,0.051282,0.000000,0.089349,74,178,0
59,47,4,0.051282,0.015285,0.094867,74,201,1
59,48,4,0.051282,0.029386,0.092363,74,183,1
59,49,4,0.051282,0.029563,0.106382,74,178,1
59,50,4,0.051282,0.028377,0.103904,74,183,1
59,51,4,0.051282,0.020186,0.084055,74,174,1
59,52,4,0.051282,0.039683,0.137673,74,171,0
59,53,4,0.051282,0.020732,0.081418,74,164,0
59,54,4,0.051282,0.018847,0.050696,74,175,0
59,55,4,0.051282,0.019989,0.121021,74,167,0
59,56,4,0.051282,0.020616,0.104023,74,173,0
59,57,4,0.051282,0.024793,0.075122,74,173,0
59,58,4,0.051282,0.018083,0.089832,74,161,0
59,59,4,0.051282,0.044591,0.084199,74,157,0
59,60,4,0.051282,0.004153,0.040973,74,172,0
59,61,4,0.051282,0.016209,0.117073,74,165,0
59,62,4,0.051282,0.026733,0.094168,74,161,0
59,63,4,0.051282,0.001800,0.047731,74,162,0
59,64,4,0.051282,0.042575,0.101170,74,170,0
59,65,3,0.038462,0.040419,0.154265,75,228,1
59,66,3,0.038462,0.019067,0.172073,75,230,1
59,67,3,0.038462,0.000000,0.159069,75,239,0
59,68,3,0.038462,0.038479,0.173842,75,238,1
59,69,3,0.038462,0.017463,0.178123,75,226,1
59,70,3,0.038462,0.000000,0.150473,75,232,0
59,71,3,0.038462,0.027339,0.154545,75,237,1
59,72,3,0.038462,0.000000,0.138312,75,235,0
59,73,3,0.038462,0.011064,0.159934,75,240,1
59,74,3,0.038462,0.043401,0.158359,75,246,1
59,75,3,0.038462,0.030633,0.172327,75,241,1
59,76,3,0.038462,0.012596,0.160271,75,248,1
59,77,3,0.038462,0.001195,0.142076,75,237,1
59,78,13,0.166667,0.113543,0.241658,65,134,0
60,0,4,0.051282,0.030520,0.136936,74,245,0
60,1,4,0.051282,0.052211,0.129905,74,161,1
60,2,4,0.051282,0.056552,0.159354,74,234,0
60,3,4,0.051282,0.026278,0.125213,74,165,0
60,4,4,0.051282,0.023099,0.143720,74,225,0
60,5,4,0.051282,0.058113,0.157736,74,179,1
60,6,4,0.051282,0.036176,0.150199,74,227,0
60,7,4,0.051282,0.037006,0.136765,74,175,0
60,8,4,0.051282,0.040424,0.152269,74,222,1
60,9,4,0.051282,0.031583,0.164954,74,187,1
60,10,4,0.051282,0.058843,0.151833,74,205,0
60,11,4,0.051282,0.031344,0.145937,74,189,0
60,12,4,0.051282,0.051227,0.148935,74,174,1
60,13,4,0.051282,0.023015,0.129085,74,213,0
60,14,4,0.051282,0.027927,0.152803,74,163,1
60,15,4,0.051282,0.019818,0.154724,74,212,0
60,16,4,0.051282,0.030520,0.133517,74,157,1
60,17,4,0.051282,0.048578,0.110295,74,212,1
60,18,4,0.051282,0.021104,0.140308,74,178,1
60,19,4,0.051282,0.045190,0.143887,74,199,0
60,20,4,0.051282,0.049916,0.126282,74,165,0
60,21,4,0.051282,0.024662,0.113136,74,206,1
60,22,4,0.051282,0.039400,0.141021,74,188,1
60,23,4,0.051282,0.024746,0.138881,74,181,0
60,24,4,0.051282,0.034003,0.149427,74,177,0
60,25,4,0.051282,0.029623,0.131166,74,175,1
60,26,4,0.051282,0.050090,0.142053,74,222,0
60,27,4,0.051282,0.021454,0.079812,74,178,1
60,28,4,0.051282,0.015641,0.081468,74,213,0
60,29,4,0.051282,0.029142,0.122190,74,171,0
60,30,4,0.051282,0.029808,0.156748,74,219,0
60,31,4,0.051282,0.022946,0.121460,74,186,1
60,32,4,0.051282,0.031939,0.109150,74,205,0
60,33,4,0.051282,0.017870,0.127208,74,180,0
60,34,4,0.051282,0.032950,0.122478,74,210,1
60,35,4,0.051282,0.031246,0.132664,74,187,1
60,36,4,0.051282,0.014063,0.117673,74,208,0
60,37,4,0.051282,0.026917,0.086187,74,187,0
60,38,4,0.051282,0.024825,0.120487,74,186,1
60,39,4,0.051282,0.011730,0.087593,74,201,0
60,40,4,0.051282,0.015641,0.118908,74,168,1
60,41,4,0.051282,0.025249,0.094000,74,196,0
60,42,4,0.051282,0.067965,0.139941,74,176,1
60,43,4,0.051282,0.038866,0.109770,74,206,1
60,44,4,0.051282,0.016797,0.080008,74,168,1
60,45,4,0.051282,0.031203,0.093010,74,194,0
60,46,4,0.051282,0.008346,0.095910,74,178,0
60,47,4,0.051282,0.015101,0.095814,74,202,1
60,48,4,0.051282,0.031849,0.086516,74,184,1
60,49,4,0.051282,0.031525,0.113715,74,179,0
60,50,4,0.051282,0.030212,0.109732,74,184,0
60,51,4,0.051282,0.016801,0.075280,74,175,1
60,52,4,0.051282,0.031326,0.124271,74,171,0
60,53,4,0.051282,0.020902,0.069383,74,164,0
60,54,4,0.051282,0.021851,0.055527,74,175,0
60,55,4,0.051282,0.016094,0.107132,74,167,0
60,56,4,0.051282,0.028718,0.114368,74,173,0
60,57,4,0.051282,0.028698,0.085150,74,173,1
60,58,4,0.051282,0.010577,0.103172,74,161,0
60,59,4,0.051282,0.046664,0.095656,74,157,0
60,60,4,0.051282,0.004433,0.056737,74,172,0
60,61,4,0.051282,0.010120,0.115477,74,165,1
60,62,4,0.051282,0.029937,0.087925,74,161,0
60,63,4,0.051282,0.004364,0.049150,74,162,0
60,64,4,0.051282,0.047524,0.099045,74,170,1
60,65,3,0.038462,0.032095,0.150365,75,229,1
60,66,3,0.038462,0.007839,0.166545,75,231,1
60,67,3,0.038462,0.000309,0.162968,75,239,0
60,68,3,0.038462,0.032826,0.173413,75,239,1
60,69,3,0.038462,0.024441,0.176126,75,227,1
60,70,3,0.038462,0.015251,0.145796,75,232,1
60,71,3,0.038462,0.028389,0.152186,75,238,0
60,72,3,0.038462,0.005231,0.146520,75,235,1
60,73,3,0.038462,0.017249,0.164396,75,241,1
60,74,3,0.038462,0.039275,0.153882,75,247,1
60,75,3,0.038462,0.024360,0.171012,75,242,0
60,76,3,0.038462,0.012947,0.165326,75,249,0
60,77,3,0.038462,0.000000,0.147669,75,238,0
60,78,13,0.166667,0.113368,0.240210,65,134,0
61,0,4,0.051282,0.038543,0.128928,74,245,0
61,1,4,0.051282,0.048114,0.118586,74,162,1
61,2,4,0.051282,0.040227,0.155763,74,234,0
61,3,4,0.051282,0.028784,0.124932,74,165,0
61,4,4,0.051282,0.026866,0.153649,74,225,0
61,5,4,0.051282,0.037438,0.153638,74,180,1
61,6,4,0.051282,0.058597,0.158333,74,227,0
61,7,4,0.051282,0.044309,0.142892,74,175,0
61,8,4,0.051282,0.038114,0.157617,74,223,0
61,9,4,0.051282,0.059748,0.166913,74,188,1
61,10,4,0.051282,0.054160,0.154898,74,205,0
61,11,4,0.051282,0.018550,0.150163,74,189,0
61,12,4,0.051282,0.039965,0.133270,74,175,1
61,13,4,0.051282,0.017139,0.129926,74,213,0
61,14,4,0.051282,0.027692,0.144065,74,164,1
61,15,4,0.051282,0.022677,0.121637,74,212,0
61,16,4,0.051282,0.024338,0.135123,74,158,1
61,17,4,0.051282,0.042384,0.119208,74,213,1
61,18,4,0.051282,0.042519,0.149695,74,179,1
61,19,4,0.051282,0.032137,0.139178,74,199,0
61,20,4,0.051282,0.056218,0.125665,74,165,1
61,21,4,0.051282,0.035528,0.111689,74,207,1
61,22,4,0.051282,0.018628,0.151520,74,189,1
61,23,4,0.051282,0.022019,0.157277,74,181,0
61,24,4,0.051282,0.038541,0.139216,74,177,0
61,25,4,0.051282,0.036557,0.123273,74,176,1
61,26,4,0.051282,0.038438,0.132262,74,222,0
61,27,4,0.051282,0.019928,0.078429,74,179,0
61,28,4,0.051282,0.026857,0.101306,74,213,0
61,29,4,0.051282,0.033099,0.112550,74,171,0
61,30,4,0.051282,0.031276,0.143244,74,219,0
61,31,4,0.051282,0.016156,0.097276,74,187,0
61,32,4,0.051282,0.024014,0.104202,74,205,0
61,33,4,0.051282,0.013016,0.134784,74,180,0
61,34,4,0.051282,0.029409,0.133823,74,211,0
61,35,4,0.051282,0.025836,0.116617,74,188,0
61,36,4,0.051282,0.014749,0.108407,74,208,0
61,37,4,0.051282,0.035814,0.106296,74,187,0
61,38,4,0.051282,0.031728,0.132963,74,187,0
61,39,4,0.051282,0.015960,0.085399,74,201,1
61,40,4,0.051282,0.026857,0.120622,74,169,1
61,41,4,0.051282,0.022653,0.093438,74,196,1
61,42,4,0.051282,0.053375,0.112206,74,177,1
61,43,4,0.051282,0.037067,0.106800,74,207,1
61,44,4,0.051282,0.004239,0.107969,74,169,1
61,45,4,0.051282,0.019810,0.098240,74,194,1
61,46,4,0.051282,0.009313,0.099554,74,178,1
61,47,4,0.051282,0.019805,0.102636,74,203,1
61,48,4,0.051282,0.038816,0.086993,74,185,1
61,49,4,0.051282,0.042651,0.105769,74,179,1
61,50,4,0.051282,0.029752,0.113082,74,184,1
61,51,4,0.051282,0.014407,0.080416,74,176,1
61,52,4,0.051282,0.024177,0.104210,74,171,0
61,53,4,0.051282,0.017921,0.071497,74,164,0
61,54,4,0.051282,0.031150,0.069013,74,175,0
61,55,4,0.051282,0.014450,0.099714,74,167,0
61,56,4,0.051282,0.018315,0.080804,74,173,0
61,57,4,0.051282,0.039432,0.081895,74,174,0
61,58,4,0.051282,0.025948,0.105243,74,161,0
61,59,4,0.051282,0.046234,0.091498,74,157,0
61,60,4,0.051282,0.020555,0.059394,74,172,0
61,61,4,0.051282,0.016815,0.126048,74,166,0
61,62,4,0.051282,0.022281,0.094685,74,161,0
61,63,4,0.051282,0.007572,0.056402,74,162,0
61,64,4,0.051282,0.031390,0.126848,74,171,0
61,65,3,0.038462,0.022923,0.138867,75,230,1
61,66,3,0.038462,0.005863,0.161822,75,232,1
61,67,3,0.038462,0.009961,0.163849,75,239,1
61,68,3,0.038462,0.018116,0.148987,75,240,1
61,69,3,0.038462,0.023763,0.167180,75,228,1
61,70,3,0.038462,0.032054,0.163593,75,233,1
61,71,3,0.038462,0.029471,0.162743,75,238,1
61,72,3,0.038462,0.000000,0.145365,75,236,1
61,73,3,0.038462,0.010862,0.160301,75,242,1
61,74,3,0.038462,0.030134,0.154724,75,248,1
61,75,3,0.038462,0.034116,0.154701,75,242,1
61,76,3,0.038462,0.020329,0.158441,75,249,1
61,77,3,0.038462,0.011328,0.136348,75,238,1
61,78,13,0.166667,0.106495,0.248921,65,134,0
62,0,4,0.051282,0.038820,0.130070,74,245,0
62,1,4,0.051282,0.052130,0.138629,74,163,0
62,2,4,0.051282,0.052204,0.148643,74,234,1
62,3,4,0.051282,0.024825,0.138185,74,165,1
62,4,4,0.051282,0.029267,0.155672,74,225,0
62,5,4,0.051282,0.051995,0.160032,74,181,0
62,6,4,0.051282,0.048975,0.142686,74,227,1
62,7,4,0.051282,0.057752,0.154796,74,175,1
62,8,4,0.051282,0.053842,0.169207,74,223,0
62,9,4,0.051282,0.021205,0.154267,74,189,0
62,10,4,0.051282,0.038640,0.130768,74,205,1
62,11,4,0.051282,0.024229,0.144569,74,189,1
62,12,4,0.051282,0.034384,0.137398,74,176,0
62,13,4,0.051282,0.026333,0.140900,74,213,0
62,14,4,0.051282,0.021787,0.143560,74,165,0
62,15,4,0.051282,0.021272,0.154352,74,212,1
62,16,4,0.051282,0.031327,0.133979,74,159,1
62,17,4,0.051282,0.043765,0.123720,74,214,0
62,18,4,0.051282,0.022730,0.139968,74,180,0
62,19,4,0.051282,0.037581,0.134094,74,199,1
62,20,4,0.051282,0.041769,0.136963,74,166,1
62,21,4,0.051282,0.027921,0.120589,74,208,0
62,22,4,0.051282,0.046756,0.132600,74,190,0
62,23,4,0.051282,0.029071,0.128171,74,181,1
62,24,4,0.051282,0.045458,0.148661,74,177,1
62,25,4,0.051282,0.028422,0.119367,74,177,0
62,26,4,0.051282,0.037101,0.117832,74,222,0
62,27,4,0.051282,0.026542,0.095771,74,179,0
62,28,4,0.051282,0.015434,0.079037,74,213,0
62,29,4,0.051282,0.037402,0.120666,74,171,1
62,30,4,0.051282,0.028791,0.132892,74,219,0
62,31,4,0.051282,0.023684,0.100057,74,187,0
62,32,4,0.051282,0.023355,0.122436,74,205,0
62,33,4,0.051282,0.003741,0.113706,74,180,1
62,34,4,0.051282,0.025063,0.117897,74,211,0
62,35,4,0.051282,0.037210,0.131148,74,188,0
62,36,4,0.051282,0.021630,0.135578,74,208,0
62,37,4,0.051282,0.034868,0.089825,74,187,1
62,38,4,0.051282,0.035371,0.150651,74,187,0
62,39,4,0.051282,0.015495,0.097791,74,202,0
62,40,4,0.051282,0.015434,0.106238,74,170,1
62,41,4,0.051282,0.032672,0.109871,74,197,1
62,42,4,0.051282,0.049284,0.122830,74,178,1
62,43,4,0.051282,0.035073,0.094997,74,208,0
62,44,4,0.051282,0.019086,0.096069,74,170,1
62,45,4,0.051282,0.008533,0.119542,74,195,1
62,46,4,0.051282,0.010512,0.088377,74,179,1
62,47,4,0.051282,0.006947,0.085315,74,204,0
62,48,4,0.051282,0.033864,0.095959,74,186,1
62,49,4,0.051282,0.055963,0.123555,74,180,1
62,50,4,0.051282,0.020159,0.098842,74,185,1
62,51,4,0.051282,0.026535,0.082240,74,177,0
62,52,4,0.051282,0.028602,0.104260,74,171,0
62,53,4,0.051282,0.019751,0.089719,74,164,0
62,54,4,0.051282,0.025100,0.053851,74,175,0
62,55,4,0.051282,0.014095,0.099441,74,167,0
62,56,4,0.051282,0.028336,0.099072,74,173,0
62,57,4,0.051282,0.039894,0.081099,74,174,0
62,58,4,0.051282,0.032180,0.103307,74,161,0
62,59,4,0.051282,0.039758,0.050777,74,157,1
62,60,4,0.051282,0.006187,0.047823,74,172,0
62,61,4,0.051282,0.018754,0.127936,74,166,0
62,62,4,0.051282,0.018794,0.117142,74,161,0
62,63,4,0.051282,0.006947,0.058933,74,162,0
62,64,4,0.051282,0.032221,0.118256,74,171,0
62,65,3,0.038462,0.040116,0.140898,75,231,1
62,66,3,0.038462,0.000266,0.160755,75,233,1
62,67,3,0.038462,0.001436,0.166697,75,240,1
62,68,3,0.038462,0.039276,0.163990,75,241,1
62,69,3,0.038462,0.008757,0.160906,75,229,0
62,70,3,0.038462,0.019066,0.164332,75,234,1
62,71,3,0.038462,0.038458,0.165700,75,239,1
62,72,3,0.038462,0.000000,0.141575,75,237,1
62,73,3,0.038462,0.000000,0.153758,75,243,0
62,74,3,0.038462,0.031292,0.158026,75,249,1
62,75,3,0.038462,0.024982,0.158026,75,243,1
62,76,3,0.038462,0.017152,0.145459,75,250,1
62,77,3,0.038462,0.025451,0.132794,75,239,1
62,78,13,0.166667,0.107052,0.246252,65,134,0
63,0,4,0.051282,0.045128,0.134021,74,245,1
63,1,4,0.051282,0.051001,0.153680,74,163,0
63,2,4,0.051282,0.054651,0.152609,74,235,1
63,3,4,0.051282,0.030333,0.141168,74,166,0
63,4,4,0.051282,0.027544,0.155994,74,225,0
63,5,4,0.051282,0.050157,0.169523,74,181,0
63,6,4,0.051282,0.051877,0.144259,74,228,1
63,7,4,0.051282,0.050460,0.144531,74,176,1
63,8,4,0.051282,0.046586,0.162848,74,223,0
63,9,4,0.051282,0.029934,0.156360,74,189,0
63,10,4,0.051282,0.032685,0.127585,74,206,1
63,11,4,0.051282,0.027814,0.146767,74,190,1
63,12,4,0.051282,0.037583,0.133754,74,176,0
63,13,4,0.051282,0.032425,0.139811,74,213,0
63,14,4,0.051282,0.019084,0.147513,74,165,0
63,15,4,0.051282,0.021476,0.157825,74,213,0
63,16,4,0.051282,0.033603,0.137895,74,160,0
63,17,4,0.051282,0.036071,0.114097,74,214,0
63,18,4,0.051282,0.032367,0.141910,74,180,0
63,19,4,0.051282,0.041520,0.145970,74,200,1
63,20,4,0.051282,0.041598,0.131065,74,167,1
63,21,4,0.051282,0.034330,0.115711,74,208,0
63,22,4,0.051282,0.031800,0.125975,74,190,0
63,23,4,0.051282,0.030279,0.138339,74,182,1
63,24,4,0.051282,0.042976,0.125742,74,178,1
63,25,4,0.051282,0.028267,0.114785,74,177,0
63,26,4,0.051282,0.025169,0.117075,74,222,1
63,27,4,0.051282,0.036919,0.104510,74,179,1
63,28,4,0.051282,0.022564,0.099784,74,213,1
63,29,4,0.051282,0.021559,0.112389,74,172,1
63,30,4,0.051282,0.040053,0.126549,74,219,0
63,31,4,0.051282,0.019748,0.099305,74,187,0
63,32,4,0.051282,0.012818,0.119635,74,205,1
63,33,4,0.051282,0.011745,0.115167,74,181,1
63,34,4,0.051282,0.016882,0.113867,74,211,0
63,35,4,0.051282,0.046130,0.127840,74,188,0
63,36,4,0.051282,0.028595,0.115475,74,208,1
63,37,4,0.051282,0.025691,0.103836,74,188,1
63,38,4,0.051282,0.024692,0.148707,74,187,0
63,39,4,0.051282,0.014657,0.093925,74,202,0
63,40,4,0.051282,0.022564,0.103895,74,171,0
63,41,4,0.051282,0.035952,0.108959,74,198,0
63,42,4,0.051282,0.041824,0.129784,74,179,0
63,43,4,0.051282,0.029237,0.090239,74,208,0
63,44,4,0.051282,0.025768,0.099171,74,171,0
63,45,4,0.051282,0.000358,0.126703,74,196,0
63,46,4,0.051282,0.009525,0.087057,74,180,0
63,47,4,0.051282,0.015530,0.084213,74,204,0
63,48,4,0.051282,0.029699,0.098177,74,187,0
63,49,4,0.051282,0.055683,0.125869,74,181,1
63,50,4,0.051282,0.019769,0.078330,74,186,1
63,51,4,0.051282,0.025708,0.084514,74,177,0
63,52,4,0.051282,0.034439,0.101750,74,171,1
63,53,4,0.051282,0.009759,0.060368,74,164,1
63,54,4,0.051282,0.021723,0.068563,74,175,1
63,55,4,0.051282,0.025688,0.088866,74,167,1
63,56,4,0.051282,0.030122,0.084393,74,173,1
63,57,4,0.051282,0.042533,0.078842,74,174,1
63,58,4,0.051282,0.042066,0.106696,74,161,1
63,59,4,0.051282,0.031247,0.083351,74,158,1
63,60,4,0.051282,0.000000,0.045585,74,172,0
63,61,4,0.051282,0.018291,0.127805,74,166,0
63,62,4,0.051282,0.014698,0.113663,74,161,1
63,63,4,0.051282,0.015530,0.067550,74,162,1
63,64,4,0.051282,0.036756,0.120975,74,171,0
63,65,3,0.038462,0.009759,0.140330,75,232,0
63,66,3,0.038462,0.004318,0.161045,75,234,0
63,67,3,0.038462,0.000000,0.157175,75,241,0
63,68,3,0.038462,0.033044,0.169444,75,242,0
63,69,3,0.038462,0.035213,0.161818,75,229,0
63,70,3,0.038462,0.015913,0.168672,75,235,0
63,71,3,0.038462,0.042533,0.165707,75,240,0
63,72,3,0.038462,0.000000,0.135005,75,238,0
63,73,3,0.038462,0.003372,0.151659,75,243,0
63,74,3,0.038462,0.035316,0.161647,75,250,0
63,75,3,0.038462,0.029231,0.159931,75,244,0
63,76,3,0.038462,0.016292,0.141639,75,251,0
63,77,3,0.038462,0.022940,0.135111,75,240,0
63,78,13,0.166667,0.104883,0.247931,65,134,1
64,0,4,0.051282,0.041611,0.146519,74,246,1
64,1,4,0.051282,0.046670,0.148801,74,163,0
64,2,4,0.051282,0.044625,0.159507,74,236,1
64,3,4,0.051282,0.044094,0.150295,74,166,0
64,4,4,0.051282,0.040589,0.148849,74,225,1
64,5,4,0.051282,0.048280,0.156625,74,181,0
64,6,4,0.051282,0.041049,0.136445,74,229,1
64,7,4,0.051282,0.032394,0.146329,74,177,0
64,8,4,0.051282,0.042478,0.142678,74,223,0
64,9,4,0.051282,0.033915,0.160770,74,189,0
64,10,4,0.051282,0.037479,0.126637,74,207,1
64,11,4,0.051282,0.037745,0.149989,74,191,1
64,12,4,0.051282,0.048010,0.147971,74,176,0
64,13,4,0.051282,0.033178,0.152016,74,213,1
64,14,4,0.051282,0.023863,0.137880,74,165,0
64,15,4,0.051282,0.029386,0.145730,74,213,1
64,16,4,0.051282,0.031892,0.136436,74,160,0
64,17,4,0.051282,0.034916,0.123189,74,214,1
64,18,4,0.051282,0.040693,0.129241,74,180,0
64,19,4,0.051282,0.041565,0.148199,74,201,1
64,20,4,0.051282,0.040469,0.127301,74,168,0
64,21,4,0.051282,0.028346,0.115329,74,208,0
64,22,4,0.051282,0.013557,0.125346,74,190,0
64,23,4,0.051282,0.040677,0.147642,74,183,1
64,24,4,0.051282,0.032070,0.132947,74,179,1
64,25,4,0.051282,0.031155,0.128847,74,177,0
64,26,4,0.051282,0.031490,0.117143,74,223,1
64,27,4,0.051282,0.029523,0.108050,74,180,0
64,28,4,0.051282,0.020154,0.103788,74,214,1
64,29,4,0.051282,0.031729,0.124507,74,173,0
64,30,4,0.051282,0.022745,0.133269,74,219,1
64,31,4,0.051282,0.021257,0.126768,74,187,0
64,32,4,0.051282,0.023413,0.105123,74,206,1
64,33,4,0.051282,0.014972,0.112483,74,182,0
64,34,4,0.051282,0.021489,0.114710,74,211,0
64,35,4,0.051282,0.044747,0.141461,74,188,0
64,36,4,0.051282,0.023405,0.098902,74,209,1
64,37,4,0.051282,0.030218,0.097093,74,189,1
64,38,4,0.051282,0.020970,0.121744,74,187,0
64,39,4,0.051282,0.022388,0.087048,74,202,1
64,40,4,0.051282,0.020154,0.104738,74,171,0
64,41,4,0.051282,0.023098,0.100287,74,198,1
64,42,4,0.051282,0.041235,0.129573,74,179,0
64,43,4,0.051282,0.034025,0.090935,74,208,1
64,44,4,0.051282,0.019078,0.066563,74,171,0
64,45,4,0.051282,0.032719,0.127670,74,196,1
64,46,4,0.051282,0.019673,0.079980,74,180,0
64,47,4,0.051282,0.015196,0.090681,74,204,0
64,48,4,0.051282,0.031795,0.090930,74,187,0
64,49,4,0.051282,0.026500,0.130091,74,182,1
64,50,4,0.051282,0.022498,0.082816,74,187,1
64,51,4,0.051282,0.022396,0.103438,74,177,0
64,52,4,0.051282,0.039592,0.116003,74,172,1
64,53,4,0.051282,0.011857,0.065482,74,165,0
64,54,4,0.051282,0.013503,0.047205,74,176,1
64,55,4,0.051282,0.013939,0.105448,74,168,0
64,56,4,0.051282,0.035746,0.111677,74,174,1
64,57,4,0.051282,0.037650,0.093467,74,175,0
64,58,4,0.051282,0.009493,0.088285,74,162,0
64,59,4,0.051282,0.030295,0.094108,74,159,0
64,60,4,0.051282,0.000000,0.064671,74,172,0
64,61,4,0.051282,0.024017,0.110931,74,166,0
64,62,4,0.051282,0.034619,0.103832,74,162,0
64,63,4,0.051282,0.015196,0.065224,74,163,0
64,64,4,0.051282,0.040358,0.090132,74,171,0
64,65,3,0.038462,0.015423,0.140322,75,232,1
64,66,3,0.038462,0.003846,0.167621,75,234,0
64,67,3,0.038462,0.004574,0.164033,75,241,1
64,68,3,0.038462,0.050769,0.189864,75,242,0
64,69,3,0.038462,0.033612,0.158760,75,229,1
64,70,3,0.038462,0.004127,0.137522,75,235,0
64,71,3,0.038462,0.033076,0.176193,75,240,1
64,72,3,0.038462,0.000000,0.150272,75,238,0
64,73,3,0.038462,0.011276,0.160017,75,243,1
64,74,3,0.038462,0.033285,0.158639,75,250,1
64,75,3,0.038462,0.018636,0.178901,75,244,1
64,76,3,0.038462,0.022500,0.154884,75,251,1
64,77,3,0.038462,0.016357,0.164341,75,240,1
64,78,13,0.166667,0.114526,0.247479,65,135,0
65,0,4,0.051282,0.037632,0.131481,74,247,0
65,1,4,0.051282,0.037070,0.145424,74,163,1
65,2,4,0.051282,0.049285,0.143792,74,237,0
65,3,4,0.051282,0.035963,0.136974,74,166,1
65,4,4,0.051282,0.031174,0.163572,74,226,0
65,5,4,0.051282,0.050587,0.146440,74,181,1
65,6,4,0.051282,0.041702,0.143705,74,230,0
65,7,4,0.051282,0.048880,0.149916,74,177,0
65,8,4,0.051282,0.045924,0.167307,74,223,1
65,9,4,0.051282,0.033447,0.156248,74,189,1
65,10,4,0.051282,0.046153,0.145169,74,208,0
65,11,4,0.051282,0.032759,0.165916,74,192,0
65,12,4,0.051282,0.043880,0.153987,74,176,1
65,13,4,0.051282,0.034457,0.139185,74,214,0
65,14,4,0.051282,0.027302,0.130812,74,165,1
65,15,4,0.051282,0.024050,0.142227,74,214,0
65,16,4,0.051282,0.031146,0.134437,74,160,1
65,17,4,0.051282,0.033711,0.122491,74,215,0
65,18,4,0.051282,0.028833,0.132119,74,180,1
65,19,4,0.051282,0.031403,0.132113,74,202,0
65,20,4,0.051282,0.047583,0.142223,74,168,0
65,21,4,0.051282,0.039108,0.124123,74,208,1
65,22,4,0.051282,0.030838,0.139098,74,190,1
65,23,4,0.051282,0.036990,0.137469,74,184,0
65,24,4,0.051282,0.038085,0.155133,74,180,0
65,25,4,0.051282,0.037004,0.138394,74,177,1
65,26,4,0.051282,0.032357,0.110454,74,224,0
65,27,4,0.051282,0.033155,0.087463,74,180,1
65,28,4,0.051282,0.011538,0.083916,74,215,0
65,29,4,0.051282,0.032997,0.133538,74,173,1
65,30,4,0.051282,0.033274,0.138049,74,220,0
65,31,4,0.051282,0.021414,0.097708,74,187,1
65,32,4,0.051282,0.029593,0.106655,74,207,0
65,33,4,0.051282,0.004651,0.124123,74,182,0
65,34,4,0.051282,0.031852,0.134113,74,211,1
65,35,4,0.051282,0.026665,0.122923,74,188,1
65,36,4,0.051282,0.021649,0.122491,74,210,0
65,37,4,0.051282,0.037832,0.103103,74,190,0
65,38,4,0.051282,0.033477,0.128750,74,187,1
65,39,4,0.051282,0.017148,0.112015,74,203,0
65,40,4,0.051282,0.011538,0.086536,74,171,1
65,41,4,0.051282,0.011808,0.089343,74,199,0
65,42,4,0.051282,0.040468,0.115100,74,179,1
65,43,4,0.051282,0.048221,0.102774,74,209,0
65,44,4,0.051282,0.016243,0.071396,74,171,1
65,45,4,0.051282,0.030448,0.089184,74,197,0
65,46,4,0.051282,0.018852,0.098782,74,180,0
65,47,4,0.051282,0.003083,0.084250,74,204,0
65,48,4,0.051282,0.030741,0.103680,74,187,1
65,49,4,0.051282,0.024083,0.114641,74,183,0
65,50,4,0.051282,0.029593,0.118336,74,188,0
65,51,4,0.051282,0.023908,0.087304,74,177,1
65,52,4,0.051282,0.040074,0.110384,74,173,0
65,53,4,0.051282,0.019421,0.065242,74,165,1
65,54,4,0.051282,0.002567,0.039742,74,177,0
65,55,4,0.051282,0.026442,0.141880,74,168,1
65,56,4,0.051282,0.009395,0.117697,74,175,0
65,57,4,0.051282,0.015353,0.057609,74,175,1
65,58,4,0.051282,0.027698,0.082630,74,162,0
65,59,4,0.051282,0.038684,0.096598,74,159,1
65,60,4,0.051282,0.024261,0.079044,74,172,1
65,61,4,0.051282,0.025752,0.082326,74,166,1
65,62,4,0.051282,0.024740,0.097692,74,162,0
65,63,4,0.051282,0.003083,0.046349,74,163,0
65,64,4,0.051282,0.028747,0.101788,74,171,1
65,65,3,0.038462,0.031217,0.170486,75,233,0
65,66,3,0.038462,0.000000,0.167264,75,234,0
65,67,3,0.038462,0.005069,0.159397,75,242,0
65,68,3,0.038462,0.058378,0.174092,75,242,0
65,69,3,0.038462,0.045294,0.189749,75,230,0
65,70,3,0.038462,0.011961,0.154887,75,235,0
65,71,3,0.038462,0.010283,0.165727,75,241,0
65,72,3,0.038462,0.000000,0.158278,75,238,0
65,73,3,0.038462,0.000000,0.166389,75,244,0
65,74,3,0.038462,0.023685,0.177061,75,251,0
65,75,3,0.038462,0.017513,0.179121,75,245,0
65,76,3,0.038462,0.030599,0.177630,75,252,0
65,77,3,0.038462,0.019359,0.152446,75,241,0
65,78,13,0.166667,0.124623,0.253357,65,135,1
66,0,4,0.051282,0.043519,0.156978,74,247,0
66,1,4,0.051282,0.048636,0.152616,74,164,1
66,2,4,0.051282,0.050260,0.150335,74,237,0
66,3,4,0.051282,0.043276,0.164870,74,167,1
66,4,4,0.051282,0.042990,0.152920,74,226,0
66,5,4,0.051282,0.056328,0.152839,74,182,1
66,6,4,0.051282,0.032699,0.157961,74,230,0
66,7,4,0.051282,0.028666,0.143005,74,177,1
66,8,4,0.051282,0.035707,0.158744,74,224,0
66,9,4,0.051282,0.040268,0.156692,74,190,0
66,10,4,0.051282,0.047705,0.143717,74,208,1
66,11,4,0.051282,0.039371,0.130855,74,192,1
66,12,4,0.051282,0.042617,0.161231,74,177,0
66,13,4,0.051282,0.043816,0.152078,74,214,0
66,14,4,0.051282,0.022070,0.136313,74,166,1
66,15,4,0.051282,0.015021,0.158917,74,214,0
66,16,4,0.051282,0.042996,0.149936,74,161,1
66,17,4,0.051282,0.034546,0.111371,74,215,0
66,18,4,0.051282,0.023301,0.114522,74,181,1
66,19,4,0.051282,0.054858,0.142863,74,202,0
66,20,4,0.051282,0.037982,0.133764,74,168,1
66,21,4,0.051282,0.029762,0.107800,74,209,0
66,22,4,0.051282,0.038064,0.131592,74,191,0
66,23,4,0.051282,0.021429,0.139304,74,184,0
66,24,4,0.051282,0.052726,0.123776,74,180,1
66,25,4,0.051282,0.022769,0.144531,74,178,0
66,26,4,0.051282,0.027456,0.117506,74,224,0
66,27,4,0.051282,0.037748,0.094043,74,181,1
66,28,4,0.051282,0.015079,0.084055,74,215,0
66,29,4,0.051282,0.022418,0.110945,74,174,1
66,30,4,0.051282,0.035972,0.127072,74,220,0
66,31,4,0.051282,0.016204,0.111230,74,188,1
66,32,4,0.051282,0.016484,0.093233,74,207,0
66,33,4,0.051282,0.017012,0.113652,74,182,1
66,34,4,0.051282,0.019095,0.129710,74,212,0
66,35,4,0.051282,0.030062,0.133825,74,189,1
66,36,4,0.051282,0.034704,0.122470,74,210,1
66,37,4,0.051282,0.022752,0.113734,74,190,1
66,38,4,0.051282,0.026357,0.134903,74,188,0
66,39,4,0.051282,0.005991,0.080683,74,203,0
66,40,4,0.051282,0.030001,0.086618,74,172,0
66,41,4,0.051282,0.029216,0.085421,74,199,0
66,42,4,0.051282,0.022439,0.130854,74,180,0
66,43,4,0.051282,0.026593,0.094496,74,209,0
66,44,4,0.051282,0.008683,0.077784,74,172,0
66,45,4,0.051282,0.012136,0.117720,74,197,0
66,46,4,0.051282,0.023656,0.102702,74,180,0
66,47,4,0.051282,0.022752,0.097306,74,204,0
66,48,4,0.051282,0.023185,0.108980,74,188,0
66,49,4,0.051282,0.045402,0.117855,74,183,0
66,50,4,0.051282,0.015346,0.085536,74,188,0
66,51,4,0.051282,0.038452,0.086359,74,178,0
66,52,4,0.051282,0.044084,0.119404,74,173,1
66,53,4,0.051282,0.005660,0.069542,74,166,1
66,54,4,0.051282,0.000000,0.062027,74,177,1
66,55,4,0.051282,0.014857,0.105424,74,169,1
66,56,4,0.051282,0.023343,0.113058,74,175,1
66,57,4,0.051282,0.025809,0.067160,74,176,1
66,58,4,0.051282,0.046222,0.066186,74,162,1
66,59,4,0.051282,0.040209,0.087857,74,160,1
66,60,4,0.051282,0.024293,0.045019,74,173,1
66,61,4,0.051282,0.045645,0.110728,74,167,1
66,62,4,0.051282,0.011571,0.096087,74,162,1
66,63,4,0.051282,0.017332,0.084678,74,163,1
66,64,4,0.051282,0.015791,0.094154,74,172,1
66,65,3,0.038462,0.034328,0.127815,75,233,0
66,66,3,0.038462,0.000000,0.151382,75,234,0
66,67,3,0.038462,0.000008,0.138767,75,242,0
66,68,3,0.038462,0.066963,0.174725,75,242,0
66,69,3,0.038462,0.038512,0.162364,75,230,0
66,70,3,0.038462,0.023343,0.153520,75,235,0
66,71,3,0.038462,0.025801,0.178752,75,241,0
66,72,3,0.038462,0.000000,0.154934,75,238,0
66,73,3,0.038462,0.000000,0.164840,75,244,0
66,74,3,0.038462,0.010975,0.165091,75,251,0
66,75,3,0.038462,0.027389,0.168734,75,245,0
66,76,3,0.038462,0.006017,0.147382,75,252,0
66,77,3,0.038462,0.023475,0.136201,75,241,0
66,78,13,0.166667,0.107298,0.256811,65,136,1
67,0,4,0.051282,0.035829,0.146163,74,247,0
67,1,4,0.051282,0.049653,0.128013,74,165,1
67,2,4,0.051282,0.038037,0.140710,74,237,0
67,3,4,0.051282,0.047488,0.142227,74,168,1
67,4,4,0.051282,0.050925,0.164281,74,226,0
67,5,4,0.051282,0.037741,0.151809,74,183,1
67,6,4,0.051282,0.034363,0.140994,74,230,0
67,7,4,0.051282,0.038060,0.147045,74,178,1
67,8,4,0.051282,0.040505,0.156329,74,224,0
67,9,4,0.051282,0.037071,0.160963,74,190,1
67,10,4,0.051282,0.050859,0.145403,74,209,0
67,11,4,0.051282,0.028715,0.138811,74,193,0
67,12,4,0.051282,0.044781,0.146225,74,177,1
67,13,4,0.051282,0.023185,0.143696,74,214,0
67,14,4,0.051282,0.020485,0.129457,74,167,1
67,15,4,0.051282,0.030962,0.133417,74,214,0
67,16,4,0.051282,0.028536,0.143717,74,162,1
67,17,4,0.051282,0.032288,0.125960,74,215,0
67,18,4,0.051282,0.032831,0.133616,74,182,1
67,19,4,0.051282,0.048447,0.129171,74,202,0
67,20,4,0.051282,0.050197,0.153626,74,169,1
67,21,4,0.051282,0.023326,0.112049,74,209,0
67,22,4,0.051282,0.033352,0.134809,74,191,1
67,23,4,0.051282,0.027294,0.146840,74,184,0
67,24,4,0.051282,0.039357,0.152300,74,181,0
67,25,4,0.051282,0.030199,0.122863,74,178,1
67,26,4,0.051282,0.028609,0.115303,74,224,0
67,27,4,0.051282,0.023480,0.095979,74,182,1
67,28,4,0.051282,0.026982,0.103289,74,215,0
67,29,4,0.051282,0.023075,0.093859,74,175,0
67,30,4,0.051282,0.028354,0.129659,74,220,0
67,31,4,0.051282,0.022542,0.132708,74,189,1
67,32,4,0.051282,0.034235,0.109714,74,207,0
67,33,4,0.051282,0.017338,0.113263,74,183,0
67,34,4,0.051282,0.033842,0.144149,74,212,0
67,35,4,0.051282,0.031817,0.126949,74,190,1
67,36,4,0.051282,0.015353,0.114917,74,211,0
67,37,4,0.051282,0.027937,0.099988,74,191,0
67,38,4,0.051282,0.033172,0.128388,74,188,1
67,39,4,0.051282,0.008674,0.077623,74,203,0
67,40,4,0.051282,0.039282,0.110204,74,172,1
67,41,4,0.051282,0.033158,0.089365,74,199,0
67,42,4,0.051282,0.027000,0.093528,74,180,1
67,43,4,0.051282,0.029712,0.102608,74,209,1
67,44,4,0.051282,0.010692,0.107959,74,172,1
67,45,4,0.051282,0.020140,0.117110,74,197,0
67,46,4,0.051282,0.023926,0.095817,74,180,1
67,47,4,0.051282,0.027937,0.089587,74,204,1
67,48,4,0.051282,0.032840,0.099485,74,188,1
67,49,4,0.051282,0.031067,0.114886,74,183,0
67,50,4,0.051282,0.030669,0.112046,74,188,0
67,51,4,0.051282,0.018526,0.096756,74,178,1
67,52,4,0.051282,0.017485,0.084835,74,174,0
67,53,4,0.051282,0.000000,0.045342,74,167,0
67,54,4,0.051282,0.037127,0.089206,74,178,0
67,55,4,0.051282,0.031068,0.090351,74,170,0
67,56,4,0.051282,0.019080,0.086453,74,176,0
67,57,4,0.051282,0.043343,0.096641,74,177,1
67,58,4,0.051282,0.009615,0.115790,74,163,0
67,59,4,0.051282,0.031128,0.114132,74,161,0
67,60,4,0.051282,0.014542,0.071570,74,174,0
67,61,4,0.051282,0.019408,0.114579,74,168,1
67,62,4,0.051282,0.040282,0.099158,74,163,0
67,63,4,0.051282,0.013184,0.066628,74,164,0
67,64,4,0.051282,0.030489,0.084395,74,173,1
67,65,3,0.038462,0.000881,0.138854,75,233,1
67,66,3,0.038462,0.000000,0.162398,75,234,0
67,67,3,0.038462,0.002630,0.151128,75,242,0
67,68,3,0.038462,0.018553,0.144350,75,242,1
67,69,3,0.038462,0.051084,0.169981,75,230,1
67,70,3,0.038462,0.039233,0.154528,75,235,1
67,71,3,0.038462,0.040713,0.170536,75,241,0
67,72,3,0.038462,0.016974,0.141407,75,238,1
67,73,3,0.038462,0.005399,0.152098,75,244,1
67,74,3,0.038462,0.033025,0.157682,75,251,1
67,75,3,0.038462,0.022658,0.157682,75,245,0
67,76,3,0.038462,0.000000,0.152816,75,252,0
67,77,3,0.038462,0.014766,0.161252,75,241,1
67,78,13,0.166667,0.107785,0.245916,65,137,0
68,0,4,0.051282,0.033447,0.150223,74,247,0
68,1,4,0.051282,0.037539,0.137245,74,166,0
68,2,4,0.051282,0.041975,0.150390,74,237,1
68,3,4,0.051282,0.051610,0.161888,74,169,1
68,4,4,0.051282,0.061245,0.153592,74,226,0
68,5,4,0.051282,0.055387,0.174515,74,184,0
68,6,4,0.051282,0.055200,0.156345,74,230,1
68,7,4,0.051282,0.023694,0.161378,74,179,1
68,8,4,0.051282,0.030188,0.148724,74,224,0
68,9,4,0.051282,0.062054,0.170408,74,191,0
68,10,4,0.051282,0.038418,0.143407,74,209,1
68,11,4,0.051282,0.021462,0.126575,74,193,1
68,12,4,0.051282,0.034441,0.142692,74,178,0
68,13,4,0.051282,0.029271,0.132777,74,214,0
68,14,4,0.051282,0.035546,0.123552,74,168,0
68,15,4,0.051282,0.032552,0.129735,74,214,1
68,16,4,0.051282,0.025528,0.143730,74,163,1
68,17,4,0.051282,0.037926,0.138244,74,215,0
68,18,4,0.051282,0.021918,0.137798,74,183,0
68,19,4,0.051282,0.044787,0.169084,74,202,1
68,20,4,0.051282,0.052760,0.153826,74,170,1
68,21,4,0.051282,0.032020,0.106284,74,209,0
68,22,4,0.051282,0.016986,0.139410,74,192,0
68,23,4,0.051282,0.032004,0.161061,74,184,1
68,24,4,0.051282,0.050808,0.137891,74,181,1
68,25,4,0.051282,0.029925,0.113101,74,179,0
68,26,4,0.051282,0.026034,0.126245,74,224,0
68,27,4,0.051282,0.015859,0.097068,74,183,0
68,28,4,0.051282,0.022096,0.109015,74,215,1
68,29,4,0.051282,0.027768,0.112254,74,175,1
68,30,4,0.051282,0.023005,0.122551,74,220,0
68,31,4,0.051282,0.020950,0.102932,74,190,0
68,32,4,0.051282,0.018527,0.071696,74,207,1
68,33,4,0.051282,0.035172,0.125100,74,183,1
68,34,4,0.051282,0.039389,0.155600,74,212,0
68,35,4,0.051282,0.030693,0.122731,74,191,0
68,36,4,0.051282,0.027265,0.101080,74,211,1
68,37,4,0.051282,0.025956,0.121221,74,191,1
68,38,4,0.051282,0.033873,0.155879,74,189,0
68,39,4,0.051282,0.015859,0.087011,74,203,0
68,40,4,0.051282,0.039607,0.097238,74,173,0
68,41,4,0.051282,0.019385,0.067786,74,199,0
68,42,4,0.051282,0.025564,0.080239,74,181,1
68,43,4,0.051282,0.029198,0.125333,74,210,0
68,44,4,0.051282,0.011944,0.116259,74,173,0
68,45,4,0.051282,0.006208,0.092642,74,197,0
68,46,4,0.051282,0.018699,0.093578,74,181,1
68,47,4,0.051282,0.025956,0.109353,74,205,0
68,48,4,0.051282,0.020849,0.098107,74,189,0
68,49,4,0.051282,0.039734,0.116882,74,183,1
68,50,4,0.051282,0.033334,0.119657,74,188,1
68,51,4,0.051282,0.033320,0.081010,74,179,0
68,52,4,0.051282,0.015666,0.084844,74,174,0
68,53,4,0.051282,0.011548,0.046793,74,167,1
68,54,4,0.051282,0.033442,0.087041,74,178,1
68,55,4,0.051282,0.031835,0.095618,74,170,1
68,56,4,0.051282,0.015535,0.077423,74,176,0
68,57,4,0.051282,0.019429,0.047886,74,178,1
68,58,4,0.051282,0.042194,0.105338,74,163,1
68,59,4,0.051282,0.030558,0.099043,74,161,1
68,60,4,0.051282,0.015650,0.065520,74,174,0
68,61,4,0.051282,0.021570,0.109900,74,169,0
68,62,4,0.051282,0.010122,0.104437,74,163,1
68,63,4,0.051282,0.017668,0.077365,74,164,1
68,64,4,0.051282,0.030745,0.114733,74,174,0
68,65,3,0.038462,0.011548,0.149089,75,234,0
68,66,3,0.038462,0.000000,0.154813,75,234,0
68,67,3,0.038462,0.000000,0.136683,75,242,0
68,68,3,0.038462,0.019673,0.136906,75,243,0
68,69,3,0.038462,0.039012,0.168099,75,231,0
68,70,3,0.038462,0.035489,0.181341,75,236,0
68,71,3,0.038462,0.022293,0.146705,75,241,0
68,72,3,0.038462,0.013487,0.136890,75,239,0
68,73,3,0.038462,0.004877,0.153931,75,245,0
68,74,3,0.038462,0.037056,0.158021,75,252,0
68,75,3,0.038462,0.041666,0.158021,75,245,0
68,76,3,0.038462,0.000000,0.152101,75,252,0
68,77,3,0.038462,0.013212,0.133495,75,242,0
68,78,13,0.166667,0.105706,0.238314,65,137,1
69,0,4,0.051282,0.040648,0.146462,74,247,0
69,1,4,0.051282,0.048927,0.134824,74,166,1
69,2,4,0.051282,0.044201,0.157262,74,238,0
69,3,4,0.051282,0.039203,0.172858,74,170,1
69,4,4,0.051282,0.054568,0.141684,74,226,0
69,5,4,0.051282,0.055837,0.141075,74,184,0
69,6,4,0.051282,0.030549,0.154521,74,231,1
69,7,4,0.051282,0.040048,0.154925,74,180,1
69,8,4,0.051282,0.030305,0.169968,74,224,0
69,9,4,0.051282,0.037293,0.157969,74,191,0
69,10,4,0.051282,0.051341,0.146496,74,210,1
69,11,4,0.051282,0.028380,0.114687,74,194,1
69,12,4,0.051282,0.043003,0.168363,74,178,0
69,13,4,0.051282,0.030093,0.149461,74,214,0
69,14,4,0.051282,0.038432,0.138780,74,168,1
69,15,4,0.051282,0.019881,0.142773,74,215,0
69,16,4,0.051282,0.019900,0.156205,74,164,1
69,17,4,0.051282,0.047549,0.138765,74,215,0
69,18,4,0.051282,0.014066,0.122060,74,183,0
69,19,4,0.051282,0.046443,0.133986,74,203,1
69,20,4,0.051282,0.042534,0.149823,74,171,1
69,21,4,0.051282,0.022504,0.111176,74,209,0
69,22,4,0.051282,0.047325,0.132662,74,192,0
69,23,4,0.051282,0.029635,0.138748,74,185,1
69,24,4,0.051282,0.059007,0.152997,74,182,1
69,25,4,0.051282,0.018875,0.124645,74,179,0
69,26,4,0.051282,0.038579,0.125053,74,224,0
69,27,4,0.051282,0.018457,0.088654,74,183,1
69,28,4,0.051282,0.015352,0.082858,74,216,0
69,29,4,0.051282,0.042875,0.121302,74,176,1
69,30,4,0.051282,0.022410,0.129188,74,220,0
69,31,4,0.051282,0.019551,0.116942,74,190,0
69,32,4,0.051282,0.031957,0.097241,74,208,1
69,33,4,0.051282,0.016640,0.116327,74,184,1
69,34,4,0.051282,0.042541,0.142184,74,212,0
69,35,4,0.051282,0.021303,0.132855,74,191,0
69,36,4,0.051282,0.018814,0.126769,74,212,1
69,37,4,0.051282,0.026109,0.100363,74,192,1
69,38,4,0.051282,0.037148,0.138467,74,189,0
69,39,4,0.051282,0.018457,0.100197,74,203,0
69,40,4,0.051282,0.017167,0.093919,74,173,1
69,41,4,0.051282,0.020222,0.079800,74,199,0
69,42,4,0.051282,0.049554,0.109043,74,182,1
69,43,4,0.051282,0.025203,0.099838,74,210,0
69,44,4,0.051282,0.013193,0.092443,74,173,0
69,45,4,0.051282,0.030395,0.083677,74,197,1
69,46,4,0.051282,0.017200,0.101487,74,182,1
69,47,4,0.051282,0.021072,0.092074,74,205,0
69,48,4,0.051282,0.022657,0.105261,74,189,0
69,49,4,0.051282,0.026382,0.112941,74,184,1
69,50,4,0.051282,0.023443,0.121833,74,189,1
69,51,4,0.051282,0.037913,0.088340,74,179,0
69,52,4,0.051282,0.026999,0.114237,74,174,0
69,53,4,0.051282,0.026796,0.068462,74,168,1
69,54,4,0.051282,0.012989,0.054116,74,179,0
69,55,4,0.051282,0.012070,0.100957,74,171,1
69,56,4,0.051282,0.021055,0.124559,74,176,0
69,57,4,0.051282,0.014996,0.065613,74,179,0
69,58,4,0.051282,0.032144,0.082894,74,164,1
69,59,4,0.051282,0.028254,0.082654,74,162,1
69,60,4,0.051282,0.015480,0.055969,74,174,0
69,61,4,0.051282,0.027827,0.106229,74,169,0
69,62,4,0.051282,0.022345,0.104292,74,164,1
69,63,4,0.051282,0.021072,0.081492,74,165,1
69,64,4,0.051282,0.026663,0.086037,74,174,0
69,65,3,0.038462,0.028028,0.148751,75,234,0
69,66,3,0.038462,0.005037,0.149874,75,234,0
69,67,3,0.038462,0.001755,0.151677,75,242,0
69,68,3,0.038462,0.042479,0.157940,75,243,0
69,69,3,0.038462,0.029270,0.150209,75,231,0
69,70,3,0.038462,0.018719,0.155019,75,236,0
69,71,3,0.038462,0.013241,0.152708,75,241,0
69,72,3,0.038462,0.015326,0.146421,75,239,0
69,73,3,0.038462,0.007110,0.159211,75,245,0
69,74,3,0.038462,0.028325,0.164375,75,252,0
69,75,3,0.038462,0.036212,0.164375,75,245,0
69,76,3,0.038462,0.000000,0.152029,75,252,0
69,77,3,0.038462,0.015398,0.153303,75,242,0
69,78,13,0.166667,0.109886,0.240899,65,138,1
70,0,4,0.051282,0.036350,0.152624,74,247,0
70,1,4,0.051282,0.049687,0.121192,74,167,1
70,2,4,0.051282,0.031712,0.142687,74,238,0
70,3,4,0.051282,0.047341,0.147398,74,171,1
70,4,4,0.051282,0.055207,0.150887,74,226,0
70,5,4,0.051282,0.038744,0.128562,74,184,0
70,6,4,0.051282,0.016919,0.149319,74,232,0
70,7,4,0.051282,0.028823,0.153739,74,181,1
70,8,4,0.051282,0.041010,0.155620,74,224,0
70,9,4,0.051282,0.040593,0.159609,74,191,0
70,10,4,0.051282,0.065001,0.149023,74,211,1
70,11,4,0.051282,0.037554,0.137333,74,195,1
70,12,4,0.051282,0.047854,0.173508,74,178,0
70,13,4,0.051282,0.025994,0.129929,74,214,0
70,14,4,0.051282,0.024056,0.130522,74,169,1
70,15,4,0.051282,0.027136,0.124545,74,215,0
70,16,4,0.051282,0.031539,0.140437,74,165,1
70,17,4,0.051282,0.029847,0.123028,74,215,0
70,18,4,0.051282,0.030199,0.131086,74,183,1
70,19,4,0.051282,0.052796,0.127757,74,204,1
70,20,4,0.051282,0.043184,0.146642,74,172,1
70,21,4,0.051282,0.027676,0.124405,74,209,0
70,22,4,0.051282,0.039783,0.135986,74,192,0
70,23,4,0.051282,0.024894,0.152441,74,186,1
70,24,4,0.051282,0.046059,0.156974,74,183,1
70,25,4,0.051282,0.020793,0.127890,74,179,0
70,26,4,0.051282,0.033838,0.109199,74,224,0
70,27,4,0.051282,0.018962,0.112912,74,184,0
70,28,4,0.051282,0.028621,0.115083,74,216,0
70,29,4,0.051282,0.013938,0.104401,74,177,0
70,30,4,0.051282,0.015042,0.128952,74,220,0
70,31,4,0.051282,0.017152,0.140210,74,190,0
70,32,4,0.051282,0.053835,0.129053,74,209,0
70,33,4,0.051282,0.032925,0.101533,74,185,0
70,34,4,0.051282,0.035384,0.132626,74,212,0
70,35,4,0.051282,0.031268,0.125374,74,191,0
70,36,4,0.051282,0.000232,0.108919,74,213,0
70,37,4,0.051282,0.025103,0.084361,74,193,0
70,38,4,0.051282,0.032726,0.113314,74,189,0
70,39,4,0.051282,0.018962,0.091372,74,203,1
70,40,4,0.051282,0.028621,0.116625,74,174,1
70,41,4,0.051282,0.040819,0.094084,74,199,1
70,42,4,0.051282,0.024982,0.106129,74,183,1
70,43,4,0.051282,0.029597,0.097288,74,210,1
70,44,4,0.051282,0.032207,0.135430,74,173,1
70,45,4,0.051282,0.019459,0.111780,74,198,1
70,46,4,0.051282,0.029247,0.080920,74,183,1
70,47,4,0.051282,0.014414,0.079667,74,205,1
70,48,4,0.051282,0.026864,0.112877,74,189,1
70,49,4,0.051282,0.028225,0.122805,74,185,1
70,50,4,0.051282,0.014136,0.102214,74,190,1
70,51,4,0.051282,0.021479,0.056203,74,179,1
70,52,4,0.051282,0.033129,0.091102,74,174,0
70,53,4,0.051282,0.025690,0.097940,74,169,0
70,54,4,0.051282,0.021037,0.109433,74,179,0
70,55,4,0.051282,0.032782,0.104010,74,172,0
70,56,4,0.051282,0.024120,0.088280,74,176,0
70,57,4,0.051282,0.032280,0.092559,74,179,0
70,58,4,0.051282,0.031937,0.117892,74,165,0
70,59,4,0.051282,0.017643,0.078171,74,163,0
70,60,4,0.051282,0.006374,0.050625,74,174,0
70,61,4,0.051282,0.031080,0.108500,74,169,0
70,62,4,0.051282,0.026873,0.079586,74,165,0
70,63,4,0.051282,0.003995,0.046364,74,166,0
70,64,4,0.051282,0.027730,0.087630,74,174,0
70,65,3,0.038462,0.021425,0.162033,75,234,1
70,66,3,0.038462,0.010690,0.157727,75,234,1
70,67,3,0.038462,0.016733,0.161531,75,242,1
70,68,3,0.038462,0.026809,0.160810,75,243,1
70,69,3,0.038462,0.034026,0.153986,75,231,1
70,70,3,0.038462,0.037915,0.156535,75,236,1
70,71,3,0.038462,0.015547,0.166921,75,241,1
70,72,3,0.038462,0.007242,0.134055,75,239,1
70,73,3,0.038462,0.000134,0.125199,75,245,1
70,74,3,0.038462,0.020905,0.162371,75,252,1
70,75,3,0.038462,0.045268,0.162371,75,245,1
70,76,3,0.038462,0.000000,0.137665,75,252,0
70,77,3,0.038462,0.010337,0.134428,75,242,1
70,78,13,0.166667,0.103560,0.247031,65,139,0
71,0,4,0.051282,0.035917,0.139997,74,247,1
71,1,4,0.051282,0.042732,0.140506,74,168,0
71,2,4,0.051282,0.039894,0.152231,74,238,1
71,3,4,0.051282,0.041376,0.144221,74,172,0
71,4,4,0.051282,0.044613,0.142923,74,226,1
71,5,4,0.051282,0.044865,0.159242,74,184,0
71,6,4,0.051282,0.054066,0.158041,74,232,1
71,7,4,0.051282,0.030790,0.149147,74,182,0
71,8,4,0.051282,0.037868,0.143871,74,224,0
71,9,4,0.051282,0.054242,0.161420,74,191,0
71,10,4,0.051282,0.039516,0.136222,74,212,1
71,11,4,0.051282,0.024707,0.138888,74,196,0
71,12,4,0.051282,0.041827,0.149869,74,178,0
71,13,4,0.051282,0.032738,0.125744,74,214,1
71,14,4,0.051282,0.022373,0.137813,74,170,0
71,15,4,0.051282,0.031957,0.131673,74,215,1
71,16,4,0.051282,0.033516,0.132919,74,166,0
71,17,4,0.051282,0.030953,0.123739,74,215,1
71,18,4,0.051282,0.042261,0.149393,74,184,0
71,19,4,0.051282,0.033324,0.149930,74,205,1
71,20,4,0.051282,0.037240,0.140756,74,173,0
71,21,4,0.051282,0.035713,0.118645,74,209,1
71,22,4,0.051282,0.016672,0.137083,74,192,0
71,23,4,0.051282,0.034513,0.160758,74,187,1
71,24,4,0.051282,0.051133,0.143670,74,184,1
71,25,4,0.051282,0.023481,0.111823,74,179,0
71,26,4,0.051282,0.027914,0.114893,74,224,0
71,27,4,0.051282,0.027767,0.119869,74,184,0
71,28,4,0.051282,0.034089,0.135696,74,216,0
71,29,4,0.051282,0.013869,0.114831,74,177,0
71,30,4,0.051282,0.024476,0.119344,74,220,0
71,31,4,0.051282,0.016310,0.100739,74,190,0
71,32,4,0.051282,0.021344,0.109276,74,209,0
71,33,4,0.051282,0.037704,0.112014,74,185,0
71,34,4,0.051282,0.033799,0.137124,74,212,0
71,35,4,0.051282,0.034513,0.108076,74,191,0
71,36,4,0.051282,0.022157,0.084401,74,213,0
71,37,4,0.051282,0.025443,0.112047,74,193,0
71,38,4,0.051282,0.030176,0.142912,74,189,0
71,39,4,0.051282,0.027767,0.103081,74,204,1
71,40,4,0.051282,0.034089,0.106402,74,175,1
71,41,4,0.051282,0.027407,0.078789,74,200,1
71,42,4,0.051282,0.024915,0.113883,74,184,1
71,43,4,0.051282,0.023373,0.109847,74,211,1
71,44,4,0.051282,0.036973,0.108974,74,174,1
71,45,4,0.051282,0.008051,0.099501,74,199,1
71,46,4,0.051282,0.023673,0.084836,74,184,1
71,47,4,0.051282,0.021975,0.086709,74,206,1
71,48,4,0.051282,0.013370,0.106227,74,190,1
71,49,4,0.051282,0.032188,0.127415,74,186,1
71,50,4,0.051282,0.025078,0.097628,74,191,1
71,51,4,0.051282,0.030878,0.077878,74,180,1
71,52,4,0.051282,0.034933,0.090943,74,174,0
71,53,4,0.051282,0.015107,0.070281,74,169,0
71,54,4,0.051282,0.009467,0.095713,74,179,0
71,55,4,0.051282,0.046338,0.107381,74,172,0
71,56,4,0.051282,0.026561,0.091904,74,176,0
71,57,4,0.051282,0.019605,0.064515,74,179,0
71,58,4,0.051282,0.044074,0.106653,74,165,0
71,59,4,0.051282,0.011937,0.093400,74,163,0
71,60,4,0.051282,0.000000,0.071204,74,174,0
71,61,4,0.051282,0.029074,0.098351,74,169,0
71,62,4,0.051282,0.018652,0.091791,74,165,0
71,63,4,0.051282,0.011626,0.065268,74,166,0
71,64,4,0.051282,0.033652,0.100846,74,174,0
71,65,3,0.038462,0.008189,0.172148,75,235,1
71,66,3,0.038462,0.003468,0.155101,75,235,1
71,67,3,0.038462,0.006918,0.145414,75,243,1
71,68,3,0.038462,0.028471,0.172196,75,244,1
71,69,3,0.038462,0.048052,0.168977,75,232,1
71,70,3,0.038462,0.021182,0.164243,75,237,1
71,71,3,0.038462,0.022139,0.159381,75,242,1
71,72,3,0.038462,0.014846,0.137263,75,240,1
71,73,3,0.038462,0.000000,0.134264,75,246,0
71,74,3,0.038462,0.035128,0.173428,75,253,1
71,75,3,0.038462,0.035973,0.173428,75,246,1
71,76,3,0.038462,0.007608,0.144354,75,252,1
71,77,3,0.038462,0.012415,0.140980,75,243,1
71,78,13,0.166667,0.110702,0.244389,65,139,0
72,0,4,0.051282,0.032109,0.133362,74,248,1
72,1,4,0.051282,0.040527,0.139741,74,168,0
72,2,4,0.051282,0.045586,0.149248,74,239,1
72,3,4,0.051282,0.035364,0.134100,74,172,0
72,4,4,0.051282,0.040284,0.156357,74,227,1
72,5,4,0.051282,0.047784,0.150376,74,184,0
72,6,4,0.051282,0.042823,0.147826,74,233,1
72,7,4,0.051282,0.044166,0.149816,74,182,0
72,8,4,0.051282,0.046051,0.157962,74,224,1
72,9,4,0.051282,0.030286,0.152206,74,191,0
72,10,4,0.051282,0.037324,0.140128,74,213,0
72,11,4,0.051282,0.035104,0.156170,74,196,0
72,12,4,0.051282,0.049481,0.145855,74,178,1
72,13,4,0.051282,0.032685,0.116192,74,215,1
72,14,4,0.051282,0.025362,0.130614,74,170,0
72,15,4,0.051282,0.029361,0.137594,74,216,1
72,16,4,0.051282,0.032109,0.131477,74,166,0
72,17,4,0.051282,0.029023,0.121316,74,216,1
72,18,4,0.051282,0.035575,0.154307,74,184,0
72,19,4,0.051282,0.032605,0.136318,74,206,0
72,20,4,0.051282,0.044719,0.148109,74,173,0
72,21,4,0.051282,0.034459,0.134910,74,210,1
72,22,4,0.051282,0.034181,0.138608,74,192,0
72,23,4,0.051282,0.039453,0.143975,74,188,0
72,24,4,0.051282,0.033973,0.149325,74,185,0
72,25,4,0.051282,0.026180,0.115230,74,179,1
72,26,4,0.051282,0.026348,0.112663,74,224,1
72,27,4,0.051282,0.030487,0.119505,74,184,0
72,28,4,0.051282,0.026571,0.129558,74,216,1
72,29,4,0.051282,0.009813,0.126861,74,177,0
72,30,4,0.051282,0.032737,0.121569,74,220,1
72,31,4,0.051282,0.018796,0.102537,74,190,0
72,32,4,0.051282,0.039327,0.135504,74,209,1
72,33,4,0.051282,0.031972,0.111809,74,185,0
72,34,4,0.051282,0.029038,0.122735,74,212,1
72,35,4,0.051282,0.039453,0.109677,74,191,1
72,36,4,0.051282,0.019134,0.104310,74,213,0
72,37,4,0.051282,0.023667,0.094487,74,193,0
72,38,4,0.051282,0.024756,0.125430,74,189,1
72,39,4,0.051282,0.030424,0.114359,74,205,0
72,40,4,0.051282,0.026571,0.105713,74,176,0
72,41,4,0.051282,0.027034,0.085044,74,201,0
72,42,4,0.051282,0.028620,0.111716,74,185,0
72,43,4,0.051282,0.034729,0.103561,74,212,0
72,44,4,0.051282,0.042049,0.121994,74,175,0
72,45,4,0.051282,0.013536,0.096569,74,200,0
72,46,4,0.051282,0.016121,0.079085,74,185,0
72,47,4,0.051282,0.013598,0.075223,74,207,0
72,48,4,0.051282,0.023698,0.120318,74,191,0
72,49,4,0.051282,0.024082,0.126066,74,187,0
72,50,4,0.051282,0.027922,0.094823,74,192,0
72,51,4,0.051282,0.020250,0.079633,74,181,0
72,52,4,0.051282,0.035321,0.088034,74,174,1
72,53,4,0.051282,0.018268,0.075726,74,169,1
72,54,4,0.051282,0.017473,0.099757,74,179,1
72,55,4,0.051282,0.055791,0.115190,74,172,1
72,56,4,0.051282,0.017310,0.081231,74,176,1
72,57,4,0.051282,0.017493,0.069083,74,179,1
72,58,4,0.051282,0.038623,0.122310,74,165,1
72,59,4,0.051282,0.005984,0.091583,74,163,1
72,60,4,0.051282,0.000000,0.064355,74,174,1
72,61,4,0.051282,0.020827,0.095358,74,169,1
72,62,4,0.051282,0.023233,0.092142,74,165,1
72,63,4,0.051282,0.013598,0.046546,74,166,1
72,64,4,0.051282,0.041030,0.099314,74,174,1
72,65,3,0.038462,0.006781,0.183775,75,236,0
72,66,3,0.038462,0.010069,0.162511,75,236,0
72,67,3,0.038462,0.011487,0.145478,75,244,0
72,68,3,0.038462,0.022773,0.162349,75,245,0
72,69,3,0.038462,0.043256,0.171492,75,233,0
72,70,3,0.038462,0.021067,0.165814,75,238,0
72,71,3,0.038462,0.017026,0.148037,75,243,0
72,72,3,0.038462,0.013716,0.127027,75,241,0
72,73,3,0.038462,0.000000,0.129300,75,246,0
72,74,3,0.038462,0.035495,0.171574,75,254,0
72,75,3,0.038462,0.040714,0.171574,75,247,0
72,76,3,0.038462,0.006596,0.150747,75,253,0
72,77,3,0.038462,0.012698,0.146549,75,244,0
72,78,13,0.166667,0.109717,0.241678,65,139,1
73,0,4,0.051282,0.029988,0.125221,74,249,0
73,1,4,0.051282,0.038759,0.130843,74,168,1
73,2,4,0.051282,0.049685,0.146904,74,240,0
73,3,4,0.051282,0.030408,0.141713,74,172,1
73,4,4,0.051282,0.041522,0.155856,74,228,0
73,5,4,0.051282,0.057651,0.156670,74,184,1
73,6,4,0.051282,0.050370,0.179462,74,234,0
73,7,4,0.051282,0.050763,0.151407,74,182,1
73,8,4,0.051282,0.049223,0.169126,74,225,0
73,9,4,0.051282,0.025630,0.150111,74,191,0
73,10,4,0.051282,0.031645,0.144210,74,213,0
73,11,4,0.051282,0.038289,0.127696,74,196,1
73,12,4,0.051282,0.040548,0.142668,74,179,0
73,13,4,0.051282,0.033240,0.117753,74,216,0
73,14,4,0.051282,0.018120,0.130972,74,170,1
73,15,4,0.051282,0.017930,0.144517,74,217,0
73,16,4,0.051282,0.037934,0.126761,74,166,1
73,17,4,0.051282,0.036963,0.121197,74,217,0
73,18,4,0.051282,0.032374,0.155763,74,184,1
73,19,4,0.051282,0.038685,0.133456,74,206,0
73,20,4,0.051282,0.036751,0.160330,74,173,1
73,21,4,0.051282,0.023699,0.124585,74,211,0
73,22,4,0.051282,0.063807,0.145737,74,192,1
73,23,4,0.051282,0.029410,0.122375,74,188,1
73,24,4,0.051282,0.043323,0.153330,74,185,1
73,25,4,0.051282,0.014225,0.127696,74,180,0
73,26,4,0.051282,0.020371,0.117521,74,225,0
73,27,4,0.051282,0.025275,0.102865,74,184,1
73,28,4,0.051282,0.030928,0.114095,74,217,0
73,29,4,0.051282,0.023312,0.121024,74,177,1
73,30,4,0.051282,0.034880,0.119495,74,221,0
73,31,4,0.051282,0.022833,0.098413,74,190,1
73,32,4,0.051282,0.024779,0.129354,74,210,0
73,33,4,0.051282,0.016714,0.105136,74,185,1
73,34,4,0.051282,0.034705,0.130714,74,213,0
73,35,4,0.051282,0.027343,0.108342,74,192,0
73,36,4,0.051282,0.038943,0.131704,74,213,0
73,37,4,0.051282,0.018819,0.101968,74,193,0
73,38,4,0.051282,0.028854,0.126134,74,190,0
73,39,4,0.051282,0.025165,0.099905,74,205,0
73,40,4,0.051282,0.038874,0.104054,74,176,1
73,41,4,0.051282,0.026530,0.076088,74,201,0
73,42,4,0.051282,0.022593,0.100093,74,185,1
73,43,4,0.051282,0.025656,0.101741,74,212,0
73,44,4,0.051282,0.024727,0.118104,74,175,1
73,45,4,0.051282,0.015269,0.097059,74,200,0
73,46,4,0.051282,0.022218,0.104895,74,185,1
73,47,4,0.051282,0.018819,0.081010,74,207,0
73,48,4,0.051282,0.008447,0.119337,74,191,1
73,49,4,0.051282,0.024978,0.111812,74,187,1
73,50,4,0.051282,0.028422,0.101196,74,192,1
73,51,4,0.051282,0.045225,0.095833,74,181,1
73,52,4,0.051282,0.026720,0.090593,74,175,0
73,53,4,0.051282,0.016263,0.067958,74,170,1
73,54,4,0.051282,0.026035,0.093512,74,180,0
73,55,4,0.051282,0.035056,0.100633,74,173,1
73,56,4,0.051282,0.018122,0.088183,74,177,0
73,57,4,0.051282,0.011718,0.067765,74,180,0
73,58,4,0.051282,0.036362,0.092738,74,166,0
73,59,4,0.051282,0.026659,0.079409,74,164,1
73,60,4,0.051282,0.017188,0.064886,74,175,0
73,61,4,0.051282,0.035166,0.110644,74,170,0
73,62,4,0.051282,0.019253,0.105411,74,166,0
73,63,4,0.051282,0.018819,0.086130,74,167,0
73,64,4,0.051282,0.020449,0.099216,74,175,0
73,65,3,0.038462,0.014877,0.154255,75,236,0
73,66,3,0.038462,0.000000,0.155692,75,236,1
73,67,3,0.038462,0.001385,0.130918,75,244,0
73,68,3,0.038462,0.029126,0.147778,75,245,1
73,69,3,0.038462,0.034935,0.164652,75,233,0
73,70,3,0.038462,0.029912,0.165334,75,238,1
73,71,3,0.038462,0.024581,0.149821,75,243,1
73,72,3,0.038462,0.014246,0.138247,75,241,1
73,73,3,0.038462,0.000000,0.148414,75,246,0
73,74,3,0.038462,0.029653,0.158552,75,254,1
73,75,3,0.038462,0.045815,0.158552,75,247,1
73,76,3,0.038462,0.000000,0.140574,75,253,1
73,77,3,0.038462,0.022086,0.141009,75,244,1
73,78,13,0.166667,0.102937,0.246617,65,140,0
74,0,4,0.051282,0.041472,0.133963,74,249,0
74,1,4,0.051282,0.034392,0.144506,74,169,0
74,2,4,0.051282,0.054662,0.135258,74,240,1
74,3,4,0.051282,0.037336,0.141454,74,173,1
74,4,4,0.051282,0.040537,0.165513,74,228,0
74,5,4,0.051282,0.052260,0.149100,74,185,0
74,6,4,0.051282,0.029895,0.181695,74,234,1
74,7,4,0.051282,0.038678,0.142531,74,183,1
74,8,4,0.051282,0.039714,0.180429,74,225,0
74,9,4,0.051282,0.046986,0.157877,74,191,0
74,10,4,0.051282,0.043087,0.161874,74,213,1
74,11,4,0.051282,0.052518,0.138138,74,197,1
74,12,4,0.051282,0.043341,0.175239,74,179,0
74,13,4,0.051282,0.032800,0.127648,74,216,0
74,14,4,0.051282,0.018257,0.124073,74,171,0
74,15,4,0.051282,0.015572,0.132884,74,217,0
74,16,4,0.051282,0.043977,0.132927,74,167,1
74,17,4,0.051282,0.026645,0.104799,74,217,0
74,18,4,0.051282,0.030350,0.146060,74,185,0
74,19,4,0.051282,0.048972,0.136730,74,206,1
74,20,4,0.051282,0.045521,0.150901,74,174,1
74,21,4,0.051282,0.035635,0.121891,74,211,0
74,22,4,0.051282,0.052100,0.137609,74,193,0
74,23,4,0.051282,0.035924,0.151390,74,189,1
74,24,4,0.051282,0.043711,0.148552,74,186,1
74,25,4,0.051282,0.019447,0.138138,74,180,0
74,26,4,0.051282,0.011157,0.092730,74,225,0
74,27,4,0.051282,0.035203,0.091163,74,185,1
74,28,4,0.051282,0.016782,0.108601,74,217,1
74,29,4,0.051282,0.020717,0.110793,74,178,1
74,30,4,0.051282,0.039761,0.137308,74,221,0
74,31,4,0.051282,0.011029,0.102673,74,191,0
74,32,4,0.051282,0.044722,0.123778,74,210,1
74,33,4,0.051282,0.008068,0.114047,74,186,1
74,34,4,0.051282,0.030889,0.140499,74,213,0
74,35,4,0.051282,0.026456,0.125484,74,192,0
74,36,4,0.051282,0.019906,0.108296,74,213,1
74,37,4,0.051282,0.022627,0.113838,74,193,1
74,38,4,0.051282,0.034607,0.117344,74,190,0
74,39,4,0.051282,0.022208,0.107505,74,205,0
74,40,4,0.051282,0.019286,0.084666,74,177,0
74,41,4,0.051282,0.020583,0.076712,74,201,0
74,42,4,0.051282,0.011210,0.095541,74,186,0
74,43,4,0.051282,0.029140,0.086096,74,212,0
74,44,4,0.051282,0.040708,0.107524,74,176,0
74,45,4,0.051282,0.017546,0.090624,74,200,0
74,46,4,0.051282,0.036599,0.108007,74,186,1
74,47,4,0.051282,0.022627,0.070610,74,207,0
74,48,4,0.051282,0.000621,0.115183,74,192,0
74,49,4,0.051282,0.023042,0.115025,74,188,0
74,50,4,0.051282,0.014667,0.105555,74,193,1
74,51,4,0.051282,0.036128,0.088447,74,182,0
74,52,4,0.051282,0.032781,0.067934,74,175,1
74,53,4,0.051282,0.016758,0.070798,74,171,1
74,54,4,0.051282,0.023947,0.095506,74,180,1
74,55,4,0.051282,0.034828,0.105188,74,174,1
74,56,4,0.051282,0.011843,0.085524,74,177,0
74,57,4,0.051282,0.013722,0.074800,74,180,1
74,58,4,0.051282,0.022073,0.091885,74,166,1
74,59,4,0.051282,0.022483,0.096855,74,165,1
74,60,4,0.051282,0.025514,0.075356,74,175,0
74,61,4,0.051282,0.039417,0.088188,74,170,1
74,62,4,0.051282,0.028482,0.075739,74,166,1
74,63,4,0.051282,0.017431,0.082701,74,167,1
74,64,4,0.051282,0.014545,0.091705,74,175,0
74,65,3,0.038462,0.008752,0.163670,75,236,0
74,66,3,0.038462,0.000000,0.168812,75,237,0
74,67,3,0.038462,0.019255,0.142563,75,244,0
74,68,3,0.038462,0.037438,0.156707,75,246,0
74,69,3,0.038462,0.045088,0.169395,75,233,0
74,70,3,0.038462,0.035512,0.158104,75,239,0
74,71,3,0.038462,0.017416,0.165223,75,244,0
74,72,3,0.038462,0.000277,0.149440,75,242,0
74,73,3,0.038462,0.000000,0.151999,75,246,0
74,74,3,0.038462,0.015044,0.162639,75,255,0
74,75,3,0.038462,0.030184,0.166046,75,248,0
74,76,3,0.038462,0.023812,0.152143,75,254,0
74,77,3,0.038462,0.023945,0.157997,75,245,0
74,78,13,0.166667,0.112084,0.256723,65,140,1
75,0,4,0.051282,0.026402,0.122813,74,249,0
75,1,4,0.051282,0.034445,0.133552,74,169,0
75,2,4,0.051282,0.047629,0.141724,74,241,1
75,3,4,0.051282,0.042661,0.137061,74,174,1
75,4,4,0.051282,0.050838,0.163967,74,228,0
75,5,4,0.051282,0.050050,0.148233,74,185,0
75,6,4,0.051282,0.033269,0.179249,74,235,1
75,7,4,0.051282,0.041972,0.137589,74,184,1
75,8,4,0.051282,0.036669,0.171112,74,225,0
75,9,4,0.051282,0.039465,0.153265,74,191,0
75,10,4,0.051282,0.050455,0.158464,74,214,1
75,11,4,0.051282,0.034340,0.131051,74,198,1
75,12,4,0.051282,0.046970,0.151460,74,179,0
75,13,4,0.051282,0.036930,0.127719,74,216,0
75,14,4,0.051282,0.019305,0.131252,74,171,0
75,15,4,0.051282,0.022591,0.136554,74,217,0
75,16,4,0.051282,0.026402,0.128115,74,168,0
75,17,4,0.051282,0.022890,0.114985,74,217,0
75,18,4,0.051282,0.037924,0.152057,74,185,0
75,19,4,0.051282,0.044744,0.129012,74,207,1
75,20,4,0.051282,0.052933,0.145995,74,175,1
75,21,4,0.051282,0.027192,0.119009,74,211,0
75,22,4,0.051282,0.051809,0.142868,74,193,0
75,23,4,0.051282,0.024797,0.140756,74,190,1
75,24,4,0.051282,0.041868,0.151027,74,187,1
75,25,4,0.051282,0.020220,0.131051,74,180,0
75,26,4,0.051282,0.027400,0.102979,74,225,1
75,27,4,0.051282,0.034509,0.107470,74,186,1
75,28,4,0.051282,0.029821,0.115033,74,218,1
75,29,4,0.051282,0.016105,0.114360,74,179,1
75,30,4,0.051282,0.023474,0.124958,74,221,0
75,31,4,0.051282,0.017550,0.112431,74,191,0
75,32,4,0.051282,0.041338,0.137300,74,211,1
75,33,4,0.051282,0.014248,0.106813,74,187,1
75,34,4,0.051282,0.035013,0.133748,74,213,0
75,35,4,0.051282,0.021946,0.115369,74,192,0
75,36,4,0.051282,0.017807,0.117481,74,214,1
75,37,4,0.051282,0.028450,0.101730,74,194,1
75,38,4,0.051282,0.032374,0.109863,74,190,0
75,39,4,0.051282,0.026259,0.106391,74,205,0
75,40,4,0.051282,0.029821,0.104976,74,177,0
75,41,4,0.051282,0.021689,0.086948,74,201,0
75,42,4,0.051282,0.027451,0.089326,74,186,0
75,43,4,0.051282,0.028281,0.088840,74,212,0
75,44,4,0.051282,0.027983,0.137160,74,176,0
75,45,4,0.051282,0.023406,0.071142,74,200,0
75,46,4,0.051282,0.018171,0.099696,74,187,0
75,47,4,0.051282,0.028450,0.083957,74,207,0
75,48,4,0.051282,0.019584,0.113938,74,192,0
75,49,4,0.051282,0.022422,0.109114,74,188,0
75,50,4,0.051282,0.020776,0.129539,74,194,0
75,51,4,0.051282,0.025869,0.080154,74,182,0
75,52,4,0.051282,0.021278,0.076660,74,176,1
75,53,4,0.051282,0.019921,0.067869,74,172,1
75,54,4,0.051282,0.026477,0.094234,74,181,1
75,55,4,0.051282,0.035857,0.100755,74,175,1
75,56,4,0.051282,0.017173,0.072230,74,177,1
75,57,4,0.051282,0.014968,0.063990,74,181,1
75,58,4,0.051282,0.039524,0.120270,74,167,1
75,59,4,0.051282,0.022631,0.098445,74,166,1
75,60,4,0.051282,0.024036,0.068406,74,175,1
75,61,4,0.051282,0.016678,0.104308,74,171,1
75,62,4,0.051282,0.015269,0.090293,74,167,1
75,63,4,0.051282,0.018628,0.062885,74,168,1
75,64,4,0.051282,0.038116,0.120443,74,175,1
75,65,3,0.038462,0.004502,0.162254,75,236,0
75,66,3,0.038462,0.000000,0.154231,75,237,0
75,67,3,0.038462,0.015420,0.141366,75,244,0
75,68,3,0.038462,0.019387,0.144927,75,246,0
75,69,3,0.038462,0.041714,0.164964,75,233,0
75,70,3,0.038462,0.036429,0.172477,75,239,0
75,71,3,0.038462,0.003475,0.138122,75,244,0
75,72,3,0.038462,0.007220,0.147685,75,242,0
75,73,3,0.038462,0.000000,0.147735,75,246,0
75,74,3,0.038462,0.036274,0.161270,75,255,0
75,75,3,0.038462,0.055006,0.161270,75,248,0
75,76,3,0.038462,0.022239,0.168628,75,254,0
75,77,3,0.038462,0.008567,0.140374,75,245,0
75,78,13,0.166667,0.106476,0.250233,65,141,1
76,0,4,0.051282,0.018079,0.154278,74,249,1
76,1,4,0.051282,0.042058,0.119930,74,169,0
76,2,4,0.051282,0.031895,0.148949,74,242,1
76,3,4,0.051282,0.048491,0.136587,74,175,0
76,4,4,0.051282,0.059107,0.153241,74,228,1
76,5,4,0.051282,0.046800,0.148637,74,185,0
76,6,4,0.051282,0.038794,0.160500,74,236,1
76,7,4,0.051282,0.028114,0.154722,74,185,0
76,8,4,0.051282,0.046547,0.135062,74,225,1
76,9,4,0.051282,0.037677,0.152275,74,191,0
76,10,4,0.051282,0.055266,0.146370,74,215,1
76,11,4,0.051282,0.027200,0.134822,74,199,0
76,12,4,0.051282,0.042279,0.141284,74,179,0
76,13,4,0.051282,0.032047,0.114391,74,216,1
76,14,4,0.051282,0.026200,0.133191,74,171,0
76,15,4,0.051282,0.037909,0.138667,74,217,1
76,16,4,0.051282,0.037528,0.135845,74,168,0
76,17,4,0.051282,0.027354,0.124108,74,217,0
76,18,4,0.051282,0.033891,0.138785,74,185,0
76,19,4,0.051282,0.040038,0.135321,74,208,1
76,20,4,0.051282,0.039107,0.165474,74,176,0
76,21,4,0.051282,0.021715,0.121155,74,211,0
76,22,4,0.051282,0.042133,0.146577,74,193,0
76,23,4,0.051282,0.018177,0.124851,74,191,0
76,24,4,0.051282,0.040641,0.157025,74,188,0
76,25,4,0.051282,0.024282,0.134822,74,180,0
76,26,4,0.051282,0.040320,0.119983,74,226,1
76,27,4,0.051282,0.017142,0.125205,74,187,0
76,28,4,0.051282,0.042897,0.133617,74,219,1
76,29,4,0.051282,0.006699,0.099062,74,180,0
76,30,4,0.051282,0.018339,0.122567,74,221,1
76,31,4,0.051282,0.032667,0.137396,74,191,0
76,32,4,0.051282,0.025200,0.127209,74,212,1
76,33,4,0.051282,0.040803,0.095089,74,188,1
76,34,4,0.051282,0.041482,0.139569,74,213,1
76,35,4,0.051282,0.018177,0.092091,74,192,0
76,36,4,0.051282,0.027318,0.113817,74,215,1
76,37,4,0.051282,0.025039,0.103699,74,195,1
76,38,4,0.051282,0.026718,0.105951,74,190,1
76,39,4,0.051282,0.017142,0.090213,74,205,0
76,40,4,0.051282,0.035544,0.125567,74,177,0
76,41,4,0.051282,0.038106,0.078270,74,201,1
76,42,4,0.051282,0.020711,0.104592,74,186,0
76,43,4,0.051282,0.022518,0.107323,74,212,0
76,44,4,0.051282,0.037982,0.116447,74,176,0
76,45,4,0.051282,0.021342,0.092091,74,200,0
76,46,4,0.051282,0.025222,0.082251,74,187,0
76,47,4,0.051282,0.023502,0.088111,74,207,0
76,48,4,0.051282,0.013203,0.117625,74,192,0
76,49,4,0.051282,0.012533,0.110003,74,188,0
76,50,4,0.051282,0.034599,0.102799,74,194,0
76,51,4,0.051282,0.034200,0.099058,74,182,0
76,52,4,0.051282,0.023502,0.073991,74,177,1
76,53,4,0.051282,0.017723,0.072971,74,173,0
76,54,4,0.051282,0.018847,0.106559,74,182,1
76,55,4,0.051282,0.048648,0.099268,74,176,1
76,56,4,0.051282,0.022430,0.071913,74,178,1
76,57,4,0.051282,0.010738,0.086005,74,182,0
76,58,4,0.051282,0.029503,0.120464,74,168,1
76,59,4,0.051282,0.011173,0.089859,74,167,1
76,60,4,0.051282,0.000000,0.085291,74,176,1
76,61,4,0.051282,0.030509,0.089061,74,172,1
76,62,4,0.051282,0.035605,0.098326,74,168,1
76,63,4,0.051282,0.011097,0.070843,74,169,1
76,64,4,0.051282,0.034599,0.093404,74,176,1
76,65,3,0.038462,0.015770,0.178856,75,236,0
76,66,3,0.038462,0.001536,0.154835,75,237,0
76,67,3,0.038462,0.001954,0.140946,75,244,0
76,68,3,0.038462,0.016200,0.158417,75,246,0
76,69,3,0.038462,0.043839,0.172306,75,233,0
76,70,3,0.038462,0.031496,0.160836,75,239,0
76,71,3,0.038462,0.024603,0.153732,75,244,0
76,72,3,0.038462,0.009781,0.134915,75,242,0
76,73,3,0.038462,0.000000,0.134754,75,246,0
76,74,3,0.038462,0.037783,0.177593,75,255,0
76,75,3,0.038462,0.030582,0.177593,75,248,0
76,76,3,0.038462,0.015689,0.147084,75,254,0
76,77,3,0.038462,0.013140,0.159187,75,245,0
76,78,13,0.166667,0.112485,0.242373,65,142,1
77,0,4,0.051282,0.040903,0.146951,74,250,0
77,1,4,0.051282,0.054301,0.134845,74,169,1
77,2,4,0.051282,0.044664,0.143945,74,243,0
77,3,4,0.051282,0.028895,0.138502,74,175,0
77,4,4,0.051282,0.046245,0.160330,74,229,1
77,5,4,0.051282,0.039664,0.158581,74,185,1
77,6,4,0.051282,0.042412,0.162813,74,237,0
77,7,4,0.051282,0.051208,0.145899,74,185,0
77,8,4,0.051282,0.043082,0.169076,74,226,1
77,9,4,0.051282,0.036530,0.153532,74,191,1
77,10,4,0.051282,0.036374,0.154898,74,216,0
77,11,4,0.051282,0.034096,0.130375,74,199,0
77,12,4,0.051282,0.037978,0.144238,74,179,1
77,13,4,0.051282,0.023199,0.126220,74,217,0
77,14,4,0.051282,0.022852,0.126275,74,171,0
77,15,4,0.051282,0.026079,0.143536,74,218,0
77,16,4,0.051282,0.040903,0.155076,74,168,0
77,17,4,0.051282,0.028155,0.107966,74,217,1
77,18,4,0.051282,0.027128,0.134397,74,185,1
77,19,4,0.051282,0.045426,0.126973,74,209,0
77,20,4,0.051282,0.039324,0.157069,74,176,0
77,21,4,0.051282,0.028416,0.126826,74,211,1
77,22,4,0.051282,0.059491,0.143305,74,193,1
77,23,4,0.051282,0.029320,0.136868,74,191,0
77,24,4,0.051282,0.044448,0.140310,74,188,0
77,25,4,0.051282,0.020899,0.130375,74,180,1
77,26,4,0.051282,0.026485,0.111236,74,227,1
77,27,4,0.051282,0.028199,0.104191,74,187,1
77,28,4,0.051282,0.014223,0.104111,74,220,0
77,29,4,0.051282,0.014824,0.098770,74,180,0
77,30,4,0.051282,0.041444,0.130788,74,222,1
77,31,4,0.051282,0.021372,0.122691,74,191,1
77,32,4,0.051282,0.033098,0.135719,74,213,0
77,33,4,0.051282,0.013038,0.098866,74,189,0
77,34,4,0.051282,0.026297,0.122336,74,214,1
77,35,4,0.051282,0.029408,0.119604,74,192,1
77,36,4,0.051282,0.031421,0.126041,74,216,0
77,37,4,0.051282,0.028483,0.108852,74,196,0
77,38,4,0.051282,0.032953,0.115414,74,191,1
77,39,4,0.051282,0.028199,0.089817,74,205,0
77,40,4,0.051282,0.014223,0.094490,74,177,0
77,41,4,0.051282,0.026714,0.086172,74,202,0
77,42,4,0.051282,0.033257,0.106399,74,186,0
77,43,4,0.051282,0.019216,0.087753,74,212,0
77,44,4,0.051282,0.039907,0.100465,74,176,0
77,45,4,0.051282,0.024473,0.107601,74,200,0
77,46,4,0.051282,0.017304,0.095474,74,187,0
77,47,4,0.051282,0.023078,0.076026,74,207,0
77,48,4,0.051282,0.009193,0.122453,74,192,0
77,49,4,0.051282,0.020386,0.120294,74,188,0
77,50,4,0.051282,0.021260,0.092601,74,194,0
77,51,4,0.051282,0.036459,0.108582,74,182,0
77,52,4,0.051282,0.018839,0.073733,74,178,1
77,53,4,0.051282,0.012462,0.087391,74,173,1
77,54,4,0.051282,0.034943,0.099861,74,183,1
77,55,4,0.051282,0.034330,0.079033,74,177,1
77,56,4,0.051282,0.019631,0.085658,74,179,1
77,57,4,0.051282,0.024139,0.100470,74,182,1
77,58,4,0.051282,0.018201,0.102535,74,169,1
77,59,4,0.051282,0.025560,0.073912,74,168,1
77,60,4,0.051282,0.008101,0.071448,74,177,1
77,61,4,0.051282,0.032684,0.084845,74,173,1
77,62,4,0.051282,0.039733,0.092798,74,169,1
77,63,4,0.051282,0.008944,0.093574,74,170,1
77,64,4,0.051282,0.025250,0.083461,74,177,1
77,65,3,0.038462,0.000000,0.158035,75,236,0
77,66,3,0.038462,0.005405,0.165025,75,237,0
77,67,3,0.038462,0.032478,0.147844,75,244,0
77,68,3,0.038462,0.020847,0.149713,75,246,0
77,69,3,0.038462,0.031618,0.171133,75,233,0
77,70,3,0.038462,0.040325,0.164387,75,239,0
77,71,3,0.038462,0.016806,0.168065,75,244,0
77,72,3,0.038462,0.014250,0.138975,75,242,0
77,73,3,0.038462,0.000000,0.145747,75,246,0
77,74,3,0.038462,0.013110,0.169177,75,255,0
77,75,3,0.038462,0.023181,0.169177,75,248,0
77,76,3,0.038462,0.018634,0.144594,75,254,0
77,77,3,0.038462,0.034037,0.159920,75,245,0
77,78,13,0.166667,0.111243,0.250690,65,143,1
78,0,4,0.051282,0.044727,0.162377,74,250,1
78,1,4,0.051282,0.042331,0.153169,74,170,0
78,2,4,0.051282,0.043124,0.167778,74,243,1
78,3,4,0.051282,0.035334,0.158581,74,175,0
78,4,4,0.051282,0.048187,0.138697,74,230,1
78,5,4,0.051282,0.057075,0.152934,74,186,0
78,6,4,0.051282,0.040736,0.173982,74,237,1
78,7,4,0.051282,0.025232,0.147535,74,185,0
78,8,4,0.051282,0.044553,0.149612,74,227,0
78,9,4,0.051282,0.050442,0.151773,74,192,0
78,10,4,0.051282,0.033640,0.150711,74,216,1
78,11,4,0.051282,0.047487,0.132579,74,199,1
78,12,4,0.051282,0.036356,0.161551,74,180,0
78,13,4,0.051282,0.036707,0.129634,74,217,1
78,14,4,0.051282,0.039984,0.145648,74,171,0
78,15,4,0.051282,0.028610,0.141284,74,218,1
78,16,4,0.051282,0.044727,0.143056,74,168,0
78,17,4,0.051282,0.028959,0.112965,74,218,1
78,18,4,0.051282,0.028388,0.148147,74,186,0
78,19,4,0.051282,0.040464,0.143148,74,209,1
78,20,4,0.051282,0.033403,0.140219,74,176,0
78,21,4,0.051282,0.025835,0.119598,74,212,0
78,22,4,0.051282,0.038077,0.131219,74,194,0
78,23,4,0.051282,0.036934,0.142141,74,191,1
78,24,4,0.051282,0.043490,0.139671,74,188,1
78,25,4,0.051282,0.025835,0.132579,74,181,0
78,26,4,0.051282,0.022592,0.115685,74,228,1
78,27,4,0.051282,0.022756,0.110655,74,188,0
78,28,4,0.051282,0.035204,0.117709,74,220,1
78,29,4,0.051282,0.029212,0.110022,74,180,0
78,30,4,0.051282,0.027550,0.125783,74,223,1
78,31,4,0.051282,0.019121,0.114611,74,192,0
78,32,4,0.051282,0.029082,0.120526,74,213,1
78,33,4,0.051282,0.023187,0.098355,74,189,0
78,34,4,0.051282,0.019929,0.124372,74,215,0
78,35,4,0.051282,0.016510,0.126867,74,193,0
78,36,4,0.051282,0.027761,0.113081,74,216,1
78,37,4,0.051282,0.023692,0.104299,74,196,1
78,38,4,0.051282,0.038832,0.123960,74,192,0
78,39,4,0.051282,0.022756,0.103471,74,205,0
78,40,4,0.051282,0.013777,0.098315,74,177,0
78,41,4,0.051282,0.022581,0.079706,74,202,0
78,42,4,0.051282,0.017196,0.099273,74,186,0
78,43,4,0.051282,0.021599,0.099878,74,212,0
78,44,4,0.051282,0.035560,0.117605,74,176,0
78,45,4,0.051282,0.022956,0.079542,74,200,0
78,46,4,0.051282,0.030457,0.090852,74,187,0
78,47,4,0.051282,0.021962,0.084856,74,207,0
78,48,4,0.051282,0.018501,0.106343,74,192,0
78,49,4,0.051282,0.026514,0.107706,74,188,0
78,50,4,0.051282,0.017022,0.102685,74,194,0
78,51,4,0.051282,0.030668,0.086673,74,182,0
78,52,4,0.051282,0.023441,0.073826,74,179,1
78,53,4,0.051282,0.020040,0.072047,74,174,1
78,54,4,0.051282,0.017078,0.073258,74,184,1
78,55,4,0.051282,0.031463,0.103530,74,178,1
78,56,4,0.051282,0.025691,0.109354,74,180,1
78,57,4,0.051282,0.017789,0.065551,74,183,1
78,58,4,0.051282,0.036240,0.104276,74,170,1
78,59,4,0.051282,0.016016,0.087841,74,169,1
78,60,4,0.051282,0.017682,0.068057,74,178,1
78,61,4,0.051282,0.026123,0.097239,74,174,1
78,62,4,0.051282,0.013259,0.091825,74,170,1
78,63,4,0.051282,0.021962,0.067261,74,171,1
78,64,4,0.051282,0.026241,0.083106,74,178,1
78,65,3,0.038462,0.014894,0.165149,75,236,0
78,66,3,0.038462,0.001730,0.154165,75,237,0
78,67,3,0.038462,0.011815,0.151474,75,244,0
78,68,3,0.038462,0.041123,0.162778,75,246,0
78,69,3,0.038462,0.044281,0.161125,75,233,0
78,70,3,0.038462,0.022191,0.166964,75,239,0
78,71,3,0.038462,0.008199,0.157557,75,244,0
78,72,3,0.038462,0.020578,0.157019,75,242,0
78,73,3,0.038462,0.000000,0.151623,75,246,0
78,74,3,0.038462,0.028024,0.163146,75,255,0
78,75,3,0.038462,0.039570,0.166010,75,248,0
78,76,3,0.038462,0.000000,0.157569,75,254,0
78,77,3,0.038462,0.014632,0.148867,75,245,0
78,78,13,0.166667,0.113646,0.247037,65,144,1
79,0,4,0.051282,0.032551,0.133155,74,251,1
79,1,4,0.051282,0.032639,0.129341,74,170,0
79,2,4,0.051282,0.041116,0.154491,74,244,1
79,3,4,0.051282,0.035692,0.141426,74,175,0
79,4,4,0.051282,0.041784,0.149627,74,231,1
79,5,4,0.051282,0.054725,0.140595,74,186,0
79,6,4,0.051282,0.043514,0.155894,74,238,1
79,7,4,0.051282,0.045222,0.154288,74,185,0
79,8,4,0.051282,0.052079,0.144869,74,227,1
79,9,4,0.051282,0.029780,0.151379,74,192,0
79,10,4,0.051282,0.039092,0.133118,74,217,0
79,11,4,0.051282,0.029668,0.143107,74,200,0
79,12,4,0.051282,0.041120,0.140167,74,180,1
79,13,4,0.051282,0.030892,0.120212,74,218,1
79,14,4,0.051282,0.032273,0.134453,74,171,0
79,15,4,0.051282,0.024781,0.135055,74,219,1
79,16,4,0.051282,0.032551,0.126298,74,168,0
79,17,4,0.051282,0.036199,0.141426,74,219,1
79,18,4,0.051282,0.034854,0.148000,74,186,0
79,19,4,0.051282,0.031183,0.137535,74,210,1
79,20,4,0.051282,0.036162,0.148010,74,176,0
79,21,4,0.051282,0.024225,0.123516,74,212,1
79,22,4,0.051282,0.036535,0.143791,74,194,0
79,23,4,0.051282,0.037590,0.131676,74,192,0
79,24,4,0.051282,0.033817,0.156836,74,189,0
79,25,4,0.051282,0.025683,0.126775,74,181,0
79,26,4,0.051282,0.023298,0.123445,74,229,1
79,27,4,0.051282,0.017284,0.123401,74,188,0
79,28,4,0.051282,0.037488,0.122955,74,221,1
79,29,4,0.051282,0.034598,0.120341,74,180,0
79,30,4,0.051282,0.028665,0.112226,74,224,1
79,31,4,0.051282,0.030408,0.124751,74,192,0
79,32,4,0.051282,0.025882,0.131988,74,214,1
79,33,4,0.051282,0.025915,0.105473,74,189,0
79,34,4,0.051282,0.025483,0.124127,74,215,1
79,35,4,0.051282,0.022622,0.105693,74,193,0
79,36,4,0.051282,0.035303,0.117483,74,217,1
79,37,4,0.051282,0.022712,0.090807,74,197,0
79,38,4,0.051282,0.038154,0.118955,74,192,1
79,39,4,0.051282,0.028087,0.110232,74,205,1
79,40,4,0.051282,0.029481,0.104939,74,177,0
79,41,4,0.051282,0.039641,0.091689,74,202,1
79,42,4,0.051282,0.029139,0.100245,74,186,0
79,43,4,0.051282,0.025162,0.103857,74,212,1
79,44,4,0.051282,0.026347,0.115703,74,176,0
79,45,4,0.051282,0.029145,0.090725,74,200,1
79,46,4,0.051282,0.014374,0.079245,74,187,0
79,47,4,0.051282,0.019886,0.079565,74,207,0
79,48,4,0.051282,0.034253,0.118919,74,192,0
79,49,4,0.051282,0.007775,0.118835,74,188,0
79,50,4,0.051282,0.039773,0.103410,74,194,0
79,51,4,0.051282,0.021013,0.102801,74,182,0
79,52,4,0.051282,0.024655,0.087571,74,180,1
79,53,4,0.051282,0.026059,0.114624,74,175,0
79,54,4,0.051282,0.019499,0.081536,74,185,1
79,55,4,0.051282,0.032292,0.111117,74,179,0
79,56,4,0.051282,0.023627,0.089882,74,181,1
79,57,4,0.051282,0.017938,0.088092,74,184,0
79,58,4,0.051282,0.032834,0.119600,74,171,1
79,59,4,0.051282,0.011052,0.058820,74,170,0
79,60,4,0.051282,0.001471,0.078388,74,179,1
79,61,4,0.051282,0.019757,0.087831,74,175,0
79,62,4,0.051282,0.024900,0.106790,74,171,1
79,63,4,0.051282,0.019886,0.056306,74,172,1
79,64,4,0.051282,0.038302,0.085950,74,179,1
79,65,3,0.038462,0.044097,0.170543,75,236,0
79,66,3,0.038462,0.002825,0.156345,75,237,0
79,67,3,0.038462,0.002800,0.156190,75,244,0
79,68,3,0.038462,0.026126,0.160474,75,246,0
79,69,3,0.038462,0.013771,0.155536,75,233,0
79,70,3,0.038462,0.022883,0.164525,75,239,0
79,71,3,0.038462,0.016506,0.149887,75,244,0
79,72,3,0.038462,0.020243,0.137290,75,242,0
79,73,3,0.038462,0.000000,0.143131,75,246,0
79,74,3,0.038462,0.036118,0.169926,75,255,0
79,75,3,0.038462,0.034404,0.170251,75,248,0
79,76,3,0.038462,0.003997,0.151965,75,254,0
79,77,3,0.038462,0.015407,0.156978,75,245,0
79,78,13,0.166667,0.112192,0.239177,65,145,1
80,0,4,0.051282,0.032131,0.125338,74,252,1
80,1,4,0.051282,0.038773,0.129978,74,170,0
80,2,4,0.051282,0.042838,0.160031,74,245,1
80,3,4,0.051282,0.026875,0.139751,74,175,0
80,4,4,0.051282,0.039207,0.147996,74,232,1
80,5,4,0.051282,0.054032,0.144411,74,186,0
80,6,4,0.051282,0.050307,0.169446,74,239,1
80,7,4,0.051282,0.056050,0.145308,74,185,0
80,8,4,0.051282,0.055918,0.157807,74,228,1
80,9,4,0.051282,0.030146,0.135940,74,192,0
80,10,4,0.051282,0.041393,0.133159,74,217,1
80,11,4,0.051282,0.015680,0.126002,74,200,0
80,12,4,0.051282,0.029436,0.127292,74,181,0
80,13,4,0.051282,0.030901,0.135254,74,219,0
80,14,4,0.051282,0.027559,0.140191,74,171,0
80,15,4,0.051282,0.024108,0.137198,74,220,0
80,16,4,0.051282,0.032131,0.125470,74,168,0
80,17,4,0.051282,0.037512,0.139751,74,220,0
80,18,4,0.051282,0.039668,0.165472,74,186,0
80,19,4,0.051282,0.027159,0.127321,74,211,0
80,20,4,0.051282,0.032940,0.152551,74,176,0
80,21,4,0.051282,0.012672,0.110357,74,213,0
80,22,4,0.051282,0.045601,0.152930,74,194,0
80,23,4,0.051282,0.017082,0.119375,74,192,0
80,24,4,0.051282,0.053137,0.155576,74,189,0
80,25,4,0.051282,0.027977,0.117304,74,181,0
80,26,4,0.051282,0.025593,0.111497,74,230,1
80,27,4,0.051282,0.019708,0.117438,74,188,1
80,28,4,0.051282,0.039629,0.123773,74,222,1
80,29,4,0.051282,0.049898,0.119592,74,180,1
80,30,4,0.051282,0.028540,0.117694,74,225,1
80,31,4,0.051282,0.024686,0.109080,74,192,1
80,32,4,0.051282,0.032698,0.133099,74,215,1
80,33,4,0.051282,0.006928,0.098738,74,189,1
80,34,4,0.051282,0.028887,0.143504,74,216,1
80,35,4,0.051282,0.018458,0.099186,74,193,1
80,36,4,0.051282,0.028532,0.123243,74,218,1
80,37,4,0.051282,0.031700,0.098285,74,197,1
80,38,4,0.051282,0.041335,0.126936,74,193,1
80,39,4,0.051282,0.030667,0.125242,74,206,0
80,40,4,0.051282,0.028787,0.109981,74,177,0
80,41,4,0.051282,0.031761,0.085810,74,203,0
80,42,4,0.051282,0.023021,0.104661,74,186,0
80,43,4,0.051282,0.020511,0.103293,74,213,0
80,44,4,0.051282,0.027760,0.113990,74,176,0
80,45,4,0.051282,0.026053,0.089001,74,201,0
80,46,4,0.051282,0.029602,0.088097,74,187,0
80,47,4,0.051282,0.028043,0.066725,74,207,0
80,48,4,0.051282,0.020071,0.115392,74,192,0
80,49,4,0.051282,0.028892,0.123453,74,188,0
80,50,4,0.051282,0.027825,0.109608,74,194,0
80,51,4,0.051282,0.029594,0.102884,74,182,0
80,52,4,0.051282,0.025949,0.080579,74,181,1
80,53,4,0.051282,0.025924,0.112397,74,175,1
80,54,4,0.051282,0.018811,0.087800,74,186,1
80,55,4,0.051282,0.029712,0.109040,74,179,1
80,56,4,0.051282,0.024580,0.093531,74,182,1
80,57,4,0.051282,0.015493,0.090394,74,184,1
80,58,4,0.051282,0.022852,0.112642,74,172,1
80,59,4,0.051282,0.016755,0.066242,74,170,1
80,60,4,0.051282,0.006090,0.073221,74,180,1
80,61,4,0.051282,0.030364,0.112374,74,175,1
80,62,4,0.051282,0.031310,0.091384,74,172,1
80,63,4,0.051282,0.011343,0.062142,74,173,1
80,64,4,0.051282,0.033296,0.091362,74,180,1
80,65,3,0.038462,0.040173,0.165012,75,236,0
80,66,3,0.038462,0.003657,0.154136,75,237,0
80,67,3,0.038462,0.009795,0.150793,75,244,0
80,68,3,0.038462,0.025115,0.159905,75,246,0
80,69,3,0.038462,0.017688,0.155843,75,233,0
80,70,3,0.038462,0.027597,0.151039,75,239,0
80,71,3,0.038462,0.022785,0.155233,75,244,0
80,72,3,0.038462,0.015794,0.140045,75,242,0
80,73,3,0.038462,0.000000,0.137473,75,246,0
80,74,3,0.038462,0.037214,0.163538,75,255,0
80,75,3,0.038462,0.034645,0.173036,75,248,0
80,76,3,0.038462,0.000000,0.148761,75,254,0
80,77,3,0.038462,0.004505,0.152028,75,245,0
80,78,13,0.166667,0.109376,0.238967,65,146,1
81,0,4,0.051282,0.032886,0.151149,74,253,1
81,1,4,0.051282,0.027170,0.129084,74,170,0
81,2,4,0.051282,0.037357,0.144029,74,246,0
81,3,4,0.051282,0.045824,0.137982,74,175,0
81,4,4,0.051282,0.055745,0.162166,74,233,1
81,5,4,0.051282,0.049488,0.153510,74,186,1
81,6,4,0.051282,0.043022,0.147948,74,240,0
81,7,4,0.051282,0.031587,0.165988,74,185,0
81,8,4,0.051282,0.043956,0.139160,74,229,1
81,9,4,0.051282,0.046903,0.160185,74,192,1
81,10,4,0.051282,0.028646,0.141270,74,218,0
81,11,4,0.051282,0.040640,0.160763,74,200,0
81,12,4,0.051282,0.048837,0.143570,74,181,1
81,13,4,0.051282,0.024984,0.100051,74,219,1
81,14,4,0.051282,0.035292,0.123145,74,171,0
81,15,4,0.051282,0.033858,0.125370,74,220,0
81,16,4,0.051282,0.042863,0.138780,74,168,0
81,17,4,0.051282,0.024368,0.137982,74,220,0
81,18,4,0.051282,0.032078,0.132103,74,186,0
81,19,4,0.051282,0.039274,0.159382,74,211,0
81,20,4,0.051282,0.041893,0.152098,74,176,0
81,21,4,0.051282,0.041919,0.154250,74,213,0
81,22,4,0.051282,0.019479,0.126182,74,194,0
81,23,4,0.051282,0.049243,0.148398,74,192,0
81,24,4,0.051282,0.025041,0.149830,74,189,0
81,25,4,0.051282,0.026051,0.131373,74,181,0
81,26,4,0.051282,0.029262,0.137007,74,231,1
81,27,4,0.051282,0.012852,0.101918,74,189,0
81,28,4,0.051282,0.023641,0.128624,74,223,1
81,29,4,0.051282,0.014205,0.106492,74,181,0
81,30,4,0.051282,0.020887,0.119990,74,226,1
81,31,4,0.051282,0.035860,0.122415,74,193,1
81,32,4,0.051282,0.028084,0.103494,74,216,1
81,33,4,0.051282,0.046366,0.113544,74,190,1
81,34,4,0.051282,0.031510,0.105442,74,217,1
81,35,4,0.051282,0.027131,0.142739,74,194,1
81,36,4,0.051282,0.026430,0.099261,74,219,1
81,37,4,0.051282,0.035657,0.109862,74,198,1
81,38,4,0.051282,0.025526,0.128463,74,194,1
81,39,4,0.051282,0.022345,0.072792,74,206,0
81,40,4,0.051282,0.033618,0.110633,74,177,0
81,41,4,0.051282,0.020732,0.077511,74,203,0
81,42,4,0.051282,0.025235,0.097591,74,186,0
81,43,4,0.051282,0.034796,0.103475,74,213,0
81,44,4,0.051282,0.027636,0.087788,74,176,0
81,45,4,0.051282,0.028551,0.119799,74,201,0
81,46,4,0.051282,0.010000,0.075311,74,187,0
81,47,4,0.051282,0.012461,0.115300,74,207,0
81,48,4,0.051282,0.024300,0.105277,74,192,0
81,49,4,0.051282,0.025670,0.129096,74,188,0
81,50,4,0.051282,0.028509,0.086372,74,194,0
81,51,4,0.051282,0.029431,0.126724,74,182,0
81,52,4,0.051282,0.024669,0.083521,74,182,1
81,53,4,0.051282,0.019233,0.063366,74,176,1
81,54,4,0.051282,0.033062,0.097317,74,187,1
81,55,4,0.051282,0.026502,0.096558,74,180,1
81,56,4,0.051282,0.022773,0.079676,74,183,1
81,57,4,0.051282,0.009566,0.110621,74,185,1
81,58,4,0.051282,0.003001,0.108840,74,173,1
81,59,4,0.051282,0.016402,0.083759,74,171,1
81,60,4,0.051282,0.000140,0.061490,74,181,1
81,61,4,0.051282,0.047242,0.106329,74,176,1
81,62,4,0.051282,0.047762,0.101494,74,173,1
81,63,4,0.051282,0.016875,0.068814,74,174,1
81,64,4,0.051282,0.029196,0.065532,74,181,1
81,65,3,0.038462,0.002915,0.150289,75,236,0
81,66,3,0.038462,0.000000,0.162284,75,237,0
81,67,3,0.038462,0.017374,0.133353,75,244,0
81,68,3,0.038462,0.024669,0.151995,75,246,0
81,69,3,0.038462,0.036502,0.147458,75,233,0
81,70,3,0.038462,0.036063,0.140617,75,239,0
81,71,3,0.038462,0.043964,0.161362,75,244,0
81,72,3,0.038462,0.019772,0.127467,75,242,0
81,73,3,0.038462,0.000000,0.137830,75,246,0
81,74,3,0.038462,0.020840,0.155317,75,255,0
81,75,3,0.038462,0.008143,0.180992,75,248,0
81,76,3,0.038462,0.003209,0.133889,75,254,0
81,77,3,0.038462,0.026922,0.169190,75,245,0
81,78,13,0.166667,0.104553,0.240374,65,147,1
82,0,4,0.051282,0.042498,0.148015,74,254,0
82,1,4,0.051282,0.029175,0.132403,74,170,0
82,2,4,0.051282,0.028639,0.153260,74,246,0
82,3,4,0.051282,0.048652,0.137518,74,175,1
82,4,4,0.051282,0.052877,0.158793,74,234,0
82,5,4,0.051282,0.048054,0.163719,74,187,0
82,6,4,0.051282,0.051341,0.151371,74,240,1
82,7,4,0.051282,0.036056,0.161075,74,185,1
82,8,4,0.051282,0.042064,0.139944,74,230,0
82,9,4,0.051282,0.041050,0.161192,74,193,0
82,10,4,0.051282,0.027631,0.139112,74,218,1
82,11,4,0.051282,0.042064,0.155955,74,200,1
82,12,4,0.051282,0.045191,0.133410,74,182,0
82,13,4,0.051282,0.016016,0.120526,74,220,0
82,14,4,0.051282,0.037942,0.129488,74,171,1
82,15,4,0.051282,0.045250,0.132978,74,220,1
82,16,4,0.051282,0.032246,0.142007,74,168,1
82,17,4,0.051282,0.026126,0.137518,74,220,0
82,18,4,0.051282,0.038089,0.132531,74,186,0
82,19,4,0.051282,0.038489,0.144281,74,211,1
82,20,4,0.051282,0.041838,0.146097,74,176,1
82,21,4,0.051282,0.040007,0.146574,74,213,0
82,22,4,0.051282,0.024178,0.129965,74,194,0
82,23,4,0.051282,0.043730,0.136819,74,192,1
82,24,4,0.051282,0.019984,0.144755,74,189,1
82,25,4,0.051282,0.028693,0.134789,74,181,0
82,26,4,0.051282,0.025934,0.125408,74,232,0
82,27,4,0.051282,0.024109,0.107853,74,189,0
82,28,4,0.051282,0.032417,0.128938,74,224,0
82,29,4,0.051282,0.018590,0.100289,74,181,0
82,30,4,0.051282,0.020698,0.113793,74,227,0
82,31,4,0.051282,0.031640,0.128253,74,194,0
82,32,4,0.051282,0.020133,0.111404,74,217,0
82,33,4,0.051282,0.034219,0.109054,74,191,1
82,34,4,0.051282,0.030458,0.111708,74,218,0
82,35,4,0.051282,0.023537,0.137444,74,195,0
82,36,4,0.051282,0.030859,0.109856,74,220,1
82,37,4,0.051282,0.034234,0.113527,74,199,1
82,38,4,0.051282,0.027042,0.122276,74,195,0
82,39,4,0.051282,0.031716,0.088538,74,206,1
82,40,4,0.051282,0.032417,0.112783,74,177,1
82,41,4,0.051282,0.014870,0.085607,74,203,1
82,42,4,0.051282,0.022803,0.093000,74,186,1
82,43,4,0.051282,0.026430,0.096358,74,213,0
82,44,4,0.051282,0.020489,0.087129,74,176,1
82,45,4,0.051282,0.029644,0.117251,74,201,1
82,46,4,0.051282,0.016905,0.082644,74,187,1
82,47,4,0.051282,0.016490,0.096810,74,207,0
82,48,4,0.051282,0.028648,0.101342,74,192,0
82,49,4,0.051282,0.025581,0.121662,74,188,1
82,50,4,0.051282,0.032980,0.090480,74,194,1
82,51,4,0.051282,0.028337,0.128636,74,182,0
82,52,4,0.051282,0.023151,0.078614,74,183,0
82,53,4,0.051282,0.014157,0.075007,74,177,0
82,54,4,0.051282,0.031281,0.087241,74,188,0
82,55,4,0.051282,0.031682,0.101980,74,181,0
82,56,4,0.051282,0.023218,0.083266,74,184,0
82,57,4,0.051282,0.015700,0.100723,74,186,0
82,58,4,0.051282,0.003297,0.100280,74,174,0
82,59,4,0.051282,0.011867,0.071034,74,172,0
82,60,4,0.051282,0.008270,0.079178,74,182,0
82,61,4,0.051282,0.046374,0.110293,74,177,0
82,62,4,0.051282,0.047053,0.104281,74,174,1
82,63,4,0.051282,0.016490,0.069496,74,175,1
82,64,4,0.051282,0.024710,0.073429,74,182,0
82,65,3,0.038462,0.015720,0.149668,75,236,1
82,66,3,0.038462,0.005819,0.158261,75,237,1
82,67,3,0.038462,0.012700,0.133686,75,244,1
82,68,3,0.038462,0.017575,0.150198,75,246,1
82,69,3,0.038462,0.028114,0.147377,75,233,1
82,70,3,0.038462,0.028516,0.138407,75,239,1
82,71,3,0.038462,0.043509,0.165903,75,244,1
82,72,3,0.038462,0.025983,0.135317,75,242,1
82,73,3,0.038462,0.000000,0.132186,75,246,0
82,74,3,0.038462,0.022627,0.154178,75,255,0
82,75,3,0.038462,0.011559,0.174913,75,248,1
82,76,3,0.038462,0.003309,0.136809,75,254,1
82,77,3,0.038462,0.024669,0.167372,75,245,0
82,78,13,0.166667,0.103829,0.240098,65,148,0
83,0,4,0.051282,0.043281,0.131352,74,254,0
83,1,4,0.051282,0.026013,0.130828,74,170,1
83,2,4,0.051282,0.023828,0.154752,74,246,0
83,3,4,0.051282,0.042740,0.142688,74,176,1
83,4,4,0.051282,0.058632,0.164358,74,234,0
83,5,4,0.051282,0.044855,0.148344,74,187,1
83,6,4,0.051282,0.051684,0.164597,74,241,0
83,7,4,0.051282,0.052880,0.156998,74,186,1
83,8,4,0.051282,0.034030,0.150988,74,230,0
83,9,4,0.051282,0.041255,0.155229,74,193,1
83,10,4,0.051282,0.029409,0.144711,74,219,0
83,11,4,0.051282,0.033121,0.155250,74,201,0
83,12,4,0.051282,0.049246,0.126925,74,182,1
83,13,4,0.051282,0.024142,0.123329,74,220,0
83,14,4,0.051282,0.035336,0.120502,74,172,1
83,15,4,0.051282,0.039578,0.121066,74,221,0
83,16,4,0.051282,0.027264,0.150202,74,169,1
83,17,4,0.051282,0.016633,0.142688,74,220,0
83,18,4,0.051282,0.048548,0.133807,74,186,1
83,19,4,0.051282,0.033254,0.132000,74,212,0
83,20,4,0.051282,0.041475,0.150447,74,177,1
83,21,4,0.051282,0.047702,0.146981,74,213,0
83,22,4,0.051282,0.029939,0.138797,74,194,0
83,23,4,0.051282,0.040882,0.140869,74,193,0
83,24,4,0.051282,0.023513,0.140980,74,190,0
83,25,4,0.051282,0.024272,0.137428,74,181,0
83,26,4,0.051282,0.019963,0.119675,74,232,0
83,27,4,0.051282,0.026430,0.114532,74,189,1
83,28,4,0.051282,0.033431,0.134197,74,224,0
83,29,4,0.051282,0.028146,0.105291,74,181,1
83,30,4,0.051282,0.028327,0.106639,74,227,0
83,31,4,0.051282,0.023768,0.110097,74,194,1
83,32,4,0.051282,0.024864,0.124259,74,217,0
83,33,4,0.051282,0.018922,0.112143,74,192,1
83,34,4,0.051282,0.029458,0.111928,74,218,0
83,35,4,0.051282,0.022123,0.121751,74,195,1
83,36,4,0.051282,0.032840,0.112714,74,221,1
83,37,4,0.051282,0.042058,0.117930,74,200,1
83,38,4,0.051282,0.028246,0.125190,74,195,1
83,39,4,0.051282,0.033051,0.098285,74,207,0
83,40,4,0.051282,0.033431,0.105072,74,178,0
83,41,4,0.051282,0.017761,0.081648,74,204,0
83,42,4,0.051282,0.023643,0.095883,74,187,0
83,43,4,0.051282,0.031465,0.098232,74,213,0
83,44,4,0.051282,0.016882,0.112742,74,177,0
83,45,4,0.051282,0.019504,0.102992,74,202,0
83,46,4,0.051282,0.014257,0.091116,74,188,0
83,47,4,0.051282,0.016342,0.097993,74,207,0
83,48,4,0.051282,0.028890,0.110516,74,192,0
83,49,4,0.051282,0.028111,0.110146,74,189,0
83,50,4,0.051282,0.032684,0.090388,74,195,0
83,51,4,0.051282,0.029613,0.115248,74,182,0
83,52,4,0.051282,0.026036,0.086954,74,183,1
83,53,4,0.051282,0.013215,0.093797,74,177,1
83,54,4,0.051282,0.025642,0.082310,74,188,1
83,55,4,0.051282,0.030494,0.104056,74,181,1
83,56,4,0.051282,0.021558,0.082982,74,184,1
83,57,4,0.051282,0.018235,0.083266,74,186,1
83,58,4,0.051282,0.028804,0.102799,74,174,1
83,59,4,0.051282,0.020670,0.062371,74,172,1
83,60,4,0.051282,0.011774,0.064040,74,182,1
83,61,4,0.051282,0.038866,0.106461,74,177,1
83,62,4,0.051282,0.024008,0.104961,74,175,1
83,63,4,0.051282,0.016342,0.067383,74,176,1
83,64,4,0.051282,0.020911,0.093545,74,182,1
83,65,3,0.038462,0.024977,0.147714,75,237,0
83,66,3,0.038462,0.000000,0.155684,75,238,0
83,67,3,0.038462,0.018008,0.135456,75,245,0
83,68,3,0.038462,0.029879,0.151600,75,247,0
83,69,3,0.038462,0.014563,0.155170,75,234,0
83,70,3,0.038462,0.031997,0.158452,75,240,0
83,71,3,0.038462,0.027993,0.161107,75,245,0
83,72,3,0.038462,0.015203,0.137337,75,243,0
83,73,3,0.038462,0.000000,0.141018,75,246,0
83,74,3,0.038462,0.025030,0.156818,75,255,0
83,75,3,0.038462,0.030853,0.163783,75,249,0
83,76,3,0.038462,0.001896,0.136690,75,255,0
83,77,3,0.038462,0.021427,0.144356,75,245,0
83,78,13,0.166667,0.104006,0.241828,65,148,1
84,0,4,0.051282,0.038062,0.132358,74,254,0
84,1,4,0.051282,0.030036,0.128004,74,171,1
84,2,4,0.051282,0.015972,0.150528,74,246,0
84,3,4,0.051282,0.050402,0.143236,74,177,1
84,4,4,0.051282,0.057497,0.162385,74,234,0
84,5,4,0.051282,0.052548,0.143728,74,188,1
84,6,4,0.051282,0.042446,0.166417,74,241,0
84,7,4,0.051282,0.041230,0.152907,74,187,1
84,8,4,0.051282,0.035780,0.143569,74,230,0
84,9,4,0.051282,0.033401,0.160293,74,194,1
84,10,4,0.051282,0.050033,0.148841,74,219,0
84,11,4,0.051282,0.032174,0.147343,74,201,0
84,12,4,0.051282,0.050127,0.139313,74,183,1
84,13,4,0.051282,0.023697,0.131760,74,220,0
84,14,4,0.051282,0.027003,0.113553,74,173,1
84,15,4,0.051282,0.050273,0.125324,74,221,0
84,16,4,0.051282,0.024916,0.137807,74,170,1
84,17,4,0.051282,0.023980,0.143236,74,220,0
84,18,4,0.051282,0.040940,0.127160,74,187,1
84,19,4,0.051282,0.035036,0.130756,74,212,0
84,20,4,0.051282,0.045838,0.155909,74,178,1
84,21,4,0.051282,0.035650,0.134272,74,213,0
84,22,4,0.051282,0.039528,0.152935,74,194,1
84,23,4,0.051282,0.032778,0.130009,74,193,0
84,24,4,0.051282,0.024328,0.154575,74,190,0
84,25,4,0.051282,0.025785,0.147343,74,181,1
84,26,4,0.051282,0.025277,0.104007,74,232,0
84,27,4,0.051282,0.021407,0.136411,74,190,0
84,28,4,0.051282,0.034243,0.127123,74,224,0
84,29,4,0.051282,0.029915,0.109813,74,182,0
84,30,4,0.051282,0.016971,0.115136,74,227,0
84,31,4,0.051282,0.021332,0.129115,74,195,0
84,32,4,0.051282,0.034499,0.126953,74,217,0
84,33,4,0.051282,0.021690,0.103728,74,193,0
84,34,4,0.051282,0.045660,0.132797,74,218,0
84,35,4,0.051282,0.023475,0.098009,74,196,0
84,36,4,0.051282,0.025956,0.119717,74,222,0
84,37,4,0.051282,0.039179,0.112495,74,201,0
84,38,4,0.051282,0.023007,0.105787,74,196,0
84,39,4,0.051282,0.036242,0.110728,74,207,1
84,40,4,0.051282,0.034243,0.104727,74,178,1
84,41,4,0.051282,0.026198,0.085464,74,204,1
84,42,4,0.051282,0.017844,0.098421,74,187,1
84,43,4,0.051282,0.025894,0.097251,74,213,1
84,44,4,0.051282,0.024937,0.119586,74,177,1
84,45,4,0.051282,0.017607,0.088706,74,202,1
84,46,4,0.051282,0.026538,0.091667,74,188,1
84,47,4,0.051282,0.018204,0.085422,74,207,1
84,48,4,0.051282,0.021548,0.118825,74,192,1
84,49,4,0.051282,0.012588,0.109019,74,189,1
84,50,4,0.051282,0.036093,0.104761,74,195,1
84,51,4,0.051282,0.032855,0.098058,74,182,1
84,52,4,0.051282,0.029996,0.078562,74,184,0
84,53,4,0.051282,0.028128,0.102152,74,178,0
84,54,4,0.051282,0.015212,0.084811,74,189,0
84,55,4,0.051282,0.031278,0.109986,74,182,0
84,56,4,0.051282,0.026178,0.086615,74,185,0
84,57,4,0.051282,0.014597,0.072702,74,187,0
84,58,4,0.051282,0.035632,0.110888,74,175,0
84,59,4,0.051282,0.014369,0.060328,74,173,0
84,60,4,0.051282,0.002859,0.083351,74,183,0
84,61,4,0.051282,0.029302,0.092933,74,178,0
84,62,4,0.051282,0.022738,0.102354,74,176,0
84,63,4,0.051282,0.010184,0.060239,74,177,0
84,64,4,0.051282,0.033235,0.095575,74,183,0
84,65,3,0.038462,0.031620,0.163298,75,237,1
84,66,3,0.038462,0.000000,0.149099,75,238,0
84,67,3,0.038462,0.008091,0.146617,75,245,1
84,68,3,0.038462,0.026475,0.160065,75,247,1
84,69,3,0.038462,0.016230,0.149539,75,234,1
84,70,3,0.038462,0.025631,0.154735,75,240,1
84,71,3,0.038462,0.020805,0.147791,75,245,1
84,72,3,0.038462,0.015758,0.132928,75,243,1
84,73,3,0.038462,0.000000,0.128445,75,246,0
84,74,3,0.038462,0.038771,0.162262,75,255,1
84,75,3,0.038462,0.041932,0.166429,75,249,1
84,76,3,0.038462,0.004961,0.139985,75,255,1
84,77,3,0.038462,0.009179,0.136814,75,245,1
84,78,13,0.166667,0.103892,0.239455,65,149,0
85,0,4,0.051282,0.044078,0.146086,74,254,0
85,1,4,0.051282,0.031979,0.131494,74,172,1
85,2,4,0.051282,0.031535,0.146315,74,246,0
85,3,4,0.051282,0.045227,0.138678,74,178,1
85,4,4,0.051282,0.039942,0.150212,74,234,0
85,5,4,0.051282,0.047752,0.147405,74,189,1
85,6,4,0.051282,0.045569,0.151094,74,241,0
85,7,4,0.051282,0.032652,0.159886,74,188,0
85,8,4,0.051282,0.047212,0.141818,74,230,1
85,9,4,0.051282,0.043367,0.166514,74,195,1
85,10,4,0.051282,0.039853,0.141713,74,219,0
85,11,4,0.051282,0.047212,0.163032,74,201,0
85,12,4,0.051282,0.041434,0.157563,74,184,1
85,13,4,0.051282,0.023733,0.116535,74,220,0
85,14,4,0.051282,0.030942,0.124937,74,174,1
85,15,4,0.051282,0.032147,0.124927,74,221,0
85,16,4,0.051282,0.037938,0.131526,74,171,1
85,17,4,0.051282,0.030924,0.138512,74,220,0
85,18,4,0.051282,0.035643,0.128311,74,188,1
85,19,4,0.051282,0.038154,0.142387,74,212,0
85,20,4,0.051282,0.034395,0.142968,74,179,0
85,21,4,0.051282,0.041807,0.155043,74,213,1
85,22,4,0.051282,0.024333,0.135798,74,195,1
85,23,4,0.051282,0.042939,0.140002,74,193,0
85,24,4,0.051282,0.027559,0.152896,74,190,0
85,25,4,0.051282,0.032579,0.144009,74,182,1
85,26,4,0.051282,0.026119,0.115347,74,232,0
85,27,4,0.051282,0.019305,0.104947,74,190,1
85,28,4,0.051282,0.023205,0.117018,74,224,0
85,29,4,0.051282,0.020023,0.115710,74,182,0
85,30,4,0.051282,0.021387,0.120597,74,227,0
85,31,4,0.051282,0.025891,0.117189,74,195,1
85,32,4,0.051282,0.028002,0.112020,74,217,0
85,33,4,0.051282,0.040609,0.121823,74,193,0
85,34,4,0.051282,0.034426,0.112603,74,218,1
85,35,4,0.051282,0.025378,0.123463,74,196,1
85,36,4,0.051282,0.022374,0.112880,74,222,0
85,37,4,0.051282,0.034569,0.114750,74,201,0
85,38,4,0.051282,0.029824,0.119523,74,196,1
85,39,4,0.051282,0.021172,0.088979,74,208,0
85,40,4,0.051282,0.023205,0.100972,74,179,1
85,41,4,0.051282,0.027895,0.084784,74,205,0
85,42,4,0.051282,0.023263,0.106072,74,188,1
85,43,4,0.051282,0.039880,0.103084,74,214,1
85,44,4,0.051282,0.027229,0.096343,74,178,1
85,45,4,0.051282,0.018994,0.096639,74,203,0
85,46,4,0.051282,0.025001,0.083371,74,189,0
85,47,4,0.051282,0.009211,0.099881,74,208,1
85,48,4,0.051282,0.024815,0.107381,74,193,1
85,49,4,0.051282,0.023377,0.118585,74,190,0
85,50,4,0.051282,0.025648,0.099161,74,196,0
85,51,4,0.051282,0.031153,0.098663,74,183,1
85,52,4,0.051282,0.031009,0.079808,74,184,0
85,53,4,0.051282,0.022690,0.074869,74,178,1
85,54,4,0.051282,0.020640,0.077520,74,189,0
85,55,4,0.051282,0.026961,0.101132,74,182,0
85,56,4,0.051282,0.027558,0.102716,74,185,0
85,57,4,0.051282,0.016898,0.085510,74,187,1
85,58,4,0.051282,0.024497,0.112534,74,175,0
85,59,4,0.051282,0.015491,0.082585,74,173,0
85,60,4,0.051282,0.000000,0.083160,74,183,0
85,61,4,0.051282,0.028473,0.085644,74,178,1
85,62,4,0.051282,0.032507,0.106526,74,176,0
85,63,4,0.051282,0.009211,0.062666,74,177,0
85,64,4,0.051282,0.034911,0.079144,74,183,1
85,65,3,0.038462,0.011735,0.159504,75,238,0
85,66,3,0.038462,0.000000,0.161503,75,238,0
85,67,3,0.038462,0.014068,0.149442,75,246,0
85,68,3,0.038462,0.033341,0.168421,75,248,1
85,69,3,0.038462,0.028345,0.152305,75,235,1
85,70,3,0.038462,0.027086,0.154991,75,241,1
85,71,3,0.038462,0.024554,0.155224,75,246,0
85,72,3,0.038462,0.021111,0.137411,75,244,1
85,73,3,0.038462,0.005148,0.134556,75,246,1
85,74,3,0.038462,0.033404,0.166858,75,256,1
85,75,3,0.038462,0.018720,0.173237,75,250,0
85,76,3,0.038462,0.011400,0.144765,75,256,0
85,77,3,0.038462,0.017154,0.151573,75,246,1
85,78,13,0.166667,0.109854,0.246065,65,149,0
86,0,4,0.051282,0.048192,0.143632,74,254,1
86,1,4,0.051282,0.029459,0.128318,74,173,0
86,2,4,0.051282,0.022520,0.143480,74,246,0
86,3,4,0.051282,0.046767,0.135184,74,179,0
86,4,4,0.051282,0.043498,0.152014,74,234,1
86,5,4,0.051282,0.045869,0.144196,74,190,1
86,6,4,0.051282,0.043074,0.156414,74,241,0
86,7,4,0.051282,0.034937,0.157684,74,188,0
86,8,4,0.051282,0.041974,0.144452,74,231,1
86,9,4,0.051282,0.043577,0.160984,74,196,1
86,10,4,0.051282,0.043325,0.144444,74,219,0
86,11,4,0.051282,0.041974,0.159354,74,201,0
86,12,4,0.051282,0.046995,0.155063,74,185,1
86,13,4,0.051282,0.017536,0.121283,74,220,1
86,14,4,0.051282,0.030925,0.126129,74,175,0
86,15,4,0.051282,0.040070,0.121585,74,221,0
86,16,4,0.051282,0.036480,0.136594,74,172,0
86,17,4,0.051282,0.025959,0.135184,74,220,1
86,18,4,0.051282,0.037226,0.126333,74,189,1
86,19,4,0.051282,0.038532,0.135592,74,212,0
86,20,4,0.051282,0.033830,0.143028,74,179,0
86,21,4,0.051282,0.046254,0.145146,74,214,1
86,22,4,0.051282,0.029742,0.140934,74,196,1
86,23,4,0.051282,0.036052,0.144855,74,193,0
86,24,4,0.051282,0.033711,0.155247,74,190,0
86,25,4,0.051282,0.024131,0.143181,74,183,1
86,26,4,0.051282,0.025188,0.110886,74,232,1
86,27,4,0.051282,0.025956,0.115623,74,191,0
86,28,4,0.051282,0.030229,0.124471,74,224,0
86,29,4,0.051282,0.019101,0.104924,74,182,0
86,30,4,0.051282,0.019716,0.118819,74,227,1
86,31,4,0.051282,0.020301,0.119013,74,196,0
86,32,4,0.051282,0.030509,0.117700,74,217,0
86,33,4,0.051282,0.034379,0.115279,74,193,0
86,34,4,0.051282,0.037839,0.125097,74,219,1
86,35,4,0.051282,0.025844,0.114712,74,197,1
86,36,4,0.051282,0.024025,0.110791,74,222,0
86,37,4,0.051282,0.033857,0.114996,74,201,0
86,38,4,0.051282,0.028438,0.119098,74,197,1
86,39,4,0.051282,0.030698,0.101803,74,208,1
86,40,4,0.051282,0.030229,0.102580,74,180,0
86,41,4,0.051282,0.027319,0.089115,74,205,1
86,42,4,0.051282,0.013252,0.108922,74,189,0
86,43,4,0.051282,0.030732,0.102390,74,215,1
86,44,4,0.051282,0.026091,0.112153,74,179,1
86,45,4,0.051282,0.013092,0.090227,74,203,0
86,46,4,0.051282,0.035257,0.089826,74,189,0
86,47,4,0.051282,0.012335,0.088570,74,209,1
86,48,4,0.051282,0.024641,0.113765,74,194,1
86,49,4,0.051282,0.027036,0.113514,74,190,0
86,50,4,0.051282,0.022299,0.102854,74,196,0
86,51,4,0.051282,0.032277,0.087852,74,184,1
86,52,4,0.051282,0.031747,0.068666,74,184,1
86,53,4,0.051282,0.021432,0.104729,74,179,0
86,54,4,0.051282,0.015416,0.087766,74,189,0
86,55,4,0.051282,0.035314,0.100526,74,182,0
86,56,4,0.051282,0.032271,0.089935,74,185,1
86,57,4,0.051282,0.021426,0.078211,74,188,0
86,58,4,0.051282,0.035999,0.118451,74,175,0
86,59,4,0.051282,0.013596,0.058784,74,173,0
86,60,4,0.051282,0.000000,0.087786,74,183,0
86,61,4,0.051282,0.022655,0.093148,74,179,0
86,62,4,0.051282,0.023232,0.100120,74,176,0
86,63,4,0.051282,0.006738,0.058600,74,177,0
86,64,4,0.051282,0.036576,0.092386,74,184,0
86,65,3,0.038462,0.031654,0.162377,75,238,1
86,66,3,0.038462,0.001216,0.152794,75,238,0
86,67,3,0.038462,0.015058,0.148489,75,246,1
86,68,3,0.038462,0.023970,0.169649,75,249,0
86,69,3,0.038462,0.007442,0.154541,75,236,1
86,70,3,0.038462,0.030230,0.157046,75,242,1
86,71,3,0.038462,0.022742,0.149712,75,246,1
86,72,3,0.038462,0.017457,0.137901,75,245,0
86,73,3,0.038462,0.008276,0.125965,75,247,1
86,74,3,0.038462,0.037489,0.164862,75,257,1
86,75,3,0.038462,0.030278,0.164862,75,250,1
86,76,3,0.038462,0.012773,0.142207,75,256,1
86,77,3,0.038462,0.005713,0.135601,75,247,1
86,78,13,0.166667,0.105631,0.244295,65,149,0
87,0,4,0.051282,0.034017,0.152237,74,255,0
87,1,4,0.051282,0.045286,0.141157,74,173,1
87,2,4,0.051282,0.039957,0.159062,74,246,0
87,3,4,0.051282,0.042366,0.137447,74,179,1
87,4,4,0.051282,0.043470,0.139956,74,235,0
87,5,4,0.051282,0.046389,0.162220,74,191,1
87,6,4,0.051282,0.048182,0.148849,74,241,0
87,7,4,0.051282,0.023757,0.151792,74,188,0
87,8,4,0.051282,0.048267,0.138162,74,232,1
87,9,4,0.051282,0.042152,0.164077,74,197,1
87,10,4,0.051282,0.034324,0.141059,74,219,0
87,11,4,0.051282,0.048267,0.156665,74,201,0
87,12,4,0.051282,0.041249,0.150698,74,186,1
87,13,4,0.051282,0.032887,0.127866,74,221,0
87,14,4,0.051282,0.030569,0.132446,74,175,1
87,15,4,0.051282,0.034296,0.136835,74,221,0
87,16,4,0.051282,0.034017,0.127728,74,172,1
87,17,4,0.051282,0.027072,0.137447,74,221,0
87,18,4,0.051282,0.036818,0.138096,74,190,1
87,19,4,0.051282,0.039785,0.144599,74,212,0
87,20,4,0.051282,0.039816,0.146512,74,179,0
87,21,4,0.051282,0.032982,0.141288,74,215,1
87,22,4,0.051282,0.023490,0.132402,74,197,1
87,23,4,0.051282,0.041785,0.135061,74,193,0
87,24,4,0.051282,0.026322,0.149032,74,190,0
87,25,4,0.051282,0.034168,0.134437,74,184,1
87,26,4,0.051282,0.029470,0.114842,74,233,0
87,27,4,0.051282,0.015250,0.118238,74,191,0
87,28,4,0.051282,0.029002,0.126694,74,224,0
87,29,4,0.051282,0.024964,0.118313,74,182,0
87,30,4,0.051282,0.020770,0.116792,74,228,0
87,31,4,0.051282,0.029910,0.119701,74,196,1
87,32,4,0.051282,0.020955,0.111804,74,217,0
87,33,4,0.051282,0.046359,0.107473,74,193,0
87,34,4,0.051282,0.034004,0.120912,74,220,1
87,35,4,0.051282,0.026148,0.124240,74,198,1
87,36,4,0.051282,0.028941,0.108482,74,222,0
87,37,4,0.051282,0.022904,0.113168,74,201,0
87,38,4,0.051282,0.025512,0.121963,74,198,1
87,39,4,0.051282,0.027319,0.095468,74,209,1
87,40,4,0.051282,0.029002,0.105750,74,180,1
87,41,4,0.051282,0.023737,0.079593,74,206,0
87,42,4,0.051282,0.021255,0.102007,74,189,1
87,43,4,0.051282,0.031035,0.113704,74,216,1
87,44,4,0.051282,0.030305,0.100299,74,180,1
87,45,4,0.051282,0.021883,0.108602,74,203,0
87,46,4,0.051282,0.021704,0.081025,74,189,0
87,47,4,0.051282,0.016384,0.087299,74,210,1
87,48,4,0.051282,0.021190,0.105438,74,195,1
87,49,4,0.051282,0.020786,0.120300,74,190,0
87,50,4,0.051282,0.033070,0.092586,74,196,0
87,51,4,0.051282,0.029634,0.092256,74,185,1
87,52,4,0.051282,0.025516,0.074699,74,185,0
87,53,4,0.051282,0.017459,0.098588,74,179,0
87,54,4,0.051282,0.021761,0.087832,74,189,0
87,55,4,0.051282,0.037794,0.103470,74,182,0
87,56,4,0.051282,0.026251,0.086889,74,186,0
87,57,4,0.051282,0.016973,0.080733,74,188,1
87,58,4,0.051282,0.028581,0.106320,74,175,0
87,59,4,0.051282,0.004586,0.060728,74,173,0
87,60,4,0.051282,0.000000,0.088363,74,183,0
87,61,4,0.051282,0.035570,0.090179,74,179,1
87,62,4,0.051282,0.026961,0.099603,74,176,0
87,63,4,0.051282,0.013449,0.064573,74,177,0
87,64,4,0.051282,0.033070,0.090010,74,184,1
87,65,3,0.038462,0.032880,0.164873,75,239,1
87,66,3,0.038462,0.004997,0.156897,75,238,1
87,67,3,0.038462,0.014652,0.144052,75,247,0
87,68,3,0.038462,0.019446,0.161386,75,249,1
87,69,3,0.038462,0.012236,0.152000,75,237,1
87,70,3,0.038462,0.023528,0.159961,75,243,1
87,71,3,0.038462,0.020461,0.162163,75,247,0
87,72,3,0.038462,0.024483,0.135870,75,245,1
87,73,3,0.038462,0.001073,0.127655,75,248,1
87,74,3,0.038462,0.031296,0.165161,75,258,1
87,75,3,0.038462,0.027049,0.178260,75,251,0
87,76,3,0.038462,0.009106,0.142689,75,257,0
87,77,3,0.038462,0.017482,0.150029,75,248,1
87,78,13,0.166667,0.109619,0.238689,65,149,0
88,0,4,0.051282,0.045917,0.141993,74,255,1
88,1,4,0.051282,0.032331,0.125254,74,174,0
88,2,4,0.051282,0.027726,0.146983,74,246,1
88,3,4,0.051282,0.043595,0.135684,74,180,0
88,4,4,0.051282,0.047552,0.150377,74,235,1
88,5,4,0.051282,0.048724,0.152418,74,192,0
88,6,4,0.051282,0.042258,0.152153,74,241,1
88,7,4,0.051282,0.036892,0.160402,74,188,0
88,8,4,0.051282,0.044067,0.147710,74,233,0
88,9,4,0.051282,0.038742,0.164680,74,198,0
88,10,4,0.051282,0.036832,0.144413,74,219,1
88,11,4,0.051282,0.044067,0.159973,74,201,1
88,12,4,0.051282,0.044922,0.145346,74,187,0
88,13,4,0.051282,0.017837,0.119335,74,221,1
88,14,4,0.051282,0.035411,0.127356,74,176,0
88,15,4,0.051282,0.033774,0.130344,74,221,1
88,16,4,0.051282,0.030657,0.134818,74,173,0
88,17,4,0.051282,0.024378,0.135684,74,221,1
88,18,4,0.051282,0.030517,0.136245,74,191,0
88,19,4,0.051282,0.048661,0.148304,74,212,1
88,20,4,0.051282,0.039233,0.145388,74,179,0
88,21,4,0.051282,0.044404,0.137350,74,216,0
88,22,4,0.051282,0.034170,0.133503,74,198,0
88,23,4,0.051282,0.036930,0.139214,74,193,1
88,24,4,0.051282,0.027517,0.142802,74,190,1
88,25,4,0.051282,0.026580,0.131476,74,185,0
88,26,4,0.051282,0.016641,0.121253,74,233,1
88,27,4,0.051282,0.019249,0.093586,74,191,0
88,28,4,0.051282,0.037071,0.112406,74,224,1
88,29,4,0.051282,0.024160,0.090037,74,182,0
88,30,4,0.051282,0.024708,0.114973,74,228,1
88,31,4,0.051282,0.030040,0.138514,74,197,0
88,32,4,0.051282,0.029190,0.110410,74,217,1
88,33,4,0.051282,0.031037,0.113955,74,193,0
88,34,4,0.051282,0.029061,0.120520,74,221,0
88,35,4,0.051282,0.030798,0.143384,74,199,0
88,36,4,0.051282,0.025224,0.124550,74,222,1
88,37,4,0.051282,0.025353,0.115067,74,201,1
88,38,4,0.051282,0.024753,0.115687,74,199,0
88,39,4,0.051282,0.019249,0.085144,74,210,1
88,40,4,0.051282,0.037071,0.115094,74,181,0
88,41,4,0.051282,0.022726,0.088862,74,206,1
88,42,4,0.051282,0.018115,0.081102,74,190,0
88,43,4,0.051282,0.028573,0.099594,74,217,1
88,44,4,0.051282,0.009407,0.139607,74,181,0
88,45,4,0.051282,0.033354,0.115380,74,203,1
88,46,4,0.051282,0.026969,0.082633,74,189,0
88,47,4,0.051282,0.016599,0.097805,74,211,0
88,48,4,0.051282,0.036317,0.105573,74,196,0
88,49,4,0.051282,0.024440,0.130909,74,190,1
88,50,4,0.051282,0.026800,0.102486,74,196,1
88,51,4,0.051282,0.027484,0.086415,74,186,0
88,52,4,0.051282,0.020640,0.065433,74,185,1
88,53,4,0.051282,0.021470,0.070952,74,179,0
88,54,4,0.051282,0.040742,0.107860,74,189,1
88,55,4,0.051282,0.020265,0.088438,74,182,0
88,56,4,0.051282,0.019112,0.053802,74,186,1
88,57,4,0.051282,0.018103,0.084434,74,189,0
88,58,4,0.051282,0.032604,0.121580,74,175,1
88,59,4,0.051282,0.024132,0.076022,74,173,0
88,60,4,0.051282,0.009753,0.072802,74,183,0
88,61,4,0.051282,0.036439,0.127600,74,180,0
88,62,4,0.051282,0.018555,0.094320,74,176,1
88,63,4,0.051282,0.017283,0.055858,74,177,1
88,64,4,0.051282,0.038920,0.120761,74,185,0
88,65,3,0.038462,0.013483,0.132081,75,240,1
88,66,3,0.038462,0.007987,0.151728,75,239,0
88,67,3,0.038462,0.015494,0.129919,75,247,1
88,68,3,0.038462,0.002260,0.130098,75,250,0
88,69,3,0.038462,0.027133,0.134743,75,238,1
88,70,3,0.038462,0.053395,0.163692,75,244,0
88,71,3,0.038462,0.012860,0.144888,75,247,1
88,72,3,0.038462,0.006459,0.119211,75,246,0
88,73,3,0.038462,0.003717,0.131760,75,249,0
88,74,3,0.038462,0.022462,0.141506,75,259,0
88,75,3,0.038462,0.056947,0.165705,75,251,1
88,76,3,0.038462,0.012575,0.139019,75,257,1
88,77,3,0.038462,0.008057,0.126184,75,249,0
88,78,13,0.166667,0.090346,0.242828,65,149,0
89,0,4,0.051282,0.037643,0.125336,74,256,0
89,1,4,0.051282,0.026675,0.122036,74,174,0
89,2,4,0.051282,0.024918,0.147698,74,247,1
89,3,4,0.051282,0.048876,0.147677,74,180,1
89,4,4,0.051282,0.049770,0.151477,74,236,0
89,5,4,0.051282,0.054039,0.149200,74,192,0
89,6,4,0.051282,0.054956,0.167520,74,242,1
89,7,4,0.051282,0.039571,0.158889,74,188,1
89,8,4,0.051282,0.038921,0.156729,74,233,0
89,9,4,0.051282,0.033552,0.150238,74,198,0
89,10,4,0.051282,0.035425,0.135301,74,220,1
89,11,4,0.051282,0.038921,0.135524,74,202,1
89,12,4,0.051282,0.047299,0.145961,74,187,0
89,13,4,0.051282,0.020625,0.132312,74,222,0
89,14,4,0.051282,0.022759,0.122859,74,176,0
89,15,4,0.051282,0.038850,0.123827,74,222,1
89,16,4,0.051282,0.027025,0.125986,74,173,1
89,17,4,0.051282,0.039640,0.147677,74,222,0
89,18,4,0.051282,0.044225,0.140190,74,191,0
89,19,4,0.051282,0.030476,0.131988,74,213,1
89,20,4,0.051282,0.036004,0.147693,74,179,1
89,21,4,0.051282,0.030559,0.130228,74,216,0
89,22,4,0.051282,0.035704,0.140501,74,198,0
89,23,4,0.051282,0.029381,0.140209,74,194,1
89,24,4,0.051282,0.042233,0.161452,74,191,1
89,25,4,0.051282,0.018745,0.132295,74,185,0
89,26,4,0.051282,0.019074,0.108314,74,234,0
89,27,4,0.051282,0.022345,0.106286,74,191,0
89,28,4,0.051282,0.041224,0.132474,74,225,1
89,29,4,0.051282,0.034416,0.107505,74,182,1
89,30,4,0.051282,0.019499,0.115851,74,229,0
89,31,4,0.051282,0.020768,0.119002,74,197,0
89,32,4,0.051282,0.019092,0.116965,74,218,1
89,33,4,0.051282,0.024814,0.118006,74,193,1
89,34,4,0.051282,0.039503,0.137239,74,221,0
89,35,4,0.051282,0.023630,0.121701,74,199,0
89,36,4,0.051282,0.031027,0.097009,74,223,1
89,37,4,0.051282,0.026922,0.106015,74,202,1
89,38,4,0.051282,0.035728,0.127725,74,199,0
89,39,4,0.051282,0.026355,0.098164,74,211,0
89,40,4,0.051282,0.041224,0.113181,74,181,0
89,41,4,0.051282,0.020457,0.068842,74,207,1
89,42,4,0.051282,0.017306,0.089179,74,190,0
89,43,4,0.051282,0.020886,0.111020,74,218,0
89,44,4,0.051282,0.024266,0.105939,74,181,0
89,45,4,0.051282,0.029220,0.095180,74,204,1
89,46,4,0.051282,0.035516,0.099777,74,189,1
89,47,4,0.051282,0.026922,0.090742,74,211,0
89,48,4,0.051282,0.012770,0.089842,74,196,0
89,49,4,0.051282,0.032624,0.124064,74,191,1
89,50,4,0.051282,0.023486,0.119487,74,197,1
89,51,4,0.051282,0.029789,0.092169,74,186,0
89,52,4,0.051282,0.027908,0.082095,74,186,1
89,53,4,0.051282,0.013473,0.083296,74,179,0
89,54,4,0.051282,0.024976,0.093569,74,190,1
89,55,4,0.051282,0.027929,0.096646,74,182,1
89,56,4,0.051282,0.022698,0.095981,74,187,0
89,57,4,0.051282,0.012255,0.079945,74,189,0
89,58,4,0.051282,0.020648,0.100292,74,176,1
89,59,4,0.051282,0.023861,0.084279,74,173,1
89,60,4,0.051282,0.018076,0.083942,74,183,0
89,61,4,0.051282,0.038527,0.118639,74,180,0
89,62,4,0.051282,0.019075,0.079177,74,177,1
89,63,4,0.051282,0.015145,0.076401,74,178,1
89,64,4,0.051282,0.026180,0.093283,74,185,0
89,65,3,0.038462,0.031183,0.150976,75,241,0
89,66,3,0.038462,0.000000,0.162457,75,239,0
89,67,3,0.038462,0.005300,0.135302,75,248,0
89,68,3,0.038462,0.023566,0.160179,75,250,0
89,69,3,0.038462,0.018222,0.161364,75,239,0
89,70,3,0.038462,0.028080,0.155197,75,244,0
89,71,3,0.038462,0.024968,0.160356,75,248,0
89,72,3,0.038462,0.019594,0.150348,75,246,0
89,73,3,0.038462,0.018249,0.148580,75,249,0
89,74,3,0.038462,0.035177,0.149296,75,259,0
89,75,3,0.038462,0.031827,0.174280,75,252,0
89,76,3,0.038462,0.005346,0.153829,75,258,0
89,77,3,0.038462,0.001441,0.143793,75,249,0
89,78,13,0.166667,0.109574,0.242953,65,149,1
90,0,4,0.051282,0.054591,0.132581,74,256,0
90,1,4,0.051282,0.037495,0.130641,74,174,1
90,2,4,0.051282,0.020753,0.141423,74,248,0
90,3,4,0.051282,0.040819,0.138044,74,181,1
90,4,4,0.051282,0.033287,0.145637,74,236,0
90,5,4,0.051282,0.050263,0.144778,74,192,0
90,6,4,0.051282,0.045613,0.138493,74,243,1
90,7,4,0.051282,0.045050,0.139820,74,189,1
90,8,4,0.051282,0.037262,0.142199,74,233,0
90,9,4,0.051282,0.019794,0.166217,74,198,0
90,10,4,0.051282,0.039177,0.147518,74,221,1
90,11,4,0.051282,0.037262,0.164040,74,203,1
90,12,4,0.051282,0.057886,0.143075,74,187,0
90,13,4,0.051282,0.020391,0.144839,74,222,0
90,14,4,0.051282,0.025670,0.114509,74,176,1
90,15,4,0.051282,0.034906,0.142151,74,223,0
90,16,4,0.051282,0.028596,0.140369,74,174,1
90,17,4,0.051282,0.029775,0.138044,74,222,0
90,18,4,0.051282,0.027994,0.120493,74,191,0
90,19,4,0.051282,0.043505,0.124009,74,214,1
90,20,4,0.051282,0.031171,0.128427,74,180,1
90,21,4,0.051282,0.039495,0.137477,74,216,0
90,22,4,0.051282,0.040442,0.152568,74,198,0
90,23,4,0.051282,0.037921,0.138887,74,195,1
90,24,4,0.051282,0.028715,0.150062,74,192,1
90,25,4,0.051282,0.029396,0.142545,74,185,0
90,26,4,0.051282,0.022052,0.093879,74,234,0
90,27,4,0.051282,0.034173,0.108851,74,191,1
90,28,4,0.051282,0.017113,0.106357,74,226,0
90,29,4,0.051282,0.032351,0.119407,74,183,1
90,30,4,0.051282,0.030439,0.112934,74,229,0
90,31,4,0.051282,0.020219,0.110787,74,197,0
90,32,4,0.051282,0.037013,0.140691,74,219,1
90,33,4,0.051282,0.019824,0.127262,74,194,1
90,34,4,0.051282,0.027439,0.117764,74,221,0
90,35,4,0.051282,0.033733,0.127042,74,199,0
90,36,4,0.051282,0.030765,0.120286,74,224,1
90,37,4,0.051282,0.035341,0.105179,74,203,1
90,38,4,0.051282,0.027474,0.126878,74,199,0
90,39,4,0.051282,0.033763,0.110610,74,211,0
90,40,4,0.051282,0.017113,0.098608,74,181,0
90,41,4,0.051282,0.019790,0.088688,74,208,0
90,42,4,0.051282,0.022500,0.096304,74,190,0
90,43,4,0.051282,0.035478,0.098794,74,218,0
90,44,4,0.051282,0.035580,0.092893,74,181,0
90,45,4,0.051282,0.012585,0.105037,74,205,0
90,46,4,0.051282,0.030666,0.097531,74,190,0
90,47,4,0.051282,0.022514,0.095267,74,211,0
90,48,4,0.051282,0.036675,0.103953,74,196,0
90,49,4,0.051282,0.033031,0.117819,74,192,0
90,50,4,0.051282,0.027212,0.099942,74,198,0
90,51,4,0.051282,0.013774,0.121051,74,186,0
90,52,4,0.051282,0.024420,0.065851,74,187,1
90,53,4,0.051282,0.015054,0.086524,74,179,1
90,54,4,0.051282,0.035024,0.075354,74,191,1
90,55,4,0.051282,0.029032,0.092667,74,183,1
90,56,4,0.051282,0.019393,0.111161,74,187,1
90,57,4,0.051282,0.019241,0.096369,74,189,1
90,58,4,0.051282,0.003744,0.108484,74,177,1
90,59,4,0.051282,0.017587,0.082553,74,174,1
90,60,4,0.051282,0.020261,0.101479,74,183,1
90,61,4,0.051282,0.031844,0.094834,74,180,1
90,62,4,0.051282,0.032431,0.098986,74,178,1
90,63,4,0.051282,0.022514,0.074962,74,179,1
90,64,4,0.051282,0.024768,0.074818,74,185,1
90,65,3,0.038462,0.009017,0.150154,75,241,0
90,66,3,0.038462,0.006447,0.165512,75,239,0
90,67,3,0.038462,0.023953,0.140363,75,248,0
90,68,3,0.038462,0.019791,0.149881,75,250,0
90,69,3,0.038462,0.014409,0.152687,75,239,0
90,70,3,0.038462,0.016214,0.144836,75,244,0
90,71,3,0.038462,0.040041,0.157153,75,248,0
90,72,3,0.038462,0.038203,0.145722,75,246,0
90,73,3,0.038462,0.010151,0.146170,75,249,0
90,74,3,0.038462,0.020015,0.142243,75,259,0
90,75,3,0.038462,0.009178,0.162680,75,252,0
90,76,3,0.038462,0.005398,0.151097,75,258,0
90,77,3,0.038462,0.028523,0.161014,75,249,0
90,78,13,0.166667,0.106068,0.241340,65,150,1
91,0,4,0.051282,0.059976,0.131963,74,256,1
91,1,4,0.051282,0.032183,0.137314,74,175,0
91,2,4,0.051282,0.016024,0.143120,74,248,0
91,3,4,0.051282,0.053723,0.145697,74,182,0
91,4,4,0.051282,0.028462,0.158426,74,236,1
91,5,4,0.051282,0.049885,0.152416,74,192,0
91,6,4,0.051282,0.057861,0.147216,74,244,0
91,7,4,0.051282,0.046434,0.137408,74,190,0
91,8,4,0.051282,0.035612,0.133953,74,233,1
91,9,4,0.051282,0.020005,0.168743,74,198,0
91,10,4,0.051282,0.039906,0.135346,74,222,0
91,11,4,0.051282,0.035612,0.149778,74,204,0
91,12,4,0.051282,0.050560,0.131243,74,187,1
91,13,4,0.051282,0.018377,0.150377,74,222,1
91,14,4,0.051282,0.019353,0.138216,74,177,0
91,15,4,0.051282,0.042938,0.140517,74,223,1
91,16,4,0.051282,0.026705,0.142785,74,175,0
91,17,4,0.051282,0.038882,0.145697,74,222,1
91,18,4,0.051282,0.041699,0.116559,74,191,1
91,19,4,0.051282,0.035593,0.115568,74,215,1
91,20,4,0.051282,0.031564,0.127700,74,181,0
91,21,4,0.051282,0.034451,0.141170,74,216,1
91,22,4,0.051282,0.035627,0.136355,74,198,1
91,23,4,0.051282,0.035382,0.120840,74,196,0
91,24,4,0.051282,0.020342,0.148716,74,193,0
91,25,4,0.051282,0.029155,0.145984,74,185,1
91,26,4,0.051282,0.027970,0.100940,74,234,0
91,27,4,0.051282,0.037751,0.117604,74,192,0
91,28,4,0.051282,0.034247,0.118699,74,226,0
91,29,4,0.051282,0.026721,0.115984,74,184,0
91,30,4,0.051282,0.026377,0.108042,74,229,0
91,31,4,0.051282,0.020699,0.121950,74,197,0
91,32,4,0.051282,0.008426,0.130911,74,220,0
91,33,4,0.051282,0.018819,0.121666,74,195,0
91,34,4,0.051282,0.037248,0.115531,74,221,0
91,35,4,0.051282,0.024980,0.112956,74,199,0
91,36,4,0.051282,0.030161,0.120702,74,225,0
91,37,4,0.051282,0.040304,0.107986,74,204,0
91,38,4,0.051282,0.025296,0.116026,74,199,0
91,39,4,0.051282,0.029036,0.111064,74,211,1
91,40,4,0.051282,0.034247,0.104306,74,181,1
91,41,4,0.051282,0.027253,0.097143,74,208,1
91,42,4,0.051282,0.020634,0.101317,74,190,1
91,43,4,0.051282,0.029689,0.086849,74,218,1
91,44,4,0.051282,0.023399,0.085206,74,181,1
91,45,4,0.051282,0.016166,0.099751,74,205,1
91,46,4,0.051282,0.029138,0.102704,74,190,1
91,47,4,0.051282,0.018645,0.090867,74,211,1
91,48,4,0.051282,0.030185,0.089828,74,196,1
91,49,4,0.051282,0.025815,0.109285,74,192,1
91,50,4,0.051282,0.034487,0.099834,74,198,1
91,51,4,0.051282,0.025735,0.119974,74,186,1
91,52,4,0.051282,0.019934,0.079605,74,188,0
91,53,4,0.051282,0.018382,0.089768,74,180,0
91,54,4,0.051282,0.022156,0.079283,74,192,0
91,55,4,0.051282,0.028210,0.086854,74,184,0
91,56,4,0.051282,0.027037,0.102051,74,188,0
91,57,4,0.051282,0.020310,0.095382,74,190,0
91,58,4,0.051282,0.020377,0.097273,74,178,0
91,59,4,0.051282,0.013099,0.076189,74,175,0
91,60,4,0.051282,0.012042,0.108307,74,184,0
91,61,4,0.051282,0.033762,0.092045,74,181,0
91,62,4,0.051282,0.030863,0.107679,74,179,0
91,63,4,0.051282,0.018645,0.083516,74,180,0
91,64,4,0.051282,0.025247,0.081911,74,186,0
91,65,3,0.038462,0.018400,0.159686,75,241,1
91,66,3,0.038462,0.008698,0.155183,75,239,1
91,67,3,0.038462,0.015079,0.151786,75,248,1
91,68,3,0.038462,0.016026,0.160064,75,250,1
91,69,3,0.038462,0.009729,0.154402,75,239,1
91,70,3,0.038462,0.012939,0.155626,75,244,1
91,71,3,0.038462,0.036884,0.167166,75,248,1
91,72,3,0.038462,0.036253,0.152172,75,246,1
91,73,3,0.038462,0.018126,0.144837,75,249,1
91,74,3,0.038462,0.030749,0.164334,75,259,1
91,75,3,0.038462,0.013180,0.172102,75,252,1
91,76,3,0.038462,0.008429,0.150383,75,258,1
91,77,3,0.038462,0.021010,0.162601,75,249,1
91,78,13,0.166667,0.113093,0.245502,65,151,0
92,0,4,0.051282,0.045779,0.136598,74,257,0
92,1,4,0.051282,0.036741,0.145585,74,175,1
92,2,4,0.051282,0.033887,0.145516,74,248,0
92,3,4,0.051282,0.043229,0.140631,74,182,1
92,4,4,0.051282,0.025804,0.156105,74,237,0
92,5,4,0.051282,0.055070,0.145141,74,192,1
92,6,4,0.051282,0.045261,0.148224,74,244,0
92,7,4,0.051282,0.042372,0.134503,74,190,1
92,8,4,0.051282,0.044632,0.141426,74,234,0
92,9,4,0.051282,0.030935,0.159005,74,198,0
92,10,4,0.051282,0.039972,0.142889,74,222,1
92,11,4,0.051282,0.026988,0.154134,74,204,1
92,12,4,0.051282,0.052638,0.142813,74,188,0
92,13,4,0.051282,0.033539,0.141306,74,223,0
92,14,4,0.051282,0.022495,0.139148,74,177,1
92,15,4,0.051282,0.032379,0.147201,74,224,0
92,16,4,0.051282,0.034132,0.134338,74,175,1
92,17,4,0.051282,0.035509,0.140631,74,223,0
92,18,4,0.051282,0.031209,0.128658,74,192,1
92,19,4,0.051282,0.033613,0.140694,74,216,0
92,20,4,0.051282,0.036372,0.138876,74,181,1
92,21,4,0.051282,0.028558,0.119242,74,217,0
92,22,4,0.051282,0.031010,0.138377,74,199,0
92,23,4,0.051282,0.040159,0.128809,74,196,1
92,24,4,0.051282,0.035694,0.153945,74,193,1
92,25,4,0.051282,0.028307,0.127499,74,186,0
92,26,4,0.051282,0.031908,0.106282,74,234,0
92,27,4,0.051282,0.026855,0.113220,74,192,1
92,28,4,0.051282,0.027573,0.115154,74,226,0
92,29,4,0.051282,0.034480,0.120492,74,184,1
92,30,4,0.051282,0.030847,0.122619,74,229,0
92,31,4,0.051282,0.028535,0.115984,74,197,1
92,32,4,0.051282,0.021936,0.110912,74,220,0
92,33,4,0.051282,0.020550,0.111045,74,195,1
92,34,4,0.051282,0.037593,0.140507,74,221,0
92,35,4,0.051282,0.026154,0.118276,74,199,0
92,36,4,0.051282,0.031207,0.104527,74,225,1
92,37,4,0.051282,0.029331,0.105803,74,204,1
92,38,4,0.051282,0.019082,0.133063,74,199,0
92,39,4,0.051282,0.023010,0.108468,74,212,0
92,40,4,0.051282,0.027573,0.101834,74,182,1
92,41,4,0.051282,0.024291,0.087754,74,209,0
92,42,4,0.051282,0.022081,0.114871,74,191,1
92,43,4,0.051282,0.028432,0.092504,74,219,0
92,44,4,0.051282,0.033876,0.087083,74,182,1
92,45,4,0.051282,0.025701,0.104272,74,206,0
92,46,4,0.051282,0.030034,0.104235,74,191,1
92,47,4,0.051282,0.018545,0.084822,74,212,0
92,48,4,0.051282,0.014816,0.097678,74,197,0
92,49,4,0.051282,0.018803,0.122063,74,193,0
92,50,4,0.051282,0.038407,0.095083,74,199,1
92,51,4,0.051282,0.030394,0.109857,74,187,0
92,52,4,0.051282,0.019857,0.070604,74,188,0
92,53,4,0.051282,0.024737,0.092307,74,180,1
92,54,4,0.051282,0.022495,0.084224,74,192,0
92,55,4,0.051282,0.022395,0.077840,74,184,1
92,56,4,0.051282,0.032258,0.105043,74,188,0
92,57,4,0.051282,0.007627,0.105581,74,190,1
92,58,4,0.051282,0.015079,0.102982,74,178,0
92,59,4,0.051282,0.015079,0.067118,74,175,1
92,60,4,0.051282,0.003536,0.102605,74,184,0
92,61,4,0.051282,0.041955,0.100458,74,181,1
92,62,4,0.051282,0.029457,0.089466,74,179,1
92,63,4,0.051282,0.019862,0.079636,74,180,1
92,64,4,0.051282,0.034871,0.076182,74,186,0
92,65,3,0.038462,0.026397,0.156535,75,242,0
92,66,3,0.038462,0.002185,0.151755,75,240,0
92,67,3,0.038462,0.018608,0.141768,75,249,0
92,68,3,0.038462,0.018765,0.161518,75,251,0
92,69,3,0.038462,0.000000,0.146877,75,240,0
92,70,3,0.038462,0.020590,0.146977,75,245,0
92,71,3,0.038462,0.036981,0.158985,75,249,0
92,72,3,0.038462,0.034164,0.145197,75,247,0
92,73,3,0.038462,0.020141,0.144344,75,250,0
92,74,3,0.038462,0.033700,0.153938,75,260,0
92,75,3,0.038462,0.018972,0.186229,75,253,0
92,76,3,0.038462,0.000000,0.147810,75,259,0
92,77,3,0.038462,0.010557,0.158722,75,250,0
92,78,13,0.166667,0.109403,0.241059,65,151,1
93,0,4,0.051282,0.047538,0.133574,74,257,1
93,1,4,0.051282,0.040026,0.146849,74,176,0
93,2,4,0.051282,0.033127,0.150442,74,248,0
93,3,4,0.051282,0.042790,0.141733,74,183,0
93,4,4,0.051282,0.027830,0.155725,74,237,1
93,5,4,0.051282,0.052850,0.153146,74,193,1
93,6,4,0.051282,0.050718,0.155137,74,244,0
93,7,4,0.051282,0.043748,0.135487,74,191,0
93,8,4,0.051282,0.044950,0.148945,74,234,1
93,9,4,0.051282,0.036901,0.161204,74,198,1
93,10,4,0.051282,0.038591,0.144755,74,223,0
93,11,4,0.051282,0.026440,0.150671,74,205,0
93,12,4,0.051282,0.045152,0.137834,74,188,1
93,13,4,0.051282,0.032824,0.146505,74,223,1
93,14,4,0.051282,0.023480,0.138322,74,178,0
93,15,4,0.051282,0.033360,0.142169,74,224,0
93,16,4,0.051282,0.027278,0.132372,74,176,0
93,17,4,0.051282,0.033541,0.141733,74,223,1
93,18,4,0.051282,0.034086,0.130734,74,193,1
93,19,4,0.051282,0.035941,0.141817,74,216,0
93,20,4,0.051282,0.041908,0.144197,74,182,0
93,21,4,0.051282,0.029166,0.110624,74,217,1
93,22,4,0.051282,0.031300,0.140432,74,199,1
93,23,4,0.051282,0.035953,0.125951,74,197,0
93,24,4,0.051282,0.036850,0.151502,74,194,0
93,25,4,0.051282,0.031403,0.127398,74,186,1
93,26,4,0.051282,0.027159,0.100344,74,234,1
93,27,4,0.051282,0.021298,0.109307,74,193,0
93,28,4,0.051282,0.030499,0.112894,74,226,0
93,29,4,0.051282,0.042392,0.120461,74,185,0
93,30,4,0.051282,0.029846,0.121509,74,229,1
93,31,4,0.051282,0.027996,0.114206,74,198,1
93,32,4,0.051282,0.016390,0.108306,74,220,0
93,33,4,0.051282,0.012803,0.108531,74,196,0
93,34,4,0.051282,0.041572,0.150176,74,221,1
93,35,4,0.051282,0.024070,0.116982,74,199,1
93,36,4,0.051282,0.034733,0.113517,74,226,0
93,37,4,0.051282,0.027634,0.109299,74,205,0
93,38,4,0.051282,0.019828,0.130013,74,199,1
93,39,4,0.051282,0.024279,0.107558,74,212,0
93,40,4,0.051282,0.030499,0.100746,74,183,0
93,41,4,0.051282,0.018844,0.084948,74,209,0
93,42,4,0.051282,0.019087,0.108685,74,192,0
93,43,4,0.051282,0.029817,0.093402,74,219,1
93,44,4,0.051282,0.024829,0.114099,74,183,0
93,45,4,0.051282,0.026060,0.103532,74,206,0
93,46,4,0.051282,0.033235,0.104132,74,192,0
93,47,4,0.051282,0.016006,0.082123,74,212,1
93,48,4,0.051282,0.018092,0.095297,74,197,0
93,49,4,0.051282,0.019028,0.123063,74,193,0
93,50,4,0.051282,0.038182,0.100224,74,200,0
93,51,4,0.051282,0.032722,0.086269,74,187,1
93,52,4,0.051282,0.018967,0.065963,74,188,1
93,53,4,0.051282,0.024529,0.081339,74,181,1
93,54,4,0.051282,0.024121,0.080250,74,192,1
93,55,4,0.051282,0.019339,0.075422,74,185,0
93,56,4,0.051282,0.032714,0.100613,74,188,1
93,57,4,0.051282,0.011125,0.072294,74,191,1
93,58,4,0.051282,0.043089,0.099616,74,178,1
93,59,4,0.051282,0.018868,0.069442,74,176,0
93,60,4,0.051282,0.000000,0.103553,74,184,1
93,61,4,0.051282,0.040340,0.108895,74,182,1
93,62,4,0.051282,0.001085,0.094187,74,180,0
93,63,4,0.051282,0.022818,0.083725,74,181,0
93,64,4,0.051282,0.038824,0.110518,74,186,1
93,65,3,0.038462,0.021326,0.149077,75,242,0
93,66,3,0.038462,0.000222,0.148296,75,240,0
93,67,3,0.038462,0.016890,0.140863,75,249,0
93,68,3,0.038462,0.016156,0.156889,75,251,0
93,69,3,0.038462,0.000000,0.143415,75,240,0
93,70,3,0.038462,0.024700,0.172419,75,245,0
93,71,3,0.038462,0.010499,0.156674,75,249,0
93,72,3,0.038462,0.032135,0.137922,75,247,0
93,73,3,0.038462,0.023618,0.146893,75,250,0
93,74,3,0.038462,0.031995,0.149382,75,260,0
93,75,3,0.038462,0.053308,0.184372,75,253,0
93,76,3,0.038462,0.000000,0.144032,75,259,0
93,77,3,0.038462,0.011378,0.129111,75,250,0
93,78,13,0.166667,0.105208,0.242227,65,152,1
94,0,4,0.051282,0.053083,0.134411,74,258,0
94,1,4,0.051282,0.034646,0.148598,74,176,1
94,2,4,0.051282,0.039345,0.154260,74,248,0
94,3,4,0.051282,0.042301,0.132784,74,183,1
94,4,4,0.051282,0.017529,0.152400,74,238,0
94,5,4,0.051282,0.060045,0.166184,74,194,1
94,6,4,0.051282,0.052019,0.157390,74,244,0
94,7,4,0.051282,0.046447,0.131786,74,191,1
94,8,4,0.051282,0.051785,0.143787,74,235,0
94,9,4,0.051282,0.037740,0.167528,74,199,1
94,10,4,0.051282,0.035619,0.144565,74,223,0
94,11,4,0.051282,0.028200,0.157739,74,205,0
94,12,4,0.051282,0.038254,0.132491,74,189,1
94,13,4,0.051282,0.027193,0.136070,74,224,0
94,14,4,0.051282,0.028327,0.145193,74,178,1
94,15,4,0.051282,0.028977,0.148687,74,224,0
94,16,4,0.051282,0.029137,0.129073,74,176,1
94,17,4,0.051282,0.034980,0.132784,74,224,0
94,18,4,0.051282,0.031242,0.136779,74,194,1
94,19,4,0.051282,0.045843,0.155225,74,216,0
94,20,4,0.051282,0.034515,0.133006,74,182,1
94,21,4,0.051282,0.027492,0.118028,74,218,0
94,22,4,0.051282,0.028364,0.138198,74,200,1
94,23,4,0.051282,0.034047,0.130645,74,197,0
94,24,4,0.051282,0.034625,0.141887,74,194,0
94,25,4,0.051282,0.040207,0.127272,74,187,1
94,26,4,0.051282,0.024167,0.104420,74,235,0
94,27,4,0.051282,0.028757,0.107915,74,193,1
94,28,4,0.051282,0.028598,0.117431,74,226,0
94,29,4,0.051282,0.030365,0.126523,74,185,1
94,30,4,0.051282,0.034295,0.112379,74,230,0
94,31,4,0.051282,0.025239,0.114261,74,199,1
94,32,4,0.051282,0.016817,0.113990,74,220,0
94,33,4,0.051282,0.013670,0.112046,74,196,0
94,34,4,0.051282,0.029397,0.132832,74,222,0
94,35,4,0.051282,0.032201,0.124208,74,200,1
94,36,4,0.051282,0.033743,0.118638,74,226,0
94,37,4,0.051282,0.029711,0.108974,74,205,0
94,38,4,0.051282,0.022450,0.127513,74,200,1
94,39,4,0.051282,0.031103,0.116394,74,212,0
94,40,4,0.051282,0.028598,0.097419,74,183,1
94,41,4,0.051282,0.020641,0.085639,74,209,0
94,42,4,0.051282,0.018358,0.101423,74,192,1
94,43,4,0.051282,0.033247,0.092652,74,220,0
94,44,4,0.051282,0.029264,0.105124,74,183,1
94,45,4,0.051282,0.018799,0.096263,74,206,0
94,46,4,0.051282,0.030370,0.100701,74,192,1
94,47,4,0.051282,0.016327,0.081016,74,213,1
94,48,4,0.051282,0.025120,0.096192,74,197,1
94,49,4,0.051282,0.025518,0.119840,74,193,0
94,50,4,0.051282,0.033322,0.090936,74,200,0
94,51,4,0.051282,0.024947,0.106231,74,188,1
94,52,4,0.051282,0.010561,0.058374,74,189,0
94,53,4,0.051282,0.023529,0.089057,74,182,1
94,54,4,0.051282,0.034093,0.088887,74,193,0
94,55,4,0.051282,0.033743,0.078949,74,185,1
94,56,4,0.051282,0.032401,0.095615,74,189,0
94,57,4,0.051282,0.008115,0.084988,74,192,1
94,58,4,0.051282,0.025616,0.106620,74,179,0
94,59,4,0.051282,0.014873,0.069267,74,176,0
94,60,4,0.051282,0.004608,0.105745,74,185,0
94,61,4,0.051282,0.030708,0.100136,74,183,1
94,62,4,0.051282,0.020016,0.098767,74,180,0
94,63,4,0.051282,0.022761,0.081873,74,181,0
94,64,4,0.051282,0.034480,0.091825,74,187,1
94,65,3,0.038462,0.014599,0.162977,75,242,0
94,66,3,0.038462,0.006583,0.150360,75,240,1
94,67,3,0.038462,0.022713,0.137349,75,249,0
94,68,3,0.038462,0.004834,0.148668,75,251,1
94,69,3,0.038462,0.000000,0.154322,75,240,0
94,70,3,0.038462,0.024441,0.165414,75,245,1
94,71,3,0.038462,0.022833,0.144529,75,249,0
94,72,3,0.038462,0.042053,0.142715,75,247,1
94,73,3,0.038462,0.019693,0.143340,75,250,1
94,74,3,0.038462,0.027795,0.151338,75,260,1
94,75,3,0.038462,0.032985,0.170895,75,253,0
94,76,3,0.038462,0.000000,0.144794,75,259,0
94,77,3,0.038462,0.020906,0.148484,75,250,1
94,78,13,0.166667,0.105706,0.239435,65,153,0
95,0,4,0.051282,0.055097,0.144664,74,258,1
95,1,4,0.051282,0.037661,0.138186,74,177,0
95,2,4,0.051282,0.033918,0.147123,74,248,0
95,3,4,0.051282,0.047461,0.137506,74,184,0
95,4,4,0.051282,0.016303,0.149308,74,238,1
95,5,4,0.051282,0.052169,0.157801,74,195,1
95,6,4,0.051282,0.052699,0.146535,74,244,0
95,7,4,0.051282,0.038733,0.140800,74,192,0
95,8,4,0.051282,0.055749,0.141233,74,235,1
95,9,4,0.051282,0.044116,0.169704,74,200,1
95,10,4,0.051282,0.035722,0.140664,74,223,0
95,11,4,0.051282,0.029349,0.160710,74,205,0
95,12,4,0.051282,0.038039,0.139094,74,190,1
95,13,4,0.051282,0.026778,0.123883,74,224,1
95,14,4,0.051282,0.028049,0.152300,74,179,0
95,15,4,0.051282,0.022393,0.139519,74,224,0
95,16,4,0.051282,0.031493,0.127648,74,177,0
95,17,4,0.051282,0.039330,0.137506,74,224,1
95,18,4,0.051282,0.029244,0.129618,74,195,0
95,19,4,0.051282,0.048790,0.153554,74,216,0
95,20,4,0.051282,0.031621,0.133164,74,183,0
95,21,4,0.051282,0.029419,0.123385,74,218,1
95,22,4,0.051282,0.021007,0.129142,74,201,1
95,23,4,0.051282,0.032493,0.136218,74,197,0
95,24,4,0.051282,0.041531,0.148084,74,194,0
95,25,4,0.051282,0.037503,0.121808,74,188,1
95,26,4,0.051282,0.024985,0.114667,74,235,1
95,27,4,0.051282,0.022036,0.094751,74,194,0
95,28,4,0.051282,0.038300,0.115551,74,226,1
95,29,4,0.051282,0.016725,0.119328,74,186,0
95,30,4,0.051282,0.031264,0.103965,74,230,1
95,31,4,0.051282,0.027653,0.114711,74,200,1
95,32,4,0.051282,0.004700,0.099477,74,220,0
95,33,4,0.051282,0.034588,0.116326,74,196,0
95,34,4,0.051282,0.029849,0.134264,74,222,1
95,35,4,0.051282,0.029616,0.123548,74,201,1
95,36,4,0.051282,0.036021,0.116472,74,226,0
95,37,4,0.051282,0.020716,0.109566,74,205,0
95,38,4,0.051282,0.024447,0.135835,74,201,1
95,39,4,0.051282,0.019593,0.089261,74,212,0
95,40,4,0.051282,0.038300,0.105284,74,184,0
95,41,4,0.051282,0.025987,0.083669,74,209,0
95,42,4,0.051282,0.016825,0.090427,74,193,0
95,43,4,0.051282,0.033627,0.100182,74,220,0
95,44,4,0.051282,0.019958,0.104135,74,184,0
95,45,4,0.051282,0.017541,0.103113,74,206,0
95,46,4,0.051282,0.024025,0.101318,74,193,0
95,47,4,0.051282,0.013950,0.103209,74,214,0
95,48,4,0.051282,0.029268,0.086906,74,198,0
95,49,4,0.051282,0.024724,0.116107,74,193,0
95,50,4,0.051282,0.037087,0.098055,74,200,0
95,51,4,0.051282,0.028694,0.106317,74,189,0
95,52,4,0.051282,0.007278,0.062120,74,189,1
95,53,4,0.051282,0.019727,0.076107,74,183,1
95,54,4,0.051282,0.034721,0.092702,74,193,1
95,55,4,0.051282,0.030773,0.068624,74,186,1
95,56,4,0.051282,0.026900,0.075022,74,189,1
95,57,4,0.051282,0.014254,0.089513,74,193,1
95,58,4,0.051282,0.026414,0.102313,74,179,1
95,59,4,0.051282,0.018096,0.077109,74,176,1
95,60,4,0.051282,0.013306,0.107552,74,185,1
95,61,4,0.051282,0.031590,0.105402,74,184,1
95,62,4,0.051282,0.019771,0.104424,74,180,1
95,63,4,0.051282,0.029809,0.093229,74,181,1
95,64,4,0.051282,0.030453,0.106582,74,188,1
95,65,3,0.038462,0.015403,0.157020,75,242,0
95,66,3,0.038462,0.006766,0.148520,75,241,0
95,67,3,0.038462,0.015124,0.140501,75,249,0
95,68,3,0.038462,0.000228,0.140699,75,252,0
95,69,3,0.038462,0.000000,0.155390,75,240,0
95,70,3,0.038462,0.027678,0.167655,75,246,0
95,71,3,0.038462,0.030862,0.152364,75,249,0
95,72,3,0.038462,0.033943,0.146726,75,248,0
95,73,3,0.038462,0.029531,0.154425,75,251,0
95,74,3,0.038462,0.025409,0.152705,75,261,0
95,75,3,0.038462,0.032275,0.168564,75,253,0
95,76,3,0.038462,0.012496,0.150279,75,259,0
95,77,3,0.038462,0.021053,0.156100,75,251,0
95,78,13,0.166667,0.106520,0.250769,65,153,1
96,0,4,0.051282,0.043116,0.135721,74,259,0
96,1,4,0.051282,0.038918,0.140071,74,177,1
96,2,4,0.051282,0.036198,0.136664,74,248,0
96,3,4,0.051282,0.037988,0.131282,74,184,1
96,4,4,0.051282,0.024853,0.141229,74,239,0
96,5,4,0.051282,0.050608,0.144064,74,196,1
96,6,4,0.051282,0.043667,0.145900,74,244,0
96,7,4,0.051282,0.034625,0.128077,74,192,0
96,8,4,0.051282,0.040358,0.139160,74,236,1
96,9,4,0.051282,0.029341,0.155144,74,201,1
96,10,4,0.051282,0.036309,0.145728,74,223,0
96,11,4,0.051282,0.033020,0.152443,74,205,0
96,12,4,0.051282,0.062655,0.155577,74,191,1
96,13,4,0.051282,0.031074,0.134411,74,225,0
96,14,4,0.051282,0.016116,0.140849,74,179,0
96,15,4,0.051282,0.029683,0.141201,74,224,0
96,16,4,0.051282,0.042699,0.129988,74,177,0
96,17,4,0.051282,0.032239,0.131282,74,225,0
96,18,4,0.051282,0.031022,0.132620,74,195,0
96,19,4,0.051282,0.034516,0.140946,74,216,0
96,20,4,0.051282,0.025918,0.125272,74,183,0
96,21,4,0.051282,0.030627,0.128344,74,219,0
96,22,4,0.051282,0.034930,0.135876,74,202,0
96,23,4,0.051282,0.040651,0.157461,74,197,0
96,24,4,0.051282,0.045597,0.156558,74,194,0
96,25,4,0.051282,0.018802,0.127759,74,189,0
96,26,4,0.051282,0.032574,0.107109,74,236,1
96,27,4,0.051282,0.033212,0.107869,74,194,1
96,28,4,0.051282,0.028962,0.108061,74,227,1
96,29,4,0.051282,0.024293,0.125929,74,186,1
96,30,4,0.051282,0.029446,0.120951,74,231,1
96,31,4,0.051282,0.018463,0.102257,74,201,1
96,32,4,0.051282,0.023793,0.116900,74,220,1
96,33,4,0.051282,0.034377,0.121405,74,196,1
96,34,4,0.051282,0.030615,0.131576,74,223,1
96,35,4,0.051282,0.042535,0.128014,74,202,1
96,36,4,0.051282,0.032107,0.100330,74,226,1
96,37,4,0.051282,0.026322,0.103362,74,205,1
96,38,4,0.051282,0.022930,0.144809,74,202,1
96,39,4,0.051282,0.030398,0.107142,74,212,0
96,40,4,0.051282,0.028962,0.103975,74,184,0
96,41,4,0.051282,0.016713,0.093570,74,209,0
96,42,4,0.051282,0.019331,0.111202,74,193,0
96,43,4,0.051282,0.032216,0.105448,74,220,0
96,44,4,0.051282,0.031960,0.090979,74,184,0
96,45,4,0.051282,0.021344,0.102723,74,206,0
96,46,4,0.051282,0.033003,0.112603,74,193,0
96,47,4,0.051282,0.026322,0.099998,74,214,0
96,48,4,0.051282,0.018988,0.091581,74,198,0
96,49,4,0.051282,0.031502,0.107245,74,193,0
96,50,4,0.051282,0.027058,0.104571,74,200,0
96,51,4,0.051282,0.027610,0.099859,74,189,0
96,52,4,0.051282,0.023170,0.075538,74,190,1
96,53,4,0.051282,0.017455,0.080575,74,184,1
96,54,4,0.051282,0.019269,0.071619,74,194,1
96,55,4,0.051282,0.032183,0.099088,74,187,1
96,56,4,0.051282,0.026012,0.114163,74,190,1
96,57,4,0.051282,0.024441,0.086079,74,194,1
96,58,4,0.051282,0.018955,0.095669,74,180,1
96,59,4,0.051282,0.014595,0.090874,74,177,1
96,60,4,0.051282,0.026530,0.098149,74,186,1
96,61,4,0.051282,0.017284,0.107480,74,185,1
96,62,4,0.051282,0.016726,0.090852,74,181,1
96,63,4,0.051282,0.024704,0.080293,74,182,1
96,64,4,0.051282,0.024496,0.081869,74,189,1
96,65,3,0.038462,0.020269,0.159690,75,242,0
96,66,3,0.038462,0.000000,0.152491,75,241,0
96,67,3,0.038462,0.013195,0.151948,75,249,0
96,68,3,0.038462,0.027245,0.159234,75,252,0
96,69,3,0.038462,0.016204,0.156831,75,240,0
96,70,3,0.038462,0.010696,0.148276,75,246,0
96,71,3,0.038462,0.034827,0.151777,75,249,0
96,72,3,0.038462,0.034585,0.162594,75,248,0
96,73,3,0.038462,0.016131,0.149352,75,251,0
96,74,3,0.038462,0.034024,0.145734,75,261,0
96,75,3,0.038462,0.019806,0.151833,75,253,0
96,76,3,0.038462,0.003503,0.161078,75,259,0
96,77,3,0.038462,0.010230,0.151483,75,251,0
96,78,13,0.166667,0.110053,0.240714,65,154,1
97,0,4,0.051282,0.058988,0.145287,74,259,0
97,1,4,0.051282,0.031841,0.138643,74,178,0
97,2,4,0.051282,0.035973,0.138131,74,248,1
97,3,4,0.051282,0.051702,0.138032,74,185,1
97,4,4,0.051282,0.018141,0.154384,74,239,0
97,5,4,0.051282,0.038129,0.160343,74,197,0
97,6,4,0.051282,0.063602,0.154132,74,244,1
97,7,4,0.051282,0.037956,0.139735,74,192,1
97,8,4,0.051282,0.046073,0.147333,74,237,0
97,9,4,0.051282,0.043306,0.161082,74,202,0
97,10,4,0.051282,0.026231,0.135462,74,223,1
97,11,4,0.051282,0.046073,0.142341,74,205,1
97,12,4,0.051282,0.037956,0.144716,74,192,0
97,13,4,0.051282,0.018051,0.137393,74,225,0
97,14,4,0.051282,0.024020,0.152572,74,179,0
97,15,4,0.051282,0.025631,0.122436,74,224,1
97,16,4,0.051282,0.037723,0.137169,74,177,1
97,17,4,0.051282,0.042852,0.138032,74,225,0
97,18,4,0.051282,0.044141,0.135770,74,195,0
97,19,4,0.051282,0.035138,0.133524,74,216,1
97,20,4,0.051282,0.027003,0.126518,74,183,1
97,21,4,0.051282,0.032668,0.132430,74,219,0
97,22,4,0.051282,0.028557,0.128940,74,202,0
97,23,4,0.051282,0.036112,0.145973,74,197,1
97,24,4,0.051282,0.036300,0.145252,74,194,1
97,25,4,0.051282,0.025644,0.128035,74,189,0
97,26,4,0.051282,0.026270,0.112722,74,237,0
97,27,4,0.051282,0.032398,0.090223,74,195,0
97,28,4,0.051282,0.031341,0.116644,74,228,0
97,29,4,0.051282,0.021452,0.115745,74,187,0
97,30,4,0.051282,0.033770,0.121234,74,232,0
97,31,4,0.051282,0.020068,0.104228,74,202,0
97,32,4,0.051282,0.004854,0.111061,74,221,0
97,33,4,0.051282,0.026923,0.124887,74,197,0
97,34,4,0.051282,0.028533,0.125607,74,224,0
97,35,4,0.051282,0.032022,0.129598,74,203,0
97,36,4,0.051282,0.034253,0.108419,74,227,0
97,37,4,0.051282,0.021478,0.112786,74,206,0
97,38,4,0.051282,0.032689,0.132321,74,203,0
97,39,4,0.051282,0.026954,0.088465,74,212,1
97,40,4,0.051282,0.031341,0.099546,74,184,1
97,41,4,0.051282,0.019588,0.098116,74,209,1
97,42,4,0.051282,0.019638,0.107866,74,193,1
97,43,4,0.051282,0.027888,0.087987,74,220,1
97,44,4,0.051282,0.017142,0.069022,74,184,1
97,45,4,0.051282,0.023872,0.107274,74,206,1
97,46,4,0.051282,0.036871,0.110641,74,193,1
97,47,4,0.051282,0.021478,0.090106,74,214,1
97,48,4,0.051282,0.021222,0.085898,74,198,1
97,49,4,0.051282,0.034477,0.115649,74,193,1
97,50,4,0.051282,0.025433,0.109738,74,200,1
97,51,4,0.051282,0.032996,0.111280,74,189,1
97,52,4,0.051282,0.021829,0.073339,74,191,0
97,53,4,0.051282,0.015229,0.080965,74,185,0
97,54,4,0.051282,0.020106,0.066801,74,195,0
97,55,4,0.051282,0.019386,0.083020,74,188,0
97,56,4,0.051282,0.025997,0.106654,74,191,0
97,57,4,0.051282,0.030422,0.093789,74,195,0
97,58,4,0.051282,0.012720,0.083576,74,181,0
97,59,4,0.051282,0.020226,0.076562,74,178,0
97,60,4,0.051282,0.022341,0.110489,74,187,0
97,61,4,0.051282,0.024763,0.106548,74,186,0
97,62,4,0.051282,0.034070,0.102797,74,182,0
97,63,4,0.051282,0.021478,0.095849,74,183,0
97,64,4,0.051282,0.026175,0.091932,74,190,0
97,65,3,0.038462,0.020673,0.144814,75,242,1
97,66,3,0.038462,0.000000,0.152134,75,241,0
97,67,3,0.038462,0.013751,0.155850,75,249,1
97,68,3,0.038462,0.022360,0.158025,75,252,1
97,69,3,0.038462,0.007506,0.149812,75,240,1
97,70,3,0.038462,0.018318,0.143026,75,246,1
97,71,3,0.038462,0.036578,0.165383,75,249,1
97,72,3,0.038462,0.027785,0.158537,75,248,1
97,73,3,0.038462,0.019690,0.151904,75,251,1
97,74,3,0.038462,0.026895,0.156990,75,261,1
97,75,3,0.038462,0.011621,0.161137,75,253,1
97,76,3,0.038462,0.020401,0.158715,75,259,1
97,77,3,0.038462,0.021685,0.165748,75,251,1
97,78,13,0.166667,0.110199,0.247262,65,155,0
98,0,4,0.051282,0.042213,0.136179,74,259,0
98,1,4,0.051282,0.037741,0.149880,74,178,1
98,2,4,0.051282,0.040728,0.157635,74,249,0
98,3,4,0.051282,0.034040,0.130491,74,186,1
98,4,4,0.051282,0.029300,0.144377,74,239,0
98,5,4,0.051282,0.046828,0.151568,74,197,1
98,6,4,0.051282,0.051209,0.169229,74,245,0
98,7,4,0.051282,0.042268,0.134478,74,193,1
98,8,4,0.051282,0.046523,0.152245,74,237,0
98,9,4,0.051282,0.037064,0.149579,74,202,0
98,10,4,0.051282,0.034492,0.148803,74,224,1
98,11,4,0.051282,0.046523,0.157701,74,206,1
98,12,4,0.051282,0.042268,0.146553,74,192,0
98,13,4,0.051282,0.038733,0.126381,74,225,0
98,14,4,0.051282,0.026699,0.144352,74,179,1
98,15,4,0.051282,0.028208,0.131676,74,225,0
98,16,4,0.051282,0.037699,0.131924,74,178,1
98,17,4,0.051282,0.020245,0.130491,74,225,0
98,18,4,0.051282,0.046367,0.144924,74,195,1
98,19,4,0.051282,0.031424,0.124946,74,217,0
98,20,4,0.051282,0.030370,0.132129,74,184,1
98,21,4,0.051282,0.038409,0.150157,74,219,0
98,22,4,0.051282,0.038970,0.136325,74,202,0
98,23,4,0.051282,0.032454,0.138709,74,198,1
98,24,4,0.051282,0.033083,0.147039,74,195,1
98,25,4,0.051282,0.030501,0.143598,74,189,0
98,26,4,0.051282,0.027586,0.117303,74,237,0
98,27,4,0.051282,0.030662,0.105648,74,195,1
98,28,4,0.051282,0.033826,0.128237,74,228,0
98,29,4,0.051282,0.023937,0.126986,74,187,1
98,30,4,0.051282,0.032825,0.114461,74,232,0
98,31,4,0.051282,0.016444,0.091480,74,202,0
98,32,4,0.051282,0.019162,0.126149,74,221,0
98,33,4,0.051282,0.030246,0.122736,74,197,1
98,34,4,0.051282,0.023481,0.113214,74,224,0
98,35,4,0.051282,0.024610,0.116960,74,203,0
98,36,4,0.051282,0.031462,0.114576,74,227,1
98,37,4,0.051282,0.031120,0.116332,74,206,1
98,38,4,0.051282,0.034767,0.122218,74,203,0
98,39,4,0.051282,0.025709,0.106392,74,213,0
98,40,4,0.051282,0.033826,0.106888,74,185,1
98,41,4,0.051282,0.012999,0.082669,74,210,0
98,42,4,0.051282,0.019080,0.106288,74,194,1
98,43,4,0.051282,0.042299,0.108962,74,221,0
98,44,4,0.051282,0.021346,0.091402,74,185,1
98,45,4,0.051282,0.018849,0.080677,74,207,1
98,46,4,0.051282,0.027312,0.102810,74,194,1
98,47,4,0.051282,0.021783,0.099364,74,215,0
98,48,4,0.051282,0.019466,0.092056,74,199,0
98,49,4,0.051282,0.034232,0.100809,74,194,1
98,50,4,0.051282,0.022449,0.105813,74,201,1
98,51,4,0.051282,0.025639,0.110065,74,190,0
98,52,4,0.051282,0.022795,0.078679,74,191,0
98,53,4,0.051282,0.013228,0.062853,74,185,0
98,54,4,0.051282,0.022682,0.078388,74,195,0
98,55,4,0.051282,0.038565,0.097929,74,188,1
98,56,4,0.051282,0.023083,0.094714,74,191,0
98,57,4,0.051282,0.022335,0.089068,74,195,0
98,58,4,0.051282,0.015732,0.095589,74,181,0
98,59,4,0.051282,0.016215,0.107476,74,178,1
98,60,4,0.051282,0.023422,0.081646,74,187,0
98,61,4,0.051282,0.017289,0.114957,74,186,0
98,62,4,0.051282,0.025700,0.086003,74,182,0
98,63,4,0.051282,0.021783,0.069740,74,183,1
98,64,4,0.051282,0.024143,0.076636,74,190,0
98,65,3,0.038462,0.008845,0.160230,75,243,0
98,66,3,0.038462,0.009337,0.153914,75,241,1
98,67,3,0.038462,0.015301,0.144000,75,250,1
98,68,3,0.038462,0.016437,0.154315,75,253,1
98,69,3,0.038462,0.021076,0.163217,75,241,0
98,70,3,0.038462,0.013880,0.146851,75,247,1
98,71,3,0.038462,0.041919,0.148061,75,250,1
98,72,3,0.038462,0.031885,0.154942,75,249,1
98,73,3,0.038462,0.022318,0.146435,75,252,0
98,74,3,0.038462,0.040897,0.149869,75,262,1
98,75,3,0.038462,0.019955,0.149869,75,254,1
98,76,3,0.038462,0.000000,0.156002,75,260,0
98,77,3,0.038462,0.000000,0.155920,75,252,0
98,78,13,0.166667,0.108437,0.241850,65,155,0
99,0,4,0.051282,0.047177,0.138066,74,259,1
99,1,4,0.051282,0.043897,0.139115,74,179,0
99,2,4,0.051282,0.035898,0.157064,74,249,1
99,3,4,0.051282,0.039057,0.140593,74,187,0
99,4,4,0.051282,0.030649,0.131533,74,239,1
99,5,4,0.051282,0.035231,0.158392,74,198,0
99,6,4,0.051282,0.067075,0.156472,74,245,1
99,7,4,0.051282,0.037727,0.139786,74,194,0
99,8,4,0.051282,0.042047,0.140388,74,237,1
99,9,4,0.051282,0.050989,0.170184,74,202,0
99,10,4,0.051282,0.026101,0.142823,74,225,0
99,11,4,0.051282,0.042047,0.155460,74,207,0
99,12,4,0.051282,0.037727,0.144820,74,192,0
99,13,4,0.051282,0.035753,0.136739,74,225,1
99,14,4,0.051282,0.026181,0.146186,74,180,0
99,15,4,0.051282,0.020287,0.127719,74,225,1
99,16,4,0.051282,0.028931,0.133746,74,179,0
99,17,4,0.051282,0.027013,0.140593,74,225,1
99,18,4,0.051282,0.051755,0.145742,74,196,0
99,19,4,0.051282,0.035132,0.125982,74,217,1
99,20,4,0.051282,0.025817,0.132268,74,185,0
99,21,4,0.051282,0.040076,0.144488,74,219,1
99,22,4,0.051282,0.018497,0.126498,74,202,0
99,23,4,0.051282,0.041876,0.141498,74,199,1
99,24,4,0.051282,0.034796,0.146695,74,196,0
99,25,4,0.051282,0.035610,0.126114,74,189,1
99,26,4,0.051282,0.026024,0.111171,74,237,0
99,27,4,0.051282,0.024365,0.106292,74,196,0
99,28,4,0.051282,0.037087,0.134189,74,228,0
99,29,4,0.051282,0.029420,0.125384,74,188,0
99,30,4,0.051282,0.029895,0.104889,74,232,0
99,31,4,0.051282,0.024226,0.091338,74,202,0
99,32,4,0.051282,0.005682,0.118416,74,221,0
99,33,4,0.051282,0.034389,0.122645,74,198,0
99,34,4,0.051282,0.029676,0.117476,74,224,0
99,35,4,0.051282,0.015537,0.120384,74,203,0
99,36,4,0.051282,0.027640,0.105384,74,228,0
99,37,4,0.051282,0.030325,0.115269,74,207,0
99,38,4,0.051282,0.037245,0.135709,74,203,0
99,39,4,0.051282,0.024365,0.102436,74,213,1
99,40,4,0.051282,0.037087,0.107194,74,186,1
99,41,4,0.051282,0.025886,0.083244,74,210,1
99,42,4,0.051282,0.018972,0.096769,74,195,1
99,43,4,0.051282,0.038252,0.113686,74,221,1
99,44,4,0.051282,0.019166,0.095803,74,186,1
99,45,4,0.051282,0.010033,0.087306,74,208,1
99,46,4,0.051282,0.031169,0.097893,74,195,1
99,47,4,0.051282,0.017303,0.095984,74,215,1
99,48,4,0.051282,0.028998,0.085301,74,199,1
99,49,4,0.051282,0.033344,0.104761,74,195,1
99,50,4,0.051282,0.025694,0.108447,74,202,1
99,51,4,0.051282,0.022280,0.100591,74,190,1
99,52,4,0.051282,0.017706,0.077525,74,191,0
99,53,4,0.051282,0.012740,0.069580,74,185,0
99,54,4,0.051282,0.026377,0.086533,74,195,0
99,55,4,0.051282,0.035911,0.085350,74,189,0
99,56,4,0.051282,0.023144,0.090849,74,191,0
99,57,4,0.051282,0.021913,0.086001,74,195,0
99,58,4,0.051282,0.026657,0.101102,74,181,0
99,59,4,0.051282,0.013966,0.099493,74,179,0
99,60,4,0.051282,0.015178,0.100720,74,187,0
99,61,4,0.051282,0.025631,0.095179,74,186,0
99,62,4,0.051282,0.025323,0.099355,74,182,0
99,63,4,0.051282,0.017303,0.073185,74,184,0
99,64,4,0.051282,0.026348,0.091681,74,190,0
99,65,3,0.038462,0.000000,0.159995,75,243,0
99,66,3,0.038462,0.013022,0.155427,75,242,1
99,67,3,0.038462,0.019328,0.145997,75,251,1
99,68,3,0.038462,0.008445,0.152193,75,254,1
99,69,3,0.038462,0.022733,0.161221,75,241,1
99,70,3,0.038462,0.017257,0.164377,75,248,1
99,71,3,0.038462,0.030754,0.158888,75,251,1
99,72,3,0.038462,0.032264,0.149665,75,250,1
99,73,3,0.038462,0.021205,0.142613,75,252,1
99,74,3,0.038462,0.035681,0.163323,75,263,1
99,75,3,0.038462,0.021049,0.163323,75,255,1
99,76,3,0.038462,0.011594,0.152870,75,260,1
99,77,3,0.038462,0.012396,0.153969,75,252,1
99,78,13,0.166667,0.111343,0.245728,65,155,0
100,0,4,0.051282,0.047386,0.138026,74,260,0
100,1,4,0.051282,0.043089,0.136677,74,179,1
100,2,4,0.051282,0.033477,0.156998,74,250,0
100,3,4,0.051282,0.039499,0.142496,74,187,1
100,4,4,0.051282,0.033272,0.133847,74,240,0
100,5,4,0.051282,0.034045,0.152763,74,198,1
100,6,4,0.051282,0.064491,0.154651,74,246,0
100,7,4,0.051282,0.040132,0.141699,74,194,1
100,8,4,0.051282,0.041266,0.149731,74,238,0
100,9,4,0.051282,0.048503,0.160915,74,202,1
100,10,4,0.051282,0.026643,0.143520,74,225,0
100,11,4,0.051282,0.041266,0.152503,74,207,1
100,12,4,0.051282,0.040132,0.146369,74,192,0
100,13,4,0.051282,0.032514,0.135239,74,226,0
100,14,4,0.051282,0.029380,0.145913,74,180,1
100,15,4,0.051282,0.023299,0.124336,74,226,0
100,16,4,0.051282,0.026058,0.136892,74,179,1
100,17,4,0.051282,0.029325,0.142496,74,226,0
100,18,4,0.051282,0.050485,0.141742,74,196,1
100,19,4,0.051282,0.031496,0.120821,74,218,0
100,20,4,0.051282,0.028158,0.135527,74,185,1
100,21,4,0.051282,0.037838,0.144945,74,220,0
100,22,4,0.051282,0.021618,0.127567,74,202,1
100,23,4,0.051282,0.038285,0.140725,74,200,0
100,24,4,0.051282,0.040175,0.152160,74,196,1
100,25,4,0.051282,0.033267,0.127574,74,190,0
100,26,4,0.051282,0.028182,0.114813,74,237,0
100,27,4,0.051282,0.023194,0.106019,74,196,1
100,28,4,0.051282,0.036867,0.136678,74,228,0
100,29,4,0.051282,0.029457,0.120989,74,188,1
100,30,4,0.051282,0.028052,0.106123,74,232,0
100,31,4,0.051282,0.024008,0.094121,74,202,1
100,32,4,0.051282,0.006907,0.121441,74,221,0
100,33,4,0.051282,0.033408,0.122175,74,198,1
100,34,4,0.051282,0.032938,0.118431,74,224,0
100,35,4,0.051282,0.014265,0.118489,74,203,0
100,36,4,0.051282,0.029526,0.105332,74,228,0
100,37,4,0.051282,0.030139,0.111216,74,207,1
100,38,4,0.051282,0.037825,0.135553,74,203,0
100,39,4,0.051282,0.023194,0.098618,74,214,0
100,40,4,0.051282,0.036867,0.109136,74,187,1
100,41,4,0.051282,0.027012,0.082207,74,211,0
100,42,4,0.051282,0.022508,0.095727,74,196,1
100,43,4,0.051282,0.035956,0.112310,74,222,0
100,44,4,0.051282,0.019947,0.099373,74,187,1
100,45,4,0.051282,0.012314,0.091089,74,209,0
100,46,4,0.051282,0.029399,0.098903,74,196,1
100,47,4,0.051282,0.019057,0.095787,74,216,0
100,48,4,0.051282,0.029392,0.087314,74,200,1
100,49,4,0.051282,0.036394,0.102971,74,196,1
100,50,4,0.051282,0.020699,0.110735,74,203,1
100,51,4,0.051282,0.021055,0.099905,74,191,0
100,52,4,0.051282,0.018186,0.078743,74,191,0
100,53,4,0.051282,0.009705,0.090598,74,185,0
100,54,4,0.051282,0.025901,0.084145,74,195,0
100,55,4,0.051282,0.036263,0.084266,74,189,1
100,56,4,0.051282,0.021306,0.091151,74,191,0
100,57,4,0.051282,0.025300,0.086032,74,195,0
100,58,4,0.051282,0.029699,0.099532,74,181,0
100,59,4,0.051282,0.013182,0.076597,74,179,0
100,60,4,0.051282,0.016607,0.093825,74,187,0
100,61,4,0.051282,0.027516,0.102247,74,186,0
100,62,4,0.051282,0.021183,0.099898,74,182,0
100,63,4,0.051282,0.019057,0.076105,74,184,0
100,64,4,0.051282,0.023366,0.093069,74,190,0
100,65,3,0.038462,0.024019,0.157396,75,243,0
100,66,3,0.038462,0.011083,0.155515,75,243,1
100,67,3,0.038462,0.016373,0.146433,75,252,1
100,68,3,0.038462,0.008285,0.150921,75,255,1
100,69,3,0.038462,0.001098,0.160874,75,242,0
100,70,3,0.038462,0.016248,0.167028,75,249,1
100,71,3,0.038462,0.030332,0.164244,75,252,1
100,72,3,0.038462,0.030959,0.149341,75,251,1
100,73,3,0.038462,0.020487,0.143667,75,253,1
100,74,3,0.038462,0.033945,0.162310,75,264,1
100,75,3,0.038462,0.023207,0.162310,75,256,1
100,76,3,0.038462,0.012769,0.151401,75,261,1
100,77,3,0.038462,0.015507,0.151668,75,253,1
100,78,13,0.166667,0.111428,0.244310,65,155,0
101,0,4,0.051282,0.037332,0.135059,74,260,1
101,1,4,0.051282,0.053484,0.152876,74,180,0
101,2,4,0.051282,0.049413,0.172145,74,250,1
101,3,4,0.051282,0.028475,0.139501,74,188,0
101,4,4,0.051282,0.035667,0.127581,74,240,1
101,5,4,0.051282,0.044273,0.158378,74,199,0
101,6,4,0.051282,0.049235,0.154940,74,246,1
101,7,4,0.051282,0.039249,0.134752,74,195,0
101,8,4,0.051282,0.043459,0.148060,74,238,1
101,9,4,0.051282,0.038454,0.159965,74,203,0
101,10,4,0.051282,0.032287,0.139628,74,225,0
101,11,4,0.051282,0.043459,0.155812,74,208,0
101,12,4,0.051282,0.039249,0.143888,74,192,1
101,13,4,0.051282,0.047588,0.141704,74,226,1
101,14,4,0.051282,0.027708,0.143916,74,181,0
101,15,4,0.051282,0.018543,0.136048,74,226,1
101,16,4,0.051282,0.025393,0.130848,74,180,0
101,17,4,0.051282,0.018914,0.139501,74,226,1
101,18,4,0.051282,0.046680,0.143253,74,197,0
101,19,4,0.051282,0.041187,0.132241,74,218,1
101,20,4,0.051282,0.034465,0.139202,74,186,0
101,21,4,0.051282,0.036712,0.136392,74,220,1
101,22,4,0.051282,0.025533,0.124271,74,203,0
101,23,4,0.051282,0.037256,0.134426,74,200,0
101,24,4,0.051282,0.030886,0.139219,74,197,0
101,25,4,0.051282,0.036392,0.130788,74,190,1
101,26,4,0.051282,0.025356,0.111032,74,237,1
101,27,4,0.051282,0.016571,0.103600,74,197,0
101,28,4,0.051282,0.031816,0.117504,74,228,1
101,29,4,0.051282,0.043174,0.125191,74,189,0
101,30,4,0.051282,0.032494,0.113897,74,232,1
101,31,4,0.051282,0.021720,0.097809,74,203,0
101,32,4,0.051282,0.012789,0.113822,74,221,0
101,33,4,0.051282,0.028603,0.120232,74,199,0
101,34,4,0.051282,0.027582,0.122282,74,224,1
101,35,4,0.051282,0.027794,0.126251,74,203,0
101,36,4,0.051282,0.029961,0.116096,74,228,0
101,37,4,0.051282,0.025081,0.119455,74,208,0
101,38,4,0.051282,0.028929,0.127776,74,203,1
101,39,4,0.051282,0.016571,0.097443,74,214,1
101,40,4,0.051282,0.031816,0.100088,74,188,0
101,41,4,0.051282,0.020898,0.075172,74,211,1
101,42,4,0.051282,0.026115,0.105040,74,197,0
101,43,4,0.051282,0.042118,0.122575,74,222,1
101,44,4,0.051282,0.011301,0.080599,74,188,0
101,45,4,0.051282,0.017181,0.094554,74,209,1
101,46,4,0.051282,0.027924,0.102796,74,197,0
101,47,4,0.051282,0.022488,0.097164,74,216,1
101,48,4,0.051282,0.030308,0.090793,74,201,1
101,49,4,0.051282,0.030627,0.104766,74,197,0
101,50,4,0.051282,0.029007,0.108950,74,204,0
101,51,4,0.051282,0.023863,0.107578,74,191,1
101,52,4,0.051282,0.024918,0.081041,74,191,1
101,53,4,0.051282,0.007892,0.067588,74,185,0
101,54,4,0.051282,0.017999,0.059418,74,195,1
101,55,4,0.051282,0.029805,0.091328,74,190,0
101,56,4,0.051282,0.022273,0.101119,74,191,1
101,57,4,0.051282,0.028989,0.083164,74,195,0
101,58,4,0.051282,0.017995,0.094973,74,181,0
101,59,4,0.051282,0.020992,0.093593,74,179,0
101,60,4,0.051282,0.020448,0.096766,74,187,1
101,61,4,0.051282,0.016052,0.104834,74,186,0
101,62,4,0.051282,0.030048,0.103912,74,182,0
101,63,4,0.051282,0.022488,0.077228,74,184,0
101,64,4,0.051282,0.031992,0.090524,74,190,1
101,65,3,0.038462,0.024442,0.146545,75,243,1
101,66,3,0.038462,0.002592,0.151764,75,244,0
101,67,3,0.038462,0.005677,0.145728,75,253,1
101,68,3,0.038462,0.020517,0.156038,75,256,0
101,69,3,0.038462,0.008196,0.159644,75,242,1
101,70,3,0.038462,0.013709,0.144841,75,250,0
101,71,3,0.038462,0.039409,0.153887,75,253,1
101,72,3,0.038462,0.026563,0.151567,75,252,0
101,73,3,0.038462,0.020791,0.152327,75,254,1
101,74,3,0.038462,0.039655,0.156890,75,265,1
101,75,3,0.038462,0.017617,0.156890,75,257,0
101,76,3,0.038462,0.013273,0.161286,75,262,0
101,77,3,0.038462,0.010086,0.161383,75,254,1
101,78,13,0.166667,0.108847,0.242528,65,155,0
102,0,4,0.051282,0.042394,0.142678,74,261,0
102,1,4,0.051282,0.029058,0.138147,74,180,1
102,2,4,0.051282,0.043342,0.161884,74,251,0
102,3,4,0.051282,0.035024,0.133291,74,188,1
102,4,4,0.051282,0.039003,0.144438,74,241,0
102,5,4,0.051282,0.050091,0.142831,74,199,1
102,6,4,0.051282,0.037209,0.155351,74,247,0
102,7,4,0.051282,0.047272,0.150209,74,195,1
102,8,4,0.051282,0.046876,0.154734,74,239,0
102,9,4,0.051282,0.030880,0.138535,74,203,0
102,10,4,0.051282,0.030377,0.135920,74,225,0
102,11,4,0.051282,0.046876,0.154325,74,208,1
102,12,4,0.051282,0.047272,0.147558,74,193,0
102,13,4,0.051282,0.024717,0.120414,74,227,0
102,14,4,0.051282,0.043098,0.150047,74,181,1
102,15,4,0.051282,0.027694,0.123532,74,227,0
102,16,4,0.051282,0.035497,0.143074,74,180,1
102,17,4,0.051282,0.027177,0.133291,74,227,0
102,18,4,0.051282,0.039636,0.133988,74,197,1
102,19,4,0.051282,0.034585,0.118080,74,219,0
102,20,4,0.051282,0.026644,0.144689,74,186,1
102,21,4,0.051282,0.037153,0.148778,74,221,0
102,22,4,0.051282,0.034744,0.120754,74,203,1
102,23,4,0.051282,0.036363,0.137094,74,200,1
102,24,4,0.051282,0.033942,0.160821,74,197,1
102,25,4,0.051282,0.023024,0.138535,74,191,0
102,26,4,0.051282,0.033026,0.128975,74,238,0
102,27,4,0.051282,0.029701,0.100299,74,197,0
102,28,4,0.051282,0.031285,0.130906,74,229,0
102,29,4,0.051282,0.026631,0.107104,74,189,0
102,30,4,0.051282,0.028651,0.116859,74,233,0
102,31,4,0.051282,0.014682,0.106565,74,203,0
102,32,4,0.051282,0.022151,0.116634,74,221,0
102,33,4,0.051282,0.024363,0.109554,74,199,0
102,34,4,0.051282,0.030159,0.119396,74,225,0
102,35,4,0.051282,0.022428,0.126936,74,203,0
102,36,4,0.051282,0.031016,0.110595,74,228,0
102,37,4,0.051282,0.030266,0.107352,74,208,0
102,38,4,0.051282,0.036515,0.123380,74,204,0
102,39,4,0.051282,0.029701,0.100004,74,215,1
102,40,4,0.051282,0.031285,0.107026,74,188,1
102,41,4,0.051282,0.018187,0.083005,74,212,1
102,42,4,0.051282,0.019095,0.116466,74,197,1
102,43,4,0.051282,0.025508,0.098473,74,223,1
102,44,4,0.051282,0.016887,0.097579,74,188,1
102,45,4,0.051282,0.026099,0.098291,74,210,1
102,46,4,0.051282,0.035623,0.105429,74,197,1
102,47,4,0.051282,0.019715,0.087317,74,217,1
102,48,4,0.051282,0.025367,0.101374,74,202,1
102,49,4,0.051282,0.029888,0.107149,74,197,1
102,50,4,0.051282,0.023187,0.104283,74,204,1
102,51,4,0.051282,0.027460,0.094839,74,192,1
102,52,4,0.051282,0.031117,0.081865,74,192,0
102,53,4,0.051282,0.010985,0.068832,74,185,0
102,54,4,0.051282,0.011598,0.066396,74,196,0
102,55,4,0.051282,0.032686,0.095355,74,190,0
102,56,4,0.051282,0.023671,0.103248,74,192,0
102,57,4,0.051282,0.027637,0.071923,74,195,0
102,58,4,0.051282,0.032544,0.079256,74,181,0
102,59,4,0.051282,0.014793,0.092881,74,179,0
102,60,4,0.051282,0.022948,0.100505,74,188,0
102,61,4,0.051282,0.033544,0.112674,74,186,0
102,62,4,0.051282,0.015662,0.094407,74,182,0
102,63,4,0.051282,0.017895,0.083948,74,184,0
102,64,4,0.051282,0.014662,0.100159,74,191,0
102,65,3,0.038462,0.017009,0.153853,75,244,1
102,66,3,0.038462,0.010551,0.152897,75,244,1
102,67,3,0.038462,0.003935,0.148804,75,254,1
102,68,3,0.038462,0.020934,0.164970,75,256,1
102,69,3,0.038462,0.023137,0.157661,75,243,1
102,70,3,0.038462,0.007673,0.154324,75,250,1
102,71,3,0.038462,0.023702,0.171363,75,254,1
102,72,3,0.038462,0.027596,0.156801,75,252,1
102,73,3,0.038462,0.024521,0.142870,75,255,1
102,74,3,0.038462,0.029329,0.158388,75,266,1
102,75,3,0.038462,0.032985,0.158388,75,257,1
102,76,3,0.038462,0.014099,0.147792,75,262,1
102,77,3,0.038462,0.012251,0.143738,75,255,1
102,78,13,0.166667,0.110182,0.247722,65,155,0
103,0,4,0.051282,0.043960,0.134991,74,261,1
103,1,4,0.051282,0.025490,0.128649,74,181,0
103,2,4,0.051282,0.022111,0.157050,74,251,0
103,3,4,0.051282,0.051745,0.143590,74,189,0
103,4,4,0.051282,0.046905,0.142869,74,241,1
103,5,4,0.051282,0.041712,0.148505,74,200,1
103,6,4,0.051282,0.060172,0.167350,74,247,0
103,7,4,0.051282,0.041115,0.147607,74,196,0
103,8,4,0.051282,0.031504,0.147282,74,239,1
103,9,4,0.051282,0.053356,0.159716,74,203,1
103,10,4,0.051282,0.040271,0.151075,74,225,0
103,11,4,0.051282,0.031504,0.145238,74,209,0
103,12,4,0.051282,0.041115,0.142661,74,193,1
103,13,4,0.051282,0.024565,0.135852,74,227,1
103,14,4,0.051282,0.042589,0.127205,74,182,0
103,15,4,0.051282,0.038013,0.120216,74,227,0
103,16,4,0.051282,0.015166,0.144603,74,181,0
103,17,4,0.051282,0.028161,0.143590,74,227,1
103,18,4,0.051282,0.047259,0.139316,74,198,1
103,19,4,0.051282,0.028208,0.133949,74,219,0
103,20,4,0.051282,0.034842,0.145637,74,187,0
103,21,4,0.051282,0.041038,0.124262,74,221,1
103,22,4,0.051282,0.025023,0.154180,74,204,1
103,23,4,0.051282,0.031065,0.141865,74,201,0
103,24,4,0.051282,0.039821,0.141138,74,198,0
103,25,4,0.051282,0.031581,0.132233,74,191,1
103,26,4,0.051282,0.025206,0.113562,74,238,0
103,27,4,0.051282,0.031703,0.115795,74,197,0
103,28,4,0.051282,0.035928,0.137543,74,229,0
103,29,4,0.051282,0.026914,0.109295,74,189,0
103,30,4,0.051282,0.028531,0.102477,74,233,0
103,31,4,0.051282,0.021311,0.102780,74,203,0
103,32,4,0.051282,0.021105,0.108715,74,221,0
103,33,4,0.051282,0.023816,0.115190,74,199,0
103,34,4,0.051282,0.038697,0.141891,74,225,0
103,35,4,0.051282,0.017571,0.100226,74,203,0
103,36,4,0.051282,0.032632,0.112541,74,228,0
103,37,4,0.051282,0.027827,0.125015,74,208,0
103,38,4,0.051282,0.029823,0.131433,74,204,0
103,39,4,0.051282,0.031703,0.099207,74,216,1
103,40,4,0.051282,0.035928,0.108139,74,189,1
103,41,4,0.051282,0.021514,0.085260,74,213,1
103,42,4,0.051282,0.019880,0.107949,74,198,1
103,43,4,0.051282,0.024867,0.109162,74,224,1
103,44,4,0.051282,0.011768,0.103782,74,189,1
103,45,4,0.051282,0.015045,0.098677,74,211,1
103,46,4,0.051282,0.032590,0.112893,74,198,1
103,47,4,0.051282,0.021124,0.091981,74,218,1
103,48,4,0.051282,0.024665,0.101791,74,203,1
103,49,4,0.051282,0.025908,0.095448,74,198,1
103,50,4,0.051282,0.034639,0.103158,74,205,1
103,51,4,0.051282,0.031272,0.090620,74,193,1
103,52,4,0.051282,0.031662,0.088898,74,192,0
103,53,4,0.051282,0.008981,0.062199,74,185,0
103,54,4,0.051282,0.015343,0.066953,74,196,0
103,55,4,0.051282,0.031609,0.096515,74,190,0
103,56,4,0.051282,0.022549,0.104664,74,192,0
103,57,4,0.051282,0.023264,0.065615,74,195,0
103,58,4,0.051282,0.031407,0.076835,74,181,0
103,59,4,0.051282,0.026823,0.093914,74,179,0
103,60,4,0.051282,0.023116,0.094780,74,188,0
103,61,4,0.051282,0.036531,0.108479,74,186,0
103,62,4,0.051282,0.016647,0.100076,74,182,0
103,63,4,0.051282,0.013515,0.085647,74,184,0
103,64,4,0.051282,0.011523,0.100762,74,191,0
103,65,3,0.038462,0.008981,0.141634,75,245,1
103,66,3,0.038462,0.006703,0.148049,75,245,1
103,67,3,0.038462,0.000000,0.133290,75,255,0
103,68,3,0.038462,0.026387,0.155255,75,257,1
103,69,3,0.038462,0.030964,0.159476,75,244,1
103,70,3,0.038462,0.012555,0.147794,75,251,1
103,71,3,0.038462,0.029056,0.160839,75,255,1
103,72,3,0.038462,0.025807,0.146709,75,253,1
103,73,3,0.038462,0.016959,0.141382,75,256,1
103,74,3,0.038462,0.027847,0.149098,75,267,1
103,75,3,0.038462,0.038471,0.149098,75,258,1
103,76,3,0.038462,0.001744,0.135683,75,263,1
103,77,3,0.038462,0.016292,0.131206,75,256,1
103,78,13,0.166667,0.101044,0.241768,65,155,0
104,0,4,0.051282,0.043497,0.140871,74,262,0
104,1,4,0.051282,0.027001,0.134518,74,181,0
104,2,4,0.051282,0.034661,0.163321,74,251,0
104,3,4,0.051282,0.048846,0.141957,74,189,1
104,4,4,0.051282,0.047668,0.142002,74,242,0
104,5,4,0.051282,0.050482,0.157424,74,201,0
104,6,4,0.051282,0.043232,0.152198,74,247,1
104,7,4,0.051282,0.041928,0.147710,74,196,1
104,8,4,0.051282,0.032364,0.141792,74,240,0
104,9,4,0.051282,0.043162,0.161456,74,204,0
104,10,4,0.051282,0.042362,0.142404,74,225,1
104,11,4,0.051282,0.032364,0.144591,74,209,1
104,12,4,0.051282,0.041928,0.138011,74,194,0
104,13,4,0.051282,0.019758,0.123881,74,228,0
104,14,4,0.051282,0.050944,0.135522,74,182,1
104,15,4,0.051282,0.036602,0.122018,74,227,1
104,16,4,0.051282,0.014080,0.150435,74,181,1
104,17,4,0.051282,0.031034,0.141957,74,228,0
104,18,4,0.051282,0.034894,0.123877,74,199,0
104,19,4,0.051282,0.042929,0.138835,74,219,1
104,20,4,0.051282,0.037148,0.147141,74,187,1
104,21,4,0.051282,0.036644,0.134194,74,222,0
104,22,4,0.051282,0.023660,0.137727,74,205,0
104,23,4,0.051282,0.032933,0.141606,74,201,1
104,24,4,0.051282,0.030352,0.146338,74,198,1
104,25,4,0.051282,0.033654,0.136267,74,192,0
104,26,4,0.051282,0.033536,0.117597,74,238,0
104,27,4,0.051282,0.025188,0.106786,74,197,0
104,28,4,0.051282,0.023828,0.136925,74,229,0
104,29,4,0.051282,0.022845,0.102696,74,189,0
104,30,4,0.051282,0.025734,0.101702,74,233,0
104,31,4,0.051282,0.019346,0.117579,74,203,0
104,32,4,0.051282,0.022156,0.108558,74,221,0
104,33,4,0.051282,0.028338,0.113153,74,199,0
104,34,4,0.051282,0.041375,0.130891,74,225,0
104,35,4,0.051282,0.025844,0.113627,74,203,0
104,36,4,0.051282,0.029977,0.109749,74,228,0
104,37,4,0.051282,0.031564,0.118747,74,208,0
104,38,4,0.051282,0.030671,0.129902,74,204,0
104,39,4,0.051282,0.025188,0.096801,74,217,1
104,40,4,0.051282,0.023828,0.105303,74,190,1
104,41,4,0.051282,0.025237,0.075837,74,214,1
104,42,4,0.051282,0.028745,0.099061,74,199,1
104,43,4,0.051282,0.026716,0.104369,74,225,1
104,44,4,0.051282,0.027260,0.104160,74,190,1
104,45,4,0.051282,0.012811,0.091528,74,212,1
104,46,4,0.051282,0.021728,0.103857,74,199,1
104,47,4,0.051282,0.018759,0.091858,74,219,1
104,48,4,0.051282,0.022745,0.102435,74,204,1
104,49,4,0.051282,0.024954,0.106817,74,199,1
104,50,4,0.051282,0.041663,0.113709,74,206,1
104,51,4,0.051282,0.029689,0.094584,74,194,1
104,52,4,0.051282,0.021999,0.081373,74,192,0
104,53,4,0.051282,0.012560,0.074883,74,185,0
104,54,4,0.051282,0.025939,0.082744,74,196,0
104,55,4,0.051282,0.036208,0.087223,74,190,0
104,56,4,0.051282,0.017791,0.095003,74,192,0
104,57,4,0.051282,0.018742,0.073451,74,195,0
104,58,4,0.051282,0.032237,0.100503,74,181,0
104,59,4,0.051282,0.016978,0.087489,74,179,0
104,60,4,0.051282,0.018956,0.103074,74,188,0
104,61,4,0.051282,0.027595,0.085418,74,186,0
104,62,4,0.051282,0.018065,0.097019,74,182,0
104,63,4,0.051282,0.014979,0.078426,74,184,0
104,64,4,0.051282,0.022707,0.104130,74,191,0
104,65,3,0.038462,0.010344,0.159825,75,246,1
104,66,3,0.038462,0.012805,0.158995,75,246,1
104,67,3,0.038462,0.014113,0.142359,75,255,1
104,68,3,0.038462,0.015995,0.150847,75,258,1
104,69,3,0.038462,0.024974,0.164243,75,245,1
104,70,3,0.038462,0.018851,0.169233,75,252,1
104,71,3,0.038462,0.021289,0.157395,75,256,1
104,72,3,0.038462,0.028535,0.147804,75,254,1
104,73,3,0.038462,0.017040,0.143013,75,257,1
104,74,3,0.038462,0.031648,0.161359,75,268,1
104,75,3,0.038462,0.026364,0.161359,75,259,1
104,76,3,0.038462,0.011149,0.152720,75,264,1
104,77,3,0.038462,0.012937,0.144100,75,257,1
104,78,13,0.166667,0.111057,0.246044,65,155,0
105,0,4,0.051282,0.039465,0.134449,74,262,1
105,1,4,0.051282,0.040019,0.148254,74,181,0
105,2,4,0.051282,0.046466,0.167151,74,251,1
105,3,4,0.051282,0.035721,0.138129,74,190,0
105,4,4,0.051282,0.040978,0.135499,74,242,0
105,5,4,0.051282,0.052092,0.158613,74,201,0
105,6,4,0.051282,0.038099,0.152794,74,248,1
105,7,4,0.051282,0.042375,0.135780,74,197,1
105,8,4,0.051282,0.035322,0.144584,74,240,0
105,9,4,0.051282,0.037733,0.161022,74,204,0
105,10,4,0.051282,0.042932,0.142603,74,226,1
105,11,4,0.051282,0.035322,0.151492,74,210,1
105,12,4,0.051282,0.042375,0.140703,74,194,0
105,13,4,0.051282,0.035721,0.127371,74,228,1
105,14,4,0.051282,0.038288,0.138193,74,183,0
105,15,4,0.051282,0.026601,0.131894,74,228,1
105,16,4,0.051282,0.020421,0.141502,74,182,0
105,17,4,0.051282,0.021964,0.138129,74,228,0
105,18,4,0.051282,0.036752,0.130807,74,199,0
105,19,4,0.051282,0.047447,0.139583,74,220,1
105,20,4,0.051282,0.036982,0.140840,74,188,1
105,21,4,0.051282,0.037516,0.139471,74,222,0
105,22,4,0.051282,0.026216,0.130026,74,205,0
105,23,4,0.051282,0.032544,0.142280,74,202,1
105,24,4,0.051282,0.029905,0.140125,74,199,1
105,25,4,0.051282,0.036280,0.135963,74,192,0
105,26,4,0.051282,0.028714,0.110769,74,238,0
105,27,4,0.051282,0.021964,0.104726,74,197,0
105,28,4,0.051282,0.023548,0.128512,74,229,0
105,29,4,0.051282,0.029667,0.116170,74,189,0
105,30,4,0.051282,0.032345,0.104456,74,233,0
105,31,4,0.051282,0.017819,0.108583,74,203,0
105,32,4,0.051282,0.022694,0.118086,74,221,0
105,33,4,0.051282,0.030366,0.119231,74,199,0
105,34,4,0.051282,0.032195,0.120802,74,225,0
105,35,4,0.051282,0.031939,0.123066,74,203,0
105,36,4,0.051282,0.026300,0.110812,74,228,0
105,37,4,0.051282,0.031408,0.120148,74,208,0
105,38,4,0.051282,0.030233,0.126803,74,204,0
105,39,4,0.051282,0.021964,0.102716,74,218,1
105,40,4,0.051282,0.023548,0.098569,74,191,1
105,41,4,0.051282,0.020439,0.068603,74,215,1
105,42,4,0.051282,0.028512,0.096679,74,200,1
105,43,4,0.051282,0.036521,0.113574,74,226,1
105,44,4,0.051282,0.029923,0.098480,74,191,1
105,45,4,0.051282,0.014095,0.093216,74,213,1
105,46,4,0.051282,0.018541,0.101458,74,200,1
105,47,4,0.051282,0.023231,0.098491,74,220,1
105,48,4,0.051282,0.025194,0.097030,74,205,1
105,49,4,0.051282,0.028980,0.110207,74,200,1
105,50,4,0.051282,0.035374,0.108891,74,207,1
105,51,4,0.051282,0.023122,0.100246,74,195,1
105,52,4,0.051282,0.022798,0.078604,74,192,0
105,53,4,0.051282,0.011030,0.069947,74,185,0
105,54,4,0.051282,0.023509,0.078233,74,196,0
105,55,4,0.051282,0.040055,0.095581,74,190,0
105,56,4,0.051282,0.012823,0.096649,74,192,0
105,57,4,0.051282,0.017790,0.072227,74,195,0
105,58,4,0.051282,0.028729,0.097931,74,181,0
105,59,4,0.051282,0.013485,0.098084,74,179,0
105,60,4,0.051282,0.024095,0.097215,74,188,0
105,61,4,0.051282,0.025668,0.087906,74,186,0
105,62,4,0.051282,0.019306,0.095098,74,182,0
105,63,4,0.051282,0.023231,0.079908,74,184,0
105,64,4,0.051282,0.022367,0.099341,74,191,0
105,65,3,0.038462,0.011766,0.163743,75,247,1
105,66,3,0.038462,0.008177,0.158965,75,247,1
105,67,3,0.038462,0.015777,0.141478,75,256,1
105,68,3,0.038462,0.018366,0.148279,75,259,1
105,69,3,0.038462,0.025331,0.166199,75,246,1
105,70,3,0.038462,0.016585,0.164896,75,253,1
105,71,3,0.038462,0.021914,0.156116,75,257,1
105,72,3,0.038462,0.031230,0.149576,75,255,1
105,73,3,0.038462,0.013002,0.149374,75,258,1
105,74,3,0.038462,0.026229,0.160693,75,269,1
105,75,3,0.038462,0.022917,0.160693,75,260,1
105,76,3,0.038462,0.012071,0.159120,75,265,1
105,77,3,0.038462,0.020553,0.155195,75,258,1
105,78,13,0.166667,0.112658,0.243918,65,155,0
106,0,4,0.051282,0.032863,0.141395,74,263,1
106,1,4,0.051282,0.032475,0.141891,74,181,0
106,2,4,0.051282,0.043273,0.162562,74,252,1
106,3,4,0.051282,0.032783,0.134172,74,190,0
106,4,4,0.051282,0.045709,0.148515,74,242,1
106,5,4,0.051282,0.042698,0.150742,74,201,0
106,6,4,0.051282,0.033299,0.156363,74,249,1
106,7,4,0.051282,0.045067,0.150495,74,198,0
106,8,4,0.051282,0.045626,0.150240,74,240,1
106,9,4,0.051282,0.041745,0.147704,74,204,0
106,10,4,0.051282,0.039624,0.147449,74,227,0
106,11,4,0.051282,0.045626,0.159573,74,211,0
106,12,4,0.051282,0.045067,0.140284,74,194,1
106,13,4,0.051282,0.032783,0.111356,74,229,1
106,14,4,0.051282,0.043568,0.141475,74,183,0
106,15,4,0.051282,0.032972,0.127302,74,229,1
106,16,4,0.051282,0.032568,0.138386,74,182,0
106,17,4,0.051282,0.022817,0.134172,74,228,1
106,18,4,0.051282,0.043820,0.142349,74,199,0
106,19,4,0.051282,0.041198,0.135831,74,221,1
106,20,4,0.051282,0.038096,0.150159,74,189,0
106,21,4,0.051282,0.036344,0.146547,74,222,1
106,22,4,0.051282,0.028099,0.136865,74,205,0
106,23,4,0.051282,0.033583,0.131261,74,203,0
106,24,4,0.051282,0.021450,0.145990,74,200,0
106,25,4,0.051282,0.032537,0.139694,74,192,1
106,26,4,0.051282,0.032894,0.138016,74,238,1
106,27,4,0.051282,0.021796,0.109891,74,197,0
106,28,4,0.051282,0.032445,0.134190,74,229,1
106,29,4,0.051282,0.024302,0.107903,74,189,0
106,30,4,0.051282,0.026920,0.122622,74,233,1
106,31,4,0.051282,0.030333,0.116028,74,203,0
106,32,4,0.051282,0.033332,0.113363,74,221,1
106,33,4,0.051282,0.032020,0.111299,74,199,0
106,34,4,0.051282,0.031904,0.118370,74,225,1
106,35,4,0.051282,0.021055,0.113795,74,203,0
106,36,4,0.051282,0.030610,0.113936,74,228,0
106,37,4,0.051282,0.023834,0.118927,74,208,0
106,38,4,0.051282,0.023393,0.108627,74,204,1
106,39,4,0.051282,0.023998,0.089613,74,219,1
106,40,4,0.051282,0.032445,0.106860,74,192,0
106,41,4,0.051282,0.020138,0.083523,74,216,1
106,42,4,0.051282,0.029434,0.104733,74,201,0
106,43,4,0.051282,0.028305,0.110768,74,227,1
106,44,4,0.051282,0.014356,0.119995,74,192,0
106,45,4,0.051282,0.021720,0.098689,74,214,1
106,46,4,0.051282,0.022523,0.099754,74,201,0
106,47,4,0.051282,0.023834,0.093324,74,221,1
106,48,4,0.051282,0.027087,0.114981,74,206,0
106,49,4,0.051282,0.017293,0.100950,74,201,0
106,50,4,0.051282,0.036300,0.100243,74,208,0
106,51,4,0.051282,0.026213,0.089725,74,196,1
106,52,4,0.051282,0.018971,0.070353,74,192,1
106,53,4,0.051282,0.010630,0.062838,74,185,0
106,54,4,0.051282,0.022550,0.075452,74,196,0
106,55,4,0.051282,0.032885,0.081427,74,190,0
106,56,4,0.051282,0.025948,0.083599,74,192,1
106,57,4,0.051282,0.020764,0.073351,74,195,0
106,58,4,0.051282,0.031667,0.108006,74,181,0
106,59,4,0.051282,0.021561,0.091525,74,179,0
106,60,4,0.051282,0.014981,0.092017,74,188,1
106,61,4,0.051282,0.026537,0.102186,74,186,0
106,62,4,0.051282,0.019372,0.098239,74,182,0
106,63,4,0.051282,0.015909,0.075764,74,184,0
106,64,4,0.051282,0.029965,0.105572,74,191,0
106,65,3,0.038462,0.008428,0.146542,75,248,1
106,66,3,0.038462,0.000000,0.144547,75,248,0
106,67,3,0.038462,0.010274,0.134421,75,257,1
106,68,3,0.038462,0.008474,0.147946,75,260,0
106,69,3,0.038462,0.020696,0.157473,75,247,1
106,70,3,0.038462,0.028650,0.157244,75,254,1
106,71,3,0.038462,0.021219,0.150328,75,258,1
106,72,3,0.038462,0.023168,0.143956,75,256,0
106,73,3,0.038462,0.018690,0.140497,75,259,1
106,74,3,0.038462,0.037912,0.154066,75,270,1
106,75,3,0.038462,0.041953,0.159528,75,261,1
106,76,3,0.038462,0.010025,0.147972,75,266,0
106,77,3,0.038462,0.007027,0.138308,75,259,1
106,78,13,0.166667,0.103027,0.236516,65,155,0
107,0,4,0.051282,0.028355,0.146345,74,264,1
107,1,4,0.051282,0.039986,0.136079,74,181,0
107,2,4,0.051282,0.042403,0.166562,74,253,1
107,3,4,0.051282,0.035601,0.144315,74,190,0
107,4,4,0.051282,0.055907,0.142671,74,243,1
107,5,4,0.051282,0.047024,0.147776,74,201,0
107,6,4,0.051282,0.034697,0.143201,74,250,1
107,7,4,0.051282,0.045161,0.156076,74,198,0
107,8,4,0.051282,0.036486,0.143903,74,241,1
107,9,4,0.051282,0.035702,0.150660,74,204,0
107,10,4,0.051282,0.042112,0.138487,74,227,0
107,11,4,0.051282,0.036486,0.155176,74,211,0
107,12,4,0.051282,0.045161,0.140195,74,195,1
107,13,4,0.051282,0.035601,0.123924,74,230,1
107,14,4,0.051282,0.042403,0.139099,74,183,0
107,15,4,0.051282,0.029719,0.129617,74,230,1
107,16,4,0.051282,0.028355,0.143259,74,182,0
107,17,4,0.051282,0.024452,0.144315,74,229,1
107,18,4,0.051282,0.037149,0.132118,74,199,0
107,19,4,0.051282,0.040957,0.130141,74,222,1
107,20,4,0.051282,0.033554,0.151148,74,189,0
107,21,4,0.051282,0.039232,0.143599,74,223,1
107,22,4,0.051282,0.023326,0.132103,74,205,0
107,23,4,0.051282,0.032895,0.130908,74,203,0
107,24,4,0.051282,0.028702,0.144205,74,200,0
107,25,4,0.051282,0.034298,0.138789,74,193,1
107,26,4,0.051282,0.036362,0.124148,74,239,1
107,27,4,0.051282,0.018800,0.119041,74,197,0
107,28,4,0.051282,0.031978,0.132364,74,230,1
107,29,4,0.051282,0.029538,0.109926,74,189,0
107,30,4,0.051282,0.022634,0.106977,74,234,1
107,31,4,0.051282,0.023807,0.113269,74,203,0
107,32,4,0.051282,0.023040,0.115091,74,222,1
107,33,4,0.051282,0.034015,0.103985,74,199,0
107,34,4,0.051282,0.036121,0.121012,74,226,1
107,35,4,0.051282,0.023608,0.112539,74,203,0
107,36,4,0.051282,0.032254,0.113734,74,228,0
107,37,4,0.051282,0.027937,0.120405,74,208,0
107,38,4,0.051282,0.026437,0.123338,74,205,1
107,39,4,0.051282,0.028646,0.097846,74,220,0
107,40,4,0.051282,0.026504,0.107781,74,192,0
107,41,4,0.051282,0.025075,0.078206,74,217,0
107,42,4,0.051282,0.026886,0.104065,74,201,0
107,43,4,0.051282,0.021228,0.111645,74,228,0
107,44,4,0.051282,0.026309,0.117117,74,192,0
107,45,4,0.051282,0.017519,0.093057,74,215,0
107,46,4,0.051282,0.018183,0.097764,74,201,0
107,47,4,0.051282,0.019074,0.091484,74,222,1
107,48,4,0.051282,0.028308,0.106116,74,206,0
107,49,4,0.051282,0.021169,0.100867,74,201,0
107,50,4,0.051282,0.040573,0.103131,74,208,0
107,51,4,0.051282,0.027802,0.085373,74,197,1
107,52,4,0.051282,0.019891,0.076066,74,193,1
107,53,4,0.051282,0.014038,0.070130,74,185,1
107,54,4,0.051282,0.019549,0.077629,74,196,1
107,55,4,0.051282,0.035470,0.082905,74,190,1
107,56,4,0.051282,0.025177,0.087654,74,193,1
107,57,4,0.051282,0.021561,0.068189,74,195,1
107,58,4,0.051282,0.042550,0.107852,74,181,1
107,59,4,0.051282,0.012622,0.091152,74,179,0
107,60,4,0.051282,0.013832,0.100247,74,189,1
107,61,4,0.051282,0.024081,0.087837,74,186,1
107,62,4,0.051282,0.008272,0.101665,74,182,0
107,63,4,0.051282,0.016910,0.077326,74,184,0
107,64,4,0.051282,0.026741,0.110065,74,191,1
107,65,3,0.038462,0.004359,0.162322,75,249,0
107,66,3,0.038462,0.008864,0.152254,75,248,0
107,67,3,0.038462,0.012051,0.148413,75,258,0
107,68,3,0.038462,0.013813,0.157883,75,260,0
107,69,3,0.038462,0.028672,0.160906,75,248,0
107,70,3,0.038462,0.015953,0.174913,75,255,0
107,71,3,0.038462,0.013545,0.158456,75,259,0
107,72,3,0.038462,0.028773,0.151823,75,256,0
107,73,3,0.038462,0.022178,0.142346,75,260,0
107,74,3,0.038462,0.037282,0.163636,75,271,0
107,75,3,0.038462,0.035605,0.163636,75,262,0
107,76,3,0.038462,0.012719,0.153387,75,266,0
107,77,3,0.038462,0.008272,0.137996,75,260,0
107,78,13,0.166667,0.112814,0.242085,65,155,1
108,0,4,0.051282,0.028980,0.143115,74,265,0
108,1,4,0.051282,0.030095,0.141419,74,181,1
108,2,4,0.051282,0.046246,0.169738,74,254,0
108,3,4,0.051282,0.037793,0.133726,74,190,0
108,4,4,0.051282,0.049448,0.143289,74,244,1
108,5,4,0.051282,0.053775,0.148111,74,201,1
108,6,4,0.051282,0.029226,0.156070,74,251,0
108,7,4,0.051282,0.041309,0.146013,74,198,0
108,8,4,0.051282,0.043057,0.141288,74,242,1
108,9,4,0.051282,0.037615,0.150798,74,204,1
108,10,4,0.051282,0.046686,0.146073,74,227,0
108,11,4,0.051282,0.043057,0.162459,74,211,0
108,12,4,0.051282,0.041309,0.142105,74,196,1
108,13,4,0.051282,0.037793,0.119521,74,231,0
108,14,4,0.051282,0.046246,0.134302,74,183,1
108,15,4,0.051282,0.028399,0.125277,74,231,0
108,16,4,0.051282,0.028980,0.141367,74,182,0
108,17,4,0.051282,0.017504,0.133726,74,230,0
108,18,4,0.051282,0.039621,0.132400,74,199,1
108,19,4,0.051282,0.044240,0.132750,74,223,0
108,20,4,0.051282,0.035207,0.150101,74,189,0
108,21,4,0.051282,0.036004,0.145687,74,224,1
108,22,4,0.051282,0.025060,0.131949,74,205,1
108,23,4,0.051282,0.030647,0.134752,74,203,0
108,24,4,0.051282,0.021715,0.146332,74,200,0
108,25,4,0.051282,0.042089,0.150125,74,194,1
108,26,4,0.051282,0.033783,0.119801,74,240,0
108,27,4,0.051282,0.022348,0.105028,74,197,1
108,28,4,0.051282,0.025292,0.125744,74,231,0
108,29,4,0.051282,0.029284,0.112100,74,189,1
108,30,4,0.051282,0.029155,0.116364,74,235,1
108,31,4,0.051282,0.019059,0.113324,74,203,1
108,32,4,0.051282,0.031636,0.121609,74,223,0
108,33,4,0.051282,0.025339,0.105407,74,199,0
108,34,4,0.051282,0.028440,0.114517,74,227,1
108,35,4,0.051282,0.022302,0.127099,74,203,1
108,36,4,0.051282,0.024400,0.118023,74,228,0
108,37,4,0.051282,0.035982,0.113872,74,208,0
108,38,4,0.051282,0.033525,0.114882,74,206,1
108,39,4,0.051282,0.022348,0.097257,74,220,0
108,40,4,0.051282,0.015487,0.104691,74,192,0
108,41,4,0.051282,0.016487,0.075333,74,217,0
108,42,4,0.051282,0.029087,0.110056,74,201,0
108,43,4,0.051282,0.034455,0.102274,74,228,0
108,44,4,0.051282,0.024389,0.105148,74,192,0
108,45,4,0.051282,0.024198,0.086764,74,215,0
108,46,4,0.051282,0.023090,0.100540,74,201,0
108,47,4,0.051282,0.017444,0.099569,74,223,0
108,48,4,0.051282,0.032539,0.100437,74,206,0
108,49,4,0.051282,0.028015,0.106501,74,201,0
108,50,4,0.051282,0.034505,0.100540,74,208,0
108,51,4,0.051282,0.018335,0.097295,74,198,0
108,52,4,0.051282,0.022328,0.077216,74,194,1
108,53,4,0.051282,0.018777,0.069592,74,186,1
108,54,4,0.051282,0.023289,0.068675,74,197,1
108,55,4,0.051282,0.026847,0.089362,74,191,1
108,56,4,0.051282,0.024789,0.104098,74,194,1
108,57,4,0.051282,0.015149,0.077003,74,196,1
108,58,4,0.051282,0.024932,0.102985,74,182,1
108,59,4,0.051282,0.020804,0.095408,74,179,1
108,60,4,0.051282,0.018155,0.095737,74,190,1
108,61,4,0.051282,0.030254,0.092363,74,187,1
108,62,4,0.051282,0.019468,0.089764,74,182,1
108,63,4,0.051282,0.017444,0.073595,74,184,1
108,64,4,0.051282,0.020419,0.097194,74,192,1
108,65,3,0.038462,0.012006,0.158778,75,249,0
108,66,3,0.038462,0.006771,0.158770,75,248,0
108,67,3,0.038462,0.018750,0.147080,75,258,0
108,68,3,0.038462,0.025870,0.160271,75,260,0
108,69,3,0.038462,0.020554,0.160805,75,248,0
108,70,3,0.038462,0.022028,0.161374,75,255,0
108,71,3,0.038462,0.017568,0.158557,75,259,0
108,72,3,0.038462,0.026050,0.156099,75,256,0
108,73,3,0.038462,0.022955,0.151403,75,260,0
108,74,3,0.038462,0.024029,0.157554,75,271,0
108,75,3,0.038462,0.022582,0.163827,75,262,0
108,76,3,0.038462,0.012092,0.151728,75,266,0
108,77,3,0.038462,0.014861,0.150067,75,260,0
108,78,13,0.166667,0.113154,0.246115,65,156,1
109,0,4,0.051282,0.034774,0.137782,74,265,0
109,1,4,0.051282,0.025551,0.136966,74,182,0
109,2,4,0.051282,0.045605,0.156396,74,254,0
109,3,4,0.051282,0.031851,0.134179,74,190,0
109,4,4,0.051282,0.031503,0.145131,74,245,0
109,5,4,0.051282,0.042268,0.142595,74,202,1
109,6,4,0.051282,0.033742,0.145651,74,251,0
109,7,4,0.051282,0.047838,0.150766,74,198,0
109,8,4,0.051282,0.053369,0.145863,74,243,1
109,9,4,0.051282,0.036164,0.152752,74,205,1
109,10,4,0.051282,0.038047,0.147849,74,227,0
109,11,4,0.051282,0.053369,0.170935,74,211,0
109,12,4,0.051282,0.047838,0.148138,74,197,1
109,13,4,0.051282,0.031851,0.106275,74,231,1
109,14,4,0.051282,0.045321,0.140704,74,184,1
109,15,4,0.051282,0.024735,0.125227,74,231,0
109,16,4,0.051282,0.035058,0.130070,74,182,1
109,17,4,0.051282,0.036050,0.134179,74,230,1
109,18,4,0.051282,0.043256,0.137249,74,200,1
109,19,4,0.051282,0.038513,0.137708,74,223,0
109,20,4,0.051282,0.030383,0.142940,74,189,0
109,21,4,0.051282,0.029844,0.162838,74,225,1
109,22,4,0.051282,0.023963,0.131754,74,206,1
109,23,4,0.051282,0.042449,0.133182,74,203,0
109,24,4,0.051282,0.014272,0.149688,74,200,0
109,25,4,0.051282,0.039884,0.151674,74,195,1
109,26,4,0.051282,0.032519,0.137661,74,240,0
109,27,4,0.051282,0.025625,0.110439,74,198,0
109,28,4,0.051282,0.027806,0.135575,74,231,0
109,29,4,0.051282,0.023248,0.123708,74,190,0
109,30,4,0.051282,0.031273,0.113851,74,236,0
109,31,4,0.051282,0.031783,0.109115,74,204,0
109,32,4,0.051282,0.030096,0.117317,74,223,0
109,33,4,0.051282,0.031241,0.114749,74,199,0
109,34,4,0.051282,0.026795,0.097893,74,228,0
109,35,4,0.051282,0.027493,0.119107,74,204,0
109,36,4,0.051282,0.029868,0.117679,74,228,0
109,37,4,0.051282,0.030390,0.111044,74,208,0
109,38,4,0.051282,0.021686,0.111247,74,207,0
109,39,4,0.051282,0.025625,0.095999,74,220,1
109,40,4,0.051282,0.028090,0.100244,74,192,1
109,41,4,0.051282,0.028228,0.087668,74,217,1
109,42,4,0.051282,0.029192,0.102465,74,201,1
109,43,4,0.051282,0.030182,0.107908,74,228,1
109,44,4,0.051282,0.018908,0.119855,74,192,1
109,45,4,0.051282,0.017640,0.099177,74,215,1
109,46,4,0.051282,0.019218,0.098590,74,201,1
109,47,4,0.051282,0.018673,0.099111,74,223,1
109,48,4,0.051282,0.031190,0.110440,74,206,1
109,49,4,0.051282,0.020505,0.099656,74,201,1
109,50,4,0.051282,0.034020,0.092238,74,208,1
109,51,4,0.051282,0.022643,0.093787,74,198,1
109,52,4,0.051282,0.013585,0.074238,74,195,0
109,53,4,0.051282,0.012514,0.080022,74,187,0
109,54,4,0.051282,0.026334,0.074512,74,198,0
109,55,4,0.051282,0.034612,0.083430,74,192,0
109,56,4,0.051282,0.025087,0.091840,74,195,0
109,57,4,0.051282,0.017747,0.080931,74,197,0
109,58,4,0.051282,0.035620,0.110610,74,183,0
109,59,4,0.051282,0.018806,0.082779,74,180,0
109,60,4,0.051282,0.015435,0.091570,74,191,0
109,61,4,0.051282,0.022154,0.087788,74,188,0
109,62,4,0.051282,0.014856,0.103128,74,183,0
109,63,4,0.051282,0.018673,0.073371,74,185,0
109,64,4,0.051282,0.028322,0.094619,74,193,0
109,65,3,0.038462,0.010985,0.156515,75,249,1
109,66,3,0.038462,0.001529,0.149308,75,248,1
109,67,3,0.038462,0.015184,0.139650,75,258,1
109,68,3,0.038462,0.015427,0.148062,75,260,1
109,69,3,0.038462,0.016639,0.162808,75,248,1
109,70,3,0.038462,0.025986,0.171343,75,255,1
109,71,3,0.038462,0.019879,0.149290,75,259,1
109,72,3,0.038462,0.028003,0.149912,75,256,1
109,73,3,0.038462,0.017286,0.146869,75,260,1
109,74,3,0.038462,0.034526,0.159866,75,271,1
109,75,3,0.038462,0.029764,0.159866,75,262,1
109,76,3,0.038462,0.010329,0.153147,75,266,1
109,77,3,0.038462,0.014769,0.142919,75,260,1
109,78,13,0.166667,0.109389,0.240307,65,157,0
110,0,4,0.051282,0.030653,0.140703,74,265,0
110,1,4,0.051282,0.036342,0.134549,74,182,1
110,2,4,0.051282,0.039488,0.159273,74,254,0
110,3,4,0.051282,0.037407,0.142454,74,190,1
110,4,4,0.051282,0.053255,0.144719,74,245,0
110,5,4,0.051282,0.050644,0.143622,74,203,1
110,6,4,0.051282,0.036859,0.147144,74,251,0
110,7,4,0.051282,0.048047,0.154629,74,198,1
110,8,4,0.051282,0.030735,0.142349,74,244,0
110,9,4,0.051282,0.033584,0.151882,74,206,0
110,10,4,0.051282,0.045769,0.139602,74,227,1
110,11,4,0.051282,0.030735,0.156135,74,211,1
110,12,4,0.051282,0.048047,0.143626,74,198,0
110,13,4,0.051282,0.034220,0.118128,74,232,0
110,14,4,0.051282,0.036302,0.133949,74,185,1
110,15,4,0.051282,0.030187,0.135268,74,231,0
110,16,4,0.051282,0.030653,0.138687,74,183,1
110,17,4,0.051282,0.024326,0.142454,74,231,0
110,18,4,0.051282,0.035985,0.136707,74,201,1
110,19,4,0.051282,0.037087,0.137374,74,223,0
110,20,4,0.051282,0.028613,0.135383,74,189,1
110,21,4,0.051282,0.046313,0.145787,74,226,0
110,22,4,0.051282,0.026932,0.144233,74,207,0
110,23,4,0.051282,0.032167,0.135567,74,203,1
110,24,4,0.051282,0.034955,0.142334,74,200,1
110,25,4,0.051282,0.031040,0.139587,74,196,0
110,26,4,0.051282,0.037111,0.117496,74,240,0
110,27,4,0.051282,0.019243,0.112708,74,198,1
110,28,4,0.051282,0.026697,0.122360,74,231,0
110,29,4,0.051282,0.025135,0.110611,74,190,1
110,30,4,0.051282,0.017669,0.104708,74,236,0
110,31,4,0.051282,0.029038,0.115150,74,204,1
110,32,4,0.051282,0.033663,0.123276,74,223,0
110,33,4,0.051282,0.031865,0.117181,74,199,1
110,34,4,0.051282,0.033725,0.114961,74,228,0
110,35,4,0.051282,0.024109,0.113569,74,204,0
110,36,4,0.051282,0.027943,0.116666,74,228,0
110,37,4,0.051282,0.035141,0.118414,74,208,1
110,38,4,0.051282,0.029828,0.126945,74,207,0
110,39,4,0.051282,0.019792,0.099080,74,221,0
110,40,4,0.051282,0.021616,0.107476,74,193,1
110,41,4,0.051282,0.028508,0.080979,74,218,0
110,42,4,0.051282,0.028926,0.097188,74,202,1
110,43,4,0.051282,0.032272,0.105331,74,229,0
110,44,4,0.051282,0.028457,0.118491,74,193,1
110,45,4,0.051282,0.019367,0.089157,74,216,0
110,46,4,0.051282,0.016517,0.093598,74,202,1
110,47,4,0.051282,0.014269,0.101026,74,224,0
110,48,4,0.051282,0.031903,0.109836,74,207,1
110,49,4,0.051282,0.024948,0.107737,74,202,1
110,50,4,0.051282,0.034876,0.101463,74,209,1
110,51,4,0.051282,0.026791,0.097373,74,199,0
110,52,4,0.051282,0.013748,0.074955,74,195,0
110,53,4,0.051282,0.026120,0.083465,74,187,1
110,54,4,0.051282,0.029920,0.084874,74,198,0
110,55,4,0.051282,0.028581,0.081485,74,192,1
110,56,4,0.051282,0.028660,0.093636,74,195,0
110,57,4,0.051282,0.006577,0.085572,74,197,0
110,58,4,0.051282,0.028211,0.117772,74,183,0
110,59,4,0.051282,0.019750,0.076900,74,180,1
110,60,4,0.051282,0.013544,0.087813,74,191,0
110,61,4,0.051282,0.029433,0.090144,74,188,0
110,62,4,0.051282,0.020020,0.102044,74,183,0
110,63,4,0.051282,0.014269,0.073590,74,185,1
110,64,4,0.051282,0.024367,0.090190,74,193,0
110,65,3,0.038462,0.018212,0.163575,75,250,0
110,66,3,0.038462,0.007360,0.152542,75,249,1
110,67,3,0.038462,0.016953,0.141572,75,259,0
110,68,3,0.038462,0.017053,0.151282,75,261,1
110,69,3,0.038462,0.011209,0.157205,75,249,0
110,70,3,0.038462,0.027441,0.167005,75,256,1
110,71,3,0.038462,0.020744,0.144885,75,260,1
110,72,3,0.038462,0.031140,0.151078,75,257,1
110,73,3,0.038462,0.019150,0.142893,75,261,0
110,74,3,0.038462,0.029971,0.157105,75,272,1
110,75,3,0.038462,0.025086,0.162674,75,263,1
110,76,3,0.038462,0.005281,0.146784,75,267,1
110,77,3,0.038462,0.013379,0.143163,75,261,0
110,78,13,0.166667,0.108874,0.242977,65,157,0
111,0,4,0.051282,0.027881,0.146049,74,265,0
111,1,4,0.051282,0.041440,0.128943,74,183,0
111,2,4,0.051282,0.035333,0.154314,74,254,1
111,3,4,0.051282,0.044399,0.147383,74,191,1
111,4,4,0.051282,0.053207,0.147013,74,245,0
111,5,4,0.051282,0.037185,0.143367,74,204,0
111,6,4,0.051282,0.050191,0.151294,74,251,1
111,7,4,0.051282,0.045217,0.151618,74,199,1
111,8,4,0.051282,0.029561,0.144330,74,244,0
111,9,4,0.051282,0.041535,0.152969,74,206,0
111,10,4,0.051282,0.043165,0.145681,74,228,1
111,11,4,0.051282,0.029561,0.148443,74,212,1
111,12,4,0.051282,0.045217,0.138865,74,198,0
111,13,4,0.051282,0.041395,0.129203,74,232,0
111,14,4,0.051282,0.032329,0.129530,74,186,0
111,15,4,0.051282,0.024334,0.126275,74,231,1
111,16,4,0.051282,0.027881,0.137063,74,184,1
111,17,4,0.051282,0.024900,0.147383,74,231,0
111,18,4,0.051282,0.043360,0.146773,74,202,0
111,19,4,0.051282,0.033509,0.134663,74,223,1
111,20,4,0.051282,0.029516,0.138511,74,190,1
111,21,4,0.051282,0.043950,0.132939,74,226,0
111,22,4,0.051282,0.029214,0.156254,74,207,0
111,23,4,0.051282,0.026105,0.140096,74,204,1
111,24,4,0.051282,0.040035,0.132305,74,201,1
111,25,4,0.051282,0.029715,0.133656,74,196,0
111,26,4,0.051282,0.031750,0.114420,74,240,0
111,27,4,0.051282,0.019043,0.115037,74,199,0
111,28,4,0.051282,0.034566,0.130712,74,231,1
111,29,4,0.051282,0.024321,0.116789,74,191,1
111,30,4,0.051282,0.024225,0.104697,74,236,0
111,31,4,0.051282,0.028607,0.103146,74,205,0
111,32,4,0.051282,0.026682,0.124313,74,223,1
111,33,4,0.051282,0.033445,0.116711,74,200,1
111,34,4,0.051282,0.031518,0.125295,74,228,0
111,35,4,0.051282,0.027335,0.104789,74,204,0
111,36,4,0.051282,0.036215,0.111669,74,228,1
111,37,4,0.051282,0.024716,0.125929,74,209,1
111,38,4,0.051282,0.026008,0.128158,74,207,0
111,39,4,0.051282,0.024344,0.088498,74,221,0
111,40,4,0.051282,0.025472,0.110506,74,194,0
111,41,4,0.051282,0.024964,0.079419,74,218,1
111,42,4,0.051282,0.028738,0.096768,74,203,1
111,43,4,0.051282,0.026149,0.108208,74,229,0
111,44,4,0.051282,0.029551,0.115042,74,194,0
111,45,4,0.051282,0.020339,0.097606,74,216,1
111,46,4,0.051282,0.018562,0.097019,74,203,1
111,47,4,0.051282,0.021711,0.096424,74,224,0
111,48,4,0.051282,0.022188,0.107880,74,208,0
111,49,4,0.051282,0.024837,0.107603,74,203,1
111,50,4,0.051282,0.037181,0.101215,74,210,1
111,51,4,0.051282,0.030552,0.097696,74,199,0
111,52,4,0.051282,0.015205,0.074168,74,195,0
111,53,4,0.051282,0.016364,0.078245,74,188,0
111,54,4,0.051282,0.028985,0.085180,74,198,1
111,55,4,0.051282,0.028769,0.076764,74,193,1
111,56,4,0.051282,0.025588,0.091674,74,195,0
111,57,4,0.051282,0.015405,0.086485,74,197,0
111,58,4,0.051282,0.024808,0.108194,74,183,1
111,59,4,0.051282,0.021673,0.083835,74,181,1
111,60,4,0.051282,0.015687,0.093438,74,191,0
111,61,4,0.051282,0.026259,0.090819,74,188,0
111,62,4,0.051282,0.020173,0.096551,74,183,1
111,63,4,0.051282,0.016591,0.084534,74,186,1
111,64,4,0.051282,0.028001,0.097631,74,193,0
111,65,3,0.038462,0.008059,0.153855,75,250,0
111,66,3,0.038462,0.003004,0.152911,75,250,0
111,67,3,0.038462,0.020878,0.140491,75,259,1
111,68,3,0.038462,0.016953,0.149514,75,262,1
111,69,3,0.038462,0.018212,0.159163,75,249,0
111,70,3,0.038462,0.027152,0.162514,75,257,0
111,71,3,0.038462,0.020304,0.150385,75,261,1
111,72,3,0.038462,0.027421,0.149997,75,258,1
111,73,3,0.038462,0.017763,0.146985,75,261,0
111,74,3,0.038462,0.029303,0.153703,75,273,0
111,75,3,0.038462,0.025339,0.162981,75,264,1
111,76,3,0.038462,0.010274,0.152409,75,268,1
111,77,3,0.038462,0.014508,0.145486,75,261,0
111,78,13,0.166667,0.108721,0.239168,65,157,0
112,0,4,0.051282,0.040138,0.134352,74,265,1
112,1,4,0.051282,0.032730,0.132274,74,183,0
112,2,4,0.051282,0.036194,0.151071,74,255,0
112,3,4,0.051282,0.034976,0.142954,74,192,0
112,4,4,0.051282,0.051495,0.146115,74,245,1
112,5,4,0.051282,0.051953,0.135940,74,204,1
112,6,4,0.051282,0.031409,0.154749,74,252,0
112,7,4,0.051282,0.044568,0.157818,74,200,0
112,8,4,0.051282,0.033874,0.152593,74,244,1
112,9,4,0.051282,0.041371,0.144733,74,206,1
112,10,4,0.051282,0.046362,0.139508,74,229,0
112,11,4,0.051282,0.033874,0.156884,74,213,0
112,12,4,0.051282,0.044568,0.157230,74,198,1
112,13,4,0.051282,0.025290,0.123229,74,232,0
112,14,4,0.051282,0.026508,0.139514,74,186,0
112,15,4,0.051282,0.030652,0.120060,74,232,0
112,16,4,0.051282,0.040138,0.143414,74,185,0
112,17,4,0.051282,0.026031,0.142954,74,231,0
112,18,4,0.051282,0.039880,0.126776,74,202,0
112,19,4,0.051282,0.037685,0.126918,74,224,0
112,20,4,0.051282,0.026434,0.138784,74,191,0
112,21,4,0.051282,0.046418,0.152041,74,226,0
112,22,4,0.051282,0.021545,0.123884,74,207,0
112,23,4,0.051282,0.029277,0.151105,74,205,0
112,24,4,0.051282,0.047717,0.153155,74,202,0
112,25,4,0.051282,0.032024,0.140070,74,196,0
112,26,4,0.051282,0.031065,0.120941,74,240,1
112,27,4,0.051282,0.024935,0.104543,74,199,1
112,28,4,0.051282,0.032117,0.123939,74,232,1
112,29,4,0.051282,0.030588,0.112920,74,192,1
112,30,4,0.051282,0.020716,0.112960,74,236,1
112,31,4,0.051282,0.010442,0.122494,74,205,1
112,32,4,0.051282,0.027056,0.118411,74,224,1
112,33,4,0.051282,0.032822,0.117073,74,201,1
112,34,4,0.051282,0.032699,0.112703,74,228,1
112,35,4,0.051282,0.023152,0.130446,74,204,1
112,36,4,0.051282,0.019056,0.103224,74,229,1
112,37,4,0.051282,0.040777,0.111589,74,210,1
112,38,4,0.051282,0.042015,0.117244,74,207,1
112,39,4,0.051282,0.032019,0.107409,74,221,0
112,40,4,0.051282,0.032117,0.115182,74,194,0
112,41,4,0.051282,0.016581,0.087435,74,219,0
112,42,4,0.051282,0.022178,0.098944,74,204,0
112,43,4,0.051282,0.029580,0.099293,74,229,0
112,44,4,0.051282,0.025434,0.109689,74,194,0
112,45,4,0.051282,0.037576,0.090301,74,217,0
112,46,4,0.051282,0.024210,0.087058,74,204,0
112,47,4,0.051282,0.015043,0.098355,74,224,0
112,48,4,0.051282,0.031551,0.093819,74,208,0
112,49,4,0.051282,0.025908,0.112872,74,204,0
112,50,4,0.051282,0.014341,0.101440,74,211,0
112,51,4,0.051282,0.018104,0.094442,74,199,0
112,52,4,0.051282,0.026266,0.089236,74,195,1
112,53,4,0.051282,0.029076,0.084666,74,188,1
112,54,4,0.051282,0.025734,0.099391,74,199,1
112,55,4,0.051282,0.022810,0.089631,74,194,1
112,56,4,0.051282,0.020897,0.086121,74,195,1
112,57,4,0.051282,0.022981,0.092268,74,197,1
112,58,4,0.051282,0.024782,0.093378,74,184,1
112,59,4,0.051282,0.013072,0.089365,74,182,1
112,60,4,0.051282,0.012746,0.079625,74,191,1
112,61,4,0.051282,0.033725,0.104712,74,188,1
112,62,4,0.051282,0.022924,0.081255,74,184,1
112,63,4,0.051282,0.011683,0.072250,74,187,1
112,64,4,0.051282,0.013981,0.078902,74,193,1
112,65,3,0.038462,0.011080,0.164294,75,250,0
112,66,3,0.038462,0.025734,0.164408,75,250,0
112,67,3,0.038462,0.024987,0.164465,75,260,0
112,68,3,0.038462,0.009207,0.159570,75,263,0
112,69,3,0.038462,0.016952,0.148290,75,249,0
112,70,3,0.038462,0.016106,0.162924,75,257,0
112,71,3,0.038462,0.013124,0.169115,75,262,0
112,72,3,0.038462,0.030525,0.146051,75,259,0
112,73,3,0.038462,0.027790,0.137163,75,261,0
112,74,3,0.038462,0.020287,0.160114,75,273,0
112,75,3,0.038462,0.028104,0.160114,75,265,0
112,76,3,0.038462,0.010549,0.139134,75,269,0
112,77,3,0.038462,0.011313,0.147015,75,261,0
112,78,13,0.166667,0.112408,0.245757,65,157,1
113,0,4,0.051282,0.031278,0.142193,74,266,0
113,1,4,0.051282,0.037594,0.130617,74,183,1
113,2,4,0.051282,0.036736,0.151588,74,255,0
113,3,4,0.051282,0.044925,0.149867,74,192,1
113,4,4,0.051282,0.051241,0.149382,74,246,0
113,5,4,0.051282,0.044606,0.134838,74,205,1
113,6,4,0.051282,0.038325,0.150699,74,252,0
113,7,4,0.051282,0.044615,0.157183,74,200,1
113,8,4,0.051282,0.029573,0.147380,74,245,0
113,9,4,0.051282,0.038015,0.148101,74,207,0
113,10,4,0.051282,0.052176,0.138298,74,229,1
113,11,4,0.051282,0.029573,0.148376,74,213,1
113,12,4,0.051282,0.044615,0.150216,74,199,0
113,13,4,0.051282,0.036586,0.134695,74,232,0
113,14,4,0.051282,0.028397,0.128546,74,186,1
113,15,4,0.051282,0.026017,0.121027,74,232,0
113,16,4,0.051282,0.031278,0.134876,74,185,1
113,17,4,0.051282,0.030762,0.149867,74,231,0
113,18,4,0.051282,0.040991,0.133239,74,202,1
113,19,4,0.051282,0.033760,0.118195,74,224,0
113,20,4,0.051282,0.028565,0.139308,74,191,1
113,21,4,0.051282,0.045607,0.148817,74,226,0
113,22,4,0.051282,0.027086,0.132318,74,207,0
113,23,4,0.051282,0.023840,0.145333,74,205,1
113,24,4,0.051282,0.044627,0.151671,74,202,1
113,25,4,0.051282,0.028581,0.142588,74,196,0
113,26,4,0.051282,0.027601,0.111189,74,241,0
113,27,4,0.051282,0.022210,0.112020,74,200,1
113,28,4,0.051282,0.032932,0.122102,74,233,0
113,29,4,0.051282,0.029966,0.123761,74,193,1
113,30,4,0.051282,0.024757,0.107796,74,237,0
113,31,4,0.051282,0.016617,0.115346,74,206,0
113,32,4,0.051282,0.025246,0.126255,74,225,0
113,33,4,0.051282,0.030360,0.120918,74,202,1
113,34,4,0.051282,0.033737,0.114756,74,229,0
113,35,4,0.051282,0.018956,0.120797,74,205,0
113,36,4,0.051282,0.016571,0.107782,74,230,0
113,37,4,0.051282,0.044269,0.111902,74,211,1
113,38,4,0.051282,0.043746,0.113190,74,208,0
113,39,4,0.051282,0.030187,0.099052,74,221,0
113,40,4,0.051282,0.027261,0.112726,74,194,1
113,41,4,0.051282,0.019230,0.088457,74,219,0
113,42,4,0.051282,0.024254,0.099876,74,204,1
113,43,4,0.051282,0.026225,0.099699,74,229,0
113,44,4,0.051282,0.025454,0.107319,74,194,1
113,45,4,0.051282,0.036339,0.094414,74,217,1
113,46,4,0.051282,0.023700,0.089701,74,204,1
113,47,4,0.051282,0.018323,0.102489,74,224,0
113,48,4,0.051282,0.032724,0.092455,74,208,1
113,49,4,0.051282,0.026858,0.113341,74,204,1
113,50,4,0.051282,0.017864,0.104239,74,211,1
113,51,4,0.051282,0.019391,0.093467,74,199,0
113,52,4,0.051282,0.029033,0.089641,74,196,0
113,53,4,0.051282,0.027394,0.085590,74,189,0
113,54,4,0.051282,0.023161,0.092763,74,200,0
113,55,4,0.051282,0.019482,0.087015,74,195,0
113,56,4,0.051282,0.018485,0.087677,74,196,0
113,57,4,0.051282,0.022237,0.090651,74,198,0
113,58,4,0.051282,0.025981,0.093568,74,185,0
113,59,4,0.051282,0.019890,0.086680,74,183,0
113,60,4,0.051282,0.012721,0.080565,74,192,0
113,61,4,0.051282,0.036604,0.103221,74,189,0
113,62,4,0.051282,0.024657,0.085865,74,185,0
113,63,4,0.051282,0.007970,0.077819,74,188,0
113,64,4,0.051282,0.014034,0.086750,74,194,0
113,65,3,0.038462,0.013329,0.158931,75,250,1
113,66,3,0.038462,0.023161,0.164249,75,250,1
113,67,3,0.038462,0.022844,0.161686,75,260,1
113,68,3,0.038462,0.014965,0.159573,75,263,1
113,69,3,0.038462,0.017274,0.151427,75,249,1
113,70,3,0.038462,0.016888,0.161197,75,257,1
113,71,3,0.038462,0.012238,0.170895,75,262,1
113,72,3,0.038462,0.024759,0.143261,75,259,1
113,73,3,0.038462,0.024857,0.139915,75,261,1
113,74,3,0.038462,0.018503,0.162693,75,273,1
113,75,3,0.038462,0.027786,0.162693,75,265,1
113,76,3,0.038462,0.014243,0.138811,75,269,1
113,77,3,0.038462,0.015248,0.144682,75,261,1
113,78,13,0.166667,0.112055,0.246094,65,158,0
114,0,4,0.051282,0.031838,0.141661,74,266,0
114,1,4,0.051282,0.037968,0.128112,74,184,1
114,2,4,0.051282,0.034064,0.145647,74,255,0
114,3,4,0.051282,0.043066,0.143273,74,193,1
114,4,4,0.051282,0.049196,0.150976,74,246,0
114,5,4,0.051282,0.035064,0.131781,74,206,1
114,6,4,0.051282,0.042570,0.150143,74,252,0
114,7,4,0.051282,0.050982,0.150865,74,201,1
114,8,4,0.051282,0.025267,0.144817,74,245,0
114,9,4,0.051282,0.040491,0.151289,74,207,1
114,10,4,0.051282,0.049903,0.145241,74,230,0
114,11,4,0.051282,0.025267,0.151209,74,214,0
114,12,4,0.051282,0.050982,0.146736,74,199,1
114,13,4,0.051282,0.037791,0.129059,74,232,0
114,14,4,0.051282,0.028788,0.130433,74,187,0
114,15,4,0.051282,0.024419,0.120382,74,232,0
114,16,4,0.051282,0.031838,0.134069,74,186,0
114,17,4,0.051282,0.024449,0.143273,74,231,0
114,18,4,0.051282,0.043827,0.141413,74,203,0
114,19,4,0.051282,0.030728,0.126326,74,224,0
114,20,4,0.051282,0.025089,0.136914,74,192,0
114,21,4,0.051282,0.051954,0.136336,74,226,0
114,22,4,0.051282,0.030762,0.152322,74,207,0
114,23,4,0.051282,0.028088,0.146406,74,206,0
114,24,4,0.051282,0.043479,0.140869,74,203,0
114,25,4,0.051282,0.023006,0.141293,74,196,0
114,26,4,0.051282,0.028028,0.112174,74,241,1
114,27,4,0.051282,0.024337,0.111903,74,201,1
114,28,4,0.051282,0.036502,0.132071,74,233,1
114,29,4,0.051282,0.023689,0.120322,74,194,1
114,30,4,0.051282,0.025007,0.101912,74,237,1
114,31,4,0.051282,0.023014,0.097302,74,206,1
114,32,4,0.051282,0.028277,0.118256,74,225,1
114,33,4,0.051282,0.025536,0.118389,74,203,1
114,34,4,0.051282,0.037445,0.130657,74,229,1
114,35,4,0.051282,0.027758,0.102849,74,205,1
114,36,4,0.051282,0.031572,0.108764,74,230,1
114,37,4,0.051282,0.034551,0.126125,74,212,1
114,38,4,0.051282,0.027175,0.124893,74,208,1
114,39,4,0.051282,0.031687,0.097664,74,221,0
114,40,4,0.051282,0.035210,0.113067,74,195,0
114,41,4,0.051282,0.018006,0.085770,74,219,0
114,42,4,0.051282,0.016337,0.106555,74,205,0
114,43,4,0.051282,0.026396,0.098876,74,229,0
114,44,4,0.051282,0.024246,0.107516,74,195,0
114,45,4,0.051282,0.024149,0.094006,74,218,0
114,46,4,0.051282,0.028647,0.102060,74,205,0
114,47,4,0.051282,0.015590,0.088005,74,224,0
114,48,4,0.051282,0.019422,0.109842,74,209,0
114,49,4,0.051282,0.019884,0.104926,74,205,0
114,50,4,0.051282,0.033442,0.106575,74,212,0
114,51,4,0.051282,0.035575,0.101357,74,199,0
114,52,4,0.051282,0.029576,0.087606,74,196,1
114,53,4,0.051282,0.018888,0.070100,74,189,1
114,54,4,0.051282,0.018961,0.095710,74,200,1
114,55,4,0.051282,0.030751,0.087718,74,195,1
114,56,4,0.051282,0.023944,0.087694,74,196,1
114,57,4,0.051282,0.019532,0.087829,74,198,1
114,58,4,0.051282,0.023777,0.093592,74,185,1
114,59,4,0.051282,0.018900,0.097933,74,183,1
114,60,4,0.051282,0.015665,0.102506,74,192,1
114,61,4,0.051282,0.023703,0.088403,74,189,1
114,62,4,0.051282,0.026216,0.087696,74,185,1
114,63,4,0.051282,0.009018,0.077544,74,188,1
114,64,4,0.051282,0.026290,0.087234,74,194,1
114,65,3,0.038462,0.000000,0.158692,75,251,0
114,66,3,0.038462,0.018961,0.157590,75,251,0
114,67,3,0.038462,0.020407,0.147472,75,261,0
114,68,3,0.038462,0.017098,0.162573,75,264,0
114,69,3,0.038462,0.029635,0.158704,75,250,0
114,70,3,0.038462,0.017293,0.151790,75,258,0
114,71,3,0.038462,0.025267,0.152287,75,263,0
114,72,3,0.038462,0.025611,0.148662,75,260,0
114,73,3,0.038462,0.026311,0.136971,75,262,0
114,74,3,0.038462,0.032631,0.159046,75,274,0
114,75,3,0.038462,0.019103,0.159046,75,266,0
114,76,3,0.038462,0.014805,0.151008,75,270,0
114,77,3,0.038462,0.000068,0.144287,75,262,0
114,78,13,0.166667,0.109053,0.247191,65,158,1
115,0,4,0.051282,0.032304,0.149727,74,266,0
115,1,4,0.051282,0.038879,0.137341,74,185,1
115,2,4,0.051282,0.042549,0.154049,74,255,0
115,3,4,0.051282,0.049380,0.143152,74,194,1
115,4,4,0.051282,0.046129,0.152434,74,246,0
115,5,4,0.051282,0.044457,0.154464,74,207,1
115,6,4,0.051282,0.043919,0.158674,74,252,0
115,7,4,0.051282,0.036817,0.151509,74,202,0
115,8,4,0.051282,0.036817,0.137763,74,245,1
115,9,4,0.051282,0.040503,0.157025,74,208,1
115,10,4,0.051282,0.045134,0.143278,74,230,0
115,11,4,0.051282,0.036817,0.147267,74,214,0
115,12,4,0.051282,0.036817,0.138615,74,200,1
115,13,4,0.051282,0.035995,0.133488,74,232,0
115,14,4,0.051282,0.029165,0.132652,74,187,1
115,15,4,0.051282,0.026492,0.118945,74,232,0
115,16,4,0.051282,0.032304,0.131545,74,186,1
115,17,4,0.051282,0.028724,0.143152,74,231,0
115,18,4,0.051282,0.041549,0.138370,74,203,1
115,19,4,0.051282,0.041504,0.133168,74,224,0
115,20,4,0.051282,0.033934,0.139776,74,192,0
115,21,4,0.051282,0.039840,0.139029,74,226,1
115,22,4,0.051282,0.032165,0.139121,74,207,1
115,23,4,0.051282,0.026469,0.142197,74,206,0
115,24,4,0.051282,0.030196,0.140397,74,203,0
115,25,4,0.051282,0.033794,0.145913,74,196,1
115,26,4,0.051282,0.028219,0.106526,74,242,0
115,27,4,0.051282,0.017451,0.117798,74,202,0
115,28,4,0.051282,0.029579,0.127998,74,234,0
115,29,4,0.051282,0.027778,0.122831,74,195,0
115,30,4,0.051282,0.024893,0.108240,74,238,0
115,31,4,0.051282,0.018158,0.107521,74,207,0
115,32,4,0.051282,0.022323,0.121532,74,226,0
115,33,4,0.051282,0.029178,0.108110,74,204,0
115,34,4,0.051282,0.031937,0.120959,74,230,0
115,35,4,0.051282,0.030050,0.117246,74,206,0
115,36,4,0.051282,0.027745,0.114170,74,231,0
115,37,4,0.051282,0.036217,0.119591,74,213,0
115,38,4,0.051282,0.034827,0.116883,74,209,0
115,39,4,0.051282,0.035785,0.101410,74,221,1
115,40,4,0.051282,0.028940,0.103544,74,195,1
115,41,4,0.051282,0.019525,0.084861,74,219,1
115,42,4,0.051282,0.016117,0.103739,74,205,1
115,43,4,0.051282,0.022327,0.095452,74,229,1
115,44,4,0.051282,0.028344,0.091793,74,195,1
115,45,4,0.051282,0.020000,0.092709,74,218,1
115,46,4,0.051282,0.025885,0.101805,74,205,1
115,47,4,0.051282,0.017220,0.098268,74,224,1
115,48,4,0.051282,0.019474,0.094595,74,209,1
115,49,4,0.051282,0.029274,0.109404,74,205,1
115,50,4,0.051282,0.030945,0.102896,74,212,1
115,51,4,0.051282,0.028737,0.105719,74,199,1
115,52,4,0.051282,0.025844,0.079262,74,197,0
115,53,4,0.051282,0.033339,0.088649,74,190,0
115,54,4,0.051282,0.019901,0.089719,74,201,0
115,55,4,0.051282,0.022842,0.089452,74,196,0
115,56,4,0.051282,0.024783,0.088457,74,197,0
115,57,4,0.051282,0.015913,0.082372,74,199,0
115,58,4,0.051282,0.019990,0.083190,74,186,0
115,59,4,0.051282,0.015654,0.083360,74,184,0
115,60,4,0.051282,0.020193,0.098997,74,193,0
115,61,4,0.051282,0.028587,0.095616,74,190,0
115,62,4,0.051282,0.024537,0.081109,74,186,0
115,63,4,0.051282,0.017220,0.084865,74,189,0
115,64,4,0.051282,0.015940,0.090694,74,195,0
115,65,3,0.038462,0.016374,0.166232,75,251,1
115,66,3,0.038462,0.019901,0.155796,75,251,1
115,67,3,0.038462,0.016964,0.159302,75,261,1
115,68,3,0.038462,0.014304,0.160677,75,264,1
115,69,3,0.038462,0.014965,0.148547,75,250,1
115,70,3,0.038462,0.012533,0.149942,75,258,1
115,71,3,0.038462,0.025883,0.154551,75,263,1
115,72,3,0.038462,0.032151,0.155026,75,260,1
115,73,3,0.038462,0.028849,0.142924,75,262,1
115,74,3,0.038462,0.022839,0.154578,75,274,1
115,75,3,0.038462,0.020459,0.154578,75,266,1
115,76,3,0.038462,0.010016,0.146183,75,270,1
115,77,3,0.038462,0.010060,0.151808,75,262,1
115,78,13,0.166667,0.110051,0.245298,65,159,0
116,0,4,0.051282,0.032752,0.138824,74,266,0
116,1,4,0.051282,0.034669,0.131255,74,186,1
116,2,4,0.051282,0.041208,0.148961,74,255,0
116,3,4,0.051282,0.043250,0.152895,74,195,0
116,4,4,0.051282,0.042225,0.151966,74,246,1
116,5,4,0.051282,0.039587,0.149149,74,208,1
116,6,4,0.051282,0.042603,0.153734,74,252,0
116,7,4,0.051282,0.042099,0.163424,74,202,0
116,8,4,0.051282,0.042099,0.149670,74,246,1
116,9,4,0.051282,0.039822,0.154276,74,209,1
116,10,4,0.051282,0.040639,0.140522,74,230,0
116,11,4,0.051282,0.042099,0.142644,74,214,0
116,12,4,0.051282,0.042099,0.143382,74,201,1
116,13,4,0.051282,0.030195,0.133581,74,232,0
116,14,4,0.051282,0.031913,0.128326,74,188,1
116,15,4,0.051282,0.027101,0.112252,74,232,0
116,16,4,0.051282,0.028993,0.125353,74,187,0
116,17,4,0.051282,0.047723,0.152895,74,231,1
116,18,4,0.051282,0.042792,0.136351,74,204,1
116,19,4,0.051282,0.038237,0.131078,74,224,0
116,20,4,0.051282,0.037625,0.149318,74,192,0
116,21,4,0.051282,0.031377,0.141619,74,227,1
116,22,4,0.051282,0.031532,0.135113,74,208,1
116,23,4,0.051282,0.032796,0.141872,74,206,0
116,24,4,0.051282,0.027848,0.152817,74,203,0
116,25,4,0.051282,0.027070,0.142120,74,197,1
116,26,4,0.051282,0.023788,0.112175,74,242,0
116,27,4,0.051282,0.016065,0.115902,74,202,0
116,28,4,0.051282,0.030579,0.129906,74,234,0
116,29,4,0.051282,0.039598,0.134586,74,195,0
116,30,4,0.051282,0.026589,0.107003,74,238,1
116,31,4,0.051282,0.021931,0.102086,74,207,1
116,32,4,0.051282,0.021962,0.120030,74,226,0
116,33,4,0.051282,0.027949,0.108510,74,204,0
116,34,4,0.051282,0.038406,0.119306,74,230,1
116,35,4,0.051282,0.029737,0.120621,74,206,1
116,36,4,0.051282,0.029909,0.113861,74,231,0
116,37,4,0.051282,0.029473,0.108108,74,213,0
116,38,4,0.051282,0.030214,0.123484,74,209,1
116,39,4,0.051282,0.042744,0.101533,74,222,1
116,40,4,0.051282,0.030579,0.101765,74,196,1
116,41,4,0.051282,0.015863,0.087464,74,220,0
116,42,4,0.051282,0.020691,0.108688,74,206,0
116,43,4,0.051282,0.013924,0.105863,74,230,1
116,44,4,0.051282,0.024622,0.091325,74,196,1
116,45,4,0.051282,0.020885,0.099923,74,219,0
116,46,4,0.051282,0.019695,0.104255,74,206,0
116,47,4,0.051282,0.015486,0.093586,74,225,1
116,48,4,0.051282,0.021084,0.098666,74,210,1
116,49,4,0.051282,0.028702,0.106747,74,206,0
116,50,4,0.051282,0.034139,0.102758,74,213,0
116,51,4,0.051282,0.034176,0.096866,74,200,1
116,52,4,0.051282,0.033411,0.090872,74,197,0
116,53,4,0.051282,0.028232,0.086839,74,190,0
116,54,4,0.051282,0.013987,0.081251,74,201,0
116,55,4,0.051282,0.017638,0.089070,74,196,0
116,56,4,0.051282,0.024900,0.092824,74,197,0
116,57,4,0.051282,0.021236,0.077203,74,199,0
116,58,4,0.051282,0.024798,0.083445,74,186,0
116,59,4,0.051282,0.020678,0.075201,74,184,0
116,60,4,0.051282,0.014361,0.088415,74,193,0
116,61,4,0.051282,0.027018,0.096795,74,190,0
116,62,4,0.051282,0.021998,0.089992,74,186,0
116,63,4,0.051282,0.015486,0.086268,74,189,0
116,64,4,0.051282,0.019778,0.091423,74,195,0
116,65,3,0.038462,0.014161,0.154626,75,252,1
116,66,3,0.038462,0.013987,0.156154,75,252,1
116,67,3,0.038462,0.014072,0.158224,75,262,1
116,68,3,0.038462,0.025615,0.167066,75,265,1
116,69,3,0.038462,0.018241,0.147071,75,251,1
116,70,3,0.038462,0.012063,0.147540,75,259,1
116,71,3,0.038462,0.026383,0.157009,75,264,1
116,72,3,0.038462,0.026824,0.148016,75,261,1
116,73,3,0.038462,0.027549,0.144919,75,263,1
116,74,3,0.038462,0.025675,0.155551,75,275,1
116,75,3,0.038462,0.020824,0.155551,75,267,1
116,76,3,0.038462,0.007758,0.142894,75,271,1
116,77,3,0.038462,0.009057,0.146239,75,263,1
116,78,13,0.166667,0.108755,0.242210,65,159,0
117,0,4,0.051282,0.029657,0.145443,74,266,0
117,1,4,0.051282,0.041080,0.135604,74,187,1
117,2,4,0.051282,0.039993,0.157017,74,255,0
117,3,4,0.051282,0.034713,0.149559,74,195,1
117,4,4,0.051282,0.044109,0.140382,74,247,0
117,5,4,0.051282,0.034917,0.144510,74,209,1
117,6,4,0.051282,0.040708,0.157538,74,252,0
117,7,4,0.051282,0.041486,0.161736,74,202,1
117,8,4,0.051282,0.041486,0.164473,74,247,0
117,9,4,0.051282,0.048186,0.139955,74,210,1
117,10,4,0.051282,0.045914,0.142692,74,230,0
117,11,4,0.051282,0.041486,0.137050,74,214,1
117,12,4,0.051282,0.041486,0.154545,74,202,0
117,13,4,0.051282,0.034713,0.129880,74,232,0
117,14,4,0.051282,0.040587,0.140387,74,189,1
117,15,4,0.051282,0.031241,0.111020,74,232,0
117,16,4,0.051282,0.029063,0.131241,74,187,1
117,17,4,0.051282,0.041080,0.149559,74,232,0
117,18,4,0.051282,0.040433,0.138030,74,205,1
117,19,4,0.051282,0.032569,0.129486,74,224,0
117,20,4,0.051282,0.035120,0.132368,74,192,1
117,21,4,0.051282,0.035061,0.138236,74,228,0
117,22,4,0.051282,0.034002,0.139117,74,209,1
117,23,4,0.051282,0.020764,0.157635,74,206,0
117,24,4,0.051282,0.046381,0.157480,74,203,1
117,25,4,0.051282,0.019018,0.135699,74,198,0
117,26,4,0.051282,0.041100,0.113531,74,242,0
117,27,4,0.051282,0.012495,0.115114,74,202,1
117,28,4,0.051282,0.029637,0.133601,74,234,0
117,29,4,0.051282,0.041592,0.120561,74,195,1
117,30,4,0.051282,0.016374,0.110956,74,239,0
117,31,4,0.051282,0.022529,0.110849,74,208,1
117,32,4,0.051282,0.027693,0.124314,74,226,0
117,33,4,0.051282,0.031768,0.117268,74,204,1
117,34,4,0.051282,0.030400,0.124032,74,231,0
117,35,4,0.051282,0.023854,0.115227,74,207,1
117,36,4,0.051282,0.024803,0.096709,74,231,0
117,37,4,0.051282,0.023497,0.104788,74,213,1
117,38,4,0.051282,0.044109,0.132011,74,210,0
117,39,4,0.051282,0.023374,0.105366,74,223,0
117,40,4,0.051282,0.015414,0.109926,74,197,0
117,41,4,0.051282,0.025786,0.085093,74,220,0
117,42,4,0.051282,0.028468,0.116012,74,206,0
117,43,4,0.051282,0.021395,0.109255,74,231,0
117,44,4,0.051282,0.037167,0.079816,74,197,1
117,45,4,0.051282,0.021254,0.088995,74,219,0
117,46,4,0.051282,0.018306,0.091556,74,206,0
117,47,4,0.051282,0.019732,0.087415,74,226,0
117,48,4,0.051282,0.012712,0.094564,74,211,0
117,49,4,0.051282,0.040640,0.110031,74,206,0
117,50,4,0.051282,0.024226,0.113974,74,213,0
117,51,4,0.051282,0.030977,0.095306,74,201,0
117,52,4,0.051282,0.031497,0.084289,74,197,1
117,53,4,0.051282,0.027802,0.076962,74,190,1
117,54,4,0.051282,0.007692,0.065229,74,201,0
117,55,4,0.051282,0.023477,0.093330,74,196,1
117,56,4,0.051282,0.027041,0.109265,74,197,1
117,57,4,0.051282,0.022266,0.083012,74,199,1
117,58,4,0.051282,0.014794,0.084610,74,186,0
117,59,4,0.051282,0.012418,0.086764,74,184,1
117,60,4,0.051282,0.017742,0.081872,74,193,1
117,61,4,0.051282,0.020345,0.103230,74,190,1
117,62,4,0.051282,0.027274,0.084729,74,186,1
117,63,4,0.051282,0.019732,0.082736,74,189,1
117,64,4,0.051282,0.021723,0.083909,74,195,1
117,65,3,0.038462,0.023685,0.165757,75,253,0
117,66,3,0.038462,0.007692,0.153668,75,253,0
117,67,3,0.038462,0.004117,0.164547,75,263,0
117,68,3,0.038462,0.032715,0.173017,75,266,0
117,69,3,0.038462,0.024876,0.150373,75,252,0
117,70,3,0.038462,0.004956,0.136966,75,260,0
117,71,3,0.038462,0.031857,0.157090,75,265,0
117,72,3,0.038462,0.029777,0.159262,75,262,0
117,73,3,0.038462,0.020761,0.146629,75,264,0
117,74,3,0.038462,0.029775,0.156547,75,276,0
117,75,3,0.038462,0.009479,0.156547,75,268,0
117,76,3,0.038462,0.009564,0.153944,75,272,0
117,77,3,0.038462,0.011266,0.161485,75,264,0
117,78,13,0.166667,0.114479,0.240519,65,159,1
118,0,4,0.051282,0.029393,0.145493,74,266,0
118,1,4,0.051282,0.042196,0.133930,74,188,0
118,2,4,0.051282,0.041790,0.159538,74,255,1
118,3,4,0.051282,0.032115,0.148622,74,196,1
118,4,4,0.051282,0.044919,0.136529,74,247,0
118,5,4,0.051282,0.035684,0.148134,74,210,0
118,6,4,0.051282,0.041355,0.150418,74,252,1
118,7,4,0.051282,0.042552,0.166935,74,203,1
118,8,4,0.051282,0.042552,0.157054,74,247,0
118,9,4,0.051282,0.045589,0.145828,74,211,0
118,10,4,0.051282,0.040680,0.135947,74,230,1
118,11,4,0.051282,0.042552,0.140901,74,215,1
118,12,4,0.051282,0.042552,0.152149,74,202,0
118,13,4,0.051282,0.032115,0.125750,74,232,0
118,14,4,0.051282,0.041790,0.142771,74,190,0
118,15,4,0.051282,0.030633,0.114659,74,232,1
118,16,4,0.051282,0.029393,0.127180,74,188,0
118,17,4,0.051282,0.042196,0.148622,74,232,0
118,18,4,0.051282,0.039868,0.137252,74,206,0
118,19,4,0.051282,0.034356,0.134101,74,224,1
118,20,4,0.051282,0.032470,0.136169,74,193,1
118,21,4,0.051282,0.037269,0.141452,74,228,0
118,22,4,0.051282,0.029277,0.133633,74,210,0
118,23,4,0.051282,0.029436,0.149080,74,206,1
118,24,4,0.051282,0.039480,0.156219,74,204,1
118,25,4,0.051282,0.018529,0.135111,74,198,0
118,26,4,0.051282,0.040714,0.119404,74,242,1
118,27,4,0.051282,0.010318,0.112668,74,203,0
118,28,4,0.051282,0.030875,0.130491,74,234,1
118,29,4,0.051282,0.041121,0.114113,74,196,1
118,30,4,0.051282,0.012155,0.109171,74,239,0
118,31,4,0.051282,0.026460,0.116924,74,209,0
118,32,4,0.051282,0.023232,0.116598,74,226,1
118,33,4,0.051282,0.032835,0.111336,74,205,1
118,34,4,0.051282,0.036544,0.120641,74,231,0
118,35,4,0.051282,0.026368,0.121369,74,208,0
118,36,4,0.051282,0.028365,0.105922,74,231,1
118,37,4,0.051282,0.023514,0.105875,74,214,1
118,38,4,0.051282,0.034572,0.131380,74,210,0
118,39,4,0.051282,0.020607,0.101636,74,223,0
118,40,4,0.051282,0.022096,0.111501,74,197,0
118,41,4,0.051282,0.029313,0.086979,74,220,0
118,42,4,0.051282,0.026126,0.116576,74,206,0
118,43,4,0.051282,0.019195,0.110976,74,231,0
118,44,4,0.051282,0.026738,0.086665,74,198,0
118,45,4,0.051282,0.022622,0.102317,74,219,1
118,46,4,0.051282,0.021183,0.092783,74,206,0
118,47,4,0.051282,0.012676,0.085845,74,226,0
118,48,4,0.051282,0.020715,0.101887,74,211,0
118,49,4,0.051282,0.034955,0.111228,74,206,1
118,50,4,0.051282,0.027508,0.101570,74,213,1
118,51,4,0.051282,0.037401,0.093125,74,201,0
118,52,4,0.051282,0.029074,0.081310,74,198,1
118,53,4,0.051282,0.029997,0.079916,74,191,1
118,54,4,0.051282,0.010838,0.075532,74,201,1
118,55,4,0.051282,0.020200,0.081476,74,197,1
118,56,4,0.051282,0.034633,0.099169,74,198,1
118,57,4,0.051282,0.020204,0.087250,74,200,0
118,58,4,0.051282,0.021720,0.087550,74,186,1
118,59,4,0.051282,0.016820,0.075213,74,185,1
118,60,4,0.051282,0.009452,0.088377,74,194,0
118,61,4,0.051282,0.029286,0.103227,74,191,0
118,62,4,0.051282,0.028570,0.092545,74,187,1
118,63,4,0.051282,0.012676,0.088805,74,190,1
118,64,4,0.051282,0.021003,0.086003,74,196,0
118,65,3,0.038462,0.026868,0.157965,75,253,0
118,66,3,0.038462,0.010838,0.147681,75,253,0
118,67,3,0.038462,0.003129,0.157969,75,263,0
118,68,3,0.038462,0.022250,0.171475,75,266,0
118,69,3,0.038462,0.014807,0.144788,75,252,0
118,70,3,0.038462,0.015860,0.140326,75,260,0
118,71,3,0.038462,0.032186,0.157258,75,265,0
118,72,3,0.038462,0.029611,0.151852,75,262,0
118,73,3,0.038462,0.028536,0.137264,75,264,0
118,74,3,0.038462,0.024237,0.158057,75,276,0
118,75,3,0.038462,0.013464,0.158057,75,268,0
118,76,3,0.038462,0.010076,0.138223,75,272,0
118,77,3,0.038462,0.010192,0.149014,75,264,0
118,78,13,0.166667,0.107768,0.242054,65,160,1
119,0,4,0.051282,0.033754,0.145254,74,266,0
119,1,4,0.051282,0.036844,0.135940,74,188,1
119,2,4,0.051282,0.042191,0.148309,74,256,0
119,3,4,0.051282,0.038655,0.150998,74,197,1
119,4,4,0.051282,0.041745,0.145605,74,247,0
119,5,4,0.051282,0.033151,0.144551,74,210,1
119,6,4,0.051282,0.039275,0.150268,74,253,0
119,7,4,0.051282,0.043202,0.166820,74,204,1
119,8,4,0.051282,0.043202,0.158442,74,247,0
119,9,4,0.051282,0.044933,0.144016,74,211,1
119,10,4,0.051282,0.039820,0.135638,74,231,0
119,11,4,0.051282,0.043202,0.142875,74,216,1
119,12,4,0.051282,0.043202,0.154433,74,202,0
119,13,4,0.051282,0.032465,0.133134,74,232,0
119,14,4,0.051282,0.036001,0.140353,74,190,1
119,15,4,0.051282,0.027529,0.113374,74,233,0
119,16,4,0.051282,0.033754,0.129432,74,188,1
119,17,4,0.051282,0.043034,0.150998,74,232,0
119,18,4,0.051282,0.042313,0.136742,74,206,1
119,19,4,0.051282,0.035555,0.130869,74,225,0
119,20,4,0.051282,0.029993,0.138547,74,194,1
119,21,4,0.051282,0.038839,0.139561,74,228,0
119,22,4,0.051282,0.029871,0.130144,74,210,1
119,23,4,0.051282,0.029366,0.152757,74,207,0
119,24,4,0.051282,0.042045,0.156188,74,205,1
119,25,4,0.051282,0.017632,0.133384,74,198,0
119,26,4,0.051282,0.033184,0.121110,74,243,0
119,27,4,0.051282,0.018285,0.113750,74,203,1
119,28,4,0.051282,0.031223,0.128897,74,235,0
119,29,4,0.051282,0.039350,0.120148,74,197,1
119,30,4,0.051282,0.020749,0.112891,74,239,0
119,31,4,0.051282,0.025094,0.102311,74,209,1
119,32,4,0.051282,0.024053,0.109405,74,227,0
119,33,4,0.051282,0.029790,0.113511,74,206,1
119,34,4,0.051282,0.032852,0.125550,74,231,0
119,35,4,0.051282,0.027691,0.123324,74,208,0
119,36,4,0.051282,0.026996,0.100711,74,232,0
119,37,4,0.051282,0.023366,0.108923,74,215,0
119,38,4,0.051282,0.036932,0.138727,74,210,0
119,39,4,0.051282,0.030116,0.096577,74,223,0
119,40,4,0.051282,0.031223,0.103490,74,197,1
119,41,4,0.051282,0.023640,0.094293,74,220,0
119,42,4,0.051282,0.020132,0.118794,74,206,1
119,43,4,0.051282,0.014533,0.106453,74,231,0
119,44,4,0.051282,0.019361,0.082624,74,198,1
119,45,4,0.051282,0.015587,0.111238,74,220,0
119,46,4,0.051282,0.029012,0.097759,74,206,1
119,47,4,0.051282,0.017104,0.084262,74,226,0
119,48,4,0.051282,0.017860,0.101346,74,211,1
119,49,4,0.051282,0.042816,0.114919,74,207,1
119,50,4,0.051282,0.024501,0.103478,74,214,1
119,51,4,0.051282,0.035347,0.091125,74,201,1
119,52,4,0.051282,0.032821,0.085293,74,199,0
119,53,4,0.051282,0.021182,0.080605,74,192,0
119,54,4,0.051282,0.006262,0.070342,74,202,0
119,55,4,0.051282,0.017760,0.083890,74,198,0
119,56,4,0.051282,0.032039,0.101624,74,199,0
119,57,4,0.051282,0.029732,0.085769,74,200,0
119,58,4,0.051282,0.021086,0.077997,74,187,0
119,59,4,0.051282,0.019553,0.074823,74,186,0
119,60,4,0.051282,0.012119,0.090670,74,194,0
119,61,4,0.051282,0.028721,0.107348,74,191,0
119,62,4,0.051282,0.029210,0.090007,74,188,0
119,63,4,0.051282,0.011553,0.087021,74,191,0
119,64,4,0.051282,0.021575,0.087817,74,196,0
119,65,3,0.038462,0.021105,0.145775,75,253,1
119,66,3,0.038462,0.006262,0.145917,75,253,1
119,67,3,0.038462,0.005744,0.157748,75,263,1
119,68,3,0.038462,0.027676,0.171695,75,266,1
119,69,3,0.038462,0.018136,0.144147,75,252,1
119,70,3,0.038462,0.013497,0.134182,75,260,1
119,71,3,0.038462,0.040798,0.165287,75,265,1
119,72,3,0.038462,0.024805,0.150992,75,262,1
119,73,3,0.038462,0.025049,0.137940,75,264,1
119,74,3,0.038462,0.027280,0.157131,75,276,1
119,75,3,0.038462,0.008148,0.157131,75,268,1
119,76,3,0.038462,0.012353,0.140528,75,272,1
119,77,3,0.038462,0.009520,0.147597,75,264,1
119,78,13,0.166667,0.106834,0.240372,65,161,0
120,0,4,0.051282,0.033865,0.145649,74,266,1
120,1,4,0.051282,0.035791,0.136017,74,189,0
120,2,4,0.051282,0.046027,0.148829,74,256,0
120,3,4,0.051282,0.038924,0.149432,74,198,0
120,4,4,0.051282,0.040851,0.148793,74,247,1
120,5,4,0.051282,0.038683,0.148338,74,211,1
120,6,4,0.051282,0.031466,0.144159,74,253,0
120,7,4,0.051282,0.044559,0.163629,74,205,0
120,8,4,0.051282,0.044559,0.152332,74,247,1
120,9,4,0.051282,0.035946,0.147531,74,212,1
120,10,4,0.051282,0.041694,0.136234,74,231,0
120,11,4,0.051282,0.044559,0.146072,74,217,0
120,12,4,0.051282,0.044559,0.147708,74,202,1
120,13,4,0.051282,0.029966,0.127649,74,232,1
120,14,4,0.051282,0.037068,0.140589,74,191,0
120,15,4,0.051282,0.026160,0.114864,74,233,0
120,16,4,0.051282,0.033865,0.131452,74,189,0
120,17,4,0.051282,0.044750,0.149432,74,232,1
120,18,4,0.051282,0.037287,0.130350,74,207,1
120,19,4,0.051282,0.044686,0.131995,74,225,0
120,20,4,0.051282,0.031445,0.136878,74,195,0
120,21,4,0.051282,0.033469,0.148339,74,228,1
120,22,4,0.051282,0.032244,0.124921,74,211,1
120,23,4,0.051282,0.029686,0.151110,74,207,0
120,24,4,0.051282,0.031770,0.156707,74,206,0
120,25,4,0.051282,0.023485,0.140609,74,198,1
120,26,4,0.051282,0.035339,0.121972,74,243,1
120,27,4,0.051282,0.016111,0.111866,74,204,0
120,28,4,0.051282,0.025359,0.125800,74,235,0
120,29,4,0.051282,0.036822,0.119748,74,198,0
120,30,4,0.051282,0.021397,0.115723,74,239,1
120,31,4,0.051282,0.024278,0.117276,74,210,1
120,32,4,0.051282,0.027498,0.114650,74,227,0
120,33,4,0.051282,0.029127,0.116485,74,207,0
120,34,4,0.051282,0.030072,0.114683,74,231,1
120,35,4,0.051282,0.033088,0.128549,74,208,1
120,36,4,0.051282,0.024262,0.102359,74,232,0
120,37,4,0.051282,0.030095,0.105688,74,215,0
120,38,4,0.051282,0.037518,0.123777,74,210,1
120,39,4,0.051282,0.027902,0.096683,74,223,1
120,40,4,0.051282,0.025359,0.101614,74,198,0
120,41,4,0.051282,0.027838,0.093097,74,220,0
120,42,4,0.051282,0.025681,0.113500,74,207,0
120,43,4,0.051282,0.017130,0.100728,74,231,1
120,44,4,0.051282,0.026087,0.081178,74,199,1
120,45,4,0.051282,0.018592,0.108222,74,220,0
120,46,4,0.051282,0.024732,0.094307,74,207,0
120,47,4,0.051282,0.021136,0.092401,74,226,1
120,48,4,0.051282,0.019032,0.098274,74,212,1
120,49,4,0.051282,0.035585,0.117120,74,208,0
120,50,4,0.051282,0.026737,0.107697,74,215,0
120,51,4,0.051282,0.027598,0.097370,74,202,1
120,52,4,0.051282,0.031957,0.086920,74,199,1
120,53,4,0.051282,0.026289,0.082029,74,192,0
120,54,4,0.051282,0.008959,0.068775,74,202,0
120,55,4,0.051282,0.017461,0.089318,74,198,0
120,56,4,0.051282,0.024807,0.102730,74,199,1
120,57,4,0.051282,0.026418,0.081184,74,200,1
120,58,4,0.051282,0.019362,0.081318,74,187,0
120,59,4,0.051282,0.017318,0.084278,74,186,0
120,60,4,0.051282,0.018031,0.092316,74,194,1
120,61,4,0.051282,0.024437,0.099346,74,191,1
120,62,4,0.051282,0.027151,0.084772,74,188,0
120,63,4,0.051282,0.015861,0.083280,74,191,0
120,64,4,0.051282,0.022077,0.091971,74,196,1
120,65,3,0.038462,0.022506,0.154194,75,254,1
120,66,3,0.038462,0.008959,0.151360,75,254,0
120,67,3,0.038462,0.003783,0.163151,75,264,0
120,68,3,0.038462,0.026922,0.167209,75,267,0
120,69,3,0.038462,0.021780,0.145223,75,253,1
120,70,3,0.038462,0.008371,0.138765,75,261,1
120,71,3,0.038462,0.030971,0.161299,75,266,0
120,72,3,0.038462,0.025395,0.153282,75,263,0
120,73,3,0.038462,0.024232,0.143624,75,265,1
120,74,3,0.038462,0.027829,0.156958,75,277,1
120,75,3,0.038462,0.014198,0.156958,75,269,0
120,76,3,0.038462,0.015452,0.150551,75,273,0
120,77,3,0.038462,0.010314,0.153457,75,265,1
120,78,13,0.166667,0.110444,0.240712,65,161,0
121,0,4,0.051282,0.033417,0.144016,74,267,0
121,1,4,0.051282,0.037175,0.135650,74,189,1
121,2,4,0.051282,0.039444,0.151237,74,256,0
121,3,4,0.051282,0.042051,0.158452,74,198,0
121,4,4,0.051282,0.045809,0.144240,74,248,1
121,5,4,0.051282,0.046290,0.151353,74,212,1
121,6,4,0.051282,0.043615,0.151105,74,253,0
121,7,4,0.051282,0.040256,0.167192,74,205,0
121,8,4,0.051282,0.040256,0.148186,74,248,1
121,9,4,0.051282,0.036441,0.150303,74,213,1
121,10,4,0.051282,0.039929,0.131297,74,231,0
121,11,4,0.051282,0.040256,0.139018,74,217,0
121,12,4,0.051282,0.040256,0.146617,74,203,1
121,13,4,0.051282,0.033980,0.132114,74,233,0
121,14,4,0.051282,0.031373,0.135381,74,191,1
121,15,4,0.051282,0.028809,0.127092,74,233,0
121,16,4,0.051282,0.033417,0.128023,74,189,0
121,17,4,0.051282,0.045246,0.151199,74,233,1
121,18,4,0.051282,0.036399,0.135701,74,208,1
121,19,4,0.051282,0.039486,0.133938,74,225,0
121,20,4,0.051282,0.028516,0.129726,74,195,0
121,21,4,0.051282,0.035881,0.149879,74,229,1
121,22,4,0.051282,0.031974,0.130996,74,212,1
121,23,4,0.051282,0.027273,0.149866,74,207,0
121,24,4,0.051282,0.039159,0.151424,74,206,0
121,25,4,0.051282,0.022626,0.134535,74,199,1
121,26,4,0.051282,0.033401,0.119218,74,244,0
121,27,4,0.051282,0.022943,0.123844,74,204,1
121,28,4,0.051282,0.029120,0.127098,74,235,0
121,29,4,0.051282,0.029945,0.132250,74,198,0
121,30,4,0.051282,0.015396,0.105594,74,240,0
121,31,4,0.051282,0.020684,0.121100,74,211,1
121,32,4,0.051282,0.023522,0.116037,74,227,0
121,33,4,0.051282,0.038948,0.122032,74,207,0
121,34,4,0.051282,0.028265,0.109972,74,232,1
121,35,4,0.051282,0.030522,0.119179,74,209,1
121,36,4,0.051282,0.023930,0.100308,74,232,0
121,37,4,0.051282,0.030420,0.102617,74,215,0
121,38,4,0.051282,0.042647,0.123069,74,211,1
121,39,4,0.051282,0.027977,0.105703,74,224,0
121,40,4,0.051282,0.029120,0.107444,74,198,1
121,41,4,0.051282,0.033077,0.093584,74,220,0
121,42,4,0.051282,0.025309,0.093250,74,207,1
121,43,4,0.051282,0.025046,0.107519,74,232,1
121,44,4,0.051282,0.030206,0.097657,74,200,1
121,45,4,0.051282,0.019728,0.099222,74,220,0
121,46,4,0.051282,0.018352,0.079564,74,207,0
121,47,4,0.051282,0.015859,0.097178,74,227,1
121,48,4,0.051282,0.017458,0.095268,74,213,1
121,49,4,0.051282,0.032692,0.120985,74,208,0
121,50,4,0.051282,0.023945,0.105128,74,215,0
121,51,4,0.051282,0.028251,0.092159,74,203,1
121,52,4,0.051282,0.022461,0.090408,74,200,0
121,53,4,0.051282,0.029453,0.090507,74,192,1
121,54,4,0.051282,0.022461,0.095051,74,202,0
121,55,4,0.051282,0.023363,0.088425,74,198,0
121,56,4,0.051282,0.021991,0.088369,74,200,0
121,57,4,0.051282,0.020504,0.090862,74,201,1
121,58,4,0.051282,0.022553,0.089545,74,187,0
121,59,4,0.051282,0.015264,0.079200,74,186,0
121,60,4,0.051282,0.013911,0.074636,74,195,0
121,61,4,0.051282,0.027511,0.099478,74,192,1
121,62,4,0.051282,0.025263,0.088161,74,188,0
121,63,4,0.051282,0.012546,0.075854,74,191,0
121,64,4,0.051282,0.020305,0.081224,74,197,1
121,65,3,0.038462,0.015017,0.163017,75,255,0
121,66,3,0.038462,0.022461,0.155123,75,254,1
121,67,3,0.038462,0.014437,0.160158,75,264,0
121,68,3,0.038462,0.013518,0.154653,75,267,1
121,69,3,0.038462,0.020385,0.148827,75,254,1
121,70,3,0.038462,0.013264,0.155215,75,262,1
121,71,3,0.038462,0.023621,0.158216,75,266,0
121,72,3,0.038462,0.031189,0.146103,75,263,1
121,73,3,0.038462,0.017909,0.138011,75,266,1
121,74,3,0.038462,0.028618,0.158017,75,278,1
121,75,3,0.038462,0.023438,0.158017,75,269,0
121,76,3,0.038462,0.001150,0.144416,75,273,0
121,77,3,0.038462,0.013835,0.148010,75,266,1
121,78,13,0.166667,0.110201,0.238842,65,161,0
122,0,4,0.051282,0.031233,0.141999,74,267,0
122,1,4,0.051282,0.038427,0.134654,74,190,1
122,2,4,0.051282,0.036474,0.151810,74,256,0
122,3,4,0.051282,0.038634,0.154122,74,198,1
122,4,4,0.051282,0.045828,0.140974,74,249,0
122,5,4,0.051282,0.041838,0.147992,74,213,0
122,6,4,0.051282,0.044194,0.151536,74,253,1
122,7,4,0.051282,0.042058,0.163368,74,205,1
122,8,4,0.051282,0.042058,0.152647,74,249,0
122,9,4,0.051282,0.037609,0.148981,74,214,0
122,10,4,0.051282,0.040836,0.138259,74,231,1
122,11,4,0.051282,0.042058,0.142745,74,217,1
122,12,4,0.051282,0.042058,0.150083,74,204,0
122,13,4,0.051282,0.035866,0.133726,74,233,0
122,14,4,0.051282,0.033706,0.134598,74,192,1
122,15,4,0.051282,0.031081,0.122551,74,233,0
122,16,4,0.051282,0.031233,0.129824,74,189,1
122,17,4,0.051282,0.041195,0.151193,74,234,0
122,18,4,0.051282,0.037840,0.134070,74,209,0
122,19,4,0.051282,0.036243,0.130165,74,225,1
122,20,4,0.051282,0.029049,0.130571,74,195,1
122,21,4,0.051282,0.034288,0.150634,74,230,0
122,22,4,0.051282,0.034250,0.131788,74,213,0
122,23,4,0.051282,0.027707,0.152791,74,207,1
122,24,4,0.051282,0.039482,0.152488,74,206,1
122,25,4,0.051282,0.024342,0.138100,74,200,0
122,26,4,0.051282,0.035741,0.122570,74,244,0
122,27,4,0.051282,0.021983,0.126492,74,205,0
122,28,4,0.051282,0.031151,0.134008,74,235,0
122,29,4,0.051282,0.034682,0.127520,74,198,1
122,30,4,0.051282,0.017022,0.102967,74,240,0
122,31,4,0.051282,0.020304,0.119923,74,212,0
122,32,4,0.051282,0.022251,0.115141,74,227,0
122,33,4,0.051282,0.035819,0.119058,74,207,1
122,34,4,0.051282,0.025663,0.108254,74,233,0
122,35,4,0.051282,0.030415,0.117984,74,210,0
122,36,4,0.051282,0.024506,0.096981,74,232,1
122,37,4,0.051282,0.030700,0.104910,74,215,1
122,38,4,0.051282,0.042709,0.125173,74,212,0
122,39,4,0.051282,0.026514,0.104634,74,224,0
122,40,4,0.051282,0.031151,0.110067,74,199,1
122,41,4,0.051282,0.033030,0.089993,74,220,1
122,42,4,0.051282,0.026481,0.095913,74,208,1
122,43,4,0.051282,0.023944,0.108654,74,233,0
122,44,4,0.051282,0.031311,0.097292,74,201,1
122,45,4,0.051282,0.019569,0.098451,74,220,1
122,46,4,0.051282,0.016204,0.083090,74,207,1
122,47,4,0.051282,0.019631,0.097664,74,228,0
122,48,4,0.051282,0.011739,0.090023,74,214,0
122,49,4,0.051282,0.034465,0.116390,74,208,1
122,50,4,0.051282,0.023519,0.107290,74,215,1
122,51,4,0.051282,0.026649,0.093966,74,204,0
122,52,4,0.051282,0.021588,0.093339,74,200,0
122,53,4,0.051282,0.023164,0.107456,74,193,0
122,54,4,0.051282,0.021588,0.093661,74,202,0
122,55,4,0.051282,0.024805,0.089937,74,198,0
122,56,4,0.051282,0.021563,0.090343,74,200,0
122,57,4,0.051282,0.024542,0.090180,74,202,0
122,58,4,0.051282,0.022303,0.085477,74,187,0
122,59,4,0.051282,0.013349,0.064154,74,186,0
122,60,4,0.051282,0.018842,0.074253,74,195,0
122,61,4,0.051282,0.023190,0.101032,74,193,0
122,62,4,0.051282,0.020963,0.082562,74,188,0
122,63,4,0.051282,0.017796,0.074529,74,191,0
122,64,4,0.051282,0.020076,0.080515,74,198,0
122,65,3,0.038462,0.035789,0.160632,75,255,1
122,66,3,0.038462,0.021588,0.155838,75,255,1
122,67,3,0.038462,0.012122,0.160369,75,264,1
122,68,3,0.038462,0.014119,0.155814,75,268,1
122,69,3,0.038462,0.003690,0.150817,75,255,1
122,70,3,0.038462,0.009611,0.156554,75,263,1
122,71,3,0.038462,0.025458,0.160396,75,266,1
122,72,3,0.038462,0.033539,0.153068,75,264,1
122,73,3,0.038462,0.016889,0.143809,75,267,1
122,74,3,0.038462,0.032815,0.155930,75,279,1
122,75,3,0.038462,0.021540,0.155930,75,269,1
122,76,3,0.038462,0.000991,0.151581,75,273,1
122,77,3,0.038462,0.011359,0.151423,75,267,1
122,78,13,0.166667,0.112663,0.239510,65,161,0
123,0,4,0.051282,0.028466,0.142312,74,267,0
123,1,4,0.051282,0.036016,0.139087,74,191,0
123,2,4,0.051282,0.037300,0.155051,74,256,0
123,3,4,0.051282,0.040530,0.153092,74,199,0
123,4,4,0.051282,0.048080,0.152174,74,249,1
123,5,4,0.051282,0.039744,0.142526,74,213,1
123,6,4,0.051282,0.037152,0.155111,74,254,0
123,7,4,0.051282,0.042392,0.153664,74,206,0
123,8,4,0.051282,0.042392,0.157134,74,249,1
123,9,4,0.051282,0.039109,0.142441,74,214,1
123,10,4,0.051282,0.046792,0.145912,74,232,0
123,11,4,0.051282,0.042392,0.141239,74,218,0
123,12,4,0.051282,0.042392,0.143098,74,204,1
123,13,4,0.051282,0.040530,0.126921,74,233,1
123,14,4,0.051282,0.038164,0.130247,74,193,1
123,15,4,0.051282,0.032790,0.124204,74,233,0
123,16,4,0.051282,0.027602,0.132463,74,190,0
123,17,4,0.051282,0.036016,0.143814,74,234,1
123,18,4,0.051282,0.041127,0.137785,74,209,1
123,19,4,0.051282,0.035283,0.126078,74,226,0
123,20,4,0.051282,0.041650,0.142088,74,196,0
123,21,4,0.051282,0.027176,0.146237,74,230,1
123,22,4,0.051282,0.035131,0.140250,74,213,1
123,23,4,0.051282,0.023214,0.141403,74,208,0
123,24,4,0.051282,0.030700,0.152462,74,207,0
123,25,4,0.051282,0.029279,0.141239,74,200,1
123,26,4,0.051282,0.033596,0.128801,74,244,0
123,27,4,0.051282,0.022739,0.122689,74,205,0
123,28,4,0.051282,0.030885,0.131617,74,235,0
123,29,4,0.051282,0.027636,0.126601,74,199,0
123,30,4,0.051282,0.022321,0.110506,74,240,0
123,31,4,0.051282,0.025706,0.121525,74,212,0
123,32,4,0.051282,0.032447,0.119897,74,227,0
123,33,4,0.051282,0.033256,0.115117,74,208,0
123,34,4,0.051282,0.029295,0.112415,74,233,1
123,35,4,0.051282,0.021519,0.109956,74,210,0
123,36,4,0.051282,0.023859,0.108803,74,233,0
123,37,4,0.051282,0.028196,0.100374,74,216,0
123,38,4,0.051282,0.038383,0.112395,74,212,1
123,39,4,0.051282,0.019854,0.095964,74,224,1
123,40,4,0.051282,0.030885,0.112856,74,200,1
123,41,4,0.051282,0.029514,0.093935,74,221,1
123,42,4,0.051282,0.032149,0.093817,74,209,1
123,43,4,0.051282,0.030200,0.105031,74,233,1
123,44,4,0.051282,0.021440,0.107995,74,202,1
123,45,4,0.051282,0.023938,0.096025,74,221,1
123,46,4,0.051282,0.009105,0.086653,74,208,0
123,47,4,0.051282,0.021725,0.095043,74,228,1
123,48,4,0.051282,0.022198,0.100874,74,214,1
123,49,4,0.051282,0.027521,0.104470,74,209,0
123,50,4,0.051282,0.030960,0.111349,74,216,0
123,51,4,0.051282,0.022194,0.092277,74,204,1
123,52,4,0.051282,0.024187,0.098882,74,200,0
123,53,4,0.051282,0.018911,0.097908,74,193,0
123,54,4,0.051282,0.024187,0.087375,74,202,0
123,55,4,0.051282,0.026679,0.090249,74,198,0
123,56,4,0.051282,0.013714,0.079954,74,200,0
123,57,4,0.051282,0.026579,0.085839,74,202,0
123,58,4,0.051282,0.020476,0.085224,74,187,0
123,59,4,0.051282,0.017460,0.063636,74,186,0
123,60,4,0.051282,0.021324,0.074304,74,195,0
123,61,4,0.051282,0.022221,0.098491,74,193,0
123,62,4,0.051282,0.024092,0.095815,74,188,0
123,63,4,0.051282,0.016130,0.073893,74,191,0
123,64,4,0.051282,0.022347,0.091105,74,198,0
123,65,3,0.038462,0.037760,0.157262,75,256,1
123,66,3,0.038462,0.024187,0.160047,75,256,1
123,67,3,0.038462,0.010780,0.157163,75,265,1
123,68,3,0.038462,0.011660,0.149573,75,269,1
123,69,3,0.038462,0.002435,0.155811,75,256,1
123,70,3,0.038462,0.010862,0.156336,75,264,1
123,71,3,0.038462,0.021607,0.160472,75,267,1
123,72,3,0.038462,0.027039,0.146710,75,265,1
123,73,3,0.038462,0.009276,0.145263,75,268,1
123,74,3,0.038462,0.030724,0.156241,75,280,1
123,75,3,0.038462,0.025424,0.156241,75,270,1
123,76,3,0.038462,0.007200,0.155343,75,274,1
123,77,3,0.038462,0.020698,0.151895,75,268,1
123,78,13,0.166667,0.111673,0.239653,65,161,0
124,0,4,0.051282,0.040804,0.144065,74,267,1
124,1,4,0.051282,0.034778,0.139443,74,191,0
124,2,4,0.051282,0.039599,0.149005,74,256,1
124,3,4,0.051282,0.043684,0.156925,74,199,0
124,4,4,0.051282,0.037659,0.153715,74,250,0
124,5,4,0.051282,0.044612,0.148104,74,214,0
124,6,4,0.051282,0.040172,0.152695,74,254,1
124,7,4,0.051282,0.040967,0.159925,74,206,1
124,8,4,0.051282,0.040967,0.150706,74,250,0
124,9,4,0.051282,0.036581,0.146758,74,215,0
124,10,4,0.051282,0.042388,0.137539,74,232,1
124,11,4,0.051282,0.040967,0.140147,74,218,1
124,12,4,0.051282,0.040967,0.143077,74,205,0
124,13,4,0.051282,0.028884,0.130195,74,234,1
124,14,4,0.051282,0.031611,0.141184,74,194,0
124,15,4,0.051282,0.030156,0.129435,74,233,1
124,16,4,0.051282,0.033992,0.128292,74,190,0
124,17,4,0.051282,0.049579,0.144151,74,235,0
124,18,4,0.051282,0.038004,0.137675,74,210,0
124,19,4,0.051282,0.038176,0.131282,74,226,1
124,20,4,0.051282,0.035072,0.128187,74,196,1
124,21,4,0.051282,0.031720,0.145735,74,231,0
124,22,4,0.051282,0.033498,0.137201,74,214,0
124,23,4,0.051282,0.026022,0.143573,74,208,1
124,24,4,0.051282,0.033700,0.152387,74,207,1
124,25,4,0.051282,0.026493,0.139220,74,201,0
124,26,4,0.051282,0.031213,0.120061,74,244,1
124,27,4,0.051282,0.026473,0.112212,74,205,0
124,28,4,0.051282,0.029568,0.124035,74,235,1
124,29,4,0.051282,0.025259,0.132448,74,199,0
124,30,4,0.051282,0.018616,0.109256,74,240,0
124,31,4,0.051282,0.023572,0.118043,74,212,0
124,32,4,0.051282,0.028336,0.118694,74,227,1
124,33,4,0.051282,0.034241,0.125294,74,208,1
124,34,4,0.051282,0.030946,0.114070,74,234,0
124,35,4,0.051282,0.026518,0.115957,74,210,0
124,36,4,0.051282,0.026306,0.109585,74,233,1
124,37,4,0.051282,0.029560,0.101877,74,216,1
124,38,4,0.051282,0.039508,0.118540,74,213,0
124,39,4,0.051282,0.026399,0.102708,74,225,1
124,40,4,0.051282,0.029568,0.108616,74,201,0
124,41,4,0.051282,0.026773,0.097805,74,222,1
124,42,4,0.051282,0.024890,0.091989,74,210,0
124,43,4,0.051282,0.027587,0.099767,74,234,0
124,44,4,0.051282,0.024853,0.102708,74,203,0
124,45,4,0.051282,0.022937,0.098379,74,222,1
124,46,4,0.051282,0.015302,0.086987,74,208,1
124,47,4,0.051282,0.016409,0.094903,74,229,0
124,48,4,0.051282,0.022338,0.099748,74,215,0
124,49,4,0.051282,0.028823,0.111132,74,209,1
124,50,4,0.051282,0.029996,0.107603,74,216,1
124,51,4,0.051282,0.027255,0.095285,74,205,0
124,52,4,0.051282,0.023917,0.092557,74,200,1
124,53,4,0.051282,0.026611,0.102280,74,193,0
124,54,4,0.051282,0.023917,0.089024,74,202,1
124,55,4,0.051282,0.024364,0.090416,74,198,0
124,56,4,0.051282,0.018242,0.085848,74,200,0
124,57,4,0.051282,0.021149,0.085022,74,202,0
124,58,4,0.051282,0.020886,0.084760,74,187,1
124,59,4,0.051282,0.015902,0.059297,74,186,1
124,60,4,0.051282,0.019183,0.079227,74,195,0
124,61,4,0.051282,0.027140,0.099413,74,193,0
124,62,4,0.051282,0.024220,0.094781,74,188,1
124,63,4,0.051282,0.015200,0.077086,74,191,1
124,64,4,0.051282,0.017966,0.086474,74,198,0
124,65,3,0.038462,0.036248,0.160572,75,257,1
124,66,3,0.038462,0.023917,0.157432,75,257,0
124,67,3,0.038462,0.012860,0.157357,75,266,1
124,68,3,0.038462,0.014182,0.151757,75,270,0
124,69,3,0.038462,0.000183,0.149863,75,257,0
124,70,3,0.038462,0.010685,0.154401,75,265,0
124,71,3,0.038462,0.022452,0.157886,75,268,1
124,72,3,0.038462,0.031475,0.147022,75,266,1
124,73,3,0.038462,0.015119,0.140699,75,269,0
124,74,3,0.038462,0.026884,0.154703,75,281,0
124,75,3,0.038462,0.025201,0.154703,75,271,1
124,76,3,0.038462,0.002454,0.146746,75,275,1
124,77,3,0.038462,0.018304,0.149017,75,269,0
124,78,13,0.166667,0.109597,0.239963,65,161,0
125,0,4,0.051282,0.043463,0.141448,74,268,0
125,1,4,0.051282,0.031387,0.141705,74,191,1
125,2,4,0.051282,0.039420,0.150836,74,257,0
125,3,4,0.051282,0.042764,0.148302,74,199,1
125,4,4,0.051282,0.030688,0.151115,74,250,0
125,5,4,0.051282,0.038473,0.142027,74,214,1
125,6,4,0.051282,0.036046,0.149002,74,255,0
125,7,4,0.051282,0.044893,0.150479,74,207,1
125,8,4,0.051282,0.044893,0.162007,74,250,0
125,9,4,0.051282,0.034942,0.138223,74,215,1
125,10,4,0.051282,0.042841,0.149751,74,233,0
125,11,4,0.051282,0.044893,0.151485,74,219,0
125,12,4,0.051282,0.044893,0.146683,74,205,1
125,13,4,0.051282,0.027178,0.131827,74,235,0
125,14,4,0.051282,0.041531,0.142147,74,194,1
125,15,4,0.051282,0.031644,0.126683,74,234,0
125,16,4,0.051282,0.025767,0.139271,74,190,1
125,17,4,0.051282,0.046973,0.148302,74,235,0
125,18,4,0.051282,0.039445,0.134927,74,210,1
125,19,4,0.051282,0.034916,0.122198,74,227,0
125,20,4,0.051282,0.037692,0.129431,74,197,1
125,21,4,0.051282,0.027925,0.146248,74,231,0
125,22,4,0.051282,0.036143,0.136742,74,214,1
125,23,4,0.051282,0.024420,0.142174,74,209,0
125,24,4,0.051282,0.034529,0.152067,74,208,0
125,25,4,0.051282,0.033774,0.139812,74,201,1
125,26,4,0.051282,0.031123,0.130311,74,245,0
125,27,4,0.051282,0.027950,0.109765,74,205,1
125,28,4,0.051282,0.028141,0.132074,74,236,0
125,29,4,0.051282,0.029727,0.123572,74,199,1
125,30,4,0.051282,0.033997,0.103948,74,240,0
125,31,4,0.051282,0.028873,0.118679,74,212,1
125,32,4,0.051282,0.031320,0.120010,74,228,0
125,33,4,0.051282,0.030918,0.129663,74,209,1
125,34,4,0.051282,0.019852,0.109097,74,234,0
125,35,4,0.051282,0.019911,0.111943,74,210,1
125,36,4,0.051282,0.026534,0.106511,74,234,0
125,37,4,0.051282,0.025543,0.103277,74,217,0
125,38,4,0.051282,0.042429,0.120533,74,213,1
125,39,4,0.051282,0.021106,0.095630,74,226,0
125,40,4,0.051282,0.028141,0.107444,74,201,1
125,41,4,0.051282,0.029837,0.098158,74,223,0
125,42,4,0.051282,0.034872,0.103249,74,210,1
125,43,4,0.051282,0.028315,0.107979,74,234,0
125,44,4,0.051282,0.022956,0.107039,74,203,1
125,45,4,0.051282,0.022281,0.097415,74,223,0
125,46,4,0.051282,0.005618,0.088019,74,209,0
125,47,4,0.051282,0.026451,0.094380,74,229,0
125,48,4,0.051282,0.021466,0.100008,74,215,1
125,49,4,0.051282,0.030326,0.104494,74,210,0
125,50,4,0.051282,0.031258,0.103929,74,217,0
125,51,4,0.051282,0.015128,0.085941,74,205,0
125,52,4,0.051282,0.024090,0.105635,74,201,0
125,53,4,0.051282,0.013340,0.096970,74,193,1
125,54,4,0.051282,0.024090,0.087290,74,203,0
125,55,4,0.051282,0.024613,0.091162,74,198,1
125,56,4,0.051282,0.014039,0.083619,74,200,0
125,57,4,0.051282,0.027995,0.087218,74,202,1
125,58,4,0.051282,0.023488,0.089867,74,188,0
125,59,4,0.051282,0.022721,0.070924,74,187,1
125,60,4,0.051282,0.020130,0.064616,74,195,1
125,61,4,0.051282,0.020636,0.094646,74,193,1
125,62,4,0.051282,0.018666,0.090214,74,189,0
125,63,4,0.051282,0.015198,0.065588,74,192,1
125,64,4,0.051282,0.021519,0.088379,74,198,1
125,65,3,0.038462,0.029315,0.153759,75,258,0
125,66,3,0.038462,0.024090,0.163985,75,257,0
125,67,3,0.038462,0.016713,0.157141,75,267,0
125,68,3,0.038462,0.018532,0.153935,75,270,0
125,69,3,0.038462,0.012427,0.163140,75,257,0
125,70,3,0.038462,0.012102,0.163383,75,265,0
125,71,3,0.038462,0.018387,0.164436,75,269,0
125,72,3,0.038462,0.024597,0.149975,75,267,0
125,73,3,0.038462,0.003732,0.153724,75,269,0
125,74,3,0.038462,0.033342,0.157960,75,281,0
125,75,3,0.038462,0.023652,0.157960,75,272,0
125,76,3,0.038462,0.003142,0.157454,75,276,0
125,77,3,0.038462,0.020277,0.149669,75,269,0
125,78,13,0.166667,0.115806,0.240308,65,161,1
126,0,4,0.051282,0.035705,0.142465,74,268,0
126,1,4,0.051282,0.030544,0.141447,74,192,1
126,2,4,0.051282,0.040659,0.143595,74,257,0
126,3,4,0.051282,0.044853,0.150794,74,200,1
126,4,4,0.051282,0.039692,0.151488,74,250,0
126,5,4,0.051282,0.039809,0.145535,74,215,1
126,6,4,0.051282,0.038760,0.148119,74,255,0
126,7,4,0.051282,0.044126,0.158449,74,208,1
126,8,4,0.051282,0.044126,0.157151,74,250,0
126,9,4,0.051282,0.034636,0.142183,74,216,1
126,10,4,0.051282,0.039152,0.140886,74,233,0
126,11,4,0.051282,0.044126,0.150198,74,219,0
126,12,4,0.051282,0.044126,0.149883,74,206,1
126,13,4,0.051282,0.035556,0.134614,74,235,0
126,14,4,0.051282,0.034535,0.133317,74,195,1
126,15,4,0.051282,0.029527,0.127691,74,234,0
126,16,4,0.051282,0.032533,0.134810,74,191,1
126,17,4,0.051282,0.039841,0.150794,74,235,0
126,18,4,0.051282,0.038706,0.135213,74,211,1
126,19,4,0.051282,0.036589,0.125844,74,227,0
126,20,4,0.051282,0.029976,0.135733,74,198,1
126,21,4,0.051282,0.034790,0.149234,74,231,0
126,22,4,0.051282,0.034968,0.130024,74,215,1
126,23,4,0.051282,0.027683,0.147184,74,209,0
126,24,4,0.051282,0.038923,0.152234,74,208,0
126,25,4,0.051282,0.027156,0.135969,74,202,1
126,26,4,0.051282,0.028042,0.123999,74,245,0
126,27,4,0.051282,0.030922,0.121459,74,206,1
126,28,4,0.051282,0.028911,0.128865,74,236,0
126,29,4,0.051282,0.028295,0.129116,74,200,1
126,30,4,0.051282,0.031371,0.105015,74,240,0
126,31,4,0.051282,0.026416,0.115854,74,213,1
126,32,4,0.051282,0.026882,0.118761,74,228,0
126,33,4,0.051282,0.033520,0.121856,74,210,1
126,34,4,0.051282,0.020544,0.108377,74,234,0
126,35,4,0.051282,0.024983,0.118440,74,211,1
126,36,4,0.051282,0.025229,0.101280,74,234,0
126,37,4,0.051282,0.027462,0.105377,74,217,0
126,38,4,0.051282,0.043438,0.123260,74,214,1
126,39,4,0.051282,0.029143,0.102376,74,226,0
126,40,4,0.051282,0.028911,0.103949,74,202,1
126,41,4,0.051282,0.027233,0.102554,74,223,0
126,42,4,0.051282,0.028020,0.102768,74,211,1
126,43,4,0.051282,0.024576,0.106101,74,234,0
126,44,4,0.051282,0.026712,0.102991,74,204,1
126,45,4,0.051282,0.022505,0.099855,74,223,0
126,46,4,0.051282,0.014486,0.086076,74,209,1
126,47,4,0.051282,0.022649,0.095121,74,229,0
126,48,4,0.051282,0.018374,0.096710,74,216,1
126,49,4,0.051282,0.031663,0.113020,74,210,0
126,50,4,0.051282,0.024991,0.099250,74,217,0
126,51,4,0.051282,0.020782,0.086208,74,205,1
126,52,4,0.051282,0.023498,0.100227,74,201,0
126,53,4,0.051282,0.020394,0.099109,74,194,1
126,54,4,0.051282,0.023498,0.090896,74,203,0
126,55,4,0.051282,0.022765,0.091506,74,199,1
126,56,4,0.051282,0.019857,0.087479,74,200,0
126,57,4,0.051282,0.024823,0.088518,74,203,1
126,58,4,0.051282,0.023700,0.089070,74,188,0
126,59,4,0.051282,0.021520,0.072806,74,188,1
126,60,4,0.051282,0.014304,0.065616,74,196,0
126,61,4,0.051282,0.023634,0.098714,74,194,1
126,62,4,0.051282,0.020898,0.084259,74,189,0
126,63,4,0.051282,0.012619,0.068440,74,193,0
126,64,4,0.051282,0.020964,0.081797,74,199,1
126,65,3,0.038462,0.024320,0.156576,75,258,0
126,66,3,0.038462,0.023498,0.160412,75,257,1
126,67,3,0.038462,0.018413,0.158633,75,267,0
126,68,3,0.038462,0.019798,0.156771,75,270,1
126,69,3,0.038462,0.013467,0.157702,75,257,0
126,70,3,0.038462,0.011775,0.160615,75,265,1
126,71,3,0.038462,0.020367,0.161873,75,269,0
126,72,3,0.038462,0.025175,0.147578,75,267,1
126,73,3,0.038462,0.012113,0.147556,75,269,0
126,74,3,0.038462,0.032208,0.158015,75,281,1
126,75,3,0.038462,0.024179,0.158015,75,272,0
126,76,3,0.038462,0.000963,0.148685,75,276,0
126,77,3,0.038462,0.012895,0.146933,75,269,1
126,78,13,0.166667,0.113417,0.239171,65,162,0
127,0,4,0.051282,0.034913,0.142023,74,268,1
127,1,4,0.051282,0.034669,0.141681,74,193,0
127,2,4,0.051282,0.037507,0.142392,74,257,1
127,3,4,0.051282,0.036132,0.141603,74,201,0
127,4,4,0.051282,0.035889,0.150648,74,250,1
127,5,4,0.051282,0.030049,0.139364,74,216,0
127,6,4,0.051282,0.033868,0.148834,74,255,1
127,7,4,0.051282,0.047931,0.153282,74,209,0
127,8,4,0.051282,0.047931,0.163458,74,250,1
127,9,4,0.051282,0.037520,0.139504,74,217,0
127,10,4,0.051282,0.044126,0.149680,74,233,0
127,11,4,0.051282,0.047931,0.153785,74,219,0
127,12,4,0.051282,0.047931,0.155828,74,207,1
127,13,4,0.051282,0.034934,0.125986,74,235,1
127,14,4,0.051282,0.036309,0.140804,74,196,0
127,15,4,0.051282,0.034327,0.119265,74,234,1
127,16,4,0.051282,0.034913,0.130345,74,192,0
127,17,4,0.051282,0.035867,0.141603,74,235,1
127,18,4,0.051282,0.041364,0.133876,74,212,0
127,19,4,0.051282,0.033663,0.122313,74,227,1
127,20,4,0.051282,0.031672,0.128915,74,199,0
127,21,4,0.051282,0.033594,0.155213,74,231,1
127,22,4,0.051282,0.039901,0.132084,74,216,0
127,23,4,0.051282,0.027847,0.153714,74,209,0
127,24,4,0.051282,0.035923,0.160605,74,208,0
127,25,4,0.051282,0.024328,0.146827,74,203,1
127,26,4,0.051282,0.036662,0.125612,74,245,1
127,27,4,0.051282,0.025536,0.113264,74,207,0
127,28,4,0.051282,0.031723,0.135262,74,236,1
127,29,4,0.051282,0.029648,0.125060,74,201,0
127,30,4,0.051282,0.022881,0.108047,74,240,1
127,31,4,0.051282,0.029011,0.112939,74,214,0
127,32,4,0.051282,0.030779,0.119948,74,228,1
127,33,4,0.051282,0.027892,0.121194,74,211,0
127,34,4,0.051282,0.022213,0.108890,74,234,1
127,35,4,0.051282,0.025733,0.121701,74,212,0
127,36,4,0.051282,0.023311,0.100071,74,234,0
127,37,4,0.051282,0.031459,0.103498,74,217,0
127,38,4,0.051282,0.042529,0.120437,74,215,1
127,39,4,0.051282,0.025077,0.103137,74,226,1
127,40,4,0.051282,0.031723,0.113867,74,203,0
127,41,4,0.051282,0.018925,0.099571,74,223,1
127,42,4,0.051282,0.022667,0.101196,74,212,0
127,43,4,0.051282,0.029181,0.099460,74,234,1
127,44,4,0.051282,0.025866,0.100172,74,205,0
127,45,4,0.051282,0.026024,0.101884,74,223,1
127,46,4,0.051282,0.018795,0.089387,74,210,0
127,47,4,0.051282,0.022551,0.089647,74,229,1
127,48,4,0.051282,0.012818,0.092227,74,217,0
127,49,4,0.051282,0.034167,0.106399,74,210,0
127,50,4,0.051282,0.022500,0.109083,74,217,0
127,51,4,0.051282,0.023025,0.097248,74,206,1
127,52,4,0.051282,0.022741,0.091224,74,201,1
127,53,4,0.051282,0.017060,0.075414,74,195,0
127,54,4,0.051282,0.022741,0.088692,74,203,1
127,55,4,0.051282,0.030893,0.093586,74,200,0
127,56,4,0.051282,0.018912,0.086276,74,200,1
127,57,4,0.051282,0.027964,0.091118,74,204,0
127,58,4,0.051282,0.014929,0.079936,74,188,0
127,59,4,0.051282,0.011028,0.093409,74,189,0
127,60,4,0.051282,0.025380,0.079855,74,196,1
127,61,4,0.051282,0.019176,0.104346,74,195,0
127,62,4,0.051282,0.023208,0.076881,74,189,0
127,63,4,0.051282,0.019269,0.070092,74,193,0
127,64,4,0.051282,0.018961,0.079885,74,200,1
127,65,3,0.038462,0.014019,0.162080,75,258,1
127,66,3,0.038462,0.022741,0.159609,75,258,0
127,67,3,0.038462,0.017393,0.159151,75,267,1
127,68,3,0.038462,0.014093,0.155780,75,271,0
127,69,3,0.038462,0.025308,0.156047,75,257,1
127,70,3,0.038462,0.008362,0.151797,75,266,0
127,71,3,0.038462,0.028776,0.161267,75,269,1
127,72,3,0.038462,0.030721,0.158418,75,268,0
127,73,3,0.038462,0.016368,0.144424,75,269,1
127,74,3,0.038462,0.032890,0.152264,75,282,1
127,75,3,0.038462,0.015379,0.152264,75,272,0
127,76,3,0.038462,0.007840,0.158467,75,276,0
127,77,3,0.038462,0.008148,0.156604,75,270,1
127,78,13,0.166667,0.114127,0.242038,65,162,0
128,0,4,0.051282,0.037146,0.140090,74,269,0
128,1,4,0.051282,0.034223,0.139349,74,193,1
128,2,4,0.051282,0.038892,0.140248,74,258,0
128,3,4,0.051282,0.036574,0.141594,74,201,1
128,4,4,0.051282,0.033651,0.158741,74,251,0
128,5,4,0.051282,0.031143,0.142901,74,216,0
128,6,4,0.051282,0.037228,0.146736,74,256,1
128,7,4,0.051282,0.047644,0.152354,74,209,1
128,8,4,0.051282,0.047644,0.162010,74,251,0
128,9,4,0.051282,0.037142,0.140407,74,217,0
128,10,4,0.051282,0.039809,0.150063,74,233,1
128,11,4,0.051282,0.047644,0.154940,74,219,1
128,12,4,0.051282,0.047644,0.146871,74,208,0
128,13,4,0.051282,0.029828,0.130427,74,236,0
128,14,4,0.051282,0.032146,0.140662,74,196,1
128,15,4,0.051282,0.033482,0.120826,74,235,0
128,16,4,0.051282,0.037146,0.129329,74,192,1
128,17,4,0.051282,0.040969,0.141594,74,236,0
128,18,4,0.051282,0.042736,0.135963,74,212,0
128,19,4,0.051282,0.033298,0.119283,74,228,1
128,20,4,0.051282,0.037376,0.141797,74,199,1
128,21,4,0.051282,0.030090,0.146492,74,232,0
128,22,4,0.051282,0.035715,0.132368,74,216,0
128,23,4,0.051282,0.030072,0.137916,74,209,1
128,24,4,0.051282,0.029345,0.158331,74,208,1
128,25,4,0.051282,0.029561,0.146384,74,204,0
128,26,4,0.051282,0.029060,0.127797,74,246,0
128,27,4,0.051282,0.025579,0.113445,74,207,1
128,28,4,0.051282,0.035564,0.129397,74,237,0
128,29,4,0.051282,0.034050,0.122995,74,201,1
128,30,4,0.051282,0.029473,0.116210,74,241,0
128,31,4,0.051282,0.029881,0.116159,74,214,0
128,32,4,0.051282,0.024279,0.120194,74,229,1
128,33,4,0.051282,0.023325,0.112123,74,211,1
128,34,4,0.051282,0.031029,0.113547,74,235,0
128,35,4,0.051282,0.021117,0.117344,74,212,0
128,36,4,0.051282,0.031052,0.111797,74,234,1
128,37,4,0.051282,0.027878,0.101708,74,217,1
128,38,4,0.051282,0.032013,0.112763,74,216,0
128,39,4,0.051282,0.029463,0.100621,74,227,0
128,40,4,0.051282,0.035564,0.109732,74,203,1
128,41,4,0.051282,0.020672,0.104452,74,224,0
128,42,4,0.051282,0.022941,0.104446,74,212,1
128,43,4,0.051282,0.022735,0.095179,74,235,0
128,44,4,0.051282,0.018951,0.110509,74,205,0
128,45,4,0.051282,0.028707,0.105178,74,224,1
128,46,4,0.051282,0.018747,0.105027,74,210,1
128,47,4,0.051282,0.018328,0.089609,74,230,0
128,48,4,0.051282,0.022792,0.099276,74,217,0
128,49,4,0.051282,0.025267,0.097074,74,210,1
128,50,4,0.051282,0.028080,0.099698,74,217,1
128,51,4,0.051282,0.023728,0.093090,74,207,0
128,52,4,0.051282,0.022554,0.099918,74,202,0
128,53,4,0.051282,0.023265,0.073400,74,195,1
128,54,4,0.051282,0.022554,0.083815,74,204,0
128,55,4,0.051282,0.017726,0.094589,74,200,1
128,56,4,0.051282,0.023359,0.086709,74,201,0
128,57,4,0.051282,0.025727,0.075106,74,204,0
128,58,4,0.051282,0.028112,0.076601,74,188,1
128,59,4,0.051282,0.020077,0.089283,74,189,1
128,60,4,0.051282,0.021165,0.079237,74,197,0
128,61,4,0.051282,0.028453,0.106980,74,195,0
128,62,4,0.051282,0.015832,0.083718,74,189,1
128,63,4,0.051282,0.018328,0.076217,74,193,1
128,64,4,0.051282,0.015491,0.090894,74,201,0
128,65,3,0.038462,0.019246,0.149675,75,259,0
128,66,3,0.038462,0.022554,0.153792,75,258,1
128,67,3,0.038462,0.004020,0.157675,75,268,0
128,68,3,0.038462,0.018859,0.154597,75,271,1
128,69,3,0.038462,0.023145,0.146487,75,258,0
128,70,3,0.038462,0.006746,0.159350,75,266,0
128,71,3,0.038462,0.021707,0.162864,75,270,1
128,72,3,0.038462,0.026162,0.153208,75,268,1
128,73,3,0.038462,0.025074,0.147089,75,270,0
128,74,3,0.038462,0.028112,0.152628,75,283,0
128,75,3,0.038462,0.031299,0.152628,75,272,1
128,76,3,0.038462,0.006249,0.145340,75,276,1
128,77,3,0.038462,0.009086,0.142844,75,271,0
128,78,13,0.166667,0.108683,0.242261,65,162,0
129,0,4,0.051282,0.033884,0.141792,74,269,0
129,1,4,0.051282,0.037118,0.135716,74,194,1
129,2,4,0.051282,0.039050,0.149113,74,258,0
129,3,4,0.051282,0.035998,0.146231,74,202,1
129,4,4,0.051282,0.039231,0.146582,74,251,0
129,5,4,0.051282,0.033103,0.140440,74,216,0
129,6,4,0.051282,0.036866,0.139791,74,257,1
129,7,4,0.051282,0.046610,0.159365,74,210,1
129,8,4,0.051282,0.046610,0.157681,74,251,0
129,9,4,0.051282,0.035860,0.143204,74,217,0
129,10,4,0.051282,0.039658,0.141521,74,234,1
129,11,4,0.051282,0.046610,0.155019,74,220,1
129,12,4,0.051282,0.046610,0.151166,74,208,0
129,13,4,0.051282,0.031740,0.130851,74,236,0
129,14,4,0.051282,0.037463,0.139679,74,197,1
129,15,4,0.051282,0.031042,0.128245,74,235,0
129,16,4,0.051282,0.031213,0.128658,74,193,1
129,17,4,0.051282,0.041376,0.146231,74,236,0
129,18,4,0.051282,0.041428,0.138267,74,212,0
129,19,4,0.051282,0.033482,0.127390,74,229,1
129,20,4,0.051282,0.032762,0.132552,74,200,1
129,21,4,0.051282,0.032148,0.145591,74,232,0
129,22,4,0.051282,0.029399,0.130732,74,216,0
129,23,4,0.051282,0.033198,0.138388,74,210,1
129,24,4,0.051282,0.031699,0.153690,74,209,1
129,25,4,0.051282,0.029651,0.137529,74,204,0
129,26,4,0.051282,0.033804,0.129291,74,246,0
129,27,4,0.051282,0.020019,0.117197,74,208,0
129,28,4,0.051282,0.032940,0.123050,74,237,0
129,29,4,0.051282,0.037716,0.123390,74,202,1
129,30,4,0.051282,0.021739,0.109983,74,241,0
129,31,4,0.051282,0.038005,0.118677,74,214,0
129,32,4,0.051282,0.029411,0.111456,74,230,1
129,33,4,0.051282,0.025907,0.118081,74,212,1
129,34,4,0.051282,0.024972,0.111172,74,235,0
129,35,4,0.051282,0.020420,0.117510,74,212,0
129,36,4,0.051282,0.024797,0.109853,74,235,1
129,37,4,0.051282,0.026464,0.103074,74,218,1
129,38,4,0.051282,0.035497,0.118767,74,216,0
129,39,4,0.051282,0.025599,0.096265,74,227,0
129,40,4,0.051282,0.032940,0.108540,74,204,1
129,41,4,0.051282,0.028816,0.105401,74,224,1
129,42,4,0.051282,0.027674,0.102566,74,213,1
129,43,4,0.051282,0.024675,0.104051,74,235,0
129,44,4,0.051282,0.011218,0.110194,74,205,0
129,45,4,0.051282,0.025337,0.112204,74,225,1
129,46,4,0.051282,0.018334,0.089740,74,211,1
129,47,4,0.051282,0.019883,0.089270,74,230,0
129,48,4,0.051282,0.029411,0.098591,74,217,0
129,49,4,0.051282,0.025492,0.100301,74,211,1
129,50,4,0.051282,0.028377,0.096924,74,218,1
129,51,4,0.051282,0.021392,0.085271,74,207,0
129,52,4,0.051282,0.020898,0.100981,74,202,0
129,53,4,0.051282,0.018429,0.094781,74,196,0
129,54,4,0.051282,0.020898,0.079222,74,204,0
129,55,4,0.051282,0.020101,0.090240,74,201,0
129,56,4,0.051282,0.026126,0.088404,74,201,0
129,57,4,0.051282,0.028948,0.083100,74,204,0
129,58,4,0.051282,0.026945,0.081739,74,189,0
129,59,4,0.051282,0.020327,0.084630,74,190,0
129,60,4,0.051282,0.016903,0.080276,74,197,0
129,61,4,0.051282,0.024831,0.091940,74,195,0
129,62,4,0.051282,0.017438,0.085406,74,190,0
129,63,4,0.051282,0.016572,0.075285,74,194,0
129,64,4,0.051282,0.019552,0.090791,74,201,0
129,65,3,0.038462,0.026245,0.153572,75,259,1
129,66,3,0.038462,0.020898,0.156838,75,259,1
129,67,3,0.038462,0.014121,0.162419,75,268,1
129,68,3,0.038462,0.019468,0.162066,75,272,1
129,69,3,0.038462,0.013721,0.155470,75,258,1
129,70,3,0.038462,0.014165,0.162885,75,266,1
129,71,3,0.038462,0.014826,0.168821,75,271,1
129,72,3,0.038462,0.022928,0.158071,75,269,1
129,73,3,0.038462,0.026351,0.151941,75,270,1
129,74,3,0.038462,0.026945,0.159425,75,283,1
129,75,3,0.038462,0.026284,0.159425,75,273,1
129,76,3,0.038462,0.010638,0.151497,75,277,1
129,77,3,0.038462,0.007658,0.149052,75,271,1
129,78,13,0.166667,0.115042,0.244249,65,162,0
130,0,4,0.051282,0.040751,0.143551,74,269,1
130,1,4,0.051282,0.034070,0.139366,74,195,0
130,2,4,0.051282,0.040687,0.136953,74,258,1
130,3,4,0.051282,0.038991,0.146122,74,203,0
130,4,4,0.051282,0.032310,0.149543,74,251,1
130,5,4,0.051282,0.034333,0.145165,74,216,0
130,6,4,0.051282,0.039002,0.139398,74,258,1
130,7,4,0.051282,0.046916,0.163827,74,211,0
130,8,4,0.051282,0.046916,0.154435,74,251,0
130,9,4,0.051282,0.033715,0.145667,74,217,0
130,10,4,0.051282,0.035275,0.136274,74,235,1
130,11,4,0.051282,0.046916,0.156519,74,221,1
130,12,4,0.051282,0.046916,0.155707,74,208,0
130,13,4,0.051282,0.028043,0.131803,74,236,1
130,14,4,0.051282,0.029739,0.145311,74,198,0
130,15,4,0.051282,0.029886,0.129645,74,235,1
130,16,4,0.051282,0.040751,0.125846,74,194,0
130,17,4,0.051282,0.045018,0.146122,74,236,1
130,18,4,0.051282,0.038811,0.136031,74,212,0
130,19,4,0.051282,0.035591,0.128577,74,230,1
130,20,4,0.051282,0.022885,0.124258,74,201,0
130,21,4,0.051282,0.039583,0.154759,74,232,0
130,22,4,0.051282,0.032539,0.122895,74,216,0
130,23,4,0.051282,0.035799,0.148169,74,211,1
130,24,4,0.051282,0.037718,0.156168,74,210,1
130,25,4,0.051282,0.023105,0.138008,74,204,0
130,26,4,0.051282,0.030812,0.122911,74,246,1
130,27,4,0.051282,0.028973,0.113512,74,208,0
130,28,4,0.051282,0.033061,0.124545,74,237,1
130,29,4,0.051282,0.029768,0.131949,74,203,0
130,30,4,0.051282,0.021973,0.107799,74,241,0
130,31,4,0.051282,0.032268,0.110814,74,214,0
130,32,4,0.051282,0.023281,0.114422,74,231,1
130,33,4,0.051282,0.030448,0.125031,74,213,0
130,34,4,0.051282,0.023059,0.105636,74,235,0
130,35,4,0.051282,0.028260,0.127099,74,212,0
130,36,4,0.051282,0.025338,0.101826,74,236,1
130,37,4,0.051282,0.030480,0.104227,74,219,1
130,38,4,0.051282,0.039277,0.126442,74,216,0
130,39,4,0.051282,0.033606,0.104848,74,227,1
130,40,4,0.051282,0.032714,0.105870,74,205,0
130,41,4,0.051282,0.021977,0.107872,74,225,1
130,42,4,0.051282,0.019707,0.102799,74,214,0
130,43,4,0.051282,0.025282,0.099747,74,235,1
130,44,4,0.051282,0.023281,0.104306,74,205,0
130,45,4,0.051282,0.023361,0.112384,74,226,1
130,46,4,0.051282,0.024456,0.087114,74,212,1
130,47,4,0.051282,0.015148,0.091904,74,230,0
130,48,4,0.051282,0.019791,0.093477,74,217,0
130,49,4,0.051282,0.032348,0.112397,74,212,1
130,50,4,0.051282,0.020576,0.092632,74,219,1
130,51,4,0.051282,0.026392,0.088858,74,207,0
130,52,4,0.051282,0.020999,0.090071,74,202,1
130,53,4,0.051282,0.022404,0.093233,74,196,0
130,54,4,0.051282,0.020999,0.092975,74,204,1
130,55,4,0.051282,0.023702,0.089547,74,201,0
130,56,4,0.051282,0.029016,0.089180,74,201,0
130,57,4,0.051282,0.024225,0.088329,74,204,0
130,58,4,0.051282,0.026965,0.086018,74,189,1
130,59,4,0.051282,0.015829,0.086859,74,190,0
130,60,4,0.051282,0.013066,0.077392,74,197,0
130,61,4,0.051282,0.027629,0.098656,74,195,0
130,62,4,0.051282,0.017893,0.075060,74,190,1
130,63,4,0.051282,0.015148,0.074580,74,194,0
130,64,4,0.051282,0.017229,0.079165,74,201,0
130,65,3,0.038462,0.015359,0.159062,75,260,1
130,66,3,0.038462,0.020999,0.154953,75,260,0
130,67,3,0.038462,0.022290,0.159586,75,269,1
130,68,3,0.038462,0.016651,0.162970,75,273,0
130,69,3,0.038462,0.015300,0.152487,75,259,1
130,70,3,0.038462,0.015981,0.160920,75,267,0
130,71,3,0.038462,0.020700,0.164811,75,272,1
130,72,3,0.038462,0.028366,0.155037,75,270,1
130,73,3,0.038462,0.031129,0.143932,75,271,1
130,74,3,0.038462,0.026965,0.157815,75,284,0
130,75,3,0.038462,0.022247,0.157815,75,274,1
130,76,3,0.038462,0.003994,0.143251,75,278,1
130,77,3,0.038462,0.001912,0.145997,75,272,0
130,78,13,0.166667,0.112956,0.241893,65,162,0
131,0,4,0.051282,0.034074,0.141297,74,270,1
131,1,4,0.051282,0.035833,0.139914,74,195,0
131,2,4,0.051282,0.037155,0.144997,74,259,1
131,3,4,0.051282,0.035464,0.142593,74,203,0
131,4,4,0.051282,0.037223,0.149879,74,252,1
131,5,4,0.051282,0.030935,0.141525,74,216,0
131,6,4,0.051282,0.038090,0.145158,74,259,0
131,7,4,0.051282,0.047652,0.154827,74,211,0
131,8,4,0.051282,0.047652,0.158307,74,251,1
131,9,4,0.051282,0.036640,0.143496,74,217,1
131,10,4,0.051282,0.039981,0.146976,74,236,0
131,11,4,0.051282,0.047652,0.155262,74,222,0
131,12,4,0.051282,0.047652,0.151205,74,208,1
131,13,4,0.051282,0.034235,0.131284,74,237,1
131,14,4,0.051282,0.036264,0.139908,74,198,0
131,15,4,0.051282,0.034449,0.125373,74,236,1
131,16,4,0.051282,0.033737,0.129064,74,194,0
131,17,4,0.051282,0.037061,0.142593,74,237,1
131,18,4,0.051282,0.041965,0.136837,74,212,0
131,19,4,0.051282,0.031830,0.122132,74,231,0
131,20,4,0.051282,0.033027,0.137247,74,201,0
131,21,4,0.051282,0.032891,0.151845,74,232,1
131,22,4,0.051282,0.035617,0.128416,74,216,1
131,23,4,0.051282,0.033595,0.141722,74,212,0
131,24,4,0.051282,0.029977,0.154256,74,211,0
131,25,4,0.051282,0.027068,0.142925,74,204,1
131,26,4,0.051282,0.031029,0.128748,74,247,1
131,27,4,0.051282,0.028160,0.117756,74,208,0
131,28,4,0.051282,0.037649,0.133531,74,238,1
131,29,4,0.051282,0.031827,0.126850,74,203,0
131,30,4,0.051282,0.026738,0.109928,74,241,1
131,31,4,0.051282,0.030444,0.113924,74,214,0
131,32,4,0.051282,0.023942,0.118937,74,232,0
131,33,4,0.051282,0.027651,0.116515,74,213,0
131,34,4,0.051282,0.025635,0.105558,74,235,1
131,35,4,0.051282,0.024112,0.118663,74,212,1
131,36,4,0.051282,0.026402,0.105357,74,237,0
131,37,4,0.051282,0.028890,0.103147,74,220,0
131,38,4,0.051282,0.033318,0.118093,74,216,1
131,39,4,0.051282,0.026920,0.100614,74,228,1
131,40,4,0.051282,0.031360,0.111674,74,205,0
131,41,4,0.051282,0.022151,0.100360,74,226,0
131,42,4,0.051282,0.027388,0.104500,74,214,0
131,43,4,0.051282,0.028633,0.103883,74,236,1
131,44,4,0.051282,0.023942,0.113726,74,205,0
131,45,4,0.051282,0.025495,0.105008,74,227,0
131,46,4,0.051282,0.015777,0.093116,74,213,0
131,47,4,0.051282,0.017929,0.093644,74,230,1
131,48,4,0.051282,0.017412,0.094785,74,217,0
131,49,4,0.051282,0.027744,0.101871,74,213,0
131,50,4,0.051282,0.026778,0.094811,74,220,0
131,51,4,0.051282,0.025259,0.087025,74,207,1
131,52,4,0.051282,0.021498,0.096074,74,203,1
131,53,4,0.051282,0.015396,0.086398,74,196,0
131,54,4,0.051282,0.021498,0.091663,74,205,1
131,55,4,0.051282,0.025232,0.090892,74,201,0
131,56,4,0.051282,0.025235,0.084224,74,201,1
131,57,4,0.051282,0.026360,0.081769,74,204,1
131,58,4,0.051282,0.030637,0.086855,74,190,1
131,59,4,0.051282,0.019173,0.089077,74,190,0
131,60,4,0.051282,0.015508,0.073043,74,197,1
131,61,4,0.051282,0.024091,0.098739,74,195,1
131,62,4,0.051282,0.013804,0.076146,74,191,0
131,63,4,0.051282,0.017929,0.074921,74,194,0
131,64,4,0.051282,0.020350,0.086764,74,201,1
131,65,3,0.038462,0.021719,0.153944,75,261,0
131,66,3,0.038462,0.021498,0.156312,75,260,0
131,67,3,0.038462,0.015608,0.155072,75,270,0
131,68,3,0.038462,0.015829,0.160049,75,273,0
131,69,3,0.038462,0.013620,0.157721,75,260,0
131,70,3,0.038462,0.014863,0.165451,75,267,0
131,71,3,0.038462,0.018516,0.163767,75,273,0
131,72,3,0.038462,0.025230,0.154060,75,271,0
131,73,3,0.038462,0.028895,0.150418,75,272,0
131,74,3,0.038462,0.030637,0.157757,75,284,0
131,75,3,0.038462,0.026984,0.157757,75,275,0
131,76,3,0.038462,0.005259,0.149175,75,279,0
131,77,3,0.038462,0.002838,0.145049,75,272,0
131,78,13,0.166667,0.113316,0.241496,65,162,1
132,0,4,0.051282,0.034058,0.142827,74,271,1
132,1,4,0.051282,0.031020,0.140298,74,195,0
132,2,4,0.051282,0.041881,0.142882,74,260,1
132,3,4,0.051282,0.044529,0.151096,74,203,0
132,4,4,0.051282,0.041490,0.158763,74,253,1
132,5,4,0.051282,0.034527,0.142694,74,216,0
132,6,4,0.051282,0.035996,0.147934,74,259,1
132,7,4,0.051282,0.044372,0.159851,74,211,0
132,8,4,0.051282,0.044372,0.151171,74,252,1
132,9,4,0.051282,0.038559,0.146491,74,218,0
132,10,4,0.051282,0.039581,0.137811,74,236,1
132,11,4,0.051282,0.044372,0.147199,74,222,0
132,12,4,0.051282,0.044372,0.145163,74,209,0
132,13,4,0.051282,0.035868,0.130866,74,238,1
132,14,4,0.051282,0.033221,0.132356,74,198,0
132,15,4,0.051282,0.028491,0.120729,74,237,1
132,16,4,0.051282,0.034058,0.130753,74,194,0
132,17,4,0.051282,0.039680,0.147778,74,238,1
132,18,4,0.051282,0.044114,0.135719,74,212,0
132,19,4,0.051282,0.036326,0.127552,74,231,1
132,20,4,0.051282,0.035805,0.150446,74,201,0
132,21,4,0.051282,0.034309,0.146511,74,233,1
132,22,4,0.051282,0.030733,0.127229,74,217,0
132,23,4,0.051282,0.034588,0.136295,74,212,1
132,24,4,0.051282,0.026622,0.150539,74,211,0
132,25,4,0.051282,0.024146,0.137179,74,205,0
132,26,4,0.051282,0.024773,0.124808,74,248,1
132,27,4,0.051282,0.026436,0.122284,74,208,0
132,28,4,0.051282,0.031644,0.128937,74,239,1
132,29,4,0.051282,0.028882,0.123736,74,203,0
132,30,4,0.051282,0.030432,0.114534,74,242,1
132,31,4,0.051282,0.028746,0.118534,74,214,0
132,32,4,0.051282,0.026197,0.120259,74,232,1
132,33,4,0.051282,0.029995,0.106891,74,213,0
132,34,4,0.051282,0.034152,0.109713,74,236,1
132,35,4,0.051282,0.025720,0.120504,74,213,0
132,36,4,0.051282,0.025454,0.111438,74,237,1
132,37,4,0.051282,0.027772,0.105685,74,220,0
132,38,4,0.051282,0.027643,0.112097,74,217,0
132,39,4,0.051282,0.031411,0.099998,74,229,1
132,40,4,0.051282,0.031644,0.102132,74,205,0
132,41,4,0.051282,0.026515,0.105871,74,226,1
132,42,4,0.051282,0.025886,0.106608,74,214,0
132,43,4,0.051282,0.016777,0.098574,74,237,1
132,44,4,0.051282,0.019958,0.108017,74,205,0
132,45,4,0.051282,0.027203,0.102549,74,227,1
132,46,4,0.051282,0.018786,0.100463,74,213,0
132,47,4,0.051282,0.016125,0.094759,74,231,1
132,48,4,0.051282,0.025454,0.099813,74,217,0
132,49,4,0.051282,0.022387,0.101525,74,213,1
132,50,4,0.051282,0.028501,0.093857,74,220,0
132,51,4,0.051282,0.031105,0.090006,74,208,0
132,52,4,0.051282,0.022858,0.089673,74,204,1
132,53,4,0.051282,0.026039,0.090068,74,196,0
132,54,4,0.051282,0.022858,0.093682,74,206,1
132,55,4,0.051282,0.018641,0.074794,74,201,0
132,56,4,0.051282,0.028546,0.075161,74,202,1
132,57,4,0.051282,0.024650,0.091723,74,205,0
132,58,4,0.051282,0.027318,0.091951,74,191,1
132,59,4,0.051282,0.021056,0.082120,74,190,0
132,60,4,0.051282,0.007334,0.079137,74,198,0
132,61,4,0.051282,0.023433,0.096130,74,196,0
132,62,4,0.051282,0.020844,0.085731,74,191,1
132,63,4,0.051282,0.015937,0.084011,74,194,0
132,64,4,0.051282,0.024729,0.089898,74,202,0
132,65,3,0.038462,0.012314,0.155214,75,261,1
132,66,3,0.038462,0.022858,0.156249,75,260,0
132,67,3,0.038462,0.019829,0.161223,75,270,1
132,68,3,0.038462,0.009286,0.161937,75,273,0
132,69,3,0.038462,0.014292,0.150231,75,260,1
132,70,3,0.038462,0.019222,0.160709,75,267,0
132,71,3,0.038462,0.018176,0.158617,75,273,1
132,72,3,0.038462,0.021203,0.146414,75,271,0
132,73,3,0.038462,0.034926,0.147526,75,272,1
132,74,3,0.038462,0.027318,0.158695,75,284,0
132,75,3,0.038462,0.028364,0.158695,75,275,1
132,76,3,0.038462,0.010647,0.142596,75,279,1
132,77,3,0.038462,0.001855,0.147314,75,272,0
132,78,13,0.166667,0.110534,0.240290,65,163,0
133,0,4,0.051282,0.034778,0.143620,74,272,1
133,1,4,0.051282,0.031184,0.142919,74,195,0
133,2,4,0.051282,0.042271,0.143262,74,261,1
133,3,4,0.051282,0.042917,0.148203,74,203,0
133,4,4,0.051282,0.039324,0.160385,74,254,1
133,5,4,0.051282,0.036323,0.141480,74,216,0
133,6,4,0.051282,0.031377,0.147947,74,260,1
133,7,4,0.051282,0.045064,0.154181,74,211,0
133,8,4,0.051282,0.045064,0.156486,74,253,1
133,9,4,0.051282,0.036092,0.140910,74,218,0
133,10,4,0.051282,0.043831,0.143215,74,237,0
133,11,4,0.051282,0.045064,0.148747,74,222,0
133,12,4,0.051282,0.045064,0.145981,74,209,1
133,13,4,0.051282,0.035387,0.128491,74,239,1
133,14,4,0.051282,0.034741,0.135481,74,198,0
133,15,4,0.051282,0.030483,0.125508,74,238,1
133,16,4,0.051282,0.034778,0.129684,74,194,0
133,17,4,0.051282,0.038715,0.140245,74,239,1
133,18,4,0.051282,0.041014,0.136484,74,212,0
133,19,4,0.051282,0.037349,0.125174,74,232,1
133,20,4,0.051282,0.037626,0.141096,74,201,0
133,21,4,0.051282,0.031079,0.145224,74,234,1
133,22,4,0.051282,0.034518,0.132962,74,217,0
133,23,4,0.051282,0.028353,0.140171,74,213,0
133,24,4,0.051282,0.028732,0.156339,74,211,0
133,25,4,0.051282,0.027541,0.143068,74,205,1
133,26,4,0.051282,0.028613,0.124959,74,249,1
133,27,4,0.051282,0.027785,0.117224,74,208,0
133,28,4,0.051282,0.029819,0.127677,74,240,1
133,29,4,0.051282,0.026605,0.126800,74,203,0
133,30,4,0.051282,0.026970,0.113293,74,243,1
133,31,4,0.051282,0.030215,0.115401,74,214,0
133,32,4,0.051282,0.033017,0.120938,74,233,1
133,33,4,0.051282,0.025659,0.112921,74,213,0
133,34,4,0.051282,0.029739,0.111785,74,237,1
133,35,4,0.051282,0.022544,0.116887,74,213,0
133,36,4,0.051282,0.024736,0.109678,74,238,0
133,37,4,0.051282,0.029436,0.100670,74,220,0
133,38,4,0.051282,0.036472,0.114909,74,217,1
133,39,4,0.051282,0.027305,0.098500,74,230,0
133,40,4,0.051282,0.029819,0.103287,74,205,0
133,41,4,0.051282,0.024049,0.102376,74,227,0
133,42,4,0.051282,0.025622,0.101165,74,214,0
133,43,4,0.051282,0.025393,0.093633,74,238,0
133,44,4,0.051282,0.022103,0.110566,74,205,0
133,45,4,0.051282,0.023521,0.101333,74,228,0
133,46,4,0.051282,0.015268,0.097020,74,213,0
133,47,4,0.051282,0.017734,0.092415,74,232,0
133,48,4,0.051282,0.023302,0.102591,74,217,0
133,49,4,0.051282,0.027664,0.103853,74,214,0
133,50,4,0.051282,0.030160,0.101680,74,220,0
133,51,4,0.051282,0.024316,0.091443,74,208,0
133,52,4,0.051282,0.022428,0.091568,74,205,1
133,53,4,0.051282,0.022326,0.087481,74,196,1
133,54,4,0.051282,0.022428,0.090927,74,207,1
133,55,4,0.051282,0.021784,0.084319,74,201,1
133,56,4,0.051282,0.023155,0.079670,74,203,1
133,57,4,0.051282,0.022049,0.084520,74,205,1
133,58,4,0.051282,0.025302,0.087285,74,192,1
133,59,4,0.051282,0.019585,0.085365,74,190,1
133,60,4,0.051282,0.017156,0.080846,74,198,1
133,61,4,0.051282,0.026525,0.093064,74,196,1
133,62,4,0.051282,0.019536,0.082680,74,192,1
133,63,4,0.051282,0.017734,0.079320,74,194,1
133,64,4,0.051282,0.018313,0.092324,74,202,1
133,65,3,0.038462,0.016894,0.157535,75,262,0
133,66,3,0.038462,0.022428,0.158281,75,260,0
133,67,3,0.038462,0.019233,0.157801,75,271,0
133,68,3,0.038462,0.013700,0.159008,75,273,0
133,69,3,0.038462,0.014727,0.154795,75,261,0
133,70,3,0.038462,0.016578,0.161155,75,267,0
133,71,3,0.038462,0.017717,0.162000,75,274,0
133,72,3,0.038462,0.025081,0.153737,75,271,0
133,73,3,0.038462,0.027510,0.150745,75,273,0
133,74,3,0.038462,0.025302,0.158263,75,284,0
133,75,3,0.038462,0.024162,0.158263,75,276,0
133,76,3,0.038462,0.010338,0.148894,75,280,0
133,77,3,0.038462,0.009760,0.150696,75,272,0
133,78,13,0.166667,0.113426,0.243429,65,163,1
134,0,4,0.051282,0.037016,0.144116,74,273,1
134,1,4,0.051282,0.033251,0.136806,74,195,0
134,2,4,0.051282,0.040057,0.137479,74,262,1
134,3,4,0.051282,0.041994,0.150491,74,203,0
134,4,4,0.051282,0.038230,0.156746,74,255,1
134,5,4,0.051282,0.030786,0.137443,74,216,0
134,6,4,0.051282,0.037253,0.135577,74,261,1
134,7,4,0.051282,0.046522,0.156054,74,211,0
134,8,4,0.051282,0.046522,0.148083,74,254,1
134,9,4,0.051282,0.035722,0.151545,74,218,0
134,10,4,0.051282,0.035720,0.143575,74,237,0
134,11,4,0.051282,0.046522,0.156741,74,222,0
134,12,4,0.051282,0.046522,0.150447,74,210,1
134,13,4,0.051282,0.033793,0.128655,74,240,1
134,14,4,0.051282,0.031855,0.139137,74,198,0
134,15,4,0.051282,0.025941,0.126055,74,239,1
134,16,4,0.051282,0.037016,0.131555,74,194,0
134,17,4,0.051282,0.041453,0.143493,74,240,1
134,18,4,0.051282,0.041587,0.134097,74,212,0
134,19,4,0.051282,0.034192,0.133178,74,233,1
134,20,4,0.051282,0.031214,0.141141,74,201,0
134,21,4,0.051282,0.029849,0.155862,74,235,1
134,22,4,0.051282,0.027483,0.123170,74,217,0
134,23,4,0.051282,0.044380,0.140259,74,213,0
134,24,4,0.051282,0.023825,0.145442,74,211,0
134,25,4,0.051282,0.033848,0.140934,74,206,1
134,26,4,0.051282,0.028495,0.120859,74,250,1
134,27,4,0.051282,0.029540,0.116450,74,208,0
134,28,4,0.051282,0.033570,0.129061,74,241,1
134,29,4,0.051282,0.023869,0.125823,74,203,0
134,30,4,0.051282,0.027815,0.110460,74,244,1
134,31,4,0.051282,0.032478,0.122300,74,214,0
134,32,4,0.051282,0.023217,0.121573,74,234,1
134,33,4,0.051282,0.031107,0.112340,74,213,0
134,34,4,0.051282,0.028575,0.100459,74,238,1
134,35,4,0.051282,0.034192,0.128347,74,213,0
134,36,4,0.051282,0.026980,0.111258,74,238,0
134,37,4,0.051282,0.031711,0.110880,74,220,0
134,38,4,0.051282,0.023823,0.111362,74,218,1
134,39,4,0.051282,0.030012,0.104575,74,230,1
134,40,4,0.051282,0.026333,0.107157,74,205,0
134,41,4,0.051282,0.026704,0.107581,74,227,1
134,42,4,0.051282,0.025655,0.100614,74,214,0
134,43,4,0.051282,0.020566,0.096736,74,238,1
134,44,4,0.051282,0.029286,0.108420,74,205,0
134,45,4,0.051282,0.035462,0.106057,74,228,1
134,46,4,0.051282,0.016576,0.095026,74,213,0
134,47,4,0.051282,0.020473,0.098615,74,232,1
134,48,4,0.051282,0.023217,0.092818,74,217,0
134,49,4,0.051282,0.014312,0.100636,74,214,0
134,50,4,0.051282,0.028845,0.093343,74,220,0
134,51,4,0.051282,0.026710,0.092698,74,208,1
134,52,4,0.051282,0.022546,0.083525,74,206,1
134,53,4,0.051282,0.024729,0.088254,74,197,0
134,54,4,0.051282,0.022546,0.091449,74,208,1
134,55,4,0.051282,0.026436,0.081112,74,202,0
134,56,4,0.051282,0.021758,0.078735,74,204,1
134,57,4,0.051282,0.020834,0.090646,74,206,0
134,58,4,0.051282,0.029088,0.094875,74,193,1
134,59,4,0.051282,0.015323,0.085429,74,191,0
134,60,4,0.051282,0.016879,0.084577,74,199,1
134,61,4,0.051282,0.018554,0.092146,74,197,0
134,62,4,0.051282,0.013533,0.087064,74,193,0
134,63,4,0.051282,0.020473,0.081189,74,195,0
134,64,4,0.051282,0.024067,0.088129,74,203,1
134,65,3,0.038462,0.012101,0.164230,75,262,0
134,66,3,0.038462,0.022546,0.158157,75,260,0
134,67,3,0.038462,0.019437,0.158628,75,271,0
134,68,3,0.038462,0.008992,0.157369,75,273,0
134,69,3,0.038462,0.018434,0.154825,75,261,0
134,70,3,0.038462,0.013284,0.164698,75,267,0
134,71,3,0.038462,0.009043,0.152452,75,274,0
134,72,3,0.038462,0.027512,0.151702,75,271,0
134,73,3,0.038462,0.025957,0.148861,75,273,0
134,74,3,0.038462,0.029088,0.155686,75,284,0
134,75,3,0.038462,0.033329,0.155686,75,276,0
134,76,3,0.038462,0.011643,0.154011,75,280,0
134,77,3,0.038462,0.008049,0.147071,75,272,0
134,78,13,0.166667,0.113065,0.239414,65,164,1
135,0,4,0.051282,0.037347,0.140422,74,274,0
135,1,4,0.051282,0.032737,0.136413,74,195,0
135,2,4,0.051282,0.039473,0.135834,74,263,1
135,3,4,0.051282,0.039505,0.144485,74,203,1
135,4,4,0.051282,0.034895,0.156754,74,256,0
135,5,4,0.051282,0.029818,0.139541,74,216,0
135,6,4,0.051282,0.037624,0.140885,74,262,1
135,7,4,0.051282,0.047456,0.154475,74,211,1
135,8,4,0.051282,0.047456,0.151861,74,255,0
135,9,4,0.051282,0.036688,0.150232,74,218,0
135,10,4,0.051282,0.036866,0.147618,74,237,1
135,11,4,0.051282,0.047456,0.157200,74,222,1
135,12,4,0.051282,0.047456,0.150852,74,211,0
135,13,4,0.051282,0.030864,0.128781,74,241,0
135,14,4,0.051282,0.030832,0.138264,74,198,0
135,15,4,0.051282,0.028728,0.120131,74,240,0
135,16,4,0.051282,0.037347,0.130431,74,194,0
135,17,4,0.051282,0.041378,0.144485,74,241,0
135,18,4,0.051282,0.042446,0.134257,74,212,0
135,19,4,0.051282,0.033715,0.131503,74,234,0
135,20,4,0.051282,0.032445,0.140084,74,201,0
135,21,4,0.051282,0.030746,0.153461,74,236,0
135,22,4,0.051282,0.031932,0.125865,74,217,0
135,23,4,0.051282,0.042027,0.142540,74,213,0
135,24,4,0.051282,0.024503,0.147315,74,211,0
135,25,4,0.051282,0.031541,0.143071,74,207,0
135,26,4,0.051282,0.028178,0.120843,74,251,1
135,27,4,0.051282,0.026294,0.112787,74,208,1
135,28,4,0.051282,0.033266,0.126700,74,242,1
135,29,4,0.051282,0.030244,0.122484,74,203,1
135,30,4,0.051282,0.030011,0.111394,74,245,1
135,31,4,0.051282,0.031281,0.115084,74,214,1
135,32,4,0.051282,0.023894,0.121213,74,235,1
135,33,4,0.051282,0.027280,0.111574,74,213,1
135,34,4,0.051282,0.027722,0.103239,74,239,1
135,35,4,0.051282,0.033715,0.130466,74,213,1
135,36,4,0.051282,0.027481,0.113790,74,238,1
135,37,4,0.051282,0.031269,0.109386,74,220,1
135,38,4,0.051282,0.024680,0.119119,74,219,1
135,39,4,0.051282,0.030514,0.104782,74,231,0
135,40,4,0.051282,0.029528,0.108260,74,205,0
135,41,4,0.051282,0.022680,0.108612,74,228,0
135,42,4,0.051282,0.023136,0.103475,74,214,0
135,43,4,0.051282,0.019727,0.094904,74,239,0
135,44,4,0.051282,0.023894,0.103590,74,205,0
135,45,4,0.051282,0.029961,0.110535,74,229,0
135,46,4,0.051282,0.018465,0.100071,74,213,0
135,47,4,0.051282,0.019723,0.095844,74,233,0
135,48,4,0.051282,0.022941,0.093299,74,217,0
135,49,4,0.051282,0.024763,0.100320,74,214,0
135,50,4,0.051282,0.027826,0.091847,74,220,0
135,51,4,0.051282,0.027376,0.097375,74,209,0
135,52,4,0.051282,0.023408,0.081479,74,207,1
135,53,4,0.051282,0.028437,0.082010,74,197,1
135,54,4,0.051282,0.023408,0.098027,74,209,1
135,55,4,0.051282,0.019807,0.078723,74,202,1
135,56,4,0.051282,0.021878,0.075025,74,205,1
135,57,4,0.051282,0.022600,0.099342,74,206,1
135,58,4,0.051282,0.023021,0.091053,74,194,1
135,59,4,0.051282,0.017573,0.087926,74,191,1
135,60,4,0.051282,0.020460,0.083139,74,200,1
135,61,4,0.051282,0.022939,0.098941,74,197,1
135,62,4,0.051282,0.018903,0.082907,74,193,1
135,63,4,0.051282,0.019723,0.081797,74,195,1
135,64,4,0.051282,0.018985,0.082617,74,204,1
135,65,3,0.038462,0.005135,0.158125,75,262,0
135,66,3,0.038462,0.023408,0.156698,75,260,0
135,67,3,0.038462,0.023681,0.160918,75,271,0
135,68,3,0.038462,0.005408,0.155168,75,273,0
135,69,3,0.038462,0.023346,0.147262,75,261,0
135,70,3,0.038462,0.021197,0.156311,75,267,0
135,71,3,0.038462,0.023021,0.155420,75,274,0
135,72,3,0.038462,0.028017,0.152219,75,271,0
135,73,3,0.038462,0.025130,0.147177,75,273,0
135,74,3,0.038462,0.023021,0.151806,75,284,0
135,75,3,0.038462,0.021197,0.151806,75,276,0
135,76,3,0.038462,0.008831,0.149327,75,280,0
135,77,3,0.038462,0.009568,0.148507,75,272,0
135,78,13,0.166667,0.109881,0.240960,65,165,1
136,0,4,0.051282,0.039017,0.141260,74,274,1
136,1,4,0.051282,0.035687,0.134104,74,195,0
136,2,4,0.051282,0.032892,0.150125,74,264,0
136,3,4,0.051282,0.045150,0.161675,74,204,0
136,4,4,0.051282,0.041821,0.154707,74,256,1
136,5,4,0.051282,0.031798,0.136435,74,216,1
136,6,4,0.051282,0.044742,0.154931,74,263,0
136,7,4,0.051282,0.035687,0.154413,74,212,0
136,8,4,0.051282,0.048069,0.150750,74,255,1
136,9,4,0.051282,0.048612,0.151847,74,218,1
136,10,4,0.051282,0.038463,0.148184,74,238,0
136,11,4,0.051282,0.048069,0.140510,74,223,0
136,12,4,0.051282,0.035687,0.145853,74,211,1
136,13,4,0.051282,0.033664,0.144246,74,241,1
136,14,4,0.051282,0.032598,0.135127,74,198,0
136,15,4,0.051282,0.028532,0.117305,74,240,0
136,16,4,0.051282,0.027824,0.127233,74,194,0
136,17,4,0.051282,0.047174,0.140387,74,241,1
136,18,4,0.051282,0.050041,0.139227,74,212,1
136,19,4,0.051282,0.030270,0.134125,74,234,0
136,20,4,0.051282,0.046046,0.148629,74,201,0
136,21,4,0.051282,0.017350,0.131563,74,236,1
136,22,4,0.051282,0.024480,0.134062,74,217,1
136,23,4,0.051282,0.038372,0.137750,74,213,0
136,24,4,0.051282,0.020948,0.143077,74,211,0
136,25,4,0.051282,0.039404,0.140510,74,207,1
136,26,4,0.051282,0.023795,0.108282,74,252,0
136,27,4,0.051282,0.026375,0.118796,74,209,0
136,28,4,0.051282,0.039423,0.131517,74,243,0
136,29,4,0.051282,0.037034,0.126777,74,204,0
136,30,4,0.051282,0.022600,0.116033,74,246,0
136,31,4,0.051282,0.023445,0.108769,74,215,0
136,32,4,0.051282,0.022170,0.117301,74,236,0
136,33,4,0.051282,0.022515,0.102691,74,214,0
136,34,4,0.051282,0.036139,0.122399,74,240,0
136,35,4,0.051282,0.030270,0.118613,74,214,0
136,36,4,0.051282,0.028686,0.114925,74,239,0
136,37,4,0.051282,0.025291,0.110886,74,221,0
136,38,4,0.051282,0.023181,0.118845,74,220,0
136,39,4,0.051282,0.031475,0.108388,74,231,1
136,40,4,0.051282,0.026708,0.106803,74,205,1
136,41,4,0.051282,0.025126,0.098505,74,228,1
136,42,4,0.051282,0.021152,0.086650,74,214,1
136,43,4,0.051282,0.014465,0.096612,74,239,1
136,44,4,0.051282,0.022170,0.107473,74,205,1
136,45,4,0.051282,0.024842,0.097502,74,229,1
136,46,4,0.051282,0.021011,0.104205,74,213,1
136,47,4,0.051282,0.023702,0.090629,74,233,1
136,48,4,0.051282,0.020610,0.093394,74,217,1
136,49,4,0.051282,0.025130,0.095989,74,214,1
136,50,4,0.051282,0.034395,0.106724,74,220,1
136,51,4,0.051282,0.030430,0.096130,74,209,1
136,52,4,0.051282,0.021793,0.074897,74,208,0
136,53,4,0.051282,0.027037,0.083637,74,198,0
136,54,4,0.051282,0.021793,0.091767,74,210,0
136,55,4,0.051282,0.017943,0.076220,74,203,0
136,56,4,0.051282,0.018461,0.073225,74,206,0
136,57,4,0.051282,0.021648,0.096489,74,207,0
136,58,4,0.051282,0.024088,0.087964,74,195,0
136,59,4,0.051282,0.019121,0.081779,74,192,0
136,60,4,0.051282,0.027005,0.093679,74,201,0
136,61,4,0.051282,0.022139,0.095156,74,198,0
136,62,4,0.051282,0.018450,0.090885,74,194,0
136,63,4,0.051282,0.023702,0.087824,74,196,0
136,64,4,0.051282,0.020399,0.093076,74,205,0
136,65,3,0.038462,0.004603,0.155473,75,262,1
136,66,3,0.038462,0.021793,0.154079,75,260,1
136,67,3,0.038462,0.022434,0.159179,75,271,1
136,68,3,0.038462,0.005244,0.150747,75,273,1
136,69,3,0.038462,0.025677,0.147557,75,261,1
136,70,3,0.038462,0.021096,0.156374,75,267,1
136,71,3,0.038462,0.024088,0.154280,75,274,1
136,72,3,0.038462,0.025818,0.155959,75,271,1
136,73,3,0.038462,0.017934,0.153316,75,273,1
136,74,3,0.038462,0.024088,0.153031,75,284,1
136,75,3,0.038462,0.021096,0.153031,75,276,1
136,76,3,0.038462,0.012455,0.157897,75,280,1
136,77,3,0.038462,0.015757,0.152646,75,272,1
136,78,13,0.166667,0.110493,0.242083,65,166,0
137,0,4,0.051282,0.039869,0.148184,74,275,0
137,1,4,0.051282,0.039243,0.140867,74,195,1
137,2,4,0.051282,0.040528,0.144896,74,264,0
137,3,4,0.051282,0.035872,0.148184,74,204,1
137,4,4,0.051282,0.035245,0.156301,74,257,0
137,5,4,0.051282,0.032403,0.143451,74,217,1
137,6,4,0.051282,0.036809,0.147024,74,263,0
137,7,4,0.051282,0.039243,0.150958,74,212,1
137,8,4,0.051282,0.049971,0.153344,74,256,0
137,9,4,0.051282,0.044517,0.147757,74,219,1
137,10,4,0.051282,0.038825,0.150144,74,238,0
137,11,4,0.051282,0.049971,0.146761,74,223,1
137,12,4,0.051282,0.039243,0.149544,74,212,0
137,13,4,0.051282,0.028544,0.131249,74,242,0
137,14,4,0.051282,0.033200,0.143730,74,198,1
137,15,4,0.051282,0.031926,0.128153,74,240,0
137,16,4,0.051282,0.039869,0.130638,74,194,1
137,17,4,0.051282,0.044525,0.133412,74,242,0
137,18,4,0.051282,0.040051,0.134160,74,213,1
137,19,4,0.051282,0.034188,0.136444,74,234,0
137,20,4,0.051282,0.041317,0.142546,74,201,1
137,21,4,0.051282,0.021216,0.143312,74,237,0
137,22,4,0.051282,0.030053,0.126071,74,218,1
137,23,4,0.051282,0.037934,0.137523,74,213,0
137,24,4,0.051282,0.022814,0.148425,74,211,0
137,25,4,0.051282,0.036331,0.145225,74,208,0
137,26,4,0.051282,0.029556,0.118228,74,252,0
137,27,4,0.051282,0.022897,0.109909,74,209,1
137,28,4,0.051282,0.033777,0.118952,74,243,0
137,29,4,0.051282,0.033237,0.121710,74,204,1
137,30,4,0.051282,0.025968,0.122400,74,246,0
137,31,4,0.051282,0.033611,0.117082,74,215,1
137,32,4,0.051282,0.023046,0.116195,74,236,0
137,33,4,0.051282,0.025060,0.106731,74,214,1
137,34,4,0.051282,0.031362,0.113017,74,240,0
137,35,4,0.051282,0.025913,0.129458,74,214,1
137,36,4,0.051282,0.027390,0.118006,74,239,0
137,37,4,0.051282,0.029039,0.107904,74,221,1
137,38,4,0.051282,0.027849,0.117299,74,220,1
137,39,4,0.051282,0.029432,0.104155,74,232,0
137,40,4,0.051282,0.022655,0.107191,74,206,0
137,41,4,0.051282,0.020008,0.106901,74,229,0
137,42,4,0.051282,0.022504,0.096886,74,215,0
137,43,4,0.051282,0.019209,0.092977,74,240,0
137,44,4,0.051282,0.023046,0.101012,74,206,0
137,45,4,0.051282,0.030960,0.104052,74,230,0
137,46,4,0.051282,0.018710,0.102419,74,214,0
137,47,4,0.051282,0.021780,0.092136,74,234,0
137,48,4,0.051282,0.023046,0.092075,74,218,0
137,49,4,0.051282,0.026375,0.095402,74,215,0
137,50,4,0.051282,0.030176,0.102773,74,221,0
137,51,4,0.051282,0.028576,0.097589,74,210,0
137,52,4,0.051282,0.021929,0.074757,74,208,1
137,53,4,0.051282,0.029598,0.079038,74,198,1
137,54,4,0.051282,0.021929,0.087247,74,210,1
137,55,4,0.051282,0.018423,0.082026,74,203,1
137,56,4,0.051282,0.019433,0.077818,74,206,1
137,57,4,0.051282,0.020795,0.094581,74,207,1
137,58,4,0.051282,0.022259,0.087968,74,195,1
137,59,4,0.051282,0.016257,0.085667,74,192,1
137,60,4,0.051282,0.025655,0.088380,74,201,1
137,61,4,0.051282,0.023733,0.099212,74,198,1
137,62,4,0.051282,0.019380,0.088315,74,194,1
137,63,4,0.051282,0.021780,0.084327,74,196,1
137,64,4,0.051282,0.017906,0.086728,74,205,1
137,65,3,0.038462,0.008244,0.158989,75,263,0
137,66,3,0.038462,0.021929,0.154827,75,261,0
137,67,3,0.038462,0.021354,0.161361,75,272,0
137,68,3,0.038462,0.007669,0.152331,75,274,0
137,69,3,0.038462,0.025141,0.145648,75,262,0
137,70,3,0.038462,0.019617,0.155157,75,268,0
137,71,3,0.038462,0.022259,0.155497,75,275,0
137,72,3,0.038462,0.028935,0.156057,75,272,0
137,73,3,0.038462,0.019537,0.149006,75,274,0
137,74,3,0.038462,0.022259,0.152608,75,285,0
137,75,3,0.038462,0.019617,0.152608,75,277,0
137,76,3,0.038462,0.010559,0.154530,75,281,0
137,77,3,0.038462,0.014433,0.152129,75,273,0
137,78,13,0.166667,0.110969,0.241554,65,166,1
138,0,4,0.051282,0.037319,0.150064,74,275,0
138,1,4,0.051282,0.040158,0.138798,74,196,1
138,2,4,0.051282,0.042598,0.145269,74,264,0
138,3,4,0.051282,0.038967,0.150064,74,205,0
138,4,4,0.051282,0.041807,0.156871,74,257,1
138,5,4,0.051282,0.033594,0.141729,74,218,1
138,6,4,0.051282,0.037050,0.143159,74,263,0
138,7,4,0.051282,0.040158,0.151717,74,213,0
138,8,4,0.051282,0.042410,0.152157,74,256,1
138,9,4,0.051282,0.045041,0.147104,74,220,1
138,10,4,0.051282,0.039146,0.147544,74,238,0
138,11,4,0.051282,0.042410,0.144837,74,224,0
138,12,4,0.051282,0.040158,0.148437,74,212,1
138,13,4,0.051282,0.029988,0.134487,74,242,0
138,14,4,0.051282,0.033619,0.144478,74,199,1
138,15,4,0.051282,0.028893,0.129812,74,240,0
138,16,4,0.051282,0.037319,0.133500,74,195,0
138,17,4,0.051282,0.040950,0.135154,74,242,1
138,18,4,0.051282,0.037897,0.138462,74,214,1
138,19,4,0.051282,0.033188,0.139255,74,234,0
138,20,4,0.051282,0.040427,0.142513,74,202,0
138,21,4,0.051282,0.026551,0.134009,74,237,1
138,22,4,0.051282,0.026627,0.129228,74,219,1
138,23,4,0.051282,0.037720,0.139192,74,213,0
138,24,4,0.051282,0.029162,0.141908,74,211,0
138,25,4,0.051282,0.035718,0.137294,74,208,1
138,26,4,0.051282,0.029900,0.115441,74,252,0
138,27,4,0.051282,0.023914,0.109607,74,210,1
138,28,4,0.051282,0.034662,0.117902,74,243,0
138,29,4,0.051282,0.031448,0.117624,74,205,0
138,30,4,0.051282,0.024475,0.119956,74,246,1
138,31,4,0.051282,0.032146,0.112479,74,216,1
138,32,4,0.051282,0.024153,0.112831,74,236,0
138,33,4,0.051282,0.024581,0.106227,74,215,0
138,34,4,0.051282,0.033821,0.122360,74,240,1
138,35,4,0.051282,0.028474,0.126331,74,215,1
138,36,4,0.051282,0.028879,0.116367,74,239,0
138,37,4,0.051282,0.026860,0.114461,74,222,0
138,38,4,0.051282,0.025518,0.125179,74,221,1
138,39,4,0.051282,0.030284,0.103033,74,232,0
138,40,4,0.051282,0.022232,0.108076,74,206,1
138,41,4,0.051282,0.020441,0.105945,74,229,0
138,42,4,0.051282,0.022270,0.096018,74,215,0
138,43,4,0.051282,0.016402,0.091868,74,240,1
138,44,4,0.051282,0.024153,0.103196,74,206,1
138,45,4,0.051282,0.029957,0.105267,74,230,0
138,46,4,0.051282,0.019940,0.104332,74,214,0
138,47,4,0.051282,0.022325,0.089847,74,234,1
138,48,4,0.051282,0.024153,0.094207,74,218,1
138,49,4,0.051282,0.025466,0.095167,74,215,0
138,50,4,0.051282,0.032831,0.103988,74,221,0
138,51,4,0.051282,0.029868,0.096614,74,210,1
138,52,4,0.051282,0.021757,0.072417,74,209,0
138,53,4,0.051282,0.027914,0.078639,74,199,1
138,54,4,0.051282,0.021757,0.087978,74,211,0
138,55,4,0.051282,0.019757,0.079432,74,204,0
138,56,4,0.051282,0.019886,0.076774,74,207,1
138,57,4,0.051282,0.021971,0.094266,74,208,1
138,58,4,0.051282,0.022624,0.090765,74,196,0
138,59,4,0.051282,0.016082,0.083142,74,193,0
138,60,4,0.051282,0.026151,0.093291,74,202,1
138,61,4,0.051282,0.022676,0.097881,74,199,1
138,62,4,0.051282,0.018551,0.092584,74,195,0
138,63,4,0.051282,0.022325,0.086470,74,197,0
138,64,4,0.051282,0.018498,0.090244,74,206,1
138,65,3,0.038462,0.006670,0.158563,75,263,0
138,66,3,0.038462,0.021757,0.154406,75,261,1
138,67,3,0.038462,0.021244,0.160777,75,272,0
138,68,3,0.038462,0.006157,0.152535,75,274,0
138,69,3,0.038462,0.026076,0.146731,75,262,1
138,70,3,0.038462,0.019834,0.155273,75,268,1
138,71,3,0.038462,0.022624,0.155539,75,275,0
138,72,3,0.038462,0.028407,0.156928,75,272,0
138,73,3,0.038462,0.018338,0.149299,75,274,1
138,74,3,0.038462,0.022624,0.152066,75,285,1
138,75,3,0.038462,0.019834,0.152066,75,277,0
138,76,3,0.038462,0.012112,0.155541,75,281,0
138,77,3,0.038462,0.015939,0.151767,75,273,1
138,78,13,0.166667,0.110892,0.241617,65,167,0
139,0,4,0.051282,0.037625,0.150813,74,275,0
139,1,4,0.051282,0.040840,0.140746,74,197,1
139,2,4,0.051282,0.040210,0.145546,74,264,0
139,3,4,0.051282,0.038626,0.150813,74,205,1
139,4,4,0.051282,0.041841,0.157347,74,258,0
139,5,4,0.051282,0.034322,0.138689,74,219,1
139,6,4,0.051282,0.037361,0.143418,74,263,0
139,7,4,0.051282,0.040840,0.148438,74,213,1
139,8,4,0.051282,0.040840,0.153570,74,257,0
139,9,4,0.051282,0.044094,0.144600,74,221,1
139,10,4,0.051282,0.041685,0.149733,74,238,0
139,11,4,0.051282,0.040840,0.144685,74,224,0
139,12,4,0.051282,0.040840,0.149367,74,213,1
139,13,4,0.051282,0.032138,0.132044,74,242,0
139,14,4,0.051282,0.033723,0.141972,74,200,1
139,15,4,0.051282,0.030772,0.131492,74,240,0
139,16,4,0.051282,0.037625,0.134620,74,195,1
139,17,4,0.051282,0.039209,0.132244,74,243,0
139,18,4,0.051282,0.036661,0.137993,74,215,1
139,19,4,0.051282,0.030345,0.138573,74,234,0
139,20,4,0.051282,0.040257,0.138585,74,202,1
139,21,4,0.051282,0.026547,0.135229,74,238,0
139,22,4,0.051282,0.028341,0.135612,74,220,1
139,23,4,0.051282,0.035209,0.142444,74,213,0
139,24,4,0.051282,0.031633,0.143594,74,211,0
139,25,4,0.051282,0.036457,0.139757,74,209,1
139,26,4,0.051282,0.031940,0.115298,74,252,0
139,27,4,0.051282,0.024458,0.110300,74,211,0
139,28,4,0.051282,0.032196,0.118928,74,243,0
139,29,4,0.051282,0.028120,0.119544,74,205,0
139,30,4,0.051282,0.023213,0.118095,74,247,0
139,31,4,0.051282,0.031871,0.108654,74,217,0
139,32,4,0.051282,0.028225,0.114911,74,236,0
139,33,4,0.051282,0.024658,0.109901,74,215,0
139,34,4,0.051282,0.032690,0.121565,74,241,0
139,35,4,0.051282,0.028286,0.121252,74,216,0
139,36,4,0.051282,0.028341,0.114419,74,239,0
139,37,4,0.051282,0.028891,0.113200,74,222,0
139,38,4,0.051282,0.029224,0.129176,74,222,0
139,39,4,0.051282,0.026311,0.101612,74,232,1
139,40,4,0.051282,0.020319,0.108241,74,207,1
139,41,4,0.051282,0.021079,0.102287,74,229,1
139,42,4,0.051282,0.023632,0.095160,74,215,1
139,43,4,0.051282,0.021886,0.091139,74,241,1
139,44,4,0.051282,0.028225,0.104671,74,207,1
139,45,4,0.051282,0.026458,0.102904,74,230,1
139,46,4,0.051282,0.016582,0.101188,74,214,1
139,47,4,0.051282,0.022259,0.090525,74,235,1
139,48,4,0.051282,0.021685,0.095934,74,219,1
139,49,4,0.051282,0.029240,0.096878,74,215,1
139,50,4,0.051282,0.033094,0.106432,74,221,1
139,51,4,0.051282,0.027937,0.096662,74,211,1
139,52,4,0.051282,0.022052,0.081141,74,209,0
139,53,4,0.051282,0.025391,0.084579,74,200,0
139,54,4,0.051282,0.022052,0.085734,74,211,0
139,55,4,0.051282,0.023643,0.087592,74,204,0
139,56,4,0.051282,0.017954,0.085080,74,208,0
139,57,4,0.051282,0.020567,0.090207,74,209,0
139,58,4,0.051282,0.022197,0.087244,74,196,0
139,59,4,0.051282,0.014718,0.083940,74,193,0
139,60,4,0.051282,0.027331,0.088772,74,203,0
139,61,4,0.051282,0.022181,0.093032,74,200,0
139,62,4,0.051282,0.017171,0.086257,74,195,0
139,63,4,0.051282,0.022259,0.081751,74,197,0
139,64,4,0.051282,0.017188,0.086839,74,207,0
139,65,3,0.038462,0.016717,0.162654,75,263,1
139,66,3,0.038462,0.022052,0.157725,75,262,1
139,67,3,0.038462,0.020473,0.159578,75,272,1
139,68,3,0.038462,0.015137,0.153627,75,274,1
139,69,3,0.038462,0.022679,0.151981,75,263,1
139,70,3,0.038462,0.015137,0.157870,75,269,1
139,71,3,0.038462,0.022197,0.156368,75,275,1
139,72,3,0.038462,0.029729,0.158906,75,272,1
139,73,3,0.038462,0.017116,0.150597,75,275,1
139,74,3,0.038462,0.022197,0.152989,75,286,1
139,75,3,0.038462,0.015137,0.152989,75,277,1
139,76,3,0.038462,0.009367,0.158139,75,281,1
139,77,3,0.038462,0.014439,0.153051,75,274,1
139,78,13,0.166667,0.113621,0.242378,65,167,0
140,0,4,0.051282,0.047255,0.151947,74,275,1
140,1,4,0.051282,0.037614,0.139612,74,198,0
140,2,4,0.051282,0.046498,0.141866,74,264,1
140,3,4,0.051282,0.042057,0.151947,74,206,0
140,4,4,0.051282,0.032416,0.154269,74,258,1
140,5,4,0.051282,0.036345,0.143674,74,220,0
140,6,4,0.051282,0.039432,0.136859,74,263,0
140,7,4,0.051282,0.037614,0.156523,74,214,0
140,8,4,0.051282,0.044436,0.152604,74,257,1
140,9,4,0.051282,0.044633,0.146686,74,222,1
140,10,4,0.051282,0.032664,0.142768,74,238,0
140,11,4,0.051282,0.044436,0.150096,74,224,0
140,12,4,0.051282,0.037614,0.154982,74,214,1
140,13,4,0.051282,0.020580,0.128938,74,242,0
140,14,4,0.051282,0.032475,0.157062,74,201,0
140,15,4,0.051282,0.025279,0.133690,74,240,0
140,16,4,0.051282,0.039801,0.131294,74,196,0
140,17,4,0.051282,0.051696,0.135870,74,243,1
140,18,4,0.051282,0.035431,0.141090,74,216,0
140,19,4,0.051282,0.032466,0.146945,74,234,0
140,20,4,0.051282,0.034797,0.125505,74,203,0
140,21,4,0.051282,0.027976,0.139228,74,238,1
140,22,4,0.051282,0.020449,0.126423,74,221,0
140,23,4,0.051282,0.042125,0.145323,74,213,0
140,24,4,0.051282,0.035758,0.141559,74,211,0
140,25,4,0.051282,0.040071,0.131722,74,210,1
140,26,4,0.051282,0.031869,0.118679,74,252,1
140,27,4,0.051282,0.026230,0.092070,74,211,1
140,28,4,0.051282,0.031440,0.114682,74,243,1
140,29,4,0.051282,0.023037,0.122882,74,205,0
140,30,4,0.051282,0.019754,0.114803,74,247,1
140,31,4,0.051282,0.033501,0.104456,74,217,1
140,32,4,0.051282,0.023720,0.103321,74,236,1
140,33,4,0.051282,0.033162,0.124409,74,215,0
140,34,4,0.051282,0.028900,0.119208,74,241,1
140,35,4,0.051282,0.032466,0.130851,74,216,1
140,36,4,0.051282,0.030607,0.111951,74,239,0
140,37,4,0.051282,0.024016,0.116877,74,222,0
140,38,4,0.051282,0.030609,0.138450,74,222,1
140,39,4,0.051282,0.026988,0.095992,74,233,0
140,40,4,0.051282,0.023056,0.108520,74,208,0
140,41,4,0.051282,0.019222,0.105700,74,230,0
140,42,4,0.051282,0.023347,0.093313,74,216,0
140,43,4,0.051282,0.023617,0.095645,74,242,1
140,44,4,0.051282,0.023720,0.099666,74,208,0
140,45,4,0.051282,0.027489,0.110747,74,231,0
140,46,4,0.051282,0.016858,0.095944,74,215,0
140,47,4,0.051282,0.021120,0.095946,74,236,1
140,48,4,0.051282,0.023720,0.092101,74,220,0
140,49,4,0.051282,0.028771,0.100849,74,216,0
140,50,4,0.051282,0.031796,0.101749,74,222,0
140,51,4,0.051282,0.027711,0.091616,74,212,1
140,52,4,0.051282,0.022605,0.085877,74,209,1
140,53,4,0.051282,0.024927,0.085685,74,200,1
140,54,4,0.051282,0.022605,0.086250,74,211,1
140,55,4,0.051282,0.021798,0.088555,74,204,0
140,56,4,0.051282,0.019085,0.083902,74,208,1
140,57,4,0.051282,0.021042,0.090476,74,209,1
140,58,4,0.051282,0.021901,0.086210,74,196,1
140,59,4,0.051282,0.017649,0.081349,74,193,0
140,60,4,0.051282,0.028205,0.083817,74,203,1
140,61,4,0.051282,0.023739,0.095029,74,200,1
140,62,4,0.051282,0.015873,0.088752,74,195,0
140,63,4,0.051282,0.021120,0.080523,74,197,0
140,64,4,0.051282,0.014035,0.085770,74,207,1
140,65,3,0.038462,0.017610,0.160132,75,264,0
140,66,3,0.038462,0.022605,0.158617,75,263,0
140,67,3,0.038462,0.021864,0.159376,75,273,0
140,68,3,0.038462,0.016868,0.155097,75,275,0
140,69,3,0.038462,0.020339,0.152853,75,264,0
140,70,3,0.038462,0.016868,0.157913,75,270,0
140,71,3,0.038462,0.021901,0.158187,75,276,0
140,72,3,0.038462,0.026829,0.160697,75,273,0
140,73,3,0.038462,0.016272,0.152175,75,276,0
140,74,3,0.038462,0.021901,0.151180,75,287,0
140,75,3,0.038462,0.016868,0.151180,75,278,0
140,76,3,0.038462,0.008335,0.155646,75,282,0
140,77,3,0.038462,0.015420,0.150399,75,275,0
140,78,13,0.166667,0.113406,0.243681,65,167,1
141,0,4,0.051282,0.038816,0.151738,74,276,0
141,1,4,0.051282,0.038030,0.141256,74,198,0
141,2,4,0.051282,0.044488,0.142890,74,265,1
141,3,4,0.051282,0.042068,0.151738,74,206,1
141,4,4,0.051282,0.041283,0.154475,74,259,0
141,5,4,0.051282,0.034922,0.143412,74,220,0
141,6,4,0.051282,0.039549,0.138942,74,263,1
141,7,4,0.051282,0.038030,0.156109,74,214,1
141,8,4,0.051282,0.044646,0.151681,74,258,0
141,9,4,0.051282,0.044566,0.147103,74,223,0
141,10,4,0.051282,0.033482,0.142674,74,238,1
141,11,4,0.051282,0.044646,0.149360,74,224,1
141,12,4,0.051282,0.038030,0.153818,74,215,0
141,13,4,0.051282,0.030403,0.129784,74,242,0
141,14,4,0.051282,0.032823,0.144835,74,201,0
141,15,4,0.051282,0.027548,0.131678,74,240,1
141,16,4,0.051282,0.038816,0.132923,74,196,1
141,17,4,0.051282,0.041236,0.137295,74,244,0
141,18,4,0.051282,0.037114,0.138930,74,216,0
141,19,4,0.051282,0.031827,0.144643,74,234,1
141,20,4,0.051282,0.035560,0.138527,74,203,1
141,21,4,0.051282,0.028944,0.141129,74,239,0
141,22,4,0.051282,0.022339,0.125554,74,221,0
141,23,4,0.051282,0.042246,0.143399,74,213,1
141,24,4,0.051282,0.033444,0.141633,74,211,1
141,25,4,0.051282,0.037739,0.132627,74,211,0
141,26,4,0.051282,0.030207,0.119526,74,253,0
141,27,4,0.051282,0.025398,0.105744,74,212,0
141,28,4,0.051282,0.031323,0.117179,74,244,1
141,29,4,0.051282,0.024288,0.121287,74,205,0
141,30,4,0.051282,0.022617,0.115710,74,248,0
141,31,4,0.051282,0.033327,0.107921,74,218,0
141,32,4,0.051282,0.023569,0.106592,74,237,1
141,33,4,0.051282,0.032908,0.112756,74,215,1
141,34,4,0.051282,0.029981,0.116147,74,242,0
141,35,4,0.051282,0.031827,0.130404,74,217,0
141,36,4,0.051282,0.028954,0.112560,74,239,1
141,37,4,0.051282,0.025544,0.115643,74,222,1
141,38,4,0.051282,0.028975,0.134171,74,223,0
141,39,4,0.051282,0.027120,0.096175,74,233,1
141,40,4,0.051282,0.023673,0.106751,74,208,0
141,41,4,0.051282,0.020673,0.105667,74,230,1
141,42,4,0.051282,0.024214,0.096721,74,216,1
141,43,4,0.051282,0.022528,0.096808,74,243,0
141,44,4,0.051282,0.023569,0.099918,74,208,0
141,45,4,0.051282,0.027873,0.109914,74,231,1
141,46,4,0.051282,0.017120,0.096877,74,215,1
141,47,4,0.051282,0.020047,0.096738,74,237,0
141,48,4,0.051282,0.023569,0.092559,74,220,0
141,49,4,0.051282,0.028459,0.100838,74,216,1
141,50,4,0.051282,0.030023,0.099051,74,222,1
141,51,4,0.051282,0.028912,0.092166,74,213,0
141,52,4,0.051282,0.022610,0.087386,74,210,0
141,53,4,0.051282,0.025116,0.087293,74,201,0
141,54,4,0.051282,0.022610,0.086742,74,212,0
141,55,4,0.051282,0.021374,0.086840,74,204,0
141,56,4,0.051282,0.021287,0.084016,74,209,0
141,57,4,0.051282,0.021827,0.091968,74,210,0
141,58,4,0.051282,0.022416,0.086444,74,197,0
141,59,4,0.051282,0.018238,0.082313,74,193,0
141,60,4,0.051282,0.022992,0.080984,74,204,0
141,61,4,0.051282,0.022932,0.095637,74,201,0
141,62,4,0.051282,0.017619,0.085890,74,195,0
141,63,4,0.051282,0.020047,0.080991,74,197,0
141,64,4,0.051282,0.017103,0.083419,74,208,0
141,65,3,0.038462,0.018493,0.159135,75,264,1
141,66,3,0.038462,0.022610,0.157865,75,263,1
141,67,3,0.038462,0.021006,0.159588,75,273,1
141,68,3,0.038462,0.016889,0.156542,75,275,1
141,69,3,0.038462,0.018699,0.152257,75,264,1
141,70,3,0.038462,0.016889,0.157671,75,270,1
141,71,3,0.038462,0.022416,0.157404,75,276,1
141,72,3,0.038462,0.025793,0.156924,75,273,1
141,73,3,0.038462,0.021038,0.150930,75,276,1
141,74,3,0.038462,0.022416,0.152680,75,287,1
141,75,3,0.038462,0.016889,0.152680,75,278,1
141,76,3,0.038462,0.008048,0.152740,75,282,1
141,77,3,0.038462,0.010992,0.150312,75,275,1
141,78,13,0.166667,0.112645,0.242179,65,168,0
142,0,4,0.051282,0.042145,0.148251,74,276,0
142,1,4,0.051282,0.041305,0.142427,74,198,1
142,2,4,0.051282,0.044826,0.149301,74,266,0
142,3,4,0.051282,0.032820,0.148251,74,207,0
142,4,4,0.051282,0.031980,0.145965,74,259,0
142,5,4,0.051282,0.034230,0.141921,74,220,1
142,6,4,0.051282,0.039582,0.139462,74,264,0
142,7,4,0.051282,0.041305,0.152839,74,215,0
142,8,4,0.051282,0.047262,0.154314,74,258,1
142,9,4,0.051282,0.041988,0.144822,74,223,1
142,10,4,0.051282,0.033116,0.146297,74,239,0
142,11,4,0.051282,0.047262,0.153850,74,225,0
142,12,4,0.051282,0.041305,0.153677,74,215,1
142,13,4,0.051282,0.028543,0.128493,74,242,0
142,14,4,0.051282,0.036257,0.153361,74,201,1
142,15,4,0.051282,0.026913,0.134268,74,241,0
142,16,4,0.051282,0.037868,0.128843,74,197,1
142,17,4,0.051282,0.045582,0.133431,74,244,1
142,18,4,0.051282,0.037509,0.141898,74,216,1
142,19,4,0.051282,0.030601,0.140136,74,235,0
142,20,4,0.051282,0.033971,0.128550,74,204,0
142,21,4,0.051282,0.028015,0.143701,74,239,1
142,22,4,0.051282,0.025736,0.128340,74,221,1
142,23,4,0.051282,0.041524,0.142754,74,214,0
142,24,4,0.051282,0.031775,0.144867,74,212,0
142,25,4,0.051282,0.037269,0.136851,74,211,1
142,26,4,0.051282,0.032850,0.119250,74,253,0
142,27,4,0.051282,0.025415,0.097399,74,212,0
142,28,4,0.051282,0.033541,0.119194,74,245,0
142,29,4,0.051282,0.028952,0.123398,74,205,0
142,30,4,0.051282,0.021868,0.113194,74,248,0
142,31,4,0.051282,0.033317,0.106122,74,218,0
142,32,4,0.051282,0.023950,0.111145,74,238,0
142,33,4,0.051282,0.030353,0.120777,74,216,0
142,34,4,0.051282,0.027440,0.114829,74,242,0
142,35,4,0.051282,0.030601,0.129127,74,217,0
142,36,4,0.051282,0.031692,0.114713,74,240,0
142,37,4,0.051282,0.024781,0.113663,74,223,0
142,38,4,0.051282,0.028860,0.132297,74,223,0
142,39,4,0.051282,0.022713,0.102201,74,234,1
142,40,4,0.051282,0.021478,0.111207,74,208,1
142,41,4,0.051282,0.019229,0.100847,74,231,1
142,42,4,0.051282,0.023646,0.097859,74,217,1
142,43,4,0.051282,0.026559,0.103362,74,243,1
142,44,4,0.051282,0.023950,0.102187,74,208,1
142,45,4,0.051282,0.029378,0.108334,74,232,1
142,46,4,0.051282,0.017708,0.096579,74,216,1
142,47,4,0.051282,0.020622,0.093202,74,237,1
142,48,4,0.051282,0.023950,0.093873,74,220,1
142,49,4,0.051282,0.027623,0.097691,74,217,1
142,50,4,0.051282,0.031374,0.097543,74,223,1
142,51,4,0.051282,0.027758,0.093037,74,213,1
142,52,4,0.051282,0.022408,0.085722,74,210,0
142,53,4,0.051282,0.021223,0.082540,74,201,0
142,54,4,0.051282,0.022408,0.086026,74,212,0
142,55,4,0.051282,0.026611,0.090065,74,204,0
142,56,4,0.051282,0.020733,0.086847,74,209,0
142,57,4,0.051282,0.020891,0.092066,74,210,0
142,58,4,0.051282,0.022288,0.088378,74,197,0
142,59,4,0.051282,0.017446,0.086757,74,193,0
142,60,4,0.051282,0.026538,0.080136,74,204,0
142,61,4,0.051282,0.023525,0.097479,74,201,0
142,62,4,0.051282,0.015942,0.083663,74,195,0
142,63,4,0.051282,0.020622,0.076258,74,197,0
142,64,4,0.051282,0.014705,0.080937,74,208,0
142,65,3,0.038462,0.019428,0.159962,75,265,1
142,66,3,0.038462,0.022408,0.156945,75,264,1
142,67,3,0.038462,0.021170,0.154243,75,274,1
142,68,3,0.038462,0.018189,0.155270,75,276,1
142,69,3,0.038462,0.021365,0.156185,75,265,1
142,70,3,0.038462,0.018189,0.156824,75,271,1
142,71,3,0.038462,0.022288,0.156544,75,277,1
142,72,3,0.038462,0.027303,0.159399,75,274,1
142,73,3,0.038462,0.018211,0.150196,75,277,1
142,74,3,0.038462,0.022288,0.150358,75,288,1
142,75,3,0.038462,0.018189,0.150358,75,279,1
142,76,3,0.038462,0.003750,0.153372,75,283,1
142,77,3,0.038462,0.009667,0.148692,75,276,1
142,78,13,0.166667,0.112128,0.242446,65,168,0
143,0,4,0.051282,0.035664,0.150317,74,276,1
143,1,4,0.051282,0.040661,0.142636,74,199,0
143,2,4,0.051282,0.042392,0.148520,74,266,1
143,3,4,0.051282,0.036552,0.150317,74,207,0
143,4,4,0.051282,0.041549,0.146838,74,259,1
143,5,4,0.051282,0.032257,0.140528,74,221,0
143,6,4,0.051282,0.039488,0.137444,74,264,1
143,7,4,0.051282,0.040661,0.152723,74,215,0
143,8,4,0.051282,0.047423,0.154319,74,259,0
143,9,4,0.051282,0.041990,0.144694,74,224,0
143,10,4,0.051282,0.033028,0.146290,74,239,1
143,11,4,0.051282,0.047423,0.153887,74,225,1
143,12,4,0.051282,0.040661,0.154283,74,216,0
143,13,4,0.051282,0.036552,0.129500,74,242,1
143,14,4,0.051282,0.037439,0.144371,74,202,0
143,15,4,0.051282,0.028028,0.134370,74,241,1
143,16,4,0.051282,0.035664,0.131147,74,198,0
143,17,4,0.051282,0.036552,0.133552,74,245,1
143,18,4,0.051282,0.038163,0.139313,74,217,0
143,19,4,0.051282,0.030620,0.139418,74,235,1
143,20,4,0.051282,0.033961,0.137198,74,204,0
143,21,4,0.051282,0.027199,0.144017,74,240,0
143,22,4,0.051282,0.025035,0.128238,74,222,0
143,23,4,0.051282,0.041558,0.143345,74,214,1
143,24,4,0.051282,0.032274,0.145257,74,212,1
143,25,4,0.051282,0.038604,0.137228,74,212,0
143,26,4,0.051282,0.032806,0.118576,74,253,1
143,27,4,0.051282,0.026900,0.104773,74,212,0
143,28,4,0.051282,0.033508,0.120821,74,245,1
143,29,4,0.051282,0.025387,0.122558,74,205,0
143,30,4,0.051282,0.021127,0.110251,74,248,1
143,31,4,0.051282,0.034552,0.107115,74,218,0
143,32,4,0.051282,0.023925,0.111049,74,238,1
143,33,4,0.051282,0.030952,0.112653,74,216,0
143,34,4,0.051282,0.027099,0.114461,74,242,0
143,35,4,0.051282,0.030620,0.129789,74,217,0
143,36,4,0.051282,0.031797,0.114682,74,240,1
143,37,4,0.051282,0.024981,0.113221,74,223,1
143,38,4,0.051282,0.030074,0.134094,74,223,0
143,39,4,0.051282,0.020853,0.098880,74,235,1
143,40,4,0.051282,0.021293,0.111840,74,209,0
143,41,4,0.051282,0.019340,0.100930,74,232,1
143,42,4,0.051282,0.024179,0.097021,74,218,0
143,43,4,0.051282,0.028601,0.103012,74,244,1
143,44,4,0.051282,0.023925,0.102305,74,209,0
143,45,4,0.051282,0.029127,0.110028,74,233,1
143,46,4,0.051282,0.016447,0.095555,74,217,0
143,47,4,0.051282,0.020301,0.094635,74,238,0
143,48,4,0.051282,0.023925,0.093019,74,221,0
143,49,4,0.051282,0.028484,0.097991,74,218,1
143,50,4,0.051282,0.031779,0.097775,74,224,1
143,51,4,0.051282,0.027117,0.092266,74,214,0
143,52,4,0.051282,0.022763,0.085558,74,210,0
143,53,4,0.051282,0.018321,0.080279,74,201,0
143,54,4,0.051282,0.022763,0.085305,74,212,0
143,55,4,0.051282,0.028272,0.087416,74,204,0
143,56,4,0.051282,0.020325,0.084904,74,209,0
143,57,4,0.051282,0.021157,0.091922,74,210,0
143,58,4,0.051282,0.022108,0.087283,74,197,0
143,59,4,0.051282,0.018401,0.086477,74,193,0
143,60,4,0.051282,0.027004,0.081536,74,204,0
143,61,4,0.051282,0.023699,0.097042,74,201,0
143,62,4,0.051282,0.015188,0.086210,74,195,0
143,63,4,0.051282,0.020301,0.078829,74,197,0
143,64,4,0.051282,0.013598,0.083942,74,208,0
143,65,3,0.038462,0.018739,0.159421,75,266,1
143,66,3,0.038462,0.022763,0.158354,75,265,1
143,67,3,0.038462,0.021347,0.152306,75,275,1
143,68,3,0.038462,0.017323,0.155916,75,277,1
143,69,3,0.038462,0.019223,0.159502,75,266,1
143,70,3,0.038462,0.017323,0.157699,75,272,1
143,71,3,0.038462,0.022108,0.157684,75,278,1
143,72,3,0.038462,0.026955,0.160157,75,275,1
143,73,3,0.038462,0.018351,0.151530,75,278,1
143,74,3,0.038462,0.022108,0.150124,75,289,1
143,75,3,0.038462,0.017323,0.150124,75,280,1
143,76,3,0.038462,0.006356,0.153430,75,284,1
143,77,3,0.038462,0.013059,0.148317,75,277,1
143,78,13,0.166667,0.112828,0.242979,65,168,0
144,0,4,0.051282,0.037932,0.148125,74,277,1
144,1,4,0.051282,0.042013,0.141221,74,199,0
144,2,4,0.051282,0.044999,0.149121,74,267,1
144,3,4,0.051282,0.036965,0.148125,74,207,0
144,4,4,0.051282,0.041047,0.147233,74,260,1
144,5,4,0.051282,0.029990,0.137906,74,221,0
144,6,4,0.051282,0.035449,0.141664,74,265,0
144,7,4,0.051282,0.042013,0.155133,74,215,0
144,8,4,0.051282,0.042013,0.153852,74,259,1
144,9,4,0.051282,0.045108,0.145132,74,224,1
144,10,4,0.051282,0.036663,0.143852,74,240,0
144,11,4,0.051282,0.042013,0.150417,74,226,0
144,12,4,0.051282,0.042013,0.155067,74,216,1
144,13,4,0.051282,0.032181,0.133086,74,243,1
144,14,4,0.051282,0.035999,0.149091,74,202,0
144,15,4,0.051282,0.026110,0.126330,74,242,0
144,16,4,0.051282,0.033147,0.134077,74,198,0
144,17,4,0.051282,0.036965,0.141085,74,246,1
144,18,4,0.051282,0.041119,0.141783,74,217,0
144,19,4,0.051282,0.031348,0.138724,74,236,0
144,20,4,0.051282,0.035107,0.136005,74,204,0
144,21,4,0.051282,0.035107,0.139189,74,240,1
144,22,4,0.051282,0.025448,0.123826,74,222,0
144,23,4,0.051282,0.041672,0.144743,74,215,0
144,24,4,0.051282,0.034719,0.139240,74,213,0
144,25,4,0.051282,0.031283,0.129239,74,212,1
144,26,4,0.051282,0.031092,0.116971,74,254,1
144,27,4,0.051282,0.022049,0.109500,74,212,0
144,28,4,0.051282,0.035069,0.126901,74,246,1
144,29,4,0.051282,0.032058,0.115657,74,205,0
144,30,4,0.051282,0.024006,0.113298,74,249,1
144,31,4,0.051282,0.032279,0.108974,74,218,1
144,32,4,0.051282,0.026266,0.115721,74,239,1
144,33,4,0.051282,0.030048,0.113017,74,216,0
144,34,4,0.051282,0.028939,0.116616,74,242,1
144,35,4,0.051282,0.031348,0.128867,74,217,1
144,36,4,0.051282,0.025448,0.107950,74,241,0
144,37,4,0.051282,0.025115,0.116565,74,224,0
144,38,4,0.051282,0.026274,0.130578,74,223,1
144,39,4,0.051282,0.027409,0.103939,74,236,0
144,40,4,0.051282,0.023516,0.107458,74,209,0
144,41,4,0.051282,0.023800,0.100986,74,233,0
144,42,4,0.051282,0.024309,0.098948,74,218,0
144,43,4,0.051282,0.019101,0.101789,74,245,0
144,44,4,0.051282,0.026266,0.105403,74,209,0
144,45,4,0.051282,0.027715,0.106302,74,234,0
144,46,4,0.051282,0.020734,0.094414,74,217,0
144,47,4,0.051282,0.021843,0.089849,74,238,0
144,48,4,0.051282,0.022887,0.096141,74,221,0
144,49,4,0.051282,0.028132,0.102049,74,219,0
144,50,4,0.051282,0.026055,0.098502,74,225,0
144,51,4,0.051282,0.028332,0.093016,74,214,0
144,52,4,0.051282,0.020649,0.083167,74,210,1
144,53,4,0.051282,0.023389,0.086552,74,201,1
144,54,4,0.051282,0.020649,0.085125,74,212,1
144,55,4,0.051282,0.026443,0.088159,74,204,1
144,56,4,0.051282,0.023201,0.086209,74,209,1
144,57,4,0.051282,0.023269,0.091923,74,210,1
144,58,4,0.051282,0.023419,0.087265,74,197,1
144,59,4,0.051282,0.013240,0.085685,74,193,1
144,60,4,0.051282,0.018268,0.085836,74,204,1
144,61,4,0.051282,0.019406,0.093958,74,201,1
144,62,4,0.051282,0.021008,0.083636,74,195,1
144,63,4,0.051282,0.021445,0.080619,74,197,1
144,64,4,0.051282,0.025020,0.081454,74,208,1
144,65,3,0.038462,0.018353,0.162332,75,267,0
144,66,3,0.038462,0.020649,0.153798,75,266,0
144,67,3,0.038462,0.016989,0.159158,75,276,0
144,68,3,0.038462,0.014693,0.156350,75,278,0
144,69,3,0.038462,0.023295,0.152183,75,267,0
144,70,3,0.038462,0.014693,0.156568,75,273,0
144,71,3,0.038462,0.023419,0.155175,75,279,0
144,72,3,0.038462,0.026473,0.153968,75,276,0
144,73,3,0.038462,0.021445,0.147186,75,279,0
144,74,3,0.038462,0.023419,0.156926,75,290,0
144,75,3,0.038462,0.014693,0.156926,75,281,0
144,76,3,0.038462,0.012574,0.155788,75,285,0
144,77,3,0.038462,0.008999,0.154953,75,278,0
144,78,13,0.166667,0.112500,0.239693,65,168,1
145,0,4,0.051282,0.034881,0.148906,74,278,1
145,1,4,0.051282,0.042939,0.141039,74,199,0
145,2,4,0.051282,0.037454,0.149539,74,268,1
145,3,4,0.051282,0.035322,0.148906,74,207,0
145,4,4,0.051282,0.043381,0.146756,74,261,1
145,5,4,0.051282,0.031505,0.140209,74,221,0
145,6,4,0.051282,0.038712,0.142699,74,265,1
145,7,4,0.051282,0.042939,0.155256,74,215,0
145,8,4,0.051282,0.042939,0.149986,74,260,1
145,9,4,0.051282,0.041458,0.147414,74,225,0
145,10,4,0.051282,0.039736,0.142143,74,240,1
145,11,4,0.051282,0.042939,0.146834,74,226,0
145,12,4,0.051282,0.042939,0.151474,74,217,0
145,13,4,0.051282,0.035322,0.132242,74,244,1
145,14,4,0.051282,0.035764,0.138825,74,202,0
145,15,4,0.051282,0.033383,0.128800,74,242,1
145,16,4,0.051282,0.034881,0.132020,74,198,0
145,17,4,0.051282,0.035322,0.138371,74,247,1
145,18,4,0.051282,0.039332,0.136409,74,217,0
145,19,4,0.051282,0.030661,0.134260,74,236,1
145,20,4,0.051282,0.033615,0.138964,74,204,0
145,21,4,0.051282,0.033615,0.139042,74,241,1
145,22,4,0.051282,0.030405,0.133308,74,222,0
145,23,4,0.051282,0.038306,0.143829,74,215,1
145,24,4,0.051282,0.030494,0.144238,74,213,0
145,25,4,0.051282,0.027342,0.136395,74,213,0
145,26,4,0.051282,0.030703,0.115972,74,255,1
145,27,4,0.051282,0.023720,0.117445,74,212,0
145,28,4,0.051282,0.035788,0.124201,74,247,1
145,29,4,0.051282,0.030261,0.117285,74,205,0
145,30,4,0.051282,0.023056,0.114206,74,250,1
145,31,4,0.051282,0.030637,0.113265,74,219,0
145,32,4,0.051282,0.024456,0.122186,74,240,1
145,33,4,0.051282,0.029848,0.110344,74,216,0
145,34,4,0.051282,0.029588,0.116753,74,243,1
145,35,4,0.051282,0.030661,0.121568,74,218,0
145,36,4,0.051282,0.030405,0.111047,74,241,1
145,37,4,0.051282,0.023316,0.111556,74,224,0
145,38,4,0.051282,0.028772,0.125080,74,224,0
145,39,4,0.051282,0.026989,0.104880,74,236,1
145,40,4,0.051282,0.021112,0.109334,74,209,0
145,41,4,0.051282,0.021751,0.100469,74,233,1
145,42,4,0.051282,0.024216,0.099136,74,218,0
145,43,4,0.051282,0.019652,0.102551,74,245,1
145,44,4,0.051282,0.027993,0.105228,74,209,0
145,45,4,0.051282,0.027470,0.101824,74,234,1
145,46,4,0.051282,0.021495,0.095635,74,217,0
145,47,4,0.051282,0.021755,0.089668,74,238,1
145,48,4,0.051282,0.024456,0.096957,74,221,0
145,49,4,0.051282,0.025132,0.101528,74,219,1
145,50,4,0.051282,0.031149,0.101608,74,225,0
145,51,4,0.051282,0.028845,0.093746,74,214,0
145,52,4,0.051282,0.021422,0.083064,74,211,1
145,53,4,0.051282,0.023468,0.086476,74,202,0
145,54,4,0.051282,0.021422,0.086841,74,213,1
145,55,4,0.051282,0.027431,0.088808,74,205,0
145,56,4,0.051282,0.023956,0.087542,74,210,1
145,57,4,0.051282,0.022644,0.091412,74,211,0
145,58,4,0.051282,0.023563,0.092326,74,198,1
145,59,4,0.051282,0.015011,0.085958,74,194,0
145,60,4,0.051282,0.019035,0.086647,74,205,1
145,61,4,0.051282,0.017882,0.092479,74,202,0
145,62,4,0.051282,0.018533,0.082630,74,196,1
145,63,4,0.051282,0.021493,0.077859,74,198,0
145,64,4,0.051282,0.024213,0.081081,74,209,0
145,65,3,0.038462,0.019108,0.162515,75,267,1
145,66,3,0.038462,0.021422,0.154459,75,266,0
145,67,3,0.038462,0.018627,0.157728,75,276,1
145,68,3,0.038462,0.016314,0.156993,75,278,0
145,69,3,0.038462,0.023058,0.154058,75,267,1
145,70,3,0.038462,0.016314,0.156600,75,273,0
145,71,3,0.038462,0.023563,0.152142,75,279,1
145,72,3,0.038462,0.025516,0.154606,75,276,0
145,73,3,0.038462,0.021493,0.148120,75,279,1
145,74,3,0.038462,0.023563,0.153712,75,290,0
145,75,3,0.038462,0.016314,0.153712,75,281,1
145,76,3,0.038462,0.008487,0.154864,75,285,0
145,77,3,0.038462,0.005766,0.151641,75,278,0
145,78,13,0.166667,0.111616,0.239546,65,169,0
146,0,4,0.051282,0.034421,0.149305,74,279,0
146,1,4,0.051282,0.044495,0.139513,74,199,1
146,2,4,0.051282,0.035373,0.149944,74,269,0
146,3,4,0.051282,0.035016,0.149305,74,207,1
146,4,4,0.051282,0.045089,0.145611,74,262,0
146,5,4,0.051282,0.026201,0.138572,74,221,0
146,6,4,0.051282,0.036244,0.139373,74,266,0
146,7,4,0.051282,0.044495,0.156042,74,215,1
146,8,4,0.051282,0.044495,0.149179,74,261,0
146,9,4,0.051282,0.040794,0.146927,74,225,0
146,10,4,0.051282,0.039874,0.140065,74,241,1
146,11,4,0.051282,0.044495,0.146943,74,226,1
146,12,4,0.051282,0.044495,0.151436,74,217,0
146,13,4,0.051282,0.035016,0.131776,74,245,0
146,14,4,0.051282,0.035373,0.138665,74,202,1
146,15,4,0.051282,0.034704,0.125485,74,243,0
146,16,4,0.051282,0.034421,0.132038,74,198,1
146,17,4,0.051282,0.034778,0.138775,74,248,0
146,18,4,0.051282,0.043875,0.133479,74,217,1
146,19,4,0.051282,0.032252,0.129401,74,237,1
146,20,4,0.051282,0.031679,0.140633,74,204,1
146,21,4,0.051282,0.031679,0.145141,74,242,0
146,22,4,0.051282,0.028502,0.130049,74,222,0
146,23,4,0.051282,0.038558,0.144094,74,216,1
146,24,4,0.051282,0.028510,0.147539,74,213,1
146,25,4,0.051282,0.026273,0.138425,74,213,0
146,26,4,0.051282,0.032438,0.116919,74,256,0
146,27,4,0.051282,0.023598,0.117776,74,212,0
146,28,4,0.051282,0.036433,0.128602,74,248,0
146,29,4,0.051282,0.028668,0.116590,74,205,0
146,30,4,0.051282,0.020089,0.112569,74,251,0
146,31,4,0.051282,0.031191,0.115394,74,219,0
146,32,4,0.051282,0.025429,0.125086,74,241,0
146,33,4,0.051282,0.030597,0.108358,74,216,0
146,34,4,0.051282,0.030960,0.111238,74,244,0
146,35,4,0.051282,0.031215,0.124080,74,218,0
146,36,4,0.051282,0.028502,0.110035,74,242,0
146,37,4,0.051282,0.025554,0.108839,74,224,0
146,38,4,0.051282,0.027589,0.123635,74,224,0
146,39,4,0.051282,0.025951,0.102080,74,237,1
146,40,4,0.051282,0.022074,0.110940,74,209,1
146,41,4,0.051282,0.022105,0.099211,74,234,1
146,42,4,0.051282,0.025051,0.098974,74,218,1
146,43,4,0.051282,0.020845,0.103379,74,246,1
146,44,4,0.051282,0.027280,0.106101,74,209,1
146,45,4,0.051282,0.026333,0.104258,74,235,1
146,46,4,0.051282,0.021418,0.093884,74,217,1
146,47,4,0.051282,0.021055,0.091599,74,239,1
146,48,4,0.051282,0.025429,0.096141,74,221,1
146,49,4,0.051282,0.026937,0.101015,74,220,1
146,50,4,0.051282,0.029631,0.100659,74,225,1
146,51,4,0.051282,0.029831,0.094117,74,214,1
146,52,4,0.051282,0.021034,0.081949,74,212,0
146,53,4,0.051282,0.020093,0.082880,74,202,0
146,54,4,0.051282,0.021034,0.084179,74,214,0
146,55,4,0.051282,0.029722,0.085054,74,205,0
146,56,4,0.051282,0.025413,0.084343,74,211,0
146,57,4,0.051282,0.024329,0.088660,74,211,0
146,58,4,0.051282,0.023204,0.089703,74,199,0
146,59,4,0.051282,0.014393,0.083407,74,194,0
146,60,4,0.051282,0.017422,0.092555,74,206,0
146,61,4,0.051282,0.017523,0.090265,74,202,0
146,62,4,0.051282,0.019006,0.092254,74,197,0
146,63,4,0.051282,0.021055,0.085731,74,198,0
146,64,4,0.051282,0.024688,0.087780,74,209,0
146,65,3,0.038462,0.017806,0.163139,75,268,1
146,66,3,0.038462,0.021034,0.155393,75,266,1
146,67,3,0.038462,0.017018,0.157747,75,277,1
146,68,3,0.038462,0.013790,0.159772,75,278,1
146,69,3,0.038462,0.020452,0.157440,75,268,1
146,70,3,0.038462,0.013790,0.157563,75,273,1
146,71,3,0.038462,0.023204,0.155177,75,280,1
146,72,3,0.038462,0.024084,0.156161,75,276,1
146,73,3,0.038462,0.021055,0.148773,75,280,1
146,74,3,0.038462,0.023204,0.155535,75,290,1
146,75,3,0.038462,0.013790,0.155535,75,282,1
146,76,3,0.038462,0.017422,0.155435,75,285,1
146,77,3,0.038462,0.013790,0.153386,75,278,1
146,78,13,0.166667,0.113325,0.240440,65,169,0
147,0,4,0.051282,0.032152,0.146681,74,279,0
147,1,4,0.051282,0.041526,0.141220,74,200,1
147,2,4,0.051282,0.043572,0.153493,74,269,0
147,3,4,0.051282,0.035052,0.146681,74,208,0
147,4,4,0.051282,0.044425,0.142917,74,262,1
147,5,4,0.051282,0.038132,0.146747,74,221,1
147,6,4,0.051282,0.041345,0.143037,74,266,0
147,7,4,0.051282,0.041526,0.155190,74,216,0
147,8,4,0.051282,0.041526,0.148516,74,261,1
147,9,4,0.051282,0.040514,0.148864,74,225,1
147,10,4,0.051282,0.035254,0.142189,74,242,0
147,11,4,0.051282,0.041526,0.148881,74,227,0
147,12,4,0.051282,0.041526,0.148935,74,217,1
147,13,4,0.051282,0.035052,0.131529,74,245,0
147,14,4,0.051282,0.037951,0.143782,74,203,1
147,15,4,0.051282,0.030444,0.134745,74,243,0
147,16,4,0.051282,0.032152,0.129929,74,199,0
147,17,4,0.051282,0.035052,0.138438,74,248,1
147,18,4,0.051282,0.035884,0.142003,74,218,1
147,19,4,0.051282,0.031386,0.141306,74,238,0
147,20,4,0.051282,0.034187,0.135974,74,205,0
147,21,4,0.051282,0.034187,0.141938,74,242,1
147,22,4,0.051282,0.028508,0.127201,74,222,1
147,23,4,0.051282,0.040879,0.138470,74,217,0
147,24,4,0.051282,0.031276,0.138806,74,214,0
147,25,4,0.051282,0.031642,0.132480,74,213,1
147,26,4,0.051282,0.034038,0.117562,74,256,0
147,27,4,0.051282,0.023812,0.116434,74,212,1
147,28,4,0.051282,0.034018,0.121802,74,248,0
147,29,4,0.051282,0.031139,0.117269,74,205,0
147,30,4,0.051282,0.019313,0.112417,74,251,1
147,31,4,0.051282,0.031275,0.108957,74,219,1
147,32,4,0.051282,0.023067,0.111767,74,241,0
147,33,4,0.051282,0.030721,0.111212,74,216,0
147,34,4,0.051282,0.030710,0.115487,74,244,1
147,35,4,0.051282,0.031386,0.124985,74,218,1
147,36,4,0.051282,0.027536,0.113717,74,242,0
147,37,4,0.051282,0.028165,0.118619,74,224,0
147,38,4,0.051282,0.025044,0.128951,74,224,1
147,39,4,0.051282,0.027481,0.105393,74,238,0
147,40,4,0.051282,0.023659,0.107373,74,210,1
147,41,4,0.051282,0.023458,0.098073,74,235,0
147,42,4,0.051282,0.023800,0.096798,74,219,0
147,43,4,0.051282,0.019684,0.104269,74,247,0
147,44,4,0.051282,0.024308,0.100343,74,210,1
147,45,4,0.051282,0.023670,0.105179,74,236,0
147,46,4,0.051282,0.022278,0.094579,74,218,0
147,47,4,0.051282,0.022289,0.093204,74,240,1
147,48,4,0.051282,0.023067,0.094007,74,222,1
147,49,4,0.051282,0.029050,0.099835,74,221,0
147,50,4,0.051282,0.027745,0.100333,74,226,0
147,51,4,0.051282,0.030500,0.097795,74,215,1
147,52,4,0.051282,0.019658,0.081260,74,212,0
147,53,4,0.051282,0.020061,0.084740,74,202,1
147,54,4,0.051282,0.019658,0.081768,74,214,0
147,55,4,0.051282,0.030380,0.089854,74,205,1
147,56,4,0.051282,0.023789,0.086147,74,211,1
147,57,4,0.051282,0.022925,0.086244,74,211,1
147,58,4,0.051282,0.023599,0.085117,74,199,0
147,59,4,0.051282,0.012028,0.083564,74,194,0
147,60,4,0.051282,0.020767,0.091614,74,206,1
147,61,4,0.051282,0.019594,0.090463,74,202,1
147,62,4,0.051282,0.019805,0.091309,74,197,0
147,63,4,0.051282,0.022289,0.084119,74,198,0
147,64,4,0.051282,0.023811,0.086603,74,209,1
147,65,3,0.038462,0.018285,0.163576,75,269,0
147,66,3,0.038462,0.019658,0.152451,75,267,0
147,67,3,0.038462,0.015516,0.156120,75,278,0
147,68,3,0.038462,0.014143,0.156581,75,279,0
147,69,3,0.038462,0.024404,0.155543,75,269,0
147,70,3,0.038462,0.014143,0.156392,75,274,0
147,71,3,0.038462,0.023599,0.155653,75,281,0
147,72,3,0.038462,0.025926,0.157690,75,277,0
147,73,3,0.038462,0.017187,0.147452,75,281,0
147,74,3,0.038462,0.023599,0.156539,75,291,0
147,75,3,0.038462,0.014143,0.156539,75,283,0
147,76,3,0.038462,0.015665,0.157713,75,286,0
147,77,3,0.038462,0.014143,0.155229,75,279,0
147,78,13,0.166667,0.113134,0.240412,65,169,1
148,0,4,0.051282,0.033319,0.147756,74,279,0
148,1,4,0.051282,0.041472,0.141474,74,201,1
148,2,4,0.051282,0.040638,0.151735,74,269,0
148,3,4,0.051282,0.035428,0.147756,74,208,1
148,4,4,0.051282,0.043581,0.144332,74,263,0
148,5,4,0.051282,0.035756,0.143979,74,222,1
148,6,4,0.051282,0.043253,0.143472,74,266,0
148,7,4,0.051282,0.041472,0.154593,74,216,1
148,8,4,0.051282,0.041472,0.151229,74,262,0
148,9,4,0.051282,0.042583,0.146124,74,226,0
148,10,4,0.051282,0.035920,0.142759,74,242,1
148,11,4,0.051282,0.041472,0.147599,74,227,1
148,12,4,0.051282,0.041472,0.150516,74,218,0
148,13,4,0.051282,0.035428,0.127523,74,245,0
148,14,4,0.051282,0.037537,0.139840,74,204,1
148,15,4,0.051282,0.032089,0.133069,74,243,0
148,16,4,0.051282,0.033319,0.127682,74,199,1
148,17,4,0.051282,0.035428,0.134519,74,249,0
148,18,4,0.051282,0.036971,0.139948,74,219,1
148,19,4,0.051282,0.027999,0.139097,74,238,0
148,20,4,0.051282,0.034113,0.137828,74,205,1
148,21,4,0.051282,0.034113,0.144550,74,243,0
148,22,4,0.051282,0.028163,0.130617,74,223,0
148,23,4,0.051282,0.038952,0.139563,74,217,1
148,24,4,0.051282,0.034173,0.145553,74,214,1
148,25,4,0.051282,0.030542,0.137084,74,214,0
148,26,4,0.051282,0.033107,0.118488,74,256,0
148,27,4,0.051282,0.023081,0.110755,74,213,1
148,28,4,0.051282,0.032776,0.118675,74,248,0
148,29,4,0.051282,0.027542,0.120289,74,205,1
148,30,4,0.051282,0.017675,0.119060,74,252,0
148,31,4,0.051282,0.032760,0.107887,74,220,1
148,32,4,0.051282,0.023281,0.111696,74,241,0
148,33,4,0.051282,0.030077,0.116899,74,216,1
148,34,4,0.051282,0.035100,0.116538,74,245,0
148,35,4,0.051282,0.027999,0.121953,74,219,0
148,36,4,0.051282,0.028163,0.113007,74,242,1
148,37,4,0.051282,0.031529,0.115535,74,224,1
148,38,4,0.051282,0.027510,0.125003,74,225,0
148,39,4,0.051282,0.021934,0.099611,74,238,0
148,40,4,0.051282,0.020886,0.110286,74,211,0
148,41,4,0.051282,0.021305,0.099096,74,235,0
148,42,4,0.051282,0.026745,0.097894,74,219,0
148,43,4,0.051282,0.027499,0.103537,74,247,0
148,44,4,0.051282,0.023281,0.101079,74,211,0
148,45,4,0.051282,0.026494,0.104346,74,236,0
148,46,4,0.051282,0.024882,0.095682,74,218,0
148,47,4,0.051282,0.019859,0.098152,74,241,0
148,48,4,0.051282,0.023281,0.093255,74,223,0
148,49,4,0.051282,0.028508,0.097319,74,221,0
148,50,4,0.051282,0.023371,0.100595,74,226,0
148,51,4,0.051282,0.031021,0.096810,74,216,0
148,52,4,0.051282,0.022201,0.085966,74,212,1
148,53,4,0.051282,0.021489,0.081573,74,203,1
148,54,4,0.051282,0.022201,0.082502,74,214,1
148,55,4,0.051282,0.027499,0.087683,74,206,1
148,56,4,0.051282,0.024910,0.085464,74,212,1
148,57,4,0.051282,0.021766,0.088276,74,212,1
148,58,4,0.051282,0.022820,0.085515,74,199,1
148,59,4,0.051282,0.018419,0.083058,74,194,1
148,60,4,0.051282,0.017996,0.083952,74,207,1
148,61,4,0.051282,0.021821,0.093955,74,203,1
148,62,4,0.051282,0.018991,0.093255,74,197,1
148,63,4,0.051282,0.018126,0.085139,74,198,1
148,64,4,0.051282,0.019989,0.086008,74,210,1
148,65,3,0.038462,0.020677,0.161975,75,269,0
148,66,3,0.038462,0.022201,0.157390,75,267,0
148,67,3,0.038462,0.017658,0.156242,75,278,0
148,68,3,0.038462,0.016133,0.160099,75,279,0
148,69,3,0.038462,0.017574,0.158905,75,269,0
148,70,3,0.038462,0.016133,0.158008,75,274,0
148,71,3,0.038462,0.022820,0.156575,75,281,0
148,72,3,0.038462,0.017703,0.155894,75,277,0
148,73,3,0.038462,0.018126,0.149532,75,281,0
148,74,3,0.038462,0.022820,0.154798,75,291,0
148,75,3,0.038462,0.016133,0.154798,75,283,0
148,76,3,0.038462,0.017996,0.150973,75,286,0
148,77,3,0.038462,0.016133,0.150104,75,279,0
148,78,13,0.166667,0.112987,0.242107,65,170,1
149,0,4,0.051282,0.030118,0.152564,74,279,0
149,1,4,0.051282,0.039276,0.141273,74,202,1
149,2,4,0.051282,0.045407,0.145169,74,269,0
149,3,4,0.051282,0.037763,0.152564,74,209,0
149,4,4,0.051282,0.046921,0.152271,74,263,1
149,5,4,0.051282,0.043091,0.149361,74,223,1
149,6,4,0.051282,0.041592,0.142708,74,266,0
149,7,4,0.051282,0.039276,0.156168,74,217,0
149,8,4,0.051282,0.039276,0.146303,74,262,1
149,9,4,0.051282,0.041331,0.147045,74,226,1
149,10,4,0.051282,0.036699,0.137180,74,243,0
149,11,4,0.051282,0.039276,0.139349,74,228,0
149,12,4,0.051282,0.039276,0.145895,74,218,1
149,13,4,0.051282,0.037763,0.123997,74,245,0
149,14,4,0.051282,0.032501,0.142470,74,205,0
149,15,4,0.051282,0.027985,0.135173,74,243,0
149,16,4,0.051282,0.043024,0.132255,74,200,0
149,17,4,0.051282,0.037763,0.135858,74,249,1
149,18,4,0.051282,0.030301,0.138924,74,220,1
149,19,4,0.051282,0.034377,0.143434,74,238,0
149,20,4,0.051282,0.032208,0.135229,74,206,0
149,21,4,0.051282,0.032208,0.145858,74,243,1
149,22,4,0.051282,0.027985,0.128334,74,223,1
149,23,4,0.051282,0.034377,0.145895,74,218,0
149,24,4,0.051282,0.035543,0.140358,74,215,0
149,25,4,0.051282,0.028588,0.131234,74,214,1
149,26,4,0.051282,0.037079,0.116326,74,256,1
149,27,4,0.051282,0.028170,0.106172,74,214,1
149,28,4,0.051282,0.029866,0.119596,74,248,0
149,29,4,0.051282,0.018788,0.124997,74,206,0
149,30,4,0.051282,0.018137,0.118138,74,252,1
149,31,4,0.051282,0.024635,0.103974,74,221,1
149,32,4,0.051282,0.022058,0.116131,74,241,0
149,33,4,0.051282,0.040031,0.124894,74,217,0
149,34,4,0.051282,0.030894,0.113889,74,245,1
149,35,4,0.051282,0.034377,0.122537,74,219,1
149,36,4,0.051282,0.027985,0.104976,74,243,0
149,37,4,0.051282,0.027274,0.119390,74,225,0
149,38,4,0.051282,0.030911,0.128252,74,225,1
149,39,4,0.051282,0.022044,0.101661,74,238,0
149,40,4,0.051282,0.016253,0.113328,74,211,0
149,41,4,0.051282,0.018381,0.093062,74,235,0
149,42,4,0.051282,0.024547,0.093817,74,219,0
149,43,4,0.051282,0.027428,0.107851,74,247,1
149,44,4,0.051282,0.040541,0.097820,74,211,1
149,45,4,0.051282,0.023231,0.094959,74,236,0
149,46,4,0.051282,0.018358,0.085747,74,218,0
149,47,4,0.051282,0.027495,0.104396,74,241,1
149,48,4,0.051282,0.017305,0.094684,74,223,1
149,49,4,0.051282,0.030553,0.109929,74,221,0
149,50,4,0.051282,0.027780,0.104787,74,226,0
149,51,4,0.051282,0.031098,0.092683,74,216,1
149,52,4,0.051282,0.023192,0.079108,74,213,1
149,53,4,0.051282,0.027275,0.078733,74,204,1
149,54,4,0.051282,0.023192,0.095102,74,215,0
149,55,4,0.051282,0.027428,0.086952,74,207,0
149,56,4,0.051282,0.015410,0.073211,74,213,1
149,57,4,0.051282,0.012982,0.086153,74,213,1
149,58,4,0.051282,0.022704,0.095667,74,200,0
149,59,4,0.051282,0.021604,0.091418,74,195,0
149,60,4,0.051282,0.021306,0.082633,74,208,1
149,61,4,0.051282,0.022965,0.091605,74,204,1
149,62,4,0.051282,0.021937,0.086224,74,198,0
149,63,4,0.051282,0.015487,0.089197,74,199,0
149,64,4,0.051282,0.021676,0.094755,74,211,1
149,65,3,0.038462,0.016472,0.167326,75,269,0
149,66,3,0.038462,0.023192,0.159007,75,267,0
149,67,3,0.038462,0.021836,0.152881,75,278,0
149,68,3,0.038462,0.015116,0.151225,75,279,0
149,69,3,0.038462,0.021008,0.161655,75,269,0
149,70,3,0.038462,0.015116,0.158520,75,274,0
149,71,3,0.038462,0.022704,0.148571,75,281,0
149,72,3,0.038462,0.015189,0.149340,75,277,0
149,73,3,0.038462,0.015487,0.149715,75,281,0
149,74,3,0.038462,0.022704,0.157265,75,291,0
149,75,3,0.038462,0.015116,0.157265,75,283,0
149,76,3,0.038462,0.021306,0.155606,75,286,0
149,77,3,0.038462,0.015116,0.150048,75,279,0
149,78,13,0.166667,0.112624,0.240364,65,171,1
