iteration,vertex_id,degree,normalized_degree,dual,weighted_neighbor_dual,complement_degree,stable_set_occurrences,score_contribution
0,0,72,0.580645,0.153738,10.457289,52,21,0.208433
0,1,68,0.548387,0.190514,10.688554,56,25,0.258293
0,2,68,0.548387,0.066069,9.859094,56,23,0.089574
0,3,65,0.524194,0.208335,9.032764,59,21,0.832455
0,4,55,0.443548,0.164109,8.311079,69,29,0.222494
0,5,67,0.540323,0.155294,10.377017,57,24,0.210543
0,6,61,0.491935,0.202155,9.078485,63,24,0.824075
0,7,59,0.475806,0.228934,8.402369,65,23,0.860381
0,8,61,0.491935,0.137401,8.622976,63,23,0.736285
0,9,67,0.540323,0.096318,9.907643,57,20,0.130585
0,10,61,0.491935,0.129333,8.469668,63,27,0.175346
0,11,63,0.508065,0.139152,9.458482,61,23,0.188658
0,12,64,0.516129,0.105287,9.094897,60,21,0.142745
0,13,60,0.483871,0.184228,9.006540,64,26,0.249771
0,14,60,0.483871,0.211311,8.908434,64,26,0.286489
0,15,62,0.500000,0.122285,8.851468,62,28,0.165791
0,16,71,0.572581,0.114249,10.173825,53,21,0.154896
0,17,73,0.588710,0.196891,10.241578,51,21,0.266939
0,18,65,0.524194,0.133911,9.277788,59,23,0.181552
0,19,58,0.467742,0.000000,8.182427,66,27,0.000000
0,20,65,0.524194,0.075037,10.177172,59,23,0.101732
0,21,60,0.483871,0.172088,8.888105,64,26,0.233312
0,22,66,0.532258,0.021025,9.718466,58,23,0.028505
0,23,75,0.604839,0.331915,10.993653,49,18,0.450000
0,24,61,0.491935,0.092573,8.719085,63,27,0.125508
0,25,74,0.596774,0.284812,11.141579,50,21,0.386139
0,26,56,0.451613,0.136124,6.865793,68,34,0.184553
0,27,68,0.548387,0.135517,9.547345,56,21,0.183730
0,28,57,0.459677,0.000000,7.654793,67,29,0.000000
0,29,64,0.516129,0.079481,8.738968,60,25,0.107758
0,30,57,0.459677,0.057834,8.154542,67,37,0.078409
0,31,56,0.451613,0.021054,7.696161,68,42,0.028544
0,32,73,0.588710,0.119627,10.518685,51,21,0.162186
0,33,62,0.500000,0.181818,9.835450,62,24,0.246504
0,34,62,0.500000,0.243740,9.192326,62,23,0.330456
0,35,65,0.524194,0.197236,9.584034,59,22,0.267407
0,36,60,0.483871,0.154267,8.333393,64,30,0.209151
0,37,64,0.516129,0.158787,9.256197,60,21,0.215279
0,38,54,0.435484,0.026858,7.910304,70,46,0.036413
0,39,68,0.548387,0.197807,9.396905,56,21,0.268181
0,40,54,0.435484,0.139989,8.261830,70,45,0.189793
0,41,56,0.451613,0.140236,8.218677,68,29,0.190128
0,42,57,0.459677,0.053390,7.886617,67,31,0.072384
0,43,63,0.508065,0.272599,9.155580,61,22,0.369582
0,44,64,0.516129,0.000000,9.119564,60,24,0.000000
0,45,65,0.524194,0.194182,10.038104,59,23,0.263266
0,46,67,0.540323,0.223104,10.600913,57,23,0.302477
0,47,70,0.564516,0.141038,9.960786,54,21,0.191215
0,48,61,0.491935,0.082707,9.578618,63,25,0.112131
0,49,60,0.483871,0.143130,9.024504,64,23,0.194051
0,50,66,0.532258,0.150595,9.385232,58,22,0.204172
0,51,60,0.483871,0.060493,8.264276,64,25,0.082015
0,52,58,0.467742,0.230127,8.471222,66,31,0.861999
0,53,73,0.588710,0.223376,10.702885,51,21,0.302846
0,54,59,0.475806,0.134910,9.360656,65,29,0.182907
0,55,67,0.540323,0.169994,9.828474,57,21,0.230473
0,56,67,0.540323,0.297780,9.971548,57,21,0.403721
0,57,69,0.556452,0.240038,10.873321,55,21,0.325436
0,58,69,0.556452,0.140129,9.807924,55,21,0.189983
0,59,64,0.516129,0.212848,9.310643,60,22,0.288573
0,60,61,0.491935,0.204893,9.104206,63,24,0.277788
0,61,60,0.483871,0.061775,8.605551,64,28,0.083753
0,62,57,0.459677,0.066099,8.331232,67,38,0.089614
0,63,61,0.491935,0.146231,9.062035,63,25,0.198256
0,64,67,0.540323,0.057007,9.451913,57,25,0.077288
0,65,68,0.548387,0.090607,9.092899,56,21,0.122843
0,66,59,0.475806,0.158429,8.748542,65,26,0.214794
0,67,62,0.500000,0.222553,8.441141,62,22,0.301730
0,68,55,0.443548,0.023055,8.231123,69,37,0.031257
0,69,54,0.435484,0.179962,8.222150,70,42,0.243988
0,70,56,0.451613,0.000000,8.340533,68,29,0.000000
0,71,59,0.475806,0.145789,8.399034,65,25,0.197657
0,72,58,0.467742,0.159757,8.040366,66,28,0.216593
0,73,58,0.467742,0.182330,8.736751,66,40,0.247198
0,74,55,0.443548,0.000000,7.299623,69,40,0.000000
0,75,51,0.411290,0.056386,7.924065,73,62,0.076447
0,76,56,0.451613,0.160657,8.053768,68,24,0.217814
0,77,64,0.516129,0.147513,9.589897,60,20,0.199993
0,78,69,0.556452,0.188643,9.602797,55,21,0.255757
0,79,63,0.508065,0.140106,9.767889,61,24,0.189952
0,80,59,0.475806,0.112094,8.678343,65,32,0.151973
0,81,61,0.491935,0.216613,8.700965,63,24,0.293678
0,82,62,0.500000,0.109490,8.710568,62,23,0.148443
0,83,67,0.540323,0.072332,9.236423,57,23,0.098066
0,84,67,0.540323,0.251918,9.765823,57,22,0.341542
0,85,57,0.459677,0.137055,8.819792,67,40,0.185816
0,86,64,0.516129,0.211404,9.892465,60,26,0.286615
0,87,53,0.427419,0.041535,7.346229,71,59,0.056312
0,88,55,0.443548,0.144385,8.459268,69,33,0.195753
0,89,56,0.451613,0.071302,8.358370,68,31,0.096669
0,90,66,0.532258,0.077309,9.265855,58,25,0.654813
0,91,60,0.483871,0.125639,8.914591,64,28,0.170338
0,92,69,0.556452,0.124644,10.504119,55,24,0.168989
0,93,63,0.508065,0.185026,8.929015,61,21,0.250853
0,94,60,0.483871,0.088679,8.793533,64,27,0.120229
0,95,59,0.475806,0.224077,8.974900,65,34,0.303797
0,96,53,0.427419,0.020798,7.568469,71,33,0.028197
0,97,66,0.532258,0.300136,9.761537,58,24,0.956916
0,98,60,0.483871,0.006672,8.647319,64,26,0.009045
0,99,72,0.580645,0.319409,11.380225,52,21,0.433045
0,100,61,0.491935,0.097864,9.135622,63,22,0.132680
0,101,64,0.516129,0.161812,9.036040,60,22,0.769380
0,102,69,0.556452,0.243560,10.285178,55,21,0.330211
0,103,64,0.516129,0.222332,9.861330,60,25,0.301432
0,104,58,0.467742,0.187720,8.792031,66,24,0.254505
0,105,68,0.548387,0.169990,9.792822,56,23,0.230467
0,106,53,0.427419,0.063242,7.631247,71,71,0.085742
0,107,64,0.516129,0.253632,9.274594,60,20,0.343866
0,108,61,0.491935,0.123754,8.947996,63,26,0.167782
0,109,63,0.508065,0.159150,9.327854,61,23,0.215770
0,110,57,0.459677,0.156729,8.609373,67,28,0.212488
0,111,62,0.500000,0.139236,8.628355,62,23,0.188772
0,112,61,0.491935,0.111247,8.898033,63,27,0.150825
0,113,70,0.564516,0.216176,9.887953,54,21,0.293085
0,114,64,0.516129,0.078363,9.303181,60,24,0.106242
0,115,58,0.467742,0.108770,8.622061,66,27,0.147467
0,116,51,0.411290,0.000000,6.735185,73,63,0.000000
0,117,63,0.508065,0.110079,9.002062,61,23,0.149242
0,118,56,0.451613,0.058891,7.915654,68,33,0.079843
0,119,60,0.483871,0.181450,8.937037,64,26,0.246005
0,120,60,0.483871,0.177999,8.939243,64,27,0.241326
0,121,65,0.524194,0.102013,9.028042,59,21,0.138307
0,122,71,0.572581,0.288744,10.935533,53,21,0.391471
0,123,58,0.467742,0.064904,7.996054,66,30,0.087995
0,124,63,0.508065,0.254673,8.869908,61,22,0.345279
1,0,72,0.580645,0.193212,10.727813,52,21,0.236216
1,1,68,0.548387,0.146488,10.316528,56,25,0.179093
1,2,68,0.548387,0.046339,10.024222,56,23,0.056653
1,3,65,0.524194,0.182886,9.423005,59,22,0.223592
1,4,55,0.443548,0.171404,8.410773,69,29,0.209554
1,5,67,0.540323,0.161420,10.426767,57,24,0.197348
1,6,61,0.491935,0.106887,9.077322,63,25,0.130677
1,7,59,0.475806,0.185625,8.885806,65,24,0.226941
1,8,61,0.491935,0.050169,8.330929,63,24,0.061335
1,9,67,0.540323,0.033960,9.727036,57,20,0.041519
1,10,61,0.491935,0.154934,9.025449,63,27,0.189418
1,11,63,0.508065,0.186495,9.849842,61,23,0.228005
1,12,64,0.516129,0.153864,9.236902,60,21,0.188111
1,13,60,0.483871,0.171399,8.669934,64,26,0.209548
1,14,60,0.483871,0.232729,9.165591,64,26,0.284529
1,15,62,0.500000,0.085059,8.552673,62,28,0.103991
1,16,71,0.572581,0.076198,10.086135,53,21,0.093158
1,17,73,0.588710,0.303454,10.955993,51,21,0.370995
1,18,65,0.524194,0.082345,9.296374,59,23,0.100673
1,19,58,0.467742,0.000000,8.253888,66,27,0.000000
1,20,65,0.524194,0.083876,9.732935,59,23,0.102545
1,21,60,0.483871,0.147705,8.778667,64,26,0.180581
1,22,66,0.532258,0.071630,9.442294,58,23,0.087573
1,23,75,0.604839,0.263383,10.685464,49,18,0.872006
1,24,61,0.491935,0.079074,8.532501,63,27,0.096674
1,25,74,0.596774,0.267455,11.213992,50,21,0.326984
1,26,56,0.451613,0.070168,6.738574,68,34,0.085786
1,27,68,0.548387,0.131608,9.513652,56,21,0.160901
1,28,57,0.459677,0.000178,7.651732,67,29,0.000218
1,29,64,0.516129,0.072315,8.604821,60,25,0.088411
1,30,57,0.459677,0.136953,8.312769,67,37,0.717436
1,31,56,0.451613,0.000000,7.598533,68,42,0.000000
1,32,73,0.588710,0.153507,10.312669,51,21,0.187674
1,33,62,0.500000,0.136937,9.387945,62,24,0.167416
1,34,62,0.500000,0.245274,9.187709,62,23,0.299866
1,35,65,0.524194,0.203068,9.420139,59,22,0.248266
1,36,60,0.483871,0.146848,8.442709,64,30,0.179533
1,37,64,0.516129,0.123005,8.987987,60,21,0.150383
1,38,54,0.435484,0.015581,8.094006,70,46,0.019049
1,39,68,0.548387,0.154945,8.975592,56,21,0.739432
1,40,54,0.435484,0.154856,8.221835,70,45,0.189323
1,41,56,0.451613,0.033916,7.607867,68,29,0.041465
1,42,57,0.459677,0.158859,8.255232,67,31,0.194218
1,43,63,0.508065,0.217087,8.735765,61,22,0.265405
1,44,64,0.516129,0.034129,9.402764,60,24,0.041726
1,45,65,0.524194,0.215203,10.077379,59,23,0.263102
1,46,67,0.540323,0.139717,9.787163,57,23,0.170814
1,47,70,0.564516,0.147384,9.984654,54,21,0.180189
1,48,61,0.491935,0.060422,9.246302,63,25,0.073871
1,49,60,0.483871,0.120391,8.949771,64,23,0.147187
1,50,66,0.532258,0.145589,9.190273,58,22,0.177993
1,51,60,0.483871,0.000000,7.763977,64,25,0.000000
1,52,58,0.467742,0.115022,8.450235,66,32,0.140623
1,53,73,0.588710,0.268612,11.059208,51,21,0.328399
1,54,59,0.475806,0.126137,8.998995,65,29,0.154212
1,55,67,0.540323,0.228975,9.859203,57,21,0.279939
1,56,67,0.540323,0.368075,9.931813,57,21,1.000000
1,57,69,0.556452,0.227494,10.780049,55,21,0.278129
1,58,69,0.556452,0.167423,9.822225,55,21,0.204687
1,59,64,0.516129,0.236358,9.187983,60,22,0.288965
1,60,61,0.491935,0.224559,9.043157,63,24,0.274540
1,61,60,0.483871,0.038014,8.699720,64,28,0.046475
1,62,57,0.459677,0.055259,8.083813,67,38,0.067559
1,63,61,0.491935,0.106275,8.904449,63,25,0.129930
1,64,67,0.540323,0.018262,9.457035,57,25,0.022327
1,65,68,0.548387,0.072607,8.700830,56,21,0.088767
1,66,59,0.475806,0.137039,8.226697,65,26,0.167541
1,67,62,0.500000,0.262241,8.677933,62,22,0.320609
1,68,55,0.443548,0.000000,8.059997,69,37,0.000000
1,69,54,0.435484,0.167234,7.966590,70,42,0.204457
1,70,56,0.451613,0.000999,8.139493,68,29,0.001221
1,71,59,0.475806,0.097630,8.169790,65,25,0.119360
1,72,58,0.467742,0.098230,8.046488,66,28,0.120094
1,73,58,0.467742,0.182663,8.415521,66,40,0.223320
1,74,55,0.443548,0.043556,7.496055,69,40,0.053250
1,75,51,0.411290,0.081301,8.551542,73,62,0.099397
1,76,56,0.451613,0.166457,7.996638,68,24,0.203506
1,77,64,0.516129,0.139880,9.459091,60,20,0.171013
1,78,69,0.556452,0.241070,9.686695,55,21,0.294726
1,79,63,0.508065,0.184773,9.942172,61,24,0.225899
1,80,59,0.475806,0.122730,8.728383,65,32,0.150047
1,81,61,0.491935,0.160212,8.380828,63,24,0.195872
1,82,62,0.500000,0.174644,8.832829,62,23,0.213515
1,83,67,0.540323,0.128803,9.229136,57,23,0.157472
1,84,67,0.540323,0.322309,9.879515,57,22,0.944048
1,85,57,0.459677,0.158813,8.714587,67,40,0.194161
1,86,64,0.516129,0.198482,9.657607,60,26,0.242659
1,87,53,0.427419,0.031448,7.483478,71,59,0.038447
1,88,55,0.443548,0.139092,8.740057,69,33,0.170051
1,89,56,0.451613,0.124783,8.451883,68,31,0.152557
1,90,66,0.532258,0.043556,8.893561,58,26,0.053250
1,91,60,0.483871,0.204668,8.982165,64,28,0.250222
1,92,69,0.556452,0.194340,10.505564,55,24,0.237596
1,93,63,0.508065,0.192884,9.114480,61,21,0.235815
1,94,60,0.483871,0.123384,8.230697,64,27,0.150846
1,95,59,0.475806,0.205904,8.761192,65,34,0.251733
1,96,53,0.427419,0.041486,7.833376,71,33,0.050719
1,97,66,0.532258,0.235198,9.795179,58,25,0.287547
1,98,60,0.483871,0.051162,8.558443,64,26,0.062549
1,99,72,0.580645,0.317466,11.254931,52,21,0.388127
1,100,61,0.491935,0.188595,9.259906,63,22,0.230571
1,101,64,0.516129,0.080658,9.084814,60,23,0.098611
1,102,69,0.556452,0.312619,10.493422,55,21,0.382200
1,103,64,0.516129,0.225822,10.046762,60,25,0.276085
1,104,58,0.467742,0.154172,8.711838,66,24,0.188487
1,105,68,0.548387,0.205391,10.038002,56,23,0.251107
1,106,53,0.427419,0.000000,7.715387,71,71,0.000000
1,107,64,0.516129,0.252115,9.265642,60,20,0.858230
1,108,61,0.491935,0.096487,8.727711,63,26,0.117963
1,109,63,0.508065,0.162396,8.922302,61,23,0.198541
1,110,57,0.459677,0.160528,8.199438,67,28,0.196258
1,111,62,0.500000,0.244428,9.119260,62,23,0.298832
1,112,61,0.491935,0.162401,8.797892,63,27,0.198548
1,113,70,0.564516,0.229866,10.038585,54,21,0.281028
1,114,64,0.516129,0.000000,8.754070,60,24,0.000000
1,115,58,0.467742,0.143914,8.540969,66,27,0.175946
1,116,51,0.411290,0.000000,6.830854,73,63,0.000000
1,117,63,0.508065,0.048830,8.602570,61,23,0.059698
1,118,56,0.451613,0.136570,8.437303,68,33,0.166968
1,119,60,0.483871,0.155445,8.749004,64,26,0.190044
1,120,60,0.483871,0.165998,9.086915,64,27,0.202945
1,121,65,0.524194,0.090373,8.765354,59,21,0.660488
1,122,71,0.572581,0.236586,10.528976,53,21,0.289244
1,123,58,0.467742,0.069703,7.709521,66,30,0.085217
1,124,63,0.508065,0.306092,9.152077,61,22,0.374221
2,0,72,0.580645,0.313059,10.906199,52,21,0.420293
2,1,68,0.548387,0.138667,10.535131,56,25,0.186166
2,2,68,0.548387,0.000000,9.576395,56,23,0.000000
2,3,65,0.524194,0.204976,9.430165,59,22,0.275188
2,4,55,0.443548,0.185774,8.452527,69,29,0.249409
2,5,67,0.540323,0.229481,10.740017,57,24,0.308086
2,6,61,0.491935,0.132772,8.979140,63,25,0.178251
2,7,59,0.475806,0.151935,8.440400,65,24,0.203979
2,8,61,0.491935,0.092138,8.312727,63,24,0.123699
2,9,67,0.540323,0.028810,9.311141,57,20,0.038678
2,10,61,0.491935,0.125090,8.727675,63,27,0.167939
2,11,63,0.508065,0.131787,9.489106,61,23,0.726929
2,12,64,0.516129,0.143097,9.033974,60,21,0.192113
2,13,60,0.483871,0.150920,8.840470,64,26,0.202616
2,14,60,0.483871,0.328528,9.248366,64,26,0.441061
2,15,62,0.500000,0.052596,8.493437,62,28,0.070612
2,16,71,0.572581,0.119290,10.282648,53,21,0.160152
2,17,73,0.588710,0.291410,10.964886,51,21,0.391230
2,18,65,0.524194,0.175952,9.402413,59,23,0.236222
2,19,58,0.467742,0.016527,8.295414,66,27,0.022188
2,20,65,0.524194,0.161193,9.739698,59,23,0.216408
2,21,60,0.483871,0.154949,8.702815,64,26,0.758025
2,22,66,0.532258,0.162310,9.477953,58,23,0.217907
2,23,75,0.604839,0.261079,10.814293,49,19,0.350508
2,24,61,0.491935,0.087798,8.384224,63,27,0.117872
2,25,74,0.596774,0.291511,11.055608,50,21,0.391365
2,26,56,0.451613,0.094521,6.973044,68,34,0.126898
2,27,68,0.548387,0.162730,10.025093,56,21,0.218471
2,28,57,0.459677,0.001719,7.741038,67,29,0.002308
2,29,64,0.516129,0.080315,8.463679,60,25,0.107826
2,30,57,0.459677,0.069015,8.382139,67,38,0.092655
2,31,56,0.451613,0.006834,7.578387,68,42,0.009175
2,32,73,0.588710,0.033840,10.177398,51,21,0.045432
2,33,62,0.500000,0.199075,9.092789,62,24,0.267265
2,34,62,0.500000,0.272315,9.305616,62,23,0.915593
2,35,65,0.524194,0.189218,8.933517,59,22,0.254032
2,36,60,0.483871,0.125964,8.177765,64,30,0.169111
2,37,64,0.516129,0.156890,9.293032,60,21,0.210631
2,38,54,0.435484,0.102876,8.064292,70,46,0.138115
2,39,68,0.548387,0.088752,8.953055,56,22,0.119153
2,40,54,0.435484,0.196889,7.998187,70,45,0.264332
2,41,56,0.451613,0.073537,7.292532,68,29,0.098727
2,42,57,0.459677,0.097027,7.676688,67,31,0.130262
2,43,63,0.508065,0.205226,9.156401,61,22,0.275524
2,44,64,0.516129,0.020220,9.377570,60,24,0.027146
2,45,65,0.524194,0.296557,10.038101,59,23,0.398139
2,46,67,0.540323,0.206184,10.186192,57,23,0.276810
2,47,70,0.564516,0.132477,9.577007,54,21,0.177855
2,48,61,0.491935,0.055790,8.966050,63,25,0.074901
2,49,60,0.483871,0.060087,8.173297,64,23,0.080670
2,50,66,0.532258,0.092019,8.672069,58,22,0.123539
2,51,60,0.483871,0.045398,7.958945,64,25,0.060949
2,52,58,0.467742,0.090327,8.348909,66,32,0.121267
2,53,73,0.588710,0.309482,10.922565,51,21,0.415491
2,54,59,0.475806,0.111187,9.368566,65,29,0.149273
2,55,67,0.540323,0.257326,10.360792,57,21,0.345470
2,56,67,0.540323,0.328551,10.313882,57,22,0.441092
2,57,69,0.556452,0.199358,10.459970,55,21,0.267646
2,58,69,0.556452,0.139032,10.095995,55,21,0.186656
2,59,64,0.516129,0.170738,9.261323,60,22,0.229223
2,60,61,0.491935,0.239288,8.782426,63,24,0.321253
2,61,60,0.483871,0.035240,8.830697,64,28,0.047311
2,62,57,0.459677,0.077596,7.618805,67,38,0.104176
2,63,61,0.491935,0.064568,8.925152,63,25,0.086685
2,64,67,0.540323,0.025550,9.449189,57,25,0.034302
2,65,68,0.548387,0.077600,8.647878,56,21,0.104181
2,66,59,0.475806,0.127499,8.329497,65,26,0.171172
2,67,62,0.500000,0.212371,8.653654,62,22,0.285117
2,68,55,0.443548,0.093532,8.407027,69,37,0.125570
2,69,54,0.435484,0.145988,7.784795,70,42,0.195995
2,70,56,0.451613,0.045627,8.280362,68,29,0.061256
2,71,59,0.475806,0.143563,8.543804,65,25,0.192739
2,72,58,0.467742,0.049533,7.634930,66,28,0.066500
2,73,58,0.467742,0.149202,7.898659,66,40,0.200310
2,74,55,0.443548,0.043966,7.373462,69,40,0.059026
2,75,51,0.411290,0.039844,8.214286,73,62,0.053492
2,76,56,0.451613,0.177793,7.633688,68,24,0.238694
2,77,64,0.516129,0.180793,9.360205,60,20,0.242722
2,78,69,0.556452,0.177713,9.014112,55,21,0.238587
2,79,63,0.508065,0.171873,9.525617,61,24,0.230746
2,80,59,0.475806,0.094202,8.427076,65,32,0.126470
2,81,61,0.491935,0.220371,8.656409,63,24,0.845856
2,82,62,0.500000,0.134015,8.690448,62,23,0.179921
2,83,67,0.540323,0.155708,9.445694,57,23,0.209044
2,84,67,0.540323,0.125090,9.628425,57,23,0.167939
2,85,57,0.459677,0.164319,8.372390,67,40,0.220605
2,86,64,0.516129,0.219695,9.811668,60,26,0.294949
2,87,53,0.427419,0.036101,7.057192,71,59,0.048467
2,88,55,0.443548,0.093107,8.128088,69,33,0.124999
2,89,56,0.451613,0.134637,8.549306,68,31,0.180755
2,90,66,0.532258,0.034436,9.048254,58,26,0.046232
2,91,60,0.483871,0.182509,9.057038,64,28,0.245026
2,92,69,0.556452,0.251985,10.256866,55,24,0.888299
2,93,63,0.508065,0.197084,9.078214,61,21,0.814592
2,94,60,0.483871,0.124718,8.449176,64,27,0.167439
2,95,59,0.475806,0.129172,8.593658,65,34,0.173419
2,96,53,0.427419,0.041320,7.749475,71,33,0.055474
2,97,66,0.532258,0.258450,10.022320,58,25,0.346979
2,98,60,0.483871,0.017696,8.380283,64,26,0.023757
2,99,72,0.580645,0.312749,11.462368,52,21,0.419877
2,100,61,0.491935,0.168764,8.651668,63,22,0.226572
2,101,64,0.516129,0.034967,9.025016,60,23,0.046944
2,102,69,0.556452,0.283499,10.541158,55,21,0.380608
2,103,64,0.516129,0.291618,10.149311,60,25,0.391508
2,104,58,0.467742,0.182775,8.694118,66,24,0.245382
2,105,68,0.548387,0.200015,10.333213,56,23,0.268528
2,106,53,0.427419,0.000000,7.470469,71,71,0.000000
2,107,64,0.516129,0.127513,9.058752,60,21,0.171191
2,108,61,0.491935,0.045345,8.131002,63,26,0.060878
2,109,63,0.508065,0.178407,9.132312,61,23,0.239518
2,110,57,0.459677,0.119690,8.280015,67,28,0.160688
2,111,62,0.500000,0.232907,8.752226,62,23,0.312687
2,112,61,0.491935,0.062911,8.730961,63,27,0.084461
2,113,70,0.564516,0.253493,10.179779,54,21,0.890324
2,114,64,0.516129,0.000000,8.687165,60,24,0.000000
2,115,58,0.467742,0.104514,8.655143,66,27,0.140314
2,116,51,0.411290,0.010520,6.943865,73,63,0.014123
2,117,63,0.508065,0.095645,8.671435,61,23,0.128407
2,118,56,0.451613,0.087942,7.641961,68,33,0.118065
2,119,60,0.483871,0.240496,9.459064,64,26,0.322875
2,120,60,0.483871,0.182427,9.136984,64,27,0.244915
2,121,65,0.524194,0.000000,8.615621,59,22,0.000000
2,122,71,0.572581,0.335186,10.858227,53,21,0.450000
2,123,58,0.467742,0.058925,7.678489,66,30,0.079109
2,124,63,0.508065,0.275217,9.120846,61,22,0.369489
3,0,72,0.580645,0.251525,10.402385,52,21,0.331251
3,1,68,0.548387,0.112451,10.216756,56,25,0.148094
3,2,68,0.548387,0.029203,9.511560,56,23,0.038459
3,3,65,0.524194,0.155086,9.219829,59,22,0.204243
3,4,55,0.443548,0.149538,8.078842,69,29,0.196937
3,5,67,0.540323,0.209384,10.421105,57,24,0.275752
3,6,61,0.491935,0.137203,8.945801,63,25,0.180692
3,7,59,0.475806,0.176864,8.798886,65,24,0.782923
3,8,61,0.491935,0.102616,8.290227,63,24,0.135142
3,9,67,0.540323,0.008109,9.445424,57,20,0.010680
3,10,61,0.491935,0.144690,8.460779,63,27,0.190552
3,11,63,0.508065,0.094877,9.599458,61,24,0.124950
3,12,64,0.516129,0.194923,9.180706,60,21,0.256707
3,13,60,0.483871,0.083118,8.507131,64,26,0.109464
3,14,60,0.483871,0.233138,8.774629,64,26,0.307036
3,15,62,0.500000,0.096432,8.689848,62,28,0.126998
3,16,71,0.572581,0.099010,10.116415,53,21,0.130393
3,17,73,0.588710,0.292209,10.603608,51,21,0.384830
3,18,65,0.524194,0.142922,9.273925,59,23,0.188224
3,19,58,0.467742,0.056739,8.697530,66,27,0.074724
3,20,65,0.524194,0.113060,9.431929,59,23,0.148897
3,21,60,0.483871,0.119441,8.907393,64,27,0.157300
3,22,66,0.532258,0.141155,9.537727,58,23,0.185897
3,23,75,0.604839,0.315503,11.024190,49,19,0.415507
3,24,61,0.491935,0.095996,8.597180,63,27,0.126423
3,25,74,0.596774,0.285695,11.147580,50,21,0.376251
3,26,56,0.451613,0.105077,7.083400,68,34,0.138383
3,27,68,0.548387,0.173286,9.690173,56,21,0.228212
3,28,57,0.459677,0.022090,7.522823,67,29,0.029092
3,29,64,0.516129,0.074529,8.713062,60,25,0.098152
3,30,57,0.459677,0.051284,8.222171,67,38,0.067540
3,31,56,0.451613,0.007422,7.813631,68,42,0.009775
3,32,73,0.588710,0.145647,10.370806,51,21,0.191812
3,33,62,0.500000,0.192578,9.255646,62,24,0.253619
3,34,62,0.500000,0.228442,9.311377,62,24,0.300850
3,35,65,0.524194,0.192053,8.851216,59,22,0.252928
3,36,60,0.483871,0.182038,8.223249,64,30,0.239738
3,37,64,0.516129,0.189918,9.102892,60,21,0.250115
3,38,54,0.435484,0.110472,7.997679,70,46,0.145488
3,39,68,0.548387,0.117124,9.044869,56,22,0.154249
3,40,54,0.435484,0.158506,7.932585,70,45,0.208748
3,41,56,0.451613,0.083028,7.753946,68,29,0.109346
3,42,57,0.459677,0.185907,8.029918,67,31,0.244833
3,43,63,0.508065,0.160224,8.710519,61,22,0.211010
3,44,64,0.516129,0.023279,9.154011,60,24,0.030658
3,45,65,0.524194,0.289158,9.860789,59,23,0.380811
3,46,67,0.540323,0.215548,9.721891,57,23,0.283870
3,47,70,0.564516,0.146511,9.702758,54,21,0.192950
3,48,61,0.491935,0.058764,8.888541,63,25,0.077390
3,49,60,0.483871,0.091659,8.313633,64,23,0.120712
3,50,66,0.532258,0.122691,9.196411,58,22,0.161580
3,51,60,0.483871,0.056425,7.971250,64,25,0.074310
3,52,58,0.467742,0.099228,8.171040,66,32,0.130679
3,53,73,0.588710,0.278985,10.783106,51,21,0.367414
3,54,59,0.475806,0.090441,8.731419,65,29,0.119108
3,55,67,0.540323,0.264167,10.256115,57,21,0.347899
3,56,67,0.540323,0.225010,9.746125,57,22,0.296331
3,57,69,0.556452,0.239071,10.645017,55,21,0.314849
3,58,69,0.556452,0.154648,9.735921,55,21,0.203666
3,59,64,0.516129,0.192221,9.051913,60,22,0.803149
3,60,61,0.491935,0.198489,8.855536,63,24,0.261404
3,61,60,0.483871,0.046344,8.626119,64,28,0.061034
3,62,57,0.459677,0.076019,7.929445,67,38,0.100115
3,63,61,0.491935,0.117957,8.484847,63,25,0.155345
3,64,67,0.540323,0.000000,9.123628,57,25,0.000000
3,65,68,0.548387,0.041280,8.493769,56,21,0.054364
3,66,59,0.475806,0.204333,8.239194,65,26,0.819099
3,67,62,0.500000,0.242045,8.782464,62,22,0.318766
3,68,55,0.443548,0.057412,8.284042,69,37,0.075609
3,69,54,0.435484,0.126477,7.507518,70,42,0.716566
3,70,56,0.451613,0.001818,7.895203,68,29,0.002395
3,71,59,0.475806,0.084793,8.200347,65,25,0.111669
3,72,58,0.467742,0.082908,7.857678,66,28,0.109187
3,73,58,0.467742,0.176085,7.999866,66,40,0.231898
3,74,55,0.443548,0.095338,7.509888,69,40,0.125557
3,75,51,0.411290,0.132513,8.335086,73,62,0.174515
3,76,56,0.451613,0.157296,7.219841,68,24,0.207153
3,77,64,0.516129,0.170267,9.347420,60,20,0.224236
3,78,69,0.556452,0.179803,9.274996,55,21,0.236795
3,79,63,0.508065,0.181076,9.462646,61,24,0.238472
3,80,59,0.475806,0.090227,8.198098,65,32,0.118826
3,81,61,0.491935,0.153434,8.879667,63,25,0.202067
3,82,62,0.500000,0.129264,8.669112,62,23,0.170236
3,83,67,0.540323,0.158069,9.466267,57,23,0.208172
3,84,67,0.540323,0.112859,9.918291,57,23,0.148632
3,85,57,0.459677,0.147870,8.386109,67,40,0.194740
3,86,64,0.516129,0.269243,9.477316,60,26,0.354585
3,87,53,0.427419,0.000000,7.306053,71,59,0.000000
3,88,55,0.443548,0.114512,8.161555,69,33,0.150809
3,89,56,0.451613,0.085841,7.870969,68,31,0.113050
3,90,66,0.532258,0.000000,8.702855,58,26,0.000000
3,91,60,0.483871,0.191452,8.649755,64,28,0.252136
3,92,69,0.556452,0.118648,10.161343,55,25,0.156255
3,93,63,0.508065,0.094863,8.582475,61,22,0.124932
3,94,60,0.483871,0.166476,8.526512,64,27,0.219243
3,95,59,0.475806,0.135638,8.597796,65,34,0.178630
3,96,53,0.427419,0.055340,7.708226,71,33,0.072880
3,97,66,0.532258,0.221347,9.310931,58,25,0.291506
3,98,60,0.483871,0.112735,8.839288,64,26,0.148468
3,99,72,0.580645,0.341694,11.213912,52,21,0.450000
3,100,61,0.491935,0.181355,8.810388,63,22,0.238838
3,101,64,0.516129,0.107657,8.982482,60,23,0.141780
3,102,69,0.556452,0.186829,10.168757,55,21,0.246047
3,103,64,0.516129,0.155890,9.591427,60,25,0.205302
3,104,58,0.467742,0.198763,8.561512,66,24,0.261765
3,105,68,0.548387,0.182258,9.979667,56,23,0.240028
3,106,53,0.427419,0.014447,7.489879,71,71,0.019027
3,107,64,0.516129,0.170495,9.221928,60,21,0.224536
3,108,61,0.491935,0.134878,7.990171,63,26,0.177629
3,109,63,0.508065,0.213669,9.123239,61,23,0.831396
3,110,57,0.459677,0.117361,8.032969,67,28,0.154560
3,111,62,0.500000,0.207689,8.320445,62,23,0.823520
3,112,61,0.491935,0.172593,8.603797,63,27,0.227300
3,113,70,0.564516,0.190295,10.237596,54,22,0.250613
3,114,64,0.516129,0.000000,8.625082,60,24,0.000000
3,115,58,0.467742,0.123449,8.477904,66,27,0.162578
3,116,51,0.411290,0.086319,6.845964,73,63,0.113680
3,117,63,0.508065,0.106397,8.500799,61,23,0.140122
3,118,56,0.451613,0.137697,8.089009,68,33,0.731342
3,119,60,0.483871,0.185120,8.996366,64,26,0.243797
3,120,60,0.483871,0.171743,8.755485,64,27,0.776179
3,121,65,0.524194,0.007724,8.767045,59,22,0.010173
3,122,71,0.572581,0.219183,10.426604,53,21,0.288657
3,123,58,0.467742,0.086576,7.389646,66,30,0.114018
3,124,63,0.508065,0.299472,9.226312,61,22,0.394395
4,0,72,0.580645,0.281067,10.578402,52,21,0.350806
4,1,68,0.548387,0.164667,10.541838,56,25,0.205525
4,2,68,0.548387,0.035958,9.242904,56,23,0.044880
4,3,65,0.524194,0.211343,9.323008,59,22,0.813781
4,4,55,0.443548,0.210077,8.267003,69,29,0.262201
4,5,67,0.540323,0.207254,10.471290,57,24,0.258678
4,6,61,0.491935,0.158649,9.005388,63,25,0.748013
4,7,59,0.475806,0.051891,8.555395,65,25,0.064767
4,8,61,0.491935,0.149575,8.514654,63,24,0.736687
4,9,67,0.540323,0.057578,9.256622,57,20,0.071864
4,10,61,0.491935,0.125852,8.162748,63,27,0.157078
4,11,63,0.508065,0.029364,9.431468,61,24,0.036649
4,12,64,0.516129,0.160601,8.973388,60,21,0.200449
4,13,60,0.483871,0.100559,8.632112,64,26,0.125509
4,14,60,0.483871,0.268448,8.849601,64,26,0.885055
4,15,62,0.500000,0.096244,8.692162,62,28,0.120124
4,16,71,0.572581,0.086913,9.947373,53,21,0.108478
4,17,73,0.588710,0.276401,10.547734,51,21,0.344982
4,18,65,0.524194,0.165343,9.291641,59,23,0.206368
4,19,58,0.467742,0.086679,8.668673,66,27,0.108185
4,20,65,0.524194,0.203046,9.774065,59,23,0.253426
4,21,60,0.483871,0.059650,8.598510,64,27,0.074450
4,22,66,0.532258,0.127326,9.184576,58,23,0.158918
4,23,75,0.604839,0.285375,10.761348,49,19,0.356182
4,24,61,0.491935,0.051109,8.615265,63,27,0.063790
4,25,74,0.596774,0.277226,10.871694,50,21,0.346011
4,26,56,0.451613,0.142807,7.509757,68,34,0.178240
4,27,68,0.548387,0.187770,9.504956,56,21,0.784359
4,28,57,0.459677,0.000000,7.724448,67,29,0.000000
4,29,64,0.516129,0.112921,8.676847,60,25,0.140939
4,30,57,0.459677,0.072239,8.379369,67,38,0.090163
4,31,56,0.451613,0.000000,7.744123,68,42,0.000000
4,32,73,0.588710,0.188722,10.391123,51,21,0.235548
4,33,62,0.500000,0.202930,9.209071,62,24,0.253281
4,34,62,0.500000,0.252752,9.237671,62,24,0.315465
4,35,65,0.524194,0.135037,8.613428,59,22,0.168542
4,36,60,0.483871,0.177245,8.303684,64,30,0.221223
4,37,64,0.516129,0.136201,9.234944,60,21,0.169995
4,38,54,0.435484,0.128241,7.895112,70,46,0.160060
4,39,68,0.548387,0.132882,9.338723,56,22,0.165853
4,40,54,0.435484,0.153605,7.999145,70,45,0.191717
4,41,56,0.451613,0.138903,7.770244,68,29,0.173367
4,42,57,0.459677,0.077879,7.530956,67,31,0.097202
4,43,63,0.508065,0.158472,8.701557,61,22,0.197792
4,44,64,0.516129,0.037730,9.233936,60,24,0.047091
4,45,65,0.524194,0.353051,10.023846,59,23,0.440650
4,46,67,0.540323,0.265219,10.028067,57,23,0.331025
4,47,70,0.564516,0.159773,9.584207,54,21,0.749416
4,48,61,0.491935,0.050716,8.787584,63,25,0.063300
4,49,60,0.483871,0.081445,7.861384,64,23,0.101653
4,50,66,0.532258,0.195688,9.512720,58,22,0.244241
4,51,60,0.483871,0.070650,8.273736,64,25,0.088179
4,52,58,0.467742,0.096186,7.998740,66,32,0.670052
4,53,73,0.588710,0.285803,10.719562,51,21,0.356717
4,54,59,0.475806,0.157625,8.922979,65,29,0.196735
4,55,67,0.540323,0.268092,10.168565,57,21,0.334610
4,56,67,0.540323,0.210636,9.587405,57,22,0.262899
4,57,69,0.556452,0.240547,10.390231,55,21,0.300232
4,58,69,0.556452,0.126235,9.735518,55,21,0.157557
4,59,64,0.516129,0.154145,8.954292,60,23,0.192392
4,60,61,0.491935,0.173222,8.716110,63,24,0.216202
4,61,60,0.483871,0.083671,9.078512,64,28,0.654432
4,62,57,0.459677,0.063096,7.754524,67,38,0.078751
4,63,61,0.491935,0.082191,8.361234,63,25,0.102584
4,64,67,0.540323,0.000000,9.287930,57,25,0.000000
4,65,68,0.548387,0.083027,8.783508,56,21,0.103628
4,66,59,0.475806,0.142243,8.415538,65,27,0.177536
4,67,62,0.500000,0.219518,8.719647,62,22,0.273985
4,68,55,0.443548,0.052026,8.021354,69,37,0.064934
4,69,54,0.435484,0.080883,8.121810,70,43,0.100952
4,70,56,0.451613,0.024801,8.416012,68,29,0.030954
4,71,59,0.475806,0.088271,8.264017,65,25,0.110173
4,72,58,0.467742,0.057635,7.771817,66,28,0.071935
4,73,58,0.467742,0.197794,8.072952,66,40,0.246871
4,74,55,0.443548,0.076766,7.418887,69,40,0.095813
4,75,51,0.411290,0.094540,7.937423,73,62,0.117997
4,76,56,0.451613,0.247180,7.688676,68,24,0.308511
4,77,64,0.516129,0.186168,9.375090,60,20,0.232360
4,78,69,0.556452,0.149337,9.337154,55,21,0.186391
4,79,63,0.508065,0.134417,9.338141,61,24,0.717769
4,80,59,0.475806,0.126791,8.151653,65,32,0.158250
4,81,61,0.491935,0.184010,9.073183,63,25,0.229667
4,82,62,0.500000,0.136774,8.839596,62,23,0.170710
4,83,67,0.540323,0.232262,9.662061,57,23,0.289890
4,84,67,0.540323,0.087734,9.790535,57,23,0.109503
4,85,57,0.459677,0.165679,8.322508,67,40,0.206787
4,86,64,0.516129,0.268510,9.767684,60,26,0.335133
4,87,53,0.427419,0.000000,7.248411,71,59,0.000000
4,88,55,0.443548,0.067551,8.155871,69,33,0.084312
4,89,56,0.451613,0.069818,7.864746,68,31,0.087141
4,90,66,0.532258,0.000000,8.822869,58,26,0.000000
4,91,60,0.483871,0.204601,8.765921,64,28,0.255367
4,92,69,0.556452,0.185732,10.084284,55,25,0.231815
4,93,63,0.508065,0.097373,8.759171,61,22,0.121533
4,94,60,0.483871,0.167226,8.719501,64,27,0.208718
4,95,59,0.475806,0.074275,8.822384,65,34,0.092705
4,96,53,0.427419,0.006421,7.541714,71,33,0.008014
4,97,66,0.532258,0.237788,9.540078,58,25,0.296788
4,98,60,0.483871,0.106979,8.366500,64,26,0.133523
4,99,72,0.580645,0.360542,11.573499,52,21,0.450000
4,100,61,0.491935,0.156391,8.398774,63,22,0.195195
4,101,64,0.516129,0.094568,8.992416,60,23,0.118032
4,102,69,0.556452,0.187727,9.973980,55,21,0.234306
4,103,64,0.516129,0.138525,9.509050,60,25,0.172896
4,104,58,0.467742,0.152393,8.304796,66,24,0.190205
4,105,68,0.548387,0.173586,9.906874,56,23,0.216656
4,106,53,0.427419,0.029363,7.329705,71,71,0.036648
4,107,64,0.516129,0.201200,8.982389,60,21,0.251122
4,108,61,0.491935,0.107553,7.947375,63,26,0.134239
4,109,63,0.508065,0.156607,9.230270,61,24,0.195465
4,110,57,0.459677,0.082539,8.105296,67,28,0.103018
4,111,62,0.500000,0.173363,8.268555,62,24,0.216378
4,112,61,0.491935,0.144663,8.625008,63,27,0.180557
4,113,70,0.564516,0.191119,10.229419,54,22,0.238540
4,114,64,0.516129,0.000000,8.981216,60,24,0.000000
4,115,58,0.467742,0.111432,8.105302,66,27,0.139080
4,116,51,0.411290,0.081689,6.966004,73,63,0.101958
4,117,63,0.508065,0.166535,9.082183,61,23,0.207855
4,118,56,0.451613,0.078145,7.669647,68,34,0.097534
4,119,60,0.483871,0.215749,9.274351,64,26,0.269280
4,120,60,0.483871,0.162721,8.832647,64,28,0.203095
4,121,65,0.524194,0.009934,8.669488,59,22,0.012399
4,122,71,0.572581,0.201633,10.546438,53,21,0.251662
4,123,58,0.467742,0.106295,7.528349,66,30,0.132669
4,124,63,0.508065,0.231095,9.129846,61,22,0.288434
5,0,72,0.580645,0.245778,10.289570,52,21,0.314763
5,1,68,0.548387,0.221726,10.441815,56,25,0.283960
5,2,68,0.548387,0.147955,9.322620,56,23,0.739483
5,3,65,0.524194,0.159801,9.440032,59,23,0.204653
5,4,55,0.443548,0.200491,8.690066,69,29,0.256764
5,5,67,0.540323,0.176022,9.976256,57,24,0.225428
5,6,61,0.491935,0.108274,8.724592,63,26,0.138664
5,7,59,0.475806,0.125204,8.626544,65,25,0.160346
5,8,61,0.491935,0.146155,8.665558,63,25,0.187178
5,9,67,0.540323,0.035299,9.441853,57,20,0.045207
5,10,61,0.491935,0.136246,8.358806,63,27,0.174488
5,11,63,0.508065,0.094035,9.488375,61,24,0.120429
5,12,64,0.516129,0.207821,9.263289,60,21,0.266153
5,13,60,0.483871,0.129189,8.664409,64,26,0.165450
5,14,60,0.483871,0.234408,8.775077,64,27,0.300201
5,15,62,0.500000,0.165007,8.904842,62,28,0.211322
5,16,71,0.572581,0.149669,10.304451,53,21,0.191678
5,17,73,0.588710,0.279227,10.859367,51,21,0.357601
5,18,65,0.524194,0.173611,9.078518,59,23,0.222340
5,19,58,0.467742,0.086973,8.397212,66,27,0.111385
5,20,65,0.524194,0.185037,9.646042,59,23,0.236973
5,21,60,0.483871,0.141353,8.762110,64,27,0.181028
5,22,66,0.532258,0.193433,9.441791,58,23,0.247726
5,23,75,0.604839,0.295716,10.716472,49,19,0.378718
5,24,61,0.491935,0.066346,8.450295,63,27,0.084968
5,25,74,0.596774,0.313872,10.919986,50,21,0.951969
5,26,56,0.451613,0.160928,7.479919,68,34,0.206097
5,27,68,0.548387,0.102938,9.805386,56,22,0.131831
5,28,57,0.459677,0.000634,7.724348,67,29,0.550812
5,29,64,0.516129,0.128166,8.822931,60,25,0.164140
5,30,57,0.459677,0.038055,8.578752,67,38,0.048737
5,31,56,0.451613,0.000000,7.387763,68,42,0.000000
5,32,73,0.588710,0.115749,10.288393,51,21,0.148237
5,33,62,0.500000,0.173623,8.962643,62,24,0.222355
5,34,62,0.500000,0.232144,9.026640,62,24,0.297302
5,35,65,0.524194,0.136681,8.482668,59,22,0.175045
5,36,60,0.483871,0.114579,8.034488,64,30,0.146739
5,37,64,0.516129,0.162262,9.379271,60,21,0.207805
5,38,54,0.435484,0.122649,8.065405,70,46,0.157074
5,39,68,0.548387,0.137972,8.623016,56,22,0.176698
5,40,54,0.435484,0.158277,8.069325,70,45,0.202703
5,41,56,0.451613,0.060744,7.439769,68,29,0.077794
5,42,57,0.459677,0.090744,7.808113,67,31,0.116214
5,43,63,0.508065,0.184363,8.530586,61,22,0.236110
5,44,64,0.516129,0.000000,9.056870,60,24,0.000000
5,45,65,0.524194,0.295003,9.598089,59,23,0.377804
5,46,67,0.540323,0.203914,9.885098,57,23,0.261149
5,47,70,0.564516,0.133939,9.646000,54,22,0.171533
5,48,61,0.491935,0.057801,8.551843,63,25,0.074025
5,49,60,0.483871,0.136284,8.432539,64,23,0.174536
5,50,66,0.532258,0.176901,9.000822,58,22,0.226554
5,51,60,0.483871,0.054483,8.053450,64,25,0.069775
5,52,58,0.467742,0.000000,7.957934,66,33,0.000000
5,53,73,0.588710,0.269076,10.696503,51,21,0.344600
5,54,59,0.475806,0.140821,9.127617,65,29,0.180346
5,55,67,0.540323,0.130389,9.682973,57,21,0.716986
5,56,67,0.540323,0.285006,9.884810,57,22,0.365002
5,57,69,0.556452,0.210454,9.985871,55,21,0.269524
5,58,69,0.556452,0.128045,9.745336,55,21,0.163985
5,59,64,0.516129,0.162805,8.949811,60,23,0.208501
5,60,61,0.491935,0.187707,9.035735,63,24,0.240393
5,61,60,0.483871,0.072374,8.791836,64,29,0.092688
5,62,57,0.459677,0.017575,7.602643,67,38,0.022508
5,63,61,0.491935,0.072591,8.454044,63,25,0.092966
5,64,67,0.540323,0.124135,9.339427,57,25,0.158977
5,65,68,0.548387,0.122599,8.756009,56,21,0.157011
5,66,59,0.475806,0.098803,8.391329,65,27,0.126535
5,67,62,0.500000,0.190603,8.385644,62,22,0.244102
5,68,55,0.443548,0.081529,8.562127,69,37,0.104412
5,69,54,0.435484,0.099241,7.811192,70,43,0.127096
5,70,56,0.451613,0.059013,8.149797,68,29,0.075576
5,71,59,0.475806,0.105531,8.000997,65,25,0.135152
5,72,58,0.467742,0.165989,8.344565,66,28,0.762579
5,73,58,0.467742,0.199493,8.076130,66,40,0.255487
5,74,55,0.443548,0.051508,7.452706,69,40,0.065965
5,75,51,0.411290,0.117657,8.079443,73,62,0.150681
5,76,56,0.451613,0.195597,7.542179,68,24,0.800498
5,77,64,0.516129,0.132872,9.379338,60,20,0.170166
5,78,69,0.556452,0.159005,9.110779,55,21,0.203635
5,79,63,0.508065,0.042111,9.250395,61,25,0.053931
5,80,59,0.475806,0.106371,7.857077,65,32,0.136228
5,81,61,0.491935,0.131183,8.707107,63,25,0.168003
5,82,62,0.500000,0.147567,8.626403,62,23,0.188986
5,83,67,0.540323,0.163066,9.154972,57,23,0.208836
5,84,67,0.540323,0.105701,9.948346,57,23,0.135369
5,85,57,0.459677,0.152611,8.282772,67,40,0.195446
5,86,64,0.516129,0.223610,9.393363,60,26,0.286373
5,87,53,0.427419,0.038268,7.223045,71,59,0.049009
5,88,55,0.443548,0.073881,8.297569,69,33,0.094618
5,89,56,0.451613,0.062913,7.559928,68,31,0.080572
5,90,66,0.532258,0.066092,9.020314,58,26,0.084643
5,91,60,0.483871,0.166007,8.564600,64,28,0.212602
5,92,69,0.556452,0.054763,9.918992,55,25,0.070134
5,93,63,0.508065,0.126031,8.720527,61,22,0.161406
5,94,60,0.483871,0.091761,8.316213,64,27,0.117517
5,95,59,0.475806,0.055732,8.525910,65,34,0.071375
5,96,53,0.427419,0.061484,7.351725,71,33,0.078741
5,97,66,0.532258,0.253766,9.309196,58,25,0.874994
5,98,60,0.483871,0.088350,8.418076,64,26,0.113148
5,99,72,0.580645,0.351376,11.310784,52,21,0.450000
5,100,61,0.491935,0.220286,8.562946,63,22,0.282116
5,101,64,0.516129,0.140708,8.857734,60,23,0.730202
5,102,69,0.556452,0.251911,9.942067,55,21,0.322617
5,103,64,0.516129,0.129026,9.918965,60,25,0.165241
5,104,58,0.467742,0.198194,8.411755,66,24,0.253824
5,105,68,0.548387,0.137836,9.762664,56,23,0.176523
5,106,53,0.427419,0.058280,7.562080,71,71,0.074638
5,107,64,0.516129,0.137550,9.164269,60,21,0.176157
5,108,61,0.491935,0.143542,7.999389,63,26,0.183831
5,109,63,0.508065,0.097607,9.103812,61,24,0.125003
5,110,57,0.459677,0.123463,8.108183,67,28,0.158116
5,111,62,0.500000,0.190489,8.354455,62,24,0.243955
5,112,61,0.491935,0.214421,8.915847,63,27,0.274605
5,113,70,0.564516,0.220491,10.212046,54,22,0.282379
5,114,64,0.516129,0.000000,8.665951,60,24,0.000000
5,115,58,0.467742,0.147170,7.986597,66,27,0.188477
5,116,51,0.411290,0.044272,6.869823,73,63,0.056698
5,117,63,0.508065,0.199959,8.801910,61,23,0.256084
5,118,56,0.451613,0.107657,7.713623,68,34,0.137874
5,119,60,0.483871,0.206970,9.076696,64,26,0.265063
5,120,60,0.483871,0.118195,8.363208,64,28,0.151370
5,121,65,0.524194,0.000000,8.730128,59,22,0.000000
5,122,71,0.572581,0.214100,10.149066,53,21,0.274193
5,123,58,0.467742,0.083489,7.678560,66,30,0.106923
5,124,63,0.508065,0.242106,8.790476,61,22,0.310060
6,0,72,0.580645,0.196667,10.588429,52,21,0.258204
6,1,68,0.548387,0.216177,10.453753,56,25,0.283819
6,2,68,0.548387,0.119634,9.721406,56,24,0.157067
6,3,65,0.524194,0.108025,9.160352,59,23,0.141825
6,4,55,0.443548,0.174703,8.381834,69,29,0.229368
6,5,67,0.540323,0.183050,10.021256,57,24,0.240326
6,6,61,0.491935,0.073537,8.713553,63,26,0.096547
6,7,59,0.475806,0.125670,8.545837,65,25,0.164992
6,8,61,0.491935,0.197588,8.858137,63,25,0.259413
6,9,67,0.540323,0.052694,9.512851,57,20,0.069182
6,10,61,0.491935,0.179218,8.584394,63,27,0.785295
6,11,63,0.508065,0.091361,9.309170,61,24,0.119948
6,12,64,0.516129,0.206363,9.089172,60,21,0.270934
6,13,60,0.483871,0.131148,8.603332,64,26,0.172184
6,14,60,0.483871,0.205956,8.420566,64,27,0.270399
6,15,62,0.500000,0.158248,8.672742,62,28,0.207764
6,16,71,0.572581,0.095057,10.022875,53,21,0.124800
6,17,73,0.588710,0.284343,10.693206,51,21,0.373313
6,18,65,0.524194,0.113662,9.033919,59,23,0.149227
6,19,58,0.467742,0.042710,8.110748,66,27,0.056074
6,20,65,0.524194,0.172146,9.740677,59,23,0.226011
6,21,60,0.483871,0.131769,8.795703,64,27,0.173000
6,22,66,0.532258,0.140546,9.435663,58,23,0.184522
6,23,75,0.604839,0.212488,10.369212,49,19,0.278976
6,24,61,0.491935,0.110835,8.565718,63,27,0.145515
6,25,74,0.596774,0.244254,10.740295,50,22,0.320680
6,26,56,0.451613,0.153339,7.165188,68,34,0.201318
6,27,68,0.548387,0.125734,9.635298,56,22,0.165076
6,28,57,0.459677,0.000000,7.650173,67,30,0.000000
6,29,64,0.516129,0.138153,8.762010,60,25,0.181381
6,30,57,0.459677,0.056649,8.310219,67,38,0.074375
6,31,56,0.451613,0.053564,7.639674,68,42,0.070324
6,32,73,0.588710,0.138717,10.103514,51,21,0.182122
6,33,62,0.500000,0.164205,9.065125,62,24,0.215585
6,34,62,0.500000,0.238167,8.798072,62,24,0.312689
6,35,65,0.524194,0.133618,8.264023,59,22,0.175427
6,36,60,0.483871,0.147605,8.077727,64,30,0.193790
6,37,64,0.516129,0.185481,9.240091,60,21,0.243518
6,38,54,0.435484,0.021358,7.610484,70,46,0.028041
6,39,68,0.548387,0.159343,8.982357,56,22,0.209201
6,40,54,0.435484,0.176032,7.805560,70,45,0.231113
6,41,56,0.451613,0.112856,7.608427,68,29,0.148169
6,42,57,0.459677,0.076899,7.775488,67,31,0.100961
6,43,63,0.508065,0.188183,8.689881,61,22,0.797065
6,44,64,0.516129,0.064078,8.707064,60,24,0.084128
6,45,65,0.524194,0.342753,10.019935,59,23,0.450000
6,46,67,0.540323,0.206134,9.608340,57,23,0.820633
6,47,70,0.564516,0.062193,9.775352,54,22,0.081653
6,48,61,0.491935,0.079713,8.693492,63,25,0.104655
6,49,60,0.483871,0.158821,8.578081,64,23,0.208515
6,50,66,0.532258,0.143082,8.876331,58,22,0.187852
6,51,60,0.483871,0.070253,8.166218,64,25,0.092235
6,52,58,0.467742,0.112714,8.204423,66,33,0.147982
6,53,73,0.588710,0.287136,10.733764,51,21,0.376980
6,54,59,0.475806,0.135927,8.969997,65,29,0.178458
6,55,67,0.540323,0.131619,9.744174,57,22,0.172803
6,56,67,0.540323,0.250010,9.779450,57,22,0.328238
6,57,69,0.556452,0.183771,9.550847,55,21,0.241273
6,58,69,0.556452,0.169966,9.939339,55,21,0.223148
6,59,64,0.516129,0.194182,8.815673,60,23,0.254942
6,60,61,0.491935,0.208520,9.043770,63,24,0.273766
6,61,60,0.483871,0.077807,8.536351,64,29,0.102153
6,62,57,0.459677,0.000000,7.620677,67,38,0.000000
6,63,61,0.491935,0.121051,8.669724,63,25,0.158927
6,64,67,0.540323,0.165979,9.101713,57,25,0.217913
6,65,68,0.548387,0.086969,8.542317,56,21,0.114182
6,66,59,0.475806,0.113208,8.175648,65,27,0.148631
6,67,62,0.500000,0.191096,8.294131,62,22,0.250890
6,68,55,0.443548,0.019626,8.218114,69,37,0.025767
6,69,54,0.435484,0.091955,7.495945,70,43,0.120728
6,70,56,0.451613,0.091778,7.964638,68,29,0.120495
6,71,59,0.475806,0.176166,8.333327,65,25,0.231288
6,72,58,0.467742,0.128027,8.386311,66,29,0.168087
6,73,58,0.467742,0.198791,8.107851,66,40,0.810993
6,74,55,0.443548,0.032723,7.701563,69,40,0.042962
6,75,51,0.411290,0.121933,7.705241,73,62,0.160086
6,76,56,0.451613,0.133905,7.706395,68,25,0.175804
6,77,64,0.516129,0.139947,9.081439,60,20,0.183736
6,78,69,0.556452,0.175535,9.198086,55,21,0.230459
6,79,63,0.508065,0.036446,9.356204,61,25,0.047850
6,80,59,0.475806,0.104394,8.073519,65,32,0.137059
6,81,61,0.491935,0.131642,8.827930,63,25,0.172832
6,82,62,0.500000,0.171702,8.746361,62,23,0.225427
6,83,67,0.540323,0.229382,9.452281,57,23,0.851155
6,84,67,0.540323,0.164102,10.011304,57,23,0.215449
6,85,57,0.459677,0.101281,8.635738,67,40,0.132971
6,86,64,0.516129,0.206466,9.356254,60,26,0.271069
6,87,53,0.427419,0.000000,7.119140,71,59,0.000000
6,88,55,0.443548,0.112207,8.695320,69,33,0.147316
6,89,56,0.451613,0.097190,7.540038,68,31,0.127600
6,90,66,0.532258,0.139905,9.114934,58,26,0.183681
6,91,60,0.483871,0.149109,8.183697,64,28,0.195765
6,92,69,0.556452,0.090247,9.866540,55,25,0.118485
6,93,63,0.508065,0.168540,8.759856,61,22,0.221277
6,94,60,0.483871,0.118130,8.117917,64,27,0.155093
6,95,59,0.475806,0.014652,8.285885,65,34,0.019237
6,96,53,0.427419,0.060580,7.359018,71,33,0.079535
6,97,66,0.532258,0.168126,9.251773,58,26,0.220733
6,98,60,0.483871,0.123372,8.328853,64,26,0.161975
6,99,72,0.580645,0.295030,10.844368,52,21,0.387345
6,100,61,0.491935,0.209850,8.227342,63,22,0.275512
6,101,64,0.516129,0.074435,8.673862,60,24,0.097726
6,102,69,0.556452,0.203790,9.658436,55,21,0.267555
6,103,64,0.516129,0.178984,9.551845,60,25,0.234988
6,104,58,0.467742,0.199170,8.526427,66,24,0.261490
6,105,68,0.548387,0.153849,9.550549,56,23,0.201988
6,106,53,0.427419,0.098971,7.841222,71,71,0.129939
6,107,64,0.516129,0.157407,8.915030,60,21,0.206660
6,108,61,0.491935,0.134757,7.961037,63,26,0.176923
6,109,63,0.508065,0.122445,8.803273,61,24,0.160758
6,110,57,0.459677,0.154190,7.963902,67,28,0.202435
6,111,62,0.500000,0.192075,8.721951,62,24,0.252176
6,112,61,0.491935,0.164691,8.501232,63,27,0.216223
6,113,70,0.564516,0.148273,9.800659,54,22,0.194668
6,114,64,0.516129,0.000000,8.587643,60,24,0.000000
6,115,58,0.467742,0.155455,7.790229,66,27,0.754097
6,116,51,0.411290,0.090900,7.150163,73,63,0.119342
6,117,63,0.508065,0.181623,8.689124,61,23,0.238453
6,118,56,0.451613,0.089203,7.782878,68,34,0.117115
6,119,60,0.483871,0.196240,8.869052,64,26,0.257643
6,120,60,0.483871,0.071261,8.469341,64,28,0.093558
6,121,65,0.524194,0.000000,8.787716,59,22,0.000000
6,122,71,0.572581,0.258132,10.553476,53,21,0.338901
6,123,58,0.467742,0.075198,7.589246,66,30,0.098727
6,124,63,0.508065,0.226155,8.844570,61,22,0.846919
7,0,72,0.580645,0.161039,10.273754,52,21,0.241159
7,1,68,0.548387,0.203845,9.848377,56,25,0.305262
7,2,68,0.548387,0.169125,9.785342,56,24,0.253269
7,3,65,0.524194,0.072611,8.855424,59,23,0.108737
7,4,55,0.443548,0.201744,8.253466,69,29,0.852117
7,5,67,0.540323,0.166012,9.821659,57,24,0.248607
7,6,61,0.491935,0.183650,8.929972,63,26,0.275020
7,7,59,0.475806,0.169651,8.670123,65,25,0.254056
7,8,61,0.491935,0.180951,8.706230,63,25,0.270978
7,9,67,0.540323,0.008027,9.413998,57,20,0.012021
7,10,61,0.491935,0.130846,8.373083,63,28,0.195944
7,11,63,0.508065,0.098218,9.264259,61,24,0.147084
7,12,64,0.516129,0.235724,9.273790,60,21,0.353002
7,13,60,0.483871,0.148216,8.656011,64,26,0.221957
7,14,60,0.483871,0.207874,8.519605,64,27,0.311296
7,15,62,0.500000,0.159391,8.817607,62,28,0.238692
7,16,71,0.572581,0.093461,9.818710,53,21,0.139960
7,17,73,0.588710,0.227782,10.607147,51,21,0.341108
7,18,65,0.524194,0.173851,9.165209,59,23,0.260346
7,19,58,0.467742,0.099823,8.215478,66,27,0.149487
7,20,65,0.524194,0.165185,9.423185,59,23,0.247368
7,21,60,0.483871,0.099246,8.418223,64,27,0.148623
7,22,66,0.532258,0.151600,9.308318,58,23,0.227024
7,23,75,0.604839,0.247218,10.375393,49,19,0.370214
7,24,61,0.491935,0.102858,8.304650,63,27,0.154032
7,25,74,0.596774,0.243450,10.839296,50,22,0.364573
7,26,56,0.451613,0.179861,7.402460,68,34,0.819346
7,27,68,0.548387,0.097067,9.529830,56,22,0.145361
7,28,57,0.459677,0.000000,7.424310,67,30,0.000000
7,29,64,0.516129,0.144100,8.581362,60,25,0.215793
7,30,57,0.459677,0.064739,8.397748,67,38,0.096948
7,31,56,0.451613,0.006508,7.627158,68,42,0.009745
7,32,73,0.588710,0.188707,10.276531,51,21,0.282594
7,33,62,0.500000,0.094242,8.654137,62,24,0.141130
7,34,62,0.500000,0.220731,8.794366,62,24,0.330549
7,35,65,0.524194,0.122284,8.183513,59,22,0.183123
7,36,60,0.483871,0.139328,8.179368,64,30,0.208647
7,37,64,0.516129,0.212672,9.114515,60,21,0.868482
7,38,54,0.435484,0.105261,7.983299,70,46,0.157631
7,39,68,0.548387,0.130956,8.605767,56,22,0.196110
7,40,54,0.435484,0.141697,7.614250,70,45,0.212195
7,41,56,0.451613,0.055310,7.397325,68,29,0.082829
7,42,57,0.459677,0.131885,8.076298,67,31,0.197501
7,43,63,0.508065,0.173313,8.772007,61,23,0.259541
7,44,64,0.516129,0.021270,8.870597,60,24,0.031852
7,45,65,0.524194,0.300496,9.592315,59,23,1.000000
7,46,67,0.540323,0.144600,9.591264,57,24,0.216542
7,47,70,0.564516,0.096416,9.671182,54,22,0.144385
7,48,61,0.491935,0.079871,8.424172,63,25,0.119609
7,49,60,0.483871,0.153414,8.478450,64,23,0.779741
7,50,66,0.532258,0.146630,8.874990,58,22,0.219582
7,51,60,0.483871,0.107066,8.290830,64,25,0.160333
7,52,58,0.467742,0.047835,7.799615,66,33,0.071634
7,53,73,0.588710,0.286415,10.953767,51,21,0.428913
7,54,59,0.475806,0.088454,8.634923,65,29,0.132462
7,55,67,0.540323,0.106370,9.662378,57,22,0.159291
7,56,67,0.540323,0.243699,9.896698,57,22,0.364946
7,57,69,0.556452,0.137226,9.457198,55,21,0.205499
7,58,69,0.556452,0.176792,9.874719,55,21,0.264750
7,59,64,0.516129,0.145956,8.864839,60,23,0.218572
7,60,61,0.491935,0.189332,8.995455,63,24,0.283529
7,61,60,0.483871,0.054895,8.310642,64,29,0.082207
7,62,57,0.459677,0.000000,7.735761,67,38,0.000000
7,63,61,0.491935,0.106505,8.699389,63,25,0.159494
7,64,67,0.540323,0.246895,9.580383,57,25,0.369732
7,65,68,0.548387,0.146945,8.799414,56,21,0.220053
7,66,59,0.475806,0.061984,7.803028,65,27,0.092823
7,67,62,0.500000,0.175718,8.327542,62,22,0.263142
7,68,55,0.443548,0.116596,8.647632,69,37,0.174605
7,69,54,0.435484,0.078004,7.506837,70,43,0.116813
7,70,56,0.451613,0.058578,8.102822,68,29,0.087722
7,71,59,0.475806,0.195049,8.279184,65,25,0.292091
7,72,58,0.467742,0.108909,8.099402,66,29,0.163094
7,73,58,0.467742,0.086401,8.004772,66,41,0.129388
7,74,55,0.443548,0.055464,7.594145,69,40,0.083058
7,75,51,0.411290,0.089205,7.463718,73,62,0.133587
7,76,56,0.451613,0.117331,7.549021,68,25,0.175706
7,77,64,0.516129,0.145875,9.298945,60,20,0.218451
7,78,69,0.556452,0.139975,9.284013,55,21,0.209616
7,79,63,0.508065,0.058701,9.067676,61,25,0.087905
7,80,59,0.475806,0.109960,7.992900,65,32,0.714668
7,81,61,0.491935,0.155191,8.664149,63,25,0.232402
7,82,62,0.500000,0.220576,9.179492,62,23,0.330317
7,83,67,0.540323,0.166040,9.575786,57,24,0.248649
7,84,67,0.540323,0.200541,9.449127,57,23,0.300314
7,85,57,0.459677,0.092227,8.465365,67,40,0.138112
7,86,64,0.516129,0.233193,9.347418,60,26,0.349212
7,87,53,0.427419,0.022224,7.265550,71,59,0.033281
7,88,55,0.443548,0.096315,8.367303,69,33,0.144234
7,89,56,0.451613,0.124144,7.610141,68,31,0.185908
7,90,66,0.532258,0.090488,8.851496,58,26,0.135508
7,91,60,0.483871,0.155159,8.112351,64,28,0.232355
7,92,69,0.556452,0.035701,9.708308,55,25,0.053463
7,93,63,0.508065,0.191309,8.565677,61,22,0.286489
7,94,60,0.483871,0.139300,8.123686,64,27,0.208605
7,95,59,0.475806,0.077119,8.292902,65,34,0.115488
7,96,53,0.427419,0.089508,7.229854,71,33,0.684040
7,97,66,0.532258,0.158282,9.275371,58,26,0.237031
7,98,60,0.483871,0.180233,8.449314,64,26,0.269902
7,99,72,0.580645,0.288064,10.635670,52,21,0.431382
7,100,61,0.491935,0.204048,8.304546,63,22,0.305566
7,101,64,0.516129,0.096532,8.812842,60,24,0.144558
7,102,69,0.556452,0.202006,9.452619,55,21,0.302508
7,103,64,0.516129,0.154996,9.591342,60,25,0.232110
7,104,58,0.467742,0.196751,8.215740,66,24,0.294639
7,105,68,0.548387,0.166238,9.786870,56,23,0.248945
7,106,53,0.427419,0.095726,7.901026,71,71,0.143352
7,107,64,0.516129,0.112847,8.753865,60,21,0.168991
7,108,61,0.491935,0.162141,7.952802,63,26,0.242809
7,109,63,0.508065,0.126346,8.766959,61,24,0.189205
7,110,57,0.459677,0.114527,8.200933,67,28,0.171507
7,111,62,0.500000,0.223887,8.607541,62,24,0.335276
7,112,61,0.491935,0.209162,8.633863,63,27,0.313224
7,113,70,0.564516,0.199604,9.972784,54,22,0.298912
7,114,64,0.516129,0.000000,8.243070,60,24,0.000000
7,115,58,0.467742,0.107999,7.661330,66,28,0.161732
7,116,51,0.411290,0.091964,7.115836,73,63,0.137718
7,117,63,0.508065,0.162846,8.760666,61,23,0.243866
7,118,56,0.451613,0.100659,7.892069,68,34,0.150739
7,119,60,0.483871,0.231996,8.931706,64,26,0.347420
7,120,60,0.483871,0.093513,8.518087,64,28,0.140039
7,121,65,0.524194,0.000000,8.742213,59,22,0.000000
7,122,71,0.572581,0.222012,10.170134,53,21,0.332468
7,123,58,0.467742,0.147458,7.923166,66,30,0.770821
7,124,63,0.508065,0.190800,8.657587,61,23,0.285727
8,0,72,0.580645,0.187738,10.269056,52,21,0.256013
8,1,68,0.548387,0.260261,10.296586,56,25,0.354911
8,2,68,0.548387,0.127404,9.394998,56,24,0.173738
8,3,65,0.524194,0.154040,9.278711,59,23,0.210059
8,4,55,0.443548,0.157186,8.341194,69,30,0.214350
8,5,67,0.540323,0.207479,9.941390,57,24,0.832933
8,6,61,0.491935,0.188545,8.894505,63,26,0.257113
8,7,59,0.475806,0.132840,8.543490,65,25,0.181150
8,8,61,0.491935,0.148474,8.851557,63,25,0.202470
8,9,67,0.540323,0.038742,9.435019,57,20,0.052831
8,10,61,0.491935,0.147017,8.564570,63,28,0.200482
8,11,63,0.508065,0.123415,9.336845,61,24,0.168298
8,12,64,0.516129,0.236087,8.907188,60,21,0.321945
8,13,60,0.483871,0.160334,8.770329,64,26,0.218642
8,14,60,0.483871,0.194511,8.420324,64,27,0.265248
8,15,62,0.500000,0.208815,8.572809,62,28,0.834755
8,16,71,0.572581,0.090036,9.637012,53,21,0.122780
8,17,73,0.588710,0.308485,10.557349,51,21,0.420672
8,18,65,0.524194,0.152316,8.906992,59,23,0.207708
8,19,58,0.467742,0.097632,8.211194,66,27,0.133138
8,20,65,0.524194,0.189935,9.504596,59,23,0.259009
8,21,60,0.483871,0.123952,8.505896,64,27,0.169030
8,22,66,0.532258,0.153653,9.289041,58,23,0.209533
8,23,75,0.604839,0.269093,10.579513,49,19,0.366953
8,24,61,0.491935,0.083315,8.324727,63,27,0.113615
8,25,74,0.596774,0.222999,11.118157,50,22,0.304097
8,26,56,0.451613,0.111938,7.603909,68,35,0.152647
8,27,68,0.548387,0.065508,10.010297,56,22,0.089331
8,28,57,0.459677,0.000000,7.566567,67,30,0.000000
8,29,64,0.516129,0.133927,8.304774,60,25,0.182632
8,30,57,0.459677,0.031311,8.330266,67,38,0.042698
8,31,56,0.451613,0.064391,7.480084,68,42,0.087808
8,32,73,0.588710,0.172787,10.246084,51,21,0.235624
8,33,62,0.500000,0.153618,8.877901,62,24,0.209484
8,34,62,0.500000,0.192630,8.932666,62,24,0.262684
8,35,65,0.524194,0.098161,8.258605,59,22,0.133859
8,36,60,0.483871,0.132765,8.169521,64,30,0.181047
8,37,64,0.516129,0.194225,9.323649,60,22,0.264859
8,38,54,0.435484,0.121647,8.076912,70,46,0.165886
8,39,68,0.548387,0.190047,8.893682,56,22,0.259161
8,40,54,0.435484,0.174092,7.701670,70,45,0.787404
8,41,56,0.451613,0.121053,7.398947,68,29,0.165077
8,42,57,0.459677,0.073980,7.645389,67,31,0.100885
8,43,63,0.508065,0.160099,8.689952,61,23,0.218322
8,44,64,0.516129,0.045871,8.929896,60,24,0.062553
8,45,65,0.524194,0.251689,9.703397,59,24,0.343220
8,46,67,0.540323,0.192399,9.689649,57,24,0.262368
8,47,70,0.564516,0.139292,9.903194,54,22,0.189949
8,48,61,0.491935,0.071075,8.401961,63,25,0.096923
8,49,60,0.483871,0.132388,8.405528,64,24,0.180534
8,50,66,0.532258,0.176042,9.011693,58,22,0.240064
8,51,60,0.483871,0.108285,7.846968,64,25,0.147665
8,52,58,0.467742,0.006189,7.870829,66,33,0.008439
8,53,73,0.588710,0.286368,10.614971,51,21,0.390512
8,54,59,0.475806,0.133997,8.921400,65,29,0.182728
8,55,67,0.540323,0.133175,9.448045,57,22,0.181607
8,56,67,0.540323,0.233350,9.962688,57,22,0.318212
8,57,69,0.556452,0.212888,9.704243,55,21,0.290309
8,58,69,0.556452,0.164356,9.719802,55,21,0.224128
8,59,64,0.516129,0.125384,8.912108,60,23,0.170982
8,60,61,0.491935,0.148181,8.802019,63,24,0.202069
8,61,60,0.483871,0.083797,8.607842,64,29,0.114271
8,62,57,0.459677,0.000000,7.633064,67,38,0.000000
8,63,61,0.491935,0.113184,8.791001,63,25,0.154345
8,64,67,0.540323,0.151746,9.137661,57,25,0.206931
8,65,68,0.548387,0.118495,8.823620,56,21,0.161588
8,66,59,0.475806,0.128015,8.254721,65,27,0.174570
8,67,62,0.500000,0.181830,8.171250,62,22,0.247956
8,68,55,0.443548,0.103337,8.155150,69,37,0.140917
8,69,54,0.435484,0.104357,7.582327,70,43,0.142308
8,70,56,0.451613,0.070074,8.069725,68,29,0.645558
8,71,59,0.475806,0.191611,8.197828,65,25,0.261295
8,72,58,0.467742,0.119316,7.955654,66,29,0.162708
8,73,58,0.467742,0.123442,7.942118,66,41,0.168334
8,74,55,0.443548,0.087141,7.567499,69,40,0.118831
8,75,51,0.411290,0.102010,7.657077,73,62,0.139108
8,76,56,0.451613,0.125108,7.636893,68,25,0.170607
8,77,64,0.516129,0.131588,9.134405,60,20,0.729443
8,78,69,0.556452,0.167800,9.146013,55,21,0.778824
8,79,63,0.508065,0.019645,8.933679,61,25,0.026789
8,80,59,0.475806,0.028950,7.853493,65,33,0.039478
8,81,61,0.491935,0.160568,8.688235,63,25,0.218962
8,82,62,0.500000,0.127216,8.823432,62,23,0.173480
8,83,67,0.540323,0.118444,9.369423,57,24,0.161518
8,84,67,0.540323,0.167384,9.438598,57,23,0.228257
8,85,57,0.459677,0.140201,8.414352,67,40,0.191187
8,86,64,0.516129,0.232022,9.228424,60,26,0.316401
8,87,53,0.427419,0.022642,6.997915,71,59,0.030877
8,88,55,0.443548,0.108016,8.272015,69,33,0.147298
8,89,56,0.451613,0.138606,7.615777,68,31,0.189013
8,90,66,0.532258,0.097916,9.064555,58,26,0.133525
8,91,60,0.483871,0.177793,8.487662,64,28,0.242451
8,92,69,0.556452,0.018221,9.732898,55,25,0.024848
8,93,63,0.508065,0.192867,8.664748,61,22,0.263007
8,94,60,0.483871,0.119046,8.201639,64,27,0.162339
8,95,59,0.475806,0.110723,8.337357,65,34,0.150989
8,96,53,0.427419,0.051903,7.164016,71,34,0.070779
8,97,66,0.532258,0.190107,9.110024,58,26,0.259244
8,98,60,0.483871,0.108805,8.630252,64,26,0.148374
8,99,72,0.580645,0.329992,10.815954,52,21,0.450000
8,100,61,0.491935,0.186995,8.392724,63,22,0.254999
8,101,64,0.516129,0.081889,8.715130,60,24,0.111670
8,102,69,0.556452,0.235092,9.523250,55,21,0.320588
8,103,64,0.516129,0.161031,9.454230,60,25,0.769593
8,104,58,0.467742,0.196970,8.315898,66,24,0.268602
8,105,68,0.548387,0.156193,9.587695,56,23,0.212995
8,106,53,0.427419,0.076290,7.367726,71,71,0.104035
8,107,64,0.516129,0.108815,8.772835,60,21,0.698387
8,108,61,0.491935,0.109690,7.539682,63,26,0.149581
8,109,63,0.508065,0.051428,8.950956,61,24,0.070131
8,110,57,0.459677,0.120129,8.026079,67,28,0.163816
8,111,62,0.500000,0.153391,8.243904,62,24,0.209175
8,112,61,0.491935,0.167197,8.638111,63,27,0.228001
8,113,70,0.564516,0.188345,9.935322,54,22,0.256841
8,114,64,0.516129,0.000000,8.198445,60,24,0.000000
8,115,58,0.467742,0.060444,8.013925,66,28,0.082426
8,116,51,0.411290,0.082438,7.087236,73,63,0.662419
8,117,63,0.508065,0.177399,8.863570,61,23,0.241914
8,118,56,0.451613,0.137156,7.760862,68,34,0.187036
8,119,60,0.483871,0.189623,8.988771,64,26,0.258583
8,120,60,0.483871,0.167429,8.502752,64,28,0.228318
8,121,65,0.524194,0.000000,8.538260,59,22,0.000000
8,122,71,0.572581,0.248086,10.314579,53,21,0.338308
8,123,58,0.467742,0.071720,7.800803,66,31,0.097803
8,124,63,0.508065,0.198156,8.780751,61,23,0.270220
9,0,72,0.580645,0.139045,10.046630,52,21,0.181149
9,1,68,0.548387,0.220241,10.276810,56,25,0.286932
9,2,68,0.548387,0.080675,9.382627,56,24,0.105103
9,3,65,0.524194,0.052397,8.947324,59,23,0.068263
9,4,55,0.443548,0.144381,8.078180,69,30,0.188100
9,5,67,0.540323,0.200322,9.858409,57,25,0.260981
9,6,61,0.491935,0.208955,9.218136,63,26,0.272228
9,7,59,0.475806,0.158433,8.321617,65,25,0.206407
9,8,61,0.491935,0.155915,8.679046,63,25,0.203127
9,9,67,0.540323,0.067582,9.137358,57,20,0.088046
9,10,61,0.491935,0.141846,8.359264,63,28,0.184797
9,11,63,0.508065,0.134291,9.183960,61,24,0.174955
9,12,64,0.516129,0.209219,8.867738,60,21,0.272572
9,13,60,0.483871,0.164781,9.065469,64,26,0.214678
9,14,60,0.483871,0.228785,8.840110,64,27,0.298062
9,15,62,0.500000,0.139025,8.610918,62,29,0.181123
9,16,71,0.572581,0.122077,9.986012,53,21,0.159042
9,17,73,0.588710,0.227640,10.175108,51,21,0.296570
9,18,65,0.524194,0.157073,8.937351,59,23,0.204635
9,19,58,0.467742,0.155052,8.440949,66,27,0.202002
9,20,65,0.524194,0.143442,9.502647,59,23,0.186877
9,21,60,0.483871,0.104795,8.354129,64,27,0.136527
9,22,66,0.532258,0.151534,8.989963,58,23,0.197420
9,23,75,0.604839,0.231642,10.406955,49,19,0.301785
9,24,61,0.491935,0.094643,8.109366,63,27,0.123302
9,25,74,0.596774,0.302305,11.172300,50,22,0.393844
9,26,56,0.451613,0.099321,7.377152,68,35,0.129396
9,27,68,0.548387,0.016200,9.708565,56,22,0.021106
9,28,57,0.459677,0.000000,7.598502,67,30,0.000000
9,29,64,0.516129,0.108690,8.228692,60,25,0.141602
9,30,57,0.459677,0.049253,8.293831,67,38,0.064168
9,31,56,0.451613,0.051220,7.755509,68,42,0.066730
9,32,73,0.588710,0.195406,10.501138,51,21,0.254576
9,33,62,0.500000,0.169346,8.914631,62,24,0.770626
9,34,62,0.500000,0.139285,8.411425,62,24,0.181462
9,35,65,0.524194,0.127257,8.162184,59,22,0.165792
9,36,60,0.483871,0.174283,8.120321,64,30,0.227057
9,37,64,0.516129,0.177223,9.382897,60,22,0.230887
9,38,54,0.435484,0.151831,7.908584,70,46,0.747807
9,39,68,0.548387,0.215052,8.946771,56,22,0.280171
9,40,54,0.435484,0.157699,7.757751,70,46,0.205451
9,41,56,0.451613,0.077497,7.589895,68,29,0.100963
9,42,57,0.459677,0.136772,7.725825,67,31,0.178187
9,43,63,0.508065,0.108996,8.664928,61,23,0.142000
9,44,64,0.516129,0.000000,8.656469,60,24,0.000000
9,45,65,0.524194,0.223708,9.716832,59,24,0.291448
9,46,67,0.540323,0.264248,9.914824,57,24,0.344263
9,47,70,0.564516,0.145590,10.055064,54,22,0.189675
9,48,61,0.491935,0.097679,8.560677,63,25,0.127257
9,49,60,0.483871,0.112749,8.468293,64,24,0.146890
9,50,66,0.532258,0.170048,8.981816,58,22,0.221540
9,51,60,0.483871,0.134288,8.328728,64,25,0.174952
9,52,58,0.467742,0.070438,7.824066,66,33,0.091768
9,53,73,0.588710,0.247229,10.465318,51,21,0.322092
9,54,59,0.475806,0.138692,8.776969,65,29,0.180689
9,55,67,0.540323,0.075474,9.517005,57,22,0.098328
9,56,67,0.540323,0.287514,10.196392,57,22,0.374575
9,57,69,0.556452,0.210742,9.397160,55,21,0.274556
9,58,69,0.556452,0.179470,9.494843,55,21,0.233814
9,59,64,0.516129,0.121168,8.550163,60,23,0.157858
9,60,61,0.491935,0.169548,8.800001,63,24,0.770888
9,61,60,0.483871,0.121720,8.822278,64,29,0.158578
9,62,57,0.459677,0.000000,7.829863,67,38,0.000000
9,63,61,0.491935,0.145591,8.757240,63,25,0.189676
9,64,67,0.540323,0.191910,9.201744,57,25,0.250021
9,65,68,0.548387,0.128144,8.720074,56,21,0.166947
9,66,59,0.475806,0.139052,8.078063,65,27,0.181158
9,67,62,0.500000,0.184575,8.180062,62,22,0.240465
9,68,55,0.443548,0.074663,8.077871,69,37,0.097271
9,69,54,0.435484,0.109944,7.801005,70,43,0.143236
9,70,56,0.451613,0.000000,7.638576,68,30,0.000000
9,71,59,0.475806,0.198964,8.097891,65,25,0.259211
9,72,58,0.467742,0.112382,8.005606,66,29,0.146412
9,73,58,0.467742,0.102840,7.920463,66,41,0.133980
9,74,55,0.443548,0.085256,7.665612,69,40,0.111072
9,75,51,0.411290,0.073096,7.336943,73,62,0.095229
9,76,56,0.451613,0.164342,7.743567,68,25,0.214106
9,77,64,0.516129,0.168595,9.287501,60,21,0.219647
9,78,69,0.556452,0.122161,8.922713,55,22,0.709152
9,79,63,0.508065,0.000000,8.483418,61,25,0.000000
9,80,59,0.475806,0.000000,7.721963,65,33,0.000000
9,81,61,0.491935,0.142250,8.845790,63,25,0.185324
9,82,62,0.500000,0.169300,8.740911,62,23,0.770564
9,83,67,0.540323,0.121969,9.117434,57,24,0.158902
9,84,67,0.540323,0.128072,9.322859,57,23,0.166852
9,85,57,0.459677,0.063058,8.313694,67,40,0.082152
9,86,64,0.516129,0.229639,8.996524,60,26,0.299175
9,87,53,0.427419,0.007197,7.002689,71,59,0.009376
9,88,55,0.443548,0.120539,7.999189,69,33,0.157039
9,89,56,0.451613,0.125532,7.825283,68,31,0.163544
9,90,66,0.532258,0.089040,8.908244,58,26,0.116001
9,91,60,0.483871,0.130022,8.255247,64,28,0.169394
9,92,69,0.556452,0.036575,9.907944,55,25,0.047650
9,93,63,0.508065,0.162085,8.226191,61,22,0.211166
9,94,60,0.483871,0.141182,8.240770,64,27,0.183933
9,95,59,0.475806,0.141038,8.312384,65,34,0.183745
9,96,53,0.427419,0.075717,7.172432,71,34,0.098645
9,97,66,0.532258,0.179811,8.958532,58,26,0.234259
9,98,60,0.483871,0.089050,8.534457,64,26,0.116015
9,99,72,0.580645,0.345408,10.844408,52,21,0.450000
9,100,61,0.491935,0.186463,8.197066,63,22,0.242925
9,101,64,0.516129,0.085012,8.744996,60,24,0.110754
9,102,69,0.556452,0.205989,9.446970,55,21,0.268364
9,103,64,0.516129,0.046466,9.235726,60,26,0.060536
9,104,58,0.467742,0.200666,8.210403,66,24,0.811429
9,105,68,0.548387,0.172757,9.752848,56,23,0.225069
9,106,53,0.427419,0.044613,7.166085,71,71,0.058122
9,107,64,0.516129,0.085005,9.132627,60,22,0.110745
9,108,61,0.491935,0.156268,8.059477,63,26,0.203587
9,109,63,0.508065,0.060939,9.219759,61,24,0.079392
9,110,57,0.459677,0.146432,8.115241,67,28,0.190772
9,111,62,0.500000,0.132413,7.679336,62,24,0.172508
9,112,61,0.491935,0.201273,8.499462,63,27,0.262219
9,113,70,0.564516,0.280719,9.990507,54,22,0.365722
9,114,64,0.516129,0.070715,8.335917,60,24,0.092128
9,115,58,0.467742,0.066523,7.930572,66,28,0.086667
9,116,51,0.411290,0.080727,6.906160,73,64,0.105171
9,117,63,0.508065,0.215111,8.672601,61,23,0.830248
9,118,56,0.451613,0.109063,7.815572,68,34,0.142087
9,119,60,0.483871,0.260419,9.382626,64,26,0.339275
9,120,60,0.483871,0.168989,8.528575,64,28,0.770159
9,121,65,0.524194,0.003462,8.834279,59,22,0.004510
9,122,71,0.572581,0.262953,10.453936,53,21,0.342577
9,123,58,0.467742,0.166901,8.301543,66,31,0.217439
9,124,63,0.508065,0.193579,8.611854,61,23,0.252196
10,0,72,0.580645,0.160850,10.190590,52,21,0.211207
10,1,68,0.548387,0.231749,10.226403,56,25,0.304303
10,2,68,0.548387,0.144508,9.329634,56,24,0.189749
10,3,65,0.524194,0.061844,8.720985,59,23,0.081206
10,4,55,0.443548,0.216520,8.157324,69,30,0.284306
10,5,67,0.540323,0.262518,10.059535,57,25,0.344704
10,6,61,0.491935,0.199147,9.175031,63,26,0.261494
10,7,59,0.475806,0.188745,8.418326,65,25,0.247836
10,8,61,0.491935,0.138079,8.515760,63,25,0.181307
10,9,67,0.540323,0.094351,9.071249,57,20,0.123890
10,10,61,0.491935,0.149080,8.267428,63,28,0.195752
10,11,63,0.508065,0.115857,8.904879,61,24,0.152129
10,12,64,0.516129,0.204530,8.887257,60,21,0.818562
10,13,60,0.483871,0.228061,8.822960,64,26,0.299460
10,14,60,0.483871,0.225306,8.966148,64,27,0.295843
10,15,62,0.500000,0.168210,8.763763,62,29,0.220871
10,16,71,0.572581,0.113047,9.787002,53,21,0.148439
10,17,73,0.588710,0.197706,10.067429,51,21,0.259602
10,18,65,0.524194,0.169879,8.757726,59,23,0.223063
10,19,58,0.467742,0.149109,8.002752,66,27,0.195791
10,20,65,0.524194,0.169956,9.631928,59,23,0.223164
10,21,60,0.483871,0.114378,7.978909,64,27,0.150186
10,22,66,0.532258,0.170214,9.120523,58,23,0.223503
10,23,75,0.604839,0.229891,10.371063,49,19,0.301863
10,24,61,0.491935,0.088491,7.995867,63,27,0.116195
10,25,74,0.596774,0.236188,10.706894,50,22,0.310131
10,26,56,0.451613,0.140638,7.721543,68,35,0.184668
10,27,68,0.548387,0.000000,9.407048,56,22,0.000000
10,28,57,0.459677,0.000000,7.581531,67,30,0.000000
10,29,64,0.516129,0.151302,8.027700,60,25,0.748670
10,30,57,0.459677,0.072663,8.090837,67,38,0.645412
10,31,56,0.451613,0.019015,7.459765,68,42,0.574968
10,32,73,0.588710,0.235985,10.487506,51,21,0.309865
10,33,62,0.500000,0.047792,8.862489,62,25,0.062755
10,34,62,0.500000,0.127590,8.701465,62,24,0.167535
10,35,65,0.524194,0.115591,8.311862,59,22,0.151779
10,36,60,0.483871,0.203390,8.549477,64,30,0.267065
10,37,64,0.516129,0.128908,9.262297,60,22,0.169265
10,38,54,0.435484,0.191564,8.062957,70,47,0.251537
10,39,68,0.548387,0.220511,8.950290,56,22,0.839546
10,40,54,0.435484,0.123589,7.743046,70,46,0.162281
10,41,56,0.451613,0.160186,7.445631,68,29,0.210336
10,42,57,0.459677,0.070575,7.792199,67,31,0.092670
10,43,63,0.508065,0.145815,8.808771,61,23,0.191466
10,44,64,0.516129,0.016751,8.843696,60,24,0.021995
10,45,65,0.524194,0.211880,9.470093,59,24,0.278213
10,46,67,0.540323,0.218480,9.762991,57,24,0.286879
10,47,70,0.564516,0.116754,9.648018,54,22,0.153306
10,48,61,0.491935,0.042825,8.793866,63,25,0.056232
10,49,60,0.483871,0.091968,8.143698,64,24,0.120760
10,50,66,0.532258,0.183927,9.157221,58,22,0.241509
10,51,60,0.483871,0.144725,8.213707,64,25,0.190034
10,52,58,0.467742,0.060268,7.338812,66,33,0.079136
10,53,73,0.588710,0.264454,10.407428,51,21,0.347247
10,54,59,0.475806,0.106893,8.598524,65,29,0.140358
10,55,67,0.540323,0.074902,9.707851,57,22,0.098351
10,56,67,0.540323,0.257460,9.771117,57,22,0.888064
10,57,69,0.556452,0.211751,9.499279,55,21,0.278043
10,58,69,0.556452,0.177794,9.236617,55,21,0.233456
10,59,64,0.516129,0.112025,8.752155,60,23,0.147097
10,60,61,0.491935,0.133349,8.973391,63,25,0.175097
10,61,60,0.483871,0.104282,8.484221,64,29,0.136929
10,62,57,0.459677,0.000000,7.569558,67,38,0.000000
10,63,61,0.491935,0.125424,8.846839,63,25,0.164691
10,64,67,0.540323,0.181757,9.395648,57,25,0.238660
10,65,68,0.548387,0.148196,8.967334,56,21,0.194592
10,66,59,0.475806,0.112556,8.039820,65,27,0.147795
10,67,62,0.500000,0.156150,8.100263,62,22,0.205036
10,68,55,0.443548,0.061785,8.217622,69,37,0.081128
10,69,54,0.435484,0.078206,7.622424,70,43,0.102690
10,70,56,0.451613,0.027666,7.979398,68,30,0.036328
10,71,59,0.475806,0.235586,8.513976,65,25,0.309341
10,72,58,0.467742,0.080726,7.726644,66,29,0.105998
10,73,58,0.467742,0.051102,8.210707,66,41,0.067101
10,74,55,0.443548,0.110459,7.830489,69,40,0.145040
10,75,51,0.411290,0.045491,7.132986,73,62,0.059733
10,76,56,0.451613,0.182979,7.727192,68,25,0.240264
10,77,64,0.516129,0.194152,9.440901,60,21,0.254936
10,78,69,0.556452,0.052574,9.285270,55,23,0.069033
10,79,63,0.508065,0.094320,8.688410,61,25,0.673849
10,80,59,0.475806,0.000000,8.077811,65,33,0.000000
10,81,61,0.491935,0.189867,8.910784,63,25,0.799309
10,82,62,0.500000,0.199978,9.019825,62,24,0.262585
10,83,67,0.540323,0.138416,9.448280,57,24,0.181750
10,84,67,0.540323,0.182309,9.193024,57,23,0.239384
10,85,57,0.459677,0.067740,8.121273,67,40,0.088948
10,86,64,0.516129,0.223495,9.097948,60,26,0.293464
10,87,53,0.427419,0.003322,6.927066,71,59,0.004361
10,88,55,0.443548,0.150589,8.312196,69,33,0.197734
10,89,56,0.451613,0.125568,7.590674,68,31,0.164879
10,90,66,0.532258,0.071219,8.977174,58,26,0.093516
10,91,60,0.483871,0.114600,8.053743,64,28,0.150478
10,92,69,0.556452,0.071059,9.842015,55,25,0.093305
10,93,63,0.508065,0.141880,8.055275,61,22,0.186299
10,94,60,0.483871,0.149020,8.012567,64,27,0.195674
10,95,59,0.475806,0.184564,8.526720,65,34,0.242346
10,96,53,0.427419,0.051217,7.080652,71,34,0.067252
10,97,66,0.532258,0.209468,9.433108,58,26,0.275046
10,98,60,0.483871,0.106116,8.143094,64,26,0.139338
10,99,72,0.580645,0.342708,10.924497,52,21,0.450000
10,100,61,0.491935,0.144429,8.241845,63,22,0.189645
10,101,64,0.516129,0.071230,8.824996,60,24,0.093530
10,102,69,0.556452,0.229756,9.552359,55,21,0.301685
10,103,64,0.516129,0.129140,9.416685,60,26,0.169570
10,104,58,0.467742,0.173030,8.299296,66,25,0.227200
10,105,68,0.548387,0.222829,9.706529,56,23,0.292590
10,106,53,0.427419,0.042659,7.088928,71,71,0.056014
10,107,64,0.516129,0.024337,8.885537,60,22,0.031956
10,108,61,0.491935,0.114954,7.999383,63,26,0.150942
10,109,63,0.508065,0.145059,9.222227,61,24,0.190473
10,110,57,0.459677,0.137098,8.347158,67,28,0.180020
10,111,62,0.500000,0.157935,7.938723,62,24,0.207380
10,112,61,0.491935,0.194205,8.466216,63,27,0.255006
10,113,70,0.564516,0.239368,9.786318,54,22,0.314308
10,114,64,0.516129,0.045138,8.327763,60,24,0.059269
10,115,58,0.467742,0.138014,7.872496,66,28,0.181222
10,116,51,0.411290,0.017815,7.092039,73,64,0.023392
10,117,63,0.508065,0.119103,8.812607,61,24,0.156391
10,118,56,0.451613,0.122862,7.949550,68,34,0.161327
10,119,60,0.483871,0.230386,9.274279,64,26,0.302513
10,120,60,0.483871,0.082610,8.573272,64,29,0.108473
10,121,65,0.524194,0.012829,8.662585,59,22,0.016846
10,122,71,0.572581,0.242549,10.327082,53,21,0.318483
10,123,58,0.467742,0.158870,8.410083,66,31,0.208607
10,124,63,0.508065,0.159094,8.245333,61,23,0.758902
11,0,72,0.580645,0.154433,9.857270,52,21,0.218695
11,1,68,0.548387,0.241479,10.425302,56,25,0.341961
11,2,68,0.548387,0.096962,9.249281,56,24,0.137310
11,3,65,0.524194,0.093063,9.172730,59,23,0.131787
11,4,55,0.443548,0.094116,8.147075,69,30,0.133279
11,5,67,0.540323,0.225443,10.099164,57,25,0.319252
11,6,61,0.491935,0.132853,8.921107,63,26,0.188135
11,7,59,0.475806,0.189094,8.148769,65,25,0.267778
11,8,61,0.491935,0.147724,8.704461,63,25,0.209194
11,9,67,0.540323,0.093263,9.099863,57,20,0.132071
11,10,61,0.491935,0.121139,8.027758,63,28,0.171547
11,11,63,0.508065,0.063953,8.772051,61,24,0.090565
11,12,64,0.516129,0.165859,8.554839,60,22,0.234874
11,13,60,0.483871,0.180350,9.002885,64,26,0.255397
11,14,60,0.483871,0.213326,8.859713,64,27,0.302093
11,15,62,0.500000,0.142300,8.498025,62,29,0.751513
11,16,71,0.572581,0.091384,9.732565,53,21,0.129409
11,17,73,0.588710,0.202528,10.043629,51,21,0.286803
11,18,65,0.524194,0.110331,8.578896,59,23,0.156242
11,19,58,0.467742,0.052685,7.674612,66,27,0.074607
11,20,65,0.524194,0.212776,9.881536,59,23,0.301315
11,21,60,0.483871,0.040574,8.116486,64,27,0.057458
11,22,66,0.532258,0.219719,9.296630,58,23,0.311147
11,23,75,0.604839,0.225168,10.301851,49,19,0.318863
11,24,61,0.491935,0.054270,7.837924,63,27,0.076853
11,25,74,0.596774,0.285346,10.950934,50,22,0.404082
11,26,56,0.451613,0.192580,7.774997,68,35,0.272715
11,27,68,0.548387,0.086867,9.608266,56,22,0.123014
11,28,57,0.459677,0.000000,8.141080,67,30,0.000000
11,29,64,0.516129,0.095211,8.462071,60,26,0.134829
11,30,57,0.459677,0.022745,8.098123,67,39,0.032209
11,31,56,0.451613,0.024483,7.646493,68,43,0.034671
11,32,73,0.588710,0.173723,10.795462,51,21,0.246012
11,33,62,0.500000,0.090433,8.645570,62,25,0.128064
11,34,62,0.500000,0.165780,8.419144,62,24,0.234763
11,35,65,0.524194,0.104503,8.055046,59,22,0.147988
11,36,60,0.483871,0.102979,7.889555,64,30,0.145830
11,37,64,0.516129,0.176188,9.608819,60,22,0.249502
11,38,54,0.435484,0.157739,8.153936,70,47,0.223377
11,39,68,0.548387,0.222577,9.174431,56,23,0.865194
11,40,54,0.435484,0.111492,7.247673,70,46,0.157885
11,41,56,0.451613,0.146260,7.497892,68,29,0.207121
11,42,57,0.459677,0.067891,7.254131,67,31,0.096142
11,43,63,0.508065,0.130285,8.976887,61,23,0.184498
11,44,64,0.516129,0.019463,8.858037,60,24,0.027562
11,45,65,0.524194,0.250396,9.584852,59,24,0.354588
11,46,67,0.540323,0.242115,9.814257,57,24,0.342862
11,47,70,0.564516,0.156202,9.759063,54,22,0.221200
11,48,61,0.491935,0.095909,8.582390,63,25,0.135818
11,49,60,0.483871,0.060053,8.333238,64,24,0.085041
11,50,66,0.532258,0.248031,9.518647,58,22,0.351239
11,51,60,0.483871,0.139651,8.499798,64,25,0.197762
11,52,58,0.467742,0.055931,7.660703,66,33,0.079205
11,53,73,0.588710,0.244810,10.379717,51,21,0.346678
11,54,59,0.475806,0.172098,9.059985,65,29,0.243711
11,55,67,0.540323,0.031660,9.497152,57,22,0.044833
11,56,67,0.540323,0.234985,9.682818,57,23,0.332765
11,57,69,0.556452,0.263748,9.540122,55,21,0.373497
11,58,69,0.556452,0.182194,9.386511,55,21,0.258007
11,59,64,0.516129,0.145495,8.671393,60,23,0.206037
11,60,61,0.491935,0.188330,9.001850,63,25,0.266697
11,61,60,0.483871,0.114034,8.421155,64,29,0.161485
11,62,57,0.459677,0.000000,7.729672,67,38,0.000000
11,63,61,0.491935,0.141473,8.615640,63,25,0.200342
11,64,67,0.540323,0.247257,9.036179,57,25,0.350144
11,65,68,0.548387,0.237591,9.277493,56,21,0.336455
11,66,59,0.475806,0.114528,8.057013,65,27,0.162184
11,67,62,0.500000,0.168616,8.005535,62,22,0.238779
11,68,55,0.443548,0.099371,8.314697,69,37,0.140720
11,69,54,0.435484,0.134957,8.021438,70,43,0.191114
11,70,56,0.451613,0.063867,8.101706,68,30,0.090444
11,71,59,0.475806,0.186333,8.074961,65,25,0.813868
11,72,58,0.467742,0.108322,8.073660,66,29,0.153396
11,73,58,0.467742,0.161436,8.097239,66,41,0.778611
11,74,55,0.443548,0.070945,7.626870,69,40,0.100466
11,75,51,0.411290,0.048731,6.900454,73,62,0.069009
11,76,56,0.451613,0.191741,7.972414,68,25,0.271527
11,77,64,0.516129,0.189962,9.727901,60,21,0.269008
11,78,69,0.556452,0.044478,9.043127,55,23,0.062986
11,79,63,0.508065,0.000000,9.153941,61,26,0.000000
11,80,59,0.475806,0.005031,8.057426,65,33,0.007124
11,81,61,0.491935,0.135045,8.982891,63,26,0.191239
11,82,62,0.500000,0.151059,8.880724,62,24,0.213917
11,83,67,0.540323,0.150082,9.006977,57,24,0.212533
11,84,67,0.540323,0.209917,9.487020,57,23,0.297266
11,85,57,0.459677,0.093495,8.170798,67,40,0.132399
11,86,64,0.516129,0.238405,8.762886,60,26,0.337608
11,87,53,0.427419,0.009724,6.864137,71,59,0.013770
11,88,55,0.443548,0.172049,8.131924,69,33,0.243640
11,89,56,0.451613,0.104908,7.364086,68,31,0.148561
11,90,66,0.532258,0.095367,9.220969,58,26,0.135050
11,91,60,0.483871,0.166200,7.929361,64,28,0.235357
11,92,69,0.556452,0.099574,9.518654,55,25,0.141008
11,93,63,0.508065,0.177302,8.400449,61,22,0.251080
11,94,60,0.483871,0.139324,8.160587,64,27,0.197299
11,95,59,0.475806,0.145122,8.441167,65,34,0.205509
11,96,53,0.427419,0.092114,7.259046,71,34,0.680444
11,97,66,0.532258,0.239046,9.439208,58,26,0.888516
11,98,60,0.483871,0.047736,8.128801,64,26,0.067599
11,99,72,0.580645,0.294713,10.736356,52,21,0.417347
11,100,61,0.491935,0.179467,8.196085,63,22,0.254146
11,101,64,0.516129,0.046922,8.990482,60,24,0.066447
11,102,69,0.556452,0.198382,9.400532,55,21,0.280931
11,103,64,0.516129,0.101876,9.237848,60,26,0.144268
11,104,58,0.467742,0.153351,8.326892,66,25,0.217162
11,105,68,0.548387,0.202161,9.727054,56,23,0.286283
11,106,53,0.427419,0.050772,7.206476,71,71,0.621899
11,107,64,0.516129,0.045985,8.665834,60,22,0.065119
11,108,61,0.491935,0.207411,8.053763,63,26,0.293718
11,109,63,0.508065,0.123579,8.842520,61,24,0.175002
11,110,57,0.459677,0.173942,8.128581,67,28,0.246322
11,111,62,0.500000,0.106843,7.722080,62,24,0.151301
11,112,61,0.491935,0.231473,8.712835,63,27,0.327792
11,113,70,0.564516,0.317771,9.925435,54,22,1.000000
11,114,64,0.516129,0.112360,8.758943,60,24,0.159115
11,115,58,0.467742,0.095847,7.862146,66,28,0.135730
11,116,51,0.411290,0.074596,6.970458,73,64,0.105636
11,117,63,0.508065,0.137225,8.634579,61,24,0.194326
11,118,56,0.451613,0.108120,7.576432,68,34,0.153110
11,119,60,0.483871,0.131487,8.753668,64,26,0.186201
11,120,60,0.483871,0.077384,8.477119,64,29,0.109585
11,121,65,0.524194,0.038624,8.964864,59,22,0.054696
11,122,71,0.572581,0.214530,10.547748,53,21,0.303799
11,123,58,0.467742,0.129523,8.140764,66,31,0.183419
11,124,63,0.508065,0.099096,8.796481,61,24,0.140331
12,0,72,0.580645,0.156175,9.796628,52,21,0.211004
12,1,68,0.548387,0.179220,10.019974,56,25,0.242140
12,2,68,0.548387,0.093690,9.141885,56,24,0.126582
12,3,65,0.524194,0.035663,8.647527,59,23,0.048183
12,4,55,0.443548,0.193094,7.868340,69,30,0.260884
12,5,67,0.540323,0.256059,9.989975,57,25,0.345954
12,6,61,0.491935,0.154495,8.815135,63,26,0.208734
12,7,59,0.475806,0.178958,7.985894,65,25,0.241784
12,8,61,0.491935,0.177925,8.537594,63,25,0.240390
12,9,67,0.540323,0.033870,8.627802,57,20,0.045761
12,10,61,0.491935,0.155880,8.519622,63,28,0.210605
12,11,63,0.508065,0.045244,8.834796,61,24,0.061128
12,12,64,0.516129,0.160505,8.823398,60,22,0.216854
12,13,60,0.483871,0.148158,8.472344,64,26,0.200172
12,14,60,0.483871,0.225414,8.852730,64,27,0.304551
12,15,62,0.500000,0.140050,8.752737,62,30,0.189217
12,16,71,0.572581,0.000000,9.874751,53,21,0.000000
12,17,73,0.588710,0.205787,9.907635,51,21,0.278033
12,18,65,0.524194,0.169613,8.859528,59,23,0.779160
12,19,58,0.467742,0.141295,8.028781,66,27,0.190899
12,20,65,0.524194,0.171805,9.718831,59,23,0.232121
12,21,60,0.483871,0.161550,8.401211,64,27,0.218266
12,22,66,0.532258,0.174384,9.091748,58,23,0.235606
12,23,75,0.604839,0.238089,10.241927,49,19,0.321675
12,24,61,0.491935,0.096014,7.881664,63,27,0.129722
12,25,74,0.596774,0.263842,10.789540,50,22,0.356470
12,26,56,0.451613,0.167994,7.267465,68,35,0.226972
12,27,68,0.548387,0.059689,9.244580,56,22,0.080644
12,28,57,0.459677,0.000000,7.732239,67,30,0.000000
12,29,64,0.516129,0.122120,8.150789,60,26,0.164993
12,30,57,0.459677,0.032138,7.954384,67,39,0.043421
12,31,56,0.451613,0.000000,7.362935,68,43,0.000000
12,32,73,0.588710,0.256318,10.598522,51,21,0.346304
12,33,62,0.500000,0.202083,9.125675,62,25,0.273028
12,34,62,0.500000,0.093816,8.218786,62,24,0.126752
12,35,65,0.524194,0.133400,8.194735,59,22,0.180233
12,36,60,0.483871,0.163249,8.055026,64,30,0.220560
12,37,64,0.516129,0.124124,9.267164,60,22,0.167701
12,38,54,0.435484,0.145527,7.743373,70,47,0.196618
12,39,68,0.548387,0.155575,9.123226,56,24,0.210193
12,40,54,0.435484,0.116858,7.580909,70,46,0.157883
12,41,56,0.451613,0.132121,7.820103,68,29,0.178505
12,42,57,0.459677,0.104880,7.271820,67,31,0.141701
12,43,63,0.508065,0.163823,8.841442,61,23,0.771336
12,44,64,0.516129,0.036447,8.502994,60,24,0.049242
12,45,65,0.524194,0.256255,9.559098,59,24,0.896218
12,46,67,0.540323,0.265879,9.923989,57,24,0.359222
12,47,70,0.564516,0.122997,9.533946,54,22,0.166178
12,48,61,0.491935,0.122236,8.817765,63,25,0.165150
12,49,60,0.483871,0.076086,8.123425,64,24,0.102798
12,50,66,0.532258,0.190054,9.527591,58,22,0.256776
12,51,60,0.483871,0.194493,8.811424,64,25,0.262774
12,52,58,0.467742,0.084765,7.863213,66,33,0.114523
12,53,73,0.588710,0.221337,10.307563,51,21,0.299041
12,54,59,0.475806,0.142291,8.752719,65,29,0.742246
12,55,67,0.540323,0.065670,9.741635,57,22,0.088725
12,56,67,0.540323,0.214739,9.851203,57,23,0.290127
12,57,69,0.556452,0.185027,9.217295,55,21,0.249985
12,58,69,0.556452,0.170748,9.293112,55,21,0.230692
12,59,64,0.516129,0.139524,8.651419,60,23,0.188507
12,60,61,0.491935,0.169808,9.006727,63,25,0.229423
12,61,60,0.483871,0.139052,8.605633,64,29,0.187869
12,62,57,0.459677,0.018062,7.556370,67,38,0.024404
12,63,61,0.491935,0.146865,8.502373,63,25,0.198425
12,64,67,0.540323,0.186990,9.433375,57,25,0.252638
12,65,68,0.548387,0.189908,8.915931,56,21,0.256580
12,66,59,0.475806,0.050323,7.848438,65,27,0.067990
12,67,62,0.500000,0.159672,7.933476,62,22,0.215729
12,68,55,0.443548,0.053526,7.975323,69,37,0.072318
12,69,54,0.435484,0.104516,7.948049,70,43,0.141209
12,70,56,0.451613,0.034476,7.793431,68,30,0.046579
12,71,59,0.475806,0.178535,8.534136,65,26,0.241213
12,72,58,0.467742,0.112415,8.206826,66,29,0.151880
12,73,58,0.467742,0.039768,8.162666,66,42,0.053729
12,74,55,0.443548,0.098628,7.613258,69,40,0.683254
12,75,51,0.411290,0.040905,6.686936,73,62,0.055265
12,76,56,0.451613,0.240939,7.811590,68,25,0.325526
12,77,64,0.516129,0.172146,9.327815,60,21,0.232582
12,78,69,0.556452,0.040963,9.148160,55,23,0.055344
12,79,63,0.508065,0.000000,8.965219,61,26,0.000000
12,80,59,0.475806,0.000000,8.008939,65,33,0.000000
12,81,61,0.491935,0.188010,8.989958,63,26,0.254015
12,82,62,0.500000,0.157953,8.884716,62,24,0.213405
12,83,67,0.540323,0.120289,9.159311,57,24,0.162519
12,84,67,0.540323,0.208555,9.260532,57,23,0.281773
12,85,57,0.459677,0.066400,8.181989,67,40,0.089711
12,86,64,0.516129,0.218485,8.973233,60,26,0.295189
12,87,53,0.427419,0.023652,6.887640,71,59,0.031955
12,88,55,0.443548,0.170053,7.948098,69,33,0.779754
12,89,56,0.451613,0.151870,7.856656,68,31,0.205188
12,90,66,0.532258,0.144750,9.208170,58,26,0.195568
12,91,60,0.483871,0.108367,7.864204,64,28,0.146412
12,92,69,0.556452,0.132978,9.661286,55,25,0.179663
12,93,63,0.508065,0.138001,7.769111,61,22,0.186450
12,94,60,0.483871,0.154997,8.121975,64,27,0.209412
12,95,59,0.475806,0.161486,8.605223,65,34,0.768179
12,96,53,0.427419,0.016992,7.097760,71,35,0.022958
12,97,66,0.532258,0.163166,9.124220,58,27,0.220449
12,98,60,0.483871,0.129406,8.201415,64,26,0.174836
12,99,72,0.580645,0.333069,10.649723,52,21,0.450000
12,100,61,0.491935,0.153312,8.016020,63,22,0.207136
12,101,64,0.516129,0.060278,8.880722,60,24,0.081440
12,102,69,0.556452,0.170148,9.345720,55,21,0.229882
12,103,64,0.516129,0.100114,8.861167,60,26,0.135261
12,104,58,0.467742,0.159502,8.135002,66,25,0.215498
12,105,68,0.548387,0.161588,9.582462,56,23,0.218317
12,106,53,0.427419,0.065514,7.259265,71,72,0.088513
12,107,64,0.516129,0.048353,8.857869,60,22,0.065329
12,108,61,0.491935,0.161968,7.909482,63,26,0.768830
12,109,63,0.508065,0.170671,9.070966,61,24,0.230589
12,110,57,0.459677,0.163310,8.393992,67,28,0.220644
12,111,62,0.500000,0.171562,7.701710,62,24,0.231792
12,112,61,0.491935,0.183259,8.480107,63,27,0.247596
12,113,70,0.564516,0.240400,9.790541,54,23,0.324798
12,114,64,0.516129,0.134016,8.761813,60,24,0.181065
12,115,58,0.467742,0.127449,7.720232,66,28,0.172193
12,116,51,0.411290,0.090981,7.100596,73,64,0.122922
12,117,63,0.508065,0.065344,8.529688,61,24,0.088284
12,118,56,0.451613,0.125627,7.759097,68,34,0.169731
12,119,60,0.483871,0.260977,9.135523,64,26,0.352599
12,120,60,0.483871,0.058820,8.257413,64,29,0.079470
12,121,65,0.524194,0.102550,8.716888,59,22,0.138553
12,122,71,0.572581,0.216796,10.236428,53,21,0.292907
12,123,58,0.467742,0.165456,8.317968,66,31,0.223542
12,124,63,0.508065,0.126912,8.639210,61,24,0.171467
13,0,72,0.580645,0.184984,10.128326,52,21,0.243315
13,1,68,0.548387,0.270425,10.203941,56,25,0.355698
13,2,68,0.548387,0.074286,9.031338,56,24,0.097711
13,3,65,0.524194,0.041929,8.661808,59,23,0.055151
13,4,55,0.443548,0.176106,8.152418,69,30,0.231638
13,5,67,0.540323,0.285526,10.001986,57,25,0.375562
13,6,61,0.491935,0.159111,8.871446,63,26,0.209284
13,7,59,0.475806,0.211592,8.077622,65,25,0.278314
13,8,61,0.491935,0.101036,8.736353,63,25,0.132896
13,9,67,0.540323,0.074138,8.561388,57,20,0.097516
13,10,61,0.491935,0.193542,8.212761,63,28,0.254572
13,11,63,0.508065,0.093382,8.656665,61,24,0.122828
13,12,64,0.516129,0.165586,8.985533,60,22,0.217800
13,13,60,0.483871,0.219334,8.716864,64,26,0.288496
13,14,60,0.483871,0.261453,8.926021,64,27,0.893898
13,15,62,0.500000,0.128989,8.661605,62,30,0.169663
13,16,71,0.572581,0.130209,9.975133,53,21,0.171268
13,17,73,0.588710,0.171554,9.651713,51,21,0.225651
13,18,65,0.524194,0.082170,8.706591,59,24,0.108080
13,19,58,0.467742,0.132924,7.873568,66,27,0.724839
13,20,65,0.524194,0.202273,9.849936,59,23,0.266056
13,21,60,0.483871,0.161025,8.294413,64,27,0.211801
13,22,66,0.532258,0.210848,9.223352,58,23,0.277334
13,23,75,0.604839,0.240371,10.183092,49,19,0.316167
13,24,61,0.491935,0.100669,7.647545,63,27,0.132414
13,25,74,0.596774,0.268123,10.575235,50,22,0.352670
13,26,56,0.451613,0.119848,7.164598,68,35,0.157639
13,27,68,0.548387,0.009262,8.824371,56,22,0.012183
13,28,57,0.459677,0.000000,8.062757,67,30,0.000000
13,29,64,0.516129,0.101791,8.121251,60,26,0.133889
13,30,57,0.459677,0.068630,7.977193,67,39,0.090272
13,31,56,0.451613,0.000000,7.292401,68,43,0.000000
13,32,73,0.588710,0.210394,10.516654,51,21,0.276738
13,33,62,0.500000,0.164064,8.920375,62,25,0.215798
13,34,62,0.500000,0.108801,8.146074,62,24,0.143109
13,35,65,0.524194,0.082702,7.992104,59,22,0.108780
13,36,60,0.483871,0.152465,8.297568,64,30,0.200542
13,37,64,0.516129,0.172066,9.137315,60,22,0.226323
13,38,54,0.435484,0.102347,7.744195,70,47,0.134620
13,39,68,0.548387,0.163718,9.251218,56,24,0.215343
13,40,54,0.435484,0.139508,7.522142,70,46,0.183499
13,41,56,0.451613,0.133780,7.740948,68,29,0.175964
13,42,57,0.459677,0.078332,7.317096,67,31,0.103033
13,43,63,0.508065,0.112202,8.909405,61,24,0.147582
13,44,64,0.516129,0.000000,8.708327,60,24,0.000000
13,45,65,0.524194,0.252662,9.710576,59,25,0.332333
13,46,67,0.540323,0.233848,10.162874,57,24,0.307588
13,47,70,0.564516,0.171227,9.669996,54,22,0.225221
13,48,61,0.491935,0.137936,8.732611,63,25,0.181432
13,49,60,0.483871,0.033746,8.326822,64,24,0.044387
13,50,66,0.532258,0.208065,9.136713,58,22,0.273674
13,51,60,0.483871,0.148799,8.518858,64,25,0.195720
13,52,58,0.467742,0.070222,7.600785,66,33,0.092365
13,53,73,0.588710,0.220840,10.289557,51,21,0.290478
13,54,59,0.475806,0.101639,8.738628,65,30,0.133688
13,55,67,0.540323,0.076109,9.605863,57,22,0.100109
13,56,67,0.540323,0.222151,10.052564,57,23,0.292202
13,57,69,0.556452,0.151698,9.253918,55,21,0.749532
13,58,69,0.556452,0.153389,9.320373,55,21,0.201757
13,59,64,0.516129,0.137352,8.825104,60,23,0.180664
13,60,61,0.491935,0.183991,8.918999,63,25,0.242009
13,61,60,0.483871,0.135393,8.781217,64,29,0.178086
13,62,57,0.459677,0.006956,7.730920,67,38,0.009150
13,63,61,0.491935,0.102383,8.569729,63,25,0.134668
13,64,67,0.540323,0.214559,9.298156,57,25,0.282216
13,65,68,0.548387,0.170485,8.870376,56,21,0.224244
13,66,59,0.475806,0.105101,7.857024,65,27,0.138242
13,67,62,0.500000,0.165886,8.139167,62,22,0.218195
13,68,55,0.443548,0.074769,7.886484,69,37,0.098346
13,69,54,0.435484,0.168408,8.087973,70,43,0.221512
13,70,56,0.451613,0.000000,7.421741,68,30,0.000000
13,71,59,0.475806,0.194598,8.454601,65,26,0.255960
13,72,58,0.467742,0.071736,7.924570,66,29,0.094356
13,73,58,0.467742,0.045887,8.224305,66,42,0.060357
13,74,55,0.443548,0.060844,7.725540,69,41,0.080030
13,75,51,0.411290,0.060926,6.796303,73,62,0.080138
13,76,56,0.451613,0.300250,8.072939,68,25,0.394928
13,77,64,0.516129,0.212609,9.472834,60,21,0.279650
13,78,69,0.556452,0.050299,9.187296,55,23,0.066160
13,79,63,0.508065,0.050366,8.725029,61,26,0.066247
13,80,59,0.475806,0.039923,7.693550,65,33,0.052512
13,81,61,0.491935,0.155443,8.649484,63,26,0.204460
13,82,62,0.500000,0.181147,8.309400,62,24,0.238268
13,83,67,0.540323,0.134869,9.235394,57,24,0.177397
13,84,67,0.540323,0.142764,9.183557,57,23,0.187782
13,85,57,0.459677,0.036596,7.917271,67,40,0.048135
13,86,64,0.516129,0.165709,8.745491,60,26,0.217962
13,87,53,0.427419,0.000000,6.885264,71,59,0.000000
13,88,55,0.443548,0.099718,8.046559,69,34,0.131162
13,89,56,0.451613,0.168312,8.114392,68,31,0.221386
13,90,66,0.532258,0.206613,9.610597,58,26,0.271765
13,91,60,0.483871,0.045913,7.895638,64,28,0.060391
13,92,69,0.556452,0.139514,10.027241,55,25,0.183507
13,93,63,0.508065,0.159987,8.035915,61,22,0.210436
13,94,60,0.483871,0.125149,8.140484,64,27,0.164612
13,95,59,0.475806,0.141058,8.584483,65,35,0.185538
13,96,53,0.427419,0.028243,6.914463,71,35,0.037149
13,97,66,0.532258,0.203071,9.647280,58,27,0.267105
13,98,60,0.483871,0.135207,8.038215,64,26,0.727842
13,99,72,0.580645,0.342119,10.912094,52,21,0.450000
13,100,61,0.491935,0.094372,7.552429,63,22,0.124130
13,101,64,0.516129,0.006425,8.837049,60,24,0.008451
13,102,69,0.556452,0.229842,9.212264,55,21,0.302319
13,103,64,0.516129,0.067824,9.168155,60,26,0.089211
13,104,58,0.467742,0.141230,8.329619,66,25,0.185764
13,105,68,0.548387,0.165283,9.605919,56,23,0.217402
13,106,53,0.427419,0.053646,6.951027,71,72,0.070563
13,107,64,0.516129,0.051772,8.936539,60,22,0.068097
13,108,61,0.491935,0.149709,8.178808,63,27,0.196917
13,109,63,0.508065,0.121129,9.137835,61,24,0.159325
13,110,57,0.459677,0.222370,8.315032,67,28,0.842490
13,111,62,0.500000,0.137552,7.587251,62,24,0.180927
13,112,61,0.491935,0.169876,8.427553,63,27,0.773444
13,113,70,0.564516,0.181849,9.820918,54,23,0.239191
13,114,64,0.516129,0.147429,9.134216,60,24,0.193918
13,115,58,0.467742,0.207338,7.819553,66,28,0.272718
13,116,51,0.411290,0.063473,6.853678,73,64,0.083489
13,117,63,0.508065,0.155601,8.783239,61,24,0.204667
13,118,56,0.451613,0.097543,7.359640,68,34,0.128301
13,119,60,0.483871,0.295286,9.256680,64,26,0.388399
13,120,60,0.483871,0.021322,8.009553,64,29,0.028046
13,121,65,0.524194,0.110594,8.730378,59,22,0.145468
13,122,71,0.572581,0.281765,10.610466,53,21,0.920615
13,123,58,0.467742,0.177407,8.577312,66,31,0.233349
13,124,63,0.508065,0.072315,8.538947,61,24,0.095118
14,0,72,0.580645,0.194506,10.214363,52,21,0.307016
14,1,68,0.548387,0.212757,10.062416,56,25,0.335824
14,2,68,0.548387,0.104574,9.210165,56,24,0.165063
14,3,65,0.524194,0.139821,8.676940,59,23,0.220698
14,4,55,0.443548,0.193746,7.776667,69,30,0.305816
14,5,67,0.540323,0.255974,10.035798,57,25,0.404039
14,6,61,0.491935,0.134902,8.255903,63,26,0.212934
14,7,59,0.475806,0.245099,8.129580,65,25,0.936874
14,8,61,0.491935,0.019577,8.727593,63,25,0.030902
14,9,67,0.540323,0.123580,9.146388,57,20,0.195064
14,10,61,0.491935,0.186959,8.286823,63,28,0.295103
14,11,63,0.508065,0.037902,8.899801,61,24,0.059826
14,12,64,0.516129,0.123938,8.902519,60,22,0.195629
14,13,60,0.483871,0.189920,8.642880,64,26,0.299777
14,14,60,0.483871,0.186331,8.668808,64,28,0.294111
14,15,62,0.500000,0.172117,8.827233,62,30,0.271676
14,16,71,0.572581,0.108460,9.433738,53,21,0.171198
14,17,73,0.588710,0.185510,10.208646,51,21,0.292815
14,18,65,0.524194,0.140977,9.001660,59,24,0.222523
14,19,58,0.467742,0.039145,7.611921,66,28,0.061788
14,20,65,0.524194,0.223812,9.540050,59,23,0.353272
14,21,60,0.483871,0.112588,7.871860,64,27,0.727713
14,22,66,0.532258,0.187252,9.053343,58,23,0.295565
14,23,75,0.604839,0.208649,10.007495,49,19,0.329339
14,24,61,0.491935,0.103470,7.759381,63,27,0.163321
14,25,74,0.596774,0.246995,10.647095,50,22,0.389866
14,26,56,0.451613,0.186847,7.548491,68,35,0.844927
14,27,68,0.548387,0.065951,9.199617,56,22,0.104099
14,28,57,0.459677,0.000000,7.989160,67,30,0.000000
14,29,64,0.516129,0.138729,7.964464,60,26,0.218976
14,30,57,0.459677,0.099951,8.157225,67,39,0.157767
14,31,56,0.451613,0.000000,7.308325,68,43,0.000000
14,32,73,0.588710,0.213374,10.395505,51,21,0.336797
14,33,62,0.500000,0.148855,8.505271,62,25,0.234958
14,34,62,0.500000,0.162132,8.135293,62,24,0.255915
14,35,65,0.524194,0.085320,8.131249,59,22,0.134673
14,36,60,0.483871,0.124378,8.205974,64,30,0.196323
14,37,64,0.516129,0.191734,9.319395,60,22,0.302640
14,38,54,0.435484,0.115131,7.617714,70,47,0.181728
14,39,68,0.548387,0.156832,9.282019,56,24,0.247549
14,40,54,0.435484,0.080938,7.329031,70,46,0.127755
14,41,56,0.451613,0.182368,7.371890,68,29,0.837857
14,42,57,0.459677,0.062617,7.284945,67,31,0.098837
14,43,63,0.508065,0.045268,8.629025,61,24,0.071452
14,44,64,0.516129,0.071508,8.967199,60,24,0.112870
14,45,65,0.524194,0.225041,9.261351,59,25,0.355212
14,46,67,0.540323,0.204609,9.652322,57,24,0.322962
14,47,70,0.564516,0.181247,9.640457,54,22,0.286088
14,48,61,0.491935,0.166294,8.592229,63,25,0.262485
14,49,60,0.483871,0.029227,7.983930,64,24,0.046134
14,50,66,0.532258,0.190557,8.895904,58,22,0.300783
14,51,60,0.483871,0.109773,8.196317,64,25,0.173270
14,52,58,0.467742,0.058562,7.786770,66,33,0.092436
14,53,73,0.588710,0.238752,10.290857,51,21,0.376855
14,54,59,0.475806,0.097207,8.530991,65,30,0.153435
14,55,67,0.540323,0.086005,9.476853,57,22,0.135753
14,56,67,0.540323,0.187144,9.642103,57,23,0.295395
14,57,69,0.556452,0.112865,9.397963,55,22,0.178151
14,58,69,0.556452,0.169546,9.411189,55,21,0.267618
14,59,64,0.516129,0.107856,8.605297,60,23,0.170244
14,60,61,0.491935,0.147528,8.811567,63,25,0.232864
14,61,60,0.483871,0.152970,8.565266,64,29,0.241453
14,62,57,0.459677,0.020192,7.383330,67,38,0.031871
14,63,61,0.491935,0.155055,8.395278,63,25,0.244744
14,64,67,0.540323,0.182193,9.079060,57,25,0.287581
14,65,68,0.548387,0.223477,9.165154,56,21,0.352745
14,66,59,0.475806,0.037303,7.809121,65,27,0.058880
14,67,62,0.500000,0.175207,8.179669,62,22,0.276553
14,68,55,0.443548,0.105468,7.982637,69,37,0.166475
14,69,54,0.435484,0.133128,7.827084,70,43,0.210134
14,70,56,0.451613,0.022325,8.151343,68,30,0.035239
14,71,59,0.475806,0.204340,8.556158,65,26,0.322539
14,72,58,0.467742,0.064931,7.932613,66,29,0.102490
14,73,58,0.467742,0.048752,7.963880,66,42,0.076952
14,74,55,0.443548,0.069069,7.464348,69,41,0.109020
14,75,51,0.411290,0.034252,6.985876,73,62,0.054065
14,76,56,0.451613,0.285092,8.020944,68,25,0.450000
14,77,64,0.516129,0.152271,9.304639,60,21,0.240351
14,78,69,0.556452,0.038003,9.453072,55,23,0.059985
14,79,63,0.508065,0.060640,9.099593,61,26,0.095716
14,80,59,0.475806,0.067669,7.810220,65,33,0.106811
14,81,61,0.491935,0.137799,8.642578,63,26,0.217507
14,82,62,0.500000,0.224959,8.626152,62,24,0.355084
14,83,67,0.540323,0.170679,9.530624,57,24,0.269405
14,84,67,0.540323,0.174462,9.214788,57,23,0.275378
14,85,57,0.459677,0.085272,7.940242,67,40,0.134597
14,86,64,0.516129,0.175542,8.931397,60,26,0.277081
14,87,53,0.427419,0.118675,6.953578,71,59,0.187321
14,88,55,0.443548,0.192642,8.133401,69,34,0.304074
14,89,56,0.451613,0.172437,8.083903,68,31,0.272182
14,90,66,0.532258,0.189636,9.434894,58,26,0.299328
14,91,60,0.483871,0.079942,8.099530,64,28,0.126183
14,92,69,0.556452,0.150308,9.677714,55,25,0.787251
14,93,63,0.508065,0.209663,8.423321,61,22,0.880940
14,94,60,0.483871,0.146612,8.256491,64,27,0.231418
14,95,59,0.475806,0.097703,8.769289,65,35,0.154218
14,96,53,0.427419,0.000000,7.060527,71,35,0.000000
14,97,66,0.532258,0.162724,9.408396,58,27,0.256849
14,98,60,0.483871,0.079334,8.073995,64,27,0.125223
14,99,72,0.580645,0.259094,10.400738,52,21,0.408964
14,100,61,0.491935,0.086382,8.067366,63,22,0.136349
14,101,64,0.516129,0.049679,9.102964,60,24,0.078416
14,102,69,0.556452,0.267932,9.209522,55,21,0.422914
14,103,64,0.516129,0.147837,9.607834,60,26,0.233351
14,104,58,0.467742,0.132399,8.087697,66,25,0.208984
14,105,68,0.548387,0.175232,9.762896,56,23,0.276593
14,106,53,0.427419,0.065626,6.779269,71,72,0.103587
14,107,64,0.516129,0.069101,8.821865,60,22,0.109071
14,108,61,0.491935,0.132094,8.093455,63,27,0.208502
14,109,63,0.508065,0.054391,8.448861,61,24,0.085853
14,110,57,0.459677,0.151037,7.843108,67,29,0.238403
14,111,62,0.500000,0.154123,8.212117,62,24,0.793274
14,112,61,0.491935,0.161423,8.223572,63,28,0.254796
14,113,70,0.564516,0.189608,9.837266,54,23,0.299284
14,114,64,0.516129,0.091186,8.619307,60,24,0.143931
14,115,58,0.467742,0.248767,8.059320,66,28,0.392664
14,116,51,0.411290,0.061434,7.171258,73,64,0.096970
14,117,63,0.508065,0.094032,8.967157,61,24,0.148424
14,118,56,0.451613,0.169007,7.467126,68,34,0.816768
14,119,60,0.483871,0.237816,8.833028,64,26,0.375378
14,120,60,0.483871,0.099092,8.083306,64,29,0.156410
14,121,65,0.524194,0.103861,8.475235,59,22,0.163937
14,122,71,0.572581,0.269865,10.230369,53,22,0.425965
14,123,58,0.467742,0.105736,8.439938,66,31,0.166897
14,124,63,0.508065,0.094966,8.542167,61,24,0.149898
15,0,72,0.580645,0.222547,10.247217,52,21,0.319857
15,1,68,0.548387,0.235137,10.401804,56,25,0.337951
15,2,68,0.548387,0.100360,9.046269,56,24,0.144243
15,3,65,0.524194,0.177802,9.190087,59,23,0.255547
15,4,55,0.443548,0.180555,7.903389,69,30,0.259504
15,5,67,0.540323,0.299949,10.312911,57,25,0.981104
15,6,61,0.491935,0.151925,8.435392,63,26,0.218355
15,7,59,0.475806,0.170666,8.085029,65,26,0.245290
15,8,61,0.491935,0.000000,8.723227,63,25,0.000000
15,9,67,0.540323,0.116178,9.090126,57,20,0.166978
15,10,61,0.491935,0.214890,8.154409,63,28,0.308852
15,11,63,0.508065,0.101288,8.812413,61,24,0.145577
15,12,64,0.516129,0.164908,8.529615,60,22,0.237015
15,13,60,0.483871,0.163681,8.523323,64,26,0.785251
15,14,60,0.483871,0.149517,8.375374,64,28,0.764894
15,15,62,0.500000,0.079197,8.469644,62,30,0.113827
15,16,71,0.572581,0.121338,9.369664,53,21,0.174393
15,17,73,0.588710,0.209565,10.150861,51,21,0.301199
15,18,65,0.524194,0.091412,8.804934,59,24,0.131382
15,19,58,0.467742,0.050762,8.016053,66,28,0.072958
15,20,65,0.524194,0.270339,9.359609,59,23,0.388546
15,21,60,0.483871,0.022269,7.865472,64,28,0.032006
15,22,66,0.532258,0.216050,9.335565,58,23,0.310520
15,23,75,0.604839,0.251770,10.241035,49,19,0.361858
15,24,61,0.491935,0.125666,7.955876,63,27,0.730615
15,25,74,0.596774,0.264712,10.980907,50,22,0.380458
15,26,56,0.451613,0.152379,7.418368,68,36,0.219008
15,27,68,0.548387,0.086653,9.069953,56,22,0.124542
15,28,57,0.459677,0.000000,7.862472,67,30,0.000000
15,29,64,0.516129,0.134314,8.174319,60,26,0.193043
15,30,57,0.459677,0.092554,7.878146,67,39,0.133024
15,31,56,0.451613,0.000000,7.704826,68,43,0.000000
15,32,73,0.588710,0.180172,10.181355,51,21,0.258953
15,33,62,0.500000,0.149913,8.666745,62,25,0.215463
15,34,62,0.500000,0.227902,8.317803,62,24,0.327554
15,35,65,0.524194,0.052853,8.057085,59,22,0.075963
15,36,60,0.483871,0.061300,7.848992,64,30,0.088103
15,37,64,0.516129,0.238441,9.400461,60,22,0.342701
15,38,54,0.435484,0.110119,7.684592,70,47,0.158269
15,39,68,0.548387,0.178380,9.479170,56,24,0.256377
15,40,54,0.435484,0.102642,7.476705,70,46,0.147523
15,41,56,0.451613,0.183732,7.282763,68,30,0.264069
15,42,57,0.459677,0.082789,7.216228,67,31,0.118989
15,43,63,0.508065,0.090299,8.883275,61,24,0.129782
15,44,64,0.516129,0.088645,8.920333,60,24,0.677406
15,45,65,0.524194,0.237823,9.632221,59,25,0.341812
15,46,67,0.540323,0.199125,9.932681,57,24,0.286193
15,47,70,0.564516,0.150971,9.675627,54,22,0.216984
15,48,61,0.491935,0.207809,8.486056,63,25,0.298675
15,49,60,0.483871,0.028409,7.958192,64,24,0.040830
15,50,66,0.532258,0.221864,8.906469,58,22,0.318875
15,51,60,0.483871,0.107377,8.162633,64,25,0.154328
15,52,58,0.467742,0.109194,7.739590,66,33,0.156939
15,53,73,0.588710,0.221621,10.164933,51,21,0.318526
15,54,59,0.475806,0.186938,8.533140,65,30,0.268677
15,55,67,0.540323,0.041610,9.140103,57,22,0.059804
15,56,67,0.540323,0.132454,9.590436,57,23,0.190370
15,57,69,0.556452,0.158254,9.613010,55,22,0.227451
15,58,69,0.556452,0.147455,9.276734,55,21,0.211931
15,59,64,0.516129,0.110467,8.529715,60,23,0.158769
15,60,61,0.491935,0.172477,8.987581,63,25,0.247894
15,61,60,0.483871,0.153910,8.980058,64,29,0.221208
15,62,57,0.459677,0.037474,7.554099,67,38,0.053860
15,63,61,0.491935,0.141553,8.161165,63,25,0.203448
15,64,67,0.540323,0.151623,8.774266,57,25,0.217920
15,65,68,0.548387,0.179981,9.127088,56,21,0.258678
15,66,59,0.475806,0.139611,8.258998,65,27,0.200657
15,67,62,0.500000,0.199608,8.454885,62,22,0.286888
15,68,55,0.443548,0.095778,7.569936,69,37,0.137657
15,69,54,0.435484,0.140695,7.886620,70,43,0.202215
15,70,56,0.451613,0.000000,8.219441,68,30,0.000000
15,71,59,0.475806,0.165880,8.106388,65,26,0.238412
15,72,58,0.467742,0.132111,7.896307,66,29,0.189878
15,73,58,0.467742,0.037780,8.023312,66,42,0.054300
15,74,55,0.443548,0.000000,7.365099,69,41,0.000000
15,75,51,0.411290,0.071776,6.939998,73,62,0.653160
15,76,56,0.451613,0.232562,7.784651,68,25,0.334251
15,77,64,0.516129,0.193641,9.224029,60,21,0.278311
15,78,69,0.556452,0.011560,9.444180,55,23,0.016615
15,79,63,0.508065,0.020028,8.971689,61,26,0.028785
15,80,59,0.475806,0.064572,7.757195,65,33,0.092807
15,81,61,0.491935,0.185619,8.770313,63,26,0.266782
15,82,62,0.500000,0.142632,8.223471,62,24,0.204999
15,83,67,0.540323,0.137311,9.158696,57,24,0.197350
15,84,67,0.540323,0.149313,9.253789,57,23,0.214600
15,85,57,0.459677,0.090402,7.985723,67,40,0.129931
15,86,64,0.516129,0.145250,8.982865,60,26,0.758761
15,87,53,0.427419,0.101946,7.213266,71,59,0.696522
15,88,55,0.443548,0.136869,8.164997,69,34,0.196716
15,89,56,0.451613,0.161670,7.684353,68,31,0.232361
15,90,66,0.532258,0.161768,9.109060,58,26,0.232502
15,91,60,0.483871,0.141996,8.282621,64,28,0.204084
15,92,69,0.556452,0.079119,9.730161,55,26,0.113714
15,93,63,0.508065,0.153565,8.670733,61,23,0.220712
15,94,60,0.483871,0.129709,8.152920,64,27,0.186425
15,95,59,0.475806,0.090978,8.357814,65,35,0.130759
15,96,53,0.427419,0.000000,7.153400,71,35,0.000000
15,97,66,0.532258,0.217798,9.556291,58,27,0.313032
15,98,60,0.483871,0.021468,8.026356,64,27,0.030854
15,99,72,0.580645,0.273123,10.281344,52,21,0.392548
15,100,61,0.491935,0.169850,8.376730,63,22,0.244117
15,101,64,0.516129,0.010847,8.790970,60,24,0.015590
15,102,69,0.556452,0.275717,9.185628,55,21,0.396276
15,103,64,0.516129,0.079408,9.267717,60,26,0.114130
15,104,58,0.467742,0.141207,8.173151,66,25,0.202951
15,105,68,0.548387,0.169511,9.804968,56,23,0.243630
15,106,53,0.427419,0.090726,6.816050,71,72,0.680397
15,107,64,0.516129,0.162710,8.851592,60,22,0.233855
15,108,61,0.491935,0.165682,7.980102,63,27,0.238128
15,109,63,0.508065,0.058578,8.741902,61,24,0.084191
15,110,57,0.459677,0.139828,8.029989,67,29,0.200969
15,111,62,0.500000,0.127411,8.121950,62,25,0.183122
15,112,61,0.491935,0.167074,8.199396,63,28,0.790128
15,113,70,0.564516,0.230238,9.873139,54,23,0.330911
15,114,64,0.516129,0.070553,8.756256,60,24,0.101402
15,115,58,0.467742,0.228852,8.228537,66,28,0.328919
15,116,51,0.411290,0.070893,6.717076,73,64,0.101892
15,117,63,0.508065,0.130379,8.662154,61,24,0.187388
15,118,56,0.451613,0.110860,7.382175,68,35,0.159334
15,119,60,0.483871,0.197770,8.536451,64,26,0.284246
15,120,60,0.483871,0.141712,8.392280,64,29,0.203676
15,121,65,0.524194,0.032820,8.508848,59,22,0.047171
15,122,71,0.572581,0.313097,10.454416,53,22,0.450000
15,123,58,0.467742,0.097821,8.251217,66,31,0.140594
15,124,63,0.508065,0.091744,8.923652,61,24,0.131860
16,0,72,0.580645,0.275476,10.150978,52,21,0.411466
16,1,68,0.548387,0.191804,10.154523,56,25,0.836488
16,2,68,0.548387,0.064318,9.114797,56,24,0.096069
16,3,65,0.524194,0.162248,9.114722,59,23,0.242342
16,4,55,0.443548,0.184643,7.627651,69,30,0.275793
16,5,67,0.540323,0.238263,10.265695,57,26,0.355883
16,6,61,0.491935,0.194005,8.814858,63,26,0.289776
16,7,59,0.475806,0.138802,8.032120,65,26,0.207322
16,8,61,0.491935,0.030760,8.506380,63,25,0.045944
16,9,67,0.540323,0.089252,8.851878,57,20,0.133312
16,10,61,0.491935,0.096024,7.982469,63,28,0.143427
16,11,63,0.508065,0.152941,8.893746,61,24,0.228441
16,12,64,0.516129,0.191892,8.658061,60,22,0.286620
16,13,60,0.483871,0.125466,8.363668,64,27,0.187402
16,14,60,0.483871,0.129274,8.930407,64,29,0.193090
16,15,62,0.500000,0.106952,8.596744,62,30,0.159749
16,16,71,0.572581,0.146424,9.483701,53,21,0.218707
16,17,73,0.588710,0.204120,9.945039,51,21,0.304885
16,18,65,0.524194,0.139381,8.727122,59,24,0.208187
16,19,58,0.467742,0.032523,8.067581,66,28,0.048578
16,20,65,0.524194,0.197118,9.279185,59,23,0.294427
16,21,60,0.483871,0.044197,7.933533,64,28,0.066015
16,22,66,0.532258,0.193493,9.006658,58,23,0.289012
16,23,75,0.604839,0.252759,10.073641,49,19,0.927534
16,24,61,0.491935,0.078710,7.850312,63,28,0.117565
16,25,74,0.596774,0.274027,10.914113,50,22,0.409301
16,26,56,0.451613,0.144870,7.483222,68,36,0.216385
16,27,68,0.548387,0.096925,9.100918,56,22,0.144773
16,28,57,0.459677,0.000000,8.019883,67,30,0.000000
16,29,64,0.516129,0.068449,7.882903,60,26,0.102239
16,30,57,0.459677,0.072135,7.860362,67,39,0.107745
16,31,56,0.451613,0.043377,7.750420,68,43,0.064790
16,32,73,0.588710,0.238118,10.475000,51,21,0.355665
16,33,62,0.500000,0.145096,8.803193,62,25,0.216724
16,34,62,0.500000,0.188194,8.266713,62,24,0.281097
16,35,65,0.524194,0.141883,8.441512,59,22,0.761924
16,36,60,0.483871,0.055879,7.912797,64,30,0.083463
16,37,64,0.516129,0.160355,9.372560,60,22,0.239515
16,38,54,0.435484,0.102986,7.945444,70,47,0.153825
16,39,68,0.548387,0.203049,9.145416,56,24,0.303285
16,40,54,0.435484,0.106031,7.399116,70,46,0.158374
16,41,56,0.451613,0.177863,7.374735,68,30,0.265666
16,42,57,0.459677,0.096427,6.969324,67,31,0.144029
16,43,63,0.508065,0.116839,8.536005,61,24,0.174518
16,44,64,0.516129,0.062298,9.138696,60,25,0.093051
16,45,65,0.524194,0.218887,9.526740,59,25,0.326942
16,46,67,0.540323,0.254427,10.219309,57,24,0.380026
16,47,70,0.564516,0.150453,9.775723,54,22,0.224724
16,48,61,0.491935,0.176467,8.496445,63,25,0.263581
16,49,60,0.483871,0.052169,8.131938,64,24,0.077923
16,50,66,0.532258,0.231074,9.264794,58,22,0.345144
16,51,60,0.483871,0.121389,8.070850,64,25,0.181314
16,52,58,0.467742,0.111369,7.838507,66,33,0.166346
16,53,73,0.588710,0.229466,10.192747,51,21,0.342743
16,54,59,0.475806,0.148303,8.224934,65,30,0.221513
16,55,67,0.540323,0.043901,9.164813,57,22,0.065573
16,56,67,0.540323,0.140164,9.739911,57,23,0.209357
16,57,69,0.556452,0.174902,9.172768,55,22,0.261243
16,58,69,0.556452,0.222689,9.291523,55,21,0.332620
16,59,64,0.516129,0.099639,8.524524,60,23,0.148826
16,60,61,0.491935,0.209107,8.733224,63,25,0.312333
16,61,60,0.483871,0.124967,8.746655,64,29,0.186658
16,62,57,0.459677,0.100551,7.687170,67,38,0.150189
16,63,61,0.491935,0.093611,8.123152,63,25,0.139823
16,64,67,0.540323,0.165798,8.711839,57,25,0.797645
16,65,68,0.548387,0.167498,9.077073,56,21,0.250184
16,66,59,0.475806,0.125261,8.136322,65,27,0.187096
16,67,62,0.500000,0.223051,8.113111,62,22,0.333161
16,68,55,0.443548,0.113383,7.637905,69,37,0.169354
16,69,54,0.435484,0.157190,8.031108,70,43,0.234787
16,70,56,0.451613,0.000000,7.965872,68,30,0.000000
16,71,59,0.475806,0.189614,8.113630,65,26,0.283218
16,72,58,0.467742,0.129804,7.784255,66,29,0.193882
16,73,58,0.467742,0.081367,8.068683,66,42,0.121535
16,74,55,0.443548,0.000000,7.255105,69,41,0.000000
16,75,51,0.411290,0.050819,7.021959,73,63,0.075906
16,76,56,0.451613,0.271462,7.886530,68,25,0.955470
16,77,64,0.516129,0.193940,9.213011,60,21,0.289679
16,78,69,0.556452,0.000000,9.271536,55,23,0.000000
16,79,63,0.508065,0.000000,8.940558,61,26,0.000000
16,80,59,0.475806,0.122161,7.860171,65,33,0.182467
16,81,61,0.491935,0.175381,8.653202,63,26,0.261959
16,82,62,0.500000,0.123373,8.142942,62,24,0.184276
16,83,67,0.540323,0.151535,9.038062,57,24,0.226341
16,84,67,0.540323,0.075205,9.097083,57,23,0.112330
16,85,57,0.459677,0.077315,7.752185,67,40,0.115481
16,86,64,0.516129,0.054168,9.021833,60,27,0.080909
16,87,53,0.427419,0.031207,7.276825,71,60,0.046612
16,88,55,0.443548,0.127053,8.116289,69,34,0.189773
16,89,56,0.451613,0.153241,7.835610,68,31,0.778888
16,90,66,0.532258,0.146329,9.044360,58,26,0.218565
16,91,60,0.483871,0.179509,8.173433,64,28,0.818125
16,92,69,0.556452,0.071365,9.718587,55,26,0.106595
16,93,63,0.508065,0.146880,8.604273,61,23,0.219387
16,94,60,0.483871,0.132772,7.894561,64,27,0.198315
16,95,59,0.475806,0.131611,8.329047,65,35,0.196581
16,96,53,0.427419,0.025932,7.552787,71,35,0.038733
16,97,66,0.532258,0.162601,9.652934,58,27,0.242869
16,98,60,0.483871,0.090484,8.037605,64,27,0.135152
16,99,72,0.580645,0.301275,10.504728,52,21,0.450000
16,100,61,0.491935,0.125623,8.329384,63,22,0.187636
16,101,64,0.516129,0.053887,8.861911,60,24,0.080488
16,102,69,0.556452,0.266942,9.343465,55,21,0.398719
16,103,64,0.516129,0.070661,8.994500,60,26,0.105544
16,104,58,0.467742,0.139525,8.029228,66,25,0.208403
16,105,68,0.548387,0.169625,9.774944,56,23,0.253361
16,106,53,0.427419,0.009444,7.027393,71,73,0.014105
16,107,64,0.516129,0.175721,8.886233,60,22,0.262465
16,108,61,0.491935,0.117926,8.012568,63,27,0.176140
16,109,63,0.508065,0.060502,8.857885,61,24,0.090369
16,110,57,0.459677,0.098318,7.963375,67,29,0.146853
16,111,62,0.500000,0.156748,8.023852,62,25,0.234127
16,112,61,0.491935,0.220352,8.375974,63,29,0.329129
16,113,70,0.564516,0.221041,9.540971,54,23,0.330159
16,114,64,0.516129,0.152607,8.986818,60,24,0.227941
16,115,58,0.467742,0.194254,7.976673,66,28,0.290148
16,116,51,0.411290,0.108432,7.035323,73,64,0.161959
16,117,63,0.508065,0.137330,8.429939,61,24,0.205123
16,118,56,0.451613,0.119275,7.349400,68,35,0.178156
16,119,60,0.483871,0.239150,8.568747,64,26,0.357207
16,120,60,0.483871,0.142583,8.451157,64,29,0.212970
16,121,65,0.524194,0.080968,8.853817,59,22,0.120938
16,122,71,0.572581,0.254148,10.355265,53,22,0.379609
16,123,58,0.467742,0.090982,8.311652,66,31,0.135895
16,124,63,0.508065,0.105553,8.614343,61,24,0.157659
17,0,72,0.580645,0.318215,10.596709,52,21,0.450000
17,1,68,0.548387,0.167897,10.366693,56,26,0.237430
17,2,68,0.548387,0.122510,9.288407,56,24,0.173246
17,3,65,0.524194,0.146168,8.896627,59,23,0.206702
17,4,55,0.443548,0.136907,7.354207,69,30,0.193606
17,5,67,0.540323,0.222729,10.649368,57,26,0.314970
17,6,61,0.491935,0.173702,8.656640,63,26,0.245638
17,7,59,0.475806,0.139683,7.769927,65,26,0.197532
17,8,61,0.491935,0.035320,8.362606,63,25,0.049948
17,9,67,0.540323,0.098154,9.035507,57,20,0.138803
17,10,61,0.491935,0.147983,8.245138,63,28,0.759269
17,11,63,0.508065,0.143337,9.083325,61,24,0.202699
17,12,64,0.516129,0.156280,8.848341,60,22,0.221001
17,13,60,0.483871,0.137255,8.045849,64,27,0.194098
17,14,60,0.483871,0.137791,9.087088,64,29,0.194856
17,15,62,0.500000,0.041320,8.468868,62,30,0.058432
17,16,71,0.572581,0.085625,9.461002,53,21,0.121086
17,17,73,0.588710,0.276942,10.110286,51,21,0.391635
17,18,65,0.524194,0.109719,8.854333,59,24,0.155157
17,19,58,0.467742,0.034795,7.990254,66,28,0.049205
17,20,65,0.524194,0.237862,9.348277,59,23,0.336371
17,21,60,0.483871,0.065258,8.166880,64,28,0.092284
17,22,66,0.532258,0.177232,8.854067,58,23,0.250630
17,23,75,0.604839,0.137950,9.881100,49,20,0.195080
17,24,61,0.491935,0.091746,7.984412,63,28,0.129742
17,25,74,0.596774,0.274047,10.777139,50,22,0.937541
17,26,56,0.451613,0.136063,7.690726,68,36,0.192412
17,27,68,0.548387,0.132976,9.329981,56,22,0.188046
17,28,57,0.459677,0.000000,7.715573,67,30,0.000000
17,29,64,0.516129,0.132364,7.967638,60,26,0.187181
17,30,57,0.459677,0.096328,7.834242,67,39,0.136222
17,31,56,0.451613,0.017443,7.941335,68,43,0.024667
17,32,73,0.588710,0.259323,10.550860,51,21,0.366720
17,33,62,0.500000,0.161059,8.630515,62,25,0.227760
17,34,62,0.500000,0.141324,7.901147,62,24,0.199852
17,35,65,0.524194,0.099102,8.580827,59,23,0.140144
17,36,60,0.483871,0.078611,8.153991,64,30,0.111168
17,37,64,0.516129,0.112314,9.099868,60,22,0.158828
17,38,54,0.435484,0.083118,7.605479,70,47,0.117540
17,39,68,0.548387,0.160635,9.325871,56,24,0.227160
17,40,54,0.435484,0.086687,7.370343,70,46,0.122587
17,41,56,0.451613,0.176146,7.114580,68,30,0.249095
17,42,57,0.459677,0.060833,7.003955,67,31,0.086027
17,43,63,0.508065,0.000000,8.380782,61,24,0.000000
17,44,64,0.516129,0.125958,8.951765,60,25,0.178122
17,45,65,0.524194,0.270583,9.882172,59,25,0.382642
17,46,67,0.540323,0.257216,10.118918,57,24,0.363739
17,47,70,0.564516,0.154266,9.618133,54,22,0.218154
17,48,61,0.491935,0.211971,8.729396,63,25,0.299757
17,49,60,0.483871,0.046469,7.909737,64,24,0.065714
17,50,66,0.532258,0.221247,8.953700,58,22,0.312874
17,51,60,0.483871,0.156695,8.114649,64,25,0.221588
17,52,58,0.467742,0.076806,7.852344,66,33,0.108614
17,53,73,0.588710,0.256490,10.680787,51,21,0.362712
17,54,59,0.475806,0.174357,8.085306,65,30,0.246565
17,55,67,0.540323,0.000000,9.141078,57,22,0.000000
17,56,67,0.540323,0.146071,9.682612,57,23,0.206565
17,57,69,0.556452,0.210979,9.242671,55,22,0.298354
17,58,69,0.556452,0.228922,9.749517,55,21,0.323728
17,59,64,0.516129,0.100399,8.324544,60,23,0.141979
17,60,61,0.491935,0.179742,8.991831,63,25,0.254181
17,61,60,0.483871,0.142972,8.958440,64,29,0.202182
17,62,57,0.459677,0.071603,7.487481,67,38,0.101257
17,63,61,0.491935,0.136809,8.003922,63,25,0.193467
17,64,67,0.540323,0.144444,9.013619,57,26,0.204264
17,65,68,0.548387,0.179128,8.874413,56,21,0.253311
17,66,59,0.475806,0.101983,8.208769,65,27,0.144218
17,67,62,0.500000,0.178056,7.990218,62,22,0.251796
17,68,55,0.443548,0.087251,7.383756,69,37,0.123385
17,69,54,0.435484,0.092091,7.673671,70,43,0.130230
17,70,56,0.451613,0.000000,8.057146,68,30,0.000000
17,71,59,0.475806,0.167730,8.039403,65,26,0.237193
17,72,58,0.467742,0.167186,7.799592,66,29,0.236424
17,73,58,0.467742,0.121276,8.256694,66,42,0.721502
17,74,55,0.443548,0.010636,7.086931,69,41,0.015041
17,75,51,0.411290,0.052585,6.708076,73,63,0.074363
17,76,56,0.451613,0.121542,7.905657,68,26,0.171877
17,77,64,0.516129,0.213030,8.988639,60,21,0.301255
17,78,69,0.556452,0.000000,9.229848,55,23,0.000000
17,79,63,0.508065,0.000000,9.059462,61,26,0.000000
17,80,59,0.475806,0.148548,8.300144,65,33,0.760067
17,81,61,0.491935,0.177096,8.678889,63,26,0.250438
17,82,62,0.500000,0.150518,8.335148,62,24,0.212853
17,83,67,0.540323,0.137552,9.046466,57,24,0.194517
17,84,67,0.540323,0.089145,9.284935,57,23,0.126063
17,85,57,0.459677,0.043731,7.845852,67,40,0.061841
17,86,64,0.516129,0.078300,8.955330,60,27,0.110727
17,87,53,0.427419,0.011331,7.451814,71,60,0.016024
17,88,55,0.443548,0.199394,8.112491,69,34,0.281971
17,89,56,0.451613,0.153676,8.086168,68,32,0.217319
17,90,66,0.532258,0.113606,8.683715,58,26,0.160655
17,91,60,0.483871,0.175390,8.034183,64,29,0.798026
17,92,69,0.556452,0.087049,9.429565,55,26,0.123099
17,93,63,0.508065,0.156334,8.603499,61,23,0.221078
17,94,60,0.483871,0.167722,7.976673,64,27,0.237183
17,95,59,0.475806,0.116760,8.521383,65,35,0.165115
17,96,53,0.427419,0.035815,7.784904,71,35,0.050647
17,97,66,0.532258,0.243623,9.640253,58,27,0.344517
17,98,60,0.483871,0.055263,7.796615,64,27,0.078150
17,99,72,0.580645,0.294581,10.179924,52,21,0.416579
17,100,61,0.491935,0.120782,8.269436,63,22,0.170803
17,101,64,0.516129,0.071092,8.696478,60,24,0.100534
17,102,69,0.556452,0.261328,9.392537,55,21,0.369555
17,103,64,0.516129,0.057844,8.837340,60,26,0.081799
17,104,58,0.467742,0.105196,7.997766,66,25,0.148762
17,105,68,0.548387,0.231287,10.038033,56,23,0.327073
17,106,53,0.427419,0.000000,7.043227,71,73,0.000000
17,107,64,0.516129,0.261629,9.247946,60,22,0.369980
17,108,61,0.491935,0.118552,7.988137,63,27,0.167649
17,109,63,0.508065,0.109209,8.762783,61,24,0.154437
17,110,57,0.459677,0.142743,7.966569,67,29,0.201859
17,111,62,0.500000,0.168068,8.001254,62,25,0.237672
17,112,61,0.491935,0.142305,8.001254,63,29,0.201239
17,113,70,0.564516,0.229602,10.019531,54,23,0.324689
17,114,64,0.516129,0.112340,8.700297,60,24,0.158864
17,115,58,0.467742,0.222190,7.979356,66,28,0.864208
17,116,51,0.411290,0.116762,7.023053,73,64,0.715118
17,117,63,0.508065,0.103200,8.199324,61,24,0.145939
17,118,56,0.451613,0.071399,7.499041,68,35,0.100969
17,119,60,0.483871,0.213474,8.508160,64,26,0.851882
17,120,60,0.483871,0.217167,8.689448,64,29,0.307105
17,121,65,0.524194,0.108243,8.915983,59,22,0.153070
17,122,71,0.572581,0.276124,10.406612,53,22,0.390477
17,123,58,0.467742,0.113302,8.219048,66,31,0.160224
17,124,63,0.508065,0.113783,8.727194,61,24,0.160905
18,0,72,0.580645,0.238546,9.730823,52,21,0.320558
18,1,68,0.548387,0.162098,10.419407,56,26,0.767828
18,2,68,0.548387,0.070094,9.025833,56,24,0.094192
18,3,65,0.524194,0.174917,8.892206,59,23,0.235053
18,4,55,0.443548,0.169949,7.629221,69,30,0.228377
18,5,67,0.540323,0.230878,10.363568,57,26,0.310254
18,6,61,0.491935,0.151841,8.549656,63,26,0.204044
18,7,59,0.475806,0.137237,7.899397,65,26,0.184419
18,8,61,0.491935,0.089784,8.477233,63,25,0.120651
18,9,67,0.540323,0.050975,8.544175,57,20,0.068501
18,10,61,0.491935,0.132240,7.908553,63,29,0.177704
18,11,63,0.508065,0.039705,8.637918,61,24,0.053356
18,12,64,0.516129,0.131533,8.427294,60,22,0.176754
18,13,60,0.483871,0.156730,8.715208,64,27,0.210614
18,14,60,0.483871,0.113156,8.785895,64,29,0.152059
18,15,62,0.500000,0.056426,8.390504,62,30,0.075825
18,16,71,0.572581,0.096643,9.461754,53,21,0.129869
18,17,73,0.588710,0.251868,9.698499,51,21,0.338460
18,18,65,0.524194,0.060173,8.731194,59,24,0.080860
18,19,58,0.467742,0.041156,8.153849,66,28,0.055305
18,20,65,0.524194,0.183846,9.372013,59,23,0.247052
18,21,60,0.483871,0.018516,8.140549,64,28,0.024882
18,22,66,0.532258,0.188313,9.005348,58,23,0.253055
18,23,75,0.604839,0.237065,10.291868,49,20,0.318568
18,24,61,0.491935,0.075920,7.952114,63,28,0.102021
18,25,74,0.596774,0.246819,10.723792,50,23,0.331676
18,26,56,0.451613,0.127803,7.780301,68,36,0.171742
18,27,68,0.548387,0.124623,9.254369,56,22,0.167468
18,28,57,0.459677,0.000000,7.895930,67,30,0.000000
18,29,64,0.516129,0.104482,7.834706,60,26,0.140403
18,30,57,0.459677,0.086552,7.455259,67,39,0.116308
18,31,56,0.451613,0.000000,7.996958,68,43,0.000000
18,32,73,0.588710,0.330184,10.408542,51,21,0.443702
18,33,62,0.500000,0.201506,8.774713,62,25,0.270784
18,34,62,0.500000,0.208505,8.310081,62,24,0.280188
18,35,65,0.524194,0.062100,8.074559,59,23,0.083450
18,36,60,0.483871,0.075543,7.482951,64,30,0.101515
18,37,64,0.516129,0.199229,9.380891,60,22,0.817724
18,38,54,0.435484,0.165934,8.004015,70,47,0.222982
18,39,68,0.548387,0.156006,9.182434,56,24,0.209641
18,40,54,0.435484,0.123628,6.997472,70,46,0.166131
18,41,56,0.451613,0.202312,7.765816,68,30,0.271867
18,42,57,0.459677,0.019669,7.078207,67,31,0.026431
18,43,63,0.508065,0.014090,8.810150,61,24,0.018934
18,44,64,0.516129,0.100009,8.719832,60,25,0.134392
18,45,65,0.524194,0.300982,10.057336,59,25,0.404460
18,46,67,0.540323,0.320020,9.936637,57,24,0.980043
18,47,70,0.564516,0.191127,9.619222,54,22,0.806837
18,48,61,0.491935,0.141030,8.272940,63,25,0.189517
18,49,60,0.483871,0.018005,7.584372,64,24,0.024196
18,50,66,0.532258,0.304359,9.443203,58,22,0.408998
18,51,60,0.483871,0.210817,8.552176,64,25,0.283296
18,52,58,0.467742,0.000000,7.408917,66,33,0.000000
18,53,73,0.588710,0.187159,10.273512,51,21,0.251505
18,54,59,0.475806,0.189754,8.857942,65,30,0.254992
18,55,67,0.540323,0.057519,9.257746,57,22,0.077294
18,56,67,0.540323,0.157716,9.420614,57,23,0.211939
18,57,69,0.556452,0.151051,9.298924,55,22,0.202982
18,58,69,0.556452,0.149916,9.241717,55,21,0.201458
18,59,64,0.516129,0.147084,8.266332,60,23,0.197652
18,60,61,0.491935,0.170945,9.078279,63,25,0.229716
18,61,60,0.483871,0.154552,8.864437,64,29,0.207687
18,62,57,0.459677,0.043480,7.835184,67,38,0.058428
18,63,61,0.491935,0.138678,8.034467,63,25,0.186356
18,64,67,0.540323,0.110575,8.837159,57,26,0.148590
18,65,68,0.548387,0.235528,9.109328,56,21,0.316503
18,66,59,0.475806,0.072366,8.351822,65,27,0.097246
18,67,62,0.500000,0.160738,8.080292,62,22,0.216000
18,68,55,0.443548,0.121932,7.597969,69,37,0.163852
18,69,54,0.435484,0.117854,7.927341,70,43,0.158372
18,70,56,0.451613,0.000000,8.038155,68,30,0.000000
18,71,59,0.475806,0.213511,8.336677,65,26,0.286917
18,72,58,0.467742,0.163165,8.213943,66,29,0.219261
18,73,58,0.467742,0.039890,8.011265,66,43,0.053605
18,74,55,0.443548,0.087909,7.233705,69,41,0.118132
18,75,51,0.411290,0.026916,6.719475,73,63,0.036170
18,76,56,0.451613,0.165680,8.655370,68,26,0.222640
18,77,64,0.516129,0.246492,9.332614,60,21,0.331236
18,78,69,0.556452,0.000000,9.133736,55,23,0.000000
18,79,63,0.508065,0.000000,8.949474,61,26,0.000000
18,80,59,0.475806,0.028163,7.950477,65,34,0.037846
18,81,61,0.491935,0.195641,8.619253,63,26,0.262903
18,82,62,0.500000,0.078329,8.097926,62,24,0.105259
18,83,67,0.540323,0.194519,9.275950,57,24,0.261395
18,84,67,0.540323,0.142264,9.249994,57,23,0.191174
18,85,57,0.459677,0.114027,8.426995,67,40,0.153230
18,86,64,0.516129,0.091675,8.810164,60,27,0.123193
18,87,53,0.427419,0.015280,6.986801,71,60,0.020533
18,88,55,0.443548,0.151799,7.970550,69,34,0.203988
18,89,56,0.451613,0.132240,7.876973,68,32,0.177704
18,90,66,0.532258,0.149498,9.116228,58,26,0.200896
18,91,60,0.483871,0.130242,8.019852,64,30,0.175020
18,92,69,0.556452,0.114521,9.357056,55,26,0.153894
18,93,63,0.508065,0.167721,8.226235,61,23,0.225383
18,94,60,0.483871,0.185298,8.395874,64,27,0.249003
18,95,59,0.475806,0.031814,8.500379,65,35,0.042751
18,96,53,0.427419,0.067396,7.491538,71,35,0.090566
18,97,66,0.532258,0.211379,9.260012,58,27,0.284052
18,98,60,0.483871,0.090100,8.122924,64,27,0.121077
18,99,72,0.580645,0.334871,10.399624,52,21,0.450000
18,100,61,0.491935,0.141151,8.353177,63,22,0.189679
18,101,64,0.516129,0.085344,8.755010,60,24,0.114685
18,102,69,0.556452,0.221681,9.085916,55,21,0.297895
18,103,64,0.516129,0.100716,8.589794,60,26,0.135342
18,104,58,0.467742,0.119993,8.058402,66,25,0.161247
18,105,68,0.548387,0.221690,10.094056,56,23,0.297907
18,106,53,0.427419,0.000000,6.820586,71,73,0.000000
18,107,64,0.516129,0.126981,8.366761,60,22,0.170638
18,108,61,0.491935,0.163480,7.585443,63,27,0.769684
18,109,63,0.508065,0.155661,8.709159,61,24,0.759178
18,110,57,0.459677,0.211652,8.483496,67,29,0.284418
18,111,62,0.500000,0.142687,7.498886,62,25,0.741743
18,112,61,0.491935,0.189435,8.507160,63,29,0.254562
18,113,70,0.564516,0.255391,10.034350,54,23,0.343195
18,114,64,0.516129,0.149574,8.965162,60,24,0.200998
18,115,58,0.467742,0.131171,7.594884,66,29,0.176267
18,116,51,0.411290,0.114879,7.267927,73,65,0.154374
18,117,63,0.508065,0.125385,8.702873,61,24,0.168493
18,118,56,0.451613,0.089203,7.334615,68,35,0.669871
18,119,60,0.483871,0.176595,8.629881,64,27,0.237309
18,120,60,0.483871,0.137907,8.006111,64,29,0.185320
18,121,65,0.524194,0.093416,8.465248,59,22,0.125532
18,122,71,0.572581,0.203451,10.487256,53,22,0.273398
18,123,58,0.467742,0.088473,7.962705,66,31,0.118890
18,124,63,0.508065,0.168070,8.927000,61,24,0.225853
19,0,72,0.580645,0.224634,9.921147,52,21,0.348579
19,1,68,0.548387,0.080807,10.083067,56,27,0.125394
19,2,68,0.548387,0.078299,9.269879,56,24,0.121502
19,3,65,0.524194,0.126345,8.645879,59,23,0.196058
19,4,55,0.443548,0.204394,7.755785,69,30,0.867172
19,5,67,0.540323,0.185345,10.155391,57,26,0.287613
19,6,61,0.491935,0.205353,8.584571,63,26,0.868660
19,7,59,0.475806,0.119966,8.132861,65,26,0.186160
19,8,61,0.491935,0.087464,8.480117,63,25,0.135724
19,9,67,0.540323,0.054178,8.430703,57,20,0.084072
19,10,61,0.491935,0.130139,8.165335,63,29,0.201946
19,11,63,0.508065,0.108209,8.812179,61,24,0.167916
19,12,64,0.516129,0.216509,8.772148,60,22,0.335972
19,13,60,0.483871,0.058291,8.359720,64,27,0.090455
19,14,60,0.483871,0.117260,8.689660,64,29,0.181961
19,15,62,0.500000,0.000695,8.418217,62,30,0.001078
19,16,71,0.572581,0.136845,9.520343,53,21,0.212352
19,17,73,0.588710,0.257862,10.203145,51,21,0.400142
19,18,65,0.524194,0.116420,8.853822,59,24,0.180656
19,19,58,0.467742,0.039472,8.177918,66,28,0.061251
19,20,65,0.524194,0.128102,8.926667,59,23,0.198785
19,21,60,0.483871,0.000000,8.065544,64,28,0.000000
19,22,66,0.532258,0.176895,8.891918,58,23,0.824500
19,23,75,0.604839,0.218450,9.976147,49,20,0.338984
19,24,61,0.491935,0.138242,8.229997,63,28,0.214520
19,25,74,0.596774,0.213252,10.527249,50,23,0.330918
19,26,56,0.451613,0.129845,7.651770,68,36,0.201490
19,27,68,0.548387,0.183082,9.437349,56,22,0.284101
19,28,57,0.459677,0.000000,7.503364,67,30,0.000000
19,29,64,0.516129,0.065150,7.888798,60,26,0.101097
19,30,57,0.459677,0.145971,7.858224,67,39,0.226514
19,31,56,0.451613,0.053718,7.957435,68,43,0.083357
19,32,73,0.588710,0.247793,10.115858,51,21,0.384517
19,33,62,0.500000,0.171062,8.485449,62,25,0.265448
19,34,62,0.500000,0.240228,8.783677,62,24,0.372779
19,35,65,0.524194,0.104969,8.357274,59,23,0.162887
19,36,60,0.483871,0.064813,7.574287,64,30,0.100575
19,37,64,0.516129,0.122288,8.948801,60,23,0.189762
19,38,54,0.435484,0.197792,8.332834,70,47,0.306928
19,39,68,0.548387,0.135746,8.745741,56,24,0.210647
19,40,54,0.435484,0.128468,6.917337,70,46,0.199353
19,41,56,0.451613,0.196946,7.278665,68,30,0.855615
19,42,57,0.459677,0.084129,7.619969,67,31,0.130548
19,43,63,0.508065,0.096362,8.818842,61,24,0.149532
19,44,64,0.516129,0.130240,8.783082,60,25,0.202103
19,45,65,0.524194,0.249059,9.452571,59,25,0.386482
19,46,67,0.540323,0.200302,9.507334,57,25,0.310822
19,47,70,0.564516,0.113786,9.431274,54,23,0.176570
19,48,61,0.491935,0.087520,7.909750,63,25,0.135810
19,49,60,0.483871,0.064862,7.828907,64,24,0.100650
19,50,66,0.532258,0.204955,9.077097,58,22,0.318043
19,51,60,0.483871,0.175278,8.044912,64,25,0.271990
19,52,58,0.467742,0.000000,7.335735,66,33,0.000000
19,53,73,0.588710,0.241232,10.242562,51,21,0.374336
19,54,59,0.475806,0.173692,8.294989,65,30,0.269530
19,55,67,0.540323,0.113121,9.328918,57,22,0.175538
19,56,67,0.540323,0.115614,9.281579,57,23,0.179407
19,57,69,0.556452,0.215450,8.962551,55,22,0.334329
19,58,69,0.556452,0.214085,9.317545,55,21,0.332211
19,59,64,0.516129,0.105540,8.408145,60,23,0.163773
19,60,61,0.491935,0.179850,8.788935,63,25,0.279086
19,61,60,0.483871,0.126548,8.349138,64,29,0.196373
19,62,57,0.459677,0.069238,7.409882,67,38,0.107441
19,63,61,0.491935,0.116763,8.211583,63,25,0.181189
19,64,67,0.540323,0.201314,9.034822,57,26,0.312394
19,65,68,0.548387,0.186378,8.962908,56,21,0.289215
19,66,59,0.475806,0.110922,8.144567,65,27,0.172125
19,67,62,0.500000,0.167136,8.052194,62,22,0.259356
19,68,55,0.443548,0.146563,7.935237,69,37,0.777431
19,69,54,0.435484,0.097658,7.515766,70,43,0.151543
19,70,56,0.451613,0.000000,8.077604,68,30,0.000000
19,71,59,0.475806,0.249817,8.369678,65,26,0.387659
19,72,58,0.467742,0.121806,7.898209,66,29,0.189015
19,73,58,0.467742,0.060917,7.785000,66,43,0.094529
19,74,55,0.443548,0.104042,7.247719,69,41,0.161450
19,75,51,0.411290,0.029141,6.702681,73,63,0.045220
19,76,56,0.451613,0.134573,7.951037,68,26,0.208827
19,77,64,0.516129,0.207463,9.032286,60,21,0.321935
19,78,69,0.556452,0.000000,9.218185,55,23,0.000000
19,79,63,0.508065,0.040162,9.058550,61,26,0.062322
19,80,59,0.475806,0.063597,8.141322,65,34,0.098688
19,81,61,0.491935,0.108690,8.548950,63,26,0.168662
19,82,62,0.500000,0.114382,8.698288,62,24,0.177495
19,83,67,0.540323,0.289992,9.361918,57,24,0.450000
19,84,67,0.540323,0.175290,8.927457,57,23,0.822010
19,85,57,0.459677,0.170483,8.349311,67,40,0.264550
19,86,64,0.516129,0.106326,9.304507,60,27,0.164993
19,87,53,0.427419,0.032133,6.969408,71,60,0.049863
19,88,55,0.443548,0.115245,7.764654,69,34,0.178833
19,89,56,0.451613,0.130139,7.620919,68,32,0.201946
19,90,66,0.532258,0.121924,8.692189,58,26,0.189198
19,91,60,0.483871,0.129747,8.144522,64,30,0.201338
19,92,69,0.556452,0.115040,9.310645,55,26,0.178515
19,93,63,0.508065,0.206913,8.439384,61,23,0.321082
19,94,60,0.483871,0.170221,8.170441,64,27,0.264143
19,95,59,0.475806,0.036279,8.071363,65,35,0.056297
19,96,53,0.427419,0.075102,7.836921,71,35,0.116541
19,97,66,0.532258,0.220515,9.536780,58,27,0.342188
19,98,60,0.483871,0.128279,8.299144,64,27,0.199059
19,99,72,0.580645,0.267012,10.099907,52,21,0.414341
19,100,61,0.491935,0.144100,8.167155,63,22,0.223610
19,101,64,0.516129,0.118433,8.691913,60,24,0.183781
19,102,69,0.556452,0.272675,9.442710,55,21,0.423129
19,103,64,0.516129,0.212951,9.084672,60,26,0.330451
19,104,58,0.467742,0.074348,7.705198,66,25,0.115371
19,105,68,0.548387,0.257157,10.312973,56,23,0.399048
19,106,53,0.427419,0.036288,7.160779,71,73,0.056311
19,107,64,0.516129,0.114021,8.437848,60,22,0.726934
19,108,61,0.491935,0.108901,7.620359,63,28,0.168990
19,109,63,0.508065,0.142627,8.639707,61,25,0.221323
19,110,57,0.459677,0.132015,8.105322,67,29,0.204857
19,111,62,0.500000,0.158760,8.344701,62,26,0.246358
19,112,61,0.491935,0.166732,8.043891,63,29,0.258729
19,113,70,0.564516,0.220919,9.743222,54,23,0.892815
19,114,64,0.516129,0.085624,8.646905,60,24,0.132869
19,115,58,0.467742,0.103849,7.792370,66,29,0.161150
19,116,51,0.411290,0.151056,7.538918,73,65,0.234405
19,117,63,0.508065,0.070567,8.416707,61,24,0.109503
19,118,56,0.451613,0.072530,7.534003,68,36,0.112549
19,119,60,0.483871,0.147443,8.388709,64,27,0.228797
19,120,60,0.483871,0.191999,8.572175,64,29,0.297937
19,121,65,0.524194,0.094907,8.626381,59,22,0.147273
19,122,71,0.572581,0.200792,10.221756,53,22,0.311583
19,123,58,0.467742,0.090854,7.539096,66,31,0.140984
19,124,63,0.508065,0.118440,8.865621,61,24,0.183791
20,0,72,0.580645,0.233088,9.755241,52,21,0.368555
20,1,68,0.548387,0.073709,10.023566,56,27,0.116547
20,2,68,0.548387,0.076891,9.348076,56,24,0.121578
20,3,65,0.524194,0.066135,8.739109,59,23,0.104572
20,4,55,0.443548,0.155418,7.512235,69,31,0.245744
20,5,67,0.540323,0.257181,9.934003,57,26,0.406650
20,6,61,0.491935,0.154107,8.737258,63,27,0.243672
20,7,59,0.475806,0.130992,8.030058,65,26,0.207122
20,8,61,0.491935,0.159927,8.542576,63,25,0.252874
20,9,67,0.540323,0.070159,8.416639,57,20,0.110934
20,10,61,0.491935,0.162387,8.417660,63,29,0.256764
20,11,63,0.508065,0.154100,8.434342,61,24,0.243660
20,12,64,0.516129,0.120448,8.622928,60,22,0.190451
20,13,60,0.483871,0.098103,8.227521,64,27,0.155119
20,14,60,0.483871,0.134939,8.696817,64,29,0.213364
20,15,62,0.500000,0.079000,8.436013,62,30,0.124914
20,16,71,0.572581,0.146915,9.619853,53,21,0.232300
20,17,73,0.588710,0.237547,9.978425,51,21,0.375605
20,18,65,0.524194,0.088818,8.593288,59,24,0.140437
20,19,58,0.467742,0.056067,7.543144,66,28,0.088653
20,20,65,0.524194,0.110817,9.053347,59,23,0.175221
20,21,60,0.483871,0.108990,8.086104,64,28,0.172332
20,22,66,0.532258,0.152916,8.839695,58,24,0.241788
20,23,75,0.604839,0.198115,9.549695,49,20,0.313256
20,24,61,0.491935,0.107144,8.167538,63,28,0.169415
20,25,74,0.596774,0.252718,10.217776,50,23,0.399593
20,26,56,0.451613,0.083919,6.895237,68,36,0.132692
20,27,68,0.548387,0.186982,9.312782,56,22,0.295653
20,28,57,0.459677,0.002253,7.528466,67,30,0.003562
20,29,64,0.516129,0.047427,7.911013,60,26,0.074990
20,30,57,0.459677,0.126597,8.089614,67,39,0.200174
20,31,56,0.451613,0.098082,7.792097,68,43,0.155085
20,32,73,0.588710,0.207735,10.065938,51,21,0.328467
20,33,62,0.500000,0.221939,8.474437,62,25,0.350927
20,34,62,0.500000,0.126064,7.913693,62,24,0.199330
20,35,65,0.524194,0.154730,8.700754,59,23,0.244657
20,36,60,0.483871,0.084166,7.698576,64,30,0.683082
20,37,64,0.516129,0.114194,9.231942,60,23,0.180562
20,38,54,0.435484,0.124582,7.836469,70,47,0.196987
20,39,68,0.548387,0.178952,8.820896,56,24,0.282955
20,40,54,0.435484,0.081032,6.729970,70,46,0.128126
20,41,56,0.451613,0.114138,7.755543,68,31,0.180473
20,42,57,0.459677,0.135748,7.445800,67,31,0.214642
20,43,63,0.508065,0.084113,8.668894,61,24,0.132997
20,44,64,0.516129,0.126509,8.584822,60,25,0.200033
20,45,65,0.524194,0.236697,9.732722,59,25,0.374262
20,46,67,0.540323,0.209436,9.595606,57,25,0.331156
20,47,70,0.564516,0.172515,9.810893,54,23,0.272778
20,48,61,0.491935,0.156218,7.997209,63,25,0.247009
20,49,60,0.483871,0.086834,7.980550,64,24,0.137300
20,50,66,0.532258,0.177726,8.985639,58,22,0.281017
20,51,60,0.483871,0.207164,8.407381,64,25,0.877564
20,52,58,0.467742,0.017047,7.862008,66,33,0.026954
20,53,73,0.588710,0.174150,9.977627,51,21,0.275363
20,54,59,0.475806,0.175950,8.402186,65,30,0.278209
20,55,67,0.540323,0.084340,9.409668,57,22,0.133357
20,56,67,0.540323,0.148796,9.686001,57,23,0.235273
20,57,69,0.556452,0.218321,8.846753,55,22,0.345206
20,58,69,0.556452,0.202124,9.409930,55,21,0.869595
20,59,64,0.516129,0.171859,8.365714,60,23,0.821740
20,60,61,0.491935,0.157683,8.456294,63,25,0.249326
20,61,60,0.483871,0.053486,8.123269,64,29,0.084571
20,62,57,0.459677,0.104416,7.556079,67,38,0.165100
20,63,61,0.491935,0.154026,8.303089,63,25,0.243543
20,64,67,0.540323,0.203080,9.004404,57,26,0.321106
20,65,68,0.548387,0.161971,8.865813,56,21,0.806106
20,66,59,0.475806,0.083777,7.974038,65,27,0.132467
20,67,62,0.500000,0.238017,7.804514,62,22,0.376348
20,68,55,0.443548,0.039664,7.872539,69,38,0.062716
20,69,54,0.435484,0.132299,7.481451,70,43,0.209189
20,70,56,0.451613,0.033903,7.848026,68,30,0.053607
20,71,59,0.475806,0.266654,8.735681,65,26,0.421629
20,72,58,0.467742,0.124525,8.029534,66,29,0.196897
20,73,58,0.467742,0.079571,7.992544,66,43,0.125816
20,74,55,0.443548,0.141950,7.331797,69,41,0.224448
20,75,51,0.411290,0.000000,6.569439,73,63,0.000000
20,76,56,0.451613,0.226441,8.032279,68,26,0.358045
20,77,64,0.516129,0.155932,8.860473,60,21,0.246556
20,78,69,0.556452,0.020146,9.118584,55,23,0.031854
20,79,63,0.508065,0.054861,8.993376,61,26,0.086745
20,80,59,0.475806,0.152496,8.264619,65,34,0.241125
20,81,61,0.491935,0.104089,8.692700,63,26,0.164584
20,82,62,0.500000,0.129332,8.410508,62,24,0.204498
20,83,67,0.540323,0.258351,9.197619,57,24,0.958501
20,84,67,0.540323,0.128377,9.124563,57,24,0.202987
20,85,57,0.459677,0.164541,8.290449,67,40,0.810169
20,86,64,0.516129,0.054681,8.826260,60,27,0.086460
20,87,53,0.427419,0.057624,7.141466,71,60,0.091114
20,88,55,0.443548,0.124078,7.852393,69,34,0.196190
20,89,56,0.451613,0.132104,7.997500,68,32,0.208880
20,90,66,0.532258,0.238960,9.526444,58,26,0.377839
20,91,60,0.483871,0.011822,8.023459,64,30,0.018693
20,92,69,0.556452,0.067741,9.023132,55,26,0.107111
20,93,63,0.508065,0.260408,8.400109,61,23,0.411752
20,94,60,0.483871,0.129071,7.964802,64,27,0.204084
20,95,59,0.475806,0.076011,8.062173,65,35,0.120187
20,96,53,0.427419,0.037723,7.619354,71,35,0.059647
20,97,66,0.532258,0.123999,9.126238,58,27,0.196065
20,98,60,0.483871,0.101693,8.152889,64,27,0.160796
20,99,72,0.580645,0.284597,10.030521,52,21,0.450000
20,100,61,0.491935,0.143451,8.165742,63,22,0.226822
20,101,64,0.516129,0.108833,8.417539,60,24,0.172085
20,102,69,0.556452,0.210310,9.188261,55,21,0.332538
20,103,64,0.516129,0.208725,9.018953,60,26,0.330032
20,104,58,0.467742,0.137320,7.993386,66,25,0.767129
20,105,68,0.548387,0.237573,9.979424,56,23,0.375646
20,106,53,0.427419,0.055494,7.397620,71,73,0.087745
20,107,64,0.516129,0.076772,8.994016,60,23,0.121391
20,108,61,0.491935,0.072385,7.801944,63,28,0.114453
20,109,63,0.508065,0.123949,8.655243,61,25,0.195987
20,110,57,0.459677,0.214146,8.391181,67,29,0.338604
20,111,62,0.500000,0.233812,8.333423,62,26,0.369700
20,112,61,0.491935,0.108325,7.843184,63,29,0.171282
20,113,70,0.564516,0.178608,9.997073,54,24,0.282412
20,114,64,0.516129,0.145188,8.631045,60,24,0.229568
20,115,58,0.467742,0.085394,7.654557,66,29,0.135023
20,116,51,0.411290,0.087310,7.422605,73,65,0.138053
20,117,63,0.508065,0.085686,8.053380,61,24,0.135485
20,118,56,0.451613,0.000000,7.552773,68,36,0.000000
20,119,60,0.483871,0.168302,8.569458,64,27,0.266116
20,120,60,0.483871,0.123311,7.922822,64,29,0.194978
20,121,65,0.524194,0.142392,8.658931,59,22,0.225147
20,122,71,0.572581,0.166507,10.110597,53,22,0.263279
20,123,58,0.467742,0.132719,7.763466,66,31,0.209852
20,124,63,0.508065,0.120748,8.486818,61,24,0.190925
21,0,72,0.580645,0.264393,9.651000,52,21,0.418417
21,1,68,0.548387,0.023537,10.031957,56,27,0.037248
21,2,68,0.548387,0.095844,9.298185,56,24,0.151678
21,3,65,0.524194,0.119404,8.958016,59,23,0.188963
21,4,55,0.443548,0.133660,7.486409,69,31,0.211524
21,5,67,0.540323,0.177149,9.766003,57,26,0.280349
21,6,61,0.491935,0.160576,9.127597,63,27,0.254121
21,7,59,0.475806,0.090419,7.571580,65,26,0.143093
21,8,61,0.491935,0.132628,8.347546,63,25,0.209891
21,9,67,0.540323,0.089577,8.181250,57,20,0.141761
21,10,61,0.491935,0.147371,7.924575,63,29,0.233222
21,11,63,0.508065,0.148826,8.312419,61,24,0.235526
21,12,64,0.516129,0.167040,8.642989,60,22,0.264350
21,13,60,0.483871,0.105464,8.079413,64,27,0.166903
21,14,60,0.483871,0.076083,8.452361,64,29,0.120405
21,15,62,0.500000,0.090718,8.438493,62,30,0.143567
21,16,71,0.572581,0.140438,9.631024,53,21,0.222252
21,17,73,0.588710,0.226130,9.805697,51,21,0.357863
21,18,65,0.524194,0.061629,8.596173,59,24,0.097531
21,19,58,0.467742,0.093460,7.862615,66,28,0.147905
21,20,65,0.524194,0.148061,9.361147,59,23,0.234315
21,21,60,0.483871,0.123096,8.571445,64,28,0.194806
21,22,66,0.532258,0.190478,9.051138,58,24,0.301442
21,23,75,0.604839,0.226270,9.919287,49,20,0.358085
21,24,61,0.491935,0.122383,8.239911,63,28,0.193677
21,25,74,0.596774,0.207384,9.884033,50,23,0.328197
21,26,56,0.451613,0.157315,7.463749,68,36,0.248960
21,27,68,0.548387,0.147473,8.949444,56,22,0.233384
21,28,57,0.459677,0.000000,7.866130,67,30,0.000000
21,29,64,0.516129,0.058493,7.997385,60,26,0.092568
21,30,57,0.459677,0.075077,7.786098,67,39,0.118813
21,31,56,0.451613,0.099605,7.661757,68,43,0.157631
21,32,73,0.588710,0.231702,9.806797,51,21,0.366682
21,33,62,0.500000,0.132614,8.637363,62,25,0.209868
21,34,62,0.500000,0.166830,8.286118,62,24,0.264018
21,35,65,0.524194,0.178128,8.547359,59,23,0.281897
21,36,60,0.483871,0.032726,7.608765,64,31,0.051790
21,37,64,0.516129,0.172935,9.046150,60,23,0.273679
21,38,54,0.435484,0.168335,8.138173,70,47,0.266400
21,39,68,0.548387,0.191818,9.236718,56,24,0.303562
21,40,54,0.435484,0.123234,6.899134,70,46,0.195024
21,41,56,0.451613,0.138009,7.800114,68,31,0.218407
21,42,57,0.459677,0.093106,7.366303,67,31,0.147345
21,43,63,0.508065,0.194398,8.874268,61,24,0.307645
21,44,64,0.516129,0.207509,8.888521,60,25,0.878395
21,45,65,0.524194,0.202744,9.385246,59,25,0.320854
21,46,67,0.540323,0.243954,9.766634,57,25,0.386071
21,47,70,0.564516,0.157773,9.470470,54,23,0.249685
21,48,61,0.491935,0.187266,7.968747,63,25,0.846359
21,49,60,0.483871,0.119742,8.325766,64,24,0.189499
21,50,66,0.532258,0.248657,9.377062,58,22,0.393513
21,51,60,0.483871,0.160363,8.468945,64,26,0.253783
21,52,58,0.467742,0.024829,7.435131,66,33,0.039294
21,53,73,0.588710,0.118371,9.933133,51,21,0.187329
21,54,59,0.475806,0.216012,8.300434,65,30,0.891851
21,55,67,0.540323,0.055633,9.164824,57,22,0.088043
21,56,67,0.540323,0.174785,9.474685,57,23,0.276607
21,57,69,0.556452,0.110410,8.469775,55,22,0.174730
21,58,69,0.556452,0.170961,9.253152,55,22,0.270555
21,59,64,0.516129,0.199788,8.379716,60,24,0.316175
21,60,61,0.491935,0.145905,8.546759,63,25,0.230902
21,61,60,0.483871,0.069434,8.444806,64,29,0.109883
21,62,57,0.459677,0.144779,7.996449,67,38,0.229121
21,63,61,0.491935,0.115953,8.065392,63,25,0.733502
21,64,67,0.540323,0.178386,8.952829,57,26,0.282305
21,65,68,0.548387,0.126681,8.664711,56,22,0.200479
21,66,59,0.475806,0.101610,8.045897,65,27,0.160803
21,67,62,0.500000,0.206400,7.880347,62,22,0.326640
21,68,55,0.443548,0.032721,7.853564,69,38,0.051783
21,69,54,0.435484,0.129246,7.575054,70,43,0.204539
21,70,56,0.451613,0.007178,7.542195,68,30,0.011359
21,71,59,0.475806,0.234542,8.526803,65,26,0.371175
21,72,58,0.467742,0.211905,8.207056,66,29,0.335351
21,73,58,0.467742,0.059352,7.915268,66,43,0.093927
21,74,55,0.443548,0.114615,7.430131,69,41,0.181385
21,75,51,0.411290,0.002623,6.458898,73,63,0.004151
21,76,56,0.451613,0.199370,8.206260,68,26,0.315514
21,77,64,0.516129,0.132405,8.976054,60,21,0.209538
21,78,69,0.556452,0.142541,9.250507,55,23,0.225579
21,79,63,0.508065,0.111799,9.060956,61,26,0.176928
21,80,59,0.475806,0.072878,8.190167,65,34,0.115334
21,81,61,0.491935,0.051019,8.125635,63,26,0.080740
21,82,62,0.500000,0.151756,7.955732,62,24,0.240162
21,83,67,0.540323,0.164382,8.766280,57,25,0.260143
21,84,67,0.540323,0.087333,8.869555,57,24,0.138210
21,85,57,0.459677,0.093547,7.987718,67,41,0.148043
21,86,64,0.516129,0.019109,8.959898,60,27,0.030241
21,87,53,0.427419,0.022075,6.887953,71,60,0.034935
21,88,55,0.443548,0.081164,7.618129,69,34,0.128446
21,89,56,0.451613,0.140193,7.659546,68,32,0.221863
21,90,66,0.532258,0.242279,9.624493,58,26,0.933420
21,91,60,0.483871,0.054117,8.137564,64,30,0.085643
21,92,69,0.556452,0.103871,9.616941,55,26,0.164381
21,93,63,0.508065,0.229187,8.570241,61,23,0.362701
21,94,60,0.483871,0.092361,7.796764,64,27,0.696167
21,95,59,0.475806,0.112248,8.470589,65,35,0.177639
21,96,53,0.427419,0.024595,7.613609,71,35,0.038923
21,97,66,0.532258,0.164676,9.312387,58,27,0.260609
21,98,60,0.483871,0.102085,7.988974,64,27,0.711555
21,99,72,0.580645,0.284350,10.262481,52,21,0.450000
21,100,61,0.491935,0.127201,8.281151,63,22,0.201302
21,101,64,0.516129,0.065188,8.286057,60,24,0.103163
21,102,69,0.556452,0.274086,9.457518,55,21,0.433757
21,103,64,0.516129,0.156927,8.805038,60,26,0.248345
21,104,58,0.467742,0.051553,8.037487,66,26,0.081586
21,105,68,0.548387,0.231167,9.516615,56,23,0.365835
21,106,53,0.427419,0.057128,7.301461,71,73,0.090408
21,107,64,0.516129,0.080050,8.740462,60,23,0.126684
21,108,61,0.491935,0.017191,7.767055,63,28,0.027205
21,109,63,0.508065,0.226507,9.055203,61,25,0.358459
21,110,57,0.459677,0.242560,8.618102,67,29,0.383865
21,111,62,0.500000,0.158103,8.021374,62,26,0.250207
21,112,61,0.491935,0.210477,8.346002,63,29,0.883091
21,113,70,0.564516,0.177172,9.812405,54,24,0.280384
21,114,64,0.516129,0.205110,9.284323,60,24,0.324597
21,115,58,0.467742,0.120180,7.549082,66,29,0.190191
21,116,51,0.411290,0.089798,7.392005,73,65,0.142110
21,117,63,0.508065,0.112970,8.373311,61,24,0.178781
21,118,56,0.451613,0.000000,7.469299,68,36,0.000000
21,119,60,0.483871,0.248921,8.496969,64,27,0.393931
21,120,60,0.483871,0.094327,7.711564,64,29,0.149278
21,121,65,0.524194,0.164666,8.888169,59,22,0.260594
21,122,71,0.572581,0.164926,10.123253,53,22,0.261004
21,123,58,0.467742,0.116131,7.816375,66,31,0.183783
21,124,63,0.508065,0.070365,8.227169,61,24,0.111356
22,0,72,0.580645,0.301532,10.176991,52,21,0.389025
22,1,68,0.548387,0.068809,10.323379,56,27,0.088775
22,2,68,0.548387,0.104066,9.217847,56,24,0.134261
22,3,65,0.524194,0.105190,8.590055,59,23,0.135712
22,4,55,0.443548,0.176106,7.708988,69,31,0.227205
22,5,67,0.540323,0.231871,10.171742,57,26,0.299151
22,6,61,0.491935,0.170987,9.074493,63,27,0.220600
22,7,59,0.475806,0.136708,7.687049,65,26,0.176376
22,8,61,0.491935,0.060882,8.193908,63,25,0.078548
22,9,67,0.540323,0.152492,8.684968,57,20,0.196739
22,10,61,0.491935,0.168848,7.944010,63,29,0.217841
22,11,63,0.508065,0.179760,8.487741,61,24,0.231919
22,12,64,0.516129,0.112597,8.653862,60,22,0.145268
22,13,60,0.483871,0.157195,8.107555,64,27,0.202807
22,14,60,0.483871,0.196762,8.579092,64,29,0.253855
22,15,62,0.500000,0.088611,8.484727,62,30,0.114322
22,16,71,0.572581,0.123134,9.677141,53,21,0.158863
22,17,73,0.588710,0.226416,9.938628,51,21,0.842113
22,18,65,0.524194,0.108544,8.768200,59,24,0.140040
22,19,58,0.467742,0.068106,7.620376,66,28,0.087867
22,20,65,0.524194,0.147759,9.234769,59,23,0.190633
22,21,60,0.483871,0.097518,8.661821,64,28,0.125814
22,22,66,0.532258,0.198646,8.883428,58,24,0.256285
22,23,75,0.604839,0.195665,9.727066,49,20,0.252439
22,24,61,0.491935,0.110011,7.898252,63,28,0.141932
22,25,74,0.596774,0.238018,10.121956,50,23,0.307081
22,26,56,0.451613,0.142442,7.300317,68,36,0.183772
22,27,68,0.548387,0.130033,9.253179,56,22,0.167764
22,28,57,0.459677,0.010871,7.768007,67,30,0.014026
22,29,64,0.516129,0.072235,7.704425,60,26,0.093194
22,30,57,0.459677,0.090946,8.065708,67,39,0.117334
22,31,56,0.451613,0.092831,7.268405,68,43,0.119767
22,32,73,0.588710,0.205369,9.951933,51,21,0.264960
22,33,62,0.500000,0.187553,8.539739,62,25,0.241973
22,34,62,0.500000,0.159509,8.072507,62,24,0.205792
22,35,65,0.524194,0.167333,8.765019,59,23,0.215886
22,36,60,0.483871,0.093408,7.887614,64,31,0.120511
22,37,64,0.516129,0.176438,8.862992,60,23,0.777634
22,38,54,0.435484,0.149120,7.832124,70,47,0.192388
22,39,68,0.548387,0.160718,9.139535,56,24,0.207352
22,40,54,0.435484,0.110501,6.965160,70,46,0.142564
22,41,56,0.451613,0.141493,7.496152,68,31,0.182549
22,42,57,0.459677,0.070090,7.369886,67,31,0.090428
22,43,63,0.508065,0.189918,8.881473,61,24,0.245025
22,44,64,0.516129,0.164873,8.835019,60,26,0.212712
22,45,65,0.524194,0.155641,9.167410,59,25,0.200802
22,46,67,0.540323,0.255423,9.867728,57,25,0.879537
22,47,70,0.564516,0.151769,9.312058,54,23,0.195806
22,48,61,0.491935,0.153256,8.349215,63,26,0.197724
22,49,60,0.483871,0.127958,8.007399,64,24,0.165086
22,50,66,0.532258,0.172493,8.819546,58,22,0.222544
22,51,60,0.483871,0.139314,8.060088,64,26,0.179737
22,52,58,0.467742,0.000000,7.536215,66,33,0.000000
22,53,73,0.588710,0.208584,10.276365,51,21,0.269107
22,54,59,0.475806,0.160381,8.626881,65,31,0.206917
22,55,67,0.540323,0.000000,9.050353,57,22,0.000000
22,56,67,0.540323,0.233385,9.837593,57,23,0.301104
22,57,69,0.556452,0.134063,8.613846,55,22,0.722963
22,58,69,0.556452,0.200301,9.340912,55,22,0.258420
22,59,64,0.516129,0.157238,8.559109,60,24,0.202863
22,60,61,0.491935,0.143866,8.372166,63,25,0.185610
22,61,60,0.483871,0.091264,8.416913,64,29,0.117745
22,62,57,0.459677,0.103387,7.583683,67,38,0.133385
22,63,61,0.491935,0.098444,8.172440,63,26,0.127008
22,64,67,0.540323,0.175266,8.978873,57,26,0.776122
22,65,68,0.548387,0.132935,8.597955,56,22,0.171507
22,66,59,0.475806,0.069768,8.370537,65,27,0.090012
22,67,62,0.500000,0.179623,7.627728,62,22,0.231742
22,68,55,0.443548,0.029559,7.836365,69,38,0.038136
22,69,54,0.435484,0.134438,7.436811,70,43,0.173447
22,70,56,0.451613,0.000000,7.715143,68,30,0.000000
22,71,59,0.475806,0.287036,8.710155,65,26,0.370323
22,72,58,0.467742,0.184233,7.572555,66,29,0.237690
22,73,58,0.467742,0.029732,7.851370,66,43,0.038359
22,74,55,0.443548,0.081313,7.226346,69,41,0.104907
22,75,51,0.411290,0.000000,6.448557,73,63,0.000000
22,76,56,0.451613,0.166776,7.954781,68,26,0.215168
22,77,64,0.516129,0.122147,8.867331,60,21,0.157589
22,78,69,0.556452,0.132007,9.023129,55,23,0.170310
22,79,63,0.508065,0.093113,9.047840,61,26,0.120131
22,80,59,0.475806,0.062382,8.234008,65,34,0.080483
22,81,61,0.491935,0.099155,8.254111,63,26,0.127926
22,82,62,0.500000,0.142248,8.235883,62,24,0.183523
22,83,67,0.540323,0.137524,8.815590,57,25,0.177428
22,84,67,0.540323,0.095753,8.518684,57,24,0.123537
22,85,57,0.459677,0.110203,8.007549,67,41,0.142179
22,86,64,0.516129,0.000000,8.964811,60,27,0.000000
22,87,53,0.427419,0.016597,6.929772,71,60,0.021413
22,88,55,0.443548,0.105600,7.871470,69,34,0.136240
22,89,56,0.451613,0.168848,7.811835,68,32,0.767841
22,90,66,0.532258,0.230197,9.672064,58,27,0.296991
22,91,60,0.483871,0.057303,8.666117,64,30,0.073931
22,92,69,0.556452,0.087741,9.599298,55,26,0.113200
22,93,63,0.508065,0.260635,8.908307,61,23,0.336261
22,94,60,0.483871,0.080934,7.684284,64,28,0.104417
22,95,59,0.475806,0.198602,8.531141,65,35,0.256229
22,96,53,0.427419,0.057563,7.639649,71,35,0.074265
22,97,66,0.532258,0.203971,9.704038,58,27,0.263156
22,98,60,0.483871,0.045912,7.945398,64,28,0.059233
22,99,72,0.580645,0.302429,10.255262,52,21,0.390183
22,100,61,0.491935,0.147940,8.082809,63,22,0.190867
22,101,64,0.516129,0.092065,8.365229,60,24,0.118778
22,102,69,0.556452,0.348794,9.828585,55,21,0.450000
22,103,64,0.516129,0.230229,9.115630,60,26,0.297032
22,104,58,0.467742,0.029078,8.160104,66,26,0.037515
22,105,68,0.548387,0.220591,9.698299,56,23,0.284598
22,106,53,0.427419,0.056686,6.992578,71,73,0.073134
22,107,64,0.516129,0.071773,9.012769,60,23,0.092599
22,108,61,0.491935,0.000000,7.844218,63,28,0.000000
22,109,63,0.508065,0.214098,8.985382,61,25,0.826221
22,110,57,0.459677,0.220744,8.436970,67,29,0.284795
22,111,62,0.500000,0.133463,8.111251,62,26,0.172188
22,112,61,0.491935,0.066005,8.288963,63,30,0.085157
22,113,70,0.564516,0.115683,9.989992,54,24,0.149249
22,114,64,0.516129,0.144729,8.855629,60,24,0.186724
22,115,58,0.467742,0.173535,7.656646,66,29,0.223888
22,116,51,0.411290,0.012862,7.334470,73,65,0.016594
22,117,63,0.508065,0.061843,8.255274,61,24,0.079787
22,118,56,0.451613,0.000000,7.577283,68,36,0.000000
22,119,60,0.483871,0.257321,8.769872,64,27,0.331985
22,120,60,0.483871,0.154286,8.168332,64,29,0.199054
22,121,65,0.524194,0.151760,8.566723,59,22,0.195795
22,122,71,0.572581,0.268409,10.406227,53,22,0.346291
22,123,58,0.467742,0.101471,7.950468,66,31,0.130913
22,124,63,0.508065,0.045020,8.067553,61,24,0.058084
23,0,72,0.580645,0.279910,10.001119,52,21,0.383919
23,1,68,0.548387,0.131778,10.111632,56,27,0.180046
23,2,68,0.548387,0.133129,9.078307,56,24,0.181904
23,3,65,0.524194,0.176161,8.893745,59,23,0.241130
23,4,55,0.443548,0.259859,7.903425,69,31,0.906323
23,5,67,0.540323,0.227048,9.911269,57,26,0.311166
23,6,61,0.491935,0.151956,8.813831,63,27,0.207816
23,7,59,0.475806,0.092127,7.676213,65,26,0.125473
23,8,61,0.491935,0.096775,8.067816,63,25,0.131870
23,9,67,0.540323,0.166522,8.743500,57,20,0.227864
23,10,61,0.491935,0.190615,7.767822,63,29,0.261022
23,11,63,0.508065,0.227776,8.416509,61,24,0.312167
23,12,64,0.516129,0.092662,8.773452,60,22,0.126209
23,13,60,0.483871,0.237458,8.662976,64,27,0.875492
23,14,60,0.483871,0.141365,8.136446,64,29,0.193239
23,15,62,0.500000,0.125084,8.496531,62,30,0.170832
23,16,71,0.572581,0.065740,9.506732,53,21,0.089157
23,17,73,0.588710,0.252709,9.956895,51,22,0.896483
23,18,65,0.524194,0.090597,8.763305,59,24,0.123368
23,19,58,0.467742,0.151628,7.576991,66,28,0.207364
23,20,65,0.524194,0.164902,8.995466,59,23,0.225633
23,21,60,0.483871,0.069624,8.084919,64,28,0.094503
23,22,66,0.532258,0.158290,8.429455,58,24,0.216533
23,23,75,0.604839,0.223919,9.650969,49,20,0.306859
23,24,61,0.491935,0.076574,7.938214,63,28,0.104068
23,25,74,0.596774,0.177826,9.746027,50,23,0.243421
23,26,56,0.451613,0.068498,7.394300,68,36,0.092953
23,27,68,0.548387,0.087391,8.876869,56,22,0.118956
23,28,57,0.459677,0.032610,7.393981,67,30,0.043560
23,29,64,0.516129,0.102371,7.682997,60,26,0.139572
23,30,57,0.459677,0.110454,7.992297,67,39,0.150696
23,31,56,0.451613,0.029843,7.330733,68,43,0.039751
23,32,73,0.588710,0.240644,9.668938,51,21,0.329877
23,33,62,0.500000,0.200693,8.312357,62,25,0.824893
23,34,62,0.500000,0.204146,8.369736,62,24,0.279645
23,35,65,0.524194,0.083818,8.373453,59,23,0.114037
23,36,60,0.483871,0.159563,8.008551,64,31,0.218286
23,37,64,0.516129,0.111500,8.968241,60,24,0.152136
23,38,54,0.435484,0.153124,7.811481,70,47,0.209424
23,39,68,0.548387,0.199912,9.312416,56,24,0.273818
23,40,54,0.435484,0.113486,7.250675,70,46,0.154870
23,41,56,0.451613,0.139377,7.520234,68,31,0.190503
23,42,57,0.459677,0.054605,7.417439,67,31,0.073831
23,43,63,0.508065,0.171221,8.817529,61,24,0.234331
23,44,64,0.516129,0.134816,8.806993,60,26,0.184226
23,45,65,0.524194,0.164504,9.245540,59,25,0.225086
23,46,67,0.540323,0.213361,9.528856,57,26,0.292328
23,47,70,0.564516,0.144690,9.409271,54,23,0.197816
23,48,61,0.491935,0.138070,8.221218,63,26,0.188705
23,49,60,0.483871,0.085129,7.907268,64,24,0.115842
23,50,66,0.532258,0.239281,8.713192,58,22,0.328001
23,51,60,0.483871,0.094344,7.848472,64,26,0.128525
23,52,58,0.467742,0.010007,7.466286,66,33,0.012452
23,53,73,0.588710,0.171478,9.971364,51,21,0.234684
23,54,59,0.475806,0.175107,8.384878,65,31,0.239678
23,55,67,0.540323,0.003767,9.214992,57,22,0.003863
23,56,67,0.540323,0.234811,9.580703,57,23,0.321849
23,57,69,0.556452,0.102802,8.917458,55,23,0.140166
23,58,69,0.556452,0.106230,8.844607,55,22,0.144883
23,59,64,0.516129,0.203127,8.694324,60,24,0.278243
23,60,61,0.491935,0.125135,8.213107,63,25,0.170902
23,61,60,0.483871,0.069822,8.400223,64,29,0.094775
23,62,57,0.459677,0.111943,7.329065,67,38,0.702746
23,63,61,0.491935,0.108943,8.228700,63,26,0.148618
23,64,67,0.540323,0.113165,8.760356,57,27,0.154428
23,65,68,0.548387,0.104378,8.742005,56,22,0.142334
23,66,59,0.475806,0.073240,8.352637,65,27,0.099479
23,67,62,0.500000,0.217494,7.594704,62,22,0.848016
23,68,55,0.443548,0.058175,7.508016,69,38,0.078746
23,69,54,0.435484,0.070024,7.307096,70,43,0.095053
23,70,56,0.451613,0.079684,7.925158,68,30,0.108348
23,71,59,0.475806,0.314314,8.875694,65,26,0.431269
23,72,58,0.467742,0.098488,7.339001,66,29,0.134228
23,73,58,0.467742,0.006894,7.545418,66,43,0.008167
23,74,55,0.443548,0.107274,7.194444,69,41,0.146321
23,75,51,0.411290,0.047719,6.906511,73,63,0.064355
23,76,56,0.451613,0.291799,8.374946,68,26,0.400283
23,77,64,0.516129,0.097380,8.593408,60,21,0.132704
23,78,69,0.556452,0.101221,9.443111,55,23,0.137989
23,79,63,0.508065,0.121832,8.865744,61,26,0.166357
23,80,59,0.475806,0.051411,7.838566,65,34,0.069436
23,81,61,0.491935,0.093756,8.504347,63,26,0.127716
23,82,62,0.500000,0.137370,8.074484,62,24,0.737741
23,83,67,0.540323,0.196910,9.419400,57,25,0.269686
23,84,67,0.540323,0.147873,8.778330,57,24,0.202196
23,85,57,0.459677,0.121993,8.044696,67,41,0.166577
23,86,64,0.516129,0.000960,8.991349,60,27,0.000000
23,87,53,0.427419,0.038827,6.801231,71,60,0.052117
23,88,55,0.443548,0.114019,8.222422,69,34,0.155604
23,89,56,0.451613,0.110931,7.635704,68,33,0.151353
23,90,66,0.532258,0.210592,9.619888,58,27,0.288517
23,91,60,0.483871,0.044590,8.803523,64,30,0.060048
23,92,69,0.556452,0.099774,9.566480,55,26,0.135997
23,93,63,0.508065,0.250590,8.890443,61,23,0.343566
23,94,60,0.483871,0.108318,7.763163,64,28,0.147757
23,95,59,0.475806,0.154149,8.440584,65,35,0.210834
23,96,53,0.427419,0.095822,7.552755,71,35,0.130559
23,97,66,0.532258,0.159729,9.318102,58,27,0.218513
23,98,60,0.483871,0.072832,7.622094,64,28,0.098918
23,99,72,0.580645,0.327923,10.461552,52,21,0.450000
23,100,61,0.491935,0.172657,8.174212,63,22,0.236307
23,101,64,0.516129,0.102653,8.361991,60,24,0.139960
23,102,69,0.556452,0.304439,9.706528,55,21,0.417678
23,103,64,0.516129,0.192598,9.342370,60,26,0.263752
23,104,58,0.467742,0.013456,7.865832,66,26,0.017198
23,105,68,0.548387,0.183196,9.382549,56,23,0.250811
23,106,53,0.427419,0.043911,6.492643,71,73,0.059114
23,107,64,0.516129,0.030136,8.778500,60,23,0.040155
23,108,61,0.491935,0.023128,7.941753,63,28,0.030510
23,109,63,0.508065,0.095533,8.556532,61,26,0.130160
23,110,57,0.459677,0.204576,8.146146,67,29,0.280237
23,111,62,0.500000,0.209927,8.271398,62,26,0.287602
23,112,61,0.491935,0.051322,8.262670,63,30,0.069313
23,113,70,0.564516,0.054335,9.477386,54,24,0.073460
23,114,64,0.516129,0.135760,8.673053,60,24,0.185526
23,115,58,0.467742,0.206639,7.758624,66,29,0.283076
23,116,51,0.411290,0.033363,7.432514,73,65,0.044597
23,117,63,0.508065,0.083062,8.333905,61,24,0.112998
23,118,56,0.451613,0.070084,7.698905,68,36,0.095136
23,119,60,0.483871,0.288662,8.782345,64,27,0.395965
23,120,60,0.483871,0.185939,7.935663,64,29,0.254587
23,121,65,0.524194,0.052897,8.134906,59,22,0.621481
23,122,71,0.572581,0.275476,10.424494,53,22,0.377816
23,123,58,0.467742,0.163276,7.952336,66,31,0.223396
23,124,63,0.508065,0.014361,7.906148,61,24,0.018444
24,0,72,0.580645,0.281282,10.166550,52,21,0.388509
24,1,68,0.548387,0.156056,10.175247,56,27,0.215545
24,2,68,0.548387,0.121633,9.093535,56,24,0.168001
24,3,65,0.524194,0.195593,8.784509,59,23,0.270155
24,4,55,0.443548,0.188981,8.005537,69,32,0.261022
24,5,67,0.540323,0.249910,10.250995,57,26,0.345178
24,6,61,0.491935,0.148245,8.801579,63,27,0.204757
24,7,59,0.475806,0.109664,7.165721,65,26,0.151469
24,8,61,0.491935,0.055946,8.087416,63,25,0.077274
24,9,67,0.540323,0.251843,8.938036,57,20,0.897848
24,10,61,0.491935,0.142265,7.591230,63,29,0.196498
24,11,63,0.508065,0.250279,8.238089,61,24,0.895688
24,12,64,0.516129,0.106750,8.668070,60,22,0.147444
24,13,60,0.483871,0.161330,8.586378,64,28,0.222830
24,14,60,0.483871,0.094266,8.149149,64,29,0.130201
24,15,62,0.500000,0.114946,8.439130,62,30,0.158764
24,16,71,0.572581,0.110101,9.436835,53,21,0.152072
24,17,73,0.588710,0.118917,9.905791,51,23,0.164249
24,18,65,0.524194,0.114057,9.041734,59,24,0.157537
24,19,58,0.467742,0.114114,7.619798,66,28,0.157616
24,20,65,0.524194,0.190685,9.299319,59,23,0.263376
24,21,60,0.483871,0.057231,8.102639,64,28,0.079048
24,22,66,0.532258,0.189935,8.696643,58,24,0.262339
24,23,75,0.604839,0.216614,9.948823,49,20,0.299189
24,24,61,0.491935,0.053969,8.057059,63,28,0.074543
24,25,74,0.596774,0.204915,10.032100,50,23,0.283030
24,26,56,0.451613,0.112241,7.334540,68,36,0.155027
24,27,68,0.548387,0.072656,9.158352,56,22,0.100352
24,28,57,0.459677,0.000000,7.577418,67,30,0.000000
24,29,64,0.516129,0.064980,7.516072,60,26,0.089752
24,30,57,0.459677,0.115909,7.892459,67,39,0.160094
24,31,56,0.451613,0.032062,7.296639,68,43,0.044285
24,32,73,0.588710,0.244902,9.873399,51,21,0.338260
24,33,62,0.500000,0.162666,8.597141,62,26,0.224675
24,34,62,0.500000,0.171695,8.280808,62,24,0.787146
24,35,65,0.524194,0.089126,8.356468,59,23,0.123102
24,36,60,0.483871,0.077763,7.866997,64,31,0.107407
24,37,64,0.516129,0.153946,9.188144,60,24,0.212631
24,38,54,0.435484,0.183305,7.862250,70,47,0.253182
24,39,68,0.548387,0.193173,9.513353,56,24,0.266812
24,40,54,0.435484,0.161327,7.205455,70,46,0.222826
24,41,56,0.451613,0.151270,7.436831,68,31,0.758935
24,42,57,0.459677,0.000000,7.236025,67,31,0.000000
24,43,63,0.508065,0.188285,9.016456,61,24,0.260060
24,44,64,0.516129,0.144650,8.844869,60,26,0.199791
24,45,65,0.524194,0.199791,8.976375,59,25,0.275953
24,46,67,0.540323,0.174869,9.659089,57,26,0.241530
24,47,70,0.564516,0.195831,9.368961,54,23,0.270483
24,48,61,0.491935,0.173925,8.137314,63,26,0.240226
24,49,60,0.483871,0.070224,7.720370,64,24,0.096994
24,50,66,0.532258,0.229844,8.534735,58,22,0.317463
24,51,60,0.483871,0.103645,7.833573,64,26,0.143156
24,52,58,0.467742,0.000000,7.380418,66,33,0.000000
24,53,73,0.588710,0.185741,10.148582,51,21,0.256547
24,54,59,0.475806,0.182047,8.306302,65,31,0.251444
24,55,67,0.540323,0.046724,9.479237,57,22,0.064536
24,56,67,0.540323,0.267996,9.488137,57,23,0.370158
24,57,69,0.556452,0.088840,8.917655,55,23,0.122707
24,58,69,0.556452,0.104994,8.791589,55,22,0.145018
24,59,64,0.516129,0.202919,8.510124,60,24,0.280274
24,60,61,0.491935,0.163120,8.558462,63,25,0.775302
24,61,60,0.483871,0.128820,8.245445,64,29,0.177927
24,62,57,0.459677,0.047893,7.290425,67,39,0.066150
24,63,61,0.491935,0.101777,7.994926,63,26,0.140574
24,64,67,0.540323,0.156876,8.785668,57,27,0.216679
24,65,68,0.548387,0.200669,8.745687,56,22,0.277165
24,66,59,0.475806,0.099376,8.085508,65,27,0.137258
24,67,62,0.500000,0.174354,7.884055,62,23,0.240819
24,68,55,0.443548,0.083758,7.888346,69,38,0.115687
24,69,54,0.435484,0.078304,7.218093,70,43,0.108154
24,70,56,0.451613,0.021240,7.796121,68,30,0.029336
24,71,59,0.475806,0.266557,8.573682,65,26,0.368170
24,72,58,0.467742,0.122058,7.166726,66,29,0.168588
24,73,58,0.467742,0.020947,7.531274,66,43,0.028932
24,74,55,0.443548,0.061217,6.912235,69,41,0.084553
24,75,51,0.411290,0.044270,6.836243,73,63,0.061146
24,76,56,0.451613,0.146437,7.944795,68,26,0.202260
24,77,64,0.516129,0.122786,9.032086,60,21,0.169593
24,78,69,0.556452,0.040171,8.961988,55,23,0.055484
24,79,63,0.508065,0.108642,8.849251,61,26,0.150057
24,80,59,0.475806,0.058656,7.968532,65,34,0.081017
24,81,61,0.491935,0.071969,8.541425,63,26,0.099404
24,82,62,0.500000,0.145860,8.145973,62,25,0.201463
24,83,67,0.540323,0.222429,9.084515,57,25,0.307220
24,84,67,0.540323,0.123491,8.669115,57,24,0.170566
24,85,57,0.459677,0.061452,7.594489,67,41,0.084878
24,86,64,0.516129,0.046990,9.141984,60,27,0.064904
24,87,53,0.427419,0.044904,6.654821,71,60,0.062022
24,88,55,0.443548,0.125024,8.040249,69,34,0.172684
24,89,56,0.451613,0.139971,7.801058,68,33,0.193330
24,90,66,0.532258,0.132318,9.392773,58,27,0.182759
24,91,60,0.483871,0.094919,8.775736,64,30,0.131103
24,92,69,0.556452,0.159671,9.510443,55,26,0.770538
24,93,63,0.508065,0.257651,8.942906,61,23,0.355869
24,94,60,0.483871,0.130341,7.685446,64,28,0.180028
24,95,59,0.475806,0.129134,8.959783,65,35,0.178360
24,96,53,0.427419,0.100254,7.620559,71,35,0.138472
24,97,66,0.532258,0.241994,9.763273,58,27,0.334244
24,98,60,0.483871,0.005857,7.301276,64,28,0.008090
24,99,72,0.580645,0.285798,10.536974,52,21,0.394746
24,100,61,0.491935,0.203073,8.315822,63,22,0.280486
24,101,64,0.516129,0.116238,8.658107,60,24,0.160549
24,102,69,0.556452,0.310602,9.428340,55,21,0.429005
24,103,64,0.516129,0.206803,9.242479,60,26,0.285637
24,104,58,0.467742,0.026129,7.892095,66,26,0.036089
24,105,68,0.548387,0.282660,9.671372,56,23,0.390412
24,106,53,0.427419,0.030625,6.531356,71,73,0.042299
24,107,64,0.516129,0.082817,8.870077,60,23,0.114387
24,108,61,0.491935,0.000446,7.859621,63,28,0.000616
24,109,63,0.508065,0.166580,8.715472,61,26,0.230081
24,110,57,0.459677,0.242034,8.510799,67,29,0.884299
24,111,62,0.500000,0.116115,8.096577,62,26,0.160379
24,112,61,0.491935,0.129086,8.357371,63,30,0.178294
24,113,70,0.564516,0.031504,9.698018,54,24,0.043514
24,114,64,0.516129,0.122987,8.922936,60,24,0.169870
24,115,58,0.467742,0.212688,8.220909,66,29,0.293765
24,116,51,0.411290,0.000000,7.309206,73,65,0.000000
24,117,63,0.508065,0.087866,8.522320,61,24,0.121361
24,118,56,0.451613,0.036157,7.816978,68,36,0.049941
24,119,60,0.483871,0.265610,8.663290,64,27,0.366862
24,120,60,0.483871,0.190884,8.287452,64,29,0.263650
24,121,65,0.524194,0.000000,8.157390,59,23,0.000000
24,122,71,0.572581,0.325802,10.900288,53,22,0.450000
24,123,58,0.467742,0.115907,7.746982,66,31,0.160091
24,124,63,0.508065,0.038518,8.106640,61,24,0.053201
25,0,72,0.580645,0.312115,10.155747,52,21,0.441259
25,1,68,0.548387,0.154634,10.141475,56,27,0.218617
25,2,68,0.548387,0.158632,9.363938,56,24,0.224269
25,3,65,0.524194,0.194211,8.563417,59,23,0.274570
25,4,55,0.443548,0.144473,7.852208,69,32,0.204252
25,5,67,0.540323,0.210412,10.186251,57,26,0.297475
25,6,61,0.491935,0.119094,8.750859,63,27,0.168372
25,7,59,0.475806,0.136898,7.283886,65,26,0.193543
25,8,61,0.491935,0.166694,8.554849,63,25,0.235668
25,9,67,0.540323,0.180159,8.860263,57,21,0.254704
25,10,61,0.491935,0.181273,8.062537,63,29,0.256279
25,11,63,0.508065,0.230412,8.582007,61,25,0.325750
25,12,64,0.516129,0.133484,8.770141,60,22,0.188716
25,13,60,0.483871,0.157184,8.269295,64,28,0.222222
25,14,60,0.483871,0.094873,8.219458,64,29,0.134128
25,15,62,0.500000,0.172549,8.558462,62,30,0.243945
25,16,71,0.572581,0.123747,9.437903,53,21,0.174951
25,17,73,0.588710,0.172029,10.161733,51,23,0.243211
25,18,65,0.524194,0.097964,8.583949,59,24,0.138499
25,19,58,0.467742,0.124529,7.689832,66,28,0.176055
25,20,65,0.524194,0.195412,9.157383,59,23,0.276268
25,21,60,0.483871,0.096656,8.220804,64,28,0.136650
25,22,66,0.532258,0.228307,8.856810,58,24,0.322774
25,23,75,0.604839,0.234113,10.044921,49,20,0.330983
25,24,61,0.491935,0.085443,8.291646,63,28,0.120796
25,25,74,0.596774,0.213813,10.228854,50,23,0.302282
25,26,56,0.451613,0.102953,7.294388,68,36,0.145552
25,27,68,0.548387,0.133700,9.428624,56,22,0.189022
25,28,57,0.459677,0.003266,7.710472,67,30,0.004618
25,29,64,0.516129,0.065579,7.440933,60,26,0.642713
25,30,57,0.459677,0.064464,7.735122,67,39,0.091137
25,31,56,0.451613,0.067829,7.563130,68,43,0.095895
25,32,73,0.588710,0.265509,9.892812,51,21,0.925370
25,33,62,0.500000,0.194866,8.793808,62,26,0.275497
25,34,62,0.500000,0.072157,7.810804,62,25,0.102014
25,35,65,0.524194,0.087498,8.415394,59,23,0.123702
25,36,60,0.483871,0.102853,7.900590,64,31,0.145411
25,37,64,0.516129,0.101412,9.118540,60,24,0.143374
25,38,54,0.435484,0.190983,8.000762,70,47,0.270007
25,39,68,0.548387,0.164945,9.170156,56,24,0.233195
25,40,54,0.435484,0.107020,6.875619,70,46,0.151302
25,41,56,0.451613,0.116316,7.503633,68,32,0.164445
25,42,57,0.459677,0.054939,7.588027,67,31,0.077672
25,43,63,0.508065,0.214371,8.520336,61,24,0.853072
25,44,64,0.516129,0.198186,8.853727,60,26,0.280190
25,45,65,0.524194,0.181497,8.931290,59,25,0.256596
25,46,67,0.540323,0.207658,9.825873,57,26,0.293581
25,47,70,0.564516,0.166988,9.503151,54,23,0.236083
25,48,61,0.491935,0.158486,8.186247,63,26,0.224063
25,49,60,0.483871,0.194266,8.149421,64,24,0.274648
25,50,66,0.532258,0.232167,8.767840,58,22,0.328231
25,51,60,0.483871,0.144936,7.845210,64,26,0.204906
25,52,58,0.467742,0.000000,7.398500,66,33,0.000000
25,53,73,0.588710,0.218986,10.471143,51,21,0.309596
25,54,59,0.475806,0.190870,8.362135,65,31,0.819848
25,55,67,0.540323,0.025560,9.355972,57,22,0.036136
25,56,67,0.540323,0.300367,9.943063,57,23,0.424651
25,57,69,0.556452,0.065801,8.591359,55,23,0.093028
25,58,69,0.556452,0.180626,9.018559,55,22,0.805364
25,59,64,0.516129,0.166042,8.268256,60,24,0.234745
25,60,61,0.491935,0.114276,8.747193,63,26,0.161560
25,61,60,0.483871,0.112227,8.266120,64,29,0.158664
25,62,57,0.459677,0.019862,7.123222,67,39,0.028080
25,63,61,0.491935,0.099462,8.068666,63,26,0.140616
25,64,67,0.540323,0.186531,9.108133,57,27,0.263712
25,65,68,0.548387,0.164901,8.644788,56,22,0.233133
25,66,59,0.475806,0.139988,8.238602,65,27,0.197911
25,67,62,0.500000,0.157099,7.777703,62,23,0.222103
25,68,55,0.443548,0.061881,7.722999,69,38,0.087485
25,69,54,0.435484,0.083305,7.151601,70,43,0.117774
25,70,56,0.451613,0.037112,7.792952,68,30,0.052467
25,71,59,0.475806,0.256603,8.588264,65,26,0.362779
25,72,58,0.467742,0.172055,7.511497,66,29,0.243247
25,73,58,0.467742,0.000000,7.668830,66,43,0.000000
25,74,55,0.443548,0.057042,7.269519,69,41,0.080644
25,75,51,0.411290,0.031466,6.566369,73,63,0.044486
25,76,56,0.451613,0.144796,7.560473,68,26,0.204709
25,77,64,0.516129,0.097054,8.797196,60,21,0.137213
25,78,69,0.556452,0.096998,8.668544,55,23,0.137134
25,79,63,0.508065,0.012213,8.774190,61,26,0.017266
25,80,59,0.475806,0.090379,8.080379,65,34,0.127775
25,81,61,0.491935,0.156040,8.536588,63,26,0.220606
25,82,62,0.500000,0.154487,8.489760,62,25,0.218410
25,83,67,0.540323,0.178568,8.708087,57,25,0.252455
25,84,67,0.540323,0.116455,8.740489,57,24,0.164641
25,85,57,0.459677,0.031150,7.419717,67,41,0.044039
25,86,64,0.516129,0.000000,8.799097,60,27,0.000000
25,87,53,0.427419,0.067749,6.878834,71,60,0.095781
25,88,55,0.443548,0.126345,8.179092,69,34,0.178623
25,89,56,0.451613,0.112657,8.116391,68,33,0.159272
25,90,66,0.532258,0.101225,9.308066,58,27,0.143109
25,91,60,0.483871,0.079771,8.611413,64,30,0.112778
25,92,69,0.556452,0.078338,9.068251,55,27,0.110753
25,93,63,0.508065,0.272578,8.735041,61,23,0.385364
25,94,60,0.483871,0.063612,7.348489,64,28,0.089933
25,95,59,0.475806,0.112773,8.644328,65,35,0.159435
25,96,53,0.427419,0.053236,7.414386,71,35,0.075264
25,97,66,0.532258,0.202322,9.338387,58,27,0.286038
25,98,60,0.483871,0.089998,7.644978,64,28,0.127236
25,99,72,0.580645,0.286876,10.218605,52,21,0.405577
25,100,61,0.491935,0.235473,8.310021,63,22,0.332905
25,101,64,0.516129,0.079556,8.481102,60,24,0.112473
25,102,69,0.556452,0.258431,9.491453,55,21,0.365363
25,103,64,0.516129,0.159198,8.933576,60,26,0.225070
25,104,58,0.467742,0.030924,8.229256,66,26,0.043719
25,105,68,0.548387,0.254415,9.475847,56,23,0.359684
25,106,53,0.427419,0.056527,6.878581,71,73,0.079916
25,107,64,0.516129,0.119656,8.992521,60,23,0.169167
25,108,61,0.491935,0.019137,7.701708,63,28,0.027056
25,109,63,0.508065,0.153911,8.653456,61,26,0.217595
25,110,57,0.459677,0.208341,8.349332,67,30,0.294548
25,111,62,0.500000,0.085378,8.071126,62,26,0.120706
25,112,61,0.491935,0.098161,8.167093,63,30,0.138778
25,113,70,0.564516,0.093818,9.864633,54,24,0.132637
25,114,64,0.516129,0.040747,8.392343,60,24,0.057607
25,115,58,0.467742,0.183050,7.799126,66,29,0.808791
25,116,51,0.411290,0.000000,7.489605,73,65,0.000000
25,117,63,0.508065,0.093869,8.534053,61,24,0.132710
25,118,56,0.451613,0.110882,8.024708,68,36,0.156762
25,119,60,0.483871,0.251715,8.363443,64,27,0.905868
25,120,60,0.483871,0.123597,8.178479,64,29,0.174737
25,121,65,0.524194,0.000000,8.276416,59,23,0.000000
25,122,71,0.572581,0.318297,10.615394,53,22,0.450000
25,123,58,0.467742,0.131784,7.896938,66,31,0.186313
25,124,63,0.508065,0.035080,8.007641,61,24,0.049595
26,0,72,0.580645,0.319740,10.471909,52,21,0.390028
26,1,68,0.548387,0.236101,9.956722,56,27,0.288004
26,2,68,0.548387,0.073042,8.811938,56,24,0.089099
26,3,65,0.524194,0.159825,8.768979,59,23,0.194959
26,4,55,0.443548,0.153741,7.920601,69,32,0.187538
26,5,67,0.540323,0.207973,10.224585,57,26,0.253692
26,6,61,0.491935,0.064933,8.204562,63,27,0.079207
26,7,59,0.475806,0.210588,7.858143,65,26,0.806881
26,8,61,0.491935,0.150083,8.434757,63,25,0.183076
26,9,67,0.540323,0.181751,9.026035,57,21,0.221705
26,10,61,0.491935,0.095375,7.774030,63,29,0.116341
26,11,63,0.508065,0.226278,8.336626,61,25,0.276021
26,12,64,0.516129,0.180408,8.872682,60,22,0.220067
26,13,60,0.483871,0.179301,8.434425,64,28,0.218717
26,14,60,0.483871,0.127033,8.329722,64,29,0.154959
26,15,62,0.500000,0.171114,8.834053,62,30,0.208730
26,16,71,0.572581,0.156939,9.538701,53,21,0.191439
26,17,73,0.588710,0.166657,9.941542,51,23,0.203294
26,18,65,0.524194,0.162654,8.618154,59,24,0.198411
26,19,58,0.467742,0.094242,7.803448,66,28,0.114959
26,20,65,0.524194,0.164614,9.378499,59,23,0.200801
26,21,60,0.483871,0.100769,8.395397,64,28,0.122921
26,22,66,0.532258,0.226236,9.008372,58,24,0.275970
26,23,75,0.604839,0.292558,10.237948,49,20,0.356872
26,24,61,0.491935,0.077977,8.123721,63,28,0.095119
26,25,74,0.596774,0.245549,10.502074,50,23,0.299528
26,26,56,0.451613,0.084045,7.352799,68,36,0.102521
26,27,68,0.548387,0.111730,9.280892,56,22,0.136291
26,28,57,0.459677,0.064374,7.958212,67,30,0.078525
26,29,64,0.516129,0.059290,7.252105,60,27,0.072324
26,30,57,0.459677,0.097612,7.657331,67,39,0.119071
26,31,56,0.451613,0.017762,7.226069,68,43,0.021667
26,32,73,0.588710,0.216622,9.991401,51,22,0.264242
26,33,62,0.500000,0.191414,8.735503,62,26,0.783492
26,34,62,0.500000,0.124399,8.237393,62,25,0.151745
26,35,65,0.524194,0.045840,8.379797,59,23,0.055917
26,36,60,0.483871,0.051009,7.881832,64,31,0.062223
26,37,64,0.516129,0.083257,9.025763,60,24,0.101560
26,38,54,0.435484,0.117476,7.623388,70,47,0.143300
26,39,68,0.548387,0.090987,9.052790,56,24,0.110989
26,40,54,0.435484,0.115245,7.003149,70,46,0.690579
26,41,56,0.451613,0.119738,7.336635,68,32,0.146060
26,42,57,0.459677,0.021341,7.175590,67,31,0.026032
26,43,63,0.508065,0.096794,8.395287,61,25,0.118073
26,44,64,0.516129,0.096038,8.471546,60,26,0.117150
26,45,65,0.524194,0.256857,9.498110,59,25,0.313322
26,46,67,0.540323,0.239643,9.796296,57,26,0.292324
26,47,70,0.564516,0.212486,9.714087,54,23,0.259197
26,48,61,0.491935,0.148990,7.890432,63,26,0.181743
26,49,60,0.483871,0.091060,8.183864,64,24,0.111078
26,50,66,0.532258,0.210752,8.564203,58,22,0.807082
26,51,60,0.483871,0.095434,7.526492,64,26,0.116413
26,52,58,0.467742,0.000000,7.421414,66,33,0.000000
26,53,73,0.588710,0.265554,10.508032,51,21,0.323931
26,54,59,0.475806,0.148746,8.215390,65,32,0.181445
26,55,67,0.540323,0.143944,9.457761,57,22,0.175587
26,56,67,0.540323,0.229736,9.523147,57,23,0.280239
26,57,69,0.556452,0.179391,9.272157,55,23,0.218827
26,58,69,0.556452,0.093647,9.144099,55,23,0.114234
26,59,64,0.516129,0.218291,8.643104,60,24,0.816278
26,60,61,0.491935,0.137092,8.716262,63,26,0.167229
26,61,60,0.483871,0.082844,8.264373,64,29,0.101056
26,62,57,0.459677,0.013487,7.129772,67,39,0.016451
26,63,61,0.491935,0.133098,8.332574,63,26,0.162357
26,64,67,0.540323,0.166463,8.765159,57,27,0.203057
26,65,68,0.548387,0.171878,8.538835,56,22,0.209662
26,66,59,0.475806,0.175583,8.194792,65,27,0.214182
26,67,62,0.500000,0.159825,7.918065,62,23,0.744959
26,68,55,0.443548,0.104525,8.234726,69,38,0.127503
26,69,54,0.435484,0.090878,7.262571,70,43,0.110856
26,70,56,0.451613,0.000000,7.419235,68,30,0.000000
26,71,59,0.475806,0.206152,8.291871,65,26,0.251471
26,72,58,0.467742,0.150872,7.404856,66,29,0.184038
26,73,58,0.467742,0.075262,7.970457,66,43,0.091807
26,74,55,0.443548,0.064131,6.821592,69,41,0.078230
26,75,51,0.411290,0.091930,7.189013,73,63,0.112140
26,76,56,0.451613,0.065851,7.663979,68,26,0.080327
26,77,64,0.516129,0.117128,8.819488,60,21,0.142876
26,78,69,0.556452,0.059615,8.950161,55,23,0.072720
26,79,63,0.508065,0.091066,8.989142,61,26,0.111085
26,80,59,0.475806,0.133987,7.924818,65,34,0.163442
26,81,61,0.491935,0.131830,8.567406,63,26,0.160810
26,82,62,0.500000,0.124399,8.191975,62,25,0.151746
26,83,67,0.540323,0.225288,9.095531,57,25,0.274813
26,84,67,0.540323,0.112474,9.139850,57,24,0.137200
26,85,57,0.459677,0.062741,7.460765,67,41,0.076533
26,86,64,0.516129,0.000000,8.749425,60,27,0.000000
26,87,53,0.427419,0.074509,7.024692,71,60,0.090889
26,88,55,0.443548,0.081137,7.934816,69,34,0.098974
26,89,56,0.451613,0.128439,8.008149,68,33,0.156674
26,90,66,0.532258,0.158202,9.177471,58,27,0.192980
26,91,60,0.483871,0.064747,8.337725,64,30,0.078981
26,92,69,0.556452,0.087506,9.096766,55,27,0.106742
26,93,63,0.508065,0.276320,8.527588,61,23,0.337064
26,94,60,0.483871,0.207731,7.982672,64,28,0.253397
26,95,59,0.475806,0.118349,8.584169,65,35,0.144366
26,96,53,0.427419,0.080963,7.406972,71,35,0.098761
26,97,66,0.532258,0.248205,9.726426,58,27,0.302769
26,98,60,0.483871,0.036374,7.756914,64,28,0.044370
26,99,72,0.580645,0.324766,10.347399,52,21,0.396159
26,100,61,0.491935,0.232872,8.024919,63,22,0.284065
26,101,64,0.516129,0.008164,8.787674,60,24,0.009958
26,102,69,0.556452,0.235596,9.441093,55,21,0.287388
26,103,64,0.516129,0.163291,9.093947,60,26,0.199187
26,104,58,0.467742,0.081712,8.320849,66,26,0.099675
26,105,68,0.548387,0.205007,9.502460,56,23,0.800073
26,106,53,0.427419,0.074418,7.272677,71,73,0.090777
26,107,64,0.516129,0.165455,8.953454,60,23,0.201827
26,108,61,0.491935,0.071330,7.860824,63,28,0.087010
26,109,63,0.508065,0.036149,8.365090,61,26,0.044096
26,110,57,0.459677,0.123237,8.293805,67,30,0.150328
26,111,62,0.500000,0.056441,7.831531,62,26,0.068849
26,112,61,0.491935,0.070820,7.747752,63,30,0.086388
26,113,70,0.564516,0.052898,9.701960,54,24,0.064527
26,114,64,0.516129,0.099481,8.674366,60,24,0.121350
26,115,58,0.467742,0.166331,8.296307,66,30,0.202895
26,116,51,0.411290,0.000180,7.437125,73,65,0.000219
26,117,63,0.508065,0.140816,8.593266,61,24,0.171772
26,118,56,0.451613,0.064593,7.687087,68,36,0.078792
26,119,60,0.483871,0.218570,8.249284,64,28,0.266618
26,120,60,0.483871,0.147477,8.149808,64,29,0.179897
26,121,65,0.524194,0.011177,8.112131,59,23,0.013633
26,122,71,0.572581,0.368904,10.746197,53,22,0.450000
26,123,58,0.467742,0.116089,7.939881,66,31,0.141609
26,124,63,0.508065,0.101308,8.441269,61,24,0.123579
27,0,72,0.580645,0.326485,10.409136,52,21,0.448454
27,1,68,0.548387,0.149576,9.766147,56,27,0.205455
27,2,68,0.548387,0.090124,8.766901,56,24,0.123793
27,3,65,0.524194,0.131044,8.274024,59,23,0.179999
27,4,55,0.443548,0.157209,8.320768,69,32,0.215939
27,5,67,0.540323,0.159321,10.103439,57,26,0.218840
27,6,61,0.491935,0.070553,8.391875,63,27,0.096910
27,7,59,0.475806,0.198144,7.973062,65,27,0.272167
27,8,61,0.491935,0.158573,9.053271,63,25,0.217813
27,9,67,0.540323,0.165456,8.523146,57,21,0.227268
27,10,61,0.491935,0.139413,7.890847,63,29,0.191495
27,11,63,0.508065,0.220964,8.680492,61,25,0.303512
27,12,64,0.516129,0.314211,8.978577,60,22,0.981594
27,13,60,0.483871,0.115431,8.340629,64,28,0.158553
27,14,60,0.483871,0.195082,8.698995,64,29,0.267961
27,15,62,0.500000,0.156758,8.653189,62,30,0.215320
27,16,71,0.572581,0.173820,9.675603,53,21,0.238756
27,17,73,0.588710,0.181595,10.058720,51,23,0.249435
27,18,65,0.524194,0.192840,8.488781,59,24,0.814882
27,19,58,0.467742,0.104990,7.952415,66,28,0.144212
27,20,65,0.524194,0.191640,9.203551,59,23,0.263234
27,21,60,0.483871,0.034151,8.365784,64,28,0.046909
27,22,66,0.532258,0.205959,8.677235,58,24,0.282902
27,23,75,0.604839,0.223085,9.986503,49,20,0.306425
27,24,61,0.491935,0.093107,8.074493,63,28,0.127890
27,25,74,0.596774,0.151494,10.070256,50,23,0.208089
27,26,56,0.451613,0.121612,7.832455,68,36,0.167044
27,27,68,0.548387,0.081839,8.955811,56,22,0.112413
27,28,57,0.459677,0.056806,8.009705,67,30,0.078028
27,29,64,0.516129,0.023499,7.294801,60,27,0.032278
27,30,57,0.459677,0.095170,7.653202,67,39,0.130723
27,31,56,0.451613,0.021395,7.354255,68,43,0.029387
27,32,73,0.588710,0.198209,10.302478,51,22,0.272256
27,33,62,0.500000,0.190772,8.773238,62,27,0.262041
27,34,62,0.500000,0.138386,7.980007,62,25,0.190084
27,35,65,0.524194,0.043561,8.354244,59,23,0.059834
27,36,60,0.483871,0.058823,8.102325,64,31,0.080798
27,37,64,0.516129,0.036153,8.444279,60,24,0.049659
27,38,54,0.435484,0.150656,7.963093,70,47,0.206938
27,39,68,0.548387,0.066079,8.900083,56,24,0.090765
27,40,54,0.435484,0.064900,7.067599,70,47,0.089145
27,41,56,0.451613,0.134661,7.175663,68,32,0.184968
27,42,57,0.459677,0.000000,7.349118,67,31,0.000000
27,43,63,0.508065,0.098325,7.971711,61,25,0.685057
27,44,64,0.516129,0.168718,8.595769,60,26,0.231748
27,45,65,0.524194,0.249390,8.993200,59,25,0.892557
27,46,67,0.540323,0.271504,9.780915,57,26,0.372933
27,47,70,0.564516,0.222961,9.724383,54,23,0.306255
27,48,61,0.491935,0.131750,8.080704,63,26,0.180970
27,49,60,0.483871,0.133118,8.098522,64,24,0.182848
27,50,66,0.532258,0.211527,9.080188,58,23,0.290550
27,51,60,0.483871,0.152802,7.449350,64,26,0.209886
27,52,58,0.467742,0.000000,7.303623,66,33,0.000000
27,53,73,0.588710,0.297677,10.580690,51,21,0.408884
27,54,59,0.475806,0.113834,8.001491,65,32,0.156361
27,55,67,0.540323,0.144107,9.152497,57,22,0.197943
27,56,67,0.540323,0.245204,9.462215,57,23,0.336807
27,57,69,0.556452,0.126137,8.558389,55,23,0.173259
27,58,69,0.556452,0.163461,9.328900,55,23,0.224527
27,59,64,0.516129,0.076682,8.600994,60,25,0.105330
27,60,61,0.491935,0.103942,8.414846,63,26,0.142772
27,61,60,0.483871,0.090831,8.408001,64,29,0.124764
27,62,57,0.459677,0.046111,7.169779,67,39,0.063337
27,63,61,0.491935,0.120406,8.539665,63,26,0.165388
27,64,67,0.540323,0.200929,9.177949,57,27,0.275992
27,65,68,0.548387,0.198244,8.325202,56,22,0.272304
27,66,59,0.475806,0.209688,8.085089,65,27,0.838023
27,67,62,0.500000,0.083361,7.607579,62,24,0.114503
27,68,55,0.443548,0.064324,7.858723,69,38,0.088354
27,69,54,0.435484,0.120111,7.497341,70,43,0.164982
27,70,56,0.451613,0.011994,7.678328,68,30,0.016475
27,71,59,0.475806,0.228083,8.379898,65,26,0.313290
27,72,58,0.467742,0.121971,7.497367,66,29,0.167537
27,73,58,0.467742,0.055830,8.132658,66,43,0.076687
27,74,55,0.443548,0.088710,7.158914,69,41,0.121850
27,75,51,0.411290,0.052921,6.656088,73,63,0.072692
27,76,56,0.451613,0.163626,7.858459,68,26,0.774753
27,77,64,0.516129,0.132507,8.738507,60,21,0.182009
27,78,69,0.556452,0.128746,8.773369,55,23,0.176844
27,79,63,0.508065,0.049117,8.922227,61,26,0.067466
27,80,59,0.475806,0.121492,8.222769,65,34,0.166880
27,81,61,0.491935,0.174631,8.465492,63,26,0.239870
27,82,62,0.500000,0.132820,8.765948,62,25,0.182439
27,83,67,0.540323,0.257891,9.319071,57,25,0.354234
27,84,67,0.540323,0.085332,9.042592,57,24,0.117210
27,85,57,0.459677,0.092097,7.247173,67,41,0.126503
27,86,64,0.516129,0.000545,8.567303,60,27,0.000748
27,87,53,0.427419,0.039481,7.046497,71,60,0.054230
27,88,55,0.443548,0.062541,7.922286,69,34,0.085905
27,89,56,0.451613,0.111275,8.028540,68,33,0.152845
27,90,66,0.532258,0.169815,8.978893,58,27,0.233255
27,91,60,0.483871,0.107949,8.634452,64,30,0.148277
27,92,69,0.556452,0.115104,9.076215,55,27,0.158104
27,93,63,0.508065,0.227231,8.526871,61,23,0.312120
27,94,60,0.483871,0.157443,7.763989,64,28,0.216261
27,95,59,0.475806,0.116060,8.647058,65,35,0.709417
27,96,53,0.427419,0.036994,7.164921,71,35,0.050814
27,97,66,0.532258,0.228827,9.783402,58,27,0.314312
27,98,60,0.483871,0.100534,7.902361,64,28,0.138091
27,99,72,0.580645,0.327611,10.282672,52,21,0.450000
27,100,61,0.491935,0.162348,7.401531,63,22,0.222999
27,101,64,0.516129,0.043045,8.707592,60,24,0.059125
27,102,69,0.556452,0.299558,9.807980,55,21,0.411467
27,103,64,0.516129,0.132194,8.929201,60,26,0.181580
27,104,58,0.467742,0.000000,8.009357,66,26,0.000000
27,105,68,0.548387,0.174613,9.437112,56,24,0.239846
27,106,53,0.427419,0.137896,7.330437,71,73,0.189411
27,107,64,0.516129,0.192430,8.952318,60,23,0.264318
27,108,61,0.491935,0.078300,7.788317,63,28,0.107551
27,109,63,0.508065,0.072408,8.481819,61,26,0.099458
27,110,57,0.459677,0.121487,7.859182,67,30,0.166872
27,111,62,0.500000,0.023028,7.990528,62,26,0.031630
27,112,61,0.491935,0.037499,7.766250,63,30,0.051508
27,113,70,0.564516,0.089533,9.578930,54,24,0.122981
27,114,64,0.516129,0.086861,8.771092,60,24,0.119311
27,115,58,0.467742,0.166344,7.869824,66,30,0.228486
27,116,51,0.411290,0.021150,7.662172,73,65,0.029052
27,117,63,0.508065,0.139195,8.715601,61,24,0.191195
27,118,56,0.451613,0.146071,7.337824,68,36,0.200640
27,119,60,0.483871,0.236328,8.549433,64,28,0.324616
27,120,60,0.483871,0.153869,8.154659,64,29,0.211352
27,121,65,0.524194,0.092702,8.413542,59,23,0.127333
27,122,71,0.572581,0.314271,10.510662,53,22,0.431677
27,123,58,0.467742,0.144032,7.982943,66,31,0.197839
27,124,63,0.508065,0.010695,8.307559,61,24,0.014690
28,0,72,0.580645,0.307058,10.248520,52,21,0.386751
28,1,68,0.548387,0.188056,10.033727,56,27,0.236863
28,2,68,0.548387,0.083151,8.613556,56,24,0.104732
28,3,65,0.524194,0.160999,8.469450,59,23,0.202784
28,4,55,0.443548,0.145625,7.832995,69,32,0.183421
28,5,67,0.540323,0.146268,10.197560,57,26,0.184229
28,6,61,0.491935,0.081621,8.271356,63,27,0.102805
28,7,59,0.475806,0.217622,7.769484,65,27,0.824103
28,8,61,0.491935,0.134918,8.662415,63,25,0.169934
28,9,67,0.540323,0.225804,9.128750,57,21,0.284408
28,10,61,0.491935,0.155907,7.694699,63,29,0.196371
28,11,63,0.508065,0.233958,8.671589,61,25,0.294678
28,12,64,0.516129,0.165853,8.605823,60,23,0.208897
28,13,60,0.483871,0.213600,8.510408,64,28,0.269037
28,14,60,0.483871,0.139263,8.561312,64,29,0.175407
28,15,62,0.500000,0.148683,8.549559,62,30,0.187272
28,16,71,0.572581,0.108347,9.483222,53,21,0.136467
28,17,73,0.588710,0.187453,10.117667,51,23,0.236104
28,18,65,0.524194,0.167847,8.598471,59,25,0.211409
28,19,58,0.467742,0.092440,7.770107,66,28,0.116431
28,20,65,0.524194,0.176235,9.068858,59,23,0.221974
28,21,60,0.483871,0.056869,8.295066,64,28,0.071629
28,22,66,0.532258,0.226277,8.843882,58,24,0.285004
28,23,75,0.604839,0.237248,10.109759,49,20,0.298822
28,24,61,0.491935,0.119850,8.098222,63,28,0.150956
28,25,74,0.596774,0.224818,10.258728,50,23,0.283167
28,26,56,0.451613,0.180559,7.783658,68,36,0.227421
28,27,68,0.548387,0.116290,9.348239,56,22,0.146472
28,28,57,0.459677,0.075605,7.958042,67,30,0.095227
28,29,64,0.516129,0.086150,7.491829,60,27,0.108509
28,30,57,0.459677,0.079692,7.716151,67,39,0.100375
28,31,56,0.451613,0.000000,7.448466,68,43,0.000000
28,32,73,0.588710,0.224365,10.107930,51,22,0.282596
28,33,62,0.500000,0.167114,8.695773,62,27,0.210486
28,34,62,0.500000,0.137850,8.093806,62,25,0.173627
28,35,65,0.524194,0.068919,8.290866,59,23,0.086806
28,36,60,0.483871,0.112623,7.928897,64,31,0.141853
28,37,64,0.516129,0.091953,8.775688,60,24,0.115818
28,38,54,0.435484,0.139620,7.733688,70,47,0.175857
28,39,68,0.548387,0.033639,9.272704,56,24,0.042369
28,40,54,0.435484,0.022924,6.977892,70,47,0.028873
28,41,56,0.451613,0.110390,7.296278,68,32,0.139041
28,42,57,0.459677,0.000290,7.239213,67,31,0.000366
28,43,63,0.508065,0.050295,8.066061,61,26,0.063348
28,44,64,0.516129,0.122986,8.609163,60,26,0.154906
28,45,65,0.524194,0.214798,9.328525,59,26,0.820546
28,46,67,0.540323,0.251914,9.804105,57,26,0.317295
28,47,70,0.564516,0.222435,9.835288,54,23,0.280165
28,48,61,0.491935,0.147005,8.118184,63,26,0.185159
28,49,60,0.483871,0.099422,7.971524,64,24,0.125226
28,50,66,0.532258,0.191240,8.658988,58,23,0.240874
28,51,60,0.483871,0.124442,7.576122,64,26,0.156740
28,52,58,0.467742,0.000000,7.302297,66,33,0.000000
28,53,73,0.588710,0.263504,10.625137,51,21,0.331893
28,54,59,0.475806,0.167493,8.317542,65,32,0.210964
28,55,67,0.540323,0.068165,8.796485,57,22,0.085856
28,56,67,0.540323,0.275486,9.386881,57,23,0.346985
28,57,69,0.556452,0.146858,8.964962,55,23,0.184973
28,58,69,0.556452,0.132478,9.181186,55,23,0.166861
28,59,64,0.516129,0.128226,8.357494,60,25,0.161505
28,60,61,0.491935,0.045001,8.291038,63,26,0.056680
28,61,60,0.483871,0.078851,8.395175,64,29,0.099316
28,62,57,0.459677,0.047000,7.197140,67,39,0.059199
28,63,61,0.491935,0.158839,8.174869,63,26,0.200063
28,64,67,0.540323,0.128122,8.777229,57,27,0.161375
28,65,68,0.548387,0.217900,8.699208,56,22,0.274453
28,66,59,0.475806,0.163188,8.403440,65,28,0.205541
28,67,62,0.500000,0.078931,7.708222,62,24,0.099416
28,68,55,0.443548,0.045526,7.912379,69,38,0.057342
28,69,54,0.435484,0.122561,7.259250,70,43,0.704370
28,70,56,0.451613,0.000000,7.796218,68,30,0.000000
28,71,59,0.475806,0.256806,8.608432,65,26,0.323457
28,72,58,0.467742,0.178328,7.371444,66,29,0.224611
28,73,58,0.467742,0.082102,7.979867,66,43,0.103411
28,74,55,0.443548,0.081746,7.039124,69,41,0.102962
28,75,51,0.411290,0.049500,6.887369,73,63,0.062347
28,76,56,0.451613,0.106857,7.970538,68,27,0.134590
28,77,64,0.516129,0.113536,8.743166,60,21,0.143003
28,78,69,0.556452,0.179884,8.965907,55,23,0.226571
28,79,63,0.508065,0.065622,9.000589,61,26,0.082654
28,80,59,0.475806,0.066782,7.959473,65,34,0.084115
28,81,61,0.491935,0.170450,8.254828,63,26,0.214688
28,82,62,0.500000,0.097448,8.170390,62,25,0.122739
28,83,67,0.540323,0.188657,8.819154,57,25,0.237620
28,84,67,0.540323,0.080862,9.123194,57,24,0.101849
28,85,57,0.459677,0.080857,7.620628,67,41,0.101842
28,86,64,0.516129,0.000000,8.357518,60,27,0.000000
28,87,53,0.427419,0.093695,7.256943,71,60,0.118013
28,88,55,0.443548,0.108226,8.013015,69,34,0.686315
28,89,56,0.451613,0.139627,8.021071,68,33,0.175865
28,90,66,0.532258,0.141763,8.895645,58,27,0.178556
28,91,60,0.483871,0.131171,8.668850,64,30,0.165215
28,92,69,0.556452,0.068369,8.930894,55,27,0.086114
28,93,63,0.508065,0.253051,8.799890,61,23,0.318727
28,94,60,0.483871,0.176376,7.866511,64,28,0.222152
28,95,59,0.475806,0.131163,8.685756,65,36,0.165205
28,96,53,0.427419,0.086344,7.417789,71,35,0.108753
28,97,66,0.532258,0.253570,9.520887,58,27,0.319381
28,98,60,0.483871,0.030102,8.085315,64,28,0.037914
28,99,72,0.580645,0.309676,10.015102,52,21,0.390049
28,100,61,0.491935,0.200185,7.896272,63,22,0.252141
28,101,64,0.516129,0.009506,8.640224,60,24,0.011973
28,102,69,0.556452,0.325211,9.856058,55,21,0.959615
28,103,64,0.516129,0.158460,9.106755,60,26,0.199586
28,104,58,0.467742,0.014817,8.325660,66,26,0.018663
28,105,68,0.548387,0.193944,9.270642,56,24,0.244279
28,106,53,0.427419,0.059403,7.045269,71,73,0.074820
28,107,64,0.516129,0.230244,9.122551,60,23,0.290001
28,108,61,0.491935,0.078431,7.832438,63,28,0.098787
28,109,63,0.508065,0.054073,8.232019,61,26,0.068107
28,110,57,0.459677,0.178628,7.955649,67,30,0.224989
28,111,62,0.500000,0.014675,7.707048,62,26,0.018484
28,112,61,0.491935,0.055435,7.840277,63,30,0.069822
28,113,70,0.564516,0.079453,9.827654,54,24,0.100074
28,114,64,0.516129,0.079981,8.363573,60,24,0.100739
28,115,58,0.467742,0.148017,8.133949,66,30,0.186433
28,116,51,0.411290,0.000000,7.292722,73,65,0.000000
28,117,63,0.508065,0.154924,8.862856,61,24,0.195132
28,118,56,0.451613,0.098463,7.617911,68,36,0.124018
28,119,60,0.483871,0.191202,8.317378,64,28,0.240826
28,120,60,0.483871,0.201192,8.319897,64,29,0.803409
28,121,65,0.524194,0.062828,8.400269,59,23,0.079135
28,122,71,0.572581,0.357274,10.327956,53,22,0.450000
28,123,58,0.467742,0.114516,8.015952,66,31,0.694238
28,124,63,0.508065,0.123109,8.395992,61,24,0.155060
29,0,72,0.580645,0.286535,10.103116,52,21,0.408202
29,1,68,0.548387,0.129967,10.027260,56,27,0.185153
29,2,68,0.548387,0.134145,8.994256,56,24,0.191105
29,3,65,0.524194,0.228628,8.840208,59,23,0.325708
29,4,55,0.443548,0.120889,8.158408,69,32,0.172221
29,5,67,0.540323,0.151339,10.019065,57,26,0.215600
29,6,61,0.491935,0.112469,8.359327,63,27,0.160225
29,7,59,0.475806,0.052593,7.722649,65,28,0.074925
29,8,61,0.491935,0.204357,8.617573,63,25,0.291131
29,9,67,0.540323,0.170478,8.635262,57,21,0.242866
29,10,61,0.491935,0.146904,7.369460,63,29,0.209282
29,11,63,0.508065,0.157848,8.707460,61,25,0.224873
29,12,64,0.516129,0.254883,9.019033,60,23,0.363111
29,13,60,0.483871,0.149412,8.383551,64,28,0.212855
29,14,60,0.483871,0.124308,8.435820,64,29,0.177092
29,15,62,0.500000,0.171310,8.705007,62,30,0.244050
29,16,71,0.572581,0.159203,9.511686,53,21,0.226803
29,17,73,0.588710,0.238202,10.192700,51,23,0.339346
29,18,65,0.524194,0.121229,8.383927,59,25,0.172704
29,19,58,0.467742,0.068396,7.670997,66,28,0.097438
29,20,65,0.524194,0.242061,9.161046,59,23,0.344844
29,21,60,0.483871,0.087166,8.345850,64,28,0.124178
29,22,66,0.532258,0.239639,8.790332,58,24,0.341394
29,23,75,0.604839,0.299742,10.148848,49,20,0.977018
29,24,61,0.491935,0.127902,8.356782,63,28,0.182212
29,25,74,0.596774,0.135004,9.835947,50,23,0.192329
29,26,56,0.451613,0.137294,7.902257,68,36,0.195591
29,27,68,0.548387,0.168275,9.278854,56,22,0.239727
29,28,57,0.459677,0.099272,8.065320,67,30,0.141425
29,29,64,0.516129,0.071178,7.452291,60,27,0.651401
29,30,57,0.459677,0.102459,7.862502,67,39,0.145964
29,31,56,0.451613,0.025245,7.526925,68,43,0.035964
29,32,73,0.588710,0.184116,9.733549,51,22,0.262295
29,33,62,0.500000,0.122085,8.155281,62,27,0.173925
29,34,62,0.500000,0.190863,8.500484,62,25,0.271906
29,35,65,0.524194,0.026689,8.220779,59,23,0.038021
29,36,60,0.483871,0.046276,7.767523,64,31,0.065925
29,37,64,0.516129,0.045895,9.141838,60,24,0.065383
29,38,54,0.435484,0.135271,8.104156,70,47,0.192710
29,39,68,0.548387,0.083615,8.945195,56,24,0.119120
29,40,54,0.435484,0.037984,7.150436,70,47,0.054112
29,41,56,0.451613,0.124644,7.380604,68,32,0.177570
29,42,57,0.459677,0.028335,7.456117,67,31,0.040366
29,43,63,0.508065,0.096006,8.348162,61,26,0.136771
29,44,64,0.516129,0.132769,8.523521,60,26,0.189145
29,45,65,0.524194,0.158868,8.925782,59,27,0.226326
29,46,67,0.540323,0.265423,9.862343,57,26,0.378126
29,47,70,0.564516,0.114823,9.181947,54,23,0.163579
29,48,61,0.491935,0.132513,7.936586,63,26,0.188781
29,49,60,0.483871,0.129546,7.934477,64,24,0.184553
29,50,66,0.532258,0.235805,8.751045,58,23,0.335932
29,51,60,0.483871,0.031351,7.455883,64,26,0.044663
29,52,58,0.467742,0.000000,7.218089,66,33,0.000000
29,53,73,0.588710,0.256002,10.223256,51,21,0.364705
29,54,59,0.475806,0.224617,8.371570,65,32,0.319993
29,55,67,0.540323,0.050929,8.733045,57,22,0.072554
29,56,67,0.540323,0.237093,9.379465,57,23,0.887767
29,57,69,0.556452,0.179595,8.760861,55,23,0.255854
29,58,69,0.556452,0.122503,9.029755,55,23,0.724519
29,59,64,0.516129,0.215207,8.754001,60,25,0.856588
29,60,61,0.491935,0.095148,8.334295,63,26,0.135550
29,61,60,0.483871,0.047139,8.201512,64,29,0.067155
29,62,57,0.459677,0.092635,7.128563,67,39,0.131969
29,63,61,0.491935,0.092836,8.209561,63,26,0.132256
29,64,67,0.540323,0.146832,8.948611,57,27,0.209180
29,65,68,0.548387,0.192728,8.651460,56,22,0.274564
29,66,59,0.475806,0.100990,8.354973,65,28,0.143872
29,67,62,0.500000,0.107493,7.605125,62,24,0.153136
29,68,55,0.443548,0.109846,8.066649,69,38,0.156488
29,69,54,0.435484,0.109552,7.306718,70,44,0.156070
29,70,56,0.451613,0.008612,8.030844,68,30,0.012269
29,71,59,0.475806,0.247528,8.197886,65,26,0.352633
29,72,58,0.467742,0.087229,7.214244,66,29,0.124267
29,73,58,0.467742,0.074893,7.698661,66,43,0.106694
29,74,55,0.443548,0.115682,7.040261,69,41,0.164802
29,75,51,0.411290,0.102554,7.170133,73,63,0.146099
29,76,56,0.451613,0.197844,8.039181,68,27,0.281852
29,77,64,0.516129,0.141794,8.768692,60,21,0.202002
29,78,69,0.556452,0.167884,9.274975,55,23,0.239170
29,79,63,0.508065,0.000000,9.172107,61,26,0.000000
29,80,59,0.475806,0.171757,8.175591,65,34,0.244687
29,81,61,0.491935,0.193547,8.369591,63,26,0.275730
29,82,62,0.500000,0.148606,8.409521,62,25,0.211706
29,83,67,0.540323,0.238123,9.163030,57,25,0.889234
29,84,67,0.540323,0.130852,9.351076,57,24,0.186414
29,85,57,0.459677,0.142484,7.344119,67,41,0.752986
29,86,64,0.516129,0.000000,8.909681,60,27,0.000000
29,87,53,0.427419,0.060683,7.033797,71,60,0.086450
29,88,55,0.443548,0.128343,8.492865,69,35,0.182839
29,89,56,0.451613,0.029064,7.326684,68,33,0.041405
29,90,66,0.532258,0.106375,8.965769,58,27,0.151544
29,91,60,0.483871,0.169862,8.629786,64,30,0.241988
29,92,69,0.556452,0.109450,9.199779,55,27,0.155924
29,93,63,0.508065,0.225026,8.966875,61,23,0.320576
29,94,60,0.483871,0.135072,7.392373,64,28,0.192426
29,95,59,0.475806,0.070180,8.398646,65,36,0.099980
29,96,53,0.427419,0.110191,7.674897,71,35,0.156980
29,97,66,0.532258,0.254186,9.684467,58,27,0.362117
29,98,60,0.483871,0.046961,7.633533,64,28,0.066902
29,99,72,0.580645,0.315874,10.342049,52,21,0.450000
29,100,61,0.491935,0.234441,7.955102,63,22,0.333988
29,101,64,0.516129,0.041391,8.945167,60,24,0.058967
29,102,69,0.556452,0.262242,9.852596,55,22,0.373594
29,103,64,0.516129,0.195518,9.321267,60,26,0.278539
29,104,58,0.467742,0.011328,8.068894,66,26,0.016137
29,105,68,0.548387,0.228833,9.519186,56,24,0.325999
29,106,53,0.427419,0.022176,6.794589,71,73,0.031593
29,107,64,0.516129,0.125560,8.762284,60,23,0.178875
29,108,61,0.491935,0.085076,7.361730,63,28,0.121201
29,109,63,0.508065,0.094989,8.204499,61,26,0.135322
29,110,57,0.459677,0.151569,7.673795,67,30,0.215928
29,111,62,0.500000,0.173676,8.076617,62,26,0.247422
29,112,61,0.491935,0.128856,7.936562,63,30,0.183570
29,113,70,0.564516,0.036101,9.238526,54,24,0.051430
29,114,64,0.516129,0.031361,8.623488,60,24,0.044677
29,115,58,0.467742,0.146671,7.819637,66,30,0.208951
29,116,51,0.411290,0.000000,7.226041,73,65,0.000000
29,117,63,0.508065,0.156836,8.576543,61,24,0.223432
29,118,56,0.451613,0.090151,7.589413,68,36,0.128430
29,119,60,0.483871,0.154909,8.037713,64,28,0.220686
29,120,60,0.483871,0.162841,7.948497,64,30,0.231987
29,121,65,0.524194,0.020679,8.184143,59,23,0.029459
29,122,71,0.572581,0.300315,10.113980,53,22,0.427833
29,123,58,0.467742,0.125561,7.729354,66,32,0.178876
29,124,63,0.508065,0.031980,7.963525,61,24,0.045559
30,0,72,0.580645,0.259989,9.938723,52,21,0.343886
30,1,68,0.548387,0.164048,10.028665,56,27,0.216986
30,2,68,0.548387,0.108505,8.606188,56,24,0.143519
30,3,65,0.524194,0.163394,8.623673,59,23,0.216120
30,4,55,0.443548,0.159197,7.800717,69,32,0.210569
30,5,67,0.540323,0.185603,10.103682,57,26,0.245495
30,6,61,0.491935,0.102017,8.332792,63,27,0.134937
30,7,59,0.475806,0.098132,7.434247,65,28,0.129798
30,8,61,0.491935,0.198201,8.515637,63,25,0.262159
30,9,67,0.540323,0.179752,8.741372,57,21,0.237757
30,10,61,0.491935,0.200040,7.841343,63,29,0.264592
30,11,63,0.508065,0.196210,8.403523,61,25,0.259526
30,12,64,0.516129,0.147392,8.623567,60,23,0.744954
30,13,60,0.483871,0.150514,8.184973,64,28,0.199084
30,14,60,0.483871,0.158284,8.515876,64,29,0.209361
30,15,62,0.500000,0.159466,8.354840,62,30,0.210925
30,16,71,0.572581,0.118709,9.626617,53,21,0.157016
30,17,73,0.588710,0.159922,10.048163,51,23,0.211528
30,18,65,0.524194,0.185248,8.670918,59,25,0.245027
30,19,58,0.467742,0.047527,7.499456,66,28,0.062864
30,20,65,0.524194,0.182753,8.909089,59,23,0.241726
30,21,60,0.483871,0.090727,8.455702,64,28,0.120004
30,22,66,0.532258,0.256995,9.256348,58,24,0.889926
30,23,75,0.604839,0.270601,10.047507,49,21,0.357923
30,24,61,0.491935,0.109278,8.471193,63,28,0.144541
30,25,74,0.596774,0.192932,9.861423,50,23,0.255190
30,26,56,0.451613,0.157244,7.328683,68,36,0.207985
30,27,68,0.548387,0.176399,9.392448,56,22,0.233322
30,28,57,0.459677,0.087182,7.564196,67,30,0.115315
30,29,64,0.516129,0.040003,7.543571,60,28,0.052912
30,30,57,0.459677,0.096385,7.610345,67,39,0.127488
30,31,56,0.451613,0.046377,7.562931,68,43,0.061342
30,32,73,0.588710,0.187691,9.725493,51,22,0.248257
30,33,62,0.500000,0.141013,8.519784,62,27,0.736517
30,34,62,0.500000,0.145444,7.995505,62,25,0.192378
30,35,65,0.524194,0.062719,8.543173,59,23,0.082958
30,36,60,0.483871,0.099663,7.816087,64,31,0.681823
30,37,64,0.516129,0.059784,8.659486,60,24,0.079076
30,38,54,0.435484,0.136013,7.800567,70,47,0.179904
30,39,68,0.548387,0.054093,8.883819,56,24,0.071548
30,40,54,0.435484,0.021930,7.119787,70,47,0.029007
30,41,56,0.451613,0.114815,7.507100,68,32,0.151865
30,42,57,0.459677,0.027893,7.193394,67,31,0.036894
30,43,63,0.508065,0.137066,8.298493,61,26,0.181296
30,44,64,0.516129,0.063793,8.132978,60,26,0.084379
30,45,65,0.524194,0.162105,9.189464,59,27,0.214415
30,46,67,0.540323,0.231505,9.983610,57,26,0.306210
30,47,70,0.564516,0.136349,9.259694,54,23,0.180349
30,48,61,0.491935,0.186062,8.349701,63,26,0.246103
30,49,60,0.483871,0.121731,7.996153,64,24,0.161013
30,50,66,0.532258,0.169154,8.539866,58,23,0.223739
30,51,60,0.483871,0.165223,7.958058,64,26,0.218540
30,52,58,0.467742,0.000000,7.598576,66,33,0.000000
30,53,73,0.588710,0.221807,10.199696,51,21,0.293383
30,54,59,0.475806,0.187245,8.537322,65,32,0.247668
30,55,67,0.540323,0.028069,8.671595,57,22,0.037127
30,56,67,0.540323,0.231606,9.407669,57,24,0.306344
30,57,69,0.556452,0.123117,8.918539,55,23,0.162846
30,58,69,0.556452,0.121436,9.201674,55,24,0.160623
30,59,64,0.516129,0.165934,8.608685,60,26,0.219479
30,60,61,0.491935,0.081691,8.643362,63,26,0.108052
30,61,60,0.483871,0.025934,7.923971,64,29,0.034303
30,62,57,0.459677,0.044283,7.233709,67,39,0.058573
30,63,61,0.491935,0.127405,8.027517,63,26,0.168518
30,64,67,0.540323,0.181791,8.923137,57,27,0.240454
30,65,68,0.548387,0.187691,8.663634,56,22,0.248257
30,66,59,0.475806,0.216708,8.765482,65,28,0.286638
30,67,62,0.500000,0.157740,7.642218,62,24,0.208642
30,68,55,0.443548,0.079641,8.048106,69,38,0.105340
30,69,54,0.435484,0.084868,6.834826,70,44,0.112254
30,70,56,0.451613,0.000000,7.617843,68,30,0.000000
30,71,59,0.475806,0.239589,8.590049,65,26,0.316903
30,72,58,0.467742,0.184440,7.672795,66,29,0.243957
30,73,58,0.467742,0.060815,7.974666,66,43,0.080440
30,74,55,0.443548,0.080297,6.937987,69,41,0.106208
30,75,51,0.411290,0.059562,6.651935,73,63,0.078782
30,76,56,0.451613,0.111139,7.670192,68,27,0.147003
30,77,64,0.516129,0.093646,8.829883,60,21,0.123865
30,78,69,0.556452,0.209165,9.257503,55,23,0.826661
30,79,63,0.508065,0.039422,8.920045,61,26,0.052143
30,80,59,0.475806,0.125407,7.898340,65,34,0.165875
30,81,61,0.491935,0.202898,8.165167,63,26,0.268372
30,82,62,0.500000,0.117576,8.173535,62,25,0.155517
30,83,67,0.540323,0.084868,8.625456,57,26,0.112254
30,84,67,0.540323,0.164352,9.308174,57,24,0.217388
30,85,57,0.459677,0.085551,7.554121,67,42,0.113158
30,86,64,0.516129,0.000000,8.326939,60,27,0.000000
30,87,53,0.427419,0.076681,7.475776,71,60,0.101426
30,88,55,0.443548,0.099764,8.034402,69,35,0.131957
30,89,56,0.451613,0.127637,7.649702,68,33,0.168825
30,90,66,0.532258,0.150523,8.999201,58,27,0.199096
30,91,60,0.483871,0.082064,8.452911,64,30,0.108545
30,92,69,0.556452,0.125315,9.022450,55,27,0.165754
30,93,63,0.508065,0.229631,8.591793,61,23,0.303731
30,94,60,0.483871,0.110887,7.479282,64,28,0.146670
30,95,59,0.475806,0.040342,8.262293,65,36,0.053360
30,96,53,0.427419,0.107245,7.695199,71,35,0.141852
30,97,66,0.532258,0.267934,9.724624,58,27,0.354394
30,98,60,0.483871,0.078883,7.982710,64,28,0.104338
30,99,72,0.580645,0.281168,9.630789,52,21,0.371900
30,100,61,0.491935,0.239348,8.172080,63,22,0.866584
30,101,64,0.516129,0.019800,8.574958,60,24,0.026189
30,102,69,0.556452,0.313865,9.892447,55,22,0.415147
30,103,64,0.516129,0.204798,9.001840,60,26,0.820885
30,104,58,0.467742,0.089634,8.310069,66,26,0.118559
30,105,68,0.548387,0.246097,9.527122,56,24,0.325511
30,106,53,0.427419,0.101083,7.191659,71,73,0.133702
30,107,64,0.516129,0.113208,8.778867,60,23,0.149739
30,108,61,0.491935,0.107933,7.859847,63,28,0.142762
30,109,63,0.508065,0.116244,8.388762,61,26,0.153755
30,110,57,0.459677,0.156773,7.903216,67,30,0.207362
30,111,62,0.500000,0.089315,8.019258,62,26,0.118137
30,112,61,0.491935,0.095202,8.084397,63,30,0.125923
30,113,70,0.564516,0.009775,9.344252,54,24,0.012929
30,114,64,0.516129,0.148801,8.848378,60,24,0.196819
30,115,58,0.467742,0.143882,7.976516,66,30,0.190312
30,116,51,0.411290,0.012184,7.012665,73,65,0.016116
30,117,63,0.508065,0.090929,8.118513,61,24,0.120271
30,118,56,0.451613,0.094821,7.651426,68,36,0.125419
30,119,60,0.483871,0.182677,7.971217,64,28,0.241625
30,120,60,0.483871,0.133979,7.700060,64,30,0.177213
30,121,65,0.524194,0.069755,8.531631,59,23,0.092264
30,122,71,0.572581,0.340215,10.279527,53,22,0.450000
30,123,58,0.467742,0.107288,7.845038,66,32,0.141909
30,124,63,0.508065,0.141824,8.187895,61,24,0.187590
31,0,72,0.580645,0.256137,9.791559,52,21,0.363371
31,1,68,0.548387,0.121935,9.731901,56,27,0.172984
31,2,68,0.548387,0.126700,8.600283,56,24,0.179744
31,3,65,0.524194,0.217408,8.877474,59,23,0.308428
31,4,55,0.443548,0.160744,7.656764,69,32,0.228041
31,5,67,0.540323,0.144882,9.647811,57,26,0.205538
31,6,61,0.491935,0.142742,8.353292,63,27,0.202502
31,7,59,0.475806,0.122125,7.843858,65,28,0.173253
31,8,61,0.491935,0.181753,8.451759,63,25,0.257845
31,9,67,0.540323,0.171924,8.779324,57,21,0.243902
31,10,61,0.491935,0.162359,7.449913,63,29,0.230332
31,11,63,0.508065,0.195506,8.626367,61,25,0.277356
31,12,64,0.516129,0.154798,8.978950,60,24,0.219606
31,13,60,0.483871,0.201775,7.975909,64,28,0.836250
31,14,60,0.483871,0.135373,8.652747,64,29,0.192048
31,15,62,0.500000,0.228513,8.426599,62,30,0.874182
31,16,71,0.572581,0.203181,9.646603,53,21,0.288244
31,17,73,0.588710,0.183700,9.919254,51,23,0.260608
31,18,65,0.524194,0.217228,8.672237,59,25,0.308172
31,19,58,0.467742,0.042940,7.378918,66,28,0.060917
31,20,65,0.524194,0.145422,8.917995,59,23,0.206304
31,21,60,0.483871,0.128039,8.412764,64,28,0.181643
31,22,66,0.532258,0.209015,9.408731,58,25,0.296520
31,23,75,0.604839,0.281402,10.074177,49,21,0.399213
31,24,61,0.491935,0.087051,8.576380,63,28,0.123496
31,25,74,0.596774,0.161588,9.703165,50,23,0.229239
31,26,56,0.451613,0.207359,7.653651,68,36,0.294171
31,27,68,0.548387,0.065321,8.915877,56,22,0.642668
31,28,57,0.459677,0.069108,7.353432,67,30,0.098041
31,29,64,0.516129,0.050333,7.555388,60,28,0.071405
31,30,57,0.459677,0.098242,7.542741,67,39,0.139372
31,31,56,0.451613,0.042300,7.472558,68,43,0.060009
31,32,73,0.588710,0.192138,9.671842,51,22,0.272578
31,33,62,0.500000,0.051882,8.353023,62,28,0.073603
31,34,62,0.500000,0.175752,8.219378,62,25,0.249332
31,35,65,0.524194,0.103678,8.795658,59,23,0.147084
31,36,60,0.483871,0.069615,8.093753,64,32,0.098760
31,37,64,0.516129,0.021517,8.476489,60,24,0.030526
31,38,54,0.435484,0.227533,8.195875,70,47,0.322791
31,39,68,0.548387,0.059103,8.459843,56,24,0.083846
31,40,54,0.435484,0.080621,7.079384,70,47,0.114374
31,41,56,0.451613,0.062378,6.948852,68,32,0.088493
31,42,57,0.459677,0.025941,7.142871,67,31,0.036801
31,43,63,0.508065,0.097691,7.937105,61,26,0.138591
31,44,64,0.516129,0.098469,8.524436,60,26,0.139694
31,45,65,0.524194,0.127890,8.828218,59,27,0.181433
31,46,67,0.540323,0.266379,9.879673,57,26,0.377901
31,47,70,0.564516,0.143698,9.106960,54,23,0.203858
31,48,61,0.491935,0.175120,8.002742,63,26,0.248435
31,49,60,0.483871,0.124024,8.005351,64,24,0.175948
31,50,66,0.532258,0.188608,8.742324,58,23,0.267571
31,51,60,0.483871,0.113466,7.682869,64,26,0.160969
31,52,58,0.467742,0.000000,7.323226,66,33,0.000000
31,53,73,0.588710,0.196270,10.137870,51,21,0.278440
31,54,59,0.475806,0.159795,8.304455,65,32,0.226695
31,55,67,0.540323,0.057059,8.479548,57,22,0.080948
31,56,67,0.540323,0.210004,9.506883,57,24,0.297924
31,57,69,0.556452,0.077908,8.822567,55,23,0.110524
31,58,69,0.556452,0.138870,8.865567,55,24,0.197009
31,59,64,0.516129,0.172578,8.472308,60,26,0.244829
31,60,61,0.491935,0.149589,8.489074,63,26,0.212215
31,61,60,0.483871,0.050035,7.753995,64,29,0.070982
31,62,57,0.459677,0.079051,7.477882,67,39,0.112146
31,63,61,0.491935,0.092943,7.804467,63,26,0.131854
31,64,67,0.540323,0.168092,8.800438,57,27,0.238465
31,65,68,0.548387,0.192549,8.733542,56,22,0.273161
31,66,59,0.475806,0.185468,8.660876,65,28,0.263115
31,67,62,0.500000,0.158596,7.661930,62,24,0.224993
31,68,55,0.443548,0.138204,8.098101,69,38,0.196065
31,69,54,0.435484,0.087571,6.645869,70,44,0.124234
31,70,56,0.451613,0.000410,7.539734,68,30,0.000582
31,71,59,0.475806,0.292391,8.397455,65,26,0.414803
31,72,58,0.467742,0.200551,8.035468,66,29,0.284514
31,73,58,0.467742,0.080502,8.195456,66,43,0.114205
31,74,55,0.443548,0.067869,6.853362,69,41,0.096283
31,75,51,0.411290,0.000000,6.569822,73,63,0.000000
31,76,56,0.451613,0.134916,7.826606,68,27,0.191400
31,77,64,0.516129,0.103493,9.012365,60,21,0.146821
31,78,69,0.556452,0.085433,9.183332,55,24,0.121200
31,79,63,0.508065,0.063671,8.858440,61,26,0.090327
31,80,59,0.475806,0.171414,7.793055,65,34,0.243177
31,81,61,0.491935,0.183466,8.146687,63,26,0.810275
31,82,62,0.500000,0.099919,7.990475,62,25,0.141751
31,83,67,0.540323,0.072961,8.669787,57,26,0.103506
31,84,67,0.540323,0.180540,9.184154,57,24,0.256125
31,85,57,0.459677,0.073853,7.210806,67,42,0.104772
31,86,64,0.516129,0.000000,8.494126,60,27,0.000000
31,87,53,0.427419,0.087017,7.103967,71,60,0.123448
31,88,55,0.443548,0.119300,7.981551,69,35,0.169246
31,89,56,0.451613,0.127013,7.535719,68,33,0.180188
31,90,66,0.532258,0.085896,9.050272,58,27,0.121857
31,91,60,0.483871,0.062964,8.159470,64,30,0.089325
31,92,69,0.556452,0.092604,9.099825,55,27,0.131374
31,93,63,0.508065,0.224633,8.388431,61,23,0.318678
31,94,60,0.483871,0.078144,7.257318,64,28,0.110860
31,95,59,0.475806,0.082008,8.333194,65,36,0.116341
31,96,53,0.427419,0.075145,7.554646,71,35,0.106605
31,97,66,0.532258,0.196179,9.780445,58,27,0.278311
31,98,60,0.483871,0.132368,8.047823,64,28,0.187784
31,99,72,0.580645,0.270318,9.820494,52,21,0.383489
31,100,61,0.491935,0.178987,8.183300,63,23,0.253921
31,101,64,0.516129,0.053897,8.571730,60,24,0.076461
31,102,69,0.556452,0.317201,9.925261,55,22,1.000000
31,103,64,0.516129,0.250270,9.282473,60,27,0.355047
31,104,58,0.467742,0.166109,8.420021,66,26,0.235652
31,105,68,0.548387,0.225590,9.372404,56,24,0.320034
31,106,53,0.427419,0.068167,7.350113,71,73,0.096706
31,107,64,0.516129,0.106377,8.700999,60,23,0.150913
31,108,61,0.491935,0.128218,7.957398,63,28,0.181898
31,109,63,0.508065,0.155390,8.244465,61,26,0.220446
31,110,57,0.459677,0.152247,7.911990,67,30,0.765986
31,111,62,0.500000,0.062188,8.180351,62,26,0.088223
31,112,61,0.491935,0.177264,8.388069,63,30,0.801478
31,113,70,0.564516,0.000000,9.267806,54,24,0.000000
31,114,64,0.516129,0.136938,8.895630,60,24,0.194268
31,115,58,0.467742,0.182024,8.062395,66,30,0.258229
31,116,51,0.411290,0.000000,7.071863,73,65,0.000000
31,117,63,0.508065,0.105529,8.264769,61,24,0.149710
31,118,56,0.451613,0.100675,7.736486,68,36,0.142823
31,119,60,0.483871,0.179149,8.058465,64,28,0.254151
31,120,60,0.483871,0.114005,7.584766,64,30,0.161734
31,121,65,0.524194,0.064332,8.409942,59,23,0.091265
31,122,71,0.572581,0.281901,9.868326,53,22,0.399921
31,123,58,0.467742,0.111907,8.080956,66,32,0.158758
31,124,63,0.508065,0.138084,7.872102,61,24,0.195893
32,0,72,0.580645,0.245703,9.969457,52,21,0.378498
32,1,68,0.548387,0.135709,9.829497,56,27,0.209055
32,2,68,0.548387,0.129571,8.620322,56,24,0.199600
32,3,65,0.524194,0.159400,8.859533,59,23,0.245551
32,4,55,0.443548,0.140596,7.689001,69,32,0.766584
32,5,67,0.540323,0.190218,9.513780,57,26,0.843024
32,6,61,0.491935,0.144436,8.382974,63,27,0.222499
32,7,59,0.475806,0.096649,7.613613,65,28,0.148885
32,8,61,0.491935,0.172085,8.087053,63,25,0.265092
32,9,67,0.540323,0.198578,8.815750,57,21,0.305902
32,10,61,0.491935,0.139958,7.485215,63,29,0.215600
32,11,63,0.508065,0.174617,8.501161,61,25,0.268992
32,12,64,0.516129,0.199840,9.231764,60,24,0.307847
32,13,60,0.483871,0.155856,8.033847,64,29,0.240091
32,14,60,0.483871,0.143855,8.582047,64,29,0.221603
32,15,62,0.500000,0.126921,8.482050,62,31,0.195517
32,16,71,0.572581,0.163904,9.483602,53,21,0.252488
32,17,73,0.588710,0.164555,9.812179,51,23,0.253492
32,18,65,0.524194,0.238649,8.798025,59,25,0.367631
32,19,58,0.467742,0.123597,7.342415,66,28,0.190397
32,20,65,0.524194,0.181937,9.192703,59,23,0.280269
32,21,60,0.483871,0.113144,8.210056,64,28,0.174294
32,22,66,0.532258,0.177725,9.184701,58,25,0.273779
32,23,75,0.604839,0.254296,9.948694,49,21,0.391735
32,24,61,0.491935,0.096197,8.703825,63,28,0.148188
32,25,74,0.596774,0.150028,9.770835,50,23,0.231113
32,26,56,0.451613,0.206776,7.842535,68,36,0.318532
32,27,68,0.548387,0.098984,9.083072,56,23,0.152481
32,28,57,0.459677,0.090250,7.532509,67,30,0.139027
32,29,64,0.516129,0.083352,7.547564,60,28,0.128401
32,30,57,0.459677,0.118515,7.786867,67,39,0.182569
32,31,56,0.451613,0.071845,7.480632,68,43,0.110675
32,32,73,0.588710,0.185301,9.888485,51,22,0.285451
32,33,62,0.500000,0.072586,7.981258,62,28,0.111817
32,34,62,0.500000,0.208563,8.273701,62,25,0.321285
32,35,65,0.524194,0.091284,8.619953,59,23,0.140621
32,36,60,0.483871,0.054122,8.191657,64,32,0.083374
32,37,64,0.516129,0.007577,8.527871,60,24,0.011672
32,38,54,0.435484,0.192893,7.868904,70,47,0.847145
32,39,68,0.548387,0.134206,8.521342,56,24,0.206740
32,40,54,0.435484,0.113042,7.145361,70,47,0.174137
32,41,56,0.451613,0.065714,6.901432,68,32,0.101230
32,42,57,0.459677,0.000434,7.048241,67,31,0.000668
32,43,63,0.508065,0.116089,8.196862,61,26,0.178832
32,44,64,0.516129,0.126479,8.480293,60,26,0.194836
32,45,65,0.524194,0.151674,8.670639,59,27,0.233648
32,46,67,0.540323,0.261834,9.714628,57,26,0.403347
32,47,70,0.564516,0.193092,9.060808,54,23,0.297452
32,48,61,0.491935,0.173575,8.008384,63,26,0.267387
32,49,60,0.483871,0.078066,7.949997,64,24,0.120258
32,50,66,0.532258,0.139398,8.452814,58,23,0.214738
32,51,60,0.483871,0.073521,7.797644,64,26,0.113257
32,52,58,0.467742,0.000000,7.381016,66,33,0.000000
32,53,73,0.588710,0.266363,10.010248,51,21,0.410323
32,54,59,0.475806,0.169693,7.826544,65,32,0.261406
32,55,67,0.540323,0.034932,8.623584,57,22,0.053811
32,56,67,0.540323,0.121938,9.200587,57,24,0.187842
32,57,69,0.556452,0.111926,8.916094,55,23,0.172418
32,58,69,0.556452,0.090636,8.913267,55,24,0.139622
32,59,64,0.516129,0.213383,8.702368,60,26,0.328710
32,60,61,0.491935,0.146246,8.380381,63,26,0.225287
32,61,60,0.483871,0.047278,7.706056,64,29,0.072830
32,62,57,0.459677,0.116159,7.568114,67,39,0.178939
32,63,61,0.491935,0.119304,7.753463,63,26,0.183785
32,64,67,0.540323,0.253106,8.722344,57,27,0.389902
32,65,68,0.548387,0.188078,8.842364,56,22,0.289728
32,66,59,0.475806,0.174792,8.666423,65,28,0.269261
32,67,62,0.500000,0.160285,7.718260,62,24,0.246914
32,68,55,0.443548,0.171458,8.369652,69,38,0.264126
32,69,54,0.435484,0.102278,6.978015,70,44,0.157555
32,70,56,0.451613,0.002777,7.637796,68,30,0.004277
32,71,59,0.475806,0.265416,8.317263,65,26,0.408865
32,72,58,0.467742,0.132445,7.547242,66,29,0.204027
32,73,58,0.467742,0.050766,8.034190,66,43,0.078204
32,74,55,0.443548,0.046219,6.566311,69,41,0.071199
32,75,51,0.411290,0.011975,6.500396,73,63,0.018447
32,76,56,0.451613,0.073940,7.602426,68,27,0.113903
32,77,64,0.516129,0.136121,8.963642,60,21,0.209690
32,78,69,0.556452,0.040641,9.335895,55,24,0.062606
32,79,63,0.508065,0.040871,8.945506,61,26,0.062960
32,80,59,0.475806,0.195901,7.879911,65,34,0.301779
32,81,61,0.491935,0.153887,8.448650,63,27,0.237057
32,82,62,0.500000,0.118989,8.367436,62,25,0.733298
32,83,67,0.540323,0.136341,9.059184,57,26,0.210029
32,84,67,0.540323,0.192825,9.071553,57,24,0.297041
32,85,57,0.459677,0.100054,7.231234,67,42,0.154129
32,86,64,0.516129,0.000000,8.871324,60,27,0.000000
32,87,53,0.427419,0.091042,7.306260,71,60,0.140247
32,88,55,0.443548,0.116556,7.710814,69,35,0.179551
32,89,56,0.451613,0.083246,7.480160,68,33,0.128238
32,90,66,0.532258,0.038595,8.851832,58,27,0.059454
32,91,60,0.483871,0.108418,8.479864,64,30,0.167015
32,92,69,0.556452,0.107174,9.081530,55,27,0.165098
32,93,63,0.508065,0.242616,8.485658,61,23,0.923741
32,94,60,0.483871,0.139676,7.700490,64,28,0.215166
32,95,59,0.475806,0.045016,8.237953,65,36,0.069345
32,96,53,0.427419,0.062609,7.654838,71,35,0.096447
32,97,66,0.532258,0.292119,10.166564,58,27,0.450000
32,98,60,0.483871,0.116260,7.725607,64,28,0.179095
32,99,72,0.580645,0.216576,9.763474,52,21,0.333628
32,100,61,0.491935,0.172049,7.763375,63,23,0.265036
32,101,64,0.516129,0.096715,8.720923,60,24,0.148987
32,102,69,0.556452,0.248827,9.746019,55,23,0.383310
32,103,64,0.516129,0.283036,9.199517,60,27,0.436008
32,104,58,0.467742,0.143864,8.067108,66,26,0.771618
32,105,68,0.548387,0.204657,9.450444,56,24,0.315267
32,106,53,0.427419,0.067962,7.473479,71,73,0.104694
32,107,64,0.516129,0.107246,8.757316,60,23,0.165208
32,108,61,0.491935,0.116105,7.979204,63,28,0.178855
32,109,63,0.508065,0.117756,8.053829,61,26,0.181399
32,110,57,0.459677,0.099109,7.991501,67,31,0.152673
32,111,62,0.500000,0.111963,7.987336,62,26,0.172475
32,112,61,0.491935,0.116417,8.209084,63,31,0.179337
32,113,70,0.564516,0.000000,9.154764,54,24,0.000000
32,114,64,0.516129,0.171677,8.889982,60,24,0.814463
32,115,58,0.467742,0.219465,8.208956,66,30,0.338079
32,116,51,0.411290,0.000000,7.067635,73,65,0.000000
32,117,63,0.508065,0.157567,8.211592,61,24,0.792726
32,118,56,0.451613,0.055965,7.414114,68,36,0.086212
32,119,60,0.483871,0.135464,7.991586,64,28,0.208677
32,120,60,0.483871,0.127214,8.045261,64,30,0.195969
32,121,65,0.524194,0.070973,8.279452,59,23,0.109332
32,122,71,0.572581,0.288837,10.187081,53,22,0.444943
32,123,58,0.467742,0.156802,8.132025,66,32,0.241548
32,124,63,0.508065,0.075546,7.876073,61,24,0.116376
33,0,72,0.580645,0.244641,9.960746,52,21,0.347786
33,1,68,0.548387,0.133972,9.475735,56,27,0.190457
33,2,68,0.548387,0.151103,8.926544,56,24,0.214810
33,3,65,0.524194,0.094265,8.325602,59,23,0.134009
33,4,55,0.443548,0.152299,7.912157,69,33,0.216511
33,5,67,0.540323,0.109251,9.792317,57,27,0.155312
33,6,61,0.491935,0.156706,8.390426,63,27,0.222776
33,7,59,0.475806,0.103493,7.800274,65,28,0.147126
33,8,61,0.491935,0.199668,8.521605,63,25,0.283850
33,9,67,0.540323,0.183950,8.690021,57,21,0.261506
33,10,61,0.491935,0.189300,7.698153,63,29,0.269112
33,11,63,0.508065,0.169503,8.799763,61,25,0.240967
33,12,64,0.516129,0.199548,9.292597,60,24,0.283680
33,13,60,0.483871,0.147003,8.024173,64,29,0.208982
33,14,60,0.483871,0.154032,8.535145,64,29,0.218974
33,15,62,0.500000,0.079580,8.162509,62,31,0.113132
33,16,71,0.572581,0.181066,9.667601,53,21,0.257406
33,17,73,0.588710,0.168178,9.973453,51,23,0.239084
33,18,65,0.524194,0.226406,8.779792,59,25,0.321862
33,19,58,0.467742,0.097231,7.268917,66,28,0.138224
33,20,65,0.524194,0.216033,9.027173,59,23,0.307116
33,21,60,0.483871,0.148223,8.201593,64,28,0.210716
33,22,66,0.532258,0.139390,8.806256,58,25,0.198158
33,23,75,0.604839,0.222750,9.894554,49,21,0.316664
33,24,61,0.491935,0.170729,8.588706,63,28,0.242711
33,25,74,0.596774,0.182408,9.632084,50,23,0.259313
33,26,56,0.451613,0.165567,7.532405,68,36,0.235372
33,27,68,0.548387,0.073134,8.894360,56,23,0.103969
33,28,57,0.459677,0.039779,7.140861,67,30,0.606551
33,29,64,0.516129,0.084739,7.521498,60,28,0.120466
33,30,57,0.459677,0.081037,7.778000,67,39,0.115204
33,31,56,0.451613,0.059004,7.532985,68,43,0.083881
33,32,73,0.588710,0.182385,9.926306,51,22,0.259281
33,33,62,0.500000,0.063321,7.980990,62,28,0.090018
33,34,62,0.500000,0.182741,8.272886,62,25,0.259787
33,35,65,0.524194,0.107341,8.442719,59,23,0.152597
33,36,60,0.483871,0.058964,8.442101,64,32,0.083824
33,37,64,0.516129,0.000000,8.243177,60,24,0.000000
33,38,54,0.435484,0.208472,7.953434,70,48,0.296367
33,39,68,0.548387,0.104069,8.589774,56,24,0.147946
33,40,54,0.435484,0.114680,7.109116,70,47,0.163031
33,41,56,0.451613,0.029895,6.965029,68,32,0.042500
33,42,57,0.459677,0.031278,7.452961,67,31,0.044465
33,43,63,0.508065,0.111094,8.190085,61,26,0.157932
33,44,64,0.516129,0.093359,8.356982,60,26,0.132720
33,45,65,0.524194,0.146644,8.786216,59,27,0.208471
33,46,67,0.540323,0.216787,9.513000,57,26,0.308188
33,47,70,0.564516,0.167677,8.950671,54,23,0.238373
33,48,61,0.491935,0.173332,8.263225,63,26,0.246411
33,49,60,0.483871,0.114401,7.924650,64,24,0.162635
33,50,66,0.532258,0.109103,8.329894,58,23,0.155103
33,51,60,0.483871,0.132161,7.886448,64,26,0.187882
33,52,58,0.467742,0.000000,7.355129,66,33,0.000000
33,53,73,0.588710,0.212543,10.049893,51,21,0.302155
33,54,59,0.475806,0.161528,7.735824,65,32,0.229631
33,55,67,0.540323,0.073138,8.608312,57,22,0.103974
33,56,67,0.540323,0.129771,9.387423,57,24,0.184484
33,57,69,0.556452,0.120223,8.834595,55,23,0.170911
33,58,69,0.556452,0.133237,9.052356,55,24,0.189412
33,59,64,0.516129,0.184842,8.730924,60,26,0.262774
33,60,61,0.491935,0.172030,8.402455,63,26,0.244561
33,61,60,0.483871,0.072690,7.628816,64,29,0.103338
33,62,57,0.459677,0.095178,7.286288,67,39,0.135306
33,63,61,0.491935,0.136166,8.181860,63,26,0.193576
33,64,67,0.540323,0.218928,9.133239,57,27,0.861230
33,65,68,0.548387,0.182385,8.668222,56,22,0.259281
33,66,59,0.475806,0.151334,8.314973,65,28,0.215138
33,67,62,0.500000,0.139665,7.775751,62,24,0.748550
33,68,55,0.443548,0.165362,8.334683,69,38,0.235082
33,69,54,0.435484,0.036961,6.511605,70,44,0.052544
33,70,56,0.451613,0.000000,7.777198,68,30,0.000000
33,71,59,0.475806,0.316542,8.204465,65,26,1.000000
33,72,58,0.467742,0.078897,7.498764,66,29,0.112160
33,73,58,0.467742,0.063179,8.074865,66,43,0.089816
33,74,55,0.443548,0.080811,6.935690,69,41,0.114881
33,75,51,0.411290,0.000000,6.544349,73,63,0.000000
33,76,56,0.451613,0.133039,7.647057,68,27,0.189130
33,77,64,0.516129,0.166926,9.111133,60,21,0.237304
33,78,69,0.556452,0.114745,9.363514,55,24,0.163122
33,79,63,0.508065,0.081826,8.862721,61,26,0.116326
33,80,59,0.475806,0.179510,7.861427,65,34,0.255194
33,81,61,0.491935,0.170883,8.375246,63,27,0.242930
33,82,62,0.500000,0.120931,8.614927,62,26,0.171917
33,83,67,0.540323,0.164921,9.027487,57,26,0.234455
33,84,67,0.540323,0.210775,8.993890,57,24,0.849641
33,85,57,0.459677,0.079740,7.230839,67,42,0.113360
33,86,64,0.516129,0.000000,8.784425,60,27,0.000000
33,87,53,0.427419,0.128567,7.235030,71,60,0.182772
33,88,55,0.443548,0.142089,8.057427,69,35,0.201996
33,89,56,0.451613,0.125384,7.708756,68,33,0.178247
33,90,66,0.532258,0.104231,8.800799,58,27,0.148177
33,91,60,0.483871,0.058587,8.062257,64,30,0.083288
33,92,69,0.556452,0.120328,9.167115,55,27,0.171060
33,93,63,0.508065,0.200924,8.424036,61,24,0.285636
33,94,60,0.483871,0.124981,7.447735,64,28,0.177674
33,95,59,0.475806,0.031936,8.080332,65,36,0.045401
33,96,53,0.427419,0.086998,7.595153,71,35,0.123678
33,97,66,0.532258,0.258089,9.986924,58,27,0.366903
33,98,60,0.483871,0.093489,7.669644,64,28,0.132906
33,99,72,0.580645,0.265185,9.765454,52,21,0.926991
33,100,61,0.491935,0.147388,7.727361,63,23,0.209529
33,101,64,0.516129,0.083548,8.562622,60,24,0.118773
33,102,69,0.556452,0.274933,9.806640,55,23,0.390848
33,103,64,0.516129,0.276645,9.433244,60,27,0.393282
33,104,58,0.467742,0.063749,8.103014,66,27,0.090627
33,105,68,0.548387,0.284896,9.469529,56,24,0.405012
33,106,53,0.427419,0.084145,7.370599,71,73,0.119622
33,107,64,0.516129,0.138174,8.986121,60,23,0.196430
33,108,61,0.491935,0.099493,7.950764,63,28,0.141440
33,109,63,0.508065,0.150500,8.263281,61,26,0.213953
33,110,57,0.459677,0.141553,7.917687,67,31,0.201233
33,111,62,0.500000,0.144300,8.300891,62,26,0.205139
33,112,61,0.491935,0.112914,8.003831,63,31,0.160519
33,113,70,0.564516,0.007398,9.167783,54,24,0.010517
33,114,64,0.516129,0.028923,8.665222,60,25,0.041117
33,115,58,0.467742,0.165597,8.080781,66,30,0.235415
33,116,51,0.411290,0.000000,7.137172,73,65,0.000000
33,117,63,0.508065,0.115452,8.336653,61,25,0.164128
33,118,56,0.451613,0.087270,7.551429,68,36,0.124064
33,119,60,0.483871,0.161420,7.905980,64,28,0.229477
33,120,60,0.483871,0.141301,7.937303,64,30,0.750875
33,121,65,0.524194,0.113425,8.440475,59,23,0.161246
33,122,71,0.572581,0.280558,10.143828,53,22,0.398846
33,123,58,0.467742,0.154581,8.057294,66,32,0.219754
33,124,63,0.508065,0.089122,7.980899,61,24,0.126697
34,0,72,0.580645,0.312214,10.012221,52,21,1.000000
34,1,68,0.548387,0.102325,9.405477,56,27,0.147483
34,2,68,0.548387,0.165541,8.930472,56,24,0.238597
34,3,65,0.524194,0.086505,8.358484,59,23,0.124682
34,4,55,0.443548,0.192248,7.950227,69,33,0.277090
34,5,67,0.540323,0.089320,9.799534,57,27,0.128738
34,6,61,0.491935,0.132026,8.192391,63,27,0.190292
34,7,59,0.475806,0.112871,7.937826,65,28,0.162682
34,8,61,0.491935,0.205310,8.615959,63,25,0.845916
34,9,67,0.540323,0.165700,8.436183,57,21,0.238826
34,10,61,0.491935,0.170020,7.770871,63,29,0.245052
34,11,63,0.508065,0.210488,8.903689,61,25,0.303380
34,12,64,0.516129,0.190251,9.118360,60,24,0.274211
34,13,60,0.483871,0.165287,7.689846,64,29,0.238231
34,14,60,0.483871,0.173293,8.725297,64,29,0.249771
34,15,62,0.500000,0.111385,8.426718,62,31,0.160541
34,16,71,0.572581,0.182184,9.868463,53,21,0.262585
34,17,73,0.588710,0.155211,9.885925,51,23,0.223709
34,18,65,0.524194,0.232702,8.659994,59,25,0.885397
34,19,58,0.467742,0.118036,7.625601,66,28,0.170127
34,20,65,0.524194,0.229816,8.959449,59,23,0.331237
34,21,60,0.483871,0.145933,8.475329,64,28,0.210336
34,22,66,0.532258,0.162726,8.699967,58,25,0.234539
34,23,75,0.604839,0.232189,9.898634,49,21,0.334658
34,24,61,0.491935,0.181658,8.538356,63,28,0.261827
34,25,74,0.596774,0.180504,9.627497,50,23,0.260164
34,26,56,0.451613,0.206484,7.629821,68,36,0.297608
34,27,68,0.548387,0.008491,8.819625,56,23,0.012238
34,28,57,0.459677,0.000000,7.162509,67,31,0.000000
34,29,64,0.516129,0.106562,7.615399,60,28,0.153589
34,30,57,0.459677,0.045980,7.437656,67,39,0.066272
34,31,56,0.451613,0.017018,7.365935,68,43,0.024529
34,32,73,0.588710,0.184365,9.969524,51,22,0.265728
34,33,62,0.500000,0.132106,8.219283,62,28,0.190407
34,34,62,0.500000,0.132467,8.100665,62,25,0.190927
34,35,65,0.524194,0.162083,8.426187,59,23,0.233613
34,36,60,0.483871,0.045224,8.122282,64,32,0.065182
34,37,64,0.516129,0.000000,8.069088,60,24,0.000000
34,38,54,0.435484,0.195404,8.042111,70,48,0.281639
34,39,68,0.548387,0.074932,8.413522,56,24,0.108001
34,40,54,0.435484,0.132754,7.289249,70,47,0.191340
34,41,56,0.451613,0.022694,7.113720,68,32,0.032709
34,42,57,0.459677,0.032753,7.367115,67,31,0.047207
34,43,63,0.508065,0.110159,8.297280,61,26,0.158774
34,44,64,0.516129,0.131245,8.360995,60,26,0.189166
34,45,65,0.524194,0.145874,8.755745,59,27,0.210251
34,46,67,0.540323,0.243336,9.424139,57,26,0.350724
34,47,70,0.564516,0.165038,8.893260,54,23,0.787872
34,48,61,0.491935,0.164084,8.349969,63,26,0.236496
34,49,60,0.483871,0.138649,7.840604,64,24,0.199837
34,50,66,0.532258,0.137563,8.452600,58,23,0.198272
34,51,60,0.483871,0.167614,7.800531,64,26,0.241584
34,52,58,0.467742,0.027155,7.414795,66,33,0.039139
34,53,73,0.588710,0.217970,10.102332,51,21,0.314164
34,54,59,0.475806,0.141427,7.835884,65,32,0.203841
34,55,67,0.540323,0.076372,8.891828,57,22,0.110077
34,56,67,0.540323,0.193367,9.569748,57,24,0.278703
34,57,69,0.556452,0.100954,8.811834,55,23,0.145507
34,58,69,0.556452,0.070056,9.099081,55,24,0.100973
34,59,64,0.516129,0.178834,8.349752,60,26,0.257756
34,60,61,0.491935,0.178185,8.407597,63,26,0.256821
34,61,60,0.483871,0.119254,7.966125,64,29,0.171883
34,62,57,0.459677,0.034806,7.166159,67,39,0.050166
34,63,61,0.491935,0.153253,8.068614,63,26,0.220886
34,64,67,0.540323,0.217075,9.402740,57,28,0.312874
34,65,68,0.548387,0.211708,8.500581,56,22,0.305138
34,66,59,0.475806,0.143489,8.223575,65,28,0.206813
34,67,62,0.500000,0.051709,7.700926,62,25,0.074529
34,68,55,0.443548,0.134617,7.894479,69,38,0.194026
34,69,54,0.435484,0.037296,6.391711,70,44,0.053756
34,70,56,0.451613,0.027343,7.526585,68,30,0.039410
34,71,59,0.475806,0.294203,8.516754,65,27,0.424040
34,72,58,0.467742,0.125594,7.951223,66,29,0.181020
34,73,58,0.467742,0.051815,8.041538,66,43,0.074682
34,74,55,0.443548,0.095755,7.068734,69,41,0.138013
34,75,51,0.411290,0.008451,6.578403,73,63,0.012181
34,76,56,0.451613,0.116267,7.537876,68,27,0.167577
34,77,64,0.516129,0.141192,8.901639,60,21,0.203503
34,78,69,0.556452,0.070438,8.967260,55,24,0.101523
34,79,63,0.508065,0.082928,8.699140,61,26,0.119525
34,80,59,0.475806,0.147082,7.957528,65,34,0.211992
34,81,61,0.491935,0.181365,8.408343,63,27,0.261404
34,82,62,0.500000,0.101101,8.451907,62,26,0.145718
34,83,67,0.540323,0.107829,8.748082,57,26,0.155415
34,84,67,0.540323,0.105086,9.066317,57,25,0.151462
34,85,57,0.459677,0.111164,7.139842,67,42,0.160222
34,86,64,0.516129,0.000000,8.737353,60,27,0.000000
34,87,53,0.427419,0.055077,7.157944,71,60,0.079384
34,88,55,0.443548,0.151993,7.821413,69,35,0.769070
34,89,56,0.451613,0.106914,7.637552,68,33,0.154098
34,90,66,0.532258,0.100411,8.789233,58,27,0.144725
34,91,60,0.483871,0.063146,7.903850,64,30,0.091014
34,92,69,0.556452,0.112068,9.055254,55,27,0.161526
34,93,63,0.508065,0.147989,7.978628,61,24,0.213299
34,94,60,0.483871,0.131430,7.333014,64,28,0.189433
34,95,59,0.475806,0.061260,8.467471,65,36,0.088294
34,96,53,0.427419,0.006197,7.290625,71,35,0.008932
34,97,66,0.532258,0.261725,9.651461,58,27,0.377229
34,98,60,0.483871,0.112535,7.568840,64,28,0.162198
34,99,72,0.580645,0.232887,9.809667,52,22,0.335663
34,100,61,0.491935,0.152602,7.618165,63,23,0.219947
34,101,64,0.516129,0.073997,8.348727,60,24,0.106653
34,102,69,0.556452,0.289459,9.864646,55,23,0.417202
34,103,64,0.516129,0.246654,9.472977,60,27,0.355507
34,104,58,0.467742,0.107572,8.007885,66,27,0.155046
34,105,68,0.548387,0.254163,9.322256,56,24,0.366330
34,106,53,0.427419,0.130053,7.444725,71,73,0.187447
34,107,64,0.516129,0.180914,9.125490,60,23,0.260754
34,108,61,0.491935,0.060831,8.123191,63,28,0.637677
34,109,63,0.508065,0.176509,8.285591,61,26,0.804405
34,110,57,0.459677,0.178398,8.212172,67,31,0.257128
34,111,62,0.500000,0.149898,8.093547,62,26,0.216050
34,112,61,0.491935,0.065615,7.988934,63,31,0.094572
34,113,70,0.564516,0.069690,9.408415,54,24,0.100445
34,114,64,0.516129,0.050213,8.552587,60,25,0.072373
34,115,58,0.467742,0.209244,8.064158,66,30,0.301587
34,116,51,0.411290,0.000000,7.141648,73,65,0.000000
34,117,63,0.508065,0.116153,8.415361,61,25,0.167414
34,118,56,0.451613,0.102063,7.586860,68,36,0.147105
34,119,60,0.483871,0.178188,8.148793,64,28,0.256826
34,120,60,0.483871,0.099041,7.950255,64,31,0.142749
34,121,65,0.524194,0.167532,8.596971,59,23,0.241466
34,122,71,0.572581,0.251169,9.979382,53,22,0.362014
34,123,58,0.467742,0.163466,8.227549,66,32,0.235607
34,124,63,0.508065,0.107598,8.098342,61,24,0.155082
35,0,72,0.580645,0.266054,9.990565,52,22,0.336549
35,1,68,0.548387,0.178959,9.575961,56,27,0.226377
35,2,68,0.548387,0.157799,8.920903,56,24,0.199610
35,3,65,0.524194,0.149948,8.685795,59,23,0.189678
35,4,55,0.443548,0.165453,7.838604,69,33,0.759292
35,5,67,0.540323,0.103959,9.927907,57,27,0.131504
35,6,61,0.491935,0.134012,8.203621,63,27,0.169520
35,7,59,0.475806,0.069685,7.741551,65,28,0.088149
35,8,61,0.491935,0.127618,8.275571,63,26,0.161432
35,9,67,0.540323,0.127928,8.471262,57,21,0.161824
35,10,61,0.491935,0.187655,7.743861,63,29,0.237376
35,11,63,0.508065,0.189384,8.553681,61,25,0.239563
35,12,64,0.516129,0.190311,8.933577,60,24,0.240737
35,13,60,0.483871,0.161794,7.866459,64,29,0.204663
35,14,60,0.483871,0.137464,8.397073,64,29,0.173887
35,15,62,0.500000,0.056966,8.338490,62,31,0.072060
35,16,71,0.572581,0.176496,9.677538,53,21,0.223261
35,17,73,0.588710,0.159703,9.985064,51,23,0.202019
35,18,65,0.524194,0.205349,8.675339,59,26,0.259760
35,19,58,0.467742,0.085548,7.478138,66,28,0.108215
35,20,65,0.524194,0.200723,8.967992,59,23,0.253907
35,21,60,0.483871,0.167508,8.438130,64,28,0.211892
35,22,66,0.532258,0.179417,9.050052,58,25,0.226956
35,23,75,0.604839,0.226301,9.794872,49,21,0.286263
35,24,61,0.491935,0.185369,8.352705,63,28,0.784485
35,25,74,0.596774,0.186180,9.605111,50,23,0.235511
35,26,56,0.451613,0.198385,7.510478,68,36,0.250950
35,27,68,0.548387,0.027861,8.796422,56,23,0.035244
35,28,57,0.459677,0.009282,7.302656,67,31,0.011741
35,29,64,0.516129,0.069568,7.813773,60,28,0.088001
35,30,57,0.459677,0.111784,7.562977,67,39,0.141403
35,31,56,0.451613,0.000000,7.402687,68,43,0.000000
35,32,73,0.588710,0.150966,9.640140,51,22,0.740966
35,33,62,0.500000,0.090717,8.136604,62,28,0.114754
35,34,62,0.500000,0.185431,8.472473,62,25,0.234563
35,35,65,0.524194,0.134952,8.361353,59,23,0.170710
35,36,60,0.483871,0.043876,7.945445,64,32,0.055502
35,37,64,0.516129,0.027458,8.155236,60,24,0.034733
35,38,54,0.435484,0.182197,8.237605,70,48,0.230473
35,39,68,0.548387,0.107252,8.601519,56,24,0.135670
35,40,54,0.435484,0.137479,7.342934,70,47,0.173906
35,41,56,0.451613,0.022567,7.006823,68,32,0.028547
35,42,57,0.459677,0.091739,7.569861,67,31,0.116046
35,43,63,0.508065,0.138643,8.379037,61,26,0.175379
35,44,64,0.516129,0.114164,8.538787,60,26,0.144413
35,45,65,0.524194,0.132952,9.010477,59,27,0.168179
35,46,67,0.540323,0.223670,9.309076,57,26,0.282935
35,47,70,0.564516,0.121061,8.769813,54,24,0.153138
35,48,61,0.491935,0.169165,8.214685,63,26,0.213988
35,49,60,0.483871,0.127584,7.890924,64,24,0.161390
35,50,66,0.532258,0.108552,8.204628,58,23,0.137315
35,51,60,0.483871,0.115292,7.687134,64,26,0.145840
35,52,58,0.467742,0.079638,7.465316,66,33,0.100739
35,53,73,0.588710,0.203551,9.896103,51,21,0.257484
35,54,59,0.475806,0.157370,7.694409,65,32,0.199067
35,55,67,0.540323,0.091045,8.958431,57,22,0.115169
35,56,67,0.540323,0.171351,9.460925,57,24,0.766753
35,57,69,0.556452,0.166890,9.011763,55,23,0.211110
35,58,69,0.556452,0.100820,9.065369,55,24,0.127534
35,59,64,0.516129,0.234774,8.688746,60,26,0.296980
35,60,61,0.491935,0.202424,8.389712,63,26,0.256059
35,61,60,0.483871,0.089420,7.747318,64,29,0.113113
35,62,57,0.459677,0.107613,7.158264,67,39,0.686126
35,63,61,0.491935,0.120018,8.071091,63,26,0.151818
35,64,67,0.540323,0.184532,9.182715,57,28,0.233426
35,65,68,0.548387,0.200655,8.609992,56,22,0.253822
35,66,59,0.475806,0.102998,8.046168,65,28,0.130288
35,67,62,0.500000,0.100258,7.943856,62,25,0.126823
35,68,55,0.443548,0.126187,7.925666,69,38,0.709622
35,69,54,0.435484,0.057703,6.516016,70,44,0.072993
35,70,56,0.451613,0.049690,7.496408,68,30,0.062855
35,71,59,0.475806,0.272377,8.227723,65,27,0.344547
35,72,58,0.467742,0.143006,7.854744,66,29,0.180897
35,73,58,0.467742,0.061062,7.777785,66,43,0.627241
35,74,55,0.443548,0.116633,6.989695,69,41,0.697537
35,75,51,0.411290,0.048988,6.949885,73,63,0.061968
35,76,56,0.451613,0.128131,7.519404,68,27,0.162081
35,77,64,0.516129,0.151441,8.754114,60,21,0.191567
35,78,69,0.556452,0.103505,9.299195,55,24,0.130930
35,79,63,0.508065,0.132979,8.826667,61,26,0.168213
35,80,59,0.475806,0.140611,7.870131,65,34,0.177868
35,81,61,0.491935,0.116418,8.129935,63,27,0.147265
35,82,62,0.500000,0.100664,8.025885,62,26,0.127336
35,83,67,0.540323,0.092815,8.429321,57,26,0.117408
35,84,67,0.540323,0.103186,8.990682,57,25,0.130526
35,85,57,0.459677,0.104371,7.366558,67,42,0.132025
35,86,64,0.516129,0.000000,8.806945,60,27,0.000000
35,87,53,0.427419,0.070471,7.106929,71,60,0.089144
35,88,55,0.443548,0.134513,8.023076,69,36,0.170154
35,89,56,0.451613,0.105265,7.497435,68,33,0.133157
35,90,66,0.532258,0.154543,8.799643,58,27,0.195491
35,91,60,0.483871,0.041860,7.792198,64,30,0.052951
35,92,69,0.556452,0.075346,9.098233,55,27,0.095310
35,93,63,0.508065,0.163062,8.451761,61,24,0.206268
35,94,60,0.483871,0.111461,7.060105,64,28,0.140994
35,95,59,0.475806,0.101616,8.151576,65,36,0.128540
35,96,53,0.427419,0.057064,7.441730,71,35,0.072184
35,97,66,0.532258,0.248934,9.688358,58,27,0.314892
35,98,60,0.483871,0.088982,7.470750,64,28,0.112559
35,99,72,0.580645,0.231453,9.905201,52,22,0.292779
35,100,61,0.491935,0.161541,7.756595,63,23,0.204344
35,101,64,0.516129,0.035624,8.248419,60,24,0.045063
35,102,69,0.556452,0.355741,9.925539,55,23,0.450000
35,103,64,0.516129,0.230633,9.690705,60,27,0.291742
35,104,58,0.467742,0.107397,7.807133,66,27,0.135853
35,105,68,0.548387,0.258535,9.367058,56,24,0.327037
35,106,53,0.427419,0.093494,7.223708,71,73,0.118266
35,107,64,0.516129,0.166327,9.097757,60,23,0.210398
35,108,61,0.491935,0.012924,7.902544,63,29,0.016348
35,109,63,0.508065,0.132481,8.415584,61,27,0.167584
35,110,57,0.459677,0.196921,8.222253,67,31,0.249098
35,111,62,0.500000,0.214682,8.345661,62,26,0.271565
35,112,61,0.491935,0.084298,8.069336,63,31,0.106634
35,113,70,0.564516,0.102851,9.267527,54,24,0.130103
35,114,64,0.516129,0.063084,8.704525,60,25,0.079800
35,115,58,0.467742,0.195819,8.171296,66,30,0.797704
35,116,51,0.411290,0.000000,6.976035,73,65,0.000000
35,117,63,0.508065,0.114184,8.152647,61,25,0.144438
35,118,56,0.451613,0.088764,7.497703,68,36,0.112284
35,119,60,0.483871,0.186814,7.999098,64,28,0.236313
35,120,60,0.483871,0.098913,7.980305,64,31,0.125121
35,121,65,0.524194,0.113799,8.493934,59,23,0.143951
35,122,71,0.572581,0.239896,9.762041,53,22,0.303460
35,123,58,0.467742,0.150493,8.238093,66,32,0.190368
35,124,63,0.508065,0.100336,8.126217,61,24,0.126921
36,0,72,0.580645,0.265351,10.156310,52,22,0.333661
36,1,68,0.548387,0.229594,10.024832,56,27,0.288698
36,2,68,0.548387,0.145033,9.098623,56,24,0.182368
36,3,65,0.524194,0.149677,8.685434,59,23,0.188209
36,4,55,0.443548,0.039091,7.456349,69,34,0.049154
36,5,67,0.540323,0.172433,10.223636,57,27,0.216822
36,6,61,0.491935,0.107667,8.703153,63,27,0.135383
36,7,59,0.475806,0.011163,7.061226,65,28,0.014036
36,8,61,0.491935,0.179645,8.013221,63,26,0.225892
36,9,67,0.540323,0.184752,8.738802,57,21,0.232313
36,10,61,0.491935,0.170872,7.993645,63,29,0.214860
36,11,63,0.508065,0.146967,8.235142,61,25,0.184801
36,12,64,0.516129,0.152026,8.493521,60,24,0.741162
36,13,60,0.483871,0.178407,8.097527,64,29,0.224335
36,14,60,0.483871,0.066272,8.166659,64,29,0.083332
36,15,62,0.500000,0.016125,8.179582,62,31,0.020276
36,16,71,0.572581,0.108917,9.215890,53,21,0.136956
36,17,73,0.588710,0.196707,10.005773,51,23,0.247345
36,18,65,0.524194,0.144328,8.459693,59,26,0.181483
36,19,58,0.467742,0.079755,7.433189,66,28,0.100286
36,20,65,0.524194,0.195584,9.101121,59,23,0.245933
36,21,60,0.483871,0.096465,8.017251,64,28,0.121298
36,22,66,0.532258,0.238988,9.302296,58,25,0.300510
36,23,75,0.604839,0.179293,9.670704,49,21,0.225449
36,24,61,0.491935,0.186192,8.621499,63,29,0.234123
36,25,74,0.596774,0.207899,9.891838,50,23,0.811418
36,26,56,0.451613,0.180255,7.467215,68,36,0.226659
36,27,68,0.548387,0.177233,9.306255,56,23,0.222859
36,28,57,0.459677,0.000000,7.639687,67,31,0.000000
36,29,64,0.516129,0.086875,7.941359,60,28,0.109239
36,30,57,0.459677,0.120612,7.643059,67,39,0.151662
36,31,56,0.451613,0.021308,7.727018,68,43,0.026794
36,32,73,0.588710,0.146440,9.668233,51,23,0.184138
36,33,62,0.500000,0.050185,8.347531,62,28,0.063104
36,34,62,0.500000,0.154281,8.115328,62,25,0.193997
36,35,65,0.524194,0.111081,8.175852,59,23,0.139677
36,36,60,0.483871,0.054175,8.068919,64,32,0.068122
36,37,64,0.516129,0.000000,8.653356,60,24,0.000000
36,38,54,0.435484,0.081954,7.968562,70,48,0.103052
36,39,68,0.548387,0.137852,9.168120,56,24,0.173340
36,40,54,0.435484,0.094367,6.987113,70,47,0.118660
36,41,56,0.451613,0.106126,7.479930,68,32,0.133446
36,42,57,0.459677,0.065032,7.509748,67,31,0.081773
36,43,63,0.508065,0.169458,8.550677,61,26,0.213081
36,44,64,0.516129,0.121016,8.418616,60,26,0.152170
36,45,65,0.524194,0.237339,9.457580,59,27,0.298437
36,46,67,0.540323,0.221710,9.652244,57,26,0.278785
36,47,70,0.564516,0.142627,9.228989,54,24,0.179344
36,48,61,0.491935,0.189560,8.532093,63,26,0.238358
36,49,60,0.483871,0.146126,8.222882,64,24,0.183743
36,50,66,0.532258,0.146513,8.116083,58,23,0.184230
36,51,60,0.483871,0.125765,7.812552,64,26,0.158140
36,52,58,0.467742,0.101088,7.766899,66,33,0.127111
36,53,73,0.588710,0.227193,10.049238,51,21,0.285679
36,54,59,0.475806,0.146866,7.592957,65,32,0.184674
36,55,67,0.540323,0.070545,9.052860,57,22,0.088705
36,56,67,0.540323,0.160760,9.404023,57,25,0.202144
36,57,69,0.556452,0.205416,8.968628,55,23,0.258297
36,58,69,0.556452,0.124496,9.229941,55,24,0.156545
36,59,64,0.516129,0.258646,8.777335,60,26,0.325229
36,60,61,0.491935,0.164469,8.853025,63,26,0.206809
36,61,60,0.483871,0.052231,7.639533,64,29,0.065677
36,62,57,0.459677,0.117627,7.008260,67,40,0.147908
36,63,61,0.491935,0.138125,8.241560,63,26,0.173683
36,64,67,0.540323,0.252409,9.203165,57,28,0.317387
36,65,68,0.548387,0.146440,8.747412,56,22,0.184138
36,66,59,0.475806,0.152427,8.525513,65,28,0.191666
36,67,62,0.500000,0.149677,8.041303,62,25,0.188209
36,68,55,0.443548,0.106445,7.785724,69,39,0.133847
36,69,54,0.435484,0.083445,6.850311,70,44,0.104927
36,70,56,0.451613,0.000000,7.784660,68,30,0.000000
36,71,59,0.475806,0.221744,8.281284,65,27,0.278828
36,72,58,0.467742,0.178411,7.472512,66,29,0.774340
36,73,58,0.467742,0.028075,7.689055,66,44,0.035302
36,74,55,0.443548,0.055321,7.093606,69,42,0.069562
36,75,51,0.411290,0.044454,6.706458,73,63,0.055898
36,76,56,0.451613,0.072454,7.156032,68,27,0.091106
36,77,64,0.516129,0.169067,8.531985,60,21,0.212590
36,78,69,0.556452,0.163729,9.470197,55,24,0.755877
36,79,63,0.508065,0.023559,8.994254,61,26,0.029624
36,80,59,0.475806,0.142551,8.123801,65,34,0.179247
36,81,61,0.491935,0.171803,8.277475,63,27,0.766030
36,82,62,0.500000,0.149014,8.024738,62,26,0.187375
36,83,67,0.540323,0.124631,8.571683,57,26,0.156714
36,84,67,0.540323,0.088958,9.118891,57,25,0.111858
36,85,57,0.459677,0.065300,7.333966,67,42,0.082110
36,86,64,0.516129,0.000000,8.750321,60,27,0.000000
36,87,53,0.427419,0.094088,7.394844,71,60,0.118309
36,88,55,0.443548,0.156977,8.043371,69,36,0.197388
36,89,56,0.451613,0.030430,7.830072,68,33,0.038264
36,90,66,0.532258,0.125102,8.744350,58,27,0.157307
36,91,60,0.483871,0.124738,7.946193,64,30,0.156850
36,92,69,0.556452,0.097309,8.884927,55,27,0.122359
36,93,63,0.508065,0.213684,8.715127,61,24,0.268693
36,94,60,0.483871,0.134743,7.520388,64,28,0.169430
36,95,59,0.475806,0.071968,7.788961,65,36,0.090495
36,96,53,0.427419,0.104781,7.755315,71,35,0.131755
36,97,66,0.532258,0.289902,9.714015,58,27,0.364531
36,98,60,0.483871,0.089478,7.436695,64,28,0.112512
36,99,72,0.580645,0.181218,9.500581,52,22,0.227869
36,100,61,0.491935,0.149851,7.792966,63,23,0.188427
36,101,64,0.516129,0.035756,8.319877,60,24,0.044961
36,102,69,0.556452,0.255225,9.686234,55,23,0.320928
36,103,64,0.516129,0.191046,9.210664,60,27,0.240228
36,104,58,0.467742,0.100547,7.991734,66,27,0.126431
36,105,68,0.548387,0.289449,9.484739,56,24,0.913963
36,106,53,0.427419,0.082028,7.435335,71,73,0.103145
36,107,64,0.516129,0.193233,8.988206,60,23,0.242978
36,108,61,0.491935,0.017743,7.903318,63,29,0.022311
36,109,63,0.508065,0.093327,8.251321,61,27,0.117352
36,110,57,0.459677,0.146097,7.890746,67,31,0.183707
36,111,62,0.500000,0.220185,8.240797,62,26,0.276867
36,112,61,0.491935,0.055110,7.984050,63,31,0.069297
36,113,70,0.564516,0.119492,9.211329,54,24,0.150253
36,114,64,0.516129,0.059169,8.517765,60,25,0.074401
36,115,58,0.467742,0.160049,7.979456,66,31,0.201251
36,116,51,0.411290,0.000000,7.139034,73,65,0.000000
36,117,63,0.508065,0.184108,8.113254,61,25,0.781503
36,118,56,0.451613,0.074814,7.335992,68,36,0.094073
36,119,60,0.483871,0.165816,7.707103,64,28,0.208502
36,120,60,0.483871,0.105994,8.407705,64,31,0.133280
36,121,65,0.524194,0.119291,8.613946,59,23,0.150000
36,122,71,0.572581,0.357873,10.299506,53,22,0.450000
36,123,58,0.467742,0.149857,8.294097,66,32,0.188435
36,124,63,0.508065,0.125205,8.187419,61,24,0.157437
37,0,72,0.580645,0.284269,9.993026,52,22,0.416919
37,1,68,0.548387,0.200614,9.691201,56,27,0.294228
37,2,68,0.548387,0.147974,8.981220,56,24,0.217024
37,3,65,0.524194,0.173703,8.887681,59,23,0.254759
37,4,55,0.443548,0.033491,7.634138,69,34,0.049119
37,5,67,0.540323,0.169259,10.114661,57,27,0.248243
37,6,61,0.491935,0.105068,8.170115,63,27,0.154097
37,7,59,0.475806,0.000000,7.154923,65,28,0.000000
37,8,61,0.491935,0.156397,7.825799,63,26,0.229377
37,9,67,0.540323,0.178258,8.992946,57,21,0.261441
37,10,61,0.491935,0.157040,7.888028,63,29,0.230322
37,11,63,0.508065,0.230431,8.413407,61,25,0.337959
37,12,64,0.516129,0.122108,8.522884,60,25,0.179088
37,13,60,0.483871,0.148784,7.989249,64,29,0.218212
37,14,60,0.483871,0.096977,8.044215,64,29,0.142230
37,15,62,0.500000,0.088309,8.359551,62,31,0.129517
37,16,71,0.572581,0.137439,9.379608,53,21,0.201574
37,17,73,0.588710,0.223803,10.266068,51,23,0.328239
37,18,65,0.524194,0.171914,8.649975,59,26,0.252136
37,19,58,0.467742,0.065651,7.470907,66,28,0.096286
37,20,65,0.524194,0.149457,8.848286,59,23,0.219200
37,21,60,0.483871,0.115924,8.182074,64,28,0.170019
37,22,66,0.532258,0.209845,9.104721,58,25,0.307767
37,23,75,0.604839,0.161782,9.482901,49,21,0.237276
37,24,61,0.491935,0.155729,8.587546,63,29,0.228398
37,25,74,0.596774,0.181452,10.129851,50,24,0.266125
37,26,56,0.451613,0.199750,7.112854,68,36,0.842960
37,27,68,0.548387,0.131911,9.599992,56,23,0.193466
37,28,57,0.459677,0.000000,7.504833,67,31,0.000000
37,29,64,0.516129,0.088316,7.966208,60,28,0.129528
37,30,57,0.459677,0.167727,7.708365,67,39,0.245996
37,31,56,0.451613,0.059982,7.557456,68,43,0.087972
37,32,73,0.588710,0.160706,9.544373,51,23,0.235697
37,33,62,0.500000,0.139675,8.473573,62,28,0.204853
37,34,62,0.500000,0.140740,8.129686,62,25,0.206415
37,35,65,0.524194,0.120529,8.501616,59,23,0.176772
37,36,60,0.483871,0.012809,7.926784,64,32,0.018786
37,37,64,0.516129,0.029667,8.749476,60,24,0.043511
37,38,54,0.435484,0.095932,8.154748,70,48,0.140697
37,39,68,0.548387,0.072126,8.721414,56,24,0.105782
37,40,54,0.435484,0.101272,6.800725,70,47,0.148530
37,41,56,0.451613,0.054521,7.231452,68,32,0.079963
37,42,57,0.459677,0.079554,7.640098,67,31,0.116677
37,43,63,0.508065,0.173673,8.138398,61,26,0.254716
37,44,64,0.516129,0.110760,8.391967,60,26,0.162445
37,45,65,0.524194,0.220089,9.337544,59,27,0.322791
37,46,67,0.540323,0.179348,9.409608,57,26,0.263039
37,47,70,0.564516,0.176124,9.307161,54,24,0.258310
37,48,61,0.491935,0.150046,8.065967,63,26,0.770063
37,49,60,0.483871,0.110671,7.949184,64,24,0.162314
37,50,66,0.532258,0.128905,8.042865,58,23,0.189056
37,51,60,0.483871,0.134761,7.903976,64,26,0.197646
37,52,58,0.467742,0.083781,7.757177,66,33,0.122877
37,53,73,0.588710,0.221857,10.072054,51,21,0.325384
37,54,59,0.475806,0.148695,7.598323,65,32,0.768081
37,55,67,0.540323,0.090030,8.998437,57,22,0.132042
37,56,67,0.540323,0.203361,9.705492,57,25,0.298258
37,57,69,0.556452,0.206982,8.887115,55,23,0.853567
37,58,69,0.556452,0.074548,9.080980,55,24,0.109335
37,59,64,0.516129,0.240464,8.600897,60,26,0.352674
37,60,61,0.491935,0.161636,8.588406,63,26,0.237062
37,61,60,0.483871,0.034702,7.534355,64,29,0.050895
37,62,57,0.459677,0.107683,7.073192,67,40,0.157931
37,63,61,0.491935,0.169586,8.244484,63,26,0.248722
37,64,67,0.540323,0.259863,9.164009,57,28,0.381125
37,65,68,0.548387,0.163621,8.863744,56,22,0.239973
37,66,59,0.475806,0.133994,8.088435,65,28,0.196520
37,67,62,0.500000,0.131113,7.884815,62,25,0.192295
37,68,55,0.443548,0.121533,7.761395,69,39,0.178245
37,69,54,0.435484,0.107755,6.708255,70,44,0.158038
37,70,56,0.451613,0.002915,7.732083,68,30,0.004276
37,71,59,0.475806,0.248166,8.341991,65,27,0.363971
37,72,58,0.467742,0.152649,7.786908,66,30,0.223881
37,73,58,0.467742,0.036862,7.498309,66,44,0.054063
37,74,55,0.443548,0.044321,6.865155,69,42,0.065004
37,75,51,0.411290,0.087914,6.990132,73,63,0.128939
37,76,56,0.451613,0.096064,7.120333,68,27,0.140892
37,77,64,0.516129,0.099454,8.254041,60,21,0.145864
37,78,69,0.556452,0.084052,9.262479,55,25,0.123274
37,79,63,0.508065,0.041337,8.856368,61,26,0.060627
37,80,59,0.475806,0.148377,8.288053,65,34,0.767616
37,81,61,0.491935,0.078499,8.141915,63,28,0.115130
37,82,62,0.500000,0.139758,7.942680,62,26,0.204975
37,83,67,0.540323,0.150219,8.517352,57,26,0.220317
37,84,67,0.540323,0.096591,9.064067,57,25,0.141664
37,85,57,0.459677,0.081309,7.505079,67,42,0.119251
37,86,64,0.516129,0.000000,8.830949,60,27,0.000000
37,87,53,0.427419,0.107146,7.063303,71,60,0.157144
37,88,55,0.443548,0.148680,8.039923,69,36,0.218060
37,89,56,0.451613,0.048190,7.778660,68,33,0.070677
37,90,66,0.532258,0.149220,8.551882,58,27,0.768852
37,91,60,0.483871,0.112958,7.973680,64,30,0.165669
37,92,69,0.556452,0.043931,8.799286,55,27,0.064431
37,93,63,0.508065,0.234243,8.812537,61,24,0.343550
37,94,60,0.483871,0.138608,7.317388,64,28,0.203288
37,95,59,0.475806,0.082157,7.916285,65,36,0.120495
37,96,53,0.427419,0.131941,7.688355,71,35,0.193510
37,97,66,0.532258,0.221498,9.338017,58,27,0.324857
37,98,60,0.483871,0.054522,7.445657,64,28,0.079964
37,99,72,0.580645,0.150257,9.590619,52,22,0.220373
37,100,61,0.491935,0.208740,8.149053,63,23,0.306146
37,101,64,0.516129,0.110333,8.362293,60,24,0.161819
37,102,69,0.556452,0.283452,9.633412,55,23,0.415722
37,103,64,0.516129,0.222771,9.490566,60,27,0.326724
37,104,58,0.467742,0.142268,7.970600,66,27,0.208656
37,105,68,0.548387,0.258571,9.630919,56,25,0.379230
37,106,53,0.427419,0.044867,7.318024,71,73,0.065804
37,107,64,0.516129,0.222719,9.011520,60,23,0.326648
37,108,61,0.491935,0.010470,7.704940,63,29,0.015356
37,109,63,0.508065,0.052147,8.064645,61,27,0.076480
37,110,57,0.459677,0.190482,8.062765,67,31,0.279368
37,111,62,0.500000,0.247054,8.580547,62,26,0.362340
37,112,61,0.491935,0.078563,7.930701,63,31,0.115224
37,113,70,0.564516,0.156231,9.408127,54,24,0.229135
37,114,64,0.516129,0.062379,8.426106,60,25,0.091488
37,115,58,0.467742,0.136314,7.976044,66,31,0.199924
37,116,51,0.411290,0.009248,7.159809,73,65,0.013564
37,117,63,0.508065,0.122669,8.051516,61,26,0.179911
37,118,56,0.451613,0.104576,7.651035,68,36,0.703376
37,119,60,0.483871,0.217748,7.943565,64,28,0.869357
37,120,60,0.483871,0.114009,8.372298,64,31,0.167210
37,121,65,0.524194,0.075693,8.372980,59,23,0.111015
37,122,71,0.572581,0.306824,10.006425,53,22,0.450000
37,123,58,0.467742,0.126015,8.142145,66,32,0.184818
37,124,63,0.508065,0.166543,8.051373,61,24,0.244258
38,0,72,0.580645,0.276106,9.987270,52,22,0.364026
38,1,68,0.548387,0.192920,9.995416,56,27,0.254350
38,2,68,0.548387,0.131809,8.831327,56,24,0.173780
38,3,65,0.524194,0.188976,8.929502,59,23,0.249151
38,4,55,0.443548,0.013161,7.348843,69,34,0.017351
38,5,67,0.540323,0.221348,10.041051,57,27,0.291832
38,6,61,0.491935,0.120323,8.427257,63,27,0.158637
38,7,59,0.475806,0.000000,6.995807,65,28,0.000000
38,8,61,0.491935,0.163899,7.983258,63,26,0.216089
38,9,67,0.540323,0.132410,8.817128,57,21,0.174572
38,10,61,0.491935,0.158469,7.856710,63,29,0.208929
38,11,63,0.508065,0.224065,8.823523,61,25,0.295413
38,12,64,0.516129,0.171485,8.627326,60,25,0.226090
38,13,60,0.483871,0.138566,7.751256,64,29,0.182690
38,14,60,0.483871,0.052968,8.142301,64,29,0.069834
38,15,62,0.500000,0.000000,8.080141,62,31,0.000000
38,16,71,0.572581,0.103328,8.975341,53,21,0.136230
38,17,73,0.588710,0.293412,10.292567,51,23,0.386843
38,18,65,0.524194,0.147510,8.673353,59,26,0.194482
38,19,58,0.467742,0.080548,7.379540,66,28,0.106197
38,20,65,0.524194,0.215965,9.093965,59,23,0.284734
38,21,60,0.483871,0.113925,8.114100,64,28,0.150202
38,22,66,0.532258,0.212030,9.237098,58,25,0.279546
38,23,75,0.604839,0.156171,9.649197,49,21,0.205900
38,24,61,0.491935,0.142789,8.646777,63,29,0.188257
38,25,74,0.596774,0.125909,10.161247,50,24,0.166003
38,26,56,0.451613,0.226158,7.737777,68,37,0.848173
38,27,68,0.548387,0.154387,9.514551,56,23,0.203549
38,28,57,0.459677,0.000000,7.467110,67,31,0.000000
38,29,64,0.516129,0.111020,7.842662,60,28,0.146372
38,30,57,0.459677,0.155250,7.407133,67,39,0.204686
38,31,56,0.451613,0.063699,7.675890,68,43,0.083983
38,32,73,0.588710,0.165788,9.450791,51,23,0.218580
38,33,62,0.500000,0.128629,8.193260,62,28,0.169589
38,34,62,0.500000,0.152984,8.464247,62,25,0.201698
38,35,65,0.524194,0.141953,8.292925,59,23,0.737154
38,36,60,0.483871,0.000539,8.022169,64,32,0.000711
38,37,64,0.516129,0.076861,8.560195,60,24,0.101336
38,38,54,0.435484,0.161000,8.253001,70,48,0.212267
38,39,68,0.548387,0.150298,8.677540,56,24,0.198157
38,40,54,0.435484,0.106564,6.715359,70,47,0.690497
38,41,56,0.451613,0.095152,7.203796,68,32,0.125451
38,42,57,0.459677,0.044287,7.393830,67,31,0.058390
38,43,63,0.508065,0.176744,8.358433,61,26,0.233025
38,44,64,0.516129,0.172449,8.732097,60,26,0.227362
38,45,65,0.524194,0.207752,8.988958,59,27,0.273906
38,46,67,0.540323,0.178888,9.466593,57,26,0.235851
38,47,70,0.564516,0.122682,9.169300,54,24,0.161747
38,48,61,0.491935,0.157763,8.316544,63,27,0.207999
38,49,60,0.483871,0.148039,8.195899,64,24,0.195178
38,50,66,0.532258,0.163526,8.274889,58,23,0.215597
38,51,60,0.483871,0.134430,7.925157,64,26,0.177236
38,52,58,0.467742,0.105540,7.671533,66,33,0.139146
38,53,73,0.588710,0.258439,10.159560,51,21,0.340733
38,54,59,0.475806,0.133199,7.527196,65,33,0.175613
38,55,67,0.540323,0.116420,8.907497,57,22,0.153491
38,56,67,0.540323,0.151403,9.644321,57,25,0.199614
38,57,69,0.556452,0.092671,8.908927,55,24,0.122180
38,58,69,0.556452,0.115251,9.164422,55,24,0.151951
38,59,64,0.516129,0.266119,8.662132,60,26,0.900859
38,60,61,0.491935,0.130978,8.493521,63,26,0.172685
38,61,60,0.483871,0.075561,7.808189,64,29,0.649622
38,62,57,0.459677,0.117637,7.290836,67,40,0.155096
38,63,61,0.491935,0.163254,8.053533,63,26,0.765239
38,64,67,0.540323,0.246557,9.098366,57,28,0.325068
38,65,68,0.548387,0.163619,8.701889,56,22,0.215719
38,66,59,0.475806,0.148303,8.406004,65,28,0.195527
38,67,62,0.500000,0.095999,7.768053,62,25,0.126567
38,68,55,0.443548,0.119214,7.638183,69,39,0.157175
38,69,54,0.435484,0.096156,6.861888,70,44,0.676774
38,70,56,0.451613,0.000000,7.872622,68,30,0.000000
38,71,59,0.475806,0.256687,8.322526,65,27,0.338423
38,72,58,0.467742,0.175066,7.713050,66,30,0.230812
38,73,58,0.467742,0.063021,7.535834,66,44,0.083089
38,74,55,0.443548,0.045727,7.202781,69,42,0.060288
38,75,51,0.411290,0.031883,6.680756,73,63,0.042036
38,76,56,0.451613,0.057514,7.160082,68,27,0.075827
38,77,64,0.516129,0.138850,8.351681,60,21,0.183064
38,78,69,0.556452,0.095001,9.212260,55,25,0.125251
38,79,63,0.508065,0.015664,8.977333,61,26,0.020652
38,80,59,0.475806,0.143930,8.283830,65,35,0.189761
38,81,61,0.491935,0.065762,7.999044,63,28,0.086702
38,82,62,0.500000,0.113057,7.998827,62,26,0.149057
38,83,67,0.540323,0.126199,8.513657,57,26,0.166385
38,84,67,0.540323,0.117593,9.026632,57,25,0.155038
38,85,57,0.459677,0.073836,7.282282,67,42,0.097348
38,86,64,0.516129,0.022595,8.795383,60,27,0.029789
38,87,53,0.427419,0.099836,7.018841,71,60,0.131627
38,88,55,0.443548,0.135434,7.915724,69,36,0.178560
38,89,56,0.451613,0.020183,7.675184,68,33,0.026610
38,90,66,0.532258,0.027980,8.540712,58,28,0.036889
38,91,60,0.483871,0.184703,8.366422,64,30,0.243518
38,92,69,0.556452,0.072675,8.986438,55,27,0.095817
38,93,63,0.508065,0.217809,8.763139,61,24,0.287166
38,94,60,0.483871,0.104595,7.270913,64,28,0.137901
38,95,59,0.475806,0.090692,7.843341,65,36,0.119570
38,96,53,0.427419,0.079138,7.582970,71,35,0.104338
38,97,66,0.532258,0.298076,9.704254,58,27,0.392991
38,98,60,0.483871,0.123195,7.684399,64,28,0.162424
38,99,72,0.580645,0.159450,9.595817,52,22,0.210224
38,100,61,0.491935,0.149798,7.999037,63,23,0.197498
38,101,64,0.516129,0.095207,8.329019,60,24,0.125524
38,102,69,0.556452,0.331982,9.638993,55,23,0.437694
38,103,64,0.516129,0.242519,9.345860,60,27,0.319743
38,104,58,0.467742,0.120007,7.699057,66,27,0.158220
38,105,68,0.548387,0.239163,9.626632,56,25,0.865319
38,106,53,0.427419,0.000000,7.139422,71,73,0.000000
38,107,64,0.516129,0.169747,8.703869,60,23,0.223800
38,108,61,0.491935,0.062942,7.606020,63,29,0.082984
38,109,63,0.508065,0.091427,8.206593,61,27,0.120540
38,110,57,0.459677,0.191737,8.108289,67,31,0.252792
38,111,62,0.500000,0.172719,8.238226,62,26,0.227717
38,112,61,0.491935,0.117565,8.036900,63,31,0.155001
38,113,70,0.564516,0.152781,9.422509,54,24,0.201430
38,114,64,0.516129,0.026004,8.521347,60,25,0.034284
38,115,58,0.467742,0.181259,8.171929,66,31,0.238977
38,116,51,0.411290,0.025971,7.263663,73,65,0.034241
38,117,63,0.508065,0.127614,8.071104,61,26,0.168250
38,118,56,0.451613,0.101562,7.557894,68,37,0.133903
38,119,60,0.483871,0.116738,8.004183,64,29,0.153911
38,120,60,0.483871,0.123714,8.519725,64,31,0.163108
38,121,65,0.524194,0.099538,8.522432,59,23,0.131234
38,122,71,0.572581,0.341316,10.089085,53,22,0.450000
38,123,58,0.467742,0.104962,7.965227,66,32,0.138385
38,124,63,0.508065,0.115419,8.016550,61,24,0.152172
39,0,72,0.580645,0.281151,9.763238,52,22,0.419196
39,1,68,0.548387,0.133489,9.590839,56,27,0.199032
39,2,68,0.548387,0.150385,9.167721,56,24,0.224223
39,3,65,0.524194,0.176874,8.725737,59,23,0.263718
39,4,55,0.443548,0.076652,7.681206,69,34,0.114288
39,5,67,0.540323,0.205761,9.837296,57,27,0.306788
39,6,61,0.491935,0.129648,8.616424,63,27,0.193304
39,7,59,0.475806,0.100106,7.385165,65,28,0.149258
39,8,61,0.491935,0.166490,8.214827,63,26,0.248236
39,9,67,0.540323,0.107454,8.536938,57,21,0.160214
39,10,61,0.491935,0.137581,7.891808,63,29,0.205134
39,11,63,0.508065,0.227835,8.584096,61,25,0.339702
39,12,64,0.516129,0.166835,8.551690,60,25,0.248751
39,13,60,0.483871,0.139984,8.016839,64,29,0.208716
39,14,60,0.483871,0.057156,8.259795,64,29,0.085219
39,15,62,0.500000,0.064710,8.090131,62,31,0.096482
39,16,71,0.572581,0.112848,9.373312,53,21,0.168256
39,17,73,0.588710,0.252779,10.089073,51,23,0.376892
39,18,65,0.524194,0.110331,8.451949,59,26,0.164503
39,19,58,0.467742,0.118623,7.813693,66,28,0.176867
39,20,65,0.524194,0.171398,8.870899,59,23,0.255554
39,21,60,0.483871,0.069672,7.912942,64,28,0.103881
39,22,66,0.532258,0.239613,9.050851,58,25,0.357263
39,23,75,0.604839,0.221981,9.947752,49,21,0.330973
39,24,61,0.491935,0.129653,8.443342,63,29,0.193312
39,25,74,0.596774,0.147216,10.130943,50,24,0.219499
39,26,56,0.451613,0.161069,7.589727,68,38,0.240153
39,27,68,0.548387,0.110002,9.183586,56,23,0.164013
39,28,57,0.459677,0.036294,7.623673,67,31,0.054115
39,29,64,0.516129,0.089019,7.646182,60,28,0.132728
39,30,57,0.459677,0.148663,7.344224,67,39,0.221655
39,31,56,0.451613,0.062440,7.756151,68,43,0.093097
39,32,73,0.588710,0.203255,9.740614,51,23,0.303053
39,33,62,0.500000,0.157463,8.463329,62,28,0.234777
39,34,62,0.500000,0.105130,8.146204,62,25,0.156748
39,35,65,0.524194,0.115300,8.206481,59,24,0.171911
39,36,60,0.483871,0.000000,7.917330,64,32,0.000000
39,37,64,0.516129,0.062767,8.763494,60,24,0.093585
39,38,54,0.435484,0.163885,8.051640,70,48,0.244351
39,39,68,0.548387,0.151372,8.563417,56,24,0.225696
39,40,54,0.435484,0.131699,6.809541,70,48,0.196363
39,41,56,0.451613,0.060922,7.206689,68,32,0.090835
39,42,57,0.459677,0.133443,7.537008,67,31,0.198963
39,43,63,0.508065,0.165779,8.371255,61,26,0.247177
39,44,64,0.516129,0.183264,9.021855,60,26,0.273247
39,45,65,0.524194,0.225538,9.059173,59,27,0.336277
39,46,67,0.540323,0.205737,9.210042,57,26,0.306754
39,47,70,0.564516,0.083807,9.281201,54,24,0.124956
39,48,61,0.491935,0.136732,7.996338,63,27,0.203867
39,49,60,0.483871,0.194455,8.155122,64,24,0.839931
39,50,66,0.532258,0.178770,8.905135,58,23,0.266546
39,51,60,0.483871,0.155372,7.632757,64,26,0.781659
39,52,58,0.467742,0.099435,7.414126,66,33,0.148257
39,53,73,0.588710,0.250158,10.102550,51,21,0.372985
39,54,59,0.475806,0.147524,7.843685,65,33,0.219957
39,55,67,0.540323,0.133483,9.058209,57,22,0.199023
39,56,67,0.540323,0.155417,9.688935,57,25,0.231727
39,57,69,0.556452,0.065864,8.666105,55,24,0.098202
39,58,69,0.556452,0.116599,9.119006,55,24,0.173849
39,59,64,0.516129,0.102027,8.428423,60,27,0.152121
39,60,61,0.491935,0.166979,8.614095,63,26,0.248965
39,61,60,0.483871,0.111514,8.062253,64,30,0.716267
39,62,57,0.459677,0.075950,7.093493,67,40,0.113242
39,63,61,0.491935,0.100172,8.123116,63,27,0.149357
39,64,67,0.540323,0.210220,8.981931,57,28,0.313437
39,65,68,0.548387,0.203255,8.313325,56,22,0.853053
39,66,59,0.475806,0.161896,7.988384,65,28,0.241387
39,67,62,0.500000,0.115837,8.124621,62,25,0.172713
39,68,55,0.443548,0.085615,7.271632,69,39,0.127651
39,69,54,0.435484,0.064122,6.993468,70,45,0.095606
39,70,56,0.451613,0.000000,7.548946,68,30,0.000000
39,71,59,0.475806,0.196569,8.243237,65,27,0.293083
39,72,58,0.467742,0.185068,7.830853,66,30,0.275936
39,73,58,0.467742,0.090483,7.664021,66,44,0.134910
39,74,55,0.443548,0.076877,7.280616,69,42,0.114623
39,75,51,0.411290,0.070026,6.699102,73,63,0.104408
39,76,56,0.451613,0.082511,7.169415,68,27,0.123023
39,77,64,0.516129,0.176468,8.595737,60,21,0.263114
39,78,69,0.556452,0.078823,8.881832,55,25,0.117525
39,79,63,0.508065,0.065076,8.772880,61,26,0.097028
39,80,59,0.475806,0.096981,8.023322,65,35,0.144599
39,81,61,0.491935,0.098527,8.203848,63,28,0.146904
39,82,62,0.500000,0.095435,8.128499,62,26,0.142293
39,83,67,0.540323,0.231671,8.657958,57,26,0.895420
39,84,67,0.540323,0.089470,8.942608,57,25,0.133399
39,85,57,0.459677,0.083286,7.209968,67,42,0.124179
39,86,64,0.516129,0.013642,8.716297,60,27,0.020340
39,87,53,0.427419,0.038168,6.828143,71,60,0.056909
39,88,55,0.443548,0.124299,7.676661,69,36,0.185330
39,89,56,0.451613,0.031255,7.637533,68,33,0.046601
39,90,66,0.532258,0.062405,8.795266,58,28,0.093046
39,91,60,0.483871,0.205245,8.283460,64,30,0.306019
39,92,69,0.556452,0.116429,8.803487,55,27,0.173595
39,93,63,0.508065,0.211524,8.298489,61,24,0.315381
39,94,60,0.483871,0.128607,7.327946,64,28,0.191753
39,95,59,0.475806,0.087109,7.952118,65,36,0.129879
39,96,53,0.427419,0.079842,7.382469,71,35,0.119044
39,97,66,0.532258,0.192276,9.249111,58,27,0.286683
39,98,60,0.483871,0.132815,7.613534,64,28,0.198027
39,99,72,0.580645,0.231419,9.760435,52,22,0.345045
39,100,61,0.491935,0.206594,8.086788,63,23,0.308031
39,101,64,0.516129,0.072767,8.334732,60,24,0.108495
39,102,69,0.556452,0.263046,9.352474,55,23,0.942200
39,103,64,0.516129,0.150671,8.905342,60,27,0.224651
39,104,58,0.467742,0.107790,7.839480,66,27,0.710715
39,105,68,0.548387,0.214098,9.627127,56,26,0.319219
39,106,53,0.427419,0.053865,7.230682,71,73,0.080313
39,107,64,0.516129,0.147198,8.641048,60,23,0.219472
39,108,61,0.491935,0.062543,7.645815,63,29,0.093251
39,109,63,0.508065,0.171379,8.558556,61,27,0.255525
39,110,57,0.459677,0.215251,8.004857,67,31,0.320938
39,111,62,0.500000,0.122578,8.057223,62,26,0.182764
39,112,61,0.491935,0.108481,8.158582,63,31,0.161745
39,113,70,0.564516,0.170883,9.576880,54,24,0.254786
39,114,64,0.516129,0.029521,8.401746,60,25,0.044016
39,115,58,0.467742,0.106097,8.029930,66,31,0.158191
39,116,51,0.411290,0.044670,7.338174,73,65,0.066603
39,117,63,0.508065,0.109433,8.310962,61,26,0.163164
39,118,56,0.451613,0.157700,7.773187,68,37,0.235130
39,119,60,0.483871,0.171726,8.095799,64,29,0.256043
39,120,60,0.483871,0.120192,8.347824,64,31,0.179207
39,121,65,0.524194,0.085900,8.281545,59,23,0.128076
39,122,71,0.572581,0.301811,9.979236,53,22,0.450000
39,123,58,0.467742,0.102696,7.704314,66,32,0.153119
39,124,63,0.508065,0.062651,8.247951,61,24,0.093412
40,0,72,0.580645,0.315629,10.045428,52,22,1.000000
40,1,68,0.548387,0.135802,9.642575,56,27,0.193615
40,2,68,0.548387,0.121873,8.882966,56,24,0.173758
40,3,65,0.524194,0.149698,8.730851,59,23,0.213428
40,4,55,0.443548,0.052273,7.674591,69,34,0.074527
40,5,67,0.540323,0.202095,10.039254,57,27,0.288131
40,6,61,0.491935,0.114340,8.366708,63,27,0.163017
40,7,59,0.475806,0.026783,7.370991,65,28,0.038185
40,8,61,0.491935,0.165901,7.957659,63,26,0.236529
40,9,67,0.540323,0.144846,8.658103,57,21,0.206510
40,10,61,0.491935,0.121864,7.754836,63,29,0.173745
40,11,63,0.508065,0.167933,8.215831,61,25,0.239426
40,12,64,0.516129,0.145281,8.415738,60,25,0.207130
40,13,60,0.483871,0.108000,7.821477,64,29,0.153978
40,14,60,0.483871,0.124501,8.149281,64,29,0.177504
40,15,62,0.500000,0.052451,8.055176,62,31,0.074780
40,16,71,0.572581,0.072361,9.177660,53,21,0.103166
40,17,73,0.588710,0.232297,9.880200,51,23,0.331192
40,18,65,0.524194,0.120853,8.794307,59,26,0.172303
40,19,58,0.467742,0.090725,7.609274,66,28,0.129348
40,20,65,0.524194,0.159637,8.667813,59,23,0.227598
40,21,60,0.483871,0.087420,8.115108,64,28,0.124637
40,22,66,0.532258,0.265768,9.369475,58,25,0.928912
40,23,75,0.604839,0.229494,9.919750,49,21,0.327195
40,24,61,0.491935,0.111311,8.393646,63,29,0.158699
40,25,74,0.596774,0.101740,10.182358,50,24,0.145053
40,26,56,0.451613,0.183648,7.384943,68,38,0.261831
40,27,68,0.548387,0.170216,9.339327,56,23,0.242681
40,28,57,0.459677,0.041464,7.753184,67,31,0.059116
40,29,64,0.516129,0.073219,7.814762,60,28,0.104390
40,30,57,0.459677,0.161567,7.421227,67,39,0.230350
40,31,56,0.451613,0.045207,7.758008,68,43,0.064453
40,32,73,0.588710,0.207870,9.629633,51,23,0.296365
40,33,62,0.500000,0.167405,8.343302,62,28,0.788673
40,34,62,0.500000,0.138404,8.188187,62,25,0.197325
40,35,65,0.524194,0.122963,8.386018,59,24,0.175312
40,36,60,0.483871,0.000515,8.058330,64,32,0.000734
40,37,64,0.516129,0.124673,8.812203,60,24,0.177749
40,38,54,0.435484,0.061113,7.694363,70,48,0.087130
40,39,68,0.548387,0.122138,8.840037,56,24,0.174134
40,40,54,0.435484,0.128790,6.993055,70,48,0.183618
40,41,56,0.451613,0.070614,7.054623,68,32,0.100677
40,42,57,0.459677,0.130736,7.241820,67,31,0.186394
40,43,63,0.508065,0.165348,8.436958,61,26,0.235740
40,44,64,0.516129,0.124309,8.855576,60,26,0.177230
40,45,65,0.524194,0.262529,9.204453,59,27,0.374294
40,46,67,0.540323,0.158618,9.274176,57,26,0.226146
40,47,70,0.564516,0.104934,9.147599,54,24,0.149607
40,48,61,0.491935,0.170625,8.124373,63,27,0.243264
40,49,60,0.483871,0.103330,7.813458,64,25,0.147320
40,50,66,0.532258,0.151611,8.327808,58,23,0.216156
40,51,60,0.483871,0.083985,7.795410,64,27,0.119740
40,52,58,0.467742,0.105237,7.523368,66,33,0.150039
40,53,73,0.588710,0.262998,10.052429,51,21,0.374962
40,54,59,0.475806,0.135465,7.738581,65,33,0.193135
40,55,67,0.540323,0.162028,8.908602,57,22,0.231008
40,56,67,0.540323,0.137973,9.433967,57,25,0.196712
40,57,69,0.556452,0.094568,9.122659,55,24,0.134827
40,58,69,0.556452,0.115952,9.311762,55,24,0.165316
40,59,64,0.516129,0.129745,8.388374,60,27,0.184980
40,60,61,0.491935,0.143274,8.417729,63,26,0.204269
40,61,60,0.483871,0.017094,8.163732,64,31,0.024371
40,62,57,0.459677,0.077256,6.931490,67,40,0.660146
40,63,61,0.491935,0.098411,7.848451,63,27,0.140306
40,64,67,0.540323,0.198804,8.781485,57,28,0.283439
40,65,68,0.548387,0.181905,8.567576,56,23,0.259347
40,66,59,0.475806,0.159712,8.160631,65,28,0.227705
40,67,62,0.500000,0.162321,8.379283,62,25,0.231425
40,68,55,0.443548,0.116986,7.524890,69,39,0.166790
40,69,54,0.435484,0.086004,7.174984,70,45,0.122618
40,70,56,0.451613,0.000000,7.819730,68,30,0.000000
40,71,59,0.475806,0.174813,8.216513,65,27,0.249235
40,72,58,0.467742,0.213556,7.621176,66,30,0.304472
40,73,58,0.467742,0.088969,7.488407,66,44,0.676845
40,74,55,0.443548,0.063129,6.956953,69,42,0.640005
40,75,51,0.411290,0.091124,6.783151,73,63,0.129917
40,76,56,0.451613,0.021436,6.774933,68,27,0.030562
40,77,64,0.516129,0.175067,8.339538,60,21,0.249597
40,78,69,0.556452,0.050664,9.082576,55,25,0.072232
40,79,63,0.508065,0.048078,9.040402,61,26,0.068546
40,80,59,0.475806,0.079956,8.145142,65,35,0.113995
40,81,61,0.491935,0.115114,8.283355,63,28,0.164120
40,82,62,0.500000,0.101049,8.007024,62,26,0.144068
40,83,67,0.540323,0.169546,8.717319,57,27,0.241726
40,84,67,0.540323,0.030962,8.702289,57,25,0.044143
40,85,57,0.459677,0.144070,7.405267,67,42,0.205403
40,86,64,0.516129,0.000000,8.903048,60,27,0.000000
40,87,53,0.427419,0.087665,7.374504,71,60,0.124985
40,88,55,0.443548,0.087703,7.460648,69,36,0.125040
40,89,56,0.451613,0.026192,7.563652,68,33,0.037343
40,90,66,0.532258,0.100139,8.645176,58,28,0.142770
40,91,60,0.483871,0.265309,8.522048,64,30,0.378257
40,92,69,0.556452,0.144024,8.901273,55,27,0.205338
40,93,63,0.508065,0.216518,8.562894,61,24,0.308694
40,94,60,0.483871,0.176949,7.565710,64,28,0.252281
40,95,59,0.475806,0.124841,8.007466,65,36,0.177989
40,96,53,0.427419,0.088383,7.447086,71,35,0.126009
40,97,66,0.532258,0.285120,9.424050,58,27,0.406502
40,98,60,0.483871,0.100647,7.529869,64,28,0.143494
40,99,72,0.580645,0.229721,9.676238,52,22,0.327519
40,100,61,0.491935,0.237917,8.153428,63,23,0.339204
40,101,64,0.516129,0.052782,8.476897,60,24,0.075253
40,102,69,0.556452,0.269857,9.470380,55,24,0.384742
40,103,64,0.516129,0.132450,8.896715,60,27,0.188837
40,104,58,0.467742,0.174281,7.935476,66,28,0.248477
40,105,68,0.548387,0.233346,9.936267,56,26,0.332686
40,106,53,0.427419,0.057539,7.378822,71,73,0.082035
40,107,64,0.516129,0.218468,8.844741,60,23,0.311475
40,108,61,0.491935,0.040132,7.472167,63,29,0.057217
40,109,63,0.508065,0.164848,8.534148,61,27,0.235027
40,110,57,0.459677,0.190906,8.215873,67,31,0.272179
40,111,62,0.500000,0.193307,7.880053,62,26,0.825603
40,112,61,0.491935,0.093456,7.965468,63,31,0.133243
40,113,70,0.564516,0.130588,9.389890,54,24,0.186182
40,114,64,0.516129,0.052372,8.589146,60,25,0.074668
40,115,58,0.467742,0.144231,8.148637,66,31,0.205634
40,116,51,0.411290,0.040016,7.000739,73,65,0.057052
40,117,63,0.508065,0.140300,8.248229,61,26,0.750028
40,118,56,0.451613,0.077686,7.591279,68,37,0.110759
40,119,60,0.483871,0.157915,8.061625,64,29,0.225143
40,120,60,0.483871,0.161915,8.396061,64,31,0.230846
40,121,65,0.524194,0.099398,8.263837,59,23,0.141714
40,122,71,0.572581,0.305197,10.070210,53,22,0.435127
40,123,58,0.467742,0.105208,7.693703,66,32,0.149998
40,124,63,0.508065,0.151423,8.176572,61,24,0.215887
41,0,72,0.580645,0.293395,9.764482,52,23,0.437089
41,1,68,0.548387,0.134749,9.640230,56,27,0.200745
41,2,68,0.548387,0.139928,8.906663,56,24,0.208459
41,3,65,0.524194,0.214861,8.913339,59,23,0.870092
41,4,55,0.443548,0.065705,7.564196,69,34,0.097885
41,5,67,0.540323,0.183642,9.816293,57,27,0.273583
41,6,61,0.491935,0.140716,8.567613,63,27,0.209634
41,7,59,0.475806,0.039797,7.455416,65,28,0.059289
41,8,61,0.491935,0.160517,8.134283,63,26,0.239132
41,9,67,0.540323,0.105404,8.719053,57,21,0.157027
41,10,61,0.491935,0.127926,7.668514,63,29,0.190579
41,11,63,0.508065,0.186407,8.195075,61,25,0.277703
41,12,64,0.516129,0.123460,8.345242,60,25,0.183926
41,13,60,0.483871,0.114632,8.222639,64,29,0.170775
41,14,60,0.483871,0.071922,7.910476,64,29,0.107147
41,15,62,0.500000,0.089818,7.994472,62,31,0.133808
41,16,71,0.572581,0.084116,9.076737,53,21,0.125313
41,17,73,0.588710,0.237512,9.979767,51,23,0.353837
41,18,65,0.524194,0.072704,8.451111,59,26,0.108312
41,19,58,0.467742,0.075589,7.907252,66,28,0.112610
41,20,65,0.524194,0.120959,8.632811,59,23,0.180201
41,21,60,0.483871,0.037181,7.731094,64,28,0.055392
41,22,66,0.532258,0.217224,9.275197,58,26,0.323613
41,23,75,0.604839,0.256603,9.984362,49,21,0.382278
41,24,61,0.491935,0.184214,8.602630,63,29,0.274436
41,25,74,0.596774,0.138986,10.373064,50,24,0.207057
41,26,56,0.451613,0.201704,7.593041,68,38,0.300491
41,27,68,0.548387,0.173197,9.221339,56,23,0.258022
41,28,57,0.459677,0.025959,7.807660,67,31,0.038673
41,29,64,0.516129,0.100574,7.578331,60,28,0.149832
41,30,57,0.459677,0.115566,7.114991,67,39,0.722166
41,31,56,0.451613,0.051904,7.751531,68,43,0.077325
41,32,73,0.588710,0.238928,9.648296,51,23,0.355946
41,33,62,0.500000,0.181424,8.695659,62,29,0.270279
41,34,62,0.500000,0.159510,8.330794,62,25,0.237632
41,35,65,0.524194,0.047015,7.888406,59,24,0.070042
41,36,60,0.483871,0.024482,7.868112,64,32,0.036473
41,37,64,0.516129,0.083058,8.945603,60,24,0.123736
41,38,54,0.435484,0.148078,8.071440,70,48,0.220601
41,39,68,0.548387,0.211591,8.975600,56,24,0.315221
41,40,54,0.435484,0.097777,6.740942,70,48,0.145665
41,41,56,0.451613,0.109987,7.399480,68,32,0.163854
41,42,57,0.459677,0.158842,7.409537,67,31,0.236637
41,43,63,0.508065,0.165190,8.363161,61,26,0.246093
41,44,64,0.516129,0.137934,8.860213,60,26,0.205490
41,45,65,0.524194,0.287893,9.211388,59,27,0.428893
41,46,67,0.540323,0.184080,9.064340,57,26,0.274236
41,47,70,0.564516,0.119951,9.381686,54,24,0.178698
41,48,61,0.491935,0.102824,7.853029,63,27,0.153184
41,49,60,0.483871,0.108912,7.727987,64,25,0.162253
41,50,66,0.532258,0.173108,8.779628,58,23,0.257890
41,51,60,0.483871,0.127651,8.083550,64,27,0.190170
41,52,58,0.467742,0.077981,7.467909,66,33,0.116174
41,53,73,0.588710,0.238303,9.988190,51,21,0.355016
41,54,59,0.475806,0.101238,7.838601,65,33,0.150820
41,55,67,0.540323,0.135908,9.122533,57,22,0.202470
41,56,67,0.540323,0.118232,9.560230,57,25,0.176138
41,57,69,0.556452,0.079378,8.997526,55,24,0.118255
41,58,69,0.556452,0.082873,8.913575,55,24,0.123461
41,59,64,0.516129,0.129113,8.646840,60,27,0.192349
41,60,61,0.491935,0.112238,8.392302,63,26,0.167209
41,61,60,0.483871,0.040855,8.100086,64,31,0.060864
41,62,57,0.459677,0.054921,7.335333,67,41,0.081819
41,63,61,0.491935,0.110523,7.926218,63,27,0.164653
41,64,67,0.540323,0.170721,8.799801,57,28,0.254333
41,65,68,0.548387,0.196220,8.458539,56,23,0.292322
41,66,59,0.475806,0.174102,8.274792,65,28,0.259371
41,67,62,0.500000,0.131440,8.245916,62,25,0.195815
41,68,55,0.443548,0.122978,7.336848,69,39,0.183208
41,69,54,0.435484,0.125673,7.079166,70,45,0.187222
41,70,56,0.451613,0.000000,7.815355,68,30,0.000000
41,71,59,0.475806,0.183328,8.113610,65,27,0.273116
41,72,58,0.467742,0.216460,7.621896,66,30,0.322475
41,73,58,0.467742,0.040672,7.154586,66,45,0.060591
41,74,55,0.443548,0.055040,7.040148,69,43,0.081997
41,75,51,0.411290,0.107202,6.712423,73,63,0.159705
41,76,56,0.451613,0.063637,7.016096,68,27,0.094805
41,77,64,0.516129,0.226702,8.638256,60,21,0.337733
41,78,69,0.556452,0.101379,9.201471,55,25,0.151030
41,79,63,0.508065,0.000000,8.624101,61,26,0.000000
41,80,59,0.475806,0.084373,8.015543,65,35,0.125696
41,81,61,0.491935,0.103225,7.954019,63,28,0.153780
41,82,62,0.500000,0.117638,8.022629,62,26,0.175253
41,83,67,0.540323,0.187374,8.927534,57,27,0.279143
41,84,67,0.540323,0.095692,8.843301,57,25,0.142559
41,85,57,0.459677,0.125230,7.517137,67,42,0.186563
41,86,64,0.516129,0.000000,8.715792,60,27,0.000000
41,87,53,0.427419,0.037073,6.970903,71,60,0.055230
41,88,55,0.443548,0.115036,7.658771,69,36,0.171376
41,89,56,0.451613,0.096739,7.776298,68,33,0.144118
41,90,66,0.532258,0.087006,8.708769,58,28,0.129619
41,91,60,0.483871,0.230536,8.443249,64,30,0.343444
41,92,69,0.556452,0.126224,8.942951,55,27,0.188043
41,93,63,0.508065,0.245343,8.350307,61,24,0.365503
41,94,60,0.483871,0.189656,7.820949,64,28,0.832542
41,95,59,0.475806,0.113014,7.970461,65,36,0.168365
41,96,53,0.427419,0.091724,7.371920,71,35,0.136646
41,97,66,0.532258,0.184343,9.055118,58,27,0.274628
41,98,60,0.483871,0.163853,7.846767,64,28,0.794103
41,99,72,0.580645,0.249822,9.480892,52,22,0.372176
41,100,61,0.491935,0.223246,8.063377,63,23,0.332584
41,101,64,0.516129,0.094778,8.393734,60,24,0.141197
41,102,69,0.556452,0.211932,9.222387,55,24,0.315729
41,103,64,0.516129,0.128785,8.671418,60,27,0.191859
41,104,58,0.467742,0.127055,8.005086,66,28,0.189282
41,105,68,0.548387,0.247340,9.870852,56,26,0.368478
41,106,53,0.427419,0.056414,7.112688,71,73,0.084044
41,107,64,0.516129,0.105588,8.491242,60,23,0.157300
41,108,61,0.491935,0.089885,7.328575,63,29,0.133908
41,109,63,0.508065,0.148513,8.334372,61,27,0.221250
41,110,57,0.459677,0.200230,8.205358,67,31,0.848295
41,111,62,0.500000,0.088174,7.725577,62,27,0.131359
41,112,61,0.491935,0.106966,8.304615,63,31,0.159354
41,113,70,0.564516,0.142110,9.455278,54,24,0.211711
41,114,64,0.516129,0.043389,8.478134,60,25,0.064639
41,115,58,0.467742,0.119311,7.742637,66,31,0.177745
41,116,51,0.411290,0.066309,7.280637,73,65,0.098785
41,117,63,0.508065,0.069150,8.363660,61,27,0.103018
41,118,56,0.451613,0.151590,7.753083,68,37,0.775833
41,119,60,0.483871,0.191887,7.811187,64,29,0.285866
41,120,60,0.483871,0.143037,8.465449,64,31,0.213092
41,121,65,0.524194,0.096728,8.034073,59,23,0.144102
41,122,71,0.572581,0.302061,9.875165,53,22,1.000000
41,123,58,0.467742,0.076632,7.774503,66,32,0.114163
41,124,63,0.508065,0.175448,8.410012,61,24,0.261377
42,0,72,0.580645,0.294071,9.784417,52,23,0.450000
42,1,68,0.548387,0.140483,9.543462,56,27,0.214972
42,2,68,0.548387,0.163829,8.966478,56,24,0.800698
42,3,65,0.524194,0.119880,8.722163,59,24,0.183445
42,4,55,0.443548,0.052308,7.593998,69,34,0.080044
42,5,67,0.540323,0.144527,9.574068,57,27,0.221161
42,6,61,0.491935,0.132099,8.467049,63,27,0.202143
42,7,59,0.475806,0.068951,7.324834,65,28,0.105512
42,8,61,0.491935,0.098396,7.912769,63,26,0.150569
42,9,67,0.540323,0.151751,8.611719,57,21,0.232216
42,10,61,0.491935,0.165519,8.003663,63,29,0.253284
42,11,63,0.508065,0.241111,8.451997,61,25,0.368957
42,12,64,0.516129,0.129472,8.434402,60,25,0.198123
42,13,60,0.483871,0.178857,7.916803,64,29,0.273694
42,14,60,0.483871,0.084289,7.975458,64,29,0.128982
42,15,62,0.500000,0.071743,8.022381,62,31,0.109784
42,16,71,0.572581,0.180148,9.392847,53,21,0.275670
42,17,73,0.588710,0.153040,9.980360,51,23,0.234188
42,18,65,0.524194,0.101910,8.366515,59,26,0.155947
42,19,58,0.467742,0.131985,7.664837,66,28,0.751970
42,20,65,0.524194,0.117937,8.462390,59,23,0.180472
42,21,60,0.483871,0.114109,7.973618,64,28,0.174614
42,22,66,0.532258,0.168831,8.813910,58,26,0.258353
42,23,75,0.604839,0.149092,9.562842,49,21,0.228147
42,24,61,0.491935,0.127117,8.526304,63,29,0.194520
42,25,74,0.596774,0.153877,10.239954,50,24,0.235469
42,26,56,0.451613,0.169272,7.092046,68,38,0.259026
42,27,68,0.548387,0.135626,8.926555,56,23,0.207540
42,28,57,0.459677,0.030167,7.602670,67,31,0.046162
42,29,64,0.516129,0.061037,7.861906,60,28,0.093401
42,30,57,0.459677,0.092409,7.454500,67,40,0.141409
42,31,56,0.451613,0.131244,7.660855,68,43,0.200835
42,32,73,0.588710,0.161329,9.700535,51,23,0.246872
42,33,62,0.500000,0.147425,8.626240,62,29,0.225596
42,34,62,0.500000,0.075034,7.988824,62,25,0.114820
42,35,65,0.524194,0.095676,8.499997,59,24,0.146408
42,36,60,0.483871,0.057102,7.847449,64,32,0.087380
42,37,64,0.516129,0.078935,8.540939,60,24,0.670790
42,38,54,0.435484,0.148794,7.820963,70,48,0.227690
42,39,68,0.548387,0.152049,8.889547,56,24,0.232671
42,40,54,0.435484,0.104614,6.804320,70,48,0.160085
42,41,56,0.451613,0.080279,7.082507,68,32,0.122847
42,42,57,0.459677,0.176790,7.747924,67,31,0.270531
42,43,63,0.508065,0.184575,8.284000,61,26,0.282444
42,44,64,0.516129,0.145885,8.444135,60,26,0.223239
42,45,65,0.524194,0.250139,8.901011,59,27,0.382772
42,46,67,0.540323,0.156231,9.156829,57,26,0.239071
42,47,70,0.564516,0.155262,9.314510,54,24,0.787588
42,48,61,0.491935,0.142021,8.041283,63,27,0.217326
42,49,60,0.483871,0.168660,8.299537,64,25,0.258090
42,50,66,0.532258,0.143247,8.293944,58,23,0.219202
42,51,60,0.483871,0.097385,7.749128,64,27,0.149023
42,52,58,0.467742,0.163380,7.541448,66,33,0.800010
42,53,73,0.588710,0.241685,9.731676,51,21,0.369836
42,54,59,0.475806,0.146561,7.564557,65,33,0.224274
42,55,67,0.540323,0.055582,8.903262,57,22,0.085054
42,56,67,0.540323,0.208918,9.596875,57,25,0.319696
42,57,69,0.556452,0.107077,8.919475,55,24,0.163854
42,58,69,0.556452,0.115132,8.925635,55,24,0.176179
42,59,64,0.516129,0.172910,8.455924,60,27,0.264594
42,60,61,0.491935,0.136820,8.429365,63,26,0.209367
42,61,60,0.483871,0.068062,8.100531,64,31,0.104151
42,62,57,0.459677,0.063607,7.330143,67,41,0.097334
42,63,61,0.491935,0.113916,8.028260,63,27,0.174319
42,64,67,0.540323,0.243716,9.025701,57,28,0.372944
42,65,68,0.548387,0.161329,8.284490,56,23,0.246872
42,66,59,0.475806,0.182223,8.016382,65,28,0.278846
42,67,62,0.500000,0.186990,8.434218,62,25,0.286140
42,68,55,0.443548,0.114792,7.478433,69,39,0.175659
42,69,54,0.435484,0.099688,6.958741,70,45,0.152546
42,70,56,0.451613,0.000000,7.415822,68,30,0.000000
42,71,59,0.475806,0.169516,7.903314,65,27,0.809401
42,72,58,0.467742,0.246357,7.688401,66,30,0.926986
42,73,58,0.467742,0.064522,7.697780,66,45,0.098734
42,74,55,0.443548,0.030582,7.210854,69,43,0.046797
42,75,51,0.411290,0.105523,6.557735,73,63,0.161476
42,76,56,0.451613,0.063248,6.871036,68,27,0.096784
42,77,64,0.516129,0.148660,8.409823,60,21,0.227486
42,78,69,0.556452,0.132690,9.253631,55,25,0.203047
42,79,63,0.508065,0.043007,8.639813,61,26,0.065811
42,80,59,0.475806,0.077044,7.899565,65,35,0.117895
42,81,61,0.491935,0.069619,8.214421,63,28,0.106534
42,82,62,0.500000,0.127222,7.989272,62,26,0.194681
42,83,67,0.540323,0.140083,8.321926,57,27,0.214361
42,84,67,0.540323,0.055776,8.696040,57,25,0.085350
42,85,57,0.459677,0.152828,7.428086,67,42,0.233864
42,86,64,0.516129,0.000000,8.385160,60,27,0.000000
42,87,53,0.427419,0.021238,7.071269,71,60,0.032500
42,88,55,0.443548,0.093242,7.602492,69,36,0.142682
42,89,56,0.451613,0.108440,7.661277,68,33,0.165940
42,90,66,0.532258,0.130353,8.905082,58,28,0.199472
42,91,60,0.483871,0.199346,8.142838,64,30,0.305047
42,92,69,0.556452,0.115954,8.990731,55,27,0.177438
42,93,63,0.508065,0.239465,8.755967,61,24,0.366439
42,94,60,0.483871,0.121785,7.451517,64,29,0.186361
42,95,59,0.475806,0.088433,7.707719,65,36,0.135324
42,96,53,0.427419,0.088609,7.574648,71,35,0.135593
42,97,66,0.532258,0.200143,9.190347,58,27,0.856267
42,98,60,0.483871,0.115624,7.739408,64,29,0.176933
42,99,72,0.580645,0.202139,9.387178,52,22,0.309321
42,100,61,0.491935,0.226247,8.072554,63,23,0.346212
42,101,64,0.516129,0.086798,8.199640,60,24,0.132822
42,102,69,0.556452,0.261250,9.482937,55,24,0.399776
42,103,64,0.516129,0.138233,8.854092,60,27,0.211530
42,104,58,0.467742,0.103231,8.051422,66,28,0.157968
42,105,68,0.548387,0.175862,9.377356,56,26,0.269111
42,106,53,0.427419,0.108710,7.320194,71,73,0.166352
42,107,64,0.516129,0.251206,9.108782,60,23,0.384406
42,108,61,0.491935,0.104558,7.997458,63,29,0.159999
42,109,63,0.508065,0.152561,8.494368,61,27,0.233455
42,110,57,0.459677,0.199051,8.241833,67,32,0.304596
42,111,62,0.500000,0.138839,8.071472,62,27,0.212458
42,112,61,0.491935,0.083854,7.934232,63,31,0.128317
42,113,70,0.564516,0.144709,9.560339,54,24,0.221439
42,114,64,0.516129,0.092331,8.476455,60,25,0.141289
42,115,58,0.467742,0.176825,7.924642,66,31,0.270585
42,116,51,0.411290,0.008327,7.046347,73,65,0.012742
42,117,63,0.508065,0.092123,8.279121,61,27,0.140970
42,118,56,0.451613,0.073131,7.729381,68,38,0.111908
42,119,60,0.483871,0.154541,8.100913,64,29,0.236485
42,120,60,0.483871,0.111697,8.404206,64,31,0.170923
42,121,65,0.524194,0.090550,8.340279,59,23,0.138564
42,122,71,0.572581,0.278119,10.139810,53,23,0.425589
42,123,58,0.467742,0.115034,8.056764,66,32,0.176029
42,124,63,0.508065,0.112245,8.019234,61,24,0.171762
43,0,72,0.580645,0.291689,9.909042,52,23,0.450000
43,1,68,0.548387,0.155206,9.537263,56,27,0.239443
43,2,68,0.548387,0.137580,8.920132,56,25,0.212250
43,3,65,0.524194,0.112018,8.867910,59,24,0.172815
43,4,55,0.443548,0.088455,7.723838,69,34,0.136463
43,5,67,0.540323,0.157430,9.597914,57,27,0.242873
43,6,61,0.491935,0.173746,8.313325,63,27,0.268045
43,7,59,0.475806,0.105122,7.556564,65,28,0.162176
43,8,61,0.491935,0.092163,7.849420,63,26,0.142184
43,9,67,0.540323,0.117962,8.331917,57,21,0.181985
43,10,61,0.491935,0.209244,8.327709,63,29,0.322808
43,11,63,0.508065,0.222803,8.601856,61,25,0.343727
43,12,64,0.516129,0.095444,8.450861,60,25,0.147246
43,13,60,0.483871,0.077242,7.723275,64,29,0.119164
43,14,60,0.483871,0.081065,8.019520,64,29,0.125062
43,15,62,0.500000,0.100615,8.051458,62,31,0.155223
43,16,71,0.572581,0.191536,9.536315,53,21,0.845490
43,17,73,0.588710,0.163917,9.889085,51,23,0.252881
43,18,65,0.524194,0.146056,8.616675,59,26,0.225326
43,19,58,0.467742,0.105018,7.605003,66,29,0.162015
43,20,65,0.524194,0.104082,8.607358,59,23,0.160571
43,21,60,0.483871,0.108757,8.001606,64,28,0.167783
43,22,66,0.532258,0.175997,8.924717,58,26,0.271518
43,23,75,0.604839,0.184770,9.586494,49,21,0.285052
43,24,61,0.491935,0.074553,8.456115,63,29,0.115015
43,25,74,0.596774,0.195037,10.272864,50,24,0.300891
43,26,56,0.451613,0.147141,7.253569,68,38,0.227000
43,27,68,0.548387,0.121776,8.945807,56,23,0.187869
43,28,57,0.459677,0.076665,7.386883,67,31,0.118274
43,29,64,0.516129,0.067360,7.954564,60,28,0.103919
43,30,57,0.459677,0.090049,7.491316,67,40,0.138921
43,31,56,0.451613,0.065556,7.629342,68,43,0.101135
43,32,73,0.588710,0.157217,9.722297,51,23,0.792545
43,33,62,0.500000,0.128562,8.496059,62,29,0.198338
43,34,62,0.500000,0.101573,7.847797,62,25,0.156701
43,35,65,0.524194,0.109041,8.646470,59,24,0.168222
43,36,60,0.483871,0.043994,7.767679,64,32,0.067872
43,37,64,0.516129,0.016974,8.536158,60,25,0.026187
43,38,54,0.435484,0.155024,7.792738,70,48,0.239162
43,39,68,0.548387,0.218578,8.826649,56,24,0.337209
43,40,54,0.435484,0.091703,7.145388,70,48,0.141474
43,41,56,0.451613,0.059078,6.850011,68,32,0.091143
43,42,57,0.459677,0.184596,7.759030,67,31,0.284784
43,43,63,0.508065,0.178317,8.198078,61,26,0.275096
43,44,64,0.516129,0.163487,8.610050,60,26,0.252218
43,45,65,0.524194,0.220154,8.859206,59,27,0.339640
43,46,67,0.540323,0.177428,9.124269,57,26,0.273725
43,47,70,0.564516,0.135187,9.213579,54,25,0.208558
43,48,61,0.491935,0.118430,8.280365,63,27,0.182706
43,49,60,0.483871,0.118554,7.950820,64,25,0.182898
43,50,66,0.532258,0.128698,8.333380,58,23,0.198548
43,51,60,0.483871,0.118184,7.764217,64,27,0.182327
43,52,58,0.467742,0.138822,7.650473,66,34,0.214166
43,53,73,0.588710,0.240230,9.479469,51,21,0.370612
43,54,59,0.475806,0.091382,7.325643,65,33,0.140978
43,55,67,0.540323,0.090660,9.326763,57,22,0.139865
43,56,67,0.540323,0.203104,9.607664,57,25,0.313336
43,57,69,0.556452,0.154351,9.329881,55,24,0.238123
43,58,69,0.556452,0.199408,8.781751,55,24,0.857635
43,59,64,0.516129,0.145068,8.546546,60,27,0.223803
43,60,61,0.491935,0.155599,8.609432,63,26,0.240048
43,61,60,0.483871,0.145223,7.974551,64,31,0.224041
43,62,57,0.459677,0.095490,7.028141,67,41,0.697317
43,63,61,0.491935,0.128934,8.074651,63,27,0.198911
43,64,67,0.540323,0.226606,9.135774,57,28,0.349593
43,65,68,0.548387,0.152890,8.260978,56,23,0.235869
43,66,59,0.475806,0.182557,7.943363,65,28,0.281637
43,67,62,0.500000,0.206360,8.396725,62,25,0.318360
43,68,55,0.443548,0.129364,7.734084,69,39,0.199575
43,69,54,0.435484,0.038405,6.647069,70,45,0.059249
43,70,56,0.451613,0.000000,7.234652,68,30,0.000000
43,71,59,0.475806,0.132938,7.760587,65,28,0.205088
43,72,58,0.467742,0.212498,7.847273,66,31,0.327829
43,73,58,0.467742,0.031110,7.770800,66,45,0.047995
43,74,55,0.443548,0.017694,7.093076,69,43,0.027297
43,75,51,0.411290,0.118788,6.763270,73,63,0.183259
43,76,56,0.451613,0.055485,6.703345,68,27,0.085600
43,77,64,0.516129,0.158707,8.418995,60,21,0.244843
43,78,69,0.556452,0.100272,9.106758,55,25,0.154694
43,79,63,0.508065,0.000000,8.657615,61,26,0.000000
43,80,59,0.475806,0.139632,7.829381,65,35,0.215416
43,81,61,0.491935,0.154652,8.524117,63,28,0.238588
43,82,62,0.500000,0.165966,8.504455,62,26,0.256042
43,83,67,0.540323,0.095632,8.272992,57,27,0.147535
43,84,67,0.540323,0.066866,8.598179,57,25,0.103156
43,85,57,0.459677,0.104657,7.367565,67,42,0.161459
43,86,64,0.516129,0.000000,8.396171,60,27,0.000000
43,87,53,0.427419,0.063444,7.230297,71,60,0.097878
43,88,55,0.443548,0.131256,7.605829,69,36,0.202493
43,89,56,0.451613,0.150230,7.963296,68,33,0.231765
43,90,66,0.532258,0.146053,8.902462,58,28,0.225322
43,91,60,0.483871,0.118662,8.226448,64,30,0.183064
43,92,69,0.556452,0.138881,8.876776,55,27,0.214257
43,93,63,0.508065,0.129466,8.617387,61,24,0.199733
43,94,60,0.483871,0.150917,7.385920,64,29,0.232826
43,95,59,0.475806,0.121987,7.926597,65,36,0.188195
43,96,53,0.427419,0.100176,7.424657,71,35,0.154545
43,97,66,0.532258,0.120984,9.107773,58,28,0.186646
43,98,60,0.483871,0.088538,7.735370,64,29,0.136591
43,99,72,0.580645,0.183768,9.222018,52,22,0.283505
43,100,61,0.491935,0.227084,8.212193,63,23,0.900331
43,101,64,0.516129,0.111092,8.091983,60,24,0.171385
43,102,69,0.556452,0.229351,9.234620,55,24,0.353830
43,103,64,0.516129,0.228647,8.822894,60,27,0.352742
43,104,58,0.467742,0.140167,7.975876,66,28,0.216241
43,105,68,0.548387,0.194485,9.672724,56,26,0.300040
43,106,53,0.427419,0.151732,7.255089,71,73,0.784083
43,107,64,0.516129,0.162626,9.000217,60,23,0.250890
43,108,61,0.491935,0.093155,8.024033,63,29,0.143714
43,109,63,0.508065,0.110495,8.482133,61,27,0.170465
43,110,57,0.459677,0.204104,7.983343,67,32,0.314879
43,111,62,0.500000,0.211846,8.183442,62,27,0.326823
43,112,61,0.491935,0.112259,7.715487,63,31,0.173187
43,113,70,0.564516,0.143867,9.485688,54,24,0.221950
43,114,64,0.516129,0.115880,8.239516,60,25,0.178773
43,115,58,0.467742,0.203012,8.135865,66,31,0.313195
43,116,51,0.411290,0.000000,7.030064,73,65,0.000000
43,117,63,0.508065,0.047611,7.857199,61,27,0.073452
43,118,56,0.451613,0.099709,7.770825,68,38,0.153824
43,119,60,0.483871,0.103303,8.022441,64,29,0.159370
43,120,60,0.483871,0.106798,8.177810,64,31,0.164762
43,121,65,0.524194,0.074008,8.464198,59,23,0.114174
43,122,71,0.572581,0.254666,9.731701,53,23,0.942883
43,123,58,0.467742,0.168913,8.146946,66,32,0.260589
43,124,63,0.508065,0.105257,8.068183,61,24,0.162384
44,0,72,0.580645,0.258980,9.433375,52,23,0.444013
44,1,68,0.548387,0.126609,9.754502,56,27,0.217067
44,2,68,0.548387,0.128510,8.948181,56,25,0.220326
44,3,65,0.524194,0.122866,8.841539,59,24,0.210650
44,4,55,0.443548,0.060868,7.566556,69,34,0.104357
44,5,67,0.540323,0.185533,9.359636,57,27,0.318091
44,6,61,0.491935,0.208065,8.524778,63,27,0.356720
44,7,59,0.475806,0.046632,7.507467,65,28,0.079949
44,8,61,0.491935,0.112594,7.930982,63,26,0.193039
44,9,67,0.540323,0.137495,8.289855,57,21,0.235730
44,10,61,0.491935,0.208191,8.095800,63,29,0.356936
44,11,63,0.508065,0.250766,8.534765,61,25,0.979931
44,12,64,0.516129,0.099219,8.188445,60,25,0.170107
44,13,60,0.483871,0.154677,8.124449,64,29,0.265189
44,14,60,0.483871,0.032619,8.191500,64,29,0.055925
44,15,62,0.500000,0.070140,8.008247,62,31,0.120252
44,16,71,0.572581,0.211663,9.424352,53,22,0.362890
44,17,73,0.588710,0.164424,9.835282,51,23,0.281900
44,18,65,0.524194,0.117997,8.370953,59,26,0.202301
44,19,58,0.467742,0.136656,7.791864,66,29,0.234293
44,20,65,0.524194,0.167708,8.610309,59,23,0.287530
44,21,60,0.483871,0.106791,7.831545,64,28,0.733090
44,22,66,0.532258,0.201754,9.084281,58,26,0.345901
44,23,75,0.604839,0.213977,9.888986,49,21,0.366856
44,24,61,0.491935,0.110072,8.565201,63,29,0.188715
44,25,74,0.596774,0.161462,10.203624,50,24,0.276821
44,26,56,0.451613,0.143080,7.224696,68,38,0.245306
44,27,68,0.548387,0.106584,8.866376,56,23,0.182734
44,28,57,0.459677,0.040999,7.335504,67,31,0.070291
44,29,64,0.516129,0.088158,7.803803,60,28,0.151144
44,30,57,0.459677,0.113957,7.485737,67,40,0.195376
44,31,56,0.451613,0.002954,7.441462,68,43,0.005065
44,32,73,0.588710,0.176129,9.589278,51,24,0.301968
44,33,62,0.500000,0.139842,8.385253,62,29,0.239755
44,34,62,0.500000,0.078962,8.109436,62,25,0.135377
44,35,65,0.524194,0.068213,8.327820,59,24,0.116949
44,36,60,0.483871,0.069085,7.936537,64,32,0.118445
44,37,64,0.516129,0.030546,8.666274,60,25,0.052370
44,38,54,0.435484,0.164990,8.006453,70,48,0.282870
44,39,68,0.548387,0.216354,8.697218,56,24,0.370932
44,40,54,0.435484,0.092854,7.071549,70,48,0.159195
44,41,56,0.451613,0.101388,7.186773,68,32,0.173826
44,42,57,0.459677,0.198360,7.769271,67,31,0.340082
44,43,63,0.508065,0.165514,8.469253,61,26,0.833769
44,44,64,0.516129,0.121749,8.619134,60,26,0.208734
44,45,65,0.524194,0.262472,8.994466,59,27,0.450000
44,46,67,0.540323,0.154950,9.195338,57,26,0.265656
44,47,70,0.564516,0.104064,9.154765,54,25,0.178415
44,48,61,0.491935,0.110835,8.199340,63,27,0.190023
44,49,60,0.483871,0.140840,8.099906,64,25,0.241465
44,50,66,0.532258,0.165818,8.559787,58,23,0.284289
44,51,60,0.483871,0.085351,7.774228,64,27,0.146332
44,52,58,0.467742,0.129755,7.665824,66,34,0.222461
44,53,73,0.588710,0.227224,9.392845,51,21,0.389567
44,54,59,0.475806,0.137499,7.517427,65,33,0.235737
44,55,67,0.540323,0.113099,9.099646,57,22,0.193904
44,56,67,0.540323,0.172639,9.387939,57,25,0.295984
44,57,69,0.556452,0.165713,9.537826,55,24,0.284110
44,58,69,0.556452,0.110264,8.707026,55,25,0.189044
44,59,64,0.516129,0.134119,8.593447,60,27,0.229942
44,60,61,0.491935,0.127053,8.680398,63,26,0.217829
44,61,60,0.483871,0.125862,8.052763,64,31,0.215787
44,62,57,0.459677,0.034422,7.178717,67,42,0.059015
44,63,61,0.491935,0.140573,7.964196,63,27,0.241008
44,64,67,0.540323,0.227238,9.198698,57,28,0.389592
44,65,68,0.548387,0.169560,8.334680,56,23,0.840705
44,66,59,0.475806,0.187652,7.919664,65,28,0.871724
44,67,62,0.500000,0.211085,8.473939,62,25,0.361898
44,68,55,0.443548,0.153597,7.416039,69,39,0.263337
44,69,54,0.435484,0.085648,6.696111,70,45,0.146840
44,70,56,0.451613,0.000000,7.243138,68,30,0.000000
44,71,59,0.475806,0.168442,8.044051,65,28,0.288788
44,72,58,0.467742,0.161724,7.685937,66,31,0.277271
44,73,58,0.467742,0.068009,7.808961,66,45,0.116599
44,74,55,0.443548,0.031457,7.327172,69,43,0.053932
44,75,51,0.411290,0.082417,6.739906,73,63,0.141301
44,76,56,0.451613,0.126975,6.914897,68,27,0.217695
44,77,64,0.516129,0.191610,8.469185,60,21,0.328510
44,78,69,0.556452,0.139573,9.507401,55,25,0.239294
44,79,63,0.508065,0.057590,8.507599,61,26,0.098736
44,80,59,0.475806,0.076553,7.417691,65,35,0.131247
44,81,61,0.491935,0.138825,8.357499,63,28,0.238011
44,82,62,0.500000,0.103566,8.077020,62,26,0.177561
44,83,67,0.540323,0.100226,8.550654,57,27,0.721834
44,84,67,0.540323,0.065924,8.867146,57,25,0.113025
44,85,57,0.459677,0.180617,7.431751,67,42,0.859663
44,86,64,0.516129,0.078748,8.583801,60,27,0.135010
44,87,53,0.427419,0.000000,7.121496,71,60,0.000000
44,88,55,0.443548,0.122357,7.539671,69,36,0.209778
44,89,56,0.451613,0.095654,7.771749,68,33,0.163996
44,90,66,0.532258,0.112857,8.933538,58,28,0.193489
44,91,60,0.483871,0.141334,8.059191,64,30,0.242312
44,92,69,0.556452,0.136531,9.152725,55,27,0.234078
44,93,63,0.508065,0.165755,8.327998,61,24,0.284181
44,94,60,0.483871,0.108918,7.642818,64,29,0.186736
44,95,59,0.475806,0.040171,7.832835,65,36,0.068871
44,96,53,0.427419,0.114785,7.407052,71,35,0.196795
44,97,66,0.532258,0.140302,8.993455,58,28,0.240544
44,98,60,0.483871,0.132984,7.847011,64,29,0.227996
44,99,72,0.580645,0.201661,9.437706,52,22,0.345741
44,100,61,0.491935,0.138287,7.862444,63,24,0.237089
44,101,64,0.516129,0.126929,8.266470,60,24,0.217615
44,102,69,0.556452,0.227383,9.193738,55,24,0.389841
44,103,64,0.516129,0.212239,9.112554,60,27,0.363877
44,104,58,0.467742,0.150777,7.877816,66,28,0.258502
44,105,68,0.548387,0.209651,9.303267,56,26,0.359439
44,106,53,0.427419,0.099599,6.996592,71,74,0.170758
44,107,64,0.516129,0.086034,8.848404,60,23,0.147502
44,108,61,0.491935,0.122533,7.835258,63,29,0.210078
44,109,63,0.508065,0.161475,8.482037,61,27,0.276843
44,110,57,0.459677,0.167805,7.964166,67,32,0.287696
44,111,62,0.500000,0.175989,8.058879,62,27,0.301728
44,112,61,0.491935,0.134586,8.092509,63,31,0.230744
44,113,70,0.564516,0.122370,9.403165,54,24,0.209799
44,114,64,0.516129,0.078964,8.321945,60,25,0.135381
44,115,58,0.467742,0.192806,8.164638,66,31,0.330560
44,116,51,0.411290,0.022016,6.989720,73,65,0.037747
44,117,63,0.508065,0.089546,8.190003,61,27,0.153524
44,118,56,0.451613,0.123834,7.693630,68,38,0.212309
44,119,60,0.483871,0.129629,8.174691,64,29,0.222245
44,120,60,0.483871,0.084652,8.134520,64,31,0.145132
44,121,65,0.524194,0.131115,8.380541,59,23,0.224792
44,122,71,0.572581,0.229636,10.019676,53,24,0.393703
44,123,58,0.467742,0.170856,7.853196,66,32,0.842926
44,124,63,0.508065,0.110304,8.008421,61,24,0.189113
45,0,72,0.580645,0.280011,9.799676,52,23,0.368531
45,1,68,0.548387,0.190375,9.963541,56,27,0.250559
45,2,68,0.548387,0.093118,8.823441,56,25,0.122556
45,3,65,0.524194,0.108346,8.873327,59,24,0.142598
45,4,55,0.443548,0.024230,7.113335,69,34,0.031890
45,5,67,0.540323,0.179063,9.629370,57,27,0.785671
45,6,61,0.491935,0.171646,8.757342,63,27,0.225908
45,7,59,0.475806,0.067529,7.250833,65,28,0.088877
45,8,61,0.491935,0.163214,7.973139,63,26,0.214812
45,9,67,0.540323,0.079773,8.024655,57,21,0.104992
45,10,61,0.491935,0.208442,8.243515,63,29,0.274337
45,11,63,0.508065,0.155035,8.177235,61,26,0.204047
45,12,64,0.516129,0.104031,8.154856,60,25,0.136918
45,13,60,0.483871,0.133382,8.020367,64,29,0.175548
45,14,60,0.483871,0.001990,8.147328,64,29,0.002619
45,15,62,0.500000,0.074027,7.882343,62,31,0.097429
45,16,71,0.572581,0.108229,9.005064,53,22,0.142444
45,17,73,0.588710,0.174871,9.379733,51,23,0.230153
45,18,65,0.524194,0.127936,8.311936,59,26,0.168381
45,19,58,0.467742,0.118165,7.706502,66,29,0.155521
45,20,65,0.524194,0.178407,9.048755,59,23,0.234808
45,21,60,0.483871,0.043567,7.901720,64,29,0.057340
45,22,66,0.532258,0.277732,9.669878,58,26,0.365533
45,23,75,0.604839,0.292554,10.061769,49,21,0.935040
45,24,61,0.491935,0.145556,8.298230,63,29,0.191571
45,25,74,0.596774,0.201381,10.362810,50,24,0.265044
45,26,56,0.451613,0.176271,7.652499,68,38,0.231996
45,27,68,0.548387,0.177698,8.981578,56,23,0.233875
45,28,57,0.459677,0.023142,7.390482,67,31,0.030458
45,29,64,0.516129,0.117914,7.928682,60,28,0.155191
45,30,57,0.459677,0.097978,7.365415,67,40,0.678952
45,31,56,0.451613,0.026342,7.763885,68,43,0.034670
45,32,73,0.588710,0.176161,9.440904,51,24,0.231851
45,33,62,0.500000,0.104814,8.450313,62,29,0.137949
45,34,62,0.500000,0.153386,8.144304,62,25,0.201876
45,35,65,0.524194,0.114977,8.328826,59,24,0.151325
45,36,60,0.483871,0.098680,8.089940,64,32,0.129875
45,37,64,0.516129,0.077109,8.593548,60,25,0.101486
45,38,54,0.435484,0.115010,7.773344,70,48,0.151368
45,39,68,0.548387,0.165924,8.915126,56,24,0.768378
45,40,54,0.435484,0.173909,7.099095,70,48,0.228887
45,41,56,0.451613,0.164514,7.233001,68,32,0.216523
45,42,57,0.459677,0.156694,7.413079,67,31,0.206231
45,43,63,0.508065,0.151399,9.014512,61,27,0.199261
45,44,64,0.516129,0.127074,8.725101,60,26,0.167246
45,45,65,0.524194,0.290449,9.198629,59,27,0.382270
45,46,67,0.540323,0.206030,9.337644,57,26,0.271163
45,47,70,0.564516,0.033208,9.136676,54,25,0.043706
45,48,61,0.491935,0.184083,8.416833,63,27,0.242278
45,49,60,0.483871,0.134474,8.294233,64,25,0.176985
45,50,66,0.532258,0.138373,8.382891,58,23,0.182117
45,51,60,0.483871,0.181983,7.950570,64,27,0.239514
45,52,58,0.467742,0.138044,7.863664,66,34,0.181684
45,53,73,0.588710,0.246224,9.468025,51,21,0.324064
45,54,59,0.475806,0.084518,7.797964,65,33,0.111237
45,55,67,0.540323,0.174510,9.319826,57,22,0.229679
45,56,67,0.540323,0.180332,9.255157,57,25,0.787340
45,57,69,0.556452,0.116387,9.453324,55,24,0.153180
45,58,69,0.556452,0.099477,8.944982,55,25,0.130925
45,59,64,0.516129,0.118576,8.476825,60,27,0.156062
45,60,61,0.491935,0.161079,8.840633,63,26,0.212001
45,61,60,0.483871,0.115042,8.188507,64,31,0.151411
45,62,57,0.459677,0.030641,6.947180,67,42,0.040328
45,63,61,0.491935,0.048492,7.910636,63,27,0.063822
45,64,67,0.540323,0.189626,8.794282,57,28,0.249573
45,65,68,0.548387,0.152519,8.310450,56,24,0.200735
45,66,59,0.475806,0.200998,8.107771,65,29,0.264541
45,67,62,0.500000,0.231119,8.592849,62,25,0.304183
45,68,55,0.443548,0.121520,7.547443,69,39,0.159936
45,69,54,0.435484,0.087053,6.934839,70,45,0.114573
45,70,56,0.451613,0.000000,7.479112,68,30,0.000000
45,71,59,0.475806,0.115812,8.311999,65,28,0.152423
45,72,58,0.467742,0.207210,7.914186,66,31,0.272717
45,73,58,0.467742,0.037062,7.966564,66,45,0.048778
45,74,55,0.443548,0.047954,7.077635,69,43,0.063114
45,75,51,0.411290,0.000000,6.379391,73,63,0.000000
45,76,56,0.451613,0.064276,6.634344,68,27,0.084595
45,77,64,0.516129,0.240304,8.767743,60,21,0.316272
45,78,69,0.556452,0.078777,9.177549,55,25,0.103681
45,79,63,0.508065,0.090812,8.719923,61,26,0.119521
45,80,59,0.475806,0.100305,7.532361,65,35,0.132014
45,81,61,0.491935,0.134273,8.292032,63,28,0.176721
45,82,62,0.500000,0.109740,7.921905,62,26,0.144432
45,83,67,0.540323,0.078129,8.518811,57,28,0.102828
45,84,67,0.540323,0.051406,8.896553,57,25,0.067657
45,85,57,0.459677,0.113017,7.139353,67,43,0.148745
45,86,64,0.516129,0.037939,8.753664,60,27,0.049933
45,87,53,0.427419,0.055737,7.143306,71,60,0.073358
45,88,55,0.443548,0.105084,7.202683,69,36,0.138305
45,89,56,0.451613,0.077178,7.846871,68,33,0.101577
45,90,66,0.532258,0.114859,8.793413,58,28,0.151170
45,91,60,0.483871,0.071014,8.029348,64,30,0.093464
45,92,69,0.556452,0.175421,9.046987,55,27,0.230877
45,93,63,0.508065,0.169969,7.970211,61,24,0.223701
45,94,60,0.483871,0.130219,7.938227,64,29,0.171386
45,95,59,0.475806,0.060911,7.697295,65,36,0.080167
45,96,53,0.427419,0.091827,7.291830,71,35,0.670856
45,97,66,0.532258,0.217334,9.534523,58,28,0.286041
45,98,60,0.483871,0.121162,8.031087,64,29,0.159465
45,99,72,0.580645,0.224582,9.164522,52,22,0.295579
45,100,61,0.491935,0.113915,7.581788,63,24,0.149928
45,101,64,0.516129,0.019028,8.280694,60,24,0.025044
45,102,69,0.556452,0.180234,9.031744,55,24,0.237212
45,103,64,0.516129,0.222051,8.689690,60,27,0.292249
45,104,58,0.467742,0.157619,8.031996,66,28,0.207447
45,105,68,0.548387,0.165680,9.695318,56,26,0.218057
45,106,53,0.427419,0.129665,7.132057,71,74,0.720657
45,107,64,0.516129,0.020603,8.544693,60,23,0.027116
45,108,61,0.491935,0.131748,7.944438,63,29,0.173398
45,109,63,0.508065,0.158799,8.616479,61,27,0.209000
45,110,57,0.459677,0.110792,7.902331,67,32,0.145817
45,111,62,0.500000,0.113139,7.767528,62,27,0.148905
45,112,61,0.491935,0.189593,8.402483,63,31,0.249530
45,113,70,0.564516,0.168349,9.346940,54,24,0.221570
45,114,64,0.516129,0.135723,8.745201,60,25,0.178630
45,115,58,0.467742,0.236544,8.386811,66,31,0.311323
45,116,51,0.411290,0.011266,6.915095,73,65,0.014827
45,117,63,0.508065,0.108647,8.319318,61,27,0.142994
45,118,56,0.451613,0.089591,7.459805,68,38,0.117914
45,119,60,0.483871,0.133987,8.030486,64,29,0.176345
45,120,60,0.483871,0.164315,8.121841,64,31,0.216260
45,121,65,0.524194,0.191203,8.583297,59,23,0.801649
45,122,71,0.572581,0.341911,10.399891,53,24,0.450000
45,123,58,0.467742,0.105335,8.024187,66,33,0.138635
45,124,63,0.508065,0.082394,8.138505,61,24,0.108442
46,0,72,0.580645,0.225889,9.797718,52,23,0.323767
46,1,68,0.548387,0.204105,9.651072,56,27,0.292545
46,2,68,0.548387,0.144158,9.169288,56,25,0.206621
46,3,65,0.524194,0.145676,8.970319,59,24,0.208797
46,4,55,0.443548,0.000000,7.208857,69,34,0.000000
46,5,67,0.540323,0.086382,9.530517,57,28,0.123811
46,6,61,0.491935,0.141157,8.599794,63,27,0.202321
46,7,59,0.475806,0.078412,7.299434,65,28,0.112388
46,8,61,0.491935,0.208367,8.115217,63,26,0.298653
46,9,67,0.540323,0.127775,8.088473,57,21,0.183139
46,10,61,0.491935,0.171434,8.158354,63,29,0.245717
46,11,63,0.508065,0.187126,8.615081,61,26,0.818208
46,12,64,0.516129,0.183356,8.650856,60,25,0.262804
46,13,60,0.483871,0.080255,7.897999,64,29,0.115029
46,14,60,0.483871,0.002069,8.148680,64,29,0.002965
46,15,62,0.500000,0.086342,7.671466,62,31,0.123754
46,16,71,0.572581,0.133635,9.274910,53,22,0.191539
46,17,73,0.588710,0.226857,9.700928,51,23,0.325155
46,18,65,0.524194,0.107734,8.372114,59,26,0.154415
46,19,58,0.467742,0.116858,7.565181,66,29,0.167492
46,20,65,0.524194,0.165133,9.080461,59,23,0.236686
46,21,60,0.483871,0.013804,7.771445,64,29,0.019785
46,22,66,0.532258,0.221953,9.147054,58,26,0.318126
46,23,75,0.604839,0.151866,9.604327,49,22,0.217670
46,24,61,0.491935,0.129223,8.351396,63,29,0.185215
46,25,74,0.596774,0.119753,10.207727,50,24,0.171642
46,26,56,0.451613,0.149943,7.851055,68,38,0.214913
46,27,68,0.548387,0.160777,8.900336,56,23,0.230443
46,28,57,0.459677,0.034009,7.424192,67,31,0.048745
46,29,64,0.516129,0.134590,8.048381,60,28,0.192908
46,30,57,0.459677,0.088900,7.732212,67,41,0.127421
46,31,56,0.451613,0.091817,8.033670,68,43,0.131602
46,32,73,0.588710,0.161614,9.435494,51,24,0.231642
46,33,62,0.500000,0.070648,8.158381,62,29,0.101260
46,34,62,0.500000,0.131939,8.320513,62,25,0.189108
46,35,65,0.524194,0.120264,8.139267,59,24,0.172374
46,36,60,0.483871,0.050779,8.094293,64,32,0.072782
46,37,64,0.516129,0.063595,8.320485,60,25,0.091150
46,38,54,0.435484,0.171175,7.972071,70,48,0.245345
46,39,68,0.548387,0.121181,8.963543,56,25,0.173689
46,40,54,0.435484,0.135063,6.995704,70,48,0.193586
46,41,56,0.451613,0.068676,6.674040,68,32,0.098433
46,42,57,0.459677,0.174281,7.692914,67,31,0.249796
46,43,63,0.508065,0.130827,8.596668,61,27,0.187515
46,44,64,0.516129,0.149110,8.592359,60,26,0.213720
46,45,65,0.524194,0.313961,9.187725,59,27,0.450000
46,46,67,0.540323,0.134105,8.869391,57,26,0.192213
46,47,70,0.564516,0.057778,9.260763,54,25,0.082813
46,48,61,0.491935,0.167273,8.048611,63,27,0.239753
46,49,60,0.483871,0.160317,8.416677,64,25,0.229782
46,50,66,0.532258,0.119092,8.378674,58,23,0.170695
46,51,60,0.483871,0.184082,7.851627,64,27,0.813845
46,52,58,0.467742,0.138609,7.822200,66,34,0.198668
46,53,73,0.588710,0.249028,9.458391,51,21,0.356931
46,54,59,0.475806,0.105772,7.250274,65,33,0.151604
46,55,67,0.540323,0.207603,9.107978,57,22,0.297557
46,56,67,0.540323,0.171685,9.164957,57,26,0.246077
46,57,69,0.556452,0.144922,9.083050,55,24,0.207717
46,58,69,0.556452,0.132753,9.044056,55,25,0.190276
46,59,64,0.516129,0.177848,8.455839,60,27,0.804909
46,60,61,0.491935,0.138735,8.527914,63,26,0.198850
46,61,60,0.483871,0.072954,7.813009,64,31,0.104566
46,62,57,0.459677,0.039492,6.865252,67,42,0.056604
46,63,61,0.491935,0.102994,7.994295,63,27,0.147621
46,64,67,0.540323,0.188906,8.979090,57,28,0.270759
46,65,68,0.548387,0.159797,8.331078,56,24,0.779037
46,66,59,0.475806,0.156659,7.583705,65,29,0.774540
46,67,62,0.500000,0.219064,8.694822,62,25,0.863985
46,68,55,0.443548,0.108356,7.630607,69,39,0.155306
46,69,54,0.435484,0.041061,6.827098,70,45,0.058853
46,70,56,0.451613,0.000000,7.735043,68,30,0.000000
46,71,59,0.475806,0.074887,7.899095,65,28,0.107336
46,72,58,0.467742,0.166033,7.917152,66,31,0.237975
46,73,58,0.467742,0.106030,8.023162,66,45,0.151973
46,74,55,0.443548,0.067735,7.273626,69,43,0.097085
46,75,51,0.411290,0.029917,6.668466,73,63,0.042879
46,76,56,0.451613,0.090362,6.990846,68,27,0.129516
46,77,64,0.516129,0.210730,8.896451,60,21,0.302039
46,78,69,0.556452,0.129537,9.165952,55,25,0.185666
46,79,63,0.508065,0.072612,9.054934,61,26,0.104075
46,80,59,0.475806,0.122095,8.175239,65,35,0.174999
46,81,61,0.491935,0.069922,8.000833,63,28,0.100219
46,82,62,0.500000,0.170685,8.097925,62,26,0.794642
46,83,67,0.540323,0.175803,8.386536,57,28,0.251978
46,84,67,0.540323,0.116035,9.048338,57,25,0.166313
46,85,57,0.459677,0.055454,7.083403,67,43,0.079483
46,86,64,0.516129,0.057178,8.474224,60,27,0.081954
46,87,53,0.427419,0.105162,7.062539,71,60,0.150729
46,88,55,0.443548,0.138262,7.506443,69,36,0.198172
46,89,56,0.451613,0.098253,7.658771,68,33,0.140825
46,90,66,0.532258,0.049695,8.541476,58,28,0.071228
46,91,60,0.483871,0.146244,7.905689,64,30,0.209612
46,92,69,0.556452,0.169889,8.981023,55,27,0.243502
46,93,63,0.508065,0.240829,8.222352,61,24,0.345181
46,94,60,0.483871,0.130831,7.486298,64,29,0.187521
46,95,59,0.475806,0.017102,7.700106,65,36,0.024512
46,96,53,0.427419,0.069561,7.237594,71,36,0.099701
46,97,66,0.532258,0.238083,9.430234,58,28,0.341245
46,98,60,0.483871,0.051043,7.580408,64,29,0.073160
46,99,72,0.580645,0.242889,9.283981,52,22,0.348132
46,100,61,0.491935,0.149113,7.774595,63,24,0.213723
46,101,64,0.516129,0.000000,8.271847,60,24,0.000000
46,102,69,0.556452,0.183564,9.178388,55,24,0.263102
46,103,64,0.516129,0.194614,8.895921,60,27,0.278940
46,104,58,0.467742,0.063483,7.826198,66,28,0.090991
46,105,68,0.548387,0.199873,9.739704,56,26,0.286478
46,106,53,0.427419,0.117424,7.422506,71,75,0.168305
46,107,64,0.516129,0.157332,8.803840,60,23,0.225504
46,108,61,0.491935,0.118607,7.912649,63,29,0.170000
46,109,63,0.508065,0.143362,8.356750,61,27,0.205481
46,110,57,0.459677,0.175860,7.900618,67,32,0.252060
46,111,62,0.500000,0.136726,8.304706,62,27,0.195970
46,112,61,0.491935,0.243281,8.325844,63,31,0.348694
46,113,70,0.564516,0.186491,9.275303,54,24,0.267297
46,114,64,0.516129,0.135920,8.482094,60,25,0.194814
46,115,58,0.467742,0.215865,8.353982,66,31,0.309399
46,116,51,0.411290,0.000000,7.186234,73,65,0.000000
46,117,63,0.508065,0.131526,8.368350,61,27,0.188517
46,118,56,0.451613,0.141721,7.695869,68,38,0.203129
46,119,60,0.483871,0.118578,7.870077,64,29,0.169958
46,120,60,0.483871,0.124211,8.226885,64,31,0.178031
46,121,65,0.524194,0.193000,8.441585,59,24,0.276627
46,122,71,0.572581,0.265969,10.090877,53,24,0.381213
46,123,58,0.467742,0.120530,8.184795,66,33,0.172755
46,124,63,0.508065,0.065935,8.141339,61,24,0.094505
47,0,72,0.580645,0.297153,9.930441,52,23,0.450000
47,1,68,0.548387,0.149796,9.449936,56,27,0.226847
47,2,68,0.548387,0.141497,9.260401,56,25,0.214279
47,3,65,0.524194,0.166054,8.939212,59,24,0.251468
47,4,55,0.443548,0.051333,7.573808,69,34,0.077737
47,5,67,0.540323,0.051595,9.425617,57,28,0.078134
47,6,61,0.491935,0.159517,8.657859,63,27,0.241568
47,7,59,0.475806,0.078504,7.479010,65,28,0.118885
47,8,61,0.491935,0.126564,7.818671,63,26,0.191665
47,9,67,0.540323,0.126708,8.267835,57,21,0.191883
47,10,61,0.491935,0.155693,7.965118,63,29,0.235777
47,11,63,0.508065,0.148576,8.541690,61,27,0.224999
47,12,64,0.516129,0.223658,8.777943,60,25,0.338701
47,13,60,0.483871,0.094639,7.898278,64,29,0.143318
47,14,60,0.483871,0.033875,8.292768,64,29,0.051299
47,15,62,0.500000,0.105463,7.946753,62,31,0.159710
47,16,71,0.572581,0.118356,9.107311,53,22,0.179234
47,17,73,0.588710,0.219593,9.672780,51,23,0.332546
47,18,65,0.524194,0.119643,8.363733,59,26,0.181184
47,19,58,0.467742,0.123892,7.642570,66,29,0.187618
47,20,65,0.524194,0.155504,8.957112,59,23,0.235490
47,21,60,0.483871,0.008154,7.792265,64,29,0.012348
47,22,66,0.532258,0.180191,9.262782,58,26,0.272876
47,23,75,0.604839,0.223547,9.942542,49,22,0.338533
47,24,61,0.491935,0.161579,8.496438,63,29,0.244690
47,25,74,0.596774,0.161866,10.210151,50,24,0.245125
47,26,56,0.451613,0.172024,7.905665,68,38,0.260508
47,27,68,0.548387,0.143808,8.884633,56,23,0.217779
47,28,57,0.459677,0.069456,7.508621,67,31,0.105182
47,29,64,0.516129,0.107227,8.039295,60,28,0.162382
47,30,57,0.459677,0.083771,7.637824,67,41,0.126860
47,31,56,0.451613,0.069068,7.876969,68,43,0.104594
47,32,73,0.588710,0.167357,9.653813,51,24,0.253440
47,33,62,0.500000,0.086019,8.056686,62,29,0.130264
47,34,62,0.500000,0.190013,8.319726,62,25,0.287751
47,35,65,0.524194,0.117772,8.255268,59,24,0.178351
47,36,60,0.483871,0.036293,7.889018,64,32,0.054961
47,37,64,0.516129,0.036987,8.556735,60,25,0.056012
47,38,54,0.435484,0.172921,8.015135,70,48,0.261866
47,39,68,0.548387,0.165968,8.676816,56,25,0.251337
47,40,54,0.435484,0.164394,7.004381,70,48,0.798953
47,41,56,0.451613,0.039678,6.600802,68,32,0.060086
47,42,57,0.459677,0.191604,7.525916,67,31,0.840160
47,43,63,0.508065,0.180629,8.699786,61,27,0.273539
47,44,64,0.516129,0.172360,8.914799,60,26,0.261016
47,45,65,0.524194,0.254433,8.835701,59,27,0.935306
47,46,67,0.540323,0.199840,8.949279,57,26,0.302631
47,47,70,0.564516,0.082574,8.992297,54,25,0.125047
47,48,61,0.491935,0.148729,7.752032,63,27,0.225231
47,49,60,0.483871,0.137894,8.157976,64,25,0.208822
47,50,66,0.532258,0.131702,8.260669,58,23,0.199446
47,51,60,0.483871,0.107111,7.519364,64,28,0.162206
47,52,58,0.467742,0.119096,7.567675,66,34,0.180355
47,53,73,0.588710,0.244707,9.590982,51,21,0.370577
47,54,59,0.475806,0.123558,7.348472,65,33,0.737113
47,55,67,0.540323,0.130017,8.831686,57,22,0.196893
47,56,67,0.540323,0.111683,9.218166,57,26,0.169129
47,57,69,0.556452,0.121684,9.035758,55,24,0.184275
47,58,69,0.556452,0.146713,9.073720,55,25,0.222178
47,59,64,0.516129,0.143246,8.632407,60,28,0.216928
47,60,61,0.491935,0.167724,8.319985,63,26,0.253996
47,61,60,0.483871,0.075883,7.859655,64,31,0.114915
47,62,57,0.459677,0.041504,7.162214,67,42,0.062852
47,63,61,0.491935,0.021872,7.741051,63,27,0.033122
47,64,67,0.540323,0.180210,8.708094,57,28,0.272905
47,65,68,0.548387,0.156776,8.230721,56,25,0.237417
47,66,59,0.475806,0.111060,7.768686,65,30,0.168187
47,67,62,0.500000,0.196292,8.631555,62,26,0.297260
47,68,55,0.443548,0.173833,7.959373,69,39,0.813248
47,69,54,0.435484,0.104967,7.161312,70,45,0.158958
47,70,56,0.451613,0.000000,7.721057,68,30,0.000000
47,71,59,0.475806,0.117726,7.707538,65,28,0.178281
47,72,58,0.467742,0.164842,7.683223,66,31,0.249632
47,73,58,0.467742,0.053604,7.846922,66,45,0.081176
47,74,55,0.443548,0.074944,6.903860,69,43,0.113493
47,75,51,0.411290,0.000000,6.753787,73,63,0.000000
47,76,56,0.451613,0.052066,6.798854,68,27,0.078847
47,77,64,0.516129,0.222069,8.969974,60,21,0.336294
47,78,69,0.556452,0.065659,9.171071,55,25,0.099432
47,79,63,0.508065,0.092629,8.866568,61,26,0.140275
47,80,59,0.475806,0.133615,7.901998,65,35,0.752343
47,81,61,0.491935,0.064814,7.972573,63,28,0.098152
47,82,62,0.500000,0.136938,8.306427,62,27,0.207375
47,83,67,0.540323,0.164887,8.653255,57,28,0.249700
47,84,67,0.540323,0.086525,8.773503,57,25,0.131031
47,85,57,0.459677,0.102697,7.280399,67,43,0.155521
47,86,64,0.516129,0.076293,8.939690,60,27,0.115537
47,87,53,0.427419,0.076370,7.260833,71,60,0.115652
47,88,55,0.443548,0.110557,7.435184,69,36,0.167425
47,89,56,0.451613,0.055901,7.414518,68,33,0.084656
47,90,66,0.532258,0.070008,8.701319,58,28,0.106018
47,91,60,0.483871,0.220706,8.179467,64,30,0.884231
47,92,69,0.556452,0.181225,9.228988,55,27,0.274442
47,93,63,0.508065,0.253121,8.578905,61,24,0.383319
47,94,60,0.483871,0.139624,7.375595,64,29,0.211442
47,95,59,0.475806,0.058510,7.903118,65,36,0.088606
47,96,53,0.427419,0.086492,7.295627,71,36,0.130980
47,97,66,0.532258,0.213387,9.461653,58,28,0.323147
47,98,60,0.483871,0.093822,7.655129,64,29,0.142081
47,99,72,0.580645,0.240646,9.562741,52,22,0.364428
47,100,61,0.491935,0.172185,7.948250,63,24,0.260751
47,101,64,0.516129,0.066870,8.480620,60,24,0.101265
47,102,69,0.556452,0.215173,9.352682,55,24,0.325851
47,103,64,0.516129,0.235996,8.976931,60,27,0.357386
47,104,58,0.467742,0.142277,7.856616,66,28,0.215460
47,105,68,0.548387,0.199842,9.655927,56,26,0.302635
47,106,53,0.427419,0.103263,7.340112,71,75,0.156378
47,107,64,0.516129,0.154825,8.719301,60,23,0.234462
47,108,61,0.491935,0.077724,7.600694,63,29,0.117704
47,109,63,0.508065,0.185784,8.396978,61,27,0.281346
47,110,57,0.459677,0.146077,7.693163,67,32,0.221214
47,111,62,0.500000,0.147266,8.011247,62,27,0.223015
47,112,61,0.491935,0.230027,8.552669,63,31,0.348346
47,113,70,0.564516,0.154098,9.228135,54,24,0.233362
47,114,64,0.516129,0.072496,8.532168,60,25,0.109785
47,115,58,0.467742,0.164164,8.237541,66,31,0.248605
47,116,51,0.411290,0.000000,7.038727,73,65,0.000000
47,117,63,0.508065,0.119320,8.613262,61,27,0.180695
47,118,56,0.451613,0.120029,7.590611,68,38,0.181768
47,119,60,0.483871,0.110352,7.784636,64,29,0.167113
47,120,60,0.483871,0.109144,8.388994,64,31,0.165284
47,121,65,0.524194,0.173682,8.288167,59,24,0.263020
47,122,71,0.572581,0.250624,9.871534,53,24,0.379537
47,123,58,0.467742,0.127222,8.053734,66,33,0.192661
47,124,63,0.508065,0.081184,7.973720,61,24,0.122942
48,0,72,0.580645,0.236910,9.483572,52,23,0.382549
48,1,68,0.548387,0.148074,9.437674,56,27,0.239101
48,2,68,0.548387,0.147584,8.925903,56,25,0.238311
48,3,65,0.524194,0.150823,8.818308,59,24,0.243540
48,4,55,0.443548,0.020662,7.437458,69,34,0.033363
48,5,67,0.540323,0.042294,9.149373,57,28,0.068294
48,6,61,0.491935,0.170154,8.651588,63,27,0.274755
48,7,59,0.475806,0.121191,7.388703,65,28,0.195692
48,8,61,0.491935,0.123599,7.881672,63,26,0.199580
48,9,67,0.540323,0.106329,8.174466,57,21,0.171693
48,10,61,0.491935,0.169760,7.759257,63,29,0.824119
48,11,63,0.508065,0.130800,8.396071,61,27,0.211208
48,12,64,0.516129,0.180452,8.746257,60,25,0.291383
48,13,60,0.483871,0.165830,8.276767,64,29,0.267773
48,14,60,0.483871,0.037729,8.425118,64,29,0.060923
48,15,62,0.500000,0.159193,8.061626,62,31,0.807056
48,16,71,0.572581,0.170228,9.450615,53,22,0.274874
48,17,73,0.588710,0.176209,9.437601,51,23,0.284533
48,18,65,0.524194,0.157697,8.364024,59,26,0.254640
48,19,58,0.467742,0.185102,7.943403,66,29,0.298893
48,20,65,0.524194,0.128175,8.970813,59,23,0.206970
48,21,60,0.483871,0.000000,7.986616,64,29,0.000000
48,22,66,0.532258,0.195526,9.205706,58,26,0.315724
48,23,75,0.604839,0.240373,9.966213,49,22,0.388141
48,24,61,0.491935,0.155896,8.546128,63,29,0.251732
48,25,74,0.596774,0.169323,9.838423,50,24,0.273413
48,26,56,0.451613,0.179574,7.853271,68,38,0.289966
48,27,68,0.548387,0.078199,8.469724,56,23,0.126271
48,28,57,0.459677,0.107532,7.402014,67,31,0.173637
48,29,64,0.516129,0.118887,8.155816,60,28,0.191972
48,30,57,0.459677,0.123445,7.593765,67,41,0.199331
48,31,56,0.451613,0.057647,7.848969,68,43,0.093084
48,32,73,0.588710,0.152041,9.680504,51,24,0.245507
48,33,62,0.500000,0.100329,8.319301,62,29,0.162005
48,34,62,0.500000,0.209012,8.156330,62,25,0.887501
48,35,65,0.524194,0.119433,8.190910,59,24,0.192854
48,36,60,0.483871,0.107666,7.877963,64,32,0.173853
48,37,64,0.516129,0.051352,8.390210,60,25,0.082921
48,38,54,0.435484,0.176897,7.805554,70,48,0.285643
48,39,68,0.548387,0.107317,8.863351,56,25,0.173289
48,40,54,0.435484,0.146478,7.003072,70,49,0.236524
48,41,56,0.451613,0.094951,6.969455,68,32,0.153321
48,42,57,0.459677,0.181069,7.593879,67,32,0.292380
48,43,63,0.508065,0.121614,8.492191,61,27,0.196376
48,44,64,0.516129,0.139230,8.702923,60,26,0.224821
48,45,65,0.524194,0.204975,8.964319,59,28,0.330981
48,46,67,0.540323,0.229835,9.231398,57,26,0.371125
48,47,70,0.564516,0.041215,8.919773,54,25,0.066552
48,48,61,0.491935,0.149418,8.009467,63,27,0.241271
48,49,60,0.483871,0.148514,8.346203,64,25,0.789813
48,50,66,0.532258,0.174479,8.557582,58,23,0.281739
48,51,60,0.483871,0.113010,7.462753,64,28,0.182483
48,52,58,0.467742,0.145720,7.528722,66,34,0.235301
48,53,73,0.588710,0.216101,9.354742,51,21,0.348948
48,54,59,0.475806,0.133524,7.607626,65,34,0.215607
48,55,67,0.540323,0.097758,8.839248,57,22,0.157853
48,56,67,0.540323,0.137631,9.039552,57,26,0.222239
48,57,69,0.556452,0.084960,9.017218,55,24,0.137189
48,58,69,0.556452,0.134742,8.890455,55,25,0.217573
48,59,64,0.516129,0.118696,8.423411,60,28,0.191664
48,60,61,0.491935,0.153224,8.355058,63,26,0.247418
48,61,60,0.483871,0.121996,8.073438,64,31,0.196992
48,62,57,0.459677,0.063461,7.415787,67,42,0.102473
48,63,61,0.491935,0.059189,7.650752,63,27,0.645575
48,64,67,0.540323,0.170806,8.593801,57,28,0.275807
48,65,68,0.548387,0.152041,8.130565,56,25,0.795507
48,66,59,0.475806,0.154025,7.692697,65,30,0.248711
48,67,62,0.500000,0.194333,8.550792,62,26,0.313799
48,68,55,0.443548,0.103492,7.725182,69,40,0.167113
48,69,54,0.435484,0.110140,7.258284,70,45,0.177848
48,70,56,0.451613,0.000000,7.046970,68,30,0.000000
48,71,59,0.475806,0.097976,7.910580,65,28,0.158206
48,72,58,0.467742,0.159719,7.907935,66,31,0.257905
48,73,58,0.467742,0.091262,8.087887,66,45,0.147364
48,74,55,0.443548,0.088407,7.112377,69,43,0.142754
48,75,51,0.411290,0.007547,6.638676,73,63,0.012186
48,76,56,0.451613,0.113352,7.223594,68,27,0.183035
48,77,64,0.516129,0.185570,8.811977,60,21,0.299647
48,78,69,0.556452,0.110022,9.182784,55,25,0.177658
48,79,63,0.508065,0.130565,8.749103,61,26,0.210829
48,80,59,0.475806,0.094657,7.598905,65,36,0.152847
48,81,61,0.491935,0.104420,8.084000,63,28,0.168612
48,82,62,0.500000,0.137095,8.123797,62,27,0.221373
48,83,67,0.540323,0.160742,8.664293,57,28,0.259557
48,84,67,0.540323,0.096310,8.931763,57,25,0.155516
48,85,57,0.459677,0.088930,7.223303,67,43,0.143598
48,86,64,0.516129,0.091103,8.724339,60,27,0.147108
48,87,53,0.427419,0.050587,6.865499,71,60,0.081684
48,88,55,0.443548,0.125634,7.230320,69,36,0.202866
48,89,56,0.451613,0.072157,7.268507,68,33,0.116514
48,90,66,0.532258,0.083782,8.831907,58,28,0.135286
48,91,60,0.483871,0.135806,7.815453,64,31,0.219291
48,92,69,0.556452,0.204191,9.320651,55,27,0.329716
48,93,63,0.508065,0.185515,8.057789,61,24,0.299559
48,94,60,0.483871,0.122825,7.510579,64,29,0.198330
48,95,59,0.475806,0.067885,7.828220,65,36,0.109617
48,96,53,0.427419,0.108417,7.170651,71,36,0.175066
48,97,66,0.532258,0.171331,9.314812,58,28,0.276656
48,98,60,0.483871,0.100691,7.787282,64,29,0.162590
48,99,72,0.580645,0.266354,9.618956,52,22,0.430094
48,100,61,0.491935,0.102405,7.704075,63,24,0.165358
48,101,64,0.516129,0.033401,8.593479,60,24,0.053934
48,102,69,0.556452,0.179523,9.250916,55,24,0.289883
48,103,64,0.516129,0.203600,8.664376,60,27,0.328762
48,104,58,0.467742,0.124174,7.865239,66,28,0.200510
48,105,68,0.548387,0.144494,9.266724,56,26,0.233321
48,106,53,0.427419,0.098443,7.157681,71,75,0.158959
48,107,64,0.516129,0.152843,8.632761,60,23,0.246802
48,108,61,0.491935,0.100265,7.933693,63,29,0.161902
48,109,63,0.508065,0.214680,8.543160,61,27,0.896654
48,110,57,0.459677,0.101493,7.476136,67,32,0.163885
48,111,62,0.500000,0.092536,7.809056,62,27,0.149422
48,112,61,0.491935,0.211342,8.633177,63,31,0.341264
48,113,70,0.564516,0.166062,9.128161,54,24,0.268148
48,114,64,0.516129,0.181794,8.830050,60,25,0.293551
48,115,58,0.467742,0.187150,8.225517,66,31,0.302199
48,116,51,0.411290,0.000000,6.840745,73,65,0.000000
48,117,63,0.508065,0.131570,8.676219,61,27,0.212451
48,118,56,0.451613,0.122042,7.580767,68,38,0.197067
48,119,60,0.483871,0.152043,8.110528,64,29,0.245510
48,120,60,0.483871,0.066689,8.067816,64,31,0.107685
48,121,65,0.524194,0.142081,8.413502,59,24,0.229425
48,122,71,0.572581,0.278682,9.832254,53,24,0.450000
48,123,58,0.467742,0.191849,8.175488,66,33,0.859787
48,124,63,0.508065,0.039637,7.786424,61,24,0.064004
49,0,72,0.580645,0.319707,10.089019,52,23,0.450000
49,1,68,0.548387,0.201333,9.654884,56,27,0.283384
49,2,68,0.548387,0.115167,9.034089,56,25,0.162103
49,3,65,0.524194,0.136104,8.683211,59,24,0.191572
49,4,55,0.443548,0.082330,7.567413,69,34,0.115883
49,5,67,0.540323,0.098511,9.688848,57,28,0.138658
49,6,61,0.491935,0.099539,8.766405,63,27,0.140105
49,7,59,0.475806,0.126292,7.740413,65,28,0.177761
49,8,61,0.491935,0.147425,7.994611,63,26,0.207506
49,9,67,0.540323,0.111106,8.390275,57,21,0.156387
49,10,61,0.491935,0.147166,7.997892,63,30,0.207142
49,11,63,0.508065,0.161050,8.672175,61,27,0.226684
49,12,64,0.516129,0.123271,8.698066,60,25,0.173509
49,13,60,0.483871,0.126132,7.826341,64,29,0.177536
49,14,60,0.483871,0.077467,8.423306,64,29,0.109038
49,15,62,0.500000,0.075740,8.161490,62,32,0.106607
49,16,71,0.572581,0.158445,9.104210,53,22,0.773017
49,17,73,0.588710,0.233128,9.831319,51,23,0.328136
49,18,65,0.524194,0.131834,8.144883,59,26,0.185562
49,19,58,0.467742,0.092676,7.516697,66,29,0.130446
49,20,65,0.524194,0.202473,8.902187,59,23,0.284988
49,21,60,0.483871,0.000000,7.896238,64,29,0.000000
49,22,66,0.532258,0.197374,9.060373,58,26,0.277812
49,23,75,0.604839,0.210536,9.797487,49,22,0.296337
49,24,61,0.491935,0.174325,8.512030,63,29,0.245369
49,25,74,0.596774,0.235784,10.290772,50,24,0.331875
49,26,56,0.451613,0.132915,7.582397,68,38,0.187083
49,27,68,0.548387,0.155709,8.832845,56,23,0.219167
49,28,57,0.459677,0.000000,7.301729,67,31,0.000000
49,29,64,0.516129,0.127627,8.023766,60,28,0.179640
49,30,57,0.459677,0.099329,7.421095,67,41,0.139809
49,31,56,0.451613,0.098828,7.857805,68,43,0.139105
49,32,73,0.588710,0.194359,9.613990,51,24,0.273567
49,33,62,0.500000,0.089221,8.243763,62,29,0.125581
49,34,62,0.500000,0.196112,8.355483,62,26,0.276036
49,35,65,0.524194,0.125046,8.306151,59,24,0.176007
49,36,60,0.483871,0.113049,8.066252,64,32,0.159120
49,37,64,0.516129,0.053285,8.323114,60,25,0.075000
49,38,54,0.435484,0.146969,7.883096,70,48,0.206864
49,39,68,0.548387,0.132216,8.569062,56,25,0.186099
49,40,54,0.435484,0.129229,7.008168,70,49,0.181895
49,41,56,0.451613,0.110436,7.104518,68,32,0.155444
49,42,57,0.459677,0.124484,7.600568,67,32,0.175216
49,43,63,0.508065,0.167813,8.593106,61,27,0.786203
49,44,64,0.516129,0.125513,8.612587,60,26,0.176664
49,45,65,0.524194,0.231333,9.124927,59,28,0.875611
49,46,67,0.540323,0.189363,9.103846,57,26,0.266536
49,47,70,0.564516,0.086500,9.047611,54,25,0.121752
49,48,61,0.491935,0.111814,8.126042,63,27,0.707382
49,49,60,0.483871,0.161251,8.006791,64,26,0.226967
49,50,66,0.532258,0.143358,8.282614,58,23,0.201782
49,51,60,0.483871,0.132551,7.522431,64,28,0.186571
49,52,58,0.467742,0.135785,7.682930,66,34,0.191123
49,53,73,0.588710,0.292388,9.812088,51,21,0.411548
49,54,59,0.475806,0.140991,7.663416,65,34,0.748451
49,55,67,0.540323,0.171256,9.050254,57,22,0.241049
49,56,67,0.540323,0.119418,9.364646,57,26,0.168085
49,57,69,0.556452,0.148465,9.300599,55,24,0.208970
49,58,69,0.556452,0.079448,9.063282,55,25,0.111826
49,59,64,0.516129,0.157531,8.722391,60,28,0.221731
49,60,61,0.491935,0.167666,8.426091,63,26,0.235996
49,61,60,0.483871,0.120791,8.203183,64,31,0.170018
49,62,57,0.459677,0.002265,6.988612,67,42,0.003188
49,63,61,0.491935,0.069909,8.066474,63,28,0.098400
49,64,67,0.540323,0.208134,8.788312,57,28,0.292956
49,65,68,0.548387,0.083750,8.478061,56,26,0.117881
49,66,59,0.475806,0.150834,8.002608,65,30,0.212305
49,67,62,0.500000,0.169271,8.431309,62,26,0.238255
49,68,55,0.443548,0.111931,7.604641,69,40,0.157547
49,69,54,0.435484,0.079481,6.953345,70,45,0.111873
49,70,56,0.451613,0.000000,7.743605,68,30,0.000000
49,71,59,0.475806,0.175007,8.114467,65,28,0.246329
49,72,58,0.467742,0.089271,7.805269,66,31,0.125653
49,73,58,0.467742,0.064852,7.872492,66,45,0.091281
49,74,55,0.443548,0.068644,7.132037,69,43,0.096619
49,75,51,0.411290,0.031919,6.744292,73,63,0.044927
49,76,56,0.451613,0.115106,7.090692,68,27,0.162016
49,77,64,0.516129,0.202437,8.633523,60,21,0.284938
49,78,69,0.556452,0.087046,9.073140,55,25,0.122520
49,79,63,0.508065,0.040680,8.896942,61,26,0.057259
49,80,59,0.475806,0.154853,7.683364,65,36,0.767962
49,81,61,0.491935,0.147266,8.103760,63,28,0.207282
49,82,62,0.500000,0.145013,8.390647,62,27,0.204112
49,83,67,0.540323,0.137564,8.754195,57,28,0.193626
49,84,67,0.540323,0.092451,9.076926,57,25,0.130128
49,85,57,0.459677,0.167877,7.424407,67,43,0.236293
49,86,64,0.516129,0.061237,8.782552,60,27,0.086194
49,87,53,0.427419,0.000000,7.018091,71,60,0.000000
49,88,55,0.443548,0.092327,7.522715,69,36,0.129955
49,89,56,0.451613,0.032667,7.490131,68,33,0.045981
49,90,66,0.532258,0.081439,8.409890,58,28,0.114628
49,91,60,0.483871,0.107178,8.056342,64,31,0.150858
49,92,69,0.556452,0.164804,9.005121,55,27,0.231969
49,93,63,0.508065,0.218240,8.147986,61,24,0.307181
49,94,60,0.483871,0.132003,7.529945,64,29,0.185799
49,95,59,0.475806,0.079808,7.742990,65,36,0.112334
49,96,53,0.427419,0.052920,7.452254,71,36,0.074487
49,97,66,0.532258,0.252308,9.338585,58,28,0.355134
49,98,60,0.483871,0.167865,7.690626,64,29,0.786277
49,99,72,0.580645,0.251547,9.608698,52,22,0.354062
49,100,61,0.491935,0.176818,7.785513,63,24,0.248878
49,101,64,0.516129,0.021108,8.238178,60,24,0.029710
49,102,69,0.556452,0.235862,9.347664,55,24,0.331985
49,103,64,0.516129,0.213221,9.060512,60,27,0.300118
49,104,58,0.467742,0.128231,8.068406,66,28,0.180491
49,105,68,0.548387,0.185098,9.471037,56,26,0.260533
49,106,53,0.427419,0.134430,7.435016,71,75,0.189216
49,107,64,0.516129,0.193411,8.643156,60,23,0.272233
49,108,61,0.491935,0.087248,7.811748,63,29,0.122806
49,109,63,0.508065,0.134959,8.388616,61,28,0.189960
49,110,57,0.459677,0.088824,7.622235,67,32,0.125024
49,111,62,0.500000,0.125674,7.917055,62,27,0.176891
49,112,61,0.491935,0.170466,8.124649,63,31,0.239938
49,113,70,0.564516,0.112527,9.278358,54,24,0.158387
49,114,64,0.516129,0.048442,8.263375,60,25,0.068183
49,115,58,0.467742,0.181877,7.948712,66,31,0.255999
49,116,51,0.411290,0.000405,7.071047,73,65,0.000570
49,117,63,0.508065,0.132264,8.519228,61,27,0.186167
49,118,56,0.451613,0.121638,7.537851,68,38,0.721211
49,119,60,0.483871,0.107885,7.767355,64,29,0.151853
49,120,60,0.483871,0.103591,8.338627,64,31,0.145808
49,121,65,0.524194,0.152641,8.369914,59,24,0.214848
49,122,71,0.572581,0.254236,10.069060,53,24,0.357847
49,123,58,0.467742,0.131113,8.081605,66,34,0.184546
49,124,63,0.508065,0.111365,8.250996,61,24,0.156751
50,0,72,0.580645,0.283350,9.819680,52,23,0.450000
50,1,68,0.548387,0.145023,9.353407,56,27,0.230316
50,2,68,0.548387,0.108942,9.172766,56,25,0.173015
50,3,65,0.524194,0.125024,8.788166,59,24,0.198556
50,4,55,0.443548,0.098931,7.785414,69,34,0.157116
50,5,67,0.540323,0.048288,9.496740,57,28,0.076688
50,6,61,0.491935,0.118703,8.734766,63,27,0.188518
50,7,59,0.475806,0.114362,7.533301,65,28,0.181623
50,8,61,0.491935,0.157553,7.822644,63,26,0.250217
50,9,67,0.540323,0.120301,8.353631,57,21,0.191055
50,10,61,0.491935,0.096701,7.750555,63,30,0.153575
50,11,63,0.508065,0.122170,8.439886,61,27,0.194024
50,12,64,0.516129,0.140614,8.610244,60,25,0.223315
50,13,60,0.483871,0.116492,8.112272,64,29,0.185007
50,14,60,0.483871,0.063821,8.486119,64,29,0.101358
50,15,62,0.500000,0.044050,8.042473,62,32,0.069958
50,16,71,0.572581,0.094787,9.099269,53,23,0.150535
50,17,73,0.588710,0.214131,9.561054,51,23,0.340070
50,18,65,0.524194,0.116547,8.425883,59,26,0.185093
50,19,58,0.467742,0.135464,7.672160,66,29,0.215136
50,20,65,0.524194,0.098589,9.084224,59,23,0.156573
50,21,60,0.483871,0.000000,7.750091,64,29,0.000000
50,22,66,0.532258,0.178425,9.022366,58,26,0.283364
50,23,75,0.604839,0.226175,9.809607,49,22,0.359198
50,24,61,0.491935,0.164911,8.211420,63,29,0.811902
50,25,74,0.596774,0.201855,9.890454,50,24,0.320575
50,26,56,0.451613,0.149179,7.870006,68,38,0.236917
50,27,68,0.548387,0.145077,8.834258,56,23,0.230403
50,28,57,0.459677,0.015887,7.332551,67,31,0.025230
50,29,64,0.516129,0.128663,8.011505,60,28,0.204335
50,30,57,0.459677,0.125305,7.444632,67,41,0.199002
50,31,56,0.451613,0.077113,7.742347,68,43,0.122466
50,32,73,0.588710,0.184737,9.555604,51,24,0.293389
50,33,62,0.500000,0.063975,7.973471,62,29,0.101601
50,34,62,0.500000,0.189648,8.436827,62,26,0.301189
50,35,65,0.524194,0.146118,8.249693,59,24,0.782056
50,36,60,0.483871,0.096890,7.949557,64,32,0.153874
50,37,64,0.516129,0.050562,8.313949,60,25,0.080299
50,38,54,0.435484,0.139954,7.717086,70,48,0.222267
50,39,68,0.548387,0.139631,8.738290,56,25,0.221754
50,40,54,0.435484,0.169258,7.014642,70,49,0.268806
50,41,56,0.451613,0.084120,6.973922,68,32,0.133595
50,42,57,0.459677,0.128622,7.436788,67,32,0.204269
50,43,63,0.508065,0.136906,8.647414,61,28,0.217425
50,44,64,0.516129,0.145241,8.778362,60,26,0.230663
50,45,65,0.524194,0.181215,9.065097,59,29,0.287795
50,46,67,0.540323,0.251140,8.987529,57,26,0.398846
50,47,70,0.564516,0.065956,9.088550,54,25,0.104747
50,48,61,0.491935,0.120006,8.153141,63,28,0.190586
50,49,60,0.483871,0.161382,8.169373,64,26,0.256298
50,50,66,0.532258,0.185897,8.459562,58,23,0.845231
50,51,60,0.483871,0.107653,7.551572,64,28,0.170968
50,52,58,0.467742,0.166489,7.552811,66,34,0.264408
50,53,73,0.588710,0.267879,9.659426,51,21,0.425430
50,54,59,0.475806,0.119447,7.482255,65,35,0.189699
50,55,67,0.540323,0.194741,8.923237,57,22,0.309276
50,56,67,0.540323,0.089482,9.150357,57,26,0.142111
50,57,69,0.556452,0.126221,9.155819,55,24,0.200456
50,58,69,0.556452,0.112481,8.947220,55,25,0.178636
50,59,64,0.516129,0.158005,8.582587,60,28,0.250934
50,60,61,0.491935,0.180197,8.263238,63,26,0.286178
50,61,60,0.483871,0.094531,8.044600,64,31,0.150129
50,62,57,0.459677,0.042130,7.107929,67,42,0.066909
50,63,61,0.491935,0.055384,7.976722,63,28,0.087958
50,64,67,0.540323,0.196836,8.547401,57,28,0.312603
50,65,68,0.548387,0.158934,8.510786,56,26,0.252410
50,66,59,0.475806,0.150393,7.934799,65,30,0.238846
50,67,62,0.500000,0.151301,8.385313,62,26,0.240287
50,68,55,0.443548,0.110676,7.687898,69,40,0.175769
50,69,54,0.435484,0.070323,7.217369,70,45,0.111683
50,70,56,0.451613,0.065467,7.828757,68,30,0.103971
50,71,59,0.475806,0.135775,7.940318,65,28,0.215631
50,72,58,0.467742,0.110021,7.680090,66,31,0.174729
50,73,58,0.467742,0.092895,7.813981,66,45,0.147530
50,74,55,0.443548,0.062454,7.029703,69,43,0.099186
50,75,51,0.411290,0.032488,6.641322,73,63,0.601596
50,76,56,0.451613,0.119992,7.363901,68,27,0.190564
50,77,64,0.516129,0.200825,8.513839,60,21,0.868938
50,78,69,0.556452,0.115610,9.124716,55,25,0.183606
50,79,63,0.508065,0.062845,8.958880,61,26,0.099808
50,80,59,0.475806,0.138540,7.919901,65,37,0.220022
50,81,61,0.491935,0.125424,8.147075,63,28,0.199191
50,82,62,0.500000,0.151543,8.209551,62,27,0.790672
50,83,67,0.540323,0.157653,8.693040,57,28,0.250375
50,84,67,0.540323,0.124623,8.920383,57,25,0.197920
50,85,57,0.459677,0.127541,7.314936,67,43,0.202553
50,86,64,0.516129,0.021350,8.809020,60,27,0.033907
50,87,53,0.427419,0.055086,6.985429,71,60,0.087485
50,88,55,0.443548,0.130092,7.465740,69,36,0.206604
50,89,56,0.451613,0.013614,7.312318,68,33,0.021622
50,90,66,0.532258,0.069306,8.399870,58,28,0.110068
50,91,60,0.483871,0.152243,8.137589,64,31,0.241783
50,92,69,0.556452,0.190098,9.076157,55,27,0.301903
50,93,63,0.508065,0.221424,8.177834,61,24,0.901653
50,94,60,0.483871,0.178347,7.709637,64,29,0.283240
50,95,59,0.475806,0.154334,7.866092,65,36,0.245104
50,96,53,0.427419,0.073789,7.431538,71,36,0.117187
50,97,66,0.532258,0.226792,9.451796,58,28,0.360177
50,98,60,0.483871,0.095781,7.551556,64,30,0.152114
50,99,72,0.580645,0.256974,9.630702,52,22,0.408112
50,100,61,0.491935,0.181271,7.744534,63,24,0.287885
50,101,64,0.516129,0.021771,8.696973,60,24,0.034576
50,102,69,0.556452,0.239003,9.475018,55,24,0.379571
50,103,64,0.516129,0.223215,8.729897,60,27,0.354497
50,104,58,0.467742,0.080844,7.825391,66,28,0.128391
50,105,68,0.548387,0.157202,9.517665,56,26,0.249659
50,106,53,0.427419,0.135833,7.558814,71,75,0.215722
50,107,64,0.516129,0.133286,8.667473,60,23,0.211678
50,108,61,0.491935,0.099006,8.033839,63,29,0.157236
50,109,63,0.508065,0.147497,8.295937,61,28,0.234246
50,110,57,0.459677,0.113465,7.582261,67,32,0.180198
50,111,62,0.500000,0.127498,7.831324,62,27,0.202485
50,112,61,0.491935,0.216488,8.430851,63,31,0.343814
50,113,70,0.564516,0.151235,9.000502,54,24,0.240183
50,114,64,0.516129,0.109743,8.501879,60,25,0.174287
50,115,58,0.467742,0.153783,7.866429,66,31,0.244230
50,116,51,0.411290,0.000000,7.042126,73,65,0.000000
50,117,63,0.508065,0.149273,8.495817,61,27,0.237067
50,118,56,0.451613,0.113319,7.549321,68,39,0.179966
50,119,60,0.483871,0.163982,7.810824,64,29,0.810427
50,120,60,0.483871,0.118603,8.332365,64,31,0.188359
50,121,65,0.524194,0.161497,8.353171,59,24,0.256479
50,122,71,0.572581,0.248760,9.756667,53,24,0.395066
50,123,58,0.467742,0.146403,8.036574,66,34,0.232508
50,124,63,0.508065,0.110922,8.150992,61,24,0.176161
51,0,72,0.580645,0.278942,9.761890,52,23,0.422505
51,1,68,0.548387,0.215412,9.595609,56,27,0.326278
51,2,68,0.548387,0.118733,8.817675,56,25,0.179841
51,3,65,0.524194,0.161943,8.753436,59,24,0.245291
51,4,55,0.443548,0.104055,7.865177,69,34,0.157609
51,5,67,0.540323,0.000000,9.094387,57,28,0.000000
51,6,61,0.491935,0.096899,8.447775,63,27,0.146769
51,7,59,0.475806,0.152342,7.566385,65,28,0.230748
51,8,61,0.491935,0.134383,7.799974,63,26,0.203546
51,9,67,0.540323,0.110758,8.476490,57,21,0.717761
51,10,61,0.491935,0.176031,8.004238,63,30,0.266628
51,11,63,0.508065,0.176046,8.588714,61,27,0.266651
51,12,64,0.516129,0.143639,8.834895,60,25,0.217565
51,13,60,0.483871,0.093786,7.771466,64,29,0.142055
51,14,60,0.483871,0.117211,8.378391,64,29,0.177535
51,15,62,0.500000,0.072180,8.107745,62,32,0.109329
51,16,71,0.572581,0.068667,8.989539,53,23,0.104008
51,17,73,0.588710,0.256737,9.710125,51,23,0.388872
51,18,65,0.524194,0.175209,8.586394,59,26,0.265384
51,19,58,0.467742,0.124521,7.549408,66,29,0.188608
51,20,65,0.524194,0.112052,9.026974,59,23,0.169721
51,21,60,0.483871,0.034463,8.054802,64,29,0.052200
51,22,66,0.532258,0.218288,9.461930,58,26,0.330634
51,23,75,0.604839,0.271760,9.862906,49,22,0.411626
51,24,61,0.491935,0.133632,8.321995,63,30,0.202408
51,25,74,0.596774,0.175965,9.991006,50,24,0.266529
51,26,56,0.451613,0.173900,7.985138,68,38,0.263400
51,27,68,0.548387,0.153165,8.808235,56,23,0.231994
51,28,57,0.459677,0.030033,7.146258,67,31,0.045489
51,29,64,0.516129,0.149798,8.378928,60,28,0.226895
51,30,57,0.459677,0.190519,7.824611,67,41,0.288574
51,31,56,0.451613,0.095439,7.649910,68,43,0.694558
51,32,73,0.588710,0.188411,9.665247,51,24,0.285380
51,33,62,0.500000,0.049188,7.800807,62,29,0.074503
51,34,62,0.500000,0.228138,8.702663,62,26,0.345553
51,35,65,0.524194,0.100055,8.339239,59,25,0.151551
51,36,60,0.483871,0.080470,8.019349,64,32,0.121885
51,37,64,0.516129,0.097855,8.300978,60,25,0.148218
51,38,54,0.435484,0.155091,7.451840,70,48,0.234912
51,39,68,0.548387,0.130190,8.622486,56,25,0.197195
51,40,54,0.435484,0.202947,7.258249,70,49,0.307397
51,41,56,0.451613,0.111727,6.621304,68,32,0.719229
51,42,57,0.459677,0.113803,7.384281,67,32,0.172373
51,43,63,0.508065,0.114202,8.200814,61,28,0.172978
51,44,64,0.516129,0.155996,9.027002,60,26,0.236283
51,45,65,0.524194,0.186539,8.836339,59,29,0.282544
51,46,67,0.540323,0.194438,9.096456,57,26,0.294510
51,47,70,0.564516,0.038576,9.000519,54,25,0.058430
51,48,61,0.491935,0.193817,8.150377,63,28,0.293569
51,49,60,0.483871,0.116594,8.203617,64,26,0.176601
51,50,66,0.532258,0.144518,8.457848,58,24,0.218897
51,51,60,0.483871,0.071226,7.161933,64,28,0.107884
51,52,58,0.467742,0.132395,7.496031,66,34,0.200535
51,53,73,0.588710,0.297095,9.693826,51,21,1.000000
51,54,59,0.475806,0.123720,7.612479,65,35,0.187395
51,55,67,0.540323,0.123455,8.432317,57,22,0.186993
51,56,67,0.540323,0.021530,8.805397,57,26,0.032612
51,57,69,0.556452,0.151512,9.247338,55,24,0.229491
51,58,69,0.556452,0.153395,9.129809,55,25,0.232343
51,59,64,0.516129,0.133507,8.456785,60,28,0.202220
51,60,61,0.491935,0.168437,8.394483,63,26,0.255126
51,61,60,0.483871,0.103883,7.978393,64,31,0.157348
51,62,57,0.459677,0.076244,7.257572,67,42,0.115484
51,63,61,0.491935,0.057775,7.694573,63,28,0.087510
51,64,67,0.540323,0.173104,8.152796,57,28,0.262195
51,65,68,0.548387,0.147962,8.510442,56,26,0.224114
51,66,59,0.475806,0.179588,8.237461,65,30,0.272016
51,67,62,0.500000,0.170589,8.301843,62,26,0.258385
51,68,55,0.443548,0.123027,7.701277,69,40,0.186346
51,69,54,0.435484,0.081024,7.086372,70,45,0.122725
51,70,56,0.451613,0.067648,7.764150,68,30,0.102464
51,71,59,0.475806,0.112149,7.812832,65,28,0.169869
51,72,58,0.467742,0.162966,7.673394,66,31,0.796839
51,73,58,0.467742,0.126671,8.360609,66,45,0.191865
51,74,55,0.443548,0.052482,6.876213,69,43,0.079493
51,75,51,0.411290,0.027994,6.804846,73,64,0.042402
51,76,56,0.451613,0.102277,7.298691,68,27,0.154915
51,77,64,0.516129,0.170679,8.480209,60,22,0.258523
51,78,69,0.556452,0.117150,9.253632,55,25,0.177444
51,79,63,0.508065,0.061545,8.829178,61,26,0.093221
51,80,59,0.475806,0.115336,7.556095,65,37,0.174695
51,81,61,0.491935,0.141581,8.256614,63,28,0.214448
51,82,62,0.500000,0.121082,8.167011,62,28,0.183399
51,83,67,0.540323,0.148952,8.578162,57,28,0.225613
51,84,67,0.540323,0.129571,9.030242,57,25,0.196258
51,85,57,0.459677,0.121057,7.630475,67,43,0.183361
51,86,64,0.516129,0.087121,8.945902,60,27,0.131959
51,87,53,0.427419,0.047482,7.117177,71,60,0.071919
51,88,55,0.443548,0.115288,7.465621,69,36,0.174624
51,89,56,0.451613,0.002764,6.884430,68,33,0.004187
51,90,66,0.532258,0.035465,8.193647,58,28,0.053718
51,91,60,0.483871,0.134629,8.187843,64,31,0.203918
51,92,69,0.556452,0.125938,9.052191,55,27,0.190754
51,93,63,0.508065,0.205513,8.251258,61,25,0.311284
51,94,60,0.483871,0.138144,7.649077,64,29,0.209243
51,95,59,0.475806,0.098547,7.558611,65,36,0.149266
51,96,53,0.427419,0.127990,7.550619,71,36,0.193863
51,97,66,0.532258,0.212805,9.723454,58,28,0.322329
51,98,60,0.483871,0.087996,7.686077,64,30,0.133284
51,99,72,0.580645,0.250722,9.469887,52,22,0.929762
51,100,61,0.491935,0.150875,7.695928,63,24,0.228525
51,101,64,0.516129,0.073767,8.769276,60,24,0.111733
51,102,69,0.556452,0.253244,9.507259,55,24,0.383580
51,103,64,0.516129,0.240391,8.866992,60,27,0.914113
51,104,58,0.467742,0.143430,8.042291,66,28,0.217249
51,105,68,0.548387,0.146909,9.359136,56,26,0.222519
51,106,53,0.427419,0.129692,7.541863,71,75,0.196440
51,107,64,0.516129,0.128111,8.486490,60,23,0.194045
51,108,61,0.491935,0.134012,8.007870,63,29,0.202983
51,109,63,0.508065,0.123589,8.199008,61,28,0.187196
51,110,57,0.459677,0.078957,7.114240,67,32,0.119594
51,111,62,0.500000,0.086394,8.052257,62,27,0.130859
51,112,61,0.491935,0.207087,8.541068,63,31,0.313668
51,113,70,0.564516,0.088322,8.932184,54,24,0.133779
51,114,64,0.516129,0.159038,8.562446,60,25,0.240890
51,115,58,0.467742,0.173947,8.056970,66,31,0.263472
51,116,51,0.411290,0.000895,6.971241,73,65,0.001355
51,117,63,0.508065,0.111790,8.081587,61,27,0.169325
51,118,56,0.451613,0.109723,7.278427,68,39,0.166195
51,119,60,0.483871,0.096527,7.634415,64,30,0.146206
51,120,60,0.483871,0.133832,8.126327,64,31,0.202711
51,121,65,0.524194,0.128319,8.301528,59,24,0.194360
51,122,71,0.572581,0.232717,9.598950,53,24,0.352489
51,123,58,0.467742,0.077731,7.776609,66,34,0.117737
51,124,63,0.508065,0.065758,8.240511,61,24,0.099602
52,0,72,0.580645,0.258222,9.620635,52,23,0.450000
52,1,68,0.548387,0.142690,9.408088,56,27,0.248665
52,2,68,0.548387,0.090454,8.778183,56,25,0.157634
52,3,65,0.524194,0.170712,8.930637,59,24,0.297498
52,4,55,0.443548,0.118355,7.812289,69,34,0.206257
52,5,67,0.540323,0.011899,9.374375,57,28,0.020736
52,6,61,0.491935,0.107755,8.376721,63,27,0.187784
52,7,59,0.475806,0.158136,7.949593,65,28,0.825582
52,8,61,0.491935,0.139512,7.921651,63,26,0.243126
52,9,67,0.540323,0.138734,8.259159,57,22,0.241770
52,10,61,0.491935,0.176870,7.868589,63,30,0.308230
52,11,63,0.508065,0.121521,8.450733,61,27,0.211773
52,12,64,0.516129,0.128589,8.396967,60,25,0.224090
52,13,60,0.483871,0.141253,8.050541,64,29,0.246160
52,14,60,0.483871,0.076420,8.437900,64,29,0.133176
52,15,62,0.500000,0.000852,7.921751,62,32,0.001485
52,16,71,0.572581,0.130400,9.221845,53,23,0.227246
52,17,73,0.588710,0.183550,9.591300,51,23,0.319871
52,18,65,0.524194,0.169009,8.473572,59,26,0.294530
52,19,58,0.467742,0.112274,7.441801,66,29,0.195659
52,20,65,0.524194,0.150537,8.830953,59,23,0.262339
52,21,60,0.483871,0.006809,7.756583,64,29,0.011866
52,22,66,0.532258,0.215110,9.401336,58,26,0.374869
52,23,75,0.604839,0.257138,9.884340,49,22,0.448111
52,24,61,0.491935,0.110246,8.226169,63,30,0.192124
52,25,74,0.596774,0.172881,9.749677,50,24,0.301278
52,26,56,0.451613,0.208316,7.896215,68,38,0.913030
52,27,68,0.548387,0.143072,8.752117,56,23,0.249330
52,28,57,0.459677,0.079645,7.335769,67,31,0.138796
52,29,64,0.516129,0.109926,8.279565,60,28,0.191566
52,30,57,0.459677,0.107494,7.501668,67,41,0.187328
52,31,56,0.451613,0.049002,7.714143,68,44,0.085395
52,32,73,0.588710,0.164576,9.585294,51,24,0.286804
52,33,62,0.500000,0.039428,7.696619,62,29,0.068711
52,34,62,0.500000,0.228230,8.730716,62,26,0.397734
52,35,65,0.524194,0.095042,7.863295,59,25,0.165629
52,36,60,0.483871,0.086194,7.672426,64,32,0.150209
52,37,64,0.516129,0.100344,8.247687,60,25,0.174869
52,38,54,0.435484,0.173113,7.801870,70,48,0.301681
52,39,68,0.548387,0.127201,8.799052,56,25,0.221671
52,40,54,0.435484,0.166138,7.260830,70,49,0.839527
52,41,56,0.451613,0.000000,6.501425,68,33,0.000000
52,42,57,0.459677,0.143471,7.510408,67,32,0.250025
52,43,63,0.508065,0.126302,8.495181,61,28,0.220105
52,44,64,0.516129,0.107186,8.981683,60,26,0.186791
52,45,65,0.524194,0.202639,9.084717,59,29,0.903137
52,46,67,0.540323,0.155060,8.832341,57,26,0.270221
52,47,70,0.564516,0.079809,8.829032,54,25,0.139081
52,48,61,0.491935,0.130363,7.985356,63,28,0.227181
52,49,60,0.483871,0.073434,7.928911,64,26,0.127973
52,50,66,0.532258,0.138879,8.192396,58,24,0.242023
52,51,60,0.483871,0.097965,7.634504,64,28,0.170723
52,52,58,0.467742,0.105691,7.204431,66,34,0.184186
52,53,73,0.588710,0.245911,9.414289,51,22,0.428547
52,54,59,0.475806,0.140190,7.428447,65,35,0.794307
52,55,67,0.540323,0.169596,8.895285,57,22,0.295553
52,56,67,0.540323,0.095027,8.704639,57,26,0.165602
52,57,69,0.556452,0.173503,9.522540,55,24,0.302362
52,58,69,0.556452,0.151822,8.906753,55,25,0.264579
52,59,64,0.516129,0.117140,8.386055,60,28,0.204139
52,60,61,0.491935,0.190961,8.362747,63,26,0.332785
52,61,60,0.483871,0.071321,7.962637,64,31,0.124290
52,62,57,0.459677,0.033547,7.023273,67,42,0.058462
52,63,61,0.491935,0.083216,7.755293,63,28,0.145020
52,64,67,0.540323,0.179650,8.526701,57,28,0.313075
52,65,68,0.548387,0.164500,8.802861,56,26,0.286672
52,66,59,0.475806,0.174824,7.883819,65,30,0.854664
52,67,62,0.500000,0.192398,8.585253,62,26,0.335289
52,68,55,0.443548,0.139311,8.009806,69,40,0.242776
52,69,54,0.435484,0.070946,6.870519,70,45,0.123637
52,70,56,0.451613,0.056320,7.891814,68,30,0.098148
52,71,59,0.475806,0.141573,8.064660,65,28,0.246718
52,72,58,0.467742,0.119640,7.910227,66,32,0.208494
52,73,58,0.467742,0.072590,7.920245,66,45,0.126502
52,74,55,0.443548,0.063145,7.005559,69,43,0.110042
52,75,51,0.411290,0.023607,6.856494,73,64,0.041139
52,76,56,0.451613,0.117570,7.151959,68,27,0.204887
52,77,64,0.516129,0.212947,8.697138,60,22,0.371101
52,78,69,0.556452,0.119259,9.366277,55,25,0.207832
52,79,63,0.508065,0.105709,8.962002,61,26,0.184217
52,80,59,0.475806,0.072432,7.399602,65,37,0.676227
52,81,61,0.491935,0.116653,7.999183,63,28,0.203289
52,82,62,0.500000,0.131652,8.049130,62,28,0.229428
52,83,67,0.540323,0.105573,8.620007,57,28,0.183981
52,84,67,0.540323,0.130643,8.807348,57,25,0.227670
52,85,57,0.459677,0.163374,7.498237,67,43,0.284710
52,86,64,0.516129,0.089730,8.769141,60,27,0.156372
52,87,53,0.427419,0.087680,7.345309,71,60,0.152799
52,88,55,0.443548,0.097447,7.265001,69,36,0.169819
52,89,56,0.451613,0.072091,7.428254,68,33,0.125633
52,90,66,0.532258,0.067979,8.308749,58,28,0.118466
52,91,60,0.483871,0.135818,8.008897,64,31,0.236689
52,92,69,0.556452,0.176998,9.168739,55,27,0.308452
52,93,63,0.508065,0.183645,8.285297,61,25,0.320036
52,94,60,0.483871,0.178692,7.764783,64,29,0.311404
52,95,59,0.475806,0.081067,7.681823,65,36,0.141274
52,96,53,0.427419,0.087381,7.255440,71,36,0.152278
52,97,66,0.532258,0.250214,9.465033,58,28,0.436046
52,98,60,0.483871,0.094439,7.641113,64,30,0.164578
52,99,72,0.580645,0.199033,9.352297,52,23,0.346853
52,100,61,0.491935,0.163740,7.811970,63,24,0.285348
52,101,64,0.516129,0.000000,8.273274,60,24,0.000000
52,102,69,0.556452,0.256677,9.448181,55,24,0.447308
52,103,64,0.516129,0.247680,9.078583,60,28,0.431629
52,104,58,0.467742,0.113432,7.861137,66,28,0.197676
52,105,68,0.548387,0.187880,9.394374,56,26,0.327416
52,106,53,0.427419,0.154044,7.547034,71,75,0.268451
52,107,64,0.516129,0.122681,8.517548,60,23,0.213795
52,108,61,0.491935,0.120201,8.037279,63,29,0.209473
52,109,63,0.508065,0.135800,7.999068,61,28,0.236658
52,110,57,0.459677,0.143557,7.533592,67,32,0.250175
52,111,62,0.500000,0.162860,8.070094,62,27,0.283814
52,112,61,0.491935,0.197936,8.340055,63,31,0.344940
52,113,70,0.564516,0.166144,9.257836,54,24,0.289537
52,114,64,0.516129,0.112806,8.404122,60,25,0.196586
52,115,58,0.467742,0.203203,8.266279,66,31,0.354119
52,116,51,0.411290,0.062223,6.803983,73,65,0.108435
52,117,63,0.508065,0.155098,8.552268,61,27,0.270288
52,118,56,0.451613,0.103235,7.466883,68,39,0.179907
52,119,60,0.483871,0.103982,7.628199,64,30,0.181208
52,120,60,0.483871,0.077057,8.282141,64,31,0.134287
52,121,65,0.524194,0.159816,8.427879,59,24,0.278510
52,122,71,0.572581,0.201871,9.535222,53,24,0.351798
52,123,58,0.467742,0.137097,8.012973,66,34,0.788917
52,124,63,0.508065,0.160401,8.487561,61,24,0.279530
53,0,72,0.580645,0.310826,9.890689,52,23,0.450000
53,1,68,0.548387,0.190685,9.419258,56,27,0.276064
53,2,68,0.548387,0.116313,8.949537,56,25,0.168392
53,3,65,0.524194,0.175010,8.734936,59,24,0.803371
53,4,55,0.443548,0.151453,7.941567,69,34,0.219267
53,5,67,0.540323,0.058674,9.437446,57,28,0.084945
53,6,61,0.491935,0.124370,8.504329,63,27,0.180057
53,7,59,0.475806,0.127106,7.793282,65,29,0.184018
53,8,61,0.491935,0.144027,8.128601,63,26,0.208516
53,9,67,0.540323,0.106839,8.210648,57,22,0.154676
53,10,61,0.491935,0.215692,8.018611,63,30,0.862269
53,11,63,0.508065,0.223457,8.667117,61,27,0.323511
53,12,64,0.516129,0.191724,8.875631,60,25,0.277570
53,13,60,0.483871,0.124216,7.870218,64,29,0.179834
53,14,60,0.483871,0.055477,8.438827,64,29,0.080316
53,15,62,0.500000,0.069535,8.085573,62,32,0.100670
53,16,71,0.572581,0.133594,9.146828,53,23,0.193412
53,17,73,0.588710,0.247314,9.931572,51,23,0.358049
53,18,65,0.524194,0.143157,8.338939,59,26,0.757257
53,19,58,0.467742,0.118260,7.514094,66,29,0.171212
53,20,65,0.524194,0.173182,9.117011,59,23,0.250725
53,21,60,0.483871,0.108036,7.944783,64,29,0.156410
53,22,66,0.532258,0.201095,9.354929,58,26,0.291136
53,23,75,0.604839,0.273119,9.931686,49,22,0.395409
53,24,61,0.491935,0.104035,8.186310,63,30,0.150618
53,25,74,0.596774,0.143804,9.753604,50,24,0.208194
53,26,56,0.451613,0.157545,7.823198,68,39,0.228086
53,27,68,0.548387,0.099228,8.751058,56,23,0.143658
53,28,57,0.459677,0.046911,7.155006,67,31,0.067916
53,29,64,0.516129,0.130709,8.052569,60,28,0.189234
53,30,57,0.459677,0.121387,7.801718,67,41,0.175738
53,31,56,0.451613,0.052797,7.704864,68,44,0.076437
53,32,73,0.588710,0.159055,9.457909,51,24,0.230273
53,33,62,0.500000,0.000000,7.825816,62,29,0.000000
53,34,62,0.500000,0.149934,8.723532,62,26,0.217068
53,35,65,0.524194,0.069060,7.856049,59,25,0.099982
53,36,60,0.483871,0.090983,7.835503,64,32,0.131720
53,37,64,0.516129,0.171985,8.565687,60,25,0.248992
53,38,54,0.435484,0.190551,7.902320,70,48,0.275871
53,39,68,0.548387,0.153933,8.715651,56,25,0.222857
53,40,54,0.435484,0.132085,7.274402,70,50,0.191226
53,41,56,0.451613,0.000000,6.547716,68,33,0.000000
53,42,57,0.459677,0.162008,7.504923,67,32,0.234547
53,43,63,0.508065,0.108729,8.399397,61,28,0.157412
53,44,64,0.516129,0.131119,9.117436,60,26,0.189828
53,45,65,0.524194,0.219048,9.049363,59,30,0.317128
53,46,67,0.540323,0.117529,8.936984,57,26,0.170153
53,47,70,0.564516,0.057023,8.789974,54,25,0.082556
53,48,61,0.491935,0.149779,7.874713,63,28,0.216843
53,49,60,0.483871,0.132777,8.086674,64,26,0.742228
53,50,66,0.532258,0.170225,8.617141,58,24,0.246445
53,51,60,0.483871,0.074141,7.019592,64,28,0.107339
53,52,58,0.467742,0.069828,6.955189,66,34,0.101094
53,53,73,0.588710,0.228816,9.793179,51,22,0.331270
53,54,59,0.475806,0.146386,7.595260,65,36,0.211932
53,55,67,0.540323,0.180135,8.811421,57,22,0.260792
53,56,67,0.540323,0.056226,8.998211,57,26,0.081401
53,57,69,0.556452,0.125965,9.187573,55,24,0.182367
53,58,69,0.556452,0.168592,9.324681,55,25,0.244079
53,59,64,0.516129,0.129851,8.583567,60,28,0.187993
53,60,61,0.491935,0.176898,8.389934,63,26,0.256105
53,61,60,0.483871,0.087909,8.048449,64,31,0.127271
53,62,57,0.459677,0.038684,7.147657,67,42,0.056006
53,63,61,0.491935,0.072397,7.998310,63,28,0.104814
53,64,67,0.540323,0.122344,8.840822,57,28,0.177124
53,65,68,0.548387,0.159608,8.333951,56,26,0.231074
53,66,59,0.475806,0.123695,7.610005,65,31,0.179079
53,67,62,0.500000,0.174457,8.471428,62,26,0.252570
53,68,55,0.443548,0.127921,7.809683,69,40,0.185197
53,69,54,0.435484,0.084877,6.816111,70,45,0.672881
53,70,56,0.451613,0.000553,7.781546,68,30,0.000800
53,71,59,0.475806,0.128375,7.650195,65,28,0.185856
53,72,58,0.467742,0.111887,7.659520,66,32,0.161986
53,73,58,0.467742,0.085342,8.075640,66,45,0.123554
53,74,55,0.443548,0.130778,7.276607,69,43,0.189335
53,75,51,0.411290,0.032311,7.249060,73,64,0.046778
53,76,56,0.451613,0.141626,7.169196,68,27,0.205040
53,77,64,0.516129,0.181257,8.987948,60,22,0.262415
53,78,69,0.556452,0.169886,9.349448,55,25,0.245953
53,79,63,0.508065,0.187128,8.886944,61,26,0.270915
53,80,59,0.475806,0.059164,7.534962,65,38,0.085656
53,81,61,0.491935,0.017801,7.753163,63,28,0.025771
53,82,62,0.500000,0.114790,7.917929,62,28,0.166188
53,83,67,0.540323,0.127819,8.775462,57,28,0.185051
53,84,67,0.540323,0.106079,8.882043,57,25,0.153576
53,85,57,0.459677,0.113685,7.306107,67,43,0.164588
53,86,64,0.516129,0.133473,8.931091,60,27,0.193236
53,87,53,0.427419,0.018688,7.057180,71,60,0.027056
53,88,55,0.443548,0.137641,7.673168,69,36,0.199270
53,89,56,0.451613,0.049778,7.218587,68,33,0.072067
53,90,66,0.532258,0.100337,8.786732,58,28,0.145264
53,91,60,0.483871,0.153388,7.887697,64,31,0.222068
53,92,69,0.556452,0.163563,9.435248,55,27,0.236799
53,93,63,0.508065,0.188297,8.396503,61,25,0.272608
53,94,60,0.483871,0.109994,7.138393,64,29,0.709244
53,95,59,0.475806,0.072020,7.996421,65,36,0.104267
53,96,53,0.427419,0.073056,7.305268,71,36,0.105768
53,97,66,0.532258,0.226328,9.371099,58,28,0.327667
53,98,60,0.483871,0.062500,7.491271,64,30,0.090484
53,99,72,0.580645,0.307901,10.036968,52,23,0.445765
53,100,61,0.491935,0.154553,8.069930,63,24,0.223754
53,101,64,0.516129,0.032994,8.414727,60,24,0.047767
53,102,69,0.556452,0.282424,9.483016,55,24,0.408881
53,103,64,0.516129,0.191760,9.351544,60,28,0.277621
53,104,58,0.467742,0.135321,7.706528,66,28,0.195911
53,105,68,0.548387,0.266276,9.367323,56,26,0.935503
53,106,53,0.427419,0.114520,6.950026,71,75,0.165796
53,107,64,0.516129,0.140171,8.695281,60,23,0.202933
53,108,61,0.491935,0.042240,7.545149,63,29,0.061153
53,109,63,0.508065,0.165085,8.545140,61,28,0.789003
53,110,57,0.459677,0.179309,7.596614,67,32,0.259595
53,111,62,0.500000,0.134654,8.085377,62,27,0.194946
53,112,61,0.491935,0.227488,8.442301,63,31,0.329346
53,113,70,0.564516,0.148911,9.300795,54,24,0.215587
53,114,64,0.516129,0.062293,8.300281,60,25,0.090184
53,115,58,0.467742,0.146506,8.262422,66,31,0.212104
53,116,51,0.411290,0.056081,7.069100,73,65,0.081191
53,117,63,0.508065,0.098621,8.600438,61,27,0.142779
53,118,56,0.451613,0.120799,7.645500,68,39,0.174888
53,119,60,0.483871,0.140024,7.890778,64,30,0.202720
53,120,60,0.483871,0.113933,7.901447,64,31,0.164947
53,121,65,0.524194,0.149086,8.228612,59,24,0.215839
53,122,71,0.572581,0.231002,9.665063,53,24,0.334434
53,123,58,0.467742,0.034971,7.599295,66,35,0.050629
53,124,63,0.508065,0.088296,8.250748,61,24,0.127831
54,0,72,0.580645,0.329009,10.037568,52,23,0.450000
54,1,68,0.548387,0.153523,9.271943,56,27,0.209980
54,2,68,0.548387,0.093070,8.909908,56,25,0.127296
54,3,65,0.524194,0.091727,8.691146,59,25,0.125459
54,4,55,0.443548,0.190794,8.296806,69,34,0.810958
54,5,67,0.540323,0.037625,9.497778,57,28,0.051462
54,6,61,0.491935,0.136144,8.365891,63,27,0.186210
54,7,59,0.475806,0.114551,7.838925,65,29,0.156677
54,8,61,0.491935,0.148977,8.087010,63,26,0.203762
54,9,67,0.540323,0.079741,8.018592,57,22,0.109066
54,10,61,0.491935,0.186893,7.946359,63,31,0.255621
54,11,63,0.508065,0.206890,8.759375,61,27,0.282972
54,12,64,0.516129,0.183101,8.926570,60,25,0.250435
54,13,60,0.483871,0.151793,7.716276,64,29,0.757614
54,14,60,0.483871,0.101628,8.442339,64,29,0.139002
54,15,62,0.500000,0.051827,8.176546,62,32,0.070886
54,16,71,0.572581,0.092615,9.070726,53,23,0.126673
54,17,73,0.588710,0.253915,9.703286,51,23,0.897291
54,18,65,0.524194,0.130748,8.827087,59,27,0.178830
54,19,58,0.467742,0.146722,7.571161,66,29,0.200678
54,20,65,0.524194,0.154281,9.231553,59,23,0.211016
54,21,60,0.483871,0.077480,8.293011,64,29,0.105973
54,22,66,0.532258,0.183303,9.092216,58,26,0.250711
54,23,75,0.604839,0.261790,9.778700,49,22,0.358061
54,24,61,0.491935,0.030145,8.032724,63,30,0.041231
54,25,74,0.596774,0.129079,9.545655,50,24,0.176547
54,26,56,0.451613,0.134377,7.725304,68,39,0.183793
54,27,68,0.548387,0.052564,8.535987,56,23,0.071894
54,28,57,0.459677,0.038651,6.930949,67,31,0.052865
54,29,64,0.516129,0.088935,7.916176,60,28,0.121641
54,30,57,0.459677,0.147713,7.788962,67,41,0.202034
54,31,56,0.451613,0.009715,7.570664,68,44,0.013287
54,32,73,0.588710,0.188723,9.582119,51,24,0.258125
54,33,62,0.500000,0.000000,7.587383,62,29,0.000000
54,34,62,0.500000,0.135701,8.677304,62,26,0.185604
54,35,65,0.524194,0.100451,7.902124,59,25,0.137391
54,36,60,0.483871,0.116417,7.945543,64,32,0.159229
54,37,64,0.516129,0.124540,8.247264,60,25,0.170339
54,38,54,0.435484,0.148894,7.684503,70,48,0.203648
54,39,68,0.548387,0.158720,8.729279,56,25,0.217088
54,40,54,0.435484,0.128525,7.403134,70,50,0.175790
54,41,56,0.451613,0.000000,6.574622,68,33,0.000000
54,42,57,0.459677,0.159064,7.473813,67,32,0.217558
54,43,63,0.508065,0.090365,8.404734,61,28,0.123596
54,44,64,0.516129,0.150725,8.956042,60,26,0.206153
54,45,65,0.524194,0.189855,8.993202,59,30,0.259673
54,46,67,0.540323,0.156872,9.109447,57,26,0.214561
54,47,70,0.564516,0.050696,8.844155,54,25,0.069339
54,48,61,0.491935,0.129890,8.136993,63,28,0.177657
54,49,60,0.483871,0.085219,7.879243,64,27,0.116558
54,50,66,0.532258,0.206301,8.508196,58,24,0.282167
54,51,60,0.483871,0.033554,6.746376,64,28,0.045893
54,52,58,0.467742,0.128507,7.084612,66,34,0.175765
54,53,73,0.588710,0.308159,9.936231,51,22,0.421482
54,54,59,0.475806,0.155105,7.495954,65,36,0.212144
54,55,67,0.540323,0.235685,9.159858,57,22,0.872356
54,56,67,0.540323,0.086336,9.129107,57,26,0.118085
54,57,69,0.556452,0.101742,9.380786,55,24,0.139156
54,58,69,0.556452,0.146326,9.353159,55,25,0.200136
54,59,64,0.516129,0.169180,8.473971,60,28,0.231395
54,60,61,0.491935,0.210650,8.231822,63,26,0.288115
54,61,60,0.483871,0.157147,8.317453,64,31,0.214937
54,62,57,0.459677,0.022616,6.745786,67,42,0.030933
54,63,61,0.491935,0.087189,7.843187,63,28,0.119252
54,64,67,0.540323,0.148403,9.041149,57,28,0.202977
54,65,68,0.548387,0.195490,8.487039,56,26,0.267381
54,66,59,0.475806,0.085636,7.416548,65,31,0.117128
54,67,62,0.500000,0.167391,8.404752,62,26,0.228948
54,68,55,0.443548,0.129981,7.796710,69,40,0.727780
54,69,54,0.435484,0.009080,6.978701,70,46,0.012419
54,70,56,0.451613,0.079378,7.662771,68,30,0.108569
54,71,59,0.475806,0.100617,7.684246,65,28,0.137618
54,72,58,0.467742,0.081569,7.262434,66,32,0.111565
54,73,58,0.467742,0.092405,7.898853,66,45,0.126387
54,74,55,0.443548,0.074090,7.097765,69,43,0.101337
54,75,51,0.411290,0.076462,7.103230,73,64,0.104580
54,76,56,0.451613,0.140055,7.282432,68,27,0.191559
54,77,64,0.516129,0.148022,8.647472,60,22,0.202456
54,78,69,0.556452,0.133452,9.042227,55,25,0.182528
54,79,63,0.508065,0.132609,9.118006,61,26,0.181376
54,80,59,0.475806,0.095245,7.569476,65,38,0.130270
54,81,61,0.491935,0.133075,8.137850,63,28,0.732013
54,82,62,0.500000,0.141859,8.320992,62,28,0.194027
54,83,67,0.540323,0.091159,9.000938,57,28,0.124682
54,84,67,0.540323,0.098250,8.704016,57,25,0.134381
54,85,57,0.459677,0.156274,7.325958,67,43,0.213743
54,86,64,0.516129,0.148240,8.868793,60,27,0.202754
54,87,53,0.427419,0.000000,7.042627,71,60,0.000000
54,88,55,0.443548,0.138908,7.635485,69,36,0.189990
54,89,56,0.451613,0.053553,7.289027,68,33,0.073247
54,90,66,0.532258,0.098203,8.552551,58,28,0.134316
54,91,60,0.483871,0.142226,7.980599,64,31,0.194528
54,92,69,0.556452,0.209763,9.399161,55,27,0.286902
54,93,63,0.508065,0.151123,8.377047,61,25,0.206698
54,94,60,0.483871,0.121307,7.039876,64,30,0.165917
54,95,59,0.475806,0.180241,8.383886,65,36,0.246523
54,96,53,0.427419,0.083263,7.307245,71,36,0.113882
54,97,66,0.532258,0.274278,9.371318,58,28,0.375142
54,98,60,0.483871,0.107123,7.215847,64,30,0.146516
54,99,72,0.580645,0.298814,10.224832,52,23,0.408701
54,100,61,0.491935,0.161725,7.899293,63,24,0.221199
54,101,64,0.516129,0.007613,8.620753,60,24,0.010413
54,102,69,0.556452,0.303027,9.559257,55,24,0.414463
54,103,64,0.516129,0.222002,9.190709,60,28,0.303642
54,104,58,0.467742,0.091599,7.307019,66,28,0.125285
54,105,68,0.548387,0.214051,9.479326,56,27,0.292767
54,106,53,0.427419,0.152923,7.230315,71,75,0.209159
54,107,64,0.516129,0.175561,8.948717,60,23,0.790122
54,108,61,0.491935,0.040688,7.825139,63,29,0.055651
54,109,63,0.508065,0.160974,8.534872,61,29,0.220172
54,110,57,0.459677,0.157255,7.604676,67,32,0.215085
54,111,62,0.500000,0.172903,8.058319,62,27,0.236487
54,112,61,0.491935,0.150458,8.072581,63,31,0.205788
54,113,70,0.564516,0.085967,9.103651,54,24,0.117581
54,114,64,0.516129,0.112431,8.096730,60,25,0.703777
54,115,58,0.467742,0.184909,8.188679,66,31,0.252908
54,116,51,0.411290,0.023607,7.044769,73,65,0.032289
54,117,63,0.508065,0.125674,8.292500,61,27,0.171889
54,118,56,0.451613,0.139802,7.574735,68,39,0.191214
54,119,60,0.483871,0.145636,8.123029,64,30,0.199193
54,120,60,0.483871,0.147873,8.159542,64,31,0.202252
54,121,65,0.524194,0.071631,8.147456,59,24,0.097972
54,122,71,0.572581,0.235072,9.740147,53,24,0.321518
54,123,58,0.467742,0.096706,7.737176,66,35,0.132269
54,124,63,0.508065,0.059796,8.109394,61,24,0.081785
55,0,72,0.580645,0.343647,10.075076,52,23,0.450000
55,1,68,0.548387,0.140177,9.380896,56,27,0.183559
55,2,68,0.548387,0.133756,8.936830,56,25,0.175152
55,3,65,0.524194,0.118943,8.982582,59,25,0.155753
55,4,55,0.443548,0.157474,7.925142,69,35,0.206209
55,5,67,0.540323,0.076652,9.441850,57,28,0.100374
55,6,61,0.491935,0.146877,8.306365,63,27,0.192333
55,7,59,0.475806,0.100810,7.687168,65,29,0.132009
55,8,61,0.491935,0.158829,7.927791,63,26,0.207984
55,9,67,0.540323,0.070607,8.350356,57,22,0.092459
55,10,61,0.491935,0.167516,7.940125,63,31,0.769359
55,11,63,0.508065,0.220655,8.803980,61,27,0.288944
55,12,64,0.516129,0.179703,8.558704,60,25,0.235317
55,13,60,0.483871,0.127456,7.522176,64,30,0.166901
55,14,60,0.483871,0.033783,8.213981,64,29,0.044238
55,15,62,0.500000,0.092587,8.085514,62,32,0.121240
55,16,71,0.572581,0.080311,9.071929,53,23,0.105166
55,17,73,0.588710,0.257296,9.791697,51,24,0.336925
55,18,65,0.524194,0.101358,8.492529,59,27,0.132727
55,19,58,0.467742,0.085499,7.239279,66,29,0.111959
55,20,65,0.524194,0.260367,9.069375,59,23,0.890946
55,21,60,0.483871,0.099438,7.970962,64,29,0.130212
55,22,66,0.532258,0.178770,9.015102,58,26,0.234096
55,23,75,0.604839,0.259131,9.712742,49,22,0.339327
55,24,61,0.491935,0.077314,8.195441,63,30,0.101242
55,25,74,0.596774,0.191536,9.833968,50,24,0.250813
55,26,56,0.451613,0.144352,7.646613,68,39,0.189027
55,27,68,0.548387,0.078042,8.632915,56,23,0.102194
55,28,57,0.459677,0.000000,7.171688,67,31,0.000000
55,29,64,0.516129,0.132242,8.138100,60,28,0.173169
55,30,57,0.459677,0.122184,7.664938,67,41,0.159997
55,31,56,0.451613,0.059479,7.778301,68,44,0.077886
55,32,73,0.588710,0.265041,9.839946,51,24,0.347067
55,33,62,0.500000,0.042061,7.761467,62,29,0.055079
55,34,62,0.500000,0.151787,8.403971,62,26,0.198762
55,35,65,0.524194,0.075503,8.229016,59,25,0.098869
55,36,60,0.483871,0.110599,8.050830,64,32,0.144828
55,37,64,0.516129,0.073182,8.552055,60,25,0.095831
55,38,54,0.435484,0.103715,7.651379,70,48,0.135813
55,39,68,0.548387,0.136726,8.889383,56,25,0.179040
55,40,54,0.435484,0.084674,7.281077,70,50,0.110880
55,41,56,0.451613,0.000000,6.323975,68,33,0.000000
55,42,57,0.459677,0.157785,7.702681,67,32,0.206616
55,43,63,0.508065,0.124674,8.231134,61,28,0.163258
55,44,64,0.516129,0.174441,8.960748,60,26,0.228427
55,45,65,0.524194,0.246425,9.345840,59,30,0.322689
55,46,67,0.540323,0.121613,8.948676,57,26,0.159250
55,47,70,0.564516,0.086908,9.250697,54,25,0.113805
55,48,61,0.491935,0.145946,7.819183,63,28,0.191113
55,49,60,0.483871,0.052704,7.703843,64,27,0.069015
55,50,66,0.532258,0.174635,8.280732,58,24,0.228681
55,51,60,0.483871,0.101075,7.428680,64,28,0.132356
55,52,58,0.467742,0.096148,7.255339,66,34,0.125905
55,53,73,0.588710,0.244674,9.897873,51,22,0.320396
55,54,59,0.475806,0.114802,7.473346,65,36,0.150331
55,55,67,0.540323,0.107937,9.211615,57,23,0.141342
55,56,67,0.540323,0.127590,9.237430,57,26,0.167077
55,57,69,0.556452,0.162656,9.207790,55,24,0.212995
55,58,69,0.556452,0.089305,9.036398,55,25,0.116943
55,59,64,0.516129,0.162731,8.322721,60,28,0.213094
55,60,61,0.491935,0.181864,8.199747,63,26,0.238147
55,61,60,0.483871,0.111422,8.103563,64,31,0.145906
55,62,57,0.459677,0.026595,7.174494,67,42,0.034826
55,63,61,0.491935,0.127478,8.035135,63,28,0.166930
55,64,67,0.540323,0.161713,9.136085,57,28,0.211760
55,65,68,0.548387,0.158358,8.359161,56,26,0.207367
55,66,59,0.475806,0.061127,7.481628,65,31,0.080045
55,67,62,0.500000,0.166026,8.415697,62,26,0.217409
55,68,55,0.443548,0.068144,7.817866,69,41,0.089233
55,69,54,0.435484,0.024778,6.705636,70,46,0.032446
55,70,56,0.451613,0.071313,7.896405,68,30,0.093383
55,71,59,0.475806,0.137640,7.672604,65,28,0.180237
55,72,58,0.467742,0.159319,7.478943,66,32,0.208625
55,73,58,0.467742,0.033418,7.804783,66,45,0.043761
55,74,55,0.443548,0.074389,7.015654,69,43,0.097410
55,75,51,0.411290,0.084863,6.990735,73,64,0.111127
55,76,56,0.451613,0.114794,6.884817,68,27,0.700320
55,77,64,0.516129,0.152160,8.897413,60,22,0.199250
55,78,69,0.556452,0.112423,9.069205,55,25,0.147216
55,79,63,0.508065,0.169046,9.033363,61,26,0.771363
55,80,59,0.475806,0.141062,8.021871,65,38,0.184719
55,81,61,0.491935,0.000000,8.135036,63,29,0.000000
55,82,62,0.500000,0.130027,8.259990,62,28,0.170268
55,83,67,0.540323,0.112671,8.641745,57,28,0.147540
55,84,67,0.540323,0.073260,8.929268,57,25,0.095932
55,85,57,0.459677,0.116330,7.424767,67,43,0.152332
55,86,64,0.516129,0.031529,8.798090,60,27,0.041286
55,87,53,0.427419,0.103810,7.376054,71,60,0.135937
55,88,55,0.443548,0.045847,7.537928,69,36,0.060035
55,89,56,0.451613,0.080716,7.289955,68,33,0.105697
55,90,66,0.532258,0.085734,8.576577,58,28,0.112267
55,91,60,0.483871,0.167967,8.065962,64,31,0.769950
55,92,69,0.556452,0.139095,9.201453,55,27,0.182142
55,93,63,0.508065,0.201597,8.466146,61,25,0.263987
55,94,60,0.483871,0.122816,7.060618,64,30,0.710825
55,95,59,0.475806,0.171920,8.446108,65,36,0.225126
55,96,53,0.427419,0.078053,7.382709,71,36,0.102209
55,97,66,0.532258,0.227546,9.622435,58,28,0.297968
55,98,60,0.483871,0.045233,7.301391,64,30,0.059232
55,99,72,0.580645,0.268340,9.811584,52,23,0.351386
55,100,61,0.491935,0.178861,8.142765,63,24,0.234216
55,101,64,0.516129,0.065112,8.180186,60,24,0.085263
55,102,69,0.556452,0.282372,9.613397,55,24,0.369761
55,103,64,0.516129,0.197582,9.125147,60,28,0.258730
55,104,58,0.467742,0.148930,7.535654,66,28,0.195022
55,105,68,0.548387,0.269062,9.563167,56,27,0.902332
55,106,53,0.427419,0.106601,7.185552,71,75,0.139592
55,107,64,0.516129,0.188046,9.134717,60,24,0.246242
55,108,61,0.491935,0.120586,7.983827,63,29,0.157906
55,109,63,0.508065,0.142824,8.464195,61,29,0.187025
55,110,57,0.459677,0.235993,8.071451,67,32,0.309028
55,111,62,0.500000,0.213162,8.004654,62,27,0.279132
55,112,61,0.491935,0.183551,7.989484,63,31,0.240357
55,113,70,0.564516,0.187429,9.452032,54,24,0.245435
55,114,64,0.516129,0.093647,8.066371,60,26,0.122630
55,115,58,0.467742,0.170035,8.230696,66,31,0.222658
55,116,51,0.411290,0.024564,6.869570,73,65,0.032166
55,117,63,0.508065,0.087957,8.124453,61,27,0.115179
55,118,56,0.451613,0.101547,7.701251,68,39,0.132974
55,119,60,0.483871,0.103901,8.214755,64,30,0.136057
55,120,60,0.483871,0.193022,8.054318,64,31,0.252758
55,121,65,0.524194,0.093064,8.609043,59,24,0.121866
55,122,71,0.572581,0.253285,9.694467,53,24,0.331672
55,123,58,0.467742,0.106747,7.871349,66,35,0.139784
55,124,63,0.508065,0.073031,7.816921,61,24,0.095633
56,0,72,0.580645,0.272955,9.825229,52,23,0.337287
56,1,68,0.548387,0.175103,9.195590,56,27,0.216373
56,2,68,0.548387,0.137709,8.925785,56,25,0.170165
56,3,65,0.524194,0.121714,9.172518,59,25,0.150401
56,4,55,0.443548,0.115814,7.850125,69,35,0.143110
56,5,67,0.540323,0.021518,9.284233,57,28,0.026589
56,6,61,0.491935,0.171721,8.077977,63,27,0.212194
56,7,59,0.475806,0.083849,7.531520,65,29,0.103611
56,8,61,0.491935,0.142793,7.752188,63,26,0.176448
56,9,67,0.540323,0.086835,8.572240,57,22,0.107301
56,10,61,0.491935,0.147075,7.986696,63,32,0.181739
56,11,63,0.508065,0.221585,8.810777,61,27,0.273810
56,12,64,0.516129,0.201841,8.650352,60,25,0.249413
56,13,60,0.483871,0.096999,7.465995,64,30,0.119860
56,14,60,0.483871,0.076079,8.136146,64,29,0.094009
56,15,62,0.500000,0.023552,7.931794,62,32,0.029103
56,16,71,0.572581,0.092157,9.181369,53,23,0.113877
56,17,73,0.588710,0.288719,10.153249,51,24,0.356766
56,18,65,0.524194,0.131064,8.708184,59,27,0.161954
56,19,58,0.467742,0.059654,7.040325,66,29,0.073714
56,20,65,0.524194,0.126420,8.539824,59,24,0.706215
56,21,60,0.483871,0.095774,8.134536,64,29,0.118347
56,22,66,0.532258,0.155146,9.276993,58,26,0.191712
56,23,75,0.604839,0.205262,9.230237,49,22,0.253640
56,24,61,0.491935,0.135172,8.324279,63,30,0.167031
56,25,74,0.596774,0.136118,9.543659,50,24,0.168199
56,26,56,0.451613,0.157769,7.893709,68,39,0.194953
56,27,68,0.548387,0.154637,8.752004,56,23,0.191083
56,28,57,0.459677,0.000000,6.752906,67,31,0.000000
56,29,64,0.516129,0.145154,8.495393,60,28,0.179365
56,30,57,0.459677,0.144087,7.401701,67,41,0.178047
56,31,56,0.451613,0.035123,7.698113,68,44,0.043401
56,32,73,0.588710,0.189565,9.459503,51,24,0.234243
56,33,62,0.500000,0.076949,7.634332,62,29,0.095085
56,34,62,0.500000,0.220412,8.841881,62,26,0.272360
56,35,65,0.524194,0.115123,8.419550,59,25,0.142256
56,36,60,0.483871,0.065843,7.722387,64,32,0.081362
56,37,64,0.516129,0.053349,7.973156,60,25,0.065923
56,38,54,0.435484,0.168817,7.845825,70,48,0.758605
56,39,68,0.548387,0.146635,8.535435,56,25,0.181195
56,40,54,0.435484,0.102867,7.043076,70,50,0.127111
56,41,56,0.451613,0.005159,6.419366,68,33,0.006375
56,42,57,0.459677,0.125762,7.637096,67,32,0.155402
56,43,63,0.508065,0.114661,8.154013,61,28,0.141685
56,44,64,0.516129,0.133467,8.818629,60,26,0.164923
56,45,65,0.524194,0.176416,9.115945,59,30,0.217995
56,46,67,0.540323,0.096050,8.892723,57,26,0.118688
56,47,70,0.564516,0.043835,8.920111,54,25,0.054166
56,48,61,0.491935,0.164369,8.078905,63,28,0.203109
56,49,60,0.483871,0.084452,8.171805,64,27,0.104356
56,50,66,0.532258,0.168991,7.975013,58,24,0.208820
56,51,60,0.483871,0.086976,7.545482,64,28,0.107475
56,52,58,0.467742,0.117484,7.427961,66,34,0.145174
56,53,73,0.588710,0.215251,9.737582,51,22,0.265983
56,54,59,0.475806,0.094535,7.189402,65,36,0.116815
56,55,67,0.540323,0.122966,8.864416,57,23,0.151948
56,56,67,0.540323,0.094838,9.034334,57,26,0.117190
56,57,69,0.556452,0.179227,9.214273,55,24,0.221468
56,58,69,0.556452,0.192350,9.057483,55,25,0.237685
56,59,64,0.516129,0.179163,8.517314,60,28,0.221390
56,60,61,0.491935,0.173128,8.303302,63,26,0.213932
56,61,60,0.483871,0.065937,7.523675,64,31,0.081477
56,62,57,0.459677,0.074442,7.261510,67,42,0.091987
56,63,61,0.491935,0.122901,7.817999,63,28,0.151868
56,64,67,0.540323,0.187268,8.880608,57,28,0.231404
56,65,68,0.548387,0.150493,8.478416,56,26,0.185963
56,66,59,0.475806,0.118835,8.044549,65,31,0.146843
56,67,62,0.500000,0.148787,7.988060,62,26,0.183854
56,68,55,0.443548,0.116413,7.862906,69,41,0.143851
56,69,54,0.435484,0.016846,6.563930,70,46,0.020817
56,70,56,0.451613,0.138714,7.803983,68,30,0.171407
56,71,59,0.475806,0.162674,7.953712,65,28,0.201015
56,72,58,0.467742,0.217331,7.829397,66,32,0.268553
56,73,58,0.467742,0.044946,7.890440,66,45,0.055539
56,74,55,0.443548,0.054741,7.025839,69,43,0.067643
56,75,51,0.411290,0.055549,6.851178,73,64,0.068641
56,76,56,0.451613,0.102256,7.163225,68,28,0.126357
56,77,64,0.516129,0.101958,8.271640,60,22,0.125988
56,78,69,0.556452,0.125108,9.502322,55,25,0.154594
56,79,63,0.508065,0.105800,8.939162,61,27,0.130735
56,80,59,0.475806,0.150312,8.023747,65,38,0.185738
56,81,61,0.491935,0.000000,7.797837,63,29,0.000000
56,82,62,0.500000,0.094160,8.023287,62,28,0.116352
56,83,67,0.540323,0.106031,8.496939,57,28,0.131021
56,84,67,0.540323,0.184118,9.002681,57,25,0.227513
56,85,57,0.459677,0.077201,7.838131,67,43,0.095397
56,86,64,0.516129,0.086564,8.710263,60,27,0.106966
56,87,53,0.427419,0.097688,7.356939,71,60,0.120711
56,88,55,0.443548,0.103611,7.689738,69,36,0.128031
56,89,56,0.451613,0.059692,6.971850,68,33,0.073760
56,90,66,0.532258,0.078818,8.118240,58,28,0.097394
56,91,60,0.483871,0.155297,7.780198,64,32,0.191899
56,92,69,0.556452,0.092147,9.179313,55,27,0.113865
56,93,63,0.508065,0.239381,8.521415,61,25,0.845801
56,94,60,0.483871,0.123758,7.213795,64,31,0.152927
56,95,59,0.475806,0.154927,7.766538,65,36,0.741441
56,96,53,0.427419,0.146471,7.651281,71,36,0.180992
56,97,66,0.532258,0.207963,9.582479,58,28,0.256978
56,98,60,0.483871,0.122246,7.823392,64,30,0.151057
56,99,72,0.580645,0.177463,9.325126,52,23,0.219289
56,100,61,0.491935,0.112275,8.003377,63,24,0.138737
56,101,64,0.516129,0.075657,8.197605,60,24,0.093488
56,102,69,0.556452,0.364170,9.811394,55,24,0.450000
56,103,64,0.516129,0.262838,9.195436,60,28,0.324786
56,104,58,0.467742,0.141942,7.486794,66,28,0.725396
56,105,68,0.548387,0.239394,9.497193,56,28,0.295817
56,106,53,0.427419,0.137058,7.586346,71,75,0.169361
56,107,64,0.516129,0.120928,8.845988,60,24,0.149430
56,108,61,0.491935,0.170046,8.011745,63,29,0.210123
56,109,63,0.508065,0.135696,8.054427,61,29,0.167677
56,110,57,0.459677,0.200735,7.655048,67,32,0.248046
56,111,62,0.500000,0.240615,8.448230,62,27,0.847325
56,112,61,0.491935,0.159907,8.065642,63,31,0.197595
56,113,70,0.564516,0.130700,9.060712,54,24,0.161505
56,114,64,0.516129,0.138161,8.331898,60,26,0.720724
56,115,58,0.467742,0.174069,8.152506,66,31,0.215095
56,116,51,0.411290,0.102517,7.102973,73,65,0.126679
56,117,63,0.508065,0.080208,7.663427,61,27,0.099112
56,118,56,0.451613,0.085306,7.454896,68,39,0.105412
56,119,60,0.483871,0.089666,7.888794,64,30,0.110799
56,120,60,0.483871,0.139689,8.218059,64,31,0.172613
56,121,65,0.524194,0.104131,8.548803,59,24,0.128673
56,122,71,0.572581,0.202153,9.311841,53,24,0.249798
56,123,58,0.467742,0.115418,7.775172,66,35,0.142621
56,124,63,0.508065,0.126522,7.986727,61,24,0.706341
57,0,72,0.580645,0.259224,9.928281,52,23,0.447240
57,1,68,0.548387,0.155835,9.495538,56,27,0.268863
57,2,68,0.548387,0.187549,9.263193,56,25,0.323579
57,3,65,0.524194,0.156796,8.878573,59,25,0.270522
57,4,55,0.443548,0.065788,7.634994,69,35,0.113505
57,5,67,0.540323,0.060764,9.256617,57,28,0.104837
57,6,61,0.491935,0.160520,8.268147,63,27,0.276946
57,7,59,0.475806,0.094453,7.799456,65,29,0.162961
57,8,61,0.491935,0.167174,8.282637,63,26,0.288425
57,9,67,0.540323,0.111859,8.400711,57,22,0.192991
57,10,61,0.491935,0.135620,8.241658,63,32,0.233986
57,11,63,0.508065,0.201759,8.711687,61,27,0.898095
57,12,64,0.516129,0.185364,8.346826,60,25,0.319809
57,13,60,0.483871,0.103686,7.555251,64,30,0.728890
57,14,60,0.483871,0.029129,7.843816,64,29,0.050257
57,15,62,0.500000,0.022677,7.881299,62,32,0.039124
57,16,71,0.572581,0.110537,9.194205,53,23,0.190709
57,17,73,0.588710,0.248011,9.796684,51,24,0.427895
57,18,65,0.524194,0.095043,8.569852,59,27,0.163977
57,19,58,0.467742,0.096595,7.249264,66,29,0.166656
57,20,65,0.524194,0.182390,8.781636,59,25,0.314678
57,21,60,0.483871,0.080444,7.797834,64,29,0.138791
57,22,66,0.532258,0.173563,9.028753,58,26,0.299449
57,23,75,0.604839,0.198881,9.512848,49,22,0.343131
57,24,61,0.491935,0.113300,8.056967,63,30,0.195476
57,25,74,0.596774,0.100640,9.560329,50,24,0.173635
57,26,56,0.451613,0.174939,7.849154,68,39,0.851822
57,27,68,0.548387,0.124059,8.498296,56,23,0.214040
57,28,57,0.459677,0.000000,7.027397,67,31,0.000000
57,29,64,0.516129,0.145261,8.189659,60,28,0.250620
57,30,57,0.459677,0.131365,7.390587,67,41,0.226645
57,31,56,0.451613,0.064148,7.494356,68,44,0.110674
57,32,73,0.588710,0.206806,9.809290,51,24,0.356804
57,33,62,0.500000,0.090092,7.594824,62,29,0.155437
57,34,62,0.500000,0.154802,8.509674,62,26,0.267081
57,35,65,0.524194,0.039098,8.142279,59,25,0.067455
57,36,60,0.483871,0.128278,8.156395,64,32,0.221318
57,37,64,0.516129,0.052187,8.120360,60,25,0.090038
57,38,54,0.435484,0.122655,7.761780,70,49,0.211617
57,39,68,0.548387,0.198625,8.941692,56,25,0.342688
57,40,54,0.435484,0.105861,7.079444,70,50,0.182643
57,41,56,0.451613,0.032337,6.315126,68,33,0.055790
57,42,57,0.459677,0.151800,7.764629,67,32,0.261902
57,43,63,0.508065,0.097053,8.381687,61,28,0.167446
57,44,64,0.516129,0.232617,9.157332,60,26,0.401335
57,45,65,0.524194,0.225444,8.969311,59,30,0.388959
57,46,67,0.540323,0.093940,8.607682,57,26,0.162075
57,47,70,0.564516,0.055243,9.176198,54,25,0.095311
57,48,61,0.491935,0.208664,8.174607,63,28,0.910008
57,49,60,0.483871,0.173987,8.169073,64,27,0.300180
57,50,66,0.532258,0.184104,8.363316,58,24,0.317636
57,51,60,0.483871,0.066246,7.325678,64,28,0.114294
57,52,58,0.467742,0.112266,7.362292,66,34,0.193693
57,53,73,0.588710,0.250744,9.803951,51,22,0.432610
57,54,59,0.475806,0.069217,6.979400,65,36,0.119420
57,55,67,0.540323,0.162559,8.929638,57,23,0.280464
57,56,67,0.540323,0.070187,9.004653,57,26,0.121093
57,57,69,0.556452,0.214029,9.081506,55,24,0.919264
57,58,69,0.556452,0.186075,8.980276,55,25,0.321036
57,59,64,0.516129,0.162181,8.417450,60,28,0.279812
57,60,61,0.491935,0.187361,8.380148,63,26,0.323255
57,61,60,0.483871,0.135039,7.937635,64,31,0.232983
57,62,57,0.459677,0.038632,7.029324,67,42,0.066652
57,63,61,0.491935,0.133675,8.145064,63,28,0.230630
57,64,67,0.540323,0.213528,9.029315,57,28,0.368401
57,65,68,0.548387,0.133523,8.532537,56,26,0.230367
57,66,59,0.475806,0.119502,7.907173,65,31,0.206177
57,67,62,0.500000,0.144790,8.401643,62,26,0.249807
57,68,55,0.443548,0.144177,7.308884,69,41,0.248748
57,69,54,0.435484,0.030690,6.352487,70,46,0.052949
57,70,56,0.451613,0.127999,8.110941,68,30,0.220838
57,71,59,0.475806,0.161641,7.757144,65,28,0.278880
57,72,58,0.467742,0.166386,7.518692,66,32,0.287066
57,73,58,0.467742,0.086073,7.999175,66,45,0.148503
57,74,55,0.443548,0.052560,7.433964,69,43,0.090682
57,75,51,0.411290,0.065490,6.567840,73,64,0.112991
57,76,56,0.451613,0.124816,6.993223,68,28,0.215346
57,77,64,0.516129,0.174809,8.479487,60,22,0.301598
57,78,69,0.556452,0.114722,9.266776,55,25,0.197931
57,79,63,0.508065,0.059774,9.070520,61,27,0.103128
57,80,59,0.475806,0.080279,7.893780,65,38,0.138506
57,81,61,0.491935,0.125371,8.294415,63,29,0.216303
57,82,62,0.500000,0.172000,8.559093,62,28,0.296753
57,83,67,0.540323,0.144100,8.769331,57,28,0.248615
57,84,67,0.540323,0.160578,8.777009,57,25,0.277046
57,85,57,0.459677,0.093315,7.220200,67,43,0.160997
57,86,64,0.516129,0.046919,8.663662,60,27,0.080950
57,87,53,0.427419,0.070888,7.046487,71,60,0.672303
57,88,55,0.443548,0.120398,7.751114,69,36,0.207724
57,89,56,0.451613,0.062894,7.191005,68,33,0.108511
57,90,66,0.532258,0.050742,8.327005,58,28,0.087545
57,91,60,0.483871,0.204947,8.102021,64,32,0.353596
57,92,69,0.556452,0.099863,9.053458,55,27,0.172293
57,93,63,0.508065,0.178088,8.287959,61,26,0.307256
57,94,60,0.483871,0.073935,7.471038,64,31,0.127561
57,95,59,0.475806,0.152779,7.973476,65,37,0.263590
57,96,53,0.427419,0.077335,7.293275,71,36,0.133427
57,97,66,0.532258,0.168132,9.432836,58,28,0.290079
57,98,60,0.483871,0.079787,7.477877,64,30,0.137657
57,99,72,0.580645,0.181577,9.322420,52,23,0.313275
57,100,61,0.491935,0.115031,7.577999,63,24,0.198463
57,101,64,0.516129,0.089917,8.195244,60,24,0.155134
57,102,69,0.556452,0.260824,9.386870,55,24,0.450000
57,103,64,0.516129,0.192950,8.973732,60,28,0.332897
57,104,58,0.467742,0.086283,7.454209,66,29,0.148865
57,105,68,0.548387,0.218518,9.213387,56,28,0.377009
57,106,53,0.427419,0.125843,7.330019,71,75,0.217117
57,107,64,0.516129,0.103365,8.759281,60,24,0.178336
57,108,61,0.491935,0.187507,8.188190,63,29,0.323507
57,109,63,0.508065,0.115411,8.057770,61,29,0.199120
57,110,57,0.459677,0.212019,7.428132,67,32,0.915798
57,111,62,0.500000,0.210856,8.354320,62,28,0.363791
57,112,61,0.491935,0.151364,7.964452,63,31,0.261149
57,113,70,0.564516,0.159673,9.138417,54,24,0.275485
57,114,64,0.516129,0.047043,7.943813,60,27,0.081163
57,115,58,0.467742,0.222477,8.099514,66,31,0.383840
57,116,51,0.411290,0.096852,7.154156,73,65,0.717099
57,117,63,0.508065,0.088999,7.972453,61,27,0.153551
57,118,56,0.451613,0.129020,7.672136,68,39,0.222599
57,119,60,0.483871,0.073111,7.758473,64,30,0.126138
57,120,60,0.483871,0.137886,8.314349,64,31,0.237895
57,121,65,0.524194,0.136999,8.534867,59,24,0.236365
57,122,71,0.572581,0.217076,9.693007,53,24,0.374523
57,123,58,0.467742,0.130305,7.873916,66,35,0.224816
57,124,63,0.508065,0.019906,7.942565,61,25,0.034344
58,0,72,0.580645,0.303227,9.952083,52,23,0.450000
58,1,68,0.548387,0.130687,9.698352,56,27,0.193945
58,2,68,0.548387,0.171638,9.200833,56,25,0.254717
58,3,65,0.524194,0.122557,9.015686,59,25,0.181879
58,4,55,0.443548,0.122034,7.808029,69,35,0.181103
58,5,67,0.540323,0.181319,9.350926,57,28,0.269085
58,6,61,0.491935,0.171262,8.434191,63,27,0.254160
58,7,59,0.475806,0.052448,7.229216,65,29,0.077835
58,8,61,0.491935,0.151639,8.007091,63,26,0.225037
58,9,67,0.540323,0.102853,8.416271,57,22,0.152637
58,10,61,0.491935,0.130790,8.300695,63,32,0.194097
58,11,63,0.508065,0.183319,8.728995,61,28,0.272053
58,12,64,0.516129,0.204073,8.509628,60,25,0.852853
58,13,60,0.483871,0.088703,7.629307,64,31,0.131638
58,14,60,0.483871,0.026602,8.178289,64,29,0.039479
58,15,62,0.500000,0.065920,7.959592,62,32,0.097827
58,16,71,0.572581,0.095795,9.125131,53,23,0.142163
58,17,73,0.588710,0.241376,9.699364,51,24,0.358211
58,18,65,0.524194,0.070044,8.507934,59,27,0.103948
58,19,58,0.467742,0.119036,7.501093,66,29,0.176654
58,20,65,0.524194,0.153625,9.122346,59,25,0.227985
58,21,60,0.483871,0.092789,7.905075,64,29,0.137702
58,22,66,0.532258,0.116551,8.903546,58,26,0.172966
58,23,75,0.604839,0.223026,9.677495,49,22,0.330979
58,24,61,0.491935,0.101371,8.220368,63,30,0.150438
58,25,74,0.596774,0.078946,9.638393,50,24,0.117159
58,26,56,0.451613,0.148369,7.625803,68,40,0.220185
58,27,68,0.548387,0.142699,8.586108,56,23,0.211770
58,28,57,0.459677,0.000000,7.145072,67,31,0.000000
58,29,64,0.516129,0.174181,7.948893,60,28,0.258491
58,30,57,0.459677,0.161049,7.456964,67,41,0.239003
58,31,56,0.451613,0.031260,7.634256,68,44,0.046391
58,32,73,0.588710,0.209803,9.803234,51,24,0.311356
58,33,62,0.500000,0.078339,7.996761,62,29,0.116258
58,34,62,0.500000,0.122154,8.323194,62,26,0.181282
58,35,65,0.524194,0.042315,8.309529,59,25,0.062796
58,36,60,0.483871,0.175957,8.225113,64,32,0.811127
58,37,64,0.516129,0.045482,8.422682,60,25,0.067497
58,38,54,0.435484,0.116590,7.553395,70,49,0.173023
58,39,68,0.548387,0.227405,8.989025,56,25,0.337478
58,40,54,0.435484,0.099052,7.121944,70,50,0.146997
58,41,56,0.451613,0.066060,6.688085,68,33,0.098036
58,42,57,0.459677,0.147068,7.369757,67,32,0.218255
58,43,63,0.508065,0.071975,8.132631,61,28,0.106813
58,44,64,0.516129,0.238794,8.950011,60,26,0.354379
58,45,65,0.524194,0.204562,8.880363,59,30,0.303578
58,46,67,0.540323,0.194793,8.920148,57,26,0.289080
58,47,70,0.564516,0.050797,9.211577,54,25,0.075385
58,48,61,0.491935,0.220110,8.500823,63,29,0.326651
58,49,60,0.483871,0.191289,8.009720,64,27,0.283881
58,50,66,0.532258,0.196327,8.639572,58,24,0.291357
58,51,60,0.483871,0.046136,7.167323,64,28,0.068467
58,52,58,0.467742,0.149689,7.383528,66,34,0.772144
58,53,73,0.588710,0.292673,9.939600,51,22,0.434337
58,54,59,0.475806,0.114607,7.142228,65,36,0.170081
58,55,67,0.540323,0.164971,8.834734,57,23,0.244823
58,56,67,0.540323,0.044831,9.233017,57,26,0.066531
58,57,69,0.556452,0.159380,8.989898,55,25,0.236525
58,58,69,0.556452,0.141800,9.001500,55,25,0.210437
58,59,64,0.516129,0.169528,8.453990,60,28,0.251586
58,60,61,0.491935,0.156406,8.394214,63,26,0.232113
58,61,60,0.483871,0.154896,8.292636,64,31,0.229872
58,62,57,0.459677,0.072280,7.213862,67,42,0.107266
58,63,61,0.491935,0.095266,7.747102,63,28,0.141378
58,64,67,0.540323,0.191558,9.071883,57,28,0.284280
58,65,68,0.548387,0.129735,8.125350,56,26,0.192532
58,66,59,0.475806,0.140396,8.036563,65,31,0.208353
58,67,62,0.500000,0.158328,8.237807,62,26,0.234965
58,68,55,0.443548,0.073119,7.149856,69,41,0.108512
58,69,54,0.435484,0.044598,6.774221,70,46,0.066185
58,70,56,0.451613,0.069816,7.894143,68,30,0.103609
58,71,59,0.475806,0.104125,7.339544,65,28,0.154525
58,72,58,0.467742,0.148514,7.217167,66,32,0.770400
58,73,58,0.467742,0.122175,7.895858,66,45,0.181313
58,74,55,0.443548,0.053781,7.363950,69,43,0.079813
58,75,51,0.411290,0.087290,6.661531,73,64,0.129542
58,76,56,0.451613,0.118519,7.010365,68,28,0.725887
58,77,64,0.516129,0.166824,8.518800,60,22,0.247574
58,78,69,0.556452,0.151008,9.212484,55,25,0.224102
58,79,63,0.508065,0.029860,9.119524,61,27,0.044313
58,80,59,0.475806,0.105414,8.066577,65,38,0.156439
58,81,61,0.491935,0.093832,8.393774,63,29,0.139251
58,82,62,0.500000,0.172558,8.534445,62,28,0.256082
58,83,67,0.540323,0.133885,8.748055,57,28,0.198690
58,84,67,0.540323,0.154694,9.041043,57,25,0.229572
58,85,57,0.459677,0.112749,7.078389,67,43,0.167324
58,86,64,0.516129,0.053891,8.744384,60,27,0.079976
58,87,53,0.427419,0.000000,6.926484,71,61,0.000000
58,88,55,0.443548,0.152150,7.814590,69,36,0.225797
58,89,56,0.451613,0.037718,7.084278,68,33,0.055975
58,90,66,0.532258,0.034993,8.409497,58,28,0.051932
58,91,60,0.483871,0.256177,8.381374,64,32,0.930176
58,92,69,0.556452,0.187950,9.242451,55,27,0.278925
58,93,63,0.508065,0.146286,8.097682,61,26,0.217095
58,94,60,0.483871,0.065052,7.430329,64,31,0.096540
58,95,59,0.475806,0.190430,8.397186,65,37,0.282606
58,96,53,0.427419,0.047697,7.555662,71,36,0.070784
58,97,66,0.532258,0.210721,9.519571,58,28,0.312717
58,98,60,0.483871,0.057438,7.309564,64,30,0.085239
58,99,72,0.580645,0.234055,9.899808,52,23,0.347347
58,100,61,0.491935,0.149485,7.699306,63,24,0.221842
58,101,64,0.516129,0.106692,8.688358,60,24,0.158334
58,102,69,0.556452,0.253849,9.453742,55,24,0.376722
58,103,64,0.516129,0.124586,8.782704,60,28,0.184891
58,104,58,0.467742,0.090210,7.297883,66,29,0.133874
58,105,68,0.548387,0.245977,9.456332,56,28,0.915039
58,106,53,0.427419,0.048289,7.018461,71,75,0.071663
58,107,64,0.516129,0.122612,8.977093,60,24,0.181960
58,108,61,0.491935,0.142450,8.045813,63,29,0.211401
58,109,63,0.508065,0.129693,8.501882,61,29,0.192470
58,110,57,0.459677,0.181257,7.622087,67,33,0.268992
58,111,62,0.500000,0.175998,7.849396,62,28,0.261187
58,112,61,0.491935,0.173740,7.945473,63,31,0.257837
58,113,70,0.564516,0.173668,9.003378,54,24,0.257730
58,114,64,0.516129,0.093353,8.043989,60,27,0.138540
58,115,58,0.467742,0.200606,8.116207,66,31,0.297707
58,116,51,0.411290,0.018863,6.979749,73,66,0.027993
58,117,63,0.508065,0.077650,7.941628,61,27,0.115235
58,118,56,0.451613,0.130100,7.726066,68,39,0.193073
58,119,60,0.483871,0.087028,8.297776,64,30,0.129153
58,120,60,0.483871,0.157240,8.151644,64,31,0.233350
58,121,65,0.524194,0.066383,8.436949,59,24,0.098515
58,122,71,0.572581,0.282547,9.820287,53,24,0.419311
58,123,58,0.467742,0.135152,7.740992,66,35,0.200571
58,124,63,0.508065,0.033508,7.791972,61,25,0.049728
59,0,72,0.580645,0.302128,9.984022,52,23,0.450000
59,1,68,0.548387,0.153179,9.644305,56,27,0.228150
59,2,68,0.548387,0.158621,8.961350,56,25,0.236256
59,3,65,0.524194,0.153582,9.069751,59,25,0.228751
59,4,55,0.443548,0.123180,7.773752,69,35,0.183469
59,5,67,0.540323,0.152760,9.392801,57,28,0.227527
59,6,61,0.491935,0.172191,8.506235,63,27,0.256468
59,7,59,0.475806,0.079350,7.434341,65,29,0.118187
59,8,61,0.491935,0.133300,8.058186,63,26,0.198543
59,9,67,0.540323,0.100644,8.254912,57,22,0.149903
59,10,61,0.491935,0.155014,8.190545,63,32,0.230884
59,11,63,0.508065,0.190857,8.703856,61,28,0.284270
59,12,64,0.516129,0.178030,8.472037,60,26,0.265165
59,13,60,0.483871,0.088562,7.675616,64,31,0.131907
59,14,60,0.483871,0.007075,7.961194,64,29,0.010538
59,15,62,0.500000,0.068632,7.929273,62,32,0.102224
59,16,71,0.572581,0.110375,9.161657,53,23,0.714397
59,17,73,0.588710,0.264388,9.779401,51,24,0.393789
59,18,65,0.524194,0.109396,8.521448,59,27,0.162939
59,19,58,0.467742,0.146174,7.609966,66,29,0.217717
59,20,65,0.524194,0.182495,8.991582,59,25,0.271815
59,21,60,0.483871,0.101552,7.866390,64,29,0.151255
59,22,66,0.532258,0.197052,9.278506,58,26,0.293496
59,23,75,0.604839,0.248678,9.908057,49,22,0.370390
59,24,61,0.491935,0.112988,8.115533,63,30,0.168289
59,25,74,0.596774,0.111207,9.539321,50,24,0.165637
59,26,56,0.451613,0.206275,8.094465,68,40,0.307234
59,27,68,0.548387,0.116025,8.487106,56,23,0.172812
59,28,57,0.459677,0.000000,7.199202,67,31,0.000000
59,29,64,0.516129,0.143902,7.934629,60,28,0.214333
59,30,57,0.459677,0.120766,7.326811,67,41,0.179873
59,31,56,0.451613,0.065585,7.467245,68,44,0.097684
59,32,73,0.588710,0.196628,9.667223,51,24,0.292865
59,33,62,0.500000,0.071367,7.933745,62,29,0.106297
59,34,62,0.500000,0.151944,8.450700,62,26,0.226311
59,35,65,0.524194,0.053607,8.219428,59,25,0.079844
59,36,60,0.483871,0.115848,8.223632,64,33,0.172549
59,37,64,0.516129,0.034688,8.269998,60,25,0.051666
59,38,54,0.435484,0.133480,7.637103,70,49,0.198810
59,39,68,0.548387,0.188729,8.804033,56,25,0.281100
59,40,54,0.435484,0.073851,7.125415,70,50,0.109996
59,41,56,0.451613,0.069712,6.555989,68,33,0.103832
59,42,57,0.459677,0.162176,7.414649,67,32,0.241551
59,43,63,0.508065,0.095979,8.263338,61,28,0.142954
59,44,64,0.516129,0.243258,9.189692,60,26,0.912317
59,45,65,0.524194,0.202890,8.834911,59,30,0.302191
59,46,67,0.540323,0.203862,8.831742,57,26,0.303640
59,47,70,0.564516,0.080354,9.078277,54,25,0.119682
59,48,61,0.491935,0.193026,8.301529,63,29,0.837501
59,49,60,0.483871,0.152947,7.944835,64,27,0.227804
59,50,66,0.532258,0.232252,8.674566,58,24,0.345925
59,51,60,0.483871,0.046595,7.234770,64,28,0.069401
59,52,58,0.467742,0.054755,7.432032,66,35,0.081554
59,53,73,0.588710,0.204837,10.027221,51,22,0.305092
59,54,59,0.475806,0.069764,7.279270,65,36,0.103910
59,55,67,0.540323,0.157315,8.944587,57,23,0.234311
59,56,67,0.540323,0.033864,8.938410,57,26,0.050438
59,57,69,0.556452,0.119509,9.239818,55,25,0.178001
59,58,69,0.556452,0.185179,8.976440,55,25,0.275812
59,59,64,0.516129,0.183743,8.473979,60,28,0.823674
59,60,61,0.491935,0.143723,8.339416,63,26,0.214066
59,61,60,0.483871,0.167461,8.248380,64,31,0.249423
59,62,57,0.459677,0.038956,7.256255,67,42,0.058023
59,63,61,0.491935,0.070403,7.869756,63,28,0.104861
59,64,67,0.540323,0.165337,8.974855,57,28,0.246260
59,65,68,0.548387,0.158993,8.286693,56,26,0.236811
59,66,59,0.475806,0.128929,8.193425,65,31,0.192032
59,67,62,0.500000,0.163585,8.361733,62,26,0.243650
59,68,55,0.443548,0.101633,7.442609,69,41,0.151376
59,69,54,0.435484,0.048808,6.631455,70,46,0.072697
59,70,56,0.451613,0.100560,7.802122,68,30,0.149778
59,71,59,0.475806,0.144381,7.550854,65,28,0.215046
59,72,58,0.467742,0.165523,7.437865,66,33,0.246536
59,73,58,0.467742,0.103992,7.789597,66,45,0.154890
59,74,55,0.443548,0.076993,7.371746,69,43,0.114676
59,75,51,0.411290,0.061986,6.528723,73,64,0.092324
59,76,56,0.451613,0.091609,6.991963,68,29,0.136445
59,77,64,0.516129,0.188210,8.674317,60,22,0.280327
59,78,69,0.556452,0.169903,9.292539,55,25,0.253061
59,79,63,0.508065,0.115256,8.968865,61,27,0.171667
59,80,59,0.475806,0.119885,7.767441,65,38,0.178561
59,81,61,0.491935,0.116366,8.258215,63,29,0.173320
59,82,62,0.500000,0.127296,8.447121,62,28,0.189600
59,83,67,0.540323,0.102164,8.880020,57,28,0.152167
59,84,67,0.540323,0.116528,8.836973,57,25,0.173561
59,85,57,0.459677,0.102470,6.918616,67,43,0.702623
59,86,64,0.516129,0.053410,8.668507,60,27,0.079550
59,87,53,0.427419,0.021863,7.097258,71,61,0.582563
59,88,55,0.443548,0.096959,7.600796,69,36,0.144414
59,89,56,0.451613,0.089205,7.186108,68,33,0.132866
59,90,66,0.532258,0.091096,8.653422,58,28,0.135682
59,91,60,0.483871,0.198385,8.345781,64,33,0.295481
59,92,69,0.556452,0.166180,9.226159,55,27,0.247515
59,93,63,0.508065,0.126877,8.174709,61,26,0.188976
59,94,60,0.483871,0.061391,7.387108,64,31,0.091438
59,95,59,0.475806,0.193167,8.425255,65,37,0.287711
59,96,53,0.427419,0.041080,7.249514,71,36,0.061185
59,97,66,0.532258,0.215504,9.628317,58,28,0.320980
59,98,60,0.483871,0.104420,7.621470,64,30,0.155527
59,99,72,0.580645,0.224064,9.602223,52,23,0.333730
59,100,61,0.491935,0.098164,7.536836,63,24,0.146209
59,101,64,0.516129,0.100221,8.377287,60,24,0.149272
59,102,69,0.556452,0.266833,9.461182,55,24,0.397431
59,103,64,0.516129,0.169635,8.949039,60,28,0.252661
59,104,58,0.467742,0.105007,7.348310,66,29,0.156402
59,105,68,0.548387,0.195851,9.336393,56,29,0.291708
59,106,53,0.427419,0.091458,7.124555,71,75,0.136221
59,107,64,0.516129,0.073480,8.820076,60,24,0.109443
59,108,61,0.491935,0.154852,7.998330,63,29,0.230643
59,109,63,0.508065,0.123010,8.639284,61,29,0.183216
59,110,57,0.459677,0.176941,7.548159,67,33,0.263542
59,111,62,0.500000,0.146393,7.762680,62,28,0.218044
59,112,61,0.491935,0.166642,8.118173,63,31,0.798202
59,113,70,0.564516,0.146224,9.215684,54,24,0.217792
59,114,64,0.516129,0.075077,8.217001,60,27,0.111823
59,115,58,0.467742,0.211765,8.196907,66,31,0.315411
59,116,51,0.411290,0.002968,7.091606,73,66,0.004420
59,117,63,0.508065,0.063119,8.180329,61,27,0.094012
59,118,56,0.451613,0.103661,7.533659,68,39,0.154396
59,119,60,0.483871,0.096783,7.967366,64,30,0.144153
59,120,60,0.483871,0.186104,8.037114,64,31,0.827191
59,121,65,0.524194,0.122666,8.498596,59,24,0.182704
59,122,71,0.572581,0.279240,9.597214,53,24,0.415911
59,123,58,0.467742,0.119056,7.633482,66,35,0.177327
59,124,63,0.508065,0.037503,7.829114,61,25,0.055858
60,0,72,0.580645,0.288271,9.886896,52,23,0.450000
60,1,68,0.548387,0.198097,9.519517,56,27,0.309235
60,2,68,0.548387,0.145686,8.794267,56,25,0.227421
60,3,65,0.524194,0.090068,8.875248,59,25,0.140599
60,4,55,0.443548,0.105651,7.877601,69,35,0.164924
60,5,67,0.540323,0.166297,9.599730,57,28,0.259595
60,6,61,0.491935,0.170463,8.347006,63,27,0.266097
60,7,59,0.475806,0.061949,7.425012,65,29,0.096705
60,8,61,0.491935,0.176061,8.010242,63,26,0.274837
60,9,67,0.540323,0.052212,8.330834,57,22,0.081504
60,10,61,0.491935,0.123415,8.089131,63,32,0.742654
60,11,63,0.508065,0.200288,8.801246,61,28,0.312655
60,12,64,0.516129,0.220403,8.763059,60,26,0.344056
60,13,60,0.483871,0.078900,7.647930,64,31,0.123166
60,14,60,0.483871,0.041634,8.018790,64,29,0.064991
60,15,62,0.500000,0.091627,7.891156,62,32,0.143032
60,16,71,0.572581,0.094604,8.908307,53,24,0.147679
60,17,73,0.588710,0.276005,9.945918,51,24,0.430852
60,18,65,0.524194,0.110987,8.595003,59,27,0.173254
60,19,58,0.467742,0.150025,7.697240,66,29,0.234194
60,20,65,0.524194,0.169733,8.891567,59,25,0.264958
60,21,60,0.483871,0.084975,8.121286,64,29,0.132649
60,22,66,0.532258,0.146943,9.198862,58,26,0.229382
60,23,75,0.604839,0.261287,9.793422,49,22,0.407877
60,24,61,0.491935,0.090173,8.007803,63,30,0.140763
60,25,74,0.596774,0.102446,9.572854,50,24,0.159922
60,26,56,0.451613,0.169976,7.995792,68,40,0.265338
60,27,68,0.548387,0.181486,8.869571,56,23,0.283305
60,28,57,0.459677,0.006680,6.987927,67,31,0.010428
60,29,64,0.516129,0.124044,7.810484,60,28,0.193636
60,30,57,0.459677,0.137291,7.349678,67,41,0.214315
60,31,56,0.451613,0.061751,7.338531,68,44,0.096395
60,32,73,0.588710,0.213430,9.586406,51,24,0.333171
60,33,62,0.500000,0.098054,8.173209,62,29,0.153065
60,34,62,0.500000,0.171274,8.488717,62,26,0.267363
60,35,65,0.524194,0.040055,8.141823,59,25,0.062527
60,36,60,0.483871,0.108871,7.840897,64,33,0.169951
60,37,64,0.516129,0.079461,8.257718,60,25,0.124041
60,38,54,0.435484,0.128607,7.506251,70,49,0.200759
60,39,68,0.548387,0.147861,8.683128,56,25,0.230815
60,40,54,0.435484,0.104089,6.995718,70,50,0.162486
60,41,56,0.451613,0.127977,7.257715,68,33,0.199776
60,42,57,0.459677,0.107719,7.308302,67,32,0.168153
60,43,63,0.508065,0.081238,8.190211,61,28,0.126815
60,44,64,0.516129,0.197176,8.885247,60,27,0.307798
60,45,65,0.524194,0.200059,8.790688,59,30,0.312298
60,46,67,0.540323,0.180979,8.958084,57,26,0.282514
60,47,70,0.564516,0.051602,8.985853,54,25,0.080552
60,48,61,0.491935,0.174601,8.271311,63,30,0.272557
60,49,60,0.483871,0.165906,8.199161,64,27,0.258984
60,50,66,0.532258,0.239202,8.788172,58,24,0.923401
60,51,60,0.483871,0.072781,7.124547,64,28,0.113613
60,52,58,0.467742,0.062428,7.386882,66,35,0.097452
60,53,73,0.588710,0.271838,10.360167,51,22,0.424347
60,54,59,0.475806,0.081462,7.437555,65,36,0.127165
60,55,67,0.540323,0.191922,9.022960,57,23,0.299596
60,56,67,0.540323,0.027846,8.986786,57,26,0.043468
60,57,69,0.556452,0.131977,8.983900,55,25,0.206020
60,58,69,0.556452,0.196206,9.378358,55,25,0.306283
60,59,64,0.516129,0.161416,8.659969,60,29,0.801976
60,60,61,0.491935,0.147298,8.426535,63,26,0.229937
60,61,60,0.483871,0.120424,7.966400,64,31,0.187985
60,62,57,0.459677,0.084830,7.271915,67,42,0.132423
60,63,61,0.491935,0.104602,8.042615,63,28,0.163287
60,64,67,0.540323,0.154833,8.936952,57,28,0.241699
60,65,68,0.548387,0.156505,8.256493,56,26,0.244309
60,66,59,0.475806,0.163131,8.178038,65,31,0.254653
60,67,62,0.500000,0.113442,7.792427,62,26,0.177087
60,68,55,0.443548,0.093740,7.372735,69,41,0.146330
60,69,54,0.435484,0.077591,6.724489,70,46,0.121121
60,70,56,0.451613,0.081627,7.757578,68,30,0.127423
60,71,59,0.475806,0.163464,7.876913,65,28,0.805172
60,72,58,0.467742,0.115456,7.201072,66,33,0.180231
60,73,58,0.467742,0.082450,7.677342,66,45,0.128707
60,74,55,0.443548,0.118501,7.459973,69,43,0.184984
60,75,51,0.411290,0.133423,6.708964,73,64,0.208278
60,76,56,0.451613,0.087498,7.073237,68,29,0.136586
60,77,64,0.516129,0.066343,8.432220,60,22,0.103563
60,78,69,0.556452,0.206190,9.403470,55,25,0.321869
60,79,63,0.508065,0.105835,8.923721,61,27,0.165212
60,80,59,0.475806,0.134672,8.023528,65,38,0.210227
60,81,61,0.491935,0.104761,8.224989,63,29,0.163535
60,82,62,0.500000,0.132437,8.543688,62,28,0.206738
60,83,67,0.540323,0.150745,9.091074,57,28,0.235317
60,84,67,0.540323,0.161792,8.847924,57,25,0.252563
60,85,57,0.459677,0.078456,7.284348,67,44,0.122472
60,86,64,0.516129,0.093023,8.773113,60,27,0.145211
60,87,53,0.427419,0.000000,6.909225,71,62,0.000000
60,88,55,0.443548,0.133622,7.783274,69,36,0.208587
60,89,56,0.451613,0.074734,7.156499,68,33,0.116662
60,90,66,0.532258,0.088720,8.410147,58,28,0.138494
60,91,60,0.483871,0.183496,8.068295,64,33,0.836443
60,92,69,0.556452,0.126594,9.011348,55,27,0.197617
60,93,63,0.508065,0.178125,8.125230,61,26,0.278058
60,94,60,0.483871,0.108176,7.775252,64,31,0.168866
60,95,59,0.475806,0.136684,8.108713,65,37,0.213368
60,96,53,0.427419,0.059613,7.485294,71,36,0.093058
60,97,66,0.532258,0.231877,9.513911,58,28,0.361967
60,98,60,0.483871,0.135014,7.784608,64,30,0.210761
60,99,72,0.580645,0.216290,9.675240,52,23,0.337636
60,100,61,0.491935,0.065062,7.543663,63,24,0.101564
60,101,64,0.516129,0.118434,8.589541,60,24,0.184879
60,102,69,0.556452,0.258620,9.228683,55,24,0.403713
60,103,64,0.516129,0.154476,8.720609,60,28,0.241142
60,104,58,0.467742,0.075020,7.134934,66,29,0.117108
60,105,68,0.548387,0.221847,9.416524,56,29,0.896310
60,106,53,0.427419,0.089125,6.919271,71,75,0.689126
60,107,64,0.516129,0.059452,8.580944,60,24,0.092806
60,108,61,0.491935,0.137447,7.814002,63,29,0.214559
60,109,63,0.508065,0.102011,8.354837,61,29,0.159241
60,110,57,0.459677,0.174358,7.389301,67,33,0.272178
60,111,62,0.500000,0.152054,7.924564,62,28,0.237361
60,112,61,0.491935,0.110249,7.789861,63,32,0.172101
60,113,70,0.564516,0.133983,9.222807,54,24,0.209152
60,114,64,0.516129,0.089570,8.311562,60,27,0.139821
60,115,58,0.467742,0.183378,7.939126,66,31,0.286259
60,116,51,0.411290,0.069900,7.311741,73,66,0.109116
60,117,63,0.508065,0.028896,8.121002,61,27,0.045107
60,118,56,0.451613,0.098350,7.453620,68,39,0.153527
60,119,60,0.483871,0.120242,7.992655,64,30,0.187701
60,120,60,0.483871,0.183498,7.968076,64,32,0.286446
60,121,65,0.524194,0.110680,8.487200,59,24,0.172775
60,122,71,0.572581,0.256743,9.763762,53,24,0.400784
60,123,58,0.467742,0.084662,7.361484,66,35,0.132159
60,124,63,0.508065,0.070208,7.985465,61,25,0.109597
61,0,72,0.580645,0.305664,9.690538,52,23,1.000000
61,1,68,0.548387,0.123347,9.462260,56,27,0.181592
61,2,68,0.548387,0.114494,8.848364,56,25,0.168558
61,3,65,0.524194,0.094609,8.738585,59,25,0.139283
61,4,55,0.443548,0.143314,7.765681,69,35,0.210988
61,5,67,0.540323,0.182371,9.432738,57,28,0.268488
61,6,61,0.491935,0.203062,8.413650,63,27,0.298949
61,7,59,0.475806,0.100105,7.527078,65,29,0.147375
61,8,61,0.491935,0.145681,8.084770,63,26,0.214473
61,9,67,0.540323,0.076757,8.298126,57,22,0.113002
61,10,61,0.491935,0.132371,8.180950,63,33,0.194877
61,11,63,0.508065,0.233420,8.750979,61,28,0.343642
61,12,64,0.516129,0.168673,8.537153,60,26,0.248321
61,13,60,0.483871,0.113100,7.830987,64,31,0.166506
61,14,60,0.483871,0.049727,8.157053,64,29,0.073208
61,15,62,0.500000,0.111830,8.102582,62,32,0.164636
61,16,71,0.572581,0.167528,9.279953,53,24,0.246636
61,17,73,0.588710,0.219944,9.824160,51,24,0.323803
61,18,65,0.524194,0.114822,8.490659,59,27,0.169041
61,19,58,0.467742,0.175119,7.878029,66,29,0.257811
61,20,65,0.524194,0.147782,8.766494,59,25,0.217565
61,21,60,0.483871,0.049714,7.871523,64,29,0.073189
61,22,66,0.532258,0.126478,9.014032,58,26,0.186202
61,23,75,0.604839,0.258867,9.737563,49,22,0.931106
61,24,61,0.491935,0.095785,7.991702,63,30,0.141015
61,25,74,0.596774,0.168949,9.613829,50,24,0.248727
61,26,56,0.451613,0.190871,7.722191,68,40,0.281001
61,27,68,0.548387,0.128769,8.791502,56,23,0.189574
61,28,57,0.459677,0.014270,7.016326,67,31,0.021008
61,29,64,0.516129,0.144356,7.887352,60,28,0.212521
61,30,57,0.459677,0.102561,7.396907,67,41,0.150991
61,31,56,0.451613,0.076079,7.451026,68,44,0.112004
61,32,73,0.588710,0.188429,9.756890,51,24,0.277406
61,33,62,0.500000,0.123991,8.169960,62,29,0.182540
61,34,62,0.500000,0.147883,8.288708,62,26,0.217714
61,35,65,0.524194,0.067930,8.088533,59,25,0.100008
61,36,60,0.483871,0.155834,7.815662,64,33,0.229420
61,37,64,0.516129,0.117521,8.430615,60,25,0.173016
61,38,54,0.435484,0.175881,7.697394,70,49,0.258934
61,39,68,0.548387,0.150863,8.628651,56,25,0.222101
61,40,54,0.435484,0.121510,6.855388,70,50,0.178887
61,41,56,0.451613,0.095000,7.125484,68,33,0.139859
61,42,57,0.459677,0.152277,7.291547,67,32,0.224183
61,43,63,0.508065,0.068138,8.196805,61,28,0.100313
61,44,64,0.516129,0.198588,8.910150,60,27,0.292363
61,45,65,0.524194,0.197591,8.759392,59,30,0.290895
61,46,67,0.540323,0.187711,9.033423,57,26,0.276350
61,47,70,0.564516,0.054759,9.008666,54,25,0.080617
61,48,61,0.491935,0.145800,7.975164,63,30,0.214647
61,49,60,0.483871,0.132048,7.934845,64,27,0.194402
61,50,66,0.532258,0.199563,8.825752,58,25,0.293798
61,51,60,0.483871,0.109162,7.301223,64,28,0.160709
61,52,58,0.467742,0.053875,7.293072,66,35,0.079316
61,53,73,0.588710,0.264645,10.041611,51,22,0.389611
61,54,59,0.475806,0.097670,7.531630,65,36,0.143790
61,55,67,0.540323,0.136529,9.064763,57,23,0.200998
61,56,67,0.540323,0.071280,9.170583,57,26,0.104939
61,57,69,0.556452,0.078255,8.798766,55,25,0.115208
61,58,69,0.556452,0.166826,9.187894,55,25,0.245602
61,59,64,0.516129,0.087092,8.378906,60,30,0.128217
61,60,61,0.491935,0.146104,8.330056,63,26,0.215095
61,61,60,0.483871,0.149451,8.237536,64,31,0.220022
61,62,57,0.459677,0.027584,7.184276,67,42,0.040610
61,63,61,0.491935,0.102104,7.909814,63,28,0.150318
61,64,67,0.540323,0.157225,8.773003,57,28,0.781468
61,65,68,0.548387,0.145947,8.211232,56,26,0.214863
61,66,59,0.475806,0.151684,7.894081,65,31,0.223310
61,67,62,0.500000,0.166354,8.065977,62,26,0.244908
61,68,55,0.443548,0.109421,7.353759,69,41,0.161090
61,69,54,0.435484,0.079657,6.643332,70,46,0.117272
61,70,56,0.451613,0.059473,7.594342,68,30,0.087557
61,71,59,0.475806,0.171775,8.079777,65,29,0.252888
61,72,58,0.467742,0.118646,7.369945,66,33,0.174671
61,73,58,0.467742,0.072113,7.561457,66,45,0.106165
61,74,55,0.443548,0.142287,7.609972,69,43,0.759476
61,75,51,0.411290,0.112736,6.798565,73,64,0.165970
61,76,56,0.451613,0.150375,7.117013,68,29,0.221382
61,77,64,0.516129,0.088522,8.523299,60,22,0.130322
61,78,69,0.556452,0.169405,9.125527,55,25,0.249399
61,79,63,0.508065,0.120067,8.647171,61,27,0.176763
61,80,59,0.475806,0.061051,7.585960,65,38,0.089879
61,81,61,0.491935,0.113410,8.180068,63,29,0.166963
61,82,62,0.500000,0.106341,8.359527,62,28,0.156556
61,83,67,0.540323,0.152279,9.094143,57,28,0.224185
61,84,67,0.540323,0.113873,8.679579,57,25,0.167645
61,85,57,0.459677,0.119300,7.310304,67,44,0.175635
61,86,64,0.516129,0.064584,8.635199,60,27,0.095082
61,87,53,0.427419,0.000000,6.655837,71,62,0.000000
61,88,55,0.443548,0.140390,7.469042,69,36,0.756683
61,89,56,0.451613,0.091043,7.312836,68,33,0.684034
61,90,66,0.532258,0.105929,8.606724,58,28,0.155949
61,91,60,0.483871,0.151212,8.144912,64,34,0.222616
61,92,69,0.556452,0.142005,9.161210,55,27,0.209060
61,93,63,0.508065,0.144328,7.845695,61,26,0.212480
61,94,60,0.483871,0.096809,7.700376,64,31,0.142522
61,95,59,0.475806,0.148718,7.995165,65,37,0.218943
61,96,53,0.427419,0.078084,7.404349,71,36,0.114956
61,97,66,0.532258,0.189493,9.141081,58,28,0.278972
61,98,60,0.483871,0.126593,7.676170,64,30,0.186371
61,99,72,0.580645,0.221318,9.774485,52,23,0.325825
61,100,61,0.491935,0.108062,7.693783,63,24,0.159090
61,101,64,0.516129,0.107246,8.473711,60,24,0.157888
61,102,69,0.556452,0.247553,9.423634,55,24,0.364449
61,103,64,0.516129,0.147556,8.650612,60,28,0.217233
61,104,58,0.467742,0.063560,7.312259,66,29,0.093574
61,105,68,0.548387,0.201385,9.320154,56,30,0.296480
61,106,53,0.427419,0.056603,6.631181,71,76,0.083331
61,107,64,0.516129,0.039611,8.667690,60,24,0.058315
61,108,61,0.491935,0.090384,7.867804,63,29,0.133064
61,109,63,0.508065,0.148300,8.555668,61,29,0.218327
61,110,57,0.459677,0.158832,7.414661,67,33,0.233833
61,111,62,0.500000,0.142349,7.900670,62,28,0.209567
61,112,61,0.491935,0.126507,8.070422,63,32,0.186244
61,113,70,0.564516,0.169240,9.373137,54,24,0.249156
61,114,64,0.516129,0.124671,8.042187,60,27,0.733541
61,115,58,0.467742,0.149786,7.915605,66,31,0.220516
61,116,51,0.411290,0.079723,7.298517,73,66,0.117368
61,117,63,0.508065,0.059533,8.356953,61,27,0.087645
61,118,56,0.451613,0.135629,7.517692,68,39,0.199674
61,119,60,0.483871,0.184796,8.399443,64,30,0.272057
61,120,60,0.483871,0.155184,8.010252,64,32,0.228463
61,121,65,0.524194,0.099371,8.408524,59,24,0.146294
61,122,71,0.572581,0.284968,9.797169,53,24,0.419531
61,123,58,0.467742,0.079519,7.509447,66,35,0.117068
61,124,63,0.508065,0.052711,7.910114,61,25,0.077602
62,0,72,0.580645,0.226195,9.397350,52,24,0.898377
62,1,68,0.548387,0.187738,9.525526,56,27,0.289148
62,2,68,0.548387,0.126401,8.646915,56,25,0.194678
62,3,65,0.524194,0.074653,8.972057,59,25,0.114978
62,4,55,0.443548,0.115285,7.690185,69,35,0.177558
62,5,67,0.540323,0.211564,9.487906,57,28,0.325844
62,6,61,0.491935,0.226090,8.375640,63,27,0.348217
62,7,59,0.475806,0.080462,7.789447,65,29,0.123925
62,8,61,0.491935,0.103260,7.770906,63,26,0.159037
62,9,67,0.540323,0.027559,8.412940,57,22,0.042446
62,10,61,0.491935,0.122746,7.930416,63,33,0.189050
62,11,63,0.508065,0.215544,8.727767,61,28,0.331973
62,12,64,0.516129,0.196174,8.461955,60,26,0.302140
62,13,60,0.483871,0.111694,7.950961,64,31,0.172027
62,14,60,0.483871,0.000000,7.929341,64,29,0.000000
62,15,62,0.500000,0.065463,7.771361,62,32,0.100824
62,16,71,0.572581,0.156676,8.971197,53,24,0.241306
62,17,73,0.588710,0.268278,10.024815,51,24,0.413192
62,18,65,0.524194,0.110480,8.600684,59,27,0.170158
62,19,58,0.467742,0.136141,7.811974,66,29,0.209680
62,20,65,0.524194,0.143234,8.826060,59,25,0.220604
62,21,60,0.483871,0.062605,7.867298,64,29,0.096422
62,22,66,0.532258,0.158936,9.245374,58,26,0.244787
62,23,75,0.604839,0.277014,10.058633,49,23,0.426647
62,24,61,0.491935,0.083153,7.999789,63,30,0.128069
62,25,74,0.596774,0.148962,9.846496,50,24,0.229426
62,26,56,0.451613,0.181170,7.577714,68,40,0.279031
62,27,68,0.548387,0.133598,8.716015,56,23,0.205763
62,28,57,0.459677,0.006488,6.857309,67,31,0.009993
62,29,64,0.516129,0.102184,7.767103,60,28,0.157380
62,30,57,0.459677,0.131092,7.415490,67,41,0.201904
62,31,56,0.451613,0.027443,7.276222,68,44,0.042267
62,32,73,0.588710,0.159242,9.281637,51,24,0.245259
62,33,62,0.500000,0.077420,8.228836,62,29,0.119240
62,34,62,0.500000,0.179584,8.812464,62,26,0.826589
62,35,65,0.524194,0.068605,8.055343,59,25,0.105662
62,36,60,0.483871,0.101130,7.835337,64,33,0.155757
62,37,64,0.516129,0.089924,8.370549,60,25,0.138498
62,38,54,0.435484,0.167927,7.749204,70,49,0.258635
62,39,68,0.548387,0.146756,8.666415,56,25,0.226029
62,40,54,0.435484,0.135327,7.036106,70,50,0.208426
62,41,56,0.451613,0.107625,7.096382,68,33,0.715760
62,42,57,0.459677,0.181894,7.387787,67,32,0.830146
62,43,63,0.508065,0.097222,8.422348,61,28,0.149738
62,44,64,0.516129,0.136534,8.881511,60,27,0.210284
62,45,65,0.524194,0.210865,8.969007,59,30,0.324768
62,46,67,0.540323,0.126595,8.869153,57,26,0.194977
62,47,70,0.564516,0.040886,8.912572,54,25,0.062971
62,48,61,0.491935,0.116474,8.001400,63,30,0.179389
62,49,60,0.483871,0.163190,8.326742,64,27,0.251339
62,50,66,0.532258,0.208172,8.676490,58,25,0.320619
62,51,60,0.483871,0.077186,7.062961,64,28,0.118880
62,52,58,0.467742,0.137371,7.460023,66,35,0.211574
62,53,73,0.588710,0.263000,9.851053,51,22,0.405064
62,54,59,0.475806,0.112165,7.454842,65,36,0.172752
62,55,67,0.540323,0.218083,9.109586,57,23,0.335884
62,56,67,0.540323,0.013742,9.012150,57,26,0.021165
62,57,69,0.556452,0.150580,9.291887,55,25,0.231917
62,58,69,0.556452,0.201597,9.176255,55,25,0.310493
62,59,64,0.516129,0.135255,8.741749,60,30,0.208316
62,60,61,0.491935,0.165487,8.351180,63,26,0.254877
62,61,60,0.483871,0.112859,7.846213,64,31,0.173821
62,62,57,0.459677,0.081757,7.064370,67,42,0.125919
62,63,61,0.491935,0.112772,7.937629,63,28,0.173688
62,64,67,0.540323,0.110970,8.691022,57,29,0.170913
62,65,68,0.548387,0.140695,8.276267,56,26,0.216694
62,66,59,0.475806,0.153570,7.849120,65,31,0.236523
62,67,62,0.500000,0.177564,8.186302,62,26,0.273479
62,68,55,0.443548,0.124312,7.599326,69,41,0.191461
62,69,54,0.435484,0.068214,6.518536,70,46,0.105061
62,70,56,0.451613,0.062368,7.403224,68,30,0.096058
62,71,59,0.475806,0.175177,7.991606,65,29,0.269802
62,72,58,0.467742,0.122115,7.199469,66,33,0.188077
62,73,58,0.467742,0.150828,7.719145,66,45,0.782299
62,74,55,0.443548,0.080547,7.553917,69,44,0.124056
62,75,51,0.411290,0.138826,6.955666,73,64,0.213815
62,76,56,0.451613,0.123451,6.907184,68,29,0.190135
62,77,64,0.516129,0.094363,8.404779,60,22,0.145334
62,78,69,0.556452,0.173071,9.546323,55,25,0.266558
62,79,63,0.508065,0.171283,9.061128,61,27,0.263805
62,80,59,0.475806,0.066283,7.472246,65,38,0.102087
62,81,61,0.491935,0.087679,8.174186,63,29,0.135040
62,82,62,0.500000,0.100185,8.031661,62,28,0.154302
62,83,67,0.540323,0.139965,8.929463,57,28,0.215569
62,84,67,0.540323,0.129975,8.832359,57,25,0.200184
62,85,57,0.459677,0.130242,7.456874,67,44,0.200595
62,86,64,0.516129,0.110302,8.793841,60,27,0.169883
62,87,53,0.427419,0.017279,6.735789,71,62,0.026612
62,88,55,0.443548,0.132344,7.653099,69,37,0.753831
62,89,56,0.451613,0.098261,7.108771,68,34,0.151338
62,90,66,0.532258,0.123664,8.573595,58,28,0.190463
62,91,60,0.483871,0.133961,7.835954,64,34,0.206323
62,92,69,0.556452,0.146571,9.200971,55,27,0.225744
62,93,63,0.508065,0.170241,8.072464,61,26,0.262199
62,94,60,0.483871,0.119526,7.780840,64,31,0.184090
62,95,59,0.475806,0.108238,7.565168,65,37,0.166705
62,96,53,0.427419,0.113125,7.477794,71,36,0.174231
62,97,66,0.532258,0.171985,9.254531,58,28,0.264886
62,98,60,0.483871,0.127106,7.981545,64,30,0.195765
62,99,72,0.580645,0.244044,9.803916,52,23,0.375868
62,100,61,0.491935,0.085055,7.718572,63,24,0.130999
62,101,64,0.516129,0.082514,8.503675,60,24,0.127086
62,102,69,0.556452,0.292176,9.220961,55,24,0.450000
62,103,64,0.516129,0.208214,8.888758,60,28,0.320684
62,104,58,0.467742,0.073928,7.206443,66,29,0.113862
62,105,68,0.548387,0.185798,9.220846,56,30,0.286160
62,106,53,0.427419,0.038890,6.899918,71,76,0.059896
62,107,64,0.516129,0.000000,8.597105,60,24,0.000000
62,108,61,0.491935,0.148139,7.715736,63,29,0.228158
62,109,63,0.508065,0.155392,8.518643,61,29,0.239330
62,110,57,0.459677,0.157630,7.526695,67,33,0.792777
62,111,62,0.500000,0.138117,8.136091,62,28,0.212723
62,112,61,0.491935,0.151759,8.105901,63,32,0.233735
62,113,70,0.564516,0.137777,9.308631,54,24,0.212199
62,114,64,0.516129,0.074669,8.326075,60,28,0.115003
62,115,58,0.467742,0.191134,8.217594,66,31,0.294378
62,116,51,0.411290,0.049630,7.086268,73,66,0.076438
62,117,63,0.508065,0.086201,8.119597,61,27,0.682763
62,118,56,0.451613,0.113209,7.468216,68,39,0.174360
62,119,60,0.483871,0.136456,8.115454,64,30,0.210165
62,120,60,0.483871,0.155781,8.074381,64,32,0.239928
62,121,65,0.524194,0.067817,8.409926,59,24,0.104449
62,122,71,0.572581,0.276783,9.672747,53,24,0.426292
62,123,58,0.467742,0.060158,7.166681,66,35,0.092653
62,124,63,0.508065,0.123646,8.005853,61,25,0.190435
63,0,72,0.580645,0.306518,9.820459,52,25,0.450000
63,1,68,0.548387,0.167091,9.467914,56,27,0.245308
63,2,68,0.548387,0.110987,9.070175,56,25,0.162941
63,3,65,0.524194,0.072063,8.701768,59,25,0.105796
63,4,55,0.443548,0.093874,7.589745,69,35,0.137816
63,5,67,0.540323,0.169047,9.720697,57,28,0.248179
63,6,61,0.491935,0.211985,8.516290,63,27,0.311216
63,7,59,0.475806,0.048766,7.084208,65,29,0.071594
63,8,61,0.491935,0.151451,7.669150,63,26,0.222346
63,9,67,0.540323,0.109733,8.788495,57,22,0.161099
63,10,61,0.491935,0.090080,8.243731,63,33,0.132247
63,11,63,0.508065,0.184437,8.781970,61,28,0.270772
63,12,64,0.516129,0.139910,8.474187,60,26,0.755402
63,13,60,0.483871,0.114975,7.822619,64,31,0.168796
63,14,60,0.483871,0.000000,8.061779,64,29,0.000000
63,15,62,0.500000,0.086699,7.783797,62,32,0.127283
63,16,71,0.572581,0.090685,8.969545,53,24,0.133135
63,17,73,0.588710,0.244257,9.792116,51,24,0.358594
63,18,65,0.524194,0.119969,8.727468,59,27,0.176127
63,19,58,0.467742,0.148132,7.740957,66,29,0.217473
63,20,65,0.524194,0.187322,9.076273,59,25,0.275009
63,21,60,0.483871,0.087753,8.074519,64,29,0.128830
63,22,66,0.532258,0.044355,8.854785,58,26,0.065118
63,23,75,0.604839,0.232409,9.689646,49,23,0.341200
63,24,61,0.491935,0.054433,7.948005,63,30,0.079914
63,25,74,0.596774,0.194450,9.965427,50,24,0.285472
63,26,56,0.451613,0.121426,7.277782,68,40,0.178266
63,27,68,0.548387,0.147295,9.010796,56,23,0.216244
63,28,57,0.459677,0.000000,7.023296,67,31,0.000000
63,29,64,0.516129,0.132595,7.847754,60,28,0.194663
63,30,57,0.459677,0.138184,7.549706,67,41,0.202869
63,31,56,0.451613,0.047216,7.343982,68,44,0.069318
63,32,73,0.588710,0.221514,9.784916,51,24,0.325206
63,33,62,0.500000,0.147433,8.447626,62,29,0.766447
63,34,62,0.500000,0.094449,7.964820,62,27,0.138661
63,35,65,0.524194,0.099355,8.421442,59,25,0.145864
63,36,60,0.483871,0.183221,8.205507,64,33,0.818987
63,37,64,0.516129,0.029165,8.479381,60,25,0.042817
63,38,54,0.435484,0.107061,7.416116,70,49,0.157177
63,39,68,0.548387,0.123081,8.888852,56,25,0.180696
63,40,54,0.435484,0.116767,6.810884,70,50,0.171426
63,41,56,0.451613,0.064538,7.145392,68,34,0.094749
63,42,57,0.459677,0.109723,7.208969,67,33,0.161085
63,43,63,0.508065,0.115214,8.147069,61,28,0.169147
63,44,64,0.516129,0.210930,8.726379,60,27,0.309667
63,45,65,0.524194,0.261255,9.117665,59,30,0.383550
63,46,67,0.540323,0.183886,9.106023,57,26,0.269964
63,47,70,0.564516,0.089853,9.392875,54,25,0.131913
63,48,61,0.491935,0.137674,8.087574,63,30,0.202119
63,49,60,0.483871,0.152929,8.056183,64,27,0.224516
63,50,66,0.532258,0.175987,8.568323,58,25,0.258367
63,51,60,0.483871,0.137154,7.301684,64,28,0.201356
63,52,58,0.467742,0.072404,7.585666,66,35,0.106297
63,53,73,0.588710,0.285201,10.243990,51,22,0.418705
63,54,59,0.475806,0.090810,7.393975,65,36,0.133318
63,55,67,0.540323,0.165045,9.113823,57,23,0.242303
63,56,67,0.540323,0.122771,9.102816,57,26,0.180241
63,57,69,0.556452,0.139201,8.869274,55,25,0.204361
63,58,69,0.556452,0.165345,9.284611,55,25,0.242743
63,59,64,0.516129,0.130178,8.500884,60,30,0.191114
63,60,61,0.491935,0.180370,8.279282,63,26,0.814802
63,61,60,0.483871,0.113442,7.917637,64,31,0.166544
63,62,57,0.459677,0.060817,7.251524,67,42,0.089286
63,63,61,0.491935,0.133721,7.942796,63,28,0.196316
63,64,67,0.540323,0.108267,8.899119,57,29,0.158948
63,65,68,0.548387,0.135103,7.949223,56,26,0.748345
63,66,59,0.475806,0.139771,7.756661,65,31,0.205199
63,67,62,0.500000,0.177280,8.290747,62,26,0.260266
63,68,55,0.443548,0.118651,7.436802,69,41,0.174192
63,69,54,0.435484,0.081523,6.757170,70,46,0.119684
63,70,56,0.451613,0.057422,7.652342,68,30,0.084301
63,71,59,0.475806,0.168484,7.811893,65,29,0.247352
63,72,58,0.467742,0.117224,7.127592,66,33,0.172097
63,73,58,0.467742,0.110068,7.657390,66,46,0.161591
63,74,55,0.443548,0.123706,7.207763,69,44,0.181613
63,75,51,0.411290,0.127729,6.753269,73,64,0.187519
63,76,56,0.451613,0.081045,6.844296,68,29,0.118982
63,77,64,0.516129,0.032313,8.400686,60,22,0.047439
63,78,69,0.556452,0.226482,9.251500,55,25,0.882499
63,79,63,0.508065,0.141508,8.999499,61,27,0.207749
63,80,59,0.475806,0.100185,7.968515,65,38,0.147083
63,81,61,0.491935,0.057403,8.235082,63,29,0.084274
63,82,62,0.500000,0.096078,8.442098,62,28,0.141052
63,83,67,0.540323,0.157605,8.677993,57,28,0.231381
63,84,67,0.540323,0.151179,8.717431,57,25,0.221947
63,85,57,0.459677,0.059098,7.368428,67,44,0.086762
63,86,64,0.516129,0.071711,8.578836,60,27,0.105279
63,87,53,0.427419,0.087072,7.017867,71,62,0.127831
63,88,55,0.443548,0.066631,7.431173,69,38,0.097821
63,89,56,0.451613,0.109225,7.580814,68,34,0.160353
63,90,66,0.532258,0.112081,8.624509,58,28,0.164546
63,91,60,0.483871,0.202608,8.172874,64,34,0.297450
63,92,69,0.556452,0.179343,9.134377,55,27,0.263294
63,93,63,0.508065,0.233748,8.352644,61,26,0.343166
63,94,60,0.483871,0.093847,7.821571,64,31,0.137777
63,95,59,0.475806,0.142836,8.331191,65,37,0.209698
63,96,53,0.427419,0.120147,7.685465,71,36,0.176388
63,97,66,0.532258,0.199580,9.243840,58,28,0.293005
63,98,60,0.483871,0.085910,7.564780,64,30,0.126124
63,99,72,0.580645,0.245454,9.976426,52,23,0.360352
63,100,61,0.491935,0.127965,7.943899,63,24,0.737866
63,101,64,0.516129,0.131670,8.604109,60,24,0.193305
63,102,69,0.556452,0.271470,9.528028,55,24,0.398547
63,103,64,0.516129,0.130634,8.521182,60,28,0.191785
63,104,58,0.467742,0.032297,7.401918,66,29,0.047416
63,105,68,0.548387,0.203589,9.177684,56,30,0.298890
63,106,53,0.427419,0.029074,6.763043,71,76,0.042684
63,107,64,0.516129,0.152550,8.906991,60,24,0.223959
63,108,61,0.491935,0.079579,7.849125,63,29,0.116830
63,109,63,0.508065,0.186000,8.667188,61,29,0.273067
63,110,57,0.459677,0.187130,7.648127,67,34,0.274726
63,111,62,0.500000,0.146159,7.924057,62,28,0.214577
63,112,61,0.491935,0.135028,8.003117,63,32,0.198235
63,113,70,0.564516,0.162867,9.462847,54,24,0.239106
63,114,64,0.516129,0.053245,8.078042,60,28,0.078169
63,115,58,0.467742,0.094165,7.889356,66,31,0.138244
63,116,51,0.411290,0.028086,7.140055,73,66,0.041233
63,117,63,0.508065,0.060943,8.463845,61,28,0.089471
63,118,56,0.451613,0.118267,7.555093,68,39,0.173628
63,119,60,0.483871,0.180357,8.525360,64,30,0.264783
63,120,60,0.483871,0.149336,8.083754,64,32,0.219240
63,121,65,0.524194,0.065286,8.492670,59,24,0.095847
63,122,71,0.572581,0.304600,10.031632,53,24,0.447184
63,123,58,0.467742,0.121019,7.330336,66,35,0.727668
63,124,63,0.508065,0.097331,7.689053,61,25,0.142892
64,0,72,0.580645,0.264691,9.904763,52,25,0.339104
64,1,68,0.548387,0.154607,9.440044,56,27,0.198071
64,2,68,0.548387,0.100838,8.784959,56,25,0.129186
64,3,65,0.524194,0.071938,8.980398,59,25,0.092162
64,4,55,0.443548,0.082381,7.396614,69,35,0.105541
64,5,67,0.540323,0.206802,9.446453,57,28,0.264939
64,6,61,0.491935,0.236514,8.397463,63,27,0.853004
64,7,59,0.475806,0.111600,7.676121,65,29,0.692974
64,8,61,0.491935,0.182230,8.132042,63,26,0.233460
64,9,67,0.540323,0.096707,8.649756,57,22,0.123894
64,10,61,0.491935,0.091213,8.167969,63,33,0.116856
64,11,63,0.508065,0.223276,8.830831,61,28,0.286045
64,12,64,0.516129,0.166161,8.586941,60,27,0.212873
64,13,60,0.483871,0.072268,7.825385,64,31,0.092584
64,14,60,0.483871,0.000000,7.925209,64,29,0.000000
64,15,62,0.500000,0.140779,7.854900,62,32,0.180356
64,16,71,0.572581,0.132185,9.327103,53,24,0.169347
64,17,73,0.588710,0.280494,9.949386,51,24,0.359349
64,18,65,0.524194,0.155009,8.678777,59,27,0.198587
64,19,58,0.467742,0.078732,7.571847,66,29,0.100866
64,20,65,0.524194,0.147882,8.968498,59,25,0.189455
64,21,60,0.483871,0.087856,8.132723,64,29,0.662555
64,22,66,0.532258,0.130310,9.117132,58,26,0.166944
64,23,75,0.604839,0.258545,9.919985,49,23,0.331230
64,24,61,0.491935,0.100270,8.090692,63,30,0.128459
64,25,74,0.596774,0.172266,10.095200,50,24,0.220694
64,26,56,0.451613,0.155375,7.535383,68,40,0.749055
64,27,68,0.548387,0.121759,8.928252,56,23,0.155989
64,28,57,0.459677,0.000000,6.993681,67,31,0.000000
64,29,64,0.516129,0.118586,7.521206,60,28,0.151924
64,30,57,0.459677,0.072397,7.348640,67,41,0.092750
64,31,56,0.451613,0.066746,7.352738,68,44,0.085510
64,32,73,0.588710,0.169895,9.386542,51,24,0.217657
64,33,62,0.500000,0.117065,8.390797,62,30,0.149976
64,34,62,0.500000,0.152892,8.397610,62,27,0.195875
64,35,65,0.524194,0.097957,8.285666,59,25,0.125495
64,36,60,0.483871,0.157858,8.238142,64,34,0.202236
64,37,64,0.516129,0.074094,8.469655,60,25,0.094924
64,38,54,0.435484,0.126200,7.654671,70,49,0.161679
64,39,68,0.548387,0.173601,8.535420,56,25,0.222406
64,40,54,0.435484,0.050051,6.908404,70,50,0.064122
64,41,56,0.451613,0.000000,6.919518,68,34,0.000000
64,42,57,0.459677,0.151712,7.211950,67,33,0.194362
64,43,63,0.508065,0.120697,8.070155,61,28,0.154628
64,44,64,0.516129,0.154495,8.889893,60,27,0.197927
64,45,65,0.524194,0.217237,9.086425,59,30,0.278309
64,46,67,0.540323,0.161833,8.841705,57,26,0.207329
64,47,70,0.564516,0.105725,9.218629,54,25,0.135447
64,48,61,0.491935,0.114982,8.011942,63,30,0.147306
64,49,60,0.483871,0.184716,8.226423,64,27,0.236645
64,50,66,0.532258,0.174503,8.611952,58,25,0.223560
64,51,60,0.483871,0.098052,7.135934,64,28,0.125617
64,52,58,0.467742,0.000000,7.597107,66,35,0.000000
64,53,73,0.588710,0.238278,10.114246,51,22,0.305265
64,54,59,0.475806,0.091656,7.270810,65,36,0.117423
64,55,67,0.540323,0.252204,9.077928,57,23,0.323106
64,56,67,0.540323,0.070310,9.218686,57,26,0.090076
64,57,69,0.556452,0.134260,9.088119,55,25,0.172004
64,58,69,0.556452,0.202562,9.169541,55,25,0.259508
64,59,64,0.516129,0.148388,8.656311,60,30,0.190104
64,60,61,0.491935,0.144678,8.309295,63,27,0.185350
64,61,60,0.483871,0.091453,7.749062,64,31,0.117163
64,62,57,0.459677,0.064590,7.212677,67,42,0.082748
64,63,61,0.491935,0.150192,8.116479,63,28,0.192415
64,64,67,0.540323,0.121187,9.172230,57,29,0.155256
64,65,68,0.548387,0.089528,7.884308,56,27,0.114697
64,66,59,0.475806,0.172637,7.881638,65,31,0.221171
64,67,62,0.500000,0.157981,8.167274,62,26,0.202393
64,68,55,0.443548,0.145117,7.880702,69,41,0.185913
64,69,54,0.435484,0.066173,6.386408,70,46,0.634775
64,70,56,0.451613,0.000000,7.379458,68,30,0.000000
64,71,59,0.475806,0.161256,7.970848,65,29,0.206589
64,72,58,0.467742,0.139461,7.394577,66,33,0.178667
64,73,58,0.467742,0.107655,7.637421,66,46,0.137919
64,74,55,0.443548,0.101218,7.329165,69,44,0.129673
64,75,51,0.411290,0.103666,6.862780,73,64,0.132810
64,76,56,0.451613,0.060138,6.772815,68,29,0.077044
64,77,64,0.516129,0.066791,8.635036,60,22,0.085567
64,78,69,0.556452,0.159309,9.112019,55,26,0.204095
64,79,63,0.508065,0.190381,9.290671,61,27,0.243902
64,80,59,0.475806,0.097047,7.681177,65,38,0.124329
64,81,61,0.491935,0.012550,7.766061,63,29,0.016078
64,82,62,0.500000,0.110139,8.439544,62,28,0.141102
64,83,67,0.540323,0.137177,8.879772,57,28,0.175742
64,84,67,0.540323,0.161542,8.893775,57,25,0.206956
64,85,57,0.459677,0.064432,7.184805,67,44,0.082545
64,86,64,0.516129,0.105990,8.644556,60,27,0.135787
64,87,53,0.427419,0.056384,7.023203,71,62,0.072236
64,88,55,0.443548,0.056004,7.514462,69,38,0.071748
64,89,56,0.451613,0.141849,7.525962,68,34,0.181726
64,90,66,0.532258,0.122625,8.589821,58,28,0.157098
64,91,60,0.483871,0.165718,8.157785,64,34,0.212306
64,92,69,0.556452,0.169134,9.350619,55,27,0.216683
64,93,63,0.508065,0.208635,8.206688,61,26,0.267288
64,94,60,0.483871,0.104256,7.729390,64,31,0.133566
64,95,59,0.475806,0.108121,8.347885,65,37,0.138517
64,96,53,0.427419,0.084752,7.402766,71,36,0.108579
64,97,66,0.532258,0.167790,9.185446,58,28,0.214961
64,98,60,0.483871,0.080180,8.114808,64,30,0.102721
64,99,72,0.580645,0.250516,9.969662,52,23,0.320943
64,100,61,0.491935,0.061005,7.937536,63,25,0.078155
64,101,64,0.516129,0.107304,8.366727,60,24,0.137470
64,102,69,0.556452,0.297070,9.342254,55,24,0.380585
64,103,64,0.516129,0.208293,9.010388,60,28,0.266850
64,104,58,0.467742,0.102004,7.261274,66,29,0.130680
64,105,68,0.548387,0.240412,9.455513,56,30,0.307999
64,106,53,0.427419,0.018510,7.005095,71,76,0.023714
64,107,64,0.516129,0.098480,8.658338,60,24,0.126165
64,108,61,0.491935,0.150058,7.689180,63,29,0.192244
64,109,63,0.508065,0.086283,8.552308,61,29,0.110539
64,110,57,0.459677,0.173959,7.648820,67,34,0.222864
64,111,62,0.500000,0.121384,7.815593,62,28,0.705509
64,112,61,0.491935,0.181615,7.836784,63,32,0.232672
64,113,70,0.564516,0.145656,9.402735,54,24,0.186604
64,114,64,0.516129,0.056506,8.106976,60,28,0.072391
64,115,58,0.467742,0.158565,8.366531,66,31,0.203142
64,116,51,0.411290,0.069497,7.151614,73,66,0.089034
64,117,63,0.508065,0.093086,8.533375,61,28,0.119256
64,118,56,0.451613,0.146016,7.783933,68,39,0.737065
64,119,60,0.483871,0.138040,8.098866,64,30,0.176848
64,120,60,0.483871,0.147519,8.093327,64,32,0.188991
64,121,65,0.524194,0.115082,8.515051,59,24,0.147435
64,122,71,0.572581,0.351253,9.965627,53,24,1.000000
64,123,58,0.467742,0.104397,7.250240,66,36,0.133746
64,124,63,0.508065,0.129268,7.828637,61,25,0.165609
65,0,72,0.580645,0.294286,9.971923,52,25,0.447190
65,1,68,0.548387,0.265337,9.523395,56,27,0.953200
65,2,68,0.548387,0.079448,8.657904,56,25,0.120727
65,3,65,0.524194,0.112935,8.935047,59,25,0.171614
65,4,55,0.443548,0.122517,7.563783,69,35,0.186174
65,5,67,0.540323,0.143195,9.856841,57,28,0.217596
65,6,61,0.491935,0.157308,8.321417,63,28,0.239041
65,7,59,0.475806,0.084470,7.723691,65,30,0.128359
65,8,61,0.491935,0.166799,7.979124,63,26,0.253464
65,9,67,0.540323,0.064292,8.493124,57,22,0.097697
65,10,61,0.491935,0.130755,8.186624,63,33,0.198692
65,11,63,0.508065,0.192533,8.906714,61,28,0.292569
65,12,64,0.516129,0.144392,8.520749,60,27,0.219414
65,13,60,0.483871,0.050341,7.789664,64,31,0.076498
65,14,60,0.483871,0.000000,7.886463,64,29,0.000000
65,15,62,0.500000,0.075944,7.724502,62,32,0.115404
65,16,71,0.572581,0.155087,8.993889,53,24,0.235667
65,17,73,0.588710,0.240431,9.701327,51,24,0.365353
65,18,65,0.524194,0.102692,8.520116,59,27,0.156049
65,19,58,0.467742,0.091166,7.625617,66,29,0.138533
65,20,65,0.524194,0.200959,9.085937,59,25,0.305372
65,21,60,0.483871,0.063204,8.188117,64,30,0.096043
65,22,66,0.532258,0.148579,9.223596,58,26,0.225777
65,23,75,0.604839,0.278507,9.865874,49,23,0.973213
65,24,61,0.491935,0.114048,8.011594,63,30,0.173306
65,25,74,0.596774,0.224326,10.081518,50,24,0.340881
65,26,56,0.451613,0.134317,7.620916,68,41,0.204105
65,27,68,0.548387,0.135972,8.809770,56,23,0.206620
65,28,57,0.459677,0.000000,6.895562,67,31,0.000000
65,29,64,0.516129,0.081757,7.939780,60,28,0.124236
65,30,57,0.459677,0.084538,7.236211,67,41,0.128462
65,31,56,0.451613,0.033884,7.193328,68,44,0.051490
65,32,73,0.588710,0.159873,9.357880,51,24,0.242940
65,33,62,0.500000,0.141194,8.394597,62,30,0.214555
65,34,62,0.500000,0.129155,8.653375,62,27,0.196262
65,35,65,0.524194,0.056487,7.944392,59,25,0.085836
65,36,60,0.483871,0.128865,8.038392,64,34,0.195821
65,37,64,0.516129,0.080211,8.071581,60,25,0.121887
65,38,54,0.435484,0.124948,7.473981,70,49,0.189868
65,39,68,0.548387,0.175664,8.922013,56,25,0.266936
65,40,54,0.435484,0.097237,7.208870,70,50,0.147759
65,41,56,0.451613,0.107030,7.177350,68,34,0.162641
65,42,57,0.459677,0.130037,7.391855,67,33,0.197602
65,43,63,0.508065,0.159627,8.539377,61,28,0.242565
65,44,64,0.516129,0.140822,8.710425,60,27,0.213990
65,45,65,0.524194,0.216628,9.229006,59,30,0.329184
65,46,67,0.540323,0.096598,8.822717,57,26,0.146788
65,47,70,0.564516,0.053840,9.120669,54,25,0.081815
65,48,61,0.491935,0.087837,8.216780,63,30,0.133474
65,49,60,0.483871,0.167666,8.152950,64,27,0.254781
65,50,66,0.532258,0.198695,8.621464,58,25,0.301932
65,51,60,0.483871,0.138774,7.099614,64,28,0.760879
65,52,58,0.467742,0.071959,7.685445,66,35,0.109347
65,53,73,0.588710,0.275842,10.076868,51,22,0.419164
65,54,59,0.475806,0.073990,7.290061,65,36,0.112434
65,55,67,0.540323,0.296135,9.537488,57,23,0.450000
65,56,67,0.540323,0.056071,8.946530,57,26,0.085204
65,57,69,0.556452,0.238318,9.633368,55,25,0.362142
65,58,69,0.556452,0.218255,9.154585,55,25,0.331655
65,59,64,0.516129,0.162229,8.966286,60,30,0.246520
65,60,61,0.491935,0.164438,8.428508,63,27,0.249876
65,61,60,0.483871,0.120015,7.803023,64,31,0.182373
65,62,57,0.459677,0.090490,6.971034,67,42,0.137506
65,63,61,0.491935,0.194422,8.435273,63,28,0.295440
65,64,67,0.540323,0.118255,8.835358,57,29,0.179697
65,65,68,0.548387,0.079525,8.132225,56,27,0.120844
65,66,59,0.475806,0.181429,7.848838,65,31,0.275695
65,67,62,0.500000,0.134946,8.186097,62,26,0.205061
65,68,55,0.443548,0.078948,7.615822,69,41,0.119968
65,69,54,0.435484,0.054064,6.429948,70,47,0.082154
65,70,56,0.451613,0.090759,7.659201,68,30,0.137916
65,71,59,0.475806,0.149074,7.895356,65,29,0.226530
65,72,58,0.467742,0.050827,7.278864,66,33,0.077235
65,73,58,0.467742,0.090787,7.593855,66,46,0.137958
65,74,55,0.443548,0.102399,7.436191,69,44,0.155604
65,75,51,0.411290,0.156333,7.006987,73,64,0.237560
65,76,56,0.451613,0.065013,6.783726,68,29,0.098792
65,77,64,0.516129,0.041959,8.412179,60,22,0.063760
65,78,69,0.556452,0.195281,9.426038,55,26,0.296745
65,79,63,0.508065,0.181172,9.060189,61,27,0.275304
65,80,59,0.475806,0.091426,7.703692,65,38,0.138929
65,81,61,0.491935,0.107835,7.986715,63,29,0.163864
65,82,62,0.500000,0.110563,8.377452,62,28,0.718009
65,83,67,0.540323,0.128751,8.724544,57,28,0.195646
65,84,67,0.540323,0.171629,8.730412,57,25,0.260804
65,85,57,0.459677,0.074431,7.367185,67,44,0.113103
65,86,64,0.516129,0.103750,8.721073,60,27,0.157657
65,87,53,0.427419,0.058916,6.833621,71,62,0.089527
65,88,55,0.443548,0.054379,7.484991,69,38,0.082634
65,89,56,0.451613,0.124158,7.516532,68,34,0.188667
65,90,66,0.532258,0.122278,8.468405,58,28,0.185810
65,91,60,0.483871,0.092245,8.010353,64,34,0.140174
65,92,69,0.556452,0.168776,9.180218,55,27,0.256468
65,93,63,0.508065,0.200284,8.062819,61,26,0.304347
65,94,60,0.483871,0.148629,7.954846,64,31,0.225853
65,95,59,0.475806,0.130219,8.121331,65,37,0.197878
65,96,53,0.427419,0.066733,7.198249,71,36,0.101406
65,97,66,0.532258,0.217810,9.260246,58,28,0.330980
65,98,60,0.483871,0.085201,7.884676,64,30,0.129470
65,99,72,0.580645,0.252238,9.682194,52,23,0.383296
65,100,61,0.491935,0.025804,7.765850,63,25,0.039211
65,101,64,0.516129,0.066441,8.309505,60,24,0.100963
65,102,69,0.556452,0.296099,9.032922,55,24,0.999946
65,103,64,0.516129,0.215886,8.808467,60,28,0.328055
65,104,58,0.467742,0.069170,7.286220,66,29,0.105109
65,105,68,0.548387,0.181229,9.196345,56,30,0.275391
65,106,53,0.427419,0.085773,6.982809,71,76,0.130339
65,107,64,0.516129,0.075776,8.467944,60,24,0.115148
65,108,61,0.491935,0.160064,7.909106,63,29,0.243230
65,109,63,0.508065,0.102031,8.432565,61,29,0.155044
65,110,57,0.459677,0.173776,7.612857,67,34,0.264066
65,111,62,0.500000,0.111716,7.825941,62,29,0.169762
65,112,61,0.491935,0.146821,7.533059,63,32,0.223107
65,113,70,0.564516,0.138213,9.490133,54,24,0.210025
65,114,64,0.516129,0.028017,8.114858,60,28,0.042573
65,115,58,0.467742,0.184866,8.267619,66,31,0.280918
65,116,51,0.411290,0.063963,7.063136,73,66,0.097196
65,117,63,0.508065,0.020549,8.291221,61,28,0.031226
65,118,56,0.451613,0.130203,7.516203,68,40,0.197854
65,119,60,0.483871,0.121632,7.871322,64,30,0.184829
65,120,60,0.483871,0.173857,8.035552,64,32,0.814189
65,121,65,0.524194,0.109518,8.600095,59,24,0.166422
65,122,71,0.572581,0.264718,10.048032,53,25,0.402260
65,123,58,0.467742,0.120502,7.349790,66,36,0.183112
65,124,63,0.508065,0.134687,8.046853,61,25,0.204667
66,0,72,0.580645,0.289228,9.661297,52,25,0.437855
66,1,68,0.548387,0.189048,9.492559,56,28,0.286195
66,2,68,0.548387,0.077028,8.618161,56,25,0.116612
66,3,65,0.524194,0.064254,8.657202,59,25,0.097273
66,4,55,0.443548,0.112333,7.719192,69,35,0.170058
66,5,67,0.540323,0.148237,9.254826,57,28,0.224413
66,6,61,0.491935,0.136972,8.288019,63,28,0.207359
66,7,59,0.475806,0.111700,7.523333,65,30,0.169101
66,8,61,0.491935,0.151899,7.918754,63,26,0.229956
66,9,67,0.540323,0.071986,8.295930,57,22,0.108978
66,10,61,0.491935,0.137030,8.228991,63,33,0.207446
66,11,63,0.508065,0.249793,9.167098,61,28,0.378157
66,12,64,0.516129,0.140666,8.724326,60,27,0.212951
66,13,60,0.483871,0.071452,7.812351,64,31,0.108169
66,14,60,0.483871,0.031686,8.301808,64,29,0.047969
66,15,62,0.500000,0.088271,7.756700,62,32,0.683631
66,16,71,0.572581,0.157791,9.134944,53,24,0.238877
66,17,73,0.588710,0.242043,9.794746,51,24,0.366424
66,18,65,0.524194,0.118519,8.321476,59,27,0.179423
66,19,58,0.467742,0.148831,7.578112,66,29,0.225312
66,20,65,0.524194,0.175628,8.923488,59,25,0.265880
66,21,60,0.483871,0.053896,8.112316,64,30,0.081592
66,22,66,0.532258,0.139502,8.994318,58,26,0.211189
66,23,75,0.604839,0.232077,9.825867,49,24,0.351337
66,24,61,0.491935,0.066585,7.927761,63,30,0.100801
66,25,74,0.596774,0.148265,10.047523,50,24,0.224456
66,26,56,0.451613,0.126708,7.383365,68,41,0.191820
66,27,68,0.548387,0.138704,8.763577,56,23,0.209980
66,28,57,0.459677,0.052063,6.891730,67,31,0.078817
66,29,64,0.516129,0.122073,8.073819,60,28,0.184804
66,30,57,0.459677,0.127068,7.473781,67,41,0.192365
66,31,56,0.451613,0.105491,7.316218,68,44,0.159700
66,32,73,0.588710,0.139134,9.299886,51,24,0.210632
66,33,62,0.500000,0.126627,8.236236,62,30,0.191698
66,34,62,0.500000,0.102331,8.212693,62,27,0.154917
66,35,65,0.524194,0.077719,8.047074,59,25,0.117657
66,36,60,0.483871,0.139612,7.871796,64,34,0.211356
66,37,64,0.516129,0.129292,8.339752,60,25,0.195732
66,38,54,0.435484,0.156908,7.337857,70,49,0.237540
66,39,68,0.548387,0.112492,8.523144,56,25,0.170300
66,40,54,0.435484,0.102596,7.105541,70,50,0.155317
66,41,56,0.451613,0.074340,6.990623,68,34,0.112541
66,42,57,0.459677,0.137118,7.227712,67,33,0.207580
66,43,63,0.508065,0.106204,8.253620,61,28,0.160780
66,44,64,0.516129,0.099405,8.492195,60,27,0.150487
66,45,65,0.524194,0.225638,8.917889,59,30,0.341588
66,46,67,0.540323,0.099488,9.038380,57,26,0.150613
66,47,70,0.564516,0.067626,9.116890,54,25,0.102378
66,48,61,0.491935,0.177826,8.157605,63,30,0.269206
66,49,60,0.483871,0.201271,8.364616,64,27,0.854700
66,50,66,0.532258,0.229139,8.656945,58,25,0.346888
66,51,60,0.483871,0.108280,6.972312,64,29,0.163923
66,52,58,0.467742,0.110336,7.581754,66,35,0.167036
66,53,73,0.588710,0.297250,9.948200,51,22,0.450000
66,54,59,0.475806,0.093556,7.347763,65,36,0.141632
66,55,67,0.540323,0.229593,8.874682,57,23,0.347576
66,56,67,0.540323,0.078157,8.895744,57,26,0.118320
66,57,69,0.556452,0.182957,9.299070,55,25,0.276975
66,58,69,0.556452,0.222387,9.275116,55,25,0.336667
66,59,64,0.516129,0.125334,8.605341,60,30,0.189741
66,60,61,0.491935,0.132246,8.275230,63,27,0.200205
66,61,60,0.483871,0.139423,8.136320,64,31,0.761070
66,62,57,0.459677,0.058937,7.235852,67,42,0.089224
66,63,61,0.491935,0.176678,8.162895,63,28,0.817470
66,64,67,0.540323,0.166943,8.883399,57,29,0.252731
66,65,68,0.548387,0.071810,7.972082,56,27,0.108712
66,66,59,0.475806,0.198388,7.671732,65,31,0.300335
66,67,62,0.500000,0.158682,8.243530,62,26,0.790225
66,68,55,0.443548,0.110107,7.428167,69,41,0.166688
66,69,54,0.435484,0.105620,6.693252,70,47,0.709896
66,70,56,0.451613,0.025850,7.519608,68,30,0.039134
66,71,59,0.475806,0.113126,7.669103,65,29,0.171260
66,72,58,0.467742,0.033831,7.415760,66,33,0.051216
66,73,58,0.467742,0.142106,7.976197,66,46,0.215131
66,74,55,0.443548,0.120008,7.525104,69,44,0.181678
66,75,51,0.411290,0.132090,6.923090,73,64,0.199968
66,76,56,0.451613,0.124569,6.997099,68,29,0.188582
66,77,64,0.516129,0.052635,8.439056,60,22,0.079683
66,78,69,0.556452,0.212825,9.520411,55,26,0.322191
66,79,63,0.508065,0.159099,9.019453,61,27,0.240857
66,80,59,0.475806,0.041477,7.551708,65,38,0.062791
66,81,61,0.491935,0.029899,7.962217,63,29,0.045264
66,82,62,0.500000,0.087713,8.275954,62,29,0.132786
66,83,67,0.540323,0.103976,8.607769,57,28,0.157407
66,84,67,0.540323,0.136327,8.847243,57,25,0.206383
66,85,57,0.459677,0.115995,7.209052,67,44,0.175602
66,86,64,0.516129,0.150734,8.552120,60,27,0.228192
66,87,53,0.427419,0.000000,6.776759,71,62,0.000000
66,88,55,0.443548,0.074222,7.375078,69,38,0.112363
66,89,56,0.451613,0.056606,7.209129,68,34,0.085694
66,90,66,0.532258,0.090188,8.473816,58,28,0.136533
66,91,60,0.483871,0.153039,8.132249,64,34,0.231682
66,92,69,0.556452,0.207209,9.413258,55,27,0.313690
66,93,63,0.508065,0.210108,7.933717,61,26,0.318078
66,94,60,0.483871,0.104714,7.773714,64,31,0.708524
66,95,59,0.475806,0.086018,8.017537,65,37,0.130220
66,96,53,0.427419,0.063345,7.252323,71,36,0.095896
66,97,66,0.532258,0.237487,9.128390,58,28,0.359526
66,98,60,0.483871,0.054232,7.901484,64,30,0.082101
66,99,72,0.580645,0.252611,9.811635,52,23,0.382423
66,100,61,0.491935,0.076275,7.756995,63,25,0.115472
66,101,64,0.516129,0.097163,8.477795,60,24,0.147094
66,102,69,0.556452,0.262635,9.228001,55,25,0.947597
66,103,64,0.516129,0.164492,8.774598,60,28,0.249021
66,104,58,0.467742,0.112605,7.357961,66,29,0.170470
66,105,68,0.548387,0.145922,9.118440,56,30,0.220908
66,106,53,0.427419,0.096410,6.832465,71,76,0.145954
66,107,64,0.516129,0.143657,8.657851,60,24,0.217479
66,108,61,0.491935,0.175836,7.959288,63,29,0.266194
66,109,63,0.508065,0.122671,8.489063,61,29,0.185709
66,110,57,0.459677,0.129827,7.306804,67,34,0.196542
66,111,62,0.500000,0.072763,7.796120,62,29,0.110154
66,112,61,0.491935,0.203402,7.902955,63,32,0.307925
66,113,70,0.564516,0.146763,9.419449,54,24,0.222181
66,114,64,0.516129,0.060916,8.180097,60,28,0.092220
66,115,58,0.467742,0.172634,8.153224,66,31,0.261346
66,116,51,0.411290,0.061438,6.888697,73,66,0.093010
66,117,63,0.508065,0.050829,8.432478,61,28,0.076949
66,118,56,0.451613,0.143277,7.558178,68,40,0.216903
66,119,60,0.483871,0.144012,8.082352,64,30,0.218017
66,120,60,0.483871,0.120247,7.870624,64,33,0.182040
66,121,65,0.524194,0.142214,8.615784,59,24,0.215294
66,122,71,0.572581,0.249065,9.992463,53,25,0.377054
66,123,58,0.467742,0.099938,7.387390,66,36,0.151294
66,124,63,0.508065,0.125055,7.951409,61,25,0.189317
67,0,72,0.580645,0.217802,9.624724,52,25,0.309262
67,1,68,0.548387,0.183213,9.657589,56,28,0.260148
67,2,68,0.548387,0.154610,8.750084,56,25,0.219535
67,3,65,0.524194,0.092654,8.737324,59,25,0.131561
67,4,55,0.443548,0.109930,7.813976,69,35,0.706092
67,5,67,0.540323,0.214242,9.341560,57,28,0.304207
67,6,61,0.491935,0.060020,8.187509,63,28,0.085224
67,7,59,0.475806,0.121870,7.531250,65,30,0.173045
67,8,61,0.491935,0.155170,7.836185,63,26,0.220329
67,9,67,0.540323,0.049815,8.108420,57,22,0.070734
67,10,61,0.491935,0.136143,8.411003,63,33,0.193312
67,11,63,0.508065,0.211038,8.969904,61,28,0.299658
67,12,64,0.516129,0.148961,8.726262,60,27,0.211513
67,13,60,0.483871,0.076910,7.940980,64,31,0.109207
67,14,60,0.483871,0.062143,8.135796,64,29,0.088238
67,15,62,0.500000,0.000000,7.761839,62,33,0.000000
67,16,71,0.572581,0.132808,9.244752,53,24,0.188577
67,17,73,0.588710,0.261804,9.894644,51,24,0.921740
67,18,65,0.524194,0.181647,8.629665,59,27,0.257924
67,19,58,0.467742,0.094173,7.337809,66,29,0.133718
67,20,65,0.524194,0.169208,8.972151,59,25,0.240263
67,21,60,0.483871,0.012502,7.982669,64,30,0.017752
67,22,66,0.532258,0.187711,9.077817,58,26,0.266534
67,23,75,0.604839,0.234234,9.806066,49,24,0.332594
67,24,61,0.491935,0.030801,7.792364,63,30,0.043735
67,25,74,0.596774,0.060070,9.812288,50,24,0.085295
67,26,56,0.451613,0.139137,7.538881,68,41,0.197563
67,27,68,0.548387,0.145531,8.829586,56,23,0.206642
67,28,57,0.459677,0.049541,6.847349,67,31,0.070344
67,29,64,0.516129,0.118147,7.821944,60,28,0.167759
67,30,57,0.459677,0.157929,7.548634,67,41,0.224246
67,31,56,0.451613,0.056864,7.358998,68,44,0.080743
67,32,73,0.588710,0.129632,9.377441,51,24,0.184068
67,33,62,0.500000,0.119539,8.066285,62,30,0.169735
67,34,62,0.500000,0.176609,8.567051,62,27,0.250771
67,35,65,0.524194,0.049225,7.697190,59,25,0.069895
67,36,60,0.483871,0.081022,7.837726,64,34,0.115045
67,37,64,0.516129,0.109898,8.412781,60,25,0.156047
67,38,54,0.435484,0.149200,7.485864,70,49,0.211853
67,39,68,0.548387,0.168505,8.517284,56,25,0.239265
67,40,54,0.435484,0.075752,7.145903,70,50,0.107561
67,41,56,0.451613,0.058243,6.726309,68,34,0.082700
67,42,57,0.459677,0.151112,7.131471,67,33,0.214567
67,43,63,0.508065,0.110860,8.318709,61,28,0.157413
67,44,64,0.516129,0.132407,8.583034,60,27,0.188007
67,45,65,0.524194,0.237370,8.882908,59,30,0.337047
67,46,67,0.540323,0.072364,9.077960,57,26,0.102751
67,47,70,0.564516,0.068949,8.879752,54,25,0.097902
67,48,61,0.491935,0.223564,8.540397,63,30,0.317443
67,49,60,0.483871,0.134770,8.168922,64,28,0.191362
67,50,66,0.532258,0.218613,8.471974,58,25,0.310413
67,51,60,0.483871,0.076696,7.177886,64,29,0.108903
67,52,58,0.467742,0.104145,7.400534,66,35,0.147877
67,53,73,0.588710,0.314652,9.921080,51,22,0.446781
67,54,59,0.475806,0.060405,7.225058,65,36,0.085770
67,55,67,0.540323,0.185184,9.117910,57,23,0.262947
67,56,67,0.540323,0.045447,8.747748,57,26,0.064531
67,57,69,0.556452,0.177126,9.155567,55,25,0.801505
67,58,69,0.556452,0.251198,9.235298,55,25,0.356682
67,59,64,0.516129,0.115878,8.595294,60,30,0.164537
67,60,61,0.491935,0.160089,8.419321,63,27,0.227314
67,61,60,0.483871,0.170936,7.999085,64,32,0.242715
67,62,57,0.459677,0.066516,6.942839,67,42,0.644447
67,63,61,0.491935,0.185993,8.060816,63,29,0.264096
67,64,67,0.540323,0.177767,9.127178,57,29,0.252416
67,65,68,0.548387,0.109684,8.228507,56,27,0.155742
67,66,59,0.475806,0.187135,7.773559,65,31,0.265718
67,67,62,0.500000,0.140380,8.338780,62,27,0.199329
67,68,55,0.443548,0.156044,7.655788,69,41,0.221571
67,69,54,0.435484,0.055111,6.719806,70,48,0.078253
67,70,56,0.451613,0.028929,7.663009,68,30,0.041077
67,71,59,0.475806,0.104018,7.684073,65,29,0.147697
67,72,58,0.467742,0.094159,7.214824,66,33,0.133698
67,73,58,0.467742,0.177030,8.095820,66,46,0.251369
67,74,55,0.443548,0.082642,7.372705,69,44,0.117345
67,75,51,0.411290,0.089201,6.640814,73,64,0.126658
67,76,56,0.451613,0.071935,7.070910,68,29,0.102141
67,77,64,0.516129,0.181663,8.612683,60,22,0.257948
67,78,69,0.556452,0.167442,9.334803,55,26,0.237754
67,79,63,0.508065,0.140453,9.252094,61,27,0.199432
67,80,59,0.475806,0.044648,7.511996,65,38,0.063397
67,81,61,0.491935,0.059554,8.231847,63,29,0.084562
67,82,62,0.500000,0.159188,8.594419,62,29,0.776035
67,83,67,0.540323,0.144938,9.017309,57,28,0.205801
67,84,67,0.540323,0.203654,8.948216,57,25,0.289173
67,85,57,0.459677,0.090158,7.032104,67,44,0.128018
67,86,64,0.516129,0.179882,8.574297,60,27,0.255419
67,87,53,0.427419,0.000000,6.821658,71,62,0.000000
67,88,55,0.443548,0.105297,7.670212,69,38,0.149513
67,89,56,0.451613,0.089593,7.271825,68,34,0.127216
67,90,66,0.532258,0.081640,8.348329,58,28,0.115923
67,91,60,0.483871,0.194033,8.178122,64,34,0.275512
67,92,69,0.556452,0.230299,9.441516,55,27,0.327006
67,93,63,0.508065,0.143509,7.845238,61,26,0.203771
67,94,60,0.483871,0.080259,7.541093,64,32,0.113961
67,95,59,0.475806,0.062092,7.944150,65,37,0.088165
67,96,53,0.427419,0.090564,7.382398,71,36,0.128593
67,97,66,0.532258,0.270049,9.470096,58,28,0.383448
67,98,60,0.483871,0.044665,7.381243,64,30,0.063420
67,99,72,0.580645,0.210522,9.691856,52,23,0.298925
67,100,61,0.491935,0.079581,7.741438,63,25,0.112998
67,101,64,0.516129,0.114453,8.421665,60,24,0.162514
67,102,69,0.556452,0.232551,9.144393,55,26,0.330205
67,103,64,0.516129,0.215745,8.959654,60,28,0.306341
67,104,58,0.467742,0.130425,7.270050,66,29,0.185193
67,105,68,0.548387,0.207969,9.586549,56,30,0.295300
67,106,53,0.427419,0.023346,7.023611,71,76,0.033150
67,107,64,0.516129,0.057910,8.382045,60,24,0.082227
67,108,61,0.491935,0.159687,7.969062,63,29,0.226743
67,109,63,0.508065,0.111448,8.449386,61,29,0.158247
67,110,57,0.459677,0.113907,7.440667,67,34,0.161739
67,111,62,0.500000,0.148761,8.147455,62,29,0.211229
67,112,61,0.491935,0.191068,7.859655,63,32,0.821302
67,113,70,0.564516,0.166488,9.270902,54,24,0.236400
67,114,64,0.516129,0.092664,8.079472,60,28,0.131576
67,115,58,0.467742,0.201958,8.382832,66,31,0.286764
67,116,51,0.411290,0.058318,7.054512,73,66,0.082806
67,117,63,0.508065,0.000000,7.876819,61,28,0.000000
67,118,56,0.451613,0.145680,7.622581,68,40,0.206854
67,119,60,0.483871,0.127800,7.882043,64,30,0.181466
67,120,60,0.483871,0.114117,8.068650,64,33,0.162038
67,121,65,0.524194,0.065734,8.564073,59,24,0.093337
67,122,71,0.572581,0.316919,9.978619,53,25,1.000000
67,123,58,0.467742,0.133683,7.338845,66,36,0.189820
67,124,63,0.508065,0.104140,8.074971,61,25,0.147871
68,0,72,0.580645,0.186155,9.377147,52,25,0.317511
68,1,68,0.548387,0.141782,9.278649,56,28,0.241826
68,2,68,0.548387,0.130050,8.668865,56,25,0.221817
68,3,65,0.524194,0.025173,8.601956,59,25,0.042936
68,4,55,0.443548,0.065241,7.750874,69,36,0.111277
68,5,67,0.540323,0.155361,9.184157,57,28,0.814988
68,6,61,0.491935,0.109635,8.301847,63,28,0.186996
68,7,59,0.475806,0.108992,7.595108,65,30,0.185899
68,8,61,0.491935,0.154190,7.829955,63,26,0.262991
68,9,67,0.540323,0.062988,8.096274,57,22,0.107435
68,10,61,0.491935,0.132895,8.237972,63,33,0.226669
68,11,63,0.508065,0.236288,8.974167,61,28,0.403020
68,12,64,0.516129,0.119732,8.557291,60,27,0.204218
68,13,60,0.483871,0.091172,7.788031,64,31,0.155505
68,14,60,0.483871,0.117789,8.163962,64,29,0.750904
68,15,62,0.500000,0.000000,7.710064,62,33,0.000000
68,16,71,0.572581,0.224820,9.519628,53,24,0.383459
68,17,73,0.588710,0.207054,9.830078,51,25,0.353157
68,18,65,0.524194,0.211180,8.742925,59,27,0.360195
68,19,58,0.467742,0.142644,7.719975,66,29,0.243298
68,20,65,0.524194,0.151246,8.535732,59,25,0.257970
68,21,60,0.483871,0.009399,8.204295,64,30,0.016031
68,22,66,0.532258,0.132471,8.882347,58,26,0.225946
68,23,75,0.604839,0.233602,9.608341,49,24,0.398438
68,24,61,0.491935,0.044332,7.850630,63,30,0.075614
68,25,74,0.596774,0.092073,9.724816,50,24,0.157043
68,26,56,0.451613,0.195106,7.513013,68,41,0.882777
68,27,68,0.548387,0.125423,8.563849,56,23,0.213925
68,28,57,0.459677,0.010823,6.710390,67,31,0.018460
68,29,64,0.516129,0.134781,7.975227,60,28,0.229886
68,30,57,0.459677,0.126411,7.296140,67,41,0.215611
68,31,56,0.451613,0.047636,7.252277,68,44,0.081249
68,32,73,0.588710,0.173014,9.605778,51,24,0.295097
68,33,62,0.500000,0.166455,8.315735,62,30,0.283910
68,34,62,0.500000,0.172906,8.527463,62,27,0.294914
68,35,65,0.524194,0.073173,8.133338,59,25,0.124806
68,36,60,0.483871,0.125901,7.945517,64,34,0.214741
68,37,64,0.516129,0.083566,8.017807,60,25,0.142532
68,38,54,0.435484,0.150485,7.587530,70,49,0.256671
68,39,68,0.548387,0.130777,8.352592,56,25,0.223057
68,40,54,0.435484,0.066666,6.946433,70,50,0.113707
68,41,56,0.451613,0.084634,6.926064,68,34,0.144354
68,42,57,0.459677,0.184860,7.513249,67,33,0.315302
68,43,63,0.508065,0.093668,8.055900,61,28,0.159763
68,44,64,0.516129,0.148062,8.497874,60,27,0.252539
68,45,65,0.524194,0.232071,8.842584,59,30,0.395826
68,46,67,0.540323,0.121186,9.065130,57,26,0.206699
68,47,70,0.564516,0.052534,8.848954,54,25,0.089604
68,48,61,0.491935,0.160603,8.482460,63,30,0.273928
68,49,60,0.483871,0.116982,8.010366,64,28,0.749527
68,50,66,0.532258,0.194830,8.498844,58,25,0.332307
68,51,60,0.483871,0.111184,7.562236,64,29,0.189639
68,52,58,0.467742,0.106801,7.367130,66,35,0.182162
68,53,73,0.588710,0.263833,9.836424,51,22,0.450000
68,54,59,0.475806,0.047436,7.099911,65,36,0.080909
68,55,67,0.540323,0.201770,9.014046,57,23,0.344144
68,56,67,0.540323,0.078849,8.721890,57,26,0.134487
68,57,69,0.556452,0.131761,9.111605,55,26,0.224736
68,58,69,0.556452,0.224325,9.038633,55,25,0.382616
68,59,64,0.516129,0.084183,8.268877,60,30,0.143585
68,60,61,0.491935,0.118085,8.280016,63,27,0.201409
68,61,60,0.483871,0.156234,8.094062,64,32,0.816477
68,62,57,0.459677,0.072325,7.153029,67,43,0.123360
68,63,61,0.491935,0.167258,8.069756,63,29,0.835280
68,64,67,0.540323,0.162757,9.177400,57,29,0.277602
68,65,68,0.548387,0.100303,8.281039,56,27,0.171080
68,66,59,0.475806,0.175165,7.717071,65,31,0.298767
68,67,62,0.500000,0.166639,8.383930,62,27,0.834223
68,68,55,0.443548,0.144532,7.480734,69,41,0.246517
68,69,54,0.435484,0.045143,6.725997,70,48,0.076998
68,70,56,0.451613,0.003934,7.384623,68,30,0.006711
68,71,59,0.475806,0.156057,7.875152,65,29,0.266176
68,72,58,0.467742,0.129894,7.437269,66,33,0.221551
68,73,58,0.467742,0.166576,8.148176,66,46,0.284117
68,74,55,0.443548,0.101862,7.694824,69,44,0.173739
68,75,51,0.411290,0.096141,6.602794,73,64,0.163982
68,76,56,0.451613,0.081602,7.219597,68,29,0.139182
68,77,64,0.516129,0.186496,8.473997,60,22,0.318093
68,78,69,0.556452,0.201793,9.404121,55,26,0.344184
68,79,63,0.508065,0.152221,8.961274,61,27,0.259632
68,80,59,0.475806,0.033648,7.457980,65,38,0.057390
68,81,61,0.491935,0.092195,8.134005,63,29,0.157250
68,82,62,0.500000,0.126237,8.657237,62,30,0.215313
68,83,67,0.540323,0.145360,9.014610,57,28,0.247931
68,84,67,0.540323,0.192440,8.610779,57,25,0.328232
68,85,57,0.459677,0.098899,7.245731,67,44,0.168684
68,86,64,0.516129,0.153162,8.472516,60,27,0.261238
68,87,53,0.427419,0.000000,6.800137,71,62,0.000000
68,88,55,0.443548,0.085682,7.405903,69,38,0.146142
68,89,56,0.451613,0.124936,7.484334,68,34,0.213094
68,90,66,0.532258,0.141422,8.149743,58,28,0.241214
68,91,60,0.483871,0.182149,7.867368,64,34,0.310678
68,92,69,0.556452,0.205911,9.431831,55,27,0.351208
68,93,63,0.508065,0.105284,7.605262,61,26,0.179576
68,94,60,0.483871,0.087651,7.685003,64,32,0.149500
68,95,59,0.475806,0.086582,7.762349,65,37,0.147676
68,96,53,0.427419,0.132471,7.402415,71,36,0.225946
68,97,66,0.532258,0.198453,9.251485,58,28,0.338487
68,98,60,0.483871,0.091237,7.631169,64,30,0.155616
68,99,72,0.580645,0.184181,9.550751,52,23,0.314144
68,100,61,0.491935,0.026814,7.546989,63,25,0.045735
68,101,64,0.516129,0.155335,8.331202,60,24,0.814943
68,102,69,0.556452,0.260093,9.275818,55,26,0.443621
68,103,64,0.516129,0.226834,8.841881,60,28,0.386894
68,104,58,0.467742,0.109843,7.425645,66,29,0.187352
68,105,68,0.548387,0.212236,9.334534,56,30,0.361996
68,106,53,0.427419,0.037650,6.931871,71,76,0.064216
68,107,64,0.516129,0.093031,8.436304,60,24,0.158677
68,108,61,0.491935,0.141518,8.132765,63,29,0.241378
68,109,63,0.508065,0.168740,8.766973,61,29,0.287807
68,110,57,0.459677,0.119187,7.540866,67,34,0.203288
68,111,62,0.500000,0.174156,8.077774,62,29,0.297046
68,112,61,0.491935,0.156330,7.824651,63,33,0.266641
68,113,70,0.564516,0.178016,9.279731,54,24,0.303629
68,114,64,0.516129,0.105006,8.103796,60,28,0.179101
68,115,58,0.467742,0.153269,8.143851,66,31,0.261420
68,116,51,0.411290,0.065884,7.085147,73,66,0.112373
68,117,63,0.508065,0.000000,8.087899,61,28,0.000000
68,118,56,0.451613,0.116518,7.624323,68,40,0.198736
68,119,60,0.483871,0.173506,8.139939,64,30,0.295937
68,120,60,0.483871,0.127102,7.894421,64,33,0.216789
68,121,65,0.524194,0.104879,8.644863,59,24,0.178884
68,122,71,0.572581,0.241052,9.912772,53,26,0.411144
68,123,58,0.467742,0.140917,7.460733,66,36,0.240351
68,124,63,0.508065,0.117398,7.901113,61,25,0.200237
69,0,72,0.580645,0.249074,9.476540,52,25,0.393561
69,1,68,0.548387,0.188891,9.314612,56,28,0.298467
69,2,68,0.548387,0.138038,8.664346,56,25,0.218114
69,3,65,0.524194,0.027569,8.479678,59,25,0.043562
69,4,55,0.443548,0.090725,7.903441,69,36,0.143355
69,5,67,0.540323,0.062659,9.272712,57,29,0.099007
69,6,61,0.491935,0.124827,8.094978,63,28,0.197239
69,7,59,0.475806,0.124319,7.797694,65,30,0.196437
69,8,61,0.491935,0.172094,8.056384,63,26,0.271926
69,9,67,0.540323,0.052758,7.939575,57,22,0.083363
69,10,61,0.491935,0.177114,8.256700,63,33,0.829857
69,11,63,0.508065,0.238937,9.154711,61,28,0.377545
69,12,64,0.516129,0.131962,8.635096,60,27,0.208513
69,13,60,0.483871,0.061749,7.864141,64,31,0.097569
69,14,60,0.483871,0.154467,8.294051,64,30,0.244073
69,15,62,0.500000,0.000000,7.479059,62,33,0.000000
69,16,71,0.572581,0.182211,9.253173,53,24,0.287912
69,17,73,0.588710,0.258446,9.807649,51,25,0.408370
69,18,65,0.524194,0.160343,8.533615,59,27,0.253358
69,19,58,0.467742,0.145295,7.485778,66,29,0.229580
69,20,65,0.524194,0.176132,8.797063,59,25,0.278307
69,21,60,0.483871,0.075304,8.232756,64,30,0.118989
69,22,66,0.532258,0.191151,8.989088,58,26,0.302038
69,23,75,0.604839,0.249771,9.761630,49,24,0.394663
69,24,61,0.491935,0.092132,7.737798,63,30,0.145578
69,25,74,0.596774,0.130029,10.067149,50,24,0.205459
69,26,56,0.451613,0.128970,7.296203,68,42,0.203786
69,27,68,0.548387,0.115621,8.589609,56,23,0.182693
69,28,57,0.459677,0.050197,6.898601,67,31,0.079316
69,29,64,0.516129,0.105627,8.058497,60,28,0.166902
69,30,57,0.459677,0.099253,7.591369,67,41,0.156830
69,31,56,0.451613,0.091929,7.362515,68,44,0.145256
69,32,73,0.588710,0.181491,9.497534,51,24,0.836774
69,33,62,0.500000,0.146800,8.110044,62,30,0.231959
69,34,62,0.500000,0.090863,8.430466,62,27,0.143572
69,35,65,0.524194,0.062081,7.788421,59,25,0.098094
69,36,60,0.483871,0.063303,7.897913,64,34,0.100026
69,37,64,0.516129,0.172826,8.089930,60,25,0.273083
69,38,54,0.435484,0.139866,7.126809,70,49,0.771003
69,39,68,0.548387,0.107853,8.492281,56,25,0.170419
69,40,54,0.435484,0.130959,7.224610,70,50,0.206928
69,41,56,0.451613,0.062326,6.733224,68,34,0.098481
69,42,57,0.459677,0.194402,7.510920,67,33,0.307175
69,43,63,0.508065,0.073463,8.294857,61,28,0.116079
69,44,64,0.516129,0.084938,8.568058,60,27,0.134211
69,45,65,0.524194,0.282291,8.942442,59,30,0.446047
69,46,67,0.540323,0.037885,9.103141,57,26,0.059863
69,47,70,0.564516,0.028437,8.925861,54,25,0.044934
69,48,61,0.491935,0.194342,8.369103,63,30,0.307080
69,49,60,0.483871,0.133018,8.231380,64,29,0.210181
69,50,66,0.532258,0.191999,8.545677,58,25,0.303378
69,51,60,0.483871,0.129866,7.506056,64,29,0.205202
69,52,58,0.467742,0.105976,7.371820,66,35,0.167452
69,53,73,0.588710,0.264807,9.719473,51,22,0.418422
69,54,59,0.475806,0.078058,7.445253,65,36,0.123339
69,55,67,0.540323,0.214465,8.708857,57,23,0.338877
69,56,67,0.540323,0.092731,8.870927,57,26,0.146524
69,57,69,0.556452,0.140766,9.271247,55,26,0.222425
69,58,69,0.556452,0.232888,9.370070,55,25,0.367986
69,59,64,0.516129,0.087916,8.310969,60,30,0.138916
69,60,61,0.491935,0.162295,8.292942,63,27,0.256443
69,61,60,0.483871,0.133866,8.093105,64,33,0.211521
69,62,57,0.459677,0.044054,7.069287,67,43,0.069610
69,63,61,0.491935,0.177114,8.177466,63,30,0.829858
69,64,67,0.540323,0.123696,8.968246,57,29,0.195452
69,65,68,0.548387,0.138819,8.324118,56,27,0.219348
69,66,59,0.475806,0.173025,7.525468,65,31,0.273397
69,67,62,0.500000,0.140439,8.388886,62,28,0.221908
69,68,55,0.443548,0.084927,7.347844,69,41,0.134194
69,69,54,0.435484,0.101527,6.782571,70,48,0.710422
69,70,56,0.451613,0.063825,7.440829,68,30,0.100850
69,71,59,0.475806,0.117721,7.540597,65,29,0.186011
69,72,58,0.467742,0.064041,7.465068,66,33,0.101190
69,73,58,0.467742,0.163374,8.256893,66,46,0.808147
69,74,55,0.443548,0.076420,7.439819,69,44,0.120751
69,75,51,0.411290,0.092138,6.753459,73,64,0.145588
69,76,56,0.451613,0.106096,7.223286,68,29,0.167642
69,77,64,0.516129,0.175054,8.671355,60,22,0.276603
69,78,69,0.556452,0.220372,9.387716,55,26,0.348209
69,79,63,0.508065,0.137143,8.754351,61,27,0.216700
69,80,59,0.475806,0.012994,7.599436,65,38,0.020532
69,81,61,0.491935,0.087286,8.033293,63,29,0.137920
69,82,62,0.500000,0.090997,8.291661,62,30,0.143784
69,83,67,0.540323,0.123670,8.705715,57,28,0.195411
69,84,67,0.540323,0.167302,8.717813,57,25,0.264354
69,85,57,0.459677,0.107397,7.352453,67,44,0.169698
69,86,64,0.516129,0.113424,8.396874,60,27,0.179221
69,87,53,0.427419,0.033471,6.853028,71,62,0.052887
69,88,55,0.443548,0.082005,7.544213,69,38,0.129576
69,89,56,0.451613,0.132933,7.415685,68,34,0.210048
69,90,66,0.532258,0.148080,8.303090,58,28,0.233982
69,91,60,0.483871,0.136532,7.884144,64,34,0.215734
69,92,69,0.556452,0.203896,9.447957,55,27,0.322176
69,93,63,0.508065,0.141272,7.769687,61,26,0.223224
69,94,60,0.483871,0.089416,7.619320,64,32,0.141286
69,95,59,0.475806,0.072821,7.581762,65,37,0.115064
69,96,53,0.427419,0.109792,7.030114,71,36,0.173483
69,97,66,0.532258,0.227667,9.127068,58,28,0.359737
69,98,60,0.483871,0.034180,7.690106,64,30,0.054008
69,99,72,0.580645,0.284792,9.513916,52,23,0.450000
69,100,61,0.491935,0.067065,7.545407,63,25,0.105969
69,101,64,0.516129,0.069467,8.269610,60,25,0.109765
69,102,69,0.556452,0.224621,9.053244,55,26,0.354924
69,103,64,0.516129,0.179348,8.572630,60,28,0.283387
69,104,58,0.467742,0.116140,7.709665,66,29,0.183513
69,105,68,0.548387,0.177568,9.429865,56,30,0.280575
69,106,53,0.427419,0.111151,7.035492,71,76,0.175630
69,107,64,0.516129,0.116300,8.546742,60,24,0.183766
69,108,61,0.491935,0.174601,7.887456,63,29,0.275886
69,109,63,0.508065,0.133447,8.728659,61,29,0.210860
69,110,57,0.459677,0.150280,7.598730,67,34,0.237458
69,111,62,0.500000,0.121451,7.840824,62,29,0.191904
69,112,61,0.491935,0.193871,7.945228,63,33,0.306336
69,113,70,0.564516,0.162442,9.338674,54,24,0.256674
69,114,64,0.516129,0.086102,8.265117,60,28,0.136049
69,115,58,0.467742,0.174146,8.023710,66,31,0.825168
69,116,51,0.411290,0.051484,6.973329,73,66,0.081351
69,117,63,0.508065,0.007677,8.189627,61,28,0.012130
69,118,56,0.451613,0.142462,7.582885,68,40,0.225104
69,119,60,0.483871,0.154328,7.962163,64,30,0.243853
69,120,60,0.483871,0.115853,7.753522,64,33,0.183060
69,121,65,0.524194,0.166790,8.565646,59,24,0.263545
69,122,71,0.572581,0.181140,9.732963,53,26,0.286220
69,123,58,0.467742,0.069384,7.464785,66,36,0.109634
69,124,63,0.508065,0.146216,8.283828,61,25,0.781036
70,0,72,0.580645,0.211331,9.584631,52,25,0.334468
70,1,68,0.548387,0.205034,9.197679,56,28,0.874502
70,2,68,0.548387,0.136726,8.828751,56,25,0.216392
70,3,65,0.524194,0.049195,8.461919,59,25,0.077859
70,4,55,0.443548,0.079752,7.775889,69,36,0.126221
70,5,67,0.540323,0.068688,9.291113,57,29,0.108710
70,6,61,0.491935,0.143132,8.403779,63,28,0.226530
70,7,59,0.475806,0.138769,7.680711,65,30,0.219626
70,8,61,0.491935,0.107063,7.674369,63,26,0.169446
70,9,67,0.540323,0.044900,8.172451,57,22,0.071061
70,10,61,0.491935,0.147571,8.345090,63,34,0.233556
70,11,63,0.508065,0.271609,9.085081,61,28,0.979868
70,12,64,0.516129,0.169874,8.781806,60,27,0.268854
70,13,60,0.483871,0.098537,7.653485,64,31,0.155952
70,14,60,0.483871,0.081139,8.084057,64,30,0.128416
70,15,62,0.500000,0.000000,7.766020,62,33,0.000000
70,16,71,0.572581,0.168934,9.326029,53,24,0.267367
70,17,73,0.588710,0.239742,9.944069,51,25,0.379433
70,18,65,0.524194,0.172874,8.503952,59,27,0.823603
70,19,58,0.467742,0.134010,7.509578,66,29,0.212094
70,20,65,0.524194,0.170129,8.738224,59,25,0.269258
70,21,60,0.483871,0.056300,8.041841,64,30,0.089104
70,22,66,0.532258,0.143808,8.940461,58,26,0.227601
70,23,75,0.604839,0.204460,9.544375,49,24,0.323593
70,24,61,0.491935,0.078412,7.922230,63,30,0.124101
70,25,74,0.596774,0.133054,9.534958,50,24,0.210580
70,26,56,0.451613,0.162024,7.730260,68,42,0.256430
70,27,68,0.548387,0.116682,8.355446,56,23,0.184669
70,28,57,0.459677,0.000000,6.616189,67,31,0.000000
70,29,64,0.516129,0.124476,8.222457,60,28,0.197004
70,30,57,0.459677,0.167499,7.386987,67,41,0.265095
70,31,56,0.451613,0.069092,7.367027,68,44,0.109350
70,32,73,0.588710,0.185707,9.584511,51,25,0.293912
70,33,62,0.500000,0.113543,8.037984,62,30,0.179701
70,34,62,0.500000,0.155197,8.531431,62,27,0.245626
70,35,65,0.524194,0.105672,8.320510,59,25,0.167244
70,36,60,0.483871,0.103774,8.179698,64,34,0.164240
70,37,64,0.516129,0.044299,7.744761,60,25,0.070111
70,38,54,0.435484,0.169273,7.650428,70,50,0.267903
70,39,68,0.548387,0.081351,8.268607,56,25,0.128751
70,40,54,0.435484,0.093419,7.066837,70,50,0.147851
70,41,56,0.451613,0.067275,6.556695,68,34,0.106474
70,42,57,0.459677,0.185299,7.771618,67,33,0.293267
70,43,63,0.508065,0.089628,7.999975,61,28,0.141852
70,44,64,0.516129,0.126251,8.671160,60,27,0.199814
70,45,65,0.524194,0.244859,9.080605,59,30,0.387531
70,46,67,0.540323,0.069540,8.858855,57,26,0.110058
70,47,70,0.564516,0.070413,8.908183,54,25,0.111441
70,48,61,0.491935,0.165722,8.210597,63,30,0.262283
70,49,60,0.483871,0.120604,8.264464,64,29,0.190876
70,50,66,0.532258,0.174088,8.318321,58,25,0.275523
70,51,60,0.483871,0.108830,7.352009,64,29,0.172242
70,52,58,0.467742,0.102462,7.345831,66,35,0.162164
70,53,73,0.588710,0.275387,9.945761,51,22,0.435848
70,54,59,0.475806,0.020794,6.893024,65,36,0.032911
70,55,67,0.540323,0.201698,9.059588,57,23,0.319222
70,56,67,0.540323,0.070623,8.637651,57,26,0.111773
70,57,69,0.556452,0.153132,9.293042,55,26,0.242358
70,58,69,0.556452,0.244124,9.161239,55,25,0.386368
70,59,64,0.516129,0.113967,8.390945,60,30,0.180373
70,60,61,0.491935,0.161145,8.420995,63,27,0.255039
70,61,60,0.483871,0.142795,7.869935,64,33,0.225997
70,62,57,0.459677,0.047098,7.062747,67,43,0.074540
70,63,61,0.491935,0.123185,8.106795,63,31,0.194961
70,64,67,0.540323,0.176710,9.100415,57,29,0.279674
70,65,68,0.548387,0.105331,8.123131,56,27,0.166704
70,66,59,0.475806,0.135481,7.483069,65,31,0.214422
70,67,62,0.500000,0.196095,8.542084,62,28,0.310354
70,68,55,0.443548,0.128745,7.590928,69,41,0.203761
70,69,54,0.435484,0.006123,6.627669,70,49,0.009690
70,70,56,0.451613,0.064521,7.404604,68,30,0.652115
70,71,59,0.475806,0.157944,7.757156,65,29,0.249974
70,72,58,0.467742,0.132139,7.488151,66,33,0.209132
70,73,58,0.467742,0.125945,8.230957,66,47,0.199330
70,74,55,0.443548,0.121795,7.556144,69,44,0.192761
70,75,51,0.411290,0.099265,6.818595,73,64,0.157104
70,76,56,0.451613,0.068907,7.099717,68,29,0.109057
70,77,64,0.516129,0.180649,8.414617,60,22,0.285908
70,78,69,0.556452,0.223218,9.693128,55,26,0.353281
70,79,63,0.508065,0.187119,8.944499,61,27,0.296148
70,80,59,0.475806,0.105353,7.539757,65,38,0.166739
70,81,61,0.491935,0.049694,7.962471,63,29,0.078650
70,82,62,0.500000,0.068686,8.480799,62,30,0.108707
70,83,67,0.540323,0.156487,8.813294,57,28,0.247668
70,84,67,0.540323,0.151350,8.687146,57,25,0.239538
70,85,57,0.459677,0.085862,7.266021,67,44,0.135892
70,86,64,0.516129,0.130081,8.469660,60,27,0.205875
70,87,53,0.427419,0.022312,6.960551,71,62,0.035312
70,88,55,0.443548,0.097959,7.416394,69,38,0.155036
70,89,56,0.451613,0.109931,7.238441,68,34,0.173984
70,90,66,0.532258,0.131902,8.073715,58,28,0.208758
70,91,60,0.483871,0.129286,7.600523,64,34,0.204617
70,92,69,0.556452,0.185397,9.323848,55,27,0.293422
70,93,63,0.508065,0.119882,7.819435,61,26,0.189733
70,94,60,0.483871,0.126869,7.426346,64,32,0.750792
70,95,59,0.475806,0.118377,7.555700,65,37,0.187352
70,96,53,0.427419,0.143808,7.377109,71,36,0.227601
70,97,66,0.532258,0.222006,9.470400,58,28,0.351362
70,98,60,0.483871,0.116985,7.717207,64,30,0.735149
70,99,72,0.580645,0.189239,9.385493,52,23,0.299503
70,100,61,0.491935,0.023815,7.310815,63,25,0.037691
70,101,64,0.516129,0.105471,8.275407,60,25,0.166926
70,102,69,0.556452,0.284329,9.459529,55,26,0.450000
70,103,64,0.516129,0.221968,8.878557,60,28,0.351303
70,104,58,0.467742,0.081624,7.472889,66,29,0.129184
70,105,68,0.548387,0.170119,9.114147,56,30,0.819243
70,106,53,0.427419,0.107025,7.214368,71,76,0.169385
70,107,64,0.516129,0.124017,8.621213,60,24,0.196278
70,108,61,0.491935,0.133714,8.092958,63,29,0.211626
70,109,63,0.508065,0.206645,8.771274,61,29,0.877051
70,110,57,0.459677,0.103143,7.354155,67,34,0.163242
70,111,62,0.500000,0.182629,8.303670,62,29,0.289042
70,112,61,0.491935,0.188291,8.027491,63,33,0.298003
70,113,70,0.564516,0.161921,9.307539,54,24,0.256268
70,114,64,0.516129,0.077814,8.144342,60,28,0.123154
70,115,58,0.467742,0.161924,8.091436,66,32,0.256272
70,116,51,0.411290,0.023520,7.067986,73,66,0.037225
70,117,63,0.508065,0.053851,8.042003,61,28,0.085229
70,118,56,0.451613,0.087725,7.379108,68,40,0.138840
70,119,60,0.483871,0.173347,8.062951,64,30,0.274351
70,120,60,0.483871,0.128660,8.034431,64,33,0.203627
70,121,65,0.524194,0.156547,8.673781,59,24,0.247763
70,122,71,0.572581,0.223299,9.715603,53,26,0.353408
70,123,58,0.467742,0.099301,7.495564,66,36,0.157161
70,124,63,0.508065,0.080273,8.072937,61,26,0.127045
71,0,72,0.580645,0.239160,9.731638,52,25,0.423342
71,1,68,0.548387,0.143342,9.176775,56,29,0.253732
71,2,68,0.548387,0.138060,9.007549,56,25,0.244382
71,3,65,0.524194,0.005923,8.463950,59,25,0.010484
71,4,55,0.443548,0.089482,7.518951,69,36,0.158393
71,5,67,0.540323,0.087254,9.399837,57,29,0.154450
71,6,61,0.491935,0.107854,8.508886,63,28,0.190915
71,7,59,0.475806,0.105975,7.446910,65,30,0.187588
71,8,61,0.491935,0.145948,7.786848,63,26,0.258346
71,9,67,0.540323,0.065577,8.019113,57,22,0.116079
71,10,61,0.491935,0.152488,8.292677,63,34,0.269923
71,11,63,0.508065,0.195943,8.860255,61,29,0.346843
71,12,64,0.516129,0.126397,8.532965,60,27,0.223737
71,13,60,0.483871,0.075458,7.796996,64,31,0.133570
71,14,60,0.483871,0.075473,8.196503,64,30,0.133596
71,15,62,0.500000,0.026611,7.686107,62,33,0.047105
71,16,71,0.572581,0.167182,9.402256,53,24,0.845932
71,17,73,0.588710,0.178079,9.443088,51,25,0.315221
71,18,65,0.524194,0.162947,8.453966,59,28,0.288436
71,19,58,0.467742,0.145792,7.721016,66,29,0.258069
71,20,65,0.524194,0.166948,8.699081,59,25,0.295519
71,21,60,0.483871,0.061317,7.924998,64,30,0.108538
71,22,66,0.532258,0.093461,8.711500,58,26,0.165437
71,23,75,0.604839,0.239305,9.738053,49,24,0.973599
71,24,61,0.491935,0.080950,7.826594,63,30,0.143290
71,25,74,0.596774,0.165500,9.889789,50,24,0.292954
71,26,56,0.451613,0.133917,7.331156,68,42,0.237049
71,27,68,0.548387,0.156195,8.861905,56,23,0.276484
71,28,57,0.459677,0.037071,6.836516,67,31,0.065621
71,29,64,0.516129,0.130679,7.978989,60,28,0.231317
71,30,57,0.459677,0.065588,7.260831,67,41,0.116099
71,31,56,0.451613,0.060877,7.396240,68,44,0.107759
71,32,73,0.588710,0.144905,9.681162,51,25,0.256499
71,33,62,0.500000,0.159327,8.295487,62,30,0.282028
71,34,62,0.500000,0.075100,7.951765,62,27,0.132936
71,35,65,0.524194,0.131192,8.261259,59,25,0.232225
71,36,60,0.483871,0.124729,7.851376,64,34,0.770785
71,37,64,0.516129,0.046635,8.264228,60,25,0.082550
71,38,54,0.435484,0.175033,7.508474,70,50,0.309829
71,39,68,0.548387,0.134966,8.503975,56,25,0.238907
71,40,54,0.435484,0.084635,7.051867,70,50,0.149815
71,41,56,0.451613,0.058787,6.876134,68,34,0.104061
71,42,57,0.459677,0.194809,7.442117,67,33,0.344835
71,43,63,0.508065,0.177960,8.602562,61,28,0.315011
71,44,64,0.516129,0.186771,8.465138,60,27,0.330607
71,45,65,0.524194,0.243854,8.816035,59,30,0.431652
71,46,67,0.540323,0.174770,9.083163,57,26,0.309363
71,47,70,0.564516,0.077302,9.024689,54,25,0.136834
71,48,61,0.491935,0.164246,8.310195,63,30,0.290735
71,49,60,0.483871,0.134651,8.106992,64,29,0.238349
71,50,66,0.532258,0.164909,8.261495,58,25,0.291908
71,51,60,0.483871,0.198204,7.587250,64,29,0.900845
71,52,58,0.467742,0.148514,7.467681,66,35,0.262888
71,53,73,0.588710,0.240085,9.621945,51,22,0.424979
71,54,59,0.475806,0.039073,7.045044,65,36,0.069165
71,55,67,0.540323,0.182348,9.201739,57,23,0.322778
71,56,67,0.540323,0.130165,9.053218,57,26,0.230407
71,57,69,0.556452,0.166975,9.047464,55,26,0.295566
71,58,69,0.556452,0.222234,9.095096,55,25,0.943381
71,59,64,0.516129,0.094989,8.353296,60,30,0.718143
71,60,61,0.491935,0.142186,8.294698,63,27,0.251687
71,61,60,0.483871,0.127893,8.000702,64,33,0.226387
71,62,57,0.459677,0.056329,7.031047,67,43,0.099709
71,63,61,0.491935,0.122745,8.229725,63,31,0.217274
71,64,67,0.540323,0.160913,9.147991,57,29,0.284835
71,65,68,0.548387,0.074405,8.236979,56,27,0.131706
71,66,59,0.475806,0.163250,7.372869,65,31,0.288972
71,67,62,0.500000,0.190538,8.438173,62,28,0.337276
71,68,55,0.443548,0.172539,7.764821,69,41,0.305414
71,69,54,0.435484,0.070945,6.891583,70,49,0.125581
71,70,56,0.451613,0.000000,7.502548,68,31,0.000000
71,71,59,0.475806,0.153256,7.681075,65,29,0.271282
71,72,58,0.467742,0.093193,7.399830,66,33,0.164963
71,73,58,0.467742,0.097295,8.145793,66,47,0.172224
71,74,55,0.443548,0.095005,7.308662,69,44,0.168170
71,75,51,0.411290,0.047953,6.517737,73,64,0.084882
71,76,56,0.451613,0.059053,6.930290,68,29,0.104532
71,77,64,0.516129,0.193253,8.713362,60,22,0.342081
71,78,69,0.556452,0.138685,9.053193,55,26,0.245489
71,79,63,0.508065,0.154897,8.931916,61,27,0.274186
71,80,59,0.475806,0.084798,7.686965,65,38,0.150103
71,81,61,0.491935,0.093175,8.027884,63,29,0.164931
71,82,62,0.500000,0.082670,8.677761,62,30,0.146335
71,83,67,0.540323,0.148818,8.620734,57,28,0.263426
71,84,67,0.540323,0.107698,8.317054,57,25,0.190638
71,85,57,0.459677,0.033810,7.159114,67,44,0.059847
71,86,64,0.516129,0.135259,8.464982,60,27,0.239424
71,87,53,0.427419,0.041707,7.182913,71,62,0.073827
71,88,55,0.443548,0.098250,7.396375,69,38,0.173914
71,89,56,0.451613,0.112607,7.629333,68,34,0.199329
71,90,66,0.532258,0.161011,8.499529,58,28,0.285008
71,91,60,0.483871,0.153588,7.787329,64,34,0.821869
71,92,69,0.556452,0.211187,9.314654,55,27,0.373827
71,93,63,0.508065,0.147258,7.955250,61,26,0.260664
71,94,60,0.483871,0.113398,7.467441,64,33,0.200729
71,95,59,0.475806,0.066538,7.801776,65,37,0.117781
71,96,53,0.427419,0.093461,7.193543,71,36,0.165437
71,97,66,0.532258,0.197248,9.231343,58,28,0.349152
71,98,60,0.483871,0.024723,7.618853,64,31,0.043762
71,99,72,0.580645,0.227261,9.465234,52,23,0.402280
71,100,61,0.491935,0.089774,7.772447,63,25,0.158911
71,101,64,0.516129,0.127528,8.269692,60,25,0.225739
71,102,69,0.556452,0.213217,9.109937,55,26,0.377420
71,103,64,0.516129,0.254220,8.790542,60,28,0.450000
71,104,58,0.467742,0.102810,7.560984,66,29,0.181986
71,105,68,0.548387,0.199626,9.372082,56,31,0.353363
71,106,53,0.427419,0.081143,6.890623,71,76,0.693632
71,107,64,0.516129,0.154160,8.679537,60,24,0.272881
71,108,61,0.491935,0.116372,7.959316,63,29,0.205992
71,109,63,0.508065,0.160021,8.830273,61,30,0.283256
71,110,57,0.459677,0.160571,7.694537,67,34,0.284230
71,111,62,0.500000,0.183396,7.981626,62,29,0.324633
71,112,61,0.491935,0.188032,7.831917,63,33,0.332840
71,113,70,0.564516,0.216020,9.367262,54,24,0.382381
71,114,64,0.516129,0.054760,8.000468,60,28,0.096932
71,115,58,0.467742,0.133332,8.020732,66,32,0.236014
71,116,51,0.411290,0.061182,6.895658,73,66,0.108299
71,117,63,0.508065,0.076028,8.282568,61,28,0.134578
71,118,56,0.451613,0.098163,7.591853,68,40,0.173760
71,119,60,0.483871,0.151816,8.164541,64,30,0.268733
71,120,60,0.483871,0.123262,7.908982,64,33,0.218188
71,121,65,0.524194,0.168118,8.763306,59,24,0.297589
71,122,71,0.572581,0.238434,10.132507,53,26,0.422056
71,123,58,0.467742,0.144497,7.800213,66,36,0.255777
71,124,63,0.508065,0.103257,7.776868,61,26,0.182777
72,0,72,0.580645,0.268138,9.847994,52,25,0.450000
72,1,68,0.548387,0.148680,9.122718,56,29,0.249521
72,2,68,0.548387,0.131033,8.820216,56,25,0.219904
72,3,65,0.524194,0.043156,8.562624,59,25,0.072427
72,4,55,0.443548,0.066836,7.432291,69,36,0.112167
72,5,67,0.540323,0.091524,9.565910,57,29,0.153600
72,6,61,0.491935,0.078407,8.356233,63,28,0.131587
72,7,59,0.475806,0.094376,7.345211,65,30,0.158385
72,8,61,0.491935,0.150627,7.893682,63,26,0.252789
72,9,67,0.540323,0.105989,8.183512,57,22,0.177876
72,10,61,0.491935,0.176861,8.193536,63,34,0.296816
72,11,63,0.508065,0.170704,8.872479,61,29,0.286482
72,12,64,0.516129,0.098605,8.347902,60,27,0.165484
72,13,60,0.483871,0.093884,7.560944,64,31,0.157560
72,14,60,0.483871,0.098329,7.896762,64,30,0.165020
72,15,62,0.500000,0.029298,7.833102,62,33,0.049169
72,16,71,0.572581,0.132459,9.369663,53,25,0.222298
72,17,73,0.588710,0.177537,9.665940,51,25,0.297950
72,18,65,0.524194,0.160323,8.467122,59,28,0.269061
72,19,58,0.467742,0.113507,7.285553,66,29,0.190492
72,20,65,0.524194,0.190968,8.500497,59,25,0.320490
72,21,60,0.483871,0.073057,8.066209,64,30,0.122607
72,22,66,0.532258,0.158184,8.685475,58,26,0.265471
72,23,75,0.604839,0.188997,9.522220,49,25,0.317183
72,24,61,0.491935,0.099082,7.929386,63,30,0.166284
72,25,74,0.596774,0.202940,9.941401,50,24,0.340583
72,26,56,0.451613,0.145330,7.305976,68,42,0.243899
72,27,68,0.548387,0.161150,8.827132,56,23,0.270449
72,28,57,0.459677,0.011204,6.828496,67,31,0.018802
72,29,64,0.516129,0.153359,8.143513,60,28,0.257373
72,30,57,0.459677,0.044039,7.411489,67,41,0.073908
72,31,56,0.451613,0.132154,7.549337,68,44,0.221786
72,32,73,0.588710,0.178905,9.773293,51,25,0.300245
72,33,62,0.500000,0.155977,8.222344,62,30,0.261766
72,34,62,0.500000,0.135859,8.120709,62,27,0.228004
72,35,65,0.524194,0.159180,8.448967,59,25,0.267142
72,36,60,0.483871,0.128824,7.998188,64,35,0.216198
72,37,64,0.516129,0.106224,8.137831,60,25,0.178270
72,38,54,0.435484,0.127324,7.252972,70,50,0.213681
72,39,68,0.548387,0.130396,8.566562,56,25,0.218836
72,40,54,0.435484,0.104128,7.007270,70,50,0.174752
72,41,56,0.451613,0.064632,7.037198,68,34,0.108468
72,42,57,0.459677,0.167607,7.687508,67,33,0.281285
72,43,63,0.508065,0.111658,8.483719,61,28,0.187389
72,44,64,0.516129,0.129268,8.395924,60,27,0.216944
72,45,65,0.524194,0.265620,8.715278,59,30,0.445774
72,46,67,0.540323,0.121313,8.983409,57,26,0.203592
72,47,70,0.564516,0.058915,9.102419,54,25,0.098873
72,48,61,0.491935,0.148809,8.341708,63,30,0.249737
72,49,60,0.483871,0.116117,7.716892,64,29,0.744873
72,50,66,0.532258,0.184539,8.095977,58,25,0.309701
72,51,60,0.483871,0.123807,7.669406,64,30,0.207779
72,52,58,0.467742,0.177462,7.661966,66,35,0.297825
72,53,73,0.588710,0.209141,9.353654,51,22,0.350989
72,54,59,0.475806,0.077105,7.486495,65,36,0.129401
72,55,67,0.540323,0.173736,9.309169,57,23,0.291571
72,56,67,0.540323,0.167545,8.890224,57,26,0.281181
72,57,69,0.556452,0.159989,9.306395,55,26,0.268501
72,58,69,0.556452,0.134534,9.037489,55,26,0.225781
72,59,64,0.516129,0.088413,8.250927,60,31,0.148379
72,60,61,0.491935,0.158705,8.241149,63,27,0.266345
72,61,60,0.483871,0.122621,8.034808,64,33,0.755788
72,62,57,0.459677,0.076947,6.899705,67,43,0.129136
72,63,61,0.491935,0.136245,8.208133,63,31,0.778652
72,64,67,0.540323,0.208680,9.042947,57,29,0.350215
72,65,68,0.548387,0.166248,8.634379,56,27,0.829004
72,66,59,0.475806,0.147737,7.486178,65,31,0.247939
72,67,62,0.500000,0.177393,8.294594,62,28,0.847709
72,68,55,0.443548,0.111720,7.586237,69,41,0.187493
72,69,54,0.435484,0.048908,6.800087,70,49,0.082080
72,70,56,0.451613,0.000000,7.684956,68,31,0.000000
72,71,59,0.475806,0.152047,7.785359,65,29,0.255172
72,72,58,0.467742,0.074952,7.644881,66,33,0.125788
72,73,58,0.467742,0.026861,7.894250,66,47,0.045079
72,74,55,0.443548,0.040071,7.167510,69,44,0.067248
72,75,51,0.411290,0.042641,6.587573,73,64,0.071562
72,76,56,0.451613,0.107836,6.638963,68,29,0.180975
72,77,64,0.516129,0.166144,8.396441,60,22,0.278829
72,78,69,0.556452,0.110859,8.884941,55,26,0.186047
72,79,63,0.508065,0.109331,8.899401,61,27,0.183484
72,80,59,0.475806,0.102260,7.587298,65,38,0.721616
72,81,61,0.491935,0.091709,7.999274,63,29,0.153910
72,82,62,0.500000,0.125697,8.335982,62,30,0.210950
72,83,67,0.540323,0.145233,8.640121,57,28,0.243735
72,84,67,0.540323,0.089892,8.701694,57,25,0.150860
72,85,57,0.459677,0.121918,7.374306,67,44,0.204608
72,86,64,0.516129,0.126405,8.623742,60,27,0.212139
72,87,53,0.427419,0.050489,6.997990,71,62,0.084732
72,88,55,0.443548,0.114832,7.500805,69,38,0.192717
72,89,56,0.451613,0.101263,7.641329,68,34,0.169944
72,90,66,0.532258,0.157671,8.138792,58,28,0.264611
72,91,60,0.483871,0.085364,7.577887,64,35,0.143262
72,92,69,0.556452,0.194590,9.108753,55,27,0.326568
72,93,63,0.508065,0.110312,8.233849,61,26,0.185130
72,94,60,0.483871,0.134466,7.422488,64,33,0.775666
72,95,59,0.475806,0.108221,7.805518,65,37,0.181620
72,96,53,0.427419,0.134168,7.382037,71,36,0.225167
72,97,66,0.532258,0.185859,9.031064,58,28,0.311917
72,98,60,0.483871,0.065659,7.636735,64,31,0.110192
72,99,72,0.580645,0.182917,9.316156,52,23,0.306980
72,100,61,0.491935,0.117337,7.792203,63,25,0.196920
72,101,64,0.516129,0.112440,8.178605,60,25,0.188702
72,102,69,0.556452,0.234951,8.967951,55,26,0.944305
72,103,64,0.516129,0.230214,8.844225,60,28,0.386355
72,104,58,0.467742,0.091022,7.564586,66,29,0.152757
72,105,68,0.548387,0.195174,9.521796,56,31,0.327549
72,106,53,0.427419,0.117601,7.034233,71,77,0.197362
72,107,64,0.516129,0.206559,8.904807,60,24,0.346657
72,108,61,0.491935,0.122170,8.041224,63,29,0.205031
72,109,63,0.508065,0.124994,8.594992,61,30,0.209770
72,110,57,0.459677,0.169521,7.615081,67,34,0.284498
72,111,62,0.500000,0.221273,8.197065,62,29,0.371350
72,112,61,0.491935,0.150777,7.526401,63,33,0.253040
72,113,70,0.564516,0.223770,9.406895,54,24,0.375540
72,114,64,0.516129,0.078019,8.088161,60,28,0.130934
72,115,58,0.467742,0.232034,8.174955,66,32,0.389409
72,116,51,0.411290,0.061274,6.909451,73,66,0.102833
72,117,63,0.508065,0.052550,8.188745,61,28,0.088191
72,118,56,0.451613,0.096431,7.743637,68,40,0.161834
72,119,60,0.483871,0.112405,8.051667,64,30,0.188644
72,120,60,0.483871,0.177867,8.162385,64,33,0.298504
72,121,65,0.524194,0.125729,8.402091,59,24,0.211004
72,122,71,0.572581,0.242217,10.049987,53,26,0.406499
72,123,58,0.467742,0.063445,7.802363,66,36,0.106476
72,124,63,0.508065,0.072862,7.987926,61,26,0.122279
73,0,72,0.580645,0.317428,10.039452,52,25,0.450000
73,1,68,0.548387,0.154213,9.061759,56,29,0.218619
73,2,68,0.548387,0.135409,8.934487,56,25,0.191961
73,3,65,0.524194,0.036456,8.662201,59,25,0.051682
73,4,55,0.443548,0.054653,7.661486,69,36,0.077479
73,5,67,0.540323,0.101675,9.340104,57,29,0.144140
73,6,61,0.491935,0.119661,8.242391,63,28,0.169637
73,7,59,0.475806,0.109277,7.394838,65,30,0.154916
73,8,61,0.491935,0.168542,7.899864,63,26,0.238934
73,9,67,0.540323,0.096061,8.000266,57,22,0.686180
73,10,61,0.491935,0.218562,8.329130,63,34,0.309844
73,11,63,0.508065,0.198813,8.686412,61,29,0.281847
73,12,64,0.516129,0.087830,8.465650,60,27,0.124513
73,13,60,0.483871,0.076284,7.360745,64,31,0.108144
73,14,60,0.483871,0.150479,8.028505,64,30,0.213327
73,15,62,0.500000,0.087485,7.751257,62,33,0.124022
73,16,71,0.572581,0.100209,9.354495,53,25,0.142061
73,17,73,0.588710,0.254088,9.742035,51,25,0.360206
73,18,65,0.524194,0.162955,8.595707,59,28,0.231013
73,19,58,0.467742,0.132850,7.234109,66,29,0.738334
73,20,65,0.524194,0.136112,8.498773,59,25,0.192959
73,21,60,0.483871,0.108395,8.247469,64,30,0.703666
73,22,66,0.532258,0.193058,8.727795,58,26,0.273689
73,23,75,0.604839,0.189491,9.409310,49,25,0.268631
73,24,61,0.491935,0.091308,7.977492,63,30,0.129442
73,25,74,0.596774,0.160392,10.187887,50,24,0.227379
73,26,56,0.451613,0.123296,7.158153,68,42,0.174790
73,27,68,0.548387,0.112070,8.836403,56,23,0.158876
73,28,57,0.459677,0.050059,6.810233,67,31,0.070967
73,29,64,0.516129,0.150799,8.197013,60,28,0.213780
73,30,57,0.459677,0.053646,7.635358,67,41,0.076051
73,31,56,0.451613,0.139990,7.655311,68,44,0.198457
73,32,73,0.588710,0.186605,9.642345,51,25,0.264539
73,33,62,0.500000,0.145735,8.120032,62,30,0.206601
73,34,62,0.500000,0.116485,8.210249,62,27,0.165135
73,35,65,0.524194,0.143325,8.318394,59,25,0.203185
73,36,60,0.483871,0.127207,7.910655,64,35,0.180335
73,37,64,0.516129,0.175520,8.485381,60,25,0.248826
73,38,54,0.435484,0.113993,7.270571,70,50,0.161601
73,39,68,0.548387,0.179149,8.589993,56,25,0.253970
73,40,54,0.435484,0.135375,6.909086,70,50,0.191914
73,41,56,0.451613,0.022820,6.734259,68,34,0.032351
73,42,57,0.459677,0.190514,7.444866,67,33,0.270082
73,43,63,0.508065,0.095840,8.366938,61,28,0.135867
73,44,64,0.516129,0.099603,8.583278,60,27,0.141202
73,45,65,0.524194,0.248269,8.554122,59,30,0.351958
73,46,67,0.540323,0.120548,8.991681,57,26,0.170894
73,47,70,0.564516,0.021250,8.874896,54,25,0.030124
73,48,61,0.491935,0.228682,8.421940,63,30,0.324190
73,49,60,0.483871,0.127120,7.688826,64,30,0.180211
73,50,66,0.532258,0.151905,8.093923,58,25,0.215348
73,51,60,0.483871,0.104462,7.594955,64,30,0.148090
73,52,58,0.467742,0.163959,7.498774,66,35,0.782436
73,53,73,0.588710,0.232178,9.352402,51,22,0.879146
73,54,59,0.475806,0.091834,7.648742,65,36,0.130189
73,55,67,0.540323,0.162998,8.792523,57,23,0.231074
73,56,67,0.540323,0.167681,9.297744,57,26,0.237712
73,57,69,0.556452,0.116317,9.104346,55,26,0.164896
73,58,69,0.556452,0.149780,9.227496,55,26,0.212335
73,59,64,0.516129,0.090445,8.202219,60,31,0.128219
73,60,61,0.491935,0.177631,8.121944,63,27,0.251818
73,61,60,0.483871,0.153864,8.253242,64,34,0.218125
73,62,57,0.459677,0.049518,6.916207,67,43,0.070199
73,63,61,0.491935,0.089346,7.973282,63,32,0.126662
73,64,67,0.540323,0.169694,8.772312,57,29,0.240566
73,65,68,0.548387,0.101713,8.239621,56,28,0.144193
73,66,59,0.475806,0.159781,7.428739,65,31,0.226513
73,67,62,0.500000,0.168796,8.277595,62,29,0.239293
73,68,55,0.443548,0.135322,7.357994,69,41,0.191838
73,69,54,0.435484,0.062743,6.712209,70,49,0.088948
73,70,56,0.451613,0.033793,7.532871,68,31,0.047907
73,71,59,0.475806,0.102215,7.604319,65,29,0.144905
73,72,58,0.467742,0.100663,7.773344,66,33,0.142705
73,73,58,0.467742,0.039682,7.923465,66,47,0.056255
73,74,55,0.443548,0.064310,7.093292,69,44,0.091169
73,75,51,0.411290,0.018996,6.723214,73,64,0.026930
73,76,56,0.451613,0.136922,6.577698,68,29,0.194107
73,77,64,0.516129,0.182233,8.384054,60,22,0.258343
73,78,69,0.556452,0.054602,8.699440,55,26,0.077406
73,79,63,0.508065,0.073718,8.595847,61,27,0.104506
73,80,59,0.475806,0.048515,7.522536,65,39,0.068777
73,81,61,0.491935,0.069040,8.129281,63,29,0.097874
73,82,62,0.500000,0.175990,8.432603,62,30,0.249492
73,83,67,0.540323,0.119869,8.594049,57,28,0.169931
73,84,67,0.540323,0.113425,8.799836,57,25,0.160797
73,85,57,0.459677,0.131936,7.455248,67,44,0.187039
73,86,64,0.516129,0.175541,8.681630,60,27,0.248855
73,87,53,0.427419,0.000000,6.838172,71,62,0.000000
73,88,55,0.443548,0.120213,7.578737,69,38,0.170420
73,89,56,0.451613,0.062397,7.338268,68,34,0.088457
73,90,66,0.532258,0.148548,8.180857,58,28,0.210588
73,91,60,0.483871,0.143957,7.929172,64,35,0.204081
73,92,69,0.556452,0.195331,9.192570,55,27,0.276911
73,93,63,0.508065,0.122023,8.179286,61,26,0.172985
73,94,60,0.483871,0.092261,7.217753,64,34,0.130793
73,95,59,0.475806,0.108402,7.975837,65,37,0.153675
73,96,53,0.427419,0.138974,7.273299,71,36,0.197016
73,97,66,0.532258,0.168135,8.710409,58,28,0.238355
73,98,60,0.483871,0.058062,7.652295,64,31,0.082311
73,99,72,0.580645,0.238350,9.626241,52,23,0.337896
73,100,61,0.491935,0.221628,8.080227,63,25,0.314191
73,101,64,0.516129,0.085422,8.120555,60,25,0.121099
73,102,69,0.556452,0.218384,8.933893,55,27,0.309592
73,103,64,0.516129,0.169938,8.714313,60,28,0.240912
73,104,58,0.467742,0.174588,7.822575,66,29,0.247504
73,105,68,0.548387,0.198467,9.706558,56,31,0.831356
73,106,53,0.427419,0.094449,6.935174,71,77,0.683895
73,107,64,0.516129,0.171148,8.781671,60,24,0.242628
73,108,61,0.491935,0.108176,7.784755,63,29,0.153356
73,109,63,0.508065,0.101436,8.626522,61,30,0.143800
73,110,57,0.459677,0.192858,7.488610,67,34,0.273404
73,111,62,0.500000,0.190269,7.994524,62,29,0.269734
73,112,61,0.491935,0.191664,7.738059,63,33,0.821712
73,113,70,0.564516,0.189912,9.203216,54,24,0.269228
73,114,64,0.516129,0.076467,8.047873,60,28,0.108403
73,115,58,0.467742,0.210922,8.144182,66,32,0.299013
73,116,51,0.411290,0.063750,6.765177,73,66,0.090375
73,117,63,0.508065,0.000000,8.004214,61,28,0.000000
73,118,56,0.451613,0.128589,7.911233,68,40,0.182293
73,119,60,0.483871,0.114220,8.069891,64,30,0.161923
73,120,60,0.483871,0.157461,7.994583,64,33,0.223224
73,121,65,0.524194,0.074936,8.283976,59,24,0.106232
73,122,71,0.572581,0.157770,9.949311,53,26,0.223662
73,123,58,0.467742,0.083652,7.701217,66,36,0.118589
73,124,63,0.508065,0.078147,8.012668,61,26,0.110784
74,0,72,0.580645,0.273474,9.798735,52,25,0.439382
74,1,68,0.548387,0.172244,9.177440,56,29,0.276739
74,2,68,0.548387,0.166640,8.857458,56,25,0.267736
74,3,65,0.524194,0.075518,8.544560,59,25,0.121333
74,4,55,0.443548,0.011425,7.374044,69,36,0.018356
74,5,67,0.540323,0.108365,9.467908,57,29,0.174107
74,6,61,0.491935,0.130729,8.501855,63,28,0.210037
74,7,59,0.475806,0.133179,7.243222,65,30,0.213974
74,8,61,0.491935,0.146669,7.792340,63,26,0.235648
74,9,67,0.540323,0.103031,8.289483,57,23,0.165537
74,10,61,0.491935,0.185705,8.524600,63,34,0.298367
74,11,63,0.508065,0.162820,8.716545,61,29,0.261598
74,12,64,0.516129,0.051475,8.204685,60,27,0.082704
74,13,60,0.483871,0.059771,7.707011,64,31,0.096033
74,14,60,0.483871,0.113319,7.758514,64,30,0.182066
74,15,62,0.500000,0.093927,7.449679,62,33,0.150910
74,16,71,0.572581,0.067928,9.546157,53,25,0.109138
74,17,73,0.588710,0.278433,10.100928,51,25,0.447349
74,18,65,0.524194,0.172054,8.590103,59,28,0.276434
74,19,58,0.467742,0.105366,7.179580,66,30,0.169289
74,20,65,0.524194,0.167645,8.383738,59,25,0.269349
74,21,60,0.483871,0.056373,8.020313,64,31,0.090572
74,22,66,0.532258,0.184492,8.603446,58,26,0.296417
74,23,75,0.604839,0.139756,9.227429,49,25,0.224541
74,24,61,0.491935,0.093714,8.085150,63,30,0.150567
74,25,74,0.596774,0.160411,10.026446,50,24,0.257727
74,26,56,0.451613,0.120007,7.039186,68,42,0.192811
74,27,68,0.548387,0.153273,8.728008,56,23,0.246259
74,28,57,0.459677,0.001805,6.927081,67,31,0.002900
74,29,64,0.516129,0.149428,8.230711,60,28,0.240081
74,30,57,0.459677,0.055195,7.639183,67,41,0.088681
74,31,56,0.451613,0.168722,7.628497,68,44,0.271080
74,32,73,0.588710,0.185259,9.601984,51,25,0.847649
74,33,62,0.500000,0.111070,8.325371,62,30,0.178453
74,34,62,0.500000,0.129937,7.947664,62,27,0.208765
74,35,65,0.524194,0.128937,8.389936,59,25,0.207159
74,36,60,0.483871,0.138544,8.106010,64,35,0.222595
74,37,64,0.516129,0.146595,8.241632,60,25,0.785529
74,38,54,0.435484,0.132194,7.355177,70,50,0.762392
74,39,68,0.548387,0.108891,8.865216,56,25,0.174952
74,40,54,0.435484,0.071061,6.949462,70,50,0.114171
74,41,56,0.451613,0.029121,6.818680,68,34,0.046788
74,42,57,0.459677,0.192941,7.672253,67,33,0.309991
74,43,63,0.508065,0.143365,8.096789,61,28,0.230340
74,44,64,0.516129,0.103652,8.552463,60,27,0.166534
74,45,65,0.524194,0.280083,8.977759,59,30,0.450000
74,46,67,0.540323,0.043766,8.739334,57,26,0.070317
74,47,70,0.564516,0.085246,9.121901,54,25,0.136963
74,48,61,0.491935,0.210080,8.337929,63,30,0.337528
74,49,60,0.483871,0.134160,7.858614,64,30,0.215551
74,50,66,0.532258,0.184821,8.284423,58,25,0.296946
74,51,60,0.483871,0.174502,7.903478,64,30,0.280367
74,52,58,0.467742,0.087321,7.735506,66,36,0.140296
74,53,73,0.588710,0.158396,9.500073,51,23,0.254490
74,54,59,0.475806,0.053999,7.513681,65,36,0.086759
74,55,67,0.540323,0.150221,8.817045,57,23,0.241356
74,56,67,0.540323,0.195268,8.916068,57,26,0.313731
74,57,69,0.556452,0.119615,9.052851,55,26,0.192182
74,58,69,0.556452,0.151338,9.096277,55,26,0.243149
74,59,64,0.516129,0.082433,8.348266,60,31,0.132443
74,60,61,0.491935,0.175583,8.356644,63,27,0.282103
74,61,60,0.483871,0.131602,8.015435,64,34,0.211441
74,62,57,0.459677,0.057233,6.955771,67,43,0.091954
74,63,61,0.491935,0.104620,8.142761,63,32,0.168090
74,64,67,0.540323,0.166067,8.966628,57,29,0.266815
74,65,68,0.548387,0.058812,8.241314,56,28,0.094492
74,66,59,0.475806,0.188798,7.755690,65,31,0.303336
74,67,62,0.500000,0.203939,8.665194,62,29,0.327663
74,68,55,0.443548,0.086177,7.194621,69,41,0.138458
74,69,54,0.435484,0.009705,6.500438,70,49,0.015592
74,70,56,0.451613,0.000000,7.549559,68,31,0.000000
74,71,59,0.475806,0.088045,7.771944,65,29,0.141458
74,72,58,0.467742,0.164616,8.067123,66,33,0.264483
74,73,58,0.467742,0.103275,7.846398,66,47,0.715929
74,74,55,0.443548,0.086389,7.301998,69,44,0.138798
74,75,51,0.411290,0.034149,6.420515,73,64,0.054867
74,76,56,0.451613,0.116149,6.777665,68,29,0.186613
74,77,64,0.516129,0.148023,8.459447,60,22,0.237823
74,78,69,0.556452,0.174271,8.853128,55,26,0.279995
74,79,63,0.508065,0.076322,8.910673,61,27,0.122624
74,80,59,0.475806,0.044819,7.631080,65,39,0.072010
74,81,61,0.491935,0.096717,7.996562,63,29,0.155392
74,82,62,0.500000,0.128695,8.553419,62,30,0.206770
74,83,67,0.540323,0.169122,8.383325,57,28,0.271723
74,84,67,0.540323,0.145334,8.722153,57,25,0.233504
74,85,57,0.459677,0.112656,7.395087,67,44,0.181000
74,86,64,0.516129,0.121717,8.153602,60,27,0.195559
74,87,53,0.427419,0.089297,6.958815,71,62,0.143471
74,88,55,0.443548,0.084177,7.427489,69,38,0.135244
74,89,56,0.451613,0.139003,7.409282,68,34,0.223331
74,90,66,0.532258,0.186427,8.299961,58,28,0.299526
74,91,60,0.483871,0.137843,7.954340,64,35,0.221468
74,92,69,0.556452,0.201242,8.960227,55,27,0.873329
74,93,63,0.508065,0.146310,8.121211,61,26,0.235072
74,94,60,0.483871,0.102838,7.572037,64,34,0.165227
74,95,59,0.475806,0.048075,7.587700,65,37,0.077241
74,96,53,0.427419,0.135435,7.301409,71,36,0.217599
74,97,66,0.532258,0.156170,8.663069,58,28,0.250913
74,98,60,0.483871,0.070024,7.780277,64,31,0.112506
74,99,72,0.580645,0.229215,9.132191,52,23,0.368273
74,100,61,0.491935,0.182190,8.214710,63,25,0.292718
74,101,64,0.516129,0.083987,7.840019,60,25,0.134940
74,102,69,0.556452,0.219208,9.006336,55,27,0.352194
74,103,64,0.516129,0.146899,8.576920,60,28,0.236017
74,104,58,0.467742,0.112593,7.875618,66,29,0.180899
74,105,68,0.548387,0.213497,9.621746,56,32,0.343019
74,106,53,0.427419,0.107655,7.189168,71,78,0.722967
74,107,64,0.516129,0.206121,8.553586,60,24,0.331168
74,108,61,0.491935,0.131858,8.125395,63,29,0.211852
74,109,63,0.508065,0.106521,8.716295,61,30,0.171144
74,110,57,0.459677,0.187076,7.423322,67,34,0.300568
74,111,62,0.500000,0.184067,8.161016,62,29,0.845735
74,112,61,0.491935,0.168360,7.883677,63,34,0.270498
74,113,70,0.564516,0.206602,9.390895,54,24,0.331940
74,114,64,0.516129,0.111134,8.092798,60,28,0.178556
74,115,58,0.467742,0.181261,8.010891,66,32,0.291226
74,116,51,0.411290,0.051334,7.022128,73,66,0.082477
74,117,63,0.508065,0.000000,8.056854,61,28,0.000000
74,118,56,0.451613,0.129702,7.691239,68,40,0.208388
74,119,60,0.483871,0.135351,7.917109,64,30,0.217464
74,120,60,0.483871,0.165595,7.961179,64,33,0.816056
74,121,65,0.524194,0.149434,8.560973,59,24,0.240091
74,122,71,0.572581,0.236240,9.857384,53,26,0.379559
74,123,58,0.467742,0.108054,7.716535,66,36,0.173608
74,124,63,0.508065,0.097981,8.046477,61,26,0.157424
75,0,72,0.580645,0.288800,9.619151,52,25,1.000000
75,1,68,0.548387,0.192987,9.387731,56,29,0.300707
75,2,68,0.548387,0.132305,8.956320,56,25,0.206153
75,3,65,0.524194,0.070850,8.335657,59,25,0.110397
75,4,55,0.443548,0.000000,7.400756,69,36,0.000000
75,5,67,0.540323,0.103306,9.366563,57,29,0.160969
75,6,61,0.491935,0.096443,8.457041,63,28,0.150275
75,7,59,0.475806,0.122740,7.084042,65,30,0.741251
75,8,61,0.491935,0.140991,7.500068,63,26,0.769688
75,9,67,0.540323,0.069202,8.462354,57,23,0.107828
75,10,61,0.491935,0.213616,8.377972,63,34,0.332850
75,11,63,0.508065,0.181109,8.724923,61,29,0.282198
75,12,64,0.516129,0.064830,8.369587,60,27,0.101017
75,13,60,0.483871,0.138954,7.813005,64,31,0.216514
75,14,60,0.483871,0.078044,8.003420,64,30,0.121605
75,15,62,0.500000,0.060605,7.648859,62,33,0.094433
75,16,71,0.572581,0.071038,9.008756,53,25,0.110689
75,17,73,0.588710,0.275593,9.767743,51,25,0.429420
75,18,65,0.524194,0.136687,8.290158,59,28,0.762982
75,19,58,0.467742,0.142827,7.348570,66,30,0.222548
75,20,65,0.524194,0.210053,8.854827,59,25,0.327298
75,21,60,0.483871,0.081205,8.159878,64,31,0.126532
75,22,66,0.532258,0.143272,8.799756,58,26,0.223242
75,23,75,0.604839,0.206776,9.587212,49,25,0.322192
75,24,61,0.491935,0.061277,7.868125,63,30,0.095481
75,25,74,0.596774,0.194295,10.015069,50,24,0.302745
75,26,56,0.451613,0.122403,7.020036,68,42,0.190725
75,27,68,0.548387,0.170654,8.906266,56,23,0.265908
75,28,57,0.459677,0.016106,6.841045,67,31,0.025096
75,29,64,0.516129,0.157860,8.292964,60,28,0.245973
75,30,57,0.459677,0.112774,7.464588,67,41,0.175721
75,31,56,0.451613,0.103840,7.383769,68,44,0.161800
75,32,73,0.588710,0.168909,9.616854,51,26,0.263190
75,33,62,0.500000,0.103201,8.222163,62,30,0.160805
75,34,62,0.500000,0.093586,7.703215,62,27,0.145823
75,35,65,0.524194,0.137241,8.374109,59,25,0.213845
75,36,60,0.483871,0.133845,8.122287,64,35,0.208553
75,37,64,0.516129,0.134465,8.569236,60,26,0.209519
75,38,54,0.435484,0.126667,7.517780,70,51,0.197369
75,39,68,0.548387,0.093971,8.662832,56,25,0.146422
75,40,54,0.435484,0.130493,6.726676,70,50,0.203330
75,41,56,0.451613,0.080951,7.014658,68,34,0.126135
75,42,57,0.459677,0.144143,7.466950,67,33,0.224599
75,43,63,0.508065,0.180365,8.223712,61,28,0.831040
75,44,64,0.516129,0.137222,8.599095,60,27,0.213816
75,45,65,0.524194,0.247142,8.911762,59,30,0.385090
75,46,67,0.540323,0.103065,9.164940,57,26,0.160593
75,47,70,0.564516,0.059044,9.203346,54,25,0.092000
75,48,61,0.491935,0.197323,8.197011,63,30,0.307463
75,49,60,0.483871,0.137711,8.198752,64,30,0.214577
75,50,66,0.532258,0.208910,8.307693,58,25,0.325518
75,51,60,0.483871,0.166694,7.587398,64,30,0.259737
75,52,58,0.467742,0.103612,7.595645,66,36,0.161446
75,53,73,0.588710,0.236260,9.765599,51,23,0.368133
75,54,59,0.475806,0.038360,7.668053,65,36,0.059771
75,55,67,0.540323,0.134938,8.759251,57,23,0.210256
75,56,67,0.540323,0.182222,9.083735,57,26,0.283933
75,57,69,0.556452,0.091220,9.026282,55,26,0.142136
75,58,69,0.556452,0.134537,9.189980,55,26,0.209632
75,59,64,0.516129,0.118100,8.388652,60,31,0.184020
75,60,61,0.491935,0.178239,8.155416,63,27,0.277727
75,61,60,0.483871,0.132009,8.070072,64,34,0.205693
75,62,57,0.459677,0.096180,7.303288,67,43,0.699865
75,63,61,0.491935,0.113317,8.163614,63,32,0.176567
75,64,67,0.540323,0.162509,8.771298,57,29,0.253217
75,65,68,0.548387,0.079527,8.139256,56,28,0.123917
75,66,59,0.475806,0.160187,7.483384,65,31,0.249598
75,67,62,0.500000,0.190887,8.428306,62,29,0.847434
75,68,55,0.443548,0.142837,7.289936,69,41,0.222565
75,69,54,0.435484,0.080495,6.943270,70,49,0.125425
75,70,56,0.451613,0.040155,7.529562,68,31,0.062569
75,71,59,0.475806,0.164694,7.898150,65,29,0.256621
75,72,58,0.467742,0.107827,7.732956,66,33,0.168012
75,73,58,0.467742,0.092313,8.028840,66,48,0.143840
75,74,55,0.443548,0.121822,7.364373,69,44,0.189819
75,75,51,0.411290,0.019206,6.510892,73,64,0.029926
75,76,56,0.451613,0.136980,6.880650,68,29,0.213438
75,77,64,0.516129,0.111692,8.308266,60,22,0.174035
75,78,69,0.556452,0.182469,9.013578,55,26,0.284318
75,79,63,0.508065,0.148352,8.749380,61,27,0.231158
75,80,59,0.475806,0.061573,7.507865,65,39,0.095941
75,81,61,0.491935,0.065909,8.079965,63,29,0.102697
75,82,62,0.500000,0.103497,8.279192,62,30,0.161266
75,83,67,0.540323,0.094600,8.345738,57,28,0.147404
75,84,67,0.540323,0.127931,8.646938,57,25,0.199338
75,85,57,0.459677,0.105905,7.346902,67,44,0.165018
75,86,64,0.516129,0.132967,8.342757,60,27,0.207185
75,87,53,0.427419,0.087799,6.816282,71,62,0.136805
75,88,55,0.443548,0.102475,7.368177,69,38,0.709673
75,89,56,0.451613,0.060486,7.470512,68,34,0.094248
75,90,66,0.532258,0.187813,8.658116,58,28,0.292645
75,91,60,0.483871,0.103020,7.869434,64,35,0.160523
75,92,69,0.556452,0.181617,9.035034,55,28,0.282990
75,93,63,0.508065,0.172647,8.269869,61,26,0.269014
75,94,60,0.483871,0.062310,7.568127,64,34,0.097089
75,95,59,0.475806,0.073808,7.613626,65,37,0.115005
75,96,53,0.427419,0.143272,7.197629,71,36,0.223242
75,97,66,0.532258,0.155227,8.874605,58,28,0.241870
75,98,60,0.483871,0.088421,7.641974,64,31,0.137775
75,99,72,0.580645,0.230493,9.503906,52,23,0.359148
75,100,61,0.491935,0.140787,8.073762,63,25,0.219369
75,101,64,0.516129,0.122322,8.160617,60,25,0.190599
75,102,69,0.556452,0.222666,9.075901,55,27,0.346952
75,103,64,0.516129,0.171427,8.724773,60,28,0.267113
75,104,58,0.467742,0.166792,7.944360,66,29,0.259891
75,105,68,0.548387,0.125669,9.081799,56,32,0.195813
75,106,53,0.427419,0.065991,6.846377,71,79,0.102825
75,107,64,0.516129,0.184638,8.389383,60,24,0.287698
75,108,61,0.491935,0.099341,7.979304,63,29,0.154790
75,109,63,0.508065,0.172662,8.786849,61,30,0.269037
75,110,57,0.459677,0.165978,7.391377,67,34,0.258622
75,111,62,0.500000,0.122658,8.039742,62,30,0.191121
75,112,61,0.491935,0.175234,8.240805,63,34,0.273045
75,113,70,0.564516,0.223928,9.491387,54,24,0.348917
75,114,64,0.516129,0.057132,8.061563,60,28,0.089021
75,115,58,0.467742,0.134439,7.746596,66,32,0.209479
75,116,51,0.411290,0.015214,6.954731,73,66,0.023705
75,117,63,0.508065,0.031754,8.224829,61,28,0.049478
75,118,56,0.451613,0.115778,7.467464,68,40,0.180402
75,119,60,0.483871,0.185529,8.127432,64,30,0.289086
75,120,60,0.483871,0.107380,7.620290,64,34,0.167316
75,121,65,0.524194,0.091688,8.567079,59,24,0.142866
75,122,71,0.572581,0.258276,10.083236,53,26,0.402438
75,123,58,0.467742,0.117102,7.639535,66,36,0.182464
75,124,63,0.508065,0.070243,7.738569,61,26,0.109450
76,0,72,0.580645,0.255553,9.816141,52,26,0.415570
76,1,68,0.548387,0.184700,9.326348,56,29,0.300352
76,2,68,0.548387,0.116058,8.950420,56,25,0.188730
76,3,65,0.524194,0.058663,8.651831,59,25,0.095396
76,4,55,0.443548,0.075975,7.446010,69,36,0.123548
76,5,67,0.540323,0.203846,9.577110,57,29,0.331486
76,6,61,0.491935,0.148660,8.310628,63,28,0.241746
76,7,59,0.475806,0.066301,7.070257,65,31,0.107816
76,8,61,0.491935,0.114355,7.562923,63,27,0.185961
76,9,67,0.540323,0.067594,8.276785,57,23,0.109919
76,10,61,0.491935,0.198264,8.329405,63,34,0.322409
76,11,63,0.508065,0.137739,8.651816,61,29,0.223987
76,12,64,0.516129,0.091714,8.380696,60,27,0.149142
76,13,60,0.483871,0.114958,7.729790,64,31,0.186941
76,14,60,0.483871,0.028906,7.912965,64,30,0.047006
76,15,62,0.500000,0.084834,7.685116,62,33,0.137953
76,16,71,0.572581,0.126042,9.206534,53,25,0.204964
76,17,73,0.588710,0.276725,9.786905,51,25,0.450000
76,18,65,0.524194,0.146714,8.426899,59,29,0.238580
76,19,58,0.467742,0.163688,7.501693,66,30,0.266183
76,20,65,0.524194,0.170231,8.590931,59,25,0.276823
76,21,60,0.483871,0.099223,7.864850,64,31,0.161353
76,22,66,0.532258,0.133846,8.718177,58,26,0.217656
76,23,75,0.604839,0.183205,9.512266,49,25,0.297921
76,24,61,0.491935,0.082862,8.028054,63,30,0.134747
76,25,74,0.596774,0.228262,9.937748,50,24,0.371191
76,26,56,0.451613,0.104579,7.144455,68,42,0.170063
76,27,68,0.548387,0.156739,9.028175,56,23,0.254883
76,28,57,0.459677,0.043486,6.798849,67,31,0.070716
76,29,64,0.516129,0.162596,8.022703,60,28,0.264408
76,30,57,0.459677,0.043968,7.539209,67,41,0.071499
76,31,56,0.451613,0.135089,7.497613,68,44,0.219676
76,32,73,0.588710,0.161478,9.544955,51,26,0.262590
76,33,62,0.500000,0.189437,8.481391,62,30,0.308056
76,34,62,0.500000,0.097311,7.890738,62,27,0.158243
76,35,65,0.524194,0.137873,8.370054,59,25,0.224203
76,36,60,0.483871,0.087112,7.856749,64,35,0.141658
76,37,64,0.516129,0.044467,8.603953,60,26,0.072311
76,38,54,0.435484,0.119432,7.352946,70,51,0.194216
76,39,68,0.548387,0.156783,8.706601,56,25,0.254954
76,40,54,0.435484,0.141549,6.752869,70,50,0.780181
76,41,56,0.451613,0.063722,7.069586,68,34,0.103622
76,42,57,0.459677,0.156468,7.079995,67,33,0.804442
76,43,63,0.508065,0.120693,8.674681,61,29,0.196266
76,44,64,0.516129,0.120329,8.189875,60,27,0.195675
76,45,65,0.524194,0.265302,8.743555,59,30,0.981424
76,46,67,0.540323,0.146250,9.185010,57,26,0.237826
76,47,70,0.564516,0.113119,9.108225,54,25,0.183950
76,48,61,0.491935,0.188913,8.120587,63,30,0.307203
76,49,60,0.483871,0.116744,7.803447,64,30,0.189844
76,50,66,0.532258,0.202423,8.067266,58,25,0.329172
76,51,60,0.483871,0.172273,7.738165,64,30,0.280143
76,52,58,0.467742,0.130393,7.889838,66,36,0.212040
76,53,73,0.588710,0.204709,9.149816,51,23,0.332890
76,54,59,0.475806,0.069487,7.851500,65,36,0.112997
76,55,67,0.540323,0.073025,9.139816,57,23,0.118751
76,56,67,0.540323,0.158410,9.206643,57,26,0.257601
76,57,69,0.556452,0.160628,9.050504,55,26,0.261208
76,58,69,0.556452,0.141622,9.193590,55,26,0.230301
76,59,64,0.516129,0.101515,8.388952,60,31,0.165080
76,60,61,0.491935,0.155066,8.046998,63,27,0.252162
76,61,60,0.483871,0.126582,7.995816,64,34,0.755844
76,62,57,0.459677,0.028172,7.061839,67,44,0.045812
76,63,61,0.491935,0.145260,8.009057,63,32,0.236216
76,64,67,0.540323,0.150209,8.549007,57,29,0.244264
76,65,68,0.548387,0.107365,8.205032,56,28,0.174593
76,66,59,0.475806,0.176068,7.620588,65,31,0.836315
76,67,62,0.500000,0.149257,8.314040,62,30,0.242717
76,68,55,0.443548,0.152592,7.487968,69,41,0.798139
76,69,54,0.435484,0.092985,6.844456,70,49,0.701208
76,70,56,0.451613,0.060347,7.431459,68,31,0.098133
76,71,59,0.475806,0.160049,7.940242,65,29,0.260266
76,72,58,0.467742,0.093632,7.618046,66,33,0.152261
76,73,58,0.467742,0.034759,7.713247,66,48,0.056525
76,74,55,0.443548,0.114116,6.926453,69,44,0.185571
76,75,51,0.411290,0.037328,6.608357,73,64,0.060701
76,76,56,0.451613,0.142118,6.613396,68,29,0.231106
76,77,64,0.516129,0.103227,8.235818,60,22,0.167864
76,78,69,0.556452,0.070773,9.094227,55,26,0.115088
76,79,63,0.508065,0.122582,8.519074,61,27,0.199338
76,80,59,0.475806,0.070453,7.428673,65,39,0.114569
76,81,61,0.491935,0.072671,8.301904,63,29,0.118175
76,82,62,0.500000,0.109626,8.209341,62,30,0.178270
76,83,67,0.540323,0.148387,8.720072,57,28,0.241301
76,84,67,0.540323,0.104313,8.797633,57,25,0.169629
76,85,57,0.459677,0.104265,7.574360,67,44,0.169551
76,86,64,0.516129,0.147750,8.572832,60,27,0.240265
76,87,53,0.427419,0.079146,6.979856,71,62,0.128704
76,88,55,0.443548,0.118956,7.308747,69,39,0.743442
76,89,56,0.451613,0.077758,7.461102,68,34,0.126447
76,90,66,0.532258,0.178209,8.729992,58,28,0.289797
76,91,60,0.483871,0.124138,7.863012,64,35,0.201868
76,92,69,0.556452,0.231841,9.017687,55,28,0.377012
76,93,63,0.508065,0.174173,8.146836,61,26,0.283233
76,94,60,0.483871,0.093150,7.686633,64,34,0.151477
76,95,59,0.475806,0.057392,7.894660,65,37,0.093329
76,96,53,0.427419,0.133846,7.323903,71,36,0.217656
76,97,66,0.532258,0.178593,8.916874,58,28,0.290421
76,98,60,0.483871,0.083869,7.609905,64,31,0.136385
76,99,72,0.580645,0.233678,9.598833,52,23,0.379997
76,100,61,0.491935,0.192273,7.980417,63,25,0.312667
76,101,64,0.516129,0.124825,8.159667,60,25,0.202986
76,102,69,0.556452,0.191188,9.102568,55,27,0.310902
76,103,64,0.516129,0.201576,8.594591,60,28,0.327796
76,104,58,0.467742,0.137461,7.772345,66,29,0.223534
76,105,68,0.548387,0.149518,9.393987,56,32,0.243140
76,106,53,0.427419,0.064093,6.763979,71,79,0.104226
76,107,64,0.516129,0.133849,8.754241,60,24,0.217661
76,108,61,0.491935,0.107340,7.872448,63,29,0.174553
76,109,63,0.508065,0.143963,8.544381,61,30,0.234107
76,110,57,0.459677,0.214035,7.631807,67,34,0.348056
76,111,62,0.500000,0.184920,8.099078,62,30,0.300710
76,112,61,0.491935,0.120782,7.913854,63,34,0.196411
76,113,70,0.564516,0.187042,9.473914,54,24,0.304160
76,114,64,0.516129,0.100204,8.215710,60,28,0.162948
76,115,58,0.467742,0.191635,8.072078,66,32,0.311630
76,116,51,0.411290,0.000000,6.847316,73,66,0.000000
76,117,63,0.508065,0.059196,8.122352,61,28,0.096263
76,118,56,0.451613,0.075240,7.459740,68,40,0.122353
76,119,60,0.483871,0.152489,8.241930,64,30,0.247971
76,120,60,0.483871,0.159008,7.916762,64,34,0.258573
76,121,65,0.524194,0.055848,8.272627,59,24,0.090819
76,122,71,0.572581,0.228091,10.102735,53,26,0.370913
76,123,58,0.467742,0.106260,7.619108,66,36,0.172797
76,124,63,0.508065,0.056187,7.712412,61,26,0.091369
77,0,72,0.580645,0.266653,9.814808,52,26,0.450000
77,1,68,0.548387,0.126382,9.286235,56,29,0.196203
77,2,68,0.548387,0.134341,8.913658,56,25,0.210603
77,3,65,0.524194,0.017943,8.576713,59,25,0.000000
77,4,55,0.443548,0.089301,7.351027,69,36,0.129111
77,5,67,0.540323,0.152397,9.392315,57,29,0.243273
77,6,61,0.491935,0.162954,8.420191,63,28,0.262373
77,7,59,0.475806,0.077153,7.017995,65,31,0.107131
77,8,61,0.491935,0.106455,7.544783,63,27,0.160149
77,9,67,0.540323,0.087790,8.546601,57,23,0.126377
77,10,61,0.491935,0.161217,8.142783,63,34,0.259230
77,11,63,0.508065,0.148328,8.616935,61,29,0.235911
77,12,64,0.516129,0.092875,8.352098,60,27,0.135577
77,13,60,0.483871,0.099260,7.775165,64,31,0.147129
77,14,60,0.483871,0.062861,8.030054,64,30,0.081273
77,15,62,0.500000,0.090070,7.668588,62,33,0.130503
77,16,71,0.572581,0.080472,9.145100,53,25,0.113137
77,17,73,0.588710,0.226768,9.601831,51,25,0.377835
77,18,65,0.524194,0.172558,8.552019,59,29,0.279750
77,19,58,0.467742,0.158237,7.695314,66,30,0.253839
77,20,65,0.524194,0.180532,8.653807,59,25,0.294178
77,21,60,0.483871,0.043712,7.977933,64,31,0.046625
77,22,66,0.532258,0.129548,8.615728,58,26,0.201931
77,23,75,0.604839,0.202238,9.592215,49,25,0.333450
77,24,61,0.491935,0.082919,8.088218,63,30,0.117564
77,25,74,0.596774,0.144994,9.835084,50,24,0.229878
77,26,56,0.451613,0.127134,7.206743,68,42,0.197563
77,27,68,0.548387,0.201892,8.947730,56,23,0.332824
77,28,57,0.459677,0.042334,6.983488,67,31,0.044132
77,29,64,0.516129,0.188826,8.084469,60,28,0.309185
77,30,57,0.459677,0.142586,7.539058,67,41,0.225520
77,31,56,0.451613,0.129000,7.481227,68,44,0.200940
77,32,73,0.588710,0.199662,9.793764,51,26,0.328790
77,33,62,0.500000,0.177496,8.291753,62,30,0.838684
77,34,62,0.500000,0.115852,7.713751,62,27,0.177150
77,35,65,0.524194,0.151827,8.420353,59,25,0.242241
77,36,60,0.483871,0.144803,8.163025,64,35,0.779533
77,37,64,0.516129,0.032244,8.386766,60,26,0.025875
77,38,54,0.435484,0.110238,7.279715,70,51,0.166992
77,39,68,0.548387,0.109244,8.623191,56,25,0.165194
77,40,54,0.435484,0.111871,6.855848,70,51,0.169948
77,41,56,0.451613,0.062133,7.029004,68,34,0.079954
77,42,57,0.459677,0.153688,7.359485,67,34,0.245608
77,43,63,0.508065,0.145817,8.524196,61,29,0.231366
77,44,64,0.516129,0.157698,8.421823,60,27,0.252864
77,45,65,0.524194,0.254530,8.707724,59,31,0.428064
77,46,67,0.540323,0.174135,8.880787,57,26,0.282603
77,47,70,0.564516,0.117383,9.212924,54,25,0.179920
77,48,61,0.491935,0.183546,7.990435,63,30,0.299630
77,49,60,0.483871,0.116687,7.792309,64,30,0.178661
77,50,66,0.532258,0.200542,8.111951,58,25,0.880382
77,51,60,0.483871,0.174202,7.665082,64,30,0.282725
77,52,58,0.467742,0.124471,7.785079,66,36,0.192745
77,53,73,0.588710,0.224215,9.477123,51,23,0.373214
77,54,59,0.475806,0.048897,7.428250,65,36,0.056007
77,55,67,0.540323,0.139662,9.129962,57,23,0.220231
77,56,67,0.540323,0.133779,9.011146,57,26,0.209587
77,57,69,0.556452,0.154840,8.988570,55,26,0.247693
77,58,69,0.556452,0.085675,9.128422,55,26,0.122550
77,59,64,0.516129,0.111117,8.083686,60,31,0.168583
77,60,61,0.491935,0.130236,8.129341,63,27,0.203176
77,61,60,0.483871,0.109766,8.149192,64,35,0.166139
77,62,57,0.459677,0.026939,7.139925,67,44,0.016278
77,63,61,0.491935,0.127454,7.832464,63,32,0.198142
77,64,67,0.540323,0.208308,8.913940,57,29,0.344434
77,65,68,0.548387,0.085297,8.388574,56,28,0.121866
77,66,59,0.475806,0.140997,7.616470,65,32,0.222645
77,67,62,0.500000,0.146621,8.318610,62,30,0.232822
77,68,55,0.443548,0.094186,7.485629,69,42,0.137949
77,69,54,0.435484,0.077160,6.960746,70,50,0.107143
77,70,56,0.451613,0.028222,7.464101,68,31,0.018598
77,71,59,0.475806,0.150432,7.945748,65,29,0.239716
77,72,58,0.467742,0.068318,7.444754,66,33,0.091145
77,73,58,0.467742,0.078979,7.768789,66,48,0.110434
77,74,55,0.443548,0.092659,7.049257,69,44,0.135187
77,75,51,0.411290,0.020796,6.273977,73,64,0.005163
77,76,56,0.451613,0.098697,6.664041,68,29,0.146111
77,77,64,0.516129,0.093166,8.248963,60,22,0.136104
77,78,69,0.556452,0.071508,8.888420,55,26,0.096918
77,79,63,0.508065,0.096275,8.881992,61,27,0.141730
77,80,59,0.475806,0.081933,7.662794,65,39,0.115781
77,81,61,0.491935,0.063698,8.161428,63,29,0.082787
77,82,62,0.500000,0.121308,8.686398,62,30,0.187022
77,83,67,0.540323,0.194562,8.714503,57,28,0.319563
77,84,67,0.540323,0.080076,8.470213,57,25,0.112419
77,85,57,0.459677,0.083803,7.407626,67,44,0.119162
77,86,64,0.516129,0.170919,8.656973,60,27,0.276785
77,87,53,0.427419,0.066774,7.081686,71,62,0.088353
77,88,55,0.443548,0.057803,7.106388,69,40,0.072121
77,89,56,0.451613,0.057766,7.310548,68,34,0.072053
77,90,66,0.532258,0.139370,8.348886,58,28,0.219702
77,91,60,0.483871,0.154782,8.102817,64,35,0.247588
77,92,69,0.556452,0.219264,9.091541,55,28,0.364258
77,93,63,0.508065,0.199895,8.029765,61,26,0.879211
77,94,60,0.483871,0.133297,7.761840,64,34,0.208714
77,95,59,0.475806,0.094528,8.175939,65,37,0.138568
77,96,53,0.427419,0.100739,7.241974,71,36,0.149806
77,97,66,0.532258,0.214575,9.198385,58,28,0.905773
77,98,60,0.483871,0.070073,7.542102,64,31,0.094322
77,99,72,0.580645,0.195304,9.514078,52,23,0.320906
77,100,61,0.491935,0.140300,7.702092,63,25,0.221386
77,101,64,0.516129,0.157079,8.502783,60,25,0.251744
77,102,69,0.556452,0.198945,8.953752,55,27,0.327492
77,103,64,0.516129,0.233240,8.838313,60,28,0.389545
77,104,58,0.467742,0.120541,7.479383,66,29,0.735635
77,105,68,0.548387,0.175200,9.512409,56,32,0.284531
77,106,53,0.427419,0.046711,7.010175,71,79,0.052051
77,107,64,0.516129,0.172552,8.649223,60,24,0.279740
77,108,61,0.491935,0.133208,7.983130,63,29,0.208553
77,109,63,0.508065,0.145939,8.460051,61,30,0.231588
77,110,57,0.459677,0.173145,7.592329,67,34,0.280813
77,111,62,0.500000,0.135978,7.973896,62,30,0.763564
77,112,61,0.491935,0.139665,7.889248,63,34,0.220235
77,113,70,0.564516,0.209251,9.336904,54,24,0.346139
77,114,64,0.516129,0.114572,8.196416,60,28,0.174835
77,115,58,0.467742,0.201575,8.006724,66,32,0.332252
77,116,51,0.411290,0.046972,6.745061,73,66,0.052524
77,117,63,0.508065,0.091747,8.182132,61,28,0.133537
77,118,56,0.451613,0.134732,7.511816,68,40,0.211310
77,119,60,0.483871,0.129548,8.461481,64,30,0.201930
77,120,60,0.483871,0.176925,8.204724,64,34,0.287652
77,121,65,0.524194,0.112307,8.446553,59,24,0.170735
77,122,71,0.572581,0.241178,10.094937,53,26,0.403907
77,123,58,0.467742,0.157485,7.864584,66,36,0.252478
77,124,63,0.508065,0.043716,7.524729,61,26,0.046633
78,0,72,0.580645,0.260059,9.972866,52,26,0.376343
78,1,68,0.548387,0.186085,9.378332,56,29,0.269293
78,2,68,0.548387,0.139941,8.997685,56,25,0.202516
78,3,65,0.524194,0.077741,8.549149,59,25,0.112502
78,4,55,0.443548,0.104076,7.324742,69,36,0.150614
78,5,67,0.540323,0.154927,9.538981,57,29,0.224202
78,6,61,0.491935,0.161738,8.328400,63,28,0.234059
78,7,59,0.475806,0.120280,7.420293,65,31,0.174063
78,8,61,0.491935,0.087450,7.499847,63,27,0.126554
78,9,67,0.540323,0.082107,8.641526,57,23,0.118821
78,10,61,0.491935,0.204205,8.229595,63,34,0.295515
78,11,63,0.508065,0.187906,8.758676,61,29,0.271928
78,12,64,0.516129,0.132738,8.565284,60,27,0.192092
78,13,60,0.483871,0.074109,7.680611,64,31,0.107246
78,14,60,0.483871,0.090037,8.022177,64,30,0.130296
78,15,62,0.500000,0.124869,7.893155,62,33,0.180703
78,16,71,0.572581,0.128727,9.252685,53,25,0.186287
78,17,73,0.588710,0.310957,10.001351,51,25,0.450000
78,18,65,0.524194,0.148024,8.382798,59,29,0.764213
78,19,58,0.467742,0.140756,7.701824,66,30,0.203694
78,20,65,0.524194,0.187794,8.747379,59,25,0.271765
78,21,60,0.483871,0.089334,7.969070,64,31,0.129280
78,22,66,0.532258,0.162517,8.482786,58,26,0.235186
78,23,75,0.604839,0.178154,9.452982,49,25,0.257815
78,24,61,0.491935,0.105960,8.079810,63,30,0.153340
78,25,74,0.596774,0.188116,9.996515,50,24,0.272231
78,26,56,0.451613,0.109666,7.207837,68,42,0.158703
78,27,68,0.548387,0.183876,8.967336,56,23,0.266096
78,28,57,0.459677,0.068759,7.209913,67,31,0.099504
78,29,64,0.516129,0.143685,8.126847,60,28,0.207933
78,30,57,0.459677,0.119379,7.688901,67,41,0.172759
78,31,56,0.451613,0.141215,7.518285,68,44,0.204360
78,32,73,0.588710,0.217099,9.756621,51,26,0.314174
78,33,62,0.500000,0.138465,8.263122,62,31,0.200380
78,34,62,0.500000,0.063958,7.676072,62,27,0.092557
78,35,65,0.524194,0.163898,8.358576,59,25,0.787184
78,36,60,0.483871,0.069040,7.999347,64,36,0.099912
78,37,64,0.516129,0.072766,8.390786,60,26,0.105303
78,38,54,0.435484,0.147967,7.534408,70,51,0.214130
78,39,68,0.548387,0.105498,8.502821,56,25,0.152672
78,40,54,0.435484,0.118329,6.804331,70,51,0.171239
78,41,56,0.451613,0.045914,6.904594,68,34,0.066444
78,42,57,0.459677,0.174859,7.546076,67,34,0.803047
78,43,63,0.508065,0.126165,8.326331,61,29,0.182580
78,44,64,0.516129,0.134930,8.438236,60,27,0.195263
78,45,65,0.524194,0.256857,8.701656,59,31,0.371710
78,46,67,0.540323,0.110537,8.914455,57,26,0.159963
78,47,70,0.564516,0.147322,9.189634,54,25,0.213196
78,48,61,0.491935,0.144014,7.701548,63,30,0.208410
78,49,60,0.483871,0.123312,7.872878,64,30,0.178451
78,50,66,0.532258,0.171207,8.280836,58,26,0.797762
78,51,60,0.483871,0.196637,7.571587,64,30,0.284562
78,52,58,0.467742,0.070791,7.596683,66,36,0.102445
78,53,73,0.588710,0.221897,9.562249,51,23,0.871118
78,54,59,0.475806,0.068354,7.614835,65,36,0.098918
78,55,67,0.540323,0.079496,8.984273,57,23,0.115043
78,56,67,0.540323,0.149104,9.221719,57,26,0.215775
78,57,69,0.556452,0.155111,8.946135,55,26,0.224468
78,58,69,0.556452,0.121560,9.247907,55,26,0.175916
78,59,64,0.516129,0.153257,8.349543,60,31,0.221786
78,60,61,0.491935,0.139279,8.221047,63,27,0.201558
78,61,60,0.483871,0.095431,8.041108,64,35,0.138103
78,62,57,0.459677,0.000000,7.058114,67,44,0.000000
78,63,61,0.491935,0.137498,8.007416,63,32,0.198980
78,64,67,0.540323,0.158719,8.849741,57,29,0.229690
78,65,68,0.548387,0.093136,8.326186,56,28,0.134781
78,66,59,0.475806,0.123564,7.472306,65,32,0.178815
78,67,62,0.500000,0.152634,8.224453,62,30,0.220884
78,68,55,0.443548,0.080009,7.483332,69,42,0.115785
78,69,54,0.435484,0.045563,6.801487,70,50,0.065936
78,70,56,0.451613,0.000000,7.282724,68,31,0.000000
78,71,59,0.475806,0.172879,7.929124,65,29,0.250181
78,72,58,0.467742,0.080441,7.636338,66,33,0.116410
78,73,58,0.467742,0.039289,7.812784,66,48,0.056858
78,74,55,0.443548,0.134728,7.174135,69,44,0.194971
78,75,51,0.411290,0.052308,6.822287,73,64,0.075698
78,76,56,0.451613,0.131647,6.853098,68,29,0.190513
78,77,64,0.516129,0.080989,8.166034,60,22,0.117204
78,78,69,0.556452,0.105510,8.973834,55,26,0.152689
78,79,63,0.508065,0.085614,8.623469,61,27,0.123896
78,80,59,0.475806,0.077296,7.579281,65,39,0.111859
78,81,61,0.491935,0.084123,8.037296,63,29,0.121739
78,82,62,0.500000,0.092866,8.381099,62,30,0.134391
78,83,67,0.540323,0.186623,8.641880,57,28,0.270071
78,84,67,0.540323,0.060610,8.502771,57,25,0.087712
78,85,57,0.459677,0.067617,7.622786,67,44,0.097852
78,86,64,0.516129,0.134129,8.345977,60,27,0.194104
78,87,53,0.427419,0.077914,7.049646,71,62,0.112753
78,88,55,0.443548,0.105387,7.440476,69,40,0.152510
78,89,56,0.451613,0.064544,7.342521,68,34,0.093405
78,90,66,0.532258,0.170400,8.596898,58,28,0.246594
78,91,60,0.483871,0.116952,7.960295,64,35,0.169247
78,92,69,0.556452,0.178996,8.859812,55,28,0.259033
78,93,63,0.508065,0.179368,8.184362,61,27,0.259572
78,94,60,0.483871,0.127960,7.486819,64,34,0.185177
78,95,59,0.475806,0.081004,7.710861,65,37,0.117224
78,96,53,0.427419,0.130373,7.160668,71,36,0.188669
78,97,66,0.532258,0.175105,8.866413,58,29,0.253402
78,98,60,0.483871,0.076830,7.636588,64,31,0.111184
78,99,72,0.580645,0.232873,9.411188,52,23,0.337001
78,100,61,0.491935,0.196176,7.995257,63,25,0.283896
78,101,64,0.516129,0.136495,8.166313,60,25,0.197528
78,102,69,0.556452,0.192732,9.107978,55,27,0.278912
78,103,64,0.516129,0.195553,8.797873,60,28,0.282993
78,104,58,0.467742,0.112129,7.796148,66,30,0.162267
78,105,68,0.548387,0.145827,9.467620,56,32,0.211033
78,106,53,0.427419,0.035672,6.876224,71,79,0.051623
78,107,64,0.516129,0.168820,8.442187,60,24,0.244307
78,108,61,0.491935,0.079481,7.640564,63,29,0.115021
78,109,63,0.508065,0.127367,8.543057,61,30,0.184319
78,110,57,0.459677,0.200277,7.544218,67,34,0.839830
78,111,62,0.500000,0.154685,8.138842,62,31,0.223852
78,112,61,0.491935,0.140014,7.970136,63,34,0.202621
78,113,70,0.564516,0.216315,9.501092,54,24,0.313040
78,114,64,0.516129,0.098410,8.068562,60,28,0.142413
78,115,58,0.467742,0.169735,7.829003,66,32,0.245631
78,116,51,0.411290,0.051003,7.041561,73,66,0.073810
78,117,63,0.508065,0.110257,8.109778,61,28,0.709557
78,118,56,0.451613,0.121757,7.487488,68,40,0.176200
78,119,60,0.483871,0.153403,8.316623,64,30,0.221997
78,120,60,0.483871,0.153526,8.018847,64,34,0.222175
78,121,65,0.524194,0.126893,8.349592,59,24,0.183633
78,122,71,0.572581,0.196976,9.840169,53,26,0.285053
78,123,58,0.467742,0.125654,7.775276,66,36,0.181840
78,124,63,0.508065,0.038643,7.818258,61,26,0.055922
79,0,72,0.580645,0.234236,10.021064,52,26,0.330332
79,1,68,0.548387,0.182884,9.369717,56,29,0.257913
79,2,68,0.548387,0.113234,8.729960,56,25,0.159688
79,3,65,0.524194,0.072226,8.605431,59,25,0.101857
79,4,55,0.443548,0.103804,7.178340,69,36,0.146390
79,5,67,0.540323,0.208301,9.764826,57,29,0.293757
79,6,61,0.491935,0.142301,8.322102,63,28,0.200681
79,7,59,0.475806,0.098677,6.985440,65,31,0.689160
79,8,61,0.491935,0.143531,7.793450,63,27,0.202415
79,9,67,0.540323,0.101999,8.578087,57,23,0.143844
79,10,61,0.491935,0.182871,8.482255,63,34,0.257894
79,11,63,0.508065,0.098836,8.384058,61,29,0.139383
79,12,64,0.516129,0.087040,8.085775,60,27,0.122748
79,13,60,0.483871,0.017093,7.563289,64,31,0.024105
79,14,60,0.483871,0.046585,7.668680,64,30,0.065697
79,15,62,0.500000,0.135317,7.390228,62,33,0.190831
79,16,71,0.572581,0.057354,9.367755,53,25,0.080883
79,17,73,0.588710,0.319092,9.925158,51,25,0.450000
79,18,65,0.524194,0.101446,8.515801,59,30,0.143065
79,19,58,0.467742,0.111714,7.595786,66,30,0.157545
79,20,65,0.524194,0.096750,8.180653,59,25,0.136443
79,21,60,0.483871,0.096302,7.780333,64,31,0.685810
79,22,66,0.532258,0.244390,9.166191,58,26,0.344652
79,23,75,0.604839,0.178945,9.551283,49,25,0.252358
79,24,61,0.491935,0.173732,8.225854,63,30,0.245006
79,25,74,0.596774,0.167074,10.030941,50,24,0.235616
79,26,56,0.451613,0.130936,7.271372,68,42,0.184652
79,27,68,0.548387,0.237603,9.134176,56,23,0.335080
79,28,57,0.459677,0.058548,7.330818,67,31,0.082567
79,29,64,0.516129,0.167280,8.085370,60,28,0.235907
79,30,57,0.459677,0.042849,7.451462,67,41,0.060428
79,31,56,0.451613,0.144068,7.807284,68,44,0.203173
79,32,73,0.588710,0.209947,9.659415,51,26,0.296078
79,33,62,0.500000,0.170083,8.819071,62,31,0.239860
79,34,62,0.500000,0.109495,7.749569,62,27,0.154416
79,35,65,0.524194,0.149644,8.295102,59,26,0.211037
79,36,60,0.483871,0.039875,7.925706,64,36,0.056233
79,37,64,0.516129,0.072626,8.380594,60,26,0.102421
79,38,54,0.435484,0.095506,7.133642,70,51,0.134688
79,39,68,0.548387,0.101556,8.904308,56,25,0.143220
79,40,54,0.435484,0.078538,6.727626,70,51,0.110758
79,41,56,0.451613,0.049885,7.198327,68,34,0.070350
79,42,57,0.459677,0.157550,7.084861,67,35,0.222185
79,43,63,0.508065,0.110206,8.095412,61,29,0.155418
79,44,64,0.516129,0.074285,8.231509,60,27,0.104761
79,45,65,0.524194,0.288405,9.005882,59,31,0.956723
79,46,67,0.540323,0.131139,8.997098,57,26,0.184939
79,47,70,0.564516,0.118065,9.250865,54,25,0.166502
79,48,61,0.491935,0.213632,8.312570,63,30,0.301275
79,49,60,0.483871,0.113864,7.712449,64,30,0.160577
79,50,66,0.532258,0.170548,8.390971,58,27,0.240516
79,51,60,0.483871,0.212491,7.909447,64,30,0.299665
79,52,58,0.467742,0.069607,7.971138,66,36,0.098163
79,53,73,0.588710,0.151615,9.464028,51,24,0.213816
79,54,59,0.475806,0.033838,7.968357,65,36,0.047720
79,55,67,0.540323,0.085098,8.827666,57,23,0.120010
79,56,67,0.540323,0.126151,8.880190,57,26,0.177905
79,57,69,0.556452,0.130478,8.948253,55,26,0.184007
79,58,69,0.556452,0.188074,9.227250,55,26,0.265231
79,59,64,0.516129,0.068789,8.210803,60,31,0.097010
79,60,61,0.491935,0.143096,8.319232,63,27,0.201802
79,61,60,0.483871,0.102668,7.966388,64,35,0.144788
79,62,57,0.459677,0.000000,6.843050,67,44,0.000000
79,63,61,0.491935,0.112408,7.586450,63,32,0.158524
79,64,67,0.540323,0.096715,8.444038,57,29,0.136392
79,65,68,0.548387,0.104047,8.112228,56,28,0.146733
79,66,59,0.475806,0.219211,8.236833,65,32,0.859143
79,67,62,0.500000,0.199414,8.399739,62,30,0.281225
79,68,55,0.443548,0.022651,7.253454,69,42,0.031943
79,69,54,0.435484,0.018489,6.763456,70,50,0.026074
79,70,56,0.451613,0.000000,7.456363,68,31,0.000000
79,71,59,0.475806,0.109368,7.893069,65,29,0.154236
79,72,58,0.467742,0.198693,7.993511,66,33,0.280208
79,73,58,0.467742,0.067149,7.500979,66,48,0.094697
79,74,55,0.443548,0.125051,7.029706,69,44,0.176353
79,75,51,0.411290,0.041044,6.633269,73,64,0.057882
79,76,56,0.451613,0.084837,6.411317,68,29,0.119641
79,77,64,0.516129,0.097817,8.186056,60,22,0.137946
79,78,69,0.556452,0.145764,9.018082,55,26,0.205564
79,79,63,0.508065,0.067414,8.669776,61,27,0.095070
79,80,59,0.475806,0.049758,7.531495,65,39,0.070171
79,81,61,0.491935,0.121527,8.062875,63,29,0.171384
79,82,62,0.500000,0.044378,7.929348,62,30,0.062584
79,83,67,0.540323,0.188921,8.416536,57,28,0.266427
79,84,67,0.540323,0.066349,8.728088,57,25,0.093569
79,85,57,0.459677,0.081839,7.651626,67,44,0.115414
79,86,64,0.516129,0.098027,8.189286,60,27,0.138243
79,87,53,0.427419,0.161672,7.352393,71,62,0.227999
79,88,55,0.443548,0.112489,7.324076,69,40,0.708638
79,89,56,0.451613,0.108592,7.465055,68,34,0.153141
79,90,66,0.532258,0.181141,8.581837,58,28,0.255455
79,91,60,0.483871,0.198383,8.117772,64,35,0.279770
79,92,69,0.556452,0.186286,8.629899,55,28,0.812710
79,93,63,0.508065,0.203698,7.945138,61,27,0.287265
79,94,60,0.483871,0.155795,7.852499,64,34,0.219710
79,95,59,0.475806,0.108855,7.745099,65,37,0.153514
79,96,53,0.427419,0.139970,7.214060,71,36,0.197394
79,97,66,0.532258,0.206693,8.853076,58,29,0.291490
79,98,60,0.483871,0.105730,7.928749,64,31,0.149106
79,99,72,0.580645,0.250349,8.898079,52,23,0.353055
79,100,61,0.491935,0.209458,8.185204,63,25,0.295388
79,101,64,0.516129,0.085823,8.071907,60,25,0.121032
79,102,69,0.556452,0.162045,9.264361,55,27,0.228524
79,103,64,0.516129,0.103391,8.236531,60,28,0.145807
79,104,58,0.467742,0.115964,7.951605,66,30,0.163538
79,105,68,0.548387,0.213950,9.862211,56,32,0.301724
79,106,53,0.427419,0.056090,7.192277,71,79,0.079101
79,107,64,0.516129,0.186763,8.730738,60,24,0.263383
79,108,61,0.491935,0.119709,7.717253,63,29,0.168820
79,109,63,0.508065,0.141359,8.651961,61,30,0.199352
79,110,57,0.459677,0.203244,7.690205,67,35,0.286626
79,111,62,0.500000,0.093139,7.828958,62,31,0.131350
79,112,61,0.491935,0.123171,7.902015,63,34,0.173702
79,113,70,0.564516,0.183857,9.288027,54,24,0.259284
79,114,64,0.516129,0.143972,8.278734,60,28,0.203038
79,115,58,0.467742,0.171516,8.142392,66,32,0.241881
79,116,51,0.411290,0.044110,7.045634,73,66,0.062206
79,117,63,0.508065,0.065952,7.993428,61,29,0.093009
79,118,56,0.451613,0.141078,7.436510,68,40,0.198955
79,119,60,0.483871,0.119140,7.856833,64,30,0.168017
79,120,60,0.483871,0.219258,7.983809,64,34,0.859209
79,121,65,0.524194,0.146137,8.355283,59,24,0.206090
79,122,71,0.572581,0.279078,9.771765,53,26,0.393571
79,123,58,0.467742,0.100638,7.692320,66,36,0.691925
79,124,63,0.508065,0.142114,8.110558,61,26,0.200417
80,0,72,0.580645,0.296826,9.877136,52,26,0.450000
80,1,68,0.548387,0.155785,9.314986,56,29,0.224168
80,2,68,0.548387,0.122265,8.694178,56,25,0.170497
80,3,65,0.524194,0.108854,8.510855,59,25,0.149024
80,4,55,0.443548,0.096110,7.762639,69,36,0.128617
80,5,67,0.540323,0.070321,9.360816,57,29,0.087325
80,6,61,0.491935,0.118385,8.242825,63,28,0.164285
80,7,59,0.475806,0.159162,7.654910,65,32,0.229576
80,8,61,0.491935,0.068108,7.744247,63,27,0.083781
80,9,67,0.540323,0.090396,8.592479,57,23,0.119468
80,10,61,0.491935,0.157700,8.235708,63,34,0.227234
80,11,63,0.508065,0.171525,8.783289,61,29,0.249371
80,12,64,0.516129,0.121490,8.222521,60,27,0.719256
80,13,60,0.483871,0.034320,7.584430,64,31,0.029680
80,14,60,0.483871,0.181543,8.210923,64,30,0.265411
80,15,62,0.500000,0.092473,7.683648,62,33,0.122795
80,16,71,0.572581,0.106422,9.085972,53,25,0.145128
80,17,73,0.588710,0.278750,9.875962,51,25,0.421058
80,18,65,0.524194,0.127476,8.472219,59,30,0.178840
80,19,58,0.467742,0.097520,7.613164,66,30,0.130876
80,20,65,0.524194,0.169039,8.508184,59,25,0.245391
80,21,60,0.483871,0.015783,7.976507,64,32,0.000000
80,22,66,0.532258,0.216247,9.085377,58,26,0.320979
80,23,75,0.604839,0.214117,9.639874,49,25,0.317568
80,24,61,0.491935,0.131418,7.800511,63,30,0.185152
80,25,74,0.596774,0.138656,10.108951,50,24,0.196742
80,26,56,0.451613,0.168850,7.582743,68,42,0.795088
80,27,68,0.548387,0.207054,8.769802,56,23,0.306260
80,28,57,0.459677,0.083529,7.505615,67,31,0.108474
80,29,64,0.516129,0.127396,8.307511,60,28,0.178712
80,30,57,0.459677,0.168760,7.645614,67,41,0.794944
80,31,56,0.451613,0.109985,7.530096,68,44,0.700834
80,32,73,0.588710,0.246327,9.987325,51,26,0.369142
80,33,62,0.500000,0.116781,8.025875,62,31,0.161716
80,34,62,0.500000,0.152629,7.996239,62,27,0.219115
80,35,65,0.524194,0.076736,8.199857,59,26,0.097597
80,36,60,0.483871,0.046066,7.827557,64,36,0.048488
80,37,64,0.516129,0.134479,8.184580,60,26,0.190054
80,38,54,0.435484,0.078417,7.289075,70,51,0.100288
80,39,68,0.548387,0.095312,8.578889,56,25,0.127341
80,40,54,0.435484,0.124853,6.955063,70,51,0.174640
80,41,56,0.451613,0.072042,6.892699,68,34,0.090081
80,42,57,0.459677,0.177773,7.527320,67,35,0.259375
80,43,63,0.508065,0.121592,7.957711,61,29,0.169419
80,44,64,0.516129,0.126439,8.980050,60,27,0.177181
80,45,65,0.524194,0.227164,8.582489,59,32,0.338459
80,46,67,0.540323,0.103065,8.874553,57,26,0.139753
80,47,70,0.564516,0.079939,8.965769,54,25,0.102725
80,48,61,0.491935,0.183408,7.888266,63,30,0.268398
80,49,60,0.483871,0.090928,7.769874,64,30,0.120320
80,50,66,0.532258,0.212272,8.516130,58,27,0.314615
80,51,60,0.483871,0.115100,7.361985,64,30,0.159024
80,52,58,0.467742,0.073278,7.363448,66,36,0.092059
80,53,73,0.588710,0.236047,9.862492,51,24,0.352683
80,54,59,0.475806,0.050090,7.537540,65,36,0.054932
80,55,67,0.540323,0.107115,8.399262,57,23,0.146240
80,56,67,0.540323,0.092769,8.735790,57,26,0.673268
80,57,69,0.556452,0.147274,8.975205,55,26,0.210541
80,58,69,0.556452,0.210092,9.346649,55,26,0.311124
80,59,64,0.516129,0.038597,8.165288,60,31,0.036530
80,60,61,0.491935,0.177426,8.304539,63,27,0.258820
80,61,60,0.483871,0.128486,8.237809,64,35,0.180458
80,62,57,0.459677,0.017510,6.978852,67,44,0.002766
80,63,61,0.491935,0.100002,7.824001,63,32,0.134849
80,64,67,0.540323,0.157780,8.589526,57,29,0.227362
80,65,68,0.548387,0.144864,8.400109,56,28,0.206682
80,66,59,0.475806,0.146350,7.831821,65,33,0.209061
80,67,62,0.500000,0.162361,8.233492,62,30,0.234698
80,68,55,0.443548,0.055344,7.198216,69,42,0.063344
80,69,54,0.435484,0.093065,7.062309,70,50,0.123742
80,70,56,0.451613,0.016144,7.583386,68,31,0.000577
80,71,59,0.475806,0.135851,7.519134,65,29,0.192250
80,72,58,0.467742,0.135926,7.504602,66,33,0.192370
80,73,58,0.467742,0.084070,7.860794,66,48,0.109340
80,74,55,0.443548,0.124135,7.274666,69,44,0.173490
80,75,51,0.411290,0.080713,6.662620,73,64,0.103964
80,76,56,0.451613,0.094257,6.919571,68,29,0.125651
80,77,64,0.516129,0.111738,8.145283,60,22,0.153640
80,78,69,0.556452,0.158642,9.054784,55,26,0.228743
80,79,63,0.508065,0.034353,8.639668,61,27,0.029733
80,80,59,0.475806,0.040674,7.483196,65,39,0.039855
80,81,61,0.491935,0.161833,7.965644,63,29,0.783852
80,82,62,0.500000,0.124212,8.514823,62,30,0.173614
80,83,67,0.540323,0.178584,8.676660,57,28,0.260674
80,84,67,0.540323,0.091190,8.337834,57,25,0.120740
80,85,57,0.459677,0.138445,7.665026,67,44,0.196404
80,86,64,0.516129,0.115732,8.411869,60,27,0.160037
80,87,53,0.427419,0.069580,7.136417,71,62,0.086139
80,88,55,0.443548,0.046965,7.405139,69,41,0.049928
80,89,56,0.451613,0.061545,7.197995,68,34,0.073274
80,90,66,0.532258,0.153961,8.153945,58,28,0.771248
80,91,60,0.483871,0.239780,8.370587,64,35,0.358659
80,92,69,0.556452,0.144718,8.993185,55,29,0.206449
80,93,63,0.508065,0.170726,8.106128,61,27,0.248092
80,94,60,0.483871,0.118898,7.683406,64,34,0.165106
80,95,59,0.475806,0.161671,7.573913,65,37,0.233593
80,96,53,0.427419,0.158939,7.130989,71,36,0.779218
80,97,66,0.532258,0.220742,9.104734,58,29,0.328176
80,98,60,0.483871,0.107093,7.682920,64,31,0.146204
80,99,72,0.580645,0.192288,9.073193,52,23,0.282616
80,100,61,0.491935,0.151873,7.897795,63,25,0.217905
80,101,64,0.516129,0.097510,8.354134,60,25,0.130859
80,102,69,0.556452,0.213787,9.132458,55,27,0.317039
80,103,64,0.516129,0.163317,8.525437,60,28,0.236228
80,104,58,0.467742,0.128252,7.861923,66,30,0.180082
80,105,68,0.548387,0.185973,9.566282,56,32,0.272504
80,106,53,0.427419,0.029827,7.139738,71,79,0.022486
80,107,64,0.516129,0.167896,8.184234,60,24,0.243560
80,108,61,0.491935,0.140908,7.752466,63,29,0.200347
80,109,63,0.508065,0.117107,8.331628,61,30,0.162238
80,110,57,0.459677,0.130426,7.105133,67,35,0.183563
80,111,62,0.500000,0.105161,8.008860,62,31,0.143110
80,112,61,0.491935,0.160108,7.941478,63,34,0.231090
80,113,70,0.564516,0.182786,9.268383,54,24,0.267401
80,114,64,0.516129,0.098633,8.103122,60,28,0.132657
80,115,58,0.467742,0.152318,7.771660,66,32,0.218617
80,116,51,0.411290,0.094617,7.074554,73,66,0.126227
80,117,63,0.508065,0.039269,8.073328,61,29,0.037606
80,118,56,0.451613,0.163557,7.376736,68,40,0.236613
80,119,60,0.483871,0.092185,7.714947,64,30,0.122333
80,120,60,0.483871,0.177001,8.229058,64,35,0.258139
80,121,65,0.524194,0.169956,8.524816,59,24,0.246858
80,122,71,0.572581,0.176036,9.418734,53,26,0.256594
80,123,58,0.467742,0.082856,7.752586,66,37,0.107397
80,124,63,0.508065,0.088102,8.092051,61,26,0.665795
81,0,72,0.580645,0.316297,10.059227,52,26,0.450000
81,1,68,0.548387,0.223070,9.430297,56,29,0.317365
81,2,68,0.548387,0.128156,8.989016,56,25,0.182330
81,3,65,0.524194,0.101766,8.378843,59,25,0.144784
81,4,55,0.443548,0.148046,7.997557,69,36,0.210627
81,5,67,0.540323,0.108594,9.420114,57,29,0.154498
81,6,61,0.491935,0.089177,8.281498,63,28,0.126873
81,7,59,0.475806,0.187119,7.778095,65,32,0.266217
81,8,61,0.491935,0.092286,7.915919,63,27,0.131296
81,9,67,0.540323,0.092452,8.498654,57,23,0.131533
81,10,61,0.491935,0.178817,8.253980,63,34,0.254405
81,11,63,0.508065,0.164092,8.553935,61,29,0.233456
81,12,64,0.516129,0.095543,8.521747,60,28,0.135930
81,13,60,0.483871,0.066384,7.751543,64,31,0.094446
81,14,60,0.483871,0.123259,8.054995,64,30,0.175363
81,15,62,0.500000,0.085198,7.939661,62,33,0.121213
81,16,71,0.572581,0.148709,9.029068,53,25,0.211570
81,17,73,0.588710,0.262547,9.730660,51,25,0.373529
81,18,65,0.524194,0.122369,8.300455,59,30,0.174096
81,19,58,0.467742,0.124706,7.528450,66,30,0.177421
81,20,65,0.524194,0.175397,8.729811,59,25,0.249540
81,21,60,0.483871,0.040970,7.871291,64,32,0.058288
81,22,66,0.532258,0.187014,8.997219,58,26,0.266068
81,23,75,0.604839,0.202509,9.673556,49,25,0.288112
81,24,61,0.491935,0.117275,7.570985,63,30,0.166849
81,25,74,0.596774,0.195658,10.071813,50,24,0.278365
81,26,56,0.451613,0.132096,7.442015,68,43,0.737935
81,27,68,0.548387,0.164371,8.836379,56,23,0.233853
81,28,57,0.459677,0.041966,7.401410,67,31,0.059706
81,29,64,0.516129,0.145402,8.150702,60,28,0.206866
81,30,57,0.459677,0.162892,7.737407,67,42,0.231750
81,31,56,0.451613,0.112858,7.331100,68,45,0.160565
81,32,73,0.588710,0.218514,9.782618,51,26,0.310884
81,33,62,0.500000,0.129977,8.097961,62,31,0.184921
81,34,62,0.500000,0.151272,7.865498,62,27,0.215217
81,35,65,0.524194,0.045620,8.021076,59,26,0.064904
81,36,60,0.483871,0.044429,7.943924,64,36,0.063210
81,37,64,0.516129,0.125183,8.423470,60,26,0.178100
81,38,54,0.435484,0.094711,7.310699,70,51,0.134747
81,39,68,0.548387,0.136698,8.565667,56,25,0.194482
81,40,54,0.435484,0.125157,6.876207,70,51,0.178063
81,41,56,0.451613,0.052742,6.756383,68,34,0.075037
81,42,57,0.459677,0.158736,7.398807,67,35,0.775836
81,43,63,0.508065,0.144473,8.275730,61,29,0.205544
81,44,64,0.516129,0.177393,9.074807,60,27,0.252380
81,45,65,0.524194,0.216231,8.758923,59,32,0.307636
81,46,67,0.540323,0.109232,8.663329,57,26,0.155407
81,47,70,0.564516,0.150934,9.137902,54,25,0.214736
81,48,61,0.491935,0.153539,7.755509,63,30,0.218443
81,49,60,0.483871,0.116723,7.688650,64,30,0.166064
81,50,66,0.532258,0.168410,8.558443,58,27,0.239600
81,51,60,0.483871,0.109262,7.248256,64,30,0.155448
81,52,58,0.467742,0.025583,7.295357,66,36,0.036398
81,53,73,0.588710,0.278899,10.025758,51,24,0.396793
81,54,59,0.475806,0.050431,7.648895,65,36,0.071749
81,55,67,0.540323,0.130528,8.923149,57,23,0.185704
81,56,67,0.540323,0.099489,9.104076,57,27,0.141544
81,57,69,0.556452,0.168325,8.948712,55,26,0.239479
81,58,69,0.556452,0.188423,9.414345,55,26,0.268072
81,59,64,0.516129,0.089928,8.410097,60,31,0.127942
81,60,61,0.491935,0.187059,8.098323,63,27,0.816132
81,61,60,0.483871,0.137641,8.277877,64,35,0.745824
81,62,57,0.459677,0.000000,7.032146,67,44,0.000000
81,63,61,0.491935,0.142109,8.185168,63,32,0.202180
81,64,67,0.540323,0.182496,8.812121,57,29,0.259640
81,65,68,0.548387,0.158029,8.362514,56,28,0.224831
81,66,59,0.475806,0.118610,7.496431,65,33,0.168749
81,67,62,0.500000,0.115570,8.201268,62,30,0.164423
81,68,55,0.443548,0.078126,7.454654,69,42,0.111151
81,69,54,0.435484,0.143610,7.162607,70,50,0.204316
81,70,56,0.451613,0.055020,7.703687,68,31,0.078279
81,71,59,0.475806,0.162266,7.492476,65,29,0.230858
81,72,58,0.467742,0.076733,7.354414,66,33,0.109169
81,73,58,0.467742,0.073098,7.629480,66,48,0.103998
81,74,55,0.443548,0.146799,7.043531,69,44,0.208853
81,75,51,0.411290,0.078583,6.754603,73,64,0.111802
81,76,56,0.451613,0.096513,6.996627,68,29,0.137310
81,77,64,0.516129,0.125683,8.386099,60,22,0.178810
81,78,69,0.556452,0.129799,8.857104,55,26,0.184667
81,79,63,0.508065,0.114982,8.499131,61,27,0.163587
81,80,59,0.475806,0.070779,7.557672,65,39,0.100698
81,81,61,0.491935,0.101647,8.028410,63,30,0.144615
81,82,62,0.500000,0.133585,8.747149,62,30,0.190053
81,83,67,0.540323,0.171790,8.945116,57,28,0.244408
81,84,67,0.540323,0.084196,8.242979,57,25,0.119787
81,85,57,0.459677,0.102459,7.545247,67,44,0.145770
81,86,64,0.516129,0.106678,8.574110,60,27,0.151773
81,87,53,0.427419,0.051372,6.964036,71,62,0.073088
81,88,55,0.443548,0.021888,7.384338,69,41,0.031140
81,89,56,0.451613,0.087614,7.524841,68,34,0.124649
81,90,66,0.532258,0.173622,8.592292,58,29,0.247015
81,91,60,0.483871,0.162178,8.350097,64,35,0.230734
81,92,69,0.556452,0.154905,8.824391,55,29,0.220385
81,93,63,0.508065,0.196740,8.184613,61,27,0.829904
81,94,60,0.483871,0.088274,7.560346,64,34,0.125589
81,95,59,0.475806,0.206261,8.099645,65,37,0.293450
81,96,53,0.427419,0.091365,6.963866,71,37,0.129986
81,97,66,0.532258,0.206439,9.198691,58,29,0.293704
81,98,60,0.483871,0.098734,7.362587,64,31,0.140470
81,99,72,0.580645,0.252806,9.494896,52,23,0.909671
81,100,61,0.491935,0.155587,7.674684,63,25,0.221356
81,101,64,0.516129,0.124008,8.216336,60,25,0.176428
81,102,69,0.556452,0.170875,9.043114,55,27,0.243106
81,103,64,0.516129,0.133511,8.775392,60,28,0.189948
81,104,58,0.467742,0.135680,7.771451,66,30,0.743033
81,105,68,0.548387,0.183839,9.467161,56,32,0.261550
81,106,53,0.427419,0.054562,6.974656,71,79,0.077626
81,107,64,0.516129,0.170325,8.284612,60,24,0.242324
81,108,61,0.491935,0.091548,7.638131,63,29,0.130247
81,109,63,0.508065,0.064603,8.357124,61,30,0.091911
81,110,57,0.459677,0.197478,7.521426,67,35,0.280955
81,111,62,0.500000,0.118326,7.880317,62,31,0.168344
81,112,61,0.491935,0.115898,7.780554,63,34,0.164890
81,113,70,0.564516,0.190375,9.573693,54,24,0.270849
81,114,64,0.516129,0.042398,7.840788,60,28,0.060320
81,115,58,0.467742,0.118652,7.616304,66,32,0.168809
81,116,51,0.411290,0.066713,7.176972,73,66,0.094914
81,117,63,0.508065,0.028489,8.274477,61,29,0.040532
81,118,56,0.451613,0.117104,7.381507,68,40,0.166605
81,119,60,0.483871,0.134104,7.873837,64,30,0.190793
81,120,60,0.483871,0.160700,8.152575,64,35,0.228631
81,121,65,0.524194,0.143892,8.339987,59,24,0.204717
81,122,71,0.572581,0.171600,9.586532,53,26,0.244137
81,123,58,0.467742,0.099577,7.679481,66,37,0.141669
81,124,63,0.508065,0.030488,8.116937,61,27,0.043376
82,0,72,0.580645,0.323099,9.806135,52,26,0.450000
82,1,68,0.548387,0.163116,9.330663,56,29,0.227182
82,2,68,0.548387,0.132127,8.966747,56,25,0.184022
82,3,65,0.524194,0.052796,8.264387,59,25,0.073532
82,4,55,0.443548,0.122845,7.925000,69,36,0.171094
82,5,67,0.540323,0.117039,9.370126,57,29,0.163007
82,6,61,0.491935,0.134009,8.448258,63,28,0.186642
82,7,59,0.475806,0.121297,7.291260,65,32,0.168938
82,8,61,0.491935,0.128821,7.669810,63,27,0.179416
82,9,67,0.540323,0.082029,8.532032,57,23,0.114247
82,10,61,0.491935,0.121804,8.116772,63,34,0.169644
82,11,63,0.508065,0.189807,8.796665,61,29,0.264356
82,12,64,0.516129,0.108956,8.550715,60,28,0.151750
82,13,60,0.483871,0.092400,7.605788,64,31,0.128691
82,14,60,0.483871,0.130448,8.351694,64,30,0.181683
82,15,62,0.500000,0.096689,7.785344,62,33,0.134665
82,16,71,0.572581,0.102682,8.837115,53,25,0.143011
82,17,73,0.588710,0.228416,9.481512,51,25,0.318129
82,18,65,0.524194,0.143954,8.617242,59,30,0.200493
82,19,58,0.467742,0.151470,7.771313,66,30,0.210961
82,20,65,0.524194,0.185812,8.658339,59,25,0.258792
82,21,60,0.483871,0.020288,7.911633,64,32,0.028256
82,22,66,0.532258,0.146800,8.839903,58,26,0.204457
82,23,75,0.604839,0.198007,9.798792,49,25,0.275776
82,24,61,0.491935,0.081401,7.654975,63,30,0.113372
82,25,74,0.596774,0.168799,10.016112,50,24,0.235097
82,26,56,0.451613,0.129079,7.611424,68,44,0.179776
82,27,68,0.548387,0.201979,8.918146,56,23,0.281309
82,28,57,0.459677,0.035112,7.201794,67,31,0.048903
82,29,64,0.516129,0.161534,8.105047,60,28,0.224978
82,30,57,0.459677,0.195697,7.645206,67,42,0.272560
82,31,56,0.451613,0.060149,7.223105,68,45,0.083773
82,32,73,0.588710,0.279400,9.963456,51,26,0.389138
82,33,62,0.500000,0.123426,8.237565,62,31,0.171903
82,34,62,0.500000,0.133396,7.614492,62,27,0.185788
82,35,65,0.524194,0.057377,8.211239,59,26,0.079912
82,36,60,0.483871,0.048921,8.070560,64,36,0.068136
82,37,64,0.516129,0.047051,8.427876,60,26,0.065531
82,38,54,0.435484,0.096941,7.123224,70,51,0.135016
82,39,68,0.548387,0.120236,8.491632,56,25,0.167460
82,40,54,0.435484,0.165741,6.913786,70,51,0.230838
82,41,56,0.451613,0.115633,7.115379,68,34,0.161049
82,42,57,0.459677,0.121409,7.226521,67,36,0.169094
82,43,63,0.508065,0.111229,8.134599,61,29,0.154915
82,44,64,0.516129,0.186301,8.913576,60,27,0.809472
82,45,65,0.524194,0.226025,8.615878,59,32,0.314799
82,46,67,0.540323,0.206346,9.015109,57,26,0.287391
82,47,70,0.564516,0.105177,9.161007,54,25,0.146487
82,48,61,0.491935,0.236943,8.042044,63,30,0.880005
82,49,60,0.483871,0.116275,7.742704,64,30,0.161944
82,50,66,0.532258,0.186062,8.616944,58,27,0.259140
82,51,60,0.483871,0.140130,7.340363,64,30,0.195167
82,52,58,0.467742,0.083932,7.518519,66,36,0.116897
82,53,73,0.588710,0.316687,10.239621,51,24,0.441069
82,54,59,0.475806,0.018019,7.374956,65,36,0.025096
82,55,67,0.540323,0.123016,8.682928,57,23,0.171332
82,56,67,0.540323,0.100494,9.153455,57,27,0.139964
82,57,69,0.556452,0.148135,8.730838,55,26,0.206317
82,58,69,0.556452,0.194958,9.486135,55,26,0.271530
82,59,64,0.516129,0.076165,8.154367,60,31,0.106079
82,60,61,0.491935,0.153322,8.371435,63,28,0.213541
82,61,60,0.483871,0.097880,8.365864,64,36,0.136324
82,62,57,0.459677,0.017007,7.131164,67,44,0.023687
82,63,61,0.491935,0.122178,8.050236,63,32,0.170165
82,64,67,0.540323,0.220859,8.908725,57,29,0.857603
82,65,68,0.548387,0.157939,8.112271,56,28,0.219971
82,66,59,0.475806,0.129060,7.629941,65,33,0.179749
82,67,62,0.500000,0.124922,7.940413,62,30,0.173987
82,68,55,0.443548,0.081020,7.316354,69,42,0.112841
82,69,54,0.435484,0.149193,7.175837,70,50,0.207791
82,70,56,0.451613,0.000000,7.715592,68,31,0.000000
82,71,59,0.475806,0.174445,7.466856,65,29,0.242961
82,72,58,0.467742,0.082103,6.913516,66,33,0.114350
82,73,58,0.467742,0.102281,7.764112,66,48,0.142452
82,74,55,0.443548,0.137285,7.078965,69,44,0.191206
82,75,51,0.411290,0.093141,6.568477,73,64,0.679722
82,76,56,0.451613,0.072970,7.090590,68,29,0.101629
82,77,64,0.516129,0.095370,8.304061,60,22,0.132827
82,78,69,0.556452,0.165974,9.069939,55,26,0.231162
82,79,63,0.508065,0.064958,8.468048,61,27,0.090470
82,80,59,0.475806,0.087944,7.824524,65,39,0.122485
82,81,61,0.491935,0.138041,8.239841,63,30,0.192258
82,82,62,0.500000,0.147769,9.008597,62,30,0.205807
82,83,67,0.540323,0.195739,8.863019,57,28,0.272618
82,84,67,0.540323,0.069698,8.351180,57,25,0.097072
82,85,57,0.459677,0.073104,7.422422,67,44,0.101816
82,86,64,0.516129,0.145513,8.697834,60,27,0.202665
82,87,53,0.427419,0.010549,7.032367,71,62,0.014692
82,88,55,0.443548,0.029671,7.409695,69,41,0.041325
82,89,56,0.451613,0.049471,7.461696,68,34,0.068901
82,90,66,0.532258,0.093274,8.186548,58,29,0.129908
82,91,60,0.483871,0.238200,8.406997,64,35,0.331756
82,92,69,0.556452,0.178838,8.932410,55,29,0.249079
82,93,63,0.508065,0.182287,7.987754,61,28,0.253883
82,94,60,0.483871,0.113870,7.763278,64,34,0.158593
82,95,59,0.475806,0.207807,8.185756,65,37,0.289425
82,96,53,0.427419,0.124375,7.340818,71,37,0.173225
82,97,66,0.532258,0.223694,9.543696,58,29,0.311552
82,98,60,0.483871,0.087145,7.392043,64,31,0.121372
82,99,72,0.580645,0.202978,9.555323,52,24,0.832699
82,100,61,0.491935,0.118627,7.396290,63,25,0.165219
82,101,64,0.516129,0.162178,8.660695,60,25,0.225875
82,102,69,0.556452,0.178992,9.133514,55,27,0.249293
82,103,64,0.516129,0.140421,8.551082,60,28,0.195573
82,104,58,0.467742,0.113045,7.671428,66,31,0.707444
82,105,68,0.548387,0.202387,9.562362,56,32,0.281876
82,106,53,0.427419,0.000937,6.884483,71,79,0.001305
82,107,64,0.516129,0.172654,8.352323,60,24,0.240465
82,108,61,0.491935,0.126010,7.699640,63,29,0.175502
82,109,63,0.508065,0.099721,8.295009,61,30,0.138888
82,110,57,0.459677,0.146974,7.327853,67,35,0.204700
82,111,62,0.500000,0.122565,7.931462,62,31,0.170704
82,112,61,0.491935,0.142271,7.729392,63,34,0.198149
82,113,70,0.564516,0.157342,9.309914,54,24,0.219140
82,114,64,0.516129,0.041607,7.992936,60,28,0.057949
82,115,58,0.467742,0.078267,7.530153,66,32,0.109007
82,116,51,0.411290,0.046112,7.103816,73,66,0.064223
82,117,63,0.508065,0.027537,8.161673,61,29,0.038353
82,118,56,0.451613,0.130013,7.387500,68,40,0.181077
82,119,60,0.483871,0.156593,8.234002,64,30,0.218097
82,120,60,0.483871,0.171986,8.156630,64,35,0.789535
82,121,65,0.524194,0.143214,8.630812,59,24,0.199463
82,122,71,0.572581,0.193556,9.720814,53,26,0.269578
82,123,58,0.467742,0.122835,7.807264,66,37,0.171080
82,124,63,0.508065,0.049935,7.810962,61,27,0.069548
83,0,72,0.580645,0.251548,9.849794,52,26,0.354946
83,1,68,0.548387,0.202421,9.560708,56,29,0.285626
83,2,68,0.548387,0.098344,8.876015,56,25,0.138768
83,3,65,0.524194,0.113872,8.400824,59,25,0.160678
83,4,55,0.443548,0.089465,7.677595,69,36,0.126240
83,5,67,0.540323,0.145656,9.619345,57,29,0.205528
83,6,61,0.491935,0.121534,8.616292,63,28,0.171489
83,7,59,0.475806,0.129869,7.460019,65,32,0.183250
83,8,61,0.491935,0.089671,7.716629,63,27,0.126530
83,9,67,0.540323,0.083231,8.481375,57,23,0.117442
83,10,61,0.491935,0.147290,8.288261,63,34,0.207832
83,11,63,0.508065,0.154975,8.530041,61,29,0.218677
83,12,64,0.516129,0.065618,8.266932,60,28,0.092590
83,13,60,0.483871,0.107646,7.909704,64,31,0.151893
83,14,60,0.483871,0.057952,8.058030,64,30,0.081772
83,15,62,0.500000,0.039902,7.943533,62,33,0.056303
83,16,71,0.572581,0.139370,8.881108,53,25,0.196657
83,17,73,0.588710,0.252644,9.698034,51,25,0.356492
83,18,65,0.524194,0.120661,8.365180,59,30,0.170258
83,19,58,0.467742,0.144246,7.572575,66,30,0.753537
83,20,65,0.524194,0.183715,8.760832,59,25,0.259230
83,21,60,0.483871,0.000000,7.568832,64,32,0.000000
83,22,66,0.532258,0.167815,8.675994,58,26,0.236794
83,23,75,0.604839,0.158770,9.604615,49,25,0.224032
83,24,61,0.491935,0.081372,7.760296,63,30,0.114819
83,25,74,0.596774,0.211379,9.882358,50,24,0.298266
83,26,56,0.451613,0.149559,7.566212,68,44,0.211035
83,27,68,0.548387,0.170574,9.096527,56,23,0.240688
83,28,57,0.459677,0.036766,7.344313,67,31,0.051879
83,29,64,0.516129,0.133509,8.025076,60,28,0.188387
83,30,57,0.459677,0.141390,7.550151,67,42,0.199508
83,31,56,0.451613,0.129449,7.320215,68,45,0.182659
83,32,73,0.588710,0.243226,9.799762,51,26,0.343203
83,33,62,0.500000,0.106369,8.179641,62,31,0.150091
83,34,62,0.500000,0.169752,7.888575,62,27,0.789528
83,35,65,0.524194,0.055785,7.980418,59,26,0.078716
83,36,60,0.483871,0.108854,7.940305,64,36,0.153598
83,37,64,0.516129,0.072189,8.393853,60,26,0.101862
83,38,54,0.435484,0.153179,7.861962,70,51,0.216143
83,39,68,0.548387,0.151822,8.677633,56,25,0.214228
83,40,54,0.435484,0.131885,6.743852,70,51,0.186096
83,41,56,0.451613,0.073917,6.949281,68,34,0.104300
83,42,57,0.459677,0.081400,7.549130,67,36,0.114859
83,43,63,0.508065,0.152690,8.289024,61,29,0.215453
83,44,64,0.516129,0.190957,8.962128,60,28,0.269450
83,45,65,0.524194,0.194931,8.864452,59,32,0.275056
83,46,67,0.540323,0.131141,8.740001,57,26,0.185046
83,47,70,0.564516,0.181625,9.195012,54,25,0.256281
83,48,61,0.491935,0.116177,7.890248,63,31,0.163931
83,49,60,0.483871,0.122305,7.689579,64,30,0.172578
83,50,66,0.532258,0.176100,8.612993,58,27,0.248485
83,51,60,0.483871,0.170604,7.492333,64,30,0.240731
83,52,58,0.467742,0.062252,7.228370,66,36,0.087840
83,53,73,0.588710,0.318913,9.860236,51,24,1.000000
83,54,59,0.475806,0.055528,7.387955,65,36,0.078352
83,55,67,0.540323,0.145134,9.138533,57,23,0.204790
83,56,67,0.540323,0.159520,9.086369,57,27,0.225090
83,57,69,0.556452,0.184322,8.822755,55,26,0.260086
83,58,69,0.556452,0.134403,9.114612,55,26,0.189649
83,59,64,0.516129,0.112111,8.391643,60,31,0.158194
83,60,61,0.491935,0.194552,8.237220,63,28,0.274522
83,61,60,0.483871,0.136286,8.287437,64,36,0.192305
83,62,57,0.459677,0.006696,6.925883,67,44,0.009449
83,63,61,0.491935,0.102452,8.113985,63,32,0.144565
83,64,67,0.540323,0.228460,8.762746,57,30,0.322367
83,65,68,0.548387,0.104376,8.591342,56,28,0.147279
83,66,59,0.475806,0.156196,7.526597,65,33,0.220399
83,67,62,0.500000,0.148176,8.242303,62,30,0.209083
83,68,55,0.443548,0.082184,7.363819,69,42,0.115965
83,69,54,0.435484,0.116431,7.168602,70,50,0.164290
83,70,56,0.451613,0.010473,7.806745,68,31,0.014778
83,71,59,0.475806,0.193122,7.918673,65,29,0.272504
83,72,58,0.467742,0.028051,7.456880,66,33,0.039581
83,73,58,0.467742,0.075553,7.407211,66,48,0.106609
83,74,55,0.443548,0.141461,7.100555,69,44,0.199608
83,75,51,0.411290,0.076732,6.795428,73,65,0.108272
83,76,56,0.451613,0.122540,7.184996,68,29,0.172910
83,77,64,0.516129,0.139715,8.325284,60,22,0.197144
83,78,69,0.556452,0.125928,8.913163,55,26,0.177690
83,79,63,0.508065,0.066235,8.618565,61,27,0.093461
83,80,59,0.475806,0.051957,7.513782,65,39,0.073313
83,81,61,0.491935,0.111110,8.010243,63,30,0.156781
83,82,62,0.500000,0.140199,8.752241,62,30,0.197827
83,83,67,0.540323,0.189906,8.770655,57,28,0.267965
83,84,67,0.540323,0.073765,8.242886,57,25,0.104086
83,85,57,0.459677,0.111781,7.389208,67,44,0.157728
83,86,64,0.516129,0.112481,8.482884,60,27,0.158716
83,87,53,0.427419,0.058206,6.745454,71,62,0.632132
83,88,55,0.443548,0.100688,7.380733,69,41,0.142075
83,89,56,0.451613,0.073182,7.708074,68,34,0.103263
83,90,66,0.532258,0.125017,8.263234,58,29,0.176404
83,91,60,0.483871,0.158841,8.414773,64,35,0.224131
83,92,69,0.556452,0.168794,8.730064,55,29,0.788177
83,93,63,0.508065,0.169976,8.103949,61,28,0.239843
83,94,60,0.483871,0.125889,7.748439,64,34,0.177635
83,95,59,0.475806,0.187364,7.934987,65,37,0.264379
83,96,53,0.427419,0.076990,7.165485,71,37,0.108636
83,97,66,0.532258,0.220172,9.091934,58,29,0.310673
83,98,60,0.483871,0.132028,7.344016,64,31,0.186298
83,99,72,0.580645,0.200263,9.515423,52,25,0.282580
83,100,61,0.491935,0.164226,7.585791,63,25,0.231730
83,101,64,0.516129,0.137614,8.179157,60,25,0.194179
83,102,69,0.556452,0.208559,9.116055,55,27,0.294286
83,103,64,0.516129,0.166176,8.657701,60,28,0.234482
83,104,58,0.467742,0.067964,7.593163,66,32,0.095900
83,105,68,0.548387,0.195490,9.401665,56,32,0.275845
83,106,53,0.427419,0.017046,6.668566,71,79,0.574053
83,107,64,0.516129,0.165927,8.126291,60,24,0.234131
83,108,61,0.491935,0.046677,7.679396,63,29,0.065863
83,109,63,0.508065,0.058062,8.217553,61,30,0.081928
83,110,57,0.459677,0.154778,7.459607,67,35,0.768399
83,111,62,0.500000,0.150565,7.914707,62,31,0.212454
83,112,61,0.491935,0.151951,7.917290,63,34,0.214410
83,113,70,0.564516,0.225393,9.442495,54,24,0.318039
83,114,64,0.516129,0.045890,7.753452,60,28,0.064753
83,115,58,0.467742,0.120522,7.569426,66,32,0.170062
83,116,51,0.411290,0.074337,7.110097,73,66,0.104893
83,117,63,0.508065,0.092363,8.428749,61,29,0.130328
83,118,56,0.451613,0.157320,7.570016,68,40,0.771985
83,119,60,0.483871,0.160121,7.955649,64,30,0.225938
83,120,60,0.483871,0.119446,8.331223,64,36,0.168544
83,121,65,0.524194,0.148805,8.512373,59,24,0.209970
83,122,71,0.572581,0.174723,9.855693,53,26,0.246541
83,123,58,0.467742,0.130076,7.942247,66,37,0.183544
83,124,63,0.508065,0.041346,8.109715,61,27,0.058341
84,0,72,0.580645,0.344206,10.137332,52,26,0.450000
84,1,68,0.548387,0.215994,9.434859,56,29,0.282381
84,2,68,0.548387,0.119300,8.920622,56,25,0.155968
84,3,65,0.524194,0.112310,8.469363,59,25,0.146830
84,4,55,0.443548,0.123455,7.631748,69,36,0.161400
84,5,67,0.540323,0.200478,9.686688,57,29,0.812096
84,6,61,0.491935,0.134816,8.295006,63,28,0.176252
84,7,59,0.475806,0.105142,7.365811,65,32,0.137458
84,8,61,0.491935,0.118845,7.509302,63,27,0.705372
84,9,67,0.540323,0.121706,8.690526,57,23,0.159113
84,10,61,0.491935,0.139142,8.122904,63,34,0.181909
84,11,63,0.508065,0.170647,8.645599,61,29,0.223097
84,12,64,0.516129,0.154274,8.415393,60,28,0.201691
84,13,60,0.483871,0.092239,7.685003,64,31,0.120589
84,14,60,0.483871,0.113829,8.339485,64,30,0.148815
84,15,62,0.500000,0.040035,7.892313,62,33,0.052340
84,16,71,0.572581,0.165413,8.946254,53,25,0.216254
84,17,73,0.588710,0.291592,9.860286,51,25,0.381215
84,18,65,0.524194,0.149407,8.430896,59,30,0.195329
84,19,58,0.467742,0.128630,7.527433,66,31,0.718165
84,20,65,0.524194,0.151987,8.493251,59,25,0.198701
84,21,60,0.483871,0.071985,7.786004,64,32,0.094110
84,22,66,0.532258,0.141679,8.674039,58,26,0.185225
84,23,75,0.604839,0.121163,9.284447,49,25,0.158403
84,24,61,0.491935,0.108156,7.716841,63,30,0.141398
84,25,74,0.596774,0.182219,10.116433,50,24,0.238226
84,26,56,0.451613,0.109641,7.663070,68,44,0.143340
84,27,68,0.548387,0.208169,9.214712,56,23,0.272151
84,28,57,0.459677,0.037844,7.376461,67,31,0.049476
84,29,64,0.516129,0.143717,8.031323,60,28,0.187889
84,30,57,0.459677,0.131493,7.539435,67,42,0.171908
84,31,56,0.451613,0.106712,7.463273,68,45,0.139511
84,32,73,0.588710,0.241666,9.689662,51,26,0.865944
84,33,62,0.500000,0.117612,8.158576,62,31,0.153761
84,34,62,0.500000,0.125133,7.932003,62,28,0.163593
84,35,65,0.524194,0.096617,8.110583,59,26,0.126313
84,36,60,0.483871,0.051399,7.799283,64,36,0.067197
84,37,64,0.516129,0.115235,8.321058,60,26,0.150653
84,38,54,0.435484,0.148070,7.389946,70,51,0.743580
84,39,68,0.548387,0.146229,8.472892,56,25,0.191173
84,40,54,0.435484,0.182957,6.738008,70,51,0.239190
84,41,56,0.451613,0.089934,6.990262,68,34,0.117575
84,42,57,0.459677,0.082148,7.230249,67,36,0.107397
84,43,63,0.508065,0.073608,8.222715,61,29,0.096232
84,44,64,0.516129,0.129676,8.741350,60,28,0.169533
84,45,65,0.524194,0.184326,8.640491,59,32,0.240980
84,46,67,0.540323,0.154842,8.941083,57,26,0.202433
84,47,70,0.564516,0.090281,9.023681,54,25,0.118029
84,48,61,0.491935,0.155494,7.889647,63,31,0.203285
84,49,60,0.483871,0.121092,7.928235,64,30,0.158311
84,50,66,0.532258,0.181346,8.435882,58,27,0.237084
84,51,60,0.483871,0.149631,7.334366,64,30,0.195620
84,52,58,0.467742,0.072917,7.293382,66,36,0.095328
84,53,73,0.588710,0.268051,9.946193,51,25,0.350438
84,54,59,0.475806,0.095506,7.497775,65,36,0.124860
84,55,67,0.540323,0.114315,8.738389,57,23,0.149451
84,56,67,0.540323,0.116806,9.237433,57,27,0.152707
84,57,69,0.556452,0.172894,8.683007,55,26,0.226034
84,58,69,0.556452,0.184441,9.377796,55,26,0.241130
84,59,64,0.516129,0.117249,8.435039,60,31,0.153287
84,60,61,0.491935,0.209728,8.429067,63,28,0.274190
84,61,60,0.483871,0.090096,8.149063,64,36,0.117788
84,62,57,0.459677,0.000000,7.024227,67,44,0.000000
84,63,61,0.491935,0.107921,8.073973,63,32,0.141092
84,64,67,0.540323,0.199916,8.603866,57,30,0.261361
84,65,68,0.548387,0.106723,8.378329,56,28,0.139525
84,66,59,0.475806,0.165531,7.828761,65,33,0.216408
84,67,62,0.500000,0.128878,7.802631,62,30,0.168489
84,68,55,0.443548,0.086323,7.296850,69,42,0.112855
84,69,54,0.435484,0.128703,6.898995,70,50,0.168261
84,70,56,0.451613,0.000000,7.705838,68,31,0.000000
84,71,59,0.475806,0.184743,7.706408,65,29,0.241525
84,72,58,0.467742,0.068762,7.410972,66,33,0.089896
84,73,58,0.467742,0.056235,7.565625,66,48,0.073519
84,74,55,0.443548,0.153943,7.186091,69,44,0.201258
84,75,51,0.411290,0.054519,6.839484,73,65,0.071276
84,76,56,0.451613,0.129362,7.070341,68,29,0.169122
84,77,64,0.516129,0.078013,7.935540,60,22,0.101991
84,78,69,0.556452,0.106679,9.010259,55,26,0.139468
84,79,63,0.508065,0.058737,8.268903,61,27,0.076790
84,80,59,0.475806,0.062015,7.750365,65,39,0.081076
84,81,61,0.491935,0.077185,8.098506,63,30,0.100909
84,82,62,0.500000,0.106181,8.355583,62,30,0.138816
84,83,67,0.540323,0.231022,8.829283,57,28,0.302028
84,84,67,0.540323,0.062158,8.575323,57,25,0.081263
84,85,57,0.459677,0.085603,7.625352,67,44,0.111913
84,86,64,0.516129,0.121548,8.605747,60,27,0.158907
84,87,53,0.427419,0.033784,6.831988,71,63,0.044168
84,88,55,0.443548,0.079914,7.563771,69,41,0.104476
84,89,56,0.451613,0.038764,7.446786,68,34,0.050678
84,90,66,0.532258,0.107772,8.228272,58,29,0.140897
84,91,60,0.483871,0.198186,8.242222,64,35,0.259099
84,92,69,0.556452,0.118691,8.853883,55,30,0.705171
84,93,63,0.508065,0.227520,8.186809,61,28,0.847450
84,94,60,0.483871,0.155771,7.769828,64,34,0.203648
84,95,59,0.475806,0.143492,7.661909,65,37,0.187595
84,96,53,0.427419,0.131269,7.404128,71,37,0.171616
84,97,66,0.532258,0.220133,9.228746,58,29,0.287792
84,98,60,0.483871,0.114607,7.520684,64,31,0.149833
84,99,72,0.580645,0.206933,9.549499,52,25,0.270535
84,100,61,0.491935,0.158703,7.753025,63,25,0.207482
84,101,64,0.516129,0.128065,8.388974,60,25,0.167426
84,102,69,0.556452,0.227504,9.312572,55,27,0.297428
84,103,64,0.516129,0.137902,8.669997,60,28,0.180287
84,104,58,0.467742,0.073933,7.595342,66,32,0.096657
84,105,68,0.548387,0.166815,9.665470,56,32,0.218087
84,106,53,0.427419,0.012519,6.755872,71,80,0.016366
84,107,64,0.516129,0.152796,8.237145,60,24,0.199759
84,108,61,0.491935,0.119804,7.566993,63,29,0.156626
84,109,63,0.508065,0.026758,8.175734,61,30,0.034982
84,110,57,0.459677,0.164162,7.356607,67,36,0.214618
84,111,62,0.500000,0.128057,7.968284,62,31,0.167416
84,112,61,0.491935,0.133252,7.586733,63,34,0.174208
84,113,70,0.564516,0.208839,9.372383,54,24,0.273027
84,114,64,0.516129,0.062094,7.992270,60,28,0.081179
84,115,58,0.467742,0.113415,7.779051,66,32,0.148274
84,116,51,0.411290,0.101140,7.452975,73,66,0.132226
84,117,63,0.508065,0.058268,8.196702,61,29,0.076178
84,118,56,0.451613,0.149031,7.322666,68,41,0.194836
84,119,60,0.483871,0.147648,8.238421,64,30,0.193028
84,120,60,0.483871,0.179529,8.401280,64,36,0.234708
84,121,65,0.524194,0.140044,8.417826,59,24,0.183087
84,122,71,0.572581,0.172626,9.770676,53,26,0.225683
84,123,58,0.467742,0.094882,7.880520,66,37,0.124044
84,124,63,0.508065,0.064847,7.965463,61,27,0.084779
85,0,72,0.580645,0.283439,10.031476,52,26,0.440716
85,1,68,0.548387,0.233210,9.565332,56,29,0.362616
85,2,68,0.548387,0.125594,8.988617,56,25,0.195285
85,3,65,0.524194,0.118943,8.358039,59,25,0.184943
85,4,55,0.443548,0.102570,7.521476,69,36,0.159486
85,5,67,0.540323,0.147746,9.694509,57,30,0.779729
85,6,61,0.491935,0.120448,8.301819,63,28,0.187284
85,7,59,0.475806,0.115000,7.480796,65,32,0.178813
85,8,61,0.491935,0.096667,7.594926,63,28,0.150307
85,9,67,0.540323,0.101353,8.718202,57,23,0.157593
85,10,61,0.491935,0.180037,8.411582,63,34,0.279938
85,11,63,0.508065,0.174981,8.712097,61,29,0.272077
85,12,64,0.516129,0.098489,8.493283,60,28,0.153140
85,13,60,0.483871,0.090896,7.692976,64,31,0.141333
85,14,60,0.483871,0.120623,8.093843,64,30,0.187556
85,15,62,0.500000,0.030254,7.920738,62,33,0.047041
85,16,71,0.572581,0.162056,9.091041,53,25,0.251980
85,17,73,0.588710,0.289409,9.941364,51,25,0.450000
85,18,65,0.524194,0.134502,8.347321,59,30,0.209135
85,19,58,0.467742,0.102610,7.390503,66,32,0.159547
85,20,65,0.524194,0.169540,8.521924,59,25,0.263616
85,21,60,0.483871,0.063969,7.909395,64,32,0.099464
85,22,66,0.532258,0.132784,8.690669,58,26,0.206464
85,23,75,0.604839,0.128528,9.072223,49,25,0.749846
85,24,61,0.491935,0.125118,7.797840,63,30,0.194545
85,25,74,0.596774,0.197417,9.874950,50,24,0.306961
85,26,56,0.451613,0.098470,7.364227,68,44,0.153111
85,27,68,0.548387,0.194988,8.909413,56,23,0.303185
85,28,57,0.459677,0.017461,7.059129,67,31,0.027150
85,29,64,0.516129,0.143885,8.251308,60,28,0.223726
85,30,57,0.459677,0.158641,7.572751,67,42,0.796669
85,31,56,0.451613,0.113543,7.413347,68,45,0.176547
85,32,73,0.588710,0.217419,9.656835,51,27,0.338062
85,33,62,0.500000,0.119389,8.191111,62,31,0.185637
85,34,62,0.500000,0.146993,7.884262,62,28,0.228559
85,35,65,0.524194,0.127505,8.234936,59,26,0.198257
85,36,60,0.483871,0.087969,7.906239,64,36,0.136781
85,37,64,0.516129,0.114305,8.059096,60,26,0.177732
85,38,54,0.435484,0.138801,7.361097,70,52,0.765821
85,39,68,0.548387,0.141782,8.473476,56,25,0.770455
85,40,54,0.435484,0.171184,6.780779,70,51,0.266172
85,41,56,0.451613,0.073533,7.042760,68,34,0.114336
85,42,57,0.459677,0.105369,7.418761,67,36,0.163837
85,43,63,0.508065,0.117198,8.133895,61,29,0.182231
85,44,64,0.516129,0.149908,8.640368,60,28,0.233091
85,45,65,0.524194,0.192186,8.908964,59,32,0.298828
85,46,67,0.540323,0.140530,8.850930,57,26,0.218509
85,47,70,0.564516,0.084661,9.000435,54,25,0.131639
85,48,61,0.491935,0.165466,8.088627,63,31,0.257282
85,49,60,0.483871,0.139428,8.003183,64,30,0.216795
85,50,66,0.532258,0.160577,8.425260,58,27,0.249679
85,51,60,0.483871,0.153137,7.392196,64,30,0.238112
85,52,58,0.467742,0.085848,7.491308,66,36,0.133484
85,53,73,0.588710,0.268601,9.868752,51,25,0.417646
85,54,59,0.475806,0.074235,7.495435,65,36,0.115427
85,55,67,0.540323,0.080993,8.667920,57,23,0.125935
85,56,67,0.540323,0.114146,9.125995,57,27,0.177485
85,57,69,0.556452,0.179645,8.844736,55,26,0.279329
85,58,69,0.556452,0.169106,9.295457,55,26,0.262941
85,59,64,0.516129,0.136442,8.467979,60,31,0.212153
85,60,61,0.491935,0.224989,8.481383,63,28,0.349833
85,61,60,0.483871,0.093697,8.029212,64,36,0.145688
85,62,57,0.459677,0.000000,7.140029,67,44,0.000000
85,63,61,0.491935,0.123033,8.145575,63,32,0.191303
85,64,67,0.540323,0.184362,8.517234,57,30,0.286663
85,65,68,0.548387,0.056363,8.259126,56,28,0.087639
85,66,59,0.475806,0.174778,7.910949,65,33,0.271761
85,67,62,0.500000,0.143178,8.100359,62,30,0.222627
85,68,55,0.443548,0.057331,7.051358,69,42,0.089144
85,69,54,0.435484,0.095439,6.717144,70,50,0.148398
85,70,56,0.451613,0.022349,7.639333,68,31,0.034751
85,71,59,0.475806,0.205953,7.890864,65,29,0.320234
85,72,58,0.467742,0.101809,7.725336,66,33,0.158302
85,73,58,0.467742,0.077204,7.804621,66,48,0.120044
85,74,55,0.443548,0.174637,7.344962,69,44,0.271541
85,75,51,0.411290,0.080311,6.836674,73,65,0.124875
85,76,56,0.451613,0.163682,7.213666,68,29,0.254507
85,77,64,0.516129,0.070692,7.893557,60,22,0.109918
85,78,69,0.556452,0.160617,9.128442,55,26,0.249742
85,79,63,0.508065,0.084124,8.434826,61,27,0.130804
85,80,59,0.475806,0.069330,7.625318,65,39,0.107800
85,81,61,0.491935,0.108897,8.165894,63,30,0.169323
85,82,62,0.500000,0.102583,8.255752,62,30,0.159506
85,83,67,0.540323,0.214851,8.580250,57,28,0.334070
85,84,67,0.540323,0.118183,8.658507,57,25,0.183762
85,85,57,0.459677,0.093042,7.800657,67,44,0.144670
85,86,64,0.516129,0.085509,8.390208,60,27,0.132957
85,87,53,0.427419,0.051512,6.837099,71,63,0.080095
85,88,55,0.443548,0.110016,7.735193,69,41,0.171062
85,89,56,0.451613,0.035863,7.203477,68,34,0.055763
85,90,66,0.532258,0.150049,8.318019,58,29,0.233310
85,91,60,0.483871,0.126850,8.042862,64,35,0.197239
85,92,69,0.556452,0.110126,8.810058,55,31,0.171234
85,93,63,0.508065,0.186631,8.150855,61,29,0.290190
85,94,60,0.483871,0.121537,7.640026,64,34,0.188977
85,95,59,0.475806,0.119165,7.341448,65,37,0.185288
85,96,53,0.427419,0.121272,7.423189,71,37,0.738565
85,97,66,0.532258,0.179220,9.104662,58,29,0.278667
85,98,60,0.483871,0.103306,7.345420,64,31,0.160630
85,99,72,0.580645,0.201754,9.349623,52,25,0.313706
85,100,61,0.491935,0.147367,7.782585,63,25,0.229139
85,101,64,0.516129,0.133824,8.137285,60,25,0.208082
85,102,69,0.556452,0.253434,9.437788,55,27,0.394062
85,103,64,0.516129,0.139406,8.750276,60,28,0.216760
85,104,58,0.467742,0.089090,7.732432,66,32,0.138525
85,105,68,0.548387,0.154229,9.411541,56,32,0.239809
85,106,53,0.427419,0.035912,6.791440,71,80,0.055839
85,107,64,0.516129,0.186747,8.179080,60,24,0.840371
85,108,61,0.491935,0.078062,7.886148,63,29,0.121378
85,109,63,0.508065,0.055885,8.344641,61,30,0.086896
85,110,57,0.459677,0.168024,7.184692,67,36,0.261258
85,111,62,0.500000,0.177125,8.290837,62,31,0.275410
85,112,61,0.491935,0.112465,7.783086,63,34,0.174870
85,113,70,0.564516,0.208403,9.243201,54,24,0.324044
85,114,64,0.516129,0.083156,8.029272,60,28,0.129299
85,115,58,0.467742,0.131574,7.620108,66,32,0.204584
85,116,51,0.411290,0.071005,7.337348,73,66,0.110405
85,117,63,0.508065,0.035422,8.030632,61,29,0.055077
85,118,56,0.451613,0.116222,7.279773,68,41,0.180712
85,119,60,0.483871,0.146583,8.111223,64,30,0.227920
85,120,60,0.483871,0.129108,8.029735,64,36,0.200749
85,121,65,0.524194,0.151973,8.508618,59,24,0.786301
85,122,71,0.572581,0.213327,9.719677,53,26,0.331700
85,123,58,0.467742,0.104817,7.807241,66,37,0.162979
85,124,63,0.508065,0.036492,7.938954,61,27,0.056741
86,0,72,0.580645,0.288082,9.860738,52,26,0.450000
86,1,68,0.548387,0.191338,9.382111,56,29,0.298880
86,2,68,0.548387,0.113441,8.782531,56,25,0.177201
86,3,65,0.524194,0.148490,8.617142,59,25,0.231950
86,4,55,0.443548,0.080816,7.654436,69,36,0.126239
86,5,67,0.540323,0.156483,9.549552,57,31,0.244436
86,6,61,0.491935,0.082683,8.260577,63,28,0.129156
86,7,59,0.475806,0.137323,7.554872,65,32,0.214506
86,8,61,0.491935,0.135130,7.770131,63,28,0.211080
86,9,67,0.540323,0.081116,8.319963,57,23,0.126708
86,10,61,0.491935,0.123131,8.261232,63,34,0.192338
86,11,63,0.508065,0.152130,8.501345,61,29,0.787635
86,12,64,0.516129,0.083444,8.333121,60,28,0.130343
86,13,60,0.483871,0.119259,7.656745,64,31,0.186288
86,14,60,0.483871,0.134930,8.236905,64,30,0.210768
86,15,62,0.500000,0.042378,8.002970,62,33,0.066197
86,16,71,0.572581,0.186577,9.199603,53,25,0.291444
86,17,73,0.588710,0.252561,9.933621,51,25,0.394514
86,18,65,0.524194,0.175001,8.507807,59,30,0.273361
86,19,58,0.467742,0.117824,7.379404,66,32,0.184047
86,20,65,0.524194,0.171382,8.452723,59,25,0.267708
86,21,60,0.483871,0.078911,8.113058,64,32,0.123263
86,22,66,0.532258,0.218973,8.890579,58,26,0.342048
86,23,75,0.604839,0.138659,9.245551,49,26,0.216592
86,24,61,0.491935,0.079078,7.499570,63,30,0.123523
86,25,74,0.596774,0.151292,9.795621,50,24,0.236326
86,26,56,0.451613,0.119393,7.733031,68,44,0.186499
86,27,68,0.548387,0.177208,8.828244,56,23,0.276808
86,28,57,0.459677,0.000000,7.217002,67,31,0.000000
86,29,64,0.516129,0.111992,8.072539,60,28,0.174938
86,30,57,0.459677,0.150594,7.632091,67,43,0.235236
86,31,56,0.451613,0.105152,7.254966,68,45,0.164253
86,32,73,0.588710,0.232846,9.701613,51,27,0.363719
86,33,62,0.500000,0.096180,8.230868,62,31,0.150239
86,34,62,0.500000,0.175155,8.282262,62,28,0.273602
86,35,65,0.524194,0.096363,8.134266,59,26,0.150523
86,36,60,0.483871,0.091076,7.785703,64,36,0.142266
86,37,64,0.516129,0.109398,8.053722,60,26,0.170886
86,38,54,0.435484,0.103845,7.410224,70,53,0.162212
86,39,68,0.548387,0.116274,8.265403,56,26,0.181627
86,40,54,0.435484,0.163379,6.791939,70,51,0.255207
86,41,56,0.451613,0.090148,6.958757,68,34,0.140815
86,42,57,0.459677,0.131509,7.335582,67,36,0.205424
86,43,63,0.508065,0.061906,8.187228,61,29,0.096701
86,44,64,0.516129,0.139752,8.752556,60,28,0.218301
86,45,65,0.524194,0.207363,8.736716,59,32,0.323912
86,46,67,0.540323,0.196738,8.809654,57,26,0.307316
86,47,70,0.564516,0.057922,8.749203,54,25,0.090477
86,48,61,0.491935,0.164480,8.196052,63,31,0.256927
86,49,60,0.483871,0.148643,7.949881,64,30,0.232188
86,50,66,0.532258,0.185374,8.574625,58,27,0.289564
86,51,60,0.483871,0.098182,7.338302,64,30,0.153366
86,52,58,0.467742,0.073136,7.340463,66,36,0.114242
86,53,73,0.588710,0.249753,9.846806,51,25,0.390127
86,54,59,0.475806,0.094526,7.685986,65,36,0.147655
86,55,67,0.540323,0.131743,8.981816,57,23,0.205790
86,56,67,0.540323,0.166524,8.945015,57,27,0.260119
86,57,69,0.556452,0.184742,8.887203,55,26,0.838577
86,58,69,0.556452,0.147195,9.089187,55,26,0.229927
86,59,64,0.516129,0.121607,8.169628,60,31,0.189957
86,60,61,0.491935,0.229293,8.602075,63,28,0.908168
86,61,60,0.483871,0.090846,8.035419,64,36,0.141906
86,62,57,0.459677,0.000000,6.879836,67,44,0.000000
86,63,61,0.491935,0.123861,8.214009,63,32,0.193478
86,64,67,0.540323,0.208048,8.710556,57,30,0.324982
86,65,68,0.548387,0.136689,8.457417,56,28,0.213516
86,66,59,0.475806,0.163633,7.927879,65,33,0.255604
86,67,62,0.500000,0.127570,7.894946,62,30,0.199271
86,68,55,0.443548,0.052298,7.110016,69,42,0.081692
86,69,54,0.435484,0.115985,6.683955,70,50,0.181174
86,70,56,0.451613,0.066679,7.594755,68,31,0.104157
86,71,59,0.475806,0.184618,7.874249,65,29,0.288383
86,72,58,0.467742,0.126924,7.796249,66,33,0.198262
86,73,58,0.467742,0.078117,7.758929,66,48,0.122023
86,74,55,0.443548,0.128374,7.378087,69,44,0.200527
86,75,51,0.411290,0.067559,6.668729,73,65,0.105530
86,76,56,0.451613,0.161589,7.262428,68,29,0.252410
86,77,64,0.516129,0.065429,7.963402,60,22,0.102203
86,78,69,0.556452,0.144349,8.948746,55,26,0.225482
86,79,63,0.508065,0.099656,8.403188,61,27,0.155668
86,80,59,0.475806,0.021674,7.614522,65,39,0.033855
86,81,61,0.491935,0.126097,8.185481,63,30,0.196971
86,82,62,0.500000,0.200189,8.312954,62,30,0.862706
86,83,67,0.540323,0.190406,8.797639,57,28,0.297424
86,84,67,0.540323,0.150830,8.846259,57,25,0.235605
86,85,57,0.459677,0.123617,7.587252,67,44,0.193097
86,86,64,0.516129,0.118860,8.467637,60,27,0.185666
86,87,53,0.427419,0.000000,6.587341,71,63,0.000000
86,88,55,0.443548,0.074988,7.559511,69,41,0.117135
86,89,56,0.451613,0.035039,7.253732,68,34,0.054733
86,90,66,0.532258,0.108227,8.083293,58,29,0.169056
86,91,60,0.483871,0.168965,7.856236,64,35,0.263933
86,92,69,0.556452,0.117449,8.789927,55,31,0.183461
86,93,63,0.508065,0.136423,7.946959,61,29,0.763100
86,94,60,0.483871,0.106710,7.617084,64,34,0.166687
86,95,59,0.475806,0.147064,7.757992,65,37,0.229722
86,96,53,0.427419,0.100302,7.425545,71,38,0.156677
86,97,66,0.532258,0.216737,9.190522,58,29,0.338555
86,98,60,0.483871,0.126102,7.328210,64,31,0.746978
86,99,72,0.580645,0.201309,9.499432,52,25,0.314456
86,100,61,0.491935,0.126260,7.534634,63,25,0.197225
86,101,64,0.516129,0.098274,8.217597,60,25,0.153509
86,102,69,0.556452,0.244008,9.343975,55,27,0.381153
86,103,64,0.516129,0.145598,8.897666,60,28,0.227432
86,104,58,0.467742,0.091227,7.693414,66,32,0.142502
86,105,68,0.548387,0.168566,9.420873,56,32,0.263310
86,106,53,0.427419,0.047738,6.952657,71,80,0.074569
86,107,64,0.516129,0.110417,8.055970,60,25,0.172477
86,108,61,0.491935,0.110777,8.025817,63,29,0.173040
86,109,63,0.508065,0.013473,8.092381,61,30,0.021046
86,110,57,0.459677,0.154710,7.202489,67,36,0.241665
86,111,62,0.500000,0.182982,8.331277,62,31,0.285828
86,112,61,0.491935,0.136341,7.642305,63,34,0.212972
86,113,70,0.564516,0.213835,9.208715,54,24,0.334022
86,114,64,0.516129,0.126810,8.197137,60,28,0.198084
86,115,58,0.467742,0.181948,7.769383,66,32,0.284212
86,116,51,0.411290,0.105287,7.237604,73,66,0.164464
86,117,63,0.508065,0.007292,8.118700,61,29,0.011390
86,118,56,0.451613,0.137372,7.499535,68,41,0.214582
86,119,60,0.483871,0.169587,8.081950,64,30,0.814903
86,120,60,0.483871,0.127625,8.051696,64,36,0.199357
86,121,65,0.524194,0.123425,8.362401,59,25,0.192797
86,122,71,0.572581,0.145351,9.598028,53,26,0.227046
86,123,58,0.467742,0.092708,7.849240,66,37,0.144815
86,124,63,0.508065,0.040267,8.026957,61,27,0.062899
87,0,72,0.580645,0.276726,9.832662,52,26,0.450000
87,1,68,0.548387,0.174240,9.571327,56,29,0.283342
87,2,68,0.548387,0.096987,8.714521,56,25,0.157715
87,3,65,0.524194,0.122569,8.613931,59,25,0.749316
87,4,55,0.443548,0.091253,7.199744,69,36,0.148392
87,5,67,0.540323,0.149176,9.486149,57,31,0.242583
87,6,61,0.491935,0.108548,8.417377,63,28,0.176516
87,7,59,0.475806,0.090239,7.334244,65,32,0.146742
87,8,61,0.491935,0.150034,7.786357,63,28,0.243978
87,9,67,0.540323,0.128549,8.461477,57,23,0.209041
87,10,61,0.491935,0.121874,8.153804,63,34,0.198186
87,11,63,0.508065,0.149174,8.517144,61,30,0.242580
87,12,64,0.516129,0.059309,7.979287,60,28,0.096447
87,13,60,0.483871,0.119990,7.775544,64,31,0.195123
87,14,60,0.483871,0.121389,8.257603,64,30,0.197397
87,15,62,0.500000,0.024553,7.758159,62,33,0.039926
87,16,71,0.572581,0.129697,9.267706,53,25,0.210908
87,17,73,0.588710,0.243799,9.767742,51,25,0.396455
87,18,65,0.524194,0.160578,8.347123,59,30,0.261125
87,19,58,0.467742,0.122666,7.387125,66,32,0.749474
87,20,65,0.524194,0.202478,8.485411,59,25,0.329262
87,21,60,0.483871,0.055722,7.918583,64,32,0.090613
87,22,66,0.532258,0.222846,9.104899,58,26,0.362383
87,23,75,0.604839,0.192688,9.456734,49,26,0.313342
87,24,61,0.491935,0.131480,7.779706,63,30,0.213807
87,25,74,0.596774,0.225206,9.813343,50,24,0.366220
87,26,56,0.451613,0.122316,7.482488,68,44,0.198905
87,27,68,0.548387,0.194664,8.746415,56,23,0.316554
87,28,57,0.459677,0.000000,7.134396,67,31,0.000000
87,29,64,0.516129,0.146709,8.227417,60,28,0.238572
87,30,57,0.459677,0.063280,7.431520,67,43,0.102903
87,31,56,0.451613,0.132591,7.530137,68,45,0.215615
87,32,73,0.588710,0.208218,9.754939,51,27,0.338596
87,33,62,0.500000,0.078707,8.105697,62,31,0.127989
87,34,62,0.500000,0.163351,8.112566,62,28,0.265635
87,35,65,0.524194,0.118667,8.070817,59,26,0.192972
87,36,60,0.483871,0.141441,7.874079,64,36,0.230005
87,37,64,0.516129,0.155091,8.156321,60,26,0.802202
87,38,54,0.435484,0.104780,7.182095,70,53,0.170389
87,39,68,0.548387,0.128197,8.588029,56,26,0.208469
87,40,54,0.435484,0.150746,6.865262,70,51,0.245137
87,41,56,0.451613,0.102127,7.357784,68,34,0.166075
87,42,57,0.459677,0.149777,7.401082,67,36,0.243561
87,43,63,0.508065,0.081215,8.422914,61,29,0.132068
87,44,64,0.516129,0.133662,8.560245,60,28,0.217356
87,45,65,0.524194,0.212296,8.750776,59,32,0.345227
87,46,67,0.540323,0.177997,9.022762,57,26,0.289451
87,47,70,0.564516,0.000000,8.886564,54,25,0.000000
87,48,61,0.491935,0.195792,8.324368,63,31,0.318388
87,49,60,0.483871,0.140516,7.949864,64,30,0.228502
87,50,66,0.532258,0.207056,8.510331,58,27,0.336706
87,51,60,0.483871,0.099152,7.533430,64,30,0.161237
87,52,58,0.467742,0.117735,7.612883,66,36,0.191455
87,53,73,0.588710,0.196392,9.626152,51,25,0.319364
87,54,59,0.475806,0.122343,7.840475,65,36,0.198949
87,55,67,0.540323,0.083979,8.704641,57,23,0.136564
87,56,67,0.540323,0.140496,8.679046,57,27,0.228468
87,57,69,0.556452,0.145016,8.926618,55,27,0.235819
87,58,69,0.556452,0.114399,8.944718,55,26,0.186030
87,59,64,0.516129,0.115774,8.262343,60,31,0.188266
87,60,61,0.491935,0.199415,8.579282,63,29,0.324281
87,61,60,0.483871,0.102841,8.189121,64,36,0.167236
87,62,57,0.459677,0.000000,7.072859,67,44,0.000000
87,63,61,0.491935,0.115741,8.013066,63,32,0.188213
87,64,67,0.540323,0.181456,8.398131,57,30,0.295076
87,65,68,0.548387,0.121895,8.527908,56,28,0.198221
87,66,59,0.475806,0.196702,8.307351,65,33,0.319869
87,67,62,0.500000,0.180907,8.147079,62,30,0.294183
87,68,55,0.443548,0.029992,6.870386,69,42,0.048771
87,69,54,0.435484,0.097343,6.568498,70,50,0.158295
87,70,56,0.451613,0.055081,7.509590,68,31,0.089571
87,71,59,0.475806,0.171875,8.130924,65,29,0.829496
87,72,58,0.467742,0.116705,7.734488,66,33,0.189781
87,73,58,0.467742,0.080187,7.839146,66,48,0.680397
87,74,55,0.443548,0.126120,7.579118,69,44,0.205090
87,75,51,0.411290,0.049185,6.483941,73,65,0.079983
87,76,56,0.451613,0.191067,7.084358,68,29,0.310706
87,77,64,0.516129,0.091023,8.193022,60,22,0.148018
87,78,69,0.556452,0.173770,8.931482,55,26,0.282577
87,79,63,0.508065,0.082221,8.451705,61,27,0.133704
87,80,59,0.475806,0.000000,7.303055,65,39,0.000000
87,81,61,0.491935,0.167594,8.179679,63,30,0.272535
87,82,62,0.500000,0.136396,7.872163,62,31,0.221801
87,83,67,0.540323,0.166253,8.493875,57,28,0.270353
87,84,67,0.540323,0.143262,8.861389,57,25,0.232966
87,85,57,0.459677,0.123682,7.507387,67,44,0.201126
87,86,64,0.516129,0.072087,8.304329,60,27,0.117225
87,87,53,0.427419,0.038134,6.776210,71,63,0.062011
87,88,55,0.443548,0.060302,7.534141,69,41,0.098060
87,89,56,0.451613,0.002255,7.141156,68,34,0.003667
87,90,66,0.532258,0.124820,8.193707,58,29,0.202977
87,91,60,0.483871,0.139626,8.025293,64,35,0.227053
87,92,69,0.556452,0.133796,9.052300,55,31,0.217573
87,93,63,0.508065,0.131330,7.916636,61,30,0.213564
87,94,60,0.483871,0.086162,7.734184,64,34,0.140113
87,95,59,0.475806,0.098831,7.420176,65,37,0.160715
87,96,53,0.427419,0.109991,7.502717,71,38,0.728862
87,97,66,0.532258,0.218942,9.159665,58,29,0.906033
87,98,60,0.483871,0.103806,7.497375,64,32,0.168805
87,99,72,0.580645,0.176915,9.264866,52,25,0.287691
87,100,61,0.491935,0.120106,7.707057,63,25,0.195311
87,101,64,0.516129,0.067114,8.116681,60,25,0.109138
87,102,69,0.556452,0.251938,9.403049,55,27,0.409690
87,103,64,0.516129,0.146721,8.597953,60,28,0.238591
87,104,58,0.467742,0.117405,7.853203,66,32,0.190919
87,105,68,0.548387,0.176571,9.291048,56,32,0.287133
87,106,53,0.427419,0.067224,7.025945,71,80,0.659316
87,107,64,0.516129,0.102939,8.203467,60,25,0.167395
87,108,61,0.491935,0.138315,8.346336,63,29,0.224922
87,109,63,0.508065,0.094386,8.305818,61,30,0.153487
87,110,57,0.459677,0.123587,7.124329,67,36,0.200972
87,111,62,0.500000,0.105119,7.979829,62,31,0.170941
87,112,61,0.491935,0.117674,7.916687,63,34,0.191357
87,113,70,0.564516,0.199032,9.093036,54,24,0.323658
87,114,64,0.516129,0.160453,8.220418,60,28,0.260922
87,115,58,0.467742,0.192255,7.799571,66,32,0.312636
87,116,51,0.411290,0.105991,7.064161,73,66,0.172358
87,117,63,0.508065,0.043942,8.151179,61,29,0.071457
87,118,56,0.451613,0.154851,7.473121,68,41,0.801812
87,119,60,0.483871,0.134862,7.928716,64,31,0.219307
87,120,60,0.483871,0.145585,7.976423,64,36,0.236745
87,121,65,0.524194,0.148948,8.442760,59,25,0.242214
87,122,71,0.572581,0.265861,9.861440,53,26,0.432332
87,123,58,0.467742,0.105357,7.875159,66,37,0.171327
87,124,63,0.508065,0.079602,7.915920,61,27,0.129446
88,0,72,0.580645,0.301034,9.869605,52,26,0.450000
88,1,68,0.548387,0.167064,9.420116,56,29,0.249736
88,2,68,0.548387,0.114198,8.700013,56,25,0.170708
88,3,65,0.524194,0.084400,8.641213,59,26,0.126165
88,4,55,0.443548,0.090852,7.261968,69,36,0.135810
88,5,67,0.540323,0.168498,9.529310,57,31,0.251878
88,6,61,0.491935,0.131253,8.398614,63,28,0.196204
88,7,59,0.475806,0.086352,7.430556,65,32,0.129084
88,8,61,0.491935,0.124158,7.779786,63,28,0.185597
88,9,67,0.540323,0.132668,8.408154,57,23,0.198318
88,10,61,0.491935,0.148598,8.104917,63,34,0.222131
88,11,63,0.508065,0.134077,8.425744,61,30,0.200424
88,12,64,0.516129,0.044940,7.970997,60,28,0.067178
88,13,60,0.483871,0.115270,7.679475,64,31,0.172311
88,14,60,0.483871,0.113607,8.276772,64,30,0.169825
88,15,62,0.500000,0.041478,7.877942,62,33,0.062004
88,16,71,0.572581,0.198386,9.378236,53,25,0.296557
88,17,73,0.588710,0.220760,9.690818,51,25,0.330003
88,18,65,0.524194,0.182021,8.372819,59,30,0.822094
88,19,58,0.467742,0.123444,7.476704,66,33,0.184530
88,20,65,0.524194,0.205957,8.243926,59,25,0.857875
88,21,60,0.483871,0.039245,7.773870,64,32,0.058665
88,22,66,0.532258,0.187398,8.710284,58,26,0.280131
88,23,75,0.604839,0.148245,9.303692,49,26,0.221603
88,24,61,0.491935,0.135088,7.775636,63,30,0.751935
88,25,74,0.596774,0.252519,9.995909,50,24,0.377477
88,26,56,0.451613,0.122065,7.456414,68,44,0.182468
88,27,68,0.548387,0.180298,8.592321,56,23,0.819518
88,28,57,0.459677,0.000000,7.113394,67,31,0.000000
88,29,64,0.516129,0.158169,8.201824,60,28,0.236439
88,30,57,0.459677,0.025074,7.398990,67,43,0.037482
88,31,56,0.451613,0.119951,7.618374,68,45,0.179308
88,32,73,0.588710,0.214915,9.918545,51,27,0.321265
88,33,62,0.500000,0.113486,8.233540,62,31,0.169644
88,34,62,0.500000,0.173436,7.935281,62,28,0.259261
88,35,65,0.524194,0.111984,8.170222,59,26,0.167399
88,36,60,0.483871,0.135824,7.909153,64,36,0.203036
88,37,64,0.516129,0.096494,8.179751,60,27,0.144244
88,38,54,0.435484,0.123099,7.353338,70,53,0.184014
88,39,68,0.548387,0.181935,8.812809,56,26,0.271965
88,40,54,0.435484,0.138740,6.866632,70,51,0.207395
88,41,56,0.451613,0.104222,7.273467,68,34,0.155796
88,42,57,0.459677,0.153094,7.493629,67,36,0.228852
88,43,63,0.508065,0.078071,8.565293,61,29,0.116704
88,44,64,0.516129,0.144025,8.512841,60,28,0.215296
88,45,65,0.524194,0.189038,8.718885,59,32,0.282584
88,46,67,0.540323,0.153447,8.968656,57,26,0.229380
88,47,70,0.564516,0.044741,8.924714,54,25,0.066880
88,48,61,0.491935,0.142807,8.272703,63,31,0.213475
88,49,60,0.483871,0.109612,7.696610,64,30,0.163854
88,50,66,0.532258,0.214398,8.416220,58,27,0.320492
88,51,60,0.483871,0.117727,7.699212,64,30,0.175984
88,52,58,0.467742,0.155263,7.604765,66,36,0.232094
88,53,73,0.588710,0.169433,9.255051,51,25,0.253277
88,54,59,0.475806,0.119517,7.681188,65,36,0.178660
88,55,67,0.540323,0.053174,8.979590,57,23,0.079487
88,56,67,0.540323,0.183785,8.886983,57,27,0.274730
88,57,69,0.556452,0.188950,8.985928,55,27,0.282452
88,58,69,0.556452,0.119574,8.867088,55,26,0.178745
88,59,64,0.516129,0.094559,8.260467,60,31,0.141351
88,60,61,0.491935,0.176685,8.423926,63,29,0.264117
88,61,60,0.483871,0.120038,8.331781,64,36,0.179439
88,62,57,0.459677,0.000000,6.973297,67,44,0.000000
88,63,61,0.491935,0.119108,8.097122,63,32,0.178048
88,64,67,0.540323,0.194400,8.552078,57,30,0.290598
88,65,68,0.548387,0.129327,8.567575,56,28,0.193324
88,66,59,0.475806,0.182332,8.114467,65,33,0.272559
88,67,62,0.500000,0.167483,8.129422,62,30,0.800361
88,68,55,0.443548,0.047352,7.053173,69,42,0.070784
88,69,54,0.435484,0.108524,6.632841,70,50,0.162227
88,70,56,0.451613,0.032514,7.490292,68,31,0.048603
88,71,59,0.475806,0.171778,8.003124,65,30,0.256781
88,72,58,0.467742,0.117298,7.743085,66,33,0.175342
88,73,58,0.467742,0.038262,7.826564,66,49,0.057197
88,74,55,0.443548,0.089753,7.485804,69,44,0.134166
88,75,51,0.411290,0.035667,6.363194,73,65,0.053316
88,76,56,0.451613,0.206437,7.021162,68,29,0.858591
88,77,64,0.516129,0.120055,8.124922,60,22,0.179464
88,78,69,0.556452,0.113886,8.788034,55,26,0.170242
88,79,63,0.508065,0.046242,8.311270,61,27,0.069125
88,80,59,0.475806,0.020675,7.401126,65,39,0.030906
88,81,61,0.491935,0.192403,8.321395,63,30,0.287614
88,82,62,0.500000,0.174495,8.169946,62,31,0.260844
88,83,67,0.540323,0.177043,8.610780,57,28,0.264652
88,84,67,0.540323,0.090559,8.720566,57,25,0.135372
88,85,57,0.459677,0.118626,7.553133,67,44,0.177327
88,86,64,0.516129,0.067058,8.298567,60,27,0.100241
88,87,53,0.427419,0.048021,6.901403,71,63,0.071784
88,88,55,0.443548,0.060881,7.538662,69,41,0.091008
88,89,56,0.451613,0.058912,7.413310,68,34,0.088064
88,90,66,0.532258,0.162199,8.276139,58,29,0.242462
88,91,60,0.483871,0.112958,7.989300,64,35,0.168856
88,92,69,0.556452,0.147335,9.066724,55,31,0.220243
88,93,63,0.508065,0.098553,7.895789,61,30,0.147322
88,94,60,0.483871,0.094825,7.666759,64,34,0.141749
88,95,59,0.475806,0.117161,7.596430,65,37,0.175138
88,96,53,0.427419,0.102083,7.481611,71,39,0.152599
88,97,66,0.532258,0.176786,9.045737,58,30,0.264267
88,98,60,0.483871,0.117479,7.547409,64,32,0.175613
88,99,72,0.580645,0.222245,9.269023,52,25,0.332222
88,100,61,0.491935,0.144573,7.792025,63,25,0.216114
88,101,64,0.516129,0.079590,7.958855,60,25,0.118974
88,102,69,0.556452,0.238932,9.239837,55,27,0.357167
88,103,64,0.516129,0.134184,8.567706,60,28,0.200585
88,104,58,0.467742,0.107321,7.849281,66,32,0.160428
88,105,68,0.548387,0.184983,9.335721,56,32,0.276521
88,106,53,0.427419,0.072727,6.917597,71,81,0.108716
88,107,64,0.516129,0.133413,8.420235,60,25,0.199432
88,108,61,0.491935,0.163558,8.265687,63,29,0.244494
88,109,63,0.508065,0.087037,8.294519,61,30,0.130107
88,110,57,0.459677,0.131578,7.360114,67,36,0.746689
88,111,62,0.500000,0.153633,7.967381,62,31,0.229658
88,112,61,0.491935,0.100041,7.517056,63,34,0.149546
88,113,70,0.564516,0.214951,9.194195,54,24,0.321319
88,114,64,0.516129,0.146776,8.139024,60,28,0.219407
88,115,58,0.467742,0.199994,7.812260,66,32,0.298960
88,116,51,0.411290,0.117233,7.017105,73,66,0.175245
88,117,63,0.508065,0.037493,8.118545,61,29,0.056046
88,118,56,0.451613,0.134027,7.582288,68,42,0.200350
88,119,60,0.483871,0.109760,8.111601,64,31,0.164075
88,120,60,0.483871,0.153536,8.176582,64,36,0.229513
88,121,65,0.524194,0.117654,8.511373,59,25,0.175874
88,122,71,0.572581,0.224901,9.796681,53,26,0.336193
88,123,58,0.467742,0.141280,8.088732,66,37,0.211192
88,124,63,0.508065,0.047501,7.739087,61,27,0.071007
89,0,72,0.580645,0.254384,9.799499,52,26,0.405321
89,1,68,0.548387,0.200749,9.455623,56,29,0.319861
89,2,68,0.548387,0.081968,8.731560,56,25,0.130603
89,3,65,0.524194,0.088103,8.611646,59,26,0.140378
89,4,55,0.443548,0.104571,7.679529,69,36,0.166617
89,5,67,0.540323,0.156819,9.384005,57,31,0.249866
89,6,61,0.491935,0.096919,8.340014,63,28,0.154425
89,7,59,0.475806,0.138646,7.569623,65,32,0.220909
89,8,61,0.491935,0.127596,7.965980,63,28,0.203304
89,9,67,0.540323,0.097999,8.085836,57,23,0.156146
89,10,61,0.491935,0.196388,8.126915,63,34,0.312913
89,11,63,0.508065,0.159085,8.521901,61,30,0.253476
89,12,64,0.516129,0.049106,8.133763,60,28,0.078242
89,13,60,0.483871,0.133420,7.820000,64,31,0.212583
89,14,60,0.483871,0.153768,8.359117,64,30,0.245004
89,15,62,0.500000,0.043707,7.941244,62,33,0.069641
89,16,71,0.572581,0.225743,9.408896,53,25,0.359685
89,17,73,0.588710,0.248330,9.803579,51,25,0.395674
89,18,65,0.524194,0.169241,8.300081,59,31,0.269658
89,19,58,0.467742,0.098050,7.174485,66,33,0.156227
89,20,65,0.524194,0.124992,8.318108,59,26,0.199155
89,21,60,0.483871,0.034438,7.697602,64,32,0.054871
89,22,66,0.532258,0.175491,8.810516,58,26,0.279616
89,23,75,0.604839,0.110049,9.158128,49,26,0.175345
89,24,61,0.491935,0.082297,7.653640,63,31,0.131128
89,25,74,0.596774,0.247797,9.863151,50,24,0.394825
89,26,56,0.451613,0.128315,7.519686,68,44,0.204449
89,27,68,0.548387,0.139318,8.835897,56,24,0.221980
89,28,57,0.459677,0.000000,7.136446,67,31,0.000000
89,29,64,0.516129,0.124308,8.081414,60,28,0.748065
89,30,57,0.459677,0.034756,7.480511,67,43,0.055378
89,31,56,0.451613,0.115532,7.567592,68,45,0.184082
89,32,73,0.588710,0.175405,9.493626,51,27,0.279480
89,33,62,0.500000,0.092496,8.002126,62,31,0.147378
89,34,62,0.500000,0.200755,8.171161,62,28,0.319870
89,35,65,0.524194,0.084074,8.073040,59,26,0.133958
89,36,60,0.483871,0.117431,7.601085,64,36,0.187107
89,37,64,0.516129,0.146276,8.206646,60,27,0.233068
89,38,54,0.435484,0.162068,7.735865,70,53,0.258230
89,39,68,0.548387,0.214054,8.607518,56,26,0.341060
89,40,54,0.435484,0.106467,6.675100,70,51,0.169638
89,41,56,0.451613,0.081580,7.031476,68,34,0.129985
89,42,57,0.459677,0.153577,7.441783,67,36,0.244700
89,43,63,0.508065,0.098410,8.311685,61,29,0.156800
89,44,64,0.516129,0.130080,8.594981,60,28,0.207262
89,45,65,0.524194,0.127508,8.564274,59,32,0.203163
89,46,67,0.540323,0.140698,9.000169,57,26,0.224180
89,47,70,0.564516,0.071319,8.754912,54,25,0.113635
89,48,61,0.491935,0.130782,8.186024,63,31,0.208380
89,49,60,0.483871,0.128121,7.873583,64,30,0.204140
89,50,66,0.532258,0.201896,8.486627,58,27,0.321689
89,51,60,0.483871,0.111130,7.701777,64,30,0.177068
89,52,58,0.467742,0.121118,7.307658,66,36,0.192982
89,53,73,0.588710,0.200205,9.378500,51,25,0.318995
89,54,59,0.475806,0.130208,7.683491,65,36,0.207465
89,55,67,0.540323,0.078880,8.783818,57,23,0.125683
89,56,67,0.540323,0.224340,9.257506,57,27,0.907451
89,57,69,0.556452,0.153233,8.776572,55,27,0.244153
89,58,69,0.556452,0.211201,9.037616,55,26,0.886515
89,59,64,0.516129,0.090057,8.462343,60,31,0.693492
89,60,61,0.491935,0.159194,8.270241,63,29,0.253651
89,61,60,0.483871,0.119298,8.234236,64,36,0.190083
89,62,57,0.459677,0.000000,6.935358,67,44,0.000000
89,63,61,0.491935,0.123148,8.227206,63,32,0.196217
89,64,67,0.540323,0.222588,8.601214,57,30,0.354658
89,65,68,0.548387,0.129314,8.488596,56,28,0.756042
89,66,59,0.475806,0.207461,7.871255,65,33,0.880555
89,67,62,0.500000,0.137554,7.959343,62,31,0.219169
89,68,55,0.443548,0.095764,7.367102,69,42,0.152585
89,69,54,0.435484,0.115755,6.875656,70,50,0.184438
89,70,56,0.451613,0.047156,7.438871,68,31,0.075135
89,71,59,0.475806,0.144385,7.878498,65,30,0.230055
89,72,58,0.467742,0.135800,7.770679,66,33,0.216375
89,73,58,0.467742,0.044527,7.630951,66,49,0.070947
89,74,55,0.443548,0.130559,7.480206,69,44,0.208024
89,75,51,0.411290,0.070466,6.653111,73,65,0.112277
89,76,56,0.451613,0.201494,7.464385,68,30,0.321049
89,77,64,0.516129,0.154157,8.221454,60,22,0.245624
89,78,69,0.556452,0.143870,8.786612,55,26,0.229234
89,79,63,0.508065,0.082562,8.288720,61,27,0.131549
89,80,59,0.475806,0.030148,7.320997,65,39,0.048037
89,81,61,0.491935,0.115170,7.861381,63,30,0.183504
89,82,62,0.500000,0.165399,8.316533,62,31,0.263537
89,83,67,0.540323,0.128888,8.550858,57,28,0.755363
89,84,67,0.540323,0.150211,8.594082,57,25,0.239337
89,85,57,0.459677,0.111156,7.613465,67,44,0.727109
89,86,64,0.516129,0.068515,8.144719,60,27,0.109167
89,87,53,0.427419,0.041079,6.834218,71,63,0.065453
89,88,55,0.443548,0.074170,7.736830,69,41,0.118178
89,89,56,0.451613,0.069358,7.567249,68,34,0.110511
89,90,66,0.532258,0.173558,8.326673,58,29,0.276537
89,91,60,0.483871,0.111689,8.163634,64,35,0.177958
89,92,69,0.556452,0.156283,9.118724,55,31,0.249012
89,93,63,0.508065,0.123779,8.017386,61,30,0.197221
89,94,60,0.483871,0.049990,7.270923,64,34,0.079651
89,95,59,0.475806,0.146781,7.514609,65,37,0.233872
89,96,53,0.427419,0.119051,7.496286,71,39,0.189688
89,97,66,0.532258,0.201084,9.033509,58,30,0.320395
89,98,60,0.483871,0.121378,7.569119,64,32,0.193396
89,99,72,0.580645,0.215015,9.547058,52,25,0.342592
89,100,61,0.491935,0.177340,7.910172,63,25,0.282563
89,101,64,0.516129,0.052977,7.916530,60,25,0.084410
89,102,69,0.556452,0.282426,9.499633,55,27,0.450000
89,103,64,0.516129,0.153868,8.687677,60,28,0.245164
89,104,58,0.467742,0.100822,7.784346,66,32,0.160644
89,105,68,0.548387,0.232885,9.500311,56,32,0.371065
89,106,53,0.427419,0.022700,6.766554,71,81,0.036169
89,107,64,0.516129,0.084972,8.241324,60,25,0.135390
89,108,61,0.491935,0.123124,8.107812,63,29,0.196179
89,109,63,0.508065,0.019517,8.107237,61,30,0.031097
89,110,57,0.459677,0.145104,7.396527,67,37,0.231200
89,111,62,0.500000,0.162493,8.118205,62,31,0.258907
89,112,61,0.491935,0.140856,7.597094,63,34,0.224431
89,113,70,0.564516,0.210492,9.250908,54,24,0.335385
89,114,64,0.516129,0.138893,7.986947,60,28,0.221303
89,115,58,0.467742,0.142536,7.659438,66,32,0.227108
89,116,51,0.411290,0.108983,7.163392,73,66,0.173647
89,117,63,0.508065,0.045903,7.987881,61,29,0.073138
89,118,56,0.451613,0.135824,7.667343,68,42,0.216413
89,119,60,0.483871,0.117932,7.850615,64,31,0.187906
89,120,60,0.483871,0.130247,8.033439,64,36,0.207528
89,121,65,0.524194,0.118231,8.634906,59,25,0.188382
89,122,71,0.572581,0.187611,9.693100,53,26,0.298928
89,123,58,0.467742,0.131248,7.865594,66,37,0.209123
89,124,63,0.508065,0.040172,7.954256,61,27,0.064008
90,0,72,0.580645,0.195895,9.520282,52,26,0.350624
90,1,68,0.548387,0.140984,9.298524,56,29,0.252342
90,2,68,0.548387,0.150993,8.747438,56,25,0.270256
90,3,65,0.524194,0.121689,8.495274,59,26,0.217807
90,4,55,0.443548,0.064748,7.584651,69,36,0.115890
90,5,67,0.540323,0.109904,9.005502,57,31,0.196712
90,6,61,0.491935,0.050910,8.489038,63,28,0.091123
90,7,59,0.475806,0.173182,7.725631,65,32,0.309973
90,8,61,0.491935,0.133415,7.856610,63,28,0.238795
90,9,67,0.540323,0.071859,8.022173,57,23,0.128617
90,10,61,0.491935,0.164415,8.071516,63,34,0.294280
90,11,63,0.508065,0.183491,8.421700,61,30,0.878423
90,12,64,0.516129,0.089432,8.293513,60,28,0.160071
90,13,60,0.483871,0.153377,7.837997,64,31,0.274524
90,14,60,0.483871,0.096454,8.049691,64,30,0.172640
90,15,62,0.500000,0.088683,8.151827,62,33,0.158730
90,16,71,0.572581,0.133954,9.292890,53,25,0.239759
90,17,73,0.588710,0.251416,9.611438,51,25,0.450000
90,18,65,0.524194,0.155921,8.273123,59,31,0.279078
90,19,58,0.467742,0.152644,7.480911,66,33,0.273213
90,20,65,0.524194,0.213431,8.796688,59,26,0.382013
90,21,60,0.483871,0.061003,7.817851,64,32,0.109187
90,22,66,0.532258,0.177751,8.505485,58,26,0.318150
90,23,75,0.604839,0.217612,9.671507,49,26,0.389496
90,24,61,0.491935,0.042579,7.732570,63,31,0.076211
90,25,74,0.596774,0.183304,9.568868,50,24,0.328089
90,26,56,0.451613,0.141624,7.520745,68,44,0.253487
90,27,68,0.548387,0.124864,8.644424,56,24,0.223490
90,28,57,0.459677,0.000000,7.073532,67,31,0.000000
90,29,64,0.516129,0.139997,8.108679,60,29,0.250576
90,30,57,0.459677,0.117676,7.366014,67,43,0.210625
90,31,56,0.451613,0.098954,7.196063,68,45,0.177115
90,32,73,0.588710,0.240273,9.860494,51,27,0.430056
90,33,62,0.500000,0.094234,8.141791,62,31,0.168666
90,34,62,0.500000,0.198082,8.069998,62,28,0.354539
90,35,65,0.524194,0.089526,8.182539,59,26,0.160239
90,36,60,0.483871,0.163903,7.803719,64,36,0.293364
90,37,64,0.516129,0.076274,8.349409,60,27,0.136521
90,38,54,0.435484,0.150103,7.737258,70,53,0.268663
90,39,68,0.548387,0.148143,8.461023,56,26,0.265155
90,40,54,0.435484,0.075272,6.847570,70,51,0.134727
90,41,56,0.451613,0.127206,6.956509,68,34,0.227682
90,42,57,0.459677,0.136452,7.639215,67,36,0.244230
90,43,63,0.508065,0.136184,8.223306,61,29,0.243751
90,44,64,0.516129,0.193684,8.776453,60,28,0.346668
90,45,65,0.524194,0.194406,8.558683,59,32,0.347959
90,46,67,0.540323,0.157337,8.846170,57,26,0.281612
90,47,70,0.564516,0.126466,8.978780,54,25,0.226357
90,48,61,0.491935,0.141462,7.929417,63,31,0.253198
90,49,60,0.483871,0.103462,7.713708,64,30,0.185183
90,50,66,0.532258,0.215344,8.599601,58,27,0.385437
90,51,60,0.483871,0.129638,7.651681,64,30,0.232034
90,52,58,0.467742,0.055063,7.158179,66,36,0.098556
90,53,73,0.588710,0.187622,9.629121,51,25,0.335818
90,54,59,0.475806,0.068311,7.655796,65,36,0.122267
90,55,67,0.540323,0.104591,9.122951,57,23,0.187203
90,56,67,0.540323,0.173543,8.936857,57,28,0.310619
90,57,69,0.556452,0.141249,8.850895,55,27,0.252817
90,58,69,0.556452,0.094095,8.631445,55,27,0.168416
90,59,64,0.516129,0.119441,8.222244,60,32,0.213782
90,60,61,0.491935,0.129702,8.014995,63,29,0.232149
90,61,60,0.483871,0.190730,8.340566,64,36,0.341380
90,62,57,0.459677,0.000000,7.237564,67,44,0.000000
90,63,61,0.491935,0.092263,8.245517,63,32,0.165139
90,64,67,0.540323,0.198157,8.895609,57,30,0.354673
90,65,68,0.548387,0.108205,8.624551,56,29,0.193672
90,66,59,0.475806,0.109407,7.516245,65,34,0.195824
90,67,62,0.500000,0.142303,8.072669,62,31,0.254703
90,68,55,0.443548,0.119713,7.409506,69,42,0.214269
90,69,54,0.435484,0.110922,6.937618,70,50,0.198534
90,70,56,0.451613,0.051563,7.463347,68,31,0.092290
90,71,59,0.475806,0.179219,7.953169,65,30,0.320778
90,72,58,0.467742,0.102107,7.713765,66,33,0.182757
90,73,58,0.467742,0.064132,7.961911,66,49,0.114787
90,74,55,0.443548,0.128819,7.352353,69,44,0.230568
90,75,51,0.411290,0.026361,6.448966,73,65,0.047182
90,76,56,0.451613,0.178512,7.479255,68,30,0.319513
90,77,64,0.516129,0.205082,8.458408,60,22,0.917068
90,78,69,0.556452,0.118802,8.638474,55,26,0.212640
90,79,63,0.508065,0.100408,8.568004,61,27,0.179716
90,80,59,0.475806,0.091400,7.306716,65,39,0.163593
90,81,61,0.491935,0.120148,7.997922,63,30,0.765048
90,82,62,0.500000,0.199773,8.755084,62,31,0.357566
90,83,67,0.540323,0.131798,8.961238,57,29,0.235901
90,84,67,0.540323,0.169391,8.682029,57,25,0.303187
90,85,57,0.459677,0.123514,7.385310,67,45,0.221073
90,86,64,0.516129,0.151704,8.476430,60,27,0.271529
90,87,53,0.427419,0.018934,6.704994,71,63,0.033889
90,88,55,0.443548,0.063099,7.388478,69,41,0.112939
90,89,56,0.451613,0.077075,7.403598,68,34,0.137953
90,90,66,0.532258,0.151174,8.376908,58,29,0.270580
90,91,60,0.483871,0.098134,7.877721,64,35,0.175647
90,92,69,0.556452,0.147272,9.002734,55,31,0.263597
90,93,63,0.508065,0.066388,7.798307,61,30,0.668826
90,94,60,0.483871,0.064877,7.362671,64,34,0.116120
90,95,59,0.475806,0.136138,7.916082,65,37,0.793668
90,96,53,0.427419,0.095750,7.111369,71,39,0.171380
90,97,66,0.532258,0.157233,9.009139,58,30,0.281426
90,98,60,0.483871,0.124450,7.439828,64,32,0.772748
90,99,72,0.580645,0.205697,9.578822,52,25,0.368170
90,100,61,0.491935,0.149323,7.616669,63,25,0.267268
90,101,64,0.516129,0.123260,8.034944,60,25,0.220619
90,102,69,0.556452,0.206761,8.984789,55,27,0.370073
90,103,64,0.516129,0.206555,8.749057,60,28,0.369705
90,104,58,0.467742,0.129407,7.713307,66,32,0.231620
90,105,68,0.548387,0.180223,9.028096,56,32,0.322574
90,106,53,0.427419,0.043224,6.779024,71,81,0.077364
90,107,64,0.516129,0.066664,8.093345,60,25,0.119320
90,108,61,0.491935,0.117122,7.953875,63,29,0.209633
90,109,63,0.508065,0.098492,8.407074,61,30,0.176287
90,110,57,0.459677,0.142388,7.328486,67,37,0.254855
90,111,62,0.500000,0.173490,8.027876,62,31,0.310523
90,112,61,0.491935,0.163779,8.032339,63,34,0.293142
90,113,70,0.564516,0.223617,9.329262,54,24,0.950243
90,114,64,0.516129,0.119344,7.948821,60,28,0.763610
90,115,58,0.467742,0.166193,7.555769,66,32,0.297464
90,116,51,0.411290,0.077475,6.915238,73,66,0.138670
90,117,63,0.508065,0.072747,8.156196,61,29,0.130206
90,118,56,0.451613,0.109834,7.593402,68,42,0.196588
90,119,60,0.483871,0.154947,8.008239,64,31,0.277333
90,120,60,0.483871,0.105232,7.781873,64,36,0.188351
90,121,65,0.524194,0.094149,8.486657,59,25,0.168513
90,122,71,0.572581,0.179035,9.675973,53,26,0.320448
90,123,58,0.467742,0.146398,7.666103,66,37,0.262033
90,124,63,0.508065,0.011699,7.852978,61,27,0.020940
91,0,72,0.580645,0.235441,9.434453,52,26,0.415140
91,1,68,0.548387,0.132837,9.374743,56,29,0.234225
91,2,68,0.548387,0.119114,8.744196,56,25,0.210028
91,3,65,0.524194,0.138783,8.495956,59,26,0.244708
91,4,55,0.443548,0.119459,7.768118,69,36,0.210635
91,5,67,0.540323,0.120747,9.258317,57,31,0.212907
91,6,61,0.491935,0.108449,8.392929,63,28,0.191222
91,7,59,0.475806,0.170436,7.863614,65,32,0.300521
91,8,61,0.491935,0.122618,7.846779,63,28,0.216206
91,9,67,0.540323,0.064937,8.125495,57,23,0.114500
91,10,61,0.491935,0.123975,7.904859,63,34,0.218598
91,11,63,0.508065,0.147360,8.539235,61,31,0.259832
91,12,64,0.516129,0.128392,8.358132,60,28,0.226387
91,13,60,0.483871,0.131889,8.034495,64,31,0.232554
91,14,60,0.483871,0.136854,8.088112,64,30,0.241307
91,15,62,0.500000,0.082896,7.947610,62,33,0.146165
91,16,71,0.572581,0.134462,9.287183,53,25,0.237089
91,17,73,0.588710,0.255211,9.766410,51,25,0.450000
91,18,65,0.524194,0.153231,8.458464,59,31,0.270184
91,19,58,0.467742,0.136399,7.607748,66,33,0.240506
91,20,65,0.524194,0.234525,8.814027,59,26,0.963525
91,21,60,0.483871,0.045581,7.702497,64,32,0.080371
91,22,66,0.532258,0.188369,8.575808,58,26,0.332140
91,23,75,0.604839,0.248626,9.723104,49,26,0.438389
91,24,61,0.491935,0.083637,7.740431,63,31,0.147472
91,25,74,0.596774,0.223933,9.654131,50,24,0.394849
91,26,56,0.451613,0.130957,7.531804,68,44,0.230909
91,27,68,0.548387,0.110995,8.696260,56,24,0.195712
91,28,57,0.459677,0.000000,7.013718,67,31,0.000000
91,29,64,0.516129,0.108009,7.843533,60,29,0.190447
91,30,57,0.459677,0.115981,7.503312,67,43,0.204503
91,31,56,0.451613,0.065285,7.073444,68,45,0.115114
91,32,73,0.588710,0.220109,9.646718,51,27,0.388106
91,33,62,0.500000,0.113325,8.005250,62,31,0.199820
91,34,62,0.500000,0.201944,8.245250,62,28,0.356077
91,35,65,0.524194,0.095686,8.054907,59,26,0.168718
91,36,60,0.483871,0.087532,7.669479,64,36,0.154341
91,37,64,0.516129,0.064644,8.411529,60,27,0.113983
91,38,54,0.435484,0.142690,7.537350,70,53,0.801597
91,39,68,0.548387,0.150135,8.349774,56,26,0.264724
91,40,54,0.435484,0.104076,7.013873,70,51,0.183511
91,41,56,0.451613,0.123820,7.046516,68,34,0.218325
91,42,57,0.459677,0.150176,7.326121,67,36,0.264798
91,43,63,0.508065,0.149329,8.481030,61,29,0.263303
91,44,64,0.516129,0.145365,8.713358,60,28,0.256314
91,45,65,0.524194,0.218186,8.684656,59,32,0.384716
91,46,67,0.540323,0.189370,8.844347,57,26,0.333907
91,47,70,0.564516,0.131042,8.885573,54,25,0.231059
91,48,61,0.491935,0.166175,7.739808,63,31,0.293007
91,49,60,0.483871,0.124881,7.598291,64,30,0.770196
91,50,66,0.532258,0.201795,8.595521,58,27,0.355814
91,51,60,0.483871,0.132034,7.693190,64,30,0.232809
91,52,58,0.467742,0.045885,7.441304,66,36,0.080907
91,53,73,0.588710,0.203533,9.616275,51,25,0.358878
91,54,59,0.475806,0.079339,7.701584,65,36,0.139894
91,55,67,0.540323,0.107115,8.995716,57,23,0.188870
91,56,67,0.540323,0.110921,8.898976,57,28,0.195581
91,57,69,0.556452,0.170840,8.993370,55,27,0.301233
91,58,69,0.556452,0.114292,8.956877,55,27,0.201525
91,59,64,0.516129,0.112074,8.355052,60,32,0.197614
91,60,61,0.491935,0.150487,8.122176,63,29,0.265346
91,61,60,0.483871,0.109404,7.997392,64,36,0.192906
91,62,57,0.459677,0.000000,7.155835,67,44,0.000000
91,63,61,0.491935,0.152593,8.295247,63,32,0.269058
91,64,67,0.540323,0.153759,8.651504,57,30,0.271114
91,65,68,0.548387,0.127029,8.413277,56,29,0.223984
91,66,59,0.475806,0.121597,7.789821,65,34,0.214405
91,67,62,0.500000,0.119599,7.996057,62,31,0.210883
91,68,55,0.443548,0.130699,7.539898,69,42,0.230454
91,69,54,0.435484,0.116517,6.796599,70,50,0.205448
91,70,56,0.451613,0.117411,7.641697,68,31,0.207024
91,71,59,0.475806,0.212482,7.947295,65,30,0.374658
91,72,58,0.467742,0.101794,7.417498,66,33,0.179488
91,73,58,0.467742,0.043694,7.662953,66,49,0.077043
91,74,55,0.443548,0.149063,7.201790,69,44,0.262834
91,75,51,0.411290,0.041335,6.607971,73,65,0.072883
91,76,56,0.451613,0.154439,7.478125,68,30,0.272313
91,77,64,0.516129,0.152782,8.483694,60,23,0.269393
91,78,69,0.556452,0.147878,8.954336,55,26,0.260746
91,79,63,0.508065,0.095971,8.440267,61,27,0.169220
91,80,59,0.475806,0.072383,7.304180,65,39,0.127629
91,81,61,0.491935,0.167303,8.179987,63,31,0.294996
91,82,62,0.500000,0.148705,8.642212,62,31,0.262203
91,83,67,0.540323,0.171843,9.101032,57,29,0.303002
91,84,67,0.540323,0.141753,8.803459,57,25,0.249945
91,85,57,0.459677,0.134235,7.588874,67,45,0.236689
91,86,64,0.516129,0.117586,8.517002,60,27,0.207334
91,87,53,0.427419,0.034246,6.838679,71,63,0.060384
91,88,55,0.443548,0.049346,7.387101,69,41,0.087008
91,89,56,0.451613,0.082520,7.062534,68,34,0.145503
91,90,66,0.532258,0.120225,8.340112,58,29,0.211986
91,91,60,0.483871,0.132134,7.956190,64,35,0.232984
91,92,69,0.556452,0.167878,8.940707,55,31,0.296010
91,93,63,0.508065,0.089558,7.865663,61,31,0.157914
91,94,60,0.483871,0.080263,7.644600,64,34,0.141523
91,95,59,0.475806,0.074827,7.850690,65,38,0.131938
91,96,53,0.427419,0.102933,7.180846,71,39,0.181496
91,97,66,0.532258,0.188639,9.061693,58,30,0.332618
91,98,60,0.483871,0.106547,7.591352,64,33,0.187869
91,99,72,0.580645,0.248458,9.615733,52,25,0.438092
91,100,61,0.491935,0.142330,7.566635,63,25,0.250963
91,101,64,0.516129,0.104965,8.091729,60,25,0.735079
91,102,69,0.556452,0.213848,9.089736,55,27,0.377066
91,103,64,0.516129,0.192174,8.738173,60,28,0.338849
91,104,58,0.467742,0.120960,7.744532,66,32,0.763283
91,105,68,0.548387,0.178694,9.065691,56,32,0.315082
91,106,53,0.427419,0.038846,6.850381,71,81,0.068495
91,107,64,0.516129,0.007077,7.864072,60,25,0.012479
91,108,61,0.491935,0.126681,7.841035,63,29,0.223369
91,109,63,0.508065,0.083656,8.281378,61,30,0.147507
91,110,57,0.459677,0.143574,7.245176,67,37,0.253157
91,111,62,0.500000,0.198190,8.063436,62,31,0.899458
91,112,61,0.491935,0.149495,8.028761,63,34,0.263596
91,113,70,0.564516,0.180376,9.299107,54,25,0.318047
91,114,64,0.516129,0.081247,8.121889,60,29,0.693258
91,115,58,0.467742,0.142420,7.550188,66,32,0.251121
91,116,51,0.411290,0.074959,6.984484,73,66,0.132171
91,117,63,0.508065,0.052005,8.059238,61,29,0.091698
91,118,56,0.451613,0.073580,7.184043,68,42,0.129739
91,119,60,0.483871,0.186503,7.994707,64,31,0.328850
91,120,60,0.483871,0.123950,7.845273,64,36,0.768554
91,121,65,0.524194,0.111811,8.494973,59,25,0.197151
91,122,71,0.572581,0.156291,9.627471,53,26,0.275579
91,123,58,0.467742,0.103026,7.370042,66,37,0.181660
91,124,63,0.508065,0.058004,8.010938,61,27,0.652275
92,0,72,0.580645,0.243722,9.654992,52,26,0.440836
92,1,68,0.548387,0.189576,9.338952,56,29,0.342899
92,2,68,0.548387,0.097429,8.767286,56,25,0.176225
92,3,65,0.524194,0.057803,8.249311,59,26,0.104551
92,4,55,0.443548,0.169260,7.850101,69,36,0.306151
92,5,67,0.540323,0.068435,9.289495,57,31,0.123783
92,6,61,0.491935,0.101943,8.241669,63,28,0.184391
92,7,59,0.475806,0.161761,7.686431,65,32,0.842587
92,8,61,0.491935,0.144446,7.800955,63,28,0.811269
92,9,67,0.540323,0.098213,7.968182,57,23,0.177643
92,10,61,0.491935,0.208811,8.000233,63,34,0.377689
92,11,63,0.508065,0.128358,8.314969,61,31,0.232170
92,12,64,0.516129,0.107170,8.423485,60,28,0.193846
92,13,60,0.483871,0.131015,7.960342,64,31,0.236975
92,14,60,0.483871,0.129423,8.148817,64,30,0.234096
92,15,62,0.500000,0.077546,7.883185,62,33,0.140262
92,16,71,0.572581,0.139858,9.178592,53,25,0.252970
92,17,73,0.588710,0.211253,9.306216,51,25,0.382108
92,18,65,0.524194,0.107661,8.264144,59,31,0.194733
92,19,58,0.467742,0.158652,7.400157,66,33,0.836965
92,20,65,0.524194,0.170544,8.880625,59,27,0.308475
92,21,60,0.483871,0.113660,7.770317,64,32,0.205585
92,22,66,0.532258,0.204212,8.944452,58,26,0.369372
92,23,75,0.604839,0.248789,9.744526,49,26,0.450000
92,24,61,0.491935,0.110844,7.594656,63,31,0.200491
92,25,74,0.596774,0.222293,9.380888,50,24,0.402075
92,26,56,0.451613,0.070906,7.282796,68,44,0.128253
92,27,68,0.548387,0.142743,8.698102,56,24,0.258188
92,28,57,0.459677,0.020128,7.098903,67,31,0.036407
92,29,64,0.516129,0.085133,8.243944,60,29,0.153985
92,30,57,0.459677,0.127122,7.676841,67,43,0.229934
92,31,56,0.451613,0.080403,7.193022,68,45,0.145430
92,32,73,0.588710,0.184533,9.588588,51,27,0.333778
92,33,62,0.500000,0.059534,7.854230,62,31,0.107682
92,34,62,0.500000,0.145505,7.968905,62,28,0.263185
92,35,65,0.524194,0.108828,8.040086,59,26,0.196843
92,36,60,0.483871,0.102707,7.799064,64,36,0.185773
92,37,64,0.516129,0.094756,8.235193,60,27,0.171391
92,38,54,0.435484,0.139204,7.151515,70,54,0.251788
92,39,68,0.548387,0.118279,8.462766,56,26,0.213939
92,40,54,0.435484,0.150411,6.879234,70,51,0.272057
92,41,56,0.451613,0.134152,7.142266,68,34,0.242649
92,42,57,0.459677,0.137250,7.420692,67,36,0.248253
92,43,63,0.508065,0.155011,8.596840,61,29,0.280379
92,44,64,0.516129,0.147422,8.686118,60,28,0.266652
92,45,65,0.524194,0.200043,8.547935,59,32,0.361831
92,46,67,0.540323,0.167299,8.920553,57,26,0.302604
92,47,70,0.564516,0.067999,8.798820,54,25,0.122994
92,48,61,0.491935,0.187571,7.884728,63,31,0.339272
92,49,60,0.483871,0.107276,7.897975,64,31,0.194036
92,50,66,0.532258,0.182594,8.477565,58,27,0.330269
92,51,60,0.483871,0.119586,7.485136,64,30,0.216302
92,52,58,0.467742,0.067150,7.205743,66,36,0.121459
92,53,73,0.588710,0.203192,9.713252,51,25,0.367527
92,54,59,0.475806,0.099201,7.776627,65,36,0.179430
92,55,67,0.540323,0.120030,8.940183,57,23,0.217106
92,56,67,0.540323,0.127310,8.978316,57,28,0.230273
92,57,69,0.556452,0.167451,8.789745,55,27,0.302880
92,58,69,0.556452,0.164366,9.128907,55,27,0.297300
92,59,64,0.516129,0.127278,8.370461,60,32,0.230216
92,60,61,0.491935,0.192371,8.295351,63,29,0.347953
92,61,60,0.483871,0.138630,8.072613,64,36,0.250749
92,62,57,0.459677,0.000000,6.880387,67,44,0.000000
92,63,61,0.491935,0.092978,8.204976,63,32,0.168174
92,64,67,0.540323,0.187648,8.484030,57,30,0.339411
92,65,68,0.548387,0.128474,8.427077,56,29,0.232379
92,66,59,0.475806,0.120315,7.763181,65,34,0.217621
92,67,62,0.500000,0.148689,8.068889,62,31,0.268942
92,68,55,0.443548,0.073405,7.609383,69,42,0.132773
92,69,54,0.435484,0.141235,6.862468,70,50,0.255462
92,70,56,0.451613,0.111649,7.444648,68,31,0.201947
92,71,59,0.475806,0.214166,7.967220,65,30,0.387376
92,72,58,0.467742,0.067484,7.462877,66,33,0.122062
92,73,58,0.467742,0.040185,7.822904,66,49,0.072685
92,74,55,0.443548,0.147709,7.215182,69,44,0.267171
92,75,51,0.411290,0.054265,6.567394,73,65,0.098153
92,76,56,0.451613,0.182833,7.427173,68,30,0.330702
92,77,64,0.516129,0.117190,8.344674,60,23,0.211969
92,78,69,0.556452,0.151111,8.921966,55,26,0.273324
92,79,63,0.508065,0.149864,8.460086,61,27,0.271068
92,80,59,0.475806,0.090307,7.355765,65,39,0.163344
92,81,61,0.491935,0.158419,8.207135,63,31,0.286543
92,82,62,0.500000,0.129789,8.283779,62,31,0.234758
92,83,67,0.540323,0.172514,8.768584,57,29,0.312037
92,84,67,0.540323,0.116740,8.451177,57,25,0.211154
92,85,57,0.459677,0.074611,7.659286,67,45,0.134954
92,86,64,0.516129,0.074746,8.578109,60,27,0.135197
92,87,53,0.427419,0.094452,6.961602,71,63,0.170841
92,88,55,0.443548,0.038710,7.486894,69,41,0.070018
92,89,56,0.451613,0.039238,7.184372,68,34,0.070973
92,90,66,0.532258,0.177093,8.708140,58,29,0.870319
92,91,60,0.483871,0.043088,7.778701,64,35,0.077937
92,92,69,0.556452,0.164715,9.053077,55,31,0.297931
92,93,63,0.508065,0.131488,7.868134,61,31,0.237830
92,94,60,0.483871,0.075126,7.426389,64,34,0.135885
92,95,59,0.475806,0.126966,7.559032,65,38,0.229652
92,96,53,0.427419,0.105276,7.079370,71,39,0.190420
92,97,66,0.532258,0.232365,9.308216,58,30,0.970293
92,98,60,0.483871,0.085541,7.376423,64,33,0.154723
92,99,72,0.580645,0.218891,9.527598,52,25,0.395923
92,100,61,0.491935,0.151577,7.406935,63,25,0.274167
92,101,64,0.516129,0.057440,8.260738,60,26,0.103895
92,102,69,0.556452,0.218522,9.170833,55,27,0.395254
92,103,64,0.516129,0.197665,8.546643,60,28,0.357530
92,104,58,0.467742,0.110464,7.789298,66,33,0.199804
92,105,68,0.548387,0.169734,9.121430,56,32,0.307010
92,106,53,0.427419,0.054328,6.963782,71,81,0.098267
92,107,64,0.516129,0.042433,8.199584,60,25,0.076752
92,108,61,0.491935,0.124698,7.861406,63,29,0.225550
92,109,63,0.508065,0.132354,8.370132,61,30,0.239398
92,110,57,0.459677,0.136686,7.315660,67,37,0.247233
92,111,62,0.500000,0.180849,8.074140,62,32,0.877114
92,112,61,0.491935,0.135070,7.815434,63,34,0.794309
92,113,70,0.564516,0.157854,9.124331,54,25,0.285521
92,114,64,0.516129,0.094184,8.193067,60,30,0.170356
92,115,58,0.467742,0.146753,7.377525,66,32,0.265442
92,116,51,0.411290,0.083560,6.969988,73,66,0.151141
92,117,63,0.508065,0.123789,8.097243,61,29,0.223905
92,118,56,0.451613,0.042469,7.116719,68,42,0.076816
92,119,60,0.483871,0.165003,7.990672,64,31,0.298451
92,120,60,0.483871,0.093739,7.611258,64,37,0.169551
92,121,65,0.524194,0.150461,8.644953,59,25,0.272148
92,122,71,0.572581,0.187176,9.752558,53,26,0.338558
92,123,58,0.467742,0.107057,7.569355,66,37,0.193641
92,124,63,0.508065,0.046300,7.832388,61,28,0.083746
93,0,72,0.580645,0.311773,9.849292,52,26,0.450000
93,1,68,0.548387,0.161125,9.407704,56,29,0.232561
93,2,68,0.548387,0.072202,8.707567,56,25,0.104213
93,3,65,0.524194,0.069886,8.073669,59,26,0.100870
93,4,55,0.443548,0.234055,7.880879,69,36,0.887825
93,5,67,0.540323,0.086621,9.766659,57,31,0.125025
93,6,61,0.491935,0.095220,8.104929,63,28,0.137437
93,7,59,0.475806,0.156774,7.904610,65,33,0.226280
93,8,61,0.491935,0.118306,8.053171,63,29,0.170758
93,9,67,0.540323,0.088728,8.210447,57,23,0.128067
93,10,61,0.491935,0.223102,8.133821,63,34,0.322016
93,11,63,0.508065,0.143407,8.537248,61,31,0.206988
93,12,64,0.516129,0.099831,8.324013,60,28,0.144091
93,13,60,0.483871,0.095997,7.859239,64,31,0.138558
93,14,60,0.483871,0.200565,8.131589,64,30,0.289488
93,15,62,0.500000,0.079745,7.976158,62,33,0.115101
93,16,71,0.572581,0.127310,8.998919,53,25,0.183753
93,17,73,0.588710,0.196394,9.381949,51,25,0.283467
93,18,65,0.524194,0.078627,8.369263,59,31,0.113486
93,19,58,0.467742,0.106465,7.367376,66,34,0.153667
93,20,65,0.524194,0.192898,8.804259,59,27,0.828420
93,21,60,0.483871,0.078113,7.916266,64,32,0.112745
93,22,66,0.532258,0.201166,8.805455,58,26,0.290354
93,23,75,0.604839,0.250089,9.745881,49,26,0.360968
93,24,61,0.491935,0.157291,7.710431,63,31,0.777027
93,25,74,0.596774,0.253583,9.680347,50,24,0.366011
93,26,56,0.451613,0.077264,6.988646,68,44,0.111519
93,27,68,0.548387,0.159304,8.849237,56,24,0.229932
93,28,57,0.459677,0.017411,6.955947,67,31,0.025130
93,29,64,0.516129,0.069307,8.136372,60,29,0.100035
93,30,57,0.459677,0.121100,7.472925,67,43,0.174791
93,31,56,0.451613,0.024811,6.946237,68,45,0.035811
93,32,73,0.588710,0.157687,9.617695,51,27,0.227599
93,33,62,0.500000,0.134865,7.910279,62,31,0.194658
93,34,62,0.500000,0.109340,7.870996,62,28,0.157817
93,35,65,0.524194,0.139166,7.787244,59,26,0.200866
93,36,60,0.483871,0.073157,7.705480,64,36,0.105592
93,37,64,0.516129,0.136187,8.134544,60,27,0.196566
93,38,54,0.435484,0.148647,7.054034,70,54,0.214550
93,39,68,0.548387,0.171280,8.457726,56,26,0.247218
93,40,54,0.435484,0.173102,6.980108,70,51,0.249849
93,41,56,0.451613,0.145842,7.356433,68,34,0.210503
93,42,57,0.459677,0.155163,7.223904,67,36,0.223956
93,43,63,0.508065,0.165261,8.803419,61,29,0.238531
93,44,64,0.516129,0.128657,8.575226,60,28,0.185698
93,45,65,0.524194,0.181430,8.494032,59,32,0.261869
93,46,67,0.540323,0.149662,8.956446,57,26,0.216015
93,47,70,0.564516,0.060453,8.800966,54,25,0.087255
93,48,61,0.491935,0.188111,8.009307,63,31,0.271512
93,49,60,0.483871,0.120574,7.752399,64,31,0.724031
93,50,66,0.532258,0.165778,8.386926,58,27,0.239277
93,51,60,0.483871,0.146783,7.477439,64,30,0.211860
93,52,58,0.467742,0.107179,7.404347,66,36,0.154698
93,53,73,0.588710,0.256096,9.895144,51,25,0.369638
93,54,59,0.475806,0.101376,7.781020,65,36,0.146321
93,55,67,0.540323,0.153086,9.009715,57,23,0.770957
93,56,67,0.540323,0.108420,9.310711,57,28,0.156488
93,57,69,0.556452,0.159203,9.046694,55,27,0.229786
93,58,69,0.556452,0.189333,9.251905,55,27,0.273276
93,59,64,0.516129,0.122738,8.533483,60,32,0.177155
93,60,61,0.491935,0.208770,8.382705,63,29,0.301330
93,61,60,0.483871,0.108924,8.183777,64,36,0.157217
93,62,57,0.459677,0.000000,6.733760,67,44,0.000000
93,63,61,0.491935,0.133572,8.274635,63,32,0.192793
93,64,67,0.540323,0.204792,8.589312,57,30,0.295588
93,65,68,0.548387,0.108918,8.353747,56,29,0.157208
93,66,59,0.475806,0.141171,7.914292,65,34,0.203760
93,67,62,0.500000,0.096549,7.841232,62,31,0.139355
93,68,55,0.443548,0.067889,7.423246,69,42,0.097988
93,69,54,0.435484,0.095038,6.689102,70,50,0.687175
93,70,56,0.451613,0.116560,7.682095,68,31,0.168238
93,71,59,0.475806,0.247598,8.030048,65,30,0.907373
93,72,58,0.467742,0.042777,7.233492,66,33,0.061743
93,73,58,0.467742,0.000000,7.480002,66,49,0.000000
93,74,55,0.443548,0.120785,7.281677,69,44,0.174336
93,75,51,0.411290,0.049256,6.640060,73,65,0.071095
93,76,56,0.451613,0.170184,7.094732,68,30,0.245637
93,77,64,0.516129,0.087396,8.011403,60,23,0.126143
93,78,69,0.556452,0.131481,8.830266,55,26,0.189775
93,79,63,0.508065,0.080162,8.348748,61,27,0.115703
93,80,59,0.475806,0.065866,7.343550,65,39,0.095068
93,81,61,0.491935,0.237009,8.271276,63,31,0.342089
93,82,62,0.500000,0.109236,8.451328,62,31,0.157666
93,83,67,0.540323,0.136143,8.797610,57,29,0.196504
93,84,67,0.540323,0.103424,8.301298,57,25,0.149278
93,85,57,0.459677,0.123969,7.814741,67,45,0.178932
93,86,64,0.516129,0.082516,8.684537,60,27,0.119100
93,87,53,0.427419,0.093068,6.843499,71,63,0.134331
93,88,55,0.443548,0.072711,7.625784,69,41,0.104948
93,89,56,0.451613,0.032032,7.273487,68,34,0.046234
93,90,66,0.532258,0.161879,8.603064,58,30,0.233649
93,91,60,0.483871,0.042611,7.946059,64,35,0.061503
93,92,69,0.556452,0.158764,8.976995,55,31,0.229154
93,93,63,0.508065,0.128715,7.869283,61,31,0.185782
93,94,60,0.483871,0.140849,7.527105,64,34,0.203295
93,95,59,0.475806,0.163496,7.438929,65,38,0.235984
93,96,53,0.427419,0.081607,6.969599,71,39,0.667788
93,97,66,0.532258,0.227139,9.052855,58,31,0.327842
93,98,60,0.483871,0.087507,7.441761,64,33,0.126304
93,99,72,0.580645,0.222206,9.329254,52,25,0.320722
93,100,61,0.491935,0.139960,7.482645,63,25,0.202012
93,101,64,0.516129,0.063617,8.371840,60,26,0.091823
93,102,69,0.556452,0.224747,9.138720,55,27,0.324391
93,103,64,0.516129,0.219540,8.573473,60,28,0.316875
93,104,58,0.467742,0.098958,7.718354,66,33,0.142832
93,105,68,0.548387,0.150194,9.296708,56,32,0.216784
93,106,53,0.427419,0.047979,6.891526,71,81,0.069251
93,107,64,0.516129,0.007752,8.078822,60,25,0.011189
93,108,61,0.491935,0.116315,7.778033,63,29,0.167884
93,109,63,0.508065,0.121731,8.205396,61,30,0.175701
93,110,57,0.459677,0.145148,7.300672,67,37,0.209500
93,111,62,0.500000,0.171388,8.039928,62,33,0.247375
93,112,61,0.491935,0.058049,7.480237,63,35,0.083786
93,113,70,0.564516,0.144652,9.227080,54,25,0.208784
93,114,64,0.516129,0.007818,8.008705,60,30,0.011284
93,115,58,0.467742,0.153874,7.427414,66,32,0.222095
93,116,51,0.411290,0.097802,6.991128,73,66,0.141164
93,117,63,0.508065,0.060023,7.862104,61,29,0.086635
93,118,56,0.451613,0.083140,7.015650,68,42,0.120001
93,119,60,0.483871,0.163162,8.027277,64,31,0.235502
93,120,60,0.483871,0.108020,7.844331,64,37,0.155911
93,121,65,0.524194,0.132904,8.600489,59,25,0.191828
93,122,71,0.572581,0.243063,9.782042,53,26,0.350827
93,123,58,0.467742,0.103018,7.543871,66,37,0.148691
93,124,63,0.508065,0.088080,8.070153,61,28,0.127131
94,0,72,0.580645,0.277139,9.900741,52,26,0.450000
94,1,68,0.548387,0.200303,9.231469,56,29,0.325238
94,2,68,0.548387,0.167039,8.888973,56,25,0.271226
94,3,65,0.524194,0.100477,8.475906,59,26,0.163148
94,4,55,0.443548,0.074808,7.589377,69,37,0.121469
94,5,67,0.540323,0.080277,9.291291,57,31,0.130348
94,6,61,0.491935,0.062976,7.909065,63,28,0.102256
94,7,59,0.475806,0.136561,7.879892,65,33,0.221738
94,8,61,0.491935,0.124157,7.809625,63,29,0.201598
94,9,67,0.540323,0.096548,8.257930,57,23,0.156768
94,10,61,0.491935,0.222632,8.175573,63,34,0.361495
94,11,63,0.508065,0.172937,8.451876,61,31,0.280803
94,12,64,0.516129,0.167510,8.559116,60,28,0.271990
94,13,60,0.483871,0.137521,7.478509,64,31,0.223297
94,14,60,0.483871,0.138634,7.988367,64,30,0.225105
94,15,62,0.500000,0.087020,8.127599,62,33,0.141298
94,16,71,0.572581,0.117617,8.984385,53,25,0.190978
94,17,73,0.588710,0.263873,9.564360,51,25,0.428459
94,18,65,0.524194,0.109159,8.147548,59,31,0.177244
94,19,58,0.467742,0.124145,7.063986,66,34,0.201579
94,20,65,0.524194,0.191448,8.912077,59,28,0.310860
94,21,60,0.483871,0.146046,8.221621,64,32,0.237140
94,22,66,0.532258,0.174589,8.755323,58,26,0.283485
94,23,75,0.604839,0.194341,9.466626,49,26,0.315557
94,24,61,0.491935,0.088233,7.805303,63,32,0.143266
94,25,74,0.596774,0.159418,9.704222,50,24,0.258852
94,26,56,0.451613,0.107730,7.334587,68,44,0.174925
94,27,68,0.548387,0.154539,8.641887,56,24,0.250930
94,28,57,0.459677,0.082112,7.012336,67,31,0.683327
94,29,64,0.516129,0.110436,8.261957,60,29,0.179319
94,30,57,0.459677,0.127229,7.304262,67,43,0.206585
94,31,56,0.451613,0.057854,7.078635,68,45,0.093940
94,32,73,0.588710,0.162480,9.522547,51,27,0.263824
94,33,62,0.500000,0.117089,7.941022,62,31,0.190121
94,34,62,0.500000,0.139863,7.992510,62,28,0.227101
94,35,65,0.524194,0.132313,8.245926,59,26,0.214840
94,36,60,0.483871,0.084711,7.765818,64,36,0.137547
94,37,64,0.516129,0.138522,8.138167,60,27,0.224922
94,38,54,0.435484,0.105352,7.143220,70,54,0.171064
94,39,68,0.548387,0.166791,8.558427,56,26,0.270824
94,40,54,0.435484,0.168686,6.917846,70,51,0.273901
94,41,56,0.451613,0.097448,6.804403,68,34,0.158230
94,42,57,0.459677,0.101625,7.271440,67,36,0.715012
94,43,63,0.508065,0.146890,8.399827,61,29,0.238510
94,44,64,0.516129,0.124868,8.605788,60,28,0.202752
94,45,65,0.524194,0.175738,8.554644,59,32,0.285351
94,46,67,0.540323,0.105125,8.844601,57,26,0.170694
94,47,70,0.564516,0.068718,8.717354,54,25,0.111580
94,48,61,0.491935,0.202535,8.027791,63,31,0.328862
94,49,60,0.483871,0.133302,8.221608,64,32,0.216447
94,50,66,0.532258,0.190112,8.132683,58,27,0.858691
94,51,60,0.483871,0.085874,7.315198,64,30,0.139436
94,52,58,0.467742,0.089748,7.328270,66,36,0.145727
94,53,73,0.588710,0.239931,9.626476,51,25,0.389584
94,54,59,0.475806,0.089764,7.724334,65,36,0.145753
94,55,67,0.540323,0.126900,8.680644,57,24,0.206052
94,56,67,0.540323,0.123359,9.185883,57,28,0.200303
94,57,69,0.556452,0.144522,9.111092,55,27,0.234665
94,58,69,0.556452,0.176521,9.154773,55,27,0.286623
94,59,64,0.516129,0.171207,8.513800,60,32,0.277994
94,60,61,0.491935,0.173278,8.071309,63,29,0.281357
94,61,60,0.483871,0.123763,8.234199,64,36,0.200957
94,62,57,0.459677,0.000000,7.233171,67,44,0.000000
94,63,61,0.491935,0.088626,8.166442,63,32,0.143905
94,64,67,0.540323,0.176157,8.514775,57,30,0.286031
94,65,68,0.548387,0.089150,8.157074,56,29,0.144755
94,66,59,0.475806,0.105191,7.502323,65,34,0.170802
94,67,62,0.500000,0.119254,7.896862,62,31,0.193636
94,68,55,0.443548,0.127573,7.493157,69,42,0.207144
94,69,54,0.435484,0.110583,6.832174,70,51,0.179558
94,70,56,0.451613,0.101115,7.352027,68,31,0.714183
94,71,59,0.475806,0.149227,7.755028,65,31,0.242304
94,72,58,0.467742,0.118191,7.642037,66,33,0.191910
94,73,58,0.467742,0.070223,8.173336,66,49,0.114023
94,74,55,0.443548,0.139061,7.230737,69,44,0.225798
94,75,51,0.411290,0.042555,6.683144,73,65,0.069098
94,76,56,0.451613,0.168021,6.950482,68,30,0.272820
94,77,64,0.516129,0.130165,8.014218,60,23,0.211353
94,78,69,0.556452,0.101109,8.981163,55,26,0.164174
94,79,63,0.508065,0.136988,8.551730,61,27,0.222432
94,80,59,0.475806,0.108454,7.432367,65,39,0.176100
94,81,61,0.491935,0.083992,8.045685,63,31,0.136381
94,82,62,0.500000,0.186087,8.232662,62,31,0.302155
94,83,67,0.540323,0.085523,8.658856,57,29,0.138866
94,84,67,0.540323,0.187768,8.815674,57,25,0.304886
94,85,57,0.459677,0.138612,7.556356,67,45,0.225069
94,86,64,0.516129,0.152785,8.672832,60,27,0.798082
94,87,53,0.427419,0.028637,6.774068,71,63,0.046499
94,88,55,0.443548,0.086841,7.590416,69,41,0.141006
94,89,56,0.451613,0.040272,7.064335,68,34,0.065391
94,90,66,0.532258,0.180987,8.685987,58,30,0.293874
94,91,60,0.483871,0.088594,7.701965,64,35,0.143854
94,92,69,0.556452,0.150577,9.155756,55,31,0.244497
94,93,63,0.508065,0.130890,8.238966,61,31,0.212529
94,94,60,0.483871,0.095225,7.351637,64,34,0.154620
94,95,59,0.475806,0.127492,7.573394,65,38,0.207013
94,96,53,0.427419,0.125499,6.977373,71,40,0.203776
94,97,66,0.532258,0.144410,9.138402,58,31,0.234483
94,98,60,0.483871,0.092641,7.453395,64,33,0.150423
94,99,72,0.580645,0.194313,9.543719,52,25,0.315512
94,100,61,0.491935,0.159279,7.728603,63,25,0.258626
94,101,64,0.516129,0.033909,8.178655,60,26,0.055059
94,102,69,0.556452,0.242226,9.048222,55,27,0.393310
94,103,64,0.516129,0.195714,8.686732,60,28,0.317788
94,104,58,0.467742,0.168402,7.719299,66,33,0.823440
94,105,68,0.548387,0.097091,8.952639,56,32,0.157650
94,106,53,0.427419,0.081136,6.982631,71,81,0.131743
94,107,64,0.516129,0.099143,8.253003,60,25,0.160982
94,108,61,0.491935,0.125055,7.700902,63,29,0.203056
94,109,63,0.508065,0.131530,8.292681,61,30,0.213569
94,110,57,0.459677,0.169348,7.213485,67,37,0.824975
94,111,62,0.500000,0.164386,8.111312,62,33,0.266919
94,112,61,0.491935,0.125354,7.879711,63,35,0.203540
94,113,70,0.564516,0.175694,9.205896,54,25,0.285280
94,114,64,0.516129,0.086189,8.302808,60,30,0.139948
94,115,58,0.467742,0.214262,7.693953,66,32,0.347904
94,116,51,0.411290,0.036770,6.943401,73,66,0.059704
94,117,63,0.508065,0.057512,7.946060,61,29,0.093385
94,118,56,0.451613,0.066362,7.244548,68,42,0.107754
94,119,60,0.483871,0.099646,7.945749,64,31,0.161798
94,120,60,0.483871,0.091170,7.664470,64,37,0.148036
94,121,65,0.524194,0.101368,8.382516,59,25,0.164595
94,122,71,0.572581,0.205356,9.617672,53,26,0.883443
94,123,58,0.467742,0.107876,7.493708,66,37,0.175162
94,124,63,0.508065,0.025840,7.806981,61,28,0.041958
95,0,72,0.580645,0.313488,9.975557,52,26,0.450000
95,1,68,0.548387,0.179957,9.431157,56,29,0.258321
95,2,68,0.548387,0.150554,8.722171,56,25,0.216115
95,3,65,0.524194,0.056032,8.391365,59,26,0.080431
95,4,55,0.443548,0.092086,7.318557,69,37,0.132185
95,5,67,0.540323,0.080557,9.472233,57,31,0.115637
95,6,61,0.491935,0.129600,8.180938,63,28,0.736035
95,7,59,0.475806,0.105696,7.712590,65,33,0.151723
95,8,61,0.491935,0.097722,7.628283,63,29,0.140276
95,9,67,0.540323,0.138770,8.385107,57,23,0.199198
95,10,61,0.491935,0.215364,7.996183,63,34,0.309147
95,11,63,0.508065,0.153171,8.329256,61,31,0.219871
95,12,64,0.516129,0.111638,8.295092,60,28,0.160252
95,13,60,0.483871,0.175110,7.780130,64,31,0.251364
95,14,60,0.483871,0.130602,8.032842,64,30,0.187473
95,15,62,0.500000,0.086056,7.977054,62,33,0.123530
95,16,71,0.572581,0.130620,9.088638,53,25,0.187501
95,17,73,0.588710,0.184602,9.343774,51,25,0.264989
95,18,65,0.524194,0.151364,8.307101,59,31,0.217276
95,19,58,0.467742,0.149069,7.319780,66,34,0.213983
95,20,65,0.524194,0.237138,8.881331,59,28,0.340402
95,21,60,0.483871,0.103088,8.117946,64,32,0.147979
95,22,66,0.532258,0.190455,8.479455,58,26,0.823391
95,23,75,0.604839,0.194060,9.613905,49,26,0.278566
95,24,61,0.491935,0.067628,7.855213,63,32,0.097077
95,25,74,0.596774,0.187779,9.751972,50,24,0.269549
95,26,56,0.451613,0.084293,7.152411,68,44,0.120999
95,27,68,0.548387,0.153535,8.566840,56,24,0.220393
95,28,57,0.459677,0.055260,7.212518,67,32,0.079324
95,29,64,0.516129,0.119068,8.217576,60,29,0.170917
95,30,57,0.459677,0.122462,7.399024,67,43,0.175790
95,31,56,0.451613,0.075988,7.165075,68,45,0.109078
95,32,73,0.588710,0.207222,9.763312,51,27,0.297459
95,33,62,0.500000,0.090676,7.948858,62,31,0.130162
95,34,62,0.500000,0.141456,7.665062,62,28,0.203054
95,35,65,0.524194,0.158634,8.137384,59,26,0.227713
95,36,60,0.483871,0.141920,8.211996,64,36,0.203720
95,37,64,0.516129,0.098978,8.103285,60,27,0.142079
95,38,54,0.435484,0.140554,7.196326,70,54,0.201760
95,39,68,0.548387,0.139130,8.707798,56,26,0.199715
95,40,54,0.435484,0.163126,6.990914,70,51,0.784162
95,41,56,0.451613,0.117054,6.917285,68,34,0.718027
95,42,57,0.459677,0.124887,7.637349,67,37,0.179271
95,43,63,0.508065,0.142203,8.654384,61,29,0.204127
95,44,64,0.516129,0.149419,8.641829,60,28,0.214486
95,45,65,0.524194,0.222663,8.642862,59,32,0.319624
95,46,67,0.540323,0.124316,8.787949,57,26,0.178451
95,47,70,0.564516,0.076710,8.882324,54,25,0.110115
95,48,61,0.491935,0.171266,7.895551,63,31,0.245846
95,49,60,0.483871,0.107898,8.020789,64,32,0.154883
95,50,66,0.532258,0.180569,8.173502,58,28,0.259200
95,51,60,0.483871,0.122505,7.435193,64,30,0.175851
95,52,58,0.467742,0.094900,7.251560,66,36,0.136226
95,53,73,0.588710,0.188725,9.651752,51,25,0.270907
95,54,59,0.475806,0.086456,7.354167,65,36,0.124104
95,55,67,0.540323,0.164195,9.032434,57,24,0.235695
95,56,67,0.540323,0.173165,9.076449,57,28,0.248572
95,57,69,0.556452,0.165693,9.166111,55,27,0.237846
95,58,69,0.556452,0.104479,8.827086,55,27,0.149976
95,59,64,0.516129,0.187279,8.319647,60,32,0.268831
95,60,61,0.491935,0.179391,8.387618,63,29,0.257509
95,61,60,0.483871,0.154112,8.386047,64,36,0.221222
95,62,57,0.459677,0.000000,6.988241,67,44,0.000000
95,63,61,0.491935,0.060735,8.129097,63,32,0.087182
95,64,67,0.540323,0.227611,8.814847,57,30,0.326727
95,65,68,0.548387,0.088070,8.393489,56,29,0.126421
95,66,59,0.475806,0.105990,7.629539,65,34,0.152145
95,67,62,0.500000,0.150403,8.314037,62,31,0.215898
95,68,55,0.443548,0.078440,7.496244,69,42,0.112598
95,69,54,0.435484,0.069570,6.646888,70,51,0.099865
95,70,56,0.451613,0.041886,7.284054,68,32,0.060125
95,71,59,0.475806,0.175401,7.904599,65,31,0.251782
95,72,58,0.467742,0.071596,7.514742,66,33,0.102773
95,73,58,0.467742,0.068170,8.042281,66,49,0.097855
95,74,55,0.443548,0.097460,7.365936,69,44,0.139901
95,75,51,0.411290,0.023967,6.315983,73,65,0.034404
95,76,56,0.451613,0.136095,6.977662,68,30,0.195358
95,77,64,0.516129,0.141307,8.236356,60,23,0.202840
95,78,69,0.556452,0.090027,8.778648,55,26,0.129230
95,79,63,0.508065,0.106787,8.584315,61,27,0.153289
95,80,59,0.475806,0.067556,7.381703,65,39,0.096974
95,81,61,0.491935,0.129206,8.237330,63,31,0.185471
95,82,62,0.500000,0.180672,8.501272,62,31,0.259347
95,83,67,0.540323,0.142897,8.520934,57,29,0.205123
95,84,67,0.540323,0.097386,8.372065,57,25,0.689794
95,85,57,0.459677,0.079052,7.243947,67,45,0.113477
95,86,64,0.516129,0.105162,8.570578,60,28,0.150956
95,87,53,0.427419,0.067117,6.825440,71,63,0.096343
95,88,55,0.443548,0.039124,7.385199,69,41,0.056161
95,89,56,0.451613,0.062596,7.316035,68,34,0.089855
95,90,66,0.532258,0.194607,8.635779,58,30,0.279350
95,91,60,0.483871,0.041047,7.784348,64,35,0.058921
95,92,69,0.556452,0.166321,9.220509,55,31,0.238747
95,93,63,0.508065,0.122479,8.000183,61,31,0.175814
95,94,60,0.483871,0.141319,7.465561,64,34,0.202858
95,95,59,0.475806,0.130048,7.699481,65,38,0.186678
95,96,53,0.427419,0.086085,7.049914,71,40,0.123571
95,97,66,0.532258,0.182790,9.200174,58,31,0.262389
95,98,60,0.483871,0.073850,7.380223,64,33,0.106009
95,99,72,0.580645,0.201040,9.430345,52,25,0.288584
95,100,61,0.491935,0.134059,7.470575,63,25,0.192437
95,101,64,0.516129,0.051731,8.227726,60,26,0.074257
95,102,69,0.556452,0.229907,8.855013,55,27,0.330023
95,103,64,0.516129,0.206828,8.756426,60,28,0.846894
95,104,58,0.467742,0.133798,7.715345,66,34,0.192062
95,105,68,0.548387,0.122250,9.098915,56,32,0.175486
95,106,53,0.427419,0.078090,6.990259,71,81,0.112095
95,107,64,0.516129,0.110701,8.270904,60,25,0.708906
95,108,61,0.491935,0.130683,7.890376,63,29,0.187590
95,109,63,0.508065,0.136203,8.431930,61,30,0.195514
95,110,57,0.459677,0.103838,7.395143,67,38,0.149055
95,111,62,0.500000,0.147767,7.931747,62,33,0.212114
95,112,61,0.491935,0.122348,7.704480,63,35,0.175625
95,113,70,0.564516,0.184279,9.212304,54,25,0.814525
95,114,64,0.516129,0.065660,8.266683,60,30,0.094252
95,115,58,0.467742,0.215829,7.728539,66,32,0.309814
95,116,51,0.411290,0.079512,6.861868,73,66,0.114136
95,117,63,0.508065,0.091983,8.198198,61,29,0.132038
95,118,56,0.451613,0.105385,7.384090,68,42,0.151276
95,119,60,0.483871,0.124743,8.272113,64,31,0.179064
95,120,60,0.483871,0.092899,7.944843,64,37,0.133352
95,121,65,0.524194,0.126451,8.520099,59,25,0.181516
95,122,71,0.572581,0.254600,9.945634,53,27,0.365468
95,123,58,0.467742,0.164219,7.962674,66,37,0.235730
95,124,63,0.508065,0.022556,7.599673,61,28,0.032378
96,0,72,0.580645,0.266953,9.629060,52,26,0.389612
96,1,68,0.548387,0.143113,9.254236,56,29,0.208870
96,2,68,0.548387,0.142745,8.805788,56,25,0.758333
96,3,65,0.524194,0.097101,8.113493,59,26,0.141717
96,4,55,0.443548,0.192067,7.875241,69,37,0.280318
96,5,67,0.540323,0.109636,9.213482,57,31,0.160011
96,6,61,0.491935,0.109133,8.241112,63,29,0.159277
96,7,59,0.475806,0.186115,7.852444,65,33,0.271630
96,8,61,0.491935,0.118592,8.049472,63,29,0.173082
96,9,67,0.540323,0.164566,8.500733,57,23,0.240181
96,10,61,0.491935,0.213210,8.103106,63,34,0.311176
96,11,63,0.508065,0.173266,8.503620,61,31,0.252878
96,12,64,0.516129,0.019627,8.212902,60,28,0.028645
96,13,60,0.483871,0.155046,8.010681,64,31,0.226286
96,14,60,0.483871,0.181537,8.119549,64,30,0.814949
96,15,62,0.500000,0.081114,8.108153,62,33,0.118384
96,16,71,0.572581,0.188055,9.528330,53,25,0.274462
96,17,73,0.588710,0.170048,9.643717,51,25,0.248182
96,18,65,0.524194,0.159521,8.356772,59,31,0.232817
96,19,58,0.467742,0.122317,7.119092,66,34,0.728519
96,20,65,0.524194,0.208669,8.754870,59,28,0.304548
96,21,60,0.483871,0.099502,7.906453,64,32,0.145221
96,22,66,0.532258,0.160689,8.311108,58,27,0.234522
96,23,75,0.604839,0.197974,9.373327,49,26,0.288938
96,24,61,0.491935,0.073632,7.952142,63,32,0.107464
96,25,74,0.596774,0.308329,9.642432,50,24,0.450000
96,26,56,0.451613,0.051731,6.784855,68,44,0.075501
96,27,68,0.548387,0.073200,8.563278,56,24,0.106834
96,28,57,0.459677,0.000000,6.991045,67,32,0.000000
96,29,64,0.516129,0.160160,8.140033,60,29,0.233749
96,30,57,0.459677,0.131304,7.593783,67,43,0.191635
96,31,56,0.451613,0.107245,7.027508,68,45,0.156521
96,32,73,0.588710,0.171029,9.766344,51,27,0.249613
96,33,62,0.500000,0.139543,7.934585,62,31,0.203659
96,34,62,0.500000,0.161943,7.733446,62,28,0.236353
96,35,65,0.524194,0.115170,8.119745,59,26,0.168088
96,36,60,0.483871,0.166265,8.025558,64,36,0.242660
96,37,64,0.516129,0.083563,8.404791,60,27,0.671958
96,38,54,0.435484,0.099362,6.985944,70,54,0.145017
96,39,68,0.548387,0.147173,8.543762,56,26,0.214795
96,40,54,0.435484,0.109357,7.026307,70,52,0.159604
96,41,56,0.451613,0.023283,6.789989,68,35,0.033981
96,42,57,0.459677,0.138856,7.365563,67,37,0.202657
96,43,63,0.508065,0.149509,8.155076,61,29,0.218205
96,44,64,0.516129,0.140688,8.467487,60,28,0.205330
96,45,65,0.524194,0.208438,8.864364,59,32,0.854211
96,46,67,0.540323,0.165154,8.979078,57,26,0.241039
96,47,70,0.564516,0.144465,9.095449,54,25,0.210843
96,48,61,0.491935,0.145160,7.759004,63,31,0.211858
96,49,60,0.483871,0.071751,7.510328,64,32,0.104719
96,50,66,0.532258,0.157926,8.075482,58,28,0.230490
96,51,60,0.483871,0.134225,7.766411,64,30,0.195898
96,52,58,0.467742,0.046093,7.363178,66,36,0.067272
96,53,73,0.588710,0.142981,9.514021,51,25,0.208678
96,54,59,0.475806,0.105645,7.774306,65,36,0.154187
96,55,67,0.540323,0.016840,8.752929,57,24,0.024577
96,56,67,0.540323,0.144233,9.196605,57,28,0.210505
96,57,69,0.556452,0.154834,9.063742,55,27,0.225977
96,58,69,0.556452,0.115971,8.907823,55,27,0.169257
96,59,64,0.516129,0.137869,8.109188,60,32,0.201217
96,60,61,0.491935,0.151888,8.043101,63,29,0.221678
96,61,60,0.483871,0.152774,8.122043,64,36,0.222970
96,62,57,0.459677,0.000000,7.217600,67,44,0.000000
96,63,61,0.491935,0.170299,8.237722,63,32,0.248547
96,64,67,0.540323,0.217164,8.741964,57,30,0.316946
96,65,68,0.548387,0.075537,8.497727,56,29,0.110245
96,66,59,0.475806,0.122437,7.776647,65,34,0.178693
96,67,62,0.500000,0.081135,8.101667,62,31,0.118415
96,68,55,0.443548,0.119982,7.533351,69,42,0.175111
96,69,54,0.435484,0.074745,6.516052,70,51,0.109088
96,70,56,0.451613,0.097178,7.435953,68,32,0.141829
96,71,59,0.475806,0.243297,7.815786,65,31,0.905087
96,72,58,0.467742,0.107304,7.521071,66,33,0.156607
96,73,58,0.467742,0.085243,7.884843,66,49,0.124411
96,74,55,0.443548,0.085108,7.124813,69,44,0.124214
96,75,51,0.411290,0.038087,6.379628,73,65,0.055587
96,76,56,0.451613,0.207533,7.373192,68,30,0.302890
96,77,64,0.516129,0.138425,8.290203,60,23,0.202028
96,78,69,0.556452,0.131700,8.609372,55,26,0.192213
96,79,63,0.508065,0.077106,8.334191,61,27,0.112534
96,80,59,0.475806,0.080321,7.176078,65,39,0.117227
96,81,61,0.491935,0.155748,8.267137,63,31,0.227311
96,82,62,0.500000,0.181298,8.437892,62,31,0.264601
96,83,67,0.540323,0.120468,8.486178,57,29,0.175820
96,84,67,0.540323,0.125842,8.675861,57,26,0.183663
96,85,57,0.459677,0.123326,7.666635,67,45,0.179991
96,86,64,0.516129,0.057464,8.407455,60,28,0.083868
96,87,53,0.427419,0.108444,6.962287,71,63,0.708271
96,88,55,0.443548,0.038176,7.192214,69,41,0.055717
96,89,56,0.451613,0.119047,7.358378,68,34,0.173746
96,90,66,0.532258,0.213707,8.769213,58,30,0.311901
96,91,60,0.483871,0.000000,7.837635,64,35,0.000000
96,92,69,0.556452,0.128744,9.081262,55,31,0.187898
96,93,63,0.508065,0.126482,8.042035,61,31,0.184598
96,94,60,0.483871,0.105425,7.345768,64,34,0.153866
96,95,59,0.475806,0.132935,7.813824,65,38,0.744015
96,96,53,0.427419,0.119000,7.072687,71,40,0.173677
96,97,66,0.532258,0.110217,8.899509,58,31,0.160859
96,98,60,0.483871,0.043251,7.092890,64,33,0.063123
96,99,72,0.580645,0.251929,9.665910,52,25,0.367685
96,100,61,0.491935,0.179485,7.838975,63,25,0.261954
96,101,64,0.516129,0.107032,8.144552,60,26,0.156211
96,102,69,0.556452,0.262757,9.231569,55,27,0.383488
96,103,64,0.516129,0.202692,8.774474,60,29,0.295825
96,104,58,0.467742,0.126339,7.934137,66,34,0.184389
96,105,68,0.548387,0.188056,8.988371,56,32,0.274463
96,106,53,0.427419,0.059642,6.949572,71,81,0.087046
96,107,64,0.516129,0.114690,8.541724,60,26,0.167388
96,108,61,0.491935,0.120668,8.159246,63,29,0.176112
96,109,63,0.508065,0.090190,8.328626,61,30,0.131630
96,110,57,0.459677,0.196309,7.488619,67,38,0.286509
96,111,62,0.500000,0.173228,8.124396,62,33,0.252822
96,112,61,0.491935,0.075825,7.792393,63,35,0.110665
96,113,70,0.564516,0.154315,9.309320,54,26,0.225219
96,114,64,0.516129,0.075579,7.896560,60,30,0.110306
96,115,58,0.467742,0.128706,7.377965,66,32,0.187844
96,116,51,0.411290,0.015209,6.711491,73,66,0.022197
96,117,63,0.508065,0.089236,7.962164,61,29,0.130238
96,118,56,0.451613,0.079620,7.162543,68,42,0.116204
96,119,60,0.483871,0.168980,8.223562,64,31,0.246623
96,120,60,0.483871,0.080633,7.598573,64,37,0.117683
96,121,65,0.524194,0.080862,8.423240,59,25,0.118017
96,122,71,0.572581,0.225927,9.546577,53,27,0.329735
96,123,58,0.467742,0.135955,7.688161,66,37,0.198424
96,124,63,0.508065,0.057406,7.801488,61,28,0.083782
97,0,72,0.580645,0.282071,9.657056,52,26,0.450000
97,1,68,0.548387,0.156555,9.400239,56,29,0.249758
97,2,68,0.548387,0.114301,8.689305,56,26,0.182349
97,3,65,0.524194,0.155296,8.540272,59,26,0.247751
97,4,55,0.443548,0.165447,7.835991,69,37,0.813944
97,5,67,0.540323,0.123484,9.227350,57,31,0.197000
97,6,61,0.491935,0.080036,8.153064,63,29,0.127684
97,7,59,0.475806,0.186175,7.903925,65,33,0.297012
97,8,61,0.491935,0.099751,7.728924,63,29,0.159137
97,9,67,0.540323,0.127614,8.380548,57,23,0.203587
97,10,61,0.491935,0.194188,7.929609,63,34,0.309797
97,11,63,0.508065,0.136132,8.480731,61,31,0.217177
97,12,64,0.516129,0.117484,8.218790,60,28,0.187427
97,13,60,0.483871,0.142272,7.834917,64,31,0.226972
97,14,60,0.483871,0.110127,8.059772,64,31,0.175690
97,15,62,0.500000,0.086765,8.129268,62,33,0.138420
97,16,71,0.572581,0.156217,9.346764,53,25,0.249220
97,17,73,0.588710,0.230581,9.624964,51,25,0.367856
97,18,65,0.524194,0.117313,8.019713,59,31,0.187155
97,19,58,0.467742,0.105734,7.270031,66,35,0.168682
97,20,65,0.524194,0.213625,8.899002,59,28,0.890805
97,21,60,0.483871,0.100678,7.753078,64,32,0.160615
97,22,66,0.532258,0.182487,8.812099,58,27,0.291129
97,23,75,0.604839,0.248380,9.669710,49,26,0.396251
97,24,61,0.491935,0.081818,7.945898,63,32,0.130527
97,25,74,0.596774,0.271676,9.658385,50,24,0.433417
97,26,56,0.451613,0.108409,7.440173,68,44,0.172950
97,27,68,0.548387,0.119727,8.702518,56,24,0.191005
97,28,57,0.459677,0.002549,7.361422,67,32,0.004066
97,29,64,0.516129,0.151866,8.180366,60,29,0.242278
97,30,57,0.459677,0.090069,7.284782,67,43,0.143690
97,31,56,0.451613,0.110566,7.123481,68,45,0.176391
97,32,73,0.588710,0.169118,9.688877,51,27,0.269801
97,33,62,0.500000,0.113216,7.914055,62,31,0.180619
97,34,62,0.500000,0.186121,8.104192,62,28,0.296927
97,35,65,0.524194,0.116734,8.143439,59,26,0.186230
97,36,60,0.483871,0.103423,7.850737,64,36,0.164995
97,37,64,0.516129,0.040561,8.452940,60,28,0.064709
97,38,54,0.435484,0.134251,7.471698,70,54,0.214177
97,39,68,0.548387,0.132577,8.369655,56,26,0.211505
97,40,54,0.435484,0.118629,6.975687,70,52,0.189253
97,41,56,0.451613,0.053921,6.714019,68,35,0.086022
97,42,57,0.459677,0.112138,7.217741,67,37,0.178899
97,43,63,0.508065,0.165241,8.292908,61,29,0.263615
97,44,64,0.516129,0.162879,8.692358,60,28,0.259848
97,45,65,0.524194,0.209836,8.657860,59,33,0.334761
97,46,67,0.540323,0.172349,8.798070,57,26,0.274955
97,47,70,0.564516,0.165831,8.955933,54,25,0.264558
97,48,61,0.491935,0.105913,7.433711,63,31,0.168968
97,49,60,0.483871,0.050262,7.586775,64,32,0.080186
97,50,66,0.532258,0.187771,8.257171,58,28,0.299559
97,51,60,0.483871,0.120498,7.484089,64,30,0.192235
97,52,58,0.467742,0.021930,7.232849,66,36,0.034987
97,53,73,0.588710,0.165180,9.551587,51,25,0.263519
97,54,59,0.475806,0.102071,7.785880,65,36,0.162838
97,55,67,0.540323,0.044406,8.954303,57,24,0.070843
97,56,67,0.540323,0.097085,8.866261,57,28,0.154883
97,57,69,0.556452,0.196323,9.164438,55,27,0.313203
97,58,69,0.556452,0.116537,8.764766,55,27,0.185916
97,59,64,0.516129,0.129217,8.381397,60,32,0.206145
97,60,61,0.491935,0.167993,8.009313,63,29,0.268006
97,61,60,0.483871,0.137973,8.006788,64,36,0.220113
97,62,57,0.459677,0.000000,7.079151,67,44,0.000000
97,63,61,0.491935,0.131793,8.163970,63,32,0.210256
97,64,67,0.540323,0.190501,8.416434,57,30,0.303914
97,65,68,0.548387,0.135573,8.456161,56,29,0.216286
97,66,59,0.475806,0.112807,7.898638,65,34,0.179965
97,67,62,0.500000,0.125975,8.123087,62,31,0.200973
97,68,55,0.443548,0.166915,7.671701,69,42,0.816286
97,69,54,0.435484,0.118228,6.658119,70,51,0.738614
97,70,56,0.451613,0.117711,7.582615,68,32,0.187790
97,71,59,0.475806,0.224078,7.877186,65,32,0.907481
97,72,58,0.467742,0.129463,7.633170,66,33,0.756539
97,73,58,0.467742,0.041411,7.748738,66,49,0.066065
97,74,55,0.443548,0.133951,7.091175,69,44,0.213698
97,75,51,0.411290,0.079667,6.489394,73,65,0.127095
97,76,56,0.451613,0.164018,7.201440,68,30,0.261665
97,77,64,0.516129,0.142036,8.398862,60,23,0.226596
97,78,69,0.556452,0.094749,8.816990,55,26,0.151157
97,79,63,0.508065,0.109329,8.483490,61,27,0.174418
97,80,59,0.475806,0.069420,7.064090,65,39,0.110749
97,81,61,0.491935,0.124271,8.040984,63,31,0.198255
97,82,62,0.500000,0.104934,8.102778,62,31,0.167406
97,83,67,0.540323,0.120375,8.653462,57,29,0.192039
97,84,67,0.540323,0.133693,8.716111,57,26,0.213287
97,85,57,0.459677,0.136542,7.577845,67,45,0.217831
97,86,64,0.516129,0.065245,8.484959,60,28,0.104088
97,87,53,0.427419,0.082062,7.001191,71,64,0.130916
97,88,55,0.443548,0.023474,7.061204,69,41,0.037450
97,89,56,0.451613,0.047043,7.234614,68,34,0.075049
97,90,66,0.532258,0.183226,8.703255,58,30,0.292309
97,91,60,0.483871,0.076770,7.851472,64,35,0.122475
97,92,69,0.556452,0.150695,9.021921,55,31,0.240411
97,93,63,0.508065,0.136128,7.988813,61,31,0.217171
97,94,60,0.483871,0.103052,7.560435,64,34,0.164403
97,95,59,0.475806,0.113301,7.800784,65,39,0.180754
97,96,53,0.427419,0.102136,7.146822,71,40,0.162942
97,97,66,0.532258,0.198101,9.159314,58,31,0.316039
97,98,60,0.483871,0.107577,7.502599,64,33,0.171622
97,99,72,0.580645,0.199523,9.509287,52,25,0.318307
97,100,61,0.491935,0.174909,7.744799,63,25,0.279040
97,101,64,0.516129,0.075485,8.091270,60,26,0.120425
97,102,69,0.556452,0.245952,9.348650,55,27,0.392377
97,103,64,0.516129,0.213733,8.751169,60,29,0.340977
97,104,58,0.467742,0.137836,8.018233,66,34,0.219896
97,105,68,0.548387,0.139017,8.803237,56,32,0.221780
97,106,53,0.427419,0.048958,7.062244,71,81,0.078105
97,107,64,0.516129,0.051528,8.292847,60,26,0.082205
97,108,61,0.491935,0.134812,7.892477,63,29,0.215072
97,109,63,0.508065,0.122643,8.190583,61,30,0.195657
97,110,57,0.459677,0.177524,7.395097,67,38,0.283212
97,111,62,0.500000,0.123525,8.075143,62,33,0.197064
97,112,61,0.491935,0.103489,8.154723,63,35,0.165100
97,113,70,0.564516,0.165974,9.457707,54,26,0.264786
97,114,64,0.516129,0.074580,8.054577,60,30,0.118980
97,115,58,0.467742,0.144256,7.487489,66,32,0.230138
97,116,51,0.411290,0.051365,6.889757,73,66,0.081945
97,117,63,0.508065,0.123339,8.148918,61,29,0.196768
97,118,56,0.451613,0.083725,6.979412,68,42,0.683570
97,119,60,0.483871,0.150913,7.824538,64,31,0.240757
97,120,60,0.483871,0.123682,7.761201,64,37,0.747314
97,121,65,0.524194,0.117575,8.319652,59,25,0.187572
97,122,71,0.572581,0.199225,9.551072,53,27,0.317833
97,123,58,0.467742,0.092653,7.452142,66,37,0.147814
97,124,63,0.508065,0.066754,7.900855,61,28,0.106495
98,0,72,0.580645,0.233938,9.479544,52,26,0.363130
98,1,68,0.548387,0.142485,9.304608,56,29,0.221173
98,2,68,0.548387,0.088355,8.737925,56,26,0.137148
98,3,65,0.524194,0.152534,8.272340,59,26,0.236770
98,4,55,0.443548,0.138922,7.813385,69,38,0.215641
98,5,67,0.540323,0.108935,9.067411,57,31,0.169095
98,6,61,0.491935,0.085274,8.188802,63,29,0.132367
98,7,59,0.475806,0.187254,7.675200,65,33,0.290665
98,8,61,0.491935,0.123751,8.131512,63,29,0.192092
98,9,67,0.540323,0.116837,8.212607,57,23,0.181360
98,10,61,0.491935,0.195140,8.047608,63,34,0.852906
98,11,63,0.508065,0.170586,8.630436,61,31,0.264792
98,12,64,0.516129,0.105784,8.452489,60,28,0.164202
98,13,60,0.483871,0.137238,7.768744,64,31,0.213027
98,14,60,0.483871,0.157192,8.235773,64,31,0.244000
98,15,62,0.500000,0.094111,8.162555,62,33,0.146083
98,16,71,0.572581,0.153530,9.360309,53,25,0.238317
98,17,73,0.588710,0.237781,9.655602,51,25,0.369095
98,18,65,0.524194,0.126259,8.255058,59,31,0.195986
98,19,58,0.467742,0.111712,7.079972,66,35,0.173405
98,20,65,0.524194,0.211461,8.997354,59,29,0.328240
98,21,60,0.483871,0.100661,7.853184,64,32,0.156251
98,22,66,0.532258,0.167617,8.460201,58,27,0.260183
98,23,75,0.604839,0.197868,9.287174,49,26,0.307141
98,24,61,0.491935,0.080442,8.021383,63,32,0.124867
98,25,74,0.596774,0.258375,9.497307,50,24,0.951062
98,26,56,0.451613,0.118673,7.195021,68,44,0.184210
98,27,68,0.548387,0.073903,8.476817,56,24,0.114716
98,28,57,0.459677,0.003565,7.023602,67,32,0.005534
98,29,64,0.516129,0.121885,8.063650,60,29,0.189196
98,30,57,0.459677,0.123184,7.387556,67,43,0.191212
98,31,56,0.451613,0.105695,7.100744,68,45,0.164065
98,32,73,0.588710,0.179074,9.650165,51,27,0.277967
98,33,62,0.500000,0.148707,7.907781,62,31,0.230830
98,34,62,0.500000,0.149916,8.065717,62,28,0.232707
98,35,65,0.524194,0.103280,8.104880,59,26,0.160317
98,36,60,0.483871,0.125389,7.780186,64,36,0.194635
98,37,64,0.516129,0.090526,8.364440,60,28,0.140520
98,38,54,0.435484,0.131030,7.322457,70,54,0.203391
98,39,68,0.548387,0.169487,8.497848,56,26,0.263085
98,40,54,0.435484,0.124539,6.918159,70,52,0.193315
98,41,56,0.451613,0.058874,6.873435,68,35,0.091386
98,42,57,0.459677,0.123117,7.194542,67,37,0.191108
98,43,63,0.508065,0.147632,8.109011,61,29,0.229161
98,44,64,0.516129,0.137022,8.472097,60,28,0.212692
98,45,65,0.524194,0.167742,8.709152,59,33,0.260378
98,46,67,0.540323,0.174184,9.036290,57,26,0.270377
98,47,70,0.564516,0.138472,8.951171,54,25,0.214942
98,48,61,0.491935,0.186142,7.898932,63,31,0.288939
98,49,60,0.483871,0.104028,7.696634,64,32,0.161478
98,50,66,0.532258,0.164135,8.290810,58,28,0.254779
98,51,60,0.483871,0.146547,7.744260,64,30,0.227478
98,52,58,0.467742,0.078788,7.416299,66,36,0.122299
98,53,73,0.588710,0.198786,9.479742,51,25,0.308565
98,54,59,0.475806,0.112680,7.825434,65,36,0.174907
98,55,67,0.540323,0.063660,8.638107,57,24,0.098816
98,56,67,0.540323,0.153510,9.178963,57,28,0.238286
98,57,69,0.556452,0.135350,8.869004,55,27,0.210097
98,58,69,0.556452,0.120311,8.978746,55,27,0.186753
98,59,64,0.516129,0.124859,8.317381,60,32,0.193812
98,60,61,0.491935,0.140435,7.928320,63,29,0.217989
98,61,60,0.483871,0.126317,8.132263,64,36,0.196075
98,62,57,0.459677,0.000000,7.241327,67,44,0.000000
98,63,61,0.491935,0.153493,8.152354,63,32,0.238260
98,64,67,0.540323,0.203279,8.445981,57,30,0.865539
98,65,68,0.548387,0.092281,8.269551,56,29,0.143242
98,66,59,0.475806,0.105588,7.713638,65,34,0.163898
98,67,62,0.500000,0.088285,7.897393,62,31,0.137041
98,68,55,0.443548,0.114502,7.383449,69,43,0.177735
98,69,54,0.435484,0.086618,6.823733,70,52,0.134453
98,70,56,0.451613,0.132138,7.598370,68,32,0.205112
98,71,59,0.475806,0.222149,7.963850,65,33,0.344831
98,72,58,0.467742,0.112967,7.635946,66,34,0.175353
98,73,58,0.467742,0.056852,7.761858,66,49,0.088248
98,74,55,0.443548,0.122522,7.136694,69,44,0.190184
98,75,51,0.411290,0.055179,6.670557,73,65,0.085651
98,76,56,0.451613,0.244428,7.591119,68,30,0.929413
98,77,64,0.516129,0.136444,8.317826,60,23,0.211796
98,78,69,0.556452,0.138383,8.832224,55,26,0.214804
98,79,63,0.508065,0.063770,8.410255,61,27,0.098988
98,80,59,0.475806,0.088448,7.286559,65,39,0.137293
98,81,61,0.491935,0.113069,7.974289,63,31,0.175511
98,82,62,0.500000,0.160532,8.226633,62,31,0.249186
98,83,67,0.540323,0.122098,8.641831,57,29,0.189527
98,84,67,0.540323,0.173390,8.919875,57,26,0.269144
98,85,57,0.459677,0.159468,7.609831,67,45,0.247534
98,86,64,0.516129,0.081917,8.489290,60,28,0.127156
98,87,53,0.427419,0.059757,6.734906,71,64,0.092757
98,88,55,0.443548,0.092881,7.339407,69,41,0.144175
98,89,56,0.451613,0.042925,7.106000,68,34,0.066631
98,90,66,0.532258,0.143750,8.570405,58,30,0.223136
98,91,60,0.483871,0.065734,7.897188,64,35,0.652036
98,92,69,0.556452,0.188132,9.132155,55,31,0.292027
98,93,63,0.508065,0.135746,7.905756,61,31,0.210711
98,94,60,0.483871,0.057245,7.366148,64,34,0.088859
98,95,59,0.475806,0.102567,7.795005,65,39,0.159210
98,96,53,0.427419,0.092719,7.128334,71,40,0.143923
98,97,66,0.532258,0.157031,9.028638,58,31,0.243751
98,98,60,0.483871,0.093110,7.357328,64,33,0.144530
98,99,72,0.580645,0.246666,9.788544,52,25,0.382887
98,100,61,0.491935,0.153946,7.666973,63,25,0.238963
98,101,64,0.516129,0.071619,8.113123,60,26,0.111170
98,102,69,0.556452,0.289902,9.441255,55,27,0.450000
98,103,64,0.516129,0.160175,8.705593,60,29,0.248632
98,104,58,0.467742,0.109047,7.801188,66,34,0.169268
98,105,68,0.548387,0.162221,8.807053,56,32,0.251807
98,106,53,0.427419,0.065762,6.901322,71,81,0.102078
98,107,64,0.516129,0.088242,8.283072,60,26,0.136973
98,108,61,0.491935,0.127717,8.039856,63,29,0.198248
98,109,63,0.508065,0.115954,8.189994,61,30,0.729990
98,110,57,0.459677,0.175221,7.306641,67,38,0.271986
98,111,62,0.500000,0.159946,8.155439,62,33,0.248276
98,112,61,0.491935,0.116557,7.998917,63,35,0.180925
98,113,70,0.564516,0.141890,9.198914,54,26,0.220249
98,114,64,0.516129,0.106587,8.190278,60,30,0.165450
98,115,58,0.467742,0.154176,7.462325,66,32,0.789320
98,116,51,0.411290,0.017033,6.750741,73,66,0.026440
98,117,63,0.508065,0.109201,8.012205,61,29,0.169508
98,118,56,0.451613,0.050715,7.112405,68,43,0.078723
98,119,60,0.483871,0.164241,8.122618,64,31,0.254944
98,120,60,0.483871,0.062665,7.554293,64,38,0.097272
98,121,65,0.524194,0.088535,8.364382,59,25,0.137429
98,122,71,0.572581,0.210859,9.616675,53,27,0.327305
98,123,58,0.467742,0.095077,7.479603,66,37,0.147583
98,124,63,0.508065,0.043616,7.922405,61,28,0.067703
99,0,72,0.580645,0.226696,9.900190,52,26,0.401863
99,1,68,0.548387,0.171644,9.618571,56,29,0.304272
99,2,68,0.548387,0.084223,8.644386,56,26,0.149303
99,3,65,0.524194,0.144635,8.328846,59,26,0.256395
99,4,55,0.443548,0.106783,7.574155,69,38,0.189294
99,5,67,0.540323,0.131280,9.323672,57,31,0.232720
99,6,61,0.491935,0.096756,8.075463,63,29,0.171519
99,7,59,0.475806,0.161862,7.876762,65,33,0.286932
99,8,61,0.491935,0.113153,7.963444,63,29,0.200585
99,9,67,0.540323,0.137796,8.344876,57,23,0.244271
99,10,61,0.491935,0.181314,7.994729,63,35,0.321415
99,11,63,0.508065,0.115243,8.205994,61,31,0.204291
99,12,64,0.516129,0.182643,8.553005,60,28,0.323770
99,13,60,0.483871,0.107560,7.726201,64,31,0.190671
99,14,60,0.483871,0.171356,8.001157,64,31,0.303762
99,15,62,0.500000,0.091605,8.073282,62,33,0.162388
99,16,71,0.572581,0.142940,9.325047,53,25,0.253389
99,17,73,0.588710,0.227176,9.512824,51,25,0.402713
99,18,65,0.524194,0.144935,8.474755,59,31,0.256926
99,19,58,0.467742,0.089147,7.373337,66,35,0.158030
99,20,65,0.524194,0.213879,8.856277,59,29,0.379142
99,21,60,0.483871,0.094421,8.088863,64,32,0.167380
99,22,66,0.532258,0.209705,8.790524,58,27,0.371744
99,23,75,0.604839,0.216208,9.552243,49,26,0.383272
99,24,61,0.491935,0.070078,7.808527,63,32,0.124227
99,25,74,0.596774,0.167443,9.557738,50,25,0.296826
99,26,56,0.451613,0.136757,7.486545,68,44,0.242429
99,27,68,0.548387,0.149908,8.666592,56,24,0.815742
99,28,57,0.459677,0.008210,7.311836,67,32,0.014554
99,29,64,0.516129,0.100422,7.889277,60,29,0.178017
99,30,57,0.459677,0.146890,7.383617,67,43,0.810392
99,31,56,0.451613,0.053588,7.124726,68,45,0.094996
99,32,73,0.588710,0.222950,9.758551,51,27,0.395222
99,33,62,0.500000,0.123235,7.957834,62,31,0.218458
99,34,62,0.500000,0.195373,8.118016,62,28,0.346337
99,35,65,0.524194,0.130888,8.028634,59,26,0.232024
99,36,60,0.483871,0.097040,8.029758,64,36,0.172023
99,37,64,0.516129,0.085727,8.178658,60,28,0.151968
99,38,54,0.435484,0.132280,7.428160,70,54,0.234492
99,39,68,0.548387,0.154588,8.439098,56,26,0.274038
99,40,54,0.435484,0.097917,6.903266,70,52,0.173577
99,41,56,0.451613,0.083967,6.805344,68,35,0.148848
99,42,57,0.459677,0.153180,7.230294,67,37,0.271542
99,43,63,0.508065,0.143007,8.153232,61,29,0.253508
99,44,64,0.516129,0.153735,8.746691,60,28,0.272525
99,45,65,0.524194,0.191413,8.627229,59,33,0.339317
99,46,67,0.540323,0.204664,8.682850,57,26,0.362807
99,47,70,0.564516,0.150589,8.869286,54,25,0.266949
99,48,61,0.491935,0.178961,7.822627,63,31,0.317244
99,49,60,0.483871,0.094111,7.640526,64,32,0.166829
99,50,66,0.532258,0.113968,8.277980,58,28,0.202032
99,51,60,0.483871,0.088546,7.488720,64,30,0.156965
99,52,58,0.467742,0.000000,7.295530,66,36,0.000000
99,53,73,0.588710,0.216715,9.860926,51,25,0.384170
99,54,59,0.475806,0.083254,7.385537,65,36,0.147583
99,55,67,0.540323,0.156780,8.867399,57,24,0.277924
99,56,67,0.540323,0.098225,8.900514,57,28,0.174123
99,57,69,0.556452,0.164348,9.094242,55,27,0.291339
99,58,69,0.556452,0.125123,8.878623,55,27,0.221805
99,59,64,0.516129,0.174515,8.362084,60,32,0.309362
99,60,61,0.491935,0.137398,8.130236,63,29,0.243565
99,61,60,0.483871,0.082172,7.948767,64,36,0.145665
99,62,57,0.459677,0.000000,7.099965,67,44,0.000000
99,63,61,0.491935,0.122010,7.954279,63,32,0.216287
99,64,67,0.540323,0.179474,8.633015,57,31,0.318153
99,65,68,0.548387,0.096224,8.295387,56,29,0.170576
99,66,59,0.475806,0.119984,7.886769,65,34,0.212696
99,67,62,0.500000,0.157565,8.137388,62,31,0.279315
99,68,55,0.443548,0.109560,7.734611,69,43,0.194216
99,69,54,0.435484,0.084803,6.782082,70,52,0.150331
99,70,56,0.451613,0.108603,7.493757,68,32,0.192519
99,71,59,0.475806,0.203637,7.947893,65,33,0.360986
99,72,58,0.467742,0.132826,7.397462,66,34,0.235461
99,73,58,0.467742,0.047688,7.617959,66,49,0.084536
99,74,55,0.443548,0.165346,7.260178,69,44,0.293108
99,75,51,0.411290,0.054579,6.604402,73,65,0.096752
99,76,56,0.451613,0.106677,7.242172,68,31,0.189106
99,77,64,0.516129,0.156850,8.324613,60,23,0.828047
99,78,69,0.556452,0.120166,8.839547,55,26,0.213017
99,79,63,0.508065,0.091431,8.594611,61,27,0.162080
99,80,59,0.475806,0.080184,7.393863,65,39,0.142143
99,81,61,0.491935,0.142629,8.031220,63,31,0.802838
99,82,62,0.500000,0.192876,8.579068,62,31,0.341910
99,83,67,0.540323,0.174719,8.933555,57,29,0.309723
99,84,67,0.540323,0.150908,8.694624,57,26,0.267514
99,85,57,0.459677,0.110789,7.485909,67,45,0.196395
99,86,64,0.516129,0.115478,8.474285,60,28,0.204707
99,87,53,0.427419,0.063157,7.065393,71,64,0.111958
99,88,55,0.443548,0.052782,7.312865,69,41,0.093567
99,89,56,0.451613,0.074000,7.100972,68,34,0.131180
99,90,66,0.532258,0.139754,8.379914,58,30,0.797742
99,91,60,0.483871,0.121109,8.096359,64,36,0.214689
99,92,69,0.556452,0.173264,8.969769,55,31,0.307145
99,93,63,0.508065,0.134887,7.937807,61,31,0.239113
99,94,60,0.483871,0.114653,7.481922,64,34,0.203244
99,95,59,0.475806,0.111340,8.006047,65,39,0.197373
99,96,53,0.427419,0.069929,7.056665,71,40,0.123963
99,97,66,0.532258,0.253851,9.323334,58,31,0.450000
99,98,60,0.483871,0.109374,7.443840,64,33,0.193887
99,99,72,0.580645,0.222561,9.625331,52,25,0.394534
99,100,61,0.491935,0.114666,7.329258,63,25,0.203268
99,101,64,0.516129,0.089989,8.298625,60,26,0.159523
99,102,69,0.556452,0.253081,9.236007,55,27,0.998637
99,103,64,0.516129,0.152545,8.993776,60,29,0.270416
99,104,58,0.467742,0.133045,7.698128,66,34,0.235848
99,105,68,0.548387,0.170937,9.159627,56,32,0.303020
99,106,53,0.427419,0.034520,7.077101,71,81,0.061193
99,107,64,0.516129,0.064019,7.948342,60,26,0.113485
99,108,61,0.491935,0.107923,7.772275,63,29,0.191315
99,109,63,0.508065,0.064612,8.346092,61,31,0.114537
99,110,57,0.459677,0.156958,7.308404,67,38,0.278238
99,111,62,0.500000,0.143975,8.004558,62,33,0.255223
99,112,61,0.491935,0.098259,7.770197,63,35,0.174183
99,113,70,0.564516,0.144183,9.135764,54,26,0.255593
99,114,64,0.516129,0.085494,8.218446,60,30,0.151554
99,115,58,0.467742,0.179371,7.746104,66,33,0.867970
99,116,51,0.411290,0.077016,6.846056,73,66,0.136527
99,117,63,0.508065,0.083356,7.980334,61,29,0.147764
99,118,56,0.451613,0.070867,7.097396,68,43,0.125625
99,119,60,0.483871,0.145874,7.992266,64,31,0.258591
99,120,60,0.483871,0.077645,7.819508,64,38,0.137641
99,121,65,0.524194,0.084806,8.210922,59,25,0.150335
99,122,71,0.572581,0.210559,9.781614,53,27,0.373257
99,123,58,0.467742,0.128628,7.526030,66,37,0.228019
99,124,63,0.508065,0.029584,7.914215,61,28,0.052443
100,0,72,0.580645,0.214769,9.783240,52,26,0.377085
100,1,68,0.548387,0.181759,9.348926,56,29,0.319127
100,2,68,0.548387,0.136849,8.736997,56,26,0.240275
100,3,65,0.524194,0.177798,8.705080,59,26,0.312173
100,4,55,0.443548,0.103576,7.600734,69,38,0.181856
100,5,67,0.540323,0.099513,9.138688,57,31,0.174721
100,6,61,0.491935,0.117963,8.235726,63,29,0.207116
100,7,59,0.475806,0.179737,7.894326,65,33,0.315577
100,8,61,0.491935,0.135152,8.077178,63,29,0.237296
100,9,67,0.540323,0.153871,8.567084,57,23,0.270163
100,10,61,0.491935,0.135130,7.713734,63,35,0.237258
100,11,63,0.508065,0.134476,8.422847,61,31,0.236109
100,12,64,0.516129,0.138612,8.507488,60,28,0.243371
100,13,60,0.483871,0.142597,7.878138,64,31,0.250368
100,14,60,0.483871,0.140289,7.932585,64,31,0.246315
100,15,62,0.500000,0.129995,8.114194,62,33,0.228242
100,16,71,0.572581,0.155902,9.244731,53,25,0.273728
100,17,73,0.588710,0.256298,9.724686,51,25,0.450000
100,18,65,0.524194,0.179311,8.351636,59,31,0.314829
100,19,58,0.467742,0.120191,7.244257,66,35,0.211027
100,20,65,0.524194,0.218229,8.894959,59,29,0.383161
100,21,60,0.483871,0.097422,7.888010,64,32,0.171050
100,22,66,0.532258,0.196159,8.647718,58,27,0.344410
100,23,75,0.604839,0.209882,9.484713,49,26,0.368504
100,24,61,0.491935,0.090636,8.012284,63,32,0.159135
100,25,74,0.596774,0.206927,9.665955,50,25,0.913316
100,26,56,0.451613,0.152206,7.743345,68,44,0.267240
100,27,68,0.548387,0.076575,8.523001,56,25,0.134449
100,28,57,0.459677,0.058625,7.386487,67,32,0.102932
100,29,64,0.516129,0.112838,7.710977,60,29,0.198118
100,30,57,0.459677,0.123452,7.548238,67,44,0.766753
100,31,56,0.451613,0.109962,7.170143,68,45,0.193069
100,32,73,0.588710,0.224809,9.713035,51,27,0.394713
100,33,62,0.500000,0.134331,7.960918,62,31,0.235855
100,34,62,0.500000,0.215957,8.208071,62,28,0.929170
100,35,65,0.524194,0.061796,7.963938,59,26,0.108499
100,36,60,0.483871,0.108844,7.826762,64,36,0.191105
100,37,64,0.516129,0.079966,8.471603,60,28,0.140402
100,38,54,0.435484,0.074795,7.262931,70,54,0.131323
100,39,68,0.548387,0.185783,8.673780,56,26,0.326192
100,40,54,0.435484,0.085754,6.990463,70,52,0.150564
100,41,56,0.451613,0.042245,6.675490,68,35,0.074172
100,42,57,0.459677,0.098249,7.164800,67,37,0.172503
100,43,63,0.508065,0.121760,7.935557,61,29,0.213783
100,44,64,0.516129,0.144657,8.705331,60,28,0.253984
100,45,65,0.524194,0.197380,8.774080,59,33,0.346553
100,46,67,0.540323,0.219333,8.786376,57,26,0.385098
100,47,70,0.564516,0.190589,8.938451,54,25,0.334630
100,48,61,0.491935,0.162337,7.699539,63,31,0.835026
100,49,60,0.483871,0.110617,7.579947,64,32,0.194218
100,50,66,0.532258,0.152469,8.323456,58,28,0.817701
100,51,60,0.483871,0.080123,7.551684,64,30,0.140677
100,52,58,0.467742,0.000000,7.359274,66,36,0.000000
100,53,73,0.588710,0.201909,9.556566,51,25,0.354507
100,54,59,0.475806,0.084181,7.703995,65,36,0.147803
100,55,67,0.540323,0.087359,8.663762,57,24,0.153382
100,56,67,0.540323,0.114200,8.931739,57,28,0.200510
100,57,69,0.556452,0.165190,8.920749,55,27,0.290036
100,58,69,0.556452,0.128115,9.007925,55,27,0.224941
100,59,64,0.516129,0.149884,8.341982,60,32,0.263161
100,60,61,0.491935,0.121967,7.896569,63,29,0.214147
100,61,60,0.483871,0.081626,7.950156,64,36,0.143317
100,62,57,0.459677,0.000000,7.346206,67,44,0.000000
100,63,61,0.491935,0.168276,8.058419,63,32,0.295454
100,64,67,0.540323,0.146786,8.413191,57,31,0.257722
100,65,68,0.548387,0.118799,8.429132,56,29,0.208584
100,66,59,0.475806,0.091082,7.769929,65,34,0.159920
100,67,62,0.500000,0.095228,7.822811,62,31,0.167199
100,68,55,0.443548,0.094388,7.686294,69,43,0.165723
100,69,54,0.435484,0.097862,6.977201,70,52,0.171823
100,70,56,0.451613,0.109710,7.530693,68,32,0.192626
100,71,59,0.475806,0.192668,7.779052,65,33,0.338281
100,72,58,0.467742,0.109314,7.387563,66,34,0.191930
100,73,58,0.467742,0.048473,7.624208,66,49,0.085107
100,74,55,0.443548,0.121359,6.843100,69,44,0.213079
100,75,51,0.411290,0.069534,6.837372,73,65,0.122087
100,76,56,0.451613,0.158229,7.404592,68,31,0.277814
100,77,64,0.516129,0.142661,8.540605,60,24,0.250479
100,78,69,0.556452,0.127376,8.956471,55,26,0.223643
100,79,63,0.508065,0.080008,8.518073,61,27,0.140476
100,80,59,0.475806,0.109058,7.364884,65,39,0.191481
100,81,61,0.491935,0.087049,7.833800,63,32,0.152838
100,82,62,0.500000,0.177860,8.412491,62,31,0.312281
100,83,67,0.540323,0.168592,8.981410,57,29,0.296009
100,84,67,0.540323,0.159161,8.874303,57,26,0.279450
100,85,57,0.459677,0.116489,7.476119,67,45,0.204529
100,86,64,0.516129,0.114580,8.552190,60,28,0.201176
100,87,53,0.427419,0.019032,6.960326,71,64,0.033416
100,88,55,0.443548,0.074043,7.424338,69,41,0.130002
100,89,56,0.451613,0.111804,7.103624,68,34,0.196303
100,90,66,0.532258,0.127369,8.415328,58,31,0.223631
100,91,60,0.483871,0.129745,8.051173,64,36,0.227803
100,92,69,0.556452,0.149692,9.004322,55,31,0.262826
100,93,63,0.508065,0.179307,8.237583,61,31,0.314823
100,94,60,0.483871,0.076061,7.492697,64,34,0.133546
100,95,59,0.475806,0.113626,8.214539,65,39,0.199502
100,96,53,0.427419,0.099053,7.060982,71,40,0.173915
100,97,66,0.532258,0.170424,9.060697,58,31,0.299225
100,98,60,0.483871,0.095462,7.410390,64,33,0.167609
100,99,72,0.580645,0.237489,9.860416,52,25,0.416977
100,100,61,0.491935,0.149469,7.516967,63,25,0.262433
100,101,64,0.516129,0.072274,8.019782,60,26,0.126897
100,102,69,0.556452,0.240335,9.072324,55,28,0.421973
100,103,64,0.516129,0.145209,8.872892,60,29,0.254954
100,104,58,0.467742,0.129155,7.646969,66,34,0.226766
100,105,68,0.548387,0.202597,8.982228,56,32,0.355714
100,106,53,0.427419,0.037506,6.950991,71,81,0.065852
100,107,64,0.516129,0.117412,8.192016,60,26,0.206149
100,108,61,0.491935,0.108340,7.596551,63,29,0.190220
100,109,63,0.508065,0.020624,8.009661,61,31,0.036210
100,110,57,0.459677,0.181792,7.345831,67,38,0.869185
100,111,62,0.500000,0.125470,7.908760,62,33,0.220297
100,112,61,0.491935,0.141657,7.932657,63,35,0.248717
100,113,70,0.564516,0.136097,9.103509,54,26,0.238956
100,114,64,0.516129,0.111322,8.185129,60,30,0.195455
100,115,58,0.467742,0.202559,7.694917,66,34,0.355648
100,116,51,0.411290,0.042370,6.881637,73,66,0.074392
100,117,63,0.508065,0.124473,8.258585,61,29,0.768547
100,118,56,0.451613,0.073921,7.318970,68,43,0.129788
100,119,60,0.483871,0.125737,7.897588,64,31,0.220766
100,120,60,0.483871,0.110043,7.923788,64,38,0.193209
100,121,65,0.524194,0.090110,8.112215,59,25,0.158213
100,122,71,0.572581,0.155420,9.565671,53,27,0.272881
100,123,58,0.467742,0.100602,7.555118,66,37,0.176634
100,124,63,0.508065,0.048096,8.039895,61,28,0.084445
101,0,72,0.580645,0.265997,9.920653,52,26,0.450000
101,1,68,0.548387,0.167309,9.446214,56,29,0.283045
101,2,68,0.548387,0.108482,8.651800,56,26,0.183525
101,3,65,0.524194,0.184059,8.978024,59,26,0.311382
101,4,55,0.443548,0.098529,7.695376,69,38,0.166687
101,5,67,0.540323,0.079678,9.098481,57,31,0.134795
101,6,61,0.491935,0.107673,7.982398,63,29,0.182156
101,7,59,0.475806,0.151980,7.718496,65,33,0.257112
101,8,61,0.491935,0.131432,8.040482,63,29,0.222350
101,9,67,0.540323,0.147316,8.378136,57,23,0.249221
101,10,61,0.491935,0.190311,7.783583,63,35,0.321959
101,11,63,0.508065,0.156198,8.347043,61,31,0.814248
101,12,64,0.516129,0.175286,8.514793,60,28,0.296540
101,13,60,0.483871,0.136327,7.837896,64,31,0.230631
101,14,60,0.483871,0.142955,7.925396,64,31,0.241843
101,15,62,0.500000,0.135039,8.205278,62,33,0.228452
101,16,71,0.572581,0.167390,9.311248,53,25,0.283182
101,17,73,0.588710,0.257692,9.614545,51,25,0.435949
101,18,65,0.524194,0.147889,8.240282,59,31,0.250191
101,19,58,0.467742,0.095600,7.349861,66,35,0.161732
101,20,65,0.524194,0.184194,9.019990,59,29,0.311610
101,21,60,0.483871,0.092363,8.067033,64,32,0.156255
101,22,66,0.532258,0.195532,8.680047,58,27,0.330791
101,23,75,0.604839,0.214348,9.415444,49,26,0.362623
101,24,61,0.491935,0.104598,8.033484,63,32,0.176954
101,25,74,0.596774,0.122519,9.728991,50,26,0.207272
101,26,56,0.451613,0.170647,7.757146,68,44,0.288691
101,27,68,0.548387,0.104286,8.749153,56,25,0.176425
101,28,57,0.459677,0.036586,7.526268,67,32,0.061895
101,29,64,0.516129,0.147972,7.955204,60,29,0.250331
101,30,57,0.459677,0.153336,7.421668,67,45,0.809406
101,31,56,0.451613,0.105030,7.324173,68,45,0.177684
101,32,73,0.588710,0.195184,9.530167,51,27,0.330201
101,33,62,0.500000,0.148351,7.786092,62,31,0.250973
101,34,62,0.500000,0.192389,8.443416,62,29,0.875474
101,35,65,0.524194,0.070747,7.865120,59,26,0.119687
101,36,60,0.483871,0.116694,7.973221,64,36,0.197417
101,37,64,0.516129,0.115707,8.501206,60,28,0.195747
101,38,54,0.435484,0.156832,7.854957,70,54,0.265320
101,39,68,0.548387,0.164895,8.349863,56,26,0.278961
101,40,54,0.435484,0.085919,6.739506,70,52,0.145353
101,41,56,0.451613,0.018546,6.323961,68,35,0.031376
101,42,57,0.459677,0.116692,7.356573,67,37,0.197414
101,43,63,0.508065,0.107422,7.963022,61,29,0.181732
101,44,64,0.516129,0.176350,8.832966,60,28,0.298340
101,45,65,0.524194,0.229734,8.620432,59,33,0.388653
101,46,67,0.540323,0.195520,8.532121,57,26,0.880770
101,47,70,0.564516,0.175954,8.955389,54,25,0.297670
101,48,61,0.491935,0.109490,7.480460,63,32,0.185230
101,49,60,0.483871,0.088829,7.398340,64,32,0.150276
101,50,66,0.532258,0.106589,8.173957,58,29,0.180322
101,51,60,0.483871,0.102245,7.536108,64,30,0.172973
101,52,58,0.467742,0.005756,6.975373,66,36,0.009738
101,53,73,0.588710,0.242406,9.702368,51,25,0.410090
101,54,59,0.475806,0.116101,7.399481,65,36,0.196413
101,55,67,0.540323,0.180701,8.937535,57,24,0.305701
101,56,67,0.540323,0.137259,9.188312,57,28,0.232207
101,57,69,0.556452,0.145325,8.916554,55,27,0.245854
101,58,69,0.556452,0.079181,8.782243,55,27,0.133955
101,59,64,0.516129,0.185043,8.278990,60,32,0.313046
101,60,61,0.491935,0.119313,7.909112,63,29,0.201848
101,61,60,0.483871,0.090604,8.103841,64,36,0.153279
101,62,57,0.459677,0.000000,7.038276,67,44,0.000000
101,63,61,0.491935,0.123142,7.917316,63,32,0.208326
101,64,67,0.540323,0.200628,8.785873,57,31,0.339412
101,65,68,0.548387,0.145723,8.411956,56,29,0.246526
101,66,59,0.475806,0.068625,7.468827,65,34,0.116096
101,67,62,0.500000,0.130756,7.895548,62,31,0.221207
101,68,55,0.443548,0.143844,7.790778,69,43,0.243348
101,69,54,0.435484,0.082537,6.942140,70,52,0.139631
101,70,56,0.451613,0.127587,7.656556,68,32,0.215845
101,71,59,0.475806,0.182644,7.739530,65,33,0.308988
101,72,58,0.467742,0.101377,7.610361,66,34,0.171505
101,73,58,0.467742,0.026176,7.494791,66,49,0.044284
101,74,55,0.443548,0.108556,6.980530,69,44,0.183650
101,75,51,0.411290,0.064428,6.823108,73,65,0.108996
101,76,56,0.451613,0.146165,7.335446,68,31,0.247275
101,77,64,0.516129,0.169115,8.475344,60,24,0.286100
101,78,69,0.556452,0.044428,8.695006,55,26,0.075161
101,79,63,0.508065,0.057281,8.457985,61,27,0.096905
101,80,59,0.475806,0.071853,7.389783,65,39,0.121557
101,81,61,0.491935,0.018976,7.544102,63,32,0.032103
101,82,62,0.500000,0.159087,8.346184,62,31,0.269135
101,83,67,0.540323,0.147734,9.035774,57,29,0.249929
101,84,67,0.540323,0.135199,8.636144,57,26,0.228723
101,85,57,0.459677,0.088463,7.379716,67,45,0.149657
101,86,64,0.516129,0.125907,8.588367,60,28,0.213003
101,87,53,0.427419,0.000000,6.725270,71,64,0.000000
101,88,55,0.443548,0.064523,7.334919,69,41,0.109156
101,89,56,0.451613,0.065704,7.226105,68,34,0.111155
101,90,66,0.532258,0.114930,8.212531,58,31,0.194433
101,91,60,0.483871,0.135098,7.976581,64,36,0.228553
101,92,69,0.556452,0.184126,9.123851,55,31,0.861496
101,93,63,0.508065,0.157148,8.220851,61,31,0.265855
101,94,60,0.483871,0.095589,7.233075,64,34,0.161712
101,95,59,0.475806,0.124878,8.281252,65,39,0.211262
101,96,53,0.427419,0.077968,6.954797,71,40,0.131901
101,97,66,0.532258,0.214479,9.032069,58,31,0.362844
101,98,60,0.483871,0.094642,7.454214,64,33,0.160110
101,99,72,0.580645,0.210680,9.871811,52,25,0.356417
101,100,61,0.491935,0.145064,7.393069,63,25,0.245411
101,101,64,0.516129,0.089690,8.209799,60,26,0.151733
101,102,69,0.556452,0.253504,9.050650,55,28,0.428866
101,103,64,0.516129,0.174645,9.188780,60,29,0.295456
101,104,58,0.467742,0.134917,7.647691,66,34,0.228245
101,105,68,0.548387,0.191361,9.212937,56,32,0.323735
101,106,53,0.427419,0.000000,6.860103,71,81,0.000000
101,107,64,0.516129,0.083686,8.019616,60,26,0.141576
101,108,61,0.491935,0.100896,7.365582,63,29,0.170691
101,109,63,0.508065,0.019425,8.070456,61,31,0.032862
101,110,57,0.459677,0.182111,7.559229,67,39,0.308086
101,111,62,0.500000,0.121822,7.935305,62,33,0.206092
101,112,61,0.491935,0.169756,8.012097,63,35,0.287185
101,113,70,0.564516,0.198799,9.283043,54,26,0.886318
101,114,64,0.516129,0.080244,8.046455,60,30,0.135752
101,115,58,0.467742,0.185853,7.674951,66,34,0.314416
101,116,51,0.411290,0.099902,6.882487,73,66,0.719008
101,117,63,0.508065,0.133565,8.415824,61,30,0.225959
101,118,56,0.451613,0.103367,7.441099,68,43,0.174871
101,119,60,0.483871,0.168287,8.263735,64,31,0.284699
101,120,60,0.483871,0.103507,8.061711,64,38,0.175108
101,121,65,0.524194,0.069258,7.925257,59,25,0.117166
101,122,71,0.572581,0.169611,9.728609,53,27,0.286939
101,123,58,0.467742,0.105141,7.648053,66,37,0.177872
101,124,63,0.508065,0.039965,8.000011,61,28,0.067611
102,0,72,0.580645,0.253826,9.993521,52,26,0.450000
102,1,68,0.548387,0.178328,9.354048,56,29,0.316153
102,2,68,0.548387,0.125513,8.709629,56,26,0.222517
102,3,65,0.524194,0.189832,8.994532,59,26,0.336547
102,4,55,0.443548,0.140772,7.602830,69,38,0.249570
102,5,67,0.540323,0.107146,9.316603,57,31,0.189955
102,6,61,0.491935,0.120766,8.078282,63,29,0.214102
102,7,59,0.475806,0.116821,7.784481,65,33,0.207109
102,8,61,0.491935,0.143031,7.969439,63,29,0.253575
102,9,67,0.540323,0.143174,8.521713,57,23,0.253828
102,10,61,0.491935,0.167634,7.827721,63,35,0.297194
102,11,63,0.508065,0.151639,8.311865,61,32,0.268836
102,12,64,0.516129,0.143541,8.413751,60,28,0.254480
102,13,60,0.483871,0.097650,7.621023,64,31,0.173120
102,14,60,0.483871,0.124627,7.589265,64,31,0.220947
102,15,62,0.500000,0.131202,8.052663,62,33,0.232603
102,16,71,0.572581,0.131920,9.291648,53,25,0.233878
102,17,73,0.588710,0.240630,9.550846,51,25,0.426605
102,18,65,0.524194,0.135642,8.338900,59,31,0.240476
102,19,58,0.467742,0.102100,7.472565,66,35,0.181010
102,20,65,0.524194,0.179808,8.876827,59,29,0.318776
102,21,60,0.483871,0.108213,7.957744,64,32,0.191848
102,22,66,0.532258,0.183284,8.762777,58,27,0.324939
102,23,75,0.604839,0.225228,9.594032,49,26,0.949300
102,24,61,0.491935,0.120658,8.136380,63,32,0.213911
102,25,74,0.596774,0.150563,9.725507,50,26,0.266928
102,26,56,0.451613,0.188437,7.720845,68,44,0.334074
102,27,68,0.548387,0.115463,8.693485,56,25,0.204702
102,28,57,0.459677,0.059246,7.452381,67,32,0.105036
102,29,64,0.516129,0.144389,7.904063,60,29,0.805982
102,30,57,0.459677,0.088244,7.347120,67,46,0.156445
102,31,56,0.451613,0.132931,7.200522,68,45,0.785670
102,32,73,0.588710,0.202593,9.622535,51,27,0.359172
102,33,62,0.500000,0.147708,8.001107,62,31,0.261868
102,34,62,0.500000,0.176791,8.488494,62,30,0.313428
102,35,65,0.524194,0.057808,7.770647,59,26,0.102485
102,36,60,0.483871,0.095178,7.889943,64,36,0.168739
102,37,64,0.516129,0.106529,8.427595,60,28,0.188862
102,38,54,0.435484,0.118373,7.515600,70,54,0.209860
102,39,68,0.548387,0.197946,8.594418,56,26,0.900933
102,40,54,0.435484,0.112435,6.958907,70,52,0.199332
102,41,56,0.451613,0.018626,6.526784,68,35,0.033022
102,42,57,0.459677,0.117269,7.153409,67,37,0.207903
102,43,63,0.508065,0.144220,8.028037,61,29,0.255683
102,44,64,0.516129,0.152452,8.739105,60,28,0.270278
102,45,65,0.524194,0.236685,8.676968,59,33,0.419612
102,46,67,0.540323,0.188132,8.467778,57,27,0.333534
102,47,70,0.564516,0.150359,8.864198,54,25,0.266566
102,48,61,0.491935,0.136143,7.580714,63,32,0.241363
102,49,60,0.483871,0.096242,7.292259,64,32,0.170625
102,50,66,0.532258,0.110653,8.234854,58,29,0.196174
102,51,60,0.483871,0.102878,7.621932,64,30,0.182390
102,52,58,0.467742,0.006319,7.264682,66,36,0.011202
102,53,73,0.588710,0.241021,9.524539,51,25,0.427299
102,54,59,0.475806,0.074742,7.499488,65,36,0.132508
102,55,67,0.540323,0.150736,8.872930,57,24,0.267235
102,56,67,0.540323,0.067435,9.035091,57,28,0.119553
102,57,69,0.556452,0.158755,9.054915,55,27,0.281452
102,58,69,0.556452,0.080679,8.914660,55,27,0.143034
102,59,64,0.516129,0.194224,8.378025,60,32,0.344333
102,60,61,0.491935,0.136096,7.958015,63,29,0.791281
102,61,60,0.483871,0.075909,8.070720,64,36,0.134577
102,62,57,0.459677,0.000000,7.126103,67,44,0.000000
102,63,61,0.491935,0.127091,7.847403,63,32,0.225315
102,64,67,0.540323,0.175547,8.512045,57,31,0.311222
102,65,68,0.548387,0.116337,8.282185,56,29,0.206250
102,66,59,0.475806,0.108891,7.679683,65,34,0.193050
102,67,62,0.500000,0.138531,8.033556,62,31,0.245597
102,68,55,0.443548,0.119300,7.719502,69,43,0.211503
102,69,54,0.435484,0.064469,6.728239,70,52,0.114295
102,70,56,0.451613,0.086996,7.694581,68,32,0.154233
102,71,59,0.475806,0.177968,7.683717,65,33,0.315515
102,72,58,0.467742,0.111354,7.513007,66,34,0.197416
102,73,58,0.467742,0.027952,7.303021,66,49,0.049554
102,74,55,0.443548,0.109676,6.879037,69,44,0.194441
102,75,51,0.411290,0.101521,6.976727,73,65,0.179984
102,76,56,0.451613,0.104442,6.965528,68,31,0.185162
102,77,64,0.516129,0.157064,8.405077,60,24,0.278454
102,78,69,0.556452,0.080432,8.949826,55,26,0.142595
102,79,63,0.508065,0.073695,8.571083,61,27,0.130652
102,80,59,0.475806,0.079334,7.329660,65,39,0.690649
102,81,61,0.491935,0.071545,7.632940,63,32,0.126840
102,82,62,0.500000,0.151994,8.295437,62,31,0.269466
102,83,67,0.540323,0.161797,8.889784,57,29,0.286845
102,84,67,0.540323,0.137030,8.693701,57,26,0.242936
102,85,57,0.459677,0.126248,7.514244,67,45,0.223822
102,86,64,0.516129,0.137573,8.670710,60,28,0.243899
102,87,53,0.427419,0.000000,6.899942,71,64,0.000000
102,88,55,0.443548,0.067930,7.372697,69,41,0.120430
102,89,56,0.451613,0.099427,7.057782,68,34,0.176271
102,90,66,0.532258,0.125085,8.263551,58,31,0.221760
102,91,60,0.483871,0.159220,8.105566,64,36,0.282276
102,92,69,0.556452,0.168218,9.052149,55,32,0.298229
102,93,63,0.508065,0.158539,8.119090,61,31,0.281069
102,94,60,0.483871,0.135572,7.522196,64,34,0.240352
102,95,59,0.475806,0.126578,8.170601,65,39,0.224406
102,96,53,0.427419,0.069346,6.911107,71,40,0.122942
102,97,66,0.532258,0.219859,9.011196,58,31,0.389782
102,98,60,0.483871,0.101214,7.397255,64,33,0.179439
102,99,72,0.580645,0.201091,9.645222,52,25,0.356508
102,100,61,0.491935,0.198053,7.530501,63,25,0.351123
102,101,64,0.516129,0.078288,8.039977,60,26,0.138794
102,102,69,0.556452,0.230984,8.983307,55,28,0.959505
102,103,64,0.516129,0.151803,8.951969,60,29,0.269127
102,104,58,0.467742,0.122658,7.594683,66,34,0.217457
102,105,68,0.548387,0.179628,9.196519,56,32,0.318457
102,106,53,0.427419,0.010673,6.986636,71,81,0.018921
102,107,64,0.516129,0.111001,8.164759,60,26,0.196791
102,108,61,0.491935,0.104527,7.429493,63,29,0.185312
102,109,63,0.508065,0.030980,8.117866,61,31,0.054923
102,110,57,0.459677,0.205456,7.644056,67,39,0.364246
102,111,62,0.500000,0.145403,7.866343,62,33,0.257781
102,112,61,0.491935,0.147701,7.884081,63,35,0.261854
102,113,70,0.564516,0.165054,9.169067,54,27,0.292620
102,114,64,0.516129,0.068367,8.047823,60,30,0.121205
102,115,58,0.467742,0.211614,7.771214,66,34,0.375165
102,116,51,0.411290,0.061921,6.862189,73,67,0.109778
102,117,63,0.508065,0.132151,8.292931,61,30,0.234286
102,118,56,0.451613,0.095742,7.420777,68,43,0.169737
102,119,60,0.483871,0.141762,7.917093,64,31,0.251326
102,120,60,0.483871,0.110587,8.011741,64,38,0.196056
102,121,65,0.524194,0.082715,8.010084,59,25,0.146644
102,122,71,0.572581,0.160148,9.694563,53,27,0.283922
102,123,58,0.467742,0.082654,7.616926,66,37,0.146535
102,124,63,0.508065,0.080273,8.146019,61,28,0.142314
103,0,72,0.580645,0.246209,10.044480,52,26,0.448112
103,1,68,0.548387,0.183593,9.479491,56,29,0.334148
103,2,68,0.548387,0.096027,8.635166,56,26,0.174773
103,3,65,0.524194,0.199540,8.861588,59,26,0.363172
103,4,55,0.443548,0.115219,7.280169,69,38,0.209705
103,5,67,0.540323,0.158243,9.513465,57,31,0.288010
103,6,61,0.491935,0.102420,8.218039,63,29,0.186409
103,7,59,0.475806,0.127936,7.911945,65,33,0.232850
103,8,61,0.491935,0.136388,7.959976,63,29,0.248232
103,9,67,0.540323,0.129489,8.482019,57,23,0.235676
103,10,61,0.491935,0.147589,7.809247,63,35,0.268619
103,11,63,0.508065,0.143271,8.161159,61,32,0.260759
103,12,64,0.516129,0.127495,8.196641,60,28,0.232048
103,13,60,0.483871,0.085989,7.797320,64,31,0.156504
103,14,60,0.483871,0.148382,7.614426,64,31,0.820062
103,15,62,0.500000,0.143261,8.053651,62,33,0.260742
103,16,71,0.572581,0.121803,9.348673,53,25,0.221688
103,17,73,0.588710,0.233065,9.576066,51,25,0.424190
103,18,65,0.524194,0.116007,8.396253,59,31,0.211138
103,19,58,0.467742,0.089581,7.489955,66,35,0.163041
103,20,65,0.524194,0.212922,8.942763,59,29,0.387527
103,21,60,0.483871,0.052257,7.864964,64,32,0.095110
103,22,66,0.532258,0.223599,8.769390,58,27,0.406960
103,23,75,0.604839,0.214679,9.539564,49,27,0.390727
103,24,61,0.491935,0.131524,8.089601,63,32,0.239379
103,25,74,0.596774,0.201487,9.830105,50,26,0.366716
103,26,56,0.451613,0.197208,7.545921,68,44,0.358929
103,27,68,0.548387,0.143308,8.636481,56,25,0.260826
103,28,57,0.459677,0.042087,7.604907,67,32,0.076601
103,29,64,0.516129,0.106876,7.863173,60,30,0.194519
103,30,57,0.459677,0.070492,7.249269,67,46,0.128298
103,31,56,0.451613,0.103776,7.128540,68,46,0.188878
103,32,73,0.588710,0.195277,9.571086,51,27,0.355414
103,33,62,0.500000,0.127961,8.095008,62,31,0.232894
103,34,62,0.500000,0.179800,8.198857,62,30,0.327244
103,35,65,0.524194,0.079158,7.723525,59,26,0.144072
103,36,60,0.483871,0.090225,7.857128,64,36,0.164213
103,37,64,0.516129,0.112001,8.306796,60,28,0.203846
103,38,54,0.435484,0.108152,7.576041,70,54,0.196842
103,39,68,0.548387,0.186126,8.689124,56,27,0.338758
103,40,54,0.435484,0.082924,7.049864,70,52,0.150925
103,41,56,0.451613,0.055473,6.784072,68,35,0.100964
103,42,57,0.459677,0.158942,7.191953,67,37,0.289281
103,43,63,0.508065,0.189330,8.351024,61,29,0.344589
103,44,64,0.516129,0.137972,8.646737,60,28,0.801116
103,45,65,0.524194,0.244933,8.893760,59,33,0.445790
103,46,67,0.540323,0.155996,8.446949,57,27,0.283920
103,47,70,0.564516,0.156451,8.900808,54,25,0.284748
103,48,61,0.491935,0.117862,7.490891,63,32,0.764515
103,49,60,0.483871,0.103983,7.455831,64,32,0.189253
103,50,66,0.532258,0.141015,8.474176,58,29,0.256654
103,51,60,0.483871,0.122964,7.818049,64,30,0.223800
103,52,58,0.467742,0.015159,7.495936,66,36,0.027591
103,53,73,0.588710,0.215534,9.652791,51,25,0.392282
103,54,59,0.475806,0.065817,7.502398,65,36,0.119790
103,55,67,0.540323,0.166181,9.091001,57,24,0.302458
103,56,67,0.540323,0.114435,8.910608,57,28,0.208278
103,57,69,0.556452,0.172786,9.237142,55,27,0.314478
103,58,69,0.556452,0.085846,8.972562,55,27,0.156243
103,59,64,0.516129,0.204120,8.530638,60,32,0.921508
103,60,61,0.491935,0.135667,8.078913,63,30,0.246921
103,61,60,0.483871,0.017760,7.983018,64,36,0.032324
103,62,57,0.459677,0.000000,7.016770,67,44,0.000000
103,63,61,0.491935,0.170090,8.122019,63,32,0.859572
103,64,67,0.540323,0.180351,8.612920,57,31,0.328247
103,65,68,0.548387,0.099036,8.330876,56,29,0.180250
103,66,59,0.475806,0.115644,7.810780,65,34,0.210477
103,67,62,0.500000,0.137708,8.132639,62,31,0.250635
103,68,55,0.443548,0.099587,7.609564,69,43,0.181253
103,69,54,0.435484,0.070402,6.708553,70,52,0.128136
103,70,56,0.451613,0.090977,7.584857,68,32,0.165582
103,71,59,0.475806,0.159504,7.891516,65,33,0.290304
103,72,58,0.467742,0.124032,7.476798,66,34,0.225744
103,73,58,0.467742,0.023809,7.111779,66,49,0.043334
103,74,55,0.443548,0.116918,7.167744,69,44,0.212796
103,75,51,0.411290,0.093723,6.899117,73,65,0.170580
103,76,56,0.451613,0.087749,6.935761,68,31,0.159707
103,77,64,0.516129,0.109976,8.463261,60,24,0.200162
103,78,69,0.556452,0.115247,8.879781,55,26,0.209755
103,79,63,0.508065,0.080593,8.659620,61,27,0.146683
103,80,59,0.475806,0.044759,7.463265,65,40,0.081464
103,81,61,0.491935,0.128757,7.652896,63,32,0.234344
103,82,62,0.500000,0.164135,8.404203,62,31,0.298734
103,83,67,0.540323,0.150547,8.811408,57,29,0.274002
103,84,67,0.540323,0.134026,8.611513,57,26,0.243933
103,85,57,0.459677,0.123497,7.421293,67,45,0.224771
103,86,64,0.516129,0.077419,8.452242,60,28,0.140906
103,87,53,0.427419,0.030731,6.969236,71,64,0.055932
103,88,55,0.443548,0.046423,7.353960,69,41,0.084492
103,89,56,0.451613,0.110339,7.117339,68,34,0.750822
103,90,66,0.532258,0.136120,8.371061,58,31,0.247746
103,91,60,0.483871,0.144131,8.148495,64,36,0.262326
103,92,69,0.556452,0.185516,8.909730,55,32,0.337649
103,93,63,0.508065,0.126843,7.958342,61,31,0.230860
103,94,60,0.483871,0.148679,7.636188,64,34,0.820604
103,95,59,0.475806,0.118842,8.037765,65,39,0.216298
103,96,53,0.427419,0.040265,6.825200,71,40,0.073285
103,97,66,0.532258,0.247246,8.982606,58,31,0.450000
103,98,60,0.483871,0.103673,7.532076,64,33,0.188690
103,99,72,0.580645,0.239813,9.467640,52,25,0.436472
103,100,61,0.491935,0.183591,7.597347,63,25,0.334145
103,101,64,0.516129,0.035191,7.872285,60,26,0.064049
103,102,69,0.556452,0.208117,9.062144,55,29,0.378782
103,103,64,0.516129,0.131883,8.846945,60,29,0.240033
103,104,58,0.467742,0.123766,7.660775,66,34,0.225260
103,105,68,0.548387,0.178337,9.154478,56,32,0.324582
103,106,53,0.427419,0.016232,6.996229,71,81,0.029543
103,107,64,0.516129,0.086120,7.860828,60,26,0.156742
103,108,61,0.491935,0.101730,7.661402,63,29,0.185153
103,109,63,0.508065,0.035463,8.052816,61,31,0.064545
103,110,57,0.459677,0.170784,7.617842,67,39,0.310835
103,111,62,0.500000,0.142944,7.857269,62,33,0.260165
103,112,61,0.491935,0.119785,7.865236,63,35,0.768014
103,113,70,0.564516,0.183556,9.287140,54,27,0.334081
103,114,64,0.516129,0.085081,8.142413,60,30,0.154851
103,115,58,0.467742,0.203230,7.681845,66,34,0.369888
103,116,51,0.411290,0.081369,6.888262,73,67,0.148096
103,117,63,0.508065,0.118560,8.194778,61,30,0.215785
103,118,56,0.451613,0.111822,7.403636,68,43,0.203522
103,119,60,0.483871,0.153625,7.779155,64,31,0.279605
103,120,60,0.483871,0.106512,8.052798,64,38,0.193857
103,121,65,0.524194,0.135923,8.205483,59,25,0.247386
103,122,71,0.572581,0.195010,9.783368,53,27,0.354927
103,123,58,0.467742,0.120779,7.609899,66,37,0.219823
103,124,63,0.508065,0.081450,8.152888,61,28,0.148243
104,0,72,0.580645,0.244582,9.838400,52,26,0.445912
104,1,68,0.548387,0.195771,9.439031,56,29,0.356921
104,2,68,0.548387,0.088929,8.683947,56,26,0.162132
104,3,65,0.524194,0.151921,8.520835,59,26,0.276976
104,4,55,0.443548,0.126602,7.398942,69,38,0.230816
104,5,67,0.540323,0.138082,9.381926,57,31,0.251745
104,6,61,0.491935,0.063865,8.122396,63,29,0.116435
104,7,59,0.475806,0.159599,7.844296,65,33,0.290975
104,8,61,0.491935,0.146811,7.978910,63,29,0.267660
104,9,67,0.540323,0.128760,8.459773,57,23,0.234749
104,10,61,0.491935,0.177913,7.943861,63,35,0.874363
104,11,63,0.508065,0.154909,8.305800,61,32,0.282423
104,12,64,0.516129,0.134217,8.460150,60,28,0.244698
104,13,60,0.483871,0.111530,7.799045,64,31,0.203336
104,14,60,0.483871,0.113803,7.812554,64,32,0.207482
104,15,62,0.500000,0.121050,8.127581,62,33,0.220692
104,16,71,0.572581,0.159760,9.284285,53,25,0.291267
104,17,73,0.588710,0.246824,9.616451,51,25,0.450000
104,18,65,0.524194,0.105667,8.160808,59,31,0.192648
104,19,58,0.467742,0.089797,7.247107,66,35,0.163715
104,20,65,0.524194,0.182545,8.857581,59,29,0.882809
104,21,60,0.483871,0.107775,8.018046,64,32,0.196491
104,22,66,0.532258,0.180519,8.752708,58,27,0.329115
104,23,75,0.604839,0.194271,9.393606,49,27,0.354187
104,24,61,0.491935,0.075595,7.914871,63,32,0.137821
104,25,74,0.596774,0.209614,9.720337,50,26,0.382160
104,26,56,0.451613,0.146616,7.231501,68,44,0.267305
104,27,68,0.548387,0.169063,8.757228,56,25,0.308228
104,28,57,0.459677,0.000000,7.366910,67,32,0.000000
104,29,64,0.516129,0.099824,7.988585,60,30,0.181996
104,30,57,0.459677,0.113714,7.299837,67,46,0.207319
104,31,56,0.451613,0.101293,7.171794,68,46,0.184674
104,32,73,0.588710,0.176543,9.427707,51,27,0.321867
104,33,62,0.500000,0.150965,8.231850,62,31,0.275233
104,34,62,0.500000,0.168134,8.010457,62,30,0.306535
104,35,65,0.524194,0.140610,8.080980,59,26,0.256355
104,36,60,0.483871,0.112488,7.834895,64,36,0.205084
104,37,64,0.516129,0.125265,8.218079,60,28,0.228378
104,38,54,0.435484,0.119219,7.414037,70,54,0.767355
104,39,68,0.548387,0.150843,8.485834,56,27,0.275011
104,40,54,0.435484,0.097328,6.887533,70,52,0.177444
104,41,56,0.451613,0.060144,6.868060,68,35,0.109652
104,42,57,0.459677,0.146927,7.219432,67,37,0.267872
104,43,63,0.508065,0.177880,8.169802,61,29,0.324304
104,44,64,0.516129,0.143129,8.499749,60,29,0.260948
104,45,65,0.524194,0.200339,8.819896,59,33,0.365249
104,46,67,0.540323,0.153193,8.593700,57,27,0.279296
104,47,70,0.564516,0.178044,8.971403,54,25,0.324602
104,48,61,0.491935,0.094213,7.513136,63,33,0.171766
104,49,60,0.483871,0.115216,7.826138,64,32,0.210057
104,50,66,0.532258,0.127682,8.393547,58,29,0.232784
104,51,60,0.483871,0.128252,7.568259,64,30,0.233823
104,52,58,0.467742,0.010831,7.349686,66,36,0.019746
104,53,73,0.588710,0.192470,9.775276,51,25,0.350903
104,54,59,0.475806,0.097484,7.661534,65,36,0.177728
104,55,67,0.540323,0.165734,9.113810,57,24,0.302160
104,56,67,0.540323,0.154893,9.079811,57,28,0.282395
104,57,69,0.556452,0.154318,9.057220,55,27,0.281347
104,58,69,0.556452,0.125590,8.889059,55,27,0.228971
104,59,64,0.516129,0.166383,8.466722,60,33,0.303342
104,60,61,0.491935,0.137891,7.959198,63,30,0.251396
104,61,60,0.483871,0.031468,7.938596,64,36,0.057371
104,62,57,0.459677,0.000000,7.113453,67,44,0.000000
104,63,61,0.491935,0.157070,8.231769,63,33,0.286363
104,64,67,0.540323,0.166324,8.558279,57,31,0.303235
104,65,68,0.548387,0.087283,8.332629,56,29,0.159131
104,66,59,0.475806,0.106988,7.675047,65,34,0.195056
104,67,62,0.500000,0.130403,8.038096,62,31,0.237745
104,68,55,0.443548,0.078946,7.628219,69,43,0.143930
104,69,54,0.435484,0.092885,6.845764,70,52,0.169343
104,70,56,0.451613,0.091046,7.497434,68,32,0.165991
104,71,59,0.475806,0.176537,7.945425,65,33,0.321855
104,72,58,0.467742,0.124871,7.627744,66,34,0.227659
104,73,58,0.467742,0.058513,7.414038,66,49,0.106678
104,74,55,0.443548,0.166123,7.243526,69,44,0.302868
104,75,51,0.411290,0.104668,6.799520,73,65,0.740827
104,76,56,0.451613,0.141660,7.103505,68,31,0.258268
104,77,64,0.516129,0.094771,8.301849,60,24,0.172783
104,78,69,0.556452,0.128036,8.716068,55,26,0.233430
104,79,63,0.508065,0.134194,8.578084,61,27,0.244658
104,80,59,0.475806,0.085519,7.442473,65,40,0.155914
104,81,61,0.491935,0.055948,7.617841,63,32,0.102003
104,82,62,0.500000,0.122329,8.225467,62,31,0.223026
104,83,67,0.540323,0.150283,8.718760,57,29,0.823990
104,84,67,0.540323,0.156037,8.573776,57,26,0.284480
104,85,57,0.459677,0.108755,7.476734,67,45,0.198278
104,86,64,0.516129,0.085370,8.420967,60,28,0.155643
104,87,53,0.427419,0.072080,6.835864,71,64,0.131413
104,88,55,0.443548,0.035057,7.296524,69,41,0.063915
104,89,56,0.451613,0.086867,7.334822,68,35,0.158372
104,90,66,0.532258,0.173360,8.601906,58,31,0.316063
104,91,60,0.483871,0.074497,7.938496,64,36,0.135819
104,92,69,0.556452,0.155096,8.853740,55,32,0.282765
104,93,63,0.508065,0.174451,8.095666,61,31,0.868051
104,94,60,0.483871,0.121551,7.470663,64,35,0.221606
104,95,59,0.475806,0.133249,7.901394,65,39,0.792934
104,96,53,0.427419,0.064885,7.034398,71,40,0.118296
104,97,66,0.532258,0.205726,8.977214,58,31,0.375071
104,98,60,0.483871,0.096209,7.458602,64,33,0.175405
104,99,72,0.580645,0.241681,9.654842,52,25,0.440623
104,100,61,0.491935,0.142993,7.663543,63,25,0.260699
104,101,64,0.516129,0.063466,8.045528,60,26,0.115708
104,102,69,0.556452,0.230358,9.214649,55,29,0.419980
104,103,64,0.516129,0.150781,8.900426,60,29,0.274898
104,104,58,0.467742,0.120966,7.703114,66,34,0.220539
104,105,68,0.548387,0.167640,9.081418,56,32,0.305634
104,106,53,0.427419,0.038759,6.963903,71,81,0.070664
104,107,64,0.516129,0.107639,8.106550,60,26,0.196244
104,108,61,0.491935,0.084201,7.655638,63,29,0.153512
104,109,63,0.508065,0.067208,8.215380,61,31,0.122530
104,110,57,0.459677,0.195067,7.631423,67,39,0.355638
104,111,62,0.500000,0.107722,8.009373,62,33,0.196394
104,112,61,0.491935,0.116984,7.834537,63,36,0.213280
104,113,70,0.564516,0.183687,9.391278,54,27,0.334890
104,114,64,0.516129,0.106776,8.175171,60,30,0.744669
104,115,58,0.467742,0.162785,7.659415,66,34,0.296783
104,116,51,0.411290,0.071267,6.950801,73,67,0.129931
104,117,63,0.508065,0.091576,8.208931,61,30,0.166957
104,118,56,0.451613,0.088596,7.275344,68,43,0.161525
104,119,60,0.483871,0.159893,8.023835,64,31,0.291510
104,120,60,0.483871,0.129018,7.834402,64,38,0.235221
104,121,65,0.524194,0.111346,8.139420,59,25,0.203002
104,122,71,0.572581,0.232942,9.734184,53,27,0.424690
104,123,58,0.467742,0.106127,7.333686,66,37,0.193486
104,124,63,0.508065,0.055072,7.937722,61,28,0.100406
105,0,72,0.580645,0.259933,9.923006,52,26,0.450000
105,1,68,0.548387,0.186436,9.412636,56,29,0.322762
105,2,68,0.548387,0.088844,8.487223,56,26,0.153808
105,3,65,0.524194,0.184456,8.801477,59,26,0.319334
105,4,55,0.443548,0.093379,7.413362,69,38,0.161659
105,5,67,0.540323,0.158617,9.356982,57,31,0.274601
105,6,61,0.491935,0.057299,8.052776,63,29,0.099197
105,7,59,0.475806,0.117501,7.890477,65,33,0.203420
105,8,61,0.491935,0.167648,8.193364,63,29,0.840235
105,9,67,0.540323,0.133849,8.337422,57,23,0.231721
105,10,61,0.491935,0.182542,7.883994,63,36,0.316020
105,11,63,0.508065,0.170401,8.168544,61,32,0.295001
105,12,64,0.516129,0.137802,8.219430,60,28,0.238566
105,13,60,0.483871,0.133511,7.702378,64,31,0.231136
105,14,60,0.483871,0.084981,7.719153,64,32,0.147120
105,15,62,0.500000,0.139871,8.415785,62,33,0.242146
105,16,71,0.572581,0.168583,9.193771,53,25,0.291854
105,17,73,0.588710,0.251721,9.581690,51,25,0.435784
105,18,65,0.524194,0.149539,8.228880,59,31,0.258885
105,19,58,0.467742,0.103412,7.312985,66,35,0.179029
105,20,65,0.524194,0.211907,8.974978,59,30,0.366857
105,21,60,0.483871,0.140891,8.194528,64,32,0.243912
105,22,66,0.532258,0.228766,8.797076,58,27,0.396044
105,23,75,0.604839,0.222999,9.708573,49,27,0.386059
105,24,61,0.491935,0.093286,7.971049,63,32,0.161498
105,25,74,0.596774,0.192245,9.913219,50,26,0.332817
105,26,56,0.451613,0.176255,7.533459,68,44,0.305135
105,27,68,0.548387,0.130915,8.710533,56,25,0.226642
105,28,57,0.459677,0.040448,7.594580,67,32,0.070024
105,29,64,0.516129,0.094656,7.780912,60,30,0.713869
105,30,57,0.459677,0.074712,7.133776,67,46,0.129342
105,31,56,0.451613,0.087524,7.066085,68,46,0.151523
105,32,73,0.588710,0.198060,9.554157,51,27,0.342884
105,33,62,0.500000,0.138193,8.325243,62,31,0.239242
105,34,62,0.500000,0.178969,8.189695,62,30,0.309834
105,35,65,0.524194,0.068300,7.797088,59,26,0.118242
105,36,60,0.483871,0.122582,7.854624,64,36,0.212216
105,37,64,0.516129,0.127812,8.468439,60,28,0.221271
105,38,54,0.435484,0.102605,7.685524,70,55,0.177631
105,39,68,0.548387,0.191091,8.583531,56,27,0.330820
105,40,54,0.435484,0.108081,6.952321,70,52,0.187112
105,41,56,0.451613,0.062322,6.640251,68,35,0.657893
105,42,57,0.459677,0.090035,7.204720,67,37,0.155870
105,43,63,0.508065,0.132502,8.059901,61,29,0.229389
105,44,64,0.516129,0.136760,8.671342,60,29,0.236760
105,45,65,0.524194,0.223829,8.838276,59,33,0.387496
105,46,67,0.540323,0.149966,8.639588,57,27,0.259623
105,47,70,0.564516,0.181708,8.921833,54,25,0.864576
105,48,61,0.491935,0.078247,7.620546,63,33,0.135463
105,49,60,0.483871,0.109063,7.622471,64,32,0.188811
105,50,66,0.532258,0.157680,8.338838,58,29,0.272979
105,51,60,0.483871,0.093385,7.665190,64,30,0.161670
105,52,58,0.467742,0.000000,7.148989,66,36,0.000000
105,53,73,0.588710,0.205192,9.686452,51,25,0.355231
105,54,59,0.475806,0.112858,7.741744,65,36,0.195382
105,55,67,0.540323,0.193495,9.174643,57,24,0.334982
105,56,67,0.540323,0.182605,9.168017,57,28,0.316129
105,57,69,0.556452,0.139966,9.164986,55,27,0.242311
105,58,69,0.556452,0.088471,8.756984,55,27,0.153162
105,59,64,0.516129,0.191731,8.418929,60,33,0.331929
105,60,61,0.491935,0.118339,8.007470,63,30,0.754870
105,61,60,0.483871,0.088361,8.271166,64,36,0.152972
105,62,57,0.459677,0.000000,7.053651,67,44,0.000000
105,63,61,0.491935,0.130229,8.201618,63,33,0.225455
105,64,67,0.540323,0.189640,8.791680,57,31,0.328309
105,65,68,0.548387,0.127332,8.386036,56,29,0.220440
105,66,59,0.475806,0.095666,7.633859,65,34,0.165619
105,67,62,0.500000,0.114981,7.877114,62,31,0.199057
105,68,55,0.443548,0.113557,7.738686,69,43,0.196592
105,69,54,0.435484,0.065210,6.894205,70,52,0.112893
105,70,56,0.451613,0.062438,7.427390,68,32,0.108093
105,71,59,0.475806,0.183966,7.846495,65,33,0.318485
105,72,58,0.467742,0.127224,7.744999,66,34,0.220252
105,73,58,0.467742,0.032698,7.423647,66,49,0.056608
105,74,55,0.443548,0.079221,7.111419,69,44,0.137149
105,75,51,0.411290,0.087453,6.903735,73,66,0.151401
105,76,56,0.451613,0.118886,6.993905,68,31,0.205817
105,77,64,0.516129,0.143982,8.287749,60,24,0.249264
105,78,69,0.556452,0.082316,8.715482,55,26,0.142507
105,79,63,0.508065,0.104632,8.533707,61,27,0.181141
105,80,59,0.475806,0.052140,7.358013,65,40,0.090265
105,81,61,0.491935,0.045516,7.563988,63,32,0.078799
105,82,62,0.500000,0.169015,8.157842,62,31,0.292602
105,83,67,0.540323,0.091954,8.758117,57,30,0.159192
105,84,67,0.540323,0.120024,8.648189,57,26,0.207788
105,85,57,0.459677,0.127584,7.248917,67,45,0.220876
105,86,64,0.516129,0.102483,8.609392,60,28,0.177420
105,87,53,0.427419,0.045381,6.794376,71,64,0.078564
105,88,55,0.443548,0.057896,7.307020,69,41,0.100231
105,89,56,0.451613,0.122570,7.596472,68,35,0.212196
105,90,66,0.532258,0.164428,8.547517,58,31,0.284661
105,91,60,0.483871,0.091168,7.922717,64,36,0.157832
105,92,69,0.556452,0.155635,9.051627,55,32,0.269437
105,93,63,0.508065,0.114023,8.039461,61,32,0.197399
105,94,60,0.483871,0.119033,7.485602,64,35,0.206072
105,95,59,0.475806,0.141776,8.198471,65,40,0.245445
105,96,53,0.427419,0.049695,6.804377,71,40,0.086033
105,97,66,0.532258,0.187034,8.847582,58,31,0.323796
105,98,60,0.483871,0.121996,7.587643,64,33,0.211201
105,99,72,0.580645,0.256028,9.759281,52,25,0.443240
105,100,61,0.491935,0.159766,7.623988,63,25,0.826589
105,101,64,0.516129,0.051824,7.925374,60,26,0.089719
105,102,69,0.556452,0.233252,9.011521,55,29,0.403810
105,103,64,0.516129,0.127862,8.960082,60,29,0.221357
105,104,58,0.467742,0.156959,7.614376,66,34,0.271731
105,105,68,0.548387,0.171832,9.056594,56,32,0.297479
105,106,53,0.427419,0.021080,6.764095,71,81,0.036494
105,107,64,0.516129,0.101080,8.139201,60,26,0.174992
105,108,61,0.491935,0.102379,7.355538,63,29,0.177241
105,109,63,0.508065,0.018325,8.103402,61,31,0.031724
105,110,57,0.459677,0.180486,7.777946,67,39,0.312461
105,111,62,0.500000,0.123528,7.726600,62,33,0.213854
105,112,61,0.491935,0.136449,7.723526,63,36,0.236222
105,113,70,0.564516,0.194565,9.348435,54,27,0.336835
105,114,64,0.516129,0.067740,8.115753,60,31,0.117273
105,115,58,0.467742,0.207194,7.874595,66,34,0.908698
105,116,51,0.411290,0.075753,6.914113,73,67,0.131145
105,117,63,0.508065,0.137661,8.502251,61,30,0.238321
105,118,56,0.451613,0.109846,7.626316,68,43,0.190167
105,119,60,0.483871,0.166260,8.039081,64,31,0.837832
105,120,60,0.483871,0.094912,7.935129,64,38,0.164313
105,121,65,0.524194,0.099201,8.017705,59,25,0.171738
105,122,71,0.572581,0.209471,9.826243,53,27,0.362640
105,123,58,0.467742,0.113670,7.498029,66,37,0.196787
105,124,63,0.508065,0.081462,8.148029,61,28,0.141028
106,0,72,0.580645,0.281870,9.960283,52,26,0.450000
106,1,68,0.548387,0.193793,9.429825,56,29,0.309386
106,2,68,0.548387,0.101307,8.635091,56,26,0.161734
106,3,65,0.524194,0.181988,8.613584,59,26,0.290540
106,4,55,0.443548,0.090610,7.602453,69,38,0.144657
106,5,67,0.540323,0.160498,9.317820,57,31,0.256233
106,6,61,0.491935,0.052652,8.084600,63,29,0.084059
106,7,59,0.475806,0.159385,7.935896,65,33,0.254455
106,8,61,0.491935,0.131718,8.063493,63,30,0.210286
106,9,67,0.540323,0.143286,8.431856,57,23,0.228753
106,10,61,0.491935,0.155053,7.868869,63,36,0.247538
106,11,63,0.508065,0.156704,8.375589,61,32,0.250175
106,12,64,0.516129,0.195063,8.404988,60,28,0.311415
106,13,60,0.483871,0.120513,7.660556,64,31,0.192397
106,14,60,0.483871,0.124537,8.139795,64,32,0.198821
106,15,62,0.500000,0.120172,8.447192,62,33,0.191852
106,16,71,0.572581,0.192746,9.274509,53,25,0.307714
106,17,73,0.588710,0.264652,9.723151,51,25,0.422512
106,18,65,0.524194,0.137938,8.224552,59,31,0.220215
106,19,58,0.467742,0.096431,7.218756,66,35,0.153951
106,20,65,0.524194,0.229241,9.234862,59,30,0.365979
106,21,60,0.483871,0.133917,8.232090,64,32,0.213796
106,22,66,0.532258,0.209627,8.647961,58,27,0.334665
106,23,75,0.604839,0.205140,9.623202,49,27,0.327502
106,24,61,0.491935,0.088556,7.877232,63,32,0.141377
106,25,74,0.596774,0.176476,9.797328,50,26,0.281741
106,26,56,0.451613,0.170445,7.640163,68,44,0.272112
106,27,68,0.548387,0.135126,8.671325,56,25,0.215726
106,28,57,0.459677,0.016134,7.727697,67,32,0.025758
106,29,64,0.516129,0.096785,7.884683,60,31,0.154515
106,30,57,0.459677,0.094050,7.171318,67,46,0.150149
106,31,56,0.451613,0.079777,6.928892,68,46,0.127362
106,32,73,0.588710,0.209406,9.696689,51,27,0.334313
106,33,62,0.500000,0.115563,8.112434,62,31,0.184494
106,34,62,0.500000,0.166416,8.175746,62,30,0.265680
106,35,65,0.524194,0.079854,7.930039,59,26,0.127485
106,36,60,0.483871,0.088694,7.922079,64,36,0.141598
106,37,64,0.516129,0.110064,8.281533,60,28,0.175714
106,38,54,0.435484,0.116922,7.771220,70,55,0.186663
106,39,68,0.548387,0.166747,8.431466,56,27,0.266208
106,40,54,0.435484,0.088208,6.955649,70,52,0.140823
106,41,56,0.451613,0.042375,6.641442,68,36,0.067650
106,42,57,0.459677,0.078561,7.291131,67,37,0.125421
106,43,63,0.508065,0.142589,8.067888,61,29,0.227640
106,44,64,0.516129,0.170641,8.786592,60,29,0.822425
106,45,65,0.524194,0.188886,8.716248,59,33,0.301553
106,46,67,0.540323,0.129441,8.684195,57,27,0.206649
106,47,70,0.564516,0.180456,8.901319,54,26,0.288094
106,48,61,0.491935,0.065440,7.532309,63,33,0.104473
106,49,60,0.483871,0.104044,7.765956,64,32,0.166105
106,50,66,0.532258,0.194377,8.507336,58,29,0.310319
106,51,60,0.483871,0.077413,7.504084,64,30,0.123588
106,52,58,0.467742,0.000000,6.998495,66,36,0.000000
106,53,73,0.588710,0.206029,9.930578,51,25,0.328922
106,54,59,0.475806,0.112726,7.540621,65,36,0.729964
106,55,67,0.540323,0.192286,9.023952,57,24,0.306980
106,56,67,0.540323,0.152591,8.978148,57,28,0.243609
106,57,69,0.556452,0.154350,9.137755,55,27,0.246417
106,58,69,0.556452,0.120988,8.890313,55,27,0.193154
106,59,64,0.516129,0.191565,8.555679,60,33,0.305829
106,60,61,0.491935,0.121883,8.048716,63,31,0.194583
106,61,60,0.483871,0.092689,8.180653,64,36,0.147976
106,62,57,0.459677,0.000000,7.169029,67,44,0.000000
106,63,61,0.491935,0.134116,8.309043,63,33,0.764114
106,64,67,0.540323,0.202445,8.934315,57,31,0.323199
106,65,68,0.548387,0.129753,8.366095,56,29,0.207148
106,66,59,0.475806,0.075387,7.635912,65,34,0.120354
106,67,62,0.500000,0.093603,7.802941,62,31,0.149435
106,68,55,0.443548,0.114189,7.709294,69,43,0.182300
106,69,54,0.435484,0.085825,7.028161,70,52,0.137018
106,70,56,0.451613,0.058450,7.469447,68,32,0.093314
106,71,59,0.475806,0.178252,7.765502,65,33,0.284575
106,72,58,0.467742,0.109460,7.678339,66,34,0.174750
106,73,58,0.467742,0.074641,7.681508,66,49,0.119163
106,74,55,0.443548,0.107156,7.295387,69,44,0.171072
106,75,51,0.411290,0.049266,6.732819,73,66,0.078652
106,76,56,0.451613,0.117992,7.164348,68,31,0.188372
106,77,64,0.516129,0.138847,8.390433,60,24,0.221667
106,78,69,0.556452,0.111049,8.660243,55,26,0.177287
106,79,63,0.508065,0.100834,8.729649,61,27,0.160979
106,80,59,0.475806,0.076244,7.557381,65,40,0.121722
106,81,61,0.491935,0.052967,7.614709,63,32,0.084561
106,82,62,0.500000,0.181214,8.369323,62,31,0.289304
106,83,67,0.540323,0.120971,8.852610,57,30,0.193128
106,84,67,0.540323,0.156016,8.631138,57,26,0.249076
106,85,57,0.459677,0.111959,7.166131,67,45,0.178741
106,86,64,0.516129,0.107355,8.510703,60,28,0.171391
106,87,53,0.427419,0.058379,6.692482,71,64,0.093201
106,88,55,0.443548,0.052896,7.285190,69,41,0.084448
106,89,56,0.451613,0.077321,7.497606,68,35,0.123441
106,90,66,0.532258,0.162734,8.574934,58,31,0.809801
106,91,60,0.483871,0.123455,7.977633,64,36,0.197094
106,92,69,0.556452,0.171792,9.153133,55,32,0.274263
106,93,63,0.508065,0.113231,7.994719,61,32,0.180771
106,94,60,0.483871,0.116127,7.437052,64,35,0.735394
106,95,59,0.475806,0.142144,8.230846,65,40,0.226930
106,96,53,0.427419,0.031187,6.745596,71,40,0.049789
106,97,66,0.532258,0.224031,9.160566,58,31,0.907660
106,98,60,0.483871,0.117963,7.508905,64,33,0.738326
106,99,72,0.580645,0.264534,9.886259,52,25,0.422323
106,100,61,0.491935,0.109277,7.625217,63,26,0.174458
106,101,64,0.516129,0.062314,8.079663,60,26,0.099484
106,102,69,0.556452,0.253424,9.150218,55,29,0.404587
106,103,64,0.516129,0.154539,8.976210,60,29,0.246719
106,104,58,0.467742,0.158657,7.663424,66,34,0.253293
106,105,68,0.548387,0.157298,8.982255,56,32,0.251123
106,106,53,0.427419,0.000000,6.925579,71,81,0.000000
106,107,64,0.516129,0.091611,7.988789,60,26,0.146255
106,108,61,0.491935,0.115665,7.580386,63,29,0.184657
106,109,63,0.508065,0.061728,8.219180,61,31,0.098547
106,110,57,0.459677,0.197544,7.657043,67,39,0.315375
106,111,62,0.500000,0.105447,7.725812,62,33,0.168344
106,112,61,0.491935,0.120253,7.753614,63,36,0.741982
106,113,70,0.564516,0.204972,9.432777,54,27,0.327233
106,114,64,0.516129,0.073172,8.167784,60,31,0.116817
106,115,58,0.467742,0.162851,7.767684,66,35,0.259988
106,116,51,0.411290,0.076625,7.023535,73,67,0.122330
106,117,63,0.508065,0.105696,8.470599,61,30,0.168742
106,118,56,0.451613,0.103407,7.367552,68,43,0.165087
106,119,60,0.483871,0.154655,8.074696,64,32,0.246904
106,120,60,0.483871,0.089016,7.898695,64,38,0.142113
106,121,65,0.524194,0.133845,8.144298,59,25,0.213681
106,122,71,0.572581,0.188921,9.661856,53,27,0.301608
106,123,58,0.467742,0.128718,7.465851,66,37,0.205496
106,124,63,0.508065,0.061186,7.896031,61,28,0.097682
107,0,72,0.580645,0.254534,9.752172,52,26,0.450000
107,1,68,0.548387,0.154961,8.943645,56,29,0.273962
107,2,68,0.548387,0.158213,8.882135,56,26,0.279710
107,3,65,0.524194,0.135591,8.457489,59,26,0.239717
107,4,55,0.443548,0.120590,7.673713,69,38,0.213196
107,5,67,0.540323,0.153236,9.194600,57,31,0.270911
107,6,61,0.491935,0.080841,7.943104,63,29,0.142923
107,7,59,0.475806,0.204262,8.117173,65,33,0.911123
107,8,61,0.491935,0.137192,8.167217,63,30,0.242547
107,9,67,0.540323,0.157550,8.456784,57,23,0.278538
107,10,61,0.491935,0.110827,7.833571,63,36,0.195936
107,11,63,0.508065,0.164772,8.469752,61,32,0.291307
107,12,64,0.516129,0.167060,8.510973,60,28,0.295351
107,13,60,0.483871,0.134351,7.644340,64,31,0.237525
107,14,60,0.483871,0.096326,8.129996,64,32,0.170299
107,15,62,0.500000,0.126627,8.326630,62,33,0.223869
107,16,71,0.572581,0.215088,9.335505,53,25,0.380262
107,17,73,0.588710,0.196038,9.747216,51,25,0.346583
107,18,65,0.524194,0.168028,8.355302,59,31,0.297063
107,19,58,0.467742,0.106928,7.225835,66,35,0.189041
107,20,65,0.524194,0.191363,8.747325,59,30,0.338318
107,21,60,0.483871,0.095528,7.960238,64,32,0.168888
107,22,66,0.532258,0.154740,8.383265,58,27,0.273571
107,23,75,0.604839,0.194398,9.566995,49,27,0.343684
107,24,61,0.491935,0.064560,7.859833,63,32,0.114138
107,25,74,0.596774,0.191549,9.776514,50,26,0.338647
107,26,56,0.451613,0.140340,7.377097,68,44,0.248112
107,27,68,0.548387,0.119151,8.573870,56,25,0.210652
107,28,57,0.459677,0.050737,7.187645,67,32,0.089700
107,29,64,0.516129,0.130140,7.700654,60,31,0.780079
107,30,57,0.459677,0.101277,7.293395,67,46,0.179051
107,31,56,0.451613,0.078240,7.046459,68,46,0.138324
107,32,73,0.588710,0.210417,9.705079,51,27,0.372004
107,33,62,0.500000,0.184376,8.128302,62,31,0.875965
107,34,62,0.500000,0.199524,8.316583,62,30,0.352746
107,35,65,0.524194,0.065314,8.121649,59,26,0.115471
107,36,60,0.483871,0.117832,7.701917,64,36,0.208319
107,37,64,0.516129,0.131750,8.387007,60,28,0.232925
107,38,54,0.435484,0.094206,7.278658,70,55,0.166550
107,39,68,0.548387,0.164785,8.546712,56,27,0.841330
107,40,54,0.435484,0.091341,6.848382,70,52,0.161485
107,41,56,0.451613,0.044867,6.832696,68,36,0.079322
107,42,57,0.459677,0.118577,7.179624,67,37,0.209636
107,43,63,0.508065,0.116432,8.048697,61,29,0.205844
107,44,64,0.516129,0.139593,8.650967,60,30,0.246793
107,45,65,0.524194,0.169693,8.594698,59,33,0.300007
107,46,67,0.540323,0.132733,8.698106,57,27,0.234663
107,47,70,0.564516,0.167544,8.811676,54,26,0.296208
107,48,61,0.491935,0.132431,7.657703,63,33,0.234130
107,49,60,0.483871,0.090786,7.598479,64,32,0.160504
107,50,66,0.532258,0.146278,8.216839,58,29,0.258610
107,51,60,0.483871,0.056322,7.453190,64,30,0.099573
107,52,58,0.467742,0.036850,7.042419,66,36,0.065149
107,53,73,0.588710,0.226222,9.667057,51,25,0.399947
107,54,59,0.475806,0.110393,7.594909,65,37,0.195168
107,55,67,0.540323,0.156028,8.952253,57,24,0.275848
107,56,67,0.540323,0.107251,9.048848,57,28,0.189614
107,57,69,0.556452,0.157760,9.032942,55,27,0.278910
107,58,69,0.556452,0.138190,8.986722,55,27,0.244312
107,59,64,0.516129,0.107000,8.333682,60,33,0.189169
107,60,61,0.491935,0.094053,7.858170,63,31,0.166280
107,61,60,0.483871,0.131014,8.228813,64,36,0.231625
107,62,57,0.459677,0.000000,7.103597,67,44,0.000000
107,63,61,0.491935,0.159915,8.215050,63,34,0.282720
107,64,67,0.540323,0.160304,8.711682,57,31,0.283407
107,65,68,0.548387,0.119479,8.390787,56,29,0.761232
107,66,59,0.475806,0.074919,7.339450,65,34,0.132453
107,67,62,0.500000,0.057722,7.788796,62,31,0.102049
107,68,55,0.443548,0.125290,7.704361,69,43,0.221505
107,69,54,0.435484,0.096054,6.929594,70,52,0.169818
107,70,56,0.451613,0.034053,7.610460,68,32,0.060204
107,71,59,0.475806,0.178429,7.763376,65,33,0.315452
107,72,58,0.467742,0.087855,7.260513,66,34,0.155322
107,73,58,0.467742,0.091727,7.743304,66,49,0.162168
107,74,55,0.443548,0.120436,7.076185,69,44,0.212923
107,75,51,0.411290,0.061760,6.766371,73,66,0.109189
107,76,56,0.451613,0.159720,7.122813,68,31,0.282374
107,77,64,0.516129,0.158145,8.465488,60,24,0.279590
107,78,69,0.556452,0.079575,8.680774,55,26,0.140684
107,79,63,0.508065,0.095489,8.573488,61,27,0.168819
107,80,59,0.475806,0.103202,7.370820,65,40,0.732455
107,81,61,0.491935,0.078633,7.833696,63,32,0.139019
107,82,62,0.500000,0.232008,8.649855,62,31,0.410177
107,83,67,0.540323,0.186386,9.159833,57,30,0.329519
107,84,67,0.540323,0.185054,8.739289,57,26,0.327164
107,85,57,0.459677,0.136634,7.275623,67,45,0.241561
107,86,64,0.516129,0.167759,8.748966,60,28,0.296587
107,87,53,0.427419,0.014513,6.540613,71,64,0.025658
107,88,55,0.443548,0.061831,7.251885,69,41,0.109313
107,89,56,0.451613,0.134424,7.410970,68,35,0.237653
107,90,66,0.532258,0.147885,8.418127,58,32,0.261451
107,91,60,0.483871,0.130879,7.838843,64,36,0.231387
107,92,69,0.556452,0.160788,9.100783,55,32,0.284263
107,93,63,0.508065,0.137234,7.957897,61,32,0.242622
107,94,60,0.483871,0.102700,7.578399,64,36,0.181568
107,95,59,0.475806,0.144149,8.294677,65,40,0.254846
107,96,53,0.427419,0.102189,7.044627,71,40,0.180664
107,97,66,0.532258,0.132431,8.890755,58,32,0.234130
107,98,60,0.483871,0.079472,7.428578,64,34,0.140502
107,99,72,0.580645,0.240625,9.887337,52,25,0.425409
107,100,61,0.491935,0.131776,7.770727,63,26,0.232971
107,101,64,0.516129,0.063467,8.265958,60,26,0.112207
107,102,69,0.556452,0.235181,8.825804,55,29,0.965785
107,103,64,0.516129,0.164642,8.771633,60,29,0.291076
107,104,58,0.467742,0.138157,7.566670,66,34,0.244253
107,105,68,0.548387,0.209021,9.015495,56,32,0.369536
107,106,53,0.427419,0.040291,6.864969,71,81,0.071231
107,107,64,0.516129,0.114995,8.323361,60,26,0.203304
107,108,61,0.491935,0.109039,7.484907,63,29,0.192774
107,109,63,0.508065,0.086992,8.104459,61,31,0.153797
107,110,57,0.459677,0.178446,7.557885,67,39,0.315482
107,111,62,0.500000,0.143692,7.948734,62,33,0.254039
107,112,61,0.491935,0.127610,7.456132,63,37,0.225607
107,113,70,0.564516,0.163520,9.270206,54,27,0.289094
107,114,64,0.516129,0.074074,7.963719,60,31,0.130958
107,115,58,0.467742,0.159728,7.807760,66,35,0.282390
107,116,51,0.411290,0.077386,6.916490,73,67,0.136814
107,117,63,0.508065,0.050495,8.380998,61,30,0.089272
107,118,56,0.451613,0.073289,7.476799,68,43,0.129570
107,119,60,0.483871,0.134700,8.089411,64,32,0.238141
107,120,60,0.483871,0.127130,8.050882,64,38,0.224758
107,121,65,0.524194,0.074914,7.987062,59,25,0.132443
107,122,71,0.572581,0.165993,9.598769,53,27,0.293465
107,123,58,0.467742,0.105849,7.334878,66,37,0.187135
107,124,63,0.508065,0.077125,7.946980,61,28,0.136352
108,0,72,0.580645,0.250649,9.803496,52,26,0.439640
108,1,68,0.548387,0.167211,9.120313,56,29,0.293290
108,2,68,0.548387,0.131403,8.853177,56,26,0.230482
108,3,65,0.524194,0.119751,8.501567,59,26,0.210043
108,4,55,0.443548,0.126909,7.671174,69,38,0.222599
108,5,67,0.540323,0.134737,9.234438,57,31,0.236329
108,6,61,0.491935,0.103658,8.009865,63,29,0.181816
108,7,59,0.475806,0.169903,8.043668,65,34,0.298010
108,8,61,0.491935,0.087322,7.877556,63,30,0.153164
108,9,67,0.540323,0.152497,8.325216,57,23,0.267481
108,10,61,0.491935,0.155117,7.842295,63,36,0.272077
108,11,63,0.508065,0.148734,8.329483,61,32,0.260881
108,12,64,0.516129,0.144274,8.472134,60,28,0.253058
108,13,60,0.483871,0.131570,7.728844,64,31,0.230775
108,14,60,0.483871,0.115682,8.043438,64,32,0.202907
108,15,62,0.500000,0.108623,8.091157,62,33,0.190525
108,16,71,0.572581,0.172737,9.262688,53,25,0.302981
108,17,73,0.588710,0.200096,9.648602,51,25,0.350969
108,18,65,0.524194,0.164420,8.375640,59,31,0.288393
108,19,58,0.467742,0.135503,7.383782,66,35,0.237674
108,20,65,0.524194,0.164228,8.681088,59,30,0.288057
108,21,60,0.483871,0.090690,7.805204,64,32,0.709071
108,22,66,0.532258,0.173529,8.722316,58,27,0.304370
108,23,75,0.604839,0.228154,9.716459,49,27,0.400183
108,24,61,0.491935,0.054602,7.730651,63,32,0.095773
108,25,74,0.596774,0.175110,9.616483,50,26,0.307144
108,26,56,0.451613,0.150171,7.440893,68,44,0.263402
108,27,68,0.548387,0.113067,8.635687,56,25,0.198320
108,28,57,0.459677,0.054000,7.073801,67,32,0.094716
108,29,64,0.516129,0.116753,7.830247,60,32,0.204785
108,30,57,0.459677,0.077139,7.426014,67,46,0.135303
108,31,56,0.451613,0.069259,7.099008,68,46,0.121481
108,32,73,0.588710,0.205247,9.681610,51,27,0.360005
108,33,62,0.500000,0.104748,7.916542,62,32,0.183728
108,34,62,0.500000,0.190835,8.195485,62,30,0.884726
108,35,65,0.524194,0.072432,8.200960,59,26,0.127045
108,36,60,0.483871,0.131720,7.834133,64,36,0.231038
108,37,64,0.516129,0.099622,8.310574,60,28,0.174738
108,38,54,0.435484,0.119613,7.459847,70,55,0.209802
108,39,68,0.548387,0.143111,8.496771,56,28,0.251017
108,40,54,0.435484,0.108536,6.742530,70,52,0.190374
108,41,56,0.451613,0.071866,6.802954,68,36,0.126053
108,42,57,0.459677,0.128717,7.212418,67,37,0.225770
108,43,63,0.508065,0.138895,8.076038,61,29,0.243623
108,44,64,0.516129,0.160472,8.877849,60,30,0.281469
108,45,65,0.524194,0.181861,8.493718,59,33,0.318985
108,46,67,0.540323,0.159053,8.625377,57,27,0.278980
108,47,70,0.564516,0.166916,8.734308,54,26,0.292772
108,48,61,0.491935,0.167229,7.675200,63,33,0.293321
108,49,60,0.483871,0.078449,7.544967,64,32,0.137600
108,50,66,0.532258,0.157359,8.281558,58,29,0.276008
108,51,60,0.483871,0.035156,7.347283,64,30,0.061665
108,52,58,0.467742,0.000000,6.993428,66,36,0.000000
108,53,73,0.588710,0.244746,9.793480,51,25,0.979285
108,54,59,0.475806,0.100101,7.530721,65,37,0.175578
108,55,67,0.540323,0.162386,8.885522,57,24,0.284826
108,56,67,0.540323,0.100528,8.921602,57,28,0.176327
108,57,69,0.556452,0.153005,8.961336,55,27,0.268373
108,58,69,0.556452,0.146586,8.972084,55,27,0.257113
108,59,64,0.516129,0.120168,8.396730,60,33,0.210776
108,60,61,0.491935,0.103923,7.998097,63,31,0.182282
108,61,60,0.483871,0.138885,8.235705,64,36,0.243605
108,62,57,0.459677,0.000000,7.049877,67,44,0.000000
108,63,61,0.491935,0.112378,7.985127,63,34,0.197112
108,64,67,0.540323,0.145295,8.522362,57,31,0.254849
108,65,68,0.548387,0.126686,8.263665,56,30,0.772208
108,66,59,0.475806,0.101468,7.551721,65,34,0.177976
108,67,62,0.500000,0.142165,8.098183,62,31,0.249358
108,68,55,0.443548,0.144423,7.750161,69,43,0.253320
108,69,54,0.435484,0.100308,6.839263,70,52,0.175940
108,70,56,0.451613,0.026439,7.513814,68,32,0.046374
108,71,59,0.475806,0.193948,7.880420,65,33,0.340186
108,72,58,0.467742,0.105378,7.181836,66,34,0.184834
108,73,58,0.467742,0.078959,7.680009,66,49,0.138495
108,74,55,0.443548,0.153227,7.128815,69,44,0.818761
108,75,51,0.411290,0.062560,6.794203,73,66,0.109731
108,76,56,0.451613,0.139439,7.082916,68,31,0.244577
108,77,64,0.516129,0.169950,8.533822,60,24,0.298093
108,78,69,0.556452,0.122132,8.920411,55,26,0.214220
108,79,63,0.508065,0.154719,8.646664,61,27,0.271378
108,80,59,0.475806,0.082244,7.136951,65,41,0.144257
108,81,61,0.491935,0.101944,8.032725,63,32,0.178810
108,82,62,0.500000,0.193811,8.481456,62,31,0.339946
108,83,67,0.540323,0.180568,9.003901,57,30,0.316718
108,84,67,0.540323,0.152021,8.541175,57,26,0.266647
108,85,57,0.459677,0.107243,7.197570,67,45,0.188105
108,86,64,0.516129,0.148596,8.566330,60,28,0.260639
108,87,53,0.427419,0.012337,6.701350,71,64,0.021640
108,88,55,0.443548,0.046646,7.264685,69,41,0.081818
108,89,56,0.451613,0.120731,7.303024,68,35,0.211763
108,90,66,0.532258,0.145241,8.557970,58,32,0.254754
108,91,60,0.483871,0.126738,8.003633,64,36,0.222299
108,92,69,0.556452,0.184605,9.187893,55,32,0.873798
108,93,63,0.508065,0.132972,7.977106,61,32,0.233234
108,94,60,0.483871,0.062638,7.556103,64,36,0.109867
108,95,59,0.475806,0.129643,8.146784,65,40,0.227395
108,96,53,0.427419,0.119170,7.190706,71,40,0.209025
108,97,66,0.532258,0.167229,9.029771,58,32,0.293321
108,98,60,0.483871,0.111239,7.606012,64,34,0.195115
108,99,72,0.580645,0.193459,9.684536,52,25,0.339328
108,100,61,0.491935,0.160802,7.618181,63,26,0.832047
108,101,64,0.516129,0.065055,8.198680,60,26,0.114106
108,102,69,0.556452,0.256556,9.062574,55,30,0.450000
108,103,64,0.516129,0.162796,8.778029,60,29,0.285545
108,104,58,0.467742,0.151872,7.698585,66,34,0.266385
108,105,68,0.548387,0.197121,8.937088,56,32,0.345752
108,106,53,0.427419,0.038741,6.885428,71,81,0.067952
108,107,64,0.516129,0.077375,8.250405,60,26,0.135715
108,108,61,0.491935,0.085207,7.546963,63,29,0.149453
108,109,63,0.508065,0.122197,8.353615,61,31,0.214334
108,110,57,0.459677,0.147539,7.348966,67,39,0.258785
108,111,62,0.500000,0.154100,7.922476,62,33,0.270292
108,112,61,0.491935,0.140702,7.702833,63,37,0.246792
108,113,70,0.564516,0.150220,9.276570,54,27,0.263486
108,114,64,0.516129,0.055297,7.969744,60,31,0.096992
108,115,58,0.467742,0.136103,7.684832,66,35,0.238726
108,116,51,0.411290,0.089413,7.017315,73,67,0.156831
108,117,63,0.508065,0.084788,8.342732,61,30,0.148719
108,118,56,0.451613,0.045694,7.357880,68,43,0.080147
108,119,60,0.483871,0.156314,7.951088,64,32,0.274176
108,120,60,0.483871,0.119112,7.922492,64,38,0.208923
108,121,65,0.524194,0.100702,8.203319,59,25,0.176631
108,122,71,0.572581,0.185477,9.678890,53,27,0.325328
108,123,58,0.467742,0.105715,7.324285,66,37,0.185425
108,124,63,0.508065,0.092273,7.927172,61,28,0.161848
109,0,72,0.580645,0.207556,9.475323,52,26,0.362323
109,1,68,0.548387,0.125620,9.068033,56,29,0.219289
109,2,68,0.548387,0.139135,8.939361,56,26,0.242883
109,3,65,0.524194,0.084276,8.447651,59,26,0.147117
109,4,55,0.443548,0.119907,7.293290,69,38,0.209317
109,5,67,0.540323,0.131231,9.305006,57,31,0.229085
109,6,61,0.491935,0.079084,8.258202,63,29,0.138053
109,7,59,0.475806,0.182661,8.016418,65,34,0.318864
109,8,61,0.491935,0.114487,8.008772,63,30,0.199855
109,9,67,0.540323,0.171689,8.452837,57,23,0.299710
109,10,61,0.491935,0.095662,7.864432,63,36,0.166994
109,11,63,0.508065,0.146364,8.321329,61,32,0.255502
109,12,64,0.516129,0.081421,8.269725,60,28,0.142133
109,13,60,0.483871,0.169415,8.016486,64,31,0.295742
109,14,60,0.483871,0.104077,7.878654,64,32,0.181683
109,15,62,0.500000,0.090045,7.849170,62,33,0.157189
109,16,71,0.572581,0.136085,9.280836,53,25,0.237558
109,17,73,0.588710,0.161492,9.716237,51,25,0.281911
109,18,65,0.524194,0.149334,8.279435,59,31,0.260686
109,19,58,0.467742,0.111102,7.125410,66,35,0.193946
109,20,65,0.524194,0.160092,8.662185,59,30,0.279467
109,21,60,0.483871,0.055577,7.588469,64,33,0.097019
109,22,66,0.532258,0.142092,8.488572,58,27,0.248045
109,23,75,0.604839,0.205444,9.495420,49,27,0.358636
109,24,61,0.491935,0.020403,7.736421,63,32,0.035616
109,25,74,0.596774,0.225376,9.709380,50,26,0.393431
109,26,56,0.451613,0.123980,6.899027,68,44,0.216427
109,27,68,0.548387,0.122080,8.780202,56,25,0.213111
109,28,57,0.459677,0.029538,7.024600,67,32,0.601563
109,29,64,0.516129,0.088372,7.515624,60,32,0.154267
109,30,57,0.459677,0.097224,7.385112,67,46,0.169721
109,31,56,0.451613,0.096167,7.084879,68,46,0.167875
109,32,73,0.588710,0.163569,9.448402,51,27,0.285536
109,33,62,0.500000,0.155671,8.100665,62,32,0.271750
109,34,62,0.500000,0.182418,8.026071,62,31,0.318441
109,35,65,0.524194,0.126566,8.259689,59,26,0.220942
109,36,60,0.483871,0.155993,7.788522,64,36,0.272310
109,37,64,0.516129,0.115871,8.351051,60,28,0.202271
109,38,54,0.435484,0.098690,7.156643,70,55,0.172280
109,39,68,0.548387,0.138395,8.671809,56,28,0.241591
109,40,54,0.435484,0.077026,6.771863,70,52,0.134462
109,41,56,0.451613,0.046057,7.029099,68,36,0.080400
109,42,57,0.459677,0.156978,7.156267,67,37,0.274030
109,43,63,0.508065,0.187463,8.301528,61,29,0.327247
109,44,64,0.516129,0.143785,8.533231,60,30,0.801001
109,45,65,0.524194,0.191019,8.791164,59,33,0.333455
109,46,67,0.540323,0.153548,8.587672,57,27,0.268043
109,47,70,0.564516,0.186252,8.940441,54,26,0.325134
109,48,61,0.491935,0.128832,7.681508,63,33,0.224897
109,49,60,0.483871,0.144561,7.866360,64,32,0.802355
109,50,66,0.532258,0.127510,8.294433,58,29,0.222589
109,51,60,0.483871,0.104855,7.547496,64,30,0.183042
109,52,58,0.467742,0.032488,7.361206,66,36,0.056714
109,53,73,0.588710,0.200973,9.666578,51,26,0.350832
109,54,59,0.475806,0.115043,7.664116,65,37,0.200826
109,55,67,0.540323,0.174809,8.970080,57,24,0.305157
109,56,67,0.540323,0.141467,8.966731,57,28,0.246954
109,57,69,0.556452,0.146088,8.846172,55,27,0.255020
109,58,69,0.556452,0.156695,9.004941,55,27,0.273536
109,59,64,0.516129,0.101244,8.310528,60,33,0.176738
109,60,61,0.491935,0.123573,7.807327,63,31,0.215718
109,61,60,0.483871,0.088433,7.953662,64,36,0.154375
109,62,57,0.459677,0.000000,7.091175,67,44,0.000000
109,63,61,0.491935,0.156881,8.101798,63,34,0.823861
109,64,67,0.540323,0.117820,8.480823,57,31,0.205675
109,65,68,0.548387,0.086852,8.518745,56,31,0.151615
109,66,59,0.475806,0.118591,7.379816,65,34,0.207021
109,67,62,0.500000,0.120132,8.186934,62,31,0.209709
109,68,55,0.443548,0.122219,7.661424,69,43,0.213353
109,69,54,0.435484,0.090113,6.866181,70,52,0.157307
109,70,56,0.451613,0.071003,7.533203,68,32,0.123947
109,71,59,0.475806,0.177133,8.056692,65,33,0.309215
109,72,58,0.467742,0.109187,7.189789,66,34,0.190604
109,73,58,0.467742,0.129983,7.561476,66,49,0.226907
109,74,55,0.443548,0.151091,7.143023,69,45,0.263755
109,75,51,0.411290,0.071597,6.547648,73,66,0.124985
109,76,56,0.451613,0.167190,7.052517,68,31,0.841857
109,77,64,0.516129,0.141575,8.631871,60,24,0.247142
109,78,69,0.556452,0.145716,8.710335,55,26,0.254370
109,79,63,0.508065,0.188822,8.889460,61,27,0.329620
109,80,59,0.475806,0.093306,7.251792,65,41,0.162880
109,81,61,0.491935,0.054390,7.784655,63,32,0.094947
109,82,62,0.500000,0.164616,8.339164,62,31,0.287365
109,83,67,0.540323,0.168242,8.747088,57,30,0.293694
109,84,67,0.540323,0.201436,8.487096,57,26,0.351640
109,85,57,0.459677,0.138536,7.208352,67,45,0.241837
109,86,64,0.516129,0.110396,8.422419,60,28,0.742714
109,87,53,0.427419,0.056682,6.714965,71,64,0.098947
109,88,55,0.443548,0.038368,7.252521,69,41,0.066978
109,89,56,0.451613,0.159975,7.437186,68,35,0.829262
109,90,66,0.532258,0.178627,8.662100,58,32,0.311822
109,91,60,0.483871,0.097385,7.860729,64,36,0.170002
109,92,69,0.556452,0.170687,8.954706,55,33,0.297963
109,93,63,0.508065,0.210234,8.233307,61,32,0.366997
109,94,60,0.483871,0.055092,7.593984,64,36,0.096172
109,95,59,0.475806,0.104982,7.943780,65,40,0.183263
109,96,53,0.427419,0.112982,7.362240,71,40,0.747229
109,97,66,0.532258,0.128832,8.864993,58,32,0.774897
109,98,60,0.483871,0.071626,7.396194,64,34,0.125035
109,99,72,0.580645,0.209219,9.768540,52,25,0.365226
109,100,61,0.491935,0.152400,8.004401,63,27,0.266039
109,101,64,0.516129,0.025933,8.076768,60,26,0.045270
109,102,69,0.556452,0.254743,9.047391,55,30,0.444696
109,103,64,0.516129,0.166708,8.729809,60,29,0.291015
109,104,58,0.467742,0.087583,7.521033,66,34,0.152890
109,105,68,0.548387,0.235756,8.916776,56,32,0.411551
109,106,53,0.427419,0.042300,6.941372,71,81,0.073841
109,107,64,0.516129,0.107268,8.387398,60,26,0.187253
109,108,61,0.491935,0.062700,7.773595,63,29,0.109452
109,109,63,0.508065,0.145206,8.206984,61,31,0.253481
109,110,57,0.459677,0.159211,7.556980,67,39,0.277929
109,111,62,0.500000,0.134178,8.039710,62,33,0.234229
109,112,61,0.491935,0.150115,7.780134,63,37,0.262049
109,113,70,0.564516,0.180329,9.351854,54,27,0.314794
109,114,64,0.516129,0.090500,8.021929,60,31,0.157982
109,115,58,0.467742,0.151360,7.667270,66,35,0.264224
109,116,51,0.411290,0.069429,6.975154,73,67,0.121199
109,117,63,0.508065,0.079428,8.303014,61,30,0.138655
109,118,56,0.451613,0.076626,7.442655,68,43,0.133764
109,119,60,0.483871,0.137499,7.919262,64,32,0.240026
109,120,60,0.483871,0.144722,7.944859,64,38,0.252635
109,121,65,0.524194,0.108766,8.278553,59,25,0.189868
109,122,71,0.572581,0.257782,9.803015,53,27,0.450000
109,123,58,0.467742,0.098374,7.130209,66,37,0.171728
109,124,63,0.508065,0.113741,8.021485,61,28,0.198554
110,0,72,0.580645,0.233307,9.652093,52,26,0.412522
110,1,68,0.548387,0.169040,9.122461,56,29,0.298887
110,2,68,0.548387,0.118025,8.973813,56,26,0.208686
110,3,65,0.524194,0.085637,8.230887,59,26,0.151418
110,4,55,0.443548,0.121476,7.372128,69,38,0.214787
110,5,67,0.540323,0.160319,9.386224,57,31,0.283467
110,6,61,0.491935,0.034838,8.191591,63,29,0.061598
110,7,59,0.475806,0.187399,7.915454,65,34,0.331348
110,8,61,0.491935,0.121931,7.838993,63,30,0.215592
110,9,67,0.540323,0.138355,8.376896,57,23,0.244633
110,10,61,0.491935,0.118098,7.930926,63,36,0.208815
110,11,63,0.508065,0.154977,8.324871,61,32,0.274022
110,12,64,0.516129,0.091720,8.339636,60,28,0.162174
110,13,60,0.483871,0.156141,7.838655,64,31,0.276079
110,14,60,0.483871,0.112109,7.983260,64,32,0.198226
110,15,62,0.500000,0.075392,7.985838,62,33,0.133304
110,16,71,0.572581,0.142573,9.248560,53,25,0.252090
110,17,73,0.588710,0.182620,9.634278,51,25,0.322899
110,18,65,0.524194,0.115998,8.188388,59,31,0.205101
110,19,58,0.467742,0.097379,7.027717,66,35,0.172181
110,20,65,0.524194,0.151235,8.749077,59,30,0.267406
110,21,60,0.483871,0.098781,7.727523,64,33,0.174660
110,22,66,0.532258,0.141936,8.530134,58,27,0.250963
110,23,75,0.604839,0.175484,9.391066,49,27,0.310282
110,24,61,0.491935,0.013325,7.674322,63,32,0.023561
110,25,74,0.596774,0.243277,9.743081,50,26,0.430149
110,26,56,0.451613,0.117777,6.836262,68,44,0.208248
110,27,68,0.548387,0.154332,8.831454,56,25,0.272882
110,28,57,0.459677,0.000000,7.093361,67,33,0.000000
110,29,64,0.516129,0.092849,7.743437,60,32,0.164170
110,30,57,0.459677,0.112987,7.222633,67,46,0.199777
110,31,56,0.451613,0.090078,6.987465,68,46,0.159271
110,32,73,0.588710,0.184146,9.395195,51,27,0.325597
110,33,62,0.500000,0.153540,8.231111,62,32,0.271481
110,34,62,0.500000,0.153088,7.887411,62,31,0.270683
110,35,65,0.524194,0.148543,8.473502,59,26,0.812646
110,36,60,0.483871,0.142337,7.773447,64,36,0.251673
110,37,64,0.516129,0.101589,8.241655,60,28,0.179624
110,38,54,0.435484,0.091542,7.066617,70,55,0.161860
110,39,68,0.548387,0.117927,8.447147,56,28,0.208512
110,40,54,0.435484,0.084180,6.755453,70,52,0.148843
110,41,56,0.451613,0.061608,7.043409,68,36,0.108932
110,42,57,0.459677,0.165334,7.199176,67,37,0.842334
110,43,63,0.508065,0.205651,8.252737,61,29,0.363620
110,44,64,0.516129,0.142293,8.434105,60,31,0.251595
110,45,65,0.524194,0.188459,8.906146,59,33,0.333223
110,46,67,0.540323,0.171978,8.649281,57,27,0.304082
110,47,70,0.564516,0.163039,9.019775,54,26,0.288277
110,48,61,0.491935,0.125367,7.714260,63,33,0.221667
110,49,60,0.483871,0.140164,7.992105,64,33,0.247830
110,50,66,0.532258,0.132956,8.328874,58,29,0.235085
110,51,60,0.483871,0.106641,7.639378,64,30,0.188557
110,52,58,0.467742,0.077949,7.358364,66,36,0.137826
110,53,73,0.588710,0.204844,9.888776,51,26,0.362195
110,54,59,0.475806,0.093567,7.658533,65,37,0.165439
110,55,67,0.540323,0.175640,9.033159,57,24,0.310557
110,56,67,0.540323,0.160978,9.092076,57,28,0.284633
110,57,69,0.556452,0.152349,8.986246,55,27,0.269376
110,58,69,0.556452,0.160388,9.031170,55,27,0.833589
110,59,64,0.516129,0.135264,8.407264,60,33,0.239166
110,60,61,0.491935,0.140735,7.933550,63,31,0.248840
110,61,60,0.483871,0.056680,7.913692,64,36,0.100218
110,62,57,0.459677,0.000000,7.174037,67,44,0.000000
110,63,61,0.491935,0.142734,8.335998,63,35,0.252375
110,64,67,0.540323,0.159618,8.542493,57,31,0.282227
110,65,68,0.548387,0.065359,8.383138,56,31,0.115564
110,66,59,0.475806,0.110125,7.443319,65,34,0.194718
110,67,62,0.500000,0.110230,8.117607,62,31,0.194903
110,68,55,0.443548,0.116932,7.568155,69,43,0.206753
110,69,54,0.435484,0.118390,6.886351,70,52,0.209331
110,70,56,0.451613,0.072277,7.516731,68,32,0.127796
110,71,59,0.475806,0.179225,7.884577,65,33,0.316896
110,72,58,0.467742,0.127081,7.347647,66,34,0.224698
110,73,58,0.467742,0.128853,7.624209,66,49,0.227831
110,74,55,0.443548,0.157502,7.250968,69,45,0.278487
110,75,51,0.411290,0.084307,6.618156,73,66,0.149067
110,76,56,0.451613,0.155934,7.001172,68,32,0.825715
110,77,64,0.516129,0.134924,8.471723,60,24,0.238565
110,78,69,0.556452,0.159802,8.679318,55,26,0.282553
110,79,63,0.508065,0.193485,8.784273,61,27,0.342109
110,80,59,0.475806,0.128423,7.500473,65,41,0.227071
110,81,61,0.491935,0.040527,7.839915,63,32,0.071658
110,82,62,0.500000,0.158637,8.323603,62,31,0.280493
110,83,67,0.540323,0.159184,8.592036,57,30,0.281460
110,84,67,0.540323,0.191428,8.607819,57,26,0.338473
110,85,57,0.459677,0.115853,7.275103,67,45,0.204845
110,86,64,0.516129,0.074147,8.392920,60,29,0.131103
110,87,53,0.427419,0.071100,6.747686,71,64,0.125716
110,88,55,0.443548,0.025484,7.336237,69,41,0.045060
110,89,56,0.451613,0.108471,7.433653,68,36,0.191793
110,90,66,0.532258,0.185938,8.668636,58,32,0.328766
110,91,60,0.483871,0.082909,7.763632,64,36,0.146596
110,92,69,0.556452,0.163987,8.869766,55,33,0.289953
110,93,63,0.508065,0.180695,8.203351,61,32,0.319496
110,94,60,0.483871,0.101907,7.465467,64,36,0.730186
110,95,59,0.475806,0.132113,7.858674,65,40,0.233595
110,96,53,0.427419,0.100545,7.327358,71,41,0.177778
110,97,66,0.532258,0.135712,9.085355,58,33,0.239958
110,98,60,0.483871,0.065995,7.379769,64,34,0.116688
110,99,72,0.580645,0.223805,9.751230,52,25,0.395720
110,100,61,0.491935,0.156437,7.911699,63,27,0.276604
110,101,64,0.516129,0.044330,8.161051,60,26,0.078382
110,102,69,0.556452,0.254504,9.249921,55,30,0.450000
110,103,64,0.516129,0.154228,8.690267,60,29,0.272697
110,104,58,0.467742,0.114974,7.667381,66,34,0.203291
110,105,68,0.548387,0.196432,8.933901,56,32,0.347320
110,106,53,0.427419,0.054403,6.994708,71,81,0.096193
110,107,64,0.516129,0.123839,8.339939,60,26,0.218966
110,108,61,0.491935,0.081227,7.973656,63,29,0.143620
110,109,63,0.508065,0.123376,8.323881,61,31,0.218146
110,110,57,0.459677,0.187249,7.592731,67,39,0.881084
110,111,62,0.500000,0.139786,8.094365,62,33,0.247161
110,112,61,0.491935,0.131855,7.658601,63,37,0.233139
110,113,70,0.564516,0.207944,9.416096,54,27,0.367675
110,114,64,0.516129,0.082825,8.120015,60,31,0.146447
110,115,58,0.467742,0.116788,7.526733,66,35,0.206498
110,116,51,0.411290,0.035039,6.936334,73,67,0.061955
110,117,63,0.508065,0.045076,8.132647,61,30,0.079701
110,118,56,0.451613,0.049966,7.326060,68,43,0.088348
110,119,60,0.483871,0.146612,8.013596,64,32,0.259232
110,120,60,0.483871,0.135694,7.750051,64,38,0.239927
110,121,65,0.524194,0.117357,8.384597,59,25,0.207504
110,122,71,0.572581,0.253063,9.724995,53,27,0.997452
110,123,58,0.467742,0.090070,7.177733,66,37,0.159257
110,124,63,0.508065,0.099449,7.877468,61,28,0.175841
111,0,72,0.580645,0.262255,9.789381,52,26,0.450000
111,1,68,0.548387,0.170739,9.067134,56,29,0.292970
111,2,68,0.548387,0.125792,8.775399,56,26,0.215845
111,3,65,0.524194,0.118014,8.458747,59,26,0.202499
111,4,55,0.443548,0.120955,7.483627,69,38,0.207545
111,5,67,0.540323,0.127172,9.412675,57,31,0.218212
111,6,61,0.491935,0.043660,8.100830,63,29,0.074915
111,7,59,0.475806,0.173314,8.004173,65,34,0.297387
111,8,61,0.491935,0.118568,7.965236,63,30,0.203449
111,9,67,0.540323,0.147004,8.290230,57,23,0.252243
111,10,61,0.491935,0.149153,7.902175,63,36,0.255929
111,11,63,0.508065,0.146635,8.294276,61,32,0.801609
111,12,64,0.516129,0.115760,8.400256,60,28,0.198632
111,13,60,0.483871,0.149673,7.747453,64,31,0.256822
111,14,60,0.483871,0.093179,7.841938,64,32,0.159884
111,15,62,0.500000,0.128445,8.241193,62,33,0.770398
111,16,71,0.572581,0.136500,9.212873,53,25,0.234219
111,17,73,0.588710,0.197087,9.644066,51,25,0.338179
111,18,65,0.524194,0.137779,8.272878,59,31,0.236413
111,19,58,0.467742,0.131475,7.161156,66,35,0.225597
111,20,65,0.524194,0.172509,8.821776,59,30,0.296007
111,21,60,0.483871,0.114891,7.939218,64,33,0.197140
111,22,66,0.532258,0.185671,8.618457,58,27,0.318590
111,23,75,0.604839,0.210975,9.595015,49,27,0.362009
111,24,61,0.491935,0.047024,7.853159,63,32,0.080688
111,25,74,0.596774,0.222012,9.706647,50,26,0.380948
111,26,56,0.451613,0.133618,7.280119,68,44,0.229273
111,27,68,0.548387,0.113555,8.646884,56,25,0.194848
111,28,57,0.459677,0.036247,7.181669,67,33,0.062196
111,29,64,0.516129,0.084256,7.744524,60,32,0.144574
111,30,57,0.459677,0.086266,7.194428,67,46,0.148023
111,31,56,0.451613,0.075723,6.889722,68,46,0.129932
111,32,73,0.588710,0.223482,9.581023,51,27,0.383470
111,33,62,0.500000,0.133809,8.265095,62,32,0.229602
111,34,62,0.500000,0.184327,8.082430,62,31,0.866284
111,35,65,0.524194,0.112229,8.280505,59,27,0.192573
111,36,60,0.483871,0.154076,7.793106,64,36,0.264377
111,37,64,0.516129,0.071405,8.183951,60,28,0.122524
111,38,54,0.435484,0.109578,7.188710,70,55,0.188024
111,39,68,0.548387,0.140285,8.516488,56,28,0.240713
111,40,54,0.435484,0.087827,6.829140,70,52,0.150702
111,41,56,0.451613,0.074306,6.987415,68,36,0.127501
111,42,57,0.459677,0.131029,7.311096,67,38,0.224831
111,43,63,0.508065,0.172354,8.151442,61,29,0.295740
111,44,64,0.516129,0.169271,8.724458,60,31,0.290451
111,45,65,0.524194,0.193244,8.804675,59,33,0.331586
111,46,67,0.540323,0.182929,8.540667,57,27,0.863885
111,47,70,0.564516,0.177190,8.942515,54,26,0.304038
111,48,61,0.491935,0.123811,7.713416,63,33,0.212446
111,49,60,0.483871,0.112741,7.787195,64,33,0.193451
111,50,66,0.532258,0.161649,8.386414,58,29,0.277372
111,51,60,0.483871,0.061983,7.473293,64,30,0.106355
111,52,58,0.467742,0.043939,7.114655,66,36,0.075395
111,53,73,0.588710,0.199117,9.960475,51,26,0.341663
111,54,59,0.475806,0.110535,7.651363,65,37,0.189666
111,55,67,0.540323,0.179403,9.155747,57,24,0.307835
111,56,67,0.540323,0.151717,8.956064,57,28,0.260330
111,57,69,0.556452,0.162121,9.140947,55,27,0.278181
111,58,69,0.556452,0.119385,8.900255,55,28,0.204851
111,59,64,0.516129,0.168504,8.411434,60,33,0.289134
111,60,61,0.491935,0.130277,8.074080,63,31,0.223541
111,61,60,0.483871,0.123704,8.144559,64,36,0.212262
111,62,57,0.459677,0.000000,7.092987,67,44,0.000000
111,63,61,0.491935,0.098178,8.195962,63,35,0.168462
111,64,67,0.540323,0.159350,8.605175,57,31,0.273427
111,65,68,0.548387,0.109852,8.388155,56,31,0.188494
111,66,59,0.475806,0.101123,7.612741,65,34,0.173515
111,67,62,0.500000,0.090721,8.028979,62,31,0.155666
111,68,55,0.443548,0.111313,7.607133,69,43,0.191001
111,69,54,0.435484,0.091764,6.823491,70,52,0.157457
111,70,56,0.451613,0.049001,7.474780,68,32,0.084081
111,71,59,0.475806,0.187940,7.881108,65,33,0.322484
111,72,58,0.467742,0.136990,7.435189,66,34,0.235059
111,73,58,0.467742,0.081138,7.607746,66,49,0.139224
111,74,55,0.443548,0.114588,7.101859,69,45,0.196621
111,75,51,0.411290,0.073484,6.644478,73,66,0.126091
111,76,56,0.451613,0.136788,7.030038,68,33,0.234713
111,77,64,0.516129,0.149942,8.518641,60,24,0.257283
111,78,69,0.556452,0.140828,8.729939,55,26,0.241645
111,79,63,0.508065,0.168191,8.725632,61,27,0.288597
111,80,59,0.475806,0.110357,7.362969,65,41,0.189361
111,81,61,0.491935,0.080877,7.932203,63,32,0.138776
111,82,62,0.500000,0.177549,8.362651,62,31,0.304654
111,83,67,0.540323,0.161570,8.754770,57,30,0.277236
111,84,67,0.540323,0.172696,8.634020,57,26,0.296328
111,85,57,0.459677,0.103593,7.198226,67,45,0.177754
111,86,64,0.516129,0.106788,8.554884,60,29,0.183235
111,87,53,0.427419,0.054013,6.703442,71,64,0.642680
111,88,55,0.443548,0.045010,7.348192,69,41,0.077233
111,89,56,0.451613,0.127056,7.431445,68,36,0.218014
111,90,66,0.532258,0.171450,8.602262,58,32,0.294190
111,91,60,0.483871,0.082862,7.684264,64,36,0.142182
111,92,69,0.556452,0.151810,8.951372,55,33,0.810488
111,93,63,0.508065,0.137916,8.047797,61,32,0.236649
111,94,60,0.483871,0.106320,7.488929,64,37,0.182434
111,95,59,0.475806,0.142952,8.136028,65,40,0.245289
111,96,53,0.427419,0.087664,7.203590,71,41,0.150421
111,97,66,0.532258,0.125268,8.958590,58,33,0.214946
111,98,60,0.483871,0.105296,7.622564,64,34,0.180676
111,99,72,0.580645,0.222419,9.606404,52,25,0.381646
111,100,61,0.491935,0.125415,7.798662,63,27,0.215198
111,101,64,0.516129,0.037500,8.155311,60,26,0.064346
111,102,69,0.556452,0.248127,9.101603,55,30,0.425759
111,103,64,0.516129,0.144441,8.673160,60,29,0.247844
111,104,58,0.467742,0.121037,7.575693,66,34,0.207687
111,105,68,0.548387,0.184176,8.828775,56,32,0.316026
111,106,53,0.427419,0.065716,6.927595,71,81,0.662761
111,107,64,0.516129,0.107854,8.335683,60,26,0.185066
111,108,61,0.491935,0.083537,7.736550,63,29,0.143340
111,109,63,0.508065,0.100052,8.202126,61,31,0.171679
111,110,57,0.459677,0.165641,7.441365,67,40,0.284221
111,111,62,0.500000,0.166244,7.893135,62,33,0.285257
111,112,61,0.491935,0.113681,7.501429,63,37,0.195064
111,113,70,0.564516,0.183545,9.284714,54,27,0.864942
111,114,64,0.516129,0.052838,8.145832,60,31,0.090664
111,115,58,0.467742,0.149782,7.675067,66,35,0.257010
111,116,51,0.411290,0.064489,7.032651,73,67,0.660656
111,117,63,0.508065,0.056294,8.334299,61,30,0.096594
111,118,56,0.451613,0.047902,7.404539,68,43,0.082195
111,119,60,0.483871,0.140206,7.901340,64,32,0.240578
111,120,60,0.483871,0.130627,7.843544,64,38,0.224141
111,121,65,0.524194,0.130206,8.277569,59,25,0.223420
111,122,71,0.572581,0.228608,9.637885,53,28,0.392265
111,123,58,0.467742,0.089982,7.291543,66,37,0.154399
111,124,63,0.508065,0.096925,7.976508,61,28,0.166312
112,0,72,0.580645,0.248699,9.581610,52,26,0.450000
112,1,68,0.548387,0.184608,9.256100,56,29,0.334032
112,2,68,0.548387,0.130490,8.939643,56,26,0.236111
112,3,65,0.524194,0.106913,8.257068,59,26,0.193451
112,4,55,0.443548,0.119916,7.655227,69,38,0.216978
112,5,67,0.540323,0.141016,9.191200,57,31,0.255157
112,6,61,0.491935,0.069523,8.272410,63,29,0.125797
112,7,59,0.475806,0.183191,7.655830,65,34,0.881468
112,8,61,0.491935,0.097602,7.755338,63,30,0.176602
112,9,67,0.540323,0.149036,8.375023,57,23,0.269668
112,10,61,0.491935,0.128447,8.001981,63,36,0.232415
112,11,63,0.508065,0.134413,8.299578,61,33,0.243209
112,12,64,0.516129,0.090487,8.148039,60,28,0.163729
112,13,60,0.483871,0.173742,8.035863,64,31,0.314372
112,14,60,0.483871,0.096328,8.078674,64,32,0.174298
112,15,62,0.500000,0.062683,7.941854,62,34,0.113420
112,16,71,0.572581,0.151986,9.272168,53,25,0.275006
112,17,73,0.588710,0.153332,9.508057,51,25,0.277441
112,18,65,0.524194,0.133970,8.166080,59,31,0.242408
112,19,58,0.467742,0.118315,7.136411,66,35,0.214081
112,20,65,0.524194,0.175306,8.940543,59,30,0.317201
112,21,60,0.483871,0.079841,7.653666,64,33,0.144465
112,22,66,0.532258,0.132632,8.532777,58,27,0.239986
112,23,75,0.604839,0.178728,9.579369,49,27,0.323393
112,24,61,0.491935,0.037247,7.743991,63,32,0.067396
112,25,74,0.596774,0.220285,9.690701,50,26,0.398587
112,26,56,0.451613,0.123699,6.969425,68,44,0.773823
112,27,68,0.548387,0.139920,8.878108,56,25,0.253173
112,28,57,0.459677,0.003893,7.243371,67,33,0.007045
112,29,64,0.516129,0.153451,7.909820,60,32,0.277656
112,30,57,0.459677,0.120738,7.390852,67,46,0.218465
112,31,56,0.451613,0.080468,6.863173,68,46,0.695600
112,32,73,0.588710,0.163928,9.440120,51,27,0.296614
112,33,62,0.500000,0.129019,7.974866,62,32,0.233449
112,34,62,0.500000,0.153906,8.069449,62,32,0.278481
112,35,65,0.524194,0.069239,8.191941,59,27,0.125283
112,36,60,0.483871,0.156463,7.904227,64,36,0.283106
112,37,64,0.516129,0.100872,8.420882,60,28,0.182519
112,38,54,0.435484,0.116090,7.299862,70,55,0.210055
112,39,68,0.548387,0.121760,8.562472,56,28,0.220314
112,40,54,0.435484,0.081561,6.781147,70,52,0.147578
112,41,56,0.451613,0.061569,6.919626,68,36,0.111404
112,42,57,0.459677,0.142042,7.271137,67,38,0.257013
112,43,63,0.508065,0.215808,8.253518,61,29,0.940486
112,44,64,0.516129,0.147542,8.622406,60,31,0.266965
112,45,65,0.524194,0.201488,8.840153,59,33,0.914575
112,46,67,0.540323,0.151923,8.642955,57,28,0.274891
112,47,70,0.564516,0.175775,9.009080,54,26,0.318050
112,48,61,0.491935,0.134750,7.709536,63,33,0.243818
112,49,60,0.483871,0.094743,7.730203,64,33,0.171430
112,50,66,0.532258,0.136179,8.177960,58,29,0.246404
112,51,60,0.483871,0.113821,7.738912,64,30,0.205950
112,52,58,0.467742,0.055699,7.209327,66,36,0.100783
112,53,73,0.588710,0.225175,9.820694,51,26,0.407436
112,54,59,0.475806,0.083279,7.428084,65,37,0.150687
112,55,67,0.540323,0.176569,8.981800,57,24,0.319488
112,56,67,0.540323,0.133238,9.005420,57,28,0.241083
112,57,69,0.556452,0.170873,9.043912,55,27,0.309180
112,58,69,0.556452,0.132642,8.854278,55,28,0.240005
112,59,64,0.516129,0.136188,8.520918,60,33,0.246421
112,60,61,0.491935,0.130342,8.036058,63,31,0.235843
112,61,60,0.483871,0.127774,8.039952,64,36,0.231196
112,62,57,0.459677,0.000000,7.088948,67,44,0.000000
112,63,61,0.491935,0.133838,8.307019,63,35,0.242169
112,64,67,0.540323,0.225268,8.809352,57,31,0.407604
112,65,68,0.548387,0.077328,8.383557,56,31,0.139918
112,66,59,0.475806,0.101400,7.422433,65,34,0.183475
112,67,62,0.500000,0.120731,8.193761,62,31,0.218452
112,68,55,0.443548,0.162141,7.699227,69,43,0.293380
112,69,54,0.435484,0.114569,6.905357,70,52,0.207303
112,70,56,0.451613,0.068320,7.638305,68,32,0.123619
112,71,59,0.475806,0.166616,7.663722,65,33,0.301479
112,72,58,0.467742,0.092682,7.189787,66,34,0.167700
112,73,58,0.467742,0.159641,7.614740,66,49,0.288857
112,74,55,0.443548,0.138095,7.205335,69,45,0.249871
112,75,51,0.411290,0.070721,6.496223,73,66,0.127964
112,76,56,0.451613,0.129768,7.119147,68,33,0.234804
112,77,64,0.516129,0.179574,8.583030,60,24,0.324925
112,78,69,0.556452,0.160534,8.733062,55,26,0.290473
112,79,63,0.508065,0.130466,8.625245,61,27,0.236068
112,80,59,0.475806,0.099925,7.244524,65,41,0.730806
112,81,61,0.491935,0.071702,7.834207,63,32,0.129738
112,82,62,0.500000,0.174178,8.607995,62,31,0.315160
112,83,67,0.540323,0.149547,8.674859,57,30,0.270592
112,84,67,0.540323,0.179577,8.422842,57,26,0.324930
112,85,57,0.459677,0.116207,7.179237,67,45,0.210267
112,86,64,0.516129,0.115789,8.475153,60,29,0.209510
112,87,53,0.427419,0.058812,6.639367,71,65,0.106415
112,88,55,0.443548,0.000000,7.081862,69,41,0.000000
112,89,56,0.451613,0.099842,7.513969,68,36,0.180656
112,90,66,0.532258,0.166944,8.597495,58,32,0.302072
112,91,60,0.483871,0.112547,7.938102,64,36,0.203644
112,92,69,0.556452,0.195285,9.103058,55,34,0.353352
112,93,63,0.508065,0.167764,8.074398,61,32,0.303555
112,94,60,0.483871,0.110335,7.686071,64,37,0.199641
112,95,59,0.475806,0.127079,7.929789,65,40,0.229940
112,96,53,0.427419,0.115033,7.182295,71,41,0.758142
112,97,66,0.532258,0.159552,9.194443,58,33,0.288695
112,98,60,0.483871,0.057333,7.255468,64,34,0.103739
112,99,72,0.580645,0.190575,9.694646,52,25,0.344830
112,100,61,0.491935,0.130370,7.650146,63,27,0.235894
112,101,64,0.516129,0.086761,8.368560,60,26,0.156988
112,102,69,0.556452,0.235327,9.024346,55,30,0.425805
112,103,64,0.516129,0.200495,8.752996,60,29,0.362779
112,104,58,0.467742,0.117804,7.697081,66,34,0.213157
112,105,68,0.548387,0.213131,8.891186,56,32,0.385643
112,106,53,0.427419,0.017626,6.964702,71,82,0.031892
112,107,64,0.516129,0.077553,8.164369,60,26,0.140326
112,108,61,0.491935,0.100281,7.985721,63,29,0.181450
112,109,63,0.508065,0.097890,8.328088,61,31,0.177124
112,110,57,0.459677,0.175449,7.532628,67,40,0.317460
112,111,62,0.500000,0.133220,7.965789,62,33,0.241050
112,112,61,0.491935,0.141177,7.835255,63,37,0.255448
112,113,70,0.564516,0.197089,9.450115,54,28,0.356617
112,114,64,0.516129,0.065045,7.906627,60,31,0.117694
112,115,58,0.467742,0.085795,7.458375,66,35,0.155238
112,116,51,0.411290,0.028263,6.826255,73,68,0.051139
112,117,63,0.508065,0.058694,8.282012,61,30,0.106202
112,118,56,0.451613,0.055432,7.143161,68,43,0.100300
112,119,60,0.483871,0.165098,8.113576,64,32,0.298730
112,120,60,0.483871,0.113339,7.907360,64,38,0.205077
112,121,65,0.524194,0.129083,8.386062,59,25,0.233565
112,122,71,0.572581,0.240525,9.765502,53,28,0.435210
112,123,58,0.467742,0.125457,7.459746,66,37,0.777005
112,124,63,0.508065,0.097691,7.811963,61,28,0.176765
113,0,72,0.580645,0.248500,9.669995,52,26,0.441468
113,1,68,0.548387,0.198702,9.216138,56,29,0.353000
113,2,68,0.548387,0.118078,8.815252,56,26,0.209770
113,3,65,0.524194,0.145952,8.148284,59,26,0.259288
113,4,55,0.443548,0.123681,7.713693,69,38,0.219722
113,5,67,0.540323,0.147873,9.312559,57,31,0.262700
113,6,61,0.491935,0.063459,8.083997,63,29,0.112736
113,7,59,0.475806,0.157381,7.715249,65,35,0.279592
113,8,61,0.491935,0.111111,7.870525,63,30,0.197391
113,9,67,0.540323,0.127173,8.134823,57,23,0.225927
113,10,61,0.491935,0.159167,8.147591,63,36,0.282765
113,11,63,0.508065,0.141660,8.374532,61,33,0.251663
113,12,64,0.516129,0.147227,8.341656,60,28,0.261554
113,13,60,0.483871,0.096362,7.778633,64,31,0.171190
113,14,60,0.483871,0.105428,8.238792,64,32,0.187296
113,15,62,0.500000,0.073834,8.167961,62,34,0.131168
113,16,71,0.572581,0.147790,9.222312,53,25,0.262553
113,17,73,0.588710,0.216822,9.587315,51,25,0.385190
113,18,65,0.524194,0.115681,8.277263,59,31,0.205510
113,19,58,0.467742,0.126663,7.175118,66,35,0.225021
113,20,65,0.524194,0.190583,9.054786,59,30,0.338575
113,21,60,0.483871,0.134646,7.794495,64,33,0.239203
113,22,66,0.532258,0.151495,8.618325,58,27,0.819135
113,23,75,0.604839,0.182347,9.485043,49,27,0.323946
113,24,61,0.491935,0.058679,7.702178,63,32,0.104245
113,25,74,0.596774,0.208685,9.642340,50,26,0.370736
113,26,56,0.451613,0.121146,7.234438,68,45,0.215220
113,27,68,0.548387,0.125712,8.772561,56,25,0.223330
113,28,57,0.459677,0.010926,7.098925,67,33,0.019411
113,29,64,0.516129,0.125693,8.005048,60,32,0.223298
113,30,57,0.459677,0.098730,7.358152,67,46,0.175397
113,31,56,0.451613,0.028433,6.804050,68,47,0.050512
113,32,73,0.588710,0.198335,9.599364,51,27,0.352348
113,33,62,0.500000,0.119008,8.003859,62,32,0.211421
113,34,62,0.500000,0.123675,8.072264,62,32,0.219712
113,35,65,0.524194,0.076194,8.128064,59,27,0.135361
113,36,60,0.483871,0.123287,7.703927,64,36,0.769023
113,37,64,0.516129,0.095622,8.240413,60,28,0.169875
113,38,54,0.435484,0.125850,7.325124,70,55,0.223576
113,39,68,0.548387,0.144391,8.569337,56,28,0.256515
113,40,54,0.435484,0.113707,6.909398,70,52,0.752004
113,41,56,0.451613,0.099248,6.971665,68,36,0.176317
113,42,57,0.459677,0.105065,7.060532,67,38,0.186650
113,43,63,0.508065,0.179769,8.163401,61,30,0.319365
113,44,64,0.516129,0.163978,8.714222,60,31,0.291311
113,45,65,0.524194,0.192550,8.803033,59,34,0.342070
113,46,67,0.540323,0.137065,8.826955,57,28,0.243499
113,47,70,0.564516,0.151145,8.883113,54,26,0.268513
113,48,61,0.491935,0.147600,7.835663,63,33,0.262216
113,49,60,0.483871,0.064914,7.733684,64,33,0.115322
113,50,66,0.532258,0.176104,8.397503,58,29,0.312854
113,51,60,0.483871,0.107896,7.730177,64,30,0.741681
113,52,58,0.467742,0.051009,7.120202,66,36,0.090619
113,53,73,0.588710,0.225440,9.878022,51,26,0.400502
113,54,59,0.475806,0.096442,7.519522,65,37,0.171332
113,55,67,0.540323,0.151502,8.895115,57,24,0.269148
113,56,67,0.540323,0.129113,8.921601,57,28,0.229373
113,57,69,0.556452,0.163863,9.019933,55,27,0.291107
113,58,69,0.556452,0.151451,9.002325,55,28,0.269057
113,59,64,0.516129,0.141823,8.630581,60,33,0.251953
113,60,61,0.491935,0.143510,8.163061,63,31,0.254949
113,61,60,0.483871,0.139959,8.017175,64,36,0.798641
113,62,57,0.459677,0.000000,7.136304,67,44,0.000000
113,63,61,0.491935,0.111788,8.270989,63,35,0.198594
113,64,67,0.540323,0.175453,8.588944,57,31,0.311697
113,65,68,0.548387,0.077901,8.232118,56,31,0.138393
113,66,59,0.475806,0.104447,7.563586,65,34,0.185552
113,67,62,0.500000,0.122982,7.972484,62,31,0.218482
113,68,55,0.443548,0.151947,7.469971,69,43,0.819938
113,69,54,0.435484,0.126389,6.906694,70,52,0.224534
113,70,56,0.451613,0.070503,7.640022,68,32,0.125251
113,71,59,0.475806,0.177859,7.678012,65,33,0.315972
113,72,58,0.467742,0.116439,7.429225,66,34,0.206857
113,73,58,0.467742,0.113731,7.772841,66,49,0.202047
113,74,55,0.443548,0.148091,7.204382,69,45,0.263088
113,75,51,0.411290,0.058422,6.663762,73,66,0.103788
113,76,56,0.451613,0.165420,7.281383,68,33,0.293873
113,77,64,0.516129,0.165191,8.411176,60,24,0.293466
113,78,69,0.556452,0.176078,8.857657,55,26,0.862808
113,79,63,0.508065,0.106226,8.529796,61,27,0.188714
113,80,59,0.475806,0.122322,7.475558,65,42,0.217309
113,81,61,0.491935,0.131870,8.026897,63,32,0.234270
113,82,62,0.500000,0.172618,8.362436,62,31,0.306661
113,83,67,0.540323,0.168237,8.744274,57,30,0.848878
113,84,67,0.540323,0.186301,8.702421,57,26,0.330969
113,85,57,0.459677,0.101335,7.330359,67,45,0.180025
113,86,64,0.516129,0.114292,8.448236,60,29,0.203044
113,87,53,0.427419,0.088893,6.679605,71,65,0.157920
113,88,55,0.443548,0.064576,7.224125,69,41,0.114721
113,89,56,0.451613,0.099104,7.380306,68,36,0.176062
113,90,66,0.532258,0.148772,8.683616,58,32,0.264297
113,91,60,0.483871,0.102779,7.888168,64,36,0.182591
113,92,69,0.556452,0.169262,9.112748,55,34,0.300700
113,93,63,0.508065,0.120906,7.858961,61,32,0.214793
113,94,60,0.483871,0.106831,7.630281,64,37,0.189788
113,95,59,0.475806,0.094907,7.824201,65,40,0.168605
113,96,53,0.427419,0.106393,7.027381,71,42,0.189011
113,97,66,0.532258,0.163184,9.093657,58,33,0.289902
113,98,60,0.483871,0.085558,7.427783,64,34,0.151996
113,99,72,0.580645,0.241345,9.574469,52,25,0.428757
113,100,61,0.491935,0.120984,7.702097,63,27,0.214931
113,101,64,0.516129,0.065765,8.361948,60,26,0.116834
113,102,69,0.556452,0.253303,9.163584,55,30,0.450000
113,103,64,0.516129,0.161921,8.430557,60,29,0.287657
113,104,58,0.467742,0.128069,7.688855,66,34,0.227519
113,105,68,0.548387,0.168994,8.803637,56,32,0.300222
113,106,53,0.427419,0.042626,6.831832,71,82,0.075726
113,107,64,0.516129,0.045888,8.113129,60,26,0.081522
113,108,61,0.491935,0.107985,7.831636,63,29,0.191838
113,109,63,0.508065,0.112072,8.437434,61,31,0.199099
113,110,57,0.459677,0.195472,7.347003,67,40,0.347261
113,111,62,0.500000,0.169441,7.974362,62,33,0.301016
113,112,61,0.491935,0.123448,7.739390,63,37,0.219309
113,113,70,0.564516,0.177981,9.272204,54,28,0.316189
113,114,64,0.516129,0.081928,8.088908,60,31,0.145548
113,115,58,0.467742,0.076424,7.430733,66,35,0.135769
113,116,51,0.411290,0.045005,6.994548,73,68,0.079953
113,117,63,0.508065,0.049734,8.123609,61,30,0.088354
113,118,56,0.451613,0.027969,6.909157,68,43,0.049688
113,119,60,0.483871,0.171886,8.091059,64,32,0.305361
113,120,60,0.483871,0.085133,7.607454,64,38,0.151242
113,121,65,0.524194,0.148527,8.414062,59,25,0.263863
113,122,71,0.572581,0.199569,9.552265,53,28,0.354540
113,123,58,0.467742,0.092005,7.329510,66,38,0.163450
113,124,63,0.508065,0.088316,7.844147,61,28,0.156897
114,0,72,0.580645,0.257036,9.883885,52,26,0.444373
114,1,68,0.548387,0.221781,9.146812,56,29,0.383423
114,2,68,0.548387,0.149014,8.861208,56,26,0.257621
114,3,65,0.524194,0.144849,8.270610,59,26,0.250419
114,4,55,0.443548,0.111751,7.493595,69,38,0.193200
114,5,67,0.540323,0.165077,9.406094,57,31,0.285392
114,6,61,0.491935,0.042111,8.017756,63,29,0.072803
114,7,59,0.475806,0.174144,8.107669,65,35,0.301065
114,8,61,0.491935,0.139590,7.906355,63,30,0.241328
114,9,67,0.540323,0.154612,8.378496,57,23,0.267298
114,10,61,0.491935,0.130524,7.966600,63,36,0.225654
114,11,63,0.508065,0.162129,8.460175,61,33,0.280294
114,12,64,0.516129,0.194510,8.536358,60,28,0.336275
114,13,60,0.483871,0.108638,7.574429,64,31,0.187818
114,14,60,0.483871,0.112723,8.148204,64,32,0.194880
114,15,62,0.500000,0.104326,8.332509,62,34,0.180362
114,16,71,0.572581,0.158663,9.197730,53,25,0.274303
114,17,73,0.588710,0.237572,9.764368,51,25,0.410723
114,18,65,0.524194,0.114123,8.084547,59,31,0.197299
114,19,58,0.467742,0.111351,7.020618,66,35,0.192508
114,20,65,0.524194,0.207135,9.048733,59,30,0.358103
114,21,60,0.483871,0.148386,7.955808,64,33,0.256535
114,22,66,0.532258,0.170796,8.588864,58,28,0.295278
114,23,75,0.604839,0.175400,9.495913,49,27,0.303237
114,24,61,0.491935,0.052016,7.758579,63,32,0.089927
114,25,74,0.596774,0.223651,9.786639,50,26,0.386656
114,26,56,0.451613,0.132567,7.336695,68,45,0.229186
114,27,68,0.548387,0.133398,8.601926,56,25,0.780622
114,28,57,0.459677,0.040354,7.315680,67,33,0.069765
114,29,64,0.516129,0.101291,7.823072,60,32,0.175115
114,30,57,0.459677,0.064886,7.196143,67,46,0.112177
114,31,56,0.451613,0.068948,6.797528,68,47,0.119199
114,32,73,0.588710,0.204193,9.626653,51,27,0.353016
114,33,62,0.500000,0.118880,8.116994,62,32,0.205524
114,34,62,0.500000,0.134636,8.083796,62,32,0.232763
114,35,65,0.524194,0.095000,8.231565,59,27,0.164240
114,36,60,0.483871,0.112949,7.725106,64,37,0.195270
114,37,64,0.516129,0.124595,8.140767,60,28,0.215404
114,38,54,0.435484,0.087234,7.117290,70,55,0.150812
114,39,68,0.548387,0.136983,8.587466,56,28,0.236821
114,40,54,0.435484,0.120044,7.046590,70,53,0.207535
114,41,56,0.451613,0.071488,6.897150,68,36,0.123591
114,42,57,0.459677,0.095281,7.089371,67,38,0.164724
114,43,63,0.508065,0.165733,8.122540,61,30,0.286524
114,44,64,0.516129,0.132760,8.637534,60,31,0.229520
114,45,65,0.524194,0.184716,8.814349,59,34,0.319343
114,46,67,0.540323,0.095577,8.702910,57,28,0.165238
114,47,70,0.564516,0.160392,8.863421,54,26,0.827292
114,48,61,0.491935,0.123054,7.645724,63,33,0.212739
114,49,60,0.483871,0.109858,8.055780,64,33,0.189926
114,50,66,0.532258,0.189964,8.441945,58,29,0.328417
114,51,60,0.483871,0.057704,7.434717,64,31,0.099760
114,52,58,0.467742,0.026442,7.135060,66,36,0.045714
114,53,73,0.588710,0.219418,9.952155,51,26,0.379337
114,54,59,0.475806,0.107011,7.710781,65,37,0.185004
114,55,67,0.540323,0.148633,8.789854,57,24,0.256961
114,56,67,0.540323,0.118337,8.876318,57,28,0.204585
114,57,69,0.556452,0.174011,9.148209,55,27,0.300836
114,58,69,0.556452,0.150180,9.182168,55,28,0.259637
114,59,64,0.516129,0.170305,8.706727,60,33,0.294429
114,60,61,0.491935,0.132196,8.066560,63,31,0.228545
114,61,60,0.483871,0.091888,7.999665,64,37,0.158858
114,62,57,0.459677,0.000000,7.290792,67,44,0.000000
114,63,61,0.491935,0.113952,8.370450,63,35,0.197005
114,64,67,0.540323,0.145408,8.527177,57,31,0.251387
114,65,68,0.548387,0.083520,8.308747,56,31,0.144392
114,66,59,0.475806,0.091880,7.581741,65,34,0.158845
114,67,62,0.500000,0.076907,7.857917,62,31,0.132959
114,68,55,0.443548,0.117078,7.480089,69,44,0.202408
114,69,54,0.435484,0.126488,6.929816,70,52,0.218676
114,70,56,0.451613,0.035072,7.524711,68,32,0.060634
114,71,59,0.475806,0.159866,7.704947,65,33,0.276382
114,72,58,0.467742,0.116458,7.439814,66,34,0.201336
114,73,58,0.467742,0.105282,7.895122,66,49,0.182015
114,74,55,0.443548,0.144959,7.260564,69,45,0.250611
114,75,51,0.411290,0.078722,6.818513,73,66,0.686098
114,76,56,0.451613,0.147613,7.076128,68,33,0.255198
114,77,64,0.516129,0.145368,8.490296,60,24,0.251318
114,78,69,0.556452,0.170629,8.868558,55,27,0.294990
114,79,63,0.508065,0.148608,8.745954,61,27,0.256918
114,80,59,0.475806,0.125774,7.588353,65,42,0.217443
114,81,61,0.491935,0.080495,7.816605,63,32,0.139162
114,82,62,0.500000,0.166796,8.166880,62,31,0.288363
114,83,67,0.540323,0.158913,8.713587,57,31,0.274734
114,84,67,0.540323,0.198264,8.881433,57,26,0.892765
114,85,57,0.459677,0.125575,7.226625,67,45,0.217098
114,86,64,0.516129,0.103722,8.482804,60,29,0.179317
114,87,53,0.427419,0.056307,6.717355,71,65,0.097346
114,88,55,0.443548,0.072468,7.362574,69,41,0.125286
114,89,56,0.451613,0.115607,7.286915,68,36,0.199865
114,90,66,0.532258,0.170061,8.710373,58,32,0.294007
114,91,60,0.483871,0.099190,7.767327,64,36,0.171484
114,92,69,0.556452,0.145631,9.053849,55,34,0.251771
114,93,63,0.508065,0.146924,8.019070,61,32,0.254007
114,94,60,0.483871,0.117173,7.628141,64,37,0.202573
114,95,59,0.475806,0.101427,7.866414,65,40,0.175351
114,96,53,0.427419,0.084253,7.021691,71,42,0.145660
114,97,66,0.532258,0.151881,9.067006,58,33,0.262578
114,98,60,0.483871,0.092736,7.560855,64,34,0.160325
114,99,72,0.580645,0.260291,9.686867,52,25,1.000000
114,100,61,0.491935,0.123450,7.820886,63,27,0.213425
114,101,64,0.516129,0.022396,8.147086,60,26,0.038719
114,102,69,0.556452,0.259409,9.113619,55,30,0.448475
114,103,64,0.516129,0.108786,8.484709,60,29,0.188072
114,104,58,0.467742,0.140854,7.614358,66,34,0.243514
114,105,68,0.548387,0.149757,8.710429,56,32,0.258905
114,106,53,0.427419,0.075608,6.941009,71,82,0.130715
114,107,64,0.516129,0.106712,8.267441,60,26,0.184487
114,108,61,0.491935,0.109564,7.745345,63,29,0.189417
114,109,63,0.508065,0.107229,8.306834,61,31,0.185382
114,110,57,0.459677,0.199309,7.400512,67,40,0.344572
114,111,62,0.500000,0.138547,7.817970,62,33,0.239525
114,112,61,0.491935,0.114426,7.637520,63,37,0.197823
114,113,70,0.564516,0.181800,9.306827,54,28,0.314303
114,114,64,0.516129,0.089121,8.226483,60,31,0.154076
114,115,58,0.467742,0.146384,7.607421,66,35,0.803074
114,116,51,0.411290,0.043986,7.103940,73,68,0.076044
114,117,63,0.508065,0.064500,8.258334,61,30,0.111510
114,118,56,0.451613,0.042314,7.103539,68,43,0.073154
114,119,60,0.483871,0.125209,7.872697,64,32,0.216465
114,120,60,0.483871,0.118910,7.674203,64,38,0.205576
114,121,65,0.524194,0.179455,8.322190,59,25,0.860249
114,122,71,0.572581,0.195444,9.574669,53,28,0.337890
114,123,58,0.467742,0.063866,7.174859,66,38,0.110413
114,124,63,0.508065,0.085944,7.996440,61,28,0.148583
115,0,72,0.580645,0.276357,9.829412,52,26,0.437481
115,1,68,0.548387,0.210653,9.098003,56,29,0.883470
115,2,68,0.548387,0.155827,8.830905,56,26,0.246679
115,3,65,0.524194,0.159823,8.214454,59,26,0.253004
115,4,55,0.443548,0.126142,7.648309,69,38,0.199687
115,5,67,0.540323,0.170643,9.420345,57,31,0.270132
115,6,61,0.491935,0.057588,8.007400,63,29,0.091163
115,7,59,0.475806,0.181795,8.051292,65,35,0.287787
115,8,61,0.491935,0.133910,7.934386,63,30,0.211984
115,9,67,0.540323,0.145523,8.270977,57,23,0.230368
115,10,61,0.491935,0.132900,7.951091,63,36,0.210385
115,11,63,0.508065,0.130848,8.432056,61,33,0.207136
115,12,64,0.516129,0.169318,8.412994,60,28,0.268036
115,13,60,0.483871,0.150568,7.810018,64,31,0.238354
115,14,60,0.483871,0.103107,8.135410,64,32,0.163221
115,15,62,0.500000,0.068450,8.224849,62,34,0.108358
115,16,71,0.572581,0.179196,9.310354,53,25,0.283673
115,17,73,0.588710,0.202182,9.757954,51,25,0.320061
115,18,65,0.524194,0.136863,8.176154,59,31,0.216657
115,19,58,0.467742,0.115226,6.951464,66,35,0.182406
115,20,65,0.524194,0.196717,8.798217,59,30,0.311409
115,21,60,0.483871,0.142595,7.764065,64,33,0.225733
115,22,66,0.532258,0.162681,8.449969,58,28,0.257528
115,23,75,0.604839,0.156039,9.463750,49,27,0.797014
115,24,61,0.491935,0.057031,7.765549,63,32,0.090281
115,25,74,0.596774,0.219395,9.634468,50,26,0.347308
115,26,56,0.451613,0.113892,7.295147,68,45,0.180294
115,27,68,0.548387,0.092739,8.548809,56,26,0.146808
115,28,57,0.459677,0.037253,7.246827,67,33,0.058973
115,29,64,0.516129,0.063631,7.675737,60,32,0.100730
115,30,57,0.459677,0.068410,7.170276,67,46,0.108295
115,31,56,0.451613,0.071655,6.926118,68,47,0.113432
115,32,73,0.588710,0.199319,9.561271,51,27,0.315528
115,33,62,0.500000,0.128032,8.074678,62,32,0.202678
115,34,62,0.500000,0.163793,8.088953,62,32,0.259289
115,35,65,0.524194,0.057887,8.110950,59,27,0.091637
115,36,60,0.483871,0.111806,7.756011,64,37,0.176992
115,37,64,0.516129,0.102841,8.182106,60,28,0.162800
115,38,54,0.435484,0.101737,7.188427,70,55,0.161053
115,39,68,0.548387,0.168184,8.677443,56,28,0.266240
115,40,54,0.435484,0.104464,6.972589,70,53,0.165369
115,41,56,0.451613,0.087011,6.808523,68,36,0.137741
115,42,57,0.459677,0.102188,7.171038,67,38,0.161766
115,43,63,0.508065,0.158361,8.125071,61,30,0.250690
115,44,64,0.516129,0.123525,8.600442,60,31,0.195544
115,45,65,0.524194,0.157791,8.855936,59,34,0.249788
115,46,67,0.540323,0.117604,8.754307,57,28,0.186170
115,47,70,0.564516,0.156390,8.798334,54,27,0.247569
115,48,61,0.491935,0.123906,7.741922,63,33,0.196147
115,49,60,0.483871,0.096741,7.874274,64,33,0.153144
115,50,66,0.532258,0.195163,8.379519,58,29,0.308949
115,51,60,0.483871,0.048218,7.598409,64,31,0.076330
115,52,58,0.467742,0.036895,7.061695,66,36,0.058406
115,53,73,0.588710,0.202520,9.847007,51,26,0.320595
115,54,59,0.475806,0.113585,7.586590,65,37,0.179808
115,55,67,0.540323,0.144777,8.904071,57,24,0.229187
115,56,67,0.540323,0.137285,9.029093,57,28,0.217326
115,57,69,0.556452,0.174817,8.993606,55,27,0.276741
115,58,69,0.556452,0.188920,8.997840,55,28,0.299066
115,59,64,0.516129,0.146749,8.684381,60,33,0.232308
115,60,61,0.491935,0.135352,8.129880,63,31,0.214266
115,61,60,0.483871,0.126045,8.115713,64,37,0.199533
115,62,57,0.459677,0.000000,7.184565,67,44,0.000000
115,63,61,0.491935,0.136135,8.496038,63,35,0.215505
115,64,67,0.540323,0.175744,8.533946,57,31,0.828207
115,65,68,0.548387,0.053219,8.325729,56,31,0.084247
115,66,59,0.475806,0.102820,7.669537,65,34,0.162767
115,67,62,0.500000,0.071762,7.907766,62,31,0.113602
115,68,55,0.443548,0.108992,7.545599,69,44,0.172538
115,69,54,0.435484,0.109660,6.855044,70,52,0.173595
115,70,56,0.451613,0.056525,7.554776,68,32,0.089481
115,71,59,0.475806,0.178079,7.663518,65,33,0.281905
115,72,58,0.467742,0.114463,7.432816,66,34,0.181199
115,73,58,0.467742,0.100367,7.673508,66,49,0.158883
115,74,55,0.443548,0.141841,7.278452,69,45,0.224539
115,75,51,0.411290,0.064200,6.701693,73,67,0.101630
115,76,56,0.451613,0.156173,7.158589,68,33,0.247227
115,77,64,0.516129,0.167834,8.425992,60,24,0.265686
115,78,69,0.556452,0.149971,8.867496,55,27,0.237409
115,79,63,0.508065,0.133504,8.568244,61,27,0.211341
115,80,59,0.475806,0.120874,7.508194,65,42,0.191347
115,81,61,0.491935,0.097153,8.017309,63,32,0.153797
115,82,62,0.500000,0.180069,8.412189,62,31,0.285054
115,83,67,0.540323,0.187824,8.801280,57,31,0.847331
115,84,67,0.540323,0.168249,8.723215,57,27,0.266343
115,85,57,0.459677,0.119552,7.209010,67,45,0.189254
115,86,64,0.516129,0.077267,8.450348,60,29,0.122316
115,87,53,0.427419,0.068455,6.594371,71,65,0.108366
115,88,55,0.443548,0.040952,7.339768,69,41,0.064828
115,89,56,0.451613,0.141776,7.417031,68,36,0.774435
115,90,66,0.532258,0.160576,8.709449,58,32,0.254196
115,91,60,0.483871,0.101729,7.887096,64,36,0.161039
115,92,69,0.556452,0.148510,9.119875,55,34,0.235096
115,93,63,0.508065,0.130655,8.041801,61,32,0.206830
115,94,60,0.483871,0.106942,7.546454,64,37,0.169292
115,95,59,0.475806,0.118674,7.926262,65,40,0.187865
115,96,53,0.427419,0.090852,6.984884,71,42,0.143821
115,97,66,0.532258,0.140279,9.045583,58,33,0.222065
115,98,60,0.483871,0.101098,7.437138,64,34,0.160041
115,99,72,0.580645,0.248156,9.771965,52,26,0.392839
115,100,61,0.491935,0.147522,7.773338,63,27,0.233531
115,101,64,0.516129,0.031832,8.037997,60,26,0.050391
115,102,69,0.556452,0.284265,9.104649,55,30,1.000000
115,103,64,0.516129,0.130671,8.473493,60,29,0.206856
115,104,58,0.467742,0.143713,7.583884,66,34,0.227502
115,105,68,0.548387,0.172035,8.879735,56,32,0.272336
115,106,53,0.427419,0.067344,6.902911,71,82,0.106608
115,107,64,0.516129,0.102892,8.220713,60,26,0.162881
115,108,61,0.491935,0.131934,7.772961,63,29,0.208855
115,109,63,0.508065,0.085036,8.318054,61,31,0.134615
115,110,57,0.459677,0.188963,7.465797,67,40,0.299134
115,111,62,0.500000,0.150353,7.790750,62,33,0.238013
115,112,61,0.491935,0.117861,7.360801,63,37,0.186578
115,113,70,0.564516,0.186445,9.307747,54,28,0.295149
115,114,64,0.516129,0.067292,8.079471,60,31,0.106525
115,115,58,0.467742,0.129023,7.587026,66,36,0.204247
115,116,51,0.411290,0.048551,7.096899,73,68,0.076858
115,117,63,0.508065,0.040370,8.233459,61,30,0.063907
115,118,56,0.451613,0.045190,7.145925,68,43,0.071536
115,119,60,0.483871,0.147161,7.975724,64,32,0.232961
115,120,60,0.483871,0.120756,7.886169,64,38,0.191161
115,121,65,0.524194,0.141244,8.393261,59,26,0.223593
115,122,71,0.572581,0.198928,9.587615,53,28,0.314908
115,123,58,0.467742,0.104781,7.413072,66,38,0.165871
115,124,63,0.508065,0.090859,7.888747,61,28,0.143832
116,0,72,0.580645,0.266242,9.637900,52,26,0.450000
116,1,68,0.548387,0.161593,9.239451,56,30,0.273124
116,2,68,0.548387,0.124410,8.839916,56,26,0.210276
116,3,65,0.524194,0.117030,8.224024,59,26,0.197803
116,4,55,0.443548,0.104948,7.599163,69,38,0.177382
116,5,67,0.540323,0.143829,9.272883,57,31,0.243099
116,6,61,0.491935,0.057155,8.086196,63,29,0.096603
116,7,59,0.475806,0.156632,7.795811,65,35,0.264739
116,8,61,0.491935,0.127517,7.884512,63,30,0.215529
116,9,67,0.540323,0.140517,8.320497,57,23,0.237501
116,10,61,0.491935,0.144578,8.043494,63,36,0.244366
116,11,63,0.508065,0.150405,8.272874,61,33,0.254213
116,12,64,0.516129,0.153520,8.283010,60,28,0.809479
116,13,60,0.483871,0.169490,7.734662,64,31,0.836472
116,14,60,0.483871,0.120297,8.036205,64,32,0.203326
116,15,62,0.500000,0.073766,8.108539,62,34,0.124678
116,16,71,0.572581,0.118701,9.106826,53,25,0.200627
116,17,73,0.588710,0.197281,9.548173,51,25,0.333444
116,18,65,0.524194,0.121804,8.212397,59,31,0.205873
116,19,58,0.467742,0.105802,7.010554,66,35,0.178826
116,20,65,0.524194,0.181503,8.891015,59,30,0.306775
116,21,60,0.483871,0.125743,7.899791,64,33,0.212530
116,22,66,0.532258,0.153082,8.490370,58,28,0.258738
116,23,75,0.604839,0.191167,9.546084,49,28,0.323109
116,24,61,0.491935,0.053980,7.767527,63,32,0.091237
116,25,74,0.596774,0.222079,9.891967,50,26,0.925357
116,26,56,0.451613,0.100387,6.976750,68,45,0.169674
116,27,68,0.548387,0.139545,8.946937,56,26,0.235858
116,28,57,0.459677,0.021064,7.248120,67,33,0.035602
116,29,64,0.516129,0.098881,7.734629,60,32,0.167128
116,30,57,0.459677,0.120178,7.264530,67,46,0.203124
116,31,56,0.451613,0.050056,6.944023,68,47,0.084605
116,32,73,0.588710,0.218102,9.495231,51,27,0.368634
116,33,62,0.500000,0.155384,8.135539,62,32,0.262628
116,34,62,0.500000,0.157918,8.050492,62,32,0.266912
116,35,65,0.524194,0.101841,8.116343,59,27,0.172131
116,36,60,0.483871,0.103143,7.801505,64,37,0.174332
116,37,64,0.516129,0.122691,8.404053,60,28,0.207372
116,38,54,0.435484,0.087438,7.152917,70,55,0.147788
116,39,68,0.548387,0.163069,8.612580,56,28,0.275618
116,40,54,0.435484,0.115779,6.918152,70,53,0.195689
116,41,56,0.451613,0.078042,6.902125,68,36,0.131906
116,42,57,0.459677,0.113046,7.085234,67,38,0.191069
116,43,63,0.508065,0.170088,8.205229,61,30,0.287482
116,44,64,0.516129,0.110835,8.520342,60,31,0.187332
116,45,65,0.524194,0.192704,8.888306,59,34,0.325707
116,46,67,0.540323,0.140701,8.835243,57,28,0.237812
116,47,70,0.564516,0.157098,9.008033,54,27,0.265526
116,48,61,0.491935,0.141195,7.837846,63,33,0.238647
116,49,60,0.483871,0.121196,7.886632,64,33,0.204844
116,50,66,0.532258,0.127555,8.202703,58,29,0.215592
116,51,60,0.483871,0.117615,7.647825,64,31,0.198793
116,52,58,0.467742,0.052353,7.285925,66,36,0.088486
116,53,73,0.588710,0.217607,9.787055,51,26,0.367797
116,54,59,0.475806,0.109125,7.588661,65,37,0.184443
116,55,67,0.540323,0.163271,8.745871,57,24,0.275960
116,56,67,0.540323,0.133410,9.140516,57,28,0.225489
116,57,69,0.556452,0.158237,9.052436,55,27,0.267451
116,58,69,0.556452,0.154882,8.968557,55,28,0.261780
116,59,64,0.516129,0.145621,8.498213,60,33,0.246128
116,60,61,0.491935,0.138862,8.016904,63,31,0.234705
116,61,60,0.483871,0.104767,7.937817,64,37,0.177077
116,62,57,0.459677,0.000000,7.194663,67,44,0.000000
116,63,61,0.491935,0.131152,8.223867,63,35,0.221673
116,64,67,0.540323,0.186179,8.626463,57,32,0.314678
116,65,68,0.548387,0.068070,8.283277,56,31,0.115051
116,66,59,0.475806,0.123097,7.469136,65,34,0.208058
116,67,62,0.500000,0.108598,7.937543,62,31,0.183551
116,68,55,0.443548,0.151240,7.656842,69,44,0.255625
116,69,54,0.435484,0.110021,6.925081,70,52,0.185956
116,70,56,0.451613,0.106311,7.552045,68,32,0.179687
116,71,59,0.475806,0.137225,7.574060,65,33,0.231937
116,72,58,0.467742,0.126667,7.260977,66,34,0.764092
116,73,58,0.467742,0.104560,7.622729,66,49,0.176727
116,74,55,0.443548,0.124279,7.057287,69,45,0.210055
116,75,51,0.411290,0.070018,6.639750,73,67,0.118344
116,76,56,0.451613,0.115251,6.968466,68,33,0.194796
116,77,64,0.516129,0.168625,8.361234,60,24,0.285009
116,78,69,0.556452,0.143784,8.820824,55,27,0.243023
116,79,63,0.508065,0.124238,8.527936,61,27,0.759986
116,80,59,0.475806,0.115716,7.478408,65,42,0.195583
116,81,61,0.491935,0.061980,7.814617,63,32,0.104758
116,82,62,0.500000,0.176936,8.358964,62,31,0.299056
116,83,67,0.540323,0.110589,8.686419,57,32,0.186916
116,84,67,0.540323,0.189792,8.769385,57,27,0.320785
116,85,57,0.459677,0.165450,7.391504,67,45,0.279643
116,86,64,0.516129,0.090667,8.549680,60,29,0.153245
116,87,53,0.427419,0.073336,6.823853,71,65,0.123952
116,88,55,0.443548,0.049118,7.243913,69,41,0.083020
116,89,56,0.451613,0.108225,7.435195,68,37,0.182921
116,90,66,0.532258,0.157944,8.519259,58,32,0.266955
116,91,60,0.483871,0.135745,7.950797,64,36,0.779435
116,92,69,0.556452,0.155706,9.014734,55,34,0.263174
116,93,63,0.508065,0.161605,8.118372,61,32,0.273144
116,94,60,0.483871,0.108253,7.579166,64,37,0.182969
116,95,59,0.475806,0.123535,7.877538,65,40,0.208798
116,96,53,0.427419,0.127857,7.189041,71,42,0.216103
116,97,66,0.532258,0.173754,9.105684,58,33,0.293678
116,98,60,0.483871,0.074515,7.355550,64,34,0.125945
116,99,72,0.580645,0.246702,9.812527,52,26,0.416975
116,100,61,0.491935,0.150678,7.917217,63,27,0.254675
116,101,64,0.516129,0.053504,8.316569,60,26,0.090432
116,102,69,0.556452,0.242248,9.144377,55,31,0.409446
116,103,64,0.516129,0.140409,8.565674,60,29,0.237318
116,104,58,0.467742,0.134630,7.640334,66,34,0.227551
116,105,68,0.548387,0.190431,8.982739,56,32,0.871866
116,106,53,0.427419,0.033126,6.879410,71,82,0.055989
116,107,64,0.516129,0.079098,8.250013,60,26,0.133691
116,108,61,0.491935,0.109346,7.735255,63,29,0.184816
116,109,63,0.508065,0.086687,8.260230,61,31,0.146517
116,110,57,0.459677,0.178550,7.522851,67,40,0.301785
116,111,62,0.500000,0.143929,7.848180,62,33,0.243268
116,112,61,0.491935,0.134421,7.684710,63,37,0.227198
116,113,70,0.564516,0.186644,9.297612,54,28,0.315464
116,114,64,0.516129,0.072692,8.090083,60,31,0.122863
116,115,58,0.467742,0.109481,7.583518,66,36,0.185045
116,116,51,0.411290,0.028400,6.826625,73,68,0.048001
116,117,63,0.508065,0.052525,8.020846,61,30,0.088777
116,118,56,0.451613,0.077955,7.186051,68,43,0.131759
116,119,60,0.483871,0.139440,7.991465,64,32,0.235681
116,120,60,0.483871,0.110441,7.809696,64,38,0.186667
116,121,65,0.524194,0.087364,8.262812,59,26,0.147662
116,122,71,0.572581,0.228177,9.707423,53,28,0.385664
116,123,58,0.467742,0.086559,7.254102,66,38,0.146301
116,124,63,0.508065,0.094667,8.032166,61,28,0.160006
117,0,72,0.580645,0.244739,9.873953,52,26,0.434001
117,1,68,0.548387,0.197138,9.267282,56,30,0.349588
117,2,68,0.548387,0.136339,8.854772,56,26,0.241773
117,3,65,0.524194,0.146835,8.412984,59,26,0.260385
117,4,55,0.443548,0.092141,7.575272,69,38,0.163395
117,5,67,0.540323,0.127499,9.229882,57,31,0.226096
117,6,61,0.491935,0.077145,8.123989,63,29,0.136803
117,7,59,0.475806,0.151598,7.894384,65,35,0.268832
117,8,61,0.491935,0.124211,7.839543,63,30,0.220266
117,9,67,0.540323,0.160293,8.274021,57,23,0.834251
117,10,61,0.491935,0.186691,7.972055,63,36,0.881063
117,11,63,0.508065,0.167914,8.280846,61,33,0.297765
117,12,64,0.516129,0.186648,8.410416,60,29,0.330987
117,13,60,0.483871,0.121321,7.708239,64,32,0.215141
117,14,60,0.483871,0.132522,8.087967,64,32,0.235003
117,15,62,0.500000,0.098109,8.171050,62,34,0.173979
117,16,71,0.572581,0.133746,9.138779,53,25,0.237175
117,17,73,0.588710,0.253220,9.585260,51,25,0.999039
117,18,65,0.524194,0.100665,8.173215,59,31,0.178511
117,19,58,0.467742,0.118295,7.142518,66,35,0.209775
117,20,65,0.524194,0.187559,8.963195,59,30,0.332602
117,21,60,0.483871,0.136950,7.853187,64,33,0.242856
117,22,66,0.532258,0.173075,8.584672,58,28,0.306918
117,23,75,0.604839,0.184995,9.443130,49,28,0.328055
117,24,61,0.491935,0.071715,7.780598,63,32,0.127174
117,25,74,0.596774,0.197869,9.800105,50,27,0.350884
117,26,56,0.451613,0.118008,7.250374,68,45,0.209266
117,27,68,0.548387,0.132234,8.830955,56,26,0.234493
117,28,57,0.459677,0.004490,7.195539,67,33,0.007963
117,29,64,0.516129,0.113620,8.026399,60,32,0.201485
117,30,57,0.459677,0.107756,7.396575,67,46,0.191086
117,31,56,0.451613,0.038692,7.012729,68,47,0.068614
117,32,73,0.588710,0.201535,9.498495,51,27,0.357386
117,33,62,0.500000,0.107727,7.890269,62,32,0.191035
117,34,62,0.500000,0.131404,8.086201,62,32,0.233022
117,35,65,0.524194,0.123902,8.214560,59,27,0.219717
117,36,60,0.483871,0.119638,7.852542,64,37,0.212157
117,37,64,0.516129,0.114321,8.292734,60,28,0.202728
117,38,54,0.435484,0.126493,7.403770,70,55,0.224313
117,39,68,0.548387,0.155720,8.534697,56,28,0.276141
117,40,54,0.435484,0.109481,6.913150,70,53,0.194145
117,41,56,0.451613,0.083098,6.725136,68,36,0.147360
117,42,57,0.459677,0.126001,7.223698,67,38,0.223440
117,43,63,0.508065,0.164916,8.193502,61,30,0.292449
117,44,64,0.516129,0.157110,8.792046,60,31,0.278607
117,45,65,0.524194,0.188392,8.666211,59,34,0.334079
117,46,67,0.540323,0.128291,8.715510,57,28,0.227501
117,47,70,0.564516,0.164448,8.947069,54,27,0.291618
117,48,61,0.491935,0.139350,7.688704,63,33,0.247112
117,49,60,0.483871,0.089175,7.849206,64,33,0.158137
117,50,66,0.532258,0.151906,8.258347,58,29,0.269378
117,51,60,0.483871,0.087039,7.418077,64,31,0.154348
117,52,58,0.467742,0.028054,7.115884,66,36,0.049748
117,53,73,0.588710,0.206407,9.856097,51,26,0.366026
117,54,59,0.475806,0.122553,7.519041,65,37,0.217326
117,55,67,0.540323,0.162626,8.781043,57,24,0.838388
117,56,67,0.540323,0.138119,9.043860,57,28,0.244930
117,57,69,0.556452,0.181057,9.134568,55,27,0.321072
117,58,69,0.556452,0.151897,8.961778,55,28,0.269362
117,59,64,0.516129,0.163008,8.561048,60,33,0.289065
117,60,61,0.491935,0.130370,7.982383,63,31,0.231189
117,61,60,0.483871,0.089864,7.923795,64,37,0.159359
117,62,57,0.459677,0.000000,7.105003,67,44,0.000000
117,63,61,0.491935,0.101076,8.189099,63,35,0.179239
117,64,67,0.540323,0.153442,8.613260,57,32,0.272101
117,65,68,0.548387,0.094732,8.356346,56,31,0.167991
117,66,59,0.475806,0.090262,7.492552,65,34,0.160064
117,67,62,0.500000,0.148045,7.912001,62,31,0.262531
117,68,55,0.443548,0.166232,7.602334,69,44,0.844783
117,69,54,0.435484,0.126426,6.885564,70,52,0.774194
117,70,56,0.451613,0.103539,7.618401,68,32,0.183609
117,71,59,0.475806,0.151669,7.668983,65,33,0.268958
117,72,58,0.467742,0.111176,7.302002,66,35,0.197151
117,73,58,0.467742,0.077216,7.766009,66,49,0.136929
117,74,55,0.443548,0.138757,7.137279,69,45,0.246060
117,75,51,0.411290,0.046201,6.771979,73,67,0.081930
117,76,56,0.451613,0.149221,7.134001,68,33,0.264616
117,77,64,0.516129,0.166154,8.395375,60,24,0.294645
117,78,69,0.556452,0.125245,8.765430,55,27,0.222100
117,79,63,0.508065,0.104688,8.502197,61,28,0.185645
117,80,59,0.475806,0.122841,7.496554,65,42,0.217837
117,81,61,0.491935,0.088479,7.875910,63,32,0.156901
117,82,62,0.500000,0.159936,8.314419,62,31,0.283618
117,83,67,0.540323,0.129425,8.791031,57,32,0.229511
117,84,67,0.540323,0.173782,8.763526,57,27,0.308171
117,85,57,0.459677,0.118936,7.361398,67,45,0.210912
117,86,64,0.516129,0.123301,8.571591,60,29,0.218653
117,87,53,0.427419,0.038566,6.898389,71,65,0.068389
117,88,55,0.443548,0.065826,7.382253,69,41,0.116731
117,89,56,0.451613,0.081240,7.265984,68,37,0.144065
117,90,66,0.532258,0.137332,8.518786,58,32,0.243533
117,91,60,0.483871,0.110064,7.868031,64,37,0.195178
117,92,69,0.556452,0.152976,9.026545,55,34,0.271275
117,93,63,0.508065,0.148991,8.155843,61,32,0.264209
117,94,60,0.483871,0.093542,7.357805,64,37,0.165881
117,95,59,0.475806,0.119897,7.857364,65,40,0.212615
117,96,53,0.427419,0.118688,7.105214,71,42,0.210472
117,97,66,0.532258,0.175698,9.012656,58,33,0.311569
117,98,60,0.483871,0.080537,7.579893,64,34,0.142817
117,99,72,0.580645,0.251440,9.685151,52,26,0.445884
117,100,61,0.491935,0.138774,7.702226,63,27,0.246090
117,101,64,0.516129,0.062581,8.274512,60,26,0.110977
117,102,69,0.556452,0.253761,9.161812,55,31,0.450000
117,103,64,0.516129,0.148892,8.704964,60,29,0.264034
117,104,58,0.467742,0.135325,7.709286,66,34,0.239974
117,105,68,0.548387,0.168235,8.866433,56,33,0.298335
117,106,53,0.427419,0.049613,6.885959,71,82,0.087980
117,107,64,0.516129,0.061239,8.239702,60,26,0.108597
117,108,61,0.491935,0.098994,7.553941,63,29,0.175549
117,109,63,0.508065,0.088430,8.340887,61,31,0.156814
117,110,57,0.459677,0.173944,7.317748,67,40,0.308458
117,111,62,0.500000,0.160714,7.952027,62,33,0.284998
117,112,61,0.491935,0.132152,7.898881,63,37,0.234348
117,113,70,0.564516,0.173286,9.323095,54,28,0.307292
117,114,64,0.516129,0.054742,8.048877,60,31,0.097076
117,115,58,0.467742,0.114284,7.499384,66,36,0.202663
117,116,51,0.411290,0.059841,6.872352,73,68,0.106117
117,117,63,0.508065,0.097772,8.072887,61,30,0.173380
117,118,56,0.451613,0.047665,7.145753,68,43,0.084525
117,119,60,0.483871,0.131194,8.003491,64,32,0.232649
117,120,60,0.483871,0.117131,7.812482,64,38,0.207712
117,121,65,0.524194,0.117610,8.207024,59,26,0.208561
117,122,71,0.572581,0.181494,9.593508,53,28,0.321847
117,123,58,0.467742,0.096865,7.154220,66,38,0.721772
117,124,63,0.508065,0.066278,7.913326,61,28,0.117532
118,0,72,0.580645,0.244748,9.655092,52,26,0.416402
118,1,68,0.548387,0.168333,9.259858,56,30,0.286392
118,2,68,0.548387,0.133977,8.822303,56,26,0.227941
118,3,65,0.524194,0.141540,8.219110,59,26,0.240809
118,4,55,0.443548,0.100461,7.574814,69,38,0.170919
118,5,67,0.540323,0.137722,9.255711,57,31,0.234313
118,6,61,0.491935,0.086547,8.203935,63,29,0.147247
118,7,59,0.475806,0.165730,7.705914,65,35,0.831964
118,8,61,0.491935,0.138747,7.925571,63,30,0.236056
118,9,67,0.540323,0.154736,8.391129,57,24,0.263260
118,10,61,0.491935,0.146981,8.006812,63,37,0.250065
118,11,63,0.508065,0.137229,8.263157,61,33,0.233474
118,12,64,0.516129,0.160423,8.411368,60,29,0.272935
118,13,60,0.483871,0.126935,7.680020,64,32,0.215960
118,14,60,0.483871,0.117666,8.065281,64,32,0.200190
118,15,62,0.500000,0.082517,8.047152,62,34,0.140390
118,16,71,0.572581,0.112552,9.170497,53,25,0.191490
118,17,73,0.588710,0.221115,9.526049,51,26,0.376194
118,18,65,0.524194,0.115265,8.277125,59,31,0.196106
118,19,58,0.467742,0.110601,7.115993,66,35,0.188170
118,20,65,0.524194,0.214663,8.906262,59,30,0.365217
118,21,60,0.483871,0.138214,7.938804,64,33,0.235149
118,22,66,0.532258,0.167654,8.497529,58,28,0.285238
118,23,75,0.604839,0.191724,9.550190,49,28,0.326190
118,24,61,0.491935,0.057774,7.806840,63,32,0.098293
118,25,74,0.596774,0.186634,9.824817,50,27,0.317529
118,26,56,0.451613,0.101616,7.077397,68,45,0.172883
118,27,68,0.548387,0.131899,8.806465,56,26,0.224405
118,28,57,0.459677,0.007277,7.244515,67,33,0.012381
118,29,64,0.516129,0.085046,7.844236,60,32,0.144693
118,30,57,0.459677,0.123297,7.362617,67,46,0.209771
118,31,56,0.451613,0.063020,7.070247,68,47,0.107220
118,32,73,0.588710,0.224036,9.614473,51,27,0.381162
118,33,62,0.500000,0.147907,8.153970,62,32,0.801641
118,34,62,0.500000,0.152775,8.027897,62,32,0.259924
118,35,65,0.524194,0.118947,8.170822,59,27,0.202370
118,36,60,0.483871,0.120185,7.975203,64,37,0.204476
118,37,64,0.516129,0.095498,8.376334,60,28,0.162474
118,38,54,0.435484,0.078882,7.163074,70,55,0.134206
118,39,68,0.548387,0.160232,8.650397,56,28,0.272611
118,40,54,0.435484,0.106633,6.988175,70,53,0.731419
118,41,56,0.451613,0.080300,6.885428,68,36,0.136618
118,42,57,0.459677,0.125552,7.129099,67,38,0.213608
118,43,63,0.508065,0.166546,8.132341,61,30,0.283352
118,44,64,0.516129,0.116940,8.610867,60,31,0.198956
118,45,65,0.524194,0.185477,8.796390,59,34,0.315560
118,46,67,0.540323,0.142551,8.799189,57,28,0.242530
118,47,70,0.564516,0.155644,9.017553,54,27,0.264805
118,48,61,0.491935,0.149674,7.812299,63,33,0.254647
118,49,60,0.483871,0.090868,7.780532,64,33,0.154598
118,50,66,0.532258,0.120660,8.257886,58,29,0.755285
118,51,60,0.483871,0.102548,7.578215,64,31,0.174470
118,52,58,0.467742,0.042472,7.308052,66,36,0.072259
118,53,73,0.588710,0.205514,9.740290,51,26,0.349651
118,54,59,0.475806,0.111525,7.553718,65,37,0.189743
118,55,67,0.540323,0.161335,8.812558,57,25,0.274488
118,56,67,0.540323,0.145263,8.940637,57,28,0.247143
118,57,69,0.556452,0.175333,9.070482,55,27,0.298303
118,58,69,0.556452,0.143880,8.901778,55,28,0.244790
118,59,64,0.516129,0.150529,8.374753,60,33,0.806101
118,60,61,0.491935,0.129120,8.002750,63,31,0.219679
118,61,60,0.483871,0.095464,7.922603,64,37,0.162417
118,62,57,0.459677,0.000000,7.168267,67,44,0.000000
118,63,61,0.491935,0.137042,8.127692,63,35,0.233156
118,64,67,0.540323,0.164138,8.561657,57,32,0.279255
118,65,68,0.548387,0.070229,8.250929,56,31,0.119483
118,66,59,0.475806,0.121496,7.534723,65,34,0.206707
118,67,62,0.500000,0.131277,7.910024,62,31,0.773347
118,68,55,0.443548,0.120596,7.546939,69,45,0.205176
118,69,54,0.435484,0.112506,6.892321,70,53,0.191411
118,70,56,0.451613,0.105529,7.615993,68,32,0.729541
118,71,59,0.475806,0.152305,7.630294,65,33,0.259123
118,72,58,0.467742,0.117508,7.299502,66,35,0.199922
118,73,58,0.467742,0.091976,7.639783,66,49,0.156484
118,74,55,0.443548,0.135760,7.048028,69,45,0.230974
118,75,51,0.411290,0.062347,6.664922,73,67,0.106074
118,76,56,0.451613,0.125590,6.978863,68,33,0.213673
118,77,64,0.516129,0.162759,8.337181,60,24,0.276910
118,78,69,0.556452,0.147231,8.771175,55,27,0.250491
118,79,63,0.508065,0.090021,8.590199,61,28,0.153158
118,80,59,0.475806,0.124794,7.582275,65,42,0.212318
118,81,61,0.491935,0.088252,7.905899,63,32,0.150148
118,82,62,0.500000,0.178000,8.396396,62,31,0.302840
118,83,67,0.540323,0.139689,8.698232,57,32,0.237659
118,84,67,0.540323,0.167175,8.790238,57,27,0.284422
118,85,57,0.459677,0.143869,7.418135,67,45,0.244771
118,86,64,0.516129,0.130144,8.567556,60,29,0.221420
118,87,53,0.427419,0.079274,6.884330,71,65,0.134873
118,88,55,0.443548,0.037688,7.147976,69,41,0.064121
118,89,56,0.451613,0.090055,7.292605,68,37,0.153215
118,90,66,0.532258,0.123597,8.388751,58,32,0.210281
118,91,60,0.483871,0.141214,7.995479,64,37,0.240254
118,92,69,0.556452,0.155333,9.060102,55,34,0.264276
118,93,63,0.508065,0.154680,8.023278,61,32,0.263164
118,94,60,0.483871,0.104265,7.522743,64,37,0.177391
118,95,59,0.475806,0.125204,8.051660,65,40,0.213015
118,96,53,0.427419,0.110088,7.093445,71,42,0.187298
118,97,66,0.532258,0.191996,9.073372,58,33,0.326652
118,98,60,0.483871,0.080805,7.391944,64,34,0.137477
118,99,72,0.580645,0.264496,9.800866,52,26,0.450000
118,100,61,0.491935,0.142175,7.800894,63,27,0.241889
118,101,64,0.516129,0.075682,8.303467,60,26,0.128762
118,102,69,0.556452,0.246062,9.140367,55,31,0.418636
118,103,64,0.516129,0.114425,8.547298,60,29,0.194676
118,104,58,0.467742,0.129072,7.638141,66,34,0.219597
118,105,68,0.548387,0.177265,8.983396,56,33,0.851590
118,106,53,0.427419,0.037369,6.966462,71,82,0.063577
118,107,64,0.516129,0.103750,8.228202,60,26,0.176514
118,108,61,0.491935,0.122536,7.660411,63,29,0.208476
118,109,63,0.508065,0.111310,8.398782,61,31,0.189377
118,110,57,0.459677,0.190506,7.460782,67,40,0.324116
118,111,62,0.500000,0.135500,7.851643,62,33,0.230533
118,112,61,0.491935,0.133830,7.677603,63,37,0.227691
118,113,70,0.564516,0.173517,9.228204,54,28,0.295213
118,114,64,0.516129,0.077555,8.086508,60,31,0.131948
118,115,58,0.467742,0.124134,7.619976,66,36,0.211195
118,116,51,0.411290,0.039434,6.646244,73,68,0.067091
118,117,63,0.508065,0.076454,8.025565,61,30,0.130075
118,118,56,0.451613,0.068628,7.092394,68,43,0.116760
118,119,60,0.483871,0.144833,8.082188,64,32,0.246411
118,120,60,0.483871,0.113333,7.881962,64,38,0.192818
118,121,65,0.524194,0.094305,8.235604,59,26,0.160445
118,122,71,0.572581,0.191260,9.647852,53,28,0.325400
118,123,58,0.467742,0.082730,7.245611,66,39,0.140752
118,124,63,0.508065,0.084444,7.950157,61,28,0.143669
119,0,72,0.580645,0.245979,9.787240,52,26,0.450000
119,1,68,0.548387,0.173651,9.165332,56,30,0.317680
119,2,68,0.548387,0.148562,8.853446,56,26,0.271783
119,3,65,0.524194,0.127211,8.219347,59,26,0.232723
119,4,55,0.443548,0.110222,7.535635,69,38,0.201642
119,5,67,0.540323,0.145280,9.212583,57,31,0.265778
119,6,61,0.491935,0.090526,8.151413,63,29,0.165610
119,7,59,0.475806,0.163274,7.820380,65,36,0.298698
119,8,61,0.491935,0.159844,7.920371,63,30,0.292422
119,9,67,0.540323,0.175379,8.525827,57,24,0.870842
119,10,61,0.491935,0.150851,7.992857,63,37,0.275969
119,11,63,0.508065,0.117794,8.201700,61,33,0.215495
119,12,64,0.516129,0.165280,8.438092,60,29,0.302366
119,13,60,0.483871,0.127133,7.610915,64,32,0.232579
119,14,60,0.483871,0.118394,8.017225,64,32,0.216593
119,15,62,0.500000,0.091615,8.078070,62,34,0.167603
119,16,71,0.572581,0.127244,9.161957,53,25,0.232783
119,17,73,0.588710,0.212698,9.502549,51,26,0.389115
119,18,65,0.524194,0.135585,8.278345,59,31,0.248042
119,19,58,0.467742,0.117470,7.116827,66,35,0.764903
119,20,65,0.524194,0.198904,8.751473,59,30,0.363878
119,21,60,0.483871,0.128018,8.025326,64,33,0.784199
119,22,66,0.532258,0.174337,8.600027,58,28,0.318935
119,23,75,0.604839,0.190715,9.482603,49,28,0.348898
119,24,61,0.491935,0.085843,7.919819,63,32,0.157043
119,25,74,0.596774,0.175421,9.764728,50,27,0.320918
119,26,56,0.451613,0.122435,7.251652,68,45,0.223985
119,27,68,0.548387,0.143698,8.710819,56,26,0.262884
119,28,57,0.459677,0.029870,7.215542,67,33,0.054645
119,29,64,0.516129,0.117485,7.961030,60,32,0.214929
119,30,57,0.459677,0.105053,7.407760,67,46,0.192185
119,31,56,0.451613,0.054317,7.079840,68,47,0.099369
119,32,73,0.588710,0.217382,9.600508,51,27,0.397683
119,33,62,0.500000,0.133771,8.173895,62,33,0.244723
119,34,62,0.500000,0.182174,8.087482,62,32,0.333273
119,35,65,0.524194,0.121346,8.137647,59,27,0.221993
119,36,60,0.483871,0.134396,7.977876,64,37,0.245866
119,37,64,0.516129,0.111570,8.275553,60,28,0.204109
119,38,54,0.435484,0.046121,6.944013,70,55,0.084376
119,39,68,0.548387,0.165738,8.683369,56,28,0.303205
119,40,54,0.435484,0.105017,6.992343,70,54,0.192120
119,41,56,0.451613,0.077173,6.978682,68,36,0.141182
119,42,57,0.459677,0.116447,7.038866,67,38,0.213030
119,43,63,0.508065,0.154916,8.067719,61,30,0.283407
119,44,64,0.516129,0.100367,8.598613,60,31,0.183614
119,45,65,0.524194,0.173594,8.775637,59,34,0.317577
119,46,67,0.540323,0.149547,8.741689,57,28,0.273585
119,47,70,0.564516,0.141601,8.915162,54,27,0.259048
119,48,61,0.491935,0.171442,7.894973,63,33,0.313639
119,49,60,0.483871,0.080670,7.787118,64,33,0.147579
119,50,66,0.532258,0.115236,8.230384,58,30,0.210815
119,51,60,0.483871,0.069347,7.515135,64,31,0.126865
119,52,58,0.467742,0.031092,7.328621,66,36,0.056880
119,53,73,0.588710,0.213400,9.749835,51,26,0.940399
119,54,59,0.475806,0.103162,7.612487,65,37,0.188726
119,55,67,0.540323,0.145672,8.697274,57,25,0.266495
119,56,67,0.540323,0.103203,8.810274,57,28,0.188802
119,57,69,0.556452,0.176272,9.108022,55,27,0.322476
119,58,69,0.556452,0.143410,8.982556,55,28,0.262357
119,59,64,0.516129,0.133612,8.391201,60,34,0.244433
119,60,61,0.491935,0.121356,7.997040,63,31,0.222011
119,61,60,0.483871,0.097169,7.966971,64,37,0.177763
119,62,57,0.459677,0.000000,7.205213,67,44,0.000000
119,63,61,0.491935,0.146818,8.074949,63,35,0.268593
119,64,67,0.540323,0.166638,8.515356,57,32,0.304851
119,65,68,0.548387,0.069343,8.215750,56,31,0.126858
119,66,59,0.475806,0.121372,7.718873,65,34,0.222040
119,67,62,0.500000,0.107263,7.863896,62,32,0.196228
119,68,55,0.443548,0.108139,7.554909,69,45,0.197832
119,69,54,0.435484,0.110280,6.825329,70,53,0.201748
119,70,56,0.451613,0.078505,7.666734,68,33,0.143618
119,71,59,0.475806,0.148094,7.745741,65,33,0.270926
119,72,58,0.467742,0.130169,7.305494,66,35,0.238133
119,73,58,0.467742,0.094413,7.687271,66,49,0.172721
119,74,55,0.443548,0.142325,7.080864,69,45,0.260372
119,75,51,0.411290,0.049241,6.657338,73,67,0.090083
119,76,56,0.451613,0.118287,6.897303,68,33,0.766396
119,77,64,0.516129,0.142818,8.247896,60,24,0.261273
119,78,69,0.556452,0.159977,8.893332,55,27,0.292666
119,79,63,0.508065,0.090466,8.550595,61,28,0.165500
119,80,59,0.475806,0.114164,7.423666,65,42,0.208854
119,81,61,0.491935,0.102797,7.980394,63,32,0.188059
119,82,62,0.500000,0.192286,8.410334,62,31,0.351772
119,83,67,0.540323,0.151618,8.825326,57,32,0.277373
119,84,67,0.540323,0.174141,8.874107,57,27,0.318577
119,85,57,0.459677,0.159957,7.490270,67,45,0.842629
119,86,64,0.516129,0.151075,8.723303,60,29,0.276380
119,87,53,0.427419,0.051348,6.943391,71,65,0.093938
119,88,55,0.443548,0.033139,7.102707,69,41,0.060625
119,89,56,0.451613,0.081154,7.197655,68,37,0.148464
119,90,66,0.532258,0.130937,8.354044,58,32,0.239538
119,91,60,0.483871,0.148210,7.968933,64,37,0.271139
119,92,69,0.556452,0.145844,9.050974,55,34,0.266811
119,93,63,0.508065,0.168058,7.941777,61,32,0.307450
119,94,60,0.483871,0.129961,7.738235,64,37,0.237753
119,95,59,0.475806,0.130966,8.068237,65,40,0.239592
119,96,53,0.427419,0.120317,7.161951,71,42,0.220110
119,97,66,0.532258,0.171442,9.027756,58,33,0.313639
119,98,60,0.483871,0.099062,7.467553,64,34,0.181225
119,99,72,0.580645,0.236218,9.612398,52,26,0.432142
119,100,61,0.491935,0.118896,7.695813,63,27,0.217511
119,101,64,0.516129,0.080578,8.330973,60,26,0.147411
119,102,69,0.556452,0.236225,9.092241,55,31,0.432155
119,103,64,0.516129,0.113344,8.548637,60,29,0.207354
119,104,58,0.467742,0.138317,7.607001,66,34,0.253040
119,105,68,0.548387,0.163323,8.944837,56,34,0.848786
119,106,53,0.427419,0.053066,7.111101,71,82,0.647081
119,107,64,0.516129,0.110148,8.253461,60,26,0.201507
119,108,61,0.491935,0.126313,7.682472,63,29,0.231080
119,109,63,0.508065,0.102121,8.296381,61,31,0.186822
119,110,57,0.459677,0.180280,7.308763,67,40,0.329808
119,111,62,0.500000,0.138781,7.794969,62,33,0.253889
119,112,61,0.491935,0.118252,7.574017,63,37,0.216333
119,113,70,0.564516,0.155314,9.132710,54,28,0.284136
119,114,64,0.516129,0.083191,8.089919,60,31,0.152191
119,115,58,0.467742,0.138474,7.686089,66,36,0.253327
119,116,51,0.411290,0.053296,6.729401,73,68,0.097501
119,117,63,0.508065,0.070395,8.098259,61,30,0.128782
119,118,56,0.451613,0.056416,7.005872,68,43,0.103209
119,119,60,0.483871,0.125172,8.022287,64,32,0.228993
119,120,60,0.483871,0.137777,7.933999,64,38,0.252052
119,121,65,0.524194,0.116628,8.233890,59,26,0.213362
119,122,71,0.572581,0.190270,9.565593,53,28,0.348084
119,123,58,0.467742,0.096982,7.272931,66,39,0.177421
119,124,63,0.508065,0.095662,7.920670,61,28,0.175006
120,0,72,0.580645,0.276567,9.885576,52,26,0.450000
120,1,68,0.548387,0.178560,9.068897,56,30,0.290533
120,2,68,0.548387,0.152963,8.833390,56,26,0.798885
120,3,65,0.524194,0.139261,8.254942,59,26,0.226591
120,4,55,0.443548,0.082904,7.484962,69,38,0.134893
120,5,67,0.540323,0.186349,9.364177,57,31,0.303207
120,6,61,0.491935,0.034211,8.063077,63,29,0.055664
120,7,59,0.475806,0.159029,7.837295,65,36,0.258755
120,8,61,0.491935,0.134715,7.723995,63,30,0.219193
120,9,67,0.540323,0.121038,8.451738,57,25,0.196941
120,10,61,0.491935,0.141093,8.011379,63,37,0.229572
120,11,63,0.508065,0.170562,8.347346,61,33,0.277521
120,12,64,0.516129,0.175738,8.411074,60,29,0.285942
120,13,60,0.483871,0.129694,7.439368,64,32,0.211025
120,14,60,0.483871,0.097197,8.176572,64,32,0.158149
120,15,62,0.500000,0.083816,8.286326,62,34,0.136376
120,16,71,0.572581,0.144765,9.089841,53,25,0.235547
120,17,73,0.588710,0.255923,9.628139,51,26,0.416411
120,18,65,0.524194,0.140859,8.295823,59,31,0.229192
120,19,58,0.467742,0.102162,7.106967,66,36,0.166227
120,20,65,0.524194,0.216288,8.902236,59,30,0.351921
120,21,60,0.483871,0.141205,8.124101,64,34,0.229753
120,22,66,0.532258,0.164416,8.451488,58,28,0.817521
120,23,75,0.604839,0.172453,9.533314,49,28,0.280597
120,24,61,0.491935,0.081377,7.737269,63,32,0.132408
120,25,74,0.596774,0.190461,9.888342,50,27,0.309897
120,26,56,0.451613,0.121409,7.285336,68,45,0.197544
120,27,68,0.548387,0.166807,8.727070,56,26,0.271411
120,28,57,0.459677,0.039846,7.274700,67,33,0.064834
120,29,64,0.516129,0.115868,7.974695,60,32,0.188529
120,30,57,0.459677,0.100868,7.176150,67,46,0.164122
120,31,56,0.451613,0.052424,6.991982,68,47,0.085299
120,32,73,0.588710,0.243379,9.688104,51,27,0.396001
120,33,62,0.500000,0.133058,8.276527,62,33,0.216497
120,34,62,0.500000,0.152291,7.995258,62,32,0.247792
120,35,65,0.524194,0.123550,8.182909,59,27,0.201028
120,36,60,0.483871,0.105469,7.857304,64,37,0.171608
120,37,64,0.516129,0.105934,8.197022,60,28,0.172364
120,38,54,0.435484,0.064485,7.173840,70,55,0.104924
120,39,68,0.548387,0.141061,8.545219,56,28,0.229520
120,40,54,0.435484,0.123083,6.977845,70,54,0.200268
120,41,56,0.451613,0.076642,6.860504,68,36,0.124704
120,42,57,0.459677,0.098798,7.063225,67,38,0.160753
120,43,63,0.508065,0.140283,8.109460,61,30,0.228253
120,44,64,0.516129,0.113717,8.600491,60,31,0.185028
120,45,65,0.524194,0.185150,8.827847,59,34,0.301256
120,46,67,0.540323,0.100347,8.843083,57,28,0.163273
120,47,70,0.564516,0.122756,8.915699,54,27,0.749735
120,48,61,0.491935,0.143046,7.836639,63,33,0.232749
120,49,60,0.483871,0.083616,7.889857,64,33,0.136051
120,50,66,0.532258,0.166690,8.235107,58,30,0.271221
120,51,60,0.483871,0.096520,7.547245,64,31,0.157047
120,52,58,0.467742,0.068131,7.262216,66,36,0.110855
120,53,73,0.588710,0.223459,9.819959,51,27,0.363588
120,54,59,0.475806,0.084209,7.615318,65,37,0.137016
120,55,67,0.540323,0.146662,8.852162,57,25,0.238632
120,56,67,0.540323,0.133111,8.972752,57,28,0.216584
120,57,69,0.556452,0.152312,9.149036,55,27,0.247826
120,58,69,0.556452,0.146455,9.064634,55,28,0.238297
120,59,64,0.516129,0.160667,8.483434,60,34,0.261420
120,60,61,0.491935,0.137225,8.022552,63,31,0.223278
120,61,60,0.483871,0.108050,8.034320,64,37,0.175808
120,62,57,0.459677,0.000000,7.227404,67,44,0.000000
120,63,61,0.491935,0.122916,8.269718,63,35,0.199996
120,64,67,0.540323,0.170735,8.686092,57,32,0.277802
120,65,68,0.548387,0.070016,8.145026,56,31,0.113922
120,66,59,0.475806,0.102437,7.434702,65,34,0.166675
120,67,62,0.500000,0.093935,7.778297,62,32,0.152841
120,68,55,0.443548,0.124401,7.551124,69,45,0.202413
120,69,54,0.435484,0.121377,6.844320,70,53,0.197491
120,70,56,0.451613,0.044591,7.522393,68,33,0.072553
120,71,59,0.475806,0.150753,7.618144,65,33,0.245289
120,72,58,0.467742,0.119203,7.424495,66,35,0.193955
120,73,58,0.467742,0.094446,7.885972,66,49,0.153672
120,74,55,0.443548,0.111318,7.118921,69,45,0.731124
120,75,51,0.411290,0.038833,6.739120,73,67,0.063185
120,76,56,0.451613,0.117216,6.881806,68,34,0.190721
120,77,64,0.516129,0.141283,8.156806,60,24,0.229881
120,78,69,0.556452,0.146001,8.855946,55,27,0.237558
120,79,63,0.508065,0.128872,8.673478,61,28,0.209687
120,80,59,0.475806,0.135177,7.684572,65,42,0.219946
120,81,61,0.491935,0.068817,7.876522,63,32,0.111972
120,82,62,0.500000,0.197339,8.351255,62,31,0.321089
120,83,67,0.540323,0.132059,8.791303,57,32,0.214873
120,84,67,0.540323,0.160490,9.010111,57,27,0.261132
120,85,57,0.459677,0.139386,7.333549,67,46,0.226795
120,86,64,0.516129,0.127164,8.585313,60,29,0.206908
120,87,53,0.427419,0.067525,6.848348,71,65,0.109869
120,88,55,0.443548,0.054613,7.237819,69,41,0.088860
120,89,56,0.451613,0.100402,7.346309,68,37,0.163363
120,90,66,0.532258,0.147369,8.470303,58,32,0.239784
120,91,60,0.483871,0.137084,7.855219,64,37,0.223049
120,92,69,0.556452,0.158724,9.135172,55,34,0.258258
120,93,63,0.508065,0.110186,7.891347,61,32,0.179284
120,94,60,0.483871,0.140498,7.532530,64,37,0.228604
120,95,59,0.475806,0.138317,7.959710,65,40,0.225055
120,96,53,0.427419,0.117023,7.049026,71,42,0.190408
120,97,66,0.532258,0.178099,9.160323,58,33,0.289784
120,98,60,0.483871,0.091634,7.503919,64,34,0.149098
120,99,72,0.580645,0.274903,9.656324,52,26,0.997294
120,100,61,0.491935,0.142989,7.856668,63,27,0.232656
120,101,64,0.516129,0.055550,8.249045,60,26,0.090385
120,102,69,0.556452,0.245791,9.182588,55,31,0.399926
120,103,64,0.516129,0.132330,8.510985,60,29,0.765313
120,104,58,0.467742,0.149428,7.648258,66,34,0.243134
120,105,68,0.548387,0.118948,8.950292,56,35,0.193539
120,106,53,0.427419,0.036587,6.921128,71,83,0.059530
120,107,64,0.516129,0.110613,8.282074,60,26,0.179977
120,108,61,0.491935,0.145251,7.685195,63,29,0.786337
120,109,63,0.508065,0.114348,8.366944,61,31,0.186054
120,110,57,0.459677,0.183518,7.432862,67,40,0.298600
120,111,62,0.500000,0.157070,7.886851,62,33,0.255567
120,112,61,0.491935,0.121557,7.533289,63,37,0.197784
120,113,70,0.564516,0.198215,9.320641,54,28,0.322514
120,114,64,0.516129,0.080985,8.141225,60,31,0.131770
120,115,58,0.467742,0.129064,7.742186,66,36,0.209999
120,116,51,0.411290,0.031934,6.858254,73,68,0.051960
120,117,63,0.508065,0.063126,8.091291,61,30,0.102713
120,118,56,0.451613,0.075736,7.204796,68,43,0.123229
120,119,60,0.483871,0.140741,8.120002,64,32,0.229000
120,120,60,0.483871,0.109337,7.835640,64,38,0.177902
120,121,65,0.524194,0.107147,8.335067,59,26,0.174338
120,122,71,0.572581,0.189965,9.550889,53,28,0.309091
120,123,58,0.467742,0.089506,7.336923,66,39,0.145634
120,124,63,0.508065,0.083240,7.868384,61,28,0.135440
121,0,72,0.580645,0.254854,9.854774,52,26,0.430489
121,1,68,0.548387,0.181061,9.035690,56,30,0.305841
121,2,68,0.548387,0.136051,8.923986,56,27,0.229812
121,3,65,0.524194,0.149272,8.279292,59,26,0.252145
121,4,55,0.443548,0.092123,7.485064,69,38,0.155610
121,5,67,0.540323,0.202159,9.411144,57,31,0.341478
121,6,61,0.491935,0.020397,8.028556,63,29,0.034453
121,7,59,0.475806,0.157475,7.756353,65,36,0.266000
121,8,61,0.491935,0.159427,7.846829,63,30,0.269298
121,9,67,0.540323,0.111544,8.421867,57,25,0.188417
121,10,61,0.491935,0.114212,8.070905,63,37,0.192922
121,11,63,0.508065,0.188690,8.295087,61,33,0.318728
121,12,64,0.516129,0.149676,8.270846,60,29,0.252826
121,13,60,0.483871,0.116566,7.475727,64,32,0.196898
121,14,60,0.483871,0.081879,8.151690,64,32,0.138306
121,15,62,0.500000,0.084659,8.337406,62,34,0.143002
121,16,71,0.572581,0.136332,9.032514,53,25,0.230286
121,17,73,0.588710,0.262509,9.689815,51,26,0.443420
121,18,65,0.524194,0.131255,8.343470,59,31,0.221712
121,19,58,0.467742,0.069314,7.082633,66,36,0.117082
121,20,65,0.524194,0.187836,8.986746,59,30,0.317285
121,21,60,0.483871,0.125732,8.037863,64,34,0.212382
121,22,66,0.532258,0.156287,8.440451,58,29,0.813994
121,23,75,0.604839,0.158961,9.497654,49,28,0.268510
121,24,61,0.491935,0.083337,7.752825,63,32,0.140770
121,25,74,0.596774,0.197388,9.937321,50,27,0.333420
121,26,56,0.451613,0.127767,7.171378,68,45,0.215819
121,27,68,0.548387,0.177815,8.881616,56,26,0.300358
121,28,57,0.459677,0.041672,7.334143,67,33,0.070390
121,29,64,0.516129,0.110560,7.899803,60,32,0.186753
121,30,57,0.459677,0.110571,7.097092,67,46,0.186772
121,31,56,0.451613,0.061603,6.949079,68,47,0.104057
121,32,73,0.588710,0.228019,9.538038,51,27,0.385161
121,33,62,0.500000,0.156568,8.320739,62,33,0.264468
121,34,62,0.500000,0.138350,8.181425,62,32,0.233695
121,35,65,0.524194,0.089210,8.000463,59,27,0.150689
121,36,60,0.483871,0.110231,7.624278,64,37,0.186198
121,37,64,0.516129,0.161627,8.423383,60,28,0.273014
121,38,54,0.435484,0.064089,7.260940,70,55,0.108256
121,39,68,0.548387,0.153754,8.548761,56,28,0.259715
121,40,54,0.435484,0.108279,6.815415,70,54,0.732901
121,41,56,0.451613,0.055688,6.903696,68,36,0.644066
121,42,57,0.459677,0.102856,7.015415,67,38,0.173740
121,43,63,0.508065,0.155877,8.094537,61,30,0.263302
121,44,64,0.516129,0.119703,8.556372,60,31,0.202197
121,45,65,0.524194,0.191139,8.881400,59,34,0.322865
121,46,67,0.540323,0.088307,8.822690,57,28,0.149165
121,47,70,0.564516,0.095534,8.945262,54,28,0.161373
121,48,61,0.491935,0.141140,7.884701,63,33,0.238408
121,49,60,0.483871,0.099121,7.869205,64,33,0.167431
121,50,66,0.532258,0.146199,8.221869,58,30,0.246954
121,51,60,0.483871,0.111191,7.718336,64,31,0.187819
121,52,58,0.467742,0.097891,7.180826,66,36,0.165354
121,53,73,0.588710,0.264128,9.891525,51,27,0.446155
121,54,59,0.475806,0.095139,7.694644,65,37,0.160706
121,55,67,0.540323,0.156115,8.805727,57,25,0.263704
121,56,67,0.540323,0.140242,9.151359,57,28,0.236892
121,57,69,0.556452,0.122362,9.001817,55,27,0.206690
121,58,69,0.556452,0.142625,9.206017,55,28,0.240916
121,59,64,0.516129,0.171935,8.490980,60,34,0.290426
121,60,61,0.491935,0.142831,8.019039,63,31,0.241264
121,61,60,0.483871,0.105585,8.087924,64,37,0.178350
121,62,57,0.459677,0.000000,7.183513,67,44,0.000000
121,63,61,0.491935,0.124576,8.282844,63,35,0.210429
121,64,67,0.540323,0.188195,8.727519,57,32,0.317891
121,65,68,0.548387,0.049352,8.194359,56,31,0.083363
121,66,59,0.475806,0.109609,7.258477,65,34,0.185147
121,67,62,0.500000,0.065035,7.692908,62,32,0.109854
121,68,55,0.443548,0.140855,7.435661,69,45,0.787926
121,69,54,0.435484,0.125962,6.917951,70,53,0.212770
121,70,56,0.451613,0.047823,7.633823,68,33,0.080781
121,71,59,0.475806,0.159958,7.669697,65,33,0.270195
121,72,58,0.467742,0.115934,7.483299,66,35,0.195831
121,73,58,0.467742,0.105824,7.708314,66,49,0.178754
121,74,55,0.443548,0.092833,7.072090,69,46,0.156810
121,75,51,0.411290,0.055828,6.866723,73,67,0.094303
121,76,56,0.451613,0.132956,6.946254,68,34,0.224585
121,77,64,0.516129,0.150302,8.140287,60,24,0.253884
121,78,69,0.556452,0.134359,8.728455,55,27,0.226954
121,79,63,0.508065,0.112199,8.711809,61,28,0.189523
121,80,59,0.475806,0.121789,7.801240,65,42,0.205721
121,81,61,0.491935,0.040844,7.665753,63,32,0.068991
121,82,62,0.500000,0.208543,8.336943,62,31,0.352263
121,83,67,0.540323,0.133213,8.756444,57,32,0.225019
121,84,67,0.540323,0.188995,8.973720,57,27,0.869243
121,85,57,0.459677,0.142464,7.451865,67,46,0.240645
121,86,64,0.516129,0.134668,8.646920,60,29,0.227475
121,87,53,0.427419,0.070545,6.726409,71,65,0.119162
121,88,55,0.443548,0.076077,7.381023,69,41,0.128506
121,89,56,0.451613,0.088067,7.401624,68,37,0.148759
121,90,66,0.532258,0.153198,8.376651,58,32,0.258776
121,91,60,0.483871,0.161551,7.897194,64,37,0.822885
121,92,69,0.556452,0.161425,9.092278,55,34,0.272672
121,93,63,0.508065,0.115568,7.979458,61,32,0.195213
121,94,60,0.483871,0.144560,7.524877,64,37,0.244184
121,95,59,0.475806,0.129487,7.900227,65,40,0.218724
121,96,53,0.427419,0.095547,6.995317,71,42,0.161395
121,97,66,0.532258,0.163691,9.028830,58,33,0.276500
121,98,60,0.483871,0.070993,7.382204,64,34,0.119918
121,99,72,0.580645,0.266405,9.757657,52,27,0.450000
121,100,61,0.491935,0.168181,8.056000,63,27,0.284084
121,101,64,0.516129,0.056193,8.249484,60,26,0.094919
121,102,69,0.556452,0.250503,9.155751,55,31,0.423141
121,103,64,0.516129,0.124698,8.465277,60,30,0.210635
121,104,58,0.467742,0.138989,7.562930,66,34,0.234775
121,105,68,0.548387,0.146686,9.077016,56,35,0.247776
121,106,53,0.427419,0.007175,6.788102,71,83,0.012120
121,107,64,0.516129,0.116263,8.158172,60,26,0.746388
121,108,61,0.491935,0.128192,7.651019,63,30,0.216537
121,109,63,0.508065,0.088932,8.174776,61,31,0.150221
121,110,57,0.459677,0.201472,7.575964,67,40,0.340319
121,111,62,0.500000,0.168755,7.927844,62,33,0.285054
121,112,61,0.491935,0.128141,7.488584,63,37,0.216450
121,113,70,0.564516,0.229392,9.261691,54,28,0.937480
121,114,64,0.516129,0.074725,7.986372,60,31,0.126222
121,115,58,0.467742,0.116766,7.624395,66,36,0.197237
121,116,51,0.411290,0.031457,6.851908,73,68,0.053137
121,117,63,0.508065,0.064880,8.148409,61,30,0.109592
121,118,56,0.451613,0.087591,7.361968,68,43,0.147956
121,119,60,0.483871,0.151013,8.126133,64,32,0.255085
121,120,60,0.483871,0.089741,7.776815,64,38,0.151587
121,121,65,0.524194,0.098656,8.359132,59,26,0.166646
121,122,71,0.572581,0.186321,9.645118,53,28,0.314727
121,123,58,0.467742,0.088803,7.270636,66,39,0.150002
121,124,63,0.508065,0.120552,8.031764,61,28,0.203631
122,0,72,0.580645,0.286543,9.770344,52,26,0.450000
122,1,68,0.548387,0.166929,9.086145,56,30,0.262153
122,2,68,0.548387,0.118569,8.848287,56,27,0.186206
122,3,65,0.524194,0.104135,8.303629,59,26,0.163538
122,4,55,0.443548,0.148537,7.566414,69,38,0.783269
122,5,67,0.540323,0.215410,9.433229,57,31,0.338289
122,6,61,0.491935,0.106497,8.138522,63,29,0.167247
122,7,59,0.475806,0.157479,7.844452,65,36,0.247312
122,8,61,0.491935,0.117907,7.702426,63,30,0.185166
122,9,67,0.540323,0.134786,8.504244,57,25,0.211674
122,10,61,0.491935,0.186890,8.021307,63,37,0.293499
122,11,63,0.508065,0.162148,8.275151,61,33,0.254645
122,12,64,0.516129,0.094280,8.139073,60,29,0.148061
122,13,60,0.483871,0.139913,7.479317,64,32,0.769726
122,14,60,0.483871,0.093826,7.964900,64,32,0.147349
122,15,62,0.500000,0.078748,8.136985,62,34,0.123669
122,16,71,0.572581,0.149277,9.165126,53,25,0.234432
122,17,73,0.588710,0.209816,9.638327,51,26,0.329504
122,18,65,0.524194,0.160904,8.444691,59,31,0.252690
122,19,58,0.467742,0.109791,7.147549,66,36,0.172420
122,20,65,0.524194,0.169442,8.656566,59,30,0.816099
122,21,60,0.483871,0.123074,8.097571,64,34,0.193281
122,22,66,0.532258,0.166411,8.530566,58,30,0.261339
122,23,75,0.604839,0.169421,9.607545,49,28,0.266067
122,24,61,0.491935,0.075177,7.861585,63,32,0.118061
122,25,74,0.596774,0.210830,9.906018,50,27,0.331096
122,26,56,0.451613,0.118918,6.989200,68,45,0.186754
122,27,68,0.548387,0.128357,8.721431,56,26,0.201577
122,28,57,0.459677,0.046376,7.115450,67,33,0.072830
122,29,64,0.516129,0.120981,7.913661,60,32,0.189994
122,30,57,0.459677,0.092514,7.272540,67,46,0.145288
122,31,56,0.451613,0.073026,6.928889,68,47,0.664683
122,32,73,0.588710,0.219564,9.435657,51,27,0.344812
122,33,62,0.500000,0.114669,8.246352,62,33,0.180080
122,34,62,0.500000,0.168324,8.054570,62,32,0.264344
122,35,65,0.524194,0.130549,8.220931,59,27,0.205020
122,36,60,0.483871,0.127908,7.928202,64,37,0.200872
122,37,64,0.516129,0.103845,8.160149,60,28,0.163083
122,38,54,0.435484,0.061644,7.091153,70,55,0.096808
122,39,68,0.548387,0.156881,8.583671,56,28,0.246373
122,40,54,0.435484,0.134805,6.949013,70,55,0.211703
122,41,56,0.451613,0.065187,6.851516,68,37,0.102372
122,42,57,0.459677,0.125209,7.071814,67,38,0.196634
122,43,63,0.508065,0.163629,8.140596,61,30,0.256971
122,44,64,0.516129,0.073051,8.554578,60,31,0.114722
122,45,65,0.524194,0.176834,8.913904,59,34,0.277707
122,46,67,0.540323,0.129417,8.710874,57,28,0.203242
122,47,70,0.564516,0.118729,8.821056,54,28,0.186457
122,48,61,0.491935,0.151227,7.868245,63,33,0.787494
122,49,60,0.483871,0.107769,7.737090,64,33,0.169245
122,50,66,0.532258,0.155673,8.154398,58,30,0.244476
122,51,60,0.483871,0.086699,7.663110,64,31,0.136155
122,52,58,0.467742,0.087264,7.397852,66,36,0.137044
122,53,73,0.588710,0.206234,9.625497,51,27,0.323878
122,54,59,0.475806,0.090022,7.594979,65,37,0.141375
122,55,67,0.540323,0.167196,8.747066,57,25,0.812572
122,56,67,0.540323,0.115935,9.042823,57,28,0.182069
122,57,69,0.556452,0.156659,9.373716,55,27,0.246024
122,58,69,0.556452,0.154827,9.040438,55,28,0.243147
122,59,64,0.516129,0.167048,8.420966,60,34,0.262339
122,60,61,0.491935,0.134953,8.185071,63,31,0.211936
122,61,60,0.483871,0.104335,8.134272,64,37,0.163852
122,62,57,0.459677,0.000000,7.074143,67,44,0.000000
122,63,61,0.491935,0.143126,8.207591,63,35,0.224771
122,64,67,0.540323,0.191224,8.703034,57,32,0.300307
122,65,68,0.548387,0.054439,8.030167,56,31,0.085493
122,66,59,0.475806,0.137924,7.712300,65,34,0.216601
122,67,62,0.500000,0.101891,8.026190,62,32,0.160014
122,68,55,0.443548,0.119188,7.590037,69,46,0.737178
122,69,54,0.435484,0.049769,6.509771,70,53,0.078160
122,70,56,0.451613,0.016985,7.392891,68,33,0.026674
122,71,59,0.475806,0.156014,7.589814,65,33,0.245011
122,72,58,0.467742,0.144349,7.377895,66,35,0.776691
122,73,58,0.467742,0.121659,7.581591,66,49,0.191059
122,74,55,0.443548,0.093829,7.218150,69,46,0.147353
122,75,51,0.411290,0.060495,6.707081,73,67,0.095004
122,76,56,0.451613,0.089337,6.648143,68,34,0.140298
122,77,64,0.516129,0.134366,7.962730,60,24,0.211015
122,78,69,0.556452,0.172546,8.991836,55,27,0.270973
122,79,63,0.508065,0.138950,8.622481,61,28,0.218213
122,80,59,0.475806,0.074079,7.272747,65,42,0.116336
122,81,61,0.491935,0.096195,7.998568,63,32,0.151069
122,82,62,0.500000,0.186022,8.420420,62,31,0.292137
122,83,67,0.540323,0.088109,8.517378,57,32,0.138369
122,84,67,0.540323,0.140726,8.795186,57,28,0.221002
122,85,57,0.459677,0.160738,7.408523,67,46,0.252429
122,86,64,0.516129,0.139149,8.527886,60,29,0.218525
122,87,53,0.427419,0.064028,6.867604,71,65,0.100553
122,88,55,0.443548,0.011646,7.097978,69,41,0.018290
122,89,56,0.451613,0.113658,7.305988,68,37,0.178494
122,90,66,0.532258,0.171799,8.458239,58,32,0.269800
122,91,60,0.483871,0.120229,7.936065,64,38,0.188812
122,92,69,0.556452,0.162833,9.158410,55,34,0.255720
122,93,63,0.508065,0.112852,7.790956,61,32,0.177228
122,94,60,0.483871,0.143703,7.635083,64,37,0.225678
122,95,59,0.475806,0.177093,7.962322,65,40,0.278114
122,96,53,0.427419,0.126096,7.176513,71,42,0.198026
122,97,66,0.532258,0.161439,8.891144,58,33,0.253530
122,98,60,0.483871,0.102500,7.632024,64,34,0.160971
122,99,72,0.580645,0.243499,9.587811,52,27,0.382401
122,100,61,0.491935,0.191267,7.966405,63,27,0.300373
122,101,64,0.516129,0.061905,8.149115,60,26,0.097218
122,102,69,0.556452,0.270658,9.229146,55,31,0.425053
122,103,64,0.516129,0.132920,8.624343,60,30,0.208743
122,104,58,0.467742,0.160234,7.668226,66,34,0.251637
122,105,68,0.548387,0.151450,8.984473,56,35,0.237843
122,106,53,0.427419,0.024590,6.996109,71,83,0.038618
122,107,64,0.516129,0.078882,8.340172,60,27,0.123879
122,108,61,0.491935,0.126043,7.795313,63,30,0.197943
122,109,63,0.508065,0.095380,8.395747,61,31,0.149789
122,110,57,0.459677,0.171768,7.495450,67,40,0.269752
122,111,62,0.500000,0.167226,7.896641,62,33,0.262618
122,112,61,0.491935,0.114360,7.450478,63,37,0.179596
122,113,70,0.564516,0.174573,9.220442,54,29,0.274156
122,114,64,0.516129,0.040273,8.020135,60,31,0.063246
122,115,58,0.467742,0.106111,7.771718,66,36,0.166641
122,116,51,0.411290,0.035338,6.727298,73,68,0.055496
122,117,63,0.508065,0.049662,7.938848,61,30,0.077992
122,118,56,0.451613,0.092431,7.295589,68,43,0.145157
122,119,60,0.483871,0.144865,8.031209,64,32,0.227503
122,120,60,0.483871,0.120271,7.905267,64,38,0.188878
122,121,65,0.524194,0.099152,8.448697,59,26,0.155713
122,122,71,0.572581,0.184606,9.498769,53,28,0.289913
122,123,58,0.467742,0.109939,7.274271,66,39,0.172653
122,124,63,0.508065,0.111238,7.923368,61,28,0.174693
123,0,72,0.580645,0.253433,9.879217,52,26,0.450000
123,1,68,0.548387,0.190792,9.179787,56,30,0.338773
123,2,68,0.548387,0.115534,8.880795,56,27,0.205144
123,3,65,0.524194,0.096195,8.259395,59,26,0.170806
123,4,55,0.443548,0.141011,7.562282,69,39,0.250381
123,5,67,0.540323,0.199672,9.422819,57,31,0.354540
123,6,61,0.491935,0.075642,7.921066,63,29,0.134312
123,7,59,0.475806,0.147881,7.879052,65,36,0.262580
123,8,61,0.491935,0.109664,7.770570,63,30,0.194721
123,9,67,0.540323,0.119645,8.504820,57,25,0.212444
123,10,61,0.491935,0.217412,8.175807,63,37,0.386041
123,11,63,0.508065,0.181352,8.265993,61,33,0.322012
123,12,64,0.516129,0.136892,8.361252,60,29,0.243067
123,13,60,0.483871,0.106774,7.364347,64,33,0.739589
123,14,60,0.483871,0.108270,7.926843,64,32,0.192246
123,15,62,0.500000,0.109577,8.300207,62,34,0.194567
123,16,71,0.572581,0.187470,9.145249,53,25,0.882875
123,17,73,0.588710,0.240900,9.626538,51,26,0.977746
123,18,65,0.524194,0.143748,8.284664,59,31,0.255242
123,19,58,0.467742,0.102834,7.242074,66,36,0.182593
123,20,65,0.524194,0.172182,8.740120,59,31,0.305729
123,21,60,0.483871,0.107269,8.111593,64,34,0.190469
123,22,66,0.532258,0.148518,8.510273,58,30,0.263711
123,23,75,0.604839,0.161529,9.447870,49,28,0.286814
123,24,61,0.491935,0.115937,7.874661,63,32,0.205860
123,25,74,0.596774,0.224676,9.848225,50,27,0.398938
123,26,56,0.451613,0.135858,7.037852,68,45,0.241231
123,27,68,0.548387,0.164069,8.694243,56,26,0.291323
123,28,57,0.459677,0.060714,7.111917,67,33,0.107805
123,29,64,0.516129,0.142352,8.028799,60,32,0.252763
123,30,57,0.459677,0.093814,7.336863,67,46,0.166578
123,31,56,0.451613,0.051469,6.968137,68,48,0.091389
123,32,73,0.588710,0.219889,9.466384,51,27,0.390438
123,33,62,0.500000,0.137600,8.244768,62,33,0.244325
123,34,62,0.500000,0.138142,7.891347,62,32,0.245287
123,35,65,0.524194,0.093106,8.153598,59,27,0.165320
123,36,60,0.483871,0.088643,7.726920,64,37,0.157395
123,37,64,0.516129,0.128328,8.137254,60,28,0.227861
123,38,54,0.435484,0.069768,7.192492,70,55,0.123882
123,39,68,0.548387,0.169324,8.633417,56,28,0.300655
123,40,54,0.435484,0.130844,6.845834,70,55,0.782329
123,41,56,0.451613,0.065734,6.907862,68,37,0.116717
123,42,57,0.459677,0.115570,7.058014,67,38,0.205209
123,43,63,0.508065,0.169562,8.067517,61,30,0.301076
123,44,64,0.516129,0.106210,8.507502,60,31,0.188587
123,45,65,0.524194,0.175688,8.976465,59,34,0.311955
123,46,67,0.540323,0.096791,8.751330,57,28,0.171863
123,47,70,0.564516,0.138670,8.884616,54,28,0.246224
123,48,61,0.491935,0.136818,7.792195,63,34,0.242936
123,49,60,0.483871,0.099572,7.770716,64,33,0.176802
123,50,66,0.532258,0.149261,8.219783,58,30,0.265030
123,51,60,0.483871,0.129087,7.691699,64,31,0.779209
123,52,58,0.467742,0.064544,7.397766,66,36,0.114605
123,53,73,0.588710,0.241025,9.684639,51,27,0.427968
123,54,59,0.475806,0.073344,7.626475,65,37,0.130231
123,55,67,0.540323,0.126995,8.661745,57,26,0.225494
123,56,67,0.540323,0.097045,9.177601,57,28,0.172315
123,57,69,0.556452,0.141016,9.146159,55,27,0.250390
123,58,69,0.556452,0.155105,9.255223,55,28,0.275406
123,59,64,0.516129,0.162763,8.582970,60,34,0.289005
123,60,61,0.491935,0.127093,8.079844,63,31,0.225668
123,61,60,0.483871,0.095718,8.020651,64,37,0.169958
123,62,57,0.459677,0.000000,7.139387,67,44,0.000000
123,63,61,0.491935,0.154824,8.273688,63,35,0.274907
123,64,67,0.540323,0.175671,8.738999,57,32,0.311924
123,65,68,0.548387,0.054609,7.972159,56,31,0.096965
123,66,59,0.475806,0.129272,7.490713,65,34,0.229538
123,67,62,0.500000,0.101294,7.946400,62,32,0.179859
123,68,55,0.443548,0.119152,7.579116,69,47,0.211568
123,69,54,0.435484,0.076813,6.699265,70,53,0.136391
123,70,56,0.451613,0.020282,7.374704,68,33,0.036012
123,71,59,0.475806,0.155059,7.639655,65,33,0.275325
123,72,58,0.467742,0.145600,7.434399,66,36,0.258530
123,73,58,0.467742,0.095414,7.654400,66,49,0.169419
123,74,55,0.443548,0.114602,7.191654,69,46,0.203488
123,75,51,0.411290,0.087325,6.883438,73,67,0.155055
123,76,56,0.451613,0.102349,6.852480,68,34,0.181732
123,77,64,0.516129,0.101400,7.986737,60,24,0.180047
123,78,69,0.556452,0.179342,9.069486,55,27,0.318442
123,79,63,0.508065,0.147228,8.533783,61,28,0.811421
123,80,59,0.475806,0.108030,7.460068,65,42,0.191819
123,81,61,0.491935,0.092947,7.872707,63,32,0.165038
123,82,62,0.500000,0.179613,8.348090,62,31,0.868924
123,83,67,0.540323,0.108696,8.708732,57,32,0.193003
123,84,67,0.540323,0.164225,8.786618,57,28,0.291601
123,85,57,0.459677,0.150157,7.579212,67,46,0.266621
123,86,64,0.516129,0.091360,8.515559,60,29,0.162221
123,87,53,0.427419,0.071798,6.988840,71,65,0.127486
123,88,55,0.443548,0.074418,7.346216,69,41,0.132137
123,89,56,0.451613,0.123109,7.367004,68,37,0.218594
123,90,66,0.532258,0.210616,8.698567,58,32,0.373974
123,91,60,0.483871,0.088756,7.927077,64,38,0.157597
123,92,69,0.556452,0.167613,8.994831,55,34,0.297617
123,93,63,0.508065,0.130560,7.819627,61,32,0.231824
123,94,60,0.483871,0.121998,7.637110,64,37,0.216622
123,95,59,0.475806,0.142489,7.705265,65,40,0.253005
123,96,53,0.427419,0.112431,7.134834,71,42,0.199633
123,97,66,0.532258,0.149432,8.942111,58,33,0.265333
123,98,60,0.483871,0.097568,7.499737,64,34,0.173243
123,99,72,0.580645,0.244261,9.489545,52,27,0.433714
123,100,61,0.491935,0.176740,7.984417,63,27,0.313822
123,101,64,0.516129,0.074701,8.126297,60,26,0.132640
123,102,69,0.556452,0.240203,9.248148,55,31,0.426509
123,103,64,0.516129,0.132266,8.568104,60,30,0.234853
123,104,58,0.467742,0.150940,7.699755,66,34,0.268011
123,105,68,0.548387,0.150074,8.920183,56,35,0.266474
123,106,53,0.427419,0.026647,6.835420,71,83,0.047314
123,107,64,0.516129,0.100654,8.296459,60,27,0.178723
123,108,61,0.491935,0.106149,7.732918,63,30,0.188481
123,109,63,0.508065,0.094186,8.371092,61,31,0.167238
123,110,57,0.459677,0.200421,7.497030,67,40,0.355871
123,111,62,0.500000,0.193565,7.989931,62,33,0.343696
123,112,61,0.491935,0.086009,7.423737,63,37,0.152718
123,113,70,0.564516,0.182117,9.278481,54,29,0.323369
123,114,64,0.516129,0.071568,8.044182,60,31,0.127076
123,115,58,0.467742,0.096950,7.639819,66,36,0.172146
123,116,51,0.411290,0.025963,6.959756,73,68,0.046101
123,117,63,0.508065,0.056868,7.896039,61,30,0.100976
123,118,56,0.451613,0.051520,7.209621,68,43,0.091480
123,119,60,0.483871,0.142798,8.031458,64,32,0.253555
123,120,60,0.483871,0.098776,7.605527,64,38,0.175387
123,121,65,0.524194,0.092808,8.387311,59,26,0.164791
123,122,71,0.572581,0.211451,9.538333,53,28,0.375456
123,123,58,0.467742,0.099082,7.280512,66,39,0.175932
123,124,63,0.508065,0.068929,7.943738,61,28,0.122391
124,0,72,0.580645,0.273885,9.892751,52,26,0.450000
124,1,68,0.548387,0.189667,9.117347,56,30,0.311627
124,2,68,0.548387,0.098007,8.688649,56,27,0.161028
124,3,65,0.524194,0.115191,8.403270,59,26,0.189261
124,4,55,0.443548,0.152602,7.687804,69,39,0.250729
124,5,67,0.540323,0.169358,9.451568,57,31,0.278259
124,6,61,0.491935,0.111700,8.134324,63,29,0.183526
124,7,59,0.475806,0.111567,7.727258,65,36,0.183308
124,8,61,0.491935,0.119818,7.755299,63,30,0.196864
124,9,67,0.540323,0.131061,8.383868,57,25,0.215336
124,10,61,0.491935,0.192265,8.062270,63,37,0.315896
124,11,63,0.508065,0.145869,8.271027,61,33,0.239665
124,12,64,0.516129,0.128777,8.270131,60,29,0.761584
124,13,60,0.483871,0.081825,7.309093,64,34,0.134441
124,14,60,0.483871,0.119348,7.926210,64,32,0.196092
124,15,62,0.500000,0.120635,8.220464,62,34,0.198206
124,16,71,0.572581,0.189319,9.206758,53,26,0.311056
124,17,73,0.588710,0.197322,9.435013,51,27,0.324205
124,18,65,0.524194,0.159575,8.574429,59,31,0.262186
124,19,58,0.467742,0.128711,7.450767,66,36,0.211475
124,20,65,0.524194,0.172091,8.718286,59,31,0.282750
124,21,60,0.483871,0.115221,8.031250,64,34,0.189311
124,22,66,0.532258,0.157431,8.718916,58,30,0.258664
124,23,75,0.604839,0.170212,9.564775,49,28,0.279663
124,24,61,0.491935,0.123044,7.945689,63,32,0.202164
124,25,74,0.596774,0.231342,9.915310,50,27,0.930101
124,26,56,0.451613,0.158848,7.349081,68,45,0.260991
124,27,68,0.548387,0.126359,8.682602,56,26,0.207611
124,28,57,0.459677,0.044580,7.124137,67,33,0.073246
124,29,64,0.516129,0.156755,8.099275,60,32,0.257552
124,30,57,0.459677,0.095707,7.520146,67,46,0.157249
124,31,56,0.451613,0.036264,6.882268,68,48,0.609583
124,32,73,0.588710,0.223319,9.604207,51,27,0.366918
124,33,62,0.500000,0.144949,8.265300,62,33,0.238154
124,34,62,0.500000,0.155116,8.184597,62,32,0.254859
124,35,65,0.524194,0.100878,8.027427,59,27,0.165745
124,36,60,0.483871,0.092260,7.833813,64,37,0.151585
124,37,64,0.516129,0.082845,8.117612,60,28,0.136116
124,38,54,0.435484,0.081300,7.139595,70,55,0.133577
124,39,68,0.548387,0.192074,8.671738,56,28,0.315583
124,40,54,0.435484,0.137944,7.043020,70,56,0.226645
124,41,56,0.451613,0.069394,6.830311,68,37,0.114015
124,42,57,0.459677,0.135044,7.061885,67,38,0.221880
124,43,63,0.508065,0.146923,8.156453,61,30,0.241397
124,44,64,0.516129,0.109926,8.580787,60,31,0.180610
124,45,65,0.524194,0.219593,8.870565,59,34,0.360796
124,46,67,0.540323,0.169795,8.725686,57,28,0.278977
124,47,70,0.564516,0.121666,8.766064,54,28,0.199900
124,48,61,0.491935,0.134123,7.821275,63,34,0.220368
124,49,60,0.483871,0.059307,7.389703,64,33,0.097443
124,50,66,0.532258,0.140610,8.133614,58,30,0.231026
124,51,60,0.483871,0.102157,7.665234,64,32,0.167847
124,52,58,0.467742,0.107482,7.516354,66,36,0.176596
124,53,73,0.588710,0.220791,9.436090,51,27,0.362765
124,54,59,0.475806,0.058087,7.405962,65,37,0.095439
124,55,67,0.540323,0.153893,8.843305,57,26,0.252849
124,56,67,0.540323,0.056395,8.908964,57,28,0.092659
124,57,69,0.556452,0.197037,9.425399,55,27,0.323737
124,58,69,0.556452,0.169503,9.135812,55,28,0.278497
124,59,64,0.516129,0.134895,8.540116,60,34,0.221635
124,60,61,0.491935,0.131048,8.130002,63,31,0.215314
124,61,60,0.483871,0.080221,8.017481,64,37,0.131804
124,62,57,0.459677,0.000000,6.992602,67,44,0.000000
124,63,61,0.491935,0.140510,8.183193,63,35,0.230861
124,64,67,0.540323,0.183359,8.679391,57,32,0.301263
124,65,68,0.548387,0.081008,8.063157,56,31,0.133098
124,66,59,0.475806,0.112475,7.577456,65,34,0.184798
124,67,62,0.500000,0.142796,8.080616,62,32,0.234616
124,68,55,0.443548,0.140132,7.712948,69,47,0.230241
124,69,54,0.435484,0.075792,6.652586,70,53,0.124527
124,70,56,0.451613,0.016327,7.522195,68,33,0.026825
124,71,59,0.475806,0.137953,7.335178,65,33,0.226659
124,72,58,0.467742,0.129069,7.295756,66,36,0.762063
124,73,58,0.467742,0.078025,7.494897,66,49,0.128197
124,74,55,0.443548,0.108834,7.039565,69,46,0.178817
124,75,51,0.411290,0.069072,6.882200,73,67,0.113487
124,76,56,0.451613,0.071745,6.577181,68,34,0.117879
124,77,64,0.516129,0.131042,8.008125,60,24,0.215305
124,78,69,0.556452,0.156517,9.037664,55,27,0.807161
124,79,63,0.508065,0.098214,8.428926,61,29,0.161368
124,80,59,0.475806,0.091951,7.331996,65,42,0.151077
124,81,61,0.491935,0.144671,7.967451,63,32,0.787698
124,82,62,0.500000,0.193218,8.491299,62,32,0.317462
124,83,67,0.540323,0.133337,8.778517,57,32,0.219076
124,84,67,0.540323,0.119001,8.681593,57,28,0.195521
124,85,57,0.459677,0.155632,7.685776,67,46,0.255708
124,86,64,0.516129,0.168445,8.784786,60,29,0.276759
124,87,53,0.427419,0.052631,7.024796,71,65,0.086474
124,88,55,0.443548,0.045435,7.169892,69,41,0.074651
124,89,56,0.451613,0.101729,7.358992,68,37,0.167143
124,90,66,0.532258,0.162877,8.371691,58,32,0.267610
124,91,60,0.483871,0.135727,7.879156,64,38,0.223003
124,92,69,0.556452,0.163124,9.039892,55,34,0.268016
124,93,63,0.508065,0.114370,7.791576,61,32,0.187913
124,94,60,0.483871,0.159045,7.710485,64,37,0.261314
124,95,59,0.475806,0.160913,7.949386,65,40,0.814383
124,96,53,0.427419,0.125319,7.088405,71,42,0.205902
124,97,66,0.532258,0.178439,9.004178,58,33,0.293179
124,98,60,0.483871,0.090693,7.481842,64,34,0.149011
124,99,72,0.580645,0.249262,9.534318,52,27,0.409543
124,100,61,0.491935,0.155906,7.712466,63,27,0.256157
124,101,64,0.516129,0.092926,8.296974,60,26,0.152679
124,102,69,0.556452,0.221695,9.106954,55,31,0.364251
124,103,64,0.516129,0.164160,8.643508,60,30,0.819718
124,104,58,0.467742,0.131208,7.648735,66,34,0.215577
124,105,68,0.548387,0.170912,9.095161,56,35,0.280813
124,106,53,0.427419,0.005926,6.864131,71,83,0.009737
124,107,64,0.516129,0.078741,8.468772,60,27,0.129374
124,108,61,0.491935,0.100640,7.613366,63,30,0.165353
124,109,63,0.508065,0.067913,8.387612,61,31,0.111582
124,110,57,0.459677,0.204390,7.461232,67,40,0.335818
124,111,62,0.500000,0.198164,7.968627,62,33,0.325588
124,112,61,0.491935,0.100424,7.450331,63,37,0.164999
124,113,70,0.564516,0.161629,9.148685,54,29,0.265560
124,114,64,0.516129,0.050813,8.037172,60,31,0.083487
124,115,58,0.467742,0.117648,7.818916,66,36,0.193299
124,116,51,0.411290,0.025276,6.750007,73,68,0.041529
124,117,63,0.508065,0.038711,7.943311,61,30,0.063603
124,118,56,0.451613,0.069311,7.166931,68,43,0.113880
124,119,60,0.483871,0.127765,8.070904,64,32,0.209921
124,120,60,0.483871,0.123050,7.869098,64,38,0.202174
124,121,65,0.524194,0.087288,8.236554,59,26,0.143416
124,122,71,0.572581,0.159396,9.422478,53,28,0.261892
124,123,58,0.467742,0.109535,7.422504,66,39,0.179969
124,124,63,0.508065,0.091141,7.796156,61,28,0.149747
125,0,72,0.580645,0.264928,9.803960,52,26,0.450000
125,1,68,0.548387,0.195918,9.287406,56,30,0.332782
125,2,68,0.548387,0.103894,8.718640,56,27,0.176472
125,3,65,0.524194,0.124980,8.367124,59,26,0.212288
125,4,55,0.443548,0.137456,7.529039,69,39,0.233479
125,5,67,0.540323,0.177336,9.375252,57,31,0.301218
125,6,61,0.491935,0.103789,8.073884,63,29,0.726293
125,7,59,0.475806,0.134551,7.548165,65,36,0.228545
125,8,61,0.491935,0.123170,7.683145,63,30,0.209213
125,9,67,0.540323,0.137289,8.595413,57,25,0.233197
125,10,61,0.491935,0.167301,7.918691,63,37,0.834174
125,11,63,0.508065,0.147562,8.202081,61,33,0.250645
125,12,64,0.516129,0.106596,8.228299,60,30,0.181061
125,13,60,0.483871,0.116724,7.628112,64,34,0.198264
125,14,60,0.483871,0.123210,8.098722,64,32,0.209282
125,15,62,0.500000,0.092218,8.061119,62,34,0.156640
125,16,71,0.572581,0.165838,9.104209,53,26,0.281689
125,17,73,0.588710,0.226697,9.510978,51,27,0.385062
125,18,65,0.524194,0.165323,8.418086,59,31,0.280814
125,19,58,0.467742,0.105707,7.261475,66,36,0.179552
125,20,65,0.524194,0.174974,8.787277,59,31,0.297207
125,21,60,0.483871,0.117001,7.990783,64,34,0.198736
125,22,66,0.532258,0.161442,8.606141,58,30,0.274222
125,23,75,0.604839,0.147728,9.419841,49,28,0.250928
125,24,61,0.491935,0.089184,7.912557,63,32,0.151486
125,25,74,0.596774,0.186378,9.877213,50,28,0.316577
125,26,56,0.451613,0.136264,7.220837,68,45,0.231454
125,27,68,0.548387,0.140776,8.802455,56,26,0.239120
125,28,57,0.459677,0.059513,7.290556,67,33,0.101087
125,29,64,0.516129,0.133940,7.975582,60,32,0.227508
125,30,57,0.459677,0.128822,7.417692,67,46,0.218814
125,31,56,0.451613,0.051121,7.044647,68,49,0.086833
125,32,73,0.588710,0.217304,9.420100,51,27,0.919108
125,33,62,0.500000,0.145490,8.151162,62,33,0.247126
125,34,62,0.500000,0.155762,8.017117,62,32,0.264574
125,35,65,0.524194,0.102371,8.015878,59,27,0.173885
125,36,60,0.483871,0.113228,7.801156,64,37,0.192327
125,37,64,0.516129,0.124316,8.307966,60,28,0.211161
125,38,54,0.435484,0.058013,7.166331,70,55,0.098539
125,39,68,0.548387,0.186834,8.657611,56,28,0.317353
125,40,54,0.435484,0.114760,6.880956,70,56,0.194928
125,41,56,0.451613,0.071771,6.926874,68,37,0.121909
125,42,57,0.459677,0.110489,7.043370,67,38,0.187674
125,43,63,0.508065,0.162459,8.080472,61,30,0.275950
125,44,64,0.516129,0.094082,8.485692,60,31,0.159806
125,45,65,0.524194,0.182981,8.877166,59,34,0.310807
125,46,67,0.540323,0.160554,8.796158,57,28,0.272714
125,47,70,0.564516,0.114819,8.857877,54,28,0.195029
125,48,61,0.491935,0.140552,7.842025,63,34,0.238738
125,49,60,0.483871,0.086359,7.639746,64,33,0.146688
125,50,66,0.532258,0.126385,8.140254,58,30,0.214675
125,51,60,0.483871,0.119742,7.715493,64,32,0.203391
125,52,58,0.467742,0.097122,7.383944,66,36,0.164969
125,53,73,0.588710,0.233331,9.573071,51,27,0.396330
125,54,59,0.475806,0.084532,7.510255,65,37,0.143584
125,55,67,0.540323,0.146763,8.700300,57,26,0.249289
125,56,67,0.540323,0.112670,9.084516,57,28,0.191378
125,57,69,0.556452,0.152573,9.066855,55,27,0.259157
125,58,69,0.556452,0.140757,9.065351,55,28,0.239087
125,59,64,0.516129,0.162463,8.500749,60,34,0.825955
125,60,61,0.491935,0.137148,8.090907,63,31,0.232956
125,61,60,0.483871,0.082296,8.048329,64,37,0.139786
125,62,57,0.459677,0.000000,7.134191,67,44,0.000000
125,63,61,0.491935,0.149624,8.103406,63,35,0.804148
125,64,67,0.540323,0.194065,8.558448,57,32,0.329634
125,65,68,0.548387,0.055956,8.094480,56,31,0.095046
125,66,59,0.475806,0.130027,7.592812,65,34,0.220861
125,67,62,0.500000,0.113954,7.905309,62,32,0.193560
125,68,55,0.443548,0.108014,7.483109,69,47,0.183470
125,69,54,0.435484,0.091128,6.779710,70,53,0.704788
125,70,56,0.451613,0.041303,7.484151,68,33,0.070156
125,71,59,0.475806,0.158397,7.616006,65,33,0.269050
125,72,58,0.467742,0.124397,7.401099,66,37,0.211297
125,73,58,0.467742,0.099334,7.504876,66,49,0.718726
125,74,55,0.443548,0.123848,7.077252,69,46,0.210365
125,75,51,0.411290,0.078952,6.821942,73,67,0.134105
125,76,56,0.451613,0.121278,6.936421,68,34,0.205999
125,77,64,0.516129,0.125376,8.015368,60,24,0.212961
125,78,69,0.556452,0.160630,8.969417,55,28,0.272843
125,79,63,0.508065,0.089838,8.431601,61,29,0.152597
125,80,59,0.475806,0.094078,7.396727,65,42,0.159800
125,81,61,0.491935,0.085073,7.867724,63,33,0.144504
125,82,62,0.500000,0.166402,8.283580,62,32,0.282647
125,83,67,0.540323,0.139888,8.647710,57,32,0.237610
125,84,67,0.540323,0.125388,8.666773,57,28,0.212982
125,85,57,0.459677,0.124299,7.569106,67,46,0.211132
125,86,64,0.516129,0.128807,8.540754,60,29,0.218789
125,87,53,0.427419,0.070158,6.883588,71,65,0.119169
125,88,55,0.443548,0.035615,7.209899,69,41,0.060495
125,89,56,0.451613,0.073251,7.322369,68,37,0.124423
125,90,66,0.532258,0.158611,8.454578,58,32,0.269413
125,91,60,0.483871,0.150244,8.113380,64,38,0.255201
125,92,69,0.556452,0.155957,9.082498,55,34,0.264905
125,93,63,0.508065,0.162514,7.976950,61,32,0.276042
125,94,60,0.483871,0.135270,7.657510,64,37,0.229767
125,95,59,0.475806,0.131336,7.898103,65,41,0.223084
125,96,53,0.427419,0.115738,7.136266,71,42,0.196590
125,97,66,0.532258,0.171347,9.024712,58,33,0.291047
125,98,60,0.483871,0.084985,7.378922,64,34,0.144354
125,99,72,0.580645,0.227622,9.626048,52,27,0.386634
125,100,61,0.491935,0.158145,7.811130,63,27,0.268621
125,101,64,0.516129,0.086431,8.275284,60,26,0.146809
125,102,69,0.556452,0.249150,9.156117,55,31,0.423200
125,103,64,0.516129,0.154469,8.648408,60,31,0.262378
125,104,58,0.467742,0.143667,7.637315,66,34,0.244030
125,105,68,0.548387,0.161095,9.098015,56,35,0.273632
125,106,53,0.427419,0.000000,6.864577,71,83,0.000000
125,107,64,0.516129,0.092251,8.150879,60,27,0.156695
125,108,61,0.491935,0.113906,7.683980,63,30,0.193478
125,109,63,0.508065,0.068544,8.238287,61,31,0.116427
125,110,57,0.459677,0.194511,7.507148,67,40,0.330391
125,111,62,0.500000,0.137368,7.849721,62,33,0.233331
125,112,61,0.491935,0.121548,7.531879,63,37,0.206459
125,113,70,0.564516,0.176130,9.102181,54,29,0.299171
125,114,64,0.516129,0.087023,8.104666,60,31,0.147815
125,115,58,0.467742,0.112191,7.699971,66,36,0.740565
125,116,51,0.411290,0.041658,6.811835,73,68,0.070759
125,117,63,0.508065,0.067590,8.009467,61,30,0.114807
125,118,56,0.451613,0.084574,7.099788,68,43,0.143655
125,119,60,0.483871,0.148816,8.197905,64,32,0.252776
125,120,60,0.483871,0.121060,7.822111,64,38,0.205630
125,121,65,0.524194,0.093278,8.369307,59,26,0.158440
125,122,71,0.572581,0.195325,9.564890,53,28,0.331774
125,123,58,0.467742,0.122807,7.530209,66,39,0.208598
125,124,63,0.508065,0.105105,7.766355,61,28,0.178529
126,0,72,0.580645,0.223338,9.870808,52,26,0.402740
126,1,68,0.548387,0.199638,9.248598,56,30,0.360003
126,2,68,0.548387,0.127405,8.776405,56,27,0.229746
126,3,65,0.524194,0.086407,8.274946,59,26,0.155815
126,4,55,0.443548,0.123446,7.475399,69,39,0.772608
126,5,67,0.540323,0.172861,9.447457,57,31,0.311716
126,6,61,0.491935,0.091024,8.159535,63,30,0.164142
126,7,59,0.475806,0.163791,7.924795,65,36,0.295360
126,8,61,0.491935,0.152728,8.029982,63,30,0.275411
126,9,67,0.540323,0.117857,8.318515,57,25,0.212529
126,10,61,0.491935,0.147095,7.866906,63,38,0.265253
126,11,63,0.508065,0.143091,8.188991,61,33,0.258032
126,12,64,0.516129,0.107093,8.097987,60,30,0.193119
126,13,60,0.483871,0.126643,7.718153,64,34,0.228372
126,14,60,0.483871,0.137802,8.019604,64,32,0.248495
126,15,62,0.500000,0.095113,8.098046,62,34,0.171515
126,16,71,0.572581,0.167548,9.206707,53,26,0.302135
126,17,73,0.588710,0.219124,9.471262,51,27,0.395141
126,18,65,0.524194,0.158025,8.268520,59,31,0.284962
126,19,58,0.467742,0.083972,7.073192,66,36,0.151425
126,20,65,0.524194,0.179392,8.698383,59,31,0.323492
126,21,60,0.483871,0.085584,7.811755,64,34,0.154331
126,22,66,0.532258,0.155953,8.473037,58,30,0.831227
126,23,75,0.604839,0.148207,9.558583,49,28,0.267258
126,24,61,0.491935,0.068876,7.845664,63,32,0.124202
126,25,74,0.596774,0.249204,9.963313,50,28,0.449383
126,26,56,0.451613,0.108254,7.057200,68,45,0.195212
126,27,68,0.548387,0.120042,8.887582,56,26,0.216469
126,28,57,0.459677,0.077679,7.251619,67,33,0.140077
126,29,64,0.516129,0.103177,7.742074,60,32,0.186056
126,30,57,0.459677,0.039716,7.197865,67,46,0.071619
126,31,56,0.451613,0.070163,7.032686,68,49,0.126523
126,32,73,0.588710,0.183600,9.395231,51,28,0.331082
126,33,62,0.500000,0.165811,8.170102,62,33,0.299003
126,34,62,0.500000,0.172223,8.076553,62,32,0.310565
126,35,65,0.524194,0.070380,7.849881,59,27,0.126915
126,36,60,0.483871,0.133082,7.543131,64,37,0.239984
126,37,64,0.516129,0.166196,8.508927,60,28,0.299697
126,38,54,0.435484,0.098474,7.213838,70,55,0.177575
126,39,68,0.548387,0.231720,8.728658,56,28,0.967855
126,40,54,0.435484,0.094599,6.883497,70,56,0.170589
126,41,56,0.451613,0.070628,7.079626,68,37,0.127361
126,42,57,0.459677,0.110662,7.145795,67,38,0.199554
126,43,63,0.508065,0.181661,8.381278,61,30,0.327584
126,44,64,0.516129,0.102878,8.471394,60,31,0.185516
126,45,65,0.524194,0.165359,8.783350,59,34,0.298188
126,46,67,0.540323,0.132603,8.833131,57,28,0.239119
126,47,70,0.564516,0.102165,8.763627,54,28,0.184231
126,48,61,0.491935,0.127470,7.877323,63,34,0.229864
126,49,60,0.483871,0.112626,7.707492,64,33,0.203095
126,50,66,0.532258,0.128251,8.188068,58,30,0.231272
126,51,60,0.483871,0.135877,7.739103,64,32,0.245023
126,52,58,0.467742,0.125816,7.205294,66,36,0.226880
126,53,73,0.588710,0.249546,9.490743,51,27,0.450000
126,54,59,0.475806,0.117255,7.640272,65,37,0.211442
126,55,67,0.540323,0.144514,8.829149,57,26,0.260599
126,56,67,0.540323,0.148963,9.311767,57,28,0.818622
126,57,69,0.556452,0.171224,8.883776,55,27,0.308765
126,58,69,0.556452,0.175929,9.120881,55,28,0.317248
126,59,64,0.516129,0.119486,8.679056,60,35,0.215466
126,60,61,0.491935,0.147846,8.048682,63,31,0.266607
126,61,60,0.483871,0.109094,8.147381,64,37,0.196726
126,62,57,0.459677,0.000000,6.933794,67,44,0.000000
126,63,61,0.491935,0.142464,8.377031,63,36,0.256902
126,64,67,0.540323,0.195815,8.584971,57,32,0.353109
126,65,68,0.548387,0.036614,8.292286,56,31,0.066025
126,66,59,0.475806,0.149750,7.400191,65,34,0.270041
126,67,62,0.500000,0.073776,7.765328,62,32,0.133038
126,68,55,0.443548,0.136879,7.551672,69,47,0.796831
126,69,54,0.435484,0.097311,6.811462,70,54,0.175479
126,70,56,0.451613,0.031323,7.406566,68,33,0.056483
126,71,59,0.475806,0.164054,7.829710,65,33,0.295835
126,72,58,0.467742,0.091492,7.349578,66,37,0.164986
126,73,58,0.467742,0.093332,7.520061,66,50,0.168304
126,74,55,0.443548,0.119216,7.129986,69,46,0.764979
126,75,51,0.411290,0.106443,6.811335,73,67,0.191946
126,76,56,0.451613,0.121255,7.051325,68,34,0.218657
126,77,64,0.516129,0.175446,8.256046,60,24,0.316378
126,78,69,0.556452,0.087256,8.554212,55,28,0.157346
126,79,63,0.508065,0.074922,8.466899,61,29,0.135105
126,80,59,0.475806,0.063772,7.298472,65,42,0.114998
126,81,61,0.491935,0.112209,7.729376,63,33,0.202343
126,82,62,0.500000,0.181287,8.531611,62,32,0.326910
126,83,67,0.540323,0.147259,8.652502,57,32,0.265548
126,84,67,0.540323,0.154212,8.478993,57,28,0.828086
126,85,57,0.459677,0.118822,7.611731,67,46,0.214269
126,86,64,0.516129,0.131882,8.597943,60,29,0.237819
126,87,53,0.427419,0.038354,6.764003,71,65,0.069164
126,88,55,0.443548,0.046681,7.530226,69,41,0.084179
126,89,56,0.451613,0.073965,7.507858,68,37,0.133380
126,90,66,0.532258,0.191784,8.406880,58,32,0.345839
126,91,60,0.483871,0.119871,8.059995,64,38,0.216161
126,92,69,0.556452,0.151739,9.034603,55,34,0.273628
126,93,63,0.508065,0.156625,7.999267,61,32,0.282438
126,94,60,0.483871,0.134501,7.577137,64,37,0.242542
126,95,59,0.475806,0.116857,7.670911,65,41,0.210724
126,96,53,0.427419,0.109781,7.099804,71,42,0.197965
126,97,66,0.532258,0.127470,8.741668,58,33,0.229864
126,98,60,0.483871,0.069387,7.404529,64,34,0.125124
126,99,72,0.580645,0.234588,9.728872,52,27,0.423026
126,100,61,0.491935,0.185078,7.987690,63,27,0.333746
126,101,64,0.516129,0.060980,8.006617,60,26,0.109964
126,102,69,0.556452,0.235115,8.906502,55,31,0.423977
126,103,64,0.516129,0.165726,8.412975,60,31,0.298850
126,104,58,0.467742,0.132931,7.584869,66,34,0.239711
126,105,68,0.548387,0.222963,9.178903,56,35,0.402064
126,106,53,0.427419,0.000000,6.712840,71,83,0.000000
126,107,64,0.516129,0.089328,8.052343,60,27,0.711083
126,108,61,0.491935,0.094947,7.521486,63,30,0.171216
126,109,63,0.508065,0.041072,8.100222,61,31,0.074064
126,110,57,0.459677,0.196616,7.528858,67,40,0.354552
126,111,62,0.500000,0.155830,7.783754,62,33,0.281004
126,112,61,0.491935,0.114262,7.376676,63,37,0.206045
126,113,70,0.564516,0.178529,9.171239,54,29,0.321937
126,114,64,0.516129,0.047856,7.877602,60,31,0.086298
126,115,58,0.467742,0.125687,7.560516,66,37,0.226648
126,116,51,0.411290,0.088347,6.812626,73,68,0.159314
126,117,63,0.508065,0.086520,8.057114,61,30,0.156019
126,118,56,0.451613,0.107549,7.436089,68,43,0.193940
126,119,60,0.483871,0.112692,7.918920,64,32,0.203214
126,120,60,0.483871,0.099876,7.901451,64,38,0.180103
126,121,65,0.524194,0.109913,8.425904,59,26,0.198204
126,122,71,0.572581,0.190657,9.782970,53,28,0.343806
126,123,58,0.467742,0.137219,7.477648,66,39,0.247444
126,124,63,0.508065,0.112036,7.987631,61,28,0.202032
127,0,72,0.580645,0.258005,9.747627,52,26,0.450000
127,1,68,0.548387,0.176390,9.052393,56,30,0.307651
127,2,68,0.548387,0.119137,8.553727,56,27,0.207792
127,3,65,0.524194,0.087570,8.404143,59,26,0.152735
127,4,55,0.443548,0.131696,7.657716,69,40,0.229698
127,5,67,0.540323,0.139314,9.268512,57,31,0.242985
127,6,61,0.491935,0.094609,7.989436,63,30,0.165012
127,7,59,0.475806,0.138814,7.838909,65,36,0.242112
127,8,61,0.491935,0.147784,7.835910,63,30,0.257757
127,9,67,0.540323,0.100932,8.275487,57,25,0.176041
127,10,61,0.491935,0.157122,7.907417,63,38,0.274045
127,11,63,0.508065,0.160514,8.290476,61,33,0.279961
127,12,64,0.516129,0.149276,8.236219,60,30,0.260359
127,13,60,0.483871,0.097709,7.453569,64,34,0.170420
127,14,60,0.483871,0.147315,8.071024,64,32,0.256940
127,15,62,0.500000,0.124932,8.157709,62,34,0.217900
127,16,71,0.572581,0.168737,9.131985,53,26,0.294303
127,17,73,0.588710,0.217107,9.388998,51,27,0.378667
127,18,65,0.524194,0.169962,8.457394,59,31,0.296439
127,19,58,0.467742,0.105463,7.288547,66,36,0.183943
127,20,65,0.524194,0.158318,8.675869,59,31,0.276131
127,21,60,0.483871,0.095727,8.079580,64,34,0.166963
127,22,66,0.532258,0.140215,8.663261,58,31,0.244556
127,23,75,0.604839,0.184738,9.596917,49,28,0.322211
127,24,61,0.491935,0.107224,7.884445,63,32,0.187015
127,25,74,0.596774,0.194786,9.981607,50,28,0.339736
127,26,56,0.451613,0.123030,7.254730,68,45,0.214582
127,27,68,0.548387,0.131871,8.732052,56,26,0.230003
127,28,57,0.459677,0.068501,7.159508,67,33,0.119476
127,29,64,0.516129,0.149912,8.010177,60,32,0.261469
127,30,57,0.459677,0.088319,7.327084,67,46,0.154042
127,31,56,0.451613,0.037216,6.897083,68,49,0.064910
127,32,73,0.588710,0.199416,9.486484,51,28,0.347812
127,33,62,0.500000,0.177009,8.201215,62,33,0.858730
127,34,62,0.500000,0.173502,8.328227,62,32,0.302613
127,35,65,0.524194,0.083260,7.811623,59,27,0.145217
127,36,60,0.483871,0.093779,7.583258,64,37,0.163564
127,37,64,0.516129,0.169477,8.282830,60,28,0.295593
127,38,54,0.435484,0.095656,7.170834,70,55,0.166838
127,39,68,0.548387,0.196388,8.601896,56,29,0.342531
127,40,54,0.435484,0.145008,7.059483,70,56,0.252916
127,41,56,0.451613,0.067794,6.994299,68,37,0.118242
127,42,57,0.459677,0.105670,7.009447,67,38,0.184305
127,43,63,0.508065,0.132035,8.262720,61,30,0.230288
127,44,64,0.516129,0.091284,8.464520,60,31,0.159214
127,45,65,0.524194,0.200583,8.717158,59,34,0.349848
127,46,67,0.540323,0.116628,8.805117,57,28,0.203417
127,47,70,0.564516,0.076738,8.656620,54,28,0.133843
127,48,61,0.491935,0.156663,7.838712,63,34,0.273244
127,49,60,0.483871,0.072137,7.708294,64,33,0.125818
127,50,66,0.532258,0.140455,8.095817,58,30,0.244975
127,51,60,0.483871,0.129335,7.560534,64,32,0.225579
127,52,58,0.467742,0.135254,7.260306,66,36,0.235903
127,53,73,0.588710,0.254378,9.421352,51,27,0.993674
127,54,59,0.475806,0.105358,7.560811,65,37,0.183761
127,55,67,0.540323,0.166332,8.697316,57,26,0.290109
127,56,67,0.540323,0.079537,9.063763,57,29,0.138724
127,57,69,0.556452,0.168883,9.025426,55,27,0.294557
127,58,69,0.556452,0.161225,9.093069,55,28,0.281200
127,59,64,0.516129,0.114778,8.612914,60,35,0.200190
127,60,61,0.491935,0.156721,8.128350,63,31,0.273344
127,61,60,0.483871,0.098982,8.189246,64,37,0.172640
127,62,57,0.459677,0.000000,6.937446,67,44,0.000000
127,63,61,0.491935,0.102819,8.157713,63,36,0.179332
127,64,67,0.540323,0.187198,8.569979,57,32,0.326501
127,65,68,0.548387,0.062852,8.111778,56,31,0.109623
127,66,59,0.475806,0.121886,7.400755,65,34,0.212588
127,67,62,0.500000,0.107824,7.836348,62,32,0.188061
127,68,55,0.443548,0.143733,7.595652,69,48,0.250692
127,69,54,0.435484,0.097598,6.774206,70,54,0.170225
127,70,56,0.451613,0.000000,7.401019,68,33,0.000000
127,71,59,0.475806,0.128937,7.565915,65,33,0.224886
127,72,58,0.467742,0.108331,7.394870,66,37,0.188945
127,73,58,0.467742,0.103178,7.718393,66,50,0.179957
127,74,55,0.443548,0.104735,7.015810,69,47,0.732674
127,75,51,0.411290,0.081387,6.821038,73,67,0.141951
127,76,56,0.451613,0.112334,6.931715,68,34,0.195928
127,77,64,0.516129,0.151314,8.069070,60,24,0.813914
127,78,69,0.556452,0.094191,8.787759,55,28,0.164283
127,79,63,0.508065,0.079876,8.459660,61,29,0.139316
127,80,59,0.475806,0.048145,7.237387,65,42,0.083972
127,81,61,0.491935,0.105744,7.736949,63,33,0.184434
127,82,62,0.500000,0.162227,8.363680,62,32,0.282949
127,83,67,0.540323,0.154757,8.823503,57,32,0.269920
127,84,67,0.540323,0.152294,8.663564,57,29,0.265624
127,85,57,0.459677,0.155053,7.735137,67,46,0.270435
127,86,64,0.516129,0.188468,8.824324,60,29,0.328717
127,87,53,0.427419,0.015163,6.706966,71,65,0.026447
127,88,55,0.443548,0.045577,7.312344,69,41,0.079493
127,89,56,0.451613,0.070036,7.306615,68,37,0.122154
127,90,66,0.532258,0.165391,8.294869,58,32,0.288467
127,91,60,0.483871,0.147409,7.906811,64,38,0.257103
127,92,69,0.556452,0.159808,9.220958,55,34,0.278728
127,93,63,0.508065,0.152559,7.778403,61,32,0.266085
127,94,60,0.483871,0.168828,7.760636,64,37,0.294461
127,95,59,0.475806,0.113924,7.619078,65,41,0.198700
127,96,53,0.427419,0.137756,7.132029,71,42,0.240267
127,97,66,0.532258,0.156663,8.859743,58,33,0.273244
127,98,60,0.483871,0.077522,7.534043,64,34,0.135211
127,99,72,0.580645,0.234816,9.618610,52,27,0.409554
127,100,61,0.491935,0.148998,7.758902,63,27,0.809875
127,101,64,0.516129,0.073916,8.350480,60,26,0.128920
127,102,69,0.556452,0.226880,8.881979,55,31,0.395713
127,103,64,0.516129,0.196533,8.487239,60,31,0.892783
127,104,58,0.467742,0.128222,7.566114,66,34,0.223639
127,105,68,0.548387,0.176112,9.170147,56,35,0.307166
127,106,53,0.427419,0.000000,6.773610,71,83,0.000000
127,107,64,0.516129,0.051401,8.212677,60,28,0.089650
127,108,61,0.491935,0.127826,7.452585,63,30,0.772948
127,109,63,0.508065,0.070671,8.141841,61,31,0.123261
127,110,57,0.459677,0.180730,7.425432,67,40,0.315220
127,111,62,0.500000,0.151313,7.846067,62,33,0.263913
127,112,61,0.491935,0.132133,7.507201,63,37,0.230461
127,113,70,0.564516,0.152146,9.075453,54,29,0.265366
127,114,64,0.516129,0.086277,8.156137,60,31,0.150480
127,115,58,0.467742,0.130480,7.776183,66,37,0.227577
127,116,51,0.411290,0.097307,6.837681,73,68,0.169719
127,117,63,0.508065,0.065545,8.032313,61,30,0.114320
127,118,56,0.451613,0.110956,7.226280,68,43,0.193524
127,119,60,0.483871,0.121574,8.083650,64,32,0.212043
127,120,60,0.483871,0.120430,7.845784,64,38,0.210047
127,121,65,0.524194,0.106427,8.277206,59,26,0.185625
127,122,71,0.572581,0.187953,9.594751,53,28,0.327818
127,123,58,0.467742,0.117176,7.438306,66,39,0.204372
127,124,63,0.508065,0.113731,7.920054,61,28,0.198364
128,0,72,0.580645,0.234689,9.583430,52,26,0.445185
128,1,68,0.548387,0.196260,9.206051,56,30,0.372288
128,2,68,0.548387,0.122859,8.589951,56,27,0.233052
128,3,65,0.524194,0.099823,8.471718,59,26,0.189355
128,4,55,0.443548,0.109759,7.536952,69,40,0.208203
128,5,67,0.540323,0.147194,9.203718,57,31,0.279214
128,6,61,0.491935,0.068650,8.147638,63,30,0.130224
128,7,59,0.475806,0.127705,7.616772,65,36,0.242246
128,8,61,0.491935,0.181072,7.897420,63,30,0.343477
128,9,67,0.540323,0.119895,8.375097,57,25,0.227431
128,10,61,0.491935,0.128038,7.892764,63,38,0.242877
128,11,63,0.508065,0.138998,8.288832,61,33,0.263667
128,12,64,0.516129,0.114356,8.201445,60,30,0.216923
128,13,60,0.483871,0.117206,7.625913,64,34,0.222329
128,14,60,0.483871,0.110249,8.139232,64,32,0.209133
128,15,62,0.500000,0.107148,8.012276,62,34,0.203250
128,16,71,0.572581,0.173148,9.141754,53,26,0.328446
128,17,73,0.588710,0.209642,9.331482,51,27,0.397673
128,18,65,0.524194,0.162152,8.330592,59,31,0.307588
128,19,58,0.467742,0.098076,7.191149,66,36,0.186041
128,20,65,0.524194,0.176228,8.896249,59,31,0.334289
128,21,60,0.483871,0.107198,8.038271,64,34,0.203346
128,22,66,0.532258,0.143193,8.929822,58,31,0.271624
128,23,75,0.604839,0.194462,9.560395,49,28,0.368877
128,24,61,0.491935,0.085813,7.750312,63,32,0.162779
128,25,74,0.596774,0.159435,9.755829,50,28,0.302434
128,26,56,0.451613,0.138152,7.313307,68,45,0.262062
128,27,68,0.548387,0.147773,8.668251,56,26,0.280313
128,28,57,0.459677,0.035060,7.273213,67,33,0.616506
128,29,64,0.516129,0.137131,8.013477,60,32,0.260125
128,30,57,0.459677,0.107252,7.389227,67,46,0.203447
128,31,56,0.451613,0.042179,6.940942,68,49,0.080010
128,32,73,0.588710,0.190724,9.461847,51,28,0.361787
128,33,62,0.500000,0.144941,8.249599,62,34,0.824940
128,34,62,0.500000,0.168568,8.129872,62,32,0.319759
128,35,65,0.524194,0.091133,7.891217,59,27,0.172871
128,36,60,0.483871,0.102844,7.785366,64,37,0.195086
128,37,64,0.516129,0.148832,8.224492,60,28,0.282321
128,38,54,0.435484,0.052194,7.130470,70,55,0.099007
128,39,68,0.548387,0.178247,8.606468,56,29,0.338120
128,40,54,0.435484,0.137527,6.997950,70,56,0.810876
128,41,56,0.451613,0.079454,7.173168,68,37,0.150717
128,42,57,0.459677,0.094174,6.962899,67,38,0.178639
128,43,63,0.508065,0.140269,8.180874,61,30,0.266077
128,44,64,0.516129,0.104721,8.453112,60,31,0.198646
128,45,65,0.524194,0.219998,8.785618,59,34,0.417317
128,46,67,0.540323,0.131596,8.892501,57,28,0.249626
128,47,70,0.564516,0.084718,8.697037,54,28,0.160703
128,48,61,0.491935,0.139886,7.971807,63,34,0.265352
128,49,60,0.483871,0.089825,7.881252,64,33,0.170390
128,50,66,0.532258,0.164295,8.307836,58,30,0.311652
128,51,60,0.483871,0.118187,7.502200,64,32,0.224191
128,52,58,0.467742,0.112237,7.350250,66,36,0.212903
128,53,73,0.588710,0.227683,9.507447,51,28,0.981894
128,54,59,0.475806,0.086893,7.643976,65,37,0.164829
128,55,67,0.540323,0.181820,8.854190,57,26,0.344897
128,56,67,0.540323,0.107443,8.858365,57,29,0.203809
128,57,69,0.556452,0.167718,8.930897,55,27,0.318146
128,58,69,0.556452,0.166624,9.057026,55,28,0.316071
128,59,64,0.516129,0.096008,8.546369,60,35,0.182119
128,60,61,0.491935,0.160192,8.175178,63,31,0.303869
128,61,60,0.483871,0.091523,8.070583,64,37,0.173611
128,62,57,0.459677,0.000000,6.896693,67,44,0.000000
128,63,61,0.491935,0.141747,8.228335,63,36,0.818882
128,64,67,0.540323,0.189277,8.622967,57,32,0.359041
128,65,68,0.548387,0.124186,8.164329,56,31,0.235571
128,66,59,0.475806,0.109395,7.536443,65,34,0.207513
128,67,62,0.500000,0.127216,7.829225,62,32,0.791317
128,68,55,0.443548,0.107967,7.441318,69,48,0.204803
128,69,54,0.435484,0.104316,6.856220,70,54,0.197879
128,70,56,0.451613,0.002715,7.475263,68,33,0.005150
128,71,59,0.475806,0.139134,7.709891,65,33,0.263924
128,72,58,0.467742,0.124955,7.439875,66,37,0.237028
128,73,58,0.467742,0.135654,7.833753,66,50,0.257323
128,74,55,0.443548,0.127779,7.182669,69,48,0.242386
128,75,51,0.411290,0.092832,6.652956,73,67,0.176095
128,76,56,0.451613,0.133435,7.065132,68,34,0.803114
128,77,64,0.516129,0.116864,8.182897,60,25,0.221681
128,78,69,0.556452,0.153665,8.844796,55,28,0.291490
128,79,63,0.508065,0.103955,8.600991,61,29,0.197193
128,80,59,0.475806,0.059589,7.225245,65,42,0.113035
128,81,61,0.491935,0.096972,7.705599,63,33,0.183948
128,82,62,0.500000,0.140335,8.149932,62,32,0.266203
128,83,67,0.540323,0.145094,8.798029,57,32,0.275229
128,84,67,0.540323,0.168967,8.558741,57,29,0.320515
128,85,57,0.459677,0.114119,7.506455,67,46,0.216474
128,86,64,0.516129,0.166209,8.653030,60,29,0.315284
128,87,53,0.427419,0.040458,6.692784,71,65,0.076745
128,88,55,0.443548,0.026897,7.263786,69,41,0.051022
128,89,56,0.451613,0.046708,7.476780,68,37,0.088600
128,90,66,0.532258,0.168077,8.527651,58,32,0.318827
128,91,60,0.483871,0.148726,7.787984,64,38,0.282120
128,92,69,0.556452,0.165510,9.214154,55,34,0.313958
128,93,63,0.508065,0.165231,7.720306,61,32,0.313428
128,94,60,0.483871,0.110024,7.830195,64,37,0.208706
128,95,59,0.475806,0.120395,7.722928,65,41,0.228379
128,96,53,0.427419,0.113105,7.135147,71,42,0.214549
128,97,66,0.532258,0.169191,9.061795,58,33,0.320940
128,98,60,0.483871,0.084029,7.364748,64,34,0.159396
128,99,72,0.580645,0.217792,9.584814,52,27,0.413133
128,100,61,0.491935,0.079075,7.606494,63,28,0.149998
128,101,64,0.516129,0.073246,8.301154,60,26,0.138941
128,102,69,0.556452,0.228200,8.917636,55,31,0.432875
128,103,64,0.516129,0.188042,8.577576,60,32,0.356700
128,104,58,0.467742,0.132937,7.610363,66,34,0.252169
128,105,68,0.548387,0.199594,9.046120,56,35,0.928611
128,106,53,0.427419,0.000000,6.939819,71,83,0.000000
128,107,64,0.516129,0.056645,8.215808,60,28,0.107451
128,108,61,0.491935,0.115616,7.645339,63,31,0.219313
128,109,63,0.508065,0.106228,8.168927,61,31,0.201505
128,110,57,0.459677,0.167383,7.497684,67,40,0.317510
128,111,62,0.500000,0.120562,7.958998,62,33,0.228696
128,112,61,0.491935,0.135318,7.713919,63,37,0.256686
128,113,70,0.564516,0.157522,9.121986,54,29,0.298806
128,114,64,0.516129,0.119988,8.247578,60,31,0.227607
128,115,58,0.467742,0.134862,7.729722,66,37,0.255820
128,116,51,0.411290,0.090199,6.931856,73,68,0.171100
128,117,63,0.508065,0.093181,8.257590,61,30,0.176757
128,118,56,0.451613,0.096187,7.197116,68,43,0.182459
128,119,60,0.483871,0.143498,8.113581,64,32,0.272202
128,120,60,0.483871,0.122555,7.757942,64,38,0.232476
128,121,65,0.524194,0.150901,8.323275,59,26,0.286246
128,122,71,0.572581,0.237228,9.668888,53,28,0.450000
128,123,58,0.467742,0.120741,7.415973,66,39,0.229034
128,124,63,0.508065,0.112465,7.717926,61,28,0.213336
129,0,72,0.580645,0.250008,9.763242,52,26,0.450000
129,1,68,0.548387,0.203477,9.021663,56,30,0.366246
129,2,68,0.548387,0.132419,8.596876,56,27,0.238347
129,3,65,0.524194,0.090796,8.465039,59,26,0.163428
129,4,55,0.443548,0.138202,7.548039,69,40,0.248755
129,5,67,0.540323,0.151629,9.189698,57,31,0.272923
129,6,61,0.491935,0.075028,8.104660,63,30,0.135045
129,7,59,0.475806,0.144532,7.604846,65,36,0.810149
129,8,61,0.491935,0.156093,7.740147,63,30,0.830958
129,9,67,0.540323,0.142095,8.448416,57,25,0.255762
129,10,61,0.491935,0.163062,7.891306,63,38,0.293503
129,11,63,0.508065,0.131800,8.128286,61,33,0.237232
129,12,64,0.516129,0.109904,8.156598,60,30,0.197821
129,13,60,0.483871,0.118681,7.438801,64,34,0.213619
129,14,60,0.483871,0.096062,7.992339,64,32,0.172906
129,15,62,0.500000,0.113618,8.191900,62,34,0.204505
129,16,71,0.572581,0.165857,9.266484,53,26,0.298532
129,17,73,0.588710,0.204703,9.402323,51,27,0.368453
129,18,65,0.524194,0.171082,8.358895,59,31,0.307937
129,19,58,0.467742,0.123686,7.202271,66,36,0.772627
129,20,65,0.524194,0.146753,8.650172,59,31,0.264148
129,21,60,0.483871,0.152394,8.152010,64,34,0.274300
129,22,66,0.532258,0.150681,8.813017,58,31,0.271217
129,23,75,0.604839,0.170276,9.607068,49,28,0.306487
129,24,61,0.491935,0.096936,7.788126,63,32,0.174479
129,25,74,0.596774,0.170305,9.804747,50,28,0.306540
129,26,56,0.451613,0.125140,7.228347,68,45,0.225244
129,27,68,0.548387,0.133835,8.662428,56,26,0.790894
129,28,57,0.459677,0.038145,7.215124,67,34,0.068659
129,29,64,0.516129,0.168867,8.176542,60,32,0.303950
129,30,57,0.459677,0.086156,7.329799,67,46,0.155076
129,31,56,0.451613,0.050889,6.881330,68,49,0.091598
129,32,73,0.588710,0.182558,9.511542,51,28,0.328593
129,33,62,0.500000,0.141273,8.355895,62,35,0.254283
129,34,62,0.500000,0.177836,8.244995,62,32,0.320094
129,35,65,0.524194,0.129991,8.099808,59,27,0.233976
129,36,60,0.483871,0.136239,7.857066,64,37,0.245222
129,37,64,0.516129,0.120951,8.165766,60,28,0.217705
129,38,54,0.435484,0.087740,7.025573,70,55,0.157927
129,39,68,0.548387,0.153237,8.594914,56,29,0.275817
129,40,54,0.435484,0.127709,6.916494,70,57,0.229869
129,41,56,0.451613,0.069140,6.961397,68,37,0.124449
129,42,57,0.459677,0.083226,7.016748,67,38,0.149802
129,43,63,0.508065,0.148021,8.181921,61,30,0.266428
129,44,64,0.516129,0.122854,8.502051,60,31,0.221129
129,45,65,0.524194,0.196900,8.703005,59,34,0.354409
129,46,67,0.540323,0.150130,8.738635,57,28,0.270225
129,47,70,0.564516,0.088103,8.707820,54,28,0.158580
129,48,61,0.491935,0.135002,7.962917,63,34,0.242996
129,49,60,0.483871,0.084289,7.741486,64,33,0.151715
129,50,66,0.532258,0.159539,8.151526,58,30,0.287161
129,51,60,0.483871,0.099909,7.437668,64,32,0.179830
129,52,58,0.467742,0.111064,7.234863,66,36,0.199908
129,53,73,0.588710,0.185001,9.506256,51,29,0.332991
129,54,59,0.475806,0.115968,7.697235,65,37,0.208736
129,55,67,0.540323,0.161823,8.814362,57,26,0.291272
129,56,67,0.540323,0.107951,8.843941,57,29,0.194306
129,57,69,0.556452,0.184329,9.052902,55,27,0.331782
129,58,69,0.556452,0.154443,8.891072,55,28,0.277989
129,59,64,0.516129,0.129962,8.492379,60,35,0.233924
129,60,61,0.491935,0.148616,8.129537,63,31,0.267500
129,61,60,0.483871,0.116587,8.176688,64,37,0.209850
129,62,57,0.459677,0.000000,7.009363,67,44,0.000000
129,63,61,0.491935,0.090605,8.065150,63,37,0.163084
129,64,67,0.540323,0.175045,8.541156,57,32,0.315071
129,65,68,0.548387,0.082742,8.155643,56,31,0.148930
129,66,59,0.475806,0.100436,7.665828,65,34,0.180780
129,67,62,0.500000,0.130265,7.870085,62,33,0.234469
129,68,55,0.443548,0.109919,7.617044,69,48,0.197847
129,69,54,0.435484,0.089389,6.760516,70,54,0.160895
129,70,56,0.451613,0.000000,7.312721,68,33,0.000000
129,71,59,0.475806,0.137403,7.574004,65,33,0.247318
129,72,58,0.467742,0.138730,7.595408,66,37,0.249706
129,73,58,0.467742,0.148629,7.907928,66,50,0.267523
129,74,55,0.443548,0.095039,7.106208,69,48,0.171065
129,75,51,0.411290,0.062234,6.639426,73,67,0.112017
129,76,56,0.451613,0.120281,6.870900,68,35,0.216499
129,77,64,0.516129,0.141830,8.051108,60,25,0.255285
129,78,69,0.556452,0.113180,8.680057,55,28,0.203717
129,79,63,0.508065,0.132433,8.604771,61,29,0.238371
129,80,59,0.475806,0.060305,7.193198,65,42,0.108546
129,81,61,0.491935,0.085411,7.807621,63,33,0.153734
129,82,62,0.500000,0.150708,8.138186,62,32,0.271265
129,83,67,0.540323,0.145776,8.612160,57,32,0.262388
129,84,67,0.540323,0.155383,8.655939,57,29,0.279680
129,85,57,0.459677,0.109823,7.590927,67,46,0.197675
129,86,64,0.516129,0.193361,8.712947,60,29,0.348039
129,87,53,0.427419,0.039202,6.716168,71,65,0.070562
129,88,55,0.443548,0.000000,7.182203,69,41,0.000000
129,89,56,0.451613,0.057616,7.287909,68,37,0.103706
129,90,66,0.532258,0.184192,8.460279,58,32,0.881534
129,91,60,0.483871,0.143314,7.702746,64,38,0.257956
129,92,69,0.556452,0.148908,9.239925,55,34,0.268026
129,93,63,0.508065,0.149386,7.775638,61,32,0.268886
129,94,60,0.483871,0.127437,7.596065,64,37,0.229378
129,95,59,0.475806,0.153376,7.876652,65,41,0.276067
129,96,53,0.427419,0.145204,7.146341,71,42,0.261359
129,97,66,0.532258,0.147643,8.979016,58,33,0.265749
129,98,60,0.483871,0.092260,7.495910,64,34,0.166063
129,99,72,0.580645,0.235939,9.660826,52,27,0.424676
129,100,61,0.491935,0.139038,7.751859,63,28,0.250260
129,101,64,0.516129,0.090652,8.281883,60,26,0.163169
129,102,69,0.556452,0.247810,9.050079,55,31,0.996044
129,103,64,0.516129,0.178205,8.640660,60,32,0.320758
129,104,58,0.467742,0.141106,7.625206,66,34,0.253983
129,105,68,0.548387,0.166720,8.925251,56,36,0.300085
129,106,53,0.427419,0.000000,6.982501,71,83,0.000000
129,107,64,0.516129,0.089589,8.394401,60,28,0.161254
129,108,61,0.491935,0.119614,7.589449,63,31,0.215298
129,109,63,0.508065,0.107225,8.362709,61,31,0.192999
129,110,57,0.459677,0.181604,7.506999,67,40,0.326877
129,111,62,0.500000,0.124813,7.851098,62,33,0.224657
129,112,61,0.491935,0.119041,7.636656,63,37,0.764266
129,113,70,0.564516,0.154265,9.087439,54,29,0.277668
129,114,64,0.516129,0.091673,8.183776,60,31,0.165006
129,115,58,0.467742,0.120767,7.727740,66,37,0.217373
129,116,51,0.411290,0.084241,6.798313,73,68,0.151629
129,117,63,0.508065,0.089557,8.170755,61,30,0.161196
129,118,56,0.451613,0.085686,7.227880,68,43,0.154230
129,119,60,0.483871,0.109377,8.120296,64,32,0.196872
129,120,60,0.483871,0.127820,7.783583,64,38,0.230069
129,121,65,0.524194,0.116169,8.270589,59,26,0.209097
129,122,71,0.572581,0.203018,9.493377,53,28,0.365420
129,123,58,0.467742,0.129009,7.337680,66,39,0.232208
129,124,63,0.508065,0.105152,7.619639,61,28,0.189268
130,0,72,0.580645,0.278351,9.970065,52,26,0.450000
130,1,68,0.548387,0.204313,9.111448,56,30,0.880306
130,2,68,0.548387,0.119164,8.630897,56,27,0.192648
130,3,65,0.524194,0.133751,8.474145,59,26,0.216231
130,4,55,0.443548,0.130349,7.313326,69,40,0.210731
130,5,67,0.540323,0.172370,9.421198,57,31,0.278664
130,6,61,0.491935,0.110678,8.190601,63,30,0.178929
130,7,59,0.475806,0.130847,7.606799,65,37,0.211535
130,8,61,0.491935,0.094417,7.534274,63,31,0.152641
130,9,67,0.540323,0.167620,8.686346,57,25,0.270986
130,10,61,0.491935,0.138166,7.734548,63,38,0.223368
130,11,63,0.508065,0.121543,8.027633,61,33,0.196494
130,12,64,0.516129,0.115749,8.041202,60,30,0.187128
130,13,60,0.483871,0.134067,7.532398,64,34,0.216741
130,14,60,0.483871,0.093108,7.977948,64,32,0.150525
130,15,62,0.500000,0.127910,8.284101,62,34,0.206788
130,16,71,0.572581,0.167622,9.082012,53,26,0.270988
130,17,73,0.588710,0.200639,9.399978,51,27,0.324366
130,18,65,0.524194,0.185264,8.461072,59,31,0.299510
130,19,58,0.467742,0.137278,7.335377,66,37,0.221932
130,20,65,0.524194,0.181125,8.639657,59,31,0.292818
130,21,60,0.483871,0.142439,7.980049,64,34,0.230276
130,22,66,0.532258,0.164082,8.602995,58,31,0.265266
130,23,75,0.604839,0.158729,9.606363,49,28,0.256611
130,24,61,0.491935,0.082938,7.857991,63,32,0.134083
130,25,74,0.596774,0.210973,9.973079,50,28,0.341072
130,26,56,0.451613,0.125124,7.321521,68,45,0.202284
130,27,68,0.548387,0.126096,8.758477,56,27,0.203855
130,28,57,0.459677,0.064446,7.345992,67,34,0.104188
130,29,64,0.516129,0.154747,7.985729,60,32,0.250175
130,30,57,0.459677,0.090884,7.332593,67,46,0.146928
130,31,56,0.451613,0.038646,6.861899,68,49,0.062478
130,32,73,0.588710,0.223315,9.643783,51,28,0.361025
130,33,62,0.500000,0.144627,8.263930,62,35,0.233813
130,34,62,0.500000,0.161373,8.092397,62,32,0.260886
130,35,65,0.524194,0.128593,8.121727,59,27,0.207892
130,36,60,0.483871,0.132951,7.840118,64,37,0.214937
130,37,64,0.516129,0.104750,8.308482,60,28,0.169346
130,38,54,0.435484,0.082048,7.095535,70,55,0.132644
130,39,68,0.548387,0.185430,8.781501,56,29,0.299778
130,40,54,0.435484,0.128053,6.932102,70,57,0.207018
130,41,56,0.451613,0.094888,6.972347,68,37,0.153403
130,42,57,0.459677,0.093895,7.102569,67,38,0.151796
130,43,63,0.508065,0.146424,8.316100,61,30,0.236719
130,44,64,0.516129,0.136281,8.585980,60,31,0.220320
130,45,65,0.524194,0.188184,8.686579,59,34,0.304230
130,46,67,0.540323,0.177718,8.734941,57,28,0.287311
130,47,70,0.564516,0.114028,8.808411,54,28,0.184345
130,48,61,0.491935,0.127422,7.780558,63,34,0.205999
130,49,60,0.483871,0.080818,7.587902,64,33,0.130656
130,50,66,0.532258,0.156675,8.064388,58,30,0.253291
130,51,60,0.483871,0.095099,7.429740,64,32,0.153744
130,52,58,0.467742,0.120277,7.256314,66,36,0.194448
130,53,73,0.588710,0.182899,9.472361,51,29,0.295686
130,54,59,0.475806,0.105379,7.486689,65,37,0.170362
130,55,67,0.540323,0.152812,8.890978,57,26,0.247046
130,56,67,0.540323,0.114670,8.872694,57,29,0.185383
130,57,69,0.556452,0.193797,9.164838,55,27,0.313305
130,58,69,0.556452,0.135803,8.811093,55,28,0.219547
130,59,64,0.516129,0.150249,8.589164,60,35,0.242902
130,60,61,0.491935,0.151412,8.145821,63,31,0.244783
130,61,60,0.483871,0.101473,8.187919,64,37,0.164048
130,62,57,0.459677,0.000000,7.064007,67,44,0.000000
130,63,61,0.491935,0.080066,8.043570,63,37,0.129440
130,64,67,0.540323,0.170523,8.414295,57,32,0.825678
130,65,68,0.548387,0.064984,8.239185,56,31,0.105057
130,66,59,0.475806,0.098481,7.631309,65,34,0.159210
130,67,62,0.500000,0.144876,7.998261,62,33,0.234217
130,68,55,0.443548,0.122968,7.589019,69,48,0.198798
130,69,54,0.435484,0.072732,6.797771,70,54,0.117583
130,70,56,0.451613,0.000000,7.329701,68,33,0.000000
130,71,59,0.475806,0.152384,7.573527,65,33,0.246354
130,72,58,0.467742,0.112611,7.356141,66,37,0.182054
130,73,58,0.467742,0.098999,7.650333,66,50,0.160049
130,74,55,0.443548,0.100966,6.979021,69,48,0.163228
130,75,51,0.411290,0.053085,6.777040,73,67,0.085820
130,76,56,0.451613,0.110359,6.690475,68,35,0.728414
130,77,64,0.516129,0.145072,7.994810,60,25,0.234532
130,78,69,0.556452,0.089039,8.769121,55,28,0.143946
130,79,63,0.508065,0.106171,8.439408,61,29,0.721643
130,80,59,0.475806,0.078870,7.186105,65,42,0.127506
130,81,61,0.491935,0.105606,7.994908,63,33,0.170730
130,82,62,0.500000,0.168350,8.227198,62,32,0.272165
130,83,67,0.540323,0.166334,8.702449,57,32,0.268907
130,84,67,0.540323,0.094929,8.547295,57,29,0.153468
130,85,57,0.459677,0.114732,7.451830,67,46,0.185484
130,86,64,0.516129,0.173744,8.725837,60,29,0.280886
130,87,53,0.427419,0.049593,6.776038,71,65,0.080176
130,88,55,0.443548,0.019820,7.154222,69,41,0.032043
130,89,56,0.451613,0.067935,7.303760,68,37,0.659829
130,90,66,0.532258,0.174382,8.495215,58,33,0.281918
130,91,60,0.483871,0.159547,7.894215,64,38,0.807935
130,92,69,0.556452,0.133823,9.115500,55,34,0.216347
130,93,63,0.508065,0.156750,8.033700,61,32,0.253412
130,94,60,0.483871,0.159958,7.640129,64,37,0.808599
130,95,59,0.475806,0.155539,7.956104,65,41,0.251454
130,96,53,0.427419,0.146841,7.188136,71,42,0.787393
130,97,66,0.532258,0.139508,8.917753,58,33,0.225538
130,98,60,0.483871,0.099611,7.488924,64,34,0.161038
130,99,72,0.580645,0.231498,9.669105,52,27,0.374255
130,100,61,0.491935,0.156175,7.819254,63,28,0.252483
130,101,64,0.516129,0.090127,8.298394,60,26,0.145704
130,102,69,0.556452,0.232166,8.960422,55,32,0.375334
130,103,64,0.516129,0.171837,8.649617,60,32,0.277803
130,104,58,0.467742,0.139848,7.609877,66,34,0.226087
130,105,68,0.548387,0.144673,8.924505,56,36,0.233888
130,106,53,0.427419,0.000000,6.811141,71,83,0.000000
130,107,64,0.516129,0.086606,8.287708,60,28,0.140013
130,108,61,0.491935,0.098424,7.532410,63,31,0.159118
130,109,63,0.508065,0.084637,8.303679,61,31,0.136830
130,110,57,0.459677,0.169341,7.447798,67,40,0.273767
130,111,62,0.500000,0.129641,7.738943,62,33,0.209586
130,112,61,0.491935,0.104814,7.501139,63,38,0.169450
130,113,70,0.564516,0.148926,9.093698,54,29,0.240764
130,114,64,0.516129,0.066953,8.137124,60,31,0.108241
130,115,58,0.467742,0.125794,7.845419,66,37,0.203367
130,116,51,0.411290,0.079113,6.831782,73,68,0.127899
130,117,63,0.508065,0.083333,8.191790,61,30,0.134721
130,118,56,0.451613,0.086488,7.212730,68,43,0.139822
130,119,60,0.483871,0.108537,8.165940,64,32,0.175468
130,120,60,0.483871,0.141344,7.969718,64,38,0.228505
130,121,65,0.524194,0.077093,8.176356,59,26,0.124633
130,122,71,0.572581,0.202051,9.559261,53,28,0.326649
130,123,58,0.467742,0.145063,7.533950,66,39,0.234518
130,124,63,0.508065,0.088096,7.571435,61,28,0.142422
131,0,72,0.580645,0.288819,9.689899,52,26,0.450000
131,1,68,0.548387,0.185627,9.099660,56,31,0.289220
131,2,68,0.548387,0.132020,8.673482,56,27,0.205696
131,3,65,0.524194,0.156631,8.627149,59,26,0.244041
131,4,55,0.443548,0.148839,7.716152,69,40,0.781902
131,5,67,0.540323,0.140523,9.416371,57,31,0.218945
131,6,61,0.491935,0.083249,8.259070,63,30,0.129708
131,7,59,0.475806,0.122256,7.638775,65,37,0.190484
131,8,61,0.491935,0.140523,7.677988,63,31,0.218945
131,9,67,0.540323,0.146736,8.366271,57,25,0.228625
131,10,61,0.491935,0.138554,7.753014,63,38,0.215877
131,11,63,0.508065,0.157810,8.464189,61,33,0.245879
131,12,64,0.516129,0.129121,8.332941,60,30,0.201179
131,13,60,0.483871,0.124291,7.548883,64,34,0.743654
131,14,60,0.483871,0.104833,8.045543,64,32,0.163337
131,15,62,0.500000,0.128041,8.176729,62,34,0.199496
131,16,71,0.572581,0.155249,9.065949,53,26,0.241890
131,17,73,0.588710,0.229254,9.460123,51,27,0.907194
131,18,65,0.524194,0.127598,8.410949,59,31,0.198806
131,19,58,0.467742,0.130140,7.358152,66,37,0.202767
131,20,65,0.524194,0.166761,9.033352,59,31,0.259825
131,21,60,0.483871,0.109590,7.960388,64,34,0.170749
131,22,66,0.532258,0.153639,8.704790,58,31,0.239381
131,23,75,0.604839,0.195522,9.462345,49,28,0.304637
131,24,61,0.491935,0.077704,7.840199,63,32,0.121069
131,25,74,0.596774,0.152622,9.682058,50,28,0.237796
131,26,56,0.451613,0.174519,7.609793,68,45,0.271913
131,27,68,0.548387,0.113284,8.614842,56,27,0.176504
131,28,57,0.459677,0.024761,7.341385,67,34,0.038580
131,29,64,0.516129,0.114066,8.053192,60,32,0.177723
131,30,57,0.459677,0.153353,7.377684,67,46,0.238934
131,31,56,0.451613,0.036650,6.768742,68,49,0.057103
131,32,73,0.588710,0.206648,9.526843,51,28,0.871971
131,33,62,0.500000,0.139266,8.254221,62,35,0.216986
131,34,62,0.500000,0.133882,8.292603,62,32,0.208597
131,35,65,0.524194,0.119038,7.920222,59,27,0.185469
131,36,60,0.483871,0.081302,7.767980,64,37,0.126674
131,37,64,0.516129,0.072761,8.090087,60,28,0.113367
131,38,54,0.435484,0.101242,7.259317,70,55,0.157741
131,39,68,0.548387,0.165221,8.539740,56,29,0.257426
131,40,54,0.435484,0.146150,7.107907,70,57,0.227712
131,41,56,0.451613,0.069831,6.858527,68,37,0.108801
131,42,57,0.459677,0.091858,7.015503,67,38,0.143122
131,43,63,0.508065,0.152508,8.153638,61,30,0.237618
131,44,64,0.516129,0.149020,8.617831,60,31,0.232184
131,45,65,0.524194,0.231726,8.682845,59,34,0.361045
131,46,67,0.540323,0.187635,8.734660,57,28,0.292348
131,47,70,0.564516,0.092192,8.692729,54,28,0.143642
131,48,61,0.491935,0.119701,7.770809,63,34,0.186502
131,49,60,0.483871,0.089814,7.679065,64,33,0.139937
131,50,66,0.532258,0.189790,8.447615,58,30,0.295706
131,51,60,0.483871,0.107080,7.413985,64,32,0.166838
131,52,58,0.467742,0.107792,7.232725,66,36,0.167948
131,53,73,0.588710,0.221064,9.651064,51,29,0.344433
131,54,59,0.475806,0.048194,7.474273,65,37,0.075090
131,55,67,0.540323,0.194398,8.935869,57,26,0.852885
131,56,67,0.540323,0.115748,8.831950,57,29,0.180344
131,57,69,0.556452,0.180672,9.154436,55,27,0.281500
131,58,69,0.556452,0.171659,8.970135,55,28,0.267456
131,59,64,0.516129,0.119849,8.437016,60,35,0.186734
131,60,61,0.491935,0.150151,8.185853,63,31,0.233945
131,61,60,0.483871,0.100479,8.020548,64,37,0.156553
131,62,57,0.459677,0.000000,6.902368,67,44,0.000000
131,63,61,0.491935,0.105795,8.210003,63,37,0.164835
131,64,67,0.540323,0.170213,8.557000,57,33,0.265204
131,65,68,0.548387,0.120800,8.137556,56,31,0.188215
131,66,59,0.475806,0.074722,7.602737,65,34,0.116422
131,67,62,0.500000,0.103537,7.825964,62,33,0.161319
131,68,55,0.443548,0.095866,7.362752,69,48,0.699366
131,69,54,0.435484,0.093777,6.842041,70,54,0.146111
131,70,56,0.451613,0.038757,7.664804,68,33,0.060387
131,71,59,0.475806,0.148799,7.492671,65,33,0.231839
131,72,58,0.467742,0.113494,7.447024,66,37,0.176832
131,73,58,0.467742,0.100200,7.632692,66,50,0.156118
131,74,55,0.443548,0.103066,6.994284,69,48,0.160584
131,75,51,0.411290,0.063464,6.676400,73,67,0.098882
131,76,56,0.451613,0.119033,6.928434,68,36,0.185462
131,77,64,0.516129,0.135218,8.175518,60,25,0.210679
131,78,69,0.556452,0.151635,8.888893,55,28,0.236257
131,79,63,0.508065,0.101017,8.630278,61,30,0.157391
131,80,59,0.475806,0.101017,7.562152,65,42,0.157392
131,81,61,0.491935,0.082968,7.798585,63,33,0.129269
131,82,62,0.500000,0.136958,8.264380,62,32,0.213391
131,83,67,0.540323,0.163849,8.825986,57,32,0.255288
131,84,67,0.540323,0.171242,8.651079,57,29,0.266807
131,85,57,0.459677,0.119306,7.358860,67,46,0.185888
131,86,64,0.516129,0.181451,8.752823,60,29,0.282714
131,87,53,0.427419,0.014428,6.571271,71,65,0.022480
131,88,55,0.443548,0.064758,7.337937,69,41,0.100898
131,89,56,0.451613,0.047417,7.192881,68,38,0.073878
131,90,66,0.532258,0.125877,8.407993,58,33,0.196125
131,91,60,0.483871,0.155600,7.782455,64,39,0.242436
131,92,69,0.556452,0.158093,9.126930,55,34,0.246320
131,93,63,0.508065,0.122831,7.796406,61,32,0.191380
131,94,60,0.483871,0.141185,7.554699,64,38,0.219977
131,95,59,0.475806,0.165293,8.040920,65,41,0.257538
131,96,53,0.427419,0.079908,6.941571,71,43,0.124502
131,97,66,0.532258,0.202801,9.066488,58,33,0.315978
131,98,60,0.483871,0.096581,7.362072,64,34,0.150480
131,99,72,0.580645,0.244007,9.715669,52,27,0.380180
131,100,61,0.491935,0.126311,7.558489,63,28,0.196801
131,101,64,0.516129,0.060870,8.172784,60,26,0.094840
131,102,69,0.556452,0.237372,9.018163,55,32,0.369843
131,103,64,0.516129,0.168218,8.674432,60,32,0.262095
131,104,58,0.467742,0.116154,7.542546,66,34,0.180977
131,105,68,0.548387,0.140393,8.972561,56,36,0.218742
131,106,53,0.427419,0.013738,6.871141,71,83,0.021405
131,107,64,0.516129,0.046378,8.316633,60,28,0.072260
131,108,61,0.491935,0.106858,7.572720,63,31,0.166492
131,109,63,0.508065,0.112048,8.198530,61,31,0.174579
131,110,57,0.459677,0.183498,7.440899,67,40,0.285903
131,111,62,0.500000,0.147856,7.993495,62,33,0.230370
131,112,61,0.491935,0.130547,7.774367,63,38,0.203401
131,113,70,0.564516,0.161293,9.158771,54,29,0.251306
131,114,64,0.516129,0.078006,8.188876,60,31,0.121539
131,115,58,0.467742,0.151929,7.688130,66,37,0.236716
131,116,51,0.411290,0.045081,6.933424,73,68,0.070239
131,117,63,0.508065,0.067154,8.214311,61,30,0.104631
131,118,56,0.451613,0.095023,7.181468,68,43,0.148053
131,119,60,0.483871,0.154996,8.272062,64,32,0.241495
131,120,60,0.483871,0.137440,7.909974,64,38,0.214141
131,121,65,0.524194,0.117854,8.220419,59,26,0.733625
131,122,71,0.572581,0.173729,9.383147,53,28,0.270682
131,123,58,0.467742,0.101415,7.289085,66,39,0.158012
131,124,63,0.508065,0.101857,7.727806,61,28,0.158700
132,0,72,0.580645,0.288086,9.766894,52,26,0.450000
132,1,68,0.548387,0.170028,9.097598,56,31,0.265589
132,2,68,0.548387,0.128349,8.754956,56,27,0.200485
132,3,65,0.524194,0.148723,8.455312,59,26,0.232310
132,4,55,0.443548,0.153142,7.555978,69,41,0.239214
132,5,67,0.540323,0.156698,9.287889,57,31,0.244768
132,6,61,0.491935,0.099040,8.171152,63,30,0.154704
132,7,59,0.475806,0.118805,7.471252,65,37,0.185578
132,8,61,0.491935,0.119202,7.743892,63,31,0.186198
132,9,67,0.540323,0.169974,8.504337,57,25,0.265505
132,10,61,0.491935,0.148380,7.892330,63,38,0.781774
132,11,63,0.508065,0.132065,8.229822,61,33,0.206291
132,12,64,0.516129,0.140210,8.195329,60,30,0.219013
132,13,60,0.483871,0.109318,7.481012,64,35,0.170759
132,14,60,0.483871,0.094027,7.959306,64,32,0.146874
132,15,62,0.500000,0.101933,8.114949,62,34,0.159223
132,16,71,0.572581,0.171931,9.175452,53,26,0.268562
132,17,73,0.588710,0.203986,9.358454,51,28,0.318633
132,18,65,0.524194,0.157494,8.457141,59,31,0.246011
132,19,58,0.467742,0.126861,7.367358,66,37,0.198162
132,20,65,0.524194,0.149699,8.727459,59,31,0.233835
132,21,60,0.483871,0.129375,7.982671,64,34,0.202088
132,22,66,0.532258,0.155583,8.652207,58,31,0.243026
132,23,75,0.604839,0.179400,9.415321,49,28,0.280228
132,24,61,0.491935,0.099621,7.843427,63,32,0.155611
132,25,74,0.596774,0.176507,9.773732,50,28,0.275711
132,26,56,0.451613,0.161766,7.404572,68,45,0.802684
132,27,68,0.548387,0.157473,8.692827,56,27,0.245979
132,28,57,0.459677,0.018609,7.264972,67,34,0.029067
132,29,64,0.516129,0.148555,8.192965,60,32,0.232047
132,30,57,0.459677,0.125599,7.368218,67,46,0.196189
132,31,56,0.451613,0.050045,7.001594,68,49,0.078173
132,32,73,0.588710,0.192285,9.608257,51,29,0.300356
132,33,62,0.500000,0.155500,8.348396,62,35,0.242897
132,34,62,0.500000,0.142719,8.133126,62,32,0.222932
132,35,65,0.524194,0.129441,8.051371,59,27,0.752191
132,36,60,0.483871,0.108920,7.876736,64,37,0.170137
132,37,64,0.516129,0.068935,8.147738,60,28,0.107680
132,38,54,0.435484,0.100329,7.097562,70,55,0.156718
132,39,68,0.548387,0.162925,8.588894,56,29,0.254494
132,40,54,0.435484,0.143256,7.051365,70,57,0.223771
132,41,56,0.451613,0.056260,6.687036,68,37,0.087881
132,42,57,0.459677,0.094910,7.007959,67,38,0.148252
132,43,63,0.508065,0.139546,8.123479,61,30,0.217975
132,44,64,0.516129,0.137492,8.584536,60,31,0.214768
132,45,65,0.524194,0.210037,8.670935,59,34,0.328085
132,46,67,0.540323,0.194025,8.692963,57,28,0.303073
132,47,70,0.564516,0.100289,8.841159,54,28,0.156655
132,48,61,0.491935,0.138213,7.820397,63,34,0.215893
132,49,60,0.483871,0.086319,7.484432,64,33,0.134833
132,50,66,0.532258,0.140693,8.099842,58,30,0.219768
132,51,60,0.483871,0.121136,7.576979,64,32,0.189219
132,52,58,0.467742,0.103732,7.379817,66,36,0.162034
132,53,73,0.588710,0.201193,9.489545,51,29,0.314271
132,54,59,0.475806,0.062199,7.443978,65,37,0.097156
132,55,67,0.540323,0.168881,8.914353,57,27,0.263798
132,56,67,0.540323,0.114878,8.866361,57,29,0.179443
132,57,69,0.556452,0.175153,9.121260,55,27,0.273595
132,58,69,0.556452,0.159665,8.899585,55,28,0.249402
132,59,64,0.516129,0.096891,8.228549,60,35,0.151348
132,60,61,0.491935,0.137251,8.049365,63,31,0.214392
132,61,60,0.483871,0.095997,8.018339,64,37,0.149950
132,62,57,0.459677,0.000000,6.974231,67,44,0.000000
132,63,61,0.491935,0.120255,7.989337,63,37,0.187842
132,64,67,0.540323,0.182951,8.525308,57,33,0.835776
132,65,68,0.548387,0.092391,8.154416,56,31,0.144318
132,66,59,0.475806,0.087009,7.620900,65,34,0.135910
132,67,62,0.500000,0.138202,7.922935,62,33,0.215877
132,68,55,0.443548,0.101393,7.567339,69,49,0.158379
132,69,54,0.435484,0.088384,6.799689,70,54,0.138059
132,70,56,0.451613,0.079872,7.626705,68,33,0.124763
132,71,59,0.475806,0.151082,7.472194,65,33,0.235995
132,72,58,0.467742,0.129309,7.474097,66,37,0.201985
132,73,58,0.467742,0.103092,7.589431,66,50,0.161033
132,74,55,0.443548,0.083916,6.916639,69,48,0.131079
132,75,51,0.411290,0.038784,6.555617,73,67,0.060582
132,76,56,0.451613,0.096205,6.680632,68,36,0.150276
132,77,64,0.516129,0.132328,7.981015,60,25,0.206701
132,78,69,0.556452,0.106033,8.761951,55,28,0.165627
132,79,63,0.508065,0.081516,8.489489,61,30,0.127331
132,80,59,0.475806,0.097926,7.552119,65,42,0.152963
132,81,61,0.491935,0.080670,7.888230,63,33,0.126010
132,82,62,0.500000,0.168856,8.271691,62,32,0.263759
132,83,67,0.540323,0.167682,8.656986,57,32,0.261925
132,84,67,0.540323,0.126981,8.664159,57,29,0.198349
132,85,57,0.459677,0.132929,7.426127,67,46,0.207640
132,86,64,0.516129,0.170765,8.801858,60,29,0.266741
132,87,53,0.427419,0.051209,6.788020,71,65,0.079990
132,88,55,0.443548,0.038665,7.084993,69,41,0.060395
132,89,56,0.451613,0.076041,7.252526,68,38,0.118779
132,90,66,0.532258,0.128358,8.285276,58,33,0.200499
132,91,60,0.483871,0.145373,7.925331,64,39,0.227078
132,92,69,0.556452,0.160425,9.061837,55,34,0.250589
132,93,63,0.508065,0.144199,7.845403,61,32,0.775244
132,94,60,0.483871,0.145013,7.613356,64,38,0.226515
132,95,59,0.475806,0.169499,8.111361,65,41,0.264763
132,96,53,0.427419,0.102872,6.958422,71,43,0.160690
132,97,66,0.532258,0.191442,9.098590,58,33,0.299039
132,98,60,0.483871,0.089840,7.349540,64,34,0.140332
132,99,72,0.580645,0.245492,9.644566,52,27,0.933468
132,100,61,0.491935,0.140691,7.618641,63,28,0.219764
132,101,64,0.516129,0.090698,8.264985,60,26,0.141673
132,102,69,0.556452,0.223898,9.108355,55,32,0.349737
132,103,64,0.516129,0.147726,8.712063,60,32,0.230753
132,104,58,0.467742,0.120384,7.591734,66,34,0.188045
132,105,68,0.548387,0.126779,9.064546,56,36,0.198034
132,106,53,0.427419,0.016683,6.999832,71,83,0.026059
132,107,64,0.516129,0.101182,8.444531,60,28,0.158051
132,108,61,0.491935,0.138645,7.622605,63,31,0.216568
132,109,63,0.508065,0.098909,8.300644,61,31,0.154499
132,110,57,0.459677,0.201306,7.512310,67,40,0.314446
132,111,62,0.500000,0.138860,7.946755,62,33,0.216904
132,112,61,0.491935,0.125402,7.649935,63,38,0.195882
132,113,70,0.564516,0.169971,9.185865,54,29,0.265501
132,114,64,0.516129,0.081427,8.068241,60,31,0.127192
132,115,58,0.467742,0.151674,7.856237,66,37,0.236920
132,116,51,0.411290,0.030971,6.744402,73,68,0.048377
132,117,63,0.508065,0.074963,8.103717,61,30,0.117095
132,118,56,0.451613,0.090309,7.143963,68,43,0.141067
132,119,60,0.483871,0.146077,8.432191,64,32,0.228178
132,120,60,0.483871,0.136682,8.041935,64,38,0.213502
132,121,65,0.524194,0.070995,8.063817,59,27,0.110896
132,122,71,0.572581,0.173461,9.413110,53,28,0.270952
132,123,58,0.467742,0.119003,7.433110,66,39,0.185886
132,124,63,0.508065,0.095602,7.672810,61,28,0.699333
133,0,72,0.580645,0.238718,9.809870,52,26,0.450000
133,1,68,0.548387,0.187094,9.130619,56,31,0.902685
133,2,68,0.548387,0.145283,8.679350,56,27,0.273869
133,3,65,0.524194,0.155934,8.512160,59,26,0.293947
133,4,55,0.443548,0.129409,7.381813,69,41,0.243946
133,5,67,0.540323,0.173280,9.324814,57,31,0.326644
133,6,61,0.491935,0.076909,8.129106,63,30,0.144978
133,7,59,0.475806,0.137212,7.713170,65,37,0.258655
133,8,61,0.491935,0.131415,7.734852,63,31,0.247727
133,9,67,0.540323,0.161793,8.341115,57,25,0.304991
133,10,61,0.491935,0.146723,7.770045,63,39,0.276583
133,11,63,0.508065,0.123126,8.147611,61,33,0.232101
133,12,64,0.516129,0.136833,8.121481,60,30,0.257940
133,13,60,0.483871,0.130906,7.589838,64,35,0.246768
133,14,60,0.483871,0.090168,7.919552,64,32,0.169972
133,15,62,0.500000,0.117641,8.197762,62,34,0.221761
133,16,71,0.572581,0.194912,9.209349,53,26,0.917423
133,17,73,0.588710,0.185487,9.234980,51,28,0.349656
133,18,65,0.524194,0.169943,8.314560,59,31,0.320355
133,19,58,0.467742,0.145831,7.371695,66,37,0.274901
133,20,65,0.524194,0.175558,8.695796,59,31,0.330939
133,21,60,0.483871,0.124436,7.856863,64,34,0.234571
133,22,66,0.532258,0.179944,8.753900,58,31,0.339207
133,23,75,0.604839,0.204794,9.566674,49,28,0.936051
133,24,61,0.491935,0.091523,7.735658,63,32,0.172528
133,25,74,0.596774,0.194433,9.757638,50,28,0.366519
133,26,56,0.451613,0.142041,7.468295,68,46,0.267758
133,27,68,0.548387,0.128688,8.688561,56,27,0.242585
133,28,57,0.459677,0.045798,7.303424,67,34,0.086333
133,29,64,0.516129,0.122382,8.029545,60,32,0.230699
133,30,57,0.459677,0.099531,7.250896,67,46,0.187624
133,31,56,0.451613,0.055926,6.950611,68,49,0.105425
133,32,73,0.588710,0.192343,9.608996,51,29,0.362579
133,33,62,0.500000,0.148753,8.297905,62,35,0.280410
133,34,62,0.500000,0.154703,8.159638,62,32,0.291627
133,35,65,0.524194,0.109877,8.010688,59,28,0.207125
133,36,60,0.483871,0.108551,7.786070,64,37,0.204627
133,37,64,0.516129,0.074866,8.255419,60,28,0.141129
133,38,54,0.435484,0.092633,7.077733,70,55,0.174621
133,39,68,0.548387,0.159662,8.578260,56,29,0.300974
133,40,54,0.435484,0.111166,7.058312,70,57,0.209557
133,41,56,0.451613,0.099098,6.908655,68,37,0.186808
133,42,57,0.459677,0.101905,7.092257,67,38,0.192097
133,43,63,0.508065,0.133422,8.266655,61,30,0.251511
133,44,64,0.516129,0.162406,8.566688,60,31,0.306147
133,45,65,0.524194,0.191788,8.624187,59,34,0.361534
133,46,67,0.540323,0.201630,8.777983,57,28,0.380086
133,47,70,0.564516,0.071402,8.766932,54,28,0.134599
133,48,61,0.491935,0.137622,7.865546,63,34,0.259428
133,49,60,0.483871,0.071619,7.547818,64,33,0.135008
133,50,66,0.532258,0.156048,8.199133,58,30,0.294161
133,51,60,0.483871,0.096550,7.506295,64,32,0.732003
133,52,58,0.467742,0.120876,7.284618,66,36,0.227860
133,53,73,0.588710,0.204566,9.537453,51,29,0.385621
133,54,59,0.475806,0.086124,7.545040,65,37,0.162349
133,55,67,0.540323,0.148648,9.006338,57,27,0.280212
133,56,67,0.540323,0.109289,8.734761,57,29,0.206017
133,57,69,0.556452,0.200874,9.096051,55,27,0.378662
133,58,69,0.556452,0.169872,8.842627,55,28,0.320221
133,59,64,0.516129,0.111556,8.365296,60,35,0.210292
133,60,61,0.491935,0.152449,8.107731,63,31,0.287377
133,61,60,0.483871,0.123486,8.027093,64,37,0.232780
133,62,57,0.459677,0.000000,6.881736,67,44,0.000000
133,63,61,0.491935,0.109644,8.119010,63,37,0.206687
133,64,67,0.540323,0.158369,8.370391,57,34,0.298536
133,65,68,0.548387,0.105019,8.384879,56,31,0.197969
133,66,59,0.475806,0.099774,7.592432,65,34,0.188082
133,67,62,0.500000,0.136863,7.891997,62,33,0.257996
133,68,55,0.443548,0.124482,7.521555,69,49,0.234657
133,69,54,0.435484,0.100753,6.768942,70,54,0.189927
133,70,56,0.451613,0.079336,7.513926,68,33,0.149555
133,71,59,0.475806,0.174773,7.716631,65,33,0.329459
133,72,58,0.467742,0.097448,7.427094,66,37,0.183697
133,73,58,0.467742,0.095487,7.711996,66,50,0.179999
133,74,55,0.443548,0.090883,7.016474,69,48,0.171320
133,75,51,0.411290,0.063735,6.601774,73,67,0.120144
133,76,56,0.451613,0.124145,6.829331,68,36,0.234022
133,77,64,0.516129,0.140740,8.102397,60,25,0.265305
133,78,69,0.556452,0.088884,8.763623,55,28,0.167553
133,79,63,0.508065,0.101122,8.488217,61,30,0.190623
133,80,59,0.475806,0.099780,7.443349,65,42,0.188092
133,81,61,0.491935,0.126039,8.124786,63,33,0.237592
133,82,62,0.500000,0.179857,8.169697,62,32,0.889043
133,83,67,0.540323,0.166937,8.766277,57,32,0.314689
133,84,67,0.540323,0.132674,8.666878,57,29,0.250099
133,85,57,0.459677,0.115170,7.301787,67,46,0.767103
133,86,64,0.516129,0.131352,8.807590,60,29,0.247609
133,87,53,0.427419,0.033197,6.747860,71,65,0.062580
133,88,55,0.443548,0.052427,7.280935,69,41,0.098828
133,89,56,0.451613,0.077799,7.274506,68,38,0.146656
133,90,66,0.532258,0.133409,8.403784,58,33,0.251485
133,91,60,0.483871,0.108770,7.737959,64,39,0.205039
133,92,69,0.556452,0.135550,9.011319,55,34,0.255521
133,93,63,0.508065,0.128949,7.783272,61,33,0.243078
133,94,60,0.483871,0.134986,7.546459,64,38,0.254458
133,95,59,0.475806,0.144094,7.887336,65,41,0.271628
133,96,53,0.427419,0.107716,7.027093,71,43,0.203052
133,97,66,0.532258,0.169520,9.052663,58,33,0.319557
133,98,60,0.483871,0.085474,7.349765,64,34,0.161124
133,99,72,0.580645,0.224826,9.525016,52,28,0.423812
133,100,61,0.491935,0.127396,7.634526,63,28,0.240151
133,101,64,0.516129,0.074725,8.219571,60,26,0.140862
133,102,69,0.556452,0.205008,9.002591,55,32,0.386454
133,103,64,0.516129,0.156343,8.559119,60,32,0.294718
133,104,58,0.467742,0.126344,7.527193,66,34,0.238168
133,105,68,0.548387,0.119065,8.940494,56,36,0.224447
133,106,53,0.427419,0.004995,6.820497,71,83,0.009416
133,107,64,0.516129,0.073658,8.331288,60,28,0.138851
133,108,61,0.491935,0.131319,7.605763,63,31,0.247546
133,109,63,0.508065,0.100976,8.224459,61,31,0.190347
133,110,57,0.459677,0.173281,7.339179,67,40,0.326647
133,111,62,0.500000,0.161835,7.951424,62,33,0.305070
133,112,61,0.491935,0.118438,7.520589,63,38,0.223264
133,113,70,0.564516,0.170207,9.153156,54,29,0.320853
133,114,64,0.516129,0.081371,8.078740,60,31,0.153390
133,115,58,0.467742,0.166585,7.805363,66,37,0.314025
133,116,51,0.411290,0.058951,6.815080,73,68,0.111127
133,117,63,0.508065,0.084382,8.121623,61,30,0.159065
133,118,56,0.451613,0.070878,7.211709,68,43,0.133611
133,119,60,0.483871,0.129272,8.185199,64,32,0.243686
133,120,60,0.483871,0.126698,7.894443,64,38,0.788835
133,121,65,0.524194,0.088725,8.128843,59,27,0.167254
133,122,71,0.572581,0.185935,9.479261,53,28,0.350501
133,123,58,0.467742,0.132114,7.459407,66,39,0.249045
133,124,63,0.508065,0.089216,7.692797,61,29,0.168178
134,0,72,0.580645,0.249647,10.005493,52,26,0.450000
134,1,68,0.548387,0.169370,9.092916,56,32,0.855297
134,2,68,0.548387,0.162798,8.876592,56,27,0.293451
134,3,65,0.524194,0.150163,8.330193,59,26,0.270675
134,4,55,0.443548,0.107809,7.313228,69,41,0.194330
134,5,67,0.540323,0.164566,9.311335,57,31,0.296637
134,6,61,0.491935,0.084213,8.132645,63,30,0.151798
134,7,59,0.475806,0.133358,7.613801,65,37,0.240383
134,8,61,0.491935,0.137115,7.702525,63,31,0.247156
134,9,67,0.540323,0.184954,8.641703,57,25,0.333388
134,10,61,0.491935,0.135929,7.850847,63,39,0.245018
134,11,63,0.508065,0.116357,8.158257,61,33,0.209739
134,12,64,0.516129,0.158492,8.183578,60,30,0.285689
134,13,60,0.483871,0.138651,7.597218,64,35,0.249925
134,14,60,0.483871,0.107546,8.065525,64,32,0.193856
134,15,62,0.500000,0.092805,8.142041,62,34,0.167284
134,16,71,0.572581,0.158432,9.265271,53,27,0.285580
134,17,73,0.588710,0.207226,9.341563,51,28,0.373535
134,18,65,0.524194,0.160049,8.314667,59,31,0.288496
134,19,58,0.467742,0.126725,7.226442,66,37,0.228427
134,20,65,0.524194,0.204492,8.795063,59,31,0.368606
134,21,60,0.483871,0.128040,7.953003,64,34,0.230798
134,22,66,0.532258,0.126895,8.478023,58,31,0.228733
134,23,75,0.604839,0.154744,9.359240,49,29,0.278933
134,24,61,0.491935,0.098070,7.888998,63,32,0.176775
134,25,74,0.596774,0.171368,9.649908,50,28,0.308898
134,26,56,0.451613,0.126708,7.333640,68,46,0.228396
134,27,68,0.548387,0.118345,8.637068,56,27,0.213323
134,28,57,0.459677,0.047067,7.234569,67,34,0.084841
134,29,64,0.516129,0.150349,8.002580,60,32,0.271010
134,30,57,0.459677,0.104296,7.166209,67,46,0.187997
134,31,56,0.451613,0.030218,7.055782,68,49,0.054469
134,32,73,0.588710,0.193842,9.668672,51,29,0.349409
134,33,62,0.500000,0.136277,8.158388,62,35,0.245646
134,34,62,0.500000,0.145151,7.909643,62,32,0.261641
134,35,65,0.524194,0.126024,8.171777,59,28,0.227164
134,36,60,0.483871,0.131603,8.019876,64,37,0.237219
134,37,64,0.516129,0.061560,8.149045,60,28,0.110964
134,38,54,0.435484,0.075414,7.107655,70,55,0.135936
134,39,68,0.548387,0.158660,8.704858,56,29,0.285992
134,40,54,0.435484,0.119972,6.990546,70,57,0.216256
134,41,56,0.451613,0.075488,6.854381,68,37,0.136070
134,42,57,0.459677,0.084089,7.075831,67,38,0.151574
134,43,63,0.508065,0.159978,8.159840,61,30,0.288367
134,44,64,0.516129,0.174032,8.555600,60,31,0.863701
134,45,65,0.524194,0.163321,8.712059,59,34,0.294393
134,46,67,0.540323,0.196914,8.745136,57,28,0.904946
134,47,70,0.564516,0.092989,8.836958,54,28,0.167618
134,48,61,0.491935,0.149845,7.879165,63,34,0.270102
134,49,60,0.483871,0.082911,7.690119,64,33,0.149451
134,50,66,0.532258,0.142214,8.087108,58,30,0.256346
134,51,60,0.483871,0.115055,7.526851,64,33,0.207392
134,52,58,0.467742,0.104230,7.276701,66,36,0.187878
134,53,73,0.588710,0.200497,9.641785,51,29,0.361404
134,54,59,0.475806,0.094335,7.376049,65,37,0.170043
134,55,67,0.540323,0.138847,8.828229,57,27,0.250278
134,56,67,0.540323,0.133089,8.927626,57,29,0.239900
134,57,69,0.556452,0.173677,8.850040,55,27,0.313061
134,58,69,0.556452,0.135744,8.803586,55,28,0.244684
134,59,64,0.516129,0.144439,8.358531,60,35,0.260357
134,60,61,0.491935,0.152493,8.107883,63,31,0.274876
134,61,60,0.483871,0.130261,8.048489,64,37,0.234802
134,62,57,0.459677,0.000000,7.014682,67,44,0.000000
134,63,61,0.491935,0.124198,8.103862,63,37,0.223872
134,64,67,0.540323,0.172953,8.511251,57,34,0.861756
134,65,68,0.548387,0.056498,8.181930,56,31,0.101839
134,66,59,0.475806,0.098246,7.600639,65,34,0.177093
134,67,62,0.500000,0.116176,7.798941,62,33,0.209413
134,68,55,0.443548,0.105291,7.439591,69,49,0.189791
134,69,54,0.435484,0.068507,6.725017,70,54,0.123487
134,70,56,0.451613,0.066346,7.481099,68,33,0.119591
134,71,59,0.475806,0.177006,7.756523,65,33,0.319060
134,72,58,0.467742,0.124847,7.416244,66,37,0.225042
134,73,58,0.467742,0.114822,7.815869,66,50,0.206972
134,74,55,0.443548,0.113027,7.135917,69,48,0.203736
134,75,51,0.411290,0.024945,6.502110,73,67,0.044965
134,76,56,0.451613,0.114594,6.949506,68,36,0.206561
134,77,64,0.516129,0.136711,8.038001,60,25,0.246428
134,78,69,0.556452,0.079578,8.657397,55,28,0.143443
134,79,63,0.508065,0.075136,8.494445,61,30,0.135437
134,80,59,0.475806,0.104814,7.551827,65,42,0.188931
134,81,61,0.491935,0.122797,8.097762,63,33,0.221347
134,82,62,0.500000,0.185527,8.346247,62,33,0.334420
134,83,67,0.540323,0.191344,8.699219,57,32,0.344907
134,84,67,0.540323,0.143600,8.680048,57,29,0.258845
134,85,57,0.459677,0.090291,7.254706,67,47,0.162753
134,86,64,0.516129,0.122128,8.687200,60,29,0.220142
134,87,53,0.427419,0.055725,6.749218,71,65,0.650446
134,88,55,0.443548,0.043676,7.190940,69,41,0.078728
134,89,56,0.451613,0.062865,7.217694,68,38,0.113318
134,90,66,0.532258,0.135079,8.426340,58,33,0.243485
134,91,60,0.483871,0.146303,7.912569,64,39,0.263717
134,92,69,0.556452,0.147532,9.102504,55,34,0.265933
134,93,63,0.508065,0.154806,7.832816,61,33,0.279045
134,94,60,0.483871,0.136419,7.497523,64,38,0.245902
134,95,59,0.475806,0.145320,7.951879,65,41,0.261945
134,96,53,0.427419,0.122359,7.029620,71,43,0.220557
134,97,66,0.532258,0.149845,9.047978,58,33,0.270102
134,98,60,0.483871,0.085436,7.225297,64,34,0.154003
134,99,72,0.580645,0.216616,9.553355,52,28,0.390460
134,100,61,0.491935,0.125813,7.701356,63,28,0.226783
134,101,64,0.516129,0.090633,8.249090,60,26,0.163371
134,102,69,0.556452,0.248722,9.130761,55,32,0.448333
134,103,64,0.516129,0.167380,8.614768,60,32,0.301710
134,104,58,0.467742,0.135026,7.546188,66,34,0.243391
134,105,68,0.548387,0.141218,8.846145,56,36,0.254551
134,106,53,0.427419,0.013681,6.980761,71,83,0.024661
134,107,64,0.516129,0.111629,8.232016,60,28,0.201216
134,108,61,0.491935,0.120294,7.757720,63,31,0.216836
134,109,63,0.508065,0.124804,8.258034,61,31,0.774964
134,110,57,0.459677,0.178024,7.318359,67,40,0.320896
134,111,62,0.500000,0.150229,7.881724,62,33,0.270794
134,112,61,0.491935,0.100655,7.533243,63,38,0.181436
134,113,70,0.564516,0.170822,9.090652,54,29,0.307915
134,114,64,0.516129,0.067750,8.006645,60,31,0.122122
134,115,58,0.467742,0.134050,7.691984,66,37,0.241630
134,116,51,0.411290,0.061012,6.878982,73,68,0.109977
134,117,63,0.508065,0.109103,8.079596,61,30,0.196662
134,118,56,0.451613,0.083840,7.087046,68,43,0.151124
134,119,60,0.483871,0.131703,8.319260,64,32,0.237400
134,120,60,0.483871,0.126581,8.002731,64,39,0.778168
134,121,65,0.524194,0.108333,8.251636,59,27,0.195275
134,122,71,0.572581,0.225106,9.607838,53,28,0.405763
134,123,58,0.467742,0.159246,7.651373,66,39,0.287047
134,124,63,0.508065,0.066963,7.485939,61,29,0.670704
135,0,72,0.580645,0.282075,10.046362,52,26,0.450000
135,1,68,0.548387,0.170912,9.146013,56,33,0.272660
135,2,68,0.548387,0.149213,8.855372,56,27,0.788043
135,3,65,0.524194,0.130292,8.207617,59,26,0.207858
135,4,55,0.443548,0.118586,7.262548,69,41,0.189182
135,5,67,0.540323,0.167044,9.453599,57,31,0.266489
135,6,61,0.491935,0.124013,8.204676,63,30,0.197841
135,7,59,0.475806,0.130558,7.669276,65,37,0.208283
135,8,61,0.491935,0.096603,7.564255,63,31,0.154113
135,9,67,0.540323,0.173194,8.494384,57,25,0.276300
135,10,61,0.491935,0.148059,7.777794,63,39,0.786202
135,11,63,0.508065,0.116089,8.155343,61,33,0.185199
135,12,64,0.516129,0.172247,8.248538,60,30,0.274790
135,13,60,0.483871,0.132351,7.577561,64,35,0.211142
135,14,60,0.483871,0.112967,8.107875,64,32,0.180219
135,15,62,0.500000,0.087184,8.052703,62,34,0.139087
135,16,71,0.572581,0.142459,9.114451,53,27,0.227268
135,17,73,0.588710,0.202331,9.197256,51,28,0.322783
135,18,65,0.524194,0.149668,8.288422,59,31,0.238768
135,19,58,0.467742,0.141889,7.417096,66,37,0.226359
135,20,65,0.524194,0.208319,8.613258,59,31,0.332336
135,21,60,0.483871,0.113045,7.780531,64,34,0.180343
135,22,66,0.532258,0.129880,8.435531,58,31,0.207200
135,23,75,0.604839,0.173814,9.509336,49,29,0.277290
135,24,61,0.491935,0.086529,7.748021,63,32,0.138042
135,25,74,0.596774,0.204192,9.759783,50,28,0.875751
135,26,56,0.451613,0.115149,7.369987,68,46,0.183700
135,27,68,0.548387,0.142566,8.705695,56,27,0.227438
135,28,57,0.459677,0.069692,7.203598,67,34,0.661181
135,29,64,0.516129,0.117536,7.986069,60,32,0.187508
135,30,57,0.459677,0.064202,7.144243,67,46,0.102423
135,31,56,0.451613,0.048337,7.153683,68,49,0.077113
135,32,73,0.588710,0.221918,9.895321,51,29,0.354031
135,33,62,0.500000,0.125973,8.167673,62,35,0.200968
135,34,62,0.500000,0.133588,7.751314,62,32,0.213115
135,35,65,0.524194,0.139991,8.141286,59,28,0.223330
135,36,60,0.483871,0.100569,7.905424,64,37,0.160440
135,37,64,0.516129,0.065448,8.241798,60,28,0.104410
135,38,54,0.435484,0.087332,7.075760,70,55,0.139322
135,39,68,0.548387,0.164622,8.758894,56,29,0.262626
135,40,54,0.435484,0.136475,7.028916,70,57,0.217721
135,41,56,0.451613,0.132025,7.039571,68,37,0.210622
135,42,57,0.459677,0.095877,6.997551,67,38,0.152955
135,43,63,0.508065,0.152923,8.329221,61,30,0.243961
135,44,64,0.516129,0.139235,8.539347,60,32,0.222125
135,45,65,0.524194,0.168104,8.572301,59,34,0.268181
135,46,67,0.540323,0.192072,8.944256,57,29,0.306417
135,47,70,0.564516,0.097329,8.777410,54,28,0.155271
135,48,61,0.491935,0.183798,7.902611,63,34,0.293216
135,49,60,0.483871,0.065772,7.652191,64,33,0.104927
135,50,66,0.532258,0.163004,8.140858,58,30,0.810044
135,51,60,0.483871,0.121048,7.476196,64,33,0.193110
135,52,58,0.467742,0.084954,7.288426,66,36,0.135529
135,53,73,0.588710,0.200244,9.582974,51,29,0.319453
135,54,59,0.475806,0.076006,7.389207,65,37,0.121254
135,55,67,0.540323,0.111128,8.816192,57,27,0.177285
135,56,67,0.540323,0.131791,8.875206,57,29,0.210249
135,57,69,0.556452,0.189153,8.896800,55,27,0.301759
135,58,69,0.556452,0.167027,8.927745,55,28,0.266461
135,59,64,0.516129,0.123545,8.391343,60,35,0.197093
135,60,61,0.491935,0.152428,8.141721,63,31,0.243172
135,61,60,0.483871,0.123124,8.101333,64,37,0.196422
135,62,57,0.459677,0.000000,7.047874,67,44,0.000000
135,63,61,0.491935,0.092860,8.041989,63,37,0.148142
135,64,67,0.540323,0.151196,8.321987,57,35,0.241207
135,65,68,0.548387,0.062703,8.132918,56,31,0.100031
135,66,59,0.475806,0.111112,7.645910,65,34,0.177259
135,67,62,0.500000,0.139808,7.801117,62,33,0.223038
135,68,55,0.443548,0.109919,7.521086,69,49,0.175356
135,69,54,0.435484,0.097526,6.815601,70,54,0.155585
135,70,56,0.451613,0.051641,7.450560,68,33,0.082383
135,71,59,0.475806,0.189807,7.756756,65,33,0.852803
135,72,58,0.467742,0.087562,7.163850,66,37,0.139690
135,73,58,0.467742,0.056853,7.708980,66,50,0.090699
135,74,55,0.443548,0.139179,7.076210,69,48,0.222036
135,75,51,0.411290,0.026590,6.585204,73,67,0.042420
135,76,56,0.451613,0.105952,6.897318,68,36,0.169027
135,77,64,0.516129,0.144563,8.067827,60,25,0.230625
135,78,69,0.556452,0.088748,8.788171,55,28,0.141582
135,79,63,0.508065,0.088151,8.343498,61,30,0.140630
135,80,59,0.475806,0.104753,7.497722,65,42,0.167114
135,81,61,0.491935,0.142107,8.203631,63,33,0.226706
135,82,62,0.500000,0.177184,8.398407,62,33,0.282666
135,83,67,0.540323,0.190238,8.779604,57,32,0.303490
135,84,67,0.540323,0.089139,8.625860,57,29,0.142205
135,85,57,0.459677,0.096049,7.282288,67,47,0.153229
135,86,64,0.516129,0.145028,8.644043,60,29,0.231366
135,87,53,0.427419,0.032577,6.898906,71,66,0.051971
135,88,55,0.443548,0.048366,7.252266,69,41,0.077159
135,89,56,0.451613,0.075331,7.149270,68,38,0.120176
135,90,66,0.532258,0.132828,8.478873,58,33,0.211903
135,91,60,0.483871,0.130907,8.000381,64,39,0.208838
135,92,69,0.556452,0.152440,9.147379,55,34,0.243190
135,93,63,0.508065,0.132773,7.891828,61,33,0.211816
135,94,60,0.483871,0.155218,7.626477,64,38,0.247622
135,95,59,0.475806,0.139994,7.927847,65,41,0.223336
135,96,53,0.427419,0.122333,7.092493,71,43,0.195160
135,97,66,0.532258,0.183798,9.055653,58,33,0.843216
135,98,60,0.483871,0.103008,7.476598,64,34,0.164331
135,99,72,0.580645,0.241826,9.485741,52,28,0.385790
135,100,61,0.491935,0.139489,7.639400,63,28,0.222529
135,101,64,0.516129,0.088463,8.169066,60,26,0.141127
135,102,69,0.556452,0.238509,9.006170,55,32,0.380498
135,103,64,0.516129,0.116812,8.425423,60,32,0.186353
135,104,58,0.467742,0.138822,7.543751,66,34,0.221466
135,105,68,0.548387,0.128996,8.943498,56,36,0.205790
135,106,53,0.427419,0.040631,6.846381,71,83,0.064820
135,107,64,0.516129,0.116885,8.236733,60,28,0.186468
135,108,61,0.491935,0.125760,7.603051,63,31,0.200628
135,109,63,0.508065,0.124469,8.430222,61,32,0.198568
135,110,57,0.459677,0.140237,7.172533,67,40,0.223723
135,111,62,0.500000,0.155060,7.738090,62,33,0.247371
135,112,61,0.491935,0.117047,7.442452,63,38,0.186727
135,113,70,0.564516,0.154772,9.168992,54,29,0.246911
135,114,64,0.516129,0.066694,8.100743,60,31,0.106398
135,115,58,0.467742,0.135225,7.652919,66,37,0.215727
135,116,51,0.411290,0.090647,6.808300,73,68,0.144611
135,117,63,0.508065,0.110979,8.088131,61,30,0.177048
135,118,56,0.451613,0.068949,7.041922,68,43,0.109996
135,119,60,0.483871,0.129365,8.243917,64,32,0.206378
135,120,60,0.483871,0.118532,8.016099,64,40,0.189097
135,121,65,0.524194,0.103767,8.397983,59,27,0.165541
135,122,71,0.572581,0.195699,9.677821,53,28,0.312202
135,123,58,0.467742,0.157842,7.627368,66,39,0.251809
135,124,63,0.508065,0.071005,7.658724,61,30,0.113276
136,0,72,0.580645,0.249164,10.028306,52,26,0.450000
136,1,68,0.548387,0.179164,9.060654,56,33,0.323578
136,2,68,0.548387,0.158085,8.852669,56,28,0.285508
136,3,65,0.524194,0.153965,8.333792,59,26,0.278066
136,4,55,0.443548,0.108338,7.319920,69,41,0.195663
136,5,67,0.540323,0.157474,9.309105,57,31,0.284404
136,6,61,0.491935,0.098174,8.149409,63,30,0.177306
136,7,59,0.475806,0.121969,7.611333,65,37,0.770281
136,8,61,0.491935,0.142772,7.766254,63,31,0.257851
136,9,67,0.540323,0.159627,8.381542,57,25,0.288294
136,10,61,0.491935,0.149494,7.798140,63,40,0.269992
136,11,63,0.508065,0.119076,8.079514,61,33,0.215056
136,12,64,0.516129,0.181376,8.288246,60,30,0.327572
136,13,60,0.483871,0.107657,7.453437,64,35,0.194434
136,14,60,0.483871,0.119083,7.949734,64,32,0.215069
136,15,62,0.500000,0.102342,8.052357,62,34,0.184833
136,16,71,0.572581,0.140339,9.286402,53,27,0.253459
136,17,73,0.588710,0.223551,9.274542,51,28,0.403743
136,18,65,0.524194,0.133781,8.418546,59,31,0.241615
136,19,58,0.467742,0.112268,7.274073,66,37,0.202762
136,20,65,0.524194,0.174263,8.680509,59,31,0.314727
136,21,60,0.483871,0.126470,7.911188,64,34,0.778411
136,22,66,0.532258,0.148932,8.596404,58,31,0.268978
136,23,75,0.604839,0.163126,9.314397,49,29,0.294611
136,24,61,0.491935,0.119122,7.820546,63,32,0.215139
136,25,74,0.596774,0.147954,9.482383,50,29,0.267210
136,26,56,0.451613,0.141772,7.448257,68,46,0.806046
136,27,68,0.548387,0.132407,8.508666,56,27,0.239133
136,28,57,0.459677,0.033475,7.099374,67,35,0.060457
136,29,64,0.516129,0.128154,8.109238,60,32,0.231451
136,30,57,0.459677,0.084006,7.191575,67,46,0.151717
136,31,56,0.451613,0.039321,7.180588,68,49,0.071016
136,32,73,0.588710,0.197973,9.613672,51,29,0.357547
136,33,62,0.500000,0.113816,8.104655,62,35,0.205557
136,34,62,0.500000,0.140828,8.050691,62,32,0.254341
136,35,65,0.524194,0.118700,8.120703,59,28,0.214378
136,36,60,0.483871,0.116057,7.906126,64,37,0.209603
136,37,64,0.516129,0.091952,8.014662,60,28,0.166069
136,38,54,0.435484,0.099872,7.157373,70,55,0.180373
136,39,68,0.548387,0.155191,8.686703,56,29,0.280281
136,40,54,0.435484,0.127807,6.955322,70,57,0.230825
136,41,56,0.451613,0.089588,6.905818,68,37,0.161800
136,42,57,0.459677,0.106411,7.081226,67,38,0.192182
136,43,63,0.508065,0.148316,8.229003,61,30,0.267866
136,44,64,0.516129,0.139852,8.547310,60,32,0.252578
136,45,65,0.524194,0.173324,8.641450,59,34,0.863031
136,46,67,0.540323,0.173757,8.756590,57,29,0.313812
136,47,70,0.564516,0.047167,8.674673,54,28,0.085186
136,48,61,0.491935,0.185720,7.954188,63,34,0.335418
136,49,60,0.483871,0.082448,7.651966,64,33,0.148904
136,50,66,0.532258,0.153849,8.161674,58,31,0.277858
136,51,60,0.483871,0.113200,7.527953,64,33,0.204443
136,52,58,0.467742,0.096598,7.275415,66,36,0.174460
136,53,73,0.588710,0.199615,9.569865,51,29,0.360513
136,54,59,0.475806,0.075142,7.420949,65,37,0.135709
136,55,67,0.540323,0.148936,8.813649,57,27,0.268984
136,56,67,0.540323,0.120684,8.880465,57,29,0.217960
136,57,69,0.556452,0.160566,8.827401,55,27,0.289989
136,58,69,0.556452,0.154091,8.950298,55,28,0.278295
136,59,64,0.516129,0.133140,8.395197,60,35,0.240457
136,60,61,0.491935,0.157745,8.140982,63,31,0.284893
136,61,60,0.483871,0.105141,8.007474,64,37,0.189888
136,62,57,0.459677,0.000000,6.965349,67,44,0.000000
136,63,61,0.491935,0.116067,8.030935,63,37,0.209622
136,64,67,0.540323,0.157214,8.508083,57,35,0.283934
136,65,68,0.548387,0.060174,8.030737,56,31,0.108677
136,66,59,0.475806,0.102951,7.599774,65,34,0.735935
136,67,62,0.500000,0.149319,7.820379,62,33,0.269676
136,68,55,0.443548,0.098978,7.442620,69,49,0.178758
136,69,54,0.435484,0.077208,6.658701,70,54,0.139440
136,70,56,0.451613,0.056445,7.506051,68,33,0.101942
136,71,59,0.475806,0.171423,7.769698,65,34,0.309598
136,72,58,0.467742,0.136786,7.452197,66,37,0.247041
136,73,58,0.467742,0.071687,7.692855,66,50,0.129469
136,74,55,0.443548,0.126961,7.119482,69,48,0.229296
136,75,51,0.411290,0.016608,6.606929,73,67,0.029995
136,76,56,0.451613,0.116247,6.906519,68,36,0.209946
136,77,64,0.516129,0.137536,8.025789,60,25,0.248396
136,78,69,0.556452,0.090376,8.738880,55,28,0.163223
136,79,63,0.508065,0.104694,8.539379,61,30,0.189081
136,80,59,0.475806,0.114828,7.608041,65,42,0.757385
136,81,61,0.491935,0.120153,7.986403,63,33,0.217002
136,82,62,0.500000,0.182752,8.267180,62,33,0.330057
136,83,67,0.540323,0.199510,8.816844,57,32,0.360323
136,84,67,0.540323,0.133413,8.763940,57,29,0.240949
136,85,57,0.459677,0.101296,7.378439,67,47,0.182944
136,86,64,0.516129,0.148578,8.697595,60,29,0.268338
136,87,53,0.427419,0.029860,6.770705,71,66,0.053929
136,88,55,0.443548,0.054679,7.358630,69,41,0.098753
136,89,56,0.451613,0.059352,7.007456,68,38,0.107192
136,90,66,0.532258,0.128005,8.377775,58,33,0.231182
136,91,60,0.483871,0.139226,7.818503,64,39,0.251448
136,92,69,0.556452,0.158275,9.137155,55,34,0.835851
136,93,63,0.508065,0.131367,7.780753,61,33,0.237254
136,94,60,0.483871,0.125842,7.440616,64,38,0.227276
136,95,59,0.475806,0.144004,7.862438,65,41,0.260076
136,96,53,0.427419,0.118262,6.959763,71,43,0.213586
136,97,66,0.532258,0.185720,9.107669,58,34,0.335418
136,98,60,0.483871,0.108429,7.397836,64,34,0.195827
136,99,72,0.580645,0.235033,9.505488,52,28,0.424479
136,100,61,0.491935,0.138250,7.603797,63,28,0.249685
136,101,64,0.516129,0.072798,8.097054,60,26,0.131477
136,102,69,0.556452,0.241635,9.156727,55,32,0.436403
136,103,64,0.516129,0.140030,8.567871,60,32,0.252900
136,104,58,0.467742,0.122533,7.547817,66,34,0.221299
136,105,68,0.548387,0.143655,9.001977,56,36,0.259447
136,106,53,0.427419,0.040822,7.000061,71,83,0.073726
136,107,64,0.516129,0.107503,8.209471,60,28,0.194155
136,108,61,0.491935,0.143792,7.681613,63,31,0.259695
136,109,63,0.508065,0.133608,8.397117,61,32,0.241302
136,110,57,0.459677,0.174861,7.334907,67,40,0.315806
136,111,62,0.500000,0.176658,7.952257,62,33,0.319052
136,112,61,0.491935,0.120944,7.526160,63,38,0.218430
136,113,70,0.564516,0.154553,9.059296,54,29,0.279129
136,114,64,0.516129,0.084883,8.135908,60,31,0.153301
136,115,58,0.467742,0.156258,7.710734,66,37,0.282209
136,116,51,0.411290,0.080487,6.885357,73,68,0.145363
136,117,63,0.508065,0.112782,7.995223,61,30,0.203690
136,118,56,0.451613,0.053901,7.127460,68,43,0.097347
136,119,60,0.483871,0.140066,8.252276,64,32,0.252966
136,120,60,0.483871,0.120124,7.913704,64,40,0.216949
136,121,65,0.524194,0.114567,8.308611,59,27,0.206912
136,122,71,0.572581,0.203848,9.623670,53,28,0.368159
136,123,58,0.467742,0.142206,7.572994,66,39,0.806830
136,124,63,0.508065,0.066421,7.571836,61,30,0.119959
137,0,72,0.580645,0.259963,10.060315,52,26,0.438070
137,1,68,0.548387,0.170283,8.947593,56,33,0.286947
137,2,68,0.548387,0.190547,8.927255,56,28,0.321096
137,3,65,0.524194,0.151588,8.573172,59,26,0.255444
137,4,55,0.443548,0.122391,7.221875,69,41,0.206244
137,5,67,0.540323,0.161354,9.433253,57,31,0.271901
137,6,61,0.491935,0.137377,8.216156,63,30,0.231498
137,7,59,0.475806,0.118555,7.862786,65,38,0.199779
137,8,61,0.491935,0.142025,7.732538,63,31,0.239330
137,9,67,0.540323,0.192067,8.629496,57,25,0.323657
137,10,61,0.491935,0.140905,7.849256,63,40,0.237443
137,11,63,0.508065,0.138634,8.123212,61,33,0.233615
137,12,64,0.516129,0.146770,8.027359,60,30,0.247325
137,13,60,0.483871,0.094197,7.541579,64,35,0.158733
137,14,60,0.483871,0.108400,7.767281,64,32,0.182667
137,15,62,0.500000,0.114886,8.048771,62,34,0.193597
137,16,71,0.572581,0.136869,9.349824,53,27,0.230641
137,17,73,0.588710,0.230505,9.502772,51,28,0.388428
137,18,65,0.524194,0.135407,8.339712,59,31,0.228177
137,19,58,0.467742,0.121633,7.226752,66,37,0.204967
137,20,65,0.524194,0.186334,8.658437,59,31,0.863996
137,21,60,0.483871,0.096755,7.797830,64,35,0.163044
137,22,66,0.532258,0.136900,8.467065,58,31,0.230693
137,23,75,0.604839,0.149611,9.330163,49,29,0.252114
137,24,61,0.491935,0.144847,7.978217,63,32,0.244085
137,25,74,0.596774,0.205208,9.873180,50,29,0.345800
137,26,56,0.451613,0.121585,7.266093,68,47,0.204885
137,27,68,0.548387,0.102453,8.455072,56,27,0.172645
137,28,57,0.459677,0.053785,7.186930,67,35,0.090635
137,29,64,0.516129,0.144974,8.056248,60,32,0.244298
137,30,57,0.459677,0.050777,7.165260,67,46,0.085566
137,31,56,0.451613,0.061579,7.089799,68,49,0.103769
137,32,73,0.588710,0.160229,9.494748,51,29,0.270005
137,33,62,0.500000,0.134615,8.148998,62,35,0.226844
137,34,62,0.500000,0.141625,8.096300,62,32,0.238655
137,35,65,0.524194,0.096018,8.065587,59,28,0.161802
137,36,60,0.483871,0.134041,7.968956,64,37,0.225875
137,37,64,0.516129,0.088850,8.101696,60,28,0.149722
137,38,54,0.435484,0.102194,7.077806,70,55,0.172209
137,39,68,0.548387,0.172757,8.925678,56,29,0.291116
137,40,54,0.435484,0.147347,7.222854,70,57,0.248298
137,41,56,0.451613,0.023000,6.580983,68,37,0.038758
137,42,57,0.459677,0.104989,7.140904,67,38,0.726919
137,43,63,0.508065,0.176675,8.390170,61,30,0.297719
137,44,64,0.516129,0.168748,8.636664,60,32,0.284360
137,45,65,0.524194,0.211958,8.930151,59,35,0.357175
137,46,67,0.540323,0.119902,8.417997,57,29,0.202049
137,47,70,0.564516,0.070311,8.837040,54,28,0.118483
137,48,61,0.491935,0.132478,7.604032,63,34,0.223242
137,49,60,0.483871,0.103254,7.670063,64,33,0.173996
137,50,66,0.532258,0.148206,8.129857,58,31,0.249746
137,51,60,0.483871,0.122684,7.598623,64,33,0.206737
137,52,58,0.467742,0.125190,7.423553,66,36,0.210961
137,53,73,0.588710,0.193674,9.385904,51,29,0.326365
137,54,59,0.475806,0.100083,7.393067,65,37,0.168652
137,55,67,0.540323,0.141151,8.700838,57,27,0.237858
137,56,67,0.540323,0.118887,8.841726,57,29,0.200340
137,57,69,0.556452,0.199912,9.056916,55,27,0.336877
137,58,69,0.556452,0.145948,9.004835,55,28,0.245941
137,59,64,0.516129,0.126591,8.527584,60,35,0.213321
137,60,61,0.491935,0.150050,8.161549,63,31,0.252853
137,61,60,0.483871,0.074617,7.999370,64,37,0.125740
137,62,57,0.459677,0.000000,6.923739,67,44,0.000000
137,63,61,0.491935,0.114432,8.187446,63,37,0.192832
137,64,67,0.540323,0.127841,8.384509,57,35,0.215428
137,65,68,0.548387,0.036922,8.074807,56,31,0.062218
137,66,59,0.475806,0.112689,7.619841,65,35,0.189896
137,67,62,0.500000,0.127100,8.051360,62,33,0.214179
137,68,55,0.443548,0.115418,7.335732,69,49,0.194494
137,69,54,0.435484,0.055617,6.485187,70,54,0.093721
137,70,56,0.451613,0.068451,7.549707,68,33,0.115348
137,71,59,0.475806,0.124539,7.684383,65,34,0.209864
137,72,58,0.467742,0.146451,7.528918,66,37,0.246787
137,73,58,0.467742,0.108442,7.734543,66,50,0.182738
137,74,55,0.443548,0.073378,7.043166,69,48,0.123651
137,75,51,0.411290,0.039308,6.545854,73,67,0.066238
137,76,56,0.451613,0.099911,6.638843,68,36,0.168362
137,77,64,0.516129,0.138963,8.103622,60,25,0.234170
137,78,69,0.556452,0.075717,8.706740,55,28,0.127593
137,79,63,0.508065,0.088038,8.666950,61,30,0.148354
137,80,59,0.475806,0.063447,7.620570,65,43,0.106915
137,81,61,0.491935,0.131500,7.925450,63,33,0.221593
137,82,62,0.500000,0.155083,8.181061,62,33,0.261334
137,83,67,0.540323,0.193275,8.531841,57,32,0.325692
137,84,67,0.540323,0.154935,8.748686,57,29,0.261084
137,85,57,0.459677,0.120713,7.447911,67,47,0.203417
137,86,64,0.516129,0.104119,8.647054,60,29,0.175454
137,87,53,0.427419,0.037483,6.831456,71,66,0.063163
137,88,55,0.443548,0.040275,7.247025,69,41,0.067868
137,89,56,0.451613,0.101407,7.011029,68,38,0.170883
137,90,66,0.532258,0.162318,8.320018,58,33,0.273525
137,91,60,0.483871,0.138144,7.922571,64,39,0.232790
137,92,69,0.556452,0.150675,9.107490,55,35,0.253906
137,93,63,0.508065,0.161890,7.884631,61,33,0.272804
137,94,60,0.483871,0.152510,7.556758,64,38,0.806999
137,95,59,0.475806,0.116590,7.692461,65,41,0.196468
137,96,53,0.427419,0.121865,6.930137,71,43,0.205358
137,97,66,0.532258,0.132478,8.715924,58,34,0.223242
137,98,60,0.483871,0.073997,7.457531,64,34,0.124694
137,99,72,0.580645,0.267043,9.475064,52,28,0.450000
137,100,61,0.491935,0.197549,7.969632,63,28,0.332894
137,101,64,0.516129,0.030469,7.835557,60,26,0.051343
137,102,69,0.556452,0.257582,9.103828,55,32,0.984058
137,103,64,0.516129,0.116186,8.384451,60,32,0.195787
137,104,58,0.467742,0.119826,7.574322,66,34,0.751922
137,105,68,0.548387,0.129134,8.848291,56,36,0.217607
137,106,53,0.427419,0.046111,7.022002,71,83,0.077703
137,107,64,0.516129,0.105333,8.349343,60,28,0.177499
137,108,61,0.491935,0.145634,7.665211,63,31,0.245412
137,109,63,0.508065,0.131584,8.248611,61,32,0.221735
137,110,57,0.459677,0.203948,7.416942,67,40,0.893678
137,111,62,0.500000,0.168943,7.880067,62,33,0.284690
137,112,61,0.491935,0.095434,7.638597,63,38,0.160818
137,113,70,0.564516,0.178921,9.098154,54,29,0.301505
137,114,64,0.516129,0.059505,7.991223,60,31,0.100272
137,115,58,0.467742,0.156407,7.648261,66,37,0.263564
137,116,51,0.411290,0.071763,6.849548,73,68,0.670929
137,117,63,0.508065,0.117757,8.042879,61,30,0.198436
137,118,56,0.451613,0.104493,7.222183,68,43,0.176084
137,119,60,0.483871,0.115685,8.159214,64,32,0.194943
137,120,60,0.483871,0.144756,8.125658,64,40,0.243932
137,121,65,0.524194,0.136109,8.210973,59,27,0.229360
137,122,71,0.572581,0.196675,9.511777,53,28,0.331421
137,123,58,0.467742,0.124336,7.409926,66,40,0.209521
137,124,63,0.508065,0.084718,7.715307,61,30,0.142761
138,0,72,0.580645,0.308358,10.038791,52,26,0.450000
138,1,68,0.548387,0.190358,9.019648,56,33,0.277797
138,2,68,0.548387,0.164017,8.814142,56,28,0.239356
138,3,65,0.524194,0.140271,8.535091,59,26,0.204703
138,4,55,0.443548,0.111220,7.197566,69,41,0.712307
138,5,67,0.540323,0.148692,9.427486,57,31,0.216992
138,6,61,0.491935,0.130589,8.204442,63,30,0.190574
138,7,59,0.475806,0.086992,7.728866,65,38,0.126952
138,8,61,0.491935,0.126978,7.685194,63,31,0.185304
138,9,67,0.540323,0.173007,8.516723,57,25,0.252476
138,10,61,0.491935,0.124125,7.899692,63,40,0.181141
138,11,63,0.508065,0.136073,8.082565,61,33,0.198576
138,12,64,0.516129,0.176408,8.255863,60,30,0.257440
138,13,60,0.483871,0.085652,7.385151,64,35,0.124996
138,14,60,0.483871,0.088382,7.809598,64,32,0.128979
138,15,62,0.500000,0.119334,8.010679,62,34,0.174150
138,16,71,0.572581,0.114327,9.107880,53,27,0.166843
138,17,73,0.588710,0.236232,9.390987,51,28,0.344744
138,18,65,0.524194,0.134020,8.400294,59,31,0.195581
138,19,58,0.467742,0.129153,7.223235,66,37,0.188479
138,20,65,0.524194,0.164865,8.704271,59,32,0.240594
138,21,60,0.483871,0.136734,7.961590,64,35,0.199542
138,22,66,0.532258,0.137860,8.661310,58,31,0.201185
138,23,75,0.604839,0.176376,9.500607,49,29,0.257394
138,24,61,0.491935,0.121389,7.787507,63,32,0.177148
138,25,74,0.596774,0.200860,9.889444,50,29,0.293124
138,26,56,0.451613,0.119588,7.354934,68,47,0.174519
138,27,68,0.548387,0.154103,8.536503,56,27,0.224889
138,28,57,0.459677,0.057254,7.223606,67,35,0.083554
138,29,64,0.516129,0.098765,8.075405,60,32,0.144132
138,30,57,0.459677,0.032643,7.223611,67,46,0.047637
138,31,56,0.451613,0.069361,7.113318,68,49,0.101222
138,32,73,0.588710,0.171532,9.606825,51,29,0.250323
138,33,62,0.500000,0.140164,8.308261,62,35,0.204547
138,34,62,0.500000,0.147280,8.016899,62,32,0.214932
138,35,65,0.524194,0.130479,8.119382,59,28,0.190413
138,36,60,0.483871,0.118640,7.878171,64,37,0.173137
138,37,64,0.516129,0.101444,8.105724,60,28,0.698042
138,38,54,0.435484,0.104128,7.007974,70,55,0.701958
138,39,68,0.548387,0.185676,8.891483,56,29,0.270965
138,40,54,0.435484,0.195168,7.158188,70,57,0.284817
138,41,56,0.451613,0.037877,6.783164,68,37,0.055276
138,42,57,0.459677,0.088139,6.894019,67,39,0.128625
138,43,63,0.508065,0.154173,8.495321,61,30,0.224991
138,44,64,0.516129,0.143347,8.639776,60,32,0.209193
138,45,65,0.524194,0.209379,8.612521,59,35,0.855556
138,46,67,0.540323,0.112227,8.606341,57,29,0.163777
138,47,70,0.564516,0.086090,8.756095,54,28,0.125634
138,48,61,0.491935,0.168790,7.671207,63,34,0.246323
138,49,60,0.483871,0.097849,7.774447,64,33,0.142795
138,50,66,0.532258,0.154121,8.084759,58,31,0.224915
138,51,60,0.483871,0.103783,7.391587,64,33,0.151455
138,52,58,0.467742,0.080611,7.401474,66,36,0.117639
138,53,73,0.588710,0.196936,9.432488,51,29,0.287397
138,54,59,0.475806,0.101562,7.537049,65,37,0.148213
138,55,67,0.540323,0.147574,8.796370,57,27,0.215361
138,56,67,0.540323,0.132310,8.854974,57,29,0.193085
138,57,69,0.556452,0.182494,8.989208,55,27,0.266321
138,58,69,0.556452,0.168100,9.019360,55,28,0.245316
138,59,64,0.516129,0.124655,8.514557,60,35,0.181914
138,60,61,0.491935,0.162865,8.128125,63,31,0.237676
138,61,60,0.483871,0.086308,8.056380,64,37,0.125952
138,62,57,0.459677,0.000000,6.973594,67,44,0.000000
138,63,61,0.491935,0.073812,7.938811,63,37,0.107716
138,64,67,0.540323,0.113077,8.200599,57,35,0.165018
138,65,68,0.548387,0.065714,8.014073,56,31,0.095900
138,66,59,0.475806,0.110662,7.675556,65,35,0.161494
138,67,62,0.500000,0.144681,7.941093,62,33,0.211139
138,68,55,0.443548,0.113476,7.498818,69,49,0.165600
138,69,54,0.435484,0.108736,6.672552,70,54,0.158684
138,70,56,0.451613,0.049800,7.457034,68,33,0.072675
138,71,59,0.475806,0.130833,7.638906,65,34,0.190930
138,72,58,0.467742,0.139062,7.415329,66,37,0.202939
138,73,58,0.467742,0.077242,7.744026,66,50,0.112723
138,74,55,0.443548,0.083523,6.808033,69,48,0.121889
138,75,51,0.411290,0.036618,6.512957,73,67,0.053439
138,76,56,0.451613,0.087566,6.518947,68,36,0.127789
138,77,64,0.516129,0.133575,8.111217,60,25,0.194932
138,78,69,0.556452,0.057802,8.659206,55,28,0.084353
138,79,63,0.508065,0.106670,8.644919,61,30,0.155668
138,80,59,0.475806,0.079799,7.582979,65,43,0.116454
138,81,61,0.491935,0.109223,7.873587,63,33,0.159394
138,82,62,0.500000,0.147736,8.070258,62,33,0.765598
138,83,67,0.540323,0.186963,8.570179,57,32,0.272844
138,84,67,0.540323,0.135300,8.659775,57,29,0.197449
138,85,57,0.459677,0.112830,7.362347,67,47,0.164658
138,86,64,0.516129,0.147780,8.721984,60,29,0.215661
138,87,53,0.427419,0.049000,6.776526,71,66,0.071508
138,88,55,0.443548,0.044797,7.212935,69,41,0.065375
138,89,56,0.451613,0.106068,7.132858,68,38,0.154789
138,90,66,0.532258,0.153989,8.436733,58,33,0.224722
138,91,60,0.483871,0.136605,7.999100,64,39,0.199353
138,92,69,0.556452,0.159995,9.220043,55,35,0.233488
138,93,63,0.508065,0.159522,7.997837,61,33,0.232798
138,94,60,0.483871,0.142123,7.677642,64,39,0.207406
138,95,59,0.475806,0.127792,7.806284,65,41,0.186492
138,96,53,0.427419,0.117534,6.980012,71,43,0.721522
138,97,66,0.532258,0.168790,8.918405,58,34,0.246323
138,98,60,0.483871,0.094750,7.568966,64,34,0.138273
138,99,72,0.580645,0.264265,9.570096,52,28,0.385653
138,100,61,0.491935,0.181556,7.820017,63,28,0.264952
138,101,64,0.516129,0.034877,7.965154,60,26,0.050897
138,102,69,0.556452,0.227157,9.021117,55,33,0.331500
138,103,64,0.516129,0.119492,8.279251,60,32,0.174379
138,104,58,0.467742,0.119313,7.593463,66,35,0.174119
138,105,68,0.548387,0.104419,8.966246,56,36,0.152382
138,106,53,0.427419,0.057512,6.974738,71,83,0.083930
138,107,64,0.516129,0.100637,8.410057,60,28,0.146863
138,108,61,0.491935,0.144754,7.448582,63,31,0.211246
138,109,63,0.508065,0.148458,8.275813,61,32,0.216651
138,110,57,0.459677,0.182903,7.403479,67,41,0.266918
138,111,62,0.500000,0.139450,7.758753,62,33,0.203505
138,112,61,0.491935,0.121627,7.663055,63,38,0.177496
138,113,70,0.564516,0.143078,9.117219,54,29,0.208799
138,114,64,0.516129,0.095986,8.227150,60,31,0.140077
138,115,58,0.467742,0.189309,7.862885,66,37,0.826267
138,116,51,0.411290,0.075501,6.848147,73,69,0.110181
138,117,63,0.508065,0.113403,8.153151,61,30,0.165494
138,118,56,0.451613,0.077220,7.162384,68,43,0.112690
138,119,60,0.483871,0.116559,8.155145,64,32,0.170100
138,120,60,0.483871,0.154589,8.192315,64,40,0.225598
138,121,65,0.524194,0.134315,8.125785,59,27,0.746011
138,122,71,0.572581,0.200691,9.649576,53,28,0.292877
138,123,58,0.467742,0.096850,7.346030,66,40,0.141338
138,124,63,0.508065,0.088944,7.748568,61,30,0.129800
139,0,72,0.580645,0.301189,9.890426,52,26,0.450000
139,1,68,0.548387,0.163301,9.059504,56,33,0.243985
139,2,68,0.548387,0.135637,8.787084,56,28,0.202652
139,3,65,0.524194,0.132320,8.337811,59,26,0.197696
139,4,55,0.443548,0.120692,7.345798,69,42,0.180323
139,5,67,0.540323,0.122413,9.311862,57,31,0.732894
139,6,61,0.491935,0.145831,8.187406,63,30,0.217883
139,7,59,0.475806,0.105012,7.643148,65,38,0.706895
139,8,61,0.491935,0.115156,7.509852,63,31,0.172053
139,9,67,0.540323,0.184416,8.543534,57,25,0.275531
139,10,61,0.491935,0.135054,7.880014,63,40,0.201782
139,11,63,0.508065,0.119686,8.100252,61,33,0.178821
139,12,64,0.516129,0.183586,8.353193,60,30,0.274292
139,13,60,0.483871,0.137331,7.571661,64,35,0.205183
139,14,60,0.483871,0.113108,8.059971,64,32,0.168993
139,15,62,0.500000,0.101637,8.026751,62,34,0.151854
139,16,71,0.572581,0.129555,9.060149,53,27,0.193566
139,17,73,0.588710,0.211839,9.171334,51,28,0.316505
139,18,65,0.524194,0.144773,8.395889,59,31,0.216303
139,19,58,0.467742,0.142599,7.315713,66,37,0.213053
139,20,65,0.524194,0.161994,8.622949,59,32,0.242031
139,21,60,0.483871,0.124976,7.935949,64,35,0.186723
139,22,66,0.532258,0.135095,8.536378,58,31,0.201843
139,23,75,0.604839,0.187601,9.493913,49,29,0.280291
139,24,61,0.491935,0.100658,7.816984,63,32,0.700391
139,25,74,0.596774,0.200427,9.805207,50,29,0.299453
139,26,56,0.451613,0.098487,7.352346,68,47,0.147147
139,27,68,0.548387,0.135413,8.622855,56,27,0.202317
139,28,57,0.459677,0.064246,7.135894,67,35,0.095989
139,29,64,0.516129,0.104621,8.056333,60,32,0.156312
139,30,57,0.459677,0.084594,7.358257,67,46,0.126390
139,31,56,0.451613,0.030091,7.222823,68,49,0.044959
139,32,73,0.588710,0.224127,9.757533,51,29,0.334863
139,33,62,0.500000,0.140084,8.236777,62,35,0.209297
139,34,62,0.500000,0.152641,7.927716,62,32,0.228057
139,35,65,0.524194,0.174550,8.171542,59,28,0.260791
139,36,60,0.483871,0.121108,7.989121,64,37,0.180945
139,37,64,0.516129,0.072528,8.154954,60,29,0.108362
139,38,54,0.435484,0.096010,6.947395,70,56,0.143447
139,39,68,0.548387,0.192718,8.795289,56,29,0.287936
139,40,54,0.435484,0.186483,7.059699,70,57,0.828621
139,41,56,0.451613,0.084281,6.823679,68,37,0.125922
139,42,57,0.459677,0.118271,6.891149,67,39,0.176706
139,43,63,0.508065,0.133345,8.362238,61,30,0.199228
139,44,64,0.516129,0.123171,8.636550,60,32,0.184026
139,45,65,0.524194,0.181593,8.511831,59,36,0.271315
139,46,67,0.540323,0.169960,8.827005,57,29,0.253934
139,47,70,0.564516,0.111661,8.814120,54,28,0.166830
139,48,61,0.491935,0.193135,7.771599,63,34,0.288559
139,49,60,0.483871,0.075977,7.685464,64,33,0.113516
139,50,66,0.532258,0.127430,8.037789,58,31,0.190391
139,51,60,0.483871,0.099064,7.343608,64,33,0.148010
139,52,58,0.467742,0.071523,7.279535,66,36,0.106861
139,53,73,0.588710,0.193203,9.423161,51,29,0.288660
139,54,59,0.475806,0.101504,7.357868,65,37,0.151655
139,55,67,0.540323,0.123941,8.701666,57,27,0.185177
139,56,67,0.540323,0.133126,8.906822,57,29,0.198900
139,57,69,0.556452,0.186017,8.955262,55,27,0.277924
139,58,69,0.556452,0.161977,8.825548,55,28,0.242006
139,59,64,0.516129,0.094955,8.275158,60,35,0.141871
139,60,61,0.491935,0.160557,8.053834,63,31,0.239884
139,61,60,0.483871,0.095783,8.004337,64,37,0.693107
139,62,57,0.459677,0.000000,7.020873,67,44,0.000000
139,63,61,0.491935,0.073178,7.766263,63,37,0.109334
139,64,67,0.540323,0.126562,8.125825,57,35,0.189094
139,65,68,0.548387,0.069448,8.069730,56,31,0.103760
139,66,59,0.475806,0.118153,7.704807,65,35,0.176530
139,67,62,0.500000,0.155430,7.974841,62,33,0.782224
139,68,55,0.443548,0.103969,7.558561,69,49,0.155338
139,69,54,0.435484,0.124109,6.852556,70,54,0.735428
139,70,56,0.451613,0.086534,7.428011,68,33,0.679288
139,71,59,0.475806,0.144070,7.598665,65,34,0.215252
139,72,58,0.467742,0.128847,7.188595,66,37,0.192508
139,73,58,0.467742,0.056751,7.740907,66,50,0.084791
139,74,55,0.443548,0.114684,6.778760,69,48,0.171347
139,75,51,0.411290,0.021425,6.529747,73,67,0.032011
139,76,56,0.451613,0.083304,6.764246,68,36,0.124463
139,77,64,0.516129,0.154299,8.089496,60,25,0.230535
139,78,69,0.556452,0.059246,8.777379,55,28,0.088518
139,79,63,0.508065,0.079204,8.290860,61,30,0.118337
139,80,59,0.475806,0.092095,7.410592,65,43,0.137597
139,81,61,0.491935,0.117887,8.101363,63,33,0.176133
139,82,62,0.500000,0.156523,8.221854,62,34,0.233857
139,83,67,0.540323,0.199251,8.746361,57,32,0.297697
139,84,67,0.540323,0.109713,8.691488,57,29,0.163920
139,85,57,0.459677,0.118468,7.389694,67,47,0.177001
139,86,64,0.516129,0.147461,8.701188,60,29,0.220319
139,87,53,0.427419,0.055221,6.936418,71,66,0.082504
139,88,55,0.443548,0.045095,7.071255,69,41,0.067375
139,89,56,0.451613,0.090967,7.057984,68,38,0.135912
139,90,66,0.532258,0.129497,8.304196,58,33,0.193478
139,91,60,0.483871,0.166533,8.076340,64,39,0.248813
139,92,69,0.556452,0.163012,9.213794,55,35,0.243553
139,93,63,0.508065,0.136683,7.924583,61,33,0.204215
139,94,60,0.483871,0.141569,7.589825,64,39,0.211515
139,95,59,0.475806,0.155244,7.969076,65,41,0.231947
139,96,53,0.427419,0.148559,7.164376,71,44,0.771959
139,97,66,0.532258,0.193135,8.987536,58,34,0.288559
139,98,60,0.483871,0.097939,7.500910,64,34,0.146329
139,99,72,0.580645,0.254492,9.649388,52,28,0.380230
139,100,61,0.491935,0.149299,7.623028,63,28,0.223064
139,101,64,0.516129,0.070463,8.288380,60,26,0.105277
139,102,69,0.556452,0.232317,9.025311,55,33,0.347099
139,103,64,0.516129,0.124670,8.319830,60,32,0.186267
139,104,58,0.467742,0.135728,7.671308,66,35,0.202788
139,105,68,0.548387,0.104072,8.998746,56,36,0.155491
139,106,53,0.427419,0.039205,6.981466,71,83,0.058576
139,107,64,0.516129,0.090003,8.349493,60,28,0.134472
139,108,61,0.491935,0.123761,7.485200,63,31,0.184908
139,109,63,0.508065,0.142126,8.349687,61,32,0.212347
139,110,57,0.459677,0.135408,7.215582,67,41,0.202310
139,111,62,0.500000,0.145831,7.677730,62,33,0.217883
139,112,61,0.491935,0.140007,7.634378,63,38,0.209181
139,113,70,0.564516,0.123923,9.009488,54,29,0.185150
139,114,64,0.516129,0.094338,8.185314,60,31,0.140948
139,115,58,0.467742,0.145993,7.808088,66,38,0.218125
139,116,51,0.411290,0.074714,6.682929,73,69,0.111629
139,117,63,0.508065,0.106365,8.076096,61,30,0.158918
139,118,56,0.451613,0.070833,7.058463,68,43,0.105829
139,119,60,0.483871,0.128432,8.272853,64,32,0.191887
139,120,60,0.483871,0.145487,8.175721,64,40,0.217369
139,121,65,0.524194,0.078102,8.159619,59,28,0.116690
139,122,71,0.572581,0.184922,9.598066,53,28,0.276288
139,123,58,0.467742,0.116672,7.428242,66,40,0.174317
139,124,63,0.508065,0.074172,7.651332,61,30,0.110819
140,0,72,0.580645,0.304676,9.893978,52,26,1.000000
140,1,68,0.548387,0.156390,9.006243,56,33,0.230985
140,2,68,0.548387,0.143857,8.638866,56,28,0.212474
140,3,65,0.524194,0.127827,8.521981,59,26,0.188798
140,4,55,0.443548,0.095244,7.283280,69,42,0.140674
140,5,67,0.540323,0.106897,9.373280,57,32,0.157885
140,6,61,0.491935,0.117218,8.283269,63,30,0.173128
140,7,59,0.475806,0.102227,7.676561,65,39,0.150987
140,8,61,0.491935,0.131050,7.705035,63,31,0.193559
140,9,67,0.540323,0.182437,8.568028,57,25,0.269455
140,10,61,0.491935,0.119845,7.883272,63,40,0.177009
140,11,63,0.508065,0.142489,8.227347,61,33,0.210454
140,12,64,0.516129,0.134361,8.124959,60,30,0.198449
140,13,60,0.483871,0.141436,7.569245,64,35,0.208898
140,14,60,0.483871,0.103074,7.896465,64,32,0.152239
140,15,62,0.500000,0.116088,7.991351,62,34,0.171460
140,16,71,0.572581,0.128010,9.075461,53,27,0.189069
140,17,73,0.588710,0.229342,9.323858,51,28,0.338734
140,18,65,0.524194,0.161633,8.374480,59,31,0.238729
140,19,58,0.467742,0.129242,7.276010,66,37,0.190889
140,20,65,0.524194,0.175377,8.528416,59,32,0.259028
140,21,60,0.483871,0.100118,7.944070,64,35,0.147873
140,22,66,0.532258,0.147104,8.484522,58,31,0.767270
140,23,75,0.604839,0.168293,9.558322,49,29,0.248565
140,24,61,0.491935,0.120285,7.962744,63,33,0.177659
140,25,74,0.596774,0.220748,9.943214,50,29,0.326041
140,26,56,0.451613,0.119652,7.333675,68,47,0.176724
140,27,68,0.548387,0.134529,8.522585,56,27,0.198697
140,28,57,0.459677,0.054213,7.218528,67,35,0.080071
140,29,64,0.516129,0.111786,7.999456,60,32,0.165106
140,30,57,0.459677,0.066757,7.233330,67,46,0.098599
140,31,56,0.451613,0.074578,7.205441,68,49,0.110150
140,32,73,0.588710,0.224012,9.752998,51,29,0.330862
140,33,62,0.500000,0.151274,8.387165,62,35,0.223429
140,34,62,0.500000,0.149908,8.019363,62,32,0.221412
140,35,65,0.524194,0.126406,8.016513,59,28,0.186699
140,36,60,0.483871,0.157778,8.012983,64,37,0.233035
140,37,64,0.516129,0.078120,8.176409,60,29,0.115382
140,38,54,0.435484,0.109281,7.016960,70,56,0.711406
140,39,68,0.548387,0.194262,8.918248,56,29,0.286922
140,40,54,0.435484,0.151610,7.056706,70,58,0.223925
140,41,56,0.451613,0.050391,6.746731,68,37,0.624427
140,42,57,0.459677,0.121283,7.120704,67,39,0.179133
140,43,63,0.508065,0.128409,8.171852,61,30,0.189658
140,44,64,0.516129,0.143383,8.675665,60,32,0.211773
140,45,65,0.524194,0.193408,8.692090,59,36,0.285660
140,46,67,0.540323,0.161804,8.630747,57,29,0.238982
140,47,70,0.564516,0.120811,8.902657,54,28,0.178436
140,48,61,0.491935,0.163768,7.824652,63,34,0.241882
140,49,60,0.483871,0.092747,7.603135,64,33,0.136985
140,50,66,0.532258,0.148777,8.035954,58,31,0.219741
140,51,60,0.483871,0.105617,7.427260,64,33,0.155994
140,52,58,0.467742,0.092594,7.285234,66,36,0.136760
140,53,73,0.588710,0.191859,9.472162,51,29,0.283373
140,54,59,0.475806,0.111738,7.363367,65,37,0.165034
140,55,67,0.540323,0.145457,8.747406,57,27,0.214837
140,56,67,0.540323,0.141558,8.979235,57,29,0.209079
140,57,69,0.556452,0.178171,8.973265,55,27,0.263155
140,58,69,0.556452,0.150140,8.773841,55,28,0.221754
140,59,64,0.516129,0.103672,8.240485,60,35,0.153122
140,60,61,0.491935,0.158508,8.005225,63,31,0.234114
140,61,60,0.483871,0.101207,8.227430,64,38,0.149482
140,62,57,0.459677,0.000000,6.991962,67,44,0.000000
140,63,61,0.491935,0.066072,7.888513,63,37,0.097587
140,64,67,0.540323,0.134573,8.345764,57,35,0.198761
140,65,68,0.548387,0.046809,8.212998,56,31,0.069136
140,66,59,0.475806,0.121484,7.666514,65,35,0.179430
140,67,62,0.500000,0.143716,8.051683,62,34,0.212266
140,68,55,0.443548,0.081324,7.420182,69,49,0.120114
140,69,54,0.435484,0.105454,6.766193,70,55,0.155754
140,70,56,0.451613,0.051958,7.408328,68,34,0.076741
140,71,59,0.475806,0.148791,7.542585,65,34,0.219762
140,72,58,0.467742,0.122816,7.317641,66,37,0.181397
140,73,58,0.467742,0.095412,7.652429,66,50,0.140922
140,74,55,0.443548,0.073850,6.843952,69,48,0.109075
140,75,51,0.411290,0.040111,6.484242,73,67,0.059244
140,76,56,0.451613,0.094490,6.709718,68,36,0.139560
140,77,64,0.516129,0.166728,8.162094,60,25,0.246255
140,78,69,0.556452,0.061592,8.613733,55,28,0.090970
140,79,63,0.508065,0.071689,8.443275,61,30,0.105883
140,80,59,0.475806,0.063741,7.441841,65,43,0.094144
140,81,61,0.491935,0.093399,7.903614,63,33,0.137949
140,82,62,0.500000,0.155803,8.323273,62,34,0.230118
140,83,67,0.540323,0.193767,8.629525,57,32,0.286191
140,84,67,0.540323,0.111976,8.637484,57,29,0.165387
140,85,57,0.459677,0.130783,7.306397,67,47,0.193164
140,86,64,0.516129,0.150537,8.677283,60,29,0.222340
140,87,53,0.427419,0.037293,6.859000,71,66,0.055081
140,88,55,0.443548,0.028289,7.246090,69,41,0.041782
140,89,56,0.451613,0.118146,7.257334,68,38,0.724499
140,90,66,0.532258,0.141441,8.161420,58,33,0.208905
140,91,60,0.483871,0.162185,8.039865,64,39,0.239544
140,92,69,0.556452,0.163230,9.167229,55,35,0.241087
140,93,63,0.508065,0.136288,8.022781,61,33,0.201294
140,94,60,0.483871,0.145883,7.546616,64,39,0.215467
140,95,59,0.475806,0.166214,7.943500,65,41,0.245495
140,96,53,0.427419,0.116645,7.133152,71,45,0.172282
140,97,66,0.532258,0.163768,8.844253,58,34,0.241882
140,98,60,0.483871,0.095036,7.533064,64,34,0.140367
140,99,72,0.580645,0.251627,9.623594,52,28,0.371649
140,100,61,0.491935,0.153538,7.682351,63,28,0.226773
140,101,64,0.516129,0.054651,8.072782,60,26,0.080719
140,102,69,0.556452,0.228832,8.974142,55,33,0.337980
140,103,64,0.516129,0.126291,8.395166,60,32,0.186530
140,104,58,0.467742,0.111434,7.646003,66,35,0.164586
140,105,68,0.548387,0.146765,9.032389,56,36,0.216769
140,106,53,0.427419,0.024305,6.928536,71,83,0.035898
140,107,64,0.516129,0.154681,8.519989,60,28,0.228460
140,108,61,0.491935,0.136459,7.486093,63,31,0.751548
140,109,63,0.508065,0.099845,8.235004,61,32,0.147469
140,110,57,0.459677,0.153037,7.305783,67,41,0.226033
140,111,62,0.500000,0.130681,7.562436,62,33,0.743013
140,112,61,0.491935,0.132679,7.512689,63,38,0.195965
140,113,70,0.564516,0.140729,9.098116,54,29,0.207853
140,114,64,0.516129,0.059117,8.043090,60,31,0.087314
140,115,58,0.467742,0.168314,7.881879,66,38,0.248597
140,116,51,0.411290,0.064154,6.722293,73,69,0.094754
140,117,63,0.508065,0.097004,8.279562,61,30,0.693273
140,118,56,0.451613,0.115890,7.448529,68,43,0.171167
140,119,60,0.483871,0.105601,8.178744,64,32,0.155970
140,120,60,0.483871,0.155104,8.283069,64,40,0.229085
140,121,65,0.524194,0.083184,8.190253,59,28,0.122862
140,122,71,0.572581,0.208760,9.598211,53,28,0.308335
140,123,58,0.467742,0.136140,7.546646,66,40,0.201077
140,124,63,0.508065,0.111609,7.773627,61,30,0.164844
141,0,72,0.580645,0.293502,9.945726,52,27,0.450000
141,1,68,0.548387,0.166434,9.061570,56,33,0.255179
141,2,68,0.548387,0.153844,8.752045,56,28,0.235876
141,3,65,0.524194,0.120629,8.458109,59,26,0.184950
141,4,55,0.443548,0.100893,7.292743,69,42,0.704690
141,5,67,0.540323,0.108314,9.332023,57,32,0.166069
141,6,61,0.491935,0.103293,8.283399,63,30,0.158370
141,7,59,0.475806,0.120060,7.676885,65,39,0.184077
141,8,61,0.491935,0.122110,7.645402,63,31,0.187220
141,9,67,0.540323,0.198638,8.674759,57,25,0.304554
141,10,61,0.491935,0.111512,7.905586,63,40,0.170972
141,11,63,0.508065,0.147411,8.234089,61,33,0.226012
141,12,64,0.516129,0.146171,8.218185,60,30,0.224110
141,13,60,0.483871,0.163582,7.631884,64,35,0.250806
141,14,60,0.483871,0.107946,8.019197,64,32,0.165505
141,15,62,0.500000,0.117637,8.112311,62,34,0.180362
141,16,71,0.572581,0.135609,9.101477,53,27,0.207917
141,17,73,0.588710,0.196678,9.280262,51,28,0.851549
141,18,65,0.524194,0.159231,8.261504,59,31,0.244134
141,19,58,0.467742,0.137824,7.318414,66,37,0.211314
141,20,65,0.524194,0.189606,8.689765,59,32,0.290706
141,21,60,0.483871,0.087273,7.947824,64,35,0.133808
141,22,66,0.532258,0.120613,8.362346,58,32,0.184926
141,23,75,0.604839,0.168716,9.552707,49,29,0.258677
141,24,61,0.491935,0.114000,7.947834,63,33,0.174786
141,25,74,0.596774,0.224600,9.909094,50,29,0.344359
141,26,56,0.451613,0.110833,7.292193,68,47,0.169931
141,27,68,0.548387,0.147964,8.615994,56,27,0.226860
141,28,57,0.459677,0.058017,7.272111,67,35,0.088952
141,29,64,0.516129,0.151957,8.017394,60,32,0.232982
141,30,57,0.459677,0.085893,7.269427,67,46,0.131691
141,31,56,0.451613,0.058447,7.098873,68,49,0.089611
141,32,73,0.588710,0.223078,9.853203,51,29,0.342026
141,33,62,0.500000,0.165903,8.343552,62,35,0.254365
141,34,62,0.500000,0.146390,7.934389,62,32,0.224446
141,35,65,0.524194,0.146918,8.005271,59,28,0.225256
141,36,60,0.483871,0.145804,8.004107,64,37,0.223548
141,37,64,0.516129,0.078504,8.248996,60,29,0.120363
141,38,54,0.435484,0.106891,7.021665,70,57,0.163886
141,39,68,0.548387,0.189019,8.818499,56,29,0.289806
141,40,54,0.435484,0.144085,7.016340,70,58,0.220912
141,41,56,0.451613,0.053040,6.908462,68,38,0.081322
141,42,57,0.459677,0.115276,7.047557,67,39,0.176742
141,43,63,0.508065,0.139257,8.282041,61,30,0.213510
141,44,64,0.516129,0.160316,8.618147,60,32,0.245799
141,45,65,0.524194,0.197939,8.642243,59,36,0.303483
141,46,67,0.540323,0.177266,8.716374,57,29,0.271787
141,47,70,0.564516,0.139600,8.959116,54,28,0.214037
141,48,61,0.491935,0.161724,7.791743,63,34,0.247957
141,49,60,0.483871,0.084600,7.682714,64,33,0.129710
141,50,66,0.532258,0.139599,8.052105,58,31,0.214035
141,51,60,0.483871,0.115643,7.344290,64,33,0.727306
141,52,58,0.467742,0.080862,7.233123,66,36,0.123978
141,53,73,0.588710,0.197181,9.542580,51,29,0.302321
141,54,59,0.475806,0.104091,7.331153,65,37,0.159593
141,55,67,0.540323,0.131101,8.787723,57,27,0.201005
141,56,67,0.540323,0.123149,8.972548,57,29,0.188814
141,57,69,0.556452,0.192253,8.958458,55,27,0.844765
141,58,69,0.556452,0.127436,8.730740,55,28,0.195386
141,59,64,0.516129,0.117945,8.263815,60,35,0.180835
141,60,61,0.491935,0.152807,8.014399,63,31,0.234285
141,61,60,0.483871,0.123772,8.162724,64,38,0.189769
141,62,57,0.459677,0.000000,7.034691,67,44,0.000000
141,63,61,0.491935,0.073717,7.932906,63,37,0.113024
141,64,67,0.540323,0.162147,8.453989,57,35,0.248605
141,65,68,0.548387,0.064131,8.309915,56,31,0.098326
141,66,59,0.475806,0.104585,7.590543,65,35,0.160351
141,67,62,0.500000,0.118467,7.947592,62,34,0.181635
141,68,55,0.443548,0.097710,7.459825,69,49,0.149811
141,69,54,0.435484,0.117815,6.876091,70,55,0.730635
141,70,56,0.451613,0.042206,7.421906,68,34,0.064710
141,71,59,0.475806,0.150704,7.569017,65,34,0.231061
141,72,58,0.467742,0.096937,7.188000,66,37,0.148625
141,73,58,0.467742,0.102624,7.787385,66,50,0.157344
141,74,55,0.443548,0.088530,6.872134,69,48,0.135735
141,75,51,0.411290,0.024061,6.447550,73,67,0.036890
141,76,56,0.451613,0.090894,6.862150,68,36,0.139360
141,77,64,0.516129,0.162857,8.287718,60,25,0.249695
141,78,69,0.556452,0.052334,8.550151,55,28,0.080239
141,79,63,0.508065,0.053824,8.352312,61,30,0.082523
141,80,59,0.475806,0.071861,7.388242,65,43,0.110178
141,81,61,0.491935,0.102019,7.906305,63,33,0.156417
141,82,62,0.500000,0.167518,8.456480,62,34,0.806841
141,83,67,0.540323,0.200038,8.756356,57,32,0.306701
141,84,67,0.540323,0.137156,8.623072,57,29,0.210290
141,85,57,0.459677,0.110759,7.283571,67,47,0.169817
141,86,64,0.516129,0.163980,8.736962,60,29,0.251415
141,87,53,0.427419,0.011314,6.793495,71,66,0.017346
141,88,55,0.443548,0.047374,7.232155,69,41,0.072634
141,89,56,0.451613,0.095471,7.272253,68,39,0.146377
141,90,66,0.532258,0.144058,8.258164,58,33,0.220871
141,91,60,0.483871,0.163151,7.947928,64,39,0.250146
141,92,69,0.556452,0.160902,9.134662,55,35,0.246697
141,93,63,0.508065,0.140880,7.961906,61,33,0.215999
141,94,60,0.483871,0.156798,7.596915,64,39,0.240404
141,95,59,0.475806,0.161924,8.010964,65,41,0.248263
141,96,53,0.427419,0.111281,7.158056,71,45,0.170618
141,97,66,0.532258,0.161724,8.899870,58,34,0.247957
141,98,60,0.483871,0.078506,7.357594,64,34,0.120366
141,99,72,0.580645,0.238188,9.638063,52,28,0.365193
141,100,61,0.491935,0.126304,7.587870,63,28,0.193651
141,101,64,0.516129,0.082884,8.259696,60,26,0.127078
141,102,69,0.556452,0.207194,8.816946,55,33,0.317672
141,103,64,0.516129,0.157569,8.510892,60,32,0.241586
141,104,58,0.467742,0.118244,7.653374,66,35,0.181293
141,105,68,0.548387,0.151735,8.909078,56,36,0.232642
141,106,53,0.427419,0.025696,6.909537,71,83,0.039397
141,107,64,0.516129,0.142928,8.443647,60,28,0.219140
141,108,61,0.491935,0.101655,7.537660,63,32,0.155859
141,109,63,0.508065,0.097681,8.196510,61,32,0.149765
141,110,57,0.459677,0.140813,7.251829,67,41,0.215896
141,111,62,0.500000,0.127846,7.590298,62,34,0.196014
141,112,61,0.491935,0.120791,7.607595,63,38,0.185198
141,113,70,0.564516,0.141315,9.129919,54,29,0.216666
141,114,64,0.516129,0.065088,8.009702,60,31,0.099793
141,115,58,0.467742,0.150016,7.754284,66,38,0.230006
141,116,51,0.411290,0.072070,6.744709,73,69,0.110499
141,117,63,0.508065,0.100982,8.322067,61,31,0.154827
141,118,56,0.451613,0.111014,7.350859,68,43,0.170208
141,119,60,0.483871,0.104166,8.211091,64,32,0.159709
141,120,60,0.483871,0.135320,8.252311,64,40,0.207475
141,121,65,0.524194,0.086957,8.107925,59,28,0.133324
141,122,71,0.572581,0.221866,9.660749,53,28,0.890168
141,123,58,0.467742,0.146546,7.621576,66,40,0.224686
141,124,63,0.508065,0.089522,7.743016,61,30,0.137256
142,0,72,0.580645,0.227685,9.803426,52,27,0.375656
142,1,68,0.548387,0.179746,8.991395,56,33,0.296562
142,2,68,0.548387,0.160624,8.594960,56,28,0.265013
142,3,65,0.524194,0.154644,8.551334,59,26,0.255147
142,4,55,0.443548,0.097204,7.350168,69,43,0.160377
142,5,67,0.540323,0.165526,9.355193,57,32,0.273101
142,6,61,0.491935,0.098546,8.102261,63,30,0.162591
142,7,59,0.475806,0.125331,7.756526,65,39,0.206783
142,8,61,0.491935,0.164673,7.843786,63,31,0.271693
142,9,67,0.540323,0.164612,8.592387,57,25,0.271592
142,10,61,0.491935,0.139887,7.781260,63,40,0.780799
142,11,63,0.508065,0.099086,8.032388,61,33,0.163481
142,12,64,0.516129,0.178702,8.328727,60,30,0.294840
142,13,60,0.483871,0.109623,7.392768,64,35,0.180866
142,14,60,0.483871,0.101214,7.714032,64,32,0.166992
142,15,62,0.500000,0.143016,8.026602,62,34,0.785962
142,16,71,0.572581,0.143807,9.200269,53,27,0.237266
142,17,73,0.588710,0.272745,9.519052,51,29,0.450000
142,18,65,0.524194,0.148091,8.471580,59,31,0.244334
142,19,58,0.467742,0.102789,7.208453,66,37,0.169590
142,20,65,0.524194,0.157493,8.577991,59,32,0.259846
142,21,60,0.483871,0.134628,8.173027,64,35,0.222122
142,22,66,0.532258,0.151623,8.729059,58,32,0.250162
142,23,75,0.604839,0.190308,9.488942,49,29,0.313989
142,24,61,0.491935,0.128929,7.986697,63,33,0.212720
142,25,74,0.596774,0.115847,9.485949,50,29,0.191135
142,26,56,0.451613,0.135983,7.428485,68,47,0.224358
142,27,68,0.548387,0.125406,8.395518,56,27,0.206906
142,28,57,0.459677,0.031154,7.139053,67,35,0.051401
142,29,64,0.516129,0.089683,7.983258,60,32,0.147968
142,30,57,0.459677,0.065657,7.181204,67,46,0.108327
142,31,56,0.451613,0.055787,7.076760,68,49,0.092042
142,32,73,0.588710,0.182483,9.518917,51,29,0.301077
142,33,62,0.500000,0.128917,8.349077,62,35,0.212700
142,34,62,0.500000,0.196931,8.364891,62,32,0.324916
142,35,65,0.524194,0.119577,7.960735,59,28,0.197290
142,36,60,0.483871,0.137976,7.896751,64,37,0.227646
142,37,64,0.516129,0.121898,7.994034,60,29,0.201119
142,38,54,0.435484,0.097038,7.248891,70,57,0.160103
142,39,68,0.548387,0.191634,8.779012,56,29,0.316176
142,40,54,0.435484,0.147729,6.854614,70,58,0.243737
142,41,56,0.451613,0.061726,7.043251,68,38,0.101841
142,42,57,0.459677,0.083243,6.993483,67,39,0.137342
142,43,63,0.508065,0.122209,7.979044,61,30,0.201632
142,44,64,0.516129,0.108258,8.582357,60,32,0.178615
142,45,65,0.524194,0.140619,8.522981,59,36,0.232006
142,46,67,0.540323,0.121424,8.594170,57,29,0.200336
142,47,70,0.564516,0.058862,8.564610,54,28,0.097116
142,48,61,0.491935,0.161581,7.847705,63,34,0.266591
142,49,60,0.483871,0.084506,7.823981,64,33,0.139426
142,50,66,0.532258,0.167602,8.223516,58,31,0.276525
142,51,60,0.483871,0.063880,7.239796,64,34,0.105396
142,52,58,0.467742,0.051626,7.147505,66,36,0.085178
142,53,73,0.588710,0.189105,9.481206,51,29,0.312003
142,54,59,0.475806,0.120798,7.665853,65,37,0.199303
142,55,67,0.540323,0.168569,8.730093,57,27,0.278121
142,56,67,0.540323,0.081148,8.769986,57,29,0.133885
142,57,69,0.556452,0.144326,8.777652,55,28,0.238123
142,58,69,0.556452,0.154932,8.799889,55,28,0.255621
142,59,64,0.516129,0.150608,8.457347,60,35,0.248487
142,60,61,0.491935,0.165389,8.072645,63,31,0.272874
142,61,60,0.483871,0.129190,8.076491,64,38,0.213150
142,62,57,0.459677,0.025864,6.981826,67,44,0.042673
142,63,61,0.491935,0.097775,7.843722,63,37,0.711319
142,64,67,0.540323,0.116942,8.316687,57,35,0.192942
142,65,68,0.548387,0.045764,7.999079,56,31,0.075506
142,66,59,0.475806,0.144544,7.876016,65,35,0.238483
142,67,62,0.500000,0.130630,7.773188,62,34,0.215526
142,68,55,0.443548,0.077426,7.347692,69,49,0.127745
142,69,54,0.435484,0.056313,6.550813,70,56,0.092911
142,70,56,0.451613,0.000000,7.351712,68,34,0.000000
142,71,59,0.475806,0.170302,7.892774,65,34,0.280981
142,72,58,0.467742,0.172318,7.637872,66,37,0.284307
142,73,58,0.467742,0.082515,7.600477,66,50,0.136141
142,74,55,0.443548,0.132558,7.093163,69,48,0.218706
142,75,51,0.411290,0.026235,6.640813,73,67,0.043286
142,76,56,0.451613,0.125506,6.777698,68,36,0.757072
142,77,64,0.516129,0.122975,7.869246,60,25,0.202896
142,78,69,0.556452,0.093032,8.748953,55,28,0.153493
142,79,63,0.508065,0.115838,8.722240,61,30,0.191121
142,80,59,0.475806,0.064548,7.311056,65,43,0.106498
142,81,61,0.491935,0.106617,7.828979,63,33,0.175907
142,82,62,0.500000,0.143066,8.045158,62,35,0.236044
142,83,67,0.540323,0.199143,8.862006,57,32,0.328566
142,84,67,0.540323,0.186873,8.752343,57,29,0.308320
142,85,57,0.459677,0.134178,7.553615,67,47,0.221379
142,86,64,0.516129,0.203659,8.788472,60,29,0.336016
142,87,53,0.427419,0.062225,6.525991,71,66,0.102665
142,88,55,0.443548,0.055517,7.312550,69,41,0.091597
142,89,56,0.451613,0.071210,7.049316,68,39,0.117488
142,90,66,0.532258,0.144822,8.376412,58,33,0.238941
142,91,60,0.483871,0.158489,7.751374,64,39,0.811490
142,92,69,0.556452,0.133899,9.206027,55,35,0.220919
142,93,63,0.508065,0.153592,7.669532,61,33,0.253411
142,94,60,0.483871,0.115919,7.665197,64,39,0.191253
142,95,59,0.475806,0.140329,7.701118,65,41,0.231528
142,96,53,0.427419,0.116351,7.016179,71,45,0.191967
142,97,66,0.532258,0.161581,8.780222,58,34,0.266591
142,98,60,0.483871,0.156519,7.582957,64,34,0.258239
142,99,72,0.580645,0.219084,9.569819,52,28,0.361466
142,100,61,0.491935,0.129771,7.814895,63,28,0.214109
142,101,64,0.516129,0.064401,8.048771,60,26,0.106255
142,102,69,0.556452,0.242651,9.088294,55,33,0.400348
142,103,64,0.516129,0.137369,8.447685,60,32,0.226644
142,104,58,0.467742,0.113519,7.518724,66,35,0.187294
142,105,68,0.548387,0.149184,8.935579,56,36,0.246137
142,106,53,0.427419,0.000000,6.963043,71,83,0.000000
142,107,64,0.516129,0.081534,8.177054,60,28,0.134523
142,108,61,0.491935,0.139880,7.442601,63,32,0.230787
142,109,63,0.508065,0.151457,8.272014,61,32,0.799887
142,110,57,0.459677,0.178358,7.336169,67,41,0.294272
142,111,62,0.500000,0.136813,7.774625,62,34,0.225728
142,112,61,0.491935,0.094329,7.466399,63,38,0.155634
142,113,70,0.564516,0.134600,8.924763,54,29,0.222077
142,114,64,0.516129,0.086282,8.179740,60,31,0.142356
142,115,58,0.467742,0.191873,7.962532,66,38,0.866570
142,116,51,0.411290,0.108819,7.004555,73,69,0.179539
142,117,63,0.508065,0.114025,8.097387,61,31,0.188129
142,118,56,0.451613,0.089920,7.170019,68,43,0.148359
142,119,60,0.483871,0.138023,8.026910,64,32,0.227723
142,120,60,0.483871,0.145014,7.983526,64,40,0.239258
142,121,65,0.524194,0.091951,8.163590,59,28,0.151709
142,122,71,0.572581,0.222465,9.605460,53,29,0.367045
142,123,58,0.467742,0.120448,7.304756,66,40,0.198727
142,124,63,0.508065,0.114934,7.737125,61,30,0.739629
143,0,72,0.580645,0.206823,9.708961,52,27,0.390258
143,1,68,0.548387,0.165227,9.006291,56,33,0.311771
143,2,68,0.548387,0.141376,8.531032,56,28,0.266765
143,3,65,0.524194,0.133089,8.389714,59,26,0.251128
143,4,55,0.443548,0.075032,7.397007,69,43,0.141580
143,5,67,0.540323,0.136776,9.089082,57,32,0.258085
143,6,61,0.491935,0.075316,8.057685,63,30,0.142115
143,7,59,0.475806,0.106255,7.660845,65,39,0.200495
143,8,61,0.491935,0.198250,7.972227,63,31,0.374081
143,9,67,0.540323,0.148900,8.339570,57,25,0.280963
143,10,61,0.491935,0.138558,7.788821,63,41,0.261448
143,11,63,0.508065,0.124413,8.091609,61,33,0.234757
143,12,64,0.516129,0.210011,8.385584,60,30,0.396274
143,13,60,0.483871,0.127406,7.434369,64,35,0.240405
143,14,60,0.483871,0.124554,7.883345,64,32,0.235023
143,15,62,0.500000,0.133393,8.123496,62,35,0.251701
143,16,71,0.572581,0.137683,9.159159,53,27,0.259797
143,17,73,0.588710,0.238484,9.240680,51,29,0.450000
143,18,65,0.524194,0.149982,8.479157,59,31,0.283003
143,19,58,0.467742,0.113014,7.072121,66,37,0.763249
143,20,65,0.524194,0.164512,8.783056,59,32,0.310422
143,21,60,0.483871,0.164284,8.399366,64,35,0.859990
143,22,66,0.532258,0.161247,8.707360,58,32,0.304261
143,23,75,0.604839,0.200978,9.526022,49,29,0.379230
143,24,61,0.491935,0.099403,7.911757,63,33,0.187565
143,25,74,0.596774,0.133023,9.595540,50,29,0.251003
143,26,56,0.451613,0.118640,7.369344,68,47,0.223865
143,27,68,0.548387,0.119074,8.489940,56,27,0.224684
143,28,57,0.459677,0.029755,7.173123,67,35,0.056144
143,29,64,0.516129,0.089879,7.913760,60,32,0.169595
143,30,57,0.459677,0.088949,7.192768,67,46,0.167841
143,31,56,0.451613,0.018525,6.946295,68,49,0.034955
143,32,73,0.588710,0.181428,9.508872,51,29,0.342341
143,33,62,0.500000,0.149397,8.289398,62,35,0.281901
143,34,62,0.500000,0.179267,8.264465,62,32,0.888263
143,35,65,0.524194,0.123875,7.969492,59,28,0.233743
143,36,60,0.483871,0.140579,7.907494,64,37,0.265261
143,37,64,0.516129,0.112842,8.038661,60,29,0.212924
143,38,54,0.435484,0.079630,7.079336,70,57,0.150255
143,39,68,0.548387,0.208036,8.612266,56,29,0.942548
143,40,54,0.435484,0.170024,7.066233,70,58,0.320823
143,41,56,0.451613,0.065637,6.994989,68,38,0.123851
143,42,57,0.459677,0.090299,6.936124,67,39,0.170387
143,43,63,0.508065,0.115196,8.070145,61,30,0.217366
143,44,64,0.516129,0.120997,8.492178,60,32,0.228312
143,45,65,0.524194,0.146893,8.417314,59,36,0.277176
143,46,67,0.540323,0.158408,8.796522,57,29,0.298903
143,47,70,0.564516,0.055480,8.655843,54,28,0.104687
143,48,61,0.491935,0.167079,7.938286,63,34,0.315265
143,49,60,0.483871,0.108849,7.961991,64,33,0.205389
143,50,66,0.532258,0.132296,8.149319,58,31,0.249631
143,51,60,0.483871,0.080792,7.300316,64,34,0.152448
143,52,58,0.467742,0.093326,7.202829,66,36,0.176099
143,53,73,0.588710,0.204162,9.525683,51,29,0.935238
143,54,59,0.475806,0.134590,7.576860,65,37,0.253961
143,55,67,0.540323,0.181652,8.699608,57,27,0.342764
143,56,67,0.540323,0.126682,8.983446,57,29,0.239039
143,57,69,0.556452,0.136886,8.740085,55,28,0.258293
143,58,69,0.556452,0.148551,8.733269,55,28,0.280304
143,59,64,0.516129,0.148380,8.411260,60,35,0.279982
143,60,61,0.491935,0.166610,8.043057,63,31,0.314381
143,61,60,0.483871,0.119536,7.915661,64,38,0.225556
143,62,57,0.459677,0.053174,6.992484,67,44,0.100335
143,63,61,0.491935,0.097384,7.925868,63,38,0.183756
143,64,67,0.540323,0.168424,8.444924,57,35,0.317803
143,65,68,0.548387,0.071086,8.067283,56,31,0.134135
143,66,59,0.475806,0.129892,7.701233,65,35,0.245095
143,67,62,0.500000,0.099149,7.585371,62,34,0.187086
143,68,55,0.443548,0.102875,7.458854,69,49,0.194118
143,69,54,0.435484,0.079930,6.771625,70,56,0.150821
143,70,56,0.451613,0.052269,7.247946,68,34,0.098628
143,71,59,0.475806,0.153965,7.722168,65,34,0.290519
143,72,58,0.467742,0.162918,7.474058,66,37,0.307414
143,73,58,0.467742,0.087416,7.791853,66,50,0.164947
143,74,55,0.443548,0.082402,6.958650,69,48,0.155487
143,75,51,0.411290,0.052193,6.532799,73,67,0.098485
143,76,56,0.451613,0.107899,6.917613,68,37,0.203597
143,77,64,0.516129,0.138658,7.947009,60,25,0.261637
143,78,69,0.556452,0.058927,8.618253,55,28,0.111191
143,79,63,0.508065,0.081375,8.555288,61,30,0.153549
143,80,59,0.475806,0.084105,7.455886,65,43,0.158700
143,81,61,0.491935,0.105872,7.769105,63,33,0.199771
143,82,62,0.500000,0.164236,8.091662,62,35,0.309900
143,83,67,0.540323,0.166019,8.719395,57,32,0.313264
143,84,67,0.540323,0.187874,8.792678,57,29,0.354503
143,85,57,0.459677,0.119511,7.380981,67,47,0.225508
143,86,64,0.516129,0.163895,8.874426,60,29,0.309256
143,87,53,0.427419,0.067229,6.618061,71,66,0.126856
143,88,55,0.443548,0.071172,7.260525,69,41,0.134297
143,89,56,0.451613,0.067485,7.184188,68,39,0.127340
143,90,66,0.532258,0.123993,8.267454,58,33,0.233965
143,91,60,0.483871,0.143037,7.758709,64,40,0.269900
143,92,69,0.556452,0.140331,9.218411,55,35,0.264794
143,93,63,0.508065,0.150571,7.694533,61,33,0.284115
143,94,60,0.483871,0.129893,7.507874,64,39,0.245098
143,95,59,0.475806,0.140128,7.728633,65,41,0.264410
143,96,53,0.427419,0.136658,7.021198,71,45,0.257862
143,97,66,0.532258,0.167079,8.926801,58,34,0.315265
143,98,60,0.483871,0.118516,7.434589,64,34,0.223630
143,99,72,0.580645,0.229261,9.686197,52,28,0.432597
143,100,61,0.491935,0.093788,7.542940,63,28,0.176971
143,101,64,0.516129,0.076298,8.370476,60,26,0.143969
143,102,69,0.556452,0.231866,9.032202,55,33,0.437513
143,103,64,0.516129,0.170597,8.399666,60,32,0.321902
143,104,58,0.467742,0.125082,7.433957,66,35,0.236020
143,105,68,0.548387,0.142229,8.946860,56,36,0.268375
143,106,53,0.427419,0.000000,6.935559,71,83,0.000000
143,107,64,0.516129,0.055851,8.190066,60,28,0.105386
143,108,61,0.491935,0.159637,7.524403,63,32,0.851223
143,109,63,0.508065,0.117471,8.115450,61,33,0.221658
143,110,57,0.459677,0.174842,7.357994,67,41,0.329912
143,111,62,0.500000,0.134996,7.787109,62,34,0.254728
143,112,61,0.491935,0.107548,7.492903,63,38,0.202934
143,113,70,0.564516,0.113454,8.811367,54,29,0.214079
143,114,64,0.516129,0.108389,8.286670,60,31,0.204522
143,115,58,0.467742,0.191587,7.970272,66,39,0.361510
143,116,51,0.411290,0.083505,6.816839,73,69,0.157568
143,117,63,0.508065,0.124544,7.969427,61,31,0.235005
143,118,56,0.451613,0.095938,7.168716,68,43,0.731028
143,119,60,0.483871,0.138768,8.117673,64,32,0.261845
143,120,60,0.483871,0.131573,7.927075,64,40,0.248268
143,121,65,0.524194,0.093122,8.084060,59,28,0.175714
143,122,71,0.572581,0.224641,9.724732,53,29,0.423879
143,123,58,0.467742,0.109600,7.382116,66,40,0.206807
143,124,63,0.508065,0.070670,7.690396,61,31,0.133349
144,0,72,0.580645,0.174799,9.994828,52,27,0.344592
144,1,68,0.548387,0.197068,9.105582,56,33,0.388493
144,2,68,0.548387,0.164293,8.708233,56,28,0.323882
144,3,65,0.524194,0.151823,8.479840,59,26,0.299299
144,4,55,0.443548,0.076093,7.098961,69,43,0.150008
144,5,67,0.540323,0.155228,9.206009,57,32,0.306012
144,6,61,0.491935,0.093425,8.195315,63,30,0.184176
144,7,59,0.475806,0.123523,7.824622,65,39,0.243508
144,8,61,0.491935,0.170797,7.820764,63,31,0.336703
144,9,67,0.540323,0.192675,8.591966,57,25,0.379833
144,10,61,0.491935,0.131989,7.673748,63,41,0.810199
144,11,63,0.508065,0.131038,8.026321,61,33,0.258325
144,12,64,0.516129,0.195612,8.254048,60,30,0.385623
144,13,60,0.483871,0.133051,7.472555,64,35,0.262293
144,14,60,0.483871,0.126287,7.841135,64,32,0.248958
144,15,62,0.500000,0.137183,8.120128,62,35,0.270438
144,16,71,0.572581,0.160640,9.302415,53,27,0.316680
144,17,73,0.588710,0.219379,9.310050,51,29,0.432476
144,18,65,0.524194,0.150332,8.368152,59,31,0.846359
144,19,58,0.467742,0.112459,7.199710,66,38,0.221698
144,20,65,0.524194,0.188746,8.644429,59,32,0.372088
144,21,60,0.483871,0.146729,8.021280,64,36,0.289257
144,22,66,0.532258,0.164021,8.546660,58,32,0.323345
144,23,75,0.604839,0.175383,9.475812,49,29,0.345745
144,24,61,0.491935,0.108602,7.891914,63,33,0.214095
144,25,74,0.596774,0.163462,9.648456,50,29,0.322244
144,26,56,0.451613,0.120921,7.323916,68,47,0.238379
144,27,68,0.548387,0.121636,8.506985,56,27,0.239788
144,28,57,0.459677,0.023815,7.218435,67,35,0.046949
144,29,64,0.516129,0.125699,7.960338,60,32,0.247799
144,30,57,0.459677,0.069935,7.221826,67,46,0.137869
144,31,56,0.451613,0.043631,7.126576,68,49,0.086013
144,32,73,0.588710,0.197115,9.581261,51,29,0.388585
144,33,62,0.500000,0.129559,8.174275,62,35,0.255408
144,34,62,0.500000,0.186466,8.158847,62,33,0.367592
144,35,65,0.524194,0.155384,8.121172,59,28,0.306320
144,36,60,0.483871,0.149271,7.973392,64,37,0.294269
144,37,64,0.516129,0.105132,8.107489,60,29,0.207254
144,38,54,0.435484,0.084672,7.177355,70,57,0.166920
144,39,68,0.548387,0.183235,8.668582,56,30,0.361224
144,40,54,0.435484,0.140941,7.023552,70,58,0.277846
144,41,56,0.451613,0.073083,6.975685,68,38,0.694074
144,42,57,0.459677,0.101417,7.133224,67,39,0.199929
144,43,63,0.508065,0.128147,8.195724,61,30,0.252624
144,44,64,0.516129,0.146096,8.516779,60,32,0.288009
144,45,65,0.524194,0.153024,8.481056,59,36,0.301667
144,46,67,0.540323,0.164025,8.713216,57,29,0.323354
144,47,70,0.564516,0.056075,8.703053,54,28,0.110545
144,48,61,0.491935,0.159372,7.799442,63,34,0.314180
144,49,60,0.483871,0.100592,7.839240,64,33,0.198304
144,50,66,0.532258,0.120859,8.109855,58,31,0.238258
144,51,60,0.483871,0.079753,7.257039,64,34,0.157222
144,52,58,0.467742,0.096790,7.202822,66,36,0.190809
144,53,73,0.588710,0.172102,9.474327,51,30,0.339277
144,54,59,0.475806,0.126014,7.482560,65,37,0.248420
144,55,67,0.540323,0.156463,8.704003,57,27,0.308446
144,56,67,0.540323,0.114311,8.860515,57,29,0.225349
144,57,69,0.556452,0.183302,8.823758,55,28,0.361356
144,58,69,0.556452,0.137183,8.709331,55,28,0.270438
144,59,64,0.516129,0.156747,8.382707,60,35,0.309006
144,60,61,0.491935,0.156507,8.064790,63,31,0.308534
144,61,60,0.483871,0.108091,7.911718,64,38,0.213087
144,62,57,0.459677,0.021110,6.941160,67,44,0.041615
144,63,61,0.491935,0.097314,7.938682,63,38,0.191843
144,64,67,0.540323,0.137484,8.342817,57,35,0.271032
144,65,68,0.548387,0.061077,8.254082,56,31,0.120405
144,66,59,0.475806,0.114306,7.654912,65,35,0.225340
144,67,62,0.500000,0.151273,7.802576,62,34,0.298215
144,68,55,0.443548,0.110335,7.443403,69,49,0.217510
144,69,54,0.435484,0.061134,6.656892,70,56,0.120517
144,70,56,0.451613,0.017631,7.357543,68,34,0.034757
144,71,59,0.475806,0.173570,7.854690,65,34,0.342171
144,72,58,0.467742,0.132308,7.396504,66,37,0.260828
144,73,58,0.467742,0.084310,7.842043,66,50,0.166206
144,74,55,0.443548,0.110159,7.125136,69,48,0.217164
144,75,51,0.411290,0.033200,6.722795,73,67,0.065450
144,76,56,0.451613,0.125528,6.899120,68,37,0.247461
144,77,64,0.516129,0.152603,8.119085,60,25,0.850836
144,78,69,0.556452,0.047952,8.612422,55,28,0.094531
144,79,63,0.508065,0.075076,8.570776,61,30,0.148002
144,80,59,0.475806,0.093246,7.362942,65,43,0.183822
144,81,61,0.491935,0.126051,7.922190,63,33,0.248492
144,82,62,0.500000,0.161970,8.124952,62,35,0.319303
144,83,67,0.540323,0.199637,8.714560,57,32,0.393558
144,84,67,0.540323,0.151442,8.762970,57,29,0.298549
144,85,57,0.459677,0.091040,7.326309,67,47,0.179472
144,86,64,0.516129,0.145576,8.825367,60,29,0.286983
144,87,53,0.427419,0.032183,6.748908,71,66,0.063444
144,88,55,0.443548,0.080021,7.414846,69,41,0.157750
144,89,56,0.451613,0.068129,7.064441,68,39,0.134308
144,90,66,0.532258,0.129512,8.256806,58,33,0.255315
144,91,60,0.483871,0.141023,7.675945,64,40,0.278008
144,92,69,0.556452,0.120226,9.104062,55,35,0.237009
144,93,63,0.508065,0.159504,7.730743,61,33,0.864440
144,94,60,0.483871,0.122114,7.353792,64,39,0.240732
144,95,59,0.475806,0.133052,7.646687,65,41,0.812294
144,96,53,0.427419,0.133578,7.116819,71,45,0.263330
144,97,66,0.532258,0.159372,8.873259,58,34,0.314180
144,98,60,0.483871,0.099801,7.396767,64,34,0.196744
144,99,72,0.580645,0.228268,9.583258,52,28,0.450000
144,100,61,0.491935,0.131996,7.601600,63,28,0.260213
144,101,64,0.516129,0.074759,8.167762,60,26,0.147377
144,102,69,0.556452,0.222298,9.030249,55,33,0.438231
144,103,64,0.516129,0.157932,8.612856,60,32,0.311342
144,104,58,0.467742,0.125292,7.576313,66,35,0.246997
144,105,68,0.548387,0.159468,8.844903,56,36,0.314369
144,106,53,0.427419,0.000000,6.895916,71,83,0.000000
144,107,64,0.516129,0.090403,8.226287,60,28,0.178218
144,108,61,0.491935,0.119252,7.485541,63,33,0.785090
144,109,63,0.508065,0.122548,8.211278,61,33,0.241587
144,110,57,0.459677,0.140005,7.307166,67,41,0.276002
144,111,62,0.500000,0.156143,7.895841,62,34,0.307815
144,112,61,0.491935,0.119777,7.608585,63,38,0.236124
144,113,70,0.564516,0.128752,8.836784,54,29,0.253818
144,114,64,0.516129,0.069199,8.105535,60,31,0.136418
144,115,58,0.467742,0.177966,7.893325,66,39,0.350836
144,116,51,0.411290,0.100127,6.845898,73,69,0.197388
144,117,63,0.508065,0.159901,8.039056,61,31,0.865223
144,118,56,0.451613,0.079757,7.292403,68,44,0.157230
144,119,60,0.483871,0.107877,8.033048,64,32,0.212665
144,120,60,0.483871,0.134146,8.013662,64,40,0.264451
144,121,65,0.524194,0.107564,8.094168,59,28,0.212049
144,122,71,0.572581,0.218369,9.751325,53,29,0.430485
144,123,58,0.467742,0.128026,7.443149,66,40,0.252386
144,124,63,0.508065,0.066449,7.629324,61,31,0.130996
145,0,72,0.580645,0.263423,9.799268,52,27,0.450000
145,1,68,0.548387,0.157117,9.000104,56,33,0.268400
145,2,68,0.548387,0.146247,8.649456,56,28,0.249830
145,3,65,0.524194,0.159296,8.610151,59,26,0.272123
145,4,55,0.443548,0.126540,7.483477,69,43,0.216166
145,5,67,0.540323,0.132090,9.199371,57,32,0.225647
145,6,61,0.491935,0.133042,8.152651,63,30,0.227273
145,7,59,0.475806,0.115263,7.723337,65,39,0.196901
145,8,61,0.491935,0.127487,7.554522,63,31,0.217783
145,9,67,0.540323,0.208569,8.610925,57,25,0.356294
145,10,61,0.491935,0.133208,7.801969,63,42,0.227556
145,11,63,0.508065,0.155414,8.259687,61,33,0.265490
145,12,64,0.516129,0.182625,8.340088,60,30,0.311975
145,13,60,0.483871,0.141514,7.507908,64,35,0.241746
145,14,60,0.483871,0.122888,8.030109,64,32,0.209927
145,15,62,0.500000,0.145327,8.215041,62,35,0.798259
145,16,71,0.572581,0.183754,9.193111,53,27,0.313903
145,17,73,0.588710,0.208185,9.356982,51,29,0.355638
145,18,65,0.524194,0.161498,8.447998,59,32,0.275883
145,19,58,0.467742,0.144613,7.431587,66,38,0.797039
145,20,65,0.524194,0.148045,8.642954,59,32,0.252902
145,21,60,0.483871,0.118653,8.015266,64,36,0.202693
145,22,66,0.532258,0.146107,8.499462,58,32,0.249591
145,23,75,0.604839,0.180596,9.476613,49,29,0.308509
145,24,61,0.491935,0.087429,7.996388,63,33,0.149353
145,25,74,0.596774,0.158637,9.676731,50,29,0.270997
145,26,56,0.451613,0.137622,7.580319,68,47,0.235097
145,27,68,0.548387,0.113267,8.472508,56,27,0.193492
145,28,57,0.459677,0.054596,7.236033,67,35,0.093265
145,29,64,0.516129,0.134531,8.050340,60,32,0.229816
145,30,57,0.459677,0.123566,7.414511,67,46,0.211085
145,31,56,0.451613,0.033662,7.036845,68,49,0.057503
145,32,73,0.588710,0.228916,9.771238,51,29,0.391054
145,33,62,0.500000,0.148000,8.231780,62,35,0.252826
145,34,62,0.500000,0.156639,8.196267,62,33,0.267583
145,35,65,0.524194,0.150711,8.043674,59,28,0.257457
145,36,60,0.483871,0.118675,7.890972,64,37,0.202731
145,37,64,0.516129,0.069518,8.162791,60,29,0.118755
145,38,54,0.435484,0.106266,7.154958,70,57,0.181532
145,39,68,0.548387,0.205328,8.635960,56,30,0.900758
145,40,54,0.435484,0.167038,7.001645,70,58,0.285349
145,41,56,0.451613,0.060796,6.719874,68,39,0.103857
145,42,57,0.459677,0.119587,6.967268,67,39,0.204288
145,43,63,0.508065,0.095294,7.984242,61,30,0.162789
145,44,64,0.516129,0.149390,8.639546,60,32,0.255200
145,45,65,0.524194,0.193315,8.429280,59,36,0.880236
145,46,67,0.540323,0.205111,8.759585,57,29,0.350387
145,47,70,0.564516,0.106868,8.701245,54,28,0.182561
145,48,61,0.491935,0.165104,7.643833,63,34,0.282044
145,49,60,0.483871,0.057200,7.648102,64,33,0.097713
145,50,66,0.532258,0.161435,8.183478,58,31,0.275777
145,51,60,0.483871,0.062967,7.233922,64,34,0.107565
145,52,58,0.467742,0.067470,7.055493,66,36,0.115258
145,53,73,0.588710,0.172150,9.411079,51,30,0.294080
145,54,59,0.475806,0.087993,7.254967,65,37,0.150316
145,55,67,0.540323,0.131612,8.614499,57,27,0.224830
145,56,67,0.540323,0.085337,8.799444,57,29,0.145779
145,57,69,0.556452,0.178003,8.956836,55,28,0.304078
145,58,69,0.556452,0.166069,8.694217,55,28,0.283692
145,59,64,0.516129,0.104250,8.151406,60,35,0.178088
145,60,61,0.491935,0.143251,8.093877,63,31,0.244713
145,61,60,0.483871,0.114805,8.040645,64,38,0.196120
145,62,57,0.459677,0.008401,7.039201,67,44,0.014352
145,63,61,0.491935,0.071207,7.779397,63,38,0.121642
145,64,67,0.540323,0.145726,8.283809,57,35,0.248941
145,65,68,0.548387,0.078990,8.159887,56,31,0.134937
145,66,59,0.475806,0.101606,7.748069,65,35,0.173572
145,67,62,0.500000,0.147337,7.943024,62,34,0.251693
145,68,55,0.443548,0.109770,7.436217,69,49,0.187517
145,69,54,0.435484,0.087832,6.775562,70,56,0.150041
145,70,56,0.451613,0.021773,7.384172,68,34,0.037194
145,71,59,0.475806,0.156427,7.478882,65,34,0.817221
145,72,58,0.467742,0.143754,7.345831,66,37,0.245572
145,73,58,0.467742,0.083639,7.796947,66,50,0.142878
145,74,55,0.443548,0.112061,6.943896,69,48,0.191432
145,75,51,0.411290,0.024283,6.652309,73,67,0.041482
145,76,56,0.451613,0.104768,6.876391,68,37,0.178972
145,77,64,0.516129,0.156041,8.089767,60,26,0.266562
145,78,69,0.556452,0.067764,8.824991,55,28,0.115760
145,79,63,0.508065,0.054876,8.298555,61,30,0.093743
145,80,59,0.475806,0.076338,7.289247,65,43,0.130407
145,81,61,0.491935,0.092246,8.020838,63,33,0.157583
145,82,62,0.500000,0.166560,8.260135,62,35,0.284530
145,83,67,0.540323,0.212874,8.898030,57,32,0.363648
145,84,67,0.540323,0.142598,8.729233,57,29,0.243598
145,85,57,0.459677,0.116344,7.380474,67,47,0.198748
145,86,64,0.516129,0.193910,8.829817,60,29,0.331253
145,87,53,0.427419,0.006099,6.734096,71,66,0.010418
145,88,55,0.443548,0.081298,7.202963,69,41,0.138879
145,89,56,0.451613,0.077393,7.016332,68,39,0.132208
145,90,66,0.532258,0.130679,8.268217,58,33,0.223237
145,91,60,0.483871,0.183690,7.822284,64,40,0.313793
145,92,69,0.556452,0.136378,9.220402,55,35,0.232972
145,93,63,0.508065,0.124250,7.785828,61,34,0.212254
145,94,60,0.483871,0.149998,7.497139,64,39,0.256239
145,95,59,0.475806,0.160895,7.980489,65,42,0.274854
145,96,53,0.427419,0.126433,7.128412,71,45,0.765984
145,97,66,0.532258,0.165104,8.829718,58,34,0.832044
145,98,60,0.483871,0.103232,7.382885,64,34,0.176349
145,99,72,0.580645,0.220653,9.709280,52,28,0.376937
145,100,61,0.491935,0.139869,7.530671,63,28,0.238936
145,101,64,0.516129,0.095283,8.319318,60,26,0.162770
145,102,69,0.556452,0.226294,8.926795,55,33,0.386574
145,103,64,0.516129,0.160417,8.558966,60,32,0.274037
145,104,58,0.467742,0.139831,7.652164,66,35,0.238871
145,105,68,0.548387,0.134904,8.933854,56,36,0.230454
145,106,53,0.427419,0.000000,6.890046,71,83,0.000000
145,107,64,0.516129,0.072259,8.396419,60,28,0.123439
145,108,61,0.491935,0.107647,7.411819,63,34,0.183891
145,109,63,0.508065,0.116065,8.264970,61,33,0.198272
145,110,57,0.459677,0.138954,7.213489,67,41,0.237372
145,111,62,0.500000,0.142703,7.805577,62,34,0.243778
145,112,61,0.491935,0.142397,7.695519,63,38,0.243255
145,113,70,0.564516,0.117742,8.903110,54,29,0.201137
145,114,64,0.516129,0.090180,8.131461,60,31,0.154052
145,115,58,0.467742,0.157907,7.879232,66,39,0.269749
145,116,51,0.411290,0.077291,6.851033,73,69,0.132035
145,117,63,0.508065,0.095665,8.155487,61,32,0.163423
145,118,56,0.451613,0.094971,7.256893,68,44,0.162236
145,119,60,0.483871,0.129291,8.273313,64,32,0.220865
145,120,60,0.483871,0.132663,8.053015,64,40,0.226625
145,121,65,0.524194,0.053462,8.007948,59,28,0.091329
145,122,71,0.572581,0.169914,9.421289,53,29,0.290261
145,123,58,0.467742,0.120825,7.412604,66,40,0.206404
145,124,63,0.508065,0.087830,7.613911,61,31,0.150038
146,0,72,0.580645,0.238369,10.096438,52,27,0.450000
146,1,68,0.548387,0.187685,9.139602,56,33,0.354318
146,2,68,0.548387,0.173745,8.783796,56,28,0.328002
146,3,65,0.524194,0.149665,8.482488,59,26,0.282542
146,4,55,0.443548,0.100291,7.338605,69,43,0.189332
146,5,67,0.540323,0.181305,9.365347,57,32,0.342273
146,6,61,0.491935,0.083690,8.052250,63,30,0.157993
146,7,59,0.475806,0.123473,7.853951,65,39,0.233096
146,8,61,0.491935,0.161617,7.853281,63,31,0.305105
146,9,67,0.540323,0.176543,8.562258,57,25,0.333284
146,10,61,0.491935,0.157200,7.761887,63,42,0.846767
146,11,63,0.508065,0.147052,8.145274,61,33,0.277609
146,12,64,0.516129,0.204794,8.284217,60,30,0.386618
146,13,60,0.483871,0.122396,7.463980,64,35,0.231063
146,14,60,0.483871,0.126223,7.886865,64,32,0.238289
146,15,62,0.500000,0.118976,8.174902,62,36,0.224606
146,16,71,0.572581,0.175936,9.303017,53,27,0.332139
146,17,73,0.588710,0.234237,9.491625,51,29,0.442200
146,18,65,0.524194,0.135754,8.310911,59,32,0.256280
146,19,58,0.467742,0.108618,7.183399,66,39,0.205053
146,20,65,0.524194,0.175771,8.735319,59,32,0.331826
146,21,60,0.483871,0.138819,8.052255,64,36,0.262068
146,22,66,0.532258,0.154034,8.555716,58,32,0.290790
146,23,75,0.604839,0.170071,9.348986,49,29,0.321066
146,24,61,0.491935,0.105894,7.867307,63,33,0.199910
146,25,74,0.596774,0.133199,9.505362,50,29,0.251458
146,26,56,0.451613,0.138609,7.425519,68,47,0.261671
146,27,68,0.548387,0.121144,8.563177,56,27,0.228700
146,28,57,0.459677,0.037927,7.153200,67,35,0.071599
146,29,64,0.516129,0.121698,7.983864,60,32,0.229745
146,30,57,0.459677,0.087993,7.162618,67,46,0.166116
146,31,56,0.451613,0.034684,7.139567,68,49,0.065478
146,32,73,0.588710,0.193423,9.515986,51,29,0.365150
146,33,62,0.500000,0.104318,8.111840,62,35,0.196935
146,34,62,0.500000,0.168424,8.120899,62,33,0.317957
146,35,65,0.524194,0.137635,8.090663,59,28,0.259832
146,36,60,0.483871,0.134287,7.861870,64,37,0.253512
146,37,64,0.516129,0.111432,8.032737,60,29,0.210365
146,38,54,0.435484,0.100680,7.246730,70,57,0.190067
146,39,68,0.548387,0.174144,8.602663,56,31,0.328755
146,40,54,0.435484,0.139941,6.944381,70,58,0.264184
146,41,56,0.451613,0.059639,6.837158,68,39,0.112589
146,42,57,0.459677,0.066184,7.108454,67,39,0.124944
146,43,63,0.508065,0.125111,8.070109,61,30,0.236189
146,44,64,0.516129,0.151742,8.578236,60,32,0.286463
146,45,65,0.524194,0.153736,8.600167,59,37,0.290228
146,46,67,0.540323,0.169448,8.712801,57,29,0.869889
146,47,70,0.564516,0.045646,8.646004,54,28,0.086172
146,48,61,0.491935,0.151860,7.770012,63,34,0.286687
146,49,60,0.483871,0.108096,7.819651,64,33,0.204068
146,50,66,0.532258,0.175405,8.229013,58,31,0.331136
146,51,60,0.483871,0.072720,7.213961,64,34,0.137283
146,52,58,0.467742,0.089716,7.018760,66,36,0.169368
146,53,73,0.588710,0.201904,9.650304,51,30,0.381162
146,54,59,0.475806,0.113945,7.487958,65,37,0.215109
146,55,67,0.540323,0.164533,8.720905,57,27,0.310611
146,56,67,0.540323,0.104047,8.937609,57,29,0.196424
146,57,69,0.556452,0.164448,8.790035,55,28,0.310451
146,58,69,0.556452,0.157256,8.866079,55,28,0.296873
146,59,64,0.516129,0.147846,8.327814,60,35,0.279108
146,60,61,0.491935,0.171531,8.209378,63,31,0.323821
146,61,60,0.483871,0.127547,8.033796,64,38,0.240787
146,62,57,0.459677,0.000000,6.927632,67,44,0.000000
146,63,61,0.491935,0.108290,8.031750,63,38,0.204434
146,64,67,0.540323,0.151380,8.421480,57,35,0.835779
146,65,68,0.548387,0.050543,8.107676,56,31,0.095416
146,66,59,0.475806,0.119529,7.675541,65,35,0.225650
146,67,62,0.500000,0.126620,7.745564,62,34,0.239037
146,68,55,0.443548,0.102145,7.385872,69,49,0.192833
146,69,54,0.435484,0.045477,6.510532,70,56,0.085852
146,70,56,0.451613,0.027742,7.411698,68,34,0.052372
146,71,59,0.475806,0.170663,7.774306,65,35,0.322184
146,72,58,0.467742,0.148319,7.502550,66,37,0.280002
146,73,58,0.467742,0.095209,7.839987,66,50,0.729738
146,74,55,0.443548,0.130126,7.293088,69,48,0.245656
146,75,51,0.411290,0.027583,6.673540,73,67,0.052072
146,76,56,0.451613,0.126345,6.851028,68,37,0.238518
146,77,64,0.516129,0.134472,7.963056,60,26,0.253861
146,78,69,0.556452,0.063359,8.604337,55,28,0.119612
146,79,63,0.508065,0.094752,8.593877,61,30,0.178877
146,80,59,0.475806,0.090902,7.432779,65,43,0.171609
146,81,61,0.491935,0.120574,8.063704,63,33,0.227623
146,82,62,0.500000,0.160018,8.183242,62,35,0.302087
146,83,67,0.540323,0.205967,8.784359,57,32,0.938831
146,84,67,0.540323,0.154384,8.811065,57,29,0.291452
146,85,57,0.459677,0.093115,7.305840,67,47,0.175785
146,86,64,0.516129,0.145811,8.740141,60,29,0.275266
146,87,53,0.427419,0.020850,6.565499,71,66,0.039362
146,88,55,0.443548,0.089057,7.551423,69,41,0.168125
146,89,56,0.451613,0.047927,6.961615,68,39,0.090479
146,90,66,0.532258,0.129983,8.320481,58,33,0.245385
146,91,60,0.483871,0.141883,7.708530,64,40,0.267851
146,92,69,0.556452,0.115066,9.078161,55,35,0.217226
146,93,63,0.508065,0.139291,7.721683,61,34,0.262958
146,94,60,0.483871,0.128025,7.333090,64,39,0.241690
146,95,59,0.475806,0.134732,7.700115,65,42,0.254351
146,96,53,0.427419,0.122002,7.005752,71,46,0.230320
146,97,66,0.532258,0.151860,8.893576,58,35,0.286687
146,98,60,0.483871,0.097959,7.312396,64,34,0.184930
146,99,72,0.580645,0.218572,9.614671,52,28,0.412627
146,100,61,0.491935,0.151302,7.730954,63,28,0.835634
146,101,64,0.516129,0.064071,8.127506,60,26,0.120956
146,102,69,0.556452,0.236969,9.135894,55,33,0.447358
146,103,64,0.516129,0.160338,8.639984,60,32,0.302691
146,104,58,0.467742,0.138266,7.544549,66,35,0.261024
146,105,68,0.548387,0.154656,8.898917,56,36,0.291964
146,106,53,0.427419,0.000000,6.868456,71,83,0.000000
146,107,64,0.516129,0.080829,8.188684,60,28,0.152591
146,108,61,0.491935,0.117539,7.530350,63,34,0.221895
146,109,63,0.508065,0.121128,8.278662,61,33,0.228669
146,110,57,0.459677,0.161745,7.256140,67,41,0.305347
146,111,62,0.500000,0.156572,7.934851,62,34,0.295581
146,112,61,0.491935,0.118196,7.553854,63,38,0.223135
146,113,70,0.564516,0.167145,8.959136,54,29,0.315542
146,114,64,0.516129,0.058776,8.000614,60,31,0.110959
146,115,58,0.467742,0.168866,7.833556,66,39,0.868790
146,116,51,0.411290,0.093039,7.064022,73,69,0.175642
146,117,63,0.508065,0.121373,7.970107,61,32,0.229132
146,118,56,0.451613,0.090550,7.245462,68,44,0.170943
146,119,60,0.483871,0.119702,8.170580,64,32,0.225977
146,120,60,0.483871,0.140455,7.968740,64,40,0.265155
146,121,65,0.524194,0.082976,8.204915,59,28,0.156644
146,122,71,0.572581,0.222810,9.668917,53,29,0.420628
146,123,58,0.467742,0.119865,7.389879,66,40,0.226285
146,124,63,0.508065,0.057313,7.539077,61,31,0.108197
147,0,72,0.580645,0.222113,10.049180,52,27,0.384124
147,1,68,0.548387,0.196170,9.205234,56,33,0.339258
147,2,68,0.548387,0.168273,8.749999,56,28,0.291012
147,3,65,0.524194,0.157343,8.506690,59,26,0.272110
147,4,55,0.443548,0.075298,7.134597,69,43,0.130222
147,5,67,0.540323,0.190434,9.414254,57,32,0.329338
147,6,61,0.491935,0.077583,8.136545,63,30,0.134172
147,7,59,0.475806,0.109480,7.805847,65,39,0.189336
147,8,61,0.491935,0.168425,7.892967,63,31,0.291277
147,9,67,0.540323,0.182158,8.616961,57,25,0.315026
147,10,61,0.491935,0.143527,7.824305,63,43,0.248217
147,11,63,0.508065,0.129125,8.009334,61,33,0.223310
147,12,64,0.516129,0.189914,8.186883,60,30,0.328439
147,13,60,0.483871,0.133254,7.539904,64,35,0.230450
147,14,60,0.483871,0.095062,7.794214,64,32,0.164401
147,15,62,0.500000,0.122312,8.215018,62,36,0.211528
147,16,71,0.572581,0.160985,9.220870,53,27,0.278410
147,17,73,0.588710,0.227227,9.430842,51,29,0.942968
147,18,65,0.524194,0.139507,8.272883,59,32,0.241266
147,19,58,0.467742,0.107478,7.092133,66,39,0.185874
147,20,65,0.524194,0.191883,8.827822,59,32,0.331845
147,21,60,0.483871,0.143191,8.106326,64,36,0.247636
147,22,66,0.532258,0.171281,8.662928,58,32,0.296214
147,23,75,0.604839,0.185279,9.468840,49,29,0.320423
147,24,61,0.491935,0.116427,7.875097,63,33,0.201350
147,25,74,0.596774,0.152503,9.570584,50,29,0.263740
147,26,56,0.451613,0.129985,7.342463,68,47,0.224797
147,27,68,0.548387,0.126070,8.611445,56,27,0.218026
147,28,57,0.459677,0.047533,7.224915,67,35,0.082203
147,29,64,0.516129,0.102893,7.892464,60,32,0.177944
147,30,57,0.459677,0.066011,7.108156,67,46,0.114159
147,31,56,0.451613,0.036499,7.052398,68,49,0.063121
147,32,73,0.588710,0.185491,9.507337,51,29,0.320791
147,33,62,0.500000,0.107717,8.228456,62,35,0.186287
147,34,62,0.500000,0.174950,8.062722,62,33,0.302560
147,35,65,0.524194,0.138091,8.018802,59,28,0.238816
147,36,60,0.483871,0.144009,7.917910,64,37,0.249051
147,37,64,0.516129,0.121661,8.095856,60,29,0.210403
147,38,54,0.435484,0.081987,7.243427,70,57,0.141790
147,39,68,0.548387,0.182654,8.734592,56,31,0.315884
147,40,54,0.435484,0.141464,6.953723,70,58,0.244650
147,41,56,0.451613,0.063338,6.981434,68,39,0.109537
147,42,57,0.459677,0.061504,7.066642,67,39,0.106366
147,43,63,0.508065,0.138554,8.197028,61,30,0.239616
147,44,64,0.516129,0.141064,8.558429,60,32,0.243957
147,45,65,0.524194,0.154881,8.691453,59,37,0.267854
147,46,67,0.540323,0.142074,8.739918,57,30,0.245705
147,47,70,0.564516,0.067236,8.697606,54,28,0.116278
147,48,61,0.491935,0.145376,7.859938,63,34,0.251415
147,49,60,0.483871,0.116335,7.925330,64,33,0.201192
147,50,66,0.532258,0.166749,8.176065,58,31,0.288377
147,51,60,0.483871,0.071712,7.262128,64,34,0.124020
147,52,58,0.467742,0.077118,7.133351,66,36,0.133369
147,53,73,0.588710,0.199736,9.628024,51,30,0.345425
147,54,59,0.475806,0.122640,7.586550,65,37,0.212094
147,55,67,0.540323,0.171761,8.844421,57,27,0.297046
147,56,67,0.540323,0.127626,8.876906,57,29,0.220717
147,57,69,0.556452,0.164988,8.877929,55,28,0.835331
147,58,69,0.556452,0.144826,8.815436,55,28,0.250464
147,59,64,0.516129,0.167452,8.454098,60,35,0.289593
147,60,61,0.491935,0.174050,8.212789,63,31,0.301003
147,61,60,0.483871,0.125380,8.003260,64,38,0.216834
147,62,57,0.459677,0.001369,6.933089,67,44,0.002368
147,63,61,0.491935,0.107346,8.011236,63,38,0.185644
147,64,67,0.540323,0.148046,8.445831,57,36,0.256033
147,65,68,0.548387,0.060455,8.163512,56,31,0.104551
147,66,59,0.475806,0.124824,7.692478,65,35,0.215872
147,67,62,0.500000,0.130407,7.756612,62,34,0.225528
147,68,55,0.443548,0.102404,7.436984,69,49,0.177098
147,69,54,0.435484,0.040996,6.577083,70,56,0.070899
147,70,56,0.451613,0.027445,7.357850,68,34,0.047464
147,71,59,0.475806,0.169333,7.924560,65,35,0.292845
147,72,58,0.467742,0.143525,7.498925,66,37,0.248214
147,73,58,0.467742,0.093539,7.787288,66,51,0.161768
147,74,55,0.443548,0.113779,7.233567,69,48,0.196771
147,75,51,0.411290,0.023440,6.652736,73,67,0.040537
147,76,56,0.451613,0.116512,6.754841,68,37,0.201497
147,77,64,0.516129,0.128917,8.004132,60,26,0.222950
147,78,69,0.556452,0.073466,8.610155,55,28,0.127052
147,79,63,0.508065,0.105783,8.674470,61,30,0.182943
147,80,59,0.475806,0.084798,7.345344,65,43,0.146651
147,81,61,0.491935,0.117730,7.983350,63,33,0.203603
147,82,62,0.500000,0.159575,8.043058,62,35,0.825970
147,83,67,0.540323,0.170284,8.712535,57,33,0.294491
147,84,67,0.540323,0.155854,8.764019,57,29,0.269535
147,85,57,0.459677,0.101640,7.211561,67,47,0.175777
147,86,64,0.516129,0.141476,8.710656,60,29,0.244670
147,87,53,0.427419,0.047505,6.585801,71,66,0.082155
147,88,55,0.443548,0.090144,7.452933,69,41,0.155896
147,89,56,0.451613,0.066393,7.137564,68,39,0.114821
147,90,66,0.532258,0.143379,8.449625,58,33,0.247962
147,91,60,0.483871,0.125736,7.689692,64,40,0.217448
147,92,69,0.556452,0.120913,9.103512,55,35,0.209108
147,93,63,0.508065,0.145271,7.773003,61,34,0.251234
147,94,60,0.483871,0.123395,7.454149,64,39,0.213400
147,95,59,0.475806,0.135807,7.710119,65,42,0.234867
147,96,53,0.427419,0.117966,6.984863,71,46,0.204011
147,97,66,0.532258,0.145376,8.856108,58,35,0.251415
147,98,60,0.483871,0.105461,7.379615,64,34,0.182386
147,99,72,0.580645,0.224188,9.555835,52,28,0.387713
147,100,61,0.491935,0.118463,7.776124,63,29,0.204871
147,101,64,0.516129,0.054517,8.098594,60,26,0.094283
147,102,69,0.556452,0.233828,9.060353,55,33,0.404384
147,103,64,0.516129,0.150557,8.581652,60,32,0.260374
147,104,58,0.467742,0.139621,7.489550,66,35,0.241463
147,105,68,0.548387,0.149285,8.841158,56,36,0.258176
147,106,53,0.427419,0.000000,6.863800,71,83,0.000000
147,107,64,0.516129,0.071105,8.170755,60,28,0.122969
147,108,61,0.491935,0.104687,7.519592,63,34,0.181047
147,109,63,0.508065,0.129611,8.249936,61,33,0.224150
147,110,57,0.459677,0.155467,7.321783,67,41,0.818867
147,111,62,0.500000,0.151257,7.819468,62,34,0.261585
147,112,61,0.491935,0.111339,7.580211,63,38,0.742551
147,113,70,0.564516,0.168820,8.984415,54,29,0.291959
147,114,64,0.516129,0.068868,8.073794,60,31,0.119101
147,115,58,0.467742,0.184066,7.915512,66,40,0.318325
147,116,51,0.411290,0.094301,6.992783,73,69,0.163085
147,117,63,0.508065,0.138945,8.102175,61,32,0.240293
147,118,56,0.451613,0.087304,7.282857,68,44,0.150985
147,119,60,0.483871,0.121530,8.094458,64,32,0.210176
147,120,60,0.483871,0.124639,7.981078,64,40,0.215552
147,121,65,0.524194,0.104565,8.181654,59,28,0.180836
147,122,71,0.572581,0.260204,9.790127,53,29,1.000000
147,123,58,0.467742,0.131927,7.391576,66,40,0.228156
147,124,63,0.508065,0.070891,7.621040,61,31,0.122600
148,0,72,0.580645,0.237495,9.818856,52,27,0.431569
148,1,68,0.548387,0.168538,9.116834,56,33,0.306262
148,2,68,0.548387,0.143963,8.716504,56,28,0.261606
148,3,65,0.524194,0.130010,8.335253,59,26,0.236250
148,4,55,0.443548,0.096860,7.257609,69,43,0.176011
148,5,67,0.540323,0.182777,9.428054,57,32,0.332136
148,6,61,0.491935,0.117370,8.199219,63,30,0.213281
148,7,59,0.475806,0.143267,7.788665,65,39,0.260342
148,8,61,0.491935,0.131758,7.697108,63,31,0.239427
148,9,67,0.540323,0.173246,8.548344,57,25,0.314817
148,10,61,0.491935,0.109129,7.590756,63,43,0.198306
148,11,63,0.508065,0.083904,8.017948,61,33,0.152468
148,12,64,0.516129,0.169299,8.214801,60,30,0.307645
148,13,60,0.483871,0.144359,7.761276,64,35,0.262325
148,14,60,0.483871,0.131726,7.967420,64,32,0.239368
148,15,62,0.500000,0.105193,7.981159,62,36,0.191153
148,16,71,0.572581,0.155568,9.127735,53,27,0.282693
148,17,73,0.588710,0.204087,9.352711,51,30,0.370861
148,18,65,0.524194,0.147369,8.370954,59,32,0.267795
148,19,58,0.467742,0.113564,7.145931,66,39,0.206365
148,20,65,0.524194,0.167701,8.697581,59,32,0.304741
148,21,60,0.483871,0.094972,7.826131,64,36,0.172580
148,22,66,0.532258,0.150747,8.542614,58,32,0.273933
148,23,75,0.604839,0.175304,9.385983,49,29,0.318557
148,24,61,0.491935,0.081963,7.863663,63,33,0.148941
148,25,74,0.596774,0.165282,9.522412,50,29,0.300345
148,26,56,0.451613,0.127337,7.333766,68,47,0.231393
148,27,68,0.548387,0.108142,8.612106,56,27,0.196513
148,28,57,0.459677,0.064994,7.218638,67,35,0.118106
148,29,64,0.516129,0.087017,7.745920,60,32,0.158125
148,30,57,0.459677,0.074253,7.200687,67,46,0.134931
148,31,56,0.451613,0.041310,6.972843,68,49,0.075067
148,32,73,0.588710,0.172565,9.508936,51,29,0.313580
148,33,62,0.500000,0.105322,8.059306,62,35,0.191389
148,34,62,0.500000,0.183038,8.114970,62,33,0.332612
148,35,65,0.524194,0.140139,8.005059,59,28,0.254656
148,36,60,0.483871,0.143156,7.823981,64,37,0.260139
148,37,64,0.516129,0.119962,8.120946,60,29,0.217991
148,38,54,0.435484,0.097616,7.095696,70,57,0.177385
148,39,68,0.548387,0.195222,8.801213,56,31,0.354751
148,40,54,0.435484,0.126333,6.886677,70,58,0.229568
148,41,56,0.451613,0.109613,7.142334,68,39,0.199185
148,42,57,0.459677,0.091834,6.961996,67,39,0.166878
148,43,63,0.508065,0.161566,8.299829,61,30,0.843592
148,44,64,0.516129,0.098402,8.536412,60,32,0.178813
148,45,65,0.524194,0.130604,8.531253,59,37,0.237329
148,46,67,0.540323,0.161564,8.755645,57,30,0.293589
148,47,70,0.564516,0.083982,8.588714,54,28,0.152610
148,48,61,0.491935,0.163898,7.809740,63,34,0.297830
148,49,60,0.483871,0.106501,7.869904,64,33,0.193530
148,50,66,0.532258,0.180764,8.302680,58,31,0.328479
148,51,60,0.483871,0.069017,7.344583,64,34,0.125416
148,52,58,0.467742,0.091866,7.178509,66,36,0.166937
148,53,73,0.588710,0.207129,9.538715,51,30,0.376389
148,54,59,0.475806,0.109043,7.466366,65,37,0.748151
148,55,67,0.540323,0.170186,8.743773,57,27,0.309256
148,56,67,0.540323,0.101263,8.787206,57,29,0.184013
148,57,69,0.556452,0.179426,8.832462,55,29,0.326048
148,58,69,0.556452,0.175395,8.908619,55,28,0.868723
148,59,64,0.516129,0.129956,8.551113,60,35,0.236153
148,60,61,0.491935,0.180563,8.060274,63,31,0.328113
148,61,60,0.483871,0.106783,7.926706,64,38,0.194043
148,62,57,0.459677,0.032372,7.002508,67,44,0.058826
148,63,61,0.491935,0.123883,8.028521,63,38,0.225116
148,64,67,0.540323,0.153546,8.237177,57,36,0.279019
148,65,68,0.548387,0.038026,8.234837,56,31,0.069099
148,66,59,0.475806,0.137278,7.797849,65,35,0.249458
148,67,62,0.500000,0.091033,7.789046,62,34,0.165422
148,68,55,0.443548,0.104892,7.413764,69,49,0.190608
148,69,54,0.435484,0.085270,6.719032,70,56,0.154950
148,70,56,0.451613,0.063025,7.435468,68,34,0.114527
148,71,59,0.475806,0.171971,7.884071,65,35,0.312500
148,72,58,0.467742,0.110795,7.217505,66,37,0.201333
148,73,58,0.467742,0.090115,7.508270,66,51,0.163754
148,74,55,0.443548,0.148257,7.239496,69,48,0.269408
148,75,51,0.411290,0.035453,6.534535,73,67,0.614423
148,76,56,0.451613,0.121007,6.954144,68,37,0.219890
148,77,64,0.516129,0.121018,8.006263,60,26,0.219911
148,78,69,0.556452,0.097790,8.706389,55,28,0.177702
148,79,63,0.508065,0.098363,8.594079,61,30,0.178742
148,80,59,0.475806,0.072947,7.292129,65,43,0.132557
148,81,61,0.491935,0.143521,8.051061,63,33,0.260802
148,82,62,0.500000,0.156646,8.263811,62,36,0.284653
148,83,67,0.540323,0.201281,8.802811,57,33,0.915762
148,84,67,0.540323,0.154531,8.567762,57,29,0.280808
148,85,57,0.459677,0.129783,7.296417,67,47,0.235838
148,86,64,0.516129,0.148072,8.657427,60,29,0.269073
148,87,53,0.427419,0.055334,6.554100,71,66,0.100550
148,88,55,0.443548,0.055140,7.320636,69,41,0.100198
148,89,56,0.451613,0.053694,6.982177,68,39,0.097572
148,90,66,0.532258,0.133716,8.380488,58,33,0.242984
148,91,60,0.483871,0.151603,7.887366,64,40,0.275489
148,92,69,0.556452,0.140404,9.098748,55,35,0.255139
148,93,63,0.508065,0.161316,7.813642,61,34,0.293139
148,94,60,0.483871,0.133700,7.760650,64,39,0.242956
148,95,59,0.475806,0.132878,7.749894,65,42,0.791462
148,96,53,0.427419,0.119549,7.157383,71,46,0.217242
148,97,66,0.532258,0.163898,8.881581,58,35,0.297830
148,98,60,0.483871,0.115443,7.484570,64,34,0.209780
148,99,72,0.580645,0.218782,9.623825,52,28,0.397564
148,100,61,0.491935,0.112653,7.741846,63,29,0.204711
148,101,64,0.516129,0.059876,8.234150,60,26,0.108806
148,102,69,0.556452,0.247638,8.979687,55,33,0.450000
148,103,64,0.516129,0.139126,8.377783,60,32,0.252815
148,104,58,0.467742,0.113385,7.409347,66,35,0.756040
148,105,68,0.548387,0.160299,8.873807,56,36,0.291291
148,106,53,0.427419,0.000000,6.892538,71,83,0.000000
148,107,64,0.516129,0.048228,7.990746,60,28,0.087639
148,108,61,0.491935,0.115144,7.660354,63,34,0.209236
148,109,63,0.508065,0.127721,8.174764,61,33,0.232092
148,110,57,0.459677,0.129232,7.167072,67,42,0.234837
148,111,62,0.500000,0.132158,7.719274,62,34,0.240154
148,112,61,0.491935,0.121915,7.480897,63,39,0.221541
148,113,70,0.564516,0.154053,8.950105,54,29,0.279940
148,114,64,0.516129,0.087867,8.157789,60,31,0.159669
148,115,58,0.467742,0.171712,7.714617,66,40,0.862031
148,116,51,0.411290,0.116510,6.935647,73,69,0.211719
148,117,63,0.508065,0.103533,8.020909,61,32,0.188138
148,118,56,0.451613,0.090932,7.033649,68,44,0.165238
148,119,60,0.483871,0.122702,8.030282,64,32,0.222970
148,120,60,0.483871,0.145144,8.039171,64,40,0.263752
148,121,65,0.524194,0.107051,8.417483,59,28,0.194530
148,122,71,0.572581,0.208694,9.710070,53,30,0.379232
148,123,58,0.467742,0.153190,7.368512,66,40,0.278373
148,124,63,0.508065,0.089752,7.630540,61,31,0.163094
149,0,72,0.580645,0.220895,9.939400,52,27,0.432061
149,1,68,0.548387,0.181178,9.129372,56,33,0.354378
149,2,68,0.548387,0.177525,8.775895,56,28,0.347232
149,3,65,0.524194,0.177309,8.556733,59,26,0.346809
149,4,55,0.443548,0.110757,7.174222,69,43,0.216637
149,5,67,0.540323,0.181473,9.373052,57,32,0.354953
149,6,61,0.491935,0.085041,8.148746,63,30,0.166337
149,7,59,0.475806,0.131228,7.735732,65,39,0.256677
149,8,61,0.491935,0.163874,7.814184,63,31,0.320530
149,9,67,0.540323,0.201449,8.711279,57,25,0.394027
149,10,61,0.491935,0.124780,7.762565,63,43,0.244065
149,11,63,0.508065,0.118909,8.046879,61,33,0.232580
149,12,64,0.516129,0.169577,8.118941,60,30,0.331686
149,13,60,0.483871,0.166778,7.738698,64,35,0.876211
149,14,60,0.483871,0.087833,7.927322,64,32,0.171797
149,15,62,0.500000,0.109667,8.212677,62,36,0.214505
149,16,71,0.572581,0.211177,9.255466,53,27,0.963055
149,17,73,0.588710,0.199215,9.392939,51,30,0.389657
149,18,65,0.524194,0.164804,8.250745,59,32,0.872350
149,19,58,0.467742,0.112906,7.249861,66,39,0.220839
149,20,65,0.524194,0.194389,8.713544,59,32,0.930216
149,21,60,0.483871,0.107061,7.868797,64,36,0.209407
149,22,66,0.532258,0.143354,8.483020,58,32,0.280395
149,23,75,0.604839,0.146131,9.298672,49,29,0.285827
149,24,61,0.491935,0.132196,7.959064,63,33,0.258570
149,25,74,0.596774,0.161577,9.450480,50,29,0.316038
149,26,56,0.451613,0.131429,7.522744,68,47,0.257070
149,27,68,0.548387,0.123406,8.433609,56,27,0.791376
149,28,57,0.459677,0.040464,7.216264,67,35,0.079146
149,29,64,0.516129,0.148535,7.937058,60,32,0.290528
149,30,57,0.459677,0.096718,7.200003,67,46,0.189176
149,31,56,0.451613,0.017960,7.036197,68,49,0.035130
149,32,73,0.588710,0.181751,9.535950,51,29,0.355499
149,33,62,0.500000,0.124762,8.141811,62,35,0.244029
149,34,62,0.500000,0.174411,8.149413,62,33,0.341140
149,35,65,0.524194,0.130156,7.811689,59,28,0.254580
149,36,60,0.483871,0.144045,7.896834,64,37,0.281746
149,37,64,0.516129,0.115161,8.098780,60,29,0.225251
149,38,54,0.435484,0.099130,7.177737,70,57,0.193895
149,39,68,0.548387,0.214772,8.754534,56,31,0.420086
149,40,54,0.435484,0.112394,6.902227,70,58,0.219839
149,41,56,0.451613,0.086086,6.948319,68,39,0.168380
149,42,57,0.459677,0.088380,7.020698,67,39,0.172868
149,43,63,0.508065,0.114009,8.152422,61,31,0.222998
149,44,64,0.516129,0.148255,8.576186,60,32,0.289981
149,45,65,0.524194,0.161405,8.739694,59,37,0.315702
149,46,67,0.540323,0.172710,8.705166,57,30,0.337814
149,47,70,0.564516,0.064100,8.703773,54,28,0.125377
149,48,61,0.491935,0.133690,7.798304,63,34,0.261493
149,49,60,0.483871,0.087481,7.808602,64,33,0.171109
149,50,66,0.532258,0.176616,8.242790,58,31,0.345454
149,51,60,0.483871,0.069027,7.316738,64,34,0.135015
149,52,58,0.467742,0.091479,7.134122,66,36,0.178929
149,53,73,0.588710,0.183056,9.477000,51,30,0.358050
149,54,59,0.475806,0.106539,7.385245,65,38,0.208386
149,55,67,0.540323,0.146327,8.864226,57,27,0.286210
149,56,67,0.540323,0.070058,8.762965,57,29,0.137031
149,57,69,0.556452,0.177456,8.923956,55,29,0.347097
149,58,69,0.556452,0.145936,8.796845,55,29,0.285445
149,59,64,0.516129,0.142012,8.382649,60,35,0.277770
149,60,61,0.491935,0.166050,8.132755,63,31,0.324788
149,61,60,0.483871,0.127377,7.970918,64,38,0.249144
149,62,57,0.459677,0.017507,6.980575,67,44,0.034244
149,63,61,0.491935,0.144251,8.113228,63,38,0.282149
149,64,67,0.540323,0.166131,8.511803,57,36,0.324946
149,65,68,0.548387,0.064832,8.308479,56,31,0.126808
149,66,59,0.475806,0.113957,7.690387,65,35,0.222896
149,67,62,0.500000,0.106836,7.783650,62,34,0.208968
149,68,55,0.443548,0.100376,7.289622,69,49,0.196331
149,69,54,0.435484,0.061291,6.618527,70,56,0.119883
149,70,56,0.451613,0.055061,7.555673,68,34,0.107697
149,71,59,0.475806,0.175415,7.820107,65,35,0.343106
149,72,58,0.467742,0.129723,7.441117,66,37,0.253734
149,73,58,0.467742,0.092394,7.700798,66,51,0.180719
149,74,55,0.443548,0.126481,7.320271,69,48,0.247392
149,75,51,0.411290,0.005505,6.574837,73,68,0.010768
149,76,56,0.451613,0.137147,7.066671,68,37,0.268254
149,77,64,0.516129,0.113655,7.975455,60,26,0.222304
149,78,69,0.556452,0.096047,8.773077,55,28,0.187865
149,79,63,0.508065,0.079583,8.413917,61,30,0.155660
149,80,59,0.475806,0.076486,7.314617,65,43,0.149603
149,81,61,0.491935,0.129008,7.980159,63,33,0.252334
149,82,62,0.500000,0.158127,8.164834,62,36,0.309290
149,83,67,0.540323,0.207380,8.942613,57,34,0.405627
149,84,67,0.540323,0.159366,8.738942,57,29,0.311714
149,85,57,0.459677,0.107291,7.366904,67,47,0.209857
149,86,64,0.516129,0.147454,8.787849,60,29,0.288415
149,87,53,0.427419,0.030654,6.619018,71,66,0.059958
149,88,55,0.443548,0.080847,7.376183,69,41,0.158133
149,89,56,0.451613,0.069114,7.138439,68,39,0.135183
149,90,66,0.532258,0.138669,8.414118,58,33,0.271231
149,91,60,0.483871,0.141672,7.600932,64,40,0.277104
149,92,69,0.556452,0.111872,9.040601,55,35,0.218818
149,93,63,0.508065,0.148995,7.679704,61,34,0.291428
149,94,60,0.483871,0.133031,7.617688,64,39,0.260204
149,95,59,0.475806,0.139101,7.783359,65,43,0.822076
149,96,53,0.427419,0.092144,7.035904,71,46,0.180231
149,97,66,0.532258,0.133690,8.817977,58,35,0.261493
149,98,60,0.483871,0.095713,7.231903,64,34,0.737211
149,99,72,0.580645,0.224719,9.500385,52,28,0.439542
149,100,61,0.491935,0.068125,7.650816,63,29,0.133250
149,101,64,0.516129,0.073546,8.210709,60,26,0.143854
149,102,69,0.556452,0.230066,8.950360,55,33,0.450000
149,103,64,0.516129,0.157006,8.647710,60,32,0.307098
149,104,58,0.467742,0.113050,7.420769,66,36,0.221122
149,105,68,0.548387,0.151091,8.767625,56,36,0.295527
149,106,53,0.427419,0.000000,6.854315,71,83,0.000000
149,107,64,0.516129,0.074836,8.181775,60,28,0.146376
149,108,61,0.491935,0.106815,7.611132,63,34,0.208925
149,109,63,0.508065,0.100213,8.127013,61,33,0.196014
149,110,57,0.459677,0.141223,7.270889,67,42,0.276227
149,111,62,0.500000,0.158842,7.856297,62,34,0.310689
149,112,61,0.491935,0.099852,7.483435,63,39,0.195307
149,113,70,0.564516,0.181916,8.956346,54,29,0.355822
149,114,64,0.516129,0.072704,7.973392,60,31,0.142205
149,115,58,0.467742,0.168480,7.800076,66,41,0.329540
149,116,51,0.411290,0.099861,7.069325,73,69,0.195324
149,117,63,0.508065,0.115765,8.184949,61,32,0.226432
149,118,56,0.451613,0.100980,7.153723,68,44,0.197514
149,119,60,0.483871,0.134751,8.247110,64,32,0.263567
149,120,60,0.483871,0.127068,8.006562,64,40,0.248541
149,121,65,0.524194,0.094796,8.150943,59,28,0.185418
149,122,71,0.572581,0.224127,9.607209,53,30,0.438383
149,123,58,0.467742,0.166562,7.557180,66,40,0.325788
149,124,63,0.508065,0.073790,7.564814,61,31,0.144330
